date,mean_corr,curv_summary,eta,entropy,dominance,h1_count,v_raw,Oh,phi,phi_c,eta_ref,Xi_c,Oh_pre
1998-02-04,0.4499053054215377,2.5,0.3921568627450981,0.0,0.0,0,0.0,0.6172839506182098,1e-06,0.4140421122927435,0.3278688524590164,1.3544262295027114,0.7383200193665094
1998-02-05,0.45717290492453255,3.0,0.3278688524590164,0.0,0.0,0,0.0,0.7383200193665094,1e-06,0.4140421122927435,0.3278688524590164,1.3544262295027114,0.7383200193665094
1998-02-06,0.42960968411211975,3.0,0.3278688524590164,0.0,0.0,0,0.0,0.7383200193665094,1e-06,0.4140421122927435,0.3278688524590164,1.3544262295027114,0.7383200193665094
1998-02-09,0.4553486220498486,3.0,0.3278688524590164,0.0,0.0,0,0.0,0.7383200193665094,1e-06,0.4140421122927435,0.3278688524590164,1.3544262295027114,0.7383200193665094
1998-02-10,0.44026993294861255,3.0,0.3278688524590164,0.0,0.0,0,0.0,0.7383200193665094,1e-06,0.4140421122927435,0.3278688524590164,1.3544262295027114,0.7383200193665094
1998-02-11,0.373671275821786,3.0,0.3278688524590164,0.0,0.0,0,0.0,0.7383200193665094,1e-06,0.4140421122927435,0.3278688524590164,1.3544262295027114,0.7383200193665094
1998-02-12,0.3622687616697601,3.0,0.3278688524590164,0.0,0.0,0,0.0,0.7383200193665094,1e-06,0.4140421122927435,0.3278688524590164,1.3544262295027114,0.7383200193665094
1998-02-13,0.3667855592786489,3.0,0.3278688524590164,0.0,0.0,0,0.0,0.7383200193665094,1e-06,0.4140421122927435,0.3278688524590164,1.3544262295027114,0.7383200193665094
1998-02-17,0.3496987633354591,3.0,0.3278688524590164,0.0,0.0,0,0.0,0.7383200193665094,1e-06,0.4140421122927435,0.3278688524590164,1.3544262295027114,0.7383200193665094
1998-02-18,0.3785094323964339,3.0,0.3278688524590164,0.0,0.0,0,0.0,0.7383200193665094,1e-06,0.4140421122927435,0.3278688524590164,1.3544262295027114,0.7383200193665094
1998-02-19,0.3559891656655707,3.0,0.3278688524590164,0.0,0.0,0,0.0,0.7383200193665094,1e-06,0.4140421122927435,0.3278688524590164,1.3544262295027114,0.7383200193665094
1998-02-20,0.3262064171055417,3.0,0.3278688524590164,0.0,0.0,0,0.0,0.7383200193665094,1e-06,0.4140421122927435,0.3278688524590164,1.3544262295027114,0.7383200193665094
1998-02-23,0.27927372454010907,3.0,0.3278688524590164,0.0,0.0,0,0.0,0.7383200193665094,1e-06,0.4140421122927435,0.3278688524590164,1.3544262295027114,0.7383200193665094
1998-02-24,0.2697441402735099,3.0,0.3278688524590164,0.0,0.0,0,0.0,0.7383200193665094,1e-06,0.4140421122927435,0.3278688524590164,1.3544262295027114,0.7383200193665094
1998-02-25,0.2522864954089112,2.5,0.3921568627450981,0.0,0.0,0,0.0,0.6172839506182098,1e-06,0.4140421122927435,0.3278688524590164,1.3544262295027114,0.7383200193665094
1998-02-26,0.26616579376183747,3.0,0.3278688524590164,0.0,0.0,0,0.0,0.7383200193665094,1e-06,0.4140421122927435,0.3278688524590164,1.3544262295027114,0.7383200193665094
1998-02-27,0.24828277576606897,2.0,0.48780487804878053,0.3622105571392782,0.8823529411684069,2,0.04261300672518877,0.4962478818697894,1e-06,0.4140421122927435,0.3278688524590164,1.3544262295027114,0.7383200193665094
1998-03-02,0.24337706652454236,1.5,0.6451612903225806,0.4660624794539418,0.8234883662917318,2,0.08226544965854143,0.37521181312124796,1e-06,0.4140421122927435,0.3278688524590164,1.3544262295027114,0.7383200193665094
1998-03-03,0.25306159838648695,1.0,0.9523809523809523,2.1186719045583622e-11,0.9999999999778133,1,4.700633142806144e-22,0.25417574437258533,1e-06,0.4140421122927435,0.3278688524590164,1.3544262295027114,0.7383200193665094
1998-03-04,0.2797308458409975,1.0,0.9523809523809523,2.5631607946864406e-11,0.9999999999733684,1,6.826103668824464e-22,0.25417574437258533,1e-06,0.4140421122927435,0.3278688524590164,1.3544262295027114,0.7383200193665094
1998-03-05,0.23437533930669235,1.0,0.9523809523809523,4.560518629295435e-11,0.9999999999533948,1,2.1254371942923637e-21,0.25417574437258533,1e-06,0.4140421122927435,0.3278688524590164,1.3544262295027114,0.7383200193665094
1998-03-06,0.23754386309203454,2.0,0.48780487804878053,2.018418765436885e-11,0.9999999999788158,1,4.275851724167135e-22,0.4962478818697894,1e-06,0.4140421122927435,0.3278688524590164,1.3544262295027114,0.7383200193665094
1998-03-09,0.24805955376670236,2.0,0.48780487804878053,2.1192936294521388e-11,0.9999999999778071,1,4.703330162591665e-22,0.4962478818697894,1e-06,0.4140421122927435,0.3278688524590164,1.3544262295027114,0.7383200193665094
1998-03-10,0.25279202681445734,2.0,0.48780487804878053,0.0,0.0,0,0.0,0.4962478818697894,1e-06,0.4140421122927435,0.3278688524590164,1.3544262295027114,0.7383200193665094
1998-03-11,0.24900030781144233,2.0,0.48780487804878053,0.0,0.0,0,0.0,0.4962478818697894,1e-06,0.4140421122927435,0.3278688524590164,1.3544262295027114,0.7383200193665094
1998-03-12,0.23702941327447255,2.0,0.48780487804878053,1.0950129691807017e-11,0.9999999999880499,1,1.3085522772427272e-22,0.4962478818697894,1e-06,0.4140421122927435,0.3278688524590164,1.3544262295027114,0.7383200193665094
1998-03-13,0.2269447153636877,1.0,0.9523809523809523,8.138378859670992e-12,0.9999999999908616,1,7.437140928860709e-23,0.25417574437258533,1e-06,0.4140421122927435,0.3278688524590164,1.3544262295027114,0.7383200193665094
1998-03-16,0.2396042297623325,2.0,0.48780487804878053,1.2128298365524459e-11,0.9999999999868717,1,1.5922365131092483e-22,0.4962478818697894,1e-06,0.4140421122927435,0.3278688524590164,1.3544262295027114,0.7383200193665094
1998-03-17,0.2350202761665212,2.0,0.48780487804878053,0.26063709953818737,0.9272727272648699,2,0.018955425423007013,0.4962478818697894,1e-06,0.4140421122927435,0.3278688524590164,1.3544262295027114,0.7383200193665094
1998-03-18,0.21962989579590367,1.0,0.9523809523809523,1.1596057447526006e-11,0.999999999987404,1,1.4606434925002609e-22,0.25417574437258533,1e-06,0.4140421122927435,0.3278688524590164,1.3544262295027114,0.7383200193665094
1998-03-19,0.217542733945896,2.0,0.48780487804878053,7.71138708440397e-12,0.9999999999912886,1,6.717670726105823e-23,0.4962478818697894,1e-06,0.4140421122927435,0.3278688524590164,1.3544262295027114,0.7383200193665094
1998-03-20,0.1706693701555362,2.0,0.48780487804878053,4.548250664966987e-12,0.9999999999944518,1,2.5234734161279106e-23,0.4962478818697894,1e-06,0.4140421122927435,0.3278688524590164,1.3544262295027114,0.7383200193665094
1998-03-23,0.15005133206714238,1.0,0.9523809523809523,6.517009154521916e-12,0.999999999992483,1,4.89882733073727e-23,0.25417574437258533,1e-06,0.4140421122927435,0.3278688524590164,1.3544262295027114,0.7383200193665094
1998-03-24,0.15617574954384691,1.0,0.9523809523809523,4.8423487441885165e-12,0.9999999999941577,1,2.829058298352919e-23,0.25417574437258533,1e-06,0.4140421122927435,0.3278688524590164,1.3544262295027114,0.7383200193665094
1998-03-25,0.16704805411460552,1.0,0.9523809523809523,0.0,0.0,0,0.0,0.25417574437258533,1e-06,0.4140421122927435,0.3278688524590164,1.3544262295027114,0.7383200193665094
1998-03-26,0.16440633507423957,1.0,0.9523809523809523,0.0,0.0,0,0.0,0.25417574437258533,1e-06,0.4140421122927435,0.3278688524590164,1.3544262295027114,0.7383200193665094
1998-03-27,0.16574375667098376,2.0,0.48780487804878053,1.334565791200922e-11,0.9999999999856544,1,1.9145194778884092e-22,0.4962478818697894,1e-06,0.4140421122927435,0.3278688524590164,1.3544262295027114,0.7383200193665094
1998-03-30,0.16593829512896024,2.0,0.48780487804878053,4.0506487053326294e-12,0.9999999999949494,1,2.0458314032078203e-23,0.4962478818697894,1e-06,0.4140421122927435,0.3278688524590164,1.3544262295027114,0.7383200193665094
1998-03-31,0.1670100499717994,2.0,0.48780487804878053,7.320033468226933e-12,0.99999999999168,1,6.090276151270739e-23,0.4962478818697894,1e-06,0.4140421122927435,0.3278688524590164,1.3544262295027114,0.7383200193665094
1998-04-01,0.16730221852733532,2.0,0.48780487804878053,3.556199779031035e-11,0.999999999963438,1,1.3002168979595379e-21,0.4962478818697894,1e-06,0.4140421122927435,0.3278688524590164,1.3544262295027114,0.7383200193665094
1998-04-02,0.1590968070226091,2.0,0.48780487804878053,0.0,0.0,0,0.0,0.4962478818697894,1e-06,0.4140421122927435,0.3278688524590164,1.3544262295027114,0.7383200193665094
1998-04-03,0.1342319115438054,3.0,0.3278688524590164,0.25097461907211965,0.9310268694023948,2,0.017310505177945534,0.7383200193665094,1e-06,0.4140421122927435,0.3278688524590164,1.3544262295027114,0.7383200193665094
1998-04-06,0.1407303883938894,2.0,0.48780487804878053,3.228950440303953e-11,0.9999999999667105,1,1.074900884715445e-21,0.4962478818697894,1e-06,0.4140421122927435,0.3278688524590164,1.3544262295027114,0.7383200193665094
1998-04-07,0.12929276140048518,1.0,0.9523809523809523,0.0,0.0,0,0.0,0.25417574437258533,1e-06,0.4140421122927435,0.3278688524590164,1.3544262295027114,0.7383200193665094
1998-04-08,0.1576166297189332,1.0,0.9523809523809523,0.0,0.0,0,0.0,0.25417574437258533,1e-06,0.4140421122927435,0.3278688524590164,1.3544262295027114,0.7383200193665094
1998-04-09,0.15972582109218103,1.5,0.6451612903225806,0.0,0.0,0,0.0,0.37521181312124796,1e-06,0.4140421122927435,0.3278688524590164,1.3544262295027114,0.7383200193665094
1998-04-13,0.15529822557469433,2.0,0.48780487804878053,3.352240707184397e-11,0.9999999999654776,1,1.1572734414089106e-21,0.4962478818697894,1e-06,0.4140421122927435,0.3278688524590164,1.3544262295027114,0.7383200193665094
1998-04-14,0.15653963451074007,1.0,0.9523809523809523,1.8997914350957151e-10,0.9999999998090209,1,3.628204991293896e-20,0.25417574437258533,1e-06,0.4140421122927435,0.3278688524590164,1.3544262295027114,0.7383200193665094
1998-04-15,0.15790669560507134,1.0,0.9523809523809523,1.2934542325996339e-11,0.9999999999860655,1,1.8023664137591116e-22,0.25417574437258533,1e-06,0.4140421122927435,0.3278688524590164,1.3544262295027114,0.7383200193665094
1998-04-16,0.15641923268086844,1.0,0.9523809523809523,0.0,0.0,0,0.0,0.25417574437258533,1e-06,0.4140421122927435,0.3278688524590164,1.3544262295027114,0.7383200193665094
1998-04-17,0.1852144148566664,2.0,0.48780487804878053,1.6842593984719745e-10,0.9999999998305741,1,2.853571942980473e-20,0.4962478818697894,1e-06,0.4140421122927435,0.3278688524590164,1.3544262295027114,0.7383200193665094
1998-04-20,0.17050472622808788,1.0,0.9523809523809523,3.7034375565513315e-11,0.9999999999619656,1,1.4085785298556805e-21,0.25417574437258533,1e-06,0.4140421122927435,0.3278688524590164,1.3544262295027114,0.7383200193665094
1998-04-21,0.1668476965950425,2.0,0.48780487804878053,0.0,0.0,0,0.0,0.4962478818697894,1e-06,0.4140421122927435,0.3278688524590164,1.3544262295027114,0.7383200193665094
1998-04-22,0.1629946244274095,1.0,0.9523809523809523,1.155132656126397e-10,0.9999999998834868,1,1.3458825243540766e-20,0.25417574437258533,1e-06,0.4140421122927435,0.3278688524590164,1.3544262295027114,0.7383200193665094
1998-04-23,0.1669822800297901,1.0,0.9523809523809523,0.0,0.0,0,0.0,0.25417574437258533,1e-06,0.4140421122927435,0.3278688524590164,1.3544262295027114,0.7383200193665094
1998-04-24,0.1986140335710559,1.5,0.6451612903225806,4.805811304344384e-11,0.9999999999509419,1,2.357639279269551e-21,0.37521181312124796,1e-06,0.4140421122927435,0.3278688524590164,1.3544262295027114,0.7383200193665094
1998-04-27,0.2115968407533587,2.0,0.48780487804878053,0.0,0.0,0,0.0,0.4962478818697894,1e-06,0.4140421122927435,0.3278688524590164,1.3544262295027114,0.7383200193665094
1998-04-28,0.2131977446507639,2.0,0.48780487804878053,0.0,0.0,0,0.0,0.4962478818697894,1e-06,0.4140421122927435,0.3278688524590164,1.3544262295027114,0.7383200193665094
1998-04-29,0.2203668738418943,3.0,0.3278688524590164,0.0,0.0,0,0.0,0.7383200193665094,1e-06,0.4140421122927435,0.3278688524590164,1.3544262295027114,0.7383200193665094
1998-04-30,0.23731575008409658,2.0,0.48780487804878053,8.373690629422583e-11,0.9999999999152631,1,7.095604529918366e-21,0.4962478818697894,1e-06,0.4140421122927435,0.3278688524590164,1.3544262295027114,0.7383200193665094
1998-05-01,0.2378619673540419,2.0,0.48780487804878053,3.628419786780235e-11,0.9999999999627158,1,1.3528264101339662e-21,0.4962478818697894,1e-06,0.4140421122927435,0.3278688524590164,1.3544262295027114,0.7383200193665094
1998-05-04,0.23517632565063398,2.0,0.48780487804878053,2.018418765436885e-11,0.9999999999788158,1,4.275851724167135e-22,0.4962478818697894,1e-06,0.4140421122927435,0.3278688524590164,1.3544262295027114,0.7383200193665094
1998-05-05,0.23476669575483805,2.5,0.3921568627450981,1.8542112288283305e-10,0.9999999998135789,1,3.4566409835401184e-20,0.6172839506182098,1e-06,0.4140421122927435,0.3278688524590164,1.3544262295027114,0.7383200193665094
1998-05-06,0.2411647246034598,3.0,0.3278688524590164,9.221057250662094e-11,0.9999999999067894,1,8.594998215049467e-21,0.7383200193665094,1e-06,0.4140421122927435,0.3278688524590164,1.3544262295027114,0.7383200193665094
1998-05-07,0.2507433401643149,3.0,0.3278688524590164,1.543071226230293e-10,0.9999999998446929,1,2.396499180314354e-20,0.7383200193665094,1e-06,0.4140421122927435,0.3278688524590164,1.3544262295027114,0.7383200193665094
1998-05-08,0.2793373635660502,2.5,0.3921568627450981,0.0,0.0,0,0.0,0.6172839506182098,1e-06,0.4140421122927435,0.3278688524590164,1.3544262295027114,0.7383200193665094
1998-05-11,0.2560075304451347,2.0,0.48780487804878053,9.296674541251162e-12,0.9999999999897033,1,9.572462640925458e-23,0.4962478818697894,1e-06,0.4140421122927435,0.3278688524590164,1.3544262295027114,0.7383200193665094
1998-05-12,0.24431998374880615,2.0,0.48780487804878053,8.808953566538234e-12,0.9999999999901911,1,8.640642163517892e-23,0.4962478818697894,1e-06,0.4140421122927435,0.3278688524590164,1.3544262295027114,0.7383200193665094
1998-05-13,0.24915732237567426,3.0,0.3278688524590164,0.0,0.0,0,0.0,0.7383200193665094,1e-06,0.4140421122927435,0.3278688524590164,1.3544262295027114,0.7383200193665094
1998-05-14,0.25503860166365105,3.0,0.3278688524590164,0.0,0.0,0,0.0,0.7383200193665094,1e-06,0.4140421122927435,0.3278688524590164,1.3544262295027114,0.7383200193665094
1998-05-15,0.2726348007738487,2.0,0.48780487804878053,0.0,0.0,0,0.0,0.4962478818697894,1e-06,0.4140421122927435,0.3278688524590164,1.3544262295027114,0.7383200193665094
1998-05-18,0.27295577958798306,3.0,0.3278688524590164,0.0,0.0,0,0.0,0.7383200193665094,1e-06,0.4140421122927435,0.3278688524590164,1.3544262295027114,0.7383200193665094
1998-05-19,0.24245665472322414,3.0,0.3278688524590164,0.0,0.0,0,0.0,0.7383200193665094,1e-06,0.4140421122927435,0.3278688524590164,1.3544262295027114,0.7383200193665094
1998-05-20,0.23099441544645574,3.0,0.3278688524590164,0.0,0.0,0,0.0,0.7383200193665094,1e-06,0.4140421122927435,0.3278688524590164,1.3544262295027114,0.7383200193665094
1998-05-21,0.22032212985273547,3.0,0.3278688524590164,0.0,0.0,0,0.0,0.7383200193665094,1e-06,0.4140421122927435,0.3278688524590164,1.3544262295027114,0.7383200193665094
1998-05-22,0.23546937433962833,3.0,0.3278688524590164,0.0,0.0,0,0.0,0.7383200193665094,1e-06,0.4140421122927435,0.3278688524590164,1.3544262295027114,0.7383200193665094
1998-05-26,0.3066030295226688,3.0,0.3278688524590164,0.0,0.0,0,0.0,0.7383200193665094,1e-06,0.4140421122927435,0.3278688524590164,1.3544262295027114,0.7383200193665094
1998-05-27,0.2899224255823208,3.0,0.3278688524590164,0.0,0.0,0,0.0,0.7383200193665094,1e-06,0.4140421122927435,0.3278688524590164,1.3544262295027114,0.7383200193665094
1998-05-28,0.30855622649379333,3.0,0.3278688524590164,0.0,0.0,0,0.0,0.7383200193665094,1e-06,0.4140421122927435,0.3278688524590164,1.3544262295027114,0.7383200193665094
1998-05-29,0.3450439266135809,3.0,0.3278688524590164,0.0,0.0,0,0.0,0.7383200193665094,1e-06,0.4140421122927435,0.3278688524590164,1.3544262295027114,0.7383200193665094
1998-06-01,0.3241120540821531,3.0,0.3278688524590164,0.0,0.0,0,0.0,0.7383200193665094,1e-06,0.4140421122927435,0.3278688524590164,1.3544262295027114,0.7383200193665094
1998-06-02,0.29570695583442214,2.0,0.48780487804878053,0.0,0.0,0,0.0,0.4962478818697894,1e-06,0.4140421122927435,0.3278688524590164,1.3544262295027114,0.7383200193665094
1998-06-03,0.3459637199796341,3.0,0.3278688524590164,2.812827748457185e-11,0.9999999999708717,1,8.193276494996802e-22,0.7383200193665094,1e-06,0.4140421122927435,0.3278688524590164,1.3544262295027114,0.7383200193665094
1998-06-04,0.39440531800215606,2.0,0.48780487804878053,0.5788586438430477,0.7343749999893054,2,0.1537593272770002,0.4962478818697894,1e-06,0.4140421122927435,0.3278688524590164,1.3544262295027114,0.7383200193665094
1998-06-05,0.43253991068220315,2.0,0.48780487804878053,0.0,0.0,0,0.0,0.4962478818697894,1e-06,0.4140421122927435,0.3278688524590164,1.3544262295027114,0.7383200193665094
1998-06-08,0.4232939787485243,3.0,0.3278688524590164,0.0,0.0,0,0.0,0.7383200193665094,1e-06,0.4140421122927435,0.3278688524590164,1.3544262295027114,0.7383200193665094
1998-06-09,0.4111416251732458,2.5,0.3921568627450981,0.0,0.0,0,0.0,0.6172839506182098,1e-06,0.4140421122927435,0.3278688524590164,1.3544262295027114,0.7383200193665094
1998-06-10,0.3806924695857502,3.0,0.3278688524590164,0.0,0.0,0,0.0,0.7383200193665094,1e-06,0.4140421122927435,0.3278688524590164,1.3544262295027114,0.7383200193665094
1998-06-11,0.4117853292952107,4.0,0.2469135802469136,0.0,0.0,0,0.0,0.9803921568627451,0.1620731074962357,0.4140421122927435,0.3278688524590164,1.3544262295027114,0.7383200193665094
1998-06-12,0.4176761973204661,4.0,0.2469135802469136,0.0,0.0,0,0.0,0.9803921568627451,0.31928305176758437,0.4140421122927435,0.3278688524590164,1.3544262295027114,0.7383200193665094
1998-06-15,0.4763508033468508,3.0,0.3278688524590164,0.0,0.0,0,0.0,0.7383200193665094,0.30970456021455683,0.4140421122927435,0.3278688524590164,1.3544262295027114,0.7383200193665094
1998-06-16,0.49041476310251025,3.0,0.3278688524590164,0.0,0.0,0,0.0,0.7383200193665094,0.3004134234081201,0.4140421122927435,0.3278688524590164,1.3544262295027114,0.7383200193665094
1998-06-17,0.5200446588984139,3.0,0.3278688524590164,0.0,0.0,0,0.0,0.7383200193665094,0.2914010207058765,0.4140421122927435,0.3278688524590164,1.3544262295027114,0.7383200193665094
1998-06-18,0.5341866433961296,3.0,0.3278688524590164,0.0,0.0,0,0.0,0.7383200193665094,0.2826589900847002,0.4140421122927435,0.3278688524590164,1.3544262295027114,0.7383200193665094
1998-06-19,0.5329382475232278,3.0,0.3278688524590164,0.0,0.0,0,0.0,0.7383200193665094,0.2741792203821592,0.4140421122927435,0.3278688524590164,1.3544262295027114,0.7383200193665094
1998-06-22,0.5518787536574097,1.0,0.9523809523809523,0.0,0.0,0,0.0,0.25417574437258533,0.2659538437706944,0.4140421122927435,0.3278688524590164,1.3544262295027114,0.7383200193665094
1998-06-23,0.588511370052872,3.0,0.3278688524590164,4.6505266293703776e-10,0.9999999995339474,1,2.167390217305079e-19,0.7383200193665094,0.2579752284575736,0.4140421122927435,0.3278688524590164,1.3544262295027114,0.7383200193665094
1998-06-24,0.5810014886299472,3.0,0.3278688524590164,0.0,0.0,0,0.0,0.7383200193665094,0.25023597160384636,0.4140421122927435,0.3278688524590164,1.3544262295027114,0.7383200193665094
1998-06-25,0.5585693752887428,2.0,0.48780487804878053,0.0,0.0,0,0.0,0.4962478818697894,0.24272889245573095,0.4140421122927435,0.3278688524590164,1.3544262295027114,0.7383200193665094
1998-06-26,0.5619829577537088,1.0,0.9523809523809523,7.070044549549201e-11,0.9999999999282996,1,5.069251874922759e-21,0.25417574437258533,0.23544702568205902,0.4140421122927435,0.3278688524590164,1.3544262295027114,0.7383200193665094
1998-06-29,0.5479385041835636,3.0,0.3278688524590164,0.0,0.0,0,0.0,0.7383200193665094,0.22838361491159725,0.4140421122927435,0.3278688524590164,1.3544262295027114,0.7383200193665094
1998-06-30,0.5237118217750628,2.0,0.48780487804878053,0.0,0.0,0,0.0,0.4962478818697894,0.22153210646424934,0.4140421122927435,0.3278688524590164,1.3544262295027114,0.7383200193665094
1998-07-01,0.5171577434423285,3.0,0.3278688524590164,0.0,0.0,0,0.0,0.7383200193665094,0.21488614327032185,0.4140421122927435,0.3278688524590164,1.3544262295027114,0.7383200193665094
1998-07-02,0.5303049124788256,3.0,0.3278688524590164,0.0,0.0,0,0.0,0.7383200193665094,0.2084395589722122,0.4140421122927435,0.3278688524590164,1.3544262295027114,0.7383200193665094
1998-07-06,0.5133735434525948,3.0,0.3278688524590164,0.0,0.0,0,0.0,0.7383200193665094,0.20218637220304583,0.4140421122927435,0.3278688524590164,1.3544262295027114,0.7383200193665094
1998-07-07,0.4703428982085109,3.0,0.3278688524590164,0.0,0.0,0,0.0,0.7383200193665094,0.19612078103695446,0.4140421122927435,0.3278688524590164,1.3544262295027114,0.7383200193665094
1998-07-08,0.438079667368205,2.0,0.48780487804878053,0.0,0.0,0,0.0,0.4962478818697894,0.19023715760584584,0.4140421122927435,0.3278688524590164,1.3544262295027114,0.7383200193665094
1998-07-09,0.4382747292233459,3.0,0.3278688524590164,0.0,0.0,0,0.0,0.7383200193665094,0.18453004287767047,0.4140421122927435,0.3278688524590164,1.3544262295027114,0.7383200193665094
1998-07-10,0.4424685591088754,3.0,0.3278688524590164,0.0,0.0,0,0.0,0.7383200193665094,0.17899414159134036,0.4140421122927435,0.3278688524590164,1.3544262295027114,0.7383200193665094
1998-07-13,0.4474621426004825,3.0,0.3278688524590164,0.0,0.0,0,0.0,0.7383200193665094,0.17362431734360015,0.4140421122927435,0.3278688524590164,1.3544262295027114,0.7383200193665094
1998-07-14,0.40985421692931573,3.0,0.3278688524590164,1.8542112288283305e-10,0.9999999998135789,1,3.4566409835401184e-20,0.7383200193665094,0.16841558782329213,0.4140421122927435,0.3278688524590164,1.3544262295027114,0.7383200193665094
1998-07-15,0.4259858323494687,2.0,0.48780487804878053,0.0,0.0,0,0.0,0.4962478818697894,0.16336312018859336,0.4140421122927435,0.3278688524590164,1.3544262295027114,0.7383200193665094
1998-07-16,0.3547102304809815,3.0,0.3278688524590164,0.0,0.0,0,0.0,0.7383200193665094,0.15846222658293554,0.4140421122927435,0.3278688524590164,1.3544262295027114,0.7383200193665094
1998-07-17,0.33797392330989173,3.0,0.3278688524590164,0.0,0.0,0,0.0,0.7383200193665094,0.15370835978544747,0.4140421122927435,0.3278688524590164,1.3544262295027114,0.7383200193665094
1998-07-20,0.289618089420461,3.0,0.3278688524590164,0.0,0.0,0,0.0,0.7383200193665094,0.14909710899188405,0.4140421122927435,0.3278688524590164,1.3544262295027114,0.7383200193665094
1998-07-21,0.27030696576151125,3.0,0.3278688524590164,0.0,0.0,0,0.0,0.7383200193665094,0.14462419572212754,0.4140421122927435,0.3278688524590164,1.3544262295027114,0.7383200193665094
1998-07-22,0.24008563531409666,3.0,0.3278688524590164,4.236611061956387e-12,0.9999999999947634,1,2.2185390631179402e-23,0.7383200193665094,0.1402854698504637,0.4140421122927435,0.3278688524590164,1.3544262295027114,0.7383200193665094
1998-07-23,0.32019085213320503,3.0,0.3278688524590164,0.06112470688459878,0.9888715824102668,2,0.0006802212632618522,0.7383200193665094,0.13607690575494977,0.4140421122927435,0.3278688524590164,1.3544262295027114,0.7383200193665094
1998-07-24,0.2760257463124239,2.0,0.48780487804878053,0.5513791404716577,0.7597402597356613,2,0.1324742090768948,0.4962478818697894,0.13199459858230128,0.4140421122927435,0.3278688524590164,1.3544262295027114,0.7383200193665094
1998-07-27,0.2632868353202073,3.0,0.3278688524590164,1.0651368675883913e-11,0.9999999999883487,1,1.2410278771960583e-22,0.7383200193665094,0.12803476062483224,0.4140421122927435,0.3278688524590164,1.3544262295027114,0.7383200193665094
1998-07-28,0.2836038525543754,3.0,0.3278688524590164,1.1768697127853027e-11,0.9999999999872313,1,1.5027066887211854e-22,0.7383200193665094,0.12419371780608726,0.4140421122927435,0.3278688524590164,1.3544262295027114,0.7383200193665094
1998-07-29,0.2705633146691112,2.5,0.3921568627450981,0.5382674532308239,0.7708333333258495,2,0.12335295803609214,0.6172839506182098,0.12046790627190464,0.4140421122927435,0.3278688524590164,1.3544262295027114,0.7383200193665094
1998-07-30,0.3078806529951231,2.0,0.48780487804878053,0.5730569171373795,0.739999999986205,2,0.14899479846362398,0.4962478818697894,0.1168538690837475,0.4140421122927435,0.3278688524590164,1.3544262295027114,0.7383200193665094
1998-07-31,0.3639730998225693,1.5,0.6451612903225806,0.6528257939226456,0.6410256410103203,2,0.23434772090531042,0.37521181312124796,0.11334825301123506,0.4140421122927435,0.3278688524590164,1.3544262295027114,0.7383200193665094
1998-08-03,0.39065882326848383,3.0,0.3278688524590164,1.9263146633158905e-11,0.9999999999797369,1,3.9033153871374674e-22,0.7383200193665094,0.109947805420898,0.4140421122927435,0.3278688524590164,1.3544262295027114,0.7383200193665094
1998-08-04,0.43947563920137694,2.0,0.48780487804878053,1.4280576721032216e-11,0.9999999999847194,1,2.1821513229705815e-22,0.4962478818697894,0.10664937125827106,0.4140421122927435,0.3278688524590164,1.3544262295027114,0.7383200193665094
1998-08-05,0.4424987784083185,2.5,0.3921568627450981,0.15407610367606805,0.9642857142776896,2,0.005502717989667413,0.6172839506182098,0.10344989012052293,0.4140421122927435,0.3278688524590164,1.3544262295027114,0.7383200193665094
1998-08-06,0.4393482126547723,3.0,0.3278688524590164,1.4034107209569168e-11,0.9999999999849659,1,2.109899619222376e-22,0.7383200193665094,0.10034639341690724,0.4140421122927435,0.3278688524590164,1.3544262295027114,0.7383200193665094
1998-08-07,0.4112288258944008,3.0,0.3278688524590164,0.0,0.0,0,0.0,0.7383200193665094,0.09733600161440002,0.4140421122927435,0.3278688524590164,1.3544262295027114,0.7383200193665094
1998-08-10,0.414573908068148,3.0,0.3278688524590164,0.0,0.0,0,0.0,0.7383200193665094,0.09441592156596802,0.4140421122927435,0.3278688524590164,1.3544262295027114,0.7383200193665094
1998-08-11,0.40569862671589985,2.0,0.48780487804878053,0.0,0.0,0,0.0,0.4962478818697894,0.09158344391898898,0.4140421122927435,0.3278688524590164,1.3544262295027114,0.7383200193665094
1998-08-12,0.4171298299187598,3.0,0.3278688524590164,0.0,0.0,0,0.0,0.7383200193665094,0.0888359406014193,0.4140421122927435,0.3278688524590164,1.3544262295027114,0.7383200193665094
1998-08-13,0.3816660530287565,2.0,0.48780487804878053,1.3340217819188634e-11,0.9999999999856598,1,1.9130133417538662e-22,0.4962478818697894,0.08617086238337672,0.4140421122927435,0.3278688524590164,1.3544262295027114,0.7383200193665094
1998-08-14,0.3900639920444589,3.0,0.3278688524590164,2.3769808340994335e-10,0.9999999997613019,1,5.673807168865137e-20,0.7383200193665094,0.08358573651187541,0.4140421122927435,0.3278688524590164,1.3544262295027114,0.7383200193665094
1998-08-17,0.39970084655777594,2.5,0.3921568627450981,1.543509764324952e-10,0.999999999844649,1,2.3978571489450547e-20,0.6172839506182098,0.08107816441651915,0.4140421122927435,0.3278688524590164,1.3544262295027114,0.7383200193665094
1998-08-18,0.4072893036671409,3.0,0.3278688524590164,0.0,0.0,0,0.0,0.7383200193665094,0.07864581948402358,0.4140421122927435,0.3278688524590164,1.3544262295027114,0.7383200193665094
1998-08-19,0.42027051999384024,3.0,0.3278688524590164,0.0,0.0,0,0.0,0.7383200193665094,0.07628644489950287,0.4140421122927435,0.3278688524590164,1.3544262295027114,0.7383200193665094
1998-08-20,0.4289507725476105,3.0,0.3278688524590164,0.20889975709869643,0.9464285714128181,2,0.011191058419292459,0.7383200193665094,0.07399785155251778,0.4140421122927435,0.3278688524590164,1.3544262295027114,0.7383200193665094
1998-08-21,0.4485154766182434,2.5,0.3921568627450981,0.0,0.0,0,0.0,0.6172839506182098,0.07177791600594224,0.4140421122927435,0.3278688524590164,1.3544262295027114,0.7383200193665094
1998-08-24,0.39785791283815003,3.0,0.3278688524590164,2.724565018002017e-11,0.9999999999717544,1,7.695705012022604e-22,0.7383200193665094,0.06962457852576398,0.4140421122927435,0.3278688524590164,1.3544262295027114,0.7383200193665094
1998-08-25,0.38533494173810384,3.0,0.3278688524590164,1.6261214596931267e-11,0.9999999999827388,1,2.8068795504075803e-22,0.7383200193665094,0.06753584116999106,0.4140421122927435,0.3278688524590164,1.3544262295027114,0.7383200193665094
1998-08-26,0.37798110979929167,3.0,0.3278688524590164,3.007016857688526e-11,0.9999999999689299,1,9.342845416298289e-22,0.7383200193665094,0.06550976593489133,0.4140421122927435,0.3278688524590164,1.3544262295027114,0.7383200193665094
1998-08-27,0.4361875673733381,3.0,0.3278688524590164,1.4034107209569168e-11,0.9999999999849659,1,2.109899619222376e-22,0.7383200193665094,0.06354447295684458,0.4140421122927435,0.3278688524590164,1.3544262295027114,0.7383200193665094
1998-08-28,0.4529823931009703,3.0,0.3278688524590164,1.0507594794196619e-11,0.9999999999884924,1,1.209169107078438e-22,0.7383200193665094,0.06163813876813924,0.4140421122927435,0.3278688524590164,1.3544262295027114,0.7383200193665094
1998-08-31,0.49626661875673744,3.0,0.3278688524590164,1.0507594794196619e-11,0.9999999999884924,1,1.209169107078438e-22,0.7383200193665094,0.05978899460509506,0.4140421122927435,0.3278688524590164,1.3544262295027114,0.7383200193665094
1998-09-01,0.5146414455110108,3.0,0.3278688524590164,1.1264655874679515e-11,0.9999999999877354,1,1.381568786569083e-22,0.7383200193665094,0.05799532476694221,0.4140421122927435,0.3278688524590164,1.3544262295027114,0.7383200193665094
1998-09-02,0.49763205174272374,3.0,0.3278688524590164,1.0507594794196619e-11,0.9999999999884924,1,1.209169107078438e-22,0.7383200193665094,0.05625546502393394,0.4140421122927435,0.3278688524590164,1.3544262295027114,0.7383200193665094
1998-09-03,0.4347441096452955,3.0,0.3278688524590164,1.0798917315854866e-11,0.9999999999882011,1,1.2741529362064472e-22,0.7383200193665094,0.054567801073215925,0.4140421122927435,0.3278688524590164,1.3544262295027114,0.7383200193665094
1998-09-04,0.42132385401160105,2.0,0.48780487804878053,1.0950129691807017e-11,0.9999999999880499,1,1.3085522772427272e-22,0.4962478818697894,0.05293076704101945,0.4140421122927435,0.3278688524590164,1.3544262295027114,0.7383200193665094
1998-09-08,0.48491401878753665,2.0,0.48780487804878053,0.0,0.0,0,0.0,0.4962478818697894,0.051342844029788864,0.4140421122927435,0.3278688524590164,1.3544262295027114,0.7383200193665094
1998-09-09,0.4924239002104616,3.0,0.3278688524590164,2.230260420760899e-11,0.9999999999766974,1,5.19708265282943e-22,0.7383200193665094,0.049802558708895196,0.4140421122927435,0.3278688524590164,1.3544262295027114,0.7383200193665094
1998-09-10,0.5023525486371336,2.0,0.48780487804878053,4.6505266293703776e-10,0.9999999995339474,1,2.167390217305079e-19,0.4962478818697894,0.04830848194762834,0.4140421122927435,0.3278688524590164,1.3544262295027114,0.7383200193665094
1998-09-11,0.5591740670396796,3.0,0.3278688524590164,0.0,0.0,0,0.0,0.7383200193665094,0.04685922748919948,0.4140421122927435,0.3278688524590164,1.3544262295027114,0.7383200193665094
1998-09-14,0.5664303680509215,3.0,0.3278688524590164,2.3202639806768103e-10,0.9999999997669736,1,5.4068270671806165e-20,0.7383200193665094,0.0454534506645235,0.4140421122927435,0.3278688524590164,1.3544262295027114,0.7383200193665094
1998-09-15,0.5875750731481957,2.0,0.48780487804878053,0.0,0.0,0,0.0,0.4962478818697894,0.044089847144587795,0.4140421122927435,0.3278688524590164,1.3544262295027114,0.7383200193665094
1998-09-16,0.57901185770751,3.0,0.3278688524590164,1.543509764324952e-10,0.999999999844649,1,2.3978571489450547e-20,0.7383200193665094,0.04276715173025016,0.4140421122927435,0.3278688524590164,1.3544262295027114,0.7383200193665094
1998-09-17,0.593231866947282,3.0,0.3278688524590164,4.6505266293703776e-10,0.9999999995339474,1,2.167390217305079e-19,0.7383200193665094,0.04148413717834266,0.4140421122927435,0.3278688524590164,1.3544262295027114,0.7383200193665094
1998-09-18,0.5693367896925209,2.0,0.48780487804878053,1.9713453091937644e-11,0.9999999999792866,1,4.083332498086907e-22,0.4962478818697894,0.040239613062992376,0.4140421122927435,0.3278688524590164,1.3544262295027114,0.7383200193665094
1998-09-21,0.571950618551409,2.0,0.48780487804878053,1.9713453091937644e-11,0.9999999999792866,1,4.083332498086907e-22,0.4962478818697894,0.0390324246711026,0.4140421122927435,0.3278688524590164,1.3544262295027114,0.7383200193665094
1998-09-22,0.5702535804116832,3.0,0.3278688524590164,1.9263146633158905e-11,0.9999999999797369,1,3.9033153871374674e-22,0.7383200193665094,0.03786145193096952,0.4140421122927435,0.3278688524590164,1.3544262295027114,0.7383200193665094
1998-09-23,0.5819767979056517,2.0,0.48780487804878053,2.018418765436885e-11,0.9999999999788158,1,4.275851724167135e-22,0.4962478818697894,0.03672560837304043,0.4140421122927435,0.3278688524590164,1.3544262295027114,0.7383200193665094
1998-09-24,0.6007807607412351,2.0,0.48780487804878053,0.0,0.0,0,0.0,0.4962478818697894,0.035623840121849215,0.4140421122927435,0.3278688524590164,1.3544262295027114,0.7383200193665094
1998-09-25,0.5947728556028953,2.0,0.48780487804878053,4.6505266293703776e-10,0.9999999995339474,1,2.167390217305079e-19,0.4962478818697894,0.034555124918193736,0.4140421122927435,0.3278688524590164,1.3544262295027114,0.7383200193665094
1998-09-28,0.5909106308711052,2.0,0.48780487804878053,0.0,0.0,0,0.0,0.4962478818697894,0.03351847117064792,0.4140421122927435,0.3278688524590164,1.3544262295027114,0.7383200193665094
1998-09-29,0.5446809712027104,3.0,0.3278688524590164,2.3202639806768103e-10,0.9999999997669736,1,5.4068270671806165e-20,0.7383200193665094,0.032512917035528485,0.4140421122927435,0.3278688524590164,1.3544262295027114,0.7383200193665094
1998-09-30,0.5713654329859863,3.0,0.3278688524590164,0.0,0.0,0,0.0,0.7383200193665094,0.03153752952446263,0.4140421122927435,0.3278688524590164,1.3544262295027114,0.7383200193665094
1998-10-01,0.5407602279143782,3.0,0.3278688524590164,0.0,0.0,0,0.0,0.7383200193665094,0.030591403638728747,0.4140421122927435,0.3278688524590164,1.3544262295027114,0.7383200193665094
1998-10-02,0.5134710743801653,3.0,0.3278688524590164,0.0,0.0,0,0.0,0.7383200193665094,0.029673661529566884,0.4140421122927435,0.3278688524590164,1.3544262295027114,0.7383200193665094
1998-10-05,0.5086335403726708,3.0,0.3278688524590164,0.0,0.0,0,0.0,0.7383200193665094,0.028783451683679878,0.4140421122927435,0.3278688524590164,1.3544262295027114,0.7383200193665094
1998-10-06,0.5023330424516196,3.0,0.3278688524590164,9.311053035351498e-10,0.9999999990678947,1,8.678881713816488e-19,0.7383200193665094,0.027919948133169482,0.4140421122927435,0.3278688524590164,1.3544262295027114,0.7383200193665094
1998-10-07,0.4920532826856937,2.0,0.48780487804878053,2.3202639806768103e-10,0.9999999997669736,1,5.4068270671806165e-20,0.4962478818697894,0.027082349689174397,0.4140421122927435,0.3278688524590164,1.3544262295027114,0.7383200193665094
1998-10-08,0.4272537344078847,3.0,0.3278688524590164,0.0,0.0,0,0.0,0.7383200193665094,0.026269879198499164,0.4140421122927435,0.3278688524590164,1.3544262295027114,0.7383200193665094
1998-10-09,0.41580360351111356,2.5,0.3921568627450981,0.0,0.0,0,0.0,0.6172839506182098,0.02548178282254419,0.4140421122927435,0.3278688524590164,1.3544262295027114,0.7383200193665094
1998-10-12,0.42112879215646015,3.0,0.3278688524590164,1.155132656126397e-10,0.9999999998834868,1,1.3458825243540766e-20,0.7383200193665094,0.024717329337867865,0.4140421122927435,0.3278688524590164,1.3544262295027114,0.7383200193665094
1998-10-13,0.36469739746419594,3.0,0.3278688524590164,0.0,0.0,0,0.0,0.7383200193665094,0.02397580945773183,0.4140421122927435,0.3278688524590164,1.3544262295027114,0.7383200193665094
1998-10-14,0.34961911606180396,2.0,0.48780487804878053,7.667544376897341e-11,0.9999999999223246,1,5.9557974249765414e-21,0.4962478818697894,0.023256535173999872,0.4140421122927435,0.3278688524590164,1.3544262295027114,0.7383200193665094
1998-10-15,0.40146655715825685,2.0,0.48780487804878053,0.0,0.0,0,0.0,0.4962478818697894,0.022558839118779875,0.4140421122927435,0.3278688524590164,1.3544262295027114,0.7383200193665094
1998-10-16,0.39719470253067096,2.0,0.48780487804878053,0.0,0.0,0,0.0,0.4962478818697894,0.02188207394521648,0.4140421122927435,0.3278688524590164,1.3544262295027114,0.7383200193665094
1998-10-19,0.3482926954468456,2.0,0.48780487804878053,0.0,0.0,0,0.0,0.4962478818697894,0.021225611726859984,0.4140421122927435,0.3278688524590164,1.3544262295027114,0.7383200193665094
1998-10-20,0.3392418253683076,3.0,0.3278688524590164,0.0,0.0,0,0.0,0.7383200193665094,0.020588843375054185,0.4140421122927435,0.3278688524590164,1.3544262295027114,0.7383200193665094
1998-10-21,0.33165391920332643,3.0,0.3278688524590164,0.0,0.0,0,0.0,0.7383200193665094,0.019971178073802557,0.4140421122927435,0.3278688524590164,1.3544262295027114,0.7383200193665094
1998-10-22,0.3277331759149942,3.0,0.3278688524590164,0.0,0.0,0,0.0,0.7383200193665094,0.01937204273158848,0.4140421122927435,0.3278688524590164,1.3544262295027114,0.7383200193665094
1998-10-23,0.2775242544017248,2.5,0.3921568627450981,0.0,0.0,0,0.0,0.6172839506182098,0.018790881449640823,0.4140421122927435,0.3278688524590164,1.3544262295027114,0.7383200193665094
1998-10-26,0.24387608438991834,2.0,0.48780487804878053,0.0,0.0,0,0.0,0.4962478818697894,0.0182271550061516,0.4140421122927435,0.3278688524590164,1.3544262295027114,0.7383200193665094
1998-10-27,0.2578620194035214,3.0,0.3278688524590164,0.0,0.0,0,0.0,0.7383200193665094,0.01768034035596705,0.4140421122927435,0.3278688524590164,1.3544262295027114,0.7383200193665094
1998-10-28,0.25944202043016273,3.0,0.3278688524590164,0.0,0.0,0,0.0,0.7383200193665094,0.01714993014528804,0.4140421122927435,0.3278688524590164,1.3544262295027114,0.7383200193665094
1998-10-29,0.2878625327241929,3.0,0.3278688524590164,0.0,0.0,0,0.0,0.7383200193665094,0.016635432240929397,0.4140421122927435,0.3278688524590164,1.3544262295027114,0.7383200193665094
1998-10-30,0.24350546686515062,3.0,0.3278688524590164,0.0,0.0,0,0.0,0.7383200193665094,0.016136369273701514,0.4140421122927435,0.3278688524590164,1.3544262295027114,0.7383200193665094
1998-11-02,0.20513679995893438,3.0,0.3278688524590164,3.78377329461012e-11,0.9999999999611623,1,1.469530930439353e-21,0.7383200193665094,0.01565227819549047,0.4140421122927435,0.3278688524590164,1.3544262295027114,0.7383200193665094
1998-11-03,0.1919116061803809,2.5,0.3921568627450981,7.667544376897341e-11,0.9999999999223246,1,5.9557974249765414e-21,0.6172839506182098,0.015182709849625756,0.4140421122927435,0.3278688524590164,1.3544262295027114,0.7383200193665094
1998-11-04,0.1993824752322776,2.0,0.48780487804878053,0.5060089689548276,0.7959183673317974,2,0.10326713652905505,0.4962478818697894,0.014727228554136983,0.4140421122927435,0.3278688524590164,1.3544262295027114,0.7383200193665094
1998-11-05,0.21069606283045023,3.0,0.3278688524590164,8.373690629422583e-11,0.9999999999152631,1,7.095604529918366e-21,0.7383200193665094,0.014285411697512873,0.4140421122927435,0.3278688524590164,1.3544262295027114,0.7383200193665094
1998-11-06,0.21377804014167648,2.0,0.48780487804878053,0.6890092384812463,0.5454545454429922,2,0.31318601749943586,0.4962478818697894,0.013856849346587487,0.4140421122927435,0.3278688524590164,1.3544262295027114,0.7383200193665094
1998-11-09,0.2341229916328731,3.0,0.3278688524590164,0.6474466390408493,0.649999999984851,2,0.2266063236741054,0.7383200193665094,0.013441143866189862,0.4140421122927435,0.3278688524590164,1.3544262295027114,0.7383200193665094
1998-11-10,0.21619680714542377,3.0,0.3278688524590164,0.53490824313693,0.7735849056467733,2,0.12111130034016673,0.7383200193665094,0.013037909550204166,0.4140421122927435,0.3278688524590164,1.3544262295027114,0.7383200193665094
1998-11-11,0.22148298341974232,2.0,0.48780487804878053,1.036112080682795,0.49999999999533995,3,0.5180560403462259,0.4962478818697894,0.01264677226369804,0.4140421122927435,0.3278688524590164,1.3544262295027114,0.7383200193665094
1998-11-12,0.22019557517581237,3.0,0.3278688524590164,1.564470775136737e-11,0.9999999999833553,1,2.6040124229137473e-22,0.7383200193665094,0.012267369095787099,0.4140421122927435,0.3278688524590164,1.3544262295027114,0.7383200193665094
1998-11-13,0.21487038653046558,3.0,0.3278688524590164,0.6765259604949265,0.5909090909028311,2,0.2767606202067049,0.7383200193665094,0.011899348022913486,0.4140421122927435,0.3278688524590164,1.3544262295027114,0.7383200193665094
1998-11-16,0.14778861454750786,2.0,0.48780487804878053,0.6812657296640607,0.5769230769179066,2,0.2882278087075481,0.4962478818697894,0.011542367582226081,0.4140421122927435,0.3278688524590164,1.3544262295027114,0.7383200193665094
1998-11-17,0.15100713515733277,2.0,0.48780487804878053,0.3673602690372801,0.8797814207605461,2,0.044163529612685354,0.4962478818697894,0.011196096554759298,0.4140421122927435,0.3278688524590164,1.3544262295027114,0.7383200193665094
1998-11-18,0.1608187464709204,3.0,0.3278688524590164,0.4101163183021223,0.857142857120028,2,0.05858804548109435,0.7383200193665094,0.010860213658116518,0.4140421122927435,0.3278688524590164,1.3544262295027114,0.7383200193665094
1998-11-19,0.16191109285970945,2.5,0.3921568627450981,0.0,0.0,0,0.0,0.6172839506182098,0.010534407248373023,0.4140421122927435,0.3278688524590164,1.3544262295027114,0.7383200193665094
1998-11-20,0.171274061906473,2.0,0.48780487804878053,0.0,0.0,0,0.0,0.4962478818697894,0.010218375030921831,0.4140421122927435,0.3278688524590164,1.3544262295027114,0.7383200193665094
1998-11-23,0.2129392741645706,3.0,0.3278688524590164,3.9526271144186593e-11,0.9999999999594738,1,1.6018515073512756e-21,0.7383200193665094,0.009911823779994175,0.4140421122927435,0.3278688524590164,1.3544262295027114,0.7383200193665094
1998-11-24,0.20931112365894972,3.0,0.3278688524590164,0.6853142072762914,0.5624999999967232,2,0.29982496568562317,0.7383200193665094,0.00961446906659435,0.4140421122927435,0.3278688524590164,1.3544262295027114,0.7383200193665094
1998-11-25,0.21995769049620822,3.0,0.3278688524590164,6.640243910254375e-12,0.9999999999923598,1,5.073293620449785e-23,0.7383200193665094,0.00932603499459652,0.4140421122927435,0.3278688524590164,1.3544262295027114,0.7383200193665094
1998-11-27,0.1987564834124326,2.5,0.3921568627450981,0.6459442318240107,0.6524064171090476,2,0.22452606988745186,0.6172839506182098,0.009046253944758624,0.4140421122927435,0.3278688524590164,1.3544262295027114,0.7383200193665094
1998-11-30,0.2779112606697338,2.0,0.48780487804878053,0.6893616831446574,0.5434782608640595,2,0.3147085944828782,0.4962478818697894,0.008774866326415866,0.4140421122927435,0.3278688524590164,1.3544262295027114,0.7383200193665094
1998-12-01,0.23896362142650332,1.0,0.9523809523809523,0.6346176300091985,0.6693788820502746,2,0.2098179903042464,0.25417574437258533,0.00851162033662339,0.4140421122927435,0.3278688524590164,1.3544262295027114,0.7383200193665094
1998-12-02,0.27229255366911626,3.0,0.3278688524590164,0.0,0.0,0,0.0,0.7383200193665094,0.008256271726524688,0.4140421122927435,0.3278688524590164,1.3544262295027114,0.7383200193665094
1998-12-03,0.2994467313827392,2.0,0.48780487804878053,0.0,0.0,0,0.0,0.4962478818697894,0.008008583574728948,0.4140421122927435,0.3278688524590164,1.3544262295027114,0.7383200193665094
1998-12-04,0.35773986384000156,3.0,0.3278688524590164,0.0,0.0,0,0.0,0.7383200193665094,0.007768326067487079,0.4140421122927435,0.3278688524590164,1.3544262295027114,0.7383200193665094
1998-12-07,0.3776674599432447,2.0,0.48780487804878053,2.8971602894052202e-11,0.9999999999700284,1,8.683247362560135e-22,0.4962478818697894,0.007535276285462467,0.4140421122927435,0.3278688524590164,1.3544262295027114,0.7383200193665094
1998-12-08,0.36751286782549647,3.0,0.3278688524590164,5.340528019666936e-11,0.9999999999455947,1,2.9055280517437837e-21,0.7383200193665094,0.007309217996898592,0.4140421122927435,0.3278688524590164,1.3544262295027114,0.7383200193665094
1998-12-09,0.3500235735503524,3.0,0.3278688524590164,1.155132656126397e-10,0.9999999998834868,1,1.3458825243540766e-20,0.7383200193665094,0.007089941456991634,0.4140421122927435,0.3278688524590164,1.3544262295027114,0.7383200193665094
1998-12-10,0.3514813472363616,2.5,0.3921568627450981,0.0,0.0,0,0.0,0.6172839506182098,0.006877243213281885,0.4140421122927435,0.3278688524590164,1.3544262295027114,0.7383200193665094
1998-12-11,0.35885533825390237,3.0,0.3278688524590164,1.0136746996822885e-10,0.9999999998976326,1,1.0376729195836277e-20,0.7383200193665094,0.006670925916883428,0.4140421122927435,0.3278688524590164,1.3544262295027114,0.7383200193665094
1998-12-14,0.39210077097514673,2.5,0.3921568627450981,3.6863068152820154e-11,0.999999999962137,1,1.3957480463442123e-21,0.6172839506182098,0.006470798139376925,0.4140421122927435,0.3278688524590164,1.3544262295027114,0.7383200193665094
1998-12-15,0.411483659424066,2.5,0.3921568627450981,2.5648483333877954e-10,0.9999999997425152,1,6.604094890077675e-20,0.6172839506182098,0.006276674195195617,0.4140421122927435,0.3278688524590164,1.3544262295027114,0.7383200193665094
1998-12-16,0.40502759419716367,3.0,0.3278688524590164,2.1941226613101857e-11,0.9999999999770588,1,5.033581665286796e-22,0.7383200193665094,0.0060883739693397484,0.4140421122927435,0.3278688524590164,1.3544262295027114,0.7383200193665094
1998-12-17,0.39545598633492135,2.0,0.48780487804878053,7.593392581088359e-11,0.9999999999230661,1,5.841893335299284e-21,0.4962478818697894,0.005905722750259555,0.4140421122927435,0.3278688524590164,1.3544262295027114,0.7383200193665094
1998-12-18,0.40552951984989477,2.0,0.48780487804878053,3.7639669158515744e-11,0.9999999999613604,1,1.45438353089489e-21,0.4962478818697894,0.005728551067751769,0.4140421122927435,0.3278688524590164,1.3544262295027114,0.7383200193665094
1998-12-21,0.4045371065061888,3.0,0.3278688524590164,0.0,0.0,0,0.0,0.7383200193665094,0.0055566945357192156,0.4140421122927435,0.3278688524590164,1.3544262295027114,0.7383200193665094
1998-12-22,0.40209791323980676,3.0,0.3278688524590164,0.0,0.0,0,0.0,0.7383200193665094,0.005389993699647639,0.4140421122927435,0.3278688524590164,1.3544262295027114,0.7383200193665094
1998-12-23,0.4298469579476023,3.0,0.3278688524590164,0.0,0.0,0,0.0,0.7383200193665094,0.00522829388865821,0.4140421122927435,0.3278688524590164,1.3544262295027114,0.7383200193665094
1998-12-24,0.4082226516418092,2.0,0.48780487804878053,0.0,0.0,0,0.0,0.4962478818697894,0.0050714450719984636,0.4140421122927435,0.3278688524590164,1.3544262295027114,0.7383200193665094
1998-12-28,0.4106539705353934,2.0,0.48780487804878053,0.0,0.0,0,0.0,0.4962478818697894,0.004919301719838509,0.4140421122927435,0.3278688524590164,1.3544262295027114,0.7383200193665094
1998-12-29,0.407103844771829,2.5,0.3921568627450981,0.0,0.0,0,0.0,0.6172839506182098,0.004771722668243354,0.4140421122927435,0.3278688524590164,1.3544262295027114,0.7383200193665094
1998-12-30,0.44151275601868495,2.5,0.3921568627450981,0.0,0.0,0,0.0,0.6172839506182098,0.004628570988196053,0.4140421122927435,0.3278688524590164,1.3544262295027114,0.7383200193665094
1998-12-31,0.404314460243314,2.0,0.48780487804878053,0.0,0.0,0,0.0,0.4962478818697894,0.004489713858550171,0.4140421122927435,0.3278688524590164,1.3544262295027114,0.7383200193665094
1999-01-04,0.4367337405677327,2.0,0.48780487804878053,0.0,0.0,0,0.0,0.4962478818697894,0.004355022442793666,0.4140421122927435,0.3278688524590164,1.3544262295027114,0.7383200193665094
1999-01-05,0.4207971870027206,3.0,0.3278688524590164,0.0,0.0,0,0.0,0.7383200193665094,0.004224371769509856,0.4140421122927435,0.3278688524590164,1.3544262295027114,0.7383200193665094
1999-01-06,0.4054068066321031,3.0,0.3278688524590164,0.6903320378922462,0.5374999999937369,2,0.31927856752948747,0.7383200193665094,0.00409764061642456,0.4140421122927435,0.3278688524590164,1.3544262295027114,0.7383200193665094
1999-01-07,0.3733191314614239,3.0,0.3278688524590164,2.906785923028431e-11,0.9999999999699322,1,8.74007656443988e-22,0.7383200193665094,0.0039747113979318235,0.4140421122927435,0.3278688524590164,1.3544262295027114,0.7383200193665094
1999-01-08,0.34495713772393616,2.0,0.48780487804878053,5.0783599546458714e-11,0.9999999999482164,1,2.629756459089028e-21,0.4962478818697894,0.0038554700559938686,0.4140421122927435,0.3278688524590164,1.3544262295027114,0.7383200193665094
1999-01-11,0.36549715107027353,2.0,0.48780487804878053,0.0,0.0,0,0.0,0.4962478818697894,0.0037398059543140524,0.4140421122927435,0.3278688524590164,1.3544262295027114,0.7383200193665094
1999-01-12,0.42268928699758757,2.0,0.48780487804878053,3.628419786780235e-11,0.9999999999627158,1,1.3528264101339662e-21,0.4962478818697894,0.003627611775684631,0.4140421122927435,0.3278688524590164,1.3544262295027114,0.7383200193665094
1999-01-13,0.407103844771829,2.0,0.48780487804878053,0.6774944044555491,0.5882352941015196,2,0.2789682841985053,0.4962478818697894,0.0035187834224140917,0.4140421122927435,0.3278688524590164,1.3544262295027114,0.7383200193665094
1999-01-14,0.43991508620643793,2.0,0.48780487804878053,0.684888327008474,0.5641720039125536,2,0.2984935071037869,0.4962478818697894,0.003413219919741669,0.4140421122927435,0.3278688524590164,1.3544262295027114,0.7383200193665094
1999-01-15,0.4477851516450598,2.0,0.48780487804878053,1.0777303324705838,0.4121783620026736,3,0.6335132093522617,0.4962478818697894,0.0033108233221494188,0.4140421122927435,0.3278688524590164,1.3544262295027114,0.7383200193665094
1999-01-19,0.4396113822530638,2.0,0.48780487804878053,1.085087397575713,0.41208664715421484,3,0.6379373700394448,0.4962478818697894,0.003211498622484936,0.4140421122927435,0.3278688524590164,1.3544262295027114,0.7383200193665094
1999-01-20,0.45009550794721487,2.0,0.48780487804878053,0.6525069718079379,0.6415743777223831,2,0.23387521741074357,0.4962478818697894,0.003115153663810388,0.4140421122927435,0.3278688524590164,1.3544262295027114,0.7383200193665094
1999-01-21,0.45974311000790147,1.0,0.9523809523809523,0.0,0.0,0,0.0,0.25417574437258533,0.0030216990538960765,0.4140421122927435,0.3278688524590164,1.3544262295027114,0.7383200193665094
1999-01-22,0.4543689768418448,2.0,0.48780487804878053,0.0,0.0,0,0.0,0.4962478818697894,0.002931048082279194,0.4140421122927435,0.3278688524590164,1.3544262295027114,0.7383200193665094
1999-01-25,0.44003797297132125,1.0,0.9523809523809523,0.0,0.0,0,0.0,0.25417574437258533,0.002843116639810818,0.4140421122927435,0.3278688524590164,1.3544262295027114,0.7383200193665094
1999-01-26,0.46122322206501043,3.0,0.3278688524590164,0.0,0.0,0,0.0,0.7383200193665094,0.0027578231406164937,0.4140421122927435,0.3278688524590164,1.3544262295027114,0.7383200193665094
1999-01-27,0.41553775770067264,3.0,0.3278688524590164,0.0,0.0,0,0.0,0.7383200193665094,0.002675088446397999,0.4140421122927435,0.3278688524590164,1.3544262295027114,0.7383200193665094
1999-01-28,0.41265052308781996,1.0,0.9523809523809523,0.0,0.0,0,0.0,0.25417574437258533,0.0025948357930060586,0.4140421122927435,0.3278688524590164,1.3544262295027114,0.7383200193665094
1999-01-29,0.4173110083555151,2.0,0.48780487804878053,0.0,0.0,0,0.0,0.4962478818697894,0.0025169907192158767,0.4140421122927435,0.3278688524590164,1.3544262295027114,0.7383200193665094
1999-02-01,0.413154504901404,3.0,0.3278688524590164,2.0102453033479185e-10,0.9999999997979755,1,4.061188188375224e-20,0.7383200193665094,0.0024414809976394006,0.4140421122927435,0.3278688524590164,1.3544262295027114,0.7383200193665094
1999-02-02,0.3764606372652567,3.0,0.3278688524590164,0.0,0.0,0,0.0,0.7383200193665094,0.0023682365677102184,0.4140421122927435,0.3278688524590164,1.3544262295027114,0.7383200193665094
1999-02-03,0.386751667958599,2.0,0.48780487804878053,0.0,0.0,0,0.0,0.4962478818697894,0.002297189470678912,0.4140421122927435,0.3278688524590164,1.3544262295027114,0.7383200193665094
1999-02-04,0.3768914757444825,2.0,0.48780487804878053,0.0,0.0,0,0.0,0.4962478818697894,0.0022282737865585447,0.4140421122927435,0.3278688524590164,1.3544262295027114,0.7383200193665094
1999-02-05,0.35706817873577373,2.0,0.48780487804878053,1.1166068070094006e-11,0.999999999987834,1,1.3584689720425496e-22,0.4962478818697894,0.002161425572961788,0.4140421122927435,0.3278688524590164,1.3544262295027114,0.7383200193665094
1999-02-08,0.3407397164006768,1.0,0.9523809523809523,5.924261081678825e-12,0.9999999999930758,1,4.102099939086667e-23,0.25417574437258533,0.0020965828057729345,0.4140421122927435,0.3278688524590164,1.3544262295027114,0.7383200193665094
1999-02-09,0.37004834689136656,2.0,0.48780487804878053,1.1245226971748813e-11,0.9999999999877548,1,1.3770010785496949e-22,0.4962478818697894,0.0020336853215997463,0.4140421122927435,0.3278688524590164,1.3544262295027114,0.7383200193665094
1999-02-10,0.37002971670742246,2.0,0.48780487804878053,1.5462076063819553e-11,0.999999999983538,1,2.5453753022152937e-22,0.4962478818697894,0.001972674761951754,0.4140421122927435,0.3278688524590164,1.3544262295027114,0.7383200193665094
1999-02-11,0.35246764309157,3.0,0.3278688524590164,1.8593682149323277e-11,0.9999999999804063,1,3.6431828669871373e-22,0.7383200193665094,0.0019134945190932013,0.4140421122927435,0.3278688524590164,1.3544262295027114,0.7383200193665094
1999-02-12,0.3188879237859877,2.5,0.3921568627450981,9.068301665088094e-12,0.9999999999899317,1,9.130219614815127e-23,0.6172839506182098,0.0018560896835204052,0.4140421122927435,0.3278688524590164,1.3544262295027114,0.7383200193665094
1999-02-16,0.31037184576843335,3.0,0.3278688524590164,9.829026481553302e-12,0.999999999989171,1,1.064385706222279e-22,0.7383200193665094,0.001800406993014793,0.4140421122927435,0.3278688524590164,1.3544262295027114,0.7383200193665094
1999-02-17,0.2988808568369488,3.0,0.3278688524590164,5.190625707011333e-12,0.9999999999938094,1,3.213310611182595e-23,0.7383200193665094,0.0017463947832243492,0.4140421122927435,0.3278688524590164,1.3544262295027114,0.7383200193665094
1999-02-18,0.2709561738178689,3.0,0.3278688524590164,6.278866315741582e-12,0.9999999999927212,1,4.5702889627535724e-23,0.7383200193665094,0.0016940029397276186,0.4140421122927435,0.3278688524590164,1.3544262295027114,0.7383200193665094
1999-02-19,0.2715358554488989,3.0,0.3278688524590164,4.7184478546410656e-12,0.9999999999942816,1,2.6982093631499877e-23,0.7383200193665094,0.00164318285153579,0.4140421122927435,0.3278688524590164,1.3544262295027114,0.7383200193665094
1999-02-22,0.29952723166161904,3.0,0.3278688524590164,0.4682953354253221,0.8220338982985914,2,0.08334069529059812,0.7383200193665094,0.0015938873659897162,0.4140421122927435,0.3278688524590164,1.3544262295027114,0.7383200193665094
1999-02-23,0.28013808326061296,2.0,0.48780487804878053,0.552664622506781,0.7586206896307869,2,0.1334018054461483,0.4962478818697894,0.0015460707450100247,0.4140421122927435,0.3278688524590164,1.3544262295027114,0.7383200193665094
1999-02-24,0.268961038961039,1.5,0.6451612903225806,1.8542112288283305e-10,0.9999999998135789,1,3.4566409835401184e-20,0.37521181312124796,0.0014996886226597238,0.4140421122927435,0.3278688524590164,1.3544262295027114,0.7383200193665094
1999-02-25,0.27855808223397155,1.0,0.9523809523809523,0.4581441790739574,0.8285714285493617,2,0.07853900213707392,0.25417574437258533,0.0014546979639799321,0.4140421122927435,0.3278688524590164,1.3544262295027114,0.7383200193665094
1999-02-26,0.27120425029515943,2.0,0.48780487804878053,1.764210999493525e-11,0.9999999999813579,1,3.2888576479756655e-22,0.4962478818697894,0.0014110570250605342,0.4140421122927435,0.3278688524590164,1.3544262295027114,0.7383200193665094
1999-03-01,0.2625630101124173,2.0,0.48780487804878053,6.4569460888901445e-12,0.9999999999925431,1,4.8148956045145955e-23,0.4962478818697894,0.0013687253143087183,0.4140421122927435,0.3278688524590164,1.3544262295027114,0.7383200193665094
1999-03-02,0.273057337918998,2.0,0.48780487804878053,5.092259947030148e-12,0.9999999999939078,1,3.1023258665700255e-23,0.4962478818697894,0.0013276635548794566,0.4140421122927435,0.3278688524590164,1.3544262295027114,0.7383200193665094
1999-03-03,0.26197782454699453,3.0,0.3278688524590164,0.08709952320444883,0.9827586206738609,2,0.0015017159186937583,0.7383200193665094,0.0012878336482330729,0.4140421122927435,0.3278688524590164,1.3544262295027114,0.7383200193665094
1999-03-04,0.3060813099943535,3.0,0.3278688524590164,0.4620369094862614,0.8260869564882591,2,0.08035424514351446,0.7383200193665094,0.0012491986387860806,0.4140421122927435,0.3278688524590164,1.3544262295027114,0.7383200193665094
1999-03-05,0.34255787690570305,2.0,0.48780487804878053,0.6892948936692438,0.5438596491139142,2,0.3144152146622761,0.4962478818697894,0.0012117226796224982,0.4140421122927435,0.3278688524590164,1.3544262295027114,0.7383200193665094
1999-03-08,0.34249935834916073,2.0,0.48780487804878053,4.3385961489132084e-11,0.9999999999556141,1,1.925726656096203e-21,0.4962478818697894,0.0011753709992338233,0.4140421122927435,0.3278688524590164,1.3544262295027114,0.7383200193665094
1999-03-09,0.33699861403418724,3.0,0.3278688524590164,0.0,0.0,0,0.0,0.7383200193665094,0.0011401098692568085,0.4140421122927435,0.3278688524590164,1.3544262295027114,0.7383200193665094
1999-03-10,0.3473954109131975,4.0,0.2469135802469136,0.0,0.0,0,0.0,0.9803921568627451,0.16317804406941483,0.4140421122927435,0.3278688524590164,1.3544262295027114,0.7383200193665094
1999-03-11,0.35788973871977836,3.0,0.3278688524590164,0.0,0.0,0,0.0,0.7383200193665094,0.1582827027473324,0.4140421122927435,0.3278688524590164,1.3544262295027114,0.7383200193665094
1999-03-12,0.33376058723884816,4.0,0.2469135802469136,0.0,0.0,0,0.0,0.9803921568627451,0.3156063591611481,0.4140421122927435,0.3278688524590164,1.3544262295027114,0.7383200193665094
1999-03-15,0.3245926800472255,3.0,0.3278688524590164,0.0,0.0,0,0.0,0.7383200193665094,0.30613816838631364,0.4140421122927435,0.3278688524590164,1.3544262295027114,0.7383200193665094
1999-03-16,0.33974898619167393,3.0,0.3278688524590164,0.0,0.0,0,0.0,0.7383200193665094,0.2969540233347242,0.4140421122927435,0.3278688524590164,1.3544262295027114,0.7383200193665094
1999-03-17,0.3031748883527539,3.0,0.3278688524590164,1.2508882818360894e-11,0.9999999999864911,1,1.6898075546497566e-22,0.7383200193665094,0.2880454026346825,0.4140421122927435,0.3278688524590164,1.3544262295027114,0.7383200193665094
1999-03-18,0.3359842923874545,3.0,0.3278688524590164,9.838463377262514e-12,0.9999999999891616,1,1.0663360735983793e-22,0.7383200193665094,0.279404040555642,0.4140421122927435,0.3278688524590164,1.3544262295027114,0.7383200193665094
1999-03-19,0.32585919097146177,2.0,0.48780487804878053,8.138378859670992e-12,0.9999999999908616,1,7.437140928860709e-23,0.4962478818697894,0.27102191933897274,0.4140421122927435,0.3278688524590164,1.3544262295027114,0.7383200193665094
1999-03-22,0.3007032899160592,4.0,0.2469135802469136,1.5352719095895772e-11,0.9999999999836473,1,2.5105836310686856e-22,0.9803921568627451,0.4249633992550393,0.4140421122927435,0.3278688524590164,1.3544262295027114,0.7383200193665094
1999-03-23,0.3518911349001898,3.0,0.3278688524590164,0.0,0.0,0,0.0,0.7383200193665094,0.41221449727738807,0.4140421122927435,0.3278688524590164,1.3544262295027114,0.7383200193665094
1999-03-24,0.321527082312525,3.0,0.3278688524590164,1.0307061632652297,0.5125087208639154,3,0.5024602659436128,0.7383200193665094,0.3998480623590664,0.4140421122927435,0.3278688524590164,1.3544262295027114,0.7383200193665094
1999-03-25,0.335015364425268,3.5,0.28169014084507044,0.6901964851103414,0.5383913539140249,2,0.31860066502508355,0.8593560881146878,0.42888868923647283,0.4140421122927435,0.3278688524590164,1.3544262295027114,0.7383200193665094
1999-03-26,0.3438318462393384,3.0,0.3278688524590164,1.155132656126397e-10,0.9999999998834868,1,1.3458825243540766e-20,0.7383200193665094,0.41602202855937864,0.4140421122927435,0.3278688524590164,1.3544262295027114,0.7383200193665094
1999-03-29,0.4152281820577244,3.0,0.3278688524590164,1.658684301004815e-11,0.9999999999824132,1,2.9170983712308945e-22,0.7383200193665094,0.4035413677025973,0.4140421122927435,0.3278688524590164,1.3544262295027114,0.7383200193665094
1999-03-30,0.4195677601449479,3.0,0.3278688524590164,0.0,0.0,0,0.0,0.7383200193665094,0.39143512667151936,0.4140421122927435,0.3278688524590164,1.3544262295027114,0.7383200193665094
1999-03-31,0.42764411430769383,3.0,0.3278688524590164,5.7256532846574624e-11,0.9999999999417435,1,3.3355658199415894e-21,0.7383200193665094,0.3796920728713738,0.4140421122927435,0.3278688524590164,1.3544262295027114,0.7383200193665094
1999-04-01,0.40556163026535125,3.0,0.3278688524590164,0.0,0.0,0,0.0,0.7383200193665094,0.3683013106852326,0.4140421122927435,0.3278688524590164,1.3544262295027114,0.7383200193665094
1999-04-05,0.41254145637143624,3.0,0.3278688524590164,0.0,0.0,0,0.0,0.7383200193665094,0.3572522713646756,0.4140421122927435,0.3278688524590164,1.3544262295027114,0.7383200193665094
1999-04-06,0.38805884101873434,3.0,0.3278688524590164,0.0,0.0,0,0.0,0.7383200193665094,0.3465347032237353,0.4140421122927435,0.3278688524590164,1.3544262295027114,0.7383200193665094
1999-04-07,0.3674094197614703,3.0,0.3278688524590164,0.0,0.0,0,0.0,0.7383200193665094,0.33613866212702326,0.4140421122927435,0.3278688524590164,1.3544262295027114,0.7383200193665094
1999-04-08,0.36661990132448535,3.0,0.3278688524590164,0.0,0.0,0,0.0,0.7383200193665094,0.32605450226321253,0.4140421122927435,0.3278688524590164,1.3544262295027114,0.7383200193665094
1999-04-09,0.36625835096671705,3.0,0.3278688524590164,0.0,0.0,0,0.0,0.7383200193665094,0.31627286719531617,0.4140421122927435,0.3278688524590164,1.3544262295027114,0.7383200193665094
1999-04-12,0.38007021235108523,3.0,0.3278688524590164,0.0,0.0,0,0.0,0.7383200193665094,0.3067846811794567,0.4140421122927435,0.3278688524590164,1.3544262295027114,0.7383200193665094
1999-04-13,0.3694374005441199,3.0,0.3278688524590164,0.0,0.0,0,0.0,0.7383200193665094,0.297581140744073,0.4140421122927435,0.3278688524590164,1.3544262295027114,0.7383200193665094
1999-04-14,0.3889435860582106,2.0,0.48780487804878053,0.0,0.0,0,0.0,0.4962478818697894,0.2886537065217508,0.4140421122927435,0.3278688524590164,1.3544262295027114,0.7383200193665094
1999-04-15,0.38221395205584935,2.0,0.48780487804878053,0.0,0.0,0,0.0,0.4962478818697894,0.2799940953260983,0.4140421122927435,0.3278688524590164,1.3544262295027114,0.7383200193665094
1999-04-16,0.3632929521071813,1.5,0.6451612903225806,0.0,0.0,0,0.0,0.37521181312124796,0.27159427246631535,0.4140421122927435,0.3278688524590164,1.3544262295027114,0.7383200193665094
1999-04-19,0.3685986345670141,2.5,0.3921568627450981,0.0,0.0,0,0.0,0.6172839506182098,0.2634464442923259,0.4140421122927435,0.3278688524590164,1.3544262295027114,0.7383200193665094
1999-04-20,0.3462055335968381,3.0,0.3278688524590164,9.311053035351498e-10,0.9999999990678947,1,8.678881713816488e-19,0.7383200193665094,0.2555430509635561,0.4140421122927435,0.3278688524590164,1.3544262295027114,0.7383200193665094
1999-04-21,0.33245367280940413,3.0,0.3278688524590164,0.0,0.0,0,0.0,0.7383200193665094,0.24787675943464943,0.4140421122927435,0.3278688524590164,1.3544262295027114,0.7383200193665094
1999-04-22,0.34879985627021204,3.0,0.3278688524590164,6.114031503108455e-11,0.9999999999378597,1,3.799277084720424e-21,0.7383200193665094,0.24044045665160993,0.4140421122927435,0.3278688524590164,1.3544262295027114,0.7383200193665094
1999-04-23,0.3006195780504081,3.0,0.3278688524590164,9.221057250662094e-11,0.9999999999067894,1,8.594998215049467e-21,0.7383200193665094,0.23322724295206163,0.4140421122927435,0.3278688524590164,1.3544262295027114,0.7383200193665094
1999-04-26,0.30347237076725925,3.0,0.3278688524590164,1.3215795124034712e-10,0.9999999998668421,1,1.759787910489669e-20,0.7383200193665094,0.22623042566349977,0.4140421122927435,0.3278688524590164,1.3544262295027114,0.7383200193665094
1999-04-27,0.2944694920756474,3.0,0.3278688524590164,3.352240707184397e-11,0.9999999999654776,1,1.1572734414089106e-21,0.7383200193665094,0.21944351289359476,0.4140421122927435,0.3278688524590164,1.3544262295027114,0.7383200193665094
1999-04-28,0.27942012010184286,3.0,0.3278688524590164,4.6505266293703776e-10,0.9999999995339474,1,2.167390217305079e-19,0.7383200193665094,0.2128602075067869,0.4140421122927435,0.3278688524590164,1.3544262295027114,0.7383200193665094
1999-04-29,0.22548350620838178,3.0,0.3278688524590164,0.0,0.0,0,0.0,0.7383200193665094,0.20647440128158331,0.4140421122927435,0.3278688524590164,1.3544262295027114,0.7383200193665094
1999-04-30,0.2174256968328115,3.5,0.28169014084507044,5.382971845896038e-11,0.9999999999451703,1,2.9514671171048215e-21,0.8593560881146878,0.24131623799131424,0.4140421122927435,0.3278688524590164,1.3544262295027114,0.7383200193665094
1999-05-03,0.19436938555515634,3.0,0.3278688524590164,6.170064459329103e-12,0.99999999999283,1,4.423962339932165e-23,0.7383200193665094,0.2340767508515748,0.4140421122927435,0.3278688524590164,1.3544262295027114,0.7383200193665094
1999-05-04,0.19573481854114266,3.0,0.3278688524590164,4.862332758631652e-12,0.9999999999941377,1,2.8504505051210843e-23,0.7383200193665094,0.22705444832602756,0.4140421122927435,0.3278688524590164,1.3544262295027114,0.7383200193665094
1999-05-05,0.17882295570042614,3.0,0.3278688524590164,6.0614846475215354e-12,0.9999999999929385,1,4.280294668934201e-23,0.7383200193665094,0.22024281487624672,0.4140421122927435,0.3278688524590164,1.3544262295027114,0.7383200193665094
1999-05-06,0.18574765155792825,3.0,0.3278688524590164,3.2368552282861685e-12,0.9999999999957632,1,1.3714015392391673e-23,0.7383200193665094,0.2136355304299593,0.4140421122927435,0.3278688524590164,1.3544262295027114,0.7383200193665094
1999-05-07,0.19265284122991638,3.0,0.3278688524590164,3.088196365289479e-12,0.9999999999959118,1,1.2625084839685217e-23,0.7383200193665094,0.20722646451706053,0.4140421122927435,0.3278688524590164,1.3544262295027114,0.7383200193665094
1999-05-10,0.19520815153226223,3.0,0.3278688524590164,2.571276525025986e-12,0.9999999999964287,1,9.182682612131164e-24,0.7383200193665094,0.2010096705815487,0.4140421122927435,0.3278688524590164,1.3544262295027114,0.7383200193665094
1999-05-11,0.1990703762640522,3.0,0.3278688524590164,3.569144979555015e-12,0.9999999999954309,1,1.6307861909046943e-23,0.7383200193665094,0.19497938046410224,0.4140421122927435,0.3278688524590164,1.3544262295027114,0.7383200193665094
1999-05-12,0.19385620015534377,3.0,0.3278688524590164,3.1061819782883325e-12,0.9999999999958938,1,1.2754479746467814e-23,0.7383200193665094,0.18912999905017916,0.4140421122927435,0.3278688524590164,1.3544262295027114,0.7383200193665094
1999-05-13,0.18994450199623555,3.0,0.3278688524590164,2.88369328415434e-12,0.9999999999961163,1,1.1199316448995741e-23,0.7383200193665094,0.18345609907867377,0.4140421122927435,0.3278688524590164,1.3544262295027114,0.7383200193665094
1999-05-14,0.15674315613478726,3.0,0.3278688524590164,2.9080071683935365e-12,0.999999999996092,1,1.1364448529721792e-23,0.7383200193665094,0.17795241610631354,0.4140421122927435,0.3278688524590164,1.3544262295027114,0.7383200193665094
1999-05-17,0.15751318491458968,3.0,0.3278688524590164,3.161249040309513e-12,0.9999999999958388,1,1.3154674602926614e-23,0.7383200193665094,0.17261384362312412,0.4140421122927435,0.3278688524590164,1.3544262295027114,0.7383200193665094
1999-05-18,0.17731275106186026,3.0,0.3278688524590164,5.214051412830778e-12,0.999999999993786,1,3.240026820478542e-23,0.7383200193665094,0.1674354283144304,0.4140421122927435,0.3278688524590164,1.3544262295027114,0.7383200193665094
1999-05-19,0.17240542204384568,2.0,0.48780487804878053,3.554279093198503e-11,0.9999999999634572,1,1.298831991922823e-21,0.4962478818697894,0.1624123654649975,0.4140421122927435,0.3278688524590164,1.3544262295027114,0.7383200193665094
1999-05-20,0.16938937211356625,3.0,0.3278688524590164,0.0,0.0,0,0.0,0.7383200193665094,0.15753999450104755,0.4140421122927435,0.3278688524590164,1.3544262295027114,0.7383200193665094
1999-05-21,0.1727251336858977,3.0,0.3278688524590164,3.7034375565513315e-11,0.9999999999619656,1,1.4085785298556805e-21,0.7383200193665094,0.15281379466601613,0.4140421122927435,0.3278688524590164,1.3544262295027114,0.7383200193665094
1999-05-24,0.1585911971080716,3.0,0.3278688524590164,1.3234902062285965e-10,0.999999999866651,1,1.7648609353841644e-20,0.7383200193665094,0.14822938082603565,0.4140421122927435,0.3278688524590164,1.3544262295027114,0.7383200193665094
1999-05-25,0.17334001102093274,2.5,0.3921568627450981,0.0,0.0,0,0.0,0.6172839506182098,0.14378249940125457,0.4140421122927435,0.3278688524590164,1.3544262295027114,0.7383200193665094
1999-05-26,0.22117758944466592,3.0,0.3278688524590164,0.0,0.0,0,0.0,0.7383200193665094,0.13946902441921694,0.4140421122927435,0.3278688524590164,1.3544262295027114,0.7383200193665094
1999-05-27,0.2449774111721609,2.0,0.48780487804878053,0.0,0.0,0,0.0,0.4962478818697894,0.13528495368664042,0.4140421122927435,0.3278688524590164,1.3544262295027114,0.7383200193665094
1999-05-28,0.2941745013073117,2.0,0.48780487804878053,0.0,0.0,0,0.0,0.4962478818697894,0.13122640507604122,0.4140421122927435,0.3278688524590164,1.3544262295027114,0.7383200193665094
1999-06-01,0.29483729840650297,2.0,0.48780487804878053,0.0,0.0,0,0.0,0.4962478818697894,0.12728961292375998,0.4140421122927435,0.3278688524590164,1.3544262295027114,0.7383200193665094
1999-06-02,0.3108408192597917,3.0,0.3278688524590164,0.0,0.0,0,0.0,0.7383200193665094,0.12347092453604717,0.4140421122927435,0.3278688524590164,1.3544262295027114,0.7383200193665094
1999-06-03,0.3120306965761511,3.0,0.3278688524590164,0.0,0.0,0,0.0,0.7383200193665094,0.11976679679996576,0.4140421122927435,0.3278688524590164,1.3544262295027114,0.7383200193665094
1999-06-04,0.3521744263641497,3.0,0.3278688524590164,0.0,0.0,0,0.0,0.7383200193665094,0.11617379289596678,0.4140421122927435,0.3278688524590164,1.3544262295027114,0.7383200193665094
1999-06-07,0.3650094964324215,3.0,0.3278688524590164,0.0,0.0,0,0.0,0.7383200193665094,0.11268857910908778,0.4140421122927435,0.3278688524590164,1.3544262295027114,0.7383200193665094
1999-06-08,0.36536060777167495,3.0,0.3278688524590164,0.0,0.0,0,0.0,0.7383200193665094,0.10930792173581515,0.4140421122927435,0.3278688524590164,1.3544262295027114,0.7383200193665094
1999-06-09,0.34879985627021204,3.0,0.3278688524590164,0.0,0.0,0,0.0,0.7383200193665094,0.10602868408374069,0.4140421122927435,0.3278688524590164,1.3544262295027114,0.7383200193665094
1999-06-10,0.3443134336019712,3.0,0.3278688524590164,0.0,0.0,0,0.0,0.7383200193665094,0.10284782356122847,0.4140421122927435,0.3278688524590164,1.3544262295027114,0.7383200193665094
1999-06-11,0.34429392741645715,3.0,0.3278688524590164,0.0,0.0,0,0.0,0.7383200193665094,0.09976238885439162,0.4140421122927435,0.3278688524590164,1.3544262295027114,0.7383200193665094
1999-06-14,0.3486438067860993,2.0,0.48780487804878053,0.0,0.0,0,0.0,0.4962478818697894,0.09676951718875987,0.4140421122927435,0.3278688524590164,1.3544262295027114,0.7383200193665094
1999-06-15,0.3566218366613624,2.0,0.48780487804878053,4.1368353186568313e-11,0.9999999999576317,1,1.7527080834532026e-21,0.4962478818697894,0.09386643167309706,0.4140421122927435,0.3278688524590164,1.3544262295027114,0.7383200193665094
1999-06-16,0.3366475026949335,2.0,0.48780487804878053,7.667544376897341e-11,0.9999999999223246,1,5.9557974249765414e-21,0.4962478818697894,0.09105043872290415,0.4140421122927435,0.3278688524590164,1.3544262295027114,0.7383200193665094
1999-06-17,0.33378009342436216,2.0,0.48780487804878053,0.0,0.0,0,0.0,0.4962478818697894,0.08831892556121702,0.4140421122927435,0.3278688524590164,1.3544262295027114,0.7383200193665094
1999-06-18,0.33229762332529145,3.0,0.3278688524590164,0.0,0.0,0,0.0,0.7383200193665094,0.08566935779438051,0.4140421122927435,0.3278688524590164,1.3544262295027114,0.7383200193665094
1999-06-21,0.3214326779939428,2.0,0.48780487804878053,0.0,0.0,0,0.0,0.4962478818697894,0.08309927706054909,0.4140421122927435,0.3278688524590164,1.3544262295027114,0.7383200193665094
1999-06-22,0.3353796006365176,2.0,0.48780487804878053,0.0,0.0,0,0.0,0.4962478818697894,0.08060629874873262,0.4140421122927435,0.3278688524590164,1.3544262295027114,0.7383200193665094
1999-06-23,0.33214157384117854,3.0,0.3278688524590164,5.0783599546458714e-11,0.9999999999482164,1,2.629756459089028e-21,0.7383200193665094,0.07818810978627064,0.4140421122927435,0.3278688524590164,1.3544262295027114,0.7383200193665094
1999-06-24,0.3008341460910631,2.0,0.48780487804878053,5.0783599546458714e-11,0.9999999999482164,1,2.629756459089028e-21,0.4962478818697894,0.07584246649268252,0.4140421122927435,0.3278688524590164,1.3544262295027114,0.7383200193665094
1999-06-25,0.2697217801960885,2.0,0.48780487804878053,0.0,0.0,0,0.0,0.4962478818697894,0.07356719249790204,0.4140421122927435,0.3278688524590164,1.3544262295027114,0.7383200193665094
1999-06-28,0.23823879677634616,2.0,0.48780487804878053,0.0,0.0,0,0.0,0.4962478818697894,0.07136017672296498,0.4140421122927435,0.3278688524590164,1.3544262295027114,0.7383200193665094
1999-06-29,0.22095631641086194,3.0,0.3278688524590164,9.311053035351498e-10,0.9999999990678947,1,8.678881713816488e-19,0.7383200193665094,0.06921937142127603,0.4140421122927435,0.3278688524590164,1.3544262295027114,0.7383200193665094
1999-06-30,0.22766644422770907,3.0,0.3278688524590164,2.3202639806768103e-10,0.9999999997669736,1,5.4068270671806165e-20,0.7383200193665094,0.06714279027863775,0.4140421122927435,0.3278688524590164,1.3544262295027114,0.7383200193665094
1999-07-01,0.22823212360761766,2.5,0.3921568627450981,0.0,0.0,0,0.0,0.6172839506182098,0.0651285065702786,0.4140421122927435,0.3278688524590164,1.3544262295027114,0.7383200193665094
1999-07-02,0.23589805451465531,3.0,0.3278688524590164,0.0,0.0,0,0.0,0.7383200193665094,0.06317465137317024,0.4140421122927435,0.3278688524590164,1.3544262295027114,0.7383200193665094
1999-07-06,0.23351829988193623,2.0,0.48780487804878053,0.0,0.0,0,0.0,0.4962478818697894,0.061279411831975134,0.4140421122927435,0.3278688524590164,1.3544262295027114,0.7383200193665094
1999-07-07,0.1992849443047072,2.0,0.48780487804878053,0.0,0.0,0,0.0,0.4962478818697894,0.05944102947701588,0.4140421122927435,0.3278688524590164,1.3544262295027114,0.7383200193665094
1999-07-08,0.21732816590524098,2.0,0.48780487804878053,0.0,0.0,0,0.0,0.4962478818697894,0.0576577985927054,0.4140421122927435,0.3278688524590164,1.3544262295027114,0.7383200193665094
1999-07-09,0.1927503721574868,1.0,0.9523809523809523,0.0,0.0,0,0.0,0.25417574437258533,0.05592806463492424,0.4140421122927435,0.3278688524590164,1.3544262295027114,0.7383200193665094
1999-07-12,0.21001334633745708,1.0,0.9523809523809523,0.0,0.0,0,0.0,0.25417574437258533,0.05425022269587651,0.4140421122927435,0.3278688524590164,1.3544262295027114,0.7383200193665094
1999-07-13,0.21775730198655102,1.0,0.9523809523809523,0.0,0.0,0,0.0,0.25417574437258533,0.052622716015000216,0.4140421122927435,0.3278688524590164,1.3544262295027114,0.7383200193665094
1999-07-14,0.20962969622368313,1.0,0.9523809523809523,0.0,0.0,0,0.0,0.25417574437258533,0.05104403453455021,0.4140421122927435,0.3278688524590164,1.3544262295027114,0.7383200193665094
1999-07-15,0.20965946512550915,1.0,0.9523809523809523,0.0,0.0,0,0.0,0.25417574437258533,0.0495127134985137,0.4140421122927435,0.3278688524590164,1.3544262295027114,0.7383200193665094
1999-07-16,0.2063522989434665,1.5,0.6451612903225806,0.0,0.0,0,0.0,0.37521181312124796,0.04802733209355829,0.4140421122927435,0.3278688524590164,1.3544262295027114,0.7383200193665094
1999-07-19,0.22722870515023735,1.0,0.9523809523809523,0.0,0.0,0,0.0,0.25417574437258533,0.046586512130751545,0.4140421122927435,0.3278688524590164,1.3544262295027114,0.7383200193665094
1999-07-20,0.2756936494406274,1.0,0.9523809523809523,0.0,0.0,0,0.0,0.25417574437258533,0.045188916766829,0.4140421122927435,0.3278688524590164,1.3544262295027114,0.7383200193665094
1999-07-21,0.27327052345338204,1.0,0.9523809523809523,0.0,0.0,0,0.0,0.25417574437258533,0.04383324926382413,0.4140421122927435,0.3278688524590164,1.3544262295027114,0.7383200193665094
1999-07-22,0.2897841789326825,2.0,0.48780487804878053,6.162081955611234e-11,0.9999999999373792,1,3.8587448592853334e-21,0.4962478818697894,0.0425182517859094,0.4140421122927435,0.3278688524590164,1.3544262295027114,0.7383200193665094
1999-07-23,0.28611631077875305,2.5,0.3921568627450981,3.158595607235774e-11,0.9999999999674141,1,1.0292578783583447e-21,0.6172839506182098,0.04124270423233212,0.4140421122927435,0.3278688524590164,1.3544262295027114,0.7383200193665094
1999-07-26,0.30796686121848693,2.0,0.48780487804878053,3.7173686344419496e-10,0.9999999996272632,1,1.3856002430913644e-19,0.4962478818697894,0.040005423105362155,0.4140421122927435,0.3278688524590164,1.3544262295027114,0.7383200193665094
1999-07-27,0.30061245636598505,2.5,0.3921568627450981,0.0,0.0,0,0.0,0.6172839506182098,0.03880526041220129,0.4140421122927435,0.3278688524590164,1.3544262295027114,0.7383200193665094
1999-07-28,0.28588309617209784,2.0,0.48780487804878053,0.0,0.0,0,0.0,0.4962478818697894,0.03764110259983525,0.4140421122927435,0.3278688524590164,1.3544262295027114,0.7383200193665094
1999-07-29,0.3324243608140572,3.0,0.3278688524590164,0.0,0.0,0,0.0,0.7383200193665094,0.03651186952184019,0.4140421122927435,0.3278688524590164,1.3544262295027114,0.7383200193665094
1999-07-30,0.279679215088669,3.0,0.3278688524590164,0.0,0.0,0,0.0,0.7383200193665094,0.03541651343618499,0.4140421122927435,0.3278688524590164,1.3544262295027114,0.7383200193665094
1999-08-02,0.24283365698341838,2.0,0.48780487804878053,0.0,0.0,0,0.0,0.4962478818697894,0.03435401803309944,0.4140421122927435,0.3278688524590164,1.3544262295027114,0.7383200193665094
1999-08-03,0.24075704172379683,3.0,0.3278688524590164,0.0,0.0,0,0.0,0.7383200193665094,0.03332339749210646,0.4140421122927435,0.3278688524590164,1.3544262295027114,0.7383200193665094
1999-08-04,0.22150030924305264,3.0,0.3278688524590164,0.0,0.0,0,0.0,0.7383200193665094,0.03232369556734326,0.4140421122927435,0.3278688524590164,1.3544262295027114,0.7383200193665094
1999-08-05,0.23471811072553295,2.5,0.3921568627450981,0.0,0.0,0,0.0,0.6172839506182098,0.03135398470032296,0.4140421122927435,0.3278688524590164,1.3544262295027114,0.7383200193665094
1999-08-06,0.22896351052668437,3.0,0.3278688524590164,0.0,0.0,0,0.0,0.7383200193665094,0.030413365159313272,0.4140421122927435,0.3278688524590164,1.3544262295027114,0.7383200193665094
1999-08-09,0.22592849606824023,2.5,0.3921568627450981,0.0,0.0,0,0.0,0.6172839506182098,0.029500964204533874,0.4140421122927435,0.3278688524590164,1.3544262295027114,0.7383200193665094
1999-08-10,0.20589436372725825,3.0,0.3278688524590164,0.0,0.0,0,0.0,0.7383200193665094,0.028615935278397855,0.4140421122927435,0.3278688524590164,1.3544262295027114,0.7383200193665094
1999-08-11,0.21295960263477182,3.0,0.3278688524590164,0.0,0.0,0,0.0,0.7383200193665094,0.027757457220045918,0.4140421122927435,0.3278688524590164,1.3544262295027114,0.7383200193665094
1999-08-12,0.21050159737279908,3.0,0.3278688524590164,0.0,0.0,0,0.0,0.7383200193665094,0.02692473350344454,0.4140421122927435,0.3278688524590164,1.3544262295027114,0.7383200193665094
1999-08-13,0.21576767106411376,3.0,0.3278688524590164,0.0,0.0,0,0.0,0.7383200193665094,0.0261169914983412,0.4140421122927435,0.3278688524590164,1.3544262295027114,0.7383200193665094
1999-08-16,0.2014099629200928,2.0,0.48780487804878053,0.0,0.0,0,0.0,0.4962478818697894,0.025333481753390966,0.4140421122927435,0.3278688524590164,1.3544262295027114,0.7383200193665094
1999-08-17,0.21451832894442757,2.5,0.3921568627450981,0.0,0.0,0,0.0,0.6172839506182098,0.024573477300789237,0.4140421122927435,0.3278688524590164,1.3544262295027114,0.7383200193665094
1999-08-18,0.20267580444651395,2.0,0.48780487804878053,0.0,0.0,0,0.0,0.4962478818697894,0.02383627298176556,0.4140421122927435,0.3278688524590164,1.3544262295027114,0.7383200193665094
1999-08-19,0.17363939557033897,2.0,0.48780487804878053,0.0,0.0,0,0.0,0.4962478818697894,0.023121184792312593,0.4140421122927435,0.3278688524590164,1.3544262295027114,0.7383200193665094
1999-08-20,0.17004565450055567,2.5,0.3921568627450981,0.0,0.0,0,0.0,0.6172839506182098,0.022427549248543215,0.4140421122927435,0.3278688524590164,1.3544262295027114,0.7383200193665094
1999-08-23,0.18585553360709223,2.5,0.3921568627450981,0.0,0.0,0,0.0,0.6172839506182098,0.021754722771086917,0.4140421122927435,0.3278688524590164,1.3544262295027114,0.7383200193665094
1999-08-24,0.18273550297444222,2.5,0.3921568627450981,0.0,0.0,0,0.0,0.6172839506182098,0.02110208108795431,0.4140421122927435,0.3278688524590164,1.3544262295027114,0.7383200193665094
1999-08-25,0.18789191819385698,2.0,0.48780487804878053,0.0,0.0,0,0.0,0.4962478818697894,0.02046901865531568,0.4140421122927435,0.3278688524590164,1.3544262295027114,0.7383200193665094
1999-08-26,0.19534836292078772,3.0,0.3278688524590164,9.311053035351498e-10,0.9999999990678947,1,8.678881713816488e-19,0.7383200193665094,0.01985494809565621,0.4140421122927435,0.3278688524590164,1.3544262295027114,0.7383200193665094
1999-08-27,0.20685987849935603,3.0,0.3278688524590164,1.6137868818897535e-11,0.9999999999828622,1,2.765683218397873e-22,0.7383200193665094,0.019259299652786523,0.4140421122927435,0.3278688524590164,1.3544262295027114,0.7383200193665094
1999-08-30,0.19091341199998615,2.0,0.48780487804878053,1.1030987234141925e-10,0.9999999998886901,1,1.2278575368760816e-20,0.4962478818697894,0.018681520663202927,0.4140421122927435,0.3278688524590164,1.3544262295027114,0.7383200193665094
1999-08-31,0.1948251462857717,1.0,0.9523809523809523,1.543509764324952e-10,0.999999999844649,1,2.3978571489450547e-20,0.25417574437258533,0.018121075043306838,0.4140421122927435,0.3278688524590164,1.3544262295027114,0.7383200193665094
1999-09-01,0.21249528108439522,1.5,0.6451612903225806,0.4135291236866618,0.8552298247198395,2,0.05986668371956918,0.37521181312124796,0.017577442792007632,0.4140421122927435,0.3278688524590164,1.3544262295027114,0.7383200193665094
1999-09-02,0.2289836078116074,1.5,0.6451612903225806,3.005262705309673e-11,0.9999999999689474,1,9.33212355044288e-22,0.37521181312124796,0.0170501195082474,0.4140421122927435,0.3278688524590164,1.3544262295027114,0.7383200193665094
1999-09-03,0.2764741420213214,2.0,0.48780487804878053,6.800593421491632e-11,0.9999999999309941,1,4.692811518412081e-21,0.4962478818697894,0.016538615922999978,0.4140421122927435,0.3278688524590164,1.3544262295027114,0.7383200193665094
1999-09-07,0.2601054208963644,1.5,0.6451612903225806,0.0,0.0,0,0.0,0.37521181312124796,0.01604245744530998,0.4140421122927435,0.3278688524590164,1.3544262295027114,0.7383200193665094
1999-09-08,0.2519945764404452,2.0,0.48780487804878053,5.3798743236575034e-11,0.9999999999452013,1,2.9481023270315114e-21,0.4962478818697894,0.015561183721950679,0.4140421122927435,0.3278688524590164,1.3544262295027114,0.7383200193665094
1999-09-09,0.2632128906185309,2.0,0.48780487804878053,8.373690629422583e-11,0.9999999999152631,1,7.095604529918366e-21,0.4962478818697894,0.015094348210292157,0.4140421122927435,0.3278688524590164,1.3544262295027114,0.7383200193665094
1999-09-10,0.28211025524376493,2.0,0.48780487804878053,1.543509764324952e-10,0.999999999844649,1,2.3978571489450547e-20,0.4962478818697894,0.014641517763983392,0.4140421122927435,0.3278688524590164,1.3544262295027114,0.7383200193665094
1999-09-13,0.28323248349120567,2.0,0.48780487804878053,0.0,0.0,0,0.0,0.4962478818697894,0.01420227223106389,0.4140421122927435,0.3278688524590164,1.3544262295027114,0.7383200193665094
1999-09-14,0.28073391206899717,2.0,0.48780487804878053,0.0,0.0,0,0.0,0.4962478818697894,0.013776204064131973,0.4140421122927435,0.3278688524590164,1.3544262295027114,0.7383200193665094
1999-09-15,0.306912788729844,2.0,0.48780487804878053,0.0,0.0,0,0.0,0.4962478818697894,0.013362917942208013,0.4140421122927435,0.3278688524590164,1.3544262295027114,0.7383200193665094
1999-09-16,0.30621108963834787,2.0,0.48780487804878053,0.0,0.0,0,0.0,0.4962478818697894,0.012962030403941772,0.4140421122927435,0.3278688524590164,1.3544262295027114,0.7383200193665094
1999-09-17,0.29148180107812344,2.0,0.48780487804878053,0.0,0.0,0,0.0,0.4962478818697894,0.012573169491823518,0.4140421122927435,0.3278688524590164,1.3544262295027114,0.7383200193665094
1999-09-20,0.28677424962609394,2.0,0.48780487804878053,6.557898668325026e-11,0.999999999933421,1,4.3661810305104906e-21,0.4962478818697894,0.012195974407068813,0.4140421122927435,0.3278688524590164,1.3544262295027114,0.7383200193665094
1999-09-21,0.3194616099684198,3.0,0.3278688524590164,0.0,0.0,0,0.0,0.7383200193665094,0.011830095174856748,0.4140421122927435,0.3278688524590164,1.3544262295027114,0.7383200193665094
1999-09-22,0.31906427869727244,3.0,0.3278688524590164,0.0,0.0,0,0.0,0.7383200193665094,0.011475192319611045,0.4140421122927435,0.3278688524590164,1.3544262295027114,0.7383200193665094
1999-09-23,0.33479145153962137,3.0,0.3278688524590164,0.0,0.0,0,0.0,0.7383200193665094,0.011130936550022712,0.4140421122927435,0.3278688524590164,1.3544262295027114,0.7383200193665094
1999-09-24,0.33171881356394284,3.0,0.3278688524590164,0.0,0.0,0,0.0,0.7383200193665094,0.010797008453522031,0.4140421122927435,0.3278688524590164,1.3544262295027114,0.7383200193665094
1999-09-27,0.3321272974954208,3.0,0.3278688524590164,0.0,0.0,0,0.0,0.7383200193665094,0.01047309819991637,0.4140421122927435,0.3278688524590164,1.3544262295027114,0.7383200193665094
1999-09-28,0.3134681627844107,3.0,0.3278688524590164,0.0,0.0,0,0.0,0.7383200193665094,0.010158905253918878,0.4140421122927435,0.3278688524590164,1.3544262295027114,0.7383200193665094
1999-09-29,0.3108553421537445,3.0,0.3278688524590164,0.0,0.0,0,0.0,0.7383200193665094,0.009854138096301313,0.4140421122927435,0.3278688524590164,1.3544262295027114,0.7383200193665094
1999-09-30,0.3255874955084442,1.0,0.9523809523809523,0.0,0.0,0,0.0,0.25417574437258533,0.009558513953412272,0.4140421122927435,0.3278688524590164,1.3544262295027114,0.7383200193665094
1999-10-01,0.3295277449822905,2.0,0.48780487804878053,0.0,0.0,0,0.0,0.4962478818697894,0.009271758534809904,0.4140421122927435,0.3278688524590164,1.3544262295027114,0.7383200193665094
1999-10-04,0.308987731635953,3.0,0.3278688524590164,0.0,0.0,0,0.0,0.7383200193665094,0.008993605778765608,0.4140421122927435,0.3278688524590164,1.3544262295027114,0.7383200193665094
1999-10-05,0.29550895744571637,3.0,0.3278688524590164,5.0783599546458714e-11,0.9999999999482164,1,2.629756459089028e-21,0.7383200193665094,0.00872379760540264,0.4140421122927435,0.3278688524590164,1.3544262295027114,0.7383200193665094
1999-10-06,0.28175709665828247,1.0,0.9523809523809523,1.155132656126397e-10,0.9999999998834868,1,1.3458825243540766e-20,0.25417574437258533,0.008462083677240561,0.4140421122927435,0.3278688524590164,1.3544262295027114,0.7383200193665094
1999-10-07,0.3135911914172784,3.0,0.3278688524590164,0.0,0.0,0,0.0,0.7383200193665094,0.008208221166923343,0.4140421122927435,0.3278688524590164,1.3544262295027114,0.7383200193665094
1999-10-08,0.3108213130742775,3.0,0.3278688524590164,2.1192936294521388e-11,0.9999999999778071,1,4.703330162591665e-22,0.7383200193665094,0.007961974531915642,0.4140421122927435,0.3278688524590164,1.3544262295027114,0.7383200193665094
1999-10-11,0.2959123120849826,3.0,0.3278688524590164,1.155132656126397e-10,0.9999999998834868,1,1.3458825243540766e-20,0.7383200193665094,0.007723115295958172,0.4140421122927435,0.3278688524590164,1.3544262295027114,0.7383200193665094
1999-10-12,0.3082697202689658,3.0,0.3278688524590164,0.0,0.0,0,0.0,0.7383200193665094,0.0074914218370794265,0.4140421122927435,0.3278688524590164,1.3544262295027114,0.7383200193665094
1999-10-13,0.2912013837169611,3.0,0.3278688524590164,0.0,0.0,0,0.0,0.7383200193665094,0.007266679181967044,0.4140421122927435,0.3278688524590164,1.3544262295027114,0.7383200193665094
1999-10-14,0.3018325908982145,3.0,0.3278688524590164,4.1368353186568313e-11,0.9999999999576317,1,1.7527080834532026e-21,0.7383200193665094,0.007048678806508032,0.4140421122927435,0.3278688524590164,1.3544262295027114,0.7383200193665094
1999-10-15,0.31835792218603076,3.0,0.3278688524590164,7.070044549549201e-11,0.9999999999282996,1,5.069251874922759e-21,0.7383200193665094,0.006837218442312791,0.4140421122927435,0.3278688524590164,1.3544262295027114,0.7383200193665094
1999-10-18,0.32138189331899153,3.0,0.3278688524590164,0.0,0.0,0,0.0,0.7383200193665094,0.006632101889043407,0.4140421122927435,0.3278688524590164,1.3544262295027114,0.7383200193665094
1999-10-19,0.3223882386686045,3.0,0.3278688524590164,0.0,0.0,0,0.0,0.7383200193665094,0.006433138832372105,0.4140421122927435,0.3278688524590164,1.3544262295027114,0.7383200193665094
1999-10-20,0.34439996354775565,2.0,0.48780487804878053,0.0,0.0,0,0.0,0.4962478818697894,0.006240144667400941,0.4140421122927435,0.3278688524590164,1.3544262295027114,0.7383200193665094
1999-10-21,0.30511524418785113,2.0,0.48780487804878053,1.0215128742353367e-10,0.9999999998968487,1,1.0537034550490135e-20,0.4962478818697894,0.006052940327378913,0.4140421122927435,0.3278688524590164,1.3544262295027114,0.7383200193665094
1999-10-22,0.3367054262315414,2.0,0.48780487804878053,0.0,0.0,0,0.0,0.4962478818697894,0.005871352117557545,0.4140421122927435,0.3278688524590164,1.3544262295027114,0.7383200193665094
1999-10-25,0.3147568299358683,3.0,0.3278688524590164,0.0,0.0,0,0.0,0.7383200193665094,0.005695211554030819,0.4140421122927435,0.3278688524590164,1.3544262295027114,0.7383200193665094
1999-10-26,0.3098882653639093,3.0,0.3278688524590164,0.0,0.0,0,0.0,0.7383200193665094,0.005524355207409894,0.4140421122927435,0.3278688524590164,1.3544262295027114,0.7383200193665094
1999-10-27,0.2924480606433859,2.0,0.48780487804878053,0.0,0.0,0,0.0,0.4962478818697894,0.005358624551187597,0.4140421122927435,0.3278688524590164,1.3544262295027114,0.7383200193665094
1999-10-28,0.32517648687413375,2.0,0.48780487804878053,0.0,0.0,0,0.0,0.4962478818697894,0.005197865814651969,0.4140421122927435,0.3278688524590164,1.3544262295027114,0.7383200193665094
1999-10-29,0.3185639230415199,3.0,0.3278688524590164,0.0,0.0,0,0.0,0.7383200193665094,0.00504192984021241,0.4140421122927435,0.3278688524590164,1.3544262295027114,0.7383200193665094
1999-11-01,0.3160876787661155,1.5,0.6451612903225806,0.0,0.0,0,0.0,0.37521181312124796,0.004890671945006037,0.4140421122927435,0.3278688524590164,1.3544262295027114,0.7383200193665094
1999-11-02,0.34337884875677255,3.0,0.3278688524590164,0.0,0.0,0,0.0,0.7383200193665094,0.004743951786655856,0.4140421122927435,0.3278688524590164,1.3544262295027114,0.7383200193665094
1999-11-03,0.3494570888311285,3.0,0.3278688524590164,0.0,0.0,0,0.0,0.7383200193665094,0.00460163323305618,0.4140421122927435,0.3278688524590164,1.3544262295027114,0.7383200193665094
1999-11-04,0.35071542787259974,2.0,0.48780487804878053,0.0,0.0,0,0.0,0.4962478818697894,0.004463584236064495,0.4140421122927435,0.3278688524590164,1.3544262295027114,0.7383200193665094
1999-11-05,0.3220202477709913,2.0,0.48780487804878053,0.0,0.0,0,0.0,0.4962478818697894,0.0043296767089825595,0.4140421122927435,0.3278688524590164,1.3544262295027114,0.7383200193665094
1999-11-08,0.3018484677377958,2.0,0.48780487804878053,4.6505266293703776e-10,0.9999999995339474,1,2.167390217305079e-19,0.4962478818697894,0.0041997864077130825,0.4140421122927435,0.3278688524590164,1.3544262295027114,0.7383200193665094
1999-11-09,0.306178840921924,2.0,0.48780487804878053,3.114153379561468e-11,0.9999999999678585,1,1.0009359720508012e-21,0.4962478818697894,0.00407379281548169,0.4140421122927435,0.3278688524590164,1.3544262295027114,0.7383200193665094
1999-11-10,0.3173558852214979,2.0,0.48780487804878053,4.6505266293703776e-10,0.9999999995339474,1,2.167390217305079e-19,0.4962478818697894,0.0039515790310172385,0.4140421122927435,0.3278688524590164,1.3544262295027114,0.7383200193665094
1999-11-11,0.2961331553821672,2.5,0.3921568627450981,0.0,0.0,0,0.0,0.6172839506182098,0.003833031660086721,0.4140421122927435,0.3278688524590164,1.3544262295027114,0.7383200193665094
1999-11-12,0.30401365432985994,3.0,0.3278688524590164,9.713896353900914e-12,0.9999999999892861,1,1.0407346384068661e-22,0.7383200193665094,0.0037180407102841194,0.4140421122927435,0.3278688524590164,1.3544262295027114,0.7383200193665094
1999-11-15,0.3121477336892357,2.0,0.48780487804878053,1.1105338870647747e-11,0.9999999999878947,1,1.344336446341773e-22,0.4962478818697894,0.0036064994889755957,0.4140421122927435,0.3278688524590164,1.3544262295027114,0.7383200193665094
1999-11-16,0.28006005851855653,2.0,0.48780487804878053,0.5313388614592625,0.7764705882267792,2,0.11876986315424182,0.4962478818697894,0.003498304504306328,0.4140421122927435,0.3278688524590164,1.3544262295027114,0.7383200193665094
1999-11-17,0.2707165956573071,2.0,0.48780487804878053,0.5779217946866824,0.7352941176369799,2,0.15297929859935838,0.4962478818697894,0.003393355369177138,0.4140421122927435,0.3278688524590164,1.3544262295027114,0.7383200193665094
1999-11-18,0.2715553616344131,2.0,0.48780487804878053,0.6322303777796365,0.6727272727215727,2,0.20691176000421202,0.4962478818697894,0.0032915547081018236,0.4140421122927435,0.3278688524590164,1.3544262295027114,0.7383200193665094
1999-11-19,0.23466069681209095,2.0,0.48780487804878053,0.6511793415764436,0.6438356164301358,2,0.23192688878600412,0.4962478818697894,0.0031928080668587686,0.4140421122927435,0.3278688524590164,1.3544262295027114,0.7383200193665094
1999-11-22,0.2316467239421379,2.0,0.48780487804878053,0.4955372921040483,0.8034819996168795,2,0.09738199775955386,0.4962478818697894,0.0030970238248530053,0.4140421122927435,0.3278688524590164,1.3544262295027114,0.7383200193665094
1999-11-23,0.24776939340305582,2.0,0.48780487804878053,0.2696779967274972,0.9236840984026714,2,0.02058071946122038,0.4962478818697894,0.003004113110107415,0.4140421122927435,0.3278688524590164,1.3544262295027114,0.7383200193665094
1999-11-24,0.21922307101083469,2.0,0.48780487804878053,0.5714131312172237,0.7415654476493228,2,0.14767289677342202,0.4962478818697894,0.0029139897168041925,0.4140421122927435,0.3278688524590164,1.3544262295027114,0.7383200193665094
1999-11-26,0.21985037204831834,1.0,0.9523809523809523,0.6175672404241511,0.6919058703169265,2,0.19026884145925624,0.25417574437258533,0.0028265700253000668,0.4140421122927435,0.3278688524590164,1.3544262295027114,0.7383200193665094
1999-11-29,0.22498047181792338,1.5,0.6451612903225806,1.0230261082648409e-11,0.9999999999887698,1,1.1488827659146656e-22,0.37521181312124796,0.0027417729245410648,0.4140421122927435,0.3278688524590164,1.3544262295027114,0.7383200193665094
1999-11-30,0.20459686537697486,2.0,0.48780487804878053,0.6686309833332944,0.6102614724356586,2,0.26059125492821583,0.4962478818697894,0.002659519736804833,0.4140421122927435,0.3278688524590164,1.3544262295027114,0.7383200193665094
1999-12-01,0.18754406711054364,2.0,0.48780487804878053,0.9903407016059897,0.4946152804653628,3,0.500503057724879,0.4962478818697894,0.002579734144700688,0.4140421122927435,0.3278688524590164,1.3544262295027114,0.7383200193665094
1999-12-02,0.18042322319849416,1.0,0.9523809523809523,1.015171687080781,0.4615649176161438,3,0.5466040509670985,0.25417574437258533,0.002502342120359667,0.4140421122927435,0.3278688524590164,1.3544262295027114,0.7383200193665094
1999-12-03,0.1659816838177066,2.0,0.48780487804878053,0.8129692349016144,0.5767701285440759,3,0.3440728647850312,0.4962478818697894,0.002427271856748877,0.4140421122927435,0.3278688524590164,1.3544262295027114,0.7383200193665094
1999-12-06,0.1675375238251185,1.0,0.9523809523809523,0.6891328332450835,0.5447714907655667,2,0.31371291234266063,0.25417574437258533,0.002354453701046411,0.4140421122927435,0.3278688524590164,1.3544262295027114,0.7383200193665094
1999-12-07,0.17188292301266686,2.0,0.48780487804878053,0.663315748070187,0.6215187085198132,2,0.25105260098875065,0.4962478818697894,0.0022838200900150187,0.4140421122927435,0.3278688524590164,1.3544262295027114,0.7383200193665094
1999-12-08,0.18763941062280584,1.5,0.6451612903225806,1.0615175405281553e-11,0.9999999999883848,1,1.2329688946494733e-22,0.37521181312124796,0.002215305487314568,0.4140421122927435,0.3278688524590164,1.3544262295027114,0.7383200193665094
1999-12-09,0.17278063650058914,2.0,0.48780487804878053,0.6895153267084433,0.5425878793371564,2,0.3153926678192425,0.4962478818697894,0.002148846322695131,0.4140421122927435,0.3278688524590164,1.3544262295027114,0.7383200193665094
1999-12-10,0.17061329271114684,1.0,0.9523809523809523,0.6864927502644317,0.5576179514793936,2,0.3036920691565243,0.25417574437258533,0.0020843809330142768,0.4140421122927435,0.3278688524590164,1.3544262295027114,0.7383200193665094
1999-12-13,0.15920833336534598,2.5,0.3921568627450981,3.20484749844014e-11,0.9999999999669515,1,1.0591525148602958e-21,0.6172839506182098,0.0020218495050238483,0.4140421122927435,0.3278688524590164,1.3544262295027114,0.7383200193665094
1999-12-14,0.1537870893900124,2.0,0.48780487804878053,0.0,0.0,0,0.0,0.4962478818697894,0.001961194019873133,0.4140421122927435,0.3278688524590164,1.3544262295027114,0.7383200193665094
1999-12-15,0.14464968102294004,2.5,0.3921568627450981,0.5093426629580733,0.7934551988237318,2,0.10520207905126622,0.6172839506182098,0.001902358199276939,0.4140421122927435,0.3278688524590164,1.3544262295027114,0.7383200193665094
1999-12-16,0.14206529834754034,3.0,0.3278688524590164,0.6679169547036141,0.6118421052594054,2,0.2592572389993039,0.7383200193665094,0.0018452874532986308,0.4140421122927435,0.3278688524590164,1.3544262295027114,0.7383200193665094
1999-12-17,0.10366954666257353,1.0,0.9523809523809523,0.951101066052465,0.5936715481843825,3,0.3864594236892815,0.25417574437258533,0.0017899288296996717,0.4140421122927435,0.3278688524590164,1.3544262295027114,0.7383200193665094
1999-12-20,0.1098517621214886,1.0,0.9523809523809523,1.0668970226963608,0.4508905350672818,3,0.5858432532711088,0.25417574437258533,0.0017362309648086816,0.4140421122927435,0.3278688524590164,1.3544262295027114,0.7383200193665094
1999-12-21,0.10403937887451578,1.0,0.9523809523809523,1.0639732832471236,0.4575163398674235,3,0.577188120979174,0.25417574437258533,0.001684144035864421,0.4140421122927435,0.3278688524590164,1.3544262295027114,0.7383200193665094
1999-12-22,0.10547555506568015,1.0,0.9523809523809523,1.1147533037091848,0.4597863829327842,4,0.6022049143343673,0.25417574437258533,0.0016336197147884884,0.4140421122927435,0.3278688524590164,1.3544262295027114,0.7383200193665094
1999-12-23,0.13549971767363073,1.0,0.9523809523809523,1.0541474923225014,0.4537037036997876,3,0.5758768708099392,0.25417574437258533,0.0015846111233448338,0.4140421122927435,0.3278688524590164,1.3544262295027114,0.7383200193665094
1999-12-27,0.09441969098095584,1.0,0.9523809523809523,0.4581441790667414,0.8285714285603952,2,0.07853900213078195,0.25417574437258533,0.0015370727896444887,0.4140421122927435,0.3278688524590164,1.3544262295027114,0.7383200193665094
1999-12-28,0.09022586109542632,2.0,0.48780487804878053,0.0,0.0,0,0.0,0.4962478818697894,0.001490960605955154,0.4140421122927435,0.3278688524590164,1.3544262295027114,0.7383200193665094
1999-12-29,0.09258610954263129,2.0,0.48780487804878053,1.155132656126397e-10,0.9999999998834868,1,1.3458825243540766e-20,0.4962478818697894,0.0014462317877764995,0.4140421122927435,0.3278688524590164,1.3544262295027114,0.7383200193665094
1999-12-30,0.10534315486884656,2.0,0.48780487804878053,0.6931471805674793,0.4999999999844649,2,0.34657359029450774,0.4962478818697894,0.0014028448341432045,0.4140421122927435,0.3278688524590164,1.3544262295027114,0.7383200193665094
1999-12-31,0.08956265078794722,2.0,0.48780487804878053,0.29543919187963474,0.913043478248535,2,0.025690364514916686,0.4962478818697894,0.0013607594891189084,0.4140421122927435,0.3278688524590164,1.3544262295027114,0.7383200193665094
2000-01-03,0.08367178276269184,2.0,0.48780487804878053,6.517009154521916e-12,0.999999999992483,1,4.89882733073727e-23,0.4962478818697894,0.001319936704445341,0.4140421122927435,0.3278688524590164,1.3544262295027114,0.7383200193665094
2000-01-04,0.1802664134284688,2.0,0.48780487804878053,0.46372643982365874,0.8249999999903875,2,0.08115212697359783,0.4962478818697894,0.0012803386033119809,0.4140421122927435,0.3278688524590164,1.3544262295027114,0.7383200193665094
2000-01-05,0.15976541245315953,0.5,1.8181818181818181,0.5790631867078553,0.8275862068912321,3,0.09983848046995202,0.13313967562380175,0.0012419284452126213,0.4140421122927435,0.3278688524590164,1.3544262295027114,0.7383200193665094
2000-01-06,0.15687849699707412,1.0,0.9523809523809523,0.08221013415097092,0.9839572192464322,2,0.0013188791579054231,0.25417574437258533,0.0012046705918562428,0.4140421122927435,0.3278688524590164,1.3544262295027114,0.7383200193665094
2000-01-07,0.18918074020840822,2.0,0.48780487804878053,0.3816387947836492,0.872483221471052,2,0.04866534967248125,0.4962478818697894,0.0011685304741005553,0.4140421122927435,0.3278688524590164,1.3544262295027114,0.7383200193665094
2000-01-10,0.18440172475745595,2.0,0.48780487804878053,0.23081198935343838,0.9385964912242325,2,0.014172666013816209,0.4962478818697894,0.0011334745598775386,0.4140421122927435,0.3278688524590164,1.3544262295027114,0.7383200193665094
2000-01-11,0.18311431651352603,2.0,0.48780487804878053,0.5475903892018145,0.7630057803427097,2,0.1297757569807159,0.4962478818697894,0.0010994703230812124,0.4140421122927435,0.3278688524590164,1.3544262295027114,0.7383200193665094
2000-01-12,0.1937256814331913,1.5,0.6451612903225806,0.6430945029784325,0.6568627450920369,2,0.22066968239842022,0.37521181312124796,0.001066486213388776,0.4140421122927435,0.3278688524590164,1.3544262295027114,0.7383200193665094
2000-01-13,0.19524716390329044,1.5,0.6451612903225806,0.6767988247315778,0.5901639344172125,2,0.27737656751904444,0.37521181312124796,0.0010344916269871126,0.4140421122927435,0.3278688524590164,1.3544262295027114,0.7383200193665094
2000-01-14,0.19218469277757813,2.0,0.48780487804878053,3.628419786780235e-11,0.9999999999627158,1,1.3528264101339662e-21,0.4962478818697894,0.0010034568781774993,0.4140421122927435,0.3278688524590164,1.3544262295027114,0.7383200193665094
2000-01-18,0.19179456906729636,2.0,0.48780487804878053,4.6505266293703776e-10,0.9999999995339474,1,2.167390217305079e-19,0.4962478818697894,0.0009733531718321743,0.4140421122927435,0.3278688524590164,1.3544262295027114,0.7383200193665094
2000-01-19,0.1752533237513475,1.0,0.9523809523809523,1.0502978870815052,0.48387096773985716,3,0.5420892320442501,0.25417574437258533,0.000944152576677209,0.4140421122927435,0.3278688524590164,1.3544262295027114,0.7383200193665094
2000-01-20,0.1790570299265952,1.0,0.9523809523809523,9.022671498776459e-12,0.9999999999899774,1,9.04310728770445e-23,0.25417574437258533,0.0009158279993768927,0.4140421122927435,0.3278688524590164,1.3544262295027114,0.7383200193665094
2000-01-21,0.17661875673733382,2.0,0.48780487804878053,1.8418822022948227e-11,0.9999999999805812,1,3.5767141928342866e-22,0.4962478818697894,0.0008883531593955859,0.4140421122927435,0.3278688524590164,1.3544262295027114,0.7383200193665094
2000-01-24,0.2344741029721267,1.0,0.9523809523809523,0.46372643982990863,0.8249999999807742,2,0.08115212697914952,0.25417574437258533,0.0008617025646137183,0.4140421122927435,0.3278688524590164,1.3544262295027114,0.7383200193665094
2000-01-25,0.23051434731276624,2.0,0.48780487804878053,0.5090792991168589,0.7936507936449221,2,0.10504810934456316,0.4962478818697894,0.0008358514876753067,0.4140421122927435,0.3278688524590164,1.3544262295027114,0.7383200193665094
2000-01-26,0.2079261844874493,2.0,0.48780487804878053,1.6261214596931267e-11,0.9999999999827388,1,2.8068795504075803e-22,0.4962478818697894,0.0008107759430450474,0.4140421122927435,0.3278688524590164,1.3544262295027114,0.7383200193665094
2000-01-27,0.2260864432010677,2.0,0.48780487804878053,1.1105338870647747e-11,0.9999999999878947,1,1.344336446341773e-22,0.4962478818697894,0.000786452664753696,0.4140421122927435,0.3278688524590164,1.3544262295027114,0.7383200193665094
2000-01-28,0.24664596273291928,3.0,0.3278688524590164,1.060306002253845,0.44943820224248376,3,0.583763978773962,0.7383200193665094,0.0007628590848110851,0.4140421122927435,0.3278688524590164,1.3544262295027114,0.7383200193665094
2000-01-31,0.270463015245624,2.0,0.48780487804878053,0.0,0.0,0,0.0,0.4962478818697894,0.0007399733122667525,0.4140421122927435,0.3278688524590164,1.3544262295027114,0.7383200193665094
2000-02-01,0.2667958523689749,3.0,0.3278688524590164,7.070044549549201e-11,0.9999999999282996,1,5.069251874922759e-21,0.7383200193665094,0.0007177741128987499,0.4140421122927435,0.3278688524590164,1.3544262295027114,0.7383200193665094
2000-02-02,0.26693239566757354,3.0,0.3278688524590164,3.007016857688526e-11,0.9999999999689299,1,9.342845416298289e-22,0.7383200193665094,0.0006962408895117875,0.4140421122927435,0.3278688524590164,1.3544262295027114,0.7383200193665094
2000-02-03,0.2593835018736204,2.0,0.48780487804878053,0.26638446327446597,0.9249999999892233,2,0.019978834748455684,0.4962478818697894,0.0006753536628264338,0.4140421122927435,0.3278688524590164,1.3544262295027114,0.7383200193665094
2000-02-04,0.17780736825916638,1.5,0.6451612903225806,0.19988343032642975,0.9495345596532476,2,0.010087205329442675,0.37521181312124796,0.0006550930529416407,0.4140421122927435,0.3278688524590164,1.3544262295027114,0.7383200193665094
2000-02-07,0.16064968092613297,1.0,0.9523809523809523,0.6821009489929025,0.5741805169433851,2,0.29045187349258417,0.25417574437258533,0.0006354402613533914,0.4140421122927435,0.3278688524590164,1.3544262295027114,0.7383200193665094
2000-02-08,0.17879097337973324,2.0,0.48780487804878053,2.487665629013912e-11,0.9999999999741234,1,6.437241341617456e-22,0.4962478818697894,0.0006163770535127897,0.4140421122927435,0.3278688524590164,1.3544262295027114,0.7383200193665094
2000-02-09,0.17673869181787638,4.0,0.2469135802469136,0.6815725169442541,0.5759273883505703,2,0.289036237289025,0.9803921568627451,0.16267002323814314,0.4140421122927435,0.3278688524590164,1.3544262295027114,0.7383200193665094
2000-02-10,0.1760548899644474,2.5,0.3921568627450981,2.2907453711410496e-11,0.9999999999760926,1,5.476583825060804e-22,0.6172839506182098,0.15778992254099886,0.4140421122927435,0.3278688524590164,1.3544262295027114,0.7383200193665094
2000-02-11,0.2357275124389197,3.0,0.3278688524590164,0.0,0.0,0,0.0,0.7383200193665094,0.15305622486476889,0.4140421122927435,0.3278688524590164,1.3544262295027114,0.7383200193665094
2000-02-14,0.23683042456343167,3.0,0.3278688524590164,0.5114166715265835,0.7919087819181706,2,0.1064213181253216,0.7383200193665094,0.14846453811882582,0.4140421122927435,0.3278688524590164,1.3544262295027114,0.7383200193665094
2000-02-15,0.24734593342645286,2.0,0.48780487804878053,6.114031503108455e-11,0.9999999999378597,1,3.799277084720424e-21,0.4962478818697894,0.14401060197526103,0.4140421122927435,0.3278688524590164,1.3544262295027114,0.7383200193665094
2000-02-16,0.246370398263551,2.0,0.48780487804878053,0.8211017939591871,0.6877974692465513,3,0.256350058080255,0.4962478818697894,0.1396902839160032,0.4140421122927435,0.3278688524590164,1.3544262295027114,0.7383200193665094
2000-02-17,0.24616439603050627,2.5,0.3921568627450981,0.170292539060649,0.9592588223776086,2,0.006937918581637923,0.6172839506182098,0.1354995753985231,0.4140421122927435,0.3278688524590164,1.3544262295027114,0.7383200193665094
2000-02-18,0.3030093653803534,2.0,0.48780487804878053,0.5336313047973067,0.7746216943579771,2,0.12026891931275886,0.4962478818697894,0.1314345881365674,0.4140421122927435,0.3278688524590164,1.3544262295027114,0.7383200193665094
2000-02-22,0.29224058463450386,3.0,0.3278688524590164,1.0256728799081773e-10,0.9999999998964327,1,1.0622613585367347e-20,0.7383200193665094,0.12749155049247035,0.4140421122927435,0.3278688524590164,1.3544262295027114,0.7383200193665094
2000-02-23,0.27301606805355233,3.0,0.3278688524590164,0.07925665909264373,0.9846707463063016,2,0.0012149454341461054,0.7383200193665094,0.12366680397769624,0.4140421122927435,0.3278688524590164,1.3544262295027114,0.7383200193665094
2000-02-24,0.24357920663745775,2.0,0.48780487804878053,0.2787693717934657,0.9199999999657036,2,0.02230154975303805,0.4962478818697894,0.11995679985836534,0.4140421122927435,0.3278688524590164,1.3544262295027114,0.7383200193665094
2000-02-25,0.2616042002434475,2.0,0.48780487804878053,3.097018196968334e-10,0.9999999996892982,1,9.622491210703823e-20,0.4962478818697894,0.11635809586261438,0.4140421122927435,0.3278688524590164,1.3544262295027114,0.7383200193665094
2000-02-28,0.2877064832400801,2.0,0.48780487804878053,3.628419786780235e-11,0.9999999999627158,1,1.3528264101339662e-21,0.4962478818697894,0.11286735298673595,0.4140421122927435,0.3278688524590164,1.3544262295027114,0.7383200193665094
2000-02-29,0.2912761151891587,3.0,0.3278688524590164,0.0,0.0,0,0.0,0.7383200193665094,0.10948133239713387,0.4140421122927435,0.3278688524590164,1.3544262295027114,0.7383200193665094
2000-03-01,0.2840003079924029,3.0,0.3278688524590164,2.489175532327363e-11,0.9999999999741083,1,6.444906877568812e-22,0.7383200193665094,0.10619689242521985,0.4140421122927435,0.3278688524590164,1.3544262295027114,0.7383200193665094
2000-03-02,0.27768030388583753,2.0,0.48780487804878053,0.31706782649308674,0.9036144578211777,2,0.030560754363996932,0.4962478818697894,0.10301098565246325,0.4140421122927435,0.3278688524590164,1.3544262295027114,0.7383200193665094
2000-03-03,0.28780401416765056,2.0,0.48780487804878053,0.1732052067535989,0.9583333333258895,2,0.00721688361602259,0.4962478818697894,0.09992065608288934,0.4140421122927435,0.3278688524590164,1.3544262295027114,0.7383200193665094
2000-03-06,0.3082464965864176,3.0,0.3278688524590164,1.9263146633158905e-11,0.9999999999797369,1,3.9033153871374674e-22,0.7383200193665094,0.09692303640040266,0.4140421122927435,0.3278688524590164,1.3544262295027114,0.7383200193665094
2000-03-07,0.3051645192751913,2.0,0.48780487804878053,3.097018196968334e-10,0.9999999996892982,1,9.622491210703823e-20,0.4962478818697894,0.09401534530839058,0.4140421122927435,0.3278688524590164,1.3544262295027114,0.7383200193665094
2000-03-08,0.3085000769981008,2.5,0.3921568627450981,1.8542112288283305e-10,0.9999999998135789,1,3.4566409835401184e-20,0.6172839506182098,0.09119488494913885,0.4140421122927435,0.3278688524590164,1.3544262295027114,0.7383200193665094
2000-03-09,0.3179800831579488,2.0,0.48780487804878053,0.0,0.0,0,0.0,0.4962478818697894,0.08845903840066469,0.4140421122927435,0.3278688524590164,1.3544262295027114,0.7383200193665094
2000-03-10,0.3118551409065243,2.0,0.48780487804878053,0.0,0.0,0,0.0,0.4962478818697894,0.08580526724864475,0.4140421122927435,0.3278688524590164,1.3544262295027114,0.7383200193665094
2000-03-13,0.307271187310713,2.0,0.48780487804878053,0.0,0.0,0,0.0,0.4962478818697894,0.0832311092311854,0.4140421122927435,0.3278688524590164,1.3544262295027114,0.7383200193665094
2000-03-14,0.3089292130794107,2.0,0.48780487804878053,1.155132656126397e-10,0.9999999998834868,1,1.3458825243540766e-20,0.4962478818697894,0.08073417595424984,0.4140421122927435,0.3278688524590164,1.3544262295027114,0.7383200193665094
2000-03-15,0.2585642420820286,3.0,0.3278688524590164,0.0,0.0,0,0.0,0.7383200193665094,0.07831215067562235,0.4140421122927435,0.3278688524590164,1.3544262295027114,0.7383200193665094
2000-03-16,0.29502130280786404,3.0,0.3278688524590164,0.0,0.0,0,0.0,0.7383200193665094,0.07596278615535368,0.4140421122927435,0.3278688524590164,1.3544262295027114,0.7383200193665094
2000-03-17,0.28914994096812285,2.0,0.48780487804878053,0.0,0.0,0,0.0,0.4962478818697894,0.07368390257069307,0.4140421122927435,0.3278688524590164,1.3544262295027114,0.7383200193665094
2000-03-20,0.29944920691956267,3.0,0.3278688524590164,0.0,0.0,0,0.0,0.7383200193665094,0.07147338549357228,0.4140421122927435,0.3278688524590164,1.3544262295027114,0.7383200193665094
2000-03-21,0.3268163851958319,3.0,0.3278688524590164,0.0,0.0,0,0.0,0.7383200193665094,0.06932918392876511,0.4140421122927435,0.3278688524590164,1.3544262295027114,0.7383200193665094
2000-03-22,0.25922745238950773,3.0,0.3278688524590164,4.3385961489132084e-11,0.9999999999556141,1,1.925726656096203e-21,0.7383200193665094,0.06724930841090215,0.4140421122927435,0.3278688524590164,1.3544262295027114,0.7383200193665094
2000-03-23,0.2552481905446332,3.0,0.3278688524590164,8.373690629422583e-11,0.9999999999152631,1,7.095604529918366e-21,0.7383200193665094,0.06523182915857509,0.4140421122927435,0.3278688524590164,1.3544262295027114,0.7383200193665094
2000-03-24,0.2633237513474668,2.0,0.48780487804878053,2.906785923028431e-11,0.9999999999699322,1,8.74007656443988e-22,0.4962478818697894,0.06327487428381784,0.4140421122927435,0.3278688524590164,1.3544262295027114,0.7383200193665094
2000-03-27,0.25261485550023094,3.0,0.3278688524590164,2.4191981750870266e-11,0.999999999974808,1,6.094434276247253e-22,0.7383200193665094,0.0613766280553033,0.4140421122927435,0.3278688524590164,1.3544262295027114,0.7383200193665094
2000-03-28,0.24085262563523438,3.0,0.3278688524590164,0.0,0.0,0,0.0,0.7383200193665094,0.0595353292136442,0.4140421122927435,0.3278688524590164,1.3544262295027114,0.7383200193665094
2000-03-29,0.21500692982906422,3.0,0.3278688524590164,0.0,0.0,0,0.0,0.7383200193665094,0.05774926933723487,0.4140421122927435,0.3278688524590164,1.3544262295027114,0.7383200193665094
2000-03-30,0.20626815871875162,2.5,0.3921568627450981,2.230260420760899e-11,0.9999999999766974,1,5.19708265282943e-22,0.6172839506182098,0.05601679125711782,0.4140421122927435,0.3278688524590164,1.3544262295027114,0.7383200193665094
2000-03-31,0.2111447050972743,2.0,0.48780487804878053,2.018418765436885e-11,0.9999999999788158,1,4.275851724167135e-22,0.4962478818697894,0.05433628751940429,0.4140421122927435,0.3278688524590164,1.3544262295027114,0.7383200193665094
2000-04-03,0.2051563061444485,2.0,0.48780487804878053,0.0,0.0,0,0.0,0.4962478818697894,0.05270619889382216,0.4140421122927435,0.3278688524590164,1.3544262295027114,0.7383200193665094
2000-04-04,0.20072840203274986,2.0,0.48780487804878053,1.3795409259278318e-11,0.9999999999852046,1,2.0410842071358072e-22,0.4962478818697894,0.05112501292700749,0.4140421122927435,0.3278688524590164,1.3544262295027114,0.7383200193665094
2000-04-05,0.17695036189107335,3.0,0.3278688524590164,0.5126505460816552,0.7909836065543558,2,0.10715236823992756,0.7383200193665094,0.04959126253919726,0.4140421122927435,0.3278688524590164,1.3544262295027114,0.7383200193665094
2000-04-06,0.19078024742056363,2.0,0.48780487804878053,0.12785228889080247,0.9719626168139627,2,0.0035846436148433717,0.4962478818697894,0.04810352466302134,0.4140421122927435,0.3278688524590164,1.3544262295027114,0.7383200193665094
2000-04-07,0.17496073096863615,2.0,0.48780487804878053,1.0367262603885604e-11,0.9999999999886328,1,1.1784716716079338e-22,0.4962478818697894,0.0466604189231307,0.4140421122927435,0.3278688524590164,1.3544262295027114,0.7383200193665094
2000-04-10,0.1750192495251784,1.0,0.9523809523809523,0.550599168863918,0.7604166666592839,2,0.13191438421104532,0.25417574437258533,0.04526060635543678,0.4140421122927435,0.3278688524590164,1.3544262295027114,0.7383200193665094
2000-04-11,0.17973974641958826,2.0,0.48780487804878053,0.21812135983348618,0.9431818181718281,2,0.012393259083627126,0.4962478818697894,0.04390278816477367,0.4140421122927435,0.3278688524590164,1.3544262295027114,0.7383200193665094
2000-04-12,0.19185308762383863,2.0,0.48780487804878053,3.097018196968334e-10,0.9999999996892982,1,9.622491210703823e-20,0.4962478818697894,0.04258570451983046,0.4140421122927435,0.3278688524590164,1.3544262295027114,0.7383200193665094
2000-04-13,0.20197679790565168,2.0,0.48780487804878053,1.4034107209569168e-11,0.9999999999849659,1,2.109899619222376e-22,0.4962478818697894,0.04130813338423554,0.4140421122927435,0.3278688524590164,1.3544262295027114,0.7383200193665094
2000-04-14,0.2433494173810379,2.0,0.48780487804878053,1.2128298365524459e-11,0.9999999999868717,1,1.5922365131092483e-22,0.4962478818697894,0.04006888938270847,0.4140421122927435,0.3278688524590164,1.3544262295027114,0.7383200193665094
2000-04-17,0.18114419177660285,3.5,0.28169014084507044,0.6702631314519734,0.6065573770399108,2,0.26371008451190747,0.8593560881146878,0.07990289144940566,0.4140421122927435,0.3278688524590164,1.3544262295027114,0.7383200193665094
2000-04-18,0.2107350752014784,3.5,0.28169014084507044,0.500402423547827,0.79999999998136,2,0.10008048471889293,0.8593560881146878,0.11854187345410193,0.4140421122927435,0.3278688524590164,1.3544262295027114,0.7383200193665094
2000-04-19,0.20127457522714445,4.0,0.2469135802469136,3.628419786780235e-11,0.9999999999627158,1,1.3528264101339662e-21,0.9803921568627451,0.27705775474671457,0.4140421122927435,0.3278688524590164,1.3544262295027114,0.7383200193665094
2000-04-20,0.16776294851393664,4.0,0.2469135802469136,4.1368353186568313e-11,0.9999999999576317,1,1.7527080834532026e-21,0.9803921568627451,0.43081815960054887,0.4140421122927435,0.3278688524590164,1.3544262295027114,0.7383200193665094
2000-04-24,0.17617011447050973,4.0,0.2469135802469136,0.10847133905280541,0.9772727272520237,2,0.0024652577079913173,0.9803921568627451,0.5799657523087681,0.4140421122927435,0.3278688524590164,1.3544262295027114,0.7383200193665094
2000-04-25,0.22374570093937682,3.0,0.3278688524590164,0.6906453485520598,0.5353535353484957,2,0.3209059195327205,0.7383200193665094,0.5625667797395051,0.4140421122927435,0.3278688524590164,1.3544262295027114,0.7383200193665094
2000-04-26,0.23921410605205076,4.0,0.2469135802469136,1.4280576721032216e-11,0.9999999999847194,1,2.1821513229705815e-22,0.9803921568627451,0.7077619138435557,0.4140421122927435,0.3278688524590164,1.3544262295027114,0.7383200193665094
2000-04-27,0.2415743544992557,4.0,0.2469135802469136,0.4505612088728399,0.8333333333203876,2,0.07509353481797282,0.9803921568627451,0.8486011939244847,0.4140421122927435,0.3278688524590164,1.3544262295027114,0.7383200193665094
2000-04-28,0.24145731738617113,3.0,0.3278688524590164,2.230260420760899e-11,0.9999999999766974,1,5.19708265282943e-22,0.7383200193665094,0.8231431581067502,0.4140421122927435,0.3278688524590164,1.3544262295027114,0.7383200193665094
2000-05-01,0.26149016990914226,3.0,0.3278688524590164,0.6011538111856642,0.7111111110963825,2,0.1736666565736016,0.7383200193665094,0.7984488633635477,0.4140421122927435,0.3278688524590164,1.3544262295027114,0.7383200193665094
2000-05-02,0.26894153277552496,2.0,0.48780487804878053,0.7676517374695984,0.7222222222097553,3,0.21323659375112536,0.4962478818697894,0.7744953974626413,0.4140421122927435,0.3278688524590164,1.3544262295027114,0.7383200193665094
2000-05-03,0.28909142241158053,3.0,0.3278688524590164,2.906785923028431e-11,0.9999999999699322,1,8.74007656443988e-22,0.7383200193665094,0.751260535538762,0.4140421122927435,0.3278688524590164,1.3544262295027114,0.7383200193665094
2000-05-04,0.27436425234844214,2.0,0.48780487804878053,0.0,0.0,0,0.0,0.4962478818697894,0.7287227194725991,0.4140421122927435,0.3278688524590164,1.3544262295027114,0.7383200193665094
2000-05-05,0.31156254812381295,3.0,0.3278688524590164,0.0,0.0,0,0.0,0.7383200193665094,0.7068610378884211,0.4140421122927435,0.3278688524590164,1.3544262295027114,0.7383200193665094
2000-05-08,0.3118161285354962,3.0,0.3278688524590164,0.0,0.0,0,0.0,0.7383200193665094,0.6856552067517685,0.4140421122927435,0.3278688524590164,1.3544262295027114,0.7383200193665094
2000-05-09,0.3177460089317797,1.5,0.6451612903225806,3.114153379561468e-11,0.9999999999678585,1,1.0009359720508012e-21,0.37521181312124796,0.6650855505492155,0.4140421122927435,0.3278688524590164,1.3544262295027114,0.7383200193665094
2000-05-10,0.31298649966634157,4.0,0.2469135802469136,5.7256532846574624e-11,0.9999999999417435,1,3.3355658199415894e-21,0.9803921568627451,0.8072051215289747,0.4140421122927435,0.3278688524590164,1.3544262295027114,0.7383200193665094
2000-05-11,0.3274600893177968,2.5,0.3921568627450981,2.0676904632686934e-11,0.9999999999783231,1,4.482108324180677e-22,0.6172839506182098,0.7829889678831055,0.4140421122927435,0.3278688524590164,1.3544262295027114,0.7383200193665094
2000-05-12,0.3236563831425492,2.0,0.48780487804878053,1.8022583425467122e-11,0.9999999999809774,1,3.428356980660948e-22,0.4962478818697894,0.7594992988466123,0.4140421122927435,0.3278688524590164,1.3544262295027114,0.7383200193665094
2000-05-15,0.3254314460243315,3.0,0.3278688524590164,2.4191981750870266e-11,0.999999999974808,1,6.094434276247253e-22,0.7383200193665094,0.7367143198812138,0.4140421122927435,0.3278688524590164,1.3544262295027114,0.7383200193665094
2000-05-16,0.30235562856116216,3.0,0.3278688524590164,0.5455945739754904,0.7647058823389641,2,0.12837519388421179,0.7383200193665094,0.7146128902847774,0.4140421122927435,0.3278688524590164,1.3544262295027114,0.7383200193665094
2000-05-17,0.24461731943945386,3.0,0.3278688524590164,0.6882791293159789,0.5492957746406757,2,0.3102103118093485,0.7383200193665094,0.693174503576234,0.4140421122927435,0.3278688524590164,1.3544262295027114,0.7383200193665094
2000-05-18,0.2671664698937426,2.0,0.48780487804878053,4.6505266293703776e-10,0.9999999995339474,1,2.167390217305079e-19,0.4962478818697894,0.6723792684689469,0.4140421122927435,0.3278688524590164,1.3544262295027114,0.7383200193665094
2000-05-19,0.2640844925825164,2.0,0.48780487804878053,0.5763341277755317,0.7368421052270121,2,0.15166687575123514,0.4962478818697894,0.6522078904148785,0.4140421122927435,0.3278688524590164,1.3544262295027114,0.7383200193665094
2000-05-22,0.27487141317180847,2.0,0.48780487804878053,0.5455945739796393,0.764705882331979,2,0.12837519388899904,0.4962478818697894,0.6326416537024321,0.4140421122927435,0.3278688524590164,1.3544262295027114,0.7383200193665094
2000-05-23,0.2805672193419229,1.0,0.9523809523809523,9.356848629185225e-12,0.9999999999896432,1,9.69072579095812e-23,0.25417574437258533,0.6136624040913591,0.4140421122927435,0.3278688524590164,1.3544262295027114,0.7383200193665094
2000-05-24,0.27978697192135926,2.0,0.48780487804878053,2.1734281041316455e-11,0.9999999999772657,1,4.941127726301679e-22,0.4962478818697894,0.5952525319686183,0.4140421122927435,0.3278688524590164,1.3544262295027114,0.7383200193665094
2000-05-25,0.2554699608059379,2.0,0.48780487804878053,0.5363604837050234,0.7723996800004028,2,0.12207581772640207,0.4962478818697894,0.5773949560095597,0.4140421122927435,0.3278688524590164,1.3544262295027114,0.7383200193665094
2000-05-26,0.23959090655035836,2.0,0.48780487804878053,0.5280069972046311,0.7791299132362375,2,0.11662095128446058,0.4962478818697894,0.5600731073292728,0.4140421122927435,0.3278688524590164,1.3544262295027114,0.7383200193665094
2000-05-30,0.2697308005332043,2.0,0.48780487804878053,0.05974146157929659,0.9891788914246257,2,0.0006464688422011223,0.4962478818697894,0.5432709141093947,0.4140421122927435,0.3278688524590164,1.3544262295027114,0.7383200193665094
2000-05-31,0.2600350968967148,1.5,0.6451612903225806,0.6218474978292885,0.6865319030086915,2,0.1949293517633539,0.37521181312124796,0.5269727866861128,0.4140421122927435,0.3278688524590164,1.3544262295027114,0.7383200193665094
2000-06-01,0.23879167634144516,1.0,0.9523809523809523,0.6821277418803859,0.5740908321094412,2,0.29052445893934103,0.25417574437258533,0.5111636030855294,0.4140421122927435,0.3278688524590164,1.3544262295027114,0.7383200193665094
2000-06-02,0.23095091701136716,1.0,0.9523809523809523,0.7621084059945769,0.718068267543027,3,0.2148625432220732,0.25417574437258533,0.49582869499296356,0.4140421122927435,0.3278688524590164,1.3544262295027114,0.7383200193665094
2000-06-05,0.21113062709149455,1.0,0.9523809523809523,1.2580601706460661,0.3854501727047288,4,0.7731406605975993,0.25417574437258533,0.48095383414317466,0.4140421122927435,0.3278688524590164,1.3544262295027114,0.7383200193665094
2000-06-06,0.2175578132936765,1.0,0.9523809523809523,0.8068123674545453,0.49112368101429876,3,0.410567707662408,0.25417574437258533,0.4665252191188794,0.4140421122927435,0.3278688524590164,1.3544262295027114,0.7383200193665094
2000-06-07,0.19082355302589585,1.0,0.9523809523809523,0.9037922511477563,0.6024114485436542,3,0.3593374519513063,0.25417574437258533,0.452529462545313,0.4140421122927435,0.3278688524590164,1.3544262295027114,0.7383200193665094
2000-06-08,0.19853880309582433,1.0,0.9523809523809523,0.950339946791581,0.5858787062951937,3,0.39355600822468634,0.25417574437258533,0.4389535786689536,0.4140421122927435,0.3278688524590164,1.3544262295027114,0.7383200193665094
2000-06-09,0.18692266852748327,0.0,20.0,1.3017643881720964,0.3526002985640307,4,0.8427618762425926,0.01210360687489712,0.425784971308885,0.4140421122927435,0.3278688524590164,1.3544262295027114,0.7383200193665094
2000-06-12,0.20570146432947586,2.0,0.48780487804878053,0.6192615454893803,0.689798810411725,2,0.19209566807707945,0.4962478818697894,0.41301142216961845,0.4140421122927435,0.3278688524590164,1.3544262295027114,0.7383200193665094
2000-06-13,0.22115431303980695,2.0,0.48780487804878053,0.4900928172915169,0.807315060529804,2,0.09443350483459378,0.4962478818697894,0.4006210795045299,0.4140421122927435,0.3278688524590164,1.3544262295027114,0.7383200193665094
2000-06-14,0.2080015172172279,2.0,0.48780487804878053,1.2237527954458454,0.38942840542951845,4,0.7471886956754541,0.4962478818697894,0.388602447119394,0.4140421122927435,0.3278688524590164,1.3544262295027114,0.7383200193665094
2000-06-15,0.17584581311823652,2.0,0.48780487804878053,0.9574010390665172,0.6190733093375257,4,0.36469960944842267,0.4962478818697894,0.3769443737058122,0.4140421122927435,0.3278688524590164,1.3544262295027114,0.7383200193665094
2000-06-16,0.1757844260040838,2.0,0.48780487804878053,0.5657483587956722,0.746869435640314,2,0.1432082013475146,0.4962478818697894,0.3656360424946378,0.4140421122927435,0.3278688524590164,1.3544262295027114,0.7383200193665094
2000-06-19,0.1692438078200538,3.0,0.3278688524590164,0.0,0.0,0,0.0,0.7383200193665094,0.3546669612197987,0.4140421122927435,0.3278688524590164,1.3544262295027114,0.7383200193665094
2000-06-20,0.17831391929417267,2.0,0.48780487804878053,0.6786402534958571,0.5849606964377343,2,0.28166237818024,0.4962478818697894,0.3440269523832047,0.4140421122927435,0.3278688524590164,1.3544262295027114,0.7383200193665094
2000-06-21,0.17832210571003945,2.0,0.48780487804878053,2.489175532327363e-11,0.9999999999741083,1,6.444906877568812e-22,0.4962478818697894,0.33370614381170854,0.4140421122927435,0.3278688524590164,1.3544262295027114,0.7383200193665094
2000-06-22,0.2128524451697066,2.0,0.48780487804878053,7.322475958881087e-12,0.9999999999916775,1,6.094096814175876e-23,0.4962478818697894,0.32369495949735727,0.4140421122927435,0.3278688524590164,1.3544262295027114,0.7383200193665094
2000-06-23,0.210128902787705,2.0,0.48780487804878053,1.2707501717463632e-11,0.9999999999862925,1,1.7418782050619582e-22,0.4962478818697894,0.31398411071243654,0.4140421122927435,0.3278688524590164,1.3544262295027114,0.7383200193665094
2000-06-26,0.19422057548024477,0.5,1.8181818181818181,0.20270029356454902,0.948571428566376,2,0.010424586527200965,0.13313967562380175,0.30456458739106346,0.4140421122927435,0.3278688524590164,1.3544262295027114,0.7383200193665094
2000-06-27,0.15340639597556596,0.0,20.0,0.5029271687618913,0.8347457627085678,3,0.08311084568688573,0.01210360687489712,0.29542764976933156,0.4140421122927435,0.3278688524590164,1.3544262295027114,0.7383200193665094
2000-06-28,0.15529849597043272,1.0,0.9523809523809523,0.4833599290226557,0.8119658119593431,2,0.0908881917851646,0.25417574437258533,0.2865648202762516,0.4140421122927435,0.3278688524590164,1.3544262295027114,0.7383200193665094
2000-06-29,0.11880242287356915,0.0,20.0,0.7045278899170238,0.7560975609584207,3,0.17183607072357934,0.01210360687489712,0.277967875667964,0.4140421122927435,0.3278688524590164,1.3544262295027114,0.7383200193665094
2000-06-30,0.11646168061187828,1.0,0.9523809523809523,1.0444314853470589,0.49275362318507765,3,0.5297840867737232,0.25417574437258533,0.2696288393979251,0.4140421122927435,0.3278688524590164,1.3544262295027114,0.7383200193665094
2000-07-03,0.1251614393511627,1.0,0.9523809523809523,1.0532198134505109,0.44808743169170673,3,0.581285252234653,0.25417574437258533,0.26153997421598735,0.4140421122927435,0.3278688524590164,1.3544262295027114,0.7383200193665094
2000-07-05,0.17168369180226886,1.0,0.9523809523809523,1.0569912522128233,0.4385964912244843,3,0.5933985977373051,0.25417574437258533,0.25369377498950774,0.4140421122927435,0.3278688524590164,1.3544262295027114,0.7383200193665094
2000-07-06,0.16413479800831582,2.0,0.48780487804878053,0.31112915481988296,0.9062499999868008,2,0.02916835826847069,0.4962478818697894,0.2460829617398225,0.4140421122927435,0.3278688524590164,1.3544262295027114,0.7383200193665094
2000-07-07,0.17989579590370103,2.0,0.48780487804878053,0.19851524336255466,0.9499999999778607,2,0.009925762172522728,0.4962478818697894,0.23870047288762783,0.4140421122927435,0.3278688524590164,1.3544262295027114,0.7383200193665094
2000-07-10,0.1816513525999692,2.0,0.48780487804878053,2.3529067582883067e-11,0.999999999975471,1,5.771455684063808e-22,0.4962478818697894,0.23153945870099898,0.4140421122927435,0.3278688524590164,1.3544262295027114,0.7383200193665094
2000-07-11,0.17854986910322884,2.0,0.48780487804878053,0.0,0.0,0,0.0,0.4962478818697894,0.224593274939969,0.4140421122927435,0.3278688524590164,1.3544262295027114,0.7383200193665094
2000-07-12,0.16427134130691443,3.0,0.3278688524590164,0.0,0.0,0,0.0,0.7383200193665094,0.2178554766917699,0.4140421122927435,0.3278688524590164,1.3544262295027114,0.7383200193665094
2000-07-13,0.17696986807658746,0.0,20.0,0.5750398244855228,0.7380952380788578,2,0.15060566832705624,0.01210360687489712,0.2113198123910168,0.4140421122927435,0.3278688524590164,1.3544262295027114,0.7383200193665094
2000-07-14,0.1251419331656486,1.0,0.9523809523809523,0.6670017662965757,0.7551020408091444,3,0.16334737134272737,0.25417574437258533,0.2049802180192863,0.4140421122927435,0.3278688524590164,1.3544262295027114,0.7383200193665094
2000-07-17,0.12406909296237362,0.0,20.0,0.675464582450794,0.5937499999965408,2,0.27440748662297165,0.01210360687489712,0.19883081147870768,0.4140421122927435,0.3278688524590164,1.3544262295027114,0.7383200193665094
2000-07-18,0.14078589394794933,1.0,0.9523809523809523,0.6931252515367761,0.5033112582750385,2,0.3442675090435987,0.25417574437258533,0.19286588713434644,0.4140421122927435,0.3278688524590164,1.3544262295027114,0.7383200193665094
2000-07-19,0.13401724757455985,1.0,0.9523809523809523,0.9633872700800792,0.46315789473456986,3,0.5171868502557053,0.25417574437258533,0.18707991052031603,0.4140421122927435,0.3278688524590164,1.3544262295027114,0.7383200193665094
2000-07-20,0.11626201974868934,2.0,0.48780487804878053,0.6638493187633672,0.6204379562001587,2,0.25197200420495597,0.4962478818697894,0.18146751320470655,0.4140421122927435,0.3278688524590164,1.3544262295027114,0.7383200193665094
2000-07-21,0.13275522409271745,2.0,0.48780487804878053,9.242939746859857e-12,0.9999999999897571,1,9.467467044169569e-23,0.4962478818697894,0.17602348780856536,0.4140421122927435,0.3278688524590164,1.3544262295027114,0.7383200193665094
2000-07-24,0.13312678924182506,3.0,0.3278688524590164,1.087251887670155,0.39902339479605886,3,0.6534129484535864,0.7383200193665094,0.17074278317430838,0.4140421122927435,0.3278688524590164,1.3544262295027114,0.7383200193665094
2000-07-25,0.11595983089237027,1.0,0.9523809523809523,1.0804481124503678,0.3791666666651939,3,0.6707782031478613,0.25417574437258533,0.16562049967907913,0.4140421122927435,0.3278688524590164,1.3544262295027114,0.7383200193665094
2000-07-26,0.12296240824638904,1.0,0.9523809523809523,1.2183173294457945,0.4332788339478404,4,0.6904462175650737,0.25417574437258533,0.16065188468870675,0.4140421122927435,0.3278688524590164,1.3544262295027114,0.7383200193665094
2000-07-27,0.12235254863713362,1.0,0.9523809523809523,0.5241372067567438,0.7821782178145635,2,0.11416850048545052,0.25417574437258533,0.15583232814804554,0.4140421122927435,0.3278688524590164,1.3544262295027114,0.7383200193665094
2000-07-28,0.11933783199226262,1.0,0.9523809523809523,0.34857972108536983,0.8890102196210724,2,0.03868878668781303,0.25417574437258533,0.15115735830360416,0.4140421122927435,0.3278688524590164,1.3544262295027114,0.7383200193665094
2000-07-31,0.11863510795436624,1.5,0.6451612903225806,1.543509764324952e-10,0.999999999844649,1,2.3978571489450547e-20,0.37521181312124796,0.14662263755449603,0.4140421122927435,0.3278688524590164,1.3544262295027114,0.7383200193665094
2000-08-01,0.11183518860098345,1.0,0.9523809523809523,0.5754438380220466,0.7377049180215143,2,0.15093608866800717,0.25417574437258533,0.14222395842786115,0.4140421122927435,0.3278688524590164,1.3544262295027114,0.7383200193665094
2000-08-02,0.12952629614348538,2.0,0.48780487804878053,0.0,0.0,0,0.0,0.4962478818697894,0.1379572396750253,0.4140421122927435,0.3278688524590164,1.3544262295027114,0.7383200193665094
2000-08-03,0.12462052078863267,1.0,0.9523809523809523,0.4644058606428327,0.8245614034952872,2,0.08147471239974181,0.25417574437258533,0.13381852248477452,0.4140421122927435,0.3278688524590164,1.3544262295027114,0.7383200193665094
2000-08-04,0.09360561970790254,2.0,0.48780487804878053,2.3529067582883067e-11,0.999999999975471,1,5.771455684063808e-22,0.4962478818697894,0.1298039668102313,0.4140421122927435,0.3278688524590164,1.3544262295027114,0.7383200193665094
2000-08-07,0.10928974433499324,2.5,0.3921568627450981,0.00943477081162802,0.9987754290140181,2,1.1553546595308983e-05,0.6172839506182098,0.12590984780592435,0.4140421122927435,0.3278688524590164,1.3544262295027114,0.7383200193665094
2000-08-08,0.07488279995958695,2.5,0.3921568627450981,0.3517104788549437,0.887499999989659,2,0.039567428874818206,0.6172839506182098,0.12213255237174661,0.4140421122927435,0.3278688524590164,1.3544262295027114,0.7383200193665094
2000-08-09,0.07064961060806758,1.5,0.6451612903225806,0.29445507320264325,0.9134615384533521,2,0.025481689029562337,0.37521181312124796,0.11846857580059421,0.4140421122927435,0.3278688524590164,1.3544262295027114,0.7383200193665094
2000-08-10,0.0648552707916044,0.0,20.0,0.4659992569622957,0.8235294117596889,2,0.08223516299568423,0.01210360687489712,0.11491451852657637,0.4140421122927435,0.3278688524590164,1.3544262295027114,0.7383200193665094
2000-08-11,0.084205957765966,0.0,20.0,1.0951740093138664,0.43042290104994774,4,0.6237860350704896,0.01210360687489712,0.11146708297077908,0.4140421122927435,0.3278688524590164,1.3544262295027114,0.7383200193665094
2000-08-14,0.08613436499493725,1.0,0.9523809523809523,0.6439419659066221,0.6555517721257674,2,0.22180466901038548,0.25417574437258533,0.1081230704816557,0.4140421122927435,0.3278688524590164,1.3544262295027114,0.7383200193665094
2000-08-15,0.09349779851680097,0.0,20.0,0.5890026049693355,0.7241379310228452,2,0.16248347723977472,0.01210360687489712,0.10487937836720602,0.4140421122927435,0.3278688524590164,1.3544262295027114,0.7383200193665094
2000-08-16,0.09012218162853433,1.0,0.9523809523809523,0.5349082431369319,0.7735849056467718,2,0.12111130034016793,0.25417574437258533,0.10173299701618985,0.4140421122927435,0.3278688524590164,1.3544262295027114,0.7383200193665094
2000-08-17,0.07120055911271289,2.0,0.48780487804878053,0.6841393377241358,0.5670103092729023,2,0.296225280255415,0.4962478818697894,0.09868100710570415,0.4140421122927435,0.3278688524590164,1.3544262295027114,0.7383200193665094
2000-08-18,0.09735073019439423,2.0,0.48780487804878053,0.1242508373986608,0.9729729729607176,2,0.003358130742027085,0.4962478818697894,0.09572057689253302,0.4140421122927435,0.3278688524590164,1.3544262295027114,0.7383200193665094
2000-08-21,0.1139421596559162,2.0,0.48780487804878053,0.6494198307768327,0.6467756337436165,2,0.22939090816047458,0.4962478818697894,0.09284895958575703,0.4140421122927435,0.3278688524590164,1.3544262295027114,0.7383200193665094
2000-08-22,0.09526484653535659,1.5,0.6451612903225806,0.956127045948087,0.5577493151255956,3,0.4228478408974826,0.37521181312124796,0.09006349079818432,0.4140421122927435,0.3278688524590164,1.3544262295027114,0.7383200193665094
2000-08-23,0.10542117961090293,2.0,0.48780487804878053,1.0066879040378631,0.4908256880712955,3,0.5125796208654286,0.4962478818697894,0.08736158607423879,0.4140421122927435,0.3278688524590164,1.3544262295027114,0.7383200193665094
2000-08-24,0.101558954879113,1.0,0.9523809523809523,1.1263102451337135,0.5816993464016846,4,0.4711363116939111,0.25417574437258533,0.08474073849201162,0.4140421122927435,0.3278688524590164,1.3544262295027114,0.7383200193665094
2000-08-25,0.07875622401314102,1.0,0.9523809523809523,0.7850853150281631,0.5584415584347991,3,0.3466610481995605,0.25417574437258533,0.08219851633725127,0.4140421122927435,0.3278688524590164,1.3544262295027114,0.7383200193665094
2000-08-28,0.09026487346645451,-1.0,0.9523809523809523,0.8129408465364385,0.724999999994369,4,0.22355873280209823,0.25417574437258533,0.07973256084713373,0.4140421122927435,0.3278688524590164,1.3544262295027114,0.7383200193665094
2000-08-29,0.08441301781222729,1.0,0.9523809523809523,1.0941230164954059,0.3767123287647182,3,0.6819533869963432,0.25417574437258533,0.07734058402171971,0.4140421122927435,0.3278688524590164,1.3544262295027114,0.7383200193665094
2000-08-30,0.11630563112776551,2.0,0.48780487804878053,0.577199348368209,0.7359999999945123,2,0.15238062797237467,0.4962478818697894,0.07502036650106812,0.4140421122927435,0.3278688524590164,1.3544262295027114,0.7383200193665094
2000-08-31,0.11564242082028643,1.0,0.9523809523809523,0.8566006949097419,0.5102040816278002,3,0.4195595240415816,0.25417574437258533,0.07276975550603608,0.4140421122927435,0.3278688524590164,1.3544262295027114,0.7383200193665094
2000-09-01,0.1234253888404086,1.5,0.6451612903225806,2.018418765436885e-11,0.9999999999788158,1,4.275851724167135e-22,0.37521181312124796,0.07058666284085499,0.4140421122927435,0.3278688524590164,1.3544262295027114,0.7383200193665094
2000-09-05,0.13955700426056156,2.0,0.48780487804878053,1.3215795124034712e-10,0.9999999998668421,1,1.759787910489669e-20,0.4962478818697894,0.06846906295562934,0.4140421122927435,0.3278688524590164,1.3544262295027114,0.7383200193665094
2000-09-06,0.1326908269596017,2.0,0.48780487804878053,2.724565018002017e-11,0.9999999999717544,1,7.695705012022604e-22,0.4962478818697894,0.06641499106696046,0.4140421122927435,0.3278688524590164,1.3544262295027114,0.7383200193665094
2000-09-07,0.14730095990965558,1.0,0.9523809523809523,0.5939714606474114,0.7189189189152966,2,0.16695414029223477,0.25417574437258533,0.06442254133495164,0.4140421122927435,0.3278688524590164,1.3544262295027114,0.7383200193665094
2000-09-08,0.14740976729120384,2.0,0.48780487804878053,8.50863823838003e-12,0.9999999999904914,1,8.090537468466953e-23,0.4962478818697894,0.062489865094903084,0.4140421122927435,0.3278688524590164,1.3544262295027114,0.7383200193665094
2000-09-11,0.13700236060091991,1.0,0.9523809523809523,0.5054314821853607,0.796342278629153,2,0.10293502397096042,0.25417574437258533,0.06061516914205599,0.4140421122927435,0.3278688524590164,1.3544262295027114,0.7383200193665094
2000-09-12,0.1573770865033863,1.0,0.9523809523809523,1.1756587457098284,0.5189860353550475,5,0.5655082743433966,0.25417574437258533,0.058796714067794305,0.4140421122927435,0.3278688524590164,1.3544262295027114,0.7383200193665094
2000-09-13,0.14027740672617378,1.5,0.6451612903225806,0.9340874314176083,0.5328185328166152,3,0.4363883366872376,0.37521181312124796,0.057032812645760475,0.4140421122927435,0.3278688524590164,1.3544262295027114,0.7383200193665094
2000-09-14,0.1341816218283095,2.0,0.48780487804878053,0.38341111785934173,0.8715596330200706,2,0.04924546468203883,0.4962478818697894,0.05532182826638766,0.4140421122927435,0.3278688524590164,1.3544262295027114,0.7383200193665094
2000-09-15,0.12122054114049911,2.0,0.48780487804878053,8.094191983291315e-12,0.9999999999909058,1,7.360995678854969e-23,0.4962478818697894,0.05366217341839603,0.4140421122927435,0.3278688524590164,1.3544262295027114,0.7383200193665094
2000-09-18,0.11264564154699158,2.0,0.48780487804878053,8.709477583532791e-12,0.9999999999902905,1,8.456428469337365e-23,0.4962478818697894,0.05205230821584415,0.4140421122927435,0.3278688524590164,1.3544262295027114,0.7383200193665094
2000-09-19,0.10364355621529216,3.0,0.3278688524590164,1.0256728799081773e-10,0.9999999998964327,1,1.0622613585367347e-20,0.7383200193665094,0.05049073896936882,0.4140421122927435,0.3278688524590164,1.3544262295027114,0.7383200193665094
2000-09-20,0.09113935303528599,2.0,0.48780487804878053,0.0,0.0,0,0.0,0.4962478818697894,0.04897601680028776,0.4140421122927435,0.3278688524590164,1.3544262295027114,0.7383200193665094
2000-09-21,0.08053771090643659,1.5,0.6451612903225806,0.0,0.0,0,0.0,0.37521181312124796,0.04750673629627912,0.4140421122927435,0.3278688524590164,1.3544262295027114,0.7383200193665094
2000-09-22,0.07989411146390452,1.0,0.9523809523809523,0.0,0.0,0,0.0,0.25417574437258533,0.046081534207390744,0.4140421122927435,0.3278688524590164,1.3544262295027114,0.7383200193665094
2000-09-25,0.07492601603626237,1.5,0.6451612903225806,6.326505985547788e-11,0.999999999935735,1,4.06573145897134e-21,0.37521181312124796,0.04469908818116902,0.4140421122927435,0.3278688524590164,1.3544262295027114,0.7383200193665094
2000-09-26,0.08729295418052736,1.0,0.9523809523809523,0.0,0.0,0,0.0,0.25417574437258533,0.04335811553573395,0.4140421122927435,0.3278688524590164,1.3544262295027114,0.7383200193665094
2000-09-27,0.08569485738599404,2.0,0.48780487804878053,0.3364957575977887,0.8947368420833173,2,0.03542060607030983,0.4962478818697894,0.04205737206966193,0.4140421122927435,0.3278688524590164,1.3544262295027114,0.7383200193665094
2000-09-28,0.07320943314491551,2.0,0.48780487804878053,0.0,0.0,0,0.0,0.4962478818697894,0.040795650907572076,0.4140421122927435,0.3278688524590164,1.3544262295027114,0.7383200193665094
2000-09-29,0.07691700228188339,2.5,0.3921568627450981,0.0,0.0,0,0.0,0.6172839506182098,0.039571781380344916,0.4140421122927435,0.3278688524590164,1.3544262295027114,0.7383200193665094
2000-10-02,0.06325125272250233,2.0,0.48780487804878053,0.0,0.0,0,0.0,0.4962478818697894,0.03838462793893457,0.4140421122927435,0.3278688524590164,1.3544262295027114,0.7383200193665094
2000-10-03,0.07228196099170976,2.0,0.48780487804878053,0.6202280367886628,0.6885851513129484,2,0.1931482202280085,0.4962478818697894,0.03723308910076653,0.4140421122927435,0.3278688524590164,1.3544262295027114,0.7383200193665094
2000-10-04,0.06373847762373537,2.5,0.3921568627450981,9.311053035351498e-10,0.9999999990678947,1,8.678881713816488e-19,0.6172839506182098,0.036116096427743535,0.4140421122927435,0.3278688524590164,1.3544262295027114,0.7383200193665094
2000-10-05,0.06931729075631599,2.0,0.48780487804878053,4.1368353186568313e-11,0.9999999999576317,1,1.7527080834532026e-21,0.4962478818697894,0.03503261353491123,0.4140421122927435,0.3278688524590164,1.3544262295027114,0.7383200193665094
2000-10-06,0.07330842407510264,1.0,0.9523809523809523,4.3385961489132084e-11,0.9999999999556141,1,1.925726656096203e-21,0.25417574437258533,0.033981635128863895,0.4140421122927435,0.3278688524590164,1.3544262295027114,0.7383200193665094
2000-10-09,0.048755710692469596,3.0,0.3278688524590164,0.6931471805674794,0.49999999998446665,2,0.3465735902945066,0.7383200193665094,0.03296218607499798,0.4140421122927435,0.3278688524590164,1.3544262295027114,0.7383200193665094
2000-10-10,0.044952004517221915,1.0,0.9523809523809523,3.78377329461012e-11,0.9999999999611623,1,1.469530930439353e-21,0.25417574437258533,0.031973320492748036,0.4140421122927435,0.3278688524590164,1.3544262295027114,0.7383200193665094
2000-10-11,0.0579431240696063,2.0,0.48780487804878053,0.8634215982541957,0.5156249999962458,3,0.4182198366576175,0.4962478818697894,0.031014120877965595,0.4140421122927435,0.3278688524590164,1.3544262295027114,0.7383200193665094
2000-10-12,0.06913967455469432,1.5,0.6451612903225806,0.6791932659910833,0.5833333333305014,2,0.2829971941648748,0.37521181312124796,0.030083697251626625,0.4140421122927435,0.3278688524590164,1.3544262295027114,0.7383200193665094
2000-10-13,0.06630112512771599,3.0,0.3278688524590164,0.5385041001955346,0.7706381557932942,2,0.12351229353372051,0.7383200193665094,0.029181186334077826,0.4140421122927435,0.3278688524590164,1.3544262295027114,0.7383200193665094
2000-10-16,0.07823995194722458,2.0,0.48780487804878053,0.40608490693161425,0.8593813609468166,2,0.05710310695276224,0.4962478818697894,0.028305750744055492,0.4140421122927435,0.3278688524590164,1.3544262295027114,0.7383200193665094
2000-10-17,0.08335292508443448,2.0,0.48780487804878053,0.1321991032903356,0.9707289386155278,2,0.0038696080673835966,0.4962478818697894,0.027456578221733828,0.4140421122927435,0.3278688524590164,1.3544262295027114,0.7383200193665094
2000-10-18,0.08676808817078989,1.5,0.6451612903225806,1.1016410006376343e-11,0.9999999999879836,1,1.3237745573381611e-22,0.37521181312124796,0.026632880875081814,0.4140421122927435,0.3278688524590164,1.3544262295027114,0.7383200193665094
2000-10-19,0.08885344568183146,3.0,0.3278688524590164,0.7617163113136463,0.6872360054410985,3,0.23823743624712776,0.7383200193665094,0.02583389444882936,0.4140421122927435,0.3278688524590164,1.3544262295027114,0.7383200193665094
2000-10-20,0.08900191834629584,1.0,0.9523809523809523,0.47102830025774367,0.820240703541231,2,0.0846717158665018,0.25417574437258533,0.02505887761536448,0.4140421122927435,0.3278688524590164,1.3544262295027114,0.7383200193665094
2000-10-23,0.08837672863992897,1.0,0.9523809523809523,0.7257793545447485,0.7520381438352831,3,0.17996559591894598,0.25417574437258533,0.024307111286903542,0.4140421122927435,0.3278688524590164,1.3544262295027114,0.7383200193665094
2000-10-24,0.07461491650923681,1.0,0.9523809523809523,0.8976296198805704,0.643132536906832,3,0.3203348052440639,0.25417574437258533,0.023577897948296435,0.4140421122927435,0.3278688524590164,1.3544262295027114,0.7383200193665094
2000-10-25,0.07163612159612599,3.0,0.3278688524590164,0.6757642105804658,0.5929570103197813,2,0.27506508459356566,0.7383200193665094,0.02287056100984754,0.4140421122927435,0.3278688524590164,1.3544262295027114,0.7383200193665094
2000-10-26,0.05816484980525259,2.0,0.48780487804878053,4.683586851668034e-12,0.9999999999943164,1,2.661946903986153e-23,0.4962478818697894,0.022184444179552114,0.4140421122927435,0.3278688524590164,1.3544262295027114,0.7383200193665094
2000-10-27,0.04045052815928973,1.0,0.9523809523809523,3.5029756872876557e-12,0.999999999995497,1,1.5773736861202097e-23,0.25417574437258533,0.02151891085416555,0.4140421122927435,0.3278688524590164,1.3544262295027114,0.7383200193665094
2000-10-30,0.058123727292337106,2.0,0.48780487804878053,5.564215754795316e-12,0.9999999999934358,1,3.652458963080119e-23,0.4962478818697894,0.020873343528540582,0.4140421122927435,0.3278688524590164,1.3544262295027114,0.7383200193665094
2000-10-31,0.06931287182989787,2.0,0.48780487804878053,0.9844333988847879,0.5657437249433225,3,0.42749638084109237,0.4962478818697894,0.020247143222684363,0.4140421122927435,0.3278688524590164,1.3544262295027114,0.7383200193665094
2000-11-01,0.0744535175979136,3.0,0.3278688524590164,0.5208658908720049,0.7847222222171426,2,0.11213085150981351,0.7383200193665094,0.01963972892600383,0.4140421122927435,0.3278688524590164,1.3544262295027114,0.7383200193665094
2000-11-02,0.07057984452232209,2.0,0.48780487804878053,1.2128298365524459e-11,0.9999999999868717,1,1.5922365131092483e-22,0.4962478818697894,0.019050537058223717,0.4140421122927435,0.3278688524590164,1.3544262295027114,0.7383200193665094
2000-11-03,0.07112406186415471,2.0,0.48780487804878053,5.0783599546458714e-11,0.9999999999482164,1,2.629756459089028e-21,0.4962478818697894,0.018479020946477003,0.4140421122927435,0.3278688524590164,1.3544262295027114,0.7383200193665094
2000-11-06,0.08591188814804396,2.0,0.48780487804878053,1.2803313964487465e-11,0.9999999999861967,1,1.7672787920761236e-22,0.4962478818697894,0.017924650318082692,0.4140421122927435,0.3278688524590164,1.3544262295027114,0.7383200193665094
2000-11-07,0.08241000720582213,2.0,0.48780487804878053,1.2128298365524459e-11,0.9999999999868717,1,1.5922365131092483e-22,0.4962478818697894,0.017386910808540212,0.4140421122927435,0.3278688524590164,1.3544262295027114,0.7383200193665094
2000-11-08,0.07982906421641597,3.0,0.3278688524590164,2.1734281041316455e-11,0.9999999999772657,1,4.941127726301679e-22,0.7383200193665094,0.016865303484284007,0.4140421122927435,0.3278688524590164,1.3544262295027114,0.7383200193665094
2000-11-09,0.09395154252861763,3.0,0.3278688524590164,9.221057250662094e-11,0.9999999999067894,1,8.594998215049467e-21,0.7383200193665094,0.016359344379755485,0.4140421122927435,0.3278688524590164,1.3544262295027114,0.7383200193665094
2000-11-10,0.09974487962630257,3.0,0.3278688524590164,1.9263146633158905e-11,0.9999999999797369,1,3.9033153871374674e-22,0.7383200193665094,0.01586856404836282,0.4140421122927435,0.3278688524590164,1.3544262295027114,0.7383200193665094
2000-11-13,0.0894456136748627,3.0,0.3278688524590164,6.966760501794085e-12,0.9999999999920333,1,5.550235827464389e-23,0.7383200193665094,0.015392507126911934,0.4140421122927435,0.3278688524590164,1.3544262295027114,0.7383200193665094
2000-11-14,0.10807402084081925,2.0,0.48780487804878053,4.3385961489132084e-11,0.9999999999556141,1,1.925726656096203e-21,0.4962478818697894,0.014930731913104575,0.4140421122927435,0.3278688524590164,1.3544262295027114,0.7383200193665094
2000-11-15,0.10924439197166469,1.0,0.9523809523809523,4.805811304344384e-11,0.9999999999509419,1,2.357639279269551e-21,0.25417574437258533,0.014482809955711438,0.4140421122927435,0.3278688524590164,1.3544262295027114,0.7383200193665094
2000-11-16,0.12129921461937272,2.0,0.48780487804878053,0.1425058674165253,0.9677419354547717,2,0.004596963469196017,0.4962478818697894,0.014048325657040095,0.4140421122927435,0.3278688524590164,1.3544262295027114,0.7383200193665094
2000-11-17,0.11829526205020277,2.0,0.48780487804878053,0.6812657296726312,0.5769230769023926,2,0.28822780872174314,0.4962478818697894,0.013626875887328891,0.4140421122927435,0.3278688524590164,1.3544262295027114,0.7383200193665094
2000-11-20,0.11587649504645554,2.0,0.48780487804878053,0.6591525038249131,0.6296296296223843,2,0.24413055697696578,0.4962478818697894,0.013218069610709024,0.4140421122927435,0.3278688524590164,1.3544262295027114,0.7383200193665094
2000-11-21,0.12609773625583906,2.0,0.48780487804878053,0.6808305996571193,0.5783132530055528,2,0.2870972408236894,0.4962478818697894,0.012821527522387752,0.4140421122927435,0.3278688524590164,1.3544262295027114,0.7383200193665094
2000-11-22,0.14851034341152922,3.0,0.3278688524590164,1.0041184345894205,0.5422885572114153,3,0.45959649742653874,0.7383200193665094,0.01243688169671612,0.4140421122927435,0.3278688524590164,1.3544262295027114,0.7383200193665094
2000-11-24,0.15771726297417998,2.0,0.48780487804878053,0.5462478002445038,0.7641509433895076,2,0.1288320283632229,0.4962478818697894,0.012063775245814635,0.4140421122927435,0.3278688524590164,1.3544262295027114,0.7383200193665094
2000-11-27,0.16157948770596992,3.0,0.3278688524590164,0.0,0.0,0,0.0,0.7383200193665094,0.011701861988440195,0.4140421122927435,0.3278688524590164,1.3544262295027114,0.7383200193665094
2000-11-28,0.1696940608798317,3.0,0.3278688524590164,8.321121569522606e-12,0.9999999999906789,1,7.756200166713184e-23,0.7383200193665094,0.01135080612878699,0.4140421122927435,0.3278688524590164,1.3544262295027114,0.7383200193665094
2000-11-29,0.15502540937323547,3.0,0.3278688524590164,0.6907996872304789,0.5342465753390548,2,0.32174232008230536,0.7383200193665094,0.01101028194492338,0.4140421122927435,0.3278688524590164,1.3544262295027114,0.7383200193665094
2000-11-30,0.15960936296904676,2.0,0.48780487804878053,9.311053035351498e-10,0.9999999990678947,1,8.678881713816488e-19,0.4962478818697894,0.010679973486575678,0.4140421122927435,0.3278688524590164,1.3544262295027114,0.7383200193665094
2000-12-01,0.12904317026846676,2.0,0.48780487804878053,9.221057250662094e-11,0.9999999999067894,1,8.594998215049467e-21,0.4962478818697894,0.010359574281978408,0.4140421122927435,0.3278688524590164,1.3544262295027114,0.7383200193665094
2000-12-04,0.16590986089009804,2.0,0.48780487804878053,0.0,0.0,0,0.0,0.4962478818697894,0.010048787053519056,0.4140421122927435,0.3278688524590164,1.3544262295027114,0.7383200193665094
2000-12-05,0.1581659052410041,2.0,0.48780487804878053,1.658684301004815e-11,0.9999999999824132,1,2.9170983712308945e-22,0.4962478818697894,0.009747323441913484,0.4140421122927435,0.3278688524590164,1.3544262295027114,0.7383200193665094
2000-12-06,0.1768918433345311,2.0,0.48780487804878053,1.3340217819188634e-11,0.9999999999856598,1,1.9130133417538662e-22,0.4962478818697894,0.00945490373865608,0.4140421122927435,0.3278688524590164,1.3544262295027114,0.7383200193665094
2000-12-07,0.16349086111215425,1.0,0.9523809523809523,0.6393020063412029,0.662590850927779,2,0.21570634595974889,0.25417574437258533,0.009171256626496397,0.4140421122927435,0.3278688524590164,1.3544262295027114,0.7383200193665094
2000-12-08,0.1562422829636158,1.0,0.9523809523809523,6.517009154521916e-12,0.999999999992483,1,4.89882733073727e-23,0.25417574437258533,0.008896118927701506,0.4140421122927435,0.3278688524590164,1.3544262295027114,0.7383200193665094
2000-12-11,0.1520191359506549,1.0,0.9523809523809523,0.6364312327157529,0.6667862709685264,2,0.2120676243253136,0.25417574437258533,0.00862923535987046,0.4140421122927435,0.3278688524590164,1.3544262295027114,0.7383200193665094
2000-12-12,0.14789457767848105,1.0,0.9523809523809523,0.44864341375397737,0.8345217612197459,2,0.07424072194836902,0.25417574437258533,0.008370358299074347,0.4140421122927435,0.3278688524590164,1.3544262295027114,0.7383200193665094
2000-12-13,0.12945991561058845,2.0,0.48780487804878053,0.0,0.0,0,0.0,0.4962478818697894,0.008119247550102116,0.4140421122927435,0.3278688524590164,1.3544262295027114,0.7383200193665094
2000-12-14,0.13682200482815607,2.0,0.48780487804878053,0.4247656408359005,0.8488112061229444,2,0.06421980491839441,0.4962478818697894,0.007875670123599052,0.4140421122927435,0.3278688524590164,1.3544262295027114,0.7383200193665094
2000-12-15,0.14201386769010468,2.5,0.3921568627450981,0.6165362164805266,0.6931755652411039,2,0.18916837613002596,0.6172839506182098,0.00763940001989108,0.4140421122927435,0.3278688524590164,1.3544262295027114,0.7383200193665094
2000-12-18,0.15465479184846775,2.0,0.48780487804878053,0.6192289656547627,0.6898395721890748,2,0.19206032090039793,0.4962478818697894,0.007410218019294348,0.4140421122927435,0.3278688524590164,1.3544262295027114,0.7383200193665094
2000-12-19,0.1445310815666547,2.0,0.48780487804878053,4.14979162143115e-12,0.9999999999948502,1,2.1370470322255464e-23,0.4962478818697894,0.007187911478715518,0.4140421122927435,0.3278688524590164,1.3544262295027114,0.7383200193665094
2000-12-20,0.17394640932190342,2.0,0.48780487804878053,0.6605790908325176,0.6269113149829225,2,0.24645458434848058,0.4962478818697894,0.006972274134354052,0.4140421122927435,0.3278688524590164,1.3544262295027114,0.7383200193665094
2000-12-21,0.17700888044761562,2.0,0.48780487804878053,0.6894691997738496,0.5428571428559379,2,0.3151859198974477,0.4962478818697894,0.0067631059103234305,0.4140421122927435,0.3278688524590164,1.3544262295027114,0.7383200193665094
2000-12-22,0.19967506801498897,2.0,0.48780487804878053,0.6826359230415311,0.5723684210508766,2,0.29191667761764223,0.4962478818697894,0.006560212733013727,0.4140421122927435,0.3278688524590164,1.3544262295027114,0.7383200193665094
2000-12-26,0.20100148862994713,2.0,0.48780487804878053,0.5439674892288281,0.7660818713408534,2,0.12724385713182196,0.4962478818697894,0.006363406351023315,0.4140421122927435,0.3278688524590164,1.3544262295027114,0.7383200193665094
2000-12-27,0.21555310302345873,1.0,0.9523809523809523,0.1654434960918998,0.9607843137167107,2,0.006487980240350543,0.25417574437258533,0.006172504160492615,0.4140421122927435,0.3278688524590164,1.3544262295027114,0.7383200193665094
2000-12-28,0.22649607309686365,1.0,0.9523809523809523,0.6542455130017685,0.638554216860299,2,0.23647428181255964,0.25417574437258533,0.005987329035677837,0.4140421122927435,0.3278688524590164,1.3544262295027114,0.7383200193665094
2000-12-29,0.2292464452543504,1.0,0.9523809523809523,0.9689261243928479,0.5268817204248266,3,0.4584166610081846,0.25417574437258533,0.0058077091646075015,0.4140421122927435,0.3278688524590164,1.3544262295027114,0.7383200193665094
2001-01-02,0.21526051024074738,2.0,0.48780487804878053,0.6505046741164764,0.6449704141976259,2,0.23094840501408095,0.4962478818697894,0.005633477889669276,0.4140421122927435,0.3278688524590164,1.3544262295027114,0.7383200193665094
2001-01-03,0.17002566603357122,2.0,0.48780487804878053,0.6876794221120197,0.5522388059663076,2,0.30791615915727755,0.4962478818697894,0.005464473552979198,0.4140421122927435,0.3278688524590164,1.3544262295027114,0.7383200193665094
2001-01-04,0.19230172989066274,2.0,0.48780487804878053,0.6652042646402249,0.6176470588192962,2,0.25434280707113727,0.4962478818697894,0.005300539346389822,0.4140421122927435,0.3278688524590164,1.3544262295027114,0.7383200193665094
2001-01-05,0.1731271495303116,3.0,0.3278688524590164,1.5352719095895772e-11,0.9999999999836473,1,2.5105836310686856e-22,0.7383200193665094,0.005141523165998127,0.4140421122927435,0.3278688524590164,1.3544262295027114,0.7383200193665094
2001-01-08,0.18914172783738004,2.0,0.48780487804878053,1.167171829014708,0.49367088607012566,4,0.5909730779889278,0.4962478818697894,0.004987277471018183,0.4140421122927435,0.3278688524590164,1.3544262295027114,0.7383200193665094
2001-01-09,0.1703767773728248,2.0,0.48780487804878053,0.8566863328113778,0.5887445887422128,3,0.35231689011926876,0.4962478818697894,0.004837659146887637,0.4140421122927435,0.3278688524590164,1.3544262295027114,0.7383200193665094
2001-01-10,0.1680360351111339,2.0,0.48780487804878053,0.9838923938962205,0.5037593984944754,3,0.488247353363771,0.4962478818697894,0.004692529372481008,0.4140421122927435,0.3278688524590164,1.3544262295027114,0.7383200193665094
2001-01-11,0.17490221241209386,1.0,0.9523809523809523,0.6307589903925952,0.698630136984071,3,0.1900917505306821,0.25417574437258533,0.004551753491306577,0.4140421122927435,0.3278688524590164,1.3544262295027114,0.7383200193665094
2001-01-12,0.18541604640418874,2.0,0.48780487804878053,0.679885325468395,0.5812499999966133,2,0.28470198004219294,0.4962478818697894,0.00441520088656738,0.4140421122927435,0.3278688524590164,1.3544262295027114,0.7383200193665094
2001-01-16,0.1904486422668241,2.0,0.48780487804878053,0.8866537784351791,0.6249999999966895,3,0.3324951669161274,0.4962478818697894,0.004282744859970358,0.4140421122927435,0.3278688524590164,1.3544262295027114,0.7383200193665094
2001-01-17,0.1931014834967404,3.0,0.3278688524590164,6.397771201678063e-12,0.9999999999926023,1,4.7329106021167173e-23,0.7383200193665094,0.004154262514171247,0.4140421122927435,0.3278688524590164,1.3544262295027114,0.7383200193665094
2001-01-18,0.19120938350187364,2.0,0.48780487804878053,0.8567150598303679,0.534351145034366,3,0.39892838664182545,0.4962478818697894,0.00402963463874611,0.4140421122927435,0.3278688524590164,1.3544262295027114,0.7383200193665094
2001-01-19,0.16013602997792717,1.0,0.9523809523809523,0.05380174530008437,0.9904761904673984,2,0.0005123975747595451,0.25417574437258533,0.003908745599583726,0.4140421122927435,0.3278688524590164,1.3544262295027114,0.7383200193665094
2001-01-22,0.1515923207227555,2.0,0.48780487804878053,7.877254404281509e-12,0.9999999999911228,1,6.992821709594312e-23,0.4962478818697894,0.0037914832315962144,0.4140421122927435,0.3278688524590164,1.3544262295027114,0.7383200193665094
2001-01-23,0.1594533134849341,2.0,0.48780487804878053,0.6220491286514702,0.6862745097913775,2,0.195152667820029,0.4962478818697894,0.0036777387346483277,0.4140421122927435,0.3278688524590164,1.3544262295027114,0.7383200193665094
2001-01-24,0.12890662696986807,2.0,0.48780487804878053,3.114153379561468e-11,0.9999999999678585,1,1.0009359720508012e-21,0.4962478818697894,0.003567406572608878,0.4140421122927435,0.3278688524590164,1.3544262295027114,0.7383200193665094
2001-01-25,0.12822378375966667,3.0,0.3278688524590164,8.371292547689595e-11,0.9999999999152871,1,7.091564965803655e-21,0.7383200193665094,0.0034603843754306115,0.4140421122927435,0.3278688524590164,1.3544262295027114,0.7383200193665094
2001-01-26,0.10221996691850133,2.5,0.3921568627450981,1.2315926056683629e-11,0.9999999999866841,1,1.6399768824199887e-22,0.6172839506182098,0.003356572844167693,0.4140421122927435,0.3278688524590164,1.3544262295027114,0.7383200193665094
2001-01-29,0.09726454183412764,3.0,0.3278688524590164,0.0,0.0,0,0.0,0.7383200193665094,0.0032558756588426624,0.4140421122927435,0.3278688524590164,1.3544262295027114,0.7383200193665094
2001-01-30,0.09522466065279121,3.0,0.3278688524590164,6.114031503108455e-11,0.9999999999378597,1,3.799277084720424e-21,0.7383200193665094,0.0031581993890773823,0.4140421122927435,0.3278688524590164,1.3544262295027114,0.7383200193665094
2001-01-31,0.08407640457404039,2.0,0.48780487804878053,4.804423525563671e-11,0.9999999999509558,1,2.356291713791233e-21,0.4962478818697894,0.003063453407405061,0.4140421122927435,0.3278688524590164,1.3544262295027114,0.7383200193665094
2001-02-01,0.07806116774350957,3.0,0.3278688524590164,0.0,0.0,0,0.0,0.7383200193665094,0.002971549805182909,0.4140421122927435,0.3278688524590164,1.3544262295027114,0.7383200193665094
2001-02-02,0.09225513797493293,2.0,0.48780487804878053,1.2315926056683629e-11,0.9999999999866841,1,1.6399768824199887e-22,0.4962478818697894,0.0028824033110274217,0.4140421122927435,0.3278688524590164,1.3544262295027114,0.7383200193665094
2001-02-05,0.09632110055835082,2.0,0.48780487804878053,0.6528933423144849,0.6409090909063753,2,0.23444806383288352,0.4962478818697894,0.002795931211696599,0.4140421122927435,0.3278688524590164,1.3544262295027114,0.7383200193665094
2001-02-06,0.052182156331238204,2.0,0.48780487804878053,0.9177851292147496,0.4830790547318053,3,0.47442235654678055,0.4962478818697894,0.002712053275345701,0.4140421122927435,0.3278688524590164,1.3544262295027114,0.7383200193665094
2001-02-07,0.034361853710659994,3.0,0.3278688524590164,0.40868552633581423,0.8579399471441878,2,0.05805788747267122,0.7383200193665094,0.0026306916770853297,0.4140421122927435,0.3278688524590164,1.3544262295027114,0.7383200193665094
2001-02-08,0.05424119109368315,2.5,0.3921568627450981,0.6931471805591676,0.4999999999980086,2,0.34657359028096413,0.6172839506182098,0.0025517709267727697,0.4140421122927435,0.3278688524590164,1.3544262295027114,0.7383200193665094
2001-02-09,0.08110495496839479,2.0,0.48780487804878053,0.5824922438844573,0.7307692307666108,2,0.15682483489349539,0.4962478818697894,0.0024752177989695867,0.4140421122927435,0.3278688524590164,1.3544262295027114,0.7383200193665094
2001-02-12,0.10729373072226037,3.0,0.3278688524590164,0.6149409803342661,0.6951219512155616,2,0.18748200620190075,0.7383200193665094,0.002400961265000499,0.4140421122927435,0.3278688524590164,1.3544262295027114,0.7383200193665094
2001-02-13,0.11298957959037012,2.0,0.48780487804878053,0.6119466710745393,0.6987179487137735,2,0.18436854833911495,0.4962478818697894,0.002328932427050484,0.4140421122927435,0.3278688524590164,1.3544262295027114,0.7383200193665094
2001-02-14,0.11550587752168782,1.0,0.9523809523809523,0.36852656781665977,0.8791946308669828,2,0.04451998806041548,0.25417574437258533,0.0022590644542389697,0.4140421122927435,0.3278688524590164,1.3544262295027114,0.7383200193665094
2001-02-15,0.10848212048878404,2.0,0.48780487804878053,0.5377002141468021,0.7713004484272693,2,0.12297179785593491,0.4962478818697894,0.0021912925206118007,0.4140421122927435,0.3278688524590164,1.3544262295027114,0.7383200193665094
2001-02-16,0.11340574919599994,1.5,0.6451612903225806,4.011346810261097e-12,0.9999999999949887,1,2.0102161304609888e-23,0.37521181312124796,0.002125553744993447,0.4140421122927435,0.3278688524590164,1.3544262295027114,0.7383200193665094
2001-02-20,0.1067136124676118,2.0,0.48780487804878053,0.5320050878077935,0.775934895872615,2,0.11920377539595187,0.4962478818697894,0.0020617871326436433,0.4140421122927435,0.3278688524590164,1.3544262295027114,0.7383200193665094
2001-02-21,0.13387789583716006,2.0,0.48780487804878053,0.6085568859065764,0.7027027026968017,2,0.18092231743527598,0.4962478818697894,0.001999933518664334,0.4140421122927435,0.3278688524590164,1.3544262295027114,0.7383200193665094
2001-02-22,0.1361898223308086,3.0,0.3278688524590164,2.724565018002017e-11,0.9999999999717544,1,7.695705012022604e-22,0.7383200193665094,0.0019399355131044039,0.4140421122927435,0.3278688524590164,1.3544262295027114,0.7383200193665094
2001-02-23,0.11758937145965585,3.0,0.3278688524590164,0.4527007396812259,0.8319999999937954,2,0.0760537242692548,0.7383200193665094,0.0018817374477112718,0.4140421122927435,0.3278688524590164,1.3544262295027114,0.7383200193665094
2001-02-26,0.1444406082366388,2.0,0.48780487804878053,2.2900126239448145e-11,0.9999999999760999,1,5.473154014384552e-22,0.4962478818697894,0.0018252853242799335,0.4140421122927435,0.3278688524590164,1.3544262295027114,0.7383200193665094
2001-02-27,0.15116318464144554,2.0,0.48780487804878053,3.114153379561468e-11,0.9999999999678585,1,1.0009359720508012e-21,0.4962478818697894,0.0017705267645515355,0.4140421122927435,0.3278688524590164,1.3544262295027114,0.7383200193665094
2001-02-28,0.19745136286638262,2.0,0.48780487804878053,0.23921709383738587,0.9354838709396147,2,0.015433360899463084,0.4962478818697894,0.0017174109616149894,0.4140421122927435,0.3278688524590164,1.3544262295027114,0.7383200193665094
2001-03-01,0.19128740824392998,2.0,0.48780487804878053,0.6224869206600759,0.6857142857051546,2,0.19563874649885074,0.4962478818697894,0.0016658886327665396,0.4140421122927435,0.3278688524590164,1.3544262295027114,0.7383200193665094
2001-03-02,0.17652122580976332,1.0,0.9523809523809523,9.356848629185225e-12,0.9999999999896432,1,9.69072579095812e-23,0.25417574437258533,0.0016159119737835434,0.4140421122927435,0.3278688524590164,1.3544262295027114,0.7383200193665094
2001-03-05,0.18416765053128692,2.0,0.48780487804878053,0.620843158677107,0.7777777777720236,3,0.1379651463762629,0.4962478818697894,0.0015674346145700371,0.4140421122927435,0.3278688524590164,1.3544262295027114,0.7383200193665094
2001-03-06,0.19466197833786775,2.0,0.48780487804878053,1.252326552267207,0.4522292993603722,4,0.6859877929650173,0.4962478818697894,0.001520411576132936,0.4140421122927435,0.3278688524590164,1.3544262295027114,0.7383200193665094
2001-03-07,0.19294543401262768,2.0,0.48780487804878053,1.0256728799081773e-10,0.9999999998964327,1,1.0622613585367347e-20,0.4962478818697894,0.001474799228848948,0.4140421122927435,0.3278688524590164,1.3544262295027114,0.7383200193665094
2001-03-08,0.19222370514860637,1.0,0.9523809523809523,2.018418765436885e-11,0.9999999999788158,1,4.275851724167135e-22,0.25417574437258533,0.0014305552519834795,0.4140421122927435,0.3278688524590164,1.3544262295027114,0.7383200193665094
2001-03-09,0.1887906164981264,2.0,0.48780487804878053,0.6450331516782761,0.6538461538383402,2,0.22328070635521255,0.4962478818697894,0.001387638594423975,0.4140421122927435,0.3278688524590164,1.3544262295027114,0.7383200193665094
2001-03-12,0.24871361839741288,2.0,0.48780487804878053,0.2337916587490861,0.9374999999453881,2,0.014611978684585681,0.4962478818697894,0.0013460094365912556,0.4140421122927435,0.3278688524590164,1.3544262295027114,0.7383200193665094
2001-03-13,0.23572249884502847,1.5,0.6451612903225806,0.5297061990800105,0.7777777777374998,2,0.11771248870578227,0.37521181312124796,0.0013056291534935178,0.4140421122927435,0.3278688524590164,1.3544262295027114,0.7383200193665094
2001-03-14,0.2766074636825625,3.0,0.3278688524590164,3.097018196968334e-10,0.9999999996892982,1,9.622491210703823e-20,0.7383200193665094,0.0012664602788887123,0.4140421122927435,0.3278688524590164,1.3544262295027114,0.7383200193665094
2001-03-15,0.2612560956829732,3.0,0.3278688524590164,1.3215795124034712e-10,0.9999999998668421,1,1.759787910489669e-20,0.7383200193665094,0.001228466470522051,0.4140421122927435,0.3278688524590164,1.3544262295027114,0.7383200193665094
2001-03-16,0.2947092038396386,1.5,0.6451612903225806,0.0,0.0,0,0.0,0.37521181312124796,0.0011916124764063893,0.4140421122927435,0.3278688524590164,1.3544262295027114,0.7383200193665094
2001-03-19,0.33044453570145277,1.0,0.9523809523809523,0.0,0.0,0,0.0,0.25417574437258533,0.0011558641021141975,0.4140421122927435,0.3278688524590164,1.3544262295027114,0.7383200193665094
2001-03-20,0.35558800882911545,3.0,0.3278688524590164,0.4461368445259878,0.8360655737577155,2,0.07313718763291109,0.7383200193665094,0.0011211881790507716,0.4140421122927435,0.3278688524590164,1.3544262295027114,0.7383200193665094
2001-03-21,0.3627077665417587,2.0,0.48780487804878053,0.0,0.0,0,0.0,0.4962478818697894,0.0010875525336792485,0.4140421122927435,0.3278688524590164,1.3544262295027114,0.7383200193665094
2001-03-22,0.35703146655715823,3.0,0.3278688524590164,4.6505266293703776e-10,0.9999999995339474,1,2.167390217305079e-19,0.7383200193665094,0.001054925957668871,0.4140421122927435,0.3278688524590164,1.3544262295027114,0.7383200193665094
2001-03-23,0.37809814691237625,1.0,0.9523809523809523,2.1192936294521388e-11,0.9999999999778071,1,4.703330162591665e-22,0.25417574437258533,0.0010232781789388048,0.4140421122927435,0.3278688524590164,1.3544262295027114,0.7383200193665094
2001-03-26,0.391186797392331,1.0,0.9523809523809523,0.0,0.0,0,0.0,0.25417574437258533,0.0009925798335706406,0.4140421122927435,0.3278688524590164,1.3544262295027114,0.7383200193665094
2001-03-27,0.4423125096247627,1.0,0.9523809523809523,2.3202639806768103e-10,0.9999999997669736,1,5.4068270671806165e-20,0.25417574437258533,0.0009628024385635213,0.4140421122927435,0.3278688524590164,1.3544262295027114,0.7383200193665094
2001-03-28,0.432930034392485,2.0,0.48780487804878053,0.0,0.0,0,0.0,0.4962478818697894,0.0009339183654066157,0.4140421122927435,0.3278688524590164,1.3544262295027114,0.7383200193665094
2001-03-29,0.43332015810276675,2.0,0.48780487804878053,7.070044549549201e-11,0.9999999999282996,1,5.069251874922759e-21,0.4962478818697894,0.0009059008144444172,0.4140421122927435,0.3278688524590164,1.3544262295027114,0.7383200193665094
2001-03-30,0.4212263230840306,2.0,0.48780487804878053,0.12425083740969604,0.972972972948461,2,0.003358130743848233,0.4962478818697894,0.0008787237900110847,0.4140421122927435,0.3278688524590164,1.3544262295027114,0.7383200193665094
2001-04-02,0.4446337457009395,3.0,0.3278688524590164,4.6505266293703776e-10,0.9999999995339474,1,2.167390217305079e-19,0.7383200193665094,0.0008523620763107522,0.4140421122927435,0.3278688524590164,1.3544262295027114,0.7383200193665094
2001-04-03,0.47968636106976037,3.0,0.3278688524590164,3.097018196968334e-10,0.9999999996892982,1,9.622491210703823e-20,0.7383200193665094,0.0008267912140214296,0.4140421122927435,0.3278688524590164,1.3544262295027114,0.7383200193665094
2001-04-04,0.4915071094912993,3.0,0.3278688524590164,0.0,0.0,0,0.0,0.7383200193665094,0.0008019874776007867,0.4140421122927435,0.3278688524590164,1.3544262295027114,0.7383200193665094
2001-04-05,0.5174308300395257,3.0,0.3278688524590164,0.0,0.0,0,0.0,0.7383200193665094,0.0007779278532727631,0.4140421122927435,0.3278688524590164,1.3544262295027114,0.7383200193665094
2001-04-06,0.5289394794928393,3.0,0.3278688524590164,0.0,0.0,0,0.0,0.7383200193665094,0.0007545900176745802,0.4140421122927435,0.3278688524590164,1.3544262295027114,0.7383200193665094
2001-04-09,0.5317093578358401,3.0,0.3278688524590164,6.114031503108455e-11,0.9999999999378597,1,3.799277084720424e-21,0.7383200193665094,0.0007319523171443428,0.4140421122927435,0.3278688524590164,1.3544262295027114,0.7383200193665094
2001-04-10,0.5541609773625584,3.0,0.3278688524590164,5.7256532846574624e-11,0.9999999999417435,1,3.3355658199415894e-21,0.7383200193665094,0.0007099937476300125,0.4140421122927435,0.3278688524590164,1.3544262295027114,0.7383200193665094
2001-04-11,0.5274179970227401,3.0,0.3278688524590164,0.0,0.0,0,0.0,0.7383200193665094,0.0006886939352011121,0.4140421122927435,0.3278688524590164,1.3544262295027114,0.7383200193665094
2001-04-12,0.5419110928597095,3.0,0.3278688524590164,0.0,0.0,0,0.0,0.7383200193665094,0.0006680331171450786,0.4140421122927435,0.3278688524590164,1.3544262295027114,0.7383200193665094
2001-04-16,0.49735896514552635,3.0,0.3278688524590164,0.0,0.0,0,0.0,0.7383200193665094,0.0006479921236307262,0.4140421122927435,0.3278688524590164,1.3544262295027114,0.7383200193665094
2001-04-17,0.4921703197987783,4.0,0.2469135802469136,0.0,0.0,0,0.0,0.9803921568627451,0.16270068985615752,0.4140421122927435,0.3278688524590164,1.3544262295027114,0.7383200193665094
2001-04-18,0.4291848467737795,2.0,0.48780487804878053,2.5631607946864406e-11,0.9999999999733684,1,6.826103668824464e-22,0.4962478818697894,0.1578196691604728,0.4140421122927435,0.3278688524590164,1.3544262295027114,0.7383200193665094
2001-04-19,0.4187490375237412,3.0,0.3278688524590164,4.1368353186568313e-11,0.9999999999576317,1,1.7527080834532026e-21,0.7383200193665094,0.1530850790856586,0.4140421122927435,0.3278688524590164,1.3544262295027114,0.7383200193665094
2001-04-20,0.4064991530208922,3.0,0.3278688524590164,0.0,0.0,0,0.0,0.7383200193665094,0.14849252671308885,0.4140421122927435,0.3278688524590164,1.3544262295027114,0.7383200193665094
2001-04-23,0.3719341922899235,2.0,0.48780487804878053,3.9526271144186593e-11,0.9999999999594738,1,1.6018515073512756e-21,0.4962478818697894,0.14403775091169618,0.4140421122927435,0.3278688524590164,1.3544262295027114,0.7383200193665094
2001-04-24,0.3872660541039989,3.0,0.3278688524590164,0.0,0.0,0,0.0,0.7383200193665094,0.1397166183843453,0.4140421122927435,0.3278688524590164,1.3544262295027114,0.7383200193665094
2001-04-25,0.4039438427185463,2.5,0.3921568627450981,2.5631607946864406e-11,0.9999999999733684,1,6.826103668824464e-22,0.6172839506182098,0.13552511983281493,0.4140421122927435,0.3278688524590164,1.3544262295027114,0.7383200193665094
2001-04-26,0.39493198501103643,3.0,0.3278688524590164,0.6700089798364126,0.6071428571226452,2,0.26321781352070434,0.7383200193665094,0.13145936623783047,0.4140421122927435,0.3278688524590164,1.3544262295027114,0.7383200193665094
2001-04-27,0.3622201119039064,3.0,0.3278688524590164,0.5349082431369286,0.7735849056467744,2,0.12111130034016583,0.7383200193665094,0.12751558525069556,0.4140421122927435,0.3278688524590164,1.3544262295027114,0.7383200193665094
2001-04-30,0.34579590370104213,3.0,0.3278688524590164,0.1584105701370528,0.9629629629546524,2,0.005867058154540651,0.7383200193665094,0.12369011769317469,0.4140421122927435,0.3278688524590164,1.3544262295027114,0.7383200193665094
2001-05-01,0.34150454288794213,3.0,0.3278688524590164,0.6890092384775868,0.545454545449409,2,0.31318601749335123,0.7383200193665094,0.11997941416237944,0.4140421122927435,0.3278688524590164,1.3544262295027114,0.7383200193665094
2001-05-02,0.35020430162722643,1.0,0.9523809523809523,0.5030568449196976,0.7980769230697695,2,0.10157878599699913,0.25417574437258533,0.11638003173750805,0.4140421122927435,0.3278688524590164,1.3544262295027114,0.7383200193665094
2001-05-03,0.35355936553565015,1.0,0.9523809523809523,0.5739644913999555,0.7391304347676323,2,0.14972986733032345,0.25417574437258533,0.1128886307853828,0.4140421122927435,0.3278688524590164,1.3544262295027114,0.7383200193665094
2001-05-04,0.3018094553667676,1.0,0.9523809523809523,0.5577876796693553,0.7540983606442144,2,0.13716090484315424,0.25417574437258533,0.10950197186182131,0.4140421122927435,0.3278688524590164,1.3544262295027114,0.7383200193665094
2001-05-07,0.3067445203018326,1.0,0.9523809523809523,0.4869127094701926,0.809523809511833,2,0.09274527800015392,0.25417574437258533,0.10621691270596667,0.4140421122927435,0.3278688524590164,1.3544262295027114,0.7383200193665094
2001-05-08,0.2605343668189518,1.0,0.9523809523809523,1.4798495762011802e-11,0.9999999999842015,1,2.3379364521395103e-22,0.25417574437258533,0.10303040532478767,0.4140421122927435,0.3278688524590164,1.3544262295027114,0.7383200193665094
2001-05-09,0.2596565884708178,3.0,0.3278688524590164,0.5623351447188101,0.7499999998252173,2,0.140583786277989,0.7383200193665094,0.09993949316504404,0.4140421122927435,0.3278688524590164,1.3544262295027114,0.7383200193665094
2001-05-10,0.26031979877829686,3.0,0.3278688524590164,8.81172912409977e-12,0.9999999999901883,1,8.645810435042214e-23,0.7383200193665094,0.09694130837009271,0.4140421122927435,0.3278688524590164,1.3544262295027114,0.7383200193665094
2001-05-11,0.22041014321646735,3.0,0.3278688524590164,0.3285026357289621,0.8984374999934576,2,0.03336354894337192,0.7383200193665094,0.09403306911898993,0.4140421122927435,0.3278688524590164,1.3544262295027114,0.7383200193665094
2001-05-14,0.21849853703608643,2.0,0.48780487804878053,0.6455309973242026,0.6530612244856546,2,0.22395973376821302,0.4962478818697894,0.09121207704542023,0.4140421122927435,0.3278688524590164,1.3544262295027114,0.7383200193665094
2001-05-15,0.21771828961552286,2.0,0.48780487804878053,0.6711891002302414,0.6043956043894142,2,0.26552535833699753,0.4962478818697894,0.08847571473405762,0.4140421122927435,0.3278688524590164,1.3544262295027114,0.7383200193665094
2001-05-16,0.23892151326933941,3.0,0.3278688524590164,1.155132656126397e-10,0.9999999998834868,1,1.3458825243540766e-20,0.7383200193665094,0.08582144329203589,0.4140421122927435,0.3278688524590164,1.3544262295027114,0.7383200193665094
2001-05-17,0.23665785914425264,3.0,0.3278688524590164,0.5656778686519923,0.7469345741826146,2,0.14315351070588747,0.7383200193665094,0.08324679999327482,0.4140421122927435,0.3278688524590164,1.3544262295027114,0.7383200193665094
2001-05-18,0.26425939813777044,3.0,0.3278688524590164,0.6880254397111808,0.5505617977470431,2,0.3092249167280933,0.7383200193665094,0.08074939599347657,0.4140421122927435,0.3278688524590164,1.3544262295027114,0.7383200193665094
2001-05-21,0.2687153687331496,3.0,0.3278688524590164,1.0646451985716754,0.44705882352696036,3,0.5886861686245951,0.7383200193665094,0.07832691411367226,0.4140421122927435,0.3278688524590164,1.3544262295027114,0.7383200193665094
2001-05-22,0.2727341498178852,3.0,0.3278688524590164,0.5203457960892631,0.7851239669361008,2,0.11180984048513748,0.7383200193665094,0.0759771066902621,0.4140421122927435,0.3278688524590164,1.3544262295027114,0.7383200193665094
2001-05-23,0.330061236814529,2.0,0.48780487804878053,0.8454775368267944,0.5869565217351648,3,0.3492189826057245,0.4962478818697894,0.07369779348955424,0.4140421122927435,0.3278688524590164,1.3544262295027114,0.7383200193665094
2001-05-24,0.3196381089266464,2.5,0.3921568627450981,0.8355523010879771,0.503448275858832,3,0.41489493571535535,0.6172839506182098,0.0714868596848676,0.4140421122927435,0.3278688524590164,1.3544262295027114,0.7383200193665094
2001-05-25,0.28456598737231154,3.5,0.28169014084507044,0.6854630794065457,0.5619047618997747,2,0.3002981109815243,0.8593560881146878,0.11037832264250003,0.4140421122927435,0.3278688524590164,1.3544262295027114,0.7383200193665094
2001-05-29,0.28113289872183156,3.0,0.3278688524590164,1.88320470327056e-11,0.999999999980168,1,3.7347762588116165e-22,0.7383200193665094,0.10706697296322502,0.4140421122927435,0.3278688524590164,1.3544262295027114,0.7383200193665094
2001-05-30,0.24061855140906527,4.0,0.2469135802469136,0.0,0.0,0,0.0,0.9803921568627451,0.265927101270564,0.4140421122927435,0.3278688524590164,1.3544262295027114,0.7383200193665094
2001-05-31,0.24463682562496797,3.0,0.3278688524590164,0.0,0.0,0,0.0,0.7383200193665094,0.25794928823244706,0.4140421122927435,0.3278688524590164,1.3544262295027114,0.7383200193665094
2001-06-01,0.22596940608798322,3.0,0.3278688524590164,3.352240707184397e-11,0.9999999999654776,1,1.1572734414089106e-21,0.7383200193665094,0.25021080958547365,0.4140421122927435,0.3278688524590164,1.3544262295027114,0.7383200193665094
2001-06-04,0.2326600277193162,3.0,0.3278688524590164,2.4191981750870266e-11,0.999999999974808,1,6.094434276247253e-22,0.7383200193665094,0.24270448529790944,0.4140421122927435,0.3278688524590164,1.3544262295027114,0.7383200193665094
2001-06-05,0.2124516195267183,3.0,0.3278688524590164,0.0,0.0,0,0.0,0.7383200193665094,0.23542335073897216,0.4140421122927435,0.3278688524590164,1.3544262295027114,0.7383200193665094
2001-06-06,0.2180498947692624,3.0,0.3278688524590164,0.0,0.0,0,0.0,0.7383200193665094,0.228360650216803,0.4140421122927435,0.3278688524590164,1.3544262295027114,0.7383200193665094
2001-06-07,0.22505261536882096,2.5,0.3921568627450981,2.3529067582883067e-11,0.999999999975471,1,5.771455684063808e-22,0.6172839506182098,0.2215098307102989,0.4140421122927435,0.3278688524590164,1.3544262295027114,0.7383200193665094
2001-06-08,0.22673014732303273,2.0,0.48780487804878053,2.5631607946864406e-11,0.9999999999733684,1,6.826103668824464e-22,0.4962478818697894,0.21486453578898992,0.4140421122927435,0.3278688524590164,1.3544262295027114,0.7383200193665094
2001-06-11,0.22992916174734354,3.0,0.3278688524590164,0.0,0.0,0,0.0,0.7383200193665094,0.20841859971532023,0.4140421122927435,0.3278688524590164,1.3544262295027114,0.7383200193665094
2001-06-12,0.23843385863148708,3.0,0.3278688524590164,0.0,0.0,0,0.0,0.7383200193665094,0.20216604172386063,0.4140421122927435,0.3278688524590164,1.3544262295027114,0.7383200193665094
2001-06-13,0.245300035932447,3.0,0.3278688524590164,0.0,0.0,0,0.0,0.7383200193665094,0.19610106047214482,0.4140421122927435,0.3278688524590164,1.3544262295027114,0.7383200193665094
2001-06-14,0.24412966480160156,2.0,0.48780487804878053,4.1368353186568313e-11,0.9999999999576317,1,1.7527080834532026e-21,0.4962478818697894,0.19021802865798046,0.4140421122927435,0.3278688524590164,1.3544262295027114,0.7383200193665094
2001-06-15,0.24116472460345978,3.0,0.3278688524590164,0.0,0.0,0,0.0,0.7383200193665094,0.18451148779824103,0.4140421122927435,0.3278688524590164,1.3544262295027114,0.7383200193665094
2001-06-18,0.21498742364355017,2.0,0.48780487804878053,3.485012278694648e-11,0.9999999999641499,1,1.2493804101299078e-21,0.4962478818697894,0.1789761431642938,0.4140421122927435,0.3278688524590164,1.3544262295027114,0.7383200193665094
2001-06-19,0.2188886607463683,2.0,0.48780487804878053,7.070044549549201e-11,0.9999999999282996,1,5.069251874922759e-21,0.4962478818697894,0.173606858869365,0.4140421122927435,0.3278688524590164,1.3544262295027114,0.7383200193665094
2001-06-20,0.19967506801498897,2.0,0.48780487804878053,5.7256532846574624e-11,0.9999999999417435,1,3.3355658199415894e-21,0.4962478818697894,0.16839865310328406,0.4140421122927435,0.3278688524590164,1.3544262295027114,0.7383200193665094
2001-06-21,0.19481802782198046,1.0,0.9523809523809523,0.6930128020604732,0.5081967213075925,2,0.3408259682291531,0.25417574437258533,0.16334669351018552,0.4140421122927435,0.3278688524590164,1.3544262295027114,0.7383200193665094
2001-06-22,0.1845577742415687,1.0,0.9523809523809523,3.352240707184397e-11,0.9999999999654776,1,1.1572734414089106e-21,0.25417574437258533,0.15844629270487995,0.4140421122927435,0.3278688524590164,1.3544262295027114,0.7383200193665094
2001-06-25,0.1564103485447359,2.0,0.48780487804878053,1.0367262603885604e-11,0.9999999999886328,1,1.1784716716079338e-22,0.4962478818697894,0.15369290392373355,0.4140421122927435,0.3278688524590164,1.3544262295027114,0.7383200193665094
2001-06-26,0.13655305169139162,2.0,0.48780487804878053,1.9263146633158905e-11,0.9999999999797369,1,3.9033153871374674e-22,0.4962478818697894,0.14908211680602154,0.4140421122927435,0.3278688524590164,1.3544262295027114,0.7383200193665094
2001-06-27,0.12354242595349317,2.0,0.48780487804878053,2.4191981750870266e-11,0.999999999974808,1,6.094434276247253e-22,0.4962478818697894,0.1446096533018409,0.4140421122927435,0.3278688524590164,1.3544262295027114,0.7383200193665094
2001-06-28,0.13341255582362305,3.0,0.3278688524590164,0.6791932659945097,0.5833333333242708,2,0.2829971941705342,0.7383200193665094,0.14027136370278567,0.4140421122927435,0.3278688524590164,1.3544262295027114,0.7383200193665094
2001-06-29,0.12847749088855814,3.0,0.3278688524590164,4.560518629295435e-11,0.9999999999533948,1,2.1254371942923637e-21,0.7383200193665094,0.1360632227917021,0.4140421122927435,0.3278688524590164,1.3544262295027114,0.7383200193665094
2001-07-02,0.13949848570401935,3.0,0.3278688524590164,0.0,0.0,0,0.0,0.7383200193665094,0.13198132610795105,0.4140421122927435,0.3278688524590164,1.3544262295027114,0.7383200193665094
2001-07-03,0.14581848981058468,2.0,0.48780487804878053,0.0,0.0,0,0.0,0.4962478818697894,0.1280218863247125,0.4140421122927435,0.3278688524590164,1.3544262295027114,0.7383200193665094
2001-07-05,0.13489502592269392,1.0,0.9523809523809523,1.1105338870647747e-11,0.9999999999878947,1,1.344336446341773e-22,0.25417574437258533,0.12418122973497113,0.4140421122927435,0.3278688524590164,1.3544262295027114,0.7383200193665094
2001-07-06,0.15502540937323547,2.0,0.48780487804878053,0.693097179726009,0.5049999999976463,2,0.3430831039660058,0.4962478818697894,0.12045579284292199,0.4140421122927435,0.3278688524590164,1.3544262295027114,0.7383200193665094
2001-07-09,0.13739181766849753,2.0,0.48780487804878053,0.6931009520363067,0.5048076923054303,2,0.343218259904162,0.4962478818697894,0.11684211905763432,0.4140421122927435,0.3278688524590164,1.3544262295027114,0.7383200193665094
2001-07-10,0.18543555258970276,2.0,0.48780487804878053,0.609171518831605,0.7019867549625541,2,0.18154118111139617,0.4962478818697894,0.11333685548590529,0.4140421122927435,0.3278688524590164,1.3544262295027114,0.7383200193665094
2001-07-11,0.16965504850880347,2.0,0.48780487804878053,0.6803605824685163,0.5797872340396784,2,0.28589620220947076,0.4962478818697894,0.10993674982132813,0.4140421122927435,0.3278688524590164,1.3544262295027114,0.7383200193665094
2001-07-12,0.18332888455418098,2.0,0.48780487804878053,0.4060964211149368,0.8593749999937416,2,0.05710730922182952,0.4962478818697894,0.10663864732668829,0.4140421122927435,0.3278688524590164,1.3544262295027114,0.7383200193665094
2001-07-13,0.19832914121451675,3.0,0.3278688524590164,0.5763341277589069,0.736842105255928,2,0.151666875730195,0.7383200193665094,0.10343948790688764,0.4140421122927435,0.3278688524590164,1.3544262295027114,0.7383200193665094
2001-07-16,0.19370617524767725,3.0,0.3278688524590164,0.29445507320264536,0.9134615384533512,2,0.02548168902956278,0.7383200193665094,0.10033630326968102,0.4140421122927435,0.3278688524590164,1.3544262295027114,0.7383200193665094
2001-07-17,0.1928088907140291,2.0,0.48780487804878053,0.41164606358260514,0.8562874251449213,2,0.05915871572641363,0.4962478818697894,0.09732621417159058,0.4140421122927435,0.3278688524590164,1.3544262295027114,0.7383200193665094
2001-07-18,0.2027765515117294,2.0,0.48780487804878053,8.321121569522606e-12,0.9999999999906789,1,7.756200166713184e-23,0.4962478818697894,0.09440642774644287,0.4140421122927435,0.3278688524590164,1.3544262295027114,0.7383200193665094
2001-07-19,0.20979877829680205,1.0,0.9523809523809523,0.07081055491197255,0.9866666666605349,2,0.0009441407325938257,0.25417574437258533,0.09157423491404958,0.4140421122927435,0.3278688524590164,1.3544262295027114,0.7383200193665094
2001-07-20,0.20043580925003845,2.0,0.48780487804878053,0.340499778473689,0.8928571428511985,2,0.036482119124205,0.4962478818697894,0.08882700786662809,0.4140421122927435,0.3278688524590164,1.3544262295027114,0.7383200193665094
2001-07-23,0.2360736101842821,1.0,0.9523809523809523,5.518252521576134e-12,0.9999999999934818,1,3.596924134033412e-23,0.25417574437258533,0.08616219763062924,0.4140421122927435,0.3278688524590164,1.3544262295027114,0.7383200193665094
2001-07-24,0.2735254863713363,2.0,0.48780487804878053,8.321121569522606e-12,0.9999999999906789,1,7.756200166713184e-23,0.4962478818697894,0.08357733170171036,0.4140421122927435,0.3278688524590164,1.3544262295027114,0.7383200193665094
2001-07-25,0.31167958523689765,2.0,0.48780487804878053,0.562335144621243,0.749999999992401,2,0.14058378615958395,0.4962478818697894,0.08107001175065905,0.4140421122927435,0.3278688524590164,1.3544262295027114,0.7383200193665094
2001-07-26,0.32825984292387445,2.0,0.48780487804878053,0.3657337906832185,0.8805970149131234,2,0.0436697063547152,0.4962478818697894,0.07863791139813928,0.4140421122927435,0.3278688524590164,1.3544262295027114,0.7383200193665094
2001-07-27,0.3317709563164108,2.0,0.48780487804878053,2.906785923028431e-11,0.9999999999699322,1,8.74007656443988e-22,0.4962478818697894,0.0762787740561951,0.4140421122927435,0.3278688524590164,1.3544262295027114,0.7383200193665094
2001-07-30,0.3221934192289924,2.0,0.48780487804878053,9.966028002790554e-12,0.999999999989034,1,1.0928752169010807e-22,0.4962478818697894,0.07399041083450925,0.4140421122927435,0.3278688524590164,1.3544262295027114,0.7383200193665094
2001-07-31,0.31995020789487205,3.0,0.3278688524590164,0.0,0.0,0,0.0,0.7383200193665094,0.07177069850947397,0.4140421122927435,0.3278688524590164,1.3544262295027114,0.7383200193665094
2001-08-01,0.3235783584004927,1.0,0.9523809523809523,3.114153379561468e-11,0.9999999999678585,1,1.0009359720508012e-21,0.25417574437258533,0.06961757755418975,0.4140421122927435,0.3278688524590164,1.3544262295027114,0.7383200193665094
2001-08-02,0.32925465838509316,2.0,0.48780487804878053,3.007016857688526e-11,0.9999999999689299,1,9.342845416298289e-22,0.4962478818697894,0.06752905022756406,0.4140421122927435,0.3278688524590164,1.3544262295027114,0.7383200193665094
2001-08-03,0.32884502848929725,2.0,0.48780487804878053,6.114031503108455e-11,0.9999999999378597,1,3.799277084720424e-21,0.4962478818697894,0.06550317872073713,0.4140421122927435,0.3278688524590164,1.3544262295027114,0.7383200193665094
2001-08-06,0.34919138626622753,3.0,0.3278688524590164,0.0,0.0,0,0.0,0.7383200193665094,0.06353808335911501,0.4140421122927435,0.3278688524590164,1.3544262295027114,0.7383200193665094
2001-08-07,0.3161161446848632,3.0,0.3278688524590164,0.0,0.0,0,0.0,0.7383200193665094,0.06163194085834156,0.4140421122927435,0.3278688524590164,1.3544262295027114,0.7383200193665094
2001-08-08,0.3722390601135026,3.0,0.3278688524590164,4.1368353186568313e-11,0.9999999999576317,1,1.7527080834532026e-21,0.7383200193665094,0.05978298263259131,0.4140421122927435,0.3278688524590164,1.3544262295027114,0.7383200193665094
2001-08-09,0.33969046763513167,2.0,0.48780487804878053,1.9263146633158905e-11,0.9999999999797369,1,3.9033153871374674e-22,0.4962478818697894,0.05798949315361357,0.4140421122927435,0.3278688524590164,1.3544262295027114,0.7383200193665094
2001-08-10,0.3486828191571275,3.0,0.3278688524590164,0.0,0.0,0,0.0,0.7383200193665094,0.05624980835900516,0.4140421122927435,0.3278688524590164,1.3544262295027114,0.7383200193665094
2001-08-13,0.3534813407935938,3.0,0.3278688524590164,3.007016857688526e-11,0.9999999999689299,1,9.342845416298289e-22,0.7383200193665094,0.054562314108235,0.4140421122927435,0.3278688524590164,1.3544262295027114,0.7383200193665094
2001-08-14,0.34665417586366204,3.0,0.3278688524590164,0.0,0.0,0,0.0,0.7383200193665094,0.05292544468498794,0.4140421122927435,0.3278688524590164,1.3544262295027114,0.7383200193665094
2001-08-15,0.34714183050151426,1.0,0.9523809523809523,0.0,0.0,0,0.0,0.25417574437258533,0.0513376813444383,0.4140421122927435,0.3278688524590164,1.3544262295027114,0.7383200193665094
2001-08-16,0.35209640162209327,2.5,0.3921568627450981,7.667544376897341e-11,0.9999999999223246,1,5.9557974249765414e-21,0.6172839506182098,0.04979755090410515,0.4140421122927435,0.3278688524590164,1.3544262295027114,0.7383200193665094
2001-08-17,0.42514706637236277,2.0,0.48780487804878053,4.1368353186568313e-11,0.9999999999576317,1,1.7527080834532026e-21,0.4962478818697894,0.04830362437698199,0.4140421122927435,0.3278688524590164,1.3544262295027114,0.7383200193665094
2001-08-20,0.43425645500744325,2.5,0.3921568627450981,0.0,0.0,0,0.0,0.6172839506182098,0.04685451564567253,0.4140421122927435,0.3278688524590164,1.3544262295027114,0.7383200193665094
2001-08-21,0.47371746830244854,3.0,0.3278688524590164,6.114031503108455e-11,0.9999999999378597,1,3.799277084720424e-21,0.7383200193665094,0.04544888017630235,0.4140421122927435,0.3278688524590164,1.3544262295027114,0.7383200193665094
2001-08-22,0.45144140444535696,1.5,0.6451612903225806,0.0,0.0,0,0.0,0.37521181312124796,0.04408541377101328,0.4140421122927435,0.3278688524590164,1.3544262295027114,0.7383200193665094
2001-08-23,0.4208697050560514,2.0,0.48780487804878053,0.0,0.0,0,0.0,0.4962478818697894,0.04276285135788288,0.4140421122927435,0.3278688524590164,1.3544262295027114,0.7383200193665094
2001-08-24,0.4589870779697766,2.0,0.48780487804878053,0.0,0.0,0,0.0,0.4962478818697894,0.04147996581714639,0.4140421122927435,0.3278688524590164,1.3544262295027114,0.7383200193665094
2001-08-27,0.4484014876051559,2.0,0.48780487804878053,0.0,0.0,0,0.0,0.4962478818697894,0.040235566842632,0.4140421122927435,0.3278688524590164,1.3544262295027114,0.7383200193665094
2001-08-28,0.4786206073888144,2.0,0.48780487804878053,0.0,0.0,0,0.0,0.4962478818697894,0.039028499837353035,0.4140421122927435,0.3278688524590164,1.3544262295027114,0.7383200193665094
2001-08-29,0.4904629941506323,1.5,0.6451612903225806,0.0,0.0,0,0.0,0.37521181312124796,0.037857644842232446,0.4140421122927435,0.3278688524590164,1.3544262295027114,0.7383200193665094
2001-08-30,0.5166497589574975,3.0,0.3278688524590164,0.0,0.0,0,0.0,0.7383200193665094,0.03672191549696547,0.4140421122927435,0.3278688524590164,1.3544262295027114,0.7383200193665094
2001-08-31,0.5233411353826362,3.0,0.3278688524590164,0.0,0.0,0,0.0,0.7383200193665094,0.035620258032056505,0.4140421122927435,0.3278688524590164,1.3544262295027114,0.7383200193665094
2001-09-04,0.5337479856190928,2.0,0.48780487804878053,9.221057250662094e-11,0.9999999999067894,1,8.594998215049467e-21,0.4962478818697894,0.03455165029109481,0.4140421122927435,0.3278688524590164,1.3544262295027114,0.7383200193665094
2001-09-05,0.5365866782916108,2.0,0.48780487804878053,2.2900126239448145e-11,0.9999999999760999,1,5.473154014384552e-22,0.4962478818697894,0.033515100782361966,0.4140421122927435,0.3278688524590164,1.3544262295027114,0.7383200193665094
2001-09-06,0.5600763238467793,1.5,0.6451612903225806,1.4535150860574841e-11,0.9999999999844649,1,2.258054398594518e-22,0.37521181312124796,0.032509647758891105,0.4140421122927435,0.3278688524590164,1.3544262295027114,0.7383200193665094
2001-09-07,0.5656551694489765,2.0,0.48780487804878053,1.0096590230485031e-11,0.9999999999889034,1,1.120375011594841e-22,0.4962478818697894,0.03153435832612437,0.4140421122927435,0.3278688524590164,1.3544262295027114,0.7383200193665094
2001-09-10,0.5370191387966963,2.0,0.48780487804878053,1.553235318127717e-11,0.9999999999834677,1,2.567860049289531e-22,0.4962478818697894,0.030588327576340637,0.4140421122927435,0.3278688524590164,1.3544262295027114,0.7383200193665094
2001-09-17,0.5351696213609332,2.0,0.48780487804878053,4.0681125134354215e-11,0.9999999999583189,1,1.695634167430194e-21,0.4962478818697894,0.02967067774905042,0.4140421122927435,0.3278688524590164,1.3544262295027114,0.7383200193665094
2001-09-18,0.48628165217544345,3.0,0.3278688524590164,5.382971845896038e-11,0.9999999999451703,1,2.9514671171048215e-21,0.7383200193665094,0.028780557416578905,0.4140421122927435,0.3278688524590164,1.3544262295027114,0.7383200193665094
2001-09-19,0.49184206929178237,3.5,0.28169014084507044,0.0,0.0,0,0.0,0.8593560881146878,0.06895320944225998,0.4140421122927435,0.3278688524590164,1.3544262295027114,0.7383200193665094
2001-09-20,0.4749064743182773,3.0,0.3278688524590164,3.097018196968334e-10,0.9999999996892982,1,9.622491210703823e-20,0.7383200193665094,0.06688461315899218,0.4140421122927435,0.3278688524590164,1.3544262295027114,0.7383200193665094
2001-09-21,0.48523701873425645,4.0,0.2469135802469136,3.3999913994718647e-11,0.9999999999650001,1,1.18999331352721e-21,0.9803921568627451,0.22695021226045814,0.4140421122927435,0.3278688524590164,1.3544262295027114,0.7383200193665094
2001-09-24,0.4639857100687594,3.0,0.3278688524590164,0.0,0.0,0,0.0,0.7383200193665094,0.2201417058926444,0.4140421122927435,0.3278688524590164,1.3544262295027114,0.7383200193665094
2001-09-25,0.4443208607639836,4.0,0.2469135802469136,0.0,0.0,0,0.0,0.9803921568627451,0.3756095922121008,0.4140421122927435,0.3278688524590164,1.3544262295027114,0.7383200193665094
2001-09-26,0.4141411913109011,3.5,0.28169014084507044,0.0,0.0,0,0.0,0.8593560881146878,0.4053773731939162,0.4140421122927435,0.3278688524590164,1.3544262295027114,0.7383200193665094
2001-09-27,0.395756106887203,3.0,0.3278688524590164,0.0,0.0,0,0.0,0.7383200193665094,0.3932160519980987,0.4140421122927435,0.3278688524590164,1.3544262295027114,0.7383200193665094
2001-09-28,0.41385856327197784,3.0,0.3278688524590164,0.0,0.0,0,0.0,0.7383200193665094,0.3814195704381558,0.4140421122927435,0.3278688524590164,1.3544262295027114,0.7383200193665094
2001-10-01,0.40262236132037654,3.0,0.3278688524590164,0.0,0.0,0,0.0,0.7383200193665094,0.3699769833250111,0.4140421122927435,0.3278688524590164,1.3544262295027114,0.7383200193665094
2001-10-02,0.3897868835532611,3.0,0.3278688524590164,1.543509764324952e-10,0.999999999844649,1,2.3978571489450547e-20,0.7383200193665094,0.35887767382526076,0.4140421122927435,0.3278688524590164,1.3544262295027114,0.7383200193665094
2001-10-03,0.37753703761651886,3.0,0.3278688524590164,0.0,0.0,0,0.0,0.7383200193665094,0.34811134361050294,0.4140421122927435,0.3278688524590164,1.3544262295027114,0.7383200193665094
2001-10-04,0.35125108904893215,3.0,0.3278688524590164,2.4191981750870266e-11,0.999999999974808,1,6.094434276247253e-22,0.7383200193665094,0.3376680033021878,0.4140421122927435,0.3278688524590164,1.3544262295027114,0.7383200193665094
2001-10-05,0.3428730804459193,3.0,0.3278688524590164,2.1192936294521388e-11,0.9999999999778071,1,4.703330162591665e-22,0.7383200193665094,0.3275379632031222,0.4140421122927435,0.3278688524590164,1.3544262295027114,0.7383200193665094
2001-10-08,0.3219433885883084,3.0,0.3278688524590164,0.0,0.0,0,0.0,0.7383200193665094,0.3177118243070285,0.4140421122927435,0.3278688524590164,1.3544262295027114,0.7383200193665094
2001-10-09,0.32109233761738937,3.0,0.3278688524590164,0.0,0.0,0,0.0,0.7383200193665094,0.30818046957781764,0.4140421122927435,0.3278688524590164,1.3544262295027114,0.7383200193665094
2001-10-10,0.3375657988698185,4.0,0.2469135802469136,0.0,0.0,0,0.0,0.9803921568627451,0.46100719298671883,0.4140421122927435,0.3278688524590164,1.3544262295027114,0.7383200193665094
2001-10-11,0.32048787726309397,3.0,0.3278688524590164,0.0,0.0,0,0.0,0.7383200193665094,0.44717697719711724,0.4140421122927435,0.3278688524590164,1.3544262295027114,0.7383200193665094
2001-10-12,0.2822820075321345,3.0,0.3278688524590164,1.1954215395265504e-11,0.9999999999870458,1,1.548572166648581e-22,0.7383200193665094,0.43376166788120374,0.4140421122927435,0.3278688524590164,1.3544262295027114,0.7383200193665094
2001-10-15,0.24977250042511714,2.0,0.48780487804878053,1.0367262603885604e-11,0.9999999999886328,1,1.1784716716079338e-22,0.4962478818697894,0.42074881784476764,0.4140421122927435,0.3278688524590164,1.3544262295027114,0.7383200193665094
2001-10-16,0.24420368004610044,3.0,0.3278688524590164,6.901812454854029e-12,0.9999999999920982,1,5.45366749370808e-23,0.7383200193665094,0.4081263533094246,0.4140421122927435,0.3278688524590164,1.3544262295027114,0.7383200193665094
2001-10-17,0.23564728391932876,2.0,0.48780487804878053,0.7634271362559971,0.6728392051496318,3,0.24976342870785237,0.4962478818697894,0.3958825627101418,0.4140421122927435,0.3278688524590164,1.3544262295027114,0.7383200193665094
2001-10-18,0.26376621518875143,2.0,0.48780487804878053,0.6929583477634813,0.5097165042774489,2,0.3397460411316029,0.4962478818697894,0.38400608582883755,0.4140421122927435,0.3278688524590164,1.3544262295027114,0.7383200193665094
2001-10-19,0.24334156195258774,2.0,0.48780487804878053,0.6831167456271777,0.5706995518684809,2,0.2932623250238924,0.4962478818697894,0.3724859032539724,0.4140421122927435,0.3278688524590164,1.3544262295027114,0.7383200193665094
2001-10-22,0.240065228898946,2.0,0.48780487804878053,4.707012557487491e-12,0.999999999994293,1,2.686287564669232e-23,0.4962478818697894,0.3613113261563532,0.4140421122927435,0.3278688524590164,1.3544262295027114,0.7383200193665094
2001-10-23,0.21619089350981752,2.0,0.48780487804878053,7.877254404281509e-12,0.9999999999911228,1,6.992821709594312e-23,0.4962478818697894,0.3504719863716626,0.4140421122927435,0.3278688524590164,1.3544262295027114,0.7383200193665094
2001-10-24,0.21382506240818616,2.0,0.48780487804878053,3.78377329461012e-11,0.9999999999611623,1,1.469530930439353e-21,0.4962478818697894,0.33995782678051273,0.4140421122927435,0.3278688524590164,1.3544262295027114,0.7383200193665094
2001-10-25,0.22072224218469277,3.0,0.3278688524590164,0.0,0.0,0,0.0,0.7383200193665094,0.32975909197709735,0.4140421122927435,0.3278688524590164,1.3544262295027114,0.7383200193665094
2001-10-26,0.2169954202966273,3.0,0.3278688524590164,0.0,0.0,0,0.0,0.7383200193665094,0.3198663192177844,0.4140421122927435,0.3278688524590164,1.3544262295027114,0.7383200193665094
2001-10-29,0.26696588895343304,3.0,0.3278688524590164,8.373690629422583e-11,0.9999999999152631,1,7.095604529918366e-21,0.7383200193665094,0.3102703296412509,0.4140421122927435,0.3278688524590164,1.3544262295027114,0.7383200193665094
2001-10-30,0.28132516315705897,3.0,0.3278688524590164,6.114031503108455e-11,0.9999999999378597,1,3.799277084720424e-21,0.7383200193665094,0.30096221975201337,0.4140421122927435,0.3278688524590164,1.3544262295027114,0.7383200193665094
2001-10-31,0.28649461084714783,3.0,0.3278688524590164,1.0230261082648409e-11,0.9999999999887698,1,1.1488827659146656e-22,0.7383200193665094,0.29193335315945296,0.4140421122927435,0.3278688524590164,1.3544262295027114,0.7383200193665094
2001-11-01,0.30321037605728224,3.0,0.3278688524590164,0.1960946596311916,0.9508196721166184,2,0.009643999656842109,0.7383200193665094,0.28317535256466936,0.4140421122927435,0.3278688524590164,1.3544262295027114,0.7383200193665094
2001-11-02,0.30438114937752775,3.0,0.3278688524590164,0.0,0.0,0,0.0,0.7383200193665094,0.27468009198772925,0.4140421122927435,0.3278688524590164,1.3544262295027114,0.7383200193665094
2001-11-05,0.31503135587546227,3.0,0.3278688524590164,0.0,0.0,0,0.0,0.7383200193665094,0.26643968922809735,0.4140421122927435,0.3278688524590164,1.3544262295027114,0.7383200193665094
2001-11-06,0.31956581400618006,3.0,0.3278688524590164,0.0,0.0,0,0.0,0.7383200193665094,0.2584464985512544,0.4140421122927435,0.3278688524590164,1.3544262295027114,0.7383200193665094
2001-11-07,0.33446280991735544,3.0,0.3278688524590164,0.0,0.0,0,0.0,0.7383200193665094,0.25069310359471675,0.4140421122927435,0.3278688524590164,1.3544262295027114,0.7383200193665094
2001-11-08,0.3472588676145989,2.0,0.48780487804878053,2.4191981750870266e-11,0.999999999974808,1,6.094434276247253e-22,0.4962478818697894,0.24317231048687524,0.4140421122927435,0.3278688524590164,1.3544262295027114,0.7383200193665094
2001-11-09,0.30871464503875573,2.0,0.48780487804878053,0.0,0.0,0,0.0,0.4962478818697894,0.23587714117226896,0.4140421122927435,0.3278688524590164,1.3544262295027114,0.7383200193665094
2001-11-12,0.30547661824341665,2.0,0.48780487804878053,0.5710227109452155,0.7419354838635318,2,0.14736069960301137,0.4962478818697894,0.22880082693710088,0.4140421122927435,0.3278688524590164,1.3544262295027114,0.7383200193665094
2001-11-13,0.319091935732252,2.0,0.48780487804878053,1.4535150860574841e-11,0.9999999999844649,1,2.258054398594518e-22,0.4962478818697894,0.22193680212898784,0.4140421122927435,0.3278688524590164,1.3544262295027114,0.7383200193665094
2001-11-14,0.3024336533032185,1.0,0.9523809523809523,2.5631607946864406e-11,0.9999999999733684,1,6.826103668824464e-22,0.25417574437258533,0.2152786980651182,0.4140421122927435,0.3278688524590164,1.3544262295027114,0.7383200193665094
2001-11-15,0.29437759868589913,1.0,0.9523809523809523,0.0,0.0,0,0.0,0.25417574437258533,0.20882033712316467,0.4140421122927435,0.3278688524590164,1.3544262295027114,0.7383200193665094
2001-11-16,0.2753785739951748,2.0,0.48780487804878053,3.9526271144186593e-11,0.9999999999594738,1,1.6018515073512756e-21,0.4962478818697894,0.20255572700946972,0.4140421122927435,0.3278688524590164,1.3544262295027114,0.7383200193665094
2001-11-19,0.26504029567270676,1.0,0.9523809523809523,0.5004024235594688,0.7999999999627179,2,0.10008048473054984,0.25417574437258533,0.19647905519918563,0.4140421122927435,0.3278688524590164,1.3544262295027114,0.7383200193665094
2001-11-20,0.25608695652173913,3.0,0.3278688524590164,0.0,0.0,0,0.0,0.7383200193665094,0.19058468354321006,0.4140421122927435,0.3278688524590164,1.3544262295027114,0.7383200193665094
2001-11-21,0.24760176582310972,3.0,0.3278688524590164,0.0,0.0,0,0.0,0.7383200193665094,0.18486714303691376,0.4140421122927435,0.3278688524590164,1.3544262295027114,0.7383200193665094
2001-11-23,0.26002720599558543,3.0,0.3278688524590164,0.0,0.0,0,0.0,0.7383200193665094,0.17932112874580636,0.4140421122927435,0.3278688524590164,1.3544262295027114,0.7383200193665094
2001-11-26,0.25596991940865454,2.0,0.48780487804878053,0.0,0.0,0,0.0,0.4962478818697894,0.17394149488343216,0.4140421122927435,0.3278688524590164,1.3544262295027114,0.7383200193665094
2001-11-27,0.27961141625173247,2.0,0.48780487804878053,0.0,0.0,0,0.0,0.4962478818697894,0.1687232500369292,0.4140421122927435,0.3278688524590164,1.3544262295027114,0.7383200193665094
2001-11-28,0.32193983881730925,3.0,0.3278688524590164,0.0,0.0,0,0.0,0.7383200193665094,0.16366155253582132,0.4140421122927435,0.3278688524590164,1.3544262295027114,0.7383200193665094
2001-11-29,0.307271187310713,2.0,0.48780487804878053,0.0,0.0,0,0.0,0.4962478818697894,0.15875170595974666,0.4140421122927435,0.3278688524590164,1.3544262295027114,0.7383200193665094
2001-11-30,0.24448077614085523,2.5,0.3921568627450981,0.0,0.0,0,0.0,0.6172839506182098,0.15398915478095426,0.4140421122927435,0.3278688524590164,1.3544262295027114,0.7383200193665094
2001-12-03,0.22969508752117448,2.5,0.3921568627450981,1.88320470327056e-11,0.999999999980168,1,3.7347762588116165e-22,0.6172839506182098,0.14936948013752563,0.4140421122927435,0.3278688524590164,1.3544262295027114,0.7383200193665094
2001-12-04,0.19257481648785998,2.0,0.48780487804878053,0.5310542528893455,0.7766990291191851,2,0.11858493026057665,0.4962478818697894,0.14488839573339984,0.4140421122927435,0.3278688524590164,1.3544262295027114,0.7383200193665094
2001-12-05,0.2307484215389354,2.0,0.48780487804878053,3.007016857688526e-11,0.9999999999689299,1,9.342845416298289e-22,0.4962478818697894,0.14054174386139784,0.4140421122927435,0.3278688524590164,1.3544262295027114,0.7383200193665094
2001-12-06,0.24293978748524203,3.0,0.3278688524590164,0.0,0.0,0,0.0,0.7383200193665094,0.1363254915455559,0.4140421122927435,0.3278688524590164,1.3544262295027114,0.7383200193665094
2001-12-07,0.22524767722396183,1.0,0.9523809523809523,0.34883209585227226,0.8888888888735454,2,0.03875912176671587,0.25417574437258533,0.1322357267991892,0.4140421122927435,0.3278688524590164,1.3544262295027114,0.7383200193665094
2001-12-10,0.22994866793285768,3.0,0.3278688524590164,4.6505266293703776e-10,0.9999999995339474,1,2.167390217305079e-19,0.7383200193665094,0.12826865499521353,0.4140421122927435,0.3278688524590164,1.3544262295027114,0.7383200193665094
2001-12-11,0.22122940300805916,2.5,0.3921568627450981,0.6890092384878345,0.5454545454314371,2,0.31318601751039205,0.6172839506182098,0.12442059534535713,0.4140421122927435,0.3278688524590164,1.3544262295027114,0.7383200193665094
2001-12-12,0.21740619064729735,3.0,0.3278688524590164,5.382971845896038e-11,0.9999999999451703,1,2.9514671171048215e-21,0.7383200193665094,0.1206879774849964,0.4140421122927435,0.3278688524590164,1.3544262295027114,0.7383200193665094
2001-12-13,0.2223607617678764,3.0,0.3278688524590164,7.71138708440397e-12,0.9999999999912886,1,6.717670726105823e-23,0.7383200193665094,0.11706733816044651,0.4140421122927435,0.3278688524590164,1.3544262295027114,0.7383200193665094
2001-12-14,0.2439150967609466,2.5,0.3921568627450981,6.640243910254375e-12,0.9999999999923598,1,5.073293620449785e-23,0.6172839506182098,0.11355531801563311,0.4140421122927435,0.3278688524590164,1.3544262295027114,0.7383200193665094
2001-12-17,0.2646111595913968,3.0,0.3278688524590164,0.0,0.0,0,0.0,0.7383200193665094,0.11014865847516411,0.4140421122927435,0.3278688524590164,1.3544262295027114,0.7383200193665094
2001-12-18,0.27212104101432166,3.0,0.3278688524590164,3.097018196968334e-10,0.9999999996892982,1,9.622491210703823e-20,0.7383200193665094,0.10684419872090918,0.4140421122927435,0.3278688524590164,1.3544262295027114,0.7383200193665094
2001-12-19,0.2758662286330271,3.0,0.3278688524590164,0.0,0.0,0,0.0,0.7383200193665094,0.10363887275928191,0.4140421122927435,0.3278688524590164,1.3544262295027114,0.7383200193665094
2001-12-20,0.2808793183101484,3.0,0.3278688524590164,0.0,0.0,0,0.0,0.7383200193665094,0.10052970657650345,0.4140421122927435,0.3278688524590164,1.3544262295027114,0.7383200193665094
2001-12-21,0.30549612442893076,3.0,0.3278688524590164,5.382971845896038e-11,0.9999999999451703,1,2.9514671171048215e-21,0.7383200193665094,0.09751381537920835,0.4140421122927435,0.3278688524590164,1.3544262295027114,0.7383200193665094
2001-12-24,0.31050921410605214,3.0,0.3278688524590164,1.3215795124034712e-10,0.9999999998668421,1,1.759787910489669e-20,0.7383200193665094,0.09458840091783209,0.4140421122927435,0.3278688524590164,1.3544262295027114,0.7383200193665094
2001-12-26,0.28948154612186233,3.0,0.3278688524590164,4.1368353186568313e-11,0.9999999999576317,1,1.7527080834532026e-21,0.7383200193665094,0.09175074889029712,0.4140421122927435,0.3278688524590164,1.3544262295027114,0.7383200193665094
2001-12-27,0.29365586982187775,3.0,0.3278688524590164,1.0256728799081773e-10,0.9999999998964327,1,1.0622613585367347e-20,0.7383200193665094,0.0889982264235882,0.4140421122927435,0.3278688524590164,1.3544262295027114,0.7383200193665094
2001-12-28,0.27418869667881524,2.0,0.48780487804878053,3.78377329461012e-11,0.9999999999611623,1,1.469530930439353e-21,0.4962478818697894,0.08632827963088056,0.4140421122927435,0.3278688524590164,1.3544262295027114,0.7383200193665094
2001-12-31,0.2721600533853499,3.0,0.3278688524590164,2.5631607946864406e-11,0.9999999999733684,1,6.826103668824464e-22,0.7383200193665094,0.08373843124195414,0.4140421122927435,0.3278688524590164,1.3544262295027114,0.7383200193665094
2002-01-02,0.29246599250551825,2.5,0.3921568627450981,0.0,0.0,0,0.0,0.6172839506182098,0.08122627830469552,0.4140421122927435,0.3278688524590164,1.3544262295027114,0.7383200193665094
2002-01-03,0.2795724038807043,3.0,0.3278688524590164,3.9526271144186593e-11,0.9999999999594738,1,1.6018515073512756e-21,0.7383200193665094,0.07878948995555465,0.4140421122927435,0.3278688524590164,1.3544262295027114,0.7383200193665094
2002-01-04,0.27976746573584516,2.0,0.48780487804878053,2.489175532327363e-11,0.9999999999741083,1,6.444906877568812e-22,0.4962478818697894,0.07642580525688801,0.4140421122927435,0.3278688524590164,1.3544262295027114,0.7383200193665094
2002-01-07,0.3159124274934552,2.0,0.48780487804878053,0.0,0.0,0,0.0,0.4962478818697894,0.07413303109918137,0.4140421122927435,0.3278688524590164,1.3544262295027114,0.7383200193665094
2002-01-08,0.28312252964426887,3.0,0.3278688524590164,1.2508882818360894e-11,0.9999999999864911,1,1.6898075546497566e-22,0.7383200193665094,0.07190904016620593,0.4140421122927435,0.3278688524590164,1.3544262295027114,0.7383200193665094
2002-01-09,0.3028042708279862,2.0,0.48780487804878053,2.724565018002017e-11,0.9999999999717544,1,7.695705012022604e-22,0.4962478818697894,0.06975176896121975,0.4140421122927435,0.3278688524590164,1.3544262295027114,0.7383200193665094
2002-01-10,0.3179800831579488,3.0,0.3278688524590164,6.114031503108455e-11,0.9999999999378597,1,3.799277084720424e-21,0.7383200193665094,0.06765921589238315,0.4140421122927435,0.3278688524590164,1.3544262295027114,0.7383200193665094
2002-01-11,0.3415240490734562,3.0,0.3278688524590164,0.0,0.0,0,0.0,0.7383200193665094,0.06562943941561165,0.4140421122927435,0.3278688524590164,1.3544262295027114,0.7383200193665094
2002-01-14,0.35420306965761517,3.0,0.3278688524590164,0.0,0.0,0,0.0,0.7383200193665094,0.0636605562331433,0.4140421122927435,0.3278688524590164,1.3544262295027114,0.7383200193665094
2002-01-15,0.3546907242954675,3.0,0.3278688524590164,3.9526271144186593e-11,0.9999999999594738,1,1.6018515073512756e-21,0.7383200193665094,0.061750739546149,0.4140421122927435,0.3278688524590164,1.3544262295027114,0.7383200193665094
2002-01-16,0.3997110004619885,3.0,0.3278688524590164,0.0,0.0,0,0.0,0.7383200193665094,0.05989821735976453,0.4140421122927435,0.3278688524590164,1.3544262295027114,0.7383200193665094
2002-01-17,0.394587300438407,3.0,0.3278688524590164,0.0,0.0,0,0.0,0.7383200193665094,0.05810127083897159,0.4140421122927435,0.3278688524590164,1.3544262295027114,0.7383200193665094
2002-01-18,0.41528441006318617,3.0,0.3278688524590164,0.0,0.0,0,0.0,0.7383200193665094,0.05635823271380244,0.4140421122927435,0.3278688524590164,1.3544262295027114,0.7383200193665094
2002-01-22,0.41834770209603006,2.5,0.3921568627450981,1.3564260825554755e-11,0.9999999999854358,1,1.975531325058843e-22,0.6172839506182098,0.05466748573238837,0.4140421122927435,0.3278688524590164,1.3544262295027114,0.7383200193665094
2002-01-23,0.3957489239499955,3.0,0.3278688524590164,9.47320000216473e-12,0.9999999999895268,1,9.921450872021427e-23,0.7383200193665094,0.05302746116041671,0.4140421122927435,0.3278688524590164,1.3544262295027114,0.7383200193665094
2002-01-24,0.4029268421053317,2.0,0.48780487804878053,2.4191981750870266e-11,0.999999999974808,1,6.094434276247253e-22,0.4962478818697894,0.05143663732560421,0.4140421122927435,0.3278688524590164,1.3544262295027114,0.7383200193665094
2002-01-25,0.3913289079843154,1.0,0.9523809523809523,2.3529067582883067e-11,0.999999999975471,1,5.771455684063808e-22,0.25417574437258533,0.049893538205836085,0.4140421122927435,0.3278688524590164,1.3544262295027114,0.7383200193665094
2002-01-28,0.3953966666464238,2.0,0.48780487804878053,7.322475958881087e-12,0.9999999999916775,1,6.094096814175876e-23,0.4962478818697894,0.048396732059661,0.4140421122927435,0.3278688524590164,1.3544262295027114,0.7383200193665094
2002-01-29,0.4085839223954973,2.0,0.48780487804878053,0.0,0.0,0,0.0,0.4962478818697894,0.04694483009787117,0.4140421122927435,0.3278688524590164,1.3544262295027114,0.7383200193665094
2002-01-30,0.4378837281347166,3.0,0.3278688524590164,0.0,0.0,0,0.0,0.7383200193665094,0.045536485194935035,0.4140421122927435,0.3278688524590164,1.3544262295027114,0.7383200193665094
2002-01-31,0.469338755259655,3.0,0.3278688524590164,0.0,0.0,0,0.0,0.7383200193665094,0.04417039063908698,0.4140421122927435,0.3278688524590164,1.3544262295027114,0.7383200193665094
2002-02-01,0.44437944217533615,2.0,0.48780487804878053,0.0,0.0,0,0.0,0.4962478818697894,0.042845278919914374,0.4140421122927435,0.3278688524590164,1.3544262295027114,0.7383200193665094
2002-02-04,0.45660101777897577,3.0,0.3278688524590164,0.0,0.0,0,0.0,0.7383200193665094,0.04155992055231694,0.4140421122927435,0.3278688524590164,1.3544262295027114,0.7383200193665094
2002-02-05,0.4654182048018571,2.0,0.48780487804878053,1.8542112288283305e-10,0.9999999998135789,1,3.4566409835401184e-20,0.4962478818697894,0.04031312293574743,0.4140421122927435,0.3278688524590164,1.3544262295027114,0.7383200193665094
2002-02-06,0.4463296144617945,2.0,0.48780487804878053,0.0,0.0,0,0.0,0.4962478818697894,0.03910372924767501,0.4140421122927435,0.3278688524590164,1.3544262295027114,0.7383200193665094
2002-02-07,0.42792490861681826,3.0,0.3278688524590164,0.0,0.0,0,0.0,0.7383200193665094,0.03793061737024476,0.4140421122927435,0.3278688524590164,1.3544262295027114,0.7383200193665094
2002-02-08,0.43928719281072814,3.0,0.3278688524590164,0.0,0.0,0,0.0,0.7383200193665094,0.03679269884913741,0.4140421122927435,0.3278688524590164,1.3544262295027114,0.7383200193665094
2002-02-11,0.4514879950567713,3.0,0.3278688524590164,0.0,0.0,0,0.0,0.7383200193665094,0.03568891788366329,0.4140421122927435,0.3278688524590164,1.3544262295027114,0.7383200193665094
2002-02-12,0.4591738012820601,3.0,0.3278688524590164,0.0,0.0,0,0.0,0.7383200193665094,0.03461825034715339,0.4140421122927435,0.3278688524590164,1.3544262295027114,0.7383200193665094
2002-02-13,0.44671804677281857,3.0,0.3278688524590164,4.805811304344384e-11,0.9999999999509419,1,2.357639279269551e-21,0.7383200193665094,0.03357970283673879,0.4140421122927435,0.3278688524590164,1.3544262295027114,0.7383200193665094
2002-02-14,0.43257892305323137,3.0,0.3278688524590164,0.0,0.0,0,0.0,0.7383200193665094,0.03257231175163663,0.4140421122927435,0.3278688524590164,1.3544262295027114,0.7383200193665094
2002-02-15,0.4480278219803912,3.0,0.3278688524590164,0.0,0.0,0,0.0,0.7383200193665094,0.03159514239908753,0.4140421122927435,0.3278688524590164,1.3544262295027114,0.7383200193665094
2002-02-19,0.44135670653457215,3.0,0.3278688524590164,0.0,0.0,0,0.0,0.7383200193665094,0.0306472881271149,0.4140421122927435,0.3278688524590164,1.3544262295027114,0.7383200193665094
2002-02-20,0.4304722550177096,3.0,0.3278688524590164,0.30463609737670744,0.909090909052389,2,0.027694190682344383,0.7383200193665094,0.02972786948330145,0.4140421122927435,0.3278688524590164,1.3544262295027114,0.7383200193665094
2002-02-21,0.4130142189825985,3.0,0.3278688524590164,0.0,0.0,0,0.0,0.7383200193665094,0.028836033398802408,0.4140421122927435,0.3278688524590164,1.3544262295027114,0.7383200193665094
2002-02-22,0.4241912632821723,3.0,0.3278688524590164,0.0,0.0,0,0.0,0.7383200193665094,0.027970952396838337,0.4140421122927435,0.3278688524590164,1.3544262295027114,0.7383200193665094
2002-02-25,0.44666238899440486,2.0,0.48780487804878053,3.78377329461012e-11,0.9999999999611623,1,1.469530930439353e-21,0.4962478818697894,0.027131823824933187,0.4140421122927435,0.3278688524590164,1.3544262295027114,0.7383200193665094
2002-02-26,0.43540731995277454,3.0,0.3278688524590164,7.070044549549201e-11,0.9999999999282996,1,5.069251874922759e-21,0.7383200193665094,0.02631786911018519,0.4140421122927435,0.3278688524590164,1.3544262295027114,0.7383200193665094
2002-02-27,0.46252091781736043,3.0,0.3278688524590164,9.221057250662094e-11,0.9999999999067894,1,8.594998215049467e-21,0.7383200193665094,0.025528333036879635,0.4140421122927435,0.3278688524590164,1.3544262295027114,0.7383200193665094
2002-02-28,0.46021918792669786,3.0,0.3278688524590164,3.097018196968334e-10,0.9999999996892982,1,9.622491210703823e-20,0.7383200193665094,0.024762483045773245,0.4140421122927435,0.3278688524590164,1.3544262295027114,0.7383200193665094
2002-03-01,0.4876448847595093,3.0,0.3278688524590164,0.0,0.0,0,0.0,0.7383200193665094,0.024019608554400048,0.4140421122927435,0.3278688524590164,1.3544262295027114,0.7383200193665094
2002-03-04,0.4946671115445819,3.0,0.3278688524590164,0.0,0.0,0,0.0,0.7383200193665094,0.023299020297768046,0.4140421122927435,0.3278688524590164,1.3544262295027114,0.7383200193665094
2002-03-05,0.4816174734356552,3.0,0.3278688524590164,0.0,0.0,0,0.0,0.7383200193665094,0.022600049688835003,0.4140421122927435,0.3278688524590164,1.3544262295027114,0.7383200193665094
2002-03-06,0.4933601971151379,3.0,0.3278688524590164,4.560518629295435e-11,0.9999999999533948,1,2.1254371942923637e-21,0.7383200193665094,0.021922048198169952,0.4140421122927435,0.3278688524590164,1.3544262295027114,0.7383200193665094
2002-03-07,0.41917817360505116,3.0,0.3278688524590164,0.0,0.0,0,0.0,0.7383200193665094,0.02126438675222485,0.4140421122927435,0.3278688524590164,1.3544262295027114,0.7383200193665094
2002-03-08,0.41334582413633797,3.0,0.3278688524590164,1.1428191726204782e-11,0.9999999999875718,1,1.4203150504671823e-22,0.7383200193665094,0.020626455149658104,0.4140421122927435,0.3278688524590164,1.3544262295027114,0.7383200193665094
2002-03-11,0.42735126533545503,3.0,0.3278688524590164,0.0,0.0,0,0.0,0.7383200193665094,0.02000766149516836,0.4140421122927435,0.3278688524590164,1.3544262295027114,0.7383200193665094
2002-03-12,0.4132287870232535,3.0,0.3278688524590164,1.8418822022948227e-11,0.9999999999805812,1,3.5767141928342866e-22,0.7383200193665094,0.01940743165031331,0.4140421122927435,0.3278688524590164,1.3544262295027114,0.7383200193665094
2002-03-13,0.43433447974949946,3.0,0.3278688524590164,1.155132656126397e-10,0.9999999998834868,1,1.3458825243540766e-20,0.7383200193665094,0.01882520870080391,0.4140421122927435,0.3278688524590164,1.3544262295027114,0.7383200193665094
2002-03-14,0.4250300292592783,3.0,0.3278688524590164,1.3215795124034712e-10,0.9999999998668421,1,1.759787910489669e-20,0.7383200193665094,0.018260452439779792,0.4140421122927435,0.3278688524590164,1.3544262295027114,0.7383200193665094
2002-03-15,0.42456188080694013,3.0,0.3278688524590164,1.8542112288283305e-10,0.9999999998135789,1,3.4566409835401184e-20,0.7383200193665094,0.0177126388665864,0.4140421122927435,0.3278688524590164,1.3544262295027114,0.7383200193665094
2002-03-18,0.4248544735896514,2.0,0.48780487804878053,3.628419786780235e-11,0.9999999999627158,1,1.3528264101339662e-21,0.4962478818697894,0.017181259700588807,0.4140421122927435,0.3278688524590164,1.3544262295027114,0.7383200193665094
2002-03-19,0.4276438581181665,2.0,0.48780487804878053,9.311053035351498e-10,0.9999999990678947,1,8.678881713816488e-19,0.4962478818697894,0.01666582190957114,0.4140421122927435,0.3278688524590164,1.3544262295027114,0.7383200193665094
2002-03-20,0.4161547148503672,4.0,0.2469135802469136,9.221057250662094e-11,0.9999999999067894,1,8.594998215049467e-21,0.9803921568627451,0.17823798474851973,0.4140421122927435,0.3278688524590164,1.3544262295027114,0.7383200193665094
2002-03-21,0.3784297520661157,3.5,0.28169014084507044,0.0,0.0,0,0.0,0.8593560881146878,0.21392691395424257,0.4140421122927435,0.3278688524590164,1.3544262295027114,0.7383200193665094
2002-03-22,0.3961023561418818,3.0,0.3278688524590164,1.543509764324952e-10,0.999999999844649,1,2.3978571489450547e-20,0.7383200193665094,0.2075091065356153,0.4140421122927435,0.3278688524590164,1.3544262295027114,0.7383200193665094
2002-03-25,0.41209742826343626,3.0,0.3278688524590164,0.0,0.0,0,0.0,0.7383200193665094,0.20128383333954683,0.4140421122927435,0.3278688524590164,1.3544262295027114,0.7383200193665094
2002-03-26,0.3893337097684924,3.0,0.3278688524590164,9.311053035351498e-10,0.9999999990678947,1,8.678881713816488e-19,0.7383200193665094,0.19524531833936043,0.4140421122927435,0.3278688524590164,1.3544262295027114,0.7383200193665094
2002-03-27,0.368774190236641,3.0,0.3278688524590164,0.0,0.0,0,0.0,0.7383200193665094,0.1893879587891796,0.4140421122927435,0.3278688524590164,1.3544262295027114,0.7383200193665094
2002-03-28,0.3719732046609518,3.0,0.3278688524590164,0.0,0.0,0,0.0,0.7383200193665094,0.18370632002550422,0.4140421122927435,0.3278688524590164,1.3544262295027114,0.7383200193665094
2002-04-01,0.3714327199677073,2.0,0.48780487804878053,6.557898668325026e-11,0.999999999933421,1,4.3661810305104906e-21,0.4962478818697894,0.17819513042473908,0.4140421122927435,0.3278688524590164,1.3544262295027114,0.7383200193665094
2002-04-02,0.3665256884596599,3.0,0.3278688524590164,0.0,0.0,0,0.0,0.7383200193665094,0.1728492765119969,0.4140421122927435,0.3278688524590164,1.3544262295027114,0.7383200193665094
2002-04-03,0.30336265432747794,3.0,0.3278688524590164,0.0,0.0,0,0.0,0.7383200193665094,0.167663798216637,0.4140421122927435,0.3278688524590164,1.3544262295027114,0.7383200193665094
2002-04-04,0.23403391356970318,2.0,0.48780487804878053,6.557898668325026e-11,0.999999999933421,1,4.3661810305104906e-21,0.4962478818697894,0.16263388427013786,0.4140421122927435,0.3278688524590164,1.3544262295027114,0.7383200193665094
2002-04-05,0.25141017364304136,2.0,0.48780487804878053,1.0300205133199005e-11,0.9999999999886998,1,1.1639420306157548e-22,0.4962478818697894,0.15775486774203373,0.4140421122927435,0.3278688524590164,1.3544262295027114,0.7383200193665094
2002-04-08,0.18281855498325644,1.0,0.9523809523809523,3.097018196968334e-10,0.9999999996892982,1,9.622491210703823e-20,0.25417574437258533,0.15302222170977273,0.4140421122927435,0.3278688524590164,1.3544262295027114,0.7383200193665094
2002-04-09,0.20305867140191083,1.0,0.9523809523809523,0.0,0.0,0,0.0,0.25417574437258533,0.14843155505847955,0.4140421122927435,0.3278688524590164,1.3544262295027114,0.7383200193665094
2002-04-10,0.24297359676777747,2.0,0.48780487804878053,0.0,0.0,0,0.0,0.4962478818697894,0.14397860840672516,0.4140421122927435,0.3278688524590164,1.3544262295027114,0.7383200193665094
2002-04-11,0.27316258408078103,3.0,0.3278688524590164,0.0,0.0,0,0.0,0.7383200193665094,0.1396592501545234,0.4140421122927435,0.3278688524590164,1.3544262295027114,0.7383200193665094
2002-04-12,0.25486000264953057,3.0,0.3278688524590164,0.0,0.0,0,0.0,0.7383200193665094,0.1354694726498877,0.4140421122927435,0.3278688524590164,1.3544262295027114,0.7383200193665094
2002-04-15,0.23891049206188,3.0,0.3278688524590164,5.0783599546458714e-11,0.9999999999482164,1,2.629756459089028e-21,0.7383200193665094,0.13140538847039107,0.4140421122927435,0.3278688524590164,1.3544262295027114,0.7383200193665094
2002-04-16,0.30172782801020154,3.0,0.3278688524590164,0.0,0.0,0,0.0,0.7383200193665094,0.12746322681627933,0.4140421122927435,0.3278688524590164,1.3544262295027114,0.7383200193665094
2002-04-17,0.3047412636743678,2.0,0.48780487804878053,0.651756561193838,0.6428571428143437,2,0.23277020045426533,0.4962478818697894,0.12363933001179095,0.4140421122927435,0.3278688524590164,1.3544262295027114,0.7383200193665094
2002-04-18,0.297923581911014,2.0,0.48780487804878053,1.3215795124034712e-10,0.9999999998668421,1,1.759787910489669e-20,0.4962478818697894,0.11993015011143722,0.4140421122927435,0.3278688524590164,1.3544262295027114,0.7383200193665094
2002-04-19,0.2873993116450116,3.0,0.3278688524590164,0.0,0.0,0,0.0,0.7383200193665094,0.1163322456080941,0.4140421122927435,0.3278688524590164,1.3544262295027114,0.7383200193665094
2002-04-22,0.32071872768305715,2.5,0.3921568627450981,1.155132656126397e-10,0.9999999998834868,1,1.3458825243540766e-20,0.6172839506182098,0.11284227823985128,0.4140421122927435,0.3278688524590164,1.3544262295027114,0.7383200193665094
2002-04-23,0.33275855853887,2.0,0.48780487804878053,0.0,0.0,0,0.0,0.4962478818697894,0.10945700989265573,0.4140421122927435,0.3278688524590164,1.3544262295027114,0.7383200193665094
2002-04-24,0.34383029946317567,2.0,0.48780487804878053,1.1428191726204782e-11,0.9999999999875718,1,1.4203150504671823e-22,0.4962478818697894,0.10617329959587606,0.4140421122927435,0.3278688524590164,1.3544262295027114,0.7383200193665094
2002-04-25,0.3354789303978898,2.0,0.48780487804878053,9.592215910403293e-12,0.9999999999894078,1,1.0160260978641495e-22,0.4962478818697894,0.10298810060799977,0.4140421122927435,0.3278688524590164,1.3544262295027114,0.7383200193665094
2002-04-26,0.3603506171571007,2.0,0.48780487804878053,2.812827748457185e-11,0.9999999999708717,1,8.193276494996802e-22,0.4962478818697894,0.09989845758975978,0.4140421122927435,0.3278688524590164,1.3544262295027114,0.7383200193665094
2002-04-29,0.34653901471659276,2.0,0.48780487804878053,1.764210999493525e-11,0.9999999999813579,1,3.2888576479756655e-22,0.4962478818697894,0.09690150386206699,0.4140421122927435,0.3278688524590164,1.3544262295027114,0.7383200193665094
2002-04-30,0.35771689094218617,2.0,0.48780487804878053,2.3529067582883067e-11,0.999999999975471,1,5.771455684063808e-22,0.4962478818697894,0.09399445874620498,0.4140421122927435,0.3278688524590164,1.3544262295027114,0.7383200193665094
2002-05-01,0.3817143079477637,2.0,0.48780487804878053,1.92122984186321e-11,0.9999999999797877,1,3.8832428394003203e-22,0.4962478818697894,0.09117462498381883,0.4140421122927435,0.3278688524590164,1.3544262295027114,0.7383200193665094
2002-05-02,0.39921118684203455,3.0,0.3278688524590164,0.0,0.0,0,0.0,0.7383200193665094,0.08843938623430427,0.4140421122927435,0.3278688524590164,1.3544262295027114,0.7383200193665094
2002-05-03,0.39232462147086666,3.0,0.3278688524590164,0.0,0.0,0,0.0,0.7383200193665094,0.08578620464727514,0.4140421122927435,0.3278688524590164,1.3544262295027114,0.7383200193665094
2002-05-06,0.40471423783588195,3.0,0.3278688524590164,0.0,0.0,0,0.0,0.7383200193665094,0.08321261850785688,0.4140421122927435,0.3278688524590164,1.3544262295027114,0.7383200193665094
2002-05-07,0.3980610742538042,3.0,0.3278688524590164,0.0,0.0,0,0.0,0.7383200193665094,0.08071623995262117,0.4140421122927435,0.3278688524590164,1.3544262295027114,0.7383200193665094
2002-05-08,0.4853997139901703,3.0,0.3278688524590164,0.0,0.0,0,0.0,0.7383200193665094,0.07829475275404253,0.4140421122927435,0.3278688524590164,1.3544262295027114,0.7383200193665094
2002-05-09,0.507481289217172,3.0,0.3278688524590164,0.0,0.0,0,0.0,0.7383200193665094,0.07594591017142126,0.4140421122927435,0.3278688524590164,1.3544262295027114,0.7383200193665094
2002-05-10,0.512145472266774,3.0,0.3278688524590164,0.0,0.0,0,0.0,0.7383200193665094,0.07366753286627861,0.4140421122927435,0.3278688524590164,1.3544262295027114,0.7383200193665094
2002-05-13,0.5449246386831498,3.0,0.3278688524590164,0.0,0.0,0,0.0,0.7383200193665094,0.07145750688029025,0.4140421122927435,0.3278688524590164,1.3544262295027114,0.7383200193665094
2002-05-14,0.6091597725351864,3.0,0.3278688524590164,0.0,0.0,0,0.0,0.7383200193665094,0.06931378167388154,0.4140421122927435,0.3278688524590164,1.3544262295027114,0.7383200193665094
2002-05-15,0.6220357951208126,2.0,0.48780487804878053,0.0,0.0,0,0.0,0.4962478818697894,0.06723436822366509,0.4140421122927435,0.3278688524590164,1.3544262295027114,0.7383200193665094
2002-05-16,0.5828710068695442,2.5,0.3921568627450981,0.0,0.0,0,0.0,0.6172839506182098,0.06521733717695513,0.4140421122927435,0.3278688524590164,1.3544262295027114,0.7383200193665094
2002-05-17,0.5911831883406002,2.0,0.48780487804878053,1.3208278914159e-10,0.9999999998669172,1,1.757794305583442e-20,0.4962478818697894,0.06326081706164648,0.4140421122927435,0.3278688524590164,1.3544262295027114,0.7383200193665094
2002-05-20,0.6046247800705482,2.5,0.3921568627450981,3.415390192822876e-11,0.9999999999648461,1,1.2006421633293238e-21,0.6172839506182098,0.06136299254979708,0.4140421122927435,0.3278688524590164,1.3544262295027114,0.7383200193665094
2002-05-21,0.6078543490412744,3.0,0.3278688524590164,3.0578872766752575e-11,0.9999999999684211,1,9.656456560099616e-22,0.7383200193665094,0.059522102773303165,0.4140421122927435,0.3278688524590164,1.3544262295027114,0.7383200193665094
2002-05-22,0.5898265659331042,2.0,0.48780487804878053,9.70610258784419e-11,0.999999999901939,1,9.51790162376378e-21,0.4962478818697894,0.05773643969010407,0.4140421122927435,0.3278688524590164,1.3544262295027114,0.7383200193665094
2002-05-23,0.6090456483967026,3.0,0.3278688524590164,3.9526271144186593e-11,0.9999999999594738,1,1.6018515073512756e-21,0.7383200193665094,0.05600434649940095,0.4140421122927435,0.3278688524590164,1.3544262295027114,0.7383200193665094
2002-05-24,0.6136271547624886,2.0,0.48780487804878053,5.0783599546458714e-11,0.9999999999482164,1,2.629756459089028e-21,0.4962478818697894,0.05432421610441892,0.4140421122927435,0.3278688524590164,1.3544262295027114,0.7383200193665094
2002-05-28,0.6114897668271717,2.0,0.48780487804878053,3.007016857688526e-11,0.9999999999689299,1,9.342845416298289e-22,0.4962478818697894,0.05269448962128635,0.4140421122927435,0.3278688524590164,1.3544262295027114,0.7383200193665094
2002-05-29,0.5906853180381916,3.0,0.3278688524590164,0.0,0.0,0,0.0,0.7383200193665094,0.05111365493264776,0.4140421122927435,0.3278688524590164,1.3544262295027114,0.7383200193665094
2002-05-30,0.5838493917150045,3.0,0.3278688524590164,0.0,0.0,0,0.0,0.7383200193665094,0.049580245284668326,0.4140421122927435,0.3278688524590164,1.3544262295027114,0.7383200193665094
2002-05-31,0.5750130896771213,3.0,0.3278688524590164,0.0,0.0,0,0.0,0.7383200193665094,0.04809283792612828,0.4140421122927435,0.3278688524590164,1.3544262295027114,0.7383200193665094
2002-06-03,0.5881212463425903,3.0,0.3278688524590164,7.667544376897341e-11,0.9999999999223246,1,5.9557974249765414e-21,0.7383200193665094,0.04665005278834443,0.4140421122927435,0.3278688524590164,1.3544262295027114,0.7383200193665094
2002-06-04,0.5791874133771368,3.0,0.3278688524590164,9.221057250662094e-11,0.9999999999067894,1,8.594998215049467e-21,0.7383200193665094,0.045250551204694095,0.4140421122927435,0.3278688524590164,1.3544262295027114,0.7383200193665094
2002-06-05,0.6179071916226065,3.0,0.3278688524590164,0.0,0.0,0,0.0,0.7383200193665094,0.04389303466855327,0.4140421122927435,0.3278688524590164,1.3544262295027114,0.7383200193665094
2002-06-06,0.636906216313331,1.0,0.9523809523809523,0.0,0.0,0,0.0,0.25417574437258533,0.04257624362849667,0.4140421122927435,0.3278688524590164,1.3544262295027114,0.7383200193665094
2002-06-07,0.63027411323854,4.0,0.2469135802469136,0.0,0.0,0,0.0,0.9803921568627451,0.20337109381587748,0.4140421122927435,0.3278688524590164,1.3544262295027114,0.7383200193665094
2002-06-10,0.5651429598069914,3.0,0.3278688524590164,0.0,0.0,0,0.0,0.7383200193665094,0.19726996100140115,0.4140421122927435,0.3278688524590164,1.3544262295027114,0.7383200193665094
2002-06-11,0.5489723320158103,3.0,0.3278688524590164,0.0,0.0,0,0.0,0.7383200193665094,0.1913518621713591,0.4140421122927435,0.3278688524590164,1.3544262295027114,0.7383200193665094
2002-06-12,0.5434130691442945,3.0,0.3278688524590164,9.311053035351498e-10,0.9999999990678947,1,8.678881713816488e-19,0.7383200193665094,0.18561130630621833,0.4140421122927435,0.3278688524590164,1.3544262295027114,0.7383200193665094
2002-06-13,0.49295056721934205,3.0,0.3278688524590164,0.0,0.0,0,0.0,0.7383200193665094,0.18004296711703177,0.4140421122927435,0.3278688524590164,1.3544262295027114,0.7383200193665094
2002-06-14,0.4427026333350444,3.0,0.3278688524590164,0.0,0.0,0,0.0,0.7383200193665094,0.17464167810352083,0.4140421122927435,0.3278688524590164,1.3544262295027114,0.7383200193665094
2002-06-17,0.4961300754581388,3.0,0.3278688524590164,0.0,0.0,0,0.0,0.7383200193665094,0.1694024277604152,0.4140421122927435,0.3278688524590164,1.3544262295027114,0.7383200193665094
2002-06-18,0.49601303834505417,3.0,0.3278688524590164,0.0,0.0,0,0.0,0.7383200193665094,0.16432035492760275,0.4140421122927435,0.3278688524590164,1.3544262295027114,0.7383200193665094
2002-06-19,0.5305584928905088,3.0,0.3278688524590164,0.0,0.0,0,0.0,0.7383200193665094,0.15939074427977465,0.4140421122927435,0.3278688524590164,1.3544262295027114,0.7383200193665094
2002-06-20,0.5083604537754736,2.5,0.3921568627450981,0.0,0.0,0,0.0,0.6172839506182098,0.1546090219513814,0.4140421122927435,0.3278688524590164,1.3544262295027114,0.7383200193665094
2002-06-21,0.5309096042297624,3.0,0.3278688524590164,0.0,0.0,0,0.0,0.7383200193665094,0.14997075129283996,0.4140421122927435,0.3278688524590164,1.3544262295027114,0.7383200193665094
2002-06-24,0.5350254093732354,3.0,0.3278688524590164,0.0,0.0,0,0.0,0.7383200193665094,0.14547162875405475,0.4140421122927435,0.3278688524590164,1.3544262295027114,0.7383200193665094
2002-06-25,0.5131589754119399,3.0,0.3278688524590164,0.0,0.0,0,0.0,0.7383200193665094,0.1411074798914331,0.4140421122927435,0.3278688524590164,1.3544262295027114,0.7383200193665094
2002-06-26,0.4962861249422514,3.0,0.3278688524590164,0.0,0.0,0,0.0,0.7383200193665094,0.1368742554946901,0.4140421122927435,0.3278688524590164,1.3544262295027114,0.7383200193665094
2002-06-27,0.5488552949027259,3.0,0.3278688524590164,0.0,0.0,0,0.0,0.7383200193665094,0.1327680278298494,0.4140421122927435,0.3278688524590164,1.3544262295027114,0.7383200193665094
2002-06-28,0.5376977567886659,3.0,0.3278688524590164,2.5631607946864406e-11,0.9999999999733684,1,6.826103668824464e-22,0.7383200193665094,0.12878498699495391,0.4140421122927435,0.3278688524590164,1.3544262295027114,0.7383200193665094
2002-07-01,0.548913813459268,3.0,0.3278688524590164,3.485012278694648e-11,0.9999999999641499,1,1.2493804101299078e-21,0.7383200193665094,0.12492143738510529,0.4140421122927435,0.3278688524590164,1.3544262295027114,0.7383200193665094
2002-07-02,0.5417940557466249,3.0,0.3278688524590164,0.0,0.0,0,0.0,0.7383200193665094,0.12117379426355213,0.4140421122927435,0.3278688524590164,1.3544262295027114,0.7383200193665094
2002-07-03,0.5275545403213389,3.0,0.3278688524590164,0.0,0.0,0,0.0,0.7383200193665094,0.11753858043564556,0.4140421122927435,0.3278688524590164,1.3544262295027114,0.7383200193665094
2002-07-05,0.5743693855551563,1.0,0.9523809523809523,0.0,0.0,0,0.0,0.25417574437258533,0.11401242302257619,0.4140421122927435,0.3278688524590164,1.3544262295027114,0.7383200193665094
2002-07-08,0.562041476310251,1.0,0.9523809523809523,0.0,0.0,0,0.0,0.25417574437258533,0.11059205033189891,0.4140421122927435,0.3278688524590164,1.3544262295027114,0.7383200193665094
2002-07-09,0.5825229711000461,1.0,0.9523809523809523,0.0,0.0,0,0.0,0.25417574437258533,0.10727428882194194,0.4140421122927435,0.3278688524590164,1.3544262295027114,0.7383200193665094
2002-07-10,0.5980694009547766,3.0,0.3278688524590164,0.0,0.0,0,0.0,0.7383200193665094,0.10405606015728368,0.4140421122927435,0.3278688524590164,1.3544262295027114,0.7383200193665094
2002-07-11,0.5925296442687749,3.0,0.3278688524590164,0.0,0.0,0,0.0,0.7383200193665094,0.10093437835256516,0.4140421122927435,0.3278688524590164,1.3544262295027114,0.7383200193665094
2002-07-12,0.5605980185822085,2.0,0.48780487804878053,0.0,0.0,0,0.0,0.4962478818697894,0.0979063470019882,0.4140421122927435,0.3278688524590164,1.3544262295027114,0.7383200193665094
2002-07-15,0.5367029413274472,3.0,0.3278688524590164,8.373690629422583e-11,0.9999999999152631,1,7.095604529918366e-21,0.7383200193665094,0.09496915659192856,0.4140421122927435,0.3278688524590164,1.3544262295027114,0.7383200193665094
2002-07-16,0.5297977516554593,2.0,0.48780487804878053,6.557898668325026e-11,0.999999999933421,1,4.3661810305104906e-21,0.4962478818697894,0.0921200818941707,0.4140421122927435,0.3278688524590164,1.3544262295027114,0.7383200193665094
2002-07-17,0.5191083619937374,3.0,0.3278688524590164,5.7256532846574624e-11,0.9999999999417435,1,3.3355658199415894e-21,0.7383200193665094,0.08935647943734558,0.4140421122927435,0.3278688524590164,1.3544262295027114,0.7383200193665094
2002-07-18,0.4843873517786561,3.0,0.3278688524590164,0.0,0.0,0,0.0,0.7383200193665094,0.08667578505422521,0.4140421122927435,0.3278688524590164,1.3544262295027114,0.7383200193665094
2002-07-19,0.4987048919459987,3.0,0.3278688524590164,0.0,0.0,0,0.0,0.7383200193665094,0.08407551150259845,0.4140421122927435,0.3278688524590164,1.3544262295027114,0.7383200193665094
2002-07-22,0.5276910836199374,3.0,0.3278688524590164,0.0,0.0,0,0.0,0.7383200193665094,0.08155324615752049,0.4140421122927435,0.3278688524590164,1.3544262295027114,0.7383200193665094
2002-07-23,0.5115399620142704,3.0,0.3278688524590164,0.0,0.0,0,0.0,0.7383200193665094,0.07910664877279487,0.4140421122927435,0.3278688524590164,1.3544262295027114,0.7383200193665094
2002-07-24,0.5601688825008985,3.0,0.3278688524590164,0.0,0.0,0,0.0,0.7383200193665094,0.07673344930961103,0.4140421122927435,0.3278688524590164,1.3544262295027114,0.7383200193665094
2002-07-25,0.5280812073302192,3.0,0.3278688524590164,0.0,0.0,0,0.0,0.7383200193665094,0.0744314458303227,0.4140421122927435,0.3278688524590164,1.3544262295027114,0.7383200193665094
2002-07-26,0.5360787433909964,2.0,0.48780487804878053,0.0,0.0,0,0.0,0.4962478818697894,0.07219850245541301,0.4140421122927435,0.3278688524590164,1.3544262295027114,0.7383200193665094
2002-07-29,0.5752471639032904,2.0,0.48780487804878053,0.0,0.0,0,0.0,0.4962478818697894,0.07003254738175062,0.4140421122927435,0.3278688524590164,1.3544262295027114,0.7383200193665094
2002-07-30,0.548036035111134,2.5,0.3921568627450981,0.0,0.0,0,0.0,0.6172839506182098,0.0679315709602981,0.4140421122927435,0.3278688524590164,1.3544262295027114,0.7383200193665094
2002-07-31,0.5452661567681332,3.0,0.3278688524590164,0.0,0.0,0,0.0,0.7383200193665094,0.06589362383148915,0.4140421122927435,0.3278688524590164,1.3544262295027114,0.7383200193665094
2002-08-01,0.5714239515425287,4.0,0.2469135802469136,0.0,0.0,0,0.0,0.9803921568627451,0.2259889526127802,0.4140421122927435,0.3278688524590164,1.3544262295027114,0.7383200193665094
2002-08-02,0.5730819773112263,3.0,0.3278688524590164,0.0,0.0,0,0.0,0.7383200193665094,0.2192092840343968,0.4140421122927435,0.3278688524590164,1.3544262295027114,0.7383200193665094
2002-08-05,0.5628997484728709,3.0,0.3278688524590164,0.0,0.0,0,0.0,0.7383200193665094,0.2126330055133649,0.4140421122927435,0.3278688524590164,1.3544262295027114,0.7383200193665094
2002-08-06,0.558803449514912,2.0,0.48780487804878053,0.0,0.0,0,0.0,0.4962478818697894,0.20625401534796395,0.4140421122927435,0.3278688524590164,1.3544262295027114,0.7383200193665094
2002-08-07,0.57815358554489,3.0,0.3278688524590164,0.0,0.0,0,0.0,0.7383200193665094,0.20006639488752503,0.4140421122927435,0.3278688524590164,1.3544262295027114,0.7383200193665094
2002-08-08,0.6151178070940918,3.0,0.3278688524590164,0.0,0.0,0,0.0,0.7383200193665094,0.19406440304089928,0.4140421122927435,0.3278688524590164,1.3544262295027114,0.7383200193665094
2002-08-09,0.6011123658949745,3.0,0.3278688524590164,0.0,0.0,0,0.0,0.7383200193665094,0.1882424709496723,0.4140421122927435,0.3278688524590164,1.3544262295027114,0.7383200193665094
2002-08-12,0.6083491607207021,3.0,0.3278688524590164,0.0,0.0,0,0.0,0.7383200193665094,0.18259519682118214,0.4140421122927435,0.3278688524590164,1.3544262295027114,0.7383200193665094
2002-08-13,0.6187849699707408,4.0,0.2469135802469136,0.0,0.0,0,0.0,0.9803921568627451,0.33918947841278235,0.4140421122927435,0.3278688524590164,1.3544262295027114,0.7383200193665094
2002-08-14,0.6296109029310611,4.0,0.2469135802469136,0.0,0.0,0,0.0,0.9803921568627451,0.4910859315566346,0.4140421122927435,0.3278688524590164,1.3544262295027114,0.7383200193665094
2002-08-15,0.6527062265797445,3.0,0.3278688524590164,0.0,0.0,0,0.0,0.7383200193665094,0.4763533536099355,0.4140421122927435,0.3278688524590164,1.3544262295027114,0.7383200193665094
2002-08-16,0.6435383193881219,3.0,0.3278688524590164,0.0,0.0,0,0.0,0.7383200193665094,0.46206275300163746,0.4140421122927435,0.3278688524590164,1.3544262295027114,0.7383200193665094
2002-08-19,0.6498388173091731,3.0,0.3278688524590164,0.0,0.0,0,0.0,0.7383200193665094,0.44820087041158835,0.4140421122927435,0.3278688524590164,1.3544262295027114,0.7383200193665094
2002-08-20,0.6573682049176122,3.0,0.3278688524590164,0.0,0.0,0,0.0,0.7383200193665094,0.43475484429924066,0.4140421122927435,0.3278688524590164,1.3544262295027114,0.7383200193665094
2002-08-21,0.6274262101534829,3.0,0.3278688524590164,0.0,0.0,0,0.0,0.7383200193665094,0.4217121989702634,0.4140421122927435,0.3278688524590164,1.3544262295027114,0.7383200193665094
2002-08-22,0.6211647246034598,3.0,0.3278688524590164,0.0,0.0,0,0.0,0.7383200193665094,0.4090608330011555,0.4140421122927435,0.3278688524590164,1.3544262295027114,0.7383200193665094
2002-08-23,0.6199943534726144,3.0,0.3278688524590164,0.0,0.0,0,0.0,0.7383200193665094,0.3967890080111208,0.4140421122927435,0.3278688524590164,1.3544262295027114,0.7383200193665094
2002-08-26,0.6442405420666292,3.0,0.3278688524590164,0.0,0.0,0,0.0,0.7383200193665094,0.3848853377707872,0.4140421122927435,0.3278688524590164,1.3544262295027114,0.7383200193665094
2002-08-27,0.6619326523279093,3.0,0.3278688524590164,0.0,0.0,0,0.0,0.7383200193665094,0.3733387776376636,0.4140421122927435,0.3278688524590164,1.3544262295027114,0.7383200193665094
2002-08-28,0.6428946152661568,3.0,0.3278688524590164,0.0,0.0,0,0.0,0.7383200193665094,0.36213861430853367,0.4140421122927435,0.3278688524590164,1.3544262295027114,0.7383200193665094
2002-08-29,0.6465422719572917,3.0,0.3278688524590164,0.0,0.0,0,0.0,0.7383200193665094,0.35127445587927764,0.4140421122927435,0.3278688524590164,1.3544262295027114,0.7383200193665094
2002-08-30,0.6598845028489297,3.0,0.3278688524590164,0.0,0.0,0,0.0,0.7383200193665094,0.3407362222028993,0.4140421122927435,0.3278688524590164,1.3544262295027114,0.7383200193665094
2002-09-03,0.6845988398952825,3.0,0.3278688524590164,0.0,0.0,0,0.0,0.7383200193665094,0.3305141355368123,0.4140421122927435,0.3278688524590164,1.3544262295027114,0.7383200193665094
2002-09-04,0.6783568605307738,3.0,0.3278688524590164,0.0,0.0,0,0.0,0.7383200193665094,0.32059871147070795,0.4140421122927435,0.3278688524590164,1.3544262295027114,0.7383200193665094
2002-09-05,0.6747482162106667,2.0,0.48780487804878053,0.0,0.0,0,0.0,0.4962478818697894,0.3109807501265867,0.4140421122927435,0.3278688524590164,1.3544262295027114,0.7383200193665094
2002-09-06,0.6673943842718547,2.0,0.48780487804878053,0.0,0.0,0,0.0,0.4962478818697894,0.3016513276227891,0.4140421122927435,0.3278688524590164,1.3544262295027114,0.7383200193665094
2002-09-09,0.6785519223859148,3.0,0.3278688524590164,4.6505266293703776e-10,0.9999999995339474,1,2.167390217305079e-19,0.7383200193665094,0.29260178779410545,0.4140421122927435,0.3278688524590164,1.3544262295027114,0.7383200193665094
2002-09-10,0.6479077049432781,3.0,0.3278688524590164,0.0,0.0,0,0.0,0.7383200193665094,0.2838237341602823,0.4140421122927435,0.3278688524590164,1.3544262295027114,0.7383200193665094
2002-09-11,0.6507165956573074,3.0,0.3278688524590164,0.0,0.0,0,0.0,0.7383200193665094,0.2753090221354738,0.4140421122927435,0.3278688524590164,1.3544262295027114,0.7383200193665094
2002-09-12,0.6693059904522355,3.0,0.3278688524590164,0.0,0.0,0,0.0,0.7383200193665094,0.2670497514714096,0.4140421122927435,0.3278688524590164,1.3544262295027114,0.7383200193665094
2002-09-13,0.6530963502900263,2.0,0.48780487804878053,0.0,0.0,0,0.0,0.4962478818697894,0.2590382589272673,0.4140421122927435,0.3278688524590164,1.3544262295027114,0.7383200193665094
2002-09-16,0.6265874441763769,3.0,0.3278688524590164,0.0,0.0,0,0.0,0.7383200193665094,0.2512671111594493,0.4140421122927435,0.3278688524590164,1.3544262295027114,0.7383200193665094
2002-09-17,0.6304106565371387,3.0,0.3278688524590164,0.0,0.0,0,0.0,0.7383200193665094,0.24372909782466579,0.4140421122927435,0.3278688524590164,1.3544262295027114,0.7383200193665094
2002-09-18,0.6536035111133925,2.0,0.48780487804878053,0.0,0.0,0,0.0,0.4962478818697894,0.2364172248899258,0.4140421122927435,0.3278688524590164,1.3544262295027114,0.7383200193665094
2002-09-19,0.6626348750064166,2.5,0.3921568627450981,0.0,0.0,0,0.0,0.6172839506182098,0.22932470814322803,0.4140421122927435,0.3278688524590164,1.3544262295027114,0.7383200193665094
2002-09-20,0.6505215338021665,3.0,0.3278688524590164,0.0,0.0,0,0.0,0.7383200193665094,0.22244496689893117,0.4140421122927435,0.3278688524590164,1.3544262295027114,0.7383200193665094
2002-09-23,0.6393639956881065,2.0,0.48780487804878053,0.0,0.0,0,0.0,0.4962478818697894,0.21577161789196322,0.4140421122927435,0.3278688524590164,1.3544262295027114,0.7383200193665094
2002-09-24,0.6204039833684104,2.0,0.48780487804878053,0.0,0.0,0,0.0,0.4962478818697894,0.20929846935520433,0.4140421122927435,0.3278688524590164,1.3544262295027114,0.7383200193665094
2002-09-25,0.6395200451722192,2.0,0.48780487804878053,0.0,0.0,0,0.0,0.4962478818697894,0.2030195152745482,0.4140421122927435,0.3278688524590164,1.3544262295027114,0.7383200193665094
2002-09-26,0.6196432421333607,3.0,0.3278688524590164,0.508449747406935,0.7941176470370485,2,0.10468083035955816,0.7383200193665094,0.19692892981631174,0.4140421122927435,0.3278688524590164,1.3544262295027114,0.7383200193665094
2002-09-27,0.6647415430419383,1.0,0.9523809523809523,1.155132656126397e-10,0.9999999998834868,1,1.3458825243540766e-20,0.25417574437258533,0.1910210619218224,0.4140421122927435,0.3278688524590164,1.3544262295027114,0.7383200193665094
2002-09-30,0.6589677121297677,2.0,0.48780487804878053,4.560518629295435e-11,0.9999999999533948,1,2.1254371942923637e-21,0.4962478818697894,0.1852904300641677,0.4140421122927435,0.3278688524590164,1.3544262295027114,0.7383200193665094
2002-10-01,0.7000477388224425,2.0,0.48780487804878053,1.9713453091937644e-11,0.9999999999792866,1,4.083332498086907e-22,0.4962478818697894,0.17973171716224268,0.4140421122927435,0.3278688524590164,1.3544262295027114,0.7383200193665094
2002-10-02,0.6927329192546585,3.0,0.3278688524590164,1.0256728799081773e-10,0.9999999998964327,1,1.0622613585367347e-20,0.7383200193665094,0.17433976564737538,0.4140421122927435,0.3278688524590164,1.3544262295027114,0.7383200193665094
2002-10-03,0.6420558492890509,2.0,0.48780487804878053,0.0,0.0,0,0.0,0.4962478818697894,0.16910957267795412,0.4140421122927435,0.3278688524590164,1.3544262295027114,0.7383200193665094
2002-10-04,0.623349417381038,3.0,0.3278688524590164,7.070044549549201e-11,0.9999999999282996,1,5.069251874922759e-21,0.7383200193665094,0.1640362854976155,0.4140421122927435,0.3278688524590164,1.3544262295027114,0.7383200193665094
2002-10-07,0.6177901545095221,3.0,0.3278688524590164,0.0,0.0,0,0.0,0.7383200193665094,0.15911519693268703,0.4140421122927435,0.3278688524590164,1.3544262295027114,0.7383200193665094
2002-10-08,0.5850977875879062,3.0,0.3278688524590164,0.0,0.0,0,0.0,0.7383200193665094,0.1543417410247064,0.4140421122927435,0.3278688524590164,1.3544262295027114,0.7383200193665094
2002-10-09,0.5687320979415841,1.0,0.9523809523809523,0.0,0.0,0,0.0,0.25417574437258533,0.1497114887939652,0.4140421122927435,0.3278688524590164,1.3544262295027114,0.7383200193665094
2002-10-10,0.5836153174888353,3.0,0.3278688524590164,0.0,0.0,0,0.0,0.7383200193665094,0.14522014413014625,0.4140421122927435,0.3278688524590164,1.3544262295027114,0.7383200193665094
2002-10-11,0.6224131204763618,3.0,0.3278688524590164,0.0,0.0,0,0.0,0.7383200193665094,0.14086353980624186,0.4140421122927435,0.3278688524590164,1.3544262295027114,0.7383200193665094
2002-10-14,0.6192531184230791,3.0,0.3278688524590164,0.0,0.0,0,0.0,0.7383200193665094,0.1366376336120546,0.4140421122927435,0.3278688524590164,1.3544262295027114,0.7383200193665094
2002-10-15,0.6621667265540784,2.0,0.48780487804878053,2.906785923028431e-11,0.9999999999699322,1,8.74007656443988e-22,0.4962478818697894,0.13253850460369296,0.4140421122927435,0.3278688524590164,1.3544262295027114,0.7383200193665094
2002-10-16,0.6498388173091731,2.0,0.48780487804878053,0.0,0.0,0,0.0,0.4962478818697894,0.12856234946558218,0.4140421122927435,0.3278688524590164,1.3544262295027114,0.7383200193665094
2002-10-17,0.6632590729428676,2.5,0.3921568627450981,0.0,0.0,0,0.0,0.6172839506182098,0.1247054789816147,0.4140421122927435,0.3278688524590164,1.3544262295027114,0.7383200193665094
2002-10-18,0.662693393562959,3.0,0.3278688524590164,0.0,0.0,0,0.0,0.7383200193665094,0.12096431461216625,0.4140421122927435,0.3278688524590164,1.3544262295027114,0.7383200193665094
2002-10-21,0.649780298752631,3.0,0.3278688524590164,0.0,0.0,0,0.0,0.7383200193665094,0.11733538517380127,0.4140421122927435,0.3278688524590164,1.3544262295027114,0.7383200193665094
2002-10-22,0.6375889328063241,3.0,0.3278688524590164,0.0,0.0,0,0.0,0.7383200193665094,0.11381532361858722,0.4140421122927435,0.3278688524590164,1.3544262295027114,0.7383200193665094
2002-10-23,0.6301180637544274,3.0,0.3278688524590164,0.0,0.0,0,0.0,0.7383200193665094,0.1104008639100296,0.4140421122927435,0.3278688524590164,1.3544262295027114,0.7383200193665094
2002-10-24,0.6370427596119297,3.0,0.3278688524590164,0.0,0.0,0,0.0,0.7383200193665094,0.10708883799272871,0.4140421122927435,0.3278688524590164,1.3544262295027114,0.7383200193665094
2002-10-25,0.6107289153534213,3.0,0.3278688524590164,0.0,0.0,0,0.0,0.7383200193665094,0.10387617285294684,0.4140421122927435,0.3278688524590164,1.3544262295027114,0.7383200193665094
2002-10-28,0.6203844771828961,3.0,0.3278688524590164,0.0,0.0,0,0.0,0.7383200193665094,0.10075988766735844,0.4140421122927435,0.3278688524590164,1.3544262295027114,0.7383200193665094
2002-10-29,0.5944217442636415,3.0,0.3278688524590164,0.0,0.0,0,0.0,0.7383200193665094,0.09773709103733769,0.4140421122927435,0.3278688524590164,1.3544262295027114,0.7383200193665094
2002-10-30,0.5716190133976696,3.0,0.3278688524590164,0.0,0.0,0,0.0,0.7383200193665094,0.09480497830621755,0.4140421122927435,0.3278688524590164,1.3544262295027114,0.7383200193665094
2002-10-31,0.5376977567886659,2.0,0.48780487804878053,3.352240707184397e-11,0.9999999999654776,1,1.1572734414089106e-21,0.4962478818697894,0.09196082895703102,0.4140421122927435,0.3278688524590164,1.3544262295027114,0.7383200193665094
2002-11-01,0.5548827062265798,2.5,0.3921568627450981,4.560518629295435e-11,0.9999999999533948,1,2.1254371942923637e-21,0.6172839506182098,0.08920200408832009,0.4140421122927435,0.3278688524590164,1.3544262295027114,0.7383200193665094
2002-11-04,0.5644017247574561,3.0,0.3278688524590164,0.0,0.0,0,0.0,0.7383200193665094,0.08652594396567048,0.4140421122927435,0.3278688524590164,1.3544262295027114,0.7383200193665094
2002-11-05,0.5591155484831376,3.0,0.3278688524590164,0.0,0.0,0,0.0,0.7383200193665094,0.08393016564670036,0.4140421122927435,0.3278688524590164,1.3544262295027114,0.7383200193665094
2002-11-06,0.5318849135054667,3.0,0.3278688524590164,0.0,0.0,0,0.0,0.7383200193665094,0.08141226067729934,0.4140421122927435,0.3278688524590164,1.3544262295027114,0.7383200193665094
2002-11-07,0.5749350649350651,2.0,0.48780487804878053,0.0,0.0,0,0.0,0.4962478818697894,0.07896989285698036,0.4140421122927435,0.3278688524590164,1.3544262295027114,0.7383200193665094
2002-11-08,0.5485041835634722,2.0,0.48780487804878053,8.373690629422583e-11,0.9999999999152631,1,7.095604529918366e-21,0.4962478818697894,0.07660079607127095,0.4140421122927435,0.3278688524590164,1.3544262295027114,0.7383200193665094
2002-11-11,0.5322165186592064,3.0,0.3278688524590164,0.0,0.0,0,0.0,0.7383200193665094,0.07430277218913281,0.4140421122927435,0.3278688524590164,1.3544262295027114,0.7383200193665094
2002-11-12,0.4738930239720754,3.0,0.3278688524590164,3.9526271144186593e-11,0.9999999999594738,1,1.6018515073512756e-21,0.7383200193665094,0.07207368902345883,0.4140421122927435,0.3278688524590164,1.3544262295027114,0.7383200193665094
2002-11-13,0.46956265078794723,3.0,0.3278688524590164,0.0,0.0,0,0.0,0.7383200193665094,0.06991147835275506,0.4140421122927435,0.3278688524590164,1.3544262295027114,0.7383200193665094
2002-11-14,0.42941892099994866,3.0,0.3278688524590164,0.0,0.0,0,0.0,0.7383200193665094,0.06781413400217241,0.4140421122927435,0.3278688524590164,1.3544262295027114,0.7383200193665094
2002-11-15,0.41496483753400754,2.0,0.48780487804878053,9.311053035351498e-10,0.9999999990678947,1,8.678881713816488e-19,0.4962478818697894,0.06577970998210723,0.4140421122927435,0.3278688524590164,1.3544262295027114,0.7383200193665094
2002-11-18,0.3892166726554079,2.0,0.48780487804878053,0.3767701612665403,0.8749999999830079,2,0.04709627016471964,0.4962478818697894,0.06380631868264401,0.4140421122927435,0.3278688524590164,1.3544262295027114,0.7383200193665094
2002-11-19,0.3870709922488578,3.0,0.3278688524590164,2.489175532327363e-11,0.9999999999741083,1,6.444906877568812e-22,0.7383200193665094,0.06189212912216469,0.4140421122927435,0.3278688524590164,1.3544262295027114,0.7383200193665094
2002-11-20,0.4079816231199631,2.5,0.3921568627450981,0.5623351446313769,0.7499999999750339,2,0.14058378617188355,0.6172839506182098,0.06003536524849975,0.4140421122927435,0.3278688524590164,1.3544262295027114,0.7383200193665094
2002-11-21,0.42276731173964377,3.0,0.3278688524590164,0.0,0.0,0,0.0,0.7383200193665094,0.05823430429104475,0.4140421122927435,0.3278688524590164,1.3544262295027114,0.7383200193665094
2002-11-22,0.4349586776859505,3.0,0.3278688524590164,0.0,0.0,0,0.0,0.7383200193665094,0.05648727516231341,0.4140421122927435,0.3278688524590164,1.3544262295027114,0.7383200193665094
2002-11-25,0.40304655818489815,3.0,0.3278688524590164,2.2900126239448145e-11,0.9999999999760999,1,5.473154014384552e-22,0.7383200193665094,0.054792656907444004,0.4140421122927435,0.3278688524590164,1.3544262295027114,0.7383200193665094
2002-11-26,0.45657153123556293,3.0,0.3278688524590164,4.6505266293703776e-10,0.9999999995339474,1,2.167390217305079e-19,0.7383200193665094,0.053148877200220684,0.4140421122927435,0.3278688524590164,1.3544262295027114,0.7383200193665094
2002-11-27,0.5220733021918793,3.0,0.3278688524590164,0.0,0.0,0,0.0,0.7383200193665094,0.051554410884214065,0.4140421122927435,0.3278688524590164,1.3544262295027114,0.7383200193665094
2002-11-29,0.5203762640521534,3.0,0.3278688524590164,0.0,0.0,0,0.0,0.7383200193665094,0.05000777855768764,0.4140421122927435,0.3278688524590164,1.3544262295027114,0.7383200193665094
2002-12-02,0.5379318310148351,3.0,0.3278688524590164,1.3215795124034712e-10,0.9999999998668421,1,1.759787910489669e-20,0.7383200193665094,0.048507545200957014,0.4140421122927435,0.3278688524590164,1.3544262295027114,0.7383200193665094
2002-12-03,0.5336989887582773,2.0,0.48780487804878053,0.0,0.0,0,0.0,0.4962478818697894,0.047052318844928304,0.4140421122927435,0.3278688524590164,1.3544262295027114,0.7383200193665094
2002-12-04,0.5094918125352909,2.0,0.48780487804878053,0.0,0.0,0,0.0,0.4962478818697894,0.04564074927958045,0.4140421122927435,0.3278688524590164,1.3544262295027114,0.7383200193665094
2002-12-05,0.5222878702325343,2.0,0.48780487804878053,0.0,0.0,0,0.0,0.4962478818697894,0.044271526801193034,0.4140421122927435,0.3278688524590164,1.3544262295027114,0.7383200193665094
2002-12-06,0.5096478620194035,3.0,0.3278688524590164,0.0,0.0,0,0.0,0.7383200193665094,0.04294338099715724,0.4140421122927435,0.3278688524590164,1.3544262295027114,0.7383200193665094
2002-12-09,0.5365663980288488,3.0,0.3278688524590164,2.018418765436885e-11,0.9999999999788158,1,4.275851724167135e-22,0.7383200193665094,0.04165507956724252,0.4140421122927435,0.3278688524590164,1.3544262295027114,0.7383200193665094
2002-12-10,0.5297197269134029,2.0,0.48780487804878053,2.1734281041316455e-11,0.9999999999772657,1,4.941127726301679e-22,0.4962478818697894,0.040405427180225245,0.4140421122927435,0.3278688524590164,1.3544262295027114,0.7383200193665094
2002-12-11,0.5438422052256044,3.0,0.3278688524590164,5.0783599546458714e-11,0.9999999999482164,1,2.629756459089028e-21,0.7383200193665094,0.039193264364818486,0.4140421122927435,0.3278688524590164,1.3544262295027114,0.7383200193665094
2002-12-12,0.5205713259072943,2.0,0.48780487804878053,2.1192936294521388e-11,0.9999999999778071,1,4.703330162591665e-22,0.4962478818697894,0.03801746643387393,0.4140421122927435,0.3278688524590164,1.3544262295027114,0.7383200193665094
2002-12-13,0.5212930547713157,2.5,0.3921568627450981,4.6505266293703776e-10,0.9999999995339474,1,2.167390217305079e-19,0.6172839506182098,0.03687694244085771,0.4140421122927435,0.3278688524590164,1.3544262295027114,0.7383200193665094
2002-12-16,0.5821133412042504,3.0,0.3278688524590164,0.0,0.0,0,0.0,0.7383200193665094,0.03577063416763197,0.4140421122927435,0.3278688524590164,1.3544262295027114,0.7383200193665094
2002-12-17,0.5484456650069298,3.0,0.3278688524590164,0.0,0.0,0,0.0,0.7383200193665094,0.03469751514260301,0.4140421122927435,0.3278688524590164,1.3544262295027114,0.7383200193665094
2002-12-18,0.5672106154714851,3.0,0.3278688524590164,0.0,0.0,0,0.0,0.7383200193665094,0.03365658968832492,0.4140421122927435,0.3278688524590164,1.3544262295027114,0.7383200193665094
2002-12-19,0.5768271649299317,3.0,0.3278688524590164,0.0,0.0,0,0.0,0.7383200193665094,0.03264689199767517,0.4140421122927435,0.3278688524590164,1.3544262295027114,0.7383200193665094
2002-12-20,0.6031995277449823,3.0,0.3278688524590164,0.0,0.0,0,0.0,0.7383200193665094,0.031667485237744916,0.4140421122927435,0.3278688524590164,1.3544262295027114,0.7383200193665094
2002-12-23,0.5763785226631076,3.0,0.3278688524590164,4.805811304344384e-11,0.9999999999509419,1,2.357639279269551e-21,0.7383200193665094,0.03071746068061257,0.4140421122927435,0.3278688524590164,1.3544262295027114,0.7383200193665094
2002-12-24,0.5650844412504492,2.0,0.48780487804878053,0.6924611526145414,0.5185185185095681,2,0.33340722163542147,0.4962478818697894,0.02979593686019419,0.4140421122927435,0.3278688524590164,1.3544262295027114,0.7383200193665094
2002-12-26,0.5726528412299164,2.0,0.48780487804878053,4.6505266293703776e-10,0.9999999995339474,1,2.167390217305079e-19,0.4962478818697894,0.028902058754388362,0.4140421122927435,0.3278688524590164,1.3544262295027114,0.7383200193665094
2002-12-27,0.571033827832247,3.0,0.3278688524590164,0.0,0.0,0,0.0,0.7383200193665094,0.02803499699175671,0.4140421122927435,0.3278688524590164,1.3544262295027114,0.7383200193665094
2002-12-30,0.5455392433653303,3.0,0.3278688524590164,0.0,0.0,0,0.0,0.7383200193665094,0.027193947082004007,0.4140421122927435,0.3278688524590164,1.3544262295027114,0.7383200193665094
2002-12-31,0.48635747651557926,3.0,0.3278688524590164,0.0,0.0,0,0.0,0.7383200193665094,0.026378128669543886,0.4140421122927435,0.3278688524590164,1.3544262295027114,0.7383200193665094
2003-01-02,0.5520933216980648,3.0,0.3278688524590164,0.0,0.0,0,0.0,0.7383200193665094,0.025586784809457568,0.4140421122927435,0.3278688524590164,1.3544262295027114,0.7383200193665094
2003-01-03,0.5415599815204558,3.0,0.3278688524590164,0.0,0.0,0,0.0,0.7383200193665094,0.02481918126517384,0.4140421122927435,0.3278688524590164,1.3544262295027114,0.7383200193665094
2003-01-06,0.6039212566090036,3.0,0.3278688524590164,0.0,0.0,0,0.0,0.7383200193665094,0.024074605827218626,0.4140421122927435,0.3278688524590164,1.3544262295027114,0.7383200193665094
2003-01-07,0.5824254401724758,3.0,0.3278688524590164,0.0,0.0,0,0.0,0.7383200193665094,0.023352367652402065,0.4140421122927435,0.3278688524590164,1.3544262295027114,0.7383200193665094
2003-01-08,0.6013074277501157,3.0,0.3278688524590164,0.0,0.0,0,0.0,0.7383200193665094,0.02265179662283,0.4140421122927435,0.3278688524590164,1.3544262295027114,0.7383200193665094
2003-01-09,0.6393249833170782,3.0,0.3278688524590164,0.0,0.0,0,0.0,0.7383200193665094,0.0219722427241451,0.4140421122927435,0.3278688524590164,1.3544262295027114,0.7383200193665094
2003-01-10,0.6181412658487757,3.0,0.3278688524590164,0.0,0.0,0,0.0,0.7383200193665094,0.021313075442420747,0.4140421122927435,0.3278688524590164,1.3544262295027114,0.7383200193665094
2003-01-13,0.5980498947692624,3.0,0.3278688524590164,0.0,0.0,0,0.0,0.7383200193665094,0.020673683179148125,0.4140421122927435,0.3278688524590164,1.3544262295027114,0.7383200193665094
2003-01-14,0.6173220060571839,3.0,0.3278688524590164,0.0,0.0,0,0.0,0.7383200193665094,0.02005347268377368,0.4140421122927435,0.3278688524590164,1.3544262295027114,0.7383200193665094
2003-01-15,0.6304496689081668,2.0,0.48780487804878053,5.382971845896038e-11,0.9999999999451703,1,2.9514671171048215e-21,0.4962478818697894,0.01945186850326047,0.4140421122927435,0.3278688524590164,1.3544262295027114,0.7383200193665094
2003-01-16,0.6507751142138496,3.0,0.3278688524590164,0.0,0.0,0,0.0,0.7383200193665094,0.018868312448162654,0.4140421122927435,0.3278688524590164,1.3544262295027114,0.7383200193665094
2003-01-17,0.6158005235870849,3.0,0.3278688524590164,0.0,0.0,0,0.0,0.7383200193665094,0.018302263074717773,0.4140421122927435,0.3278688524590164,1.3544262295027114,0.7383200193665094
2003-01-21,0.6361454750782815,3.0,0.3278688524590164,0.0,0.0,0,0.0,0.7383200193665094,0.01775319518247624,0.4140421122927435,0.3278688524590164,1.3544262295027114,0.7383200193665094
2003-01-22,0.6240711462450594,3.0,0.3278688524590164,0.0,0.0,0,0.0,0.7383200193665094,0.01722059932700195,0.4140421122927435,0.3278688524590164,1.3544262295027114,0.7383200193665094
2003-01-23,0.6219644782095375,2.0,0.48780487804878053,0.0,0.0,0,0.0,0.4962478818697894,0.01670398134719189,0.4140421122927435,0.3278688524590164,1.3544262295027114,0.7383200193665094
2003-01-24,0.6305862122067657,3.0,0.3278688524590164,0.0,0.0,0,0.0,0.7383200193665094,0.016202861906776132,0.4140421122927435,0.3278688524590164,1.3544262295027114,0.7383200193665094
2003-01-27,0.6055987885632156,2.0,0.48780487804878053,0.0,0.0,0,0.0,0.4962478818697894,0.015716776049572848,0.4140421122927435,0.3278688524590164,1.3544262295027114,0.7383200193665094
2003-01-28,0.6202869462553258,1.5,0.6451612903225806,0.0,0.0,0,0.0,0.37521181312124796,0.015245272768085662,0.4140421122927435,0.3278688524590164,1.3544262295027114,0.7383200193665094
2003-01-29,0.6316590524100407,3.0,0.3278688524590164,3.097018196968334e-10,0.9999999996892982,1,9.622491210703823e-20,0.7383200193665094,0.014787914585043091,0.4140421122927435,0.3278688524590164,1.3544262295027114,0.7383200193665094
2003-01-30,0.6306252245777938,3.0,0.3278688524590164,1.8542112288283305e-10,0.9999999998135789,1,3.4566409835401184e-20,0.7383200193665094,0.014344277147491799,0.4140421122927435,0.3278688524590164,1.3544262295027114,0.7383200193665094
2003-01-31,0.6473615317488837,2.0,0.48780487804878053,1.543509764324952e-10,0.999999999844649,1,2.3978571489450547e-20,0.4962478818697894,0.013913948833067045,0.4140421122927435,0.3278688524590164,1.3544262295027114,0.7383200193665094
2003-02-03,0.6563343770853652,3.0,0.3278688524590164,1.3215795124034712e-10,0.9999999998668421,1,1.759787910489669e-20,0.7383200193665094,0.013496530368075034,0.4140421122927435,0.3278688524590164,1.3544262295027114,0.7383200193665094
2003-02-04,0.6057548380473282,3.0,0.3278688524590164,0.0,0.0,0,0.0,0.7383200193665094,0.013091634457032783,0.4140421122927435,0.3278688524590164,1.3544262295027114,0.7383200193665094
2003-02-05,0.6070617524767724,3.0,0.3278688524590164,9.311053035351498e-10,0.9999999990678947,1,8.678881713816488e-19,0.7383200193665094,0.0126988854233218,0.4140421122927435,0.3278688524590164,1.3544262295027114,0.7383200193665094
2003-02-06,0.5681079000051332,3.0,0.3278688524590164,0.0,0.0,0,0.0,0.7383200193665094,0.012317918860622145,0.4140421122927435,0.3278688524590164,1.3544262295027114,0.7383200193665094
2003-02-07,0.5904814947897952,3.0,0.3278688524590164,1.3215795124034712e-10,0.9999999998668421,1,1.759787910489669e-20,0.7383200193665094,0.011948381294803481,0.4140421122927435,0.3278688524590164,1.3544262295027114,0.7383200193665094
2003-02-10,0.5838298855294903,3.0,0.3278688524590164,0.0,0.0,0,0.0,0.7383200193665094,0.011589929855959377,0.4140421122927435,0.3278688524590164,1.3544262295027114,0.7383200193665094
2003-02-11,0.551898259842924,3.0,0.3278688524590164,0.0,0.0,0,0.0,0.7383200193665094,0.011242231960280595,0.4140421122927435,0.3278688524590164,1.3544262295027114,0.7383200193665094
2003-02-12,0.5527175196345158,3.0,0.3278688524590164,0.0,0.0,0,0.0,0.7383200193665094,0.010904965001472177,0.4140421122927435,0.3278688524590164,1.3544262295027114,0.7383200193665094
2003-02-13,0.5420086237872799,3.0,0.3278688524590164,0.0,0.0,0,0.0,0.7383200193665094,0.010577816051428011,0.4140421122927435,0.3278688524590164,1.3544262295027114,0.7383200193665094
2003-02-14,0.5733355577229095,3.0,0.3278688524590164,0.0,0.0,0,0.0,0.7383200193665094,0.01026048156988517,0.4140421122927435,0.3278688524590164,1.3544262295027114,0.7383200193665094
2003-02-18,0.5880042092295057,3.0,0.3278688524590164,0.0,0.0,0,0.0,0.7383200193665094,0.009952667122788614,0.4140421122927435,0.3278688524590164,1.3544262295027114,0.7383200193665094
2003-02-19,0.5778609927621785,3.0,0.3278688524590164,0.0,0.0,0,0.0,0.7383200193665094,0.009654087109104956,0.4140421122927435,0.3278688524590164,1.3544262295027114,0.7383200193665094
2003-02-20,0.5777244494635799,3.0,0.3278688524590164,0.0,0.0,0,0.0,0.7383200193665094,0.009364464495831807,0.4140421122927435,0.3278688524590164,1.3544262295027114,0.7383200193665094
2003-02-21,0.5745839535958113,3.0,0.3278688524590164,0.0,0.0,0,0.0,0.7383200193665094,0.009083530560956853,0.4140421122927435,0.3278688524590164,1.3544262295027114,0.7383200193665094
2003-02-24,0.5722237051486064,3.0,0.3278688524590164,0.0,0.0,0,0.0,0.7383200193665094,0.008811024644128147,0.4140421122927435,0.3278688524590164,1.3544262295027114,0.7383200193665094
2003-02-25,0.5939926081823316,3.0,0.3278688524590164,0.0,0.0,0,0.0,0.7383200193665094,0.008546693904804302,0.4140421122927435,0.3278688524590164,1.3544262295027114,0.7383200193665094
2003-02-26,0.5674446896976543,3.0,0.3278688524590164,0.0,0.0,0,0.0,0.7383200193665094,0.008290293087660173,0.4140421122927435,0.3278688524590164,1.3544262295027114,0.7383200193665094
2003-02-27,0.5874970484061393,3.0,0.3278688524590164,0.0,0.0,0,0.0,0.7383200193665094,0.008041584295030367,0.4140421122927435,0.3278688524590164,1.3544262295027114,0.7383200193665094
2003-02-28,0.5806113649196654,3.0,0.3278688524590164,0.0,0.0,0,0.0,0.7383200193665094,0.007800336766179456,0.4140421122927435,0.3278688524590164,1.3544262295027114,0.7383200193665094
2003-03-03,0.5737061752476772,3.0,0.3278688524590164,0.0,0.0,0,0.0,0.7383200193665094,0.0075663266631940725,0.4140421122927435,0.3278688524590164,1.3544262295027114,0.7383200193665094
2003-03-04,0.5508839381961912,3.0,0.3278688524590164,0.0,0.0,0,0.0,0.7383200193665094,0.00733933686329825,0.4140421122927435,0.3278688524590164,1.3544262295027114,0.7383200193665094
2003-03-05,0.5560725835429393,4.0,0.2469135802469136,0.0,0.0,0,0.0,0.9803921568627451,0.16919129425363502,0.4140421122927435,0.3278688524590164,1.3544262295027114,0.7383200193665094
2003-03-06,0.5272034289820852,2.0,0.48780487804878053,0.0,0.0,0,0.0,0.4962478818697894,0.16411555542602596,0.4140421122927435,0.3278688524590164,1.3544262295027114,0.7383200193665094
2003-03-07,0.5396873877111031,3.0,0.3278688524590164,0.0,0.0,0,0.0,0.7383200193665094,0.15919208876324517,0.4140421122927435,0.3278688524590164,1.3544262295027114,0.7383200193665094
2003-03-10,0.5943437195215853,3.0,0.3278688524590164,0.0,0.0,0,0.0,0.7383200193665094,0.1544163261003478,0.4140421122927435,0.3278688524590164,1.3544262295027114,0.7383200193665094
2003-03-11,0.5988886607463683,2.0,0.48780487804878053,0.0,0.0,0,0.0,0.4962478818697894,0.14978383631733735,0.4140421122927435,0.3278688524590164,1.3544262295027114,0.7383200193665094
2003-03-12,0.5857609978953854,2.0,0.48780487804878053,0.0,0.0,0,0.0,0.4962478818697894,0.14529032122781724,0.4140421122927435,0.3278688524590164,1.3544262295027114,0.7383200193665094
2003-03-13,0.6162491658539091,3.0,0.3278688524590164,0.0,0.0,0,0.0,0.7383200193665094,0.14093161159098272,0.4140421122927435,0.3278688524590164,1.3544262295027114,0.7383200193665094
2003-03-14,0.6214378112006571,3.0,0.3278688524590164,0.0,0.0,0,0.0,0.7383200193665094,0.13670366324325323,0.4140421122927435,0.3278688524590164,1.3544262295027114,0.7383200193665094
2003-03-17,0.6540131410091884,2.0,0.48780487804878053,0.0,0.0,0,0.0,0.4962478818697894,0.13260255334595564,0.4140421122927435,0.3278688524590164,1.3544262295027114,0.7383200193665094
2003-03-18,0.6520820286432936,2.0,0.48780487804878053,0.0,0.0,0,0.0,0.4962478818697894,0.12862447674557698,0.4140421122927435,0.3278688524590164,1.3544262295027114,0.7383200193665094
2003-03-19,0.6290842359221807,3.0,0.3278688524590164,0.0,0.0,0,0.0,0.7383200193665094,0.12476574244320966,0.4140421122927435,0.3278688524590164,1.3544262295027114,0.7383200193665094
2003-03-20,0.6134402751398798,3.0,0.3278688524590164,0.0,0.0,0,0.0,0.7383200193665094,0.12102277016991336,0.4140421122927435,0.3278688524590164,1.3544262295027114,0.7383200193665094
2003-03-21,0.6200138596581286,3.0,0.3278688524590164,0.0,0.0,0,0.0,0.7383200193665094,0.11739208706481596,0.4140421122927435,0.3278688524590164,1.3544262295027114,0.7383200193665094
2003-03-24,0.6479077049432781,3.0,0.3278688524590164,0.0,0.0,0,0.0,0.7383200193665094,0.11387032445287149,0.4140421122927435,0.3278688524590164,1.3544262295027114,0.7383200193665094
2003-03-25,0.6589286997587394,3.0,0.3278688524590164,0.0,0.0,0,0.0,0.7383200193665094,0.11045421471928533,0.4140421122927435,0.3278688524590164,1.3544262295027114,0.7383200193665094
2003-03-26,0.6478686925722499,3.0,0.3278688524590164,0.0,0.0,0,0.0,0.7383200193665094,0.10714058827770677,0.4140421122927435,0.3278688524590164,1.3544262295027114,0.7383200193665094
2003-03-27,0.6602746265592115,3.0,0.3278688524590164,0.0,0.0,0,0.0,0.7383200193665094,0.10392637062937557,0.4140421122927435,0.3278688524590164,1.3544262295027114,0.7383200193665094
2003-03-28,0.6348385606488373,3.0,0.3278688524590164,0.0,0.0,0,0.0,0.7383200193665094,0.1008085795104943,0.4140421122927435,0.3278688524590164,1.3544262295027114,0.7383200193665094
2003-03-31,0.6737143883784198,3.0,0.3278688524590164,0.0,0.0,0,0.0,0.7383200193665094,0.09778432212517946,0.4140421122927435,0.3278688524590164,1.3544262295027114,0.7383200193665094
2003-04-01,0.6971413171808428,3.0,0.3278688524590164,0.0,0.0,0,0.0,0.7383200193665094,0.09485079246142407,0.4140421122927435,0.3278688524590164,1.3544262295027114,0.7383200193665094
2003-04-02,0.7021349006724502,3.0,0.3278688524590164,0.0,0.0,0,0.0,0.7383200193665094,0.09200526868758134,0.4140421122927435,0.3278688524590164,1.3544262295027114,0.7383200193665094
2003-04-03,0.6747287100251528,3.0,0.3278688524590164,0.0,0.0,0,0.0,0.7383200193665094,0.0892451106269539,0.4140421122927435,0.3278688524590164,1.3544262295027114,0.7383200193665094
2003-04-04,0.6590067245007956,3.0,0.3278688524590164,0.0,0.0,0,0.0,0.7383200193665094,0.08656775730814527,0.4140421122927435,0.3278688524590164,1.3544262295027114,0.7383200193665094
2003-04-07,0.6534474616292798,3.0,0.3278688524590164,0.0,0.0,0,0.0,0.7383200193665094,0.08397072458890091,0.4140421122927435,0.3278688524590164,1.3544262295027114,0.7383200193665094
2003-04-08,0.655242030696576,3.0,0.3278688524590164,0.0,0.0,0,0.0,0.7383200193665094,0.08145160285123389,0.4140421122927435,0.3278688524590164,1.3544262295027114,0.7383200193665094
2003-04-09,0.6446501719624248,3.0,0.3278688524590164,0.0,0.0,0,0.0,0.7383200193665094,0.07900805476569686,0.4140421122927435,0.3278688524590164,1.3544262295027114,0.7383200193665094
2003-04-10,0.6454109131974746,3.0,0.3278688524590164,0.0,0.0,0,0.0,0.7383200193665094,0.07663781312272595,0.4140421122927435,0.3278688524590164,1.3544262295027114,0.7383200193665094
2003-04-11,0.6538570915250758,3.0,0.3278688524590164,8.373690629422583e-11,0.9999999999152631,1,7.095604529918366e-21,0.7383200193665094,0.07433867872904418,0.4140421122927435,0.3278688524590164,1.3544262295027114,0.7383200193665094
2003-04-14,0.6314834967404137,3.0,0.3278688524590164,0.0,0.0,0,0.0,0.7383200193665094,0.07210851836717284,0.4140421122927435,0.3278688524590164,1.3544262295027114,0.7383200193665094
2003-04-15,0.6290647297366664,2.5,0.3921568627450981,0.0,0.0,0,0.0,0.6172839506182098,0.06994526281615766,0.4140421122927435,0.3278688524590164,1.3544262295027114,0.7383200193665094
2003-04-16,0.5967234741543043,1.0,0.9523809523809523,0.0,0.0,0,0.0,0.25417574437258533,0.06784690493167293,0.4140421122927435,0.3278688524590164,1.3544262295027114,0.7383200193665094
2003-04-17,0.6060864432010679,2.5,0.3921568627450981,0.0,0.0,0,0.0,0.6172839506182098,0.06581149778372274,0.4140421122927435,0.3278688524590164,1.3544262295027114,0.7383200193665094
2003-04-21,0.6002150813613266,2.5,0.3921568627450981,1.0256728799081773e-10,0.9999999998964327,1,1.0622613585367347e-20,0.6172839506182098,0.06383715285021105,0.4140421122927435,0.3278688524590164,1.3544262295027114,0.7383200193665094
2003-04-22,0.6117432370001541,2.5,0.3921568627450981,1.155132656126397e-10,0.9999999998834868,1,1.3458825243540766e-20,0.6172839506182098,0.061922038264704715,0.4140421122927435,0.3278688524590164,1.3544262295027114,0.7383200193665094
2003-04-23,0.5830691442944408,3.0,0.3278688524590164,1.3215795124034712e-10,0.9999999998668421,1,1.759787910489669e-20,0.7383200193665094,0.06006437711676357,0.4140421122927435,0.3278688524590164,1.3544262295027114,0.7383200193665094
2003-04-24,0.5196935475591603,3.0,0.3278688524590164,7.667544376897341e-11,0.9999999999223246,1,5.9557974249765414e-21,0.7383200193665094,0.05826244580326066,0.4140421122927435,0.3278688524590164,1.3544262295027114,0.7383200193665094
2003-04-25,0.5229705867255274,3.0,0.3278688524590164,0.5890026049693362,0.7241379310228444,2,0.16248347723977535,0.7383200193665094,0.05651457242916284,0.4140421122927435,0.3278688524590164,1.3544262295027114,0.7383200193665094
2003-04-28,0.5514106052050717,3.0,0.3278688524590164,0.5982695885966277,0.7142857142619393,2,0.1709341681846889,0.7383200193665094,0.054819135256287954,0.4140421122927435,0.3278688524590164,1.3544262295027114,0.7383200193665094
2003-04-29,0.542671834094759,2.0,0.48780487804878053,1.543509764324952e-10,0.999999999844649,1,2.3978571489450547e-20,0.4962478818697894,0.05317456119859931,0.4140421122927435,0.3278688524590164,1.3544262295027114,0.7383200193665094
2003-04-30,0.533445408346594,3.0,0.3278688524590164,0.0,0.0,0,0.0,0.7383200193665094,0.05157932436264133,0.4140421122927435,0.3278688524590164,1.3544262295027114,0.7383200193665094
2003-05-01,0.48887377444689706,3.0,0.3278688524590164,0.0,0.0,0,0.0,0.7383200193665094,0.05003194463176209,0.4140421122927435,0.3278688524590164,1.3544262295027114,0.7383200193665094
2003-05-02,0.4856747600225861,2.0,0.48780487804878053,0.0,0.0,0,0.0,0.4962478818697894,0.048530986292809226,0.4140421122927435,0.3278688524590164,1.3544262295027114,0.7383200193665094
2003-05-05,0.47280067758328637,2.0,0.48780487804878053,9.311053035351498e-10,0.9999999990678947,1,8.678881713816488e-19,0.4962478818697894,0.047075056704024947,0.4140421122927435,0.3278688524590164,1.3544262295027114,0.7383200193665094
2003-05-06,0.4758241363379703,2.0,0.48780487804878053,0.0,0.0,0,0.0,0.4962478818697894,0.0456628050029042,0.4140421122927435,0.3278688524590164,1.3544262295027114,0.7383200193665094
2003-05-07,0.5001873620450695,1.5,0.6451612903225806,0.0,0.0,0,0.0,0.37521181312124796,0.04429292085281707,0.4140421122927435,0.3278688524590164,1.3544262295027114,0.7383200193665094
2003-05-08,0.5210589805451465,2.0,0.48780487804878053,0.0,0.0,0,0.0,0.4962478818697894,0.04296413322723256,0.4140421122927435,0.3278688524590164,1.3544262295027114,0.7383200193665094
2003-05-09,0.5497720856218881,3.0,0.3278688524590164,0.0,0.0,0,0.0,0.7383200193665094,0.04167520923041558,0.4140421122927435,0.3278688524590164,1.3544262295027114,0.7383200193665094
2003-05-12,0.5234582413633797,3.0,0.3278688524590164,0.0,0.0,0,0.0,0.7383200193665094,0.04042495295350311,0.4140421122927435,0.3278688524590164,1.3544262295027114,0.7383200193665094
2003-05-13,0.5231461423951543,3.0,0.3278688524590164,0.0,0.0,0,0.0,0.7383200193665094,0.039212204364898015,0.4140421122927435,0.3278688524590164,1.3544262295027114,0.7383200193665094
2003-05-14,0.5301293568091988,3.0,0.3278688524590164,0.0,0.0,0,0.0,0.7383200193665094,0.038035838233951076,0.4140421122927435,0.3278688524590164,1.3544262295027114,0.7383200193665094
2003-05-15,0.5130029259278271,3.0,0.3278688524590164,0.0,0.0,0,0.0,0.7383200193665094,0.03689476308693254,0.4140421122927435,0.3278688524590164,1.3544262295027114,0.7383200193665094
2003-05-16,0.5164360145783071,3.0,0.3278688524590164,0.0,0.0,0,0.0,0.7383200193665094,0.035787920194324564,0.4140421122927435,0.3278688524590164,1.3544262295027114,0.7383200193665094
2003-05-19,0.5265597248601201,3.0,0.3278688524590164,5.7256532846574624e-11,0.9999999999417435,1,3.3355658199415894e-21,0.7383200193665094,0.03471428258849483,0.4140421122927435,0.3278688524590164,1.3544262295027114,0.7383200193665094
2003-05-20,0.49513525999692004,2.0,0.48780487804878053,1.0256728799081773e-10,0.9999999998964327,1,1.0622613585367347e-20,0.4962478818697894,0.033672854110839985,0.4140421122927435,0.3278688524590164,1.3544262295027114,0.7383200193665094
2003-05-21,0.5129834197423131,2.0,0.48780487804878053,0.0,0.0,0,0.0,0.4962478818697894,0.032662668487514784,0.4140421122927435,0.3278688524590164,1.3544262295027114,0.7383200193665094
2003-05-22,0.4751414198449772,2.0,0.48780487804878053,0.0,0.0,0,0.0,0.4962478818697894,0.03168278843288934,0.4140421122927435,0.3278688524590164,1.3544262295027114,0.7383200193665094
2003-05-23,0.47492685180432215,2.0,0.48780487804878053,0.0,0.0,0,0.0,0.4962478818697894,0.03073230477990266,0.4140421122927435,0.3278688524590164,1.3544262295027114,0.7383200193665094
2003-05-27,0.5362738052461372,2.0,0.48780487804878053,0.0,0.0,0,0.0,0.4962478818697894,0.029810335636505578,0.4140421122927435,0.3278688524590164,1.3544262295027114,0.7383200193665094
2003-05-28,0.5136271238642781,3.0,0.3278688524590164,0.0,0.0,0,0.0,0.7383200193665094,0.02891602556741041,0.4140421122927435,0.3278688524590164,1.3544262295027114,0.7383200193665094
2003-05-29,0.4682752425440172,2.0,0.48780487804878053,0.0,0.0,0,0.0,0.4962478818697894,0.028048544800388094,0.4140421122927435,0.3278688524590164,1.3544262295027114,0.7383200193665094
2003-05-30,0.514895025922694,2.0,0.48780487804878053,0.0,0.0,0,0.0,0.4962478818697894,0.02720708845637645,0.4140421122927435,0.3278688524590164,1.3544262295027114,0.7383200193665094
2003-06-02,0.5186012011703712,3.0,0.3278688524590164,0.0,0.0,0,0.0,0.7383200193665094,0.026390875802685156,0.4140421122927435,0.3278688524590164,1.3544262295027114,0.7383200193665094
2003-06-03,0.5084384785175301,2.0,0.48780487804878053,0.0,0.0,0,0.0,0.4962478818697894,0.0255991495286046,0.4140421122927435,0.3278688524590164,1.3544262295027114,0.7383200193665094
2003-06-04,0.49767106411375184,2.0,0.48780487804878053,0.0,0.0,0,0.0,0.4962478818697894,0.02483117504274646,0.4140421122927435,0.3278688524590164,1.3544262295027114,0.7383200193665094
2003-06-05,0.4721374672758073,3.0,0.3278688524590164,0.0,0.0,0,0.0,0.7383200193665094,0.024086239791464067,0.4140421122927435,0.3278688524590164,1.3544262295027114,0.7383200193665094
2003-06-06,0.4514804168163853,3.0,0.3278688524590164,0.0,0.0,0,0.0,0.7383200193665094,0.023363652597720143,0.4140421122927435,0.3278688524590164,1.3544262295027114,0.7383200193665094
2003-06-09,0.44088855808223404,3.0,0.3278688524590164,0.0,0.0,0,0.0,0.7383200193665094,0.022662743019788538,0.4140421122927435,0.3278688524590164,1.3544262295027114,0.7383200193665094
2003-06-10,0.4197633591704739,3.0,0.3278688524590164,0.0,0.0,0,0.0,0.7383200193665094,0.02198286072919488,0.4140421122927435,0.3278688524590164,1.3544262295027114,0.7383200193665094
2003-06-11,0.42261126225553103,3.0,0.3278688524590164,0.0,0.0,0,0.0,0.7383200193665094,0.021323374907319035,0.4140421122927435,0.3278688524590164,1.3544262295027114,0.7383200193665094
2003-06-12,0.4220260766901084,2.0,0.48780487804878053,0.0,0.0,0,0.0,0.4962478818697894,0.020683673660099464,0.4140421122927435,0.3278688524590164,1.3544262295027114,0.7383200193665094
2003-06-13,0.4642179559570864,2.5,0.3921568627450981,0.0,0.0,0,0.0,0.6172839506182098,0.02006316345029648,0.4140421122927435,0.3278688524590164,1.3544262295027114,0.7383200193665094
2003-06-16,0.5058246496586418,3.0,0.3278688524590164,0.0,0.0,0,0.0,0.7383200193665094,0.019461268546787584,0.4140421122927435,0.3278688524590164,1.3544262295027114,0.7383200193665094
2003-06-17,0.493828345567476,3.0,0.3278688524590164,0.0,0.0,0,0.0,0.7383200193665094,0.018877430490383956,0.4140421122927435,0.3278688524590164,1.3544262295027114,0.7383200193665094
2003-06-18,0.47999846003798574,3.0,0.3278688524590164,0.0,0.0,0,0.0,0.7383200193665094,0.018311107575672437,0.4140421122927435,0.3278688524590164,1.3544262295027114,0.7383200193665094
2003-06-19,0.4574298033981829,3.0,0.3278688524590164,0.0,0.0,0,0.0,0.7383200193665094,0.017761774348402263,0.4140421122927435,0.3278688524590164,1.3544262295027114,0.7383200193665094
2003-06-20,0.4529433807299421,2.0,0.48780487804878053,0.0,0.0,0,0.0,0.4962478818697894,0.017228921117950196,0.4140421122927435,0.3278688524590164,1.3544262295027114,0.7383200193665094
2003-06-23,0.49008315794877066,3.0,0.3278688524590164,1.8542112288283305e-10,0.9999999998135789,1,3.4566409835401184e-20,0.7383200193665094,0.01671205348441169,0.4140421122927435,0.3278688524590164,1.3544262295027114,0.7383200193665094
2003-06-24,0.47582413633797044,3.0,0.3278688524590164,0.0,0.0,0,0.0,0.7383200193665094,0.01621069187987934,0.4140421122927435,0.3278688524590164,1.3544262295027114,0.7383200193665094
2003-06-25,0.4900246393922284,3.0,0.3278688524590164,0.0,0.0,0,0.0,0.7383200193665094,0.015724371123482957,0.4140421122927435,0.3278688524590164,1.3544262295027114,0.7383200193665094
2003-06-26,0.4580540013346338,3.0,0.3278688524590164,0.0,0.0,0,0.0,0.7383200193665094,0.015252639989778468,0.4140421122927435,0.3278688524590164,1.3544262295027114,0.7383200193665094
2003-06-27,0.48151994250808494,3.0,0.3278688524590164,0.0,0.0,0,0.0,0.7383200193665094,0.014795060790085112,0.4140421122927435,0.3278688524590164,1.3544262295027114,0.7383200193665094
2003-06-30,0.4662270930650378,2.0,0.48780487804878053,0.0,0.0,0,0.0,0.4962478818697894,0.014351208966382558,0.4140421122927435,0.3278688524590164,1.3544262295027114,0.7383200193665094
2003-07-01,0.4665782044042915,2.5,0.3921568627450981,0.0,0.0,0,0.0,0.6172839506182098,0.013920672697391081,0.4140421122927435,0.3278688524590164,1.3544262295027114,0.7383200193665094
2003-07-02,0.47151326933935633,3.0,0.3278688524590164,0.0,0.0,0,0.0,0.7383200193665094,0.013503052516469348,0.4140421122927435,0.3278688524590164,1.3544262295027114,0.7383200193665094
2003-07-03,0.485421179610903,2.0,0.48780487804878053,0.0,0.0,0,0.0,0.4962478818697894,0.013097960940975267,0.4140421122927435,0.3278688524590164,1.3544262295027114,0.7383200193665094
2003-07-07,0.49041476310251025,3.0,0.3278688524590164,0.0,0.0,0,0.0,0.7383200193665094,0.012705022112746009,0.4140421122927435,0.3278688524590164,1.3544262295027114,0.7383200193665094
2003-07-08,0.4935552589702788,3.0,0.3278688524590164,0.0,0.0,0,0.0,0.7383200193665094,0.012323871449363628,0.4140421122927435,0.3278688524590164,1.3544262295027114,0.7383200193665094
2003-07-09,0.5146219393254967,4.0,0.2469135802469136,1.543509764324952e-10,0.999999999844649,1,2.3978571489450547e-20,0.9803921568627451,0.17402629280211845,0.4140421122927435,0.3278688524590164,1.3544262295027114,0.7383200193665094
2003-07-10,0.5475288742877676,3.0,0.3278688524590164,0.0,0.0,0,0.0,0.7383200193665094,0.16880550401805489,0.4140421122927435,0.3278688524590164,1.3544262295027114,0.7383200193665094
2003-07-11,0.5608515989938916,3.0,0.3278688524590164,0.0,0.0,0,0.0,0.7383200193665094,0.16374133889751324,0.4140421122927435,0.3278688524590164,1.3544262295027114,0.7383200193665094
2003-07-14,0.5446419588316822,3.0,0.3278688524590164,0.0,0.0,0,0.0,0.7383200193665094,0.15882909873058784,0.4140421122927435,0.3278688524590164,1.3544262295027114,0.7383200193665094
2003-07-15,0.5321775062881783,3.0,0.3278688524590164,0.0,0.0,0,0.0,0.7383200193665094,0.1540642257686702,0.4140421122927435,0.3278688524590164,1.3544262295027114,0.7383200193665094
2003-07-16,0.5080873671782763,4.0,0.2469135802469136,2.3202639806768103e-10,0.9999999997669736,1,5.4068270671806165e-20,0.9803921568627451,0.31151443649184585,0.4140421122927435,0.3278688524590164,1.3544262295027114,0.7383200193665094
2003-07-17,0.4336517632565063,4.0,0.2469135802469136,0.0,0.0,0,0.0,0.9803921568627451,0.4642411408933262,0.4140421122927435,0.3278688524590164,1.3544262295027114,0.7383200193665094
2003-07-18,0.473814999230019,4.0,0.2469135802469136,0.0,0.0,0,0.0,0.9803921568627451,0.6123860441627621,0.4140421122927435,0.3278688524590164,1.3544262295027114,0.7383200193665094
2003-07-21,0.49183871464503887,4.0,0.2469135802469136,2.812827748457185e-11,0.9999999999708717,1,8.193276494996802e-22,0.9803921568627451,0.7560866003341149,0.4140421122927435,0.3278688524590164,1.3544262295027114,0.7383200193665094
2003-07-22,0.4615651147271701,4.0,0.2469135802469136,0.0,0.0,0,0.0,0.9803921568627451,0.8954761398203271,0.4140421122927435,0.3278688524590164,1.3544262295027114,0.7383200193665094
2003-07-23,0.46571993224167146,4.5,0.21978021978021978,0.0,0.0,0,0.0,1.1014282256106813,1.1517200618698893,0.4140421122927435,0.3278688524590164,1.3544262295027114,0.7383200193665094
2003-07-24,0.4554401724757457,4.0,0.2469135802469136,0.0,0.0,0,0.0,0.9803921568627451,1.2792405975100283,0.4140421122927435,0.3278688524590164,1.3544262295027114,0.7383200193665094
2003-07-25,0.4743416662388995,3.5,0.28169014084507044,0.0,0.0,0,0.0,0.8593560881146878,1.281899448332906,0.4140421122927435,0.3278688524590164,1.3544262295027114,0.7383200193665094
2003-07-28,0.4674949951234536,3.0,0.3278688524590164,0.0,0.0,0,0.0,0.7383200193665094,1.2434424648829188,0.4140421122927435,0.3278688524590164,1.3544262295027114,0.7383200193665094
2003-07-29,0.45836610030285924,3.0,0.3278688524590164,0.0,0.0,0,0.0,0.7383200193665094,1.2061391909364312,0.4140421122927435,0.3278688524590164,1.3544262295027114,0.7383200193665094
2003-07-30,0.45140239207432886,3.0,0.3278688524590164,0.0,0.0,0,0.0,0.7383200193665094,1.1699550152083382,0.4140421122927435,0.3278688524590164,1.3544262295027114,0.7383200193665094
2003-07-31,0.45980955803090195,3.0,0.3278688524590164,0.0,0.0,0,0.0,0.7383200193665094,1.134856364752088,0.4140421122927435,0.3278688524590164,1.3544262295027114,0.7383200193665094
2003-08-01,0.45526461680611874,3.0,0.3278688524590164,0.0,0.0,0,0.0,0.7383200193665094,1.1008106738095254,0.4140421122927435,0.3278688524590164,1.3544262295027114,0.7383200193665094
2003-08-04,0.43864534674811356,3.0,0.3278688524590164,7.070044549549201e-11,0.9999999999282996,1,5.069251874922759e-21,0.7383200193665094,1.0677863535952397,0.4140421122927435,0.3278688524590164,1.3544262295027114,0.7383200193665094
2003-08-05,0.44326831271495304,4.0,0.2469135802469136,3.352240707184397e-11,0.9999999999654776,1,1.1572734414089106e-21,0.9803921568627451,1.1978249004836181,0.4140421122927435,0.3278688524590164,1.3544262295027114,0.7383200193665094
2003-08-06,0.41051742723679485,3.0,0.3278688524590164,0.0,0.0,0,0.0,0.7383200193665094,1.1618901534691095,0.4140421122927435,0.3278688524590164,1.3544262295027114,0.7383200193665094
2003-08-07,0.43406139315230213,3.0,0.3278688524590164,0.0,0.0,0,0.0,0.7383200193665094,1.1270334488650362,0.4140421122927435,0.3278688524590164,1.3544262295027114,0.7383200193665094
2003-08-08,0.42389867049946106,3.0,0.3278688524590164,0.0,0.0,0,0.0,0.7383200193665094,1.093222445399085,0.4140421122927435,0.3278688524590164,1.3544262295027114,0.7383200193665094
2003-08-11,0.4000621118012423,1.0,0.9523809523809523,0.0,0.0,0,0.0,0.25417574437258533,1.0604257720371124,0.4140421122927435,0.3278688524590164,1.3544262295027114,0.7383200193665094
2003-08-12,0.3975848262409528,3.0,0.3278688524590164,0.0,0.0,0,0.0,0.7383200193665094,1.028612998875999,0.4140421122927435,0.3278688524590164,1.3544262295027114,0.7383200193665094
2003-08-13,0.41619372722139525,1.0,0.9523809523809523,0.0,0.0,0,0.0,0.25417574437258533,0.9977546089097191,0.4140421122927435,0.3278688524590164,1.3544262295027114,0.7383200193665094
2003-08-14,0.4311939838817309,2.0,0.48780487804878053,2.906785923028431e-11,0.9999999999699322,1,8.74007656443988e-22,0.4962478818697894,0.9678219706424275,0.4140421122927435,0.3278688524590164,1.3544262295027114,0.7383200193665094
2003-08-15,0.4310964529541605,2.0,0.48780487804878053,0.0,0.0,0,0.0,0.4962478818697894,0.9387873115231546,0.4140421122927435,0.3278688524590164,1.3544262295027114,0.7383200193665094
2003-08-18,0.4372799137621272,3.0,0.3278688524590164,0.0,0.0,0,0.0,0.7383200193665094,0.91062369217746,0.4140421122927435,0.3278688524590164,1.3544262295027114,0.7383200193665094
2003-08-19,0.4042364355012577,2.0,0.48780487804878053,0.0,0.0,0,0.0,0.4962478818697894,0.8833049814121362,0.4140421122927435,0.3278688524590164,1.3544262295027114,0.7383200193665094
2003-08-20,0.36719418920999947,2.0,0.48780487804878053,0.0,0.0,0,0.0,0.4962478818697894,0.8568058319697721,0.4140421122927435,0.3278688524590164,1.3544262295027114,0.7383200193665094
2003-08-21,0.36787690570299264,2.0,0.48780487804878053,0.0,0.0,0,0.0,0.4962478818697894,0.831101657010679,0.4140421122927435,0.3278688524590164,1.3544262295027114,0.7383200193665094
2003-08-22,0.4040023612750887,3.0,0.3278688524590164,0.0,0.0,0,0.0,0.7383200193665094,0.8061686073003586,0.4140421122927435,0.3278688524590164,1.3544262295027114,0.7383200193665094
2003-08-25,0.3711734510548739,2.0,0.48780487804878053,0.0,0.0,0,0.0,0.4962478818697894,0.7819835490813478,0.4140421122927435,0.3278688524590164,1.3544262295027114,0.7383200193665094
2003-08-26,0.33270725322108724,2.0,0.48780487804878053,0.0,0.0,0,0.0,0.4962478818697894,0.7585240426089074,0.4140421122927435,0.3278688524590164,1.3544262295027114,0.7383200193665094
2003-08-27,0.32982033776500175,3.0,0.3278688524590164,0.0,0.0,0,0.0,0.7383200193665094,0.7357683213306402,0.4140421122927435,0.3278688524590164,1.3544262295027114,0.7383200193665094
2003-08-28,0.28558030901904424,2.0,0.48780487804878053,3.114153379561468e-11,0.9999999999678585,1,1.0009359720508012e-21,0.4962478818697894,0.713695271690721,0.4140421122927435,0.3278688524590164,1.3544262295027114,0.7383200193665094
2003-08-29,0.2749494379138648,3.0,0.3278688524590164,0.0,0.0,0,0.0,0.7383200193665094,0.6922844135399994,0.4140421122927435,0.3278688524590164,1.3544262295027114,0.7383200193665094
2003-09-02,0.3183507006827165,3.0,0.3278688524590164,0.0,0.0,0,0.0,0.7383200193665094,0.6715158811337993,0.4140421122927435,0.3278688524590164,1.3544262295027114,0.7383200193665094
2003-09-03,0.2880380883938196,3.0,0.3278688524590164,7.070044549549201e-11,0.9999999999282996,1,5.069251874922759e-21,0.7383200193665094,0.6513704046997854,0.4140421122927435,0.3278688524590164,1.3544262295027114,0.7383200193665094
2003-09-04,0.28977413890457376,2.0,0.48780487804878053,0.0,0.0,0,0.0,0.4962478818697894,0.6318292925587917,0.4140421122927435,0.3278688524590164,1.3544262295027114,0.7383200193665094
2003-09-05,0.28716031004568554,3.0,0.3278688524590164,0.0,0.0,0,0.0,0.7383200193665094,0.612874413782028,0.4140421122927435,0.3278688524590164,1.3544262295027114,0.7383200193665094
2003-09-08,0.3248657666444229,3.0,0.3278688524590164,0.0,0.0,0,0.0,0.7383200193665094,0.5944881813685672,0.4140421122927435,0.3278688524590164,1.3544262295027114,0.7383200193665094
2003-09-09,0.3408608387659771,3.0,0.3278688524590164,0.0,0.0,0,0.0,0.7383200193665094,0.5766535359275101,0.4140421122927435,0.3278688524590164,1.3544262295027114,0.7383200193665094
2003-09-10,0.35014578307068417,3.0,0.3278688524590164,0.0,0.0,0,0.0,0.7383200193665094,0.5593539298496848,0.4140421122927435,0.3278688524590164,1.3544262295027114,0.7383200193665094
2003-09-11,0.3472198552435706,3.0,0.3278688524590164,5.7256532846574624e-11,0.9999999999417435,1,3.3355658199415894e-21,0.7383200193665094,0.5425733119541942,0.4140421122927435,0.3278688524590164,1.3544262295027114,0.7383200193665094
2003-09-12,0.33707663877624355,4.0,0.2469135802469136,0.0,0.0,0,0.0,0.9803921568627451,0.6883682500918041,0.4140421122927435,0.3278688524590164,1.3544262295027114,0.7383200193665094
2003-09-15,0.33430676043324276,2.0,0.48780487804878053,0.0,0.0,0,0.0,0.4962478818697894,0.66771720258905,0.4140421122927435,0.3278688524590164,1.3544262295027114,0.7383200193665094
2003-09-16,0.37454802114881175,3.0,0.3278688524590164,0.0,0.0,0,0.0,0.7383200193665094,0.6476856865113785,0.4140421122927435,0.3278688524590164,1.3544262295027114,0.7383200193665094
2003-09-17,0.4042949540577999,3.0,0.3278688524590164,1.4034107209569168e-11,0.9999999999849659,1,2.109899619222376e-22,0.7383200193665094,0.6282551159160371,0.4140421122927435,0.3278688524590164,1.3544262295027114,0.7383200193665094
2003-09-18,0.41991940865458655,2.0,0.48780487804878053,0.26578507635583465,0.9384615384480816,3,0.016356004702397238,0.4962478818697894,0.6094074624385559,0.4140421122927435,0.3278688524590164,1.3544262295027114,0.7383200193665094
2003-09-19,0.4371823828345568,3.0,0.3278688524590164,0.5521884001641276,0.7590361445697897,2,0.13305744582738793,0.7383200193665094,0.5911252385653992,0.4140421122927435,0.3278688524590164,1.3544262295027114,0.7383200193665094
2003-09-22,0.4704794415071096,4.0,0.2469135802469136,0.0,0.0,0,0.0,0.9803921568627451,0.7354636189046729,0.4140421122927435,0.3278688524590164,1.3544262295027114,0.7383200193665094
2003-09-23,0.4652127714183051,2.0,0.48780487804878053,0.0,0.0,0,0.0,0.4962478818697894,0.7133997103375327,0.4140421122927435,0.3278688524590164,1.3544262295027114,0.7383200193665094
2003-09-24,0.45551819721780196,3.0,0.3278688524590164,0.0,0.0,0,0.0,0.7383200193665094,0.6919977190274067,0.4140421122927435,0.3278688524590164,1.3544262295027114,0.7383200193665094
2003-09-25,0.45764437143883785,3.0,0.3278688524590164,0.0,0.0,0,0.0,0.7383200193665094,0.6712377874565845,0.4140421122927435,0.3278688524590164,1.3544262295027114,0.7383200193665094
2003-09-26,0.46591499409681236,3.0,0.3278688524590164,0.0,0.0,0,0.0,0.7383200193665094,0.651100653832887,0.4140421122927435,0.3278688524590164,1.3544262295027114,0.7383200193665094
2003-09-29,0.4948426672142088,3.0,0.3278688524590164,0.0,0.0,0,0.0,0.7383200193665094,0.6315676342179003,0.4140421122927435,0.3278688524590164,1.3544262295027114,0.7383200193665094
2003-09-30,0.5173528052974694,3.0,0.3278688524590164,0.0,0.0,0,0.0,0.7383200193665094,0.6126206051913633,0.4140421122927435,0.3278688524590164,1.3544262295027114,0.7383200193665094
2003-10-01,0.5546876443714388,3.0,0.3278688524590164,0.0,0.0,0,0.0,0.7383200193665094,0.5942419870356224,0.4140421122927435,0.3278688524590164,1.3544262295027114,0.7383200193665094
2003-10-02,0.5229900929110416,2.0,0.48780487804878053,0.0,0.0,0,0.0,0.4962478818697894,0.5764147274245537,0.4140421122927435,0.3278688524590164,1.3544262295027114,0.7383200193665094
2003-10-03,0.5128468764437144,2.0,0.48780487804878053,0.0,0.0,0,0.0,0.4962478818697894,0.5591222856018171,0.4140421122927435,0.3278688524590164,1.3544262295027114,0.7383200193665094
2003-10-06,0.5153826805605461,3.0,0.3278688524590164,0.0,0.0,0,0.0,0.7383200193665094,0.5423486170337626,0.4140421122927435,0.3278688524590164,1.3544262295027114,0.7383200193665094
2003-10-07,0.5155387300446589,3.0,0.3278688524590164,0.0,0.0,0,0.0,0.7383200193665094,0.5260781585227496,0.4140421122927435,0.3278688524590164,1.3544262295027114,0.7383200193665094
2003-10-08,0.4949792105128074,2.0,0.48780487804878053,0.0,0.0,0,0.0,0.4962478818697894,0.5102958137670671,0.4140421122927435,0.3278688524590164,1.3544262295027114,0.7383200193665094
2003-10-09,0.49205328268569387,3.0,0.3278688524590164,0.0,0.0,0,0.0,0.7383200193665094,0.4949869393540551,0.4140421122927435,0.3278688524590164,1.3544262295027114,0.7383200193665094
2003-10-10,0.49490118577075104,2.0,0.48780487804878053,0.0,0.0,0,0.0,0.4962478818697894,0.48013733117343343,0.4140421122927435,0.3278688524590164,1.3544262295027114,0.7383200193665094
2003-10-13,0.4885226631076434,3.0,0.3278688524590164,0.0,0.0,0,0.0,0.7383200193665094,0.4657332112382304,0.4140421122927435,0.3278688524590164,1.3544262295027114,0.7383200193665094
2003-10-14,0.4831779682767825,3.0,0.3278688524590164,0.0,0.0,0,0.0,0.7383200193665094,0.4517612149010835,0.4140421122927435,0.3278688524590164,1.3544262295027114,0.7383200193665094
2003-10-15,0.46675376007391817,3.0,0.3278688524590164,0.0,0.0,0,0.0,0.7383200193665094,0.438208378454051,0.4140421122927435,0.3278688524590164,1.3544262295027114,0.7383200193665094
2003-10-16,0.4328325034649146,3.0,0.3278688524590164,0.0,0.0,0,0.0,0.7383200193665094,0.42506212710042945,0.4140421122927435,0.3278688524590164,1.3544262295027114,0.7383200193665094
2003-10-17,0.4432878189004671,3.0,0.3278688524590164,0.0,0.0,0,0.0,0.7383200193665094,0.41231026328741655,0.4140421122927435,0.3278688524590164,1.3544262295027114,0.7383200193665094
2003-10-20,0.4261418818335815,4.0,0.2469135802469136,0.0,0.0,0,0.0,0.9803921568627451,0.5620130928850298,0.4140421122927435,0.3278688524590164,1.3544262295027114,0.7383200193665094
2003-10-21,0.41915866741953706,3.0,0.3278688524590164,0.0,0.0,0,0.0,0.7383200193665094,0.5451527000984788,0.4140421122927435,0.3278688524590164,1.3544262295027114,0.7383200193665094
2003-10-22,0.4436584364252348,3.0,0.3278688524590164,3.097018196968334e-10,0.9999999996892982,1,9.622491210703823e-20,0.7383200193665094,0.5287981190955244,0.4140421122927435,0.3278688524590164,1.3544262295027114,0.7383200193665094
2003-10-23,0.44754016734253893,3.0,0.3278688524590164,1.8542112288283305e-10,0.9999999998135789,1,3.4566409835401184e-20,0.7383200193665094,0.5129341755226586,0.4140421122927435,0.3278688524590164,1.3544262295027114,0.7383200193665094
2003-10-24,0.4144966890816693,3.0,0.3278688524590164,0.0,0.0,0,0.0,0.7383200193665094,0.49754615025697885,0.4140421122927435,0.3278688524590164,1.3544262295027114,0.7383200193665094
2003-10-27,0.4102833530106258,3.0,0.3278688524590164,0.0,0.0,0,0.0,0.7383200193665094,0.48261976574926946,0.4140421122927435,0.3278688524590164,1.3544262295027114,0.7383200193665094
2003-10-28,0.3938396386222473,3.0,0.3278688524590164,6.557898668325026e-11,0.999999999933421,1,4.3661810305104906e-21,0.7383200193665094,0.46814117277679135,0.4140421122927435,0.3278688524590164,1.3544262295027114,0.7383200193665094
2003-10-29,0.3713295005389867,3.0,0.3278688524590164,4.3385961489132084e-11,0.9999999999556141,1,1.925726656096203e-21,0.7383200193665094,0.45409693759348757,0.4140421122927435,0.3278688524590164,1.3544262295027114,0.7383200193665094
2003-10-30,0.3516867717262975,3.0,0.3278688524590164,2.1192936294521388e-11,0.9999999999778071,1,4.703330162591665e-22,0.7383200193665094,0.4404740294656829,0.4140421122927435,0.3278688524590164,1.3544262295027114,0.7383200193665094
2003-10-31,0.2985324162004004,3.0,0.3278688524590164,1.7276624575235396e-11,0.9999999999817234,1,3.157579991030863e-22,0.7383200193665094,0.4272598085817124,0.4140421122927435,0.3278688524590164,1.3544262295027114,0.7383200193665094
2003-11-03,0.29892253991068224,3.0,0.3278688524590164,1.88320470327056e-11,0.999999999980168,1,3.7347762588116165e-22,0.7383200193665094,0.41444201432426103,0.4140421122927435,0.3278688524590164,1.3544262295027114,0.7383200193665094
2003-11-04,0.327928237770135,3.0,0.3278688524590164,0.6818546087312549,0.5749999999955331,2,0.28978820871382915,0.7383200193665094,0.40200875389453317,0.4140421122927435,0.3278688524590164,1.3544262295027114,0.7383200193665094
2003-11-05,0.3410949129921462,3.0,0.3278688524590164,0.49491767851945834,0.8039215686127574,2,0.09704268206991098,0.7383200193665094,0.38994849127769715,0.4140421122927435,0.3278688524590164,1.3544262295027114,0.7383200193665094
2003-11-06,0.3317319439453827,2.5,0.3921568627450981,3.097018196968334e-10,0.9999999996892982,1,9.622491210703823e-20,0.6172839506182098,0.37825003653936623,0.4140421122927435,0.3278688524590164,1.3544262295027114,0.7383200193665094
2003-11-07,0.3136106976027925,3.0,0.3278688524590164,0.6193762897455648,0.6896551724027083,2,0.19222022785893747,0.7383200193665094,0.36690253544318524,0.4140421122927435,0.3278688524590164,1.3544262295027114,0.7383200193665094
2003-11-10,0.30379908628920493,2.0,0.48780487804878053,0.0,0.0,0,0.0,0.4962478818697894,0.3558954593798897,0.4140421122927435,0.3278688524590164,1.3544262295027114,0.7383200193665094
2003-11-11,0.30608130999435357,2.0,0.48780487804878053,3.228950440303953e-11,0.9999999999667105,1,1.074900884715445e-21,0.4962478818697894,0.345218595598493,0.4140421122927435,0.3278688524590164,1.3544262295027114,0.7383200193665094
2003-11-12,0.3148395872901802,2.0,0.48780487804878053,0.1662678656914401,0.9605263157776931,2,0.006563205226620842,0.4962478818697894,0.3348620377305382,0.4140421122927435,0.3278688524590164,1.3544262295027114,0.7383200193665094
2003-11-13,0.2946896976541246,2.0,0.48780487804878053,0.0,0.0,0,0.0,0.4962478818697894,0.32481617659862205,0.4140421122927435,0.3278688524590164,1.3544262295027114,0.7383200193665094
2003-11-14,0.28585339561624157,3.0,0.3278688524590164,0.0,0.0,0,0.0,0.7383200193665094,0.31507169130066337,0.4140421122927435,0.3278688524590164,1.3544262295027114,0.7383200193665094
2003-11-17,0.3003074790821827,2.0,0.48780487804878053,0.0,0.0,0,0.0,0.4962478818697894,0.3056195405616435,0.4140421122927435,0.3278688524590164,1.3544262295027114,0.7383200193665094
2003-11-18,0.2716528925619835,2.0,0.48780487804878053,0.0,0.0,0,0.0,0.4962478818697894,0.2964509543447942,0.4140421122927435,0.3278688524590164,1.3544262295027114,0.7383200193665094
2003-11-19,0.2978675544373258,2.0,0.48780487804878053,0.0,0.0,0,0.0,0.4962478818697894,0.28755742571445037,0.4140421122927435,0.3278688524590164,1.3544262295027114,0.7383200193665094
2003-11-20,0.32991990856434716,1.0,0.9523809523809523,5.7256532846574624e-11,0.9999999999417435,1,3.3355658199415894e-21,0.25417574437258533,0.27893070294301686,0.4140421122927435,0.3278688524590164,1.3544262295027114,0.7383200193665094
2003-11-21,0.2844659510253509,1.0,0.9523809523809523,0.6076934238825022,0.7037037036794076,2,0.18005731079476525,0.25417574437258533,0.2705627818547264,0.4140421122927435,0.3278688524590164,1.3544262295027114,0.7383200193665094
2003-11-24,0.3113834843160177,1.0,0.9523809523809523,2.724565018002017e-11,0.9999999999717544,1,7.695705012022604e-22,0.25417574437258533,0.26244589839908455,0.4140421122927435,0.3278688524590164,1.3544262295027114,0.7383200193665094
2003-11-25,0.32182747922204186,3.0,0.3278688524590164,0.0,0.0,0,0.0,0.7383200193665094,0.254572521447112,0.4140421122927435,0.3278688524590164,1.3544262295027114,0.7383200193665094
2003-11-26,0.32159315156145624,2.0,0.48780487804878053,0.0,0.0,0,0.0,0.4962478818697894,0.24693534580369864,0.4140421122927435,0.3278688524590164,1.3544262295027114,0.7383200193665094
2003-11-28,0.3198086138138306,1.0,0.9523809523809523,3.78377329461012e-11,0.9999999999611623,1,1.469530930439353e-21,0.25417574437258533,0.23952728542958768,0.4140421122927435,0.3278688524590164,1.3544262295027114,0.7383200193665094
2003-12-01,0.3315758944612699,3.0,0.3278688524590164,2.3202639806768103e-10,0.9999999997669736,1,5.4068270671806165e-20,0.7383200193665094,0.23234146686670004,0.4140421122927435,0.3278688524590164,1.3544262295027114,0.7383200193665094
2003-12-02,0.32299317283507,2.0,0.48780487804878053,0.0,0.0,0,0.0,0.4962478818697894,0.22537122286069902,0.4140421122927435,0.3278688524590164,1.3544262295027114,0.7383200193665094
2003-12-03,0.31487859966120835,2.5,0.3921568627450981,0.0,0.0,0,0.0,0.6172839506182098,0.21861008617487804,0.4140421122927435,0.3278688524590164,1.3544262295027114,0.7383200193665094
2003-12-04,0.31308403059391193,3.0,0.3278688524590164,0.11577415831006231,0.9753086419640856,2,0.0028586211941403804,0.7383200193665094,0.2120517835896317,0.4140421122927435,0.3278688524590164,1.3544262295027114,0.7383200193665094
2003-12-05,0.2822642574816488,2.0,0.48780487804878053,9.022671498776459e-12,0.9999999999899774,1,9.04310728770445e-23,0.4962478818697894,0.20569023008194273,0.4140421122927435,0.3278688524590164,1.3544262295027114,0.7383200193665094
2003-12-08,0.2882136440634464,3.0,0.3278688524590164,1.3340217819188634e-11,0.9999999999856598,1,1.9130133417538662e-22,0.7383200193665094,0.19951952317948443,0.4140421122927435,0.3278688524590164,1.3544262295027114,0.7383200193665094
2003-12-09,0.27167239874749755,2.0,0.48780487804878053,1.1945999744883386e-11,0.999999999987054,1,1.5465264538456947e-22,0.4962478818697894,0.1935339374840999,0.4140421122927435,0.3278688524590164,1.3544262295027114,0.7383200193665094
2003-12-10,0.2671664698937426,2.0,0.48780487804878053,0.6846901879840344,0.5649350649316457,2,0.2978846921772132,0.4962478818697894,0.1877279193595769,0.4140421122927435,0.3278688524590164,1.3544262295027114,0.7383200193665094
2003-12-11,0.2837272213952056,3.0,0.3278688524590164,1.9713453091937644e-11,0.9999999999792866,1,4.083332498086907e-22,0.7383200193665094,0.18209608177878958,0.4140421122927435,0.3278688524590164,1.3544262295027114,0.7383200193665094
2003-12-12,0.29232944920691956,2.0,0.48780487804878053,7.2487571500465886e-12,0.9999999999917513,1,5.979307701566421e-23,0.4962478818697894,0.1766331993254259,0.4140421122927435,0.3278688524590164,1.3544262295027114,0.7383200193665094
2003-12-15,0.29270006673168736,3.0,0.3278688524590164,4.387934460211992e-12,0.9999999999946121,1,2.364180621873135e-23,0.7383200193665094,0.17133420334566313,0.4140421122927435,0.3278688524590164,1.3544262295027114,0.7383200193665094
2003-12-16,0.3045403213387403,2.0,0.48780487804878053,6.339484492885673e-12,0.9999999999926605,1,4.6528407888289496e-23,0.4962478818697894,0.16619417724529323,0.4140421122927435,0.3278688524590164,1.3544262295027114,0.7383200193665094
2003-12-17,0.3002294543401263,3.0,0.3278688524590164,5.382971845896038e-11,0.9999999999451703,1,2.9514671171048215e-21,0.7383200193665094,0.16120835192793442,0.4140421122927435,0.3278688524590164,1.3544262295027114,0.7383200193665094
2003-12-18,0.26757609978953856,3.0,0.3278688524590164,2.489175532327363e-11,0.9999999999741083,1,6.444906877568812e-22,0.7383200193665094,0.15637210137009638,0.4140421122927435,0.3278688524590164,1.3544262295027114,0.7383200193665094
2003-12-19,0.26619116061803805,3.0,0.3278688524590164,1.88320470327056e-11,0.999999999980168,1,3.7347762588116165e-22,0.7383200193665094,0.1516809383289935,0.4140421122927435,0.3278688524590164,1.3544262295027114,0.7383200193665094
2003-12-22,0.25121041014321643,2.0,0.48780487804878053,3.007016857688526e-11,0.9999999999689299,1,9.342845416298289e-22,0.4962478818697894,0.14713051017912368,0.4140421122927435,0.3278688524590164,1.3544262295027114,0.7383200193665094
2003-12-23,0.18081258662286334,3.0,0.3278688524590164,7.667544376897341e-11,0.9999999999223246,1,5.9557974249765414e-21,0.7383200193665094,0.14271659487374996,0.4140421122927435,0.3278688524590164,1.3544262295027114,0.7383200193665094
2003-12-24,0.20016272265284127,3.0,0.3278688524590164,2.4191981750870266e-11,0.999999999974808,1,6.094434276247253e-22,0.7383200193665094,0.13843509702753745,0.4140421122927435,0.3278688524590164,1.3544262295027114,0.7383200193665094
2003-12-26,0.17470715055695296,2.5,0.3921568627450981,0.6330395116674659,0.789473684197617,3,0.13327147614869125,0.6172839506182098,0.13428204411671132,0.4140421122927435,0.3278688524590164,1.3544262295027114,0.7383200193665094
2003-12-29,0.2346886710127817,2.0,0.48780487804878053,1.88320470327056e-11,0.999999999980168,1,3.7347762588116165e-22,0.4962478818697894,0.13025358279320998,0.4140421122927435,0.3278688524590164,1.3544262295027114,0.7383200193665094
2003-12-30,0.24102818130486114,3.0,0.3278688524590164,1.9263146633158905e-11,0.9999999999797369,1,3.9033153871374674e-22,0.7383200193665094,0.12634597530941366,0.4140421122927435,0.3278688524590164,1.3544262295027114,0.7383200193665094
