date,mean_corr,curv,eta,entropy,dominance,h1_count,v_raw,Oh,Xi,phi,DEF,regime,phi_c,Oh_pre,Xi_c,sps
2015-02-04,0.12838376609147714,0.5,1.8181818181818181,0.0,0.0,0,0.0,0.11995899583462528,0.0,1e-06,1.0,Nagare,0.07842898167388188,0.8833344238700582,2.0,0
2015-02-05,0.12877706337156097,1.0,0.9523809523809523,0.0,0.0,0,0.0,0.2290126284114429,0.0,1e-06,0.34332396991771974,Nagare,0.07842898167388188,0.8833344238700582,2.0,0
2015-02-06,0.182599587188147,2.0,0.48780487804878053,0.0,0.0,0,0.0,0.44711989356475085,0.0,1e-06,0.029859267178358517,Nagare,0.07842898167388188,0.8833344238700582,2.0,0
2015-02-09,0.18859642704412538,1.0,0.9523809523809523,0.0,0.0,0,0.0,0.2290126284114429,0.0,1e-06,0.10838232869723363,Nagare,0.07842898167388188,0.8833344238700582,2.0,0
2015-02-10,0.1970014833371884,2.0,0.48780487804878053,0.0,0.0,0,0.0,0.44711989356475085,0.0,1e-06,0.029859267178358517,Nagare,0.07842898167388188,0.8833344238700582,2.0,0
2015-02-11,0.21223767960774495,2.0,0.48780487804878053,0.4768140059763125,0.8163964181207158,2,0.08754475938746138,0.44711989356475085,1.0,1e-06,0.2771637761182586,Nagare,0.07842898167388188,0.8833344238700582,2.0,0
2015-02-12,0.23554166799272108,1.0,0.9523809523809523,4.9412918200326534e-11,0.9999999999495871,1,2.491048310236507e-21,0.2290126284114429,0.5,1e-06,0.16309922848548553,Nagare,0.07842898167388188,0.8833344238700582,2.0,0
2015-02-13,0.24329873126447715,2.0,0.48780487804878053,0.0,0.0,0,0.0,0.44711989356475085,0.0,1e-06,0.31295014282760736,Nagare,0.07842898167388188,0.8833344238700582,2.0,0
2015-02-17,0.2689165557129295,2.0,0.48780487804878053,2.0539137055665823e-10,0.9999999997936087,1,4.2391001930463204e-20,0.44711989356475085,0.5,1e-06,0.5592486689971765,Nagare,0.07842898167388188,0.8833344238700582,2.0,0
2015-02-18,0.2862975636031582,1.0,0.9523809523809523,0.0,0.0,0,0.0,0.2290126284114429,0.0,1e-06,0.36855986662960827,Nagare,0.07842898167388188,0.8833344238700582,2.0,0
2015-02-19,0.3040717812573529,2.0,0.48780487804878053,0.0,0.0,0,0.0,0.44711989356475085,0.0,1e-06,0.029859267178358517,Nagare,0.07842898167388188,0.8833344238700582,2.0,0
2015-02-20,0.3049539279822025,2.0,0.48780487804878053,0.0,0.0,0,0.0,0.44711989356475085,0.0,1e-06,1.0,Nagare,0.07842898167388188,0.8833344238700582,2.0,0
2015-02-23,0.30186657605558154,2.0,0.48780487804878053,0.0,0.0,0,0.0,0.44711989356475085,0.0,1e-06,1.0,Nagare,0.07842898167388188,0.8833344238700582,2.0,0
2015-02-24,0.33580529652994195,2.0,0.48780487804878053,0.0,0.0,0,0.0,0.44711989356475085,0.0,1e-06,1.0,Nagare,0.07842898167388188,0.8833344238700582,2.0,0
2015-02-25,0.3386893981906713,2.0,0.48780487804878053,0.0,0.0,0,0.0,0.44711989356475085,0.0,1e-06,1.0,Nagare,0.07842898167388188,0.8833344238700582,2.0,0
2015-02-26,0.33726519856954645,2.0,0.48780487804878053,0.0,0.0,0,0.0,0.44711989356475085,0.0,1e-06,1.0,Nagare,0.07842898167388188,0.8833344238700582,2.0,0
2015-02-27,0.3517127799736496,1.5,0.6451612903225806,0.0,0.0,0,0.0,0.33806626098815146,0.0,1e-06,0.03236303777811034,Nagare,0.07842898167388188,0.8833344238700582,2.0,0
2015-03-02,0.3407221281134325,2.0,0.48780487804878053,0.0,0.0,0,0.0,0.44711989356475085,0.0,1e-06,0.018635431909863165,Nagare,0.07842898167388188,0.8833344238700582,2.0,0
2015-03-03,0.3534770060857017,2.0,0.48780487804878053,0.0,0.0,0,0.0,0.44711989356475085,0.0,1e-06,1.0,Nagare,0.07842898167388188,0.8833344238700582,2.0,0
2015-03-04,0.38528075788945354,2.0,0.48780487804878053,0.0,0.0,0,0.0,0.44711989356475085,0.0,1e-06,1.0,Nagare,0.07842898167388188,0.8833344238700582,2.0,0
2015-03-05,0.3869257795344752,2.0,0.48780487804878053,0.0,0.0,0,0.0,0.44711989356475085,0.0,1e-06,1.0,Nagare,0.07842898167388188,0.8833344238700582,2.0,0
2015-03-06,0.46355041094171545,2.0,0.48780487804878053,9.374945264486428e-12,0.9999999999896251,1,9.726433658718749e-23,0.44711989356475085,0.5,1e-06,0.5592486689971765,Nagare,0.07842898167388188,0.8833344238700582,2.0,0
2015-03-09,0.47270531400966187,2.0,0.48780487804878053,0.22079895181298784,0.9422257158824429,2,0.012756501374902368,0.44711989356475085,1.0,1e-06,0.29981117163301585,Nagare,0.07842898167388188,0.8833344238700582,2.0,0
2015-03-10,0.45844845975280746,2.0,0.48780487804878053,0.08305847041359997,0.9837508019854575,2,0.0013496335325356055,0.44711989356475085,1.0,1e-06,0.9960369331708145,Nagare,0.07842898167388188,0.8833344238700582,2.0,0
2015-03-11,0.39667670493757456,2.0,0.48780487804878053,3.45026229802512e-11,0.9999999999644974,1,1.2249328522619671e-21,0.44711989356475085,0.5,1e-06,0.5592768675154086,Nagare,0.07842898167388188,0.8833344238700582,2.0,0
2015-03-12,0.4118395131438609,1.0,0.9523809523809523,0.0,0.0,0,0.0,0.2290126284114429,0.0,1e-06,0.36855986662960827,Nagare,0.07842898167388188,0.8833344238700582,2.0,0
2015-03-13,0.44595583160800556,1.0,0.9523809523809523,0.0,0.0,0,0.0,0.2290126284114429,0.0,1e-06,1.0,Nagare,0.07842898167388188,0.8833344238700582,2.0,0
2015-03-16,0.45964050442311316,1.0,0.9523809523809523,0.0,0.0,0,0.0,0.2290126284114429,0.0,1e-06,1.0,Nagare,0.07842898167388188,0.8833344238700582,2.0,0
2015-03-17,0.42356923269966745,2.0,0.48780487804878053,0.0,0.0,0,0.0,0.44711989356475085,0.0,1e-06,0.029859267178358517,Nagare,0.07842898167388188,0.8833344238700582,2.0,0
2015-03-18,0.49056214317083885,2.0,0.48780487804878053,0.0,0.0,0,0.0,0.44711989356475085,0.0,1e-06,1.0,Nagare,0.07842898167388188,0.8833344238700582,2.0,0
2015-03-19,0.5333327059414017,2.0,0.48780487804878053,0.0,0.0,0,0.0,0.44711989356475085,0.0,1e-06,1.0,Nagare,0.07842898167388188,0.8833344238700582,2.0,0
2015-03-20,0.5685695463956333,2.0,0.48780487804878053,0.0,0.0,0,0.0,0.44711989356475085,0.0,1e-06,1.0,Nagare,0.07842898167388188,0.8833344238700582,2.0,0
2015-03-23,0.5662808206286468,2.0,0.48780487804878053,0.0,0.0,0,0.0,0.44711989356475085,0.0,1e-06,1.0,Nagare,0.07842898167388188,0.8833344238700582,2.0,0
2015-03-24,0.5575073718551979,0.5,1.8181818181818181,0.0,0.0,0,0.0,0.11995899583462528,0.0,1e-06,0.6018731973782085,Nagare,0.07842898167388188,0.8833344238700582,2.0,0
2015-03-25,0.5566967814793902,2.0,0.48780487804878053,0.0,0.0,0,0.0,0.44711989356475085,0.0,1e-06,0.07325735115078658,Nagare,0.07842898167388188,0.8833344238700582,2.0,0
2015-03-26,0.5452054708576448,2.0,0.48780487804878053,3.652222968427308e-11,0.9999999999624778,1,1.3703946828862192e-21,0.44711989356475085,0.5,1e-06,0.5592486689971765,Nagare,0.07842898167388188,0.8833344238700582,2.0,0
2015-03-27,0.5375525440742831,1.0,0.9523809523809523,0.0,0.0,0,0.0,0.2290126284114429,0.0,1e-06,0.36855986662960827,Nagare,0.07842898167388188,0.8833344238700582,2.0,0
2015-03-30,0.5235340987514902,2.5,0.3921568627450981,0.0,0.0,0,0.0,0.5561735261412413,0.0,1e-06,0.016932795847592663,Utsuroi,0.07842898167388188,0.8833344238700582,2.0,0
2015-03-31,0.512328878850618,2.0,0.48780487804878053,2.59986587779842e-10,0.9999999997390134,1,6.785300667068903e-20,0.44711989356475085,0.5,1e-06,0.9996008731171674,Nagare,0.07842898167388188,0.8833344238700582,2.0,0
2015-04-01,0.5352399774138905,3.0,0.3278688524590164,4.350375615203958e-11,0.9999999999554963,1,1.9360795931533028e-21,0.6652271587176226,0.5,1e-06,0.05481094565525624,Utsuroi,0.07842898167388188,0.8833344238700582,2.0,0
2015-04-02,0.5183606248823641,3.0,0.3278688524590164,3.963940287039131e-11,0.9999999999593606,1,1.6109207859325156e-21,0.6652271587176226,0.5,1e-06,1.0,Utsuroi,0.07842898167388188,0.8833344238700582,2.0,0
2015-04-06,0.5185990338164251,2.0,0.48780487804878053,2.6738167235478217e-11,0.9999999999722619,1,7.416671628638998e-22,0.44711989356475085,0.5,1e-06,0.11108005304194601,Nagare,0.07842898167388188,0.8833344238700582,2.0,0
2015-04-07,0.5122573561703997,2.0,0.48780487804878053,0.0,0.0,0,0.0,0.44711989356475085,0.0,1e-06,1.0,Nagare,0.07842898167388188,0.8833344238700582,2.0,0
2015-04-08,0.4441439237091411,2.0,0.48780487804878053,0.0,0.0,0,0.0,0.44711989356475085,0.0,1e-06,1.0,Nagare,0.07842898167388188,0.8833344238700582,2.0,0
2015-04-09,0.44557437731350774,2.0,0.48780487804878053,0.0,0.0,0,0.0,0.44711989356475085,0.0,1e-06,1.0,Nagare,0.07842898167388188,0.8833344238700582,2.0,0
2015-04-10,0.44016249451032063,2.0,0.48780487804878053,0.0,0.0,0,0.0,0.44711989356475085,0.0,1e-06,1.0,Nagare,0.07842898167388188,0.8833344238700582,2.0,0
2015-04-13,0.46436100131752317,2.0,0.48780487804878053,0.0,0.0,0,0.0,0.44711989356475085,0.0,1e-06,1.0,Nagare,0.07842898167388188,0.8833344238700582,2.0,0
2015-04-14,0.46285902503293813,2.0,0.48780487804878053,0.0,0.0,0,0.0,0.44711989356475085,0.0,1e-06,1.0,Nagare,0.07842898167388188,0.8833344238700582,2.0,0
2015-04-15,0.454443189660581,1.0,0.9523809523809523,0.0,0.0,0,0.0,0.2290126284114429,0.0,1e-06,0.10838232869723363,Nagare,0.07842898167388188,0.8833344238700582,2.0,0
2015-04-16,0.42788443440617363,2.0,0.48780487804878053,1.9227286427800643e-10,0.9999999998067272,1,3.716112295213122e-20,0.44711989356475085,0.5,1e-06,0.07210654693871943,Nagare,0.07842898167388188,0.8833344238700582,2.0,0
2015-04-17,0.42330698287220025,2.0,0.48780487804878053,1.0902188482778004,0.3683330153099998,3,0.6886552525438431,0.44711989356475085,1.5,1e-06,0.05579583096309981,Nagare,0.07842898167388188,0.8833344238700582,2.0,0
2015-04-20,0.3310904071773637,1.0,0.9523809523809523,0.9622843665334404,0.5540082227837716,3,0.42917091481764164,0.2290126284114429,1.5,1e-06,0.23609349287549897,Nagare,0.07842898167388188,0.8833344238700582,2.0,0
2015-04-21,0.29110922893531593,2.0,0.48780487804878053,0.4143631821043089,0.8547597541957461,2,0.060182210421062636,0.44711989356475085,1.0,1e-06,0.839941285451741,Nagare,0.07842898167388188,0.8833344238700582,2.0,0
2015-04-22,0.21784616349833744,1.0,0.9523809523809523,0.23078869496181226,0.938605033373586,2,0.014169264224934098,0.2290126284114429,1.0,1e-06,0.5833401074108343,Nagare,0.07842898167388188,0.8833344238700582,2.0,0
2015-04-23,0.22211368341803125,1.0,0.9523809523809523,9.209299989214059e-12,0.9999999999897907,1,9.402030255547058e-23,0.2290126284114429,0.5,1e-06,0.3289969707386884,Nagare,0.07842898167388188,0.8833344238700582,2.0,0
2015-04-24,0.2215653428696907,1.0,0.9523809523809523,6.544764730137336e-12,0.9999999999924553,1,4.9378565321716353e-23,0.2290126284114429,0.5,1e-06,1.0,Nagare,0.07842898167388188,0.8833344238700582,2.0,0
2015-04-27,0.20728464771943042,2.0,0.48780487804878053,0.3146894272357452,0.9046742792887806,2,0.02999799645144824,0.44711989356475085,1.0,1e-06,0.018680141731178268,Nagare,0.07842898167388188,0.8833344238700582,2.0,0
2015-04-28,0.16975908149821198,1.0,0.9523809523809523,0.594625562127436,0.7182211211230389,2,0.16755292424785168,0.2290126284114429,1.0,1e-06,0.842661838367949,Nagare,0.07842898167388188,0.8833344238700582,2.0,0
2015-04-29,0.17889014367275233,1.0,0.9523809523809523,0.5509534191747357,0.7601097233881923,2,0.1321683681260486,0.2290126284114429,1.0,1e-06,0.5626936753296004,Nagare,0.07842898167388188,0.8833344238700582,2.0,0
2015-04-30,0.2072369659326181,2.0,0.48780487804878053,2.449362934665328e-11,0.9999999999745064,1,6.244309660846221e-22,0.44711989356475085,0.5,1e-06,0.7593307454831626,Nagare,0.07842898167388188,0.8833344238700582,2.0,0
2015-05-01,0.17297760210803687,2.0,0.48780487804878053,1.4821366356318722e-11,0.9999999999841787,1,2.3449393915226446e-22,0.44711989356475085,0.5,1e-06,1.0,Nagare,0.07842898167388188,0.8833344238700582,2.0,0
2015-05-04,0.1702358993663342,1.0,0.9523809523809523,2.4136470599640407e-11,0.9999999999748636,1,6.06705149674312e-22,0.2290126284114429,0.5,1e-06,0.34273545095815405,Nagare,0.07842898167388188,0.8833344238700582,2.0,0
2015-05-05,0.1790808708200013,2.0,0.48780487804878053,0.0,0.0,0,0.0,0.44711989356475085,0.0,1e-06,0.31295014282760736,Nagare,0.07842898167388188,0.8833344238700582,2.0,0
2015-05-06,0.1377884434406174,1.0,0.9523809523809523,1.2872813925828038e-11,0.9999999999861272,1,1.7858186752726573e-22,0.2290126284114429,0.5,1e-06,0.9884041275028336,Nagare,0.07842898167388188,0.8833344238700582,2.0,0
2015-05-07,0.1391712152581718,1.0,0.9523809523809523,4.70512517834564e-12,0.9999999999942949,1,2.6843224036859614e-23,0.2290126284114429,0.5,1e-06,1.0,Nagare,0.07842898167388188,0.8833344238700582,2.0,0
2015-05-08,0.18423050379572115,1.0,0.9523809523809523,5.42532685441561e-12,0.9999999999935747,1,3.4859378314205825e-23,0.2290126284114429,0.5,1e-06,1.0,Nagare,0.07842898167388188,0.8833344238700582,2.0,0
2015-05-11,0.19307547524938826,0.0,20.0,0.5095922538503007,0.7932696726854962,2,0.10534817343540838,0.010905363257698664,1.0,1e-06,0.01987977450712486,Nagare,0.07842898167388188,0.8833344238700582,2.0,0
2015-05-12,0.19770060857017377,1.0,0.9523809523809523,1.006886066652618,0.5367677797898,3,0.4664220681542077,0.2290126284114429,1.5,1e-06,0.6346404646724473,Nagare,0.07842898167388188,0.8833344238700582,2.0,0
2015-05-13,0.17483719179371351,2.0,0.48780487804878053,0.775144081263257,0.5517755845051808,3,0.347438502748492,0.44711989356475085,1.5,1e-06,0.8597814990101045,Nagare,0.07842898167388188,0.8833344238700582,2.0,0
2015-05-14,0.2000608570173788,1.5,0.6451612903225806,0.6429409357429372,0.6570990500680425,2,0.22046505761639482,0.33806626098815146,1.0,1e-06,0.025037696184076585,Nagare,0.07842898167388188,0.8833344238700582,2.0,0
2015-05-15,0.1807974151452412,0.0,20.0,0.6758638646626676,0.5926917284477295,2,0.27528494252038876,0.010905363257698664,1.0,1e-06,0.08916609185735713,Nagare,0.07842898167388188,0.8833344238700582,2.0,0
2015-05-18,0.20761842022711585,1.0,0.9523809523809523,0.3636802602376487,0.8816222508375159,2,0.04305165062175932,0.2290126284114429,1.0,1e-06,0.8840587290025808,Nagare,0.07842898167388188,0.8833344238700582,2.0,0
2015-05-19,0.23284208545078117,2.0,0.48780487804878053,8.632983217136858e-12,0.999999999990367,1,8.316119146846119e-23,0.44711989356475085,0.5,1e-06,0.7039189471203209,Nagare,0.07842898167388188,0.8833344238700582,2.0,0
2015-05-20,0.2287414517849301,0.0,20.0,1.02331476625124e-11,0.9999999999887669,1,1.1495023237110737e-22,0.010905363257698664,0.5,1e-06,0.05187107890117115,Nagare,0.07842898167388188,0.8833344238700582,2.0,0
2015-05-21,0.2338195620804317,2.0,0.48780487804878053,1.4736101228028854e-11,0.9999999999842639,1,2.318884546446524e-22,0.44711989356475085,0.5,1e-06,0.8209882870280995,Nagare,0.07842898167388188,0.8833344238700582,2.0,0
2015-05-22,0.25363134450090974,2.0,0.48780487804878053,1.4786394331043582e-11,0.9999999999842136,1,2.334235245455194e-22,0.44711989356475085,0.5,1e-06,1.0,Nagare,0.07842898167388188,0.8833344238700582,2.0,0
2015-05-26,0.28810527636614597,3.0,0.3278688524590164,2.6920798923023973e-11,0.9999999999720792,1,7.516496180530133e-22,0.6652271587176226,0.5,1e-06,0.05481094565525624,Utsuroi,0.07842898167388188,0.8833344238700582,2.0,0
2015-05-27,0.29191981931112365,2.5,0.3921568627450981,0.0,0.0,0,0.0,0.5561735261412413,0.0,1e-06,0.5581838820513325,Utsuroi,0.07842898167388188,0.8833344238700582,2.0,0
2015-05-28,0.29258736432649485,2.5,0.3921568627450981,0.0,0.0,0,0.0,0.5561735261412413,0.0,1e-06,1.0,Utsuroi,0.07842898167388188,0.8833344238700582,2.0,0
2015-05-29,0.30016876842963797,3.0,0.3278688524590164,0.0,0.0,0,0.0,0.6652271587176226,0.0,1e-06,0.003427477641214316,Utsuroi,0.07842898167388188,0.8833344238700582,2.0,0
2015-06-01,0.3124468285337851,1.5,0.6451612903225806,0.5243839919862393,0.7819850907634815,2,0.11432352841796319,0.33806626098815146,1.0,1e-06,0.6314539424667841,Nagare,0.07842898167388188,0.8833344238700582,2.0,0
2015-06-02,0.3132812598029989,2.0,0.48780487804878053,7.734923812525816e-12,0.9999999999912651,1,6.756379908857619e-23,0.44711989356475085,0.5,1e-06,0.9986086610804314,Nagare,0.07842898167388188,0.8833344238700582,2.0,0
2015-06-03,0.3125898738942217,2.0,0.48780487804878053,0.6837003768781023,0.5686185785101844,2,0.2949356404507984,0.44711989356475085,1.0,1e-06,0.19449023515844743,Nagare,0.07842898167388188,0.8833344238700582,2.0,0
2015-06-04,0.32019511889077107,1.0,0.9523809523809523,9.659828492602246e-12,0.9999999999893402,1,1.0297190130761409e-22,0.2290126284114429,0.5,1e-06,0.5314271345198068,Nagare,0.07842898167388188,0.8833344238700582,2.0,0
2015-06-05,0.36165443252399765,1.0,0.9523809523809523,1.504452118426482e-11,0.9999999999839555,1,2.413818060392997e-22,0.2290126284114429,0.5,1e-06,1.0,Nagare,0.07842898167388188,0.8833344238700582,2.0,0
2015-06-08,0.3732411067193676,1.0,0.9523809523809523,1.2985168495918539e-11,0.9999999999860149,1,1.81599482110314e-22,0.2290126284114429,0.5,1e-06,1.0,Nagare,0.07842898167388188,0.8833344238700582,2.0,0
2015-06-09,0.3821814417466591,1.0,0.9523809523809523,1.0870859767849725e-11,0.9999999999881292,1,1.2904621137874673e-22,0.2290126284114429,0.5,1e-06,1.0,Nagare,0.07842898167388188,0.8833344238700582,2.0,0
2015-06-10,0.37562519605997857,1.0,0.9523809523809523,7.892020370508891e-12,0.999999999991108,1,7.017583131427842e-23,0.2290126284114429,0.5,1e-06,1.0,Nagare,0.07842898167388188,0.8833344238700582,2.0,0
2015-06-11,0.370952380952381,0.0,20.0,1.2557366399388388,0.3904676135902224,4,0.7654121508441161,0.010905363257698664,2.0,1e-06,0.00956393670823985,Nagare,0.07842898167388188,0.8833344238700582,2.0,0
2015-06-12,0.38315891837630967,1.0,0.9523809523809523,0.6903361680847646,0.5374725069792046,2,0.31929945716582864,0.2290126284114429,1.0,1e-06,0.45528116658271145,Nagare,0.07842898167388188,0.8833344238700582,2.0,0
2015-06-15,0.36771001944915,0.0,20.0,0.0,0.0,0,0.0,0.010905363257698664,0.0,1e-06,0.11609012626466664,Nagare,0.07842898167388188,0.8833344238700582,2.0,0
2015-06-16,0.319860437325328,0.0,20.0,0.0,0.0,0,0.0,0.010905363257698664,0.0,1e-06,1.0,Nagare,0.07842898167388188,0.8833344238700582,2.0,0
2015-06-17,0.31122882183467176,1.0,0.9523809523809523,1.0667688953833614e-10,0.9999999998923231,1,1.1486633291854782e-20,0.2290126284114429,0.5,1e-06,0.9838600503681842,Nagare,0.07842898167388188,0.8833344238700582,2.0,0
2015-06-18,0.3423433088650481,2.0,0.48780487804878053,0.0,0.0,0,0.0,0.44711989356475085,0.0,1e-06,0.31295014282760736,Nagare,0.07842898167388188,0.8833344238700582,2.0,0
2015-06-19,0.3395062425497208,2.0,0.48780487804878053,1.8978707494255666e-11,0.9999999999800213,1,3.791696258088945e-22,0.44711989356475085,0.5,1e-06,0.5592486689971765,Nagare,0.07842898167388188,0.8833344238700582,2.0,0
2015-06-22,0.32055273229186276,2.0,0.48780487804878053,0.5867766687988715,0.7264307494882379,2,0.16052405350109572,0.44711989356475085,1.0,1e-06,0.27972716070361137,Nagare,0.07842898167388188,0.8833344238700582,2.0,0
2015-06-23,0.3014800175669741,2.0,0.48780487804878053,1.3787815332934528e-10,0.9999999998611219,1,1.914826027006744e-20,0.44711989356475085,0.5,1e-06,0.7370842812926388,Nagare,0.07842898167388188,0.8833344238700582,2.0,0
2015-06-24,0.30305351653177737,2.0,0.48780487804878053,0.0,0.0,0,0.0,0.44711989356475085,0.0,1e-06,1.0,Nagare,0.07842898167388188,0.8833344238700582,2.0,0
2015-06-25,0.2632630654369785,2.0,0.48780487804878053,1.9895529667972383e-11,0.9999999999791045,1,4.1572719031813613e-22,0.44711989356475085,0.5,1e-06,0.5592486689971765,Nagare,0.07842898167388188,0.8833344238700582,2.0,0
2015-06-26,0.2495307108350587,2.0,0.48780487804878053,1.511901714921597e-11,0.999999999983881,1,2.4370336225079326e-22,0.44711989356475085,0.5,1e-06,1.0,Nagare,0.07842898167388188,0.8833344238700582,2.0,0
2015-06-29,0.2409241483154527,2.0,0.48780487804878053,0.0,0.0,0,0.0,0.44711989356475085,0.0,1e-06,1.0,Nagare,0.07842898167388188,0.8833344238700582,2.0,0
2015-06-30,0.23367651671999504,2.5,0.3921568627450981,0.0,0.0,0,0.0,0.5561735261412413,0.0,1e-06,0.007308946059353949,Utsuroi,0.07842898167388188,0.8833344238700582,2.0,0
2015-07-01,0.2236395005960224,2.5,0.3921568627450981,8.121570082781501e-11,0.9999999999177843,1,6.677203965424409e-21,0.5561735261412413,0.5,1e-06,0.6321890294176279,Utsuroi,0.07842898167388188,0.8833344238700582,2.0,0
2015-07-02,0.2158912102390364,3.0,0.3278688524590164,2.658373521275713e-11,0.9999999999724163,1,7.332781250068903e-22,0.6652271587176226,0.5,1e-06,0.05389164330823626,Utsuroi,0.07842898167388188,0.8833344238700582,2.0,0
2015-07-06,0.22423552293117513,3.0,0.3278688524590164,0.0,0.0,0,0.0,0.6652271587176226,0.0,1e-06,1.0,Utsuroi,0.07842898167388188,0.8833344238700582,2.0,0
2015-07-07,0.19834431269213879,3.0,0.3278688524590164,1.2479428600817174e-10,0.9999999998742057,1,1.5698405346620594e-20,0.6652271587176226,0.5,1e-06,0.6858165003549627,Utsuroi,0.07842898167388188,0.8833344238700582,2.0,0
2015-07-08,0.15571679528201268,3.0,0.3278688524590164,0.6480099813812141,0.6490870148942011,2,0.22739511694483505,0.6652271587176226,1.0,1e-06,0.3608230214373016,Utsuroi,0.07842898167388188,0.8833344238700582,2.0,0
2015-07-09,0.15724261246000376,1.5,0.6451612903225806,0.0,0.0,0,0.0,0.33806626098815146,0.0,1e-06,0.5368888632294524,Nagare,0.07842898167388188,0.8833344238700582,2.0,0
2015-07-10,0.19636551853943165,1.5,0.6451612903225806,1.216711176179867e-10,0.9999999998773289,1,1.4925529289368937e-20,0.33806626098815146,0.5,1e-06,0.458072734358275,Nagare,0.07842898167388188,0.8833344238700582,2.0,0
2015-07-13,0.14949432210301777,3.0,0.3278688524590164,1.0405565297747496e-10,0.9999999998949444,1,1.0931632268230299e-20,0.6652271587176226,0.5,1e-06,0.056567972483935414,Utsuroi,0.07842898167388188,0.8833344238700582,2.0,0
2015-07-14,0.15457243239851937,3.0,0.3278688524590164,1.6422307957801586e-11,0.9999999999825777,1,2.8611414333145865e-22,0.6652271587176226,0.5,1e-06,1.0,Utsuroi,0.07842898167388188,0.8833344238700582,2.0,0
2015-07-15,0.15552606813476377,3.0,0.3278688524590164,1.5217826998406013e-11,0.9999999999837822,1,2.467997489093049e-22,0.6652271587176226,0.5,1e-06,1.0,Utsuroi,0.07842898167388188,0.8833344238700582,2.0,0
2015-07-16,0.16086642825773262,3.0,0.3278688524590164,1.5931589380925693e-11,0.9999999999830684,1,2.697467771514643e-22,0.6652271587176226,0.5,1e-06,1.0,Utsuroi,0.07842898167388188,0.8833344238700582,2.0,0
2015-07-17,0.16527699353786313,3.0,0.3278688524590164,8.56310577963765e-11,0.999999999913369,1,7.418307223137741e-21,0.6652271587176226,0.5,1e-06,1.0,Utsuroi,0.07842898167388188,0.8833344238700582,2.0,0
2015-07-20,0.16661208356860538,3.0,0.3278688524590164,0.0,0.0,0,0.0,0.6652271587176226,0.0,1e-06,1.0,Utsuroi,0.07842898167388188,0.8833344238700582,2.0,0
2015-07-21,0.11847731978166764,2.0,0.48780487804878053,9.99113014492785e-11,0.9999999998990887,1,1.0082177249036684e-20,0.44711989356475085,0.5,1e-06,0.6870798185245905,Nagare,0.07842898167388188,0.8833344238700582,2.0,0
2015-07-22,0.12479515653428697,2.0,0.48780487804878053,2.2809865107548275e-11,0.9999999999761902,1,5.430993067450988e-22,0.44711989356475085,0.5,1e-06,1.0,Nagare,0.07842898167388188,0.8833344238700582,2.0,0
2015-07-23,0.12551038333647033,2.0,0.48780487804878053,3.195188558126221e-11,0.9999999999670481,1,1.0528741709659947e-21,0.44711989356475085,0.5,1e-06,1.0,Nagare,0.07842898167388188,0.8833344238700582,2.0,0
2015-07-24,0.12801367714411194,2.0,0.48780487804878053,1.2924694647016336e-10,0.9999999998697531,1,1.6834017260262886e-20,0.44711989356475085,0.5,1e-06,1.0,Nagare,0.07842898167388188,0.8833344238700582,2.0,0
2015-07-27,0.12734613212874082,2.0,0.48780487804878053,0.0,0.0,0,0.0,0.44711989356475085,0.0,1e-06,1.0,Nagare,0.07842898167388188,0.8833344238700582,2.0,0
2015-07-28,0.14715791454921887,2.0,0.48780487804878053,0.0,0.0,0,0.0,0.44711989356475085,0.0,1e-06,1.0,Nagare,0.07842898167388188,0.8833344238700582,2.0,0
2015-07-29,0.15335654683480773,2.0,0.48780487804878053,5.652023293668584e-11,0.9999999999424798,1,3.251055713922611e-21,0.44711989356475085,0.5,1e-06,0.5592486689971765,Nagare,0.07842898167388188,0.8833344238700582,2.0,0
2015-07-30,0.16296442687747037,2.0,0.48780487804878053,0.0,0.0,0,0.0,0.44711989356475085,0.0,1e-06,1.0,Nagare,0.07842898167388188,0.8833344238700582,2.0,0
2015-07-31,0.18141727837380017,1.0,0.9523809523809523,9.920364529345359e-11,0.9999999998997964,1,9.940564690745525e-21,0.2290126284114429,0.5,1e-06,0.9884041275028336,Nagare,0.07842898167388188,0.8833344238700582,2.0,0
2015-08-03,0.1817033690946734,1.0,0.9523809523809523,0.0,0.0,0,0.0,0.2290126284114429,0.0,1e-06,1.0,Nagare,0.07842898167388188,0.8833344238700582,2.0,0
2015-08-04,0.17586235021017635,1.0,0.9523809523809523,0.0,0.0,0,0.0,0.2290126284114429,0.0,1e-06,1.0,Nagare,0.07842898167388188,0.8833344238700582,2.0,0
2015-08-05,0.19417215634606938,1.0,0.9523809523809523,2.001721011146875e-11,0.9999999999789828,1,4.207054679474468e-22,0.2290126284114429,0.5,1e-06,0.32428135595398844,Nagare,0.07842898167388188,0.8833344238700582,2.0,0
2015-08-06,0.1944582470669427,1.0,0.9523809523809523,1.3901657602733369e-11,0.9999999999850984,1,2.0715743417932567e-22,0.2290126284114429,0.5,1e-06,1.0,Nagare,0.07842898167388188,0.8833344238700582,2.0,0
2015-08-07,0.19460129242737934,2.0,0.48780487804878053,2.837707846438307e-11,0.9999999999706229,1,8.336350329005795e-22,0.44711989356475085,0.5,1e-06,0.12917330497312407,Nagare,0.07842898167388188,0.8833344238700582,2.0,0
2015-08-10,0.2239494322103018,2.0,0.48780487804878053,7.90333354284864e-11,0.9999999999199667,1,6.32529969627988e-21,0.44711989356475085,0.5,1e-06,1.0,Nagare,0.07842898167388188,0.8833344238700582,2.0,0
2015-08-11,0.17793650793650795,1.0,0.9523809523809523,0.0,0.0,0,0.0,0.2290126284114429,0.0,1e-06,0.36855986662960827,Nagare,0.07842898167388188,0.8833344238700582,2.0,0
2015-08-12,0.1694491498839325,1.0,0.9523809523809523,0.0,0.0,0,0.0,0.2290126284114429,0.0,1e-06,1.0,Nagare,0.07842898167388188,0.8833344238700582,2.0,0
2015-08-13,0.1540002509567727,1.0,0.9523809523809523,1.8676171720051308e-11,0.9999999999803239,1,3.6747514869145773e-22,0.2290126284114429,0.5,1e-06,0.32428135595398844,Nagare,0.07842898167388188,0.8833344238700582,2.0,0
2015-08-14,0.16062801932367152,1.0,0.9523809523809523,5.93992299614061e-10,0.9999999994050077,1,3.5342083126542416e-19,0.2290126284114429,0.5,1e-06,1.0,Nagare,0.07842898167388188,0.8833344238700582,2.0,0
2015-08-17,0.1453221657569484,1.0,0.9523809523809523,0.0,0.0,0,0.0,0.2290126284114429,0.0,1e-06,1.0,Nagare,0.07842898167388188,0.8833344238700582,2.0,0
2015-08-18,0.14916054959533226,1.5,0.6451612903225806,0.0,0.0,0,0.0,0.33806626098815146,0.0,1e-06,0.06322774189389047,Nagare,0.07842898167388188,0.8833344238700582,2.0,0
2015-08-19,0.1376453980801807,1.5,0.6451612903225806,0.0,0.0,0,0.0,0.33806626098815146,0.0,1e-06,1.0,Nagare,0.07842898167388188,0.8833344238700582,2.0,0
2015-08-20,0.1250812472551603,2.0,0.48780487804878053,0.0,0.0,0,0.0,0.44711989356475085,0.0,1e-06,0.018635431909863165,Nagare,0.07842898167388188,0.8833344238700582,2.0,0
2015-08-21,0.12484283832109917,2.0,0.48780487804878053,0.0,0.0,0,0.0,0.44711989356475085,0.0,1e-06,1.0,Nagare,0.07842898167388188,0.8833344238700582,2.0,0
2015-08-24,0.1328056967187402,1.5,0.6451612903225806,0.0,0.0,0,0.0,0.33806626098815146,0.0,1e-06,0.03236303777811034,Nagare,0.07842898167388188,0.8833344238700582,2.0,0
2015-08-25,0.11940711462450596,4.0,0.2469135802469136,0.0,0.0,0,0.0,0.8833344238700582,0.0,1e-06,0.0029827795627631604,Katashi,0.07842898167388188,0.8833344238700582,2.0,0
2015-08-26,0.09871321914800178,4.0,0.2469135802469136,0.0,0.0,0,0.0,0.8833344238700582,0.0,1e-06,1.0,Katashi,0.07842898167388188,0.8833344238700582,2.0,0
2015-08-27,0.08436100131752307,4.0,0.2469135802469136,0.0,0.0,0,0.0,0.8833344238700582,0.0,1e-06,1.0,Katashi,0.07842898167388188,0.8833344238700582,2.0,0
2015-08-28,0.08183386661647532,4.0,0.2469135802469136,0.0,0.0,0,0.0,0.8833344238700582,0.0,1e-06,1.0,Katashi,0.07842898167388188,0.8833344238700582,2.0,0
2015-08-31,0.08879540749105969,4.0,0.2469135802469136,0.0,0.0,0,0.0,0.8833344238700582,0.0,1e-06,1.0,Katashi,0.07842898167388188,0.8833344238700582,2.0,0
2015-09-01,0.07482464395507875,4.5,0.21978021978021978,0.0,0.0,0,0.0,0.9923880564461126,0.0,0.02905460257605442,0.0006479398116085999,Katashi,0.07842898167388188,0.8833344238700582,2.0,0
2015-09-02,0.07058096492879103,4.5,0.21978021978021978,0.0,0.0,0,0.0,0.9923880564461126,0.0,0.057236597074827214,1.0,Katashi,0.07842898167388188,0.8833344238700582,2.0,0
2015-09-03,0.07129619173097436,4.5,0.21978021978021978,0.0,0.0,0,0.0,0.9923880564461126,0.0,0.08457313173863681,1.0,Katashi,0.07842898167388188,0.8833344238700582,2.0,0
2015-09-04,0.08457556935817806,4.0,0.2469135802469136,0.0,0.0,0,0.0,0.8833344238700582,0.0,0.0820359377864777,0.0008177306563107445,Katashi,0.07842898167388188,0.8833344238700582,2.0,0
2015-09-08,0.11356609574000874,4.0,0.2469135802469136,0.0,0.0,0,0.0,0.8833344238700582,0.0,0.07957485965288337,1.0,Katashi,0.07842898167388188,0.8833344238700582,2.0,0
2015-09-09,0.11389986824769435,3.0,0.3278688524590164,0.0,0.0,0,0.0,0.6652271587176226,0.0,0.07718761386329687,0.002185489373495386,Utsuroi,0.07842898167388188,0.8833344238700582,2.0,0
2015-09-10,0.10484032875337225,2.0,0.48780487804878053,0.0,0.0,0,0.0,0.44711989356475085,0.0,0.07487198544739795,0.009702557711501969,Utsuroi,0.07842898167388188,0.8833344238700582,2.0,0
2015-09-11,0.11714222975092538,3.0,0.3278688524590164,0.0,0.0,0,0.0,0.6652271587176226,0.0,0.07262582588397601,0.004395814356877303,Utsuroi,0.07842898167388188,0.8833344238700582,2.0,0
2015-09-14,0.11637932116192988,2.0,0.48780487804878053,0.0,0.0,0,0.0,0.44711989356475085,0.0,0.07044705110745672,0.009702557711501969,Utsuroi,0.07842898167388188,0.8833344238700582,2.0,0
2015-09-15,0.11039525691699606,2.0,0.48780487804878053,0.0,0.0,0,0.0,0.44711989356475085,0.0,0.06833363957423302,1.0,Utsuroi,0.07842898167388188,0.8833344238700582,2.0,0
2015-09-16,0.1169038208168643,2.0,0.48780487804878053,0.0,0.0,0,0.0,0.44711989356475085,0.0,0.06628363038700603,1.0,Utsuroi,0.07842898167388188,0.8833344238700582,2.0,0
2015-09-17,0.1436533032185206,2.0,0.48780487804878053,0.0,0.0,0,0.0,0.44711989356475085,0.0,0.06429512147539586,1.0,Utsuroi,0.07842898167388188,0.8833344238700582,2.0,0
2015-09-18,0.1524982746721877,2.5,0.3921568627450981,0.0,0.0,0,0.0,0.5561735261412413,0.0,0.062366267831133984,0.007308946059353949,Utsuroi,0.07842898167388188,0.8833344238700582,2.0,0
2015-09-21,0.15941213375995986,3.0,0.3278688524590164,0.0,0.0,0,0.0,0.6652271587176226,0.0,0.060495279796199966,0.003427477641214316,Utsuroi,0.07842898167388188,0.8833344238700582,2.0,0
2015-09-22,0.19293242988895162,2.0,0.48780487804878053,0.0,0.0,0,0.0,0.44711989356475085,0.0,0.05868042140231396,0.009702557711501969,Utsuroi,0.07842898167388188,0.8833344238700582,2.0,0
2015-09-23,0.20170587866240047,2.0,0.48780487804878053,0.0,0.0,0,0.0,0.44711989356475085,0.0,0.05692000876024454,1.0,Utsuroi,0.07842898167388188,0.8833344238700582,2.0,0
2015-09-24,0.2009429700734049,2.0,0.48780487804878053,0.0,0.0,0,0.0,0.44711989356475085,0.0,0.05521240849743721,1.0,Utsuroi,0.07842898167388188,0.8833344238700582,2.0,0
2015-09-25,0.20363699102829536,2.0,0.48780487804878053,0.0,0.0,0,0.0,0.44711989356475085,0.0,0.053556036242514087,1.0,Utsuroi,0.07842898167388188,0.8833344238700582,2.0,0
2015-09-28,0.23448710709580275,2.0,0.48780487804878053,0.0,0.0,0,0.0,0.44711989356475085,0.0,0.051949355155238665,1.0,Utsuroi,0.07842898167388188,0.8833344238700582,2.0,0
2015-09-29,0.24178242047807263,2.5,0.3921568627450981,0.0,0.0,0,0.0,0.5561735261412413,0.0,0.0503908745005815,0.007308946059353949,Utsuroi,0.07842898167388188,0.8833344238700582,2.0,0
2015-09-30,0.2326513583035322,2.5,0.3921568627450981,0.0,0.0,0,0.0,0.5561735261412413,0.0,0.048879148265564054,1.0,Utsuroi,0.07842898167388188,0.8833344238700582,2.0,0
2015-10-01,0.2263335215509129,2.5,0.3921568627450981,0.0,0.0,0,0.0,0.5561735261412413,0.0,0.047412773817597134,1.0,Utsuroi,0.07842898167388188,0.8833344238700582,2.0,0
2015-10-02,0.28507748290356993,2.0,0.48780487804878053,0.0,0.0,0,0.0,0.44711989356475085,0.0,0.04599039060306922,0.0112859819043164,Utsuroi,0.07842898167388188,0.8833344238700582,2.0,0
2015-10-05,0.28321789321789326,2.0,0.48780487804878053,0.0,0.0,0,0.0,0.44711989356475085,0.0,0.04461067888497714,1.0,Utsuroi,0.07842898167388188,0.8833344238700582,2.0,0
2015-10-06,0.29535290796160363,2.0,0.48780487804878053,0.0,0.0,0,0.0,0.44711989356475085,0.0,0.043272358518427825,1.0,Utsuroi,0.07842898167388188,0.8833344238700582,2.0,0
2015-10-07,0.29535290796160363,3.0,0.3278688524590164,0.0,0.0,0,0.0,0.6652271587176226,0.0,0.04197418776287499,0.004395814356877303,Utsuroi,0.07842898167388188,0.8833344238700582,2.0,0
2015-10-08,0.2796417592069767,3.0,0.3278688524590164,1.7473866796412664e-10,0.9999999998242614,1,3.070833688701975e-20,0.6652271587176226,0.5,0.040714962129988735,0.6858165003549627,Utsuroi,0.07842898167388188,0.8833344238700582,2.0,0
2015-10-09,0.2613319530710835,2.0,0.48780487804878053,0.0,0.0,0,0.0,0.44711989356475085,0.0,0.039493513266089075,0.3027244509554404,Utsuroi,0.07842898167388188,0.8833344238700582,2.0,0
2015-10-12,0.24192546583850935,2.0,0.48780487804878053,0.0,0.0,0,0.0,0.44711989356475085,0.0,0.038308707868106404,1.0,Utsuroi,0.07842898167388188,0.8833344238700582,2.0,0
2015-10-13,0.25551477507999254,2.0,0.48780487804878053,0.0,0.0,0,0.0,0.44711989356475085,0.0,0.03715944663206321,1.0,Utsuroi,0.07842898167388188,0.8833344238700582,2.0,0
2015-10-14,0.25837568228872576,2.0,0.48780487804878053,0.0,0.0,0,0.0,0.44711989356475085,0.0,0.036044663233101314,1.0,Utsuroi,0.07842898167388188,0.8833344238700582,2.0,0
2015-10-15,0.2522485726833554,2.0,0.48780487804878053,0.0,0.0,0,0.0,0.44711989356475085,0.0,0.03496332333610827,1.0,Utsuroi,0.07842898167388188,0.8833344238700582,2.0,0
2015-10-16,0.25377438986134637,2.0,0.48780487804878053,0.0,0.0,0,0.0,0.44711989356475085,0.0,0.03391442363602502,1.0,Utsuroi,0.07842898167388188,0.8833344238700582,2.0,0
2015-10-19,0.2545849802371542,3.0,0.3278688524590164,0.0,0.0,0,0.0,0.6652271587176226,0.0,0.03289699092694427,0.004395814356877303,Utsuroi,0.07842898167388188,0.8833344238700582,2.0,0
2015-10-20,0.24171089779785432,2.0,0.48780487804878053,0.0,0.0,0,0.0,0.44711989356475085,0.0,0.031910081199135944,0.009702557711501969,Utsuroi,0.07842898167388188,0.8833344238700582,2.0,0
2015-10-21,0.2277162933684673,2.0,0.48780487804878053,1.190119114297272e-10,0.9999999998799881,1,1.428284434169576e-20,0.44711989356475085,0.5,0.030952778763161864,0.5592486689971765,Utsuroi,0.07842898167388188,0.8833344238700582,2.0,0
2015-10-22,0.18372984503419285,4.0,0.2469135802469136,0.0,0.0,0,0.0,0.8833344238700582,0.0,0.030024195400267007,0.10902744796177521,Katashi,0.07842898167388188,0.8833344238700582,2.0,0
2015-10-23,0.1756716230629274,3.0,0.3278688524590164,3.502498291331865e-11,0.999999999963975,1,1.2617736362014231e-21,0.6652271587176226,0.5,0.029123469538258995,0.5566307120650884,Utsuroi,0.07842898167388188,0.8833344238700582,2.0,0
2015-10-26,0.17726896292113684,2.5,0.3921568627450981,3.817846039234537e-11,0.9999999999608216,1,1.495772453778296e-21,0.5561735261412413,0.5,0.028249765452111227,0.07465564279967196,Utsuroi,0.07842898167388188,0.8833344238700582,2.0,0
2015-10-27,0.18115502854633295,3.0,0.3278688524590164,0.0,0.0,0,0.0,0.6652271587176226,0.0,0.027402272488547888,0.5575302327526194,Utsuroi,0.07842898167388188,0.8833344238700582,2.0,0
2015-10-28,0.16816174164000255,4.0,0.2469135802469136,0.0,0.0,0,0.0,0.8833344238700582,0.0,0.02658020431389145,0.0012400863995686295,Katashi,0.07842898167388188,0.8833344238700582,2.0,0
2015-10-29,0.18232323232323233,4.0,0.2469135802469136,0.0,0.0,0,0.0,0.8833344238700582,0.0,0.025782798184474705,1.0,Katashi,0.07842898167388188,0.8833344238700582,2.0,0
2015-10-30,0.18954702302528387,4.0,0.2469135802469136,1.9688140006976714e-11,0.9999999999793119,1,4.0731056140997423e-22,0.8833344238700582,0.5,0.025009314238940462,0.7580599050043643,Katashi,0.07842898167388188,0.8833344238700582,2.0,0
2015-11-02,0.19333772507685557,4.0,0.2469135802469136,3.0620728174779625e-11,0.9999999999683793,1,9.682490447606368e-22,0.8833344238700582,0.5,0.02425903481177225,1.0,Katashi,0.07842898167388188,0.8833344238700582,2.0,0
2015-11-03,0.15814856640943595,2.0,0.48780487804878053,0.0,0.0,0,0.0,0.44711989356475085,0.0,0.02353126376741908,0.11425078536002087,Utsuroi,0.07842898167388188,0.8833344238700582,2.0,0
2015-11-04,0.18547023025283893,2.5,0.3921568627450981,2.8014368602248623e-11,0.9999999999709857,1,8.128185970706581e-22,0.5561735261412413,0.5,0.022825325854396505,0.26025423508571044,Utsuroi,0.07842898167388188,0.8833344238700582,2.0,0
2015-11-05,0.16661208356860535,2.0,0.48780487804878053,1.2529977055828486e-11,0.99999999998647,1,1.6953002489191184e-22,0.44711989356475085,0.5,0.02214056607876461,0.11250138090707307,Utsuroi,0.07842898167388188,0.8833344238700582,2.0,0
2015-11-06,0.20659326181065313,2.0,0.48780487804878053,1.657796122585131e-11,0.9999999999824221,1,2.914063929012152e-22,0.44711989356475085,0.5,0.02147634909640167,1.0,Utsuroi,0.07842898167388188,0.8833344238700582,2.0,0
2015-11-09,0.19841583537235716,3.0,0.3278688524590164,8.569256415193541e-11,0.9999999999133075,1,7.428906219740552e-21,0.6652271587176226,0.5,0.02083205862350962,0.05481094565525624,Utsuroi,0.07842898167388188,0.8833344238700582,2.0,0
2015-11-10,0.17970073404856016,2.5,0.3921568627450981,9.941525380192592e-11,0.9999999998995848,1,9.982805743568015e-21,0.5561735261412413,0.5,0.02020709686480433,0.07465564279967196,Utsuroi,0.07842898167388188,0.8833344238700582,2.0,0
2015-11-11,0.17886630277934626,3.0,0.3278688524590164,0.0,0.0,0,0.0,0.6652271587176226,0.0,0.0196008839588602,0.5575302327526194,Utsuroi,0.07842898167388188,0.8833344238700582,2.0,0
2015-11-12,0.1619869502478198,3.5,0.28169014084507044,6.653062543105569e-10,0.9999999993336938,1,4.432977037090208e-19,0.774280791293895,0.5,0.019012857440094393,0.3287367936557052,Utsuroi,0.07842898167388188,0.8833344238700582,2.0,0
2015-11-13,0.1397433966999185,3.0,0.3278688524590164,0.0,0.0,0,0.0,0.6652271587176226,0.0,0.018442471716891562,0.557274665818041,Utsuroi,0.07842898167388188,0.8833344238700582,2.0,0
2015-11-16,0.15740949871384657,3.5,0.28169014084507044,1.2080232362673333e-09,0.9999999987909768,1,1.4605281367574223e-18,0.774280791293895,0.5,0.017889197565384814,0.3287367936557052,Utsuroi,0.07842898167388188,0.8833344238700582,2.0,0
2015-11-17,0.16146245059288541,3.0,0.3278688524590164,0.3083111368655539,0.9074881454692014,2,0.028522435043931253,0.6652271587176226,1.0,0.01735252163842327,0.8638414667504721,Utsuroi,0.07842898167388188,0.8833344238700582,2.0,0
2015-11-18,0.19658008658008658,2.0,0.48780487804878053,5.238465217018646e-11,0.9999999999466154,1,2.7965352763976135e-21,0.44711989356475085,0.5,0.01683194598927057,0.07437335799700784,Nagare,0.07842898167388188,0.8833344238700582,2.0,0
2015-11-19,0.21207666729405858,2.0,0.48780487804878053,0.0,0.0,0,0.0,0.44711989356475085,0.0,0.01632698760959245,1.0,Nagare,0.07842898167388188,0.8833344238700582,2.0,0
2015-11-20,0.2152713470104775,2.5,0.3921568627450981,6.466860380311782e-11,0.9999999999343314,1,4.246695491206394e-21,0.5561735261412413,0.5,0.015837177981304677,0.26025423508571044,Utsuroi,0.07842898167388188,0.8833344238700582,2.0,0
2015-11-23,0.21744086831043355,2.5,0.3921568627450981,0.6918840079358239,0.5251260887502932,2,0.32855766497960787,0.5561735261412413,1.0,0.015362062641865537,0.2284618597177146,Utsuroi,0.07842898167388188,0.8833344238700582,2.0,0
2015-11-24,0.22897986071899123,2.0,0.48780487804878053,2.4295365716264564e-10,0.9999999997560464,1,5.926942781854356e-20,0.44711989356475085,0.5,0.01490120076260957,0.7035022055370715,Nagare,0.07842898167388188,0.8833344238700582,2.0,0
2015-11-25,0.2343440617353661,2.0,0.48780487804878053,2.3185120489862572e-11,0.9999999999758149,1,5.607344197313305e-22,0.44711989356475085,0.5,0.014454164739731283,1.0,Nagare,0.07842898167388188,0.8833344238700582,2.0,0
2015-11-27,0.23582219712654498,2.0,0.48780487804878053,1.4606538201057127e-11,0.9999999999843935,1,2.279571733000198e-22,0.44711989356475085,0.5,0.014020539797539344,1.0,Nagare,0.07842898167388188,0.8833344238700582,2.0,0
2015-11-30,0.2430929760381212,2.0,0.48780487804878053,0.8770431032624274,0.6250210375368762,3,0.3288727128967834,0.44711989356475085,1.5,0.013599923603613163,0.12336078597269728,Nagare,0.07842898167388188,0.8833344238700582,2.0,0
2015-12-01,0.2968806038604183,3.0,0.3278688524590164,0.565651786957388,0.7469586704728366,2,0.14313328022111327,0.6652271587176226,1.0,0.013191925895504768,0.8895909176116349,Utsuroi,0.07842898167388188,0.8833344238700582,2.0,0
2015-12-02,0.32320291644005394,3.0,0.3278688524590164,3.8116687576719676e-10,0.9999999996178331,1,1.4566934565366067e-19,0.6652271587176226,0.5,0.012796168118639624,0.7988361135234686,Utsuroi,0.07842898167388188,0.8833344238700582,2.0,0
2015-12-03,0.2938881172088349,2.0,0.48780487804878053,0.6696735060400272,0.6079106583008546,2,0.26257184413659296,0.44711989356475085,1.0,0.012412283075080435,0.4856614370865001,Nagare,0.07842898167388188,0.8833344238700582,2.0,0
2015-12-04,0.30858460380199515,1.0,0.9523809523809523,1.941169447385073e-11,0.9999999999795883,1,3.962251474039396e-22,0.2290126284114429,0.5,0.01203991458282802,0.4899100813043199,Nagare,0.07842898167388188,0.8833344238700582,2.0,0
2015-12-07,0.28808143547273984,1.0,0.9523809523809523,3.3345881610934643e-11,0.9999999999656541,1,1.1452929643727951e-21,0.2290126284114429,0.5,0.01167871714534318,1.0,Nagare,0.07842898167388188,0.8833344238700582,2.0,0
2015-12-08,0.2905847292803815,2.0,0.48780487804878053,1.8768986364908142e-11,0.999999999980231,1,3.7104342033241074e-22,0.44711989356475085,0.5,0.011328355630982884,0.12917330497312407,Nagare,0.07842898167388188,0.8833344238700582,2.0,0
2015-12-09,0.2547995482778092,2.0,0.48780487804878053,1.3257839270762626e-11,0.9999999999857422,1,1.8902784811526947e-22,0.44711989356475085,0.5,0.010988504962053397,1.0,Nagare,0.07842898167388188,0.8833344238700582,2.0,0
2015-12-10,0.25808959156785244,2.0,0.48780487804878053,0.5968431401436921,0.7158360446987316,2,0.16960130739766077,0.44711989356475085,1.0,0.010658849813191795,0.2745229295041641,Nagare,0.07842898167388188,0.8833344238700582,2.0,0
2015-12-11,0.23446326620239663,1.0,0.9523809523809523,1.4096168676644779e-11,0.9999999999849039,1,2.127978282071671e-22,0.2290126284114429,0.5,0.01033908431879604,0.3347368126708198,Nagare,0.07842898167388188,0.8833344238700582,2.0,0
2015-12-14,0.23141163184641447,2.0,0.48780487804878053,1.8798074208152743e-11,0.999999999980202,1,3.7216525230130833e-22,0.44711989356475085,0.5,0.010028911789232159,0.12917330497312407,Nagare,0.07842898167388188,0.8833344238700582,2.0,0
2015-12-15,0.2220421607378129,3.0,0.3278688524590164,5.347744469326607e-11,0.9999999999455226,1,2.9133133526808613e-21,0.6652271587176226,0.5,0.009728044435555194,0.05481094565525624,Utsuroi,0.07842898167388188,0.8833344238700582,2.0,0
2015-12-16,0.23770562770562778,3.0,0.3278688524590164,0.0,0.0,0,0.0,0.6652271587176226,0.0,0.009436203102488537,1.0,Utsuroi,0.07842898167388188,0.8833344238700582,2.0,0
2015-12-17,0.26786435786435786,2.0,0.48780487804878053,0.0,0.0,0,0.0,0.44711989356475085,0.0,0.009153117009413882,0.009702557711501969,Nagare,0.07842898167388188,0.8833344238700582,2.0,0
2015-12-18,0.2525108225108225,2.0,0.48780487804878053,0.0,0.0,0,0.0,0.44711989356475085,0.0,0.008878523499131465,1.0,Nagare,0.07842898167388188,0.8833344238700582,2.0,0
2015-12-21,0.2383016500407805,2.0,0.48780487804878053,0.0,0.0,0,0.0,0.44711989356475085,0.0,0.00861216779415752,1.0,Nagare,0.07842898167388188,0.8833344238700582,2.0,0
2015-12-22,0.22242361503231076,2.0,0.48780487804878053,0.0,0.0,0,0.0,0.44711989356475085,0.0,0.008353802760332794,1.0,Nagare,0.07842898167388188,0.8833344238700582,2.0,0
2015-12-23,0.2235918188092101,2.0,0.48780487804878053,0.0,0.0,0,0.0,0.44711989356475085,0.0,0.00810318867752281,1.0,Nagare,0.07842898167388188,0.8833344238700582,2.0,0
2015-12-24,0.2161057782796913,2.5,0.3921568627450981,0.0,0.0,0,0.0,0.5561735261412413,0.0,0.007860093017197124,0.007308946059353949,Utsuroi,0.07842898167388188,0.8833344238700582,2.0,0
2015-12-28,0.22828847481021397,2.5,0.3921568627450981,0.0,0.0,0,0.0,0.5561735261412413,0.0,0.00762429022668121,1.0,Utsuroi,0.07842898167388188,0.8833344238700582,2.0,0
2015-12-29,0.2277162933684673,2.5,0.3921568627450981,0.0,0.0,0,0.0,0.5561735261412413,0.0,0.007395561519880773,1.0,Utsuroi,0.07842898167388188,0.8833344238700582,2.0,0
2015-12-30,0.23687119643641386,2.5,0.3921568627450981,0.0,0.0,0,0.0,0.5561735261412413,0.0,0.00717369467428435,1.0,Utsuroi,0.07842898167388188,0.8833344238700582,2.0,0
2015-12-31,0.2353453792584227,3.0,0.3278688524590164,0.0,0.0,0,0.0,0.6652271587176226,0.0,0.00695848383405582,0.003427477641214316,Utsuroi,0.07842898167388188,0.8833344238700582,2.0,0
2016-01-04,0.18561327561327556,2.0,0.48780487804878053,0.0,0.0,0,0.0,0.44711989356475085,0.0,0.006749729319034145,0.009702557711501969,Nagare,0.07842898167388188,0.8833344238700582,2.0,0
2016-01-05,0.16961603613777534,2.0,0.48780487804878053,0.0,0.0,0,0.0,0.44711989356475085,0.0,0.00654723743946312,1.0,Nagare,0.07842898167388188,0.8833344238700582,2.0,0
2016-01-06,0.15974590626764545,2.0,0.48780487804878053,8.593115107990665e-11,0.9999999999130689,1,7.470091976377422e-21,0.44711989356475085,0.5,0.006350820316279227,0.5592486689971765,Nagare,0.07842898167388188,0.8833344238700582,2.0,0
2016-01-07,0.12903883556057472,3.0,0.3278688524590164,0.0,0.0,0,0.0,0.6652271587176226,0.0,0.0061602957067908495,0.29898793480562236,Utsuroi,0.07842898167388188,0.8833344238700582,2.0,0
2016-01-08,0.13223351527699354,4.5,0.21978021978021978,0.0,0.0,0,0.0,0.9923880564461126,0.0,0.035029119411641545,0.000892088901308874,Katashi,0.07842898167388188,0.8833344238700582,2.0,0
2016-01-11,0.13712089842524625,3.5,0.28169014084507044,1.1016709766046833e-10,0.9999999998888329,1,1.2246954068186609e-20,0.774280791293895,0.5,0.0339782458292923,0.5184321620540757,Utsuroi,0.07842898167388188,0.8833344238700582,2.0,0
2016-01-12,0.14596586987891336,3.5,0.28169014084507044,2.7832958160030117e-11,0.9999999999711671,1,8.02505902396662e-22,0.774280791293895,0.5,0.03295889845441353,1.0,Utsuroi,0.07842898167388188,0.8833344238700582,2.0,0
2016-01-13,0.13485601355166577,2.0,0.48780487804878053,0.584441616080794,0.7288072039648693,2,0.15849635598424094,0.44711989356475085,1.0,0.031970131500781124,0.8913323753289741,Utsuroi,0.07842898167388188,0.8833344238700582,2.0,0
2016-01-14,0.14834995921952446,3.0,0.3278688524590164,5.976275030221431e-11,0.9999999999392373,1,3.63134775204249e-21,0.6652271587176226,0.5,0.03101102755575769,0.678182380838404,Utsuroi,0.07842898167388188,0.8833344238700582,2.0,0
2016-01-15,0.1411976911976912,2.0,0.48780487804878053,0.0,0.0,0,0.0,0.44711989356475085,0.0,0.03008069672908496,0.3027244509554404,Utsuroi,0.07842898167388188,0.8833344238700582,2.0,0
2016-01-19,0.1451314386096995,3.0,0.3278688524590164,0.0,0.0,0,0.0,0.6652271587176226,0.0,0.02917827582721241,0.004395814356877303,Utsuroi,0.07842898167388188,0.8833344238700582,2.0,0
2016-01-20,0.11881109228935315,3.0,0.3278688524590164,0.0,0.0,0,0.0,0.6652271587176226,0.0,0.028302927552396037,1.0,Utsuroi,0.07842898167388188,0.8833344238700582,2.0,0
2016-01-21,0.1065091912918,2.5,0.3921568627450981,0.0,0.0,0,0.0,0.5561735261412413,0.0,0.027453839725824155,0.0048996888035928166,Utsuroi,0.07842898167388188,0.8833344238700582,2.0,0
2016-01-22,0.11420979986197378,2.0,0.48780487804878053,0.0,0.0,0,0.0,0.44711989356475085,0.0,0.02663022453404943,0.0112859819043164,Utsuroi,0.07842898167388188,0.8833344238700582,2.0,0
2016-01-25,0.09949996863040338,2.0,0.48780487804878053,0.0,0.0,0,0.0,0.44711989356475085,0.0,0.025831317798027945,1.0,Utsuroi,0.07842898167388188,0.8833344238700582,2.0,0
2016-01-26,0.14315264445699233,2.0,0.48780487804878053,0.0,0.0,0,0.0,0.44711989356475085,0.0,0.025056378264087107,1.0,Utsuroi,0.07842898167388188,0.8833344238700582,2.0,0
2016-01-27,0.12930108538804191,2.0,0.48780487804878053,0.0,0.0,0,0.0,0.44711989356475085,0.0,0.024304686916164494,1.0,Utsuroi,0.07842898167388188,0.8833344238700582,2.0,0
2016-01-28,0.12443754313319534,2.0,0.48780487804878053,0.0,0.0,0,0.0,0.44711989356475085,0.0,0.023575546308679557,1.0,Utsuroi,0.07842898167388188,0.8833344238700582,2.0,0
2016-01-29,0.12481899742769312,2.0,0.48780487804878053,0.0,0.0,0,0.0,0.44711989356475085,0.0,0.02286827991941917,1.0,Utsuroi,0.07842898167388188,0.8833344238700582,2.0,0
2016-02-01,0.1299447895100069,2.0,0.48780487804878053,0.0,0.0,0,0.0,0.44711989356475085,0.0,0.022182231521836595,1.0,Utsuroi,0.07842898167388188,0.8833344238700582,2.0,0
2016-02-02,0.1238892025848548,2.0,0.48780487804878053,0.0,0.0,0,0.0,0.44711989356475085,0.0,0.021516764576181496,1.0,Utsuroi,0.07842898167388188,0.8833344238700582,2.0,0
2016-02-03,0.15569295438860656,2.0,0.48780487804878053,0.0,0.0,0,0.0,0.44711989356475085,0.0,0.02087126163889605,1.0,Nagare,0.07842898167388188,0.8833344238700582,2.0,0
2016-02-04,0.164609448522492,2.0,0.48780487804878053,0.0,0.0,0,0.0,0.44711989356475085,0.0,0.020245123789729168,1.0,Nagare,0.07842898167388188,0.8833344238700582,2.0,0
2016-02-05,0.1629644268774704,2.0,0.48780487804878053,0.0,0.0,0,0.0,0.44711989356475085,0.0,0.019637770076037293,1.0,Nagare,0.07842898167388188,0.8833344238700582,2.0,0
2016-02-08,0.1617008595269465,2.0,0.48780487804878053,0.0,0.0,0,0.0,0.44711989356475085,0.0,0.019048636973756174,1.0,Nagare,0.07842898167388188,0.8833344238700582,2.0,0
2016-02-09,0.17257230692013303,2.0,0.48780487804878053,0.0,0.0,0,0.0,0.44711989356475085,0.0,0.018477177864543486,1.0,Nagare,0.07842898167388188,0.8833344238700582,2.0,0
2016-02-10,0.1678518100257231,2.0,0.48780487804878053,0.0,0.0,0,0.0,0.44711989356475085,0.0,0.01792286252860718,1.0,Nagare,0.07842898167388188,0.8833344238700582,2.0,0
2016-02-11,0.16174854131375874,2.0,0.48780487804878053,0.0,0.0,0,0.0,0.44711989356475085,0.0,0.017385176652748965,1.0,Nagare,0.07842898167388188,0.8833344238700582,2.0,0
2016-02-12,0.15535918188092104,2.0,0.48780487804878053,0.0,0.0,0,0.0,0.44711989356475085,0.0,0.016863621353166495,1.0,Nagare,0.07842898167388188,0.8833344238700582,2.0,0
2016-02-16,0.14072087332956898,2.5,0.3921568627450981,0.0,0.0,0,0.0,0.5561735261412413,0.0,0.0163577127125715,0.007308946059353949,Utsuroi,0.07842898167388188,0.8833344238700582,2.0,0
2016-02-17,0.14706255097559445,3.0,0.3278688524590164,0.0,0.0,0,0.0,0.6652271587176226,0.0,0.015866981331194352,0.003427477641214316,Utsuroi,0.07842898167388188,0.8833344238700582,2.0,0
2016-02-18,0.14839764100633665,3.0,0.3278688524590164,0.0,0.0,0,0.0,0.6652271587176226,0.0,0.015390971891258522,1.0,Utsuroi,0.07842898167388188,0.8833344238700582,2.0,0
2016-02-19,0.1589829976786499,3.0,0.3278688524590164,0.0,0.0,0,0.0,0.6652271587176226,0.0,0.014929242734520766,1.0,Utsuroi,0.07842898167388188,0.8833344238700582,2.0,0
2016-02-22,0.14212748604052952,3.0,0.3278688524590164,0.0,0.0,0,0.0,0.6652271587176226,0.0,0.014481365452485143,1.0,Utsuroi,0.07842898167388188,0.8833344238700582,2.0,0
2016-02-23,0.14763473241734115,3.0,0.3278688524590164,0.0,0.0,0,0.0,0.6652271587176226,0.0,0.014046924488910588,1.0,Utsuroi,0.07842898167388188,0.8833344238700582,2.0,0
2016-02-24,0.15805320283581153,2.5,0.3921568627450981,0.0,0.0,0,0.0,0.5561735261412413,0.0,0.01362551675424327,0.0048996888035928166,Utsuroi,0.07842898167388188,0.8833344238700582,2.0,0
2016-02-25,0.16105715540498147,3.0,0.3278688524590164,0.0,0.0,0,0.0,0.6652271587176226,0.0,0.013216751251615972,0.003427477641214316,Utsuroi,0.07842898167388188,0.8833344238700582,2.0,0
2016-02-26,0.1546677959721438,2.0,0.48780487804878053,0.0,0.0,0,0.0,0.44711989356475085,0.0,0.012820248714067492,0.009702557711501969,Nagare,0.07842898167388188,0.8833344238700582,2.0,0
2016-02-29,0.13704937574502793,2.0,0.48780487804878053,0.0,0.0,0,0.0,0.44711989356475085,0.0,0.012435641252645466,1.0,Nagare,0.07842898167388188,0.8833344238700582,2.0,0
2016-03-01,0.13068385720559636,2.0,0.48780487804878053,0.0,0.0,0,0.0,0.44711989356475085,0.0,0.012062572015066102,1.0,Nagare,0.07842898167388188,0.8833344238700582,2.0,0
2016-03-02,0.1369778530648096,3.0,0.3278688524590164,0.0,0.0,0,0.0,0.6652271587176226,0.0,0.011700694854614118,0.004395814356877303,Utsuroi,0.07842898167388188,0.8833344238700582,2.0,0
2016-03-03,0.16365581278624758,3.0,0.3278688524590164,0.0,0.0,0,0.0,0.6652271587176226,0.0,0.011349674008975694,1.0,Utsuroi,0.07842898167388188,0.8833344238700582,2.0,0
2016-03-04,0.1552638183072966,3.0,0.3278688524590164,0.0,0.0,0,0.0,0.6652271587176226,0.0,0.011009183788706424,1.0,Utsuroi,0.07842898167388188,0.8833344238700582,2.0,0
2016-03-07,0.139218897044984,3.0,0.3278688524590164,0.0,0.0,0,0.0,0.6652271587176226,0.0,0.01067890827504523,1.0,Utsuroi,0.07842898167388188,0.8833344238700582,2.0,0
2016-03-08,0.15237907020515717,2.5,0.3921568627450981,0.0,0.0,0,0.0,0.5561735261412413,0.0,0.010358541026793873,0.0048996888035928166,Utsuroi,0.07842898167388188,0.8833344238700582,2.0,0
2016-03-09,0.13249576510446076,2.5,0.3921568627450981,0.0,0.0,0,0.0,0.5561735261412413,0.0,0.010047784795990057,1.0,Utsuroi,0.07842898167388188,0.8833344238700582,2.0,0
2016-03-10,0.13623878536922013,2.0,0.48780487804878053,0.0,0.0,0,0.0,0.44711989356475085,0.0,0.009746351252110355,0.0112859819043164,Nagare,0.07842898167388188,0.8833344238700582,2.0,0
2016-03-11,0.13030240291109854,3.0,0.3278688524590164,0.0,0.0,0,0.0,0.6652271587176226,0.0,0.009453960714547044,0.004395814356877303,Utsuroi,0.07842898167388188,0.8833344238700582,2.0,0
2016-03-14,0.1476347324173411,2.0,0.48780487804878053,0.0,0.0,0,0.0,0.44711989356475085,0.0,0.009170341893110633,0.009702557711501969,Nagare,0.07842898167388188,0.8833344238700582,2.0,0
2016-03-15,0.1668028107158542,2.0,0.48780487804878053,0.0,0.0,0,0.0,0.44711989356475085,0.0,0.008895231636317313,1.0,Nagare,0.07842898167388188,0.8833344238700582,2.0,0
2016-03-16,0.20873894221720307,2.0,0.48780487804878053,0.0,0.0,0,0.0,0.44711989356475085,0.0,0.008628374687227793,1.0,Nagare,0.07842898167388188,0.8833344238700582,2.0,0
2016-03-17,0.250031369596587,2.5,0.3921568627450981,0.0,0.0,0,0.0,0.5561735261412413,0.0,0.008369523446610959,0.007308946059353949,Utsuroi,0.07842898167388188,0.8833344238700582,2.0,0
2016-03-18,0.26223790702051575,2.0,0.48780487804878053,0.0,0.0,0,0.0,0.44711989356475085,0.0,0.00811843774321263,0.0112859819043164,Nagare,0.07842898167388188,0.8833344238700582,2.0,0
2016-03-21,0.28965493443754314,2.0,0.48780487804878053,0.0,0.0,0,0.0,0.44711989356475085,0.0,0.00787488461091625,1.0,Nagare,0.07842898167388188,0.8833344238700582,2.0,0
2016-03-22,0.2866986636551854,2.0,0.48780487804878053,0.0,0.0,0,0.0,0.44711989356475085,0.0,0.007638638072588763,1.0,Nagare,0.07842898167388188,0.8833344238700582,2.0,0
2016-03-23,0.3296837944664032,2.0,0.48780487804878053,0.0,0.0,0,0.0,0.44711989356475085,0.0,0.0074094789304110995,1.0,Nagare,0.07842898167388188,0.8833344238700582,2.0,0
2016-03-24,0.3354056088838698,2.0,0.48780487804878053,0.0,0.0,0,0.0,0.44711989356475085,0.0,0.007187194562498766,1.0,Nagare,0.07842898167388188,0.8833344238700582,2.0,0
2016-03-28,0.34212874082439304,2.0,0.48780487804878053,0.0,0.0,0,0.0,0.44711989356475085,0.0,0.006971578725623803,1.0,Nagare,0.07842898167388188,0.8833344238700582,2.0,0
2016-03-29,0.3710239036325993,2.0,0.48780487804878053,0.0,0.0,0,0.0,0.44711989356475085,0.0,0.006762431363855089,1.0,Nagare,0.07842898167388188,0.8833344238700582,2.0,0
2016-03-30,0.3684729280381456,2.0,0.48780487804878053,0.0,0.0,0,0.0,0.44711989356475085,0.0,0.006559558422939436,1.0,Nagare,0.07842898167388188,0.8833344238700582,2.0,0
2016-03-31,0.38113244243679034,2.0,0.48780487804878053,0.0,0.0,0,0.0,0.44711989356475085,0.0,0.006362771670251253,1.0,Nagare,0.07842898167388188,0.8833344238700582,2.0,0
2016-04-01,0.39879854445071844,2.0,0.48780487804878053,3.113810320210558e-10,0.999999999687619,1,9.726952126142722e-20,0.44711989356475085,0.5,0.006171888520143715,0.5592486689971765,Nagare,0.07842898167388188,0.8833344238700582,2.0,0
2016-04-04,0.40192170148691886,3.0,0.3278688524590164,0.0,0.0,0,0.0,0.6652271587176226,0.0,0.005986731864539403,0.29898793480562236,Utsuroi,0.07842898167388188,0.8833344238700582,2.0,0
2016-04-05,0.3517604617604618,2.0,0.48780487804878053,0.0,0.0,0,0.0,0.44711989356475085,0.0,0.005807129908603221,0.009702557711501969,Nagare,0.07842898167388188,0.8833344238700582,2.0,0
2016-04-06,0.338886379321162,2.0,0.48780487804878053,0.0,0.0,0,0.0,0.44711989356475085,0.0,0.005632916011345124,1.0,Nagare,0.07842898167388188,0.8833344238700582,2.0,0
2016-04-07,0.32691825083129433,2.0,0.48780487804878053,0.0,0.0,0,0.0,0.44711989356475085,0.0,0.0054639285310047695,1.0,Nagare,0.07842898167388188,0.8833344238700582,2.0,0
2016-04-08,0.3344519731476253,2.0,0.48780487804878053,0.0,0.0,0,0.0,0.44711989356475085,0.0,0.005300010675074626,1.0,Nagare,0.07842898167388188,0.8833344238700582,2.0,0
2016-04-11,0.33571554049814917,3.0,0.3278688524590164,0.0,0.0,0,0.0,0.6652271587176226,0.0,0.005141010354822387,0.004395814356877303,Utsuroi,0.07842898167388188,0.8833344238700582,2.0,0
2016-04-12,0.3346188594014682,2.0,0.48780487804878053,0.0,0.0,0,0.0,0.44711989356475085,0.0,0.004986780044177716,0.009702557711501969,Nagare,0.07842898167388188,0.8833344238700582,2.0,0
2016-04-13,0.3417949683167075,2.0,0.48780487804878053,0.0,0.0,0,0.0,0.44711989356475085,0.0,0.0048371766428523845,1.0,Nagare,0.07842898167388188,0.8833344238700582,2.0,0
2016-04-14,0.34537110232762414,2.0,0.48780487804878053,0.0,0.0,0,0.0,0.44711989356475085,0.0,0.004692061343566813,1.0,Nagare,0.07842898167388188,0.8833344238700582,2.0,0
2016-04-15,0.3366214944475815,2.0,0.48780487804878053,0.0,0.0,0,0.0,0.44711989356475085,0.0,0.004551299503259809,1.0,Nagare,0.07842898167388188,0.8833344238700582,2.0,0
2016-04-18,0.3025051759834369,3.0,0.3278688524590164,0.0,0.0,0,0.0,0.6652271587176226,0.0,0.004414760518162014,0.004395814356877303,Utsuroi,0.07842898167388188,0.8833344238700582,2.0,0
2016-04-19,0.31688123470732166,2.0,0.48780487804878053,0.0,0.0,0,0.0,0.44711989356475085,0.0,0.004282317702617154,0.009702557711501969,Nagare,0.07842898167388188,0.8833344238700582,2.0,0
2016-04-20,0.3316864295125165,2.0,0.48780487804878053,0.0,0.0,0,0.0,0.44711989356475085,0.0,0.004153848171538639,1.0,Nagare,0.07842898167388188,0.8833344238700582,2.0,0
2016-04-21,0.31781102955016,2.0,0.48780487804878053,0.0,0.0,0,0.0,0.44711989356475085,0.0,0.00402923272639248,1.0,Nagare,0.07842898167388188,0.8833344238700582,2.0,0
2016-04-22,0.31690507560072784,2.0,0.48780487804878053,6.453582111063944e-10,0.9999999993536418,1,4.171325647119264e-19,0.44711989356475085,0.5,0.003908355744600705,0.5592486689971765,Nagare,0.07842898167388188,0.8833344238700582,2.0,0
2016-04-25,0.2876999811782421,2.0,0.48780487804878053,1.3419121368737282e-10,0.9999999998648088,1,1.8141470077263274e-20,0.44711989356475085,0.5,0.003791105072262684,1.0,Nagare,0.07842898167388188,0.8833344238700582,2.0,0
2016-04-26,0.3005025409373236,2.0,0.48780487804878053,0.0,0.0,0,0.0,0.44711989356475085,0.0,0.0036773719200948033,1.0,Nagare,0.07842898167388188,0.8833344238700582,2.0,0
2016-04-27,0.3036972206537424,2.0,0.48780487804878053,2.9152191767407975e-10,0.9999999997074781,1,8.527654396555321e-20,0.44711989356475085,0.5,0.0035670507624919593,0.5592486689971765,Nagare,0.07842898167388188,0.8833344238700582,2.0,0
2016-04-28,0.23255599472990773,2.0,0.48780487804878053,0.0,0.0,0,0.0,0.44711989356475085,0.0,0.0034600392396172005,1.0,Nagare,0.07842898167388188,0.8833344238700582,2.0,0
2016-04-29,0.2275732480080306,2.5,0.3921568627450981,0.0,0.0,0,0.0,0.5561735261412413,0.0,0.0033562380624286843,0.007308946059353949,Utsuroi,0.07842898167388188,0.8833344238700582,2.0,0
2016-05-02,0.23930296756383712,1.0,0.9523809523809523,0.0,0.0,0,0.0,0.2290126284114429,0.0,0.0032555509205558237,0.09465071648617629,Nagare,0.07842898167388188,0.8833344238700582,2.0,0
2016-05-03,0.2627385657820441,1.0,0.9523809523809523,5.6210036623623374e-11,0.99999999994279,1,3.2157770104819652e-21,0.2290126284114429,0.5,0.003157884392939149,0.32428135595398844,Nagare,0.07842898167388188,0.8833344238700582,2.0,0
2016-05-04,0.27771064684108165,1.0,0.9523809523809523,0.0,0.0,0,0.0,0.2290126284114429,0.0,0.0030631478611509743,1.0,Nagare,0.07842898167388188,0.8833344238700582,2.0,0
2016-05-05,0.2727279001192045,2.0,0.48780487804878053,1.1095835361003041e-10,0.9999999998880417,1,1.2422712135564292e-20,0.44711989356475085,0.5,0.002971253425316445,0.07210654693871943,Nagare,0.07842898167388188,0.8833344238700582,2.0,0
2016-05-06,0.2800232135014744,2.0,0.48780487804878053,0.0,0.0,0,0.0,0.44711989356475085,0.0,0.0028821158225569516,1.0,Nagare,0.07842898167388188,0.8833344238700582,2.0,0
2016-05-09,0.2830033251772382,1.0,0.9523809523809523,0.0,0.0,0,0.0,0.2290126284114429,0.0,0.002795652347880243,0.10838232869723363,Nagare,0.07842898167388188,0.8833344238700582,2.0,0
2016-05-10,0.2842668925277621,1.0,0.9523809523809523,0.0,0.0,0,0.0,0.2290126284114429,0.0,0.0027117827774438357,1.0,Nagare,0.07842898167388188,0.8833344238700582,2.0,0
2016-05-11,0.26886567538741457,2.5,0.3921568627450981,2.9669178220902357e-10,0.9999999997023082,1,8.832269886238945e-20,0.5561735261412413,0.5,0.0026304292941205206,0.035493681754372286,Utsuroi,0.07842898167388188,0.8833344238700582,2.0,0
2016-05-12,0.27172658259614785,2.5,0.3921568627450981,1.3065315495296946e-10,0.9999999998683469,1,1.72008971649773e-20,0.5561735261412413,0.5,0.0025515164152969047,1.0,Utsuroi,0.07842898167388188,0.8833344238700582,2.0,0
2016-05-13,0.3002879728966686,3.0,0.3278688524590164,0.0,0.0,0,0.0,0.6652271587176226,0.0,0.0024749709228379974,0.5575302327526194,Utsuroi,0.07842898167388188,0.8833344238700582,2.0,0
2016-05-16,0.3040548340548341,3.0,0.3278688524590164,0.0,0.0,0,0.0,0.6652271587176226,0.0,0.0024007217951528574,1.0,Utsuroi,0.07842898167388188,0.8833344238700582,2.0,0
2016-05-17,0.29826149695714915,3.0,0.3278688524590164,0.0,0.0,0,0.0,0.6652271587176226,0.0,0.0023287001412982716,1.0,Utsuroi,0.07842898167388188,0.8833344238700582,2.0,0
2016-05-18,0.2780921011355794,2.0,0.48780487804878053,1.2236633927592145e-10,0.9999999998766337,1,1.509588462104303e-20,0.44711989356475085,0.5,0.0022588391370593234,0.6870798185245905,Nagare,0.07842898167388188,0.8833344238700582,2.0,0
2016-05-19,0.2354169019386411,1.5,0.6451612903225806,0.0,0.0,0,0.0,0.33806626098815146,0.0,0.0021910739629475437,0.5686345434783044,Nagare,0.07842898167388188,0.8833344238700582,2.0,0
2016-05-20,0.23248447204968947,2.0,0.48780487804878053,0.0,0.0,0,0.0,0.44711989356475085,0.0,0.0021253417440591175,0.018635431909863165,Nagare,0.07842898167388188,0.8833344238700582,2.0,0
2016-05-23,0.22695338477947186,2.0,0.48780487804878053,0.0,0.0,0,0.0,0.44711989356475085,0.0,0.002061581491737344,1.0,Nagare,0.07842898167388188,0.8833344238700582,2.0,0
2016-05-24,0.22199447895100072,2.0,0.48780487804878053,0.0,0.0,0,0.0,0.44711989356475085,0.0,0.0019997340469852234,1.0,Nagare,0.07842898167388188,0.8833344238700582,2.0,0
2016-05-25,0.2411387163561077,2.0,0.48780487804878053,0.0,0.0,0,0.0,0.44711989356475085,0.0,0.0019397420255756667,1.0,Nagare,0.07842898167388188,0.8833344238700582,2.0,0
2016-05-26,0.21980111675763847,2.0,0.48780487804878053,0.0,0.0,0,0.0,0.44711989356475085,0.0,0.0018815497648083967,1.0,Nagare,0.07842898167388188,0.8833344238700582,2.0,0
2016-05-27,0.19951251646903825,1.0,0.9523809523809523,0.0,0.0,0,0.0,0.2290126284114429,0.0,0.0018251032718641447,0.10838232869723363,Nagare,0.07842898167388188,0.8833344238700582,2.0,0
2016-05-31,0.205925716795282,1.0,0.9523809523809523,0.0,0.0,0,0.0,0.2290126284114429,0.0,0.0017703501737082203,1.0,Nagare,0.07842898167388188,0.8833344238700582,2.0,0
2016-06-01,0.21040780475563087,2.0,0.48780487804878053,0.0,0.0,0,0.0,0.44711989356475085,0.0,0.0017172396684969737,0.029859267178358517,Nagare,0.07842898167388188,0.8833344238700582,2.0,0
2016-06-02,0.21684484597528073,2.0,0.48780487804878053,0.0,0.0,0,0.0,0.44711989356475085,0.0,0.0016657224784420645,1.0,Nagare,0.07842898167388188,0.8833344238700582,2.0,0
2016-06-03,0.2452155091285526,2.0,0.48780487804878053,0.0,0.0,0,0.0,0.44711989356475085,0.0,0.0016157508040888025,1.0,Nagare,0.07842898167388188,0.8833344238700582,2.0,0
2016-06-06,0.2289083380387728,2.0,0.48780487804878053,0.0,0.0,0,0.0,0.44711989356475085,0.0,0.0015672782799661385,1.0,Nagare,0.07842898167388188,0.8833344238700582,2.0,0
2016-06-07,0.2406857393813916,1.5,0.6451612903225806,0.0,0.0,0,0.0,0.33806626098815146,0.0,0.0015202599315671543,0.03236303777811034,Nagare,0.07842898167388188,0.8833344238700582,2.0,0
2016-06-08,0.25344061735366086,2.0,0.48780487804878053,0.0,0.0,0,0.0,0.44711989356475085,0.0,0.0014746521336201396,0.018635431909863165,Nagare,0.07842898167388188,0.8833344238700582,2.0,0
2016-06-09,0.24581153146370546,0.0,20.0,0.0,0.0,0,0.0,0.010905363257698664,0.0,0.0014304125696115353,0.042108141784004016,Nagare,0.07842898167388188,0.8833344238700582,2.0,0
2016-06-10,0.2584948867557563,1.5,0.6451612903225806,0.0,0.0,0,0.0,0.33806626098815146,0.0,0.0013875001925231893,0.9278438432190768,Nagare,0.07842898167388188,0.8833344238700582,2.0,0
2016-06-13,0.25375054896794036,1.5,0.6451612903225806,0.0,0.0,0,0.0,0.33806626098815146,0.0,0.0013458751867474936,1.0,Nagare,0.07842898167388188,0.8833344238700582,2.0,0
2016-06-14,0.26543258673693454,1.5,0.6451612903225806,0.0,0.0,0,0.0,0.33806626098815146,0.0,0.0013054989311450688,1.0,Nagare,0.07842898167388188,0.8833344238700582,2.0,0
2016-06-15,0.27618482966309055,2.0,0.48780487804878053,0.0,0.0,0,0.0,0.44711989356475085,0.0,0.0012663339632107166,0.018635431909863165,Nagare,0.07842898167388188,0.8833344238700582,2.0,0
2016-06-16,0.2705106970324362,2.0,0.48780487804878053,0.0,0.0,0,0.0,0.44711989356475085,0.0,0.0012283439443143951,1.0,Nagare,0.07842898167388188,0.8833344238700582,2.0,0
2016-06-17,0.2663623815797729,2.0,0.48780487804878053,0.0,0.0,0,0.0,0.44711989356475085,0.0,0.0011914936259849631,1.0,Nagare,0.07842898167388188,0.8833344238700582,2.0,0
2016-06-20,0.26598092728527517,2.0,0.48780487804878053,0.0,0.0,0,0.0,0.44711989356475085,0.0,0.0011557488172054143,1.0,Nagare,0.07842898167388188,0.8833344238700582,2.0,0
2016-06-21,0.24304598782859657,3.0,0.3278688524590164,0.0,0.0,0,0.0,0.6652271587176226,0.0,0.0011210763526892519,0.004395814356877303,Utsuroi,0.07842898167388188,0.8833344238700582,2.0,0
2016-06-22,0.2450963046615221,2.0,0.48780487804878053,0.0,0.0,0,0.0,0.44711989356475085,0.0,0.0010874440621085743,0.009702557711501969,Nagare,0.07842898167388188,0.8833344238700582,2.0,0
2016-06-23,0.24602609950436038,2.0,0.48780487804878053,0.0,0.0,0,0.0,0.44711989356475085,0.0,0.001054820740245317,1.0,Nagare,0.07842898167388188,0.8833344238700582,2.0,0
2016-06-24,0.26111738503042853,2.0,0.48780487804878053,0.0,0.0,0,0.0,0.44711989356475085,0.0,0.0010231761180379574,1.0,Nagare,0.07842898167388188,0.8833344238700582,2.0,0
2016-06-27,0.27816362381579773,2.0,0.48780487804878053,0.0,0.0,0,0.0,0.44711989356475085,0.0,0.0009924808344968187,1.0,Nagare,0.07842898167388188,0.8833344238700582,2.0,0
2016-06-28,0.2914906832298137,2.0,0.48780487804878053,0.0,0.0,0,0.0,0.44711989356475085,0.0,0.000962706409461914,1.0,Nagare,0.07842898167388188,0.8833344238700582,2.0,0
2016-06-29,0.2934933182759269,2.0,0.48780487804878053,0.0,0.0,0,0.0,0.44711989356475085,0.0,0.0009338252171780566,1.0,Nagare,0.07842898167388188,0.8833344238700582,2.0,0
2016-06-30,0.278449714536671,2.0,0.48780487804878053,0.0,0.0,0,0.0,0.44711989356475085,0.0,0.0009058104606627148,1.0,Nagare,0.07842898167388188,0.8833344238700582,2.0,0
2016-07-01,0.2871907318171249,2.0,0.48780487804878053,0.0,0.0,0,0.0,0.44711989356475085,0.0,0.0008786361468428334,1.0,Nagare,0.07842898167388188,0.8833344238700582,2.0,0
2016-07-05,0.2960204529769748,2.0,0.48780487804878053,0.0,0.0,0,0.0,0.44711989356475085,0.0,0.0008522770624375483,1.0,Nagare,0.07842898167388188,0.8833344238700582,2.0,0
2016-07-06,0.2832655750047055,2.0,0.48780487804878053,0.0,0.0,0,0.0,0.44711989356475085,0.0,0.0008267087505644218,1.0,Nagare,0.07842898167388188,0.8833344238700582,2.0,0
2016-07-07,0.3002164502164503,3.0,0.3278688524590164,0.0,0.0,0,0.0,0.6652271587176226,0.0,0.0008019074880474892,0.004395814356877303,Utsuroi,0.07842898167388188,0.8833344238700582,2.0,0
2016-07-08,0.32336595771378385,3.0,0.3278688524590164,0.0,0.0,0,0.0,0.6652271587176226,0.0,0.0007778502634060645,1.0,Utsuroi,0.07842898167388188,0.8833344238700582,2.0,0
2016-07-11,0.3156891900370162,2.0,0.48780487804878053,5.472400310524651e-11,0.999999999944276,1,3.0494393084641316e-21,0.44711989356475085,0.5,0.0007545147555038825,0.6870798185245905,Nagare,0.07842898167388188,0.8833344238700582,2.0,0
2016-07-12,0.3075117635987202,2.0,0.48780487804878053,0.0,0.0,0,0.0,0.44711989356475085,0.0,0.000731879312838766,1.0,Nagare,0.07842898167388188,0.8833344238700582,2.0,0
2016-07-13,0.2841238471673254,2.0,0.48780487804878053,0.0,0.0,0,0.0,0.44711989356475085,0.0,0.000709922933453603,1.0,Nagare,0.07842898167388188,0.8833344238700582,2.0,0
2016-07-14,0.28665098186837323,2.0,0.48780487804878053,0.0,0.0,0,0.0,0.44711989356475085,0.0,0.000688625245449995,1.0,Nagare,0.07842898167388188,0.8833344238700582,2.0,0
2016-07-15,0.28548277809147377,2.0,0.48780487804878053,0.0,0.0,0,0.0,0.44711989356475085,0.0,0.0006679664880864951,1.0,Nagare,0.07842898167388188,0.8833344238700582,2.0,0
2016-07-18,0.29666415709893973,2.0,0.48780487804878053,0.0,0.0,0,0.0,0.44711989356475085,0.0,0.0006479274934439003,1.0,Nagare,0.07842898167388188,0.8833344238700582,2.0,0
2016-07-19,0.3067250141163184,2.0,0.48780487804878053,0.0,0.0,0,0.0,0.44711989356475085,0.0,0.0006284896686405833,1.0,Nagare,0.07842898167388188,0.8833344238700582,2.0,0
2016-07-20,0.31363887320409056,2.0,0.48780487804878053,0.0,0.0,0,0.0,0.44711989356475085,0.0,0.0006096349785813657,1.0,Nagare,0.07842898167388188,0.8833344238700582,2.0,0
2016-07-21,0.3144971453667106,2.0,0.48780487804878053,0.0,0.0,0,0.0,0.44711989356475085,0.0,0.0005913459292239248,1.0,Nagare,0.07842898167388188,0.8833344238700582,2.0,0
2016-07-22,0.3142110546458373,1.5,0.6451612903225806,0.0,0.0,0,0.0,0.33806626098815146,0.0,0.000573605551347207,0.03236303777811034,Nagare,0.07842898167388188,0.8833344238700582,2.0,0
2016-07-25,0.31621368969195063,2.0,0.48780487804878053,0.0,0.0,0,0.0,0.44711989356475085,0.0,0.0005563973848067907,0.018635431909863165,Nagare,0.07842898167388188,0.8833344238700582,2.0,0
2016-07-26,0.31011042097998626,2.0,0.48780487804878053,0.0,0.0,0,0.0,0.44711989356475085,0.0,0.000539705463262587,1.0,Nagare,0.07842898167388188,0.8833344238700582,2.0,0
2016-07-27,0.3193606876215572,2.0,0.48780487804878053,0.0,0.0,0,0.0,0.44711989356475085,0.0,0.0005235142993647093,1.0,Nagare,0.07842898167388188,0.8833344238700582,2.0,0
2016-07-28,0.30944287596461517,2.0,0.48780487804878053,0.0,0.0,0,0.0,0.44711989356475085,0.0,0.000507808870383768,1.0,Nagare,0.07842898167388188,0.8833344238700582,2.0,0
2016-07-29,0.29773699730221465,2.0,0.48780487804878053,0.0,0.0,0,0.0,0.44711989356475085,0.0,0.0004925746042722549,1.0,Nagare,0.07842898167388188,0.8833344238700582,2.0,0
2016-08-01,0.3154269402095489,2.0,0.48780487804878053,0.0,0.0,0,0.0,0.44711989356475085,0.0,0.00047779736614408724,1.0,Nagare,0.07842898167388188,0.8833344238700582,2.0,0
2016-08-02,0.2946376811594203,1.0,0.9523809523809523,0.0,0.0,0,0.0,0.2290126284114429,0.0,0.00046346344515976463,0.10838232869723363,Nagare,0.07842898167388188,0.8833344238700582,2.0,0
2016-08-03,0.271964991530209,1.5,0.6451612903225806,2.469158211193888e-11,0.9999999999743084,1,6.343652630904266e-22,0.33806626098815146,0.5,0.0004495595418049717,0.1608569363013076,Nagare,0.07842898167388188,0.8833344238700582,2.0,0
2016-08-04,0.2546803438107786,1.0,0.9523809523809523,5.557332372042684e-12,0.9999999999934427,1,3.64411525277616e-23,0.2290126284114429,0.5,0.0004360727555508225,0.3605224460505658,Nagare,0.07842898167388188,0.8833344238700582,2.0,0
2016-08-05,0.2573743647656691,1.5,0.6451612903225806,6.162848009669091e-12,0.9999999999928372,1,4.414340726730756e-23,0.33806626098815146,0.5,0.0004229905728842978,0.2127128081927424,Nagare,0.07842898167388188,0.8833344238700582,2.0,0
2016-08-08,0.2446671685802121,2.0,0.48780487804878053,4.623190719128767e-12,0.9999999999943768,1,2.5996980871706756e-23,0.44711989356475085,0.5,0.0004103008556977689,0.11909846217793263,Nagare,0.07842898167388188,0.8833344238700582,2.0,0
2016-08-09,0.2082621243490809,1.0,0.9523809523809523,4.337752379499204e-12,0.9999999999946623,1,2.3153752126865737e-23,0.2290126284114429,0.5,0.00039799183002683583,0.34273545095815405,Nagare,0.07842898167388188,0.8833344238700582,2.0,0
2016-08-10,0.21670180061484412,1.5,0.6451612903225806,7.095990461859416e-12,0.999999999991904,1,5.744891412137324e-23,0.33806626098815146,0.5,0.00038605207512603073,0.2127128081927424,Nagare,0.07842898167388188,0.8833344238700582,2.0,0
2016-08-11,0.21326871196436412,1.5,0.6451612903225806,1.0299983088594082e-11,0.9999999999887,1,1.1638940686122747e-22,0.33806626098815146,0.5,0.0003744705128722498,1.0,Nagare,0.07842898167388188,0.8833344238700582,2.0,0
2016-08-12,0.2204686617730096,1.5,0.6451612903225806,6.3686833584331e-12,0.9999999999926313,1,4.6928670192354724e-23,0.33806626098815146,0.5,0.00036323639748608226,1.0,Nagare,0.07842898167388188,0.8833344238700582,2.0,0
2016-08-15,0.23145931363322672,1.0,0.9523809523809523,1.087963052974416e-11,0.9999999999881204,1,1.29245750318106e-22,0.2290126284114429,0.5,0.0003523393055614998,0.3605224460505658,Nagare,0.07842898167388188,0.8833344238700582,2.0,0
2016-08-16,0.1716663529707008,2.0,0.48780487804878053,8.14637246544822e-12,0.9999999999908536,1,7.450957659982613e-23,0.44711989356475085,0.5,0.0003417691263946548,0.12917330497312407,Nagare,0.07842898167388188,0.8833344238700582,2.0,0
2016-08-17,0.17395507873768742,2.0,0.48780487804878053,8.127609696332226e-12,0.9999999999908724,1,7.41854692758734e-23,0.44711989356475085,0.5,0.00033151605260281513,1.0,Nagare,0.07842898167388188,0.8833344238700582,2.0,0
2016-08-18,0.16971139971139973,1.5,0.6451612903225806,6.593725565522935e-12,0.9999999999924063,1,5.0070796534588976e-23,0.33806626098815146,0.5,0.0003215705710247307,0.18677332715131945,Nagare,0.07842898167388188,0.8833344238700582,2.0,0
2016-08-19,0.2349877658573311,2.0,0.48780487804878053,1.2971734797320763e-11,0.9999999999860283,1,1.8123735149351602e-22,0.44711989356475085,0.5,0.0003119234538939887,0.11909846217793263,Nagare,0.07842898167388188,0.8833344238700582,2.0,0
2016-08-22,0.23792019574628276,1.0,0.9523809523809523,3.3418268152137715e-11,0.9999999999655818,1,1.150198175190522e-21,0.2290126284114429,0.5,0.00030256575027716903,0.34273545095815405,Nagare,0.07842898167388188,0.8833344238700582,2.0,0
2016-08-23,0.251104209799862,3.0,0.3278688524590164,1.3606782367397276e-11,0.9999999999853932,1,1.9875100775712418e-22,0.6652271587176226,0.5,0.00029348877776885394,0.06086116582663037,Utsuroi,0.07842898167388188,0.8833344238700582,2.0,0
2016-08-24,0.2676497898237029,1.0,0.9523809523809523,1.4998335906441154e-11,0.9999999999840017,1,2.3994808408180584e-22,0.2290126284114429,0.5,0.0002846841144357883,0.32613163473654705,Nagare,0.07842898167388188,0.8833344238700582,2.0,0
2016-08-25,0.28429073342116823,3.0,0.3278688524590164,2.0369150810267464e-11,0.9999999999786309,1,4.352710049456743e-22,0.6652271587176226,0.5,0.00027614359100271466,0.06086116582663037,Utsuroi,0.07842898167388188,0.8833344238700582,2.0,0
2016-08-26,0.301027040592258,2.0,0.48780487804878053,1.1005651944722796e-10,0.9999999998889435,1,1.2222491558324411e-20,0.44711989356475085,0.5,0.0002678592832726332,0.11108005304194601,Nagare,0.07842898167388188,0.8833344238700582,2.0,0
2016-08-29,0.314592508940335,2.0,0.48780487804878053,6.851441636015942e-11,0.9999999999304856,1,4.762738150042203e-21,0.44711989356475085,0.5,0.00025982350477445423,1.0,Nagare,0.07842898167388188,0.8833344238700582,2.0,0
2016-08-30,0.2964495890582847,3.0,0.3278688524590164,0.5809857545718369,0.7322721838230182,2,0.15554604730145383,0.6652271587176226,1.0,0.0002520287996312206,0.09575982679455164,Utsuroi,0.07842898167388188,0.8833344238700582,2.0,0
2016-08-31,0.277996737561955,3.0,0.3278688524590164,4.149114385308664e-11,0.9999999999575089,1,1.7630052442725792e-21,0.6652271587176226,0.5,0.000244467935642284,0.8087859234285811,Utsuroi,0.07842898167388188,0.8833344238700582,2.0,0
2016-09-01,0.33154338415207985,3.5,0.28169014084507044,0.0,0.0,0,0.0,0.774280791293895,0.0,0.00023713389757301545,0.5569893089936672,Utsuroi,0.07842898167388188,0.8833344238700582,2.0,0
2016-09-02,0.3368122215948303,3.0,0.3278688524590164,0.0,0.0,0,0.0,0.6652271587176226,0.0,0.000230019880645825,0.0024576879528726003,Utsuroi,0.07842898167388188,0.8833344238700582,2.0,0
2016-09-06,0.3723351527699354,4.0,0.2469135802469136,2.7424951198492052e-11,0.9999999999715751,1,7.795522927621336e-22,0.8833344238700582,0.5,0.00022311928422645024,0.14616106867499212,Katashi,0.07842898167388188,0.8833344238700582,2.0,0
2016-09-07,0.4109097183010227,3.0,0.3278688524590164,2.5042745654618733e-11,0.9999999999739573,1,6.521813015964134e-22,0.6652271587176226,0.5,0.00021642570569965674,0.052712546501291535,Utsuroi,0.07842898167388188,0.8833344238700582,2.0,0
2016-09-08,0.4227586423238598,3.0,0.3278688524590164,7.90562170968976e-10,0.9999999992084379,1,6.257790910972255e-19,0.6652271587176226,0.5,0.00020993293452866704,1.0,Utsuroi,0.07842898167388188,0.8833344238700582,2.0,0
2016-09-09,0.4465041721563461,3.0,0.3278688524590164,3.7225555970346483e-11,0.9999999999617745,1,1.4229667498055927e-21,0.6652271587176226,0.5,0.00020363494649280702,1.0,Utsuroi,0.07842898167388188,0.8833344238700582,2.0,0
2016-09-12,0.4668642951251647,3.0,0.3278688524590164,6.278511044196316e-11,0.9999999999362149,1,4.004753814864524e-21,0.6652271587176226,0.5,0.0001975258980980228,1.0,Utsuroi,0.07842898167388188,0.8833344238700582,2.0,0
2016-09-13,0.5481140598531904,2.0,0.48780487804878053,0.4356594289986784,0.8424054807876741,2,0.06865753825336317,0.44711989356475085,1.0,0.0001916001211550821,0.9252017144858288,Nagare,0.07842898167388188,0.8833344238700582,2.0,0
2016-09-14,0.5614649601606125,2.0,0.48780487804878053,2.3612800600889197e-10,0.999999999762872,1,5.599255801082515e-20,0.44711989356475085,0.5,0.00018585211752042964,0.6179879073049814,Nagare,0.07842898167388188,0.8833344238700582,2.0,0
2016-09-15,0.5445140849488675,2.5,0.3921568627450981,0.0,0.0,0,0.0,0.5561735261412413,0.0,0.00018027655399481673,0.55881751549884,Utsuroi,0.07842898167388188,0.8833344238700582,2.0,0
2016-09-16,0.5638013677144113,2.0,0.48780487804878053,0.0,0.0,0,0.0,0.44711989356475085,0.0,0.00017486825737497223,0.0112859819043164,Nagare,0.07842898167388188,0.8833344238700582,2.0,0
2016-09-19,0.5719072714724888,1.5,0.6451612903225806,0.0,0.0,0,0.0,0.33806626098815146,0.0,0.00016962220965372306,0.03236303777811034,Nagare,0.07842898167388188,0.8833344238700582,2.0,0
2016-09-20,0.5402465650291737,1.0,0.9523809523809523,0.0,0.0,0,0.0,0.2290126284114429,0.0,0.00016453354336411137,0.13251142430552298,Nagare,0.07842898167388188,0.8833344238700582,2.0,0
2016-09-21,0.557936507936508,1.0,0.9523809523809523,5.952061066055826e-11,0.9999999999394794,1,3.602222387477003e-21,0.2290126284114429,0.5,0.00015959753706318804,0.32428135595398844,Nagare,0.07842898167388188,0.8833344238700582,2.0,0
2016-09-22,0.5790833803877281,2.0,0.48780487804878053,0.0,0.0,0,0.0,0.44711989356475085,0.0,0.0001548096109512924,0.31295014282760736,Nagare,0.07842898167388188,0.8833344238700582,2.0,0
2016-09-23,0.5801323796975971,2.0,0.48780487804878053,0.0,0.0,0,0.0,0.44711989356475085,0.0,0.00015016532262275364,1.0,Nagare,0.07842898167388188,0.8833344238700582,2.0,0
2016-09-26,0.5690702051571618,2.0,0.48780487804878053,0.0,0.0,0,0.0,0.44711989356475085,0.0,0.00014566036294407102,1.0,Nagare,0.07842898167388188,0.8833344238700582,2.0,0
2016-09-27,0.5477087646652865,1.0,0.9523809523809523,1.5056267342845056e-10,0.9999999998484373,1,2.281967797437461e-20,0.2290126284114429,0.5,0.00014129055205574888,0.9884041275028336,Nagare,0.07842898167388188,0.8833344238700582,2.0,0
2016-09-28,0.5093726080682602,1.5,0.6451612903225806,0.6759290499206602,0.5925177822733843,2,0.27542906828751496,0.33806626098815146,1.0,0.00013705183549407642,0.08257184907319526,Nagare,0.07842898167388188,0.8833344238700582,2.0,0
2016-09-29,0.5080375180375181,2.0,0.48780487804878053,6.38945563103997e-11,0.9999999999351055,1,4.146407469090253e-21,0.44711989356475085,0.5,0.00013294028042925413,0.9992015416934269,Nagare,0.07842898167388188,0.8833344238700582,2.0,0
2016-09-30,0.48250392119957336,2.0,0.48780487804878053,3.5688119125903146e-11,0.9999999999633119,1,1.3093291764119748e-21,0.44711989356475085,0.5,0.0001289520720163765,1.0,Nagare,0.07842898167388188,0.8833344238700582,2.0,0
2016-10-03,0.49749984315201706,2.0,0.48780487804878053,4.59463578284057e-11,0.9999999999530537,1,2.1570131391624438e-21,0.44711989356475085,0.5,0.0001250835098558852,1.0,Nagare,0.07842898167388188,0.8833344238700582,2.0,0
2016-10-04,0.5027686805947676,2.0,0.48780487804878053,4.4873216252852826e-11,0.9999999999541268,1,2.058477760502609e-21,0.44711989356475085,0.5,0.00012133100456020864,1.0,Nagare,0.07842898167388188,0.8833344238700582,2.0,0
2016-10-05,0.5128533785055526,2.0,0.48780487804878053,0.0,0.0,0,0.0,0.44711989356475085,0.0,0.00011769107442340237,1.0,Nagare,0.07842898167388188,0.8833344238700582,2.0,0
2016-10-06,0.5010998180563399,1.0,0.9523809523809523,0.0,0.0,0,0.0,0.2290126284114429,0.0,0.0001141603421907003,0.10838232869723363,Nagare,0.07842898167388188,0.8833344238700582,2.0,0
2016-10-07,0.48338603425559956,2.0,0.48780487804878053,0.0,0.0,0,0.0,0.44711989356475085,0.0,0.00011073553192497929,0.029859267178358517,Nagare,0.07842898167388188,0.8833344238700582,2.0,0
2016-10-10,0.4638365016625887,3.0,0.3278688524590164,0.0,0.0,0,0.0,0.6652271587176226,0.0,0.0001074134659672299,0.004395814356877303,Utsuroi,0.07842898167388188,0.8833344238700582,2.0,0
2016-10-11,0.46033189033189037,3.0,0.3278688524590164,0.0,0.0,0,0.0,0.6652271587176226,0.0,0.000104191061988213,1.0,Utsuroi,0.07842898167388188,0.8833344238700582,2.0,0
2016-10-12,0.44469226425748176,2.0,0.48780487804878053,0.0,0.0,0,0.0,0.44711989356475085,0.0,0.00010106533012856661,0.009702557711501969,Nagare,0.07842898167388188,0.8833344238700582,2.0,0
2016-10-13,0.3832066001631219,2.0,0.48780487804878053,0.0,0.0,0,0.0,0.44711989356475085,0.0,9.803337022470961e-05,1.0,Nagare,0.07842898167388188,0.8833344238700582,2.0,0
2016-10-14,0.38554300771692085,2.0,0.48780487804878053,0.0,0.0,0,0.0,0.44711989356475085,0.0,9.509236911796832e-05,1.0,Nagare,0.07842898167388188,0.8833344238700582,2.0,0
2016-10-17,0.3845655310872703,3.0,0.3278688524590164,0.0,0.0,0,0.0,0.6652271587176226,0.0,9.223959804442927e-05,0.004395814356877303,Utsuroi,0.07842898167388188,0.8833344238700582,2.0,0
2016-10-18,0.40993224167137216,2.0,0.48780487804878053,0.0,0.0,0,0.0,0.44711989356475085,0.0,8.947241010309639e-05,0.009702557711501969,Nagare,0.07842898167388188,0.8833344238700582,2.0,0
2016-10-19,0.4110289227680533,3.0,0.3278688524590164,0.0,0.0,0,0.0,0.6652271587176226,0.0,8.67882378000035e-05,0.004395814356877303,Utsuroi,0.07842898167388188,0.8833344238700582,2.0,0
2016-10-20,0.417442123094297,2.5,0.3921568627450981,0.0,0.0,0,0.0,0.5561735261412413,0.0,8.418459066600339e-05,0.0048996888035928166,Utsuroi,0.07842898167388188,0.8833344238700582,2.0,0
2016-10-21,0.35278562017692455,2.5,0.3921568627450981,0.0,0.0,0,0.0,0.5561735261412413,0.0,8.165905294602328e-05,1.0,Utsuroi,0.07842898167388188,0.8833344238700582,2.0,0
2016-10-24,0.29845222410439803,2.0,0.48780487804878053,0.0,0.0,0,0.0,0.44711989356475085,0.0,7.920928135764258e-05,0.0112859819043164,Nagare,0.07842898167388188,0.8833344238700582,2.0,0
2016-10-25,0.29473304473304474,3.0,0.3278688524590164,0.0,0.0,0,0.0,0.6652271587176226,0.0,7.683300291691331e-05,0.004395814356877303,Utsuroi,0.07842898167388188,0.8833344238700582,2.0,0
2016-10-26,0.3082508312943096,2.5,0.3921568627450981,0.0,0.0,0,0.0,0.5561735261412413,0.0,7.45280128294059e-05,0.0048996888035928166,Utsuroi,0.07842898167388188,0.8833344238700582,2.0,0
2016-10-27,0.3008571106772511,2.5,0.3921568627450981,4.2480130523380214e-11,0.9999999999565199,1,1.847040680113375e-21,0.5561735261412413,0.5,7.229217244452373e-05,0.6321890294176279,Utsuroi,0.07842898167388188,0.8833344238700582,2.0,0
2016-10-28,0.27454711920331776,2.0,0.48780487804878053,3.4171887541227054e-11,0.9999999999648281,1,1.2018890297516826e-21,0.44711989356475085,0.5,7.012340727118801e-05,0.11250138090707307,Nagare,0.07842898167388188,0.8833344238700582,2.0,0
2016-10-31,0.26877694288880527,2.0,0.48780487804878053,1.6482593068037678e-11,0.9999999999825174,1,2.881581026937613e-22,0.44711989356475085,0.5,6.801970505305237e-05,1.0,Nagare,0.07842898167388188,0.8833344238700582,2.0,0
2016-11-01,0.2541733418433887,2.0,0.48780487804878053,4.19376755535718e-11,0.9999999999570623,1,1.800705378695343e-21,0.44711989356475085,0.5,6.59791139014608e-05,1.0,Nagare,0.07842898167388188,0.8833344238700582,2.0,0
2016-11-02,0.23601782477128405,3.5,0.28169014084507044,0.0,0.0,0,0.0,0.774280791293895,0.0,6.399974048441697e-05,0.17263131874292537,Utsuroi,0.07842898167388188,0.8833344238700582,2.0,0
2016-11-03,0.23126319274093735,3.5,0.28169014084507044,0.0,0.0,0,0.0,0.774280791293895,0.0,6.207974826988446e-05,1.0,Utsuroi,0.07842898167388188,0.8833344238700582,2.0,0
2016-11-04,0.2098409345710204,3.0,0.3278688524590164,0.0,0.0,0,0.0,0.6652271587176226,0.0,6.0217355821787924e-05,0.0024576879528726003,Utsuroi,0.07842898167388188,0.8833344238700582,2.0,0
2016-11-07,0.17827443349380315,3.5,0.28169014084507044,0.0,0.0,0,0.0,0.774280791293895,0.0,5.841083514713429e-05,0.0018147260883334404,Utsuroi,0.07842898167388188,0.8833344238700582,2.0,0
2016-11-08,0.16331299009929537,3.0,0.3278688524590164,7.781197907919326e-11,0.999999999921188,1,6.132514346206799e-21,0.6652271587176226,0.5,5.665851009272026e-05,0.861238724546302,Utsuroi,0.07842898167388188,0.8833344238700582,2.0,0
2016-11-09,0.14881649462944196,2.0,0.48780487804878053,4.071487591430141e-11,0.9999999999582851,1,1.6984150959835773e-21,0.44711989356475085,0.5,5.495875478993865e-05,0.11108005304194601,Nagare,0.07842898167388188,0.8833344238700582,2.0,0
2016-11-10,0.06962034378989543,3.0,0.3278688524590164,1.1554757151010468e-11,0.9999999999874453,1,1.4506691435963913e-22,0.6652271587176226,0.5,5.330999214624049e-05,0.05481094565525624,Utsuroi,0.07842898167388188,0.8833344238700582,2.0,0
2016-11-11,0.09463494999788645,3.0,0.3278688524590164,0.0,0.0,0,0.0,0.6652271587176226,0.0,5.171069238185327e-05,1.0,Utsuroi,0.07842898167388188,0.8833344238700582,2.0,0
2016-11-14,0.11560545673826066,2.0,0.48780487804878053,0.0,0.0,0,0.0,0.44711989356475085,0.0,5.015937161039767e-05,0.009702557711501969,Nagare,0.07842898167388188,0.8833344238700582,2.0,0
2016-11-15,0.15427877966037565,1.0,0.9523809523809523,0.0,0.0,0,0.0,0.2290126284114429,0.0,4.865459046208574e-05,0.10838232869723363,Nagare,0.07842898167388188,0.8833344238700582,2.0,0
2016-11-16,0.17641690434012133,1.0,0.9523809523809523,0.0,0.0,0,0.0,0.2290126284114429,0.0,4.7194952748223166e-05,1.0,Nagare,0.07842898167388188,0.8833344238700582,2.0,0
2016-11-17,0.1260624459734804,2.0,0.48780487804878053,0.0,0.0,0,0.0,0.44711989356475085,0.0,4.577910416577647e-05,0.029859267178358517,Nagare,0.07842898167388188,0.8833344238700582,2.0,0
2016-11-18,0.1253592776601763,2.0,0.48780487804878053,0.0,0.0,0,0.0,0.44711989356475085,0.0,4.4405731040803175e-05,1.0,Nagare,0.07842898167388188,0.8833344238700582,2.0,0
2016-11-21,0.18916556873078616,2.0,0.48780487804878053,0.0,0.0,0,0.0,0.44711989356475085,0.0,4.307355910957908e-05,1.0,Nagare,0.07842898167388188,0.8833344238700582,2.0,0
2016-11-22,0.19536420101637494,2.0,0.48780487804878053,0.0,0.0,0,0.0,0.44711989356475085,0.0,4.1781352336291706e-05,1.0,Nagare,0.07842898167388188,0.8833344238700582,2.0,0
2016-11-23,0.19245561202082942,1.0,0.9523809523809523,0.0,0.0,0,0.0,0.2290126284114429,0.0,4.052791176620295e-05,0.10838232869723363,Nagare,0.07842898167388188,0.8833344238700582,2.0,0
2016-11-25,0.21181441746659138,2.0,0.48780487804878053,1.7041035249414216e-11,0.999999999981959,1,3.0743754064694434e-22,0.44711989356475085,0.5,3.931207441321686e-05,0.07210654693871943,Nagare,0.07842898167388188,0.8833344238700582,2.0,0
2016-11-28,0.19600790513833993,2.0,0.48780487804878053,0.4721839621860585,0.8194780896657813,2,0.08523955088300778,0.44711989356475085,1.0,3.813271218082035e-05,0.3057977743987256,Nagare,0.07842898167388188,0.8833344238700582,2.0,0
2016-11-29,0.20656942091724706,2.0,0.48780487804878053,0.6776201829487201,0.58788192968825,2,0.2792595222011215,0.44711989356475085,1.0,3.698873081539574e-05,0.3659089888200364,Nagare,0.07842898167388188,0.8833344238700582,2.0,0
2016-11-30,0.21486605182257357,2.0,0.48780487804878053,0.19951772508828583,0.9496591193284242,2,0.010043897990533667,0.44711989356475085,1.0,3.5879068890933865e-05,0.9705196634616968,Nagare,0.07842898167388188,0.8833344238700582,2.0,0
2016-12-01,0.2010144927536232,2.0,0.48780487804878053,0.2015334755579298,0.9489711783983134,2,0.010284015771013476,0.44711989356475085,1.0,3.480269682420585e-05,0.9698155166640922,Nagare,0.07842898167388188,0.8833344238700582,2.0,0
2016-12-02,0.23377188029361942,2.0,0.48780487804878053,0.6807399062768567,0.5785998577485951,2,0.28686389334127543,0.44711989356475085,1.0,3.3758615919479675e-05,0.35575278783475606,Nagare,0.07842898167388188,0.8833344238700582,2.0,0
2016-12-05,0.26679151766108283,2.0,0.48780487804878053,0.5584601649095857,0.7534973755637838,2,0.13766189629329495,0.44711989356475085,1.0,3.274585744189528e-05,0.6252279211209364,Nagare,0.07842898167388188,0.8833344238700582,2.0,0
2016-12-06,0.2738245812158856,2.0,0.48780487804878053,0.6930324333026259,0.5075743933099585,2,0.3412669164249213,0.44711989356475085,1.0,3.176348171863842e-05,0.29215023935882534,Nagare,0.07842898167388188,0.8833344238700582,2.0,0
2016-12-07,0.31552230378317336,1.0,0.9523809523809523,1.047806286174193e-11,0.999999999988522,1,1.2026763240426833e-22,0.2290126284114429,0.5,3.081057726707927e-05,0.5817495378110864,Nagare,0.07842898167388188,0.8833344238700582,2.0,0
2016-12-08,0.35140284835937013,2.0,0.48780487804878053,9.580114479435006e-12,0.9999999999894199,1,1.0135849599043542e-22,0.44711989356475085,0.5,2.9886259949066892e-05,0.12917330497312407,Nagare,0.07842898167388188,0.8833344238700582,2.0,0
2016-12-09,0.3432731037078864,1.0,0.9523809523809523,0.31885695627454413,0.9028134000696814,2,0.030988623444453224,0.2290126284114429,1.0,2.8989672150594884e-05,0.669348349594655,Nagare,0.07842898167388188,0.8833344238700582,2.0,0
2016-12-12,0.3537630968065751,1.5,0.6451612903225806,4.5300430073632355e-12,0.99999999999447,1,2.5051232443647237e-23,0.33806626098815146,0.5,2.8119981986077037e-05,0.8754962868005994,Nagare,0.07842898167388188,0.8833344238700582,2.0,0
2016-12-13,0.3593895476504173,2.0,0.48780487804878053,4.831912647757101e-12,0.9999999999941681,1,2.817918559317264e-23,0.44711989356475085,0.5,2.7276382526494727e-05,0.11909846217793263,Nagare,0.07842898167388188,0.8833344238700582,2.0,0
2016-12-14,0.41017065060543323,2.0,0.48780487804878053,0.5133520669947991,0.7904558573474121,2,0.10756991875735905,0.44711989356475085,1.0,2.6458091050699884e-05,0.30209019693981853,Nagare,0.07842898167388188,0.8833344238700582,2.0,0
2016-12-15,0.3945548654244308,1.0,0.9523809523809523,0.4756324505250844,0.8171868827328923,2,0.08695185095388405,0.2290126284114429,1.0,2.5664348319178886e-05,0.5475154967643817,Nagare,0.07842898167388188,0.8833344238700582,2.0,0
2016-12-16,0.38413639500596025,1.0,0.9523809523809523,0.9287339650171691,0.6159172779833949,3,0.3567106693130688,0.2290126284114429,1.5,2.489441786960352e-05,0.09737921303941888,Nagare,0.07842898167388188,0.8833344238700582,2.0,0
2016-12-19,0.3738371290545204,1.0,0.9523809523809523,0.6500689720533458,0.6456982909630784,2,0.23032054779037525,0.2290126284114429,1.0,2.4147585333515413e-05,0.070129140486619,Nagare,0.07842898167388188,0.8833344238700582,2.0,0
2016-12-20,0.38692577953447527,1.0,0.9523809523809523,0.6339284120816363,0.6703529330175303,2,0.2089726417195658,0.2290126284114429,1.0,2.342315777350995e-05,0.39048299553803145,Nagare,0.07842898167388188,0.8833344238700582,2.0,0
2016-12-21,0.3434876717485413,1.0,0.9523809523809523,0.38934657593234456,0.8684372996143681,2,0.051223486915558725,0.2290126284114429,1.0,2.2720463040304653e-05,0.8148012216738862,Nagare,0.07842898167388188,0.8833344238700582,2.0,0
2016-12-22,0.3121607378129117,2.0,0.48780487804878053,0.6803002039675672,0.5799745793713497,2,0.285743379325234,0.44711989356475085,1.0,2.2038849149095512e-05,0.1864464438856256,Nagare,0.07842898167388188,0.8833344238700582,2.0,0
2016-12-23,0.31981366459627336,2.0,0.48780487804878053,0.5777272780617865,0.7354844209135553,2,0.15281786551054893,0.44711989356475085,1.0,2.1377683674622647e-05,0.5905928654307208,Nagare,0.07842898167388188,0.8833344238700582,2.0,0
2016-12-27,0.2917290921638748,2.0,0.48780487804878053,0.6929499223563661,0.5099308920188923,2,0.3395933503247622,0.44711989356475085,1.0,2.0736353164383967e-05,0.29388862991368503,Nagare,0.07842898167388188,0.8833344238700582,2.0,0
2016-12-28,0.28598343685300215,1.0,0.9523809523809523,0.6885311218093636,0.5480049565136609,2,0.31121265434392115,0.2290126284114429,1.0,2.011426256945245e-05,0.5529265351548235,Nagare,0.07842898167388188,0.8833344238700582,2.0,0
2016-12-29,0.32296066252587996,1.5,0.6451612903225806,0.2595698598606482,0.9276914757214199,2,0.018769113513721323,0.33806626098815146,1.0,1.9510834692368874e-05,0.9448475998138393,Nagare,0.07842898167388188,0.8833344238700582,2.0,0
2016-12-30,0.32243616287094556,1.0,0.9523809523809523,0.20825155629911066,0.9466541183278157,2,0.011109362880380594,0.2290126284114429,1.0,1.8925509651597806e-05,0.5831021609895239,Nagare,0.07842898167388188,0.8833344238700582,2.0,0
2017-01-03,0.3035541752933057,0.0,20.0,0.4169652270971166,0.8532867723221157,2,0.06117431429686,0.010905363257698664,1.0,1.835774436204987e-05,0.05041042746979907,Nagare,0.07842898167388188,0.8833344238700582,2.0,0
2017-01-04,0.340173787565092,0.0,20.0,0.4548371098634415,0.8306606564634313,2,0.07702181760034534,0.010905363257698664,1.0,1.7807012031188373e-05,0.911092331484297,Nagare,0.07842898167388188,0.8833344238700582,2.0,0
2017-01-05,0.3529048246439551,0.0,20.0,7.96107624263996e-12,0.999999999991039,1,7.13396350713815e-23,0.010905363257698664,0.5,1.727280167025272e-05,0.8803569815377097,Nagare,0.07842898167388188,0.8833344238700582,2.0,0
2017-01-06,0.36709015622059094,1.0,0.9523809523809523,1.0545675443940823e-11,0.9999999999884543,1,1.2175671272509424e-22,0.2290126284114429,0.5,1.6754617620145137e-05,0.8827209794717021,Nagare,0.07842898167388188,0.8833344238700582,2.0,0
2017-01-09,0.35450216450216454,1.0,0.9523809523809523,1.038713559602617e-11,0.9999999999886129,1,1.182794917056218e-22,0.2290126284114429,0.5,1.6251979091540784e-05,1.0,Nagare,0.07842898167388188,0.8833344238700582,2.0,0
2017-01-10,0.31478323608758396,1.0,0.9523809523809523,6.622924431070354e-12,0.9999999999923771,1,5.048590594044739e-23,0.2290126284114429,0.5,1.576441971879456e-05,1.0,Nagare,0.07842898167388188,0.8833344238700582,2.0,0
2017-01-11,0.3182640065248762,1.0,0.9523809523809523,5.9738880508792245e-12,0.9999999999930261,1,4.166109434277959e-23,0.2290126284114429,0.5,1.5291487127230724e-05,1.0,Nagare,0.07842898167388188,0.8833344238700582,2.0,0
2017-01-12,0.32653679653679657,0.5,1.8181818181818181,0.4646065736277508,0.8244316697108474,2,0.08157020037318848,0.11995899583462528,1.0,1.48327425134138e-05,0.21732384942077698,Nagare,0.07842898167388188,0.8833344238700582,2.0,0
2017-01-13,0.34041219649915305,1.0,0.9523809523809523,7.840061932956894e-12,0.99999999999116,1,6.930645961020329e-23,0.2290126284114429,0.5,1.4387760238011386e-05,0.7056015971733718,Nagare,0.07842898167388188,0.8833344238700582,2.0,0
2017-01-17,0.3213156408808583,1.0,0.9523809523809523,9.933831535076776e-12,0.9999999999890662,1,1.0861462074951046e-22,0.2290126284114429,0.5,1.3956127430871044e-05,1.0,Nagare,0.07842898167388188,0.8833344238700582,2.0,0
2017-01-18,0.2574204304494314,1.0,0.9523809523809523,9.471756712232732e-12,0.9999999999895283,1,9.918572239692208e-23,0.2290126284114429,0.5,1.3537443607944912e-05,1.0,Nagare,0.07842898167388188,0.8833344238700582,2.0,0
2017-01-19,0.27914110044544826,1.0,0.9523809523809523,8.029465980956254e-12,0.9999999999909706,1,7.25016122950142e-23,0.2290126284114429,0.5,1.3131320299706564e-05,1.0,Nagare,0.07842898167388188,0.8833344238700582,2.0,0
2017-01-20,0.2859119141727838,1.0,0.9523809523809523,1.2025158646538131e-11,0.9999999999869749,1,1.5662933310476895e-22,0.2290126284114429,0.5,1.2737380690715368e-05,1.0,Nagare,0.07842898167388188,0.8833344238700582,2.0,0
2017-01-23,0.3063197189284146,1.0,0.9523809523809523,9.968026404234856e-12,0.999999999989032,1,1.0932935629046244e-22,0.2290126284114429,0.5,1.2355259269993906e-05,1.0,Nagare,0.07842898167388188,0.8833344238700582,2.0,0
2017-01-24,0.3064150825020391,0.0,20.0,1.2929213255478213e-11,0.9999999999860708,1,1.800934826459225e-22,0.010905363257698664,0.5,1.1984601491894089e-05,0.022148007336411535,Nagare,0.07842898167388188,0.8833344238700582,2.0,0
2017-01-25,0.3038641069075852,1.0,0.9523809523809523,5.48272538478836e-12,0.9999999999935173,1,3.5542881742587035e-23,0.2290126284114429,0.5,1.1625063447137267e-05,0.8827209794717021,Nagare,0.07842898167388188,0.8833344238700582,2.0,0
2017-01-26,0.32424807076981,1.0,0.9523809523809523,4.38327152350859e-12,0.9999999999946168,1,2.359624380686537e-23,0.2290126284114429,0.5,1.1276311543723148e-05,1.0,Nagare,0.07842898167388188,0.8833344238700582,2.0,0
2017-01-27,0.329363817759362,1.0,0.9523809523809523,4.6014303478462365e-12,0.9999999999943986,1,2.5774489802442143e-23,0.2290126284114429,0.5,1.0938022197411453e-05,1.0,Nagare,0.07842898167388188,0.8833344238700582,2.0,0
2017-01-30,0.3569020361040032,1.0,0.9523809523809523,4.581557355705557e-12,0.9999999999944185,1,2.5572123807464782e-23,0.2290126284114429,0.5,1.060988153148911e-05,1.0,Nagare,0.07842898167388188,0.8833344238700582,2.0,0
2017-01-31,0.34235688918522234,2.0,0.48780487804878053,1.4285461702340492e-11,0.9999999999847146,1,2.183595617340535e-22,0.44711989356475085,0.5,1.0291585085544436e-05,0.12917330497312407,Nagare,0.07842898167388188,0.8833344238700582,2.0,0
2017-02-01,0.32131588329686256,1.0,0.9523809523809523,1.552757922227136e-11,0.9999999999834724,1,2.5663295223153584e-22,0.2290126284114429,0.5,9.982837532978103e-06,0.34273545095815405,Nagare,0.07842898167388188,0.8833344238700582,2.0,0
2017-02-02,0.3287192449817521,2.0,0.48780487804878053,1.923261549998233e-11,0.9999999999797674,1,3.8912568901553257e-22,0.44711989356475085,0.5,9.68335240698876e-06,0.12917330497312407,Nagare,0.07842898167388188,0.8833344238700582,2.0,0
2017-02-03,0.33601505666260906,2.0,0.48780487804878053,0.0,0.0,0,0.0,0.44711989356475085,0.0,9.392851834779097e-06,1.0,Nagare,0.07842898167388188,0.8833344238700582,2.0,0
2017-02-06,0.2974510681921694,2.0,0.48780487804878053,0.0,0.0,0,0.0,0.44711989356475085,0.0,9.111066279735723e-06,1.0,Nagare,0.07842898167388188,0.8833344238700582,2.0,0
2017-02-07,0.26920944585245987,2.0,0.48780487804878053,1.773903246498321e-11,0.999999999981261,1,3.324119128439058e-22,0.44711989356475085,0.5,8.837734291343652e-06,0.5592486689971765,Nagare,0.07842898167388188,0.8833344238700582,2.0,0
2017-02-08,0.2500407684362071,2.0,0.48780487804878053,0.4459976187190815,0.8361510118238955,2,0.07307625855607354,0.44711989356475085,1.0,8.572602262603341e-06,0.30621688991328444,Nagare,0.07842898167388188,0.8833344238700582,2.0,0
2017-02-09,0.245724568863934,2.0,0.48780487804878053,0.6411980793059682,0.6597546555799967,2,0.21816466133490375,0.44711989356475085,1.0,8.31542419472524e-06,0.4605734779437911,Nagare,0.07842898167388188,0.8833344238700582,2.0,0
2017-02-10,0.24570196856040039,2.0,0.48780487804878053,0.6919681762721885,0.5242748930866801,2,0.3291866346377019,0.44711989356475085,1.0,8.065961468883482e-06,0.30499081127850236,Nagare,0.07842898167388188,0.8833344238700582,2.0,0
2017-02-13,0.22173466987212928,2.0,0.48780487804878053,1.507149960376278e-11,0.9999999999839285,1,2.422212665044272e-22,0.44711989356475085,0.5,7.823982624816978e-06,0.8498186885965695,Nagare,0.07842898167388188,0.8833344238700582,2.0,0
2017-02-14,0.23697277646694184,2.0,0.48780487804878053,2.098810014648257e-11,0.9999999999780119,1,4.614879836174501e-22,0.44711989356475085,0.5,7.589263146072468e-06,1.0,Nagare,0.07842898167388188,0.8833344238700582,2.0,0
2017-02-15,0.24224352873319127,2.0,0.48780487804878053,0.45433082108351375,0.8309787873414622,2,0.07679154632768465,0.44711989356475085,1.0,7.361585251690294e-06,0.30620209220587213,Nagare,0.07842898167388188,0.8833344238700582,2.0,0
2017-02-16,0.247034793166158,2.0,0.48780487804878053,1.9829804464915943e-11,0.9999999999791702,1,4.1305051091662376e-22,0.44711989356475085,0.5,7.140737694139585e-06,0.6293831747053843,Nagare,0.07842898167388188,0.8833344238700582,2.0,0
2017-02-17,0.22251534910724316,2.0,0.48780487804878053,2.6219804105294975e-11,0.9999999999727802,1,7.136973514078704e-22,0.44711989356475085,0.5,6.926515563315397e-06,1.0,Nagare,0.07842898167388188,0.8833344238700582,2.0,0
2017-02-21,0.2060758578604975,2.0,0.48780487804878053,0.0,0.0,0,0.0,0.44711989356475085,0.0,6.718720096415935e-06,1.0,Nagare,0.07842898167388188,0.8833344238700582,2.0,0
2017-02-22,0.20061505425779533,2.0,0.48780487804878053,1.2504522964803277e-09,0.9999999987485477,1,1.5648813713864365e-18,0.44711989356475085,0.5,6.517158493523457e-06,0.5592486689971765,Nagare,0.07842898167388188,0.8833344238700582,2.0,0
2017-02-23,0.18897958720443955,3.0,0.3278688524590164,1.312236762833001e-09,0.9999999986867633,1,1.7232775305958673e-18,0.6652271587176226,0.5,6.3216437387177535e-06,0.05481094565525624,Utsuroi,0.07842898167388188,0.8833344238700582,2.0,0
2017-02-24,0.18504614954560697,2.0,0.48780487804878053,0.0,0.0,0,0.0,0.44711989356475085,0.0,6.131994426556221e-06,0.3027244509554404,Nagare,0.07842898167388188,0.8833344238700582,2.0,0
2017-02-27,0.1695113799693554,2.0,0.48780487804878053,0.0,0.0,0,0.0,0.44711989356475085,0.0,5.9480345937595345e-06,1.0,Nagare,0.07842898167388188,0.8833344238700582,2.0,0
2017-02-28,0.13633440314269932,2.0,0.48780487804878053,0.0,0.0,0,0.0,0.44711989356475085,0.0,5.7695935559467484e-06,1.0,Nagare,0.07842898167388188,0.8833344238700582,2.0,0
2017-03-01,0.11766672940585986,3.0,0.3278688524590164,2.2988833059113572e-11,0.9999999999760112,1,5.514747699329789e-22,0.6652271587176226,0.5,5.596505749268346e-06,0.11138586689347907,Utsuroi,0.07842898167388188,0.8833344238700582,2.0,0
2017-03-02,0.14165066817240732,3.0,0.3278688524590164,0.6770389425634534,0.589502957078602,2,0.27792248386492785,0.6652271587176226,1.0,5.4286105767902955e-06,0.31994752571294716,Utsuroi,0.07842898167388188,0.8833344238700582,2.0,0
2017-03-03,0.14236589497459065,2.0,0.48780487804878053,0.6654159305397418,0.6172048323917383,2,0.2547180026601679,0.44711989356475085,1.0,5.265752259486587e-06,0.32948814910235313,Nagare,0.07842898167388188,0.8833344238700582,2.0,0
2017-03-06,0.1997032436162871,2.0,0.48780487804878053,0.23213153390351823,0.9381118499815955,2,0.014366191194223294,0.44711989356475085,1.0,5.107779691701989e-06,0.957852240071048,Nagare,0.07842898167388188,0.8833344238700582,2.0,0
2017-03-07,0.23281824455737501,2.0,0.48780487804878053,0.20522259653916614,0.9477034389303958,2,0.01073243605277325,0.44711989356475085,1.0,4.9545463009509296e-06,0.9685006426542009,Nagare,0.07842898167388188,0.8833344238700582,2.0,0
2017-03-08,0.268317334839074,2.0,0.48780487804878053,8.178135945881487e-11,0.9999999999172187,1,6.769970305526531e-21,0.44711989356475085,0.5,4.805909911922401e-06,0.5610212528062253,Nagare,0.07842898167388188,0.8833344238700582,2.0,0
2017-03-09,0.2671491310621745,2.0,0.48780487804878053,0.6221605033831817,0.6861321649139577,2,0.19527617027292157,0.44711989356475085,1.0,4.661732614564729e-06,0.2586213397013075,Nagare,0.07842898167388188,0.8833344238700582,2.0,0
2017-03-10,0.29339795470230257,1.0,0.9523809523809523,0.0,0.0,0,0.0,0.2290126284114429,0.0,4.521880636127787e-06,0.6773803244001388,Nagare,0.07842898167388188,0.8833344238700582,2.0,0
2017-03-13,0.26753058535667235,2.0,0.48780487804878053,4.707934041500775e-10,0.9999999995282066,1,2.2211721243300484e-19,0.44711989356475085,0.5,4.386224217043953e-06,0.07210654693871943,Nagare,0.07842898167388188,0.8833344238700582,2.0,0
2017-03-14,0.30364953886693014,1.0,0.9523809523809523,1.3551493260771751e-11,0.9999999999854485,1,1.9719416307660075e-22,0.2290126284114429,0.5,4.254637490532634e-06,0.34273545095815405,Nagare,0.07842898167388188,0.8833344238700582,2.0,0
2017-03-15,0.38280130497521797,1.0,0.9523809523809523,2.20051754593188e-11,0.9999999999769948,1,5.0623243566820435e-22,0.2290126284114429,0.5,4.1269983658166545e-06,1.0,Nagare,0.07842898167388188,0.8833344238700582,2.0,0
2017-03-16,0.3914078674948241,1.0,0.9523809523809523,0.6534672456791475,0.6399147206676759,2,0.23530393569490032,0.2290126284114429,1.0,4.003188414842155e-06,0.11607761054644028,Nagare,0.07842898167388188,0.8833344238700582,2.0,0
2017-03-17,0.39417341112993304,1.0,0.9523809523809523,0.0,0.0,0,0.0,0.2290126284114429,0.0,3.88309276239689e-06,1.0,Nagare,0.07842898167388188,0.8833344238700582,2.0,0
2017-03-20,0.38630591630591626,1.0,0.9523809523809523,0.0,0.0,0,0.0,0.2290126284114429,0.0,3.766599979524983e-06,1.0,Nagare,0.07842898167388188,0.8833344238700582,2.0,0
2017-03-21,0.3542160737812913,1.0,0.9523809523809523,0.0,0.0,0,0.0,0.2290126284114429,0.0,3.6536019801392336e-06,1.0,Nagare,0.07842898167388188,0.8833344238700582,2.0,0
2017-03-22,0.36420540811845165,1.0,0.9523809523809523,0.0,0.0,0,0.0,0.2290126284114429,0.0,3.5439939207350567e-06,1.0,Nagare,0.07842898167388188,0.8833344238700582,2.0,0
2017-03-23,0.37088085827216266,2.0,0.48780487804878053,9.570122472213486e-12,0.9999999999894299,1,1.0115715489833803e-22,0.44711989356475085,0.5,3.437674103113005e-06,0.07210654693871943,Nagare,0.07842898167388188,0.8833344238700582,2.0,0
2017-03-24,0.36058159232072273,1.0,0.9523809523809523,0.06812347472130253,0.9872875216657275,2,0.0008660181964499167,0.2290126284114429,1.0,3.3345438800196147e-06,0.682553865936322,Nagare,0.07842898167388188,0.8833344238700582,2.0,0
2017-03-27,0.3616544325239978,1.0,0.9523809523809523,1.0334622046961996e-11,0.9999999999886654,1,1.1713880628155715e-22,0.2290126284114429,0.5,3.234507563619026e-06,0.32429915699454603,Nagare,0.07842898167388188,0.8833344238700582,2.0,0
2017-03-28,0.3708570173787565,2.0,0.48780487804878053,2.591260539438951e-11,0.9999999999730874,1,6.973751504977009e-22,0.44711989356475085,0.5,3.1374723367104553e-06,0.12917330497312407,Nagare,0.07842898167388188,0.8833344238700582,2.0,0
2017-03-29,0.3735033565468348,2.0,0.48780487804878053,3.3427705047846706e-11,0.9999999999655723,1,1.1508384303551411e-21,0.44711989356475085,0.5,3.0433481666091414e-06,1.0,Nagare,0.07842898167388188,0.8833344238700582,2.0,0
2017-03-30,0.3606531150009411,2.0,0.48780487804878053,4.290667820942256e-11,0.9999999999560933,1,1.883888764048169e-21,0.44711989356475085,0.5,2.952047721610867e-06,1.0,Nagare,0.07842898167388188,0.8833344238700582,2.0,0
2017-03-31,0.3902396637179246,1.0,0.9523809523809523,6.424971665781178e-12,0.999999999992575,1,4.770509044062106e-23,0.2290126284114429,0.5,2.863486289962541e-06,0.34273545095815405,Nagare,0.07842898167388188,0.8833344238700582,2.0,0
2017-04-03,0.34453667105841024,1.0,0.9523809523809523,7.777556376671049e-12,0.9999999999912225,1,6.826776751633787e-23,0.2290126284114429,0.5,2.7775817012636647e-06,1.0,Nagare,0.07842898167388188,0.8833344238700582,2.0,0
2017-04-04,0.32718050065876153,2.0,0.48780487804878053,0.1654066910514247,0.9607958195126711,2,0.0064846337697918996,0.44711989356475085,1.0,2.6942542502257546e-06,0.015288529495095071,Nagare,0.07842898167388188,0.8833344238700582,2.0,0
2017-04-05,0.29735554300771694,1.5,0.6451612903225806,0.5579715518712748,0.7539342108248749,2,0.13729771024847448,0.33806626098815146,1.0,2.613426622718982e-06,0.8463399152932406,Nagare,0.07842898167388188,0.8833344238700582,2.0,0
2017-04-06,0.2682696530522618,1.5,0.6451612903225806,0.6758715676048884,0.5926711906392341,2,0.27530196091329356,0.33806626098815146,1.0,2.5350238240374125e-06,0.32624357351417665,Nagare,0.07842898167388188,0.8833344238700582,2.0,0
2017-04-07,0.22688186209925337,1.5,0.6451612903225806,0.6833283331538968,0.5699523712828454,2,0.2938637293080792,0.33806626098815146,1.0,2.45897310931629e-06,0.30254465117019513,Nagare,0.07842898167388188,0.8833344238700582,2.0,0
2017-04-10,0.22998108228613873,2.0,0.48780487804878053,0.6802567172744809,0.5801092358440527,2,0.28563351283859795,0.44711989356475085,1.0,2.3852039160368013e-06,0.5567748838410637,Nagare,0.07842898167388188,0.8833344238700582,2.0,0
2017-04-11,0.21896860292815754,2.0,0.48780487804878053,0.5149281486286028,0.7892655417514767,2,0.10851310443816371,0.44711989356475085,1.0,2.3136477985556974e-06,0.6963994132143306,Nagare,0.07842898167388188,0.8833344238700582,2.0,0
2017-04-12,0.21702663741726277,2.0,0.48780487804878053,0.47976412207139796,0.8144104967127556,2,0.08903918511027166,0.44711989356475085,1.0,2.2442383645990262e-06,0.7470461049521117,Nagare,0.07842898167388188,0.8833344238700582,2.0,0
2017-04-13,0.19427616944043694,2.0,0.48780487804878053,0.529539819999266,0.7779105467493929,2,0.11760520909806191,0.44711989356475085,1.0,2.176911213661055e-06,0.673577403244243,Nagare,0.07842898167388188,0.8833344238700582,2.0,0
2017-04-17,0.09899822909964248,2.0,0.48780487804878053,1.1631140495103716e-11,0.9999999999873689,1,1.4691431241203256e-22,0.44711989356475085,0.5,2.1116038772512234e-06,0.686111929884176,Nagare,0.07842898167388188,0.8833344238700582,2.0,0
2017-04-18,0.0886138736158148,2.0,0.48780487804878053,6.450950884557214e-12,0.9999999999925491,1,4.806557549357257e-23,0.44711989356475085,0.5,2.0482557609336865e-06,1.0,Nagare,0.07842898167388188,0.8833344238700582,2.0,0
2017-04-19,0.14675472366278036,2.0,0.48780487804878053,0.6141727490726312,0.6960515968383095,2,0.18667682634605187,0.44711989356475085,1.0,1.9868080881056757e-06,0.26409831325849975,Nagare,0.07842898167388188,0.8833344238700582,2.0,0
2017-04-20,0.16349078168457665,2.0,0.48780487804878053,1.6716406037019623e-11,0.9999999999822836,1,2.9615426703848495e-22,0.44711989356475085,0.5,1.9272038454625052e-06,0.7626468012929661,Nagare,0.07842898167388188,0.8833344238700582,2.0,0
2017-04-21,0.18481719818357623,2.0,0.48780487804878053,0.45799528007557766,0.8286659154709539,2,0.07847020203037315,0.44711989356475085,1.0,1.86938773009863e-06,0.30616351435276246,Nagare,0.07842898167388188,0.8833344238700582,2.0,0
2017-04-24,0.19418317446830413,2.0,0.48780487804878053,1.1916800879336121e-11,0.9999999999870832,1,1.5392668045793663e-22,0.44711989356475085,0.5,1.8133060981956711e-06,0.6317592742479614,Nagare,0.07842898167388188,0.8833344238700582,2.0,0
2017-04-25,0.19608733494150665,2.0,0.48780487804878053,1.6109669154072538e-11,0.9999999999828904,1,2.756307530365064e-22,0.44711989356475085,0.5,1.758906915249801e-06,1.0,Nagare,0.07842898167388188,0.8833344238700582,2.0,0
2017-04-26,0.19650445293652558,3.0,0.3278688524590164,7.199452145290146e-11,0.9999999999270055,1,5.2552040482343015e-21,0.6652271587176226,0.5,1.706139707792307e-06,0.05481094565525624,Utsuroi,0.07842898167388188,0.8833344238700582,2.0,0
2017-04-27,0.19107856558646416,1.0,0.9523809523809523,1.646538461115629e-11,0.9999999999825346,1,2.875739107643316e-22,0.2290126284114429,0.5,1.6549555165585378e-06,0.32613163473654705,Nagare,0.07842898167388188,0.8833344238700582,2.0,0
2017-04-28,0.19967336590283727,2.0,0.48780487804878053,4.282763033007272e-11,0.9999999999561724,1,1.8770326026396975e-21,0.44711989356475085,0.5,1.6053068510617816e-06,0.12917330497312407,Nagare,0.07842898167388188,0.8833344238700582,2.0,0
2017-05-01,0.1894444172877364,2.0,0.48780487804878053,0.0,0.0,0,0.0,0.44711989356475085,0.0,1.5571476455299282e-06,1.0,Nagare,0.07842898167388188,0.8833344238700582,2.0,0
2017-05-02,0.20636771436667264,1.0,0.9523809523809523,2.6127866533556267e-10,0.9999999997377214,1,6.852781385392159e-20,0.2290126284114429,0.5,1.5104332161640302e-06,0.9884041275028336,Nagare,0.07842898167388188,0.8833344238700582,2.0,0
2017-05-03,0.23783049695196526,2.0,0.48780487804878053,0.6433421994425906,0.656480790647869,2,0.2210004036953797,0.44711989356475085,1.0,1.4651202196791092e-06,0.06573513469437953,Nagare,0.07842898167388188,0.8833344238700582,2.0,0
2017-05-04,0.21513349506581955,2.0,0.48780487804878053,1.0980549802681381e-11,0.9999999999880195,1,1.3155278086398055e-22,0.44711989356475085,0.5,1.421166613088736e-06,0.7906234521208694,Nagare,0.07842898167388188,0.8833344238700582,2.0,0
2017-05-05,0.24020389475792897,2.0,0.48780487804878053,0.3280803690969113,0.8986311075391876,2,0.03325714365348843,0.44711989356475085,1.0,1.3785316146960738e-06,0.3021606306538306,Nagare,0.07842898167388188,0.8833344238700582,2.0,0
2017-05-08,0.26621933621933624,2.0,0.48780487804878053,0.516906768154219,0.7877620223415859,2,0.10970724711099818,0.44711989356475085,1.0,1.3371756662551915e-06,0.6933709869872544,Nagare,0.07842898167388188,0.8833344238700582,2.0,0
2017-05-09,0.2556816613338353,3.0,0.3278688524590164,0.6737033500275342,0.5982788866797547,2,0.27064085982063996,0.6652271587176226,1.0,1.2970603962675357e-06,0.1556715855963886,Utsuroi,0.07842898167388188,0.8833344238700582,2.0,0
2017-05-10,0.25639688813601863,2.0,0.48780487804878053,0.610194837619604,0.7007883695851852,2,0.18257739223486488,0.44711989356475085,1.0,1.2581485843795096e-06,0.21834658721004785,Nagare,0.07842898167388188,0.8833344238700582,2.0,0
2017-05-11,0.252744729923189,2.0,0.48780487804878053,0.6923672242028134,0.5197452976661464,2,0.3325126151652386,0.44711989356475085,1.0,1.2204041268481243e-06,0.3013870908467844,Nagare,0.07842898167388188,0.8833344238700582,2.0,0
2017-05-12,0.2520175793074203,2.0,0.48780487804878053,4.364919536825899e-11,0.9999999999553508,1,1.9489004861129043e-21,0.44711989356475085,0.5,1.1837920030426806e-06,0.851148787095593,Nagare,0.07842898167388188,0.8833344238700582,2.0,0
2017-05-15,0.263877208332434,2.0,0.48780487804878053,0.0,0.0,0,0.0,0.44711989356475085,0.0,1.1482782429514003e-06,1.0,Nagare,0.07842898167388188,0.8833344238700582,2.0,0
2017-05-16,0.27038948927041057,3.0,0.3278688524590164,5.094669130876769e-11,0.9999999999480533,1,2.6465109196599e-21,0.6652271587176226,0.5,1.1138298956628583e-06,0.11138586689347907,Utsuroi,0.07842898167388188,0.8833344238700582,2.0,0
2017-05-17,0.2349844831470452,3.0,0.3278688524590164,3.0573432673932086e-11,0.9999999999684266,1,9.65307541819693e-22,0.6652271587176226,0.5,1.0804149987929726e-06,1.0,Utsuroi,0.07842898167388188,0.8833344238700582,2.0,0
2017-05-18,0.26106677068909423,3.0,0.3278688524590164,2.0301094138859396e-11,0.9999999999786989,1,4.324350682831635e-22,0.6652271587176226,0.5,1.0480025488291833e-06,1.0,Utsuroi,0.07842898167388188,0.8833344238700582,2.0,0
2017-05-19,0.276872279686407,2.0,0.48780487804878053,2.660072162503343e-11,0.9999999999723993,1,7.341985241539545e-22,0.44711989356475085,0.5,1.0165624723643078e-06,0.11108005304194601,Nagare,0.07842898167388188,0.8833344238700582,2.0,0
2017-05-22,0.2727247049478595,1.5,0.6451612903225806,6.632672189028523e-11,0.9999999999326733,1,4.465559291490642e-21,0.33806626098815146,0.5,1e-06,0.18677332715131945,Nagare,0.07842898167388188,0.8833344238700582,2.0,0
2017-05-23,0.2812867808519982,2.0,0.48780487804878053,9.62624868241289e-10,0.9999999990363752,1,9.276092409768157e-19,0.44711989356475085,0.5,1e-06,0.11909846217793263,Nagare,0.07842898167388188,0.8833344238700582,2.0,0
2017-05-24,0.2823834619486793,3.0,0.3278688524590164,0.9949831075426426,0.5556034383841993,3,0.4421670718577548,0.6652271587176226,1.5,1e-06,0.06979591172684452,Utsuroi,0.07842898167388188,0.8833344238700582,2.0,0
2017-05-25,0.2910138653616915,1.0,0.9523809523809523,0.4866293396004197,0.855162689310496,3,0.07048208485033415,0.2290126284114429,1.5,1e-06,0.6812074021685487,Nagare,0.07842898167388188,0.8833344238700582,2.0,0
2017-05-26,0.29485224920007536,2.0,0.48780487804878053,0.6887198200376481,0.5470150125781348,2,0.3119797390169433,0.44711989356475085,1.0,1e-06,0.44843614770821416,Nagare,0.07842898167388188,0.8833344238700582,2.0,0
2017-05-30,0.293278750235272,1.5,0.6451612903225806,0.6292390055157429,0.6768257502477076,2,0.20335384352242875,0.33806626098815146,1.0,1e-06,0.2739050446323912,Nagare,0.07842898167388188,0.8833344238700582,2.0,0
2017-05-31,0.2893211619298576,1.0,0.9523809523809523,1.2629262851472687,0.38130580574148226,4,0.7813651603970925,0.2290126284114429,2.0,1e-06,0.03837071344022169,Nagare,0.07842898167388188,0.8833344238700582,2.0,0
2017-06-01,0.2985475876780225,1.0,0.9523809523809523,0.9481552211014949,0.46612551305139277,3,0.5061958822132038,0.2290126284114429,1.5,1e-06,0.042097095099659865,Nagare,0.07842898167388188,0.8833344238700582,2.0,0
2017-06-02,0.30012108664282583,1.0,0.9523809523809523,1.3304891333541415,0.38119158949008713,4,0.8233178658115878,0.2290126284114429,2.0,1e-06,0.0227577648213666,Nagare,0.07842898167388188,0.8833344238700582,2.0,0
2017-06-05,0.28657945918815486,1.0,0.9523809523809523,1.0297023911394854,0.4545462164799256,3,0.5616550651466997,0.2290126284114429,1.5,1e-06,0.028109156366588284,Nagare,0.07842898167388188,0.8833344238700582,2.0,0
2017-06-06,0.29325490934186593,3.0,0.3278688524590164,1.0216938406353055e-11,0.9999999999887831,1,1.1460254278995088e-22,0.6652271587176226,0.5,1e-06,0.7736797969804419,Utsuroi,0.07842898167388188,0.8833344238700582,2.0,0
2017-06-07,0.2754934437543134,3.0,0.3278688524590164,2.7678082048099363e-11,0.9999999999713219,1,7.937536956340029e-22,0.6652271587176226,0.5,1e-06,1.0,Utsuroi,0.07842898167388188,0.8833344238700582,2.0,0
2017-06-08,0.25556245686680473,3.0,0.3278688524590164,4.050049184825521e-11,0.9999999999584995,1,1.6807894358931533e-21,0.6652271587176226,0.5,1e-06,1.0,Utsuroi,0.07842898167388188,0.8833344238700582,2.0,0
2017-06-09,0.27828282828282835,2.0,0.48780487804878053,0.5205297534276652,0.7849819543378385,2,0.1119232902910234,0.44711989356475085,1.0,1e-06,0.8268676154348339,Nagare,0.07842898167388188,0.8833344238700582,2.0,0
2017-06-12,0.2837423928728277,1.0,0.9523809523809523,0.8794489301408217,0.6327794341374947,3,0.3229517337734874,0.2290126284114429,1.5,1e-06,0.2817201583901192,Nagare,0.07842898167388188,0.8833344238700582,2.0,0
2017-06-13,0.29855222555868977,1.5,0.6451612903225806,3.7893133075027844e-11,0.9999999999611069,1,1.4737818290841537e-21,0.33806626098815146,0.5,1e-06,0.7986829790628722,Nagare,0.07842898167388188,0.8833344238700582,2.0,0
2017-06-14,0.3022115232452932,1.0,0.9523809523809523,0.7833713492939027,0.5946765617849037,3,0.31751876869500384,0.2290126284114429,1.5,1e-06,0.09942628952978183,Nagare,0.07842898167388188,0.8833344238700582,2.0,0
2017-06-15,0.31838792967775026,1.0,0.9523809523809523,0.4488716259807818,0.8343806724710974,2,0.07434181684174218,0.2290126284114429,1.0,1e-06,0.3901685039783658,Nagare,0.07842898167388188,0.8833344238700582,2.0,0
2017-06-16,0.30898334030356733,2.0,0.48780487804878053,0.1986299823425987,0.9499610265282653,2,0.009939240417132428,0.44711989356475085,1.0,1e-06,0.40455724602675036,Nagare,0.07842898167388188,0.8833344238700582,2.0,0
2017-06-19,0.32647131909406557,1.0,0.9523809523809523,1.441113894872613e-11,0.9999999999845889,1,2.220917459507391e-22,0.2290126284114429,0.5,1e-06,0.059085902947644486,Nagare,0.07842898167388188,0.8833344238700582,2.0,0
2017-06-20,0.3568241702174478,1.0,0.9523809523809523,0.0,0.0,0,0.0,0.2290126284114429,0.0,1e-06,1.0,Nagare,0.07842898167388188,0.8833344238700582,2.0,0
2017-06-21,0.29188917731585706,1.0,0.9523809523809523,0.0,0.0,0,0.0,0.2290126284114429,0.0,1e-06,1.0,Nagare,0.07842898167388188,0.8833344238700582,2.0,0
2017-06-22,0.2919959192681271,1.0,0.9523809523809523,0.0,0.0,0,0.0,0.2290126284114429,0.0,1e-06,1.0,Nagare,0.07842898167388188,0.8833344238700582,2.0,0
2017-06-23,0.29775433337940654,2.0,0.48780487804878053,0.0,0.0,0,0.0,0.44711989356475085,0.0,1e-06,0.029859267178358517,Nagare,0.07842898167388188,0.8833344238700582,2.0,0
2017-06-26,0.27567664928687996,2.0,0.48780487804878053,1.468802857106334e-11,0.999999999984312,1,2.3042588695277926e-22,0.44711989356475085,0.5,1e-06,0.5592486689971765,Nagare,0.07842898167388188,0.8833344238700582,2.0,0
2017-06-27,0.2537505489679403,2.0,0.48780487804878053,1.652700198902191e-11,0.999999999982473,1,2.896684311309738e-22,0.44711989356475085,0.5,1e-06,1.0,Nagare,0.07842898167388188,0.8833344238700582,2.0,0
2017-06-28,0.2800708952882866,2.0,0.48780487804878053,1.7668422280618372e-11,0.9999999999813316,1,3.298411773140474e-22,0.44711989356475085,0.5,1e-06,1.0,Nagare,0.07842898167388188,0.8833344238700582,2.0,0
2017-06-29,0.28922579835623324,2.0,0.48780487804878053,0.5103316457517398,0.7927191492234841,2,0.10578197770960017,0.44711989356475085,1.0,1e-06,0.30252897024468095,Nagare,0.07842898167388188,0.8833344238700582,2.0,0
2017-06-30,0.2891065938892026,2.0,0.48780487804878053,0.34652795997853436,0.8899939622840288,2,0.0381201678350372,0.44711989356475085,1.0,1e-06,0.888757735059881,Nagare,0.07842898167388188,0.8833344238700582,2.0,0
2017-07-03,0.27926030491247883,2.0,0.48780487804878053,0.6740676882052755,0.5973597395428787,2,0.27140678954470177,0.44711989356475085,1.0,1e-06,0.37675289332835415,Nagare,0.07842898167388188,0.8833344238700582,2.0,0
2017-07-05,0.26009222661396575,2.0,0.48780487804878053,2.0781487641604352e-11,0.9999999999782185,1,4.526512565224248e-22,0.44711989356475085,0.5,1e-06,0.8226326763677865,Nagare,0.07842898167388188,0.8833344238700582,2.0,0
2017-07-06,0.2519863228558881,1.0,0.9523809523809523,1.2370993118704303e-11,0.999999999986629,1,1.654121901951858e-22,0.2290126284114429,0.5,1e-06,0.34273545095815405,Nagare,0.07842898167388188,0.8833344238700582,2.0,0
2017-07-07,0.2576744735014216,1.0,0.9523809523809523,3.1526448118239773e-11,0.9999999999674736,1,1.0254426816677035e-21,0.2290126284114429,0.5,1e-06,1.0,Nagare,0.07842898167388188,0.8833344238700582,2.0,0
2017-07-10,0.2645282556252678,2.0,0.48780487804878053,7.05250302576138e-11,0.999999999928475,1,5.0443033631403356e-21,0.44711989356475085,0.5,1e-06,0.12917330497312407,Nagare,0.07842898167388188,0.8833344238700582,2.0,0
2017-07-11,0.2560390457874029,2.0,0.48780487804878053,0.690046287711864,0.53935534490192,2,0.3178661342047421,0.44711989356475085,1.0,1e-06,0.18118424978544634,Nagare,0.07842898167388188,0.8833344238700582,2.0,0
2017-07-12,0.2647775850419756,2.0,0.48780487804878053,0.6436035870550775,0.6560766378918127,2,0.22135030952487167,0.44711989356475085,1.0,1e-06,0.4550242437713109,Nagare,0.07842898167388188,0.8833344238700582,2.0,0
2017-07-13,0.25272508079877726,1.0,0.9523809523809523,0.08772203406606913,0.982604477200652,2,0.001525970643601485,0.2290126284114429,1.0,1e-06,0.7909240674071047,Nagare,0.07842898167388188,0.8833344238700582,2.0,0
2017-07-14,0.28442279096178663,1.0,0.9523809523809523,0.6713104585668525,0.6041088507619276,2,0.26576586893756865,0.2290126284114429,1.0,1e-06,0.30087694586870406,Nagare,0.07842898167388188,0.8833344238700582,2.0,0
2017-07-17,0.2845421974417579,1.0,0.9523809523809523,0.7021610217970193,0.7678234598618212,3,0.1630253166607203,0.2290126284114429,1.5,1e-06,0.6021132168406786,Nagare,0.07842898167388188,0.8833344238700582,2.0,0
2017-07-18,0.2373650724381519,1.0,0.9523809523809523,0.4973677860812963,0.861634924999148,3,0.06881833102414629,0.2290126284114429,1.5,1e-06,0.8221827469894174,Nagare,0.07842898167388188,0.8833344238700582,2.0,0
2017-07-19,0.24225996796423088,2.0,0.48780487804878053,6.7276184622917034e-12,0.9999999999922724,1,5.198831981016469e-23,0.44711989356475085,0.5,1e-06,0.9965434431180183,Nagare,0.07842898167388188,0.8833344238700582,2.0,0
2017-07-20,0.2542805435630414,1.0,0.9523809523809523,9.896528041449778e-12,0.9999999999891035,1,1.0783757638901064e-22,0.2290126284114429,0.5,1e-06,0.34273545095815405,Nagare,0.07842898167388188,0.8833344238700582,2.0,0
2017-07-21,0.21685025334305028,1.0,0.9523809523809523,6.531886143051782e-12,0.9999999999924681,1,4.919727823246855e-23,0.2290126284114429,0.5,1e-06,1.0,Nagare,0.07842898167388188,0.8833344238700582,2.0,0
2017-07-24,0.2390819943342226,1.0,0.9523809523809523,9.953149415705042e-12,0.9999999999890469,1,1.0901811252686105e-22,0.2290126284114429,0.5,1e-06,1.0,Nagare,0.07842898167388188,0.8833344238700582,2.0,0
2017-07-25,0.23974487365289915,1.0,0.9523809523809523,9.760969810144515e-12,0.999999999989239,1,1.0503728551581518e-22,0.2290126284114429,0.5,1e-06,1.0,Nagare,0.07842898167388188,0.8833344238700582,2.0,0
2017-07-26,0.2651883929088502,1.0,0.9523809523809523,1.2734591159264114e-11,0.9999999999862654,1,1.7490412144300512e-22,0.2290126284114429,0.5,1e-06,1.0,Nagare,0.07842898167388188,0.8833344238700582,2.0,0
2017-07-27,0.3145231033841946,1.0,0.9523809523809523,1.0148215601129527e-11,0.9999999999888518,1,1.1313427099277854e-22,0.2290126284114429,0.5,1e-06,1.0,Nagare,0.07842898167388188,0.8833344238700582,2.0,0
2017-07-28,0.3306152479544534,1.0,0.9523809523809523,2.547884125868004e-11,0.9999999999735212,1,6.7464962951682025e-22,0.2290126284114429,0.5,1e-06,1.0,Nagare,0.07842898167388188,0.8833344238700582,2.0,0
2017-07-31,0.3069821802527339,1.0,0.9523809523809523,0.543306905306169,0.76663797909071,2,0.12678719739621988,0.2290126284114429,1.0,1e-06,0.1469191304938604,Nagare,0.07842898167388188,0.8833344238700582,2.0,0
2017-08-01,0.27700886428027666,1.0,0.9523809523809523,5.491940235892689e-12,0.9999999999935081,1,3.5653226299457894e-23,0.2290126284114429,0.5,1e-06,0.5369330993076464,Nagare,0.07842898167388188,0.8833344238700582,2.0,0
2017-08-02,0.2836324953148453,1.0,0.9523809523809523,8.280265362216781e-12,0.9999999999907198,1,7.684287665758333e-23,0.2290126284114429,0.5,1e-06,1.0,Nagare,0.07842898167388188,0.8833344238700582,2.0,0
2017-08-03,0.2720650545654967,0.5,1.8181818181818181,1.3977374813011672e-11,0.9999999999850226,1,2.0934407227441182e-22,0.11995899583462528,0.5,1e-06,0.894706982157933,Nagare,0.07842898167388188,0.8833344238700582,2.0,0
2017-08-04,0.27238618608417753,1.0,0.9523809523809523,0.6808849634637959,0.5781409428226618,2,0.2872374887330633,0.2290126284114429,1.0,1e-06,0.07235521714058413,Nagare,0.07842898167388188,0.8833344238700582,2.0,0
2017-08-07,0.26115454617624073,2.0,0.48780487804878053,0.5391002321934689,0.7701456986631637,2,0.12391450722135601,0.44711989356475085,1.0,1e-06,0.8913539283334593,Nagare,0.07842898167388188,0.8833344238700582,2.0,0
2017-08-08,0.2972576610065742,1.0,0.9523809523809523,0.5841105529022739,0.7291418052525235,2,0.1582111298920603,0.2290126284114429,1.0,1e-06,0.7838708302248378,Nagare,0.07842898167388188,0.8833344238700582,2.0,0
2017-08-09,0.28462143533263096,0.5,1.8181818181818181,8.06743560839809e-12,0.9999999999909326,1,7.315077443882255e-23,0.11995899583462528,0.5,1e-06,0.528750357016665,Nagare,0.07842898167388188,0.8833344238700582,2.0,0
2017-08-10,0.291501859595994,1.0,0.9523809523809523,1.9802159911603352e-11,0.9999999999791979,1,4.1192725902274947e-22,0.2290126284114429,0.5,1e-06,0.5159249433134463,Nagare,0.07842898167388188,0.8833344238700582,2.0,0
2017-08-11,0.2659901171908722,2.0,0.48780487804878053,6.559586207322344e-11,0.9999999999334042,1,4.3684115322547006e-21,0.44711989356475085,0.5,1e-06,0.12917330497312407,Nagare,0.07842898167388188,0.8833344238700582,2.0,0
2017-08-14,0.24665387322322543,3.0,0.3278688524590164,1.9197121668227402e-10,0.9999999998070288,1,3.7044915007995553e-20,0.6652271587176226,0.5,1e-06,0.05481094565525624,Utsuroi,0.07842898167388188,0.8833344238700582,2.0,0
2017-08-15,0.20992503423999892,4.5,0.21978021978021978,5.618394638254617e-11,0.9999999999428161,1,3.2128185347056644e-21,0.9923880564461126,0.5,0.02905460257605442,0.024630885607519692,Katashi,0.07842898167388188,0.8833344238700582,2.0,0
2017-08-16,0.22499342833348213,3.5,0.28169014084507044,0.3368587265844406,0.8945671642427655,2,0.03551597079336849,0.774280791293895,1.0,0.02818296449877279,0.7619745455401099,Utsuroi,0.07842898167388188,0.8833344238700582,2.0,0
2017-08-17,0.23148056202770298,4.5,0.21978021978021978,0.0,0.0,0,0.0,0.9923880564461126,0.0,0.056391108139864025,0.5605114615611108,Katashi,0.07842898167388188,0.8833344238700582,2.0,0
2017-08-18,0.22967124662776833,3.5,0.28169014084507044,1.8045787086681348e-11,0.9999999999809542,1,3.436958194639293e-22,0.774280791293895,0.5,0.054699374895668104,0.5184321620540757,Utsuroi,0.07842898167388188,0.8833344238700582,2.0,0
2017-08-21,0.24075726206160988,3.0,0.3278688524590164,0.37773832408232555,0.8745018804780319,2,0.04740544934371161,0.6652271587176226,1.0,0.05305839364879806,0.8459909756876824,Utsuroi,0.07842898167388188,0.8833344238700582,2.0,0
2017-08-22,0.22912290607942787,4.5,0.21978021978021978,1.1409873046298693e-11,0.9999999999875901,1,1.4159482357380684e-22,0.9923880564461126,0.5,0.08052027441538853,0.32823052788738727,Katashi,0.07842898167388188,0.8833344238700582,2.0,0
2017-08-23,0.226357362444319,4.5,0.21978021978021978,1.2971845819623224e-11,0.9999999999860282,1,1.812403428294167e-22,0.9923880564461126,0.5,0.1071582987589813,1.0,Katashi,0.07842898167388188,0.8833344238700582,2.0,0
2017-08-24,0.23727649162431777,4.5,0.21978021978021978,0.0,0.0,0,0.0,0.9923880564461126,0.0,0.13299718237226626,1.0,Katashi,0.07842898167388188,0.8833344238700582,2.0,0
2017-08-25,0.24388041909781039,4.5,0.21978021978021978,6.074707403578668e-11,0.999999999938253,1,3.75095273423114e-21,0.9923880564461126,0.5,0.15806089947715268,0.7833079415176174,Katashi,0.07842898167388188,0.8833344238700582,2.0,0
2017-08-28,0.21288725766986633,4.5,0.21978021978021978,0.0,0.0,0,0.0,0.9923880564461126,0.0,0.18237270506889253,1.0,Katashi,0.07842898167388188,0.8833344238700582,2.0,0
2017-08-29,0.22976661020139283,4.5,0.21978021978021978,0.0,0.0,0,0.0,0.9923880564461126,0.0,0.20595515649288018,1.0,Katashi,0.07842898167388188,0.8833344238700582,2.0,0
2017-08-30,0.2217799109103457,4.0,0.2469135802469136,2.132116705386274e-11,0.9999999999776789,1,4.759128599369953e-22,0.8833344238700582,0.5,0.19977650179809378,0.7866616167582874,Katashi,0.07842898167388188,0.8833344238700582,2.0,0
2017-08-31,0.23582219712654498,4.5,0.21978021978021978,0.522355874789892,0.7835671837584164,2,0.11305495306111235,0.9923880564461126,1.0,0.22283683932020537,0.3022646108749327,Katashi,0.07842898167388188,0.8833344238700582,2.0,0
2017-09-01,0.2351069703243616,3.0,0.3278688524590164,0.41356735872127326,0.8552082976303266,2,0.05988112191378256,0.6652271587176226,1.0,0.2161517341405992,0.17098290519155157,Katashi,0.07842898167388188,0.8833344238700582,2.0,0
2017-09-05,0.216677959721438,2.0,0.48780487804878053,1.0266246411313333,0.5092369030466221,3,0.5038294882902634,0.44711989356475085,1.5,0.20966718211638122,0.24525311341404687,Katashi,0.07842898167388188,0.8833344238700582,2.0,0
2017-09-06,0.2054012171403476,2.0,0.48780487804878053,0.4648835361404953,0.8242525273682676,2,0.08170210654479468,0.44711989356475085,1.0,0.20337716665288977,0.5901946249620187,Katashi,0.07842898167388188,0.8833344238700582,2.0,0
2017-09-07,0.2358221971265449,2.0,0.48780487804878053,0.6811558847720105,0.5772764136413735,2,0.28794065848010764,0.44711989356475085,1.0,0.19727585165330308,0.3543415560561731,Katashi,0.07842898167388188,0.8833344238700582,2.0,0
2017-09-08,0.200537674885501,3.5,0.28169014084507044,0.4795559018744594,0.8145512437624244,2,0.08893304554900736,0.774280791293895,1.0,0.191357576103704,0.5681637945637652,Katashi,0.07842898167388188,0.8833344238700582,2.0,0
2017-09-11,0.17750737185519794,3.5,0.28169014084507044,0.6845224669902428,0.5655739646591625,2,0.29737438143630046,0.774280791293895,1.0,0.18561684882059287,0.4753940146965927,Katashi,0.07842898167388188,0.8833344238700582,2.0,0
2017-09-12,0.16868624129493692,2.0,0.48780487804878053,0.672356735786016,0.6016020656407293,2,0.2678655346896907,0.44711989356475085,1.0,0.18004834335597508,0.35012939348414907,Katashi,0.07842898167388188,0.8833344238700582,2.0,0
2017-09-13,0.2140554614467658,4.5,0.21978021978021978,1.6219692255811004e-11,0.9999999999827803,1,2.792977503239305e-22,0.9923880564461126,0.5,0.20370052563135024,0.3701802062505771,Katashi,0.07842898167388188,0.8833344238700582,2.0,0
2017-09-14,0.23489240228370664,2.0,0.48780487804878053,0.4677103426565177,0.8224158733311577,2,0.08305793273464265,0.44711989356475085,1.0,0.19758950986240972,0.688939581348624,Katashi,0.07842898167388188,0.8833344238700582,2.0,0
2017-09-15,0.20773762469414644,2.0,0.48780487804878053,0.6529406780887226,0.6408273555288866,2,0.23451843003188846,0.44711989356475085,1.0,0.19166182456653744,0.4328305266657567,Katashi,0.07842898167388188,0.8833344238700582,2.0,0
2017-09-18,0.20268335529205095,2.0,0.48780487804878053,1.3652301511406242e-11,0.9999999999853477,1,2.0003733605881704e-22,0.44711989356475085,0.5,0.1859119698295413,0.8001514322343121,Katashi,0.07842898167388188,0.8833344238700582,2.0,0
2017-09-19,0.18945165945165945,2.0,0.48780487804878053,1.3610224058773564e-11,0.9999999999853898,1,1.9884812190867072e-22,0.44711989356475085,0.5,0.18033461073465507,1.0,Katashi,0.07842898167388188,0.8833344238700582,2.0,0
2017-09-20,0.2295043603739256,4.0,0.2469135802469136,1.97443394947278e-10,0.9999999998015566,1,3.9181333239354103e-20,0.8833344238700582,0.5,0.17492457241261541,0.031673684594491935,Katashi,0.07842898167388188,0.8833344238700582,2.0,0
2017-09-21,0.23267519919693835,4.0,0.2469135802469136,2.4315660595810387e-11,0.9999999999746844,1,6.155664729099976e-22,0.8833344238700582,0.5,0.16967683524023694,1.0,Katashi,0.07842898167388188,0.8833344238700582,2.0,0
2017-09-22,0.24278373800112935,2.0,0.48780487804878053,0.43315091106541614,0.8438969879037951,2,0.06761616190952684,0.44711989356475085,1.0,0.16458653018302982,0.7475516221853765,Katashi,0.07842898167388188,0.8833344238700582,2.0,0
2017-09-25,0.24945918815484036,1.0,0.9523809523809523,1.9419577057325407e-11,0.9999999999795804,1,3.965391205523151e-22,0.2290126284114429,0.5,0.15964893427753893,0.12491264812155922,Katashi,0.07842898167388188,0.8833344238700582,2.0,0
2017-09-26,0.25785118263379136,1.0,0.9523809523809523,3.183486807447057e-11,0.9999999999671652,1,1.0452929891685192e-21,0.2290126284114429,0.5,0.15485946624921276,1.0,Katashi,0.07842898167388188,0.8833344238700582,2.0,0
2017-09-27,0.22709643013990843,1.5,0.6451612903225806,0.5417499690159364,0.7679429561518114,2,0.12571689631468597,0.33806626098815146,1.0,0.15021368226173637,0.08808060330798617,Katashi,0.07842898167388188,0.8833344238700582,2.0,0
2017-09-28,0.2369665600100383,1.5,0.6451612903225806,2.5608959397162654e-11,0.9999999999733911,1,6.814271942975089e-22,0.33806626098815146,0.5,0.14570727179388426,0.6269528265949402,Katashi,0.07842898167388188,0.8833344238700582,2.0,0
2017-09-29,0.24483405483405482,1.5,0.6451612903225806,1.994793219473359e-11,0.9999999999790521,1,4.1786748976221625e-22,0.33806626098815146,0.5,0.14133605364006774,1.0,Katashi,0.07842898167388188,0.8833344238700582,2.0,0
2017-10-02,0.25677834243051634,1.5,0.6451612903225806,0.0,0.0,0,0.0,0.33806626098815146,0.0,0.1370959720308657,1.0,Katashi,0.07842898167388188,0.8833344238700582,2.0,0
2017-10-03,0.2350354476441433,1.5,0.6451612903225806,0.0,0.0,0,0.0,0.33806626098815146,0.0,0.13298309286993973,1.0,Katashi,0.07842898167388188,0.8833344238700582,2.0,0
2017-10-04,0.23555994729907773,1.5,0.6451612903225806,3.666100756234601e-11,0.999999999962339,1,1.3806896720701692e-21,0.33806626098815146,0.5,0.12899360008384153,0.458072734358275,Katashi,0.07842898167388188,0.8833344238700582,2.0,0
2017-10-05,0.2592577953447519,2.0,0.48780487804878053,3.060829367690421e-11,0.9999999999683917,1,9.674752583956873e-22,0.44711989356475085,0.5,0.1251237920813263,0.11909846217793263,Katashi,0.07842898167388188,0.8833344238700582,2.0,0
2017-10-06,0.27346820009420747,3.0,0.3278688524590164,3.7016856240019283e-10,0.9999999996288315,1,1.3739492498855846e-19,0.6652271587176226,0.5,0.12137007831888649,0.05481094565525624,Katashi,0.07842898167388188,0.8833344238700582,2.0,0
2017-10-09,0.24758650971476248,2.5,0.3921568627450981,5.952061066055826e-11,0.9999999999394794,1,3.602222387477003e-21,0.5561735261412413,0.5,0.1177289759693199,0.07465564279967196,Katashi,0.07842898167388188,0.8833344238700582,2.0,0
2017-10-10,0.280261837916481,4.0,0.2469135802469136,1.214132128093979e-10,0.9999999998775868,1,1.4862578772550052e-20,0.8833344238700582,0.5,0.1141971066902403,0.031195969963870196,Katashi,0.07842898167388188,0.8833344238700582,2.0,0
2017-10-11,0.2965460098334408,2.0,0.48780487804878053,0.0,0.0,0,0.0,0.44711989356475085,0.0,0.11077119348953308,0.11425078536002087,Utsuroi,0.07842898167388188,0.8833344238700582,2.0,0
2017-10-12,0.2922904743312145,2.0,0.48780487804878053,2.183270231030223e-10,0.999999999780673,1,4.7885011215612484e-20,0.44711989356475085,0.5,0.1074480576848471,0.5592486689971765,Utsuroi,0.07842898167388188,0.8833344238700582,2.0,0
2017-10-13,0.262473635916706,2.0,0.48780487804878053,0.0,0.0,0,0.0,0.44711989356475085,0.0,0.10422461595430169,1.0,Utsuroi,0.07842898167388188,0.8833344238700582,2.0,0
2017-10-16,0.2629036002510728,2.0,0.48780487804878053,3.3293590106476595e-11,0.9999999999657064,1,1.1417559957926314e-21,0.44711989356475085,0.5,0.10109787747567263,0.5592486689971765,Utsuroi,0.07842898167388188,0.8833344238700582,2.0,0
2017-10-17,0.2582788709561686,2.0,0.48780487804878053,0.6756672487471849,0.5932143835348037,2,0.2748517183069667,0.44711989356475085,1.0,0.09806494115140245,0.20678121397534643,Utsuroi,0.07842898167388188,0.8833344238700582,2.0,0
2017-10-18,0.2623682945874913,2.0,0.48780487804878053,0.0,0.0,0,0.0,0.44711989356475085,0.0,0.09512299291686037,1.0,Utsuroi,0.07842898167388188,0.8833344238700582,2.0,0
2017-10-19,0.2395871391622495,2.0,0.48780487804878053,0.6841054335418675,0.567135917821624,2,0.29612467060334047,0.44711989356475085,1.0,0.09226930312935455,0.15731426889900357,Utsuroi,0.07842898167388188,0.8833344238700582,2.0,0
2017-10-20,0.20135553604396944,2.0,0.48780487804878053,2.3690049921449754e-11,0.99999999997531,1,5.84907991144786e-22,0.44711989356475085,0.5,0.08950122403547392,0.8352901961175503,Utsuroi,0.07842898167388188,0.8833344238700582,2.0,0
2017-10-23,0.22134791971328294,3.0,0.3278688524590164,0.0,0.0,0,0.0,0.6652271587176226,0.0,0.0868161873144097,0.29898793480562236,Utsuroi,0.07842898167388188,0.8833344238700582,2.0,0
2017-10-24,0.22763050701838747,3.0,0.3278688524590164,6.043332500904693e-11,0.9999999999385667,1,3.712618759883051e-21,0.6652271587176226,0.5,0.08421170169497741,0.6858165003549627,Utsuroi,0.07842898167388188,0.8833344238700582,2.0,0
2017-10-25,0.2255568341535443,4.0,0.2469135802469136,1.2506884416916595e-11,0.9999999999864931,1,1.689287655623657e-22,0.8833344238700582,0.5,0.08168535064412809,0.030912056430849044,Katashi,0.07842898167388188,0.8833344238700582,2.0,0
2017-10-26,0.2382196313452088,3.0,0.3278688524590164,9.050982185904116e-12,0.999999999989949,1,9.097106049261566e-23,0.6652271587176226,0.5,0.07923479012480425,0.052712546501291535,Utsuroi,0.07842898167388188,0.8833344238700582,2.0,0
2017-10-27,0.2581180453396982,2.0,0.48780487804878053,2.3718693675484375e-11,0.9999999999752813,1,5.862945986558781e-22,0.44711989356475085,0.5,0.07685774642106012,0.11108005304194601,Utsuroi,0.07842898167388188,0.8833344238700582,2.0,0
2017-10-30,0.2572496251445396,2.0,0.48780487804878053,0.2747688768910051,0.9216305300773237,2,0.021533491233197186,0.44711989356475085,1.0,0.07455201402842832,0.3006381299637563,Utsuroi,0.07842898167388188,0.8833344238700582,2.0,0
2017-10-31,0.24750998384738018,2.0,0.48780487804878053,0.692747877123027,0.5141288762500976,2,0.3365861895331244,0.44711989356475085,1.0,0.07231545360757546,0.29704465301174043,Utsuroi,0.07842898167388188,0.8833344238700582,2.0,0
2017-11-01,0.22745744240896457,2.0,0.48780487804878053,0.1749872675628418,0.9577636922117984,2,0.00739081609180058,0.44711989356475085,1.0,0.0701459899993482,0.9783025303577418,Utsuroi,0.07842898167388188,0.8833344238700582,2.0,0
2017-11-02,0.20878916095009967,2.0,0.48780487804878053,0.6390534135404486,0.662958763535459,2,0.21538735266655845,0.44711989356475085,1.0,0.06804161029936774,0.46546947292311647,Utsuroi,0.07842898167388188,0.8833344238700582,2.0,0
2017-11-03,0.20478135391178873,1.0,0.9523809523809523,3.1761704377150167e-11,0.9999999999672383,1,1.0405668667121247e-21,0.2290126284114429,0.5,0.06600036199038671,0.4182053159444823,Utsuroi,0.07842898167388188,0.8833344238700582,2.0,0
2017-11-06,0.22719179371353285,1.0,0.9523809523809523,0.5545756197658401,0.7569452059876474,2,0.13479226302645908,0.2290126284114429,1.0,0.06402035113067511,0.14604018651399853,Utsuroi,0.07842898167388188,0.8833344238700582,2.0,0
2017-11-07,0.24574000878348706,1.0,0.9523809523809523,1.5146106591016388e-11,0.9999999999838539,1,2.445503164014822e-22,0.2290126284114429,0.5,0.062099740596754854,0.5521452349434868,Utsuroi,0.07842898167388188,0.8833344238700582,2.0,0
2017-11-08,0.2397797854319594,1.0,0.9523809523809523,2.8560265263440825e-11,0.9999999999704398,1,8.442483853918144e-22,0.2290126284114429,0.5,0.060236748378852206,1.0,Utsuroi,0.07842898167388188,0.8833344238700582,2.0,0
2017-11-09,0.19407679277244497,1.0,0.9523809523809523,0.8255129917788054,0.6805070359481935,3,0.2637455926066851,0.2290126284114429,1.5,0.05842964592748664,0.05947265966322557,Utsuroi,0.07842898167388188,0.8833344238700582,2.0,0
2017-11-10,0.1749802371541502,1.5,0.6451612903225806,0.568215320401494,0.831573133388927,3,0.09570272597563052,0.33806626098815146,1.5,0.05667675654966204,0.9241283732768379,Utsuroi,0.07842898167388188,0.8833344238700582,2.0,0
2017-11-13,0.1790808708200013,2.0,0.48780487804878053,0.5705685432247175,0.7423650889303954,2,0.14699837589281392,0.44711989356475085,1.0,0.05497645385317218,0.8723909180547869,Utsuroi,0.07842898167388188,0.8833344238700582,2.0,0
2017-11-14,0.1482069138590878,1.0,0.9523809523809523,9.885092744296264e-12,0.9999999999891149,1,1.075999326329605e-22,0.2290126284114429,0.5,0.05332716023757701,0.2888675666507696,Utsuroi,0.07842898167388188,0.8833344238700582,2.0,0
2017-11-15,0.1440388280737729,1.0,0.9523809523809523,6.177981457828359e-10,0.9999999993812019,1,3.822923335300159e-19,0.2290126284114429,0.5,0.0517273454304497,1.0,Utsuroi,0.07842898167388188,0.8833344238700582,2.0,0
2017-11-16,0.1484891646508849,2.0,0.48780487804878053,8.046974197763043e-11,0.9999999999185303,1,6.555847336061948e-21,0.44711989356475085,0.5,0.050175525067536204,0.12917330497312407,Utsuroi,0.07842898167388188,0.8833344238700582,2.0,0
2017-11-17,0.1473443640726868,1.0,0.9523809523809523,3.568167983236056e-11,0.9999999999633183,1,1.3088631661753e-21,0.2290126284114429,0.5,0.04867025931551012,0.34273545095815405,Utsuroi,0.07842898167388188,0.8833344238700582,2.0,0
2017-11-20,0.1500506118605737,1.0,0.9523809523809523,1.75369718745052e-11,0.999999999981463,1,3.250819664567123e-22,0.2290126284114429,0.5,0.04721015153604481,1.0,Utsuroi,0.07842898167388188,0.8833344238700582,2.0,0
2017-11-21,0.17621928181783095,3.0,0.3278688524590164,1.5424661547890303e-11,0.9999999999835754,1,2.533445041968831e-22,0.6652271587176226,0.5,0.045793846989963465,0.06086116582663037,Utsuroi,0.07842898167388188,0.8833344238700582,2.0,0
2017-11-22,0.1688648341986916,3.0,0.3278688524590164,0.2073103310933791,0.9469810030261127,2,0.01099138581689545,0.6652271587176226,1.0,0.04442003158026456,0.44823771761978126,Utsuroi,0.07842898167388188,0.8833344238700582,2.0,0
2017-11-24,0.17619612271786186,2.0,0.48780487804878053,0.2233562194678285,0.9413069272853614,2,0.013109462830492044,0.44711989356475085,1.0,0.04308743063285662,0.29476042131879154,Utsuroi,0.07842898167388188,0.8833344238700582,2.0,0
2017-11-27,0.19715226802183325,2.0,0.48780487804878053,0.5952985570675782,0.7175004736009074,2,0.16817156043765402,0.44711989356475085,1.0,0.04179480771387092,0.5572225334789193,Utsuroi,0.07842898167388188,0.8833344238700582,2.0,0
2017-11-28,0.1612717234456365,1.5,0.6451612903225806,0.9265506091326585,0.6207657785258713,3,0.35137969891080345,0.33806626098815146,1.5,0.04054096348245479,0.20377155367929267,Utsuroi,0.07842898167388188,0.8833344238700582,2.0,0
2017-11-29,0.17426501035196693,1.0,0.9523809523809523,1.9509172055410825e-11,0.9999999999794909,1,4.001165347706827e-22,0.2290126284114429,0.5,0.03932473457798115,0.5341202849296802,Utsuroi,0.07842898167388188,0.8833344238700582,2.0,0
2017-11-30,0.16861471861471863,1.0,0.9523809523809523,0.3592690989065271,0.8838077147869328,2,0.04174429760838886,0.2290126284114429,1.0,0.038144992540641715,0.1308347711139911,Utsuroi,0.07842898167388188,0.8833344238700582,2.0,0
2017-12-01,0.16167701863354036,1.0,0.9523809523809523,1.0104139747052398e-11,0.9999999999888959,1,1.1219755625468283e-22,0.2290126284114429,0.5,0.03700064276442246,0.36219574823959955,Utsuroi,0.07842898167388188,0.8833344238700582,2.0,0
2017-12-04,0.17824643955078742,1.0,0.9523809523809523,0.4799132229003477,0.8143096570902154,2,0.08911525092730545,0.2290126284114429,1.0,0.03589062348148979,0.14521992309185006,Utsuroi,0.07842898167388188,0.8833344238700582,2.0,0
2017-12-05,0.18611393437480395,1.0,0.9523809523809523,1.933220250528919e-11,0.9999999999796678,1,3.9306582855321198e-22,0.2290126284114429,0.5,0.034813904777045095,0.4586321322103064,Utsuroi,0.07842898167388188,0.8833344238700582,2.0,0
2017-12-06,0.19007152268021832,1.0,0.9523809523809523,3.1506908193007004e-11,0.9999999999674931,1,1.0241914751052048e-21,0.2290126284114429,0.5,0.03376948763373374,1.0,Utsuroi,0.07842898167388188,0.8833344238700582,2.0,0
2017-12-07,0.1652293117510509,1.0,0.9523809523809523,2.5609403486372494e-11,0.9999999999733906,1,6.814503838991975e-22,0.2290126284114429,0.5,0.032756403004721726,1.0,Utsuroi,0.07842898167388188,0.8833344238700582,2.0,0
2017-12-08,0.1570042035259427,2.0,0.48780487804878053,2.1375456959765695e-11,0.9999999999776246,1,4.782851443420253e-22,0.44711989356475085,0.5,0.031773710914580075,0.12917330497312407,Utsuroi,0.07842898167388188,0.8833344238700582,2.0,0
2017-12-11,0.16642135642135644,2.0,0.48780487804878053,0.4919970040790561,0.805981951256108,2,0.09545629871925912,0.44711989356475085,1.0,0.030820499587142672,0.3045824521039705,Utsuroi,0.07842898167388188,0.8833344238700582,2.0,0
2017-12-12,0.1716425120772947,0.0,20.0,9.072576023362455e-11,0.9999999999082743,1,8.321887323574498e-21,0.010905363257698664,0.5,0.02989588459952839,0.08691596401328638,Utsuroi,0.07842898167388188,0.8833344238700582,2.0,0
2017-12-13,0.21369784804567418,2.0,0.48780487804878053,0.0,0.0,0,0.0,0.44711989356475085,0.0,0.028999008061542538,0.8025415298866764,Utsuroi,0.07842898167388188,0.8833344238700582,2.0,0
2017-12-14,0.22576134010916624,1.0,0.9523809523809523,7.741218776805716e-11,0.9999999999215878,1,6.070057290552189e-21,0.2290126284114429,0.5,0.02812903781969626,0.9884041275028336,Utsuroi,0.07842898167388188,0.8833344238700582,2.0,0
2017-12-15,0.23155467720685113,1.0,0.9523809523809523,0.5495785532926811,0.7612984937205772,2,0.131185228489829,0.2290126284114429,1.0,0.02728516668510537,0.14648369322621146,Utsuroi,0.07842898167388188,0.8833344238700582,2.0,0
2017-12-18,0.2572551602986386,1.0,0.9523809523809523,0.0,0.0,0,0.0,0.2290126284114429,0.0,0.02646661168455221,1.0,Utsuroi,0.07842898167388188,0.8833344238700582,2.0,0
2017-12-19,0.25720747851182635,2.0,0.48780487804878053,8.898692893261461e-11,0.9999999999100131,1,8.00765848160713e-21,0.44711989356475085,0.5,0.025672613334015645,0.07210654693871943,Utsuroi,0.07842898167388188,0.8833344238700582,2.0,0
2017-12-20,0.2633345881171968,1.0,0.9523809523809523,0.0,0.0,0,0.0,0.2290126284114429,0.0,0.024902434933995174,0.36855986662960827,Utsuroi,0.07842898167388188,0.8833344238700582,2.0,0
2017-12-21,0.2815490306794655,1.0,0.9523809523809523,0.0,0.0,0,0.0,0.2290126284114429,0.0,0.024155361885975318,1.0,Utsuroi,0.07842898167388188,0.8833344238700582,2.0,0
2017-12-22,0.26347763347763353,2.0,0.48780487804878053,0.0,0.0,0,0.0,0.44711989356475085,0.0,0.023430701029396057,0.029859267178358517,Utsuroi,0.07842898167388188,0.8833344238700582,2.0,0
2017-12-26,0.2621425434468913,2.0,0.48780487804878053,4.502054284821382e-11,0.9999999999539795,1,2.071868825311873e-21,0.44711989356475085,0.5,0.022727779998514174,0.5592486689971765,Utsuroi,0.07842898167388188,0.8833344238700582,2.0,0
2017-12-27,0.2863410502540938,1.0,0.9523809523809523,0.5588737476238965,0.7531268998885546,2,0.13797089464681286,0.2290126284114429,1.0,0.022045946598558748,0.49447584003928435,Utsuroi,0.07842898167388188,0.8833344238700582,2.0,0
2017-12-28,0.2758748980488111,1.0,0.9523809523809523,0.0,0.0,0,0.0,0.2290126284114429,0.0,0.021384568200601986,1.0,Nagare,0.07842898167388188,0.8833344238700582,2.0,0
2017-12-29,0.2735623313884184,2.0,0.48780487804878053,0.0,0.0,0,0.0,0.44711989356475085,0.0,0.020743031154583928,0.029859267178358517,Nagare,0.07842898167388188,0.8833344238700582,2.0,0
2018-01-02,0.296711838885752,2.0,0.48780487804878053,3.215805399692828e-11,0.999999999966842,1,1.0662977794924752e-21,0.44711989356475085,0.5,0.02012074021994641,0.5592486689971765,Nagare,0.07842898167388188,0.8833344238700582,2.0,0
2018-01-03,0.29711713407365586,1.0,0.9523809523809523,0.0,0.0,0,0.0,0.2290126284114429,0.0,0.019517118013348017,0.36855986662960827,Nagare,0.07842898167388188,0.8833344238700582,2.0,0
2018-01-04,0.3191938013677144,2.0,0.48780487804878053,0.0,0.0,0,0.0,0.44711989356475085,0.0,0.018931604472947575,0.029859267178358517,Nagare,0.07842898167388188,0.8833344238700582,2.0,0
2018-01-05,0.30267206223727966,1.5,0.6451612903225806,0.0,0.0,0,0.0,0.33806626098815146,0.0,0.018363656338759148,0.03236303777811034,Nagare,0.07842898167388188,0.8833344238700582,2.0,0
2018-01-08,0.2956389986824769,1.5,0.6451612903225806,0.0,0.0,0,0.0,0.33806626098815146,0.0,0.017812746648596372,1.0,Nagare,0.07842898167388188,0.8833344238700582,2.0,0
2018-01-09,0.3012892904197253,1.5,0.6451612903225806,0.0,0.0,0,0.0,0.33806626098815146,0.0,0.01727836424913848,1.0,Nagare,0.07842898167388188,0.8833344238700582,2.0,0
2018-01-10,0.320600414078675,1.0,0.9523809523809523,0.0,0.0,0,0.0,0.2290126284114429,0.0,0.016760013321664328,0.13251142430552298,Nagare,0.07842898167388188,0.8833344238700582,2.0,0
2018-01-11,0.36546897546897544,1.0,0.9523809523809523,0.0,0.0,0,0.0,0.2290126284114429,0.0,0.0162572129220144,1.0,Nagare,0.07842898167388188,0.8833344238700582,2.0,0
2018-01-12,0.3901204592508941,2.0,0.48780487804878053,0.0,0.0,0,0.0,0.44711989356475085,0.0,0.015769496534353968,0.029859267178358517,Nagare,0.07842898167388188,0.8833344238700582,2.0,0
2018-01-16,0.3650159984942594,1.0,0.9523809523809523,8.664258199402435e-11,0.9999999999123574,1,7.593577680235024e-21,0.2290126284114429,0.5,0.015296411638323348,0.9884041275028336,Nagare,0.07842898167388188,0.8833344238700582,2.0,0
2018-01-17,0.32658447832360876,1.0,0.9523809523809523,3.699640593807258e-11,0.9999999999620036,1,1.4057296398752747e-21,0.2290126284114429,0.5,0.014837519289173647,1.0,Nagare,0.07842898167388188,0.8833344238700582,2.0,0
2018-01-18,0.30877533094924403,0.0,20.0,0.6256757254751114,0.6815760992719309,2,0.1992301050966495,0.010905363257698664,1.0,0.014392393710498438,0.019186252005383153,Nagare,0.07842898167388188,0.8833344238700582,2.0,0
2018-01-19,0.3175010979358806,1.0,0.9523809523809523,0.6667200527400803,0.61444102556365,2,0.25705989977061455,0.2290126284114429,1.0,0.013960621899183484,0.994427341034178,Nagare,0.07842898167388188,0.8833344238700582,2.0,0
2018-01-22,0.31444946357989845,1.0,0.9523809523809523,0.6896254739586598,0.5419378737953204,2,0.3158913108864136,0.2290126284114429,1.0,0.01354180324220798,0.24197539420295633,Nagare,0.07842898167388188,0.8833344238700582,2.0,0
2018-01-23,0.2871754815233076,1.0,0.9523809523809523,0.6705665796736426,0.7842875865123551,3,0.14464953530555658,0.2290126284114429,1.5,0.013135549144941739,0.7890976721936207,Nagare,0.07842898167388188,0.8833344238700582,2.0,0
2018-01-24,0.24926846100759145,1.0,0.9523809523809523,1.8165469128733655e-11,0.9999999999808346,1,3.481493359476123e-22,0.2290126284114429,0.5,0.012741482670593487,0.42216523953577867,Nagare,0.07842898167388188,0.8833344238700582,2.0,0
2018-01-25,0.26979547023025285,1.0,0.9523809523809523,0.4060047960052382,0.8594256127064744,2,0.0570738754366692,0.2290126284114429,1.0,0.012359238190475682,0.13627992210319606,Nagare,0.07842898167388188,0.8833344238700582,2.0,0
2018-01-26,0.2741345128301651,1.0,0.9523809523809523,1.4349188503953e-11,0.9999999999846508,1,2.20248081798881e-22,0.2290126284114429,0.5,0.01198846104476141,0.39043952563635076,Nagare,0.07842898167388188,0.8833344238700582,2.0,0
2018-01-29,0.35269025660330006,2.0,0.48780487804878053,2.2868928972456924e-11,0.9999999999761311,1,5.458563354261935e-22,0.44711989356475085,0.5,0.011628807213418567,0.12917330497312407,Nagare,0.07842898167388188,0.8833344238700582,2.0,0
2018-01-30,0.3752199008720749,1.0,0.9523809523809523,0.6510291446463023,0.6440890689733066,2,0.23170838899657728,0.2290126284114429,1.0,0.011279942997016009,0.3334973424403447,Nagare,0.07842898167388188,0.8833344238700582,2.0,0
2018-01-31,0.3631802497019889,1.0,0.9523809523809523,5.372591260616361e-11,0.9999999999452741,1,2.9401984095421174e-21,0.2290126284114429,0.5,0.010941544707105528,0.6906701483427047,Nagare,0.07842898167388188,0.8833344238700582,2.0,0
2018-02-01,0.3656629213562212,3.0,0.3278688524590164,0.0,0.0,0,0.0,0.6652271587176226,0.0,0.010613298365892362,0.11592668866924127,Utsuroi,0.07842898167388188,0.8833344238700582,2.0,0
2018-02-02,0.42278778942431633,3.0,0.3278688524590164,2.494271455730298e-10,0.9999999997495729,1,6.246332258434605e-20,0.6652271587176226,0.5,0.010294899414915591,0.6858165003549627,Utsuroi,0.07842898167388188,0.8833344238700582,2.0,0
2018-02-05,0.4524245585573997,2.0,0.48780487804878053,1.1292056178353129e-10,0.9999999998860795,1,1.2863971338027455e-20,0.44711989356475085,0.5,0.009986052432468123,0.11108005304194601,Nagare,0.07842898167388188,0.8833344238700582,2.0,0
2018-02-06,0.41451633943156896,2.0,0.48780487804878053,0.5802337084360164,0.7330181983103605,2,0.15491184087930862,0.44711989356475085,1.0,0.00968647085949408,0.2827953959436793,Nagare,0.07842898167388188,0.8833344238700582,2.0,0
2018-02-07,0.47271456620281993,2.0,0.48780487804878053,0.5140152091686837,0.7899558130280722,2,0.1079659067010416,0.44711989356475085,1.0,0.009395876733709256,0.6977902304546719,Nagare,0.07842898167388188,0.8833344238700582,2.0,0
2018-02-08,0.4735136704597472,2.0,0.48780487804878053,0.45385998244401116,0.831274237323512,2,0.07657787168620322,0.44711989356475085,1.0,0.009114000431697978,0.7806129908812712,Nagare,0.07842898167388188,0.8833344238700582,2.0,0
2018-02-09,0.4477531104040337,2.0,0.48780487804878053,0.5895550155191568,0.7235646809298165,2,0.1629738288244651,0.44711989356475085,1.0,0.00884058041874704,0.5683245807148355,Nagare,0.07842898167388188,0.8833344238700582,2.0,0
2018-02-12,0.45379745362583407,2.0,0.48780487804878053,1.2922884984237937e-11,0.9999999999860771,1,1.7992355542488155e-22,0.44711989356475085,0.5,0.008575363006184628,0.7396505821459022,Nagare,0.07842898167388188,0.8833344238700582,2.0,0
2018-02-13,0.4456433091784752,2.0,0.48780487804878053,2.0412338485924462e-11,0.9999999999785877,1,4.370754493985076e-22,0.44711989356475085,0.5,0.00831810211599909,1.0,Nagare,0.07842898167388188,0.8833344238700582,2.0,0
2018-02-14,0.4389438767222995,1.0,0.9523809523809523,0.0,0.0,0,0.0,0.2290126284114429,0.0,0.008068559052519117,0.36855986662960827,Nagare,0.07842898167388188,0.8833344238700582,2.0,0
2018-02-15,0.4511871081127469,1.0,0.9523809523809523,0.0,0.0,0,0.0,0.2290126284114429,0.0,0.007826502280943544,1.0,Nagare,0.07842898167388188,0.8833344238700582,2.0,0
2018-02-16,0.45509739172217156,2.0,0.48780487804878053,0.0,0.0,0,0.0,0.44711989356475085,0.0,0.007591707212515237,0.029859267178358517,Nagare,0.07842898167388188,0.8833344238700582,2.0,0
2018-02-20,0.4814072401028923,1.0,0.9523809523809523,0.0,0.0,0,0.0,0.2290126284114429,0.0,0.007363955996139779,0.10838232869723363,Nagare,0.07842898167388188,0.8833344238700582,2.0,0
2018-02-21,0.5071554049814919,2.0,0.48780487804878053,0.0,0.0,0,0.0,0.44711989356475085,0.0,0.007143037316255586,0.029859267178358517,Nagare,0.07842898167388188,0.8833344238700582,2.0,0
2018-02-22,0.5076560637430204,2.0,0.48780487804878053,0.0,0.0,0,0.0,0.44711989356475085,0.0,0.0069287461967679174,1.0,Nagare,0.07842898167388188,0.8833344238700582,2.0,0
2018-02-23,0.5048666792145053,1.0,0.9523809523809523,0.0,0.0,0,0.0,0.2290126284114429,0.0,0.00672088381086488,0.10838232869723363,Nagare,0.07842898167388188,0.8833344238700582,2.0,0
2018-02-26,0.510803061672627,1.0,0.9523809523809523,1.5803236495927106e-10,0.9999999998409677,1,2.5132257245630106e-20,0.2290126284114429,0.5,0.006519257296538934,0.32428135595398844,Nagare,0.07842898167388188,0.8833344238700582,2.0,0
2018-02-27,0.5229380764163374,1.5,0.6451612903225806,0.6711158531486954,0.6045682855226844,2,0.265380492423495,0.33806626098815146,1.0,0.006323679577642766,0.08449419144852288,Nagare,0.07842898167388188,0.8833344238700582,2.0,0
2018-02-28,0.5171208984252462,1.0,0.9523809523809523,0.5705278777754462,0.7424035106127433,2,0.1469659784125168,0.2290126284114429,1.0,0.006133969190313482,0.4102580867138972,Nagare,0.07842898167388188,0.8833344238700582,2.0,0
2018-03-01,0.47196624631407247,1.0,0.9523809523809523,0.0,0.0,0,0.0,0.2290126284114429,0.0,0.005949950114604078,1.0,Nagare,0.07842898167388188,0.8833344238700582,2.0,0
2018-03-02,0.47520860781730345,1.0,0.9523809523809523,4.458396983931568e-10,0.9999999995531603,1,1.9921886654346235e-19,0.2290126284114429,0.5,0.005771451611165955,0.32428135595398844,Nagare,0.07842898167388188,0.8833344238700582,2.0,0
2018-03-05,0.47234770060857034,1.0,0.9523809523809523,2.229887385600876e-10,0.9999999997760113,1,4.994696133587838e-20,0.2290126284114429,0.5,0.005598308062830976,1.0,Nagare,0.07842898167388188,0.8833344238700582,2.0,0
2018-03-06,0.4897038710082188,2.0,0.48780487804878053,0.31055191006025434,0.9065042725394704,2,0.029035276745340437,0.44711989356475085,1.0,0.005430358820946047,0.018462961953960133,Nagare,0.07842898167388188,0.8833344238700582,2.0,0
2018-03-07,0.4493173975782672,2.0,0.48780487804878053,2.1820101281118025e-11,0.9999999999771799,1,4.979364385068635e-22,0.44711989356475085,0.5,0.005267448056317665,0.5717484173768344,Nagare,0.07842898167388188,0.8833344238700582,2.0,0
2018-03-08,0.4541809398331138,1.0,0.9523809523809523,0.4359311171087975,0.8422433394998708,2,0.06877103724317461,0.2290126284114429,1.0,0.005109424614628135,0.622501642128536,Nagare,0.07842898167388188,0.8833344238700582,2.0,0
2018-03-09,0.47980990024468284,1.0,0.9523809523809523,0.35227980129085845,0.8872241754889092,2,0.03972864504917979,0.2290126284114429,1.0,0.004956141876189291,0.8553691906379274,Nagare,0.07842898167388188,0.8833344238700582,2.0,0
2018-03-12,0.43815985946420744,2.0,0.48780487804878053,9.964162827662423e-11,0.9999999998993584,1,1.0028093510153945e-20,0.44711989356475085,0.5,0.004807457619903612,0.7025706432420238,Nagare,0.07842898167388188,0.8833344238700582,2.0,0
2018-03-13,0.41360373925591326,1.0,0.9523809523809523,0.0,0.0,0,0.0,0.2290126284114429,0.0,0.0046632338913065036,0.36855986662960827,Nagare,0.07842898167388188,0.8833344238700582,2.0,0
2018-03-14,0.431007591442374,1.0,0.9523809523809523,2.1558388405437636e-10,0.9999999997834161,1,4.669199018399508e-20,0.2290126284114429,0.5,0.0045233368745673085,0.32428135595398844,Nagare,0.07842898167388188,0.8833344238700582,2.0,0
2018-03-15,0.432271158792898,1.0,0.9523809523809523,1.0048695208748839e-10,0.9999999998985131,1,1.0198112269493883e-20,0.2290126284114429,0.5,0.0043876367683302895,1.0,Nagare,0.07842898167388188,0.8833344238700582,2.0,0
2018-03-16,0.4468617855574378,2.0,0.48780487804878053,3.442024443182693e-11,0.9999999999645798,1,1.2191727097651005e-21,0.44711989356475085,0.5,0.00425600766528038,0.12917330497312407,Nagare,0.07842898167388188,0.8833344238700582,2.0,0
2018-03-19,0.406666039274735,2.0,0.48780487804878053,0.0,0.0,0,0.0,0.44711989356475085,0.0,0.004128327435321969,1.0,Nagare,0.07842898167388188,0.8833344238700582,2.0,0
2018-03-20,0.3791059664972709,1.0,0.9523809523809523,0.0,0.0,0,0.0,0.2290126284114429,0.0,0.00400447761226231,0.10838232869723363,Nagare,0.07842898167388188,0.8833344238700582,2.0,0
2018-03-21,0.3953416149068324,1.0,0.9523809523809523,0.0,0.0,0,0.0,0.2290126284114429,0.0,0.0038843432838944402,1.0,Nagare,0.07842898167388188,0.8833344238700582,2.0,0
2018-03-22,0.36723320158102774,2.0,0.48780487804878053,0.0,0.0,0,0.0,0.44711989356475085,0.0,0.003767812985377607,0.029859267178358517,Nagare,0.07842898167388188,0.8833344238700582,2.0,0
2018-03-23,0.3180971202710334,1.0,0.9523809523809523,0.0,0.0,0,0.0,0.2290126284114429,0.0,0.0036547785958162787,0.10838232869723363,Nagare,0.07842898167388188,0.8833344238700582,2.0,0
2018-03-26,0.34916180437919575,1.0,0.9523809523809523,0.0,0.0,0,0.0,0.2290126284114429,0.0,0.0035451352379417904,1.0,Nagare,0.07842898167388188,0.8833344238700582,2.0,0
2018-03-27,0.34513269339356295,2.0,0.48780487804878053,0.0,0.0,0,0.0,0.44711989356475085,0.0,0.0034387811808035368,0.029859267178358517,Nagare,0.07842898167388188,0.8833344238700582,2.0,0
2018-03-28,0.31850241545893726,2.0,0.48780487804878053,0.0,0.0,0,0.0,0.44711989356475085,0.0,0.0033356177453794304,1.0,Nagare,0.07842898167388188,0.8833344238700582,2.0,0
2018-03-29,0.2843145743145744,0.5,1.8181818181818181,0.0,0.0,0,0.0,0.11995899583462528,0.0,0.0032355492130180475,0.6018731973782085,Nagare,0.07842898167388188,0.8833344238700582,2.0,0
2018-04-02,0.2690325616412573,1.0,0.9523809523809523,0.0,0.0,0,0.0,0.2290126284114429,0.0,0.003138482736627506,0.34332396991771974,Nagare,0.07842898167388188,0.8833344238700582,2.0,0
2018-04-03,0.25384591254156474,1.0,0.9523809523809523,0.0,0.0,0,0.0,0.2290126284114429,0.0,0.003044328254528681,1.0,Nagare,0.07842898167388188,0.8833344238700582,2.0,0
2018-04-04,0.2508181190789887,1.0,0.9523809523809523,0.0,0.0,0,0.0,0.2290126284114429,0.0,0.0029529984068928203,1.0,Nagare,0.07842898167388188,0.8833344238700582,2.0,0
2018-04-05,0.23629901499466718,1.0,0.9523809523809523,0.0,0.0,0,0.0,0.2290126284114429,0.0,0.0028644084546860355,1.0,Nagare,0.07842898167388188,0.8833344238700582,2.0,0
2018-04-06,0.2054727398205659,2.0,0.48780487804878053,0.0,0.0,0,0.0,0.44711989356475085,0.0,0.0027784762010454544,0.029859267178358517,Nagare,0.07842898167388188,0.8833344238700582,2.0,0
2018-04-09,0.23143547273982065,1.0,0.9523809523809523,2.8872571000258598e-11,0.9999999999701275,1,8.624972884671656e-22,0.2290126284114429,0.5,0.0026951219150140905,0.9884041275028336,Nagare,0.07842898167388188,0.8833344238700582,2.0,0
2018-04-10,0.26028295376121463,2.0,0.48780487804878053,0.0,0.0,0,0.0,0.44711989356475085,0.0,0.0026142682575636678,0.31295014282760736,Nagare,0.07842898167388188,0.8833344238700582,2.0,0
2018-04-11,0.25410816236903194,2.0,0.48780487804878053,0.0,0.0,0,0.0,0.44711989356475085,0.0,0.0025358402098367575,1.0,Nagare,0.07842898167388188,0.8833344238700582,2.0,0
2018-04-12,0.24717046238785373,2.0,0.48780487804878053,0.0,0.0,0,0.0,0.44711989356475085,0.0,0.002459765003541655,1.0,Nagare,0.07842898167388188,0.8833344238700582,2.0,0
2018-04-13,0.2556101386536169,2.0,0.48780487804878053,0.0,0.0,0,0.0,0.44711989356475085,0.0,0.002385972053435405,1.0,Nagare,0.07842898167388188,0.8833344238700582,2.0,0
2018-04-16,0.2565637743898614,2.0,0.48780487804878053,0.0,0.0,0,0.0,0.44711989356475085,0.0,0.002314392891832343,1.0,Nagare,0.07842898167388188,0.8833344238700582,2.0,0
2018-04-17,0.24879164313946925,2.0,0.48780487804878053,0.0,0.0,0,0.0,0.44711989356475085,0.0,0.0022449611050773728,1.0,Nagare,0.07842898167388188,0.8833344238700582,2.0,0
2018-04-18,0.2388004149312278,3.0,0.3278688524590164,0.0,0.0,0,0.0,0.6652271587176226,0.0,0.0021776122719250517,0.004395814356877303,Utsuroi,0.07842898167388188,0.8833344238700582,2.0,0
2018-04-19,0.2835415246764325,3.0,0.3278688524590164,0.0,0.0,0,0.0,0.6652271587176226,0.0,0.0021122839037673,1.0,Utsuroi,0.07842898167388188,0.8833344238700582,2.0,0
2018-04-20,0.3214869630024277,2.0,0.48780487804878053,1.327770115987955e-10,0.999999999866223,1,1.776250888463762e-20,0.44711989356475085,0.5,0.002048915386654281,0.6870798185245905,Nagare,0.07842898167388188,0.8833344238700582,2.0,0
2018-04-23,0.33064247884296094,3.5,0.28169014084507044,2.4764301720049955e-11,0.9999999999742357,1,6.380343935809744e-22,0.774280791293895,0.5,0.0019874479250546525,0.040928033143317166,Utsuroi,0.07842898167388188,0.8833344238700582,2.0,0
2018-04-24,0.31556090172189555,4.0,0.2469135802469136,0.0,0.0,0,0.0,0.8833344238700582,0.0,0.001927824487303013,0.5567303607492248,Katashi,0.07842898167388188,0.8833344238700582,2.0,0
2018-04-25,0.36241375201688947,3.0,0.3278688524590164,0.0,0.0,0,0.0,0.6652271587176226,0.0,0.0018699897526839224,0.002185489373495386,Utsuroi,0.07842898167388188,0.8833344238700582,2.0,0
2018-04-26,0.3100519517026176,4.5,0.21978021978021978,5.984268635998246e-11,0.9999999999391573,1,3.640988473426788e-21,0.9923880564461126,0.5,0.030867522636157826,0.06987544825129621,Katashi,0.07842898167388188,0.8833344238700582,2.0,0
2018-04-27,0.28691247583099183,4.5,0.21978021978021978,0.0,0.0,0,0.0,0.9923880564461126,0.0,0.05899512953312751,1.0,Katashi,0.07842898167388188,0.8833344238700582,2.0,0
2018-04-30,0.30096816728900805,4.5,0.21978021978021978,0.0,0.0,0,0.0,0.9923880564461126,0.0,0.0862789082231881,1.0,Katashi,0.07842898167388188,0.8833344238700582,2.0,0
2018-05-01,0.30326975286287183,3.0,0.3278688524590164,0.0,0.0,0,0.0,0.6652271587176226,0.0,0.08369054097649245,0.0019841543994920663,Utsuroi,0.07842898167388188,0.8833344238700582,2.0,0
2018-05-02,0.32129179998745216,2.0,0.48780487804878053,1.6646084509394192e-10,0.9999999998325392,1,2.7875670114417005e-20,0.44711989356475085,0.5,0.08117982474719768,0.6870798185245905,Utsuroi,0.07842898167388188,0.8833344238700582,2.0,0
2018-05-03,0.33342681473116265,2.5,0.3921568627450981,0.0,0.0,0,0.0,0.5561735261412413,0.0,0.07874443000478175,0.55881751549884,Utsuroi,0.07842898167388188,0.8833344238700582,2.0,0
2018-05-04,0.32551163812033374,2.5,0.3921568627450981,0.0,0.0,0,0.0,0.5561735261412413,0.0,0.0763820971046383,1.0,Utsuroi,0.07842898167388188,0.8833344238700582,2.0,0
2018-05-07,0.3452042160737813,2.0,0.48780487804878053,6.667877361137011e-11,0.9999999999323212,1,4.512736149031224e-21,0.44711989356475085,0.5,0.07409063419149914,0.9996008731171674,Utsuroi,0.07842898167388188,0.8833344238700582,2.0,0
2018-05-08,0.38923834619486797,1.0,0.9523809523809523,5.5677795705648376e-11,0.9999999999433222,1,3.155693498746353e-21,0.2290126284114429,0.5,0.07186791516575416,0.34273545095815405,Utsuroi,0.07842898167388188,0.8833344238700582,2.0,0
2018-05-09,0.3596279565844783,1.0,0.9523809523809523,1.4301893003104692e-11,0.9999999999846981,1,2.1884572009455267e-22,0.2290126284114429,0.5,0.06971187771078154,1.0,Utsuroi,0.07842898167388188,0.8833344238700582,2.0,0
2018-05-10,0.3585074345943911,2.0,0.48780487804878053,8.206879620289737e-12,0.9999999999907931,1,7.555957117226645e-23,0.44711989356475085,0.5,0.06762052137945809,0.12917330497312407,Utsuroi,0.07842898167388188,0.8833344238700582,2.0,0
2018-05-11,0.3838503042850869,2.0,0.48780487804878053,0.7368394490192147,0.7202125344356367,3,0.20615844196892796,0.44711989356475085,1.5,0.06559190573807434,0.15358212848947372,Utsuroi,0.07842898167388188,0.8833344238700582,2.0,0
2018-05-14,0.4044011544011545,2.0,0.48780487804878053,2.7093882692558188e-11,0.9999999999719061,1,7.61171762698051e-22,0.44711989356475085,0.5,0.06362414856593211,0.6664871807041991,Utsuroi,0.07842898167388188,0.8833344238700582,2.0,0
2018-05-15,0.46850931677018637,2.0,0.48780487804878053,8.063083533849039e-11,0.9999999999183692,1,6.5819606592970746e-21,0.44711989356475085,0.5,0.06171542410895415,1.0,Utsuroi,0.07842898167388188,0.8833344238700582,2.0,0
2018-05-16,0.45687496078800427,1.0,0.9523809523809523,9.732814553814049e-11,0.9999999999016719,1,9.570093906836057e-21,0.2290126284114429,0.5,0.059863961385685525,0.34273545095815405,Utsuroi,0.07842898167388188,0.8833344238700582,2.0,0
2018-05-17,0.422997051257921,1.0,0.9523809523809523,0.0,0.0,0,0.0,0.2290126284114429,0.0,0.058068042544114955,1.0,Utsuroi,0.07842898167388188,0.8833344238700582,2.0,0
2018-05-18,0.4316989773511513,1.5,0.6451612903225806,1.0251773401945254,0.43059621429810324,3,0.583739858522564,0.33806626098815146,1.5,0.056326001267791505,0.01688072442788513,Utsuroi,0.07842898167388188,0.8833344238700582,2.0,0
2018-05-21,0.4226394378568291,2.0,0.48780487804878053,1.8631207687554874e-11,0.9999999999803688,1,3.6575269543357747e-22,0.44711989356475085,0.5,0.05463622122975776,0.9165973377259916,Utsuroi,0.07842898167388188,0.8833344238700582,2.0,0
2018-05-22,0.36353786310308056,2.0,0.48780487804878053,1.5682677378808918e-11,0.9999999999833173,1,2.6162870022098864e-22,0.44711989356475085,0.5,0.05299713459286503,1.0,Utsuroi,0.07842898167388188,0.8833344238700582,2.0,0
2018-05-23,0.3197183010226489,2.0,0.48780487804878053,1.6096457500079724e-11,0.9999999999829036,1,2.7519204547296913e-22,0.44711989356475085,0.5,0.051407220555079076,1.0,Utsuroi,0.07842898167388188,0.8833344238700582,2.0,0
2018-05-24,0.3108256477821696,2.0,0.48780487804878053,0.0,0.0,0,0.0,0.44711989356475085,0.0,0.0498650039384267,1.0,Utsuroi,0.07842898167388188,0.8833344238700582,2.0,0
2018-05-25,0.29818997427693084,1.0,0.9523809523809523,0.0,0.0,0,0.0,0.2290126284114429,0.0,0.0483690538202739,0.10838232869723363,Utsuroi,0.07842898167388188,0.8833344238700582,2.0,0
2018-05-29,0.31921764226112054,1.0,0.9523809523809523,0.0,0.0,0,0.0,0.2290126284114429,0.0,0.04691798220566568,1.0,Utsuroi,0.07842898167388188,0.8833344238700582,2.0,0
2018-05-30,0.357196185457055,2.0,0.48780487804878053,0.0,0.0,0,0.0,0.44711989356475085,0.0,0.04551044273949571,0.029859267178358517,Utsuroi,0.07842898167388188,0.8833344238700582,2.0,0
2018-05-31,0.34012610577827973,1.0,0.9523809523809523,0.0,0.0,0,0.0,0.2290126284114429,0.0,0.04414512945731084,0.10838232869723363,Utsuroi,0.07842898167388188,0.8833344238700582,2.0,0
2018-06-01,0.3212441182006399,1.5,0.6451612903225806,0.0,0.0,0,0.0,0.33806626098815146,0.0,0.04282077557359151,0.06322774189389047,Utsuroi,0.07842898167388188,0.8833344238700582,2.0,0
2018-06-04,0.3180494384842211,1.0,0.9523809523809523,0.18530231066996627,0.9544156786886916,2,0.008446880069307635,0.2290126284114429,1.0,0.041536152306383765,0.25065969102084285,Utsuroi,0.07842898167388188,0.8833344238700582,2.0,0
2018-06-05,0.3198851872764917,1.0,0.9523809523809523,4.076516901731483e-11,0.9999999999582349,1,1.7025632722674337e-21,0.2290126284114429,0.5,0.04029006773719225,0.3259685778203737,Utsuroi,0.07842898167388188,0.8833344238700582,2.0,0
2018-06-06,0.33919631093544134,2.0,0.48780487804878053,3.1773472741210806e-11,0.9999999999672265,1,1.0413263399108536e-21,0.44711989356475085,0.5,0.03908136570507648,0.12917330497312407,Utsuroi,0.07842898167388188,0.8833344238700582,2.0,0
2018-06-07,0.329850680720246,2.0,0.48780487804878053,6.539535577574498e-10,0.9999999993450465,1,4.2830919493506705e-19,0.44711989356475085,0.5,0.03790892473392419,1.0,Utsuroi,0.07842898167388188,0.8833344238700582,2.0,0
2018-06-08,0.3224361628709455,2.0,0.48780487804878053,0.0,0.0,0,0.0,0.44711989356475085,0.0,0.03677165699190646,1.0,Utsuroi,0.07842898167388188,0.8833344238700582,2.0,0
2018-06-11,0.3333552920509443,2.0,0.48780487804878053,0.0,0.0,0,0.0,0.44711989356475085,0.0,0.035668507282149264,1.0,Utsuroi,0.07842898167388188,0.8833344238700582,2.0,0
2018-06-12,0.30024029110985634,2.0,0.48780487804878053,0.0,0.0,0,0.0,0.44711989356475085,0.0,0.03459845206368479,1.0,Utsuroi,0.07842898167388188,0.8833344238700582,2.0,0
2018-06-13,0.29416086329129815,2.0,0.48780487804878053,0.0,0.0,0,0.0,0.44711989356475085,0.0,0.03356049850177424,1.0,Utsuroi,0.07842898167388188,0.8833344238700582,2.0,0
2018-06-14,0.278020578455361,2.0,0.48780487804878053,0.0,0.0,0,0.0,0.44711989356475085,0.0,0.032553683546721016,1.0,Utsuroi,0.07842898167388188,0.8833344238700582,2.0,0
2018-06-15,0.21720245937637245,1.0,0.9523809523809523,0.0,0.0,0,0.0,0.2290126284114429,0.0,0.031577073040319384,0.10838232869723363,Utsuroi,0.07842898167388188,0.8833344238700582,2.0,0
2018-06-18,0.2392076039902128,1.0,0.9523809523809523,0.0,0.0,0,0.0,0.2290126284114429,0.0,0.030629760849109802,1.0,Utsuroi,0.07842898167388188,0.8833344238700582,2.0,0
2018-06-19,0.27284710458623507,1.0,0.9523809523809523,0.0,0.0,0,0.0,0.2290126284114429,0.0,0.029710868023636507,1.0,Utsuroi,0.07842898167388188,0.8833344238700582,2.0,0
2018-06-20,0.271106719367589,1.0,0.9523809523809523,0.0,0.0,0,0.0,0.2290126284114429,0.0,0.02881954198292741,1.0,Utsuroi,0.07842898167388188,0.8833344238700582,2.0,0
2018-06-21,0.2484340297383776,1.0,0.9523809523809523,0.0,0.0,0,0.0,0.2290126284114429,0.0,0.027954955723439586,1.0,Utsuroi,0.07842898167388188,0.8833344238700582,2.0,0
2018-06-22,0.2745398080180689,1.0,0.9523809523809523,0.0,0.0,0,0.0,0.2290126284114429,0.0,0.0271163070517364,1.0,Utsuroi,0.07842898167388188,0.8833344238700582,2.0,0
2018-06-25,0.2877953447518665,1.0,0.9523809523809523,0.0,0.0,0,0.0,0.2290126284114429,0.0,0.026302817840184307,1.0,Utsuroi,0.07842898167388188,0.8833344238700582,2.0,0
2018-06-26,0.28221657569483655,2.0,0.48780487804878053,0.0,0.0,0,0.0,0.44711989356475085,0.0,0.025513733304978775,0.029859267178358517,Utsuroi,0.07842898167388188,0.8833344238700582,2.0,0
2018-06-27,0.30627203714160245,2.0,0.48780487804878053,0.0,0.0,0,0.0,0.44711989356475085,0.0,0.02474832130582941,1.0,Utsuroi,0.07842898167388188,0.8833344238700582,2.0,0
2018-06-28,0.27349080870820003,2.5,0.3921568627450981,0.0,0.0,0,0.0,0.5561735261412413,0.0,0.024005871666654528,0.007308946059353949,Utsuroi,0.07842898167388188,0.8833344238700582,2.0,0
2018-06-29,0.2425691699604743,2.0,0.48780487804878053,3.645452827825378e-10,0.9999999996344547,1,1.3325780044176996e-19,0.44711989356475085,0.5,0.02328569551665489,0.9996008731171674,Utsuroi,0.07842898167388188,0.8833344238700582,2.0,0
