date,mean_corr,curv,eta,entropy,dominance,h1_count,v_raw,Oh,Xi,phi,DEF,regime,phi_c,Oh_pre,Xi_c
2004-12-21,0.3668013146274016,2.0,0.48780487804878053,0.6165150102678598,0.693201582931763,2,0.18914582924898726,0.6589521054329958,0.6666666666666666,1e-06,1.0,Utsuroi,1e-06,0.9803921568627451,3.0
2004-12-22,0.33205779727518864,1.5,0.6451612903225806,0.6671184731995063,0.7024207092689889,3,0.19852064208826412,0.49823207971788014,1.0,1e-06,0.6189346510929061,Utsuroi,1e-06,0.9803921568627451,3.0
2004-12-23,0.3274913492304797,2.0,0.48780487804878053,1.0943657105361961,0.3647031561546606,3,0.6952470819162078,0.6589521054329958,1.0,1e-06,0.1560244799567404,Utsuroi,1e-06,0.9803921568627451,3.0
2004-12-27,0.35461495026712425,2.0,0.48780487804878053,0.5144530606572566,0.7896250252016859,2,0.10822804967068593,0.6589521054329958,0.6666666666666666,1e-06,0.6441528236059826,Utsuroi,1e-06,0.9803921568627451,3.0
2004-12-28,0.3573933313063749,2.0,0.48780487804878053,1.0335973507698193,0.4671721913324301,3,0.5507294114552884,0.6589521054329958,1.0,1e-06,0.16918962518568548,Utsuroi,1e-06,0.9803921568627451,3.0
2004-12-29,0.3518143730568402,2.0,0.48780487804878053,0.6738276981589787,0.597966177947738,2,0.27090152489553215,0.6589521054329958,0.6666666666666666,1e-06,0.31706453630533715,Utsuroi,1e-06,0.9803921568627451,3.0
2004-12-30,0.33502757683135204,2.0,0.48780487804878053,1.0840061988136567,0.40961539347511045,3,0.6399805731571419,0.6589521054329958,1.0,1e-06,0.12063100169700025,Utsuroi,1e-06,0.9803921568627451,3.0
2004-12-31,0.33119010606554267,1.0,0.9523809523809523,0.7049343627740863,0.7526268675711723,3,0.17438182147614534,0.33751205400260365,1.0,1e-06,0.5280129468155158,Utsuroi,1e-06,0.9803921568627451,3.0
2005-01-03,0.314766361079734,1.0,0.9523809523809523,1.088862636128758,0.5950434159322683,4,0.4409420936456874,0.33751205400260365,1.3333333333333333,1e-06,0.1181589048644398,Utsuroi,1e-06,0.9803921568627451,3.0
2005-01-04,0.37320521018642167,1.0,0.9523809523809523,1.0932528124223708,0.36023302341299157,3,0.699427046448704,0.33751205400260365,1.0,1e-06,0.4905085693681923,Utsuroi,1e-06,0.9803921568627451,3.0
2005-01-05,0.37403069331851047,1.0,0.9523809523809523,0.32304915204244544,0.9009234697946206,2,0.03200658907015556,0.33751205400260365,0.6666666666666666,1e-06,0.7420432138239024,Utsuroi,1e-06,0.9803921568627451,3.0
2005-01-06,0.36657519610903566,1.0,0.9523809523809523,0.9976486589527613,0.4856140553795647,3,0.5131764478347266,0.33751205400260365,1.0,1e-06,0.11474512736567333,Utsuroi,1e-06,0.9803921568627451,3.0
2005-01-07,0.3519376689333053,1.0,0.9523809523809523,0.614715869556455,0.6953948724790068,2,0.1872456058354222,0.33751205400260365,0.6666666666666666,1e-06,0.27161907854527323,Utsuroi,1e-06,0.9803921568627451,3.0
2005-01-10,0.35121006119369946,3.0,0.3278688524590164,2.4678592502551097e-11,0.9999999999743214,1,6.3371097448473e-22,0.9803921568627451,0.3333333333333333,1e-06,0.26557309875885593,Katashi,1e-06,0.9803921568627451,3.0
2005-01-11,0.3416379279694841,2.0,0.48780487804878053,1.397715276840675e-11,0.9999999999850229,1,2.0933764308268624e-22,0.6589521054329958,0.3333333333333333,1e-06,0.06536358420799226,Utsuroi,1e-06,0.9803921568627451,3.0
2005-01-12,0.3562470048726119,2.0,0.48780487804878053,1.0253020654652968e-11,0.999999999988747,1,1.1537722638558405e-22,0.6589521054329958,0.3333333333333333,1e-06,1.0,Utsuroi,1e-06,0.9803921568627451,3.0
2005-01-13,0.29617206112352334,1.0,0.9523809523809523,1.3221712612755179e-10,0.9999999998667829,1,1.7613582643859377e-20,0.33751205400260365,0.3333333333333333,1e-06,0.21210217620038418,Utsuroi,1e-06,0.9803921568627451,3.0
2005-01-14,0.3128456303581462,1.0,0.9523809523809523,0.0,0.0,0,0.0,0.33751205400260365,0.0,1e-06,1.0,Utsuroi,1e-06,0.9803921568627451,3.0
2005-01-18,0.3274186332997524,1.0,0.9523809523809523,0.0,0.0,0,0.0,0.33751205400260365,0.0,1e-06,1.0,Utsuroi,1e-06,0.9803921568627451,3.0
2005-01-19,0.3085526771786824,1.0,0.9523809523809523,9.505851660911987e-11,0.9999999999039415,1,9.131177994116055e-21,0.33751205400260365,0.3333333333333333,1e-06,0.41616559151979227,Utsuroi,1e-06,0.9803921568627451,3.0
2005-01-20,0.3152332401840648,1.0,0.9523809523809523,1.3184231484231026e-11,0.9999999999858158,1,1.8700789965746045e-22,0.33751205400260365,0.3333333333333333,1e-06,1.0,Utsuroi,1e-06,0.9803921568627451,3.0
2005-01-21,0.3123919757813479,1.0,0.9523809523809523,8.981682064344689e-11,0.9999999999091832,1,8.156876104608331e-21,0.33751205400260365,0.3333333333333333,1e-06,1.0,Utsuroi,1e-06,0.9803921568627451,3.0
2005-01-24,0.27985519048072255,1.0,0.9523809523809523,0.26779115375780077,0.9244391796349755,2,0.02023451926443585,0.33751205400260365,0.6666666666666666,1e-06,0.1804097785628852,Utsuroi,1e-06,0.9803921568627451,3.0
2005-01-25,0.2896964769661491,1.0,0.9523809523809523,0.6930282100900551,0.5077125144584382,2,0.34116911495460245,0.33751205400260365,0.6666666666666666,1e-06,0.2856853508234054,Utsuroi,1e-06,0.9803921568627451,3.0
2005-01-26,0.29233824680090426,2.0,0.48780487804878053,0.09167870706218466,0.9816166972462018,2,0.001685357428000916,0.6589521054329958,0.6666666666666666,1e-06,0.6306500577486271,Utsuroi,1e-06,0.9803921568627451,3.0
2005-01-27,0.2828758812203808,2.0,0.48780487804878053,7.179701277915472e-12,0.9999999999918203,1,5.87276528909109e-23,0.6589521054329958,0.3333333333333333,1e-06,0.6507074097352997,Utsuroi,1e-06,0.9803921568627451,3.0
2005-01-28,0.27758286137069493,1.0,0.9523809523809523,6.107225836135767e-12,0.9999999999928928,1,4.3405298147510516e-23,0.33751205400260365,0.3333333333333333,1e-06,0.21210217620038418,Utsuroi,1e-06,0.9803921568627451,3.0
2005-01-31,0.2966987310125445,2.0,0.48780487804878053,0.11698877526492583,0.9749776347659148,2,0.0029273358629672854,0.6589521054329958,0.6666666666666666,1e-06,0.005082617796149713,Utsuroi,1e-06,0.9803921568627451,3.0
2005-02-01,0.2981142647389999,1.0,0.9523809523809523,0.2582132125016528,0.9282223029856072,2,0.01853394973205667,0.33751205400260365,0.6666666666666666,1e-06,0.45369143579378,Utsuroi,1e-06,0.9803921568627451,3.0
2005-02-02,0.3053976595621356,1.5,0.6451612903225806,0.4925456507239067,0.8055963618584137,2,0.09575266645154254,0.49823207971788014,0.6666666666666666,1e-06,0.32832624125106724,Utsuroi,1e-06,0.9803921568627451,3.0
2005-02-03,0.32204882734954193,1.5,0.6451612903225806,0.4710719210944594,0.8202119655639585,2,0.0846930947715829,0.49823207971788014,0.6666666666666666,1e-06,0.788413546708102,Utsuroi,1e-06,0.9803921568627451,3.0
2005-02-04,0.2950100434766906,1.5,0.6451612903225806,4.126021746397439e-11,0.9999999999577398,1,1.7436648499282723e-21,0.49823207971788014,0.3333333333333333,1e-06,0.6242426675626742,Utsuroi,1e-06,0.9803921568627451,3.0
2005-02-07,0.2980912963092395,1.0,0.9523809523809523,0.683431308937645,0.5695857908226276,2,0.29415854636345296,0.33751205400260365,0.6666666666666666,1e-06,0.2827319122654266,Utsuroi,1e-06,0.9803921568627451,3.0
2005-02-08,0.30226110163433206,2.0,0.48780487804878053,0.6263421448983435,0.6806980792980771,2,0.19999224988260317,0.6589521054329958,0.6666666666666666,1e-06,0.5389876892562558,Utsuroi,1e-06,0.9803921568627451,3.0
2005-02-09,0.2931754484051597,2.0,0.48780487804878053,0.6039068761307671,0.7080292113247995,2,0.17632316691027672,0.6589521054329958,0.6666666666666666,1e-06,0.6414795391636583,Utsuroi,1e-06,0.9803921568627451,3.0
2005-02-10,0.29036319930404747,2.0,0.48780487804878053,0.5984334614464673,0.7141067849486399,2,0.17108806628724468,0.6589521054329958,0.6666666666666666,1e-06,0.6508088297648376,Utsuroi,1e-06,0.9803921568627451,3.0
2005-02-11,0.28945742768428023,2.0,0.48780487804878053,0.6778830251167915,0.5871387718242379,2,0.2798716183092195,0.6589521054329958,0.6666666666666666,1e-06,0.479495005805333,Utsuroi,1e-06,0.9803921568627451,3.0
2005-02-14,0.29643691734352073,1.0,0.9523809523809523,0.6522999450237691,0.6419294981898044,2,0.23356936864542402,0.33751205400260365,0.6666666666666666,1e-06,0.4175004767883729,Utsuroi,1e-06,0.9803921568627451,3.0
2005-02-15,0.29613140482705697,1.0,0.9523809523809523,1.6526779944416987e-11,0.9999999999824732,1,2.8966086967733023e-22,0.33751205400260365,0.3333333333333333,1e-06,0.7042685313132355,Utsuroi,1e-06,0.9803921568627451,3.0
2005-02-16,0.3118526401135097,2.0,0.48780487804878053,1.55768731245639e-11,0.9999999999834231,1,2.5821550487822985e-22,0.6589521054329958,0.3333333333333333,1e-06,0.07035169117935991,Utsuroi,1e-06,0.9803921568627451,3.0
2005-02-17,0.3136131983958071,1.0,0.9523809523809523,0.34787536021842713,0.8893484666344433,2,0.03849294202826433,0.33751205400260365,0.6666666666666666,1e-06,0.924829181797694,Utsuroi,1e-06,0.9803921568627451,3.0
2005-02-18,0.3044665479448088,2.0,0.48780487804878053,1.670963367656953e-11,0.9999999999822904,1,2.9592112163848846e-22,0.6589521054329958,0.3333333333333333,1e-06,0.4799166444606485,Utsuroi,1e-06,0.9803921568627451,3.0
2005-02-22,0.31567635263287447,2.0,0.48780487804878053,0.0,0.0,0,0.0,0.6589521054329958,0.0,1e-06,1.0,Utsuroi,1e-06,0.9803921568627451,3.0
2005-02-23,0.3223609723609724,1.0,0.9523809523809523,0.0,0.0,0,0.0,0.33751205400260365,0.0,1e-06,0.029530414611866895,Utsuroi,1e-06,0.9803921568627451,3.0
2005-02-24,0.3235025843721496,2.0,0.48780487804878053,0.0,0.0,0,0.0,0.6589521054329958,0.0,1e-06,0.00785010222540583,Utsuroi,1e-06,0.9803921568627451,3.0
2005-02-25,0.35827361044752354,2.5,0.3921568627450981,0.0,0.0,0,0.0,0.8196721311479507,0.0,1e-06,0.001901224270726365,Utsuroi,1e-06,0.9803921568627451,3.0
2005-02-28,0.3920680768506856,2.0,0.48780487804878053,0.0,0.0,0,0.0,0.6589521054329958,0.0,1e-06,0.0029401858026766314,Utsuroi,1e-06,0.9803921568627451,3.0
2005-03-01,0.38070697418523514,1.0,0.9523809523809523,3.181055419023207e-11,0.9999999999671895,1,1.0437212083928532e-21,0.33751205400260365,0.3333333333333333,1e-06,0.7273543250079607,Utsuroi,1e-06,0.9803921568627451,3.0
2005-03-02,0.3884781884781885,2.0,0.48780487804878053,1.7782997296757546e-11,0.999999999981217,1,3.3401759676588264e-22,0.6589521054329958,0.3333333333333333,1e-06,0.07035169117935991,Utsuroi,1e-06,0.9803921568627451,3.0
2005-03-03,0.37995048429831046,2.0,0.48780487804878053,3.183808772124187e-11,0.9999999999671619,1,1.0455012131706186e-21,0.6589521054329958,0.3333333333333333,1e-06,1.0,Utsuroi,1e-06,0.9803921568627451,3.0
2005-03-04,0.4152166673905805,2.0,0.48780487804878053,0.0,0.0,0,0.0,0.6589521054329958,0.0,1e-06,1.0,Utsuroi,1e-06,0.9803921568627451,3.0
2005-03-07,0.40937106371888987,1.0,0.9523809523809523,6.993450260884898e-10,0.999999999299655,1,4.897827952415921e-19,0.33751205400260365,0.3333333333333333,1e-06,0.7273543250079607,Utsuroi,1e-06,0.9803921568627451,3.0
2005-03-08,0.4018336735728041,2.0,0.48780487804878053,0.0,0.0,0,0.0,0.6589521054329958,0.0,1e-06,0.21096851690335927,Utsuroi,1e-06,0.9803921568627451,3.0
2005-03-09,0.4037042667477451,2.0,0.48780487804878053,0.0,0.0,0,0.0,0.6589521054329958,0.0,1e-06,1.0,Utsuroi,1e-06,0.9803921568627451,3.0
2005-03-10,0.40968741403524017,1.0,0.9523809523809523,0.0,0.0,0,0.0,0.33751205400260365,0.0,1e-06,0.029530414611866895,Utsuroi,1e-06,0.9803921568627451,3.0
2005-03-11,0.4246384050731877,1.0,0.9523809523809523,0.0,0.0,0,0.0,0.33751205400260365,0.0,1e-06,1.0,Utsuroi,1e-06,0.9803921568627451,3.0
2005-03-14,0.429369905456862,1.0,0.9523809523809523,0.0,0.0,0,0.0,0.33751205400260365,0.0,1e-06,1.0,Utsuroi,1e-06,0.9803921568627451,3.0
2005-03-15,0.44621899839291146,2.0,0.48780487804878053,0.0,0.0,0,0.0,0.6589521054329958,0.0,1e-06,0.00785010222540583,Utsuroi,1e-06,0.9803921568627451,3.0
2005-03-16,0.4131947762382545,1.5,0.6451612903225806,0.0,0.0,0,0.0,0.49823207971788014,0.0,1e-06,0.008500771377848215,Utsuroi,1e-06,0.9803921568627451,3.0
2005-03-17,0.40750047054394883,2.0,0.48780487804878053,0.0,0.0,0,0.0,0.6589521054329958,0.0,1e-06,0.004868954614841048,Utsuroi,1e-06,0.9803921568627451,3.0
2005-03-18,0.4013935340022297,2.0,0.48780487804878053,0.0,0.0,0,0.0,0.6589521054329958,0.0,1e-06,1.0,Utsuroi,1e-06,0.9803921568627451,3.0
2005-03-21,0.41304347826086957,1.5,0.6451612903225806,0.0,0.0,0,0.0,0.49823207971788014,0.0,1e-06,0.008500771377848215,Utsuroi,1e-06,0.9803921568627451,3.0
2005-03-22,0.4548017200191114,2.0,0.48780487804878053,0.0,0.0,0,0.0,0.6589521054329958,0.0,1e-06,0.004868954614841048,Utsuroi,1e-06,0.9803921568627451,3.0
2005-03-23,0.45906557210905036,1.0,0.9523809523809523,0.0,0.0,0,0.0,0.33751205400260365,0.0,1e-06,0.029530414611866895,Utsuroi,1e-06,0.9803921568627451,3.0
2005-03-24,0.4498323630000331,2.0,0.48780487804878053,0.0,0.0,0,0.0,0.6589521054329958,0.0,1e-06,0.00785010222540583,Utsuroi,1e-06,0.9803921568627451,3.0
2005-03-28,0.45212226024780494,1.0,0.9523809523809523,0.0,0.0,0,0.0,0.33751205400260365,0.0,1e-06,0.029530414611866895,Utsuroi,1e-06,0.9803921568627451,3.0
2005-03-29,0.4597424018854996,1.0,0.9523809523809523,0.0,0.0,0,0.0,0.33751205400260365,0.0,1e-06,1.0,Utsuroi,1e-06,0.9803921568627451,3.0
2005-03-30,0.46202582403593045,2.0,0.48780487804878053,0.0,0.0,0,0.0,0.6589521054329958,0.0,1e-06,0.00785010222540583,Utsuroi,1e-06,0.9803921568627451,3.0
2005-03-31,0.4355380927098562,3.0,0.3278688524590164,0.0,0.0,0,0.0,0.9803921568627451,0.0,1e-06,0.0011422864142766054,Katashi,1e-06,0.9803921568627451,3.0
2005-04-01,0.43861912020711186,2.0,0.48780487804878053,0.0,0.0,0,0.0,0.6589521054329958,0.0,1e-06,0.0025266376692131276,Utsuroi,1e-06,0.9803921568627451,3.0
2005-04-04,0.43020805421773844,2.0,0.48780487804878053,0.0,0.0,0,0.0,0.6589521054329958,0.0,1e-06,1.0,Utsuroi,1e-06,0.9803921568627451,3.0
2005-04-05,0.42355127342626203,2.0,0.48780487804878053,4.5652037704591346e-11,0.999999999953348,1,2.129759574434076e-21,0.6589521054329958,0.3333333333333333,1e-06,0.6506810636407454,Utsuroi,1e-06,0.9803921568627451,3.0
2005-04-06,0.3742886852052894,2.0,0.48780487804878053,3.406896986684791e-11,0.999999999964931,1,1.1947629240117551e-21,0.6589521054329958,0.3333333333333333,1e-06,1.0,Utsuroi,1e-06,0.9803921568627451,3.0
2005-04-07,0.3590010056158712,2.0,0.48780487804878053,0.0,0.0,0,0.0,0.6589521054329958,0.0,1e-06,1.0,Utsuroi,1e-06,0.9803921568627451,3.0
2005-04-08,0.3564493637024609,2.0,0.48780487804878053,3.9994640924368047e-10,0.9999999995990536,1,1.603570678608018e-19,0.6589521054329958,0.3333333333333333,1e-06,0.6506810636407454,Utsuroi,1e-06,0.9803921568627451,3.0
2005-04-11,0.3227766703089805,1.0,0.9523809523809523,0.6724330668473055,0.6014166872614883,2,0.2680205993789161,0.33751205400260365,0.6666666666666666,1e-06,0.49326917253507696,Utsuroi,1e-06,0.9803921568627451,3.0
2005-04-12,0.3420685590342552,1.5,0.6451612903225806,0.600000525711747,0.7123870180017328,2,0.17256794040048357,0.49823207971788014,0.6666666666666666,1e-06,0.8528947413973489,Utsuroi,1e-06,0.9803921568627451,3.0
2005-04-13,0.3660438331292902,2.0,0.48780487804878053,4.7425285919438344e-11,0.9999999999515747,1,2.296581981386596e-21,0.6589521054329958,0.3333333333333333,1e-06,0.849492321826695,Utsuroi,1e-06,0.9803921568627451,3.0
2005-04-14,0.39255648585893904,2.0,0.48780487804878053,0.0,0.0,0,0.0,0.6589521054329958,0.0,1e-06,1.0,Utsuroi,1e-06,0.9803921568627451,3.0
2005-04-15,0.3590225365043143,2.0,0.48780487804878053,0.0,0.0,0,0.0,0.6589521054329958,0.0,1e-06,1.0,Utsuroi,1e-06,0.9803921568627451,3.0
2005-04-18,0.3859611403089664,2.0,0.48780487804878053,0.0,0.0,0,0.0,0.6589521054329958,0.0,1e-06,1.0,Utsuroi,1e-06,0.9803921568627451,3.0
2005-04-19,0.40723913767392034,2.0,0.48780487804878053,7.18809456374906e-11,0.9999999999271191,1,5.2387497014380736e-21,0.6589521054329958,0.3333333333333333,1e-06,0.6506810636407454,Utsuroi,1e-06,0.9803921568627451,3.0
2005-04-20,0.4231941971072406,2.0,0.48780487804878053,2.2641222230111714e-11,0.9999999999763588,1,5.35265665446951e-22,0.6589521054329958,0.3333333333333333,1e-06,1.0,Utsuroi,1e-06,0.9803921568627451,3.0
2005-04-21,0.3931409170539606,3.0,0.3278688524590164,0.565588025185363,0.7470175666891652,2,0.14308383486286286,0.9803921568627451,0.6666666666666666,1e-06,0.07074231360513006,Katashi,1e-06,0.9803921568627451,3.0
2005-04-22,0.3404342034776817,3.0,0.3278688524590164,2.2496671192308924e-11,0.9999999999765034,1,5.285963882683063e-22,0.9803921568627451,0.3333333333333333,1e-06,0.831652091988096,Katashi,1e-06,0.9803921568627451,3.0
2005-04-25,0.35396849527284313,2.0,0.48780487804878053,2.9611646467729215e-11,0.9999999999693884,1,9.064605979508131e-22,0.6589521054329958,0.3333333333333333,1e-06,0.06536358420799226,Utsuroi,1e-06,0.9803921568627451,3.0
2005-04-26,0.3624136732832385,1.5,0.6451612903225806,0.6750133817296322,0.5949313419182969,2,0.2734267647244145,0.49823207971788014,0.6666666666666666,1e-06,0.42446890878910115,Utsuroi,1e-06,0.9803921568627451,3.0
2005-04-27,0.3597728358597925,2.0,0.48780487804878053,3.385358660007817e-11,0.9999999999651464,1,1.1799181634100475e-21,0.6589521054329958,0.3333333333333333,1e-06,0.8876198482070031,Utsuroi,1e-06,0.9803921568627451,3.0
2005-04-28,0.353624636233332,2.0,0.48780487804878053,0.1695110067911414,0.9595059792707565,2,0.006864182222835409,0.6589521054329958,0.6666666666666666,1e-06,0.402322001394227,Utsuroi,1e-06,0.9803921568627451,3.0
2005-04-29,0.35187783231261494,2.0,0.48780487804878053,0.0,0.0,0,0.0,0.6589521054329958,0.0,1e-06,1.0,Utsuroi,1e-06,0.9803921568627451,3.0
2005-05-02,0.3342034776817386,2.0,0.48780487804878053,0.6159930675714954,0.6938407226719967,2,0.18859199240674893,0.6589521054329958,0.6666666666666666,1e-06,0.3291140210950634,Utsuroi,1e-06,0.9803921568627451,3.0
2005-05-03,0.33070986984030465,2.0,0.48780487804878053,3.7507885685497823e-11,0.9999999999614921,1,1.4443485445707114e-21,0.6589521054329958,0.3333333333333333,1e-06,0.7944832928798193,Utsuroi,1e-06,0.9803921568627451,3.0
2005-05-04,0.3343272669359626,2.0,0.48780487804878053,0.0,0.0,0,0.0,0.6589521054329958,0.0,1e-06,1.0,Utsuroi,1e-06,0.9803921568627451,3.0
2005-05-05,0.3590163459728677,2.0,0.48780487804878053,0.0,0.0,0,0.0,0.6589521054329958,0.0,1e-06,1.0,Utsuroi,1e-06,0.9803921568627451,3.0
2005-05-06,0.3685481185481186,2.0,0.48780487804878053,0.341833505598626,0.8922271277039507,2,0.03684037874539156,0.6589521054329958,0.6666666666666666,1e-06,0.3988260930162757,Utsuroi,1e-06,0.9803921568627451,3.0
2005-05-09,0.38461321287408246,2.0,0.48780487804878053,0.678182199333354,0.5862849370171923,2,0.2805741913110176,0.6589521054329958,0.6666666666666666,1e-06,0.47854333600389176,Utsuroi,1e-06,0.9803921568627451,3.0
2005-05-10,0.3866488583879888,2.0,0.48780487804878053,0.07050218242920603,0.9867382680994027,2,0.0009349810417831333,0.6589521054329958,0.6666666666666666,1e-06,0.9979635114310154,Utsuroi,1e-06,0.9803921568627451,3.0
2005-05-11,0.3911740433479564,1.0,0.9523809523809523,1.9414025942202398e-11,0.999999999979586,1,3.9631799975909726e-22,0.33751205400260365,0.3333333333333333,1e-06,0.019463994355738645,Utsuroi,1e-06,0.9803921568627451,3.0
2005-05-12,0.3944475814041032,1.5,0.6451612903225806,1.7718493339028033e-11,0.9999999999812815,1,3.3166310758375343e-22,0.49823207971788014,0.3333333333333333,1e-06,0.1178671529619365,Utsuroi,1e-06,0.9803921568627451,3.0
2005-05-13,0.3596903096903097,2.0,0.48780487804878053,0.0,0.0,0,0.0,0.6589521054329958,0.0,1e-06,0.45492890356018545,Utsuroi,1e-06,0.9803921568627451,3.0
2005-05-16,0.3209855362029275,2.0,0.48780487804878053,0.0,0.0,0,0.0,0.6589521054329958,0.0,1e-06,1.0,Utsuroi,1e-06,0.9803921568627451,3.0
2005-05-17,0.3380822076474251,1.0,0.9523809523809523,0.0,0.0,0,0.0,0.33751205400260365,0.0,1e-06,0.029530414611866895,Utsuroi,1e-06,0.9803921568627451,3.0
2005-05-18,0.3641467228423751,1.0,0.9523809523809523,0.0,0.0,0,0.0,0.33751205400260365,0.0,1e-06,1.0,Utsuroi,1e-06,0.9803921568627451,3.0
2005-05-19,0.3417408678278244,3.0,0.3278688524590164,0.0,0.0,0,0.0,0.9803921568627451,0.0,1e-06,0.0028099432848412986,Katashi,1e-06,0.9803921568627451,3.0
2005-05-20,0.33601905341035776,3.0,0.3278688524590164,7.532441337041109e-11,0.9999999999236756,1,5.749089996880745e-21,0.9803921568627451,0.3333333333333333,1e-06,0.7567764513450342,Katashi,1e-06,0.9803921568627451,3.0
2005-05-23,0.34838422447118106,2.0,0.48780487804878053,0.19608597593370758,0.950822603941551,2,0.009642997699999427,0.6589521054329958,0.6666666666666666,1e-06,0.7290381614442519,Utsuroi,1e-06,0.9803921568627451,3.0
2005-05-24,0.36167093775789433,2.0,0.48780487804878053,6.74963973372987e-10,0.999999999324036,1,4.562513145476636e-19,0.6589521054329958,0.3333333333333333,1e-06,0.6515404737500127,Utsuroi,1e-06,0.9803921568627451,3.0
2005-05-25,0.3404479578392623,1.0,0.9523809523809523,0.0,0.0,0,0.0,0.33751205400260365,0.0,1e-06,0.22821031582372187,Utsuroi,1e-06,0.9803921568627451,3.0
2005-05-26,0.32787647135473225,0.5,1.8181818181818181,0.0,0.0,0,0.0,0.1767920282871665,0.0,1e-06,0.3280822072797074,Utsuroi,1e-06,0.9803921568627451,3.0
2005-05-27,0.33347449651797473,1.0,0.9523809523809523,0.0,0.0,0,0.0,0.33751205400260365,0.0,1e-06,0.10438233864851953,Utsuroi,1e-06,0.9803921568627451,3.0
2005-05-31,0.3153324935933632,2.0,0.48780487804878053,0.0,0.0,0,0.0,0.6589521054329958,0.0,1e-06,0.00785010222540583,Utsuroi,1e-06,0.9803921568627451,3.0
2005-06-01,0.34519321258451696,1.0,0.9523809523809523,0.0,0.0,0,0.0,0.33751205400260365,0.0,1e-06,0.029530414611866895,Utsuroi,1e-06,0.9803921568627451,3.0
2005-06-02,0.3483016983016983,1.0,0.9523809523809523,1.378013258960519e-10,0.9999999998611987,1,1.9127003697530944e-20,0.33751205400260365,0.3333333333333333,1e-06,0.41616559151979227,Utsuroi,1e-06,0.9803921568627451,3.0
2005-06-03,0.36619612271786195,2.0,0.48780487804878053,1.4802159497007043e-10,0.9999999998509784,1,2.2058410899604867e-20,0.6589521054329958,0.3333333333333333,1e-06,0.07035169117935991,Utsuroi,1e-06,0.9803921568627451,3.0
2005-06-06,0.3653158435767131,3.0,0.3278688524590164,6.152633957672266e-11,0.9999999999374737,1,3.8470154403386866e-21,0.9803921568627451,0.3333333333333333,1e-06,0.031137723801286543,Katashi,1e-06,0.9803921568627451,3.0
2005-06-07,0.3647931778366561,2.0,0.48780487804878053,0.3303949110231739,0.8975675795307291,2,0.03384315044683311,0.6589521054329958,0.6666666666666666,1e-06,0.742458945209144,Utsuroi,1e-06,0.9803921568627451,3.0
2005-06-08,0.32959576655228834,2.0,0.48780487804878053,3.3649971697368985e-11,0.99999999996535,1,1.1659698225560304e-21,0.6589521054329958,0.3333333333333333,1e-06,0.6608445025748795,Utsuroi,1e-06,0.9803921568627451,3.0
2005-06-09,0.3245479158522637,1.0,0.9523809523809523,7.482758856692912e-11,0.9999999999241724,1,5.673993944208665e-21,0.33751205400260365,0.3333333333333333,1e-06,0.21210217620038418,Utsuroi,1e-06,0.9803921568627451,3.0
2005-06-10,0.3058557384644342,1.0,0.9523809523809523,0.4620585726542881,0.8260730528894432,2,0.08036443692802173,0.33751205400260365,0.6666666666666666,1e-06,0.19301168242039635,Utsuroi,1e-06,0.9803921568627451,3.0
2005-06-13,0.28970811796898754,1.0,0.9523809523809523,0.9499813614501965,0.4966435578077725,3,0.47817923824849945,0.33751205400260365,1.0,1e-06,0.11060525332371085,Utsuroi,1e-06,0.9803921568627451,3.0
2005-06-14,0.2436997784823872,1.0,0.9523809523809523,0.39521432087847647,0.8948437528624488,3,0.04155925479859655,0.33751205400260365,1.0,1e-06,0.908785501026369,Utsuroi,1e-06,0.9803921568627451,3.0
2005-06-15,0.253781725520856,1.0,0.9523809523809523,1.094213185268781,0.5550717608451969,4,0.48684634578160707,0.33751205400260365,1.3333333333333333,1e-06,0.1730510069678033,Utsuroi,1e-06,0.9803921568627451,3.0
2005-06-16,0.26935166282992373,1.0,0.9523809523809523,0.9107593379222259,0.5808131842040563,3,0.38177830682003977,0.33751205400260365,1.0,1e-06,0.057393353538245484,Utsuroi,1e-06,0.9803921568627451,3.0
2005-06-17,0.2525025698938742,0.0,20.0,1.1137273181837932,0.5627483428613421,4,0.4869791154764569,0.016072002571568628,1.3333333333333333,1e-06,0.19632038614367497,Utsuroi,1e-06,0.9803921568627451,3.0
2005-06-20,0.21863933168281,0.5,1.8181818181818181,0.7220247909813636,0.7573674011509295,3,0.17518675146926518,0.1767920282871665,1.0,1e-06,0.566899112367377,Utsuroi,1e-06,0.9803921568627451,3.0
2005-06-21,0.20899752421491558,0.0,20.0,1.0991662842025827,0.5376786017703185,4,0.5081680933994616,0.016072002571568628,1.3333333333333333,1e-06,0.09303965595453467,Utsuroi,1e-06,0.9803921568627451,3.0
2005-06-22,0.20271178097265055,0.0,20.0,1.1626948450260732,0.48995116470765204,4,0.5930311515059657,0.016072002571568628,1.3333333333333333,1e-06,0.4251918048151254,Utsuroi,1e-06,0.9803921568627451,3.0
2005-06-23,0.22463623333188557,0.0,20.0,0.8413036911340578,0.5764809815348321,3,0.35630811350021896,0.016072002571568628,1.0,1e-06,0.3882472856089485,Utsuroi,1e-06,0.9803921568627451,3.0
2005-06-24,0.21756649147953502,2.0,0.48780487804878053,0.0,0.0,0,0.0,0.6589521054329958,0.0,1e-06,0.6327989311989122,Utsuroi,1e-06,0.9803921568627451,3.0
2005-06-27,0.2084748584748585,0.5,1.8181818181818181,0.0,0.0,0,0.0,0.1767920282871665,0.0,1e-06,0.22941412071482858,Utsuroi,1e-06,0.9803921568627451,3.0
2005-06-28,0.20422476074649984,1.0,0.9523809523809523,0.0,0.0,0,0.0,0.33751205400260365,0.0,1e-06,0.10438233864851953,Utsuroi,1e-06,0.9803921568627451,3.0
2005-06-29,0.2003872938655548,0.0,20.0,6.34940988654433e-11,0.9999999999355059,1,4.094993285133468e-21,0.016072002571568628,0.3333333333333333,1e-06,0.04258608023175603,Utsuroi,1e-06,0.9803921568627451,3.0
2005-06-30,0.22789601702645185,1.0,0.9523809523809523,0.6316466598847045,0.6735353187086297,2,0.20621032550801863,0.33751205400260365,0.6666666666666666,1e-06,0.6447604531380099,Utsuroi,1e-06,0.9803921568627451,3.0
2005-07-01,0.17737624694146434,1.0,0.9523809523809523,1.261410786228615,0.3591575053273505,4,0.8083656350537337,0.33751205400260365,1.3333333333333333,1e-06,0.03249778779538326,Utsuroi,1e-06,0.9803921568627451,3.0
2005-07-05,0.18256164125729343,0.0,20.0,8.298584042122925e-12,0.9999999999907014,1,7.716489756770122e-23,0.016072002571568628,0.3333333333333333,1e-06,0.5409708740097225,Utsuroi,1e-06,0.9803921568627451,3.0
2005-07-06,0.15336113162200118,1.0,0.9523809523809523,0.6254636966504026,0.6818544744077817,2,0.19898847650969412,0.33751205400260365,0.6666666666666666,1e-06,0.6512588234678027,Utsuroi,1e-06,0.9803921568627451,3.0
2005-07-07,0.1496199452721192,1.0,0.9523809523809523,0.8841209552221363,0.6233594422484648,3,0.33299580969468545,0.33751205400260365,1.0,1e-06,0.06332734573567345,Utsuroi,1e-06,0.9803921568627451,3.0
2005-07-08,0.15113292504596854,2.0,0.48780487804878053,0.3548039177174316,0.8859968397503902,2,0.04044876788872971,0.6589521054329958,0.6666666666666666,1e-06,0.9047269696979566,Utsuroi,1e-06,0.9803921568627451,3.0
2005-07-11,0.1513529948312557,1.0,0.9523809523809523,0.5624718615081855,0.7498755173103138,2,0.14068798338723973,0.33751205400260365,0.6666666666666666,1e-06,0.7426370819580062,Utsuroi,1e-06,0.9803921568627451,3.0
2005-07-12,0.1518067314266829,1.0,0.9523809523809523,0.7019635245049236,0.8000898491778405,4,0.14032963405543392,0.33751205400260365,1.3333333333333333,1e-06,0.08215201718112153,Utsuroi,1e-06,0.9803921568627451,3.0
2005-07-13,0.1331820982296546,1.0,0.9523809523809523,1.6653789458431872e-11,0.9999999999823462,1,2.940021243763258e-22,0.33751205400260365,0.3333333333333333,1e-06,0.44739268565870105,Utsuroi,1e-06,0.9803921568627451,3.0
2005-07-14,0.1254535319752711,2.0,0.48780487804878053,0.6810976124497448,0.577463192637467,2,0.28778881066675893,0.6589521054329958,0.6666666666666666,1e-06,0.06138782618621308,Utsuroi,1e-06,0.9803921568627451,3.0
2005-07-15,0.1128132736828389,1.0,0.9523809523809523,1.073951535090953,0.43360076873273334,3,0.6082853238938167,0.33751205400260365,1.0,1e-06,0.26747834063555354,Utsuroi,1e-06,0.9803921568627451,3.0
2005-07-18,0.1461676005154266,1.0,0.9523809523809523,0.9144954743779292,0.6047862562091688,3,0.3614211801086735,0.33751205400260365,1.0,1e-06,0.3769421977705447,Utsuroi,1e-06,0.9803921568627451,3.0
2005-07-19,0.11556414599892861,0.0,20.0,1.0171243707035411,0.43422850726192047,3,0.5754599735132222,0.016072002571568628,1.0,1e-06,0.19969580222182803,Utsuroi,1e-06,0.9803921568627451,3.0
2005-07-20,0.11131404827057001,2.0,0.48780487804878053,0.9053475526743193,0.6216379011822948,3,0.3425492001893284,0.6589521054329958,1.0,1e-06,0.9140055870349091,Utsuroi,1e-06,0.9803921568627451,3.0
2005-07-21,0.1241468676251285,0.0,20.0,0.5451049134844306,0.7651209161161213,2,0.128033742699824,0.016072002571568628,0.6666666666666666,1e-06,0.38626238763519194,Utsuroi,1e-06,0.9803921568627451,3.0
2005-07-22,0.15981192720323156,1.0,0.9523809523809523,0.8580468368721047,0.6510404170041277,3,0.2994236663858169,0.33751205400260365,1.0,1e-06,0.6642048716689178,Utsuroi,1e-06,0.9803921568627451,3.0
2005-07-25,0.17016896147330932,3.0,0.3278688524590164,0.7512294773347424,0.5833887188136632,3,0.31297067501736925,0.9803921568627451,1.0,1e-06,0.260080259244273,Katashi,1e-06,0.9803921568627451,3.0
2005-07-26,0.1724384311340833,2.0,0.48780487804878053,1.0570390460080086,0.4604775175390132,3,0.570296330160434,0.6589521054329958,1.0,1e-06,0.6752831917867179,Utsuroi,1e-06,0.9803921568627451,3.0
2005-07-27,0.18594521420608376,2.0,0.48780487804878053,0.6246349517689389,0.682938075194985,2,0.19804796010834752,0.6589521054329958,0.6666666666666666,1e-06,0.438525237463103,Utsuroi,1e-06,0.9803921568627451,3.0
2005-07-28,0.19872301611432044,1.0,0.9523809523809523,1.258654617807963,0.44711141526782977,4,0.6958957703064553,0.33751205400260365,1.3333333333333333,1e-06,0.14216982308488957,Utsuroi,1e-06,0.9803921568627451,3.0
2005-07-29,0.2610990458816546,0.0,20.0,0.9595911702864535,0.5340960678563508,3,0.44707729948678476,0.016072002571568628,1.0,1e-06,0.638882801508495,Utsuroi,1e-06,0.9803921568627451,3.0
2005-08-01,0.2647362596698196,0.0,20.0,0.687848965477041,0.5514239799311932,2,0.30855255134213716,0.016072002571568628,0.6666666666666666,1e-06,0.45949412960766167,Utsuroi,1e-06,0.9803921568627451,3.0
2005-08-02,0.27028610377645595,0.0,20.0,0.6923020169529617,0.5205538984056004,2,0.3319215031540374,0.016072002571568628,0.6666666666666666,1e-06,0.5704003714389814,Utsuroi,1e-06,0.9803921568627451,3.0
2005-08-03,0.27242425628745487,1.0,0.9523809523809523,0.48879219141855695,0.8082210581476243,2,0.09374004925595471,0.33751205400260365,0.6666666666666666,1e-06,0.9694974877471685,Utsuroi,1e-06,0.9803921568627451,3.0
2005-08-04,0.29795399856320676,1.5,0.6451612903225806,1.022171236535889e-11,0.9999999999887783,1,1.147048899242681e-22,0.49823207971788014,0.3333333333333333,1e-06,0.8994965257014822,Utsuroi,1e-06,0.9803921568627451,3.0
2005-08-05,0.32520222798475185,1.0,0.9523809523809523,8.173461907248825e-12,0.9999999999908266,1,7.497876064579953e-23,0.33751205400260365,0.3333333333333333,1e-06,0.21757759445667857,Utsuroi,1e-06,0.9803921568627451,3.0
2005-08-08,0.3365504348436198,1.0,0.9523809523809523,3.50928175401208e-11,0.9999999999639072,1,1.2665978841536831e-21,0.33751205400260365,0.3333333333333333,1e-06,1.0,Utsuroi,1e-06,0.9803921568627451,3.0
2005-08-09,0.35841392688559337,1.0,0.9523809523809523,0.6581207203237628,0.6315590332599461,2,0.24247863442774778,0.33751205400260365,0.6666666666666666,1e-06,0.1616414351518689,Utsuroi,1e-06,0.9803921568627451,3.0
2005-08-10,0.3612682812997007,1.0,0.9523809523809523,0.5641940221816621,0.7483009804368078,2,0.14200708222653827,0.33751205400260365,0.6666666666666666,1e-06,0.6089725035130434,Utsuroi,1e-06,0.9803921568627451,3.0
2005-08-11,0.40254890037498736,1.0,0.9523809523809523,0.16825103712155887,0.9599033965761922,2,0.006746295111107516,0.33751205400260365,0.6666666666666666,1e-06,0.9798206353978249,Utsuroi,1e-06,0.9803921568627451,3.0
2005-08-12,0.3881480838002577,1.0,0.9523809523809523,0.0,0.0,0,0.0,0.33751205400260365,0.0,1e-06,1.0,Utsuroi,1e-06,0.9803921568627451,3.0
2005-08-15,0.3845719497893411,1.0,0.9523809523809523,4.072432390477746e-10,0.9999999995917568,1,1.662542900141856e-19,0.33751205400260365,0.3333333333333333,1e-06,0.41616559151979227,Utsuroi,1e-06,0.9803921568627451,3.0
2005-08-16,0.3501860458382198,3.0,0.3278688524590164,2.493538708814027e-11,0.9999999999740646,1,6.467083647182523e-22,0.9803921568627451,0.3333333333333333,1e-06,0.03275530136970073,Katashi,1e-06,0.9803921568627451,3.0
2005-08-17,0.3217145173666913,1.0,0.9523809523809523,0.5138930048398032,0.7900480470891108,2,0.1078928399533617,0.33751205400260365,0.6666666666666666,1e-06,0.8741042213805018,Utsuroi,1e-06,0.9803921568627451,3.0
2005-08-18,0.3280965411400194,1.0,0.9523809523809523,1.2755802063936192,0.37568216840435215,4,0.7963674684819934,0.33751205400260365,1.3333333333333333,1e-06,0.043451861814233106,Utsuroi,1e-06,0.9803921568627451,3.0
2005-08-19,0.32295240990893176,1.0,0.9523809523809523,1.0360627462983756,0.43817335144459385,3,0.5820876604459264,0.33751205400260365,1.0,1e-06,0.0350201480657526,Utsuroi,1e-06,0.9803921568627451,3.0
2005-08-22,0.32417654808959157,1.0,0.9523809523809523,0.3954563229720674,0.865175350546866,2,0.053317260118734326,0.33751205400260365,0.6666666666666666,1e-06,0.6438720251949819,Utsuroi,1e-06,0.9803921568627451,3.0
2005-08-23,0.3044940566679698,1.5,0.6451612903225806,0.13419671915820444,0.9701567924044611,2,0.004004860548478532,0.49823207971788014,0.6666666666666666,1e-06,0.3900830161898734,Utsuroi,1e-06,0.9803921568627451,3.0
2005-08-24,0.3150436520001737,1.0,0.9523809523809523,1.421107675969174e-11,0.999999999984789,1,2.1616546505771668e-22,0.33751205400260365,0.3333333333333333,1e-06,0.08256880558500146,Utsuroi,1e-06,0.9803921568627451,3.0
2005-08-25,0.3293206793206793,2.5,0.3921568627450981,3.6528446933210746e-11,0.9999999999624716,1,1.3708550742392296e-21,0.8196721311479507,0.3333333333333333,1e-06,0.046380693539580076,Utsuroi,1e-06,0.9803921568627451,3.0
2005-08-26,0.346114754810407,2.0,0.48780487804878053,0.0,0.0,0,0.0,0.6589521054329958,0.0,1e-06,0.45425312438772747,Utsuroi,1e-06,0.9803921568627451,3.0
2005-08-29,0.3391688022122805,2.0,0.48780487804878053,0.0,0.0,0,0.0,0.6589521054329958,0.0,1e-06,1.0,Utsuroi,1e-06,0.9803921568627451,3.0
2005-08-30,0.3040539170973953,3.0,0.3278688524590164,0.0,0.0,0,0.0,0.9803921568627451,0.0,1e-06,0.0011422864142766054,Katashi,1e-06,0.9803921568627451,3.0
2005-08-31,0.3580397863006559,2.0,0.48780487804878053,0.8206078635145042,0.6862867008362155,3,0.25743560018287975,0.6589521054329958,1.0,1e-06,0.4614415270790809,Utsuroi,1e-06,0.9803921568627451,3.0
2005-09-01,0.3496633800981627,1.0,0.9523809523809523,1.0444814834859335,0.4558918987283016,3,0.5683108367929781,0.33751205400260365,1.0,1e-06,0.451288716381532,Utsuroi,1e-06,0.9803921568627451,3.0
2005-09-02,0.3428687254774212,2.0,0.48780487804878053,0.7421352167441219,0.6413440645814329,3,0.26617120036842407,0.6589521054329958,1.0,1e-06,0.9318636875081161,Utsuroi,1e-06,0.9803921568627451,3.0
2005-09-06,0.33606031649509915,1.0,0.9523809523809523,1.1546781450441903,0.42728347968375474,4,0.6613032493149253,0.33751205400260365,1.3333333333333333,1e-06,0.24344070719338162,Utsuroi,1e-06,0.9803921568627451,3.0
2005-09-07,0.3090554223394433,1.0,0.9523809523809523,0.34127079419114925,0.8924931751437315,2,0.03668893949966753,0.33751205400260365,0.6666666666666666,1e-06,0.5718136358668673,Utsuroi,1e-06,0.9803921568627451,3.0
2005-09-08,0.28657262661883914,2.0,0.48780487804878053,8.190204070158162e-11,0.999999999917098,1,6.789844500252498e-21,0.6589521054329958,0.3333333333333333,1e-06,0.4792462332228514,Utsuroi,1e-06,0.9803921568627451,3.0
2005-09-09,0.2947011668329302,2.0,0.48780487804878053,0.0,0.0,0,0.0,0.6589521054329958,0.0,1e-06,1.0,Utsuroi,1e-06,0.9803921568627451,3.0
2005-09-12,0.29662712709197503,1.5,0.6451612903225806,1.5406342867984288e-11,0.9999999999835937,1,2.5276140262113536e-22,0.49823207971788014,0.3333333333333333,1e-06,0.8821711113728226,Utsuroi,1e-06,0.9803921568627451,3.0
2005-09-13,0.2611666192092119,1.0,0.9523809523809523,1.7391199591374608e-11,0.9999999999816088,1,3.198446380980855e-22,0.33751205400260365,0.3333333333333333,1e-06,0.21757759445667857,Utsuroi,1e-06,0.9803921568627451,3.0
2005-09-14,0.2623702249115394,1.0,0.9523809523809523,0.6788527719676087,0.5843391001380204,2,0.28217255406985553,0.33751205400260365,0.6666666666666666,1e-06,0.14551884859655573,Utsuroi,1e-06,0.9803921568627451,3.0
2005-09-15,0.2647907516881152,2.0,0.48780487804878053,0.4138155334056609,0.8550685190736914,2,0.05997489808679276,0.6589521054329958,0.6666666666666666,1e-06,0.6041976264158893,Utsuroi,1e-06,0.9803921568627451,3.0
2005-09-16,0.29747278917975006,1.0,0.9523809523809523,0.6183596363335787,0.6909236532054409,2,0.19112033740319462,0.33751205400260365,0.6666666666666666,1e-06,0.9035904843103291,Utsuroi,1e-06,0.9803921568627451,3.0
2005-09-19,0.28867175372690107,1.5,0.6451612903225806,3.9047765020592434e-11,0.9999999999599523,1,1.5637748543515586e-21,0.49823207971788014,0.3333333333333333,1e-06,0.9245801349373219,Utsuroi,1e-06,0.9803921568627451,3.0
2005-09-20,0.2991675631147485,2.0,0.48780487804878053,2.1610591092044191e-10,0.9999999997828941,1,4.69178658701329e-20,0.6589521054329958,0.3333333333333333,1e-06,0.06755834428619123,Utsuroi,1e-06,0.9803921568627451,3.0
2005-09-21,0.28521399832567024,1.0,0.9523809523809523,0.0,0.0,0,0.0,0.33751205400260365,0.0,1e-06,0.22821031582372187,Utsuroi,1e-06,0.9803921568627451,3.0
2005-09-22,0.2762944482928871,2.0,0.48780487804878053,1.937481286328421e-10,0.9999999998052519,1,3.773208119499333e-20,0.6589521054329958,0.3333333333333333,1e-06,0.04889998628343517,Utsuroi,1e-06,0.9803921568627451,3.0
2005-09-23,0.2856337763519388,2.0,0.48780487804878053,2.0146506683087399e-10,0.999999999797535,1,4.078963376737471e-20,0.6589521054329958,0.3333333333333333,1e-06,1.0,Utsuroi,1e-06,0.9803921568627451,3.0
2005-09-26,0.2588252747053582,1.0,0.9523809523809523,8.630030023556236e-11,0.9999999999126997,1,7.534040212201497e-21,0.33751205400260365,0.3333333333333333,1e-06,0.21210217620038418,Utsuroi,1e-06,0.9803921568627451,3.0
2005-09-27,0.23806915056815564,2.0,0.48780487804878053,8.967093733802438e-11,0.9999999999093291,1,8.130545957111098e-21,0.6589521054329958,0.3333333333333333,1e-06,0.07035169117935991,Utsuroi,1e-06,0.9803921568627451,3.0
2005-09-28,0.22603361023182542,2.0,0.48780487804878053,2.7990054718010036e-11,0.99999999997101,1,8.11432598658797e-22,0.6589521054329958,0.3333333333333333,1e-06,1.0,Utsuroi,1e-06,0.9803921568627451,3.0
2005-09-29,0.2458133106670647,1.5,0.6451612903225806,2.8626545578008982e-11,0.9999999999703735,1,8.481050240519542e-22,0.49823207971788014,0.3333333333333333,1e-06,0.11039994961645183,Utsuroi,1e-06,0.9803921568627451,3.0
2005-09-30,0.23830806874285138,2.0,0.48780487804878053,0.3376975952966016,0.89417446973232,2,0.03573702709238328,0.6589521054329958,0.6666666666666666,1e-06,0.0706441828053499,Utsuroi,1e-06,0.9803921568627451,3.0
2005-10-03,0.19927319057753845,2.0,0.48780487804878053,4.6109782657622836e-11,0.9999999999528902,1,2.172220819414275e-21,0.6589521054329958,0.3333333333333333,1e-06,0.6619577873859246,Utsuroi,1e-06,0.9803921568627451,3.0
2005-10-04,0.21033169728821904,1.0,0.9523809523809523,1.7018164655107348e-11,0.9999999999819819,1,3.0663571641513083e-22,0.33751205400260365,0.3333333333333333,1e-06,0.21210217620038418,Utsuroi,1e-06,0.9803921568627451,3.0
2005-10-05,0.21128074823726997,2.0,0.48780487804878053,2.8307578503043574e-11,0.9999999999706924,1,8.296259530088323e-22,0.6589521054329958,0.3333333333333333,1e-06,0.07035169117935991,Utsuroi,1e-06,0.9803921568627451,3.0
2005-10-06,0.1799070494722669,2.0,0.48780487804878053,2.4293678179923365e-11,0.9999999999747063,1,6.144759402794176e-22,0.6589521054329958,0.3333333333333333,1e-06,1.0,Utsuroi,1e-06,0.9803921568627451,3.0
2005-10-07,0.20507753116448768,2.0,0.48780487804878053,0.0,0.0,0,0.0,0.6589521054329958,0.0,1e-06,1.0,Utsuroi,1e-06,0.9803921568627451,3.0
2005-10-10,0.213949094383877,2.0,0.48780487804878053,0.0,0.0,0,0.0,0.6589521054329958,0.0,1e-06,1.0,Utsuroi,1e-06,0.9803921568627451,3.0
2005-10-11,0.1857526531439575,2.0,0.48780487804878053,0.8192322981114579,0.6220329461710604,3,0.3096428181186993,0.6589521054329958,1.0,1e-06,0.1863658362693823,Utsuroi,1e-06,0.9803921568627451,3.0
2005-10-12,0.22261434217955964,1.5,0.6451612903225806,0.6393081906393536,0.6625816868370289,2,0.21571429127680186,0.49823207971788014,0.6666666666666666,1e-06,0.01993074574371878,Utsuroi,1e-06,0.9803921568627451,3.0
2005-10-13,0.21949210210079778,2.0,0.48780487804878053,0.39475887491691186,0.8655502087109694,2,0.05307524834207132,0.6589521054329958,0.6666666666666666,1e-06,0.7173530298621337,Utsuroi,1e-06,0.9803921568627451,3.0
2005-10-14,0.2431633583807497,1.0,0.9523809523809523,0.6622252854823388,0.6236968775734685,2,0.24919744267680533,0.33751205400260365,0.6666666666666666,1e-06,0.8599671796303121,Utsuroi,1e-06,0.9803921568627451,3.0
2005-10-17,0.24189915074002444,3.0,0.3278688524590164,0.0,0.0,0,0.0,0.9803921568627451,0.0,1e-06,0.30594651063746525,Katashi,1e-06,0.9803921568627451,3.0
2005-10-18,0.237903250357432,2.0,0.48780487804878053,3.543310089715607e-11,0.9999999999635669,1,1.2909369562675561e-21,0.6589521054329958,0.3333333333333333,1e-06,0.469716124235679,Utsuroi,1e-06,0.9803921568627451,3.0
2005-10-19,0.28205804151068614,2.0,0.48780487804878053,0.0,0.0,0,0.0,0.6589521054329958,0.0,1e-06,1.0,Utsuroi,1e-06,0.9803921568627451,3.0
2005-10-20,0.30122571364667,1.0,0.9523809523809523,0.6501811960854917,0.6455111806181305,2,0.23048196458463777,0.33751205400260365,0.6666666666666666,1e-06,0.4159236257601546,Utsuroi,1e-06,0.9803921568627451,3.0
2005-10-21,0.34561931225626324,0.0,20.0,0.47345028618282065,0.818639455851015,2,0.085865201529609,0.016072002571568628,0.6666666666666666,1e-06,0.17685710465815796,Utsuroi,1e-06,0.9803921568627451,3.0
2005-10-24,0.34953443854314686,0.0,20.0,0.5189714828929666,0.7861820100061948,2,0.11096543933627857,0.016072002571568628,0.6666666666666666,1e-06,0.8429294847112903,Utsuroi,1e-06,0.9803921568627451,3.0
2005-10-25,0.34458967368498716,1.0,0.9523809523809523,0.680940453810027,0.5779646627000863,2,0.28738093410487103,0.33751205400260365,0.6666666666666666,1e-06,0.7739532012173964,Utsuroi,1e-06,0.9803921568627451,3.0
2005-10-26,0.34293258584611475,0.0,20.0,1.6751156017689773e-11,0.9999999999822489,1,2.973520133849197e-22,0.016072002571568628,0.3333333333333333,1e-06,0.2047155125297907,Utsuroi,1e-06,0.9803921568627451,3.0
2005-10-27,0.34133059703571317,0.0,20.0,4.0904279962294546e-11,0.9999999999580957,1,1.7140634943589255e-21,0.016072002571568628,0.3333333333333333,1e-06,1.0,Utsuroi,1e-06,0.9803921568627451,3.0
2005-10-28,0.3728668899919687,2.0,0.48780487804878053,0.0,0.0,0,0.0,0.6589521054329958,0.0,1e-06,0.5480455830369888,Utsuroi,1e-06,0.9803921568627451,3.0
2005-10-31,0.34598067066648586,1.0,0.9523809523809523,5.437561512013849e-11,0.9999999999446244,1,3.011081932014776e-21,0.33751205400260365,0.3333333333333333,1e-06,0.7273543250079607,Utsuroi,1e-06,0.9803921568627451,3.0
2005-11-01,0.3510250618946271,1.0,0.9523809523809523,0.4580699511961316,0.8286185363606094,2,0.07850469868521723,0.33751205400260365,0.6666666666666666,1e-06,0.19268222832251858,Utsuroi,1e-06,0.9803921568627451,3.0
2005-11-02,0.35322575974749887,0.5,1.8181818181818181,3.7566505461195776e-11,0.9999999999614335,1,1.448808007019447e-21,0.1767920282871665,0.3333333333333333,1e-06,0.20726941650329356,Utsuroi,1e-06,0.9803921568627451,3.0
2005-11-03,0.3447805817371035,1.0,0.9523809523809523,1.0347722678652424e-11,0.9999999999886523,1,1.174228584041862e-22,0.33751205400260365,0.3333333333333333,1e-06,0.27287241459183853,Utsuroi,1e-06,0.9803921568627451,3.0
2005-11-04,0.3510113075330467,1.0,0.9523809523809523,1.1127654353442442e-11,0.9999999999878724,1,1.3495209960108653e-22,0.33751205400260365,0.3333333333333333,1e-06,1.0,Utsuroi,1e-06,0.9803921568627451,3.0
2005-11-07,0.3658110005936093,1.0,0.9523809523809523,4.44835279712272e-11,0.9999999999545165,1,2.0232668047320142e-21,0.33751205400260365,0.3333333333333333,1e-06,1.0,Utsuroi,1e-06,0.9803921568627451,3.0
2005-11-08,0.3479303305390262,1.0,0.9523809523809523,2.2853829939322384e-11,0.9999999999761462,1,5.451508672752514e-22,0.33751205400260365,0.3333333333333333,1e-06,1.0,Utsuroi,1e-06,0.9803921568627451,3.0
2005-11-09,0.34142451751147407,1.0,0.9523809523809523,1.2423506667768369e-11,0.9999999999865765,1,1.6676674976362913e-22,0.33751205400260365,0.3333333333333333,1e-06,1.0,Utsuroi,1e-06,0.9803921568627451,3.0
2005-11-10,0.35784722523852963,1.0,0.9523809523809523,3.2842617513889224e-11,0.9999999999661574,1,1.1114794161611108e-21,0.33751205400260365,0.3333333333333333,1e-06,1.0,Utsuroi,1e-06,0.9803921568627451,3.0
2005-11-11,0.31311804137891097,1.0,0.9523809523809523,0.0,0.0,0,0.0,0.33751205400260365,0.0,1e-06,1.0,Utsuroi,1e-06,0.9803921568627451,3.0
2005-11-14,0.3334332334332335,1.0,0.9523809523809523,0.0,0.0,0,0.0,0.33751205400260365,0.0,1e-06,1.0,Utsuroi,1e-06,0.9803921568627451,3.0
2005-11-15,0.3294582229364839,1.0,0.9523809523809523,1.4212797604470867e-10,0.999999999856872,1,2.03424864079504e-20,0.33751205400260365,0.3333333333333333,1e-06,0.41616559151979227,Utsuroi,1e-06,0.9803921568627451,3.0
2005-11-16,0.32398398702746534,2.0,0.48780487804878053,0.6747262509817882,0.5956753323996212,2,0.2728084671494612,0.6589521054329958,0.6666666666666666,1e-06,0.060721190360735644,Utsuroi,1e-06,0.9803921568627451,3.0
2005-11-17,0.3263634915808829,2.0,0.48780487804878053,1.413347217027162e-11,0.9999999999848665,1,2.1388819510300964e-22,0.6589521054329958,0.3333333333333333,1e-06,0.8430372097629951,Utsuroi,1e-06,0.9803921568627451,3.0
2005-11-18,0.3070661222835137,1.0,0.9523809523809523,0.6875845472248936,0.5526892368703525,2,0.30756396853532025,0.33751205400260365,0.6666666666666666,1e-06,0.4296987956241093,Utsuroi,1e-06,0.9803921568627451,3.0
2005-11-21,0.2664357381748687,1.0,0.9523809523809523,0.6226053480690119,0.6855624179647986,2,0.1957705202090051,0.33751205400260365,0.6666666666666666,1e-06,0.4946037578154596,Utsuroi,1e-06,0.9803921568627451,3.0
2005-11-22,0.2749771967163272,1.0,0.9523809523809523,0.6360523253055198,0.791973272183489,3,0.13231588395339028,0.33751205400260365,1.0,1e-06,0.32695807479308026,Utsuroi,1e-06,0.9803921568627451,3.0
2005-11-23,0.26364360277403753,1.0,0.9523809523809523,0.8907018673023643,0.6467465436658019,3,0.3146435131878845,0.33751205400260365,1.0,1e-06,0.4301432315878344,Utsuroi,1e-06,0.9803921568627451,3.0
2005-11-25,0.25686270251487653,1.0,0.9523809523809523,0.0,0.0,0,0.0,0.33751205400260365,0.0,1e-06,1.0,Utsuroi,1e-06,0.9803921568627451,3.0
2005-11-28,0.2642625490451578,1.0,0.9523809523809523,0.0,0.0,0,0.0,0.33751205400260365,0.0,1e-06,1.0,Utsuroi,1e-06,0.9803921568627451,3.0
2005-11-29,0.27287277939451854,1.0,0.9523809523809523,5.3210547078160686e-11,0.9999999999457895,1,2.884571690404646e-21,0.33751205400260365,0.3333333333333333,1e-06,0.41616559151979227,Utsuroi,1e-06,0.9803921568627451,3.0
2005-11-30,0.286654649698128,1.0,0.9523809523809523,4.0987102599928106e-11,0.9999999999580129,1,1.7209287754678573e-21,0.33751205400260365,0.3333333333333333,1e-06,1.0,Utsuroi,1e-06,0.9803921568627451,3.0
2005-12-01,0.3057319492102101,1.0,0.9523809523809523,3.231626077793211e-11,0.9999999999666838,1,1.076656256571888e-21,0.33751205400260365,0.3333333333333333,1e-06,1.0,Utsuroi,1e-06,0.9803921568627451,3.0
2005-12-02,0.2965990531207923,1.0,0.9523809523809523,0.9445173773202823,0.4881153567640403,3,0.48348394071975703,0.33751205400260365,1.0,1e-06,0.059367854427901046,Utsuroi,1e-06,0.9803921568627451,3.0
2005-12-05,0.28827766436462093,1.0,0.9523809523809523,1.0788244322363065,0.4020789283412928,3,0.6450518606543287,0.33751205400260365,1.0,1e-06,0.1820720971414591,Utsuroi,1e-06,0.9803921568627451,3.0
2005-12-06,0.28955681999160265,2.5,0.3921568627450981,2.386213449026239e-11,0.9999999999751379,1,5.932630690575346e-22,0.8196721311479507,0.3333333333333333,1e-06,0.7625571826970521,Utsuroi,1e-06,0.9803921568627451,3.0
2005-12-07,0.3205178879091923,2.0,0.48780487804878053,2.6259106000365636e-11,0.9999999999727409,1,7.1579917305195345e-22,0.6589521054329958,0.3333333333333333,1e-06,0.0657510804157252,Utsuroi,1e-06,0.9803921568627451,3.0
2005-12-08,0.32010525706177884,3.0,0.3278688524590164,0.670584542627576,0.6058121675154939,2,0.26433626735597804,0.9803921568627451,0.6666666666666666,1e-06,0.11317420968263892,Katashi,1e-06,0.9803921568627451,3.0
2005-12-09,0.3142734077516686,3.0,0.3278688524590164,1.4025780536884603e-11,0.9999999999849742,1,2.1074798993292035e-22,0.9803921568627451,0.3333333333333333,1e-06,0.8879415950349049,Katashi,1e-06,0.9803921568627451,3.0
2005-12-12,0.319128697389567,2.0,0.48780487804878053,7.381951713835372e-10,0.9999999992608049,1,5.456702900968845e-19,0.6589521054329958,0.3333333333333333,1e-06,0.06536358420799226,Utsuroi,1e-06,0.9803921568627451,3.0
2005-12-13,0.28482531960792834,2.0,0.48780487804878053,8.281486607235234e-11,0.9999999999161852,1,6.94111507693756e-21,0.6589521054329958,0.3333333333333333,1e-06,1.0,Utsuroi,1e-06,0.9803921568627451,3.0
2005-12-14,0.273684286727765,2.0,0.48780487804878053,0.5727081008096224,0.7403332104900711,2,0.1487132738635634,0.6589521054329958,0.6666666666666666,1e-06,0.38790451542131343,Utsuroi,1e-06,0.9803921568627451,3.0
2005-12-15,0.2925827795393013,2.0,0.48780487804878053,3.709288431890884e-11,0.9999999999619071,1,1.41297413088335e-21,0.6589521054329958,0.3333333333333333,1e-06,0.7631176005714274,Utsuroi,1e-06,0.9803921568627451,3.0
2005-12-16,0.2763113697896307,1.0,0.9523809523809523,0.6795421160581878,0.5822898912446486,2,0.2838516112025073,0.33751205400260365,0.6666666666666666,1e-06,0.4667256402646226,Utsuroi,1e-06,0.9803921568627451,3.0
2005-12-19,0.3068460524982264,2.0,0.48780487804878053,0.6630047502717563,0.6221440448639882,2,0.25052029317364743,0.6589521054329958,0.6666666666666666,1e-06,0.40067409283337396,Utsuroi,1e-06,0.9803921568627451,3.0
2005-12-20,0.273471455415917,1.0,0.9523809523809523,1.2650325231696218e-11,0.9999999999863497,1,1.7268077385360423e-22,0.33751205400260365,0.3333333333333333,1e-06,0.3426589779933784,Utsuroi,1e-06,0.9803921568627451,3.0
2005-12-21,0.28702678860662684,1.0,0.9523809523809523,0.6911196807683744,0.5318286755124921,2,0.32356241632471344,0.33751205400260365,0.6666666666666666,1e-06,0.12935431622494065,Utsuroi,1e-06,0.9803921568627451,3.0
2005-12-22,0.29330928507373716,2.0,0.48780487804878053,2.0860424498653475e-11,0.9999999999781396,1,4.560172732991772e-22,0.6589521054329958,0.3333333333333333,1e-06,0.6976105575570037,Utsuroi,1e-06,0.9803921568627451,3.0
2005-12-23,0.2688943803253439,1.5,0.6451612903225806,1.6506240818461784e-11,0.9999999999824938,1,2.889618616315971e-22,0.49823207971788014,0.3333333333333333,1e-06,0.11039994961645183,Utsuroi,1e-06,0.9803921568627451,3.0
2005-12-27,0.27200300978250225,1.0,0.9523809523809523,0.39875611879532347,0.8633929732904995,2,0.05447288777084952,0.33751205400260365,0.6666666666666666,1e-06,0.5898775672845225,Utsuroi,1e-06,0.9803921568627451,3.0
2005-12-28,0.26368111987884335,2.0,0.48780487804878053,0.0,0.0,0,0.0,0.6589521054329958,0.0,1e-06,0.46319902331855467,Utsuroi,1e-06,0.9803921568627451,3.0
2005-12-29,0.26412225008979984,1.0,0.9523809523809523,3.340894227873118e-11,0.9999999999655911,1,1.1495656274188135e-21,0.33751205400260365,0.3333333333333333,1e-06,0.7273543250079607,Utsuroi,1e-06,0.9803921568627451,3.0
2005-12-30,0.2736753593102816,1.0,0.9523809523809523,3.547107052459687e-11,0.999999999963529,1,1.2936671300280001e-21,0.33751205400260365,0.3333333333333333,1e-06,1.0,Utsuroi,1e-06,0.9803921568627451,3.0
2006-01-03,0.3229104893113285,1.0,0.9523809523809523,0.6085109550769188,0.7027560902109888,2,0.18087617543650866,0.33751205400260365,0.6666666666666666,1e-06,0.18440890969723966,Utsuroi,1e-06,0.9803921568627451,3.0
2006-01-04,0.28020752337145,1.0,0.9523809523809523,0.11174905480857186,0.9763967362151524,2,0.0026376424183541095,0.33751205400260365,0.6666666666666666,1e-06,0.9921089827878912,Utsuroi,1e-06,0.9803921568627451,3.0
2006-01-05,0.2730415476064073,1.0,0.9523809523809523,7.668643497956271e-12,0.9999999999913314,1,6.647656695340239e-23,0.33751205400260365,0.3333333333333333,1e-06,0.41627342668330236,Utsuroi,1e-06,0.9803921568627451,3.0
2006-01-06,0.29925208610445253,3.0,0.3278688524590164,1.470124022505617e-11,0.9999999999842988,1,2.3082737916494885e-22,0.9803921568627451,0.3333333333333333,1e-06,0.03275530136970073,Katashi,1e-06,0.9803921568627451,3.0
2006-01-09,0.3138607769042552,3.0,0.3278688524590164,1.2589262965342667e-11,0.9999999999864108,1,1.7107852648089535e-22,0.9803921568627451,0.3333333333333333,1e-06,1.0,Katashi,1e-06,0.9803921568627451,3.0
2006-01-10,0.2900794857316597,2.0,0.48780487804878053,0.5223643049490613,0.7835606311688015,2,0.11306020046312253,0.6589521054329958,0.6666666666666666,1e-06,0.8706924502542696,Utsuroi,1e-06,0.9803921568627451,3.0
2006-01-11,0.2928716211324907,1.0,0.9523809523809523,0.0,0.0,0,0.0,0.33751205400260365,0.0,1e-06,0.49676890748223834,Utsuroi,1e-06,0.9803921568627451,3.0
2006-01-12,0.30029897638593295,3.0,0.3278688524590164,0.0,0.0,0,0.0,0.9803921568627451,0.0,1e-06,0.0028099432848412986,Katashi,1e-06,0.9803921568627451,3.0
2006-01-13,0.30178444743662136,3.0,0.3278688524590164,0.0,0.0,0,0.0,0.9803921568627451,0.0,1e-06,1.0,Katashi,1e-06,0.9803921568627451,3.0
2006-01-17,0.30383411633909424,2.0,0.48780487804878053,5.526623603044307e-11,0.9999999999437338,1,3.109621858506337e-21,0.6589521054329958,0.3333333333333333,1e-06,0.469716124235679,Utsuroi,1e-06,0.9803921568627451,3.0
2006-01-18,0.3220860609196076,2.0,0.48780487804878053,0.0,0.0,0,0.0,0.6589521054329958,0.0,1e-06,1.0,Utsuroi,1e-06,0.9803921568627451,3.0
2006-01-19,0.2909381883373476,2.0,0.48780487804878053,0.0,0.0,0,0.0,0.6589521054329958,0.0,1e-06,1.0,Utsuroi,1e-06,0.9803921568627451,3.0
2006-01-20,0.3193123290915034,2.0,0.48780487804878053,4.218237980241181e-10,0.9999999995771762,1,1.783571310837547e-19,0.6589521054329958,0.3333333333333333,1e-06,0.6506810636407454,Utsuroi,1e-06,0.9803921568627451,3.0
2006-01-23,0.2970699180821213,2.0,0.48780487804878053,0.0,0.0,0,0.0,0.6589521054329958,0.0,1e-06,1.0,Utsuroi,1e-06,0.9803921568627451,3.0
2006-01-24,0.29832081520714315,1.0,0.9523809523809523,0.0,0.0,0,0.0,0.33751205400260365,0.0,1e-06,0.029530414611866895,Utsuroi,1e-06,0.9803921568627451,3.0
2006-01-25,0.29307968862997136,1.0,0.9523809523809523,0.0,0.0,0,0.0,0.33751205400260365,0.0,1e-06,1.0,Utsuroi,1e-06,0.9803921568627451,3.0
2006-01-26,0.2751628631157742,1.5,0.6451612903225806,5.399736213566957e-11,0.9999999999450027,1,2.9697112853134153e-21,0.49823207971788014,0.3333333333333333,1e-06,0.14637997376608014,Utsuroi,1e-06,0.9803921568627451,3.0
2006-01-27,0.27545954339365414,3.0,0.3278688524590164,0.6060893711586745,0.7055486575151207,2,0.17846382900348795,0.9803921568627451,0.6666666666666666,1e-06,0.03211549835502714,Katashi,1e-06,0.9803921568627451,3.0
2006-01-30,0.2715206145440979,2.0,0.48780487804878053,0.7663857868993686,0.6860637868034,3,0.24059625178688426,0.6589521054329958,1.0,1e-06,0.9606767160952876,Utsuroi,1e-06,0.9803921568627451,3.0
2006-01-31,0.2684614364941533,2.0,0.48780487804878053,0.45018334407282995,0.8335679907084667,2,0.07492491850362279,0.6589521054329958,0.6666666666666666,1e-06,0.4996531648562256,Utsuroi,1e-06,0.9803921568627451,3.0
2006-02-01,0.26267649789004166,1.0,0.9523809523809523,0.6748360841507166,0.5953914438086184,2,0.27304445367406716,0.33751205400260365,0.6666666666666666,1e-06,0.8202711480732277,Utsuroi,1e-06,0.9803921568627451,3.0
2006-02-02,0.264340857223425,1.0,0.9523809523809523,0.6104677060548298,0.7004674572768551,2,0.18285494424496856,0.33751205400260365,0.6666666666666666,1e-06,0.5200607360048322,Utsuroi,1e-06,0.9803921568627451,3.0
2006-02-03,0.20928984955997829,1.0,0.9523809523809523,0.33625317462679655,0.8948501632458884,2,0.035356966420059435,0.33751205400260365,0.6666666666666666,1e-06,0.8948064015620654,Utsuroi,1e-06,0.9803921568627451,3.0
2006-02-06,0.22004227656401568,1.0,0.9523809523809523,8.383105320670605e-11,0.999999999915169,1,7.111474680766786e-21,0.33751205400260365,0.3333333333333333,1e-06,0.4346329192126519,Utsuroi,1e-06,0.9803921568627451,3.0
2006-02-07,0.2599986969552187,1.0,0.9523809523809523,0.25226772914262313,0.9305292715891554,2,0.01752522289808767,0.33751205400260365,0.6666666666666666,1e-06,0.18005624770418682,Utsuroi,1e-06,0.9803921568627451,3.0
2006-02-08,0.26537045306119444,2.0,0.48780487804878053,7.58881846248641e-12,0.9999999999914112,1,6.517881624161905e-23,0.6589521054329958,0.3333333333333333,1e-06,0.47402325138751766,Utsuroi,1e-06,0.9803921568627451,3.0
2006-02-09,0.25643689615065485,1.0,0.9523809523809523,0.0,0.0,0,0.0,0.33751205400260365,0.0,1e-06,0.22821031582372187,Utsuroi,1e-06,0.9803921568627451,3.0
2006-02-10,0.2528404744078531,2.0,0.48780487804878053,0.0,0.0,0,0.0,0.6589521054329958,0.0,1e-06,0.00785010222540583,Utsuroi,1e-06,0.9803921568627451,3.0
2006-02-13,0.2680664283617539,2.0,0.48780487804878053,5.0735970978704757e-11,0.999999999948264,1,2.624873599831601e-21,0.6589521054329958,0.3333333333333333,1e-06,0.6506810636407454,Utsuroi,1e-06,0.9803921568627451,3.0
2006-02-14,0.27509506640879705,1.5,0.6451612903225806,1.9644774693899124e-10,0.9999999998025523,1,3.878816068241208e-20,0.49823207971788014,0.3333333333333333,1e-06,0.11039994961645183,Utsuroi,1e-06,0.9803921568627451,3.0
2006-02-15,0.2762295157016621,2.0,0.48780487804878053,0.0,0.0,0,0.0,0.6589521054329958,0.0,1e-06,0.45492890356018545,Utsuroi,1e-06,0.9803921568627451,3.0
2006-02-16,0.3040814258205563,2.0,0.48780487804878053,1.1374878815980697e-10,0.9999999998852512,1,1.3052533080414419e-20,0.6589521054329958,0.3333333333333333,1e-06,0.6506810636407454,Utsuroi,1e-06,0.9803921568627451,3.0
2006-02-17,0.283711216319912,2.0,0.48780487804878053,1.5941714613766482e-10,0.9999999998395829,1,2.557324010428487e-20,0.6589521054329958,0.3333333333333333,1e-06,1.0,Utsuroi,1e-06,0.9803921568627451,3.0
2006-02-21,0.2969841752450447,1.0,0.9523809523809523,0.47734912088153403,0.8160375032836538,2,0.08781433608271996,0.33751205400260365,0.6666666666666666,1e-06,0.8565412546055379,Utsuroi,1e-06,0.9803921568627451,3.0
2006-02-22,0.3096656966222183,2.0,0.48780487804878053,0.5305432759999074,0.7771085597196195,2,0.1182535549186908,0.6589521054329958,0.6666666666666666,1e-06,0.19893950521888848,Utsuroi,1e-06,0.9803921568627451,3.0
2006-02-23,0.31375074201161157,1.0,0.9523809523809523,0.49463769252953493,0.856523085368593,3,0.07096908998453623,0.33751205400260365,1.0,1e-06,0.813558974409049,Utsuroi,1e-06,0.9803921568627451,3.0
2006-02-24,0.31482358221488654,0.0,20.0,0.644388442421917,0.759874543495923,3,0.15473406890251395,0.016072002571568628,1.0,1e-06,0.19274066722033167,Utsuroi,1e-06,0.9803921568627451,3.0
2006-02-27,0.3191699604743084,1.0,0.9523809523809523,0.5921097804592802,0.7208910542332578,2,0.16526313660216685,0.33751205400260365,0.6666666666666666,1e-06,0.9144115181092093,Utsuroi,1e-06,0.9803921568627451,3.0
2006-02-28,0.3171068062372411,0.0,20.0,0.9983526913534851,0.5412242928732804,3,0.45801996193755873,0.016072002571568628,1.0,1e-06,0.08532110393354253,Utsuroi,1e-06,0.9803921568627451,3.0
2006-03-01,0.312842954147302,1.5,0.6451612903225806,1.0318833990938623,0.49280596969378576,3,0.5233650999924917,0.49823207971788014,1.0,1e-06,0.8039879641032996,Utsuroi,1e-06,0.9803921568627451,3.0
2006-03-02,0.3163915794350577,2.0,0.48780487804878053,1.0925605286880153,0.3764380957910124,3,0.6812791237322771,0.6589521054329958,1.0,1e-06,0.11823696599055444,Utsuroi,1e-06,0.9803921568627451,3.0
2006-03-03,0.3283028565637261,2.0,0.48780487804878053,0.8215990632300709,0.6456210738643139,3,0.2911573937415582,0.6589521054329958,1.0,1e-06,0.5335951013231277,Utsuroi,1e-06,0.9803921568627451,3.0
2006-03-06,0.3513689209341384,1.0,0.9523809523809523,0.6921281913904935,0.5225681524406116,2,0.3304440411635013,0.33751205400260365,0.6666666666666666,1e-06,0.46276838891569594,Utsuroi,1e-06,0.9803921568627451,3.0
2006-03-07,0.3513964296572993,1.0,0.9523809523809523,0.49875452361720035,0.8011855354949496,2,0.09915961353242518,0.33751205400260365,0.6666666666666666,1e-06,0.715587274774572,Utsuroi,1e-06,0.9803921568627451,3.0
2006-03-08,0.3635277765712549,1.5,0.6451612903225806,0.2379295542289122,0.935964629685571,2,0.015235907113795402,0.49823207971788014,0.6666666666666666,1e-06,0.5138233992005463,Utsuroi,1e-06,0.9803921568627451,3.0
2006-03-09,0.3520153759284194,1.5,0.6451612903225806,0.0,0.0,0,0.0,0.49823207971788014,0.0,1e-06,1.0,Utsuroi,1e-06,0.9803921568627451,3.0
2006-03-10,0.32667984189723315,1.0,0.9523809523809523,0.559826139245974,0.7522712482619904,2,0.13868503066571428,0.33751205400260365,0.6666666666666666,1e-06,0.32777045220218237,Utsuroi,1e-06,0.9803921568627451,3.0
2006-03-13,0.3131730588252328,1.0,0.9523809523809523,0.7971777164358366,0.6631669749200853,3,0.2685157817533813,0.33751205400260365,1.0,1e-06,0.08281135654450122,Utsuroi,1e-06,0.9803921568627451,3.0
2006-03-14,0.37091386873995574,1.0,0.9523809523809523,1.0365290229098578,0.48251450602805046,3,0.53638873343677,0.33751205400260365,1.0,1e-06,0.23651152852594992,Utsuroi,1e-06,0.9803921568627451,3.0
2006-03-15,0.3720967438358743,1.0,0.9523809523809523,0.938490869504335,0.5393706707743061,3,0.43229641970422006,0.33751205400260365,1.0,1e-06,0.3101938682418699,Utsuroi,1e-06,0.9803921568627451,3.0
2006-03-16,0.35771433957495324,1.0,0.9523809523809523,0.6781079405005936,0.5864976722108807,2,0.2803992118892811,0.33751205400260365,0.6666666666666666,1e-06,0.10142876315167859,Utsuroi,1e-06,0.9803921568627451,3.0
2006-03-17,0.35508563652469793,1.0,0.9523809523809523,0.667901717269556,0.61187558437325,2,0.2592289637113493,0.33751205400260365,0.6666666666666666,1e-06,0.387153041381325,Utsuroi,1e-06,0.9803921568627451,3.0
2006-03-20,0.34846437795996404,1.0,0.9523809523809523,0.6110066511152515,0.6998319170518976,2,0.18340469513380508,0.33751205400260365,0.6666666666666666,1e-06,0.5189513257622509,Utsuroi,1e-06,0.9803921568627451,3.0
2006-03-21,0.33350538895789195,1.0,0.9523809523809523,0.47526485948348784,0.8700033877575301,3,0.06178282165074694,0.33751205400260365,1.0,1e-06,0.41674640392789364,Utsuroi,1e-06,0.9803921568627451,3.0
2006-03-22,0.36683982042988306,2.0,0.48780487804878053,0.17273343324337248,0.9584837051711932,2,0.007171252141323871,0.6589521054329958,0.6666666666666666,1e-06,0.7410584020535567,Utsuroi,1e-06,0.9803921568627451,3.0
2006-03-23,0.3681197879934919,1.0,0.9523809523809523,0.5909938688065881,0.72206347442691,2,0.16425878253110168,0.33751205400260365,0.6666666666666666,1e-06,0.9153854237213985,Utsuroi,1e-06,0.9803921568627451,3.0
2006-03-24,0.3486042942564682,1.0,0.9523809523809523,0.5592160113997111,0.752819808434946,2,0.13822712082402602,0.33751205400260365,0.6666666666666666,1e-06,0.617843156952608,Utsuroi,1e-06,0.9803921568627451,3.0
2006-03-27,0.32965078399861003,1.0,0.9523809523809523,0.5395917294372888,0.7697388251697943,2,0.12424702554889261,0.33751205400260365,0.6666666666666666,1e-06,0.6515729628093154,Utsuroi,1e-06,0.9803921568627451,3.0
2006-03-28,0.3441753898275638,1.0,0.9523809523809523,0.47140180777608887,0.8199945124235447,2,0.08485491225315733,0.33751205400260365,0.6666666666666666,1e-06,0.753937640397806,Utsuroi,1e-06,0.9803921568627451,3.0
2006-03-29,0.3631701631701632,1.0,0.9523809523809523,0.6346433837821612,0.6693423671410268,2,0.2098496789910183,0.33751205400260365,0.6666666666666666,1e-06,0.46828140203392077,Utsuroi,1e-06,0.9803921568627451,3.0
2006-03-30,0.35560526430091655,2.0,0.48780487804878053,4.5433878880262655e-11,0.9999999999535661,1,2.1096702239600445e-21,0.6589521054329958,0.3333333333333333,1e-06,0.6131416819443571,Utsuroi,1e-06,0.9803921568627451,3.0
2006-03-31,0.3490031707423012,1.0,0.9523809523809523,1.0078308367899225,0.536124068542047,3,0.46750846816797353,0.33751205400260365,1.0,1e-06,0.19866187771431787,Utsuroi,1e-06,0.9803921568627451,3.0
2006-04-03,0.37598922816314123,2.0,0.48780487804878053,0.9156749990557381,0.47626944323398734,3,0.4795669770721798,0.6589521054329958,1.0,1e-06,0.4579883678119563,Utsuroi,1e-06,0.9803921568627451,3.0
2006-04-04,0.3932509519466042,2.0,0.48780487804878053,0.8501730447316181,0.6603971447937201,3,0.2887211934102738,0.6589521054329958,1.0,1e-06,0.5366570535465285,Utsuroi,1e-06,0.9803921568627451,3.0
2006-04-05,0.3808445178010396,2.0,0.48780487804878053,0.5373279680463581,0.7716064368722904,2,0.12272224919027984,0.6589521054329958,0.6666666666666666,1e-06,0.43304278337955093,Utsuroi,1e-06,0.9803921568627451,3.0
2006-04-06,0.39259074259074256,2.0,0.48780487804878053,0.6055034905792689,0.7062178733306241,2,0.17788610316810802,0.6589521054329958,0.6666666666666666,1e-06,0.6387148189406857,Utsuroi,1e-06,0.9803921568627451,3.0
2006-04-07,0.462916793351576,1.0,0.9523809523809523,0.578037277152871,0.7351810503571445,2,0.15307522459003944,0.33751205400260365,0.6666666666666666,1e-06,0.44416314377554655,Utsuroi,1e-06,0.9803921568627451,3.0
2006-04-10,0.4482959069915593,1.0,0.9523809523809523,0.5679145243208426,0.7448575295917493,2,0.14489911471594633,0.33751205400260365,0.6666666666666666,1e-06,0.6022582549768372,Utsuroi,1e-06,0.9803921568627451,3.0
2006-04-11,0.47013783318131147,0.0,20.0,0.5410964592126485,0.7684883369861203,2,0.1252701411232422,0.016072002571568628,0.6666666666666666,1e-06,0.1412462815391422,Utsuroi,1e-06,0.9803921568627451,3.0
2006-04-12,0.475240701327658,1.0,0.9523809523809523,0.6929356949529641,0.5102827695699625,2,0.33934254939847885,0.33751205400260365,0.6666666666666666,1e-06,0.7256474281222416,Utsuroi,1e-06,0.9803921568627451,3.0
2006-04-13,0.41659210354862525,1.0,0.9523809523809523,0.6694034034236005,0.6085247698049667,2,0.26205485144859275,0.33751205400260365,0.6666666666666666,1e-06,0.3830070114340969,Utsuroi,1e-06,0.9803921568627451,3.0
2006-04-17,0.4081331711766494,0.0,20.0,0.1324485654076514,0.970657667692358,2,0.003886349819861771,0.016072002571568628,0.6666666666666666,1e-06,0.18805459411671166,Utsuroi,1e-06,0.9803921568627451,3.0
2006-04-18,0.47141698880829325,1.0,0.9523809523809523,1.4222067967635363e-11,0.999999999984778,1,2.1648897062870866e-22,0.33751205400260365,0.3333333333333333,1e-06,0.9758354792443708,Utsuroi,1e-06,0.9803921568627451,3.0
2006-04-19,0.46456731674122975,1.5,0.6451612903225806,0.45591812041433244,0.8299798762075961,2,0.07751525527204493,0.49823207971788014,0.6666666666666666,1e-06,0.055592914353486345,Utsuroi,1e-06,0.9803921568627451,3.0
2006-04-20,0.4604685169902561,1.0,0.9523809523809523,1.090230671386575,0.3911909872427452,3,0.6637422587245397,0.33751205400260365,1.0,1e-06,0.12355342814226222,Utsuroi,1e-06,0.9803921568627451,3.0
2006-04-21,0.39664827925697504,1.0,0.9523809523809523,1.5526468999246753e-11,0.9999999999834736,1,2.5659736511372808e-22,0.33751205400260365,0.3333333333333333,1e-06,0.7769222611657256,Utsuroi,1e-06,0.9803921568627451,3.0
2006-04-24,0.37894641590293765,1.0,0.9523809523809523,1.0518995747249917,0.40980479020354965,3,0.6208260901896134,0.33751205400260365,1.0,1e-06,0.04512473071737666,Utsuroi,1e-06,0.9803921568627451,3.0
2006-04-25,0.39215060302016824,0.5,1.8181818181818181,1.0756190490450281,0.4352856742858229,3,0.6074174860067875,0.1767920282871665,1.0,1e-06,0.7817242714181083,Utsuroi,1e-06,0.9803921568627451,3.0
2006-04-26,0.37894641590293776,1.0,0.9523809523809523,1.0154044849025134,0.4894839184098504,3,0.5183803188614954,0.33751205400260365,1.0,1e-06,0.6622185370335841,Utsuroi,1e-06,0.9803921568627451,3.0
2006-04-27,0.3862362275405754,1.0,0.9523809523809523,0.0,0.0,0,0.0,0.33751205400260365,0.0,1e-06,1.0,Utsuroi,1e-06,0.9803921568627451,3.0
2006-04-28,0.32504307286915984,1.0,0.9523809523809523,0.9553304612242013,0.5642712352234843,3,0.41626496182260025,0.33751205400260365,1.0,1e-06,0.04922672970754616,Utsuroi,1e-06,0.9803921568627451,3.0
2006-05-01,0.35523389653824433,1.0,0.9523809523809523,0.6855553940171351,0.5615327362744778,2,0.3005935977469655,0.33751205400260365,0.6666666666666666,1e-06,0.1022500912333596,Utsuroi,1e-06,0.9803921568627451,3.0
2006-05-02,0.3850671068062373,1.0,0.9523809523809523,2.3138380100526984e-11,0.9999999999758616,1,5.585225019229507e-22,0.33751205400260365,0.3333333333333333,1e-06,0.757554573197999,Utsuroi,1e-06,0.9803921568627451,3.0
2006-05-03,0.3817247969421883,1.0,0.9523809523809523,1.5140555475893352e-11,0.9999999999838595,1,2.443766406613314e-22,0.33751205400260365,0.3333333333333333,1e-06,1.0,Utsuroi,1e-06,0.9803921568627451,3.0
2006-05-04,0.37541154497676243,2.0,0.48780487804878053,1.0851541887221476e-11,0.9999999999881485,1,1.2860726316332786e-22,0.6589521054329958,0.3333333333333333,1e-06,0.07035169117935991,Utsuroi,1e-06,0.9803921568627451,3.0
2006-05-05,0.3901837293141641,1.0,0.9523809523809523,7.092326725878183e-12,0.9999999999919077,1,5.739326821824596e-23,0.33751205400260365,0.3333333333333333,1e-06,0.21210217620038418,Utsuroi,1e-06,0.9803921568627451,3.0
2006-05-08,0.38733657646701125,1.0,0.9523809523809523,1.1645573394423662e-11,0.9999999999873544,1,1.4726469546014194e-22,0.33751205400260365,0.3333333333333333,1e-06,1.0,Utsuroi,1e-06,0.9803921568627451,3.0
2006-05-09,0.37993672993673,1.0,0.9523809523809523,1.5151213616929583e-11,0.9999999999838488,1,2.4471015251382344e-22,0.33751205400260365,0.3333333333333333,1e-06,1.0,Utsuroi,1e-06,0.9803921568627451,3.0
2006-05-10,0.3258958432871476,1.5,0.6451612903225806,1.1708412017616648e-11,0.9999999999872916,1,1.487950649826125e-22,0.49823207971788014,0.3333333333333333,1e-06,0.1178671529619365,Utsuroi,1e-06,0.9803921568627451,3.0
2006-05-11,0.3782862065470762,1.0,0.9523809523809523,1.926536707920811e-11,0.9999999999797347,1,3.9041930959673156e-22,0.33751205400260365,0.3333333333333333,1e-06,0.21757759445667857,Utsuroi,1e-06,0.9803921568627451,3.0
2006-05-12,0.4312817617165444,1.5,0.6451612903225806,3.065292464249273e-11,0.9999999999683471,1,9.702540357007512e-22,0.49823207971788014,0.3333333333333333,1e-06,0.1178671529619365,Utsuroi,1e-06,0.9803921568627451,3.0
2006-05-15,0.415753087492218,1.0,0.9523809523809523,0.0,0.0,0,0.0,0.33751205400260365,0.0,1e-06,0.47049853103002803,Utsuroi,1e-06,0.9803921568627451,3.0
2006-05-16,0.4078580839450406,1.0,0.9523809523809523,3.6917691125629644e-11,0.9999999999620823,1,1.3998327925167134e-21,0.33751205400260365,0.3333333333333333,1e-06,0.41616559151979227,Utsuroi,1e-06,0.9803921568627451,3.0
2006-05-17,0.4826818109426806,1.0,0.9523809523809523,1.9819479390787146e-11,0.9999999999791805,1,4.1263080427593295e-22,0.33751205400260365,0.3333333333333333,1e-06,1.0,Utsuroi,1e-06,0.9803921568627451,3.0
2006-05-18,0.4396581679190375,1.0,0.9523809523809523,0.6496767227911393,0.6463502913803656,2,0.22975798371204542,0.33751205400260365,0.6666666666666666,1e-06,0.1667395823770632,Utsuroi,1e-06,0.9803921568627451,3.0
2006-05-19,0.4392042739868826,1.0,0.9523809523809523,0.506835325720411,0.7953103525344547,2,0.10374394414479575,0.33751205400260365,0.6666666666666666,1e-06,0.7035703812660691,Utsuroi,1e-06,0.9803921568627451,3.0
2006-05-22,0.44571008701443476,1.0,0.9523809523809523,0.5078651584175533,0.7945502751931538,2,0.10434075703587167,0.33751205400260365,0.6666666666666666,1e-06,0.7020161210491095,Utsuroi,1e-06,0.9803921568627451,3.0
2006-05-23,0.4680196614979225,0.0,20.0,0.6507418821877249,0.6445725039380702,2,0.23129155776861038,0.016072002571568628,0.6666666666666666,1e-06,0.12075040873901721,Utsuroi,1e-06,0.9803921568627451,3.0
2006-05-24,0.47214596997205704,1.0,0.9523809523809523,3.752009813876823e-11,0.9999999999614799,1,1.4452770325002748e-21,0.33751205400260365,0.3333333333333333,1e-06,0.9772284447161569,Utsuroi,1e-06,0.9803921568627451,3.0
2006-05-25,0.4724898290115682,2.0,0.48780487804878053,0.0,0.0,0,0.0,0.6589521054329958,0.0,1e-06,0.21096851690335927,Utsuroi,1e-06,0.9803921568627451,3.0
2006-05-26,0.47929823799389015,1.0,0.9523809523809523,2.8435698240081556e-11,0.9999999999705643,1,8.370240036068059e-22,0.33751205400260365,0.3333333333333333,1e-06,0.7273543250079607,Utsuroi,1e-06,0.9803921568627451,3.0
2006-05-30,0.5127901084422825,1.0,0.9523809523809523,2.918321140253939e-11,0.9999999999698168,1,8.808423935982883e-22,0.33751205400260365,0.3333333333333333,1e-06,1.0,Utsuroi,1e-06,0.9803921568627451,3.0
2006-05-31,0.526640750553794,2.0,0.48780487804878053,0.0,0.0,0,0.0,0.6589521054329958,0.0,1e-06,0.21096851690335927,Utsuroi,1e-06,0.9803921568627451,3.0
2006-06-01,0.5196535348709262,1.0,0.9523809523809523,2.899243067421102e-10,0.9999999997090757,1,8.434602154527996e-20,0.33751205400260365,0.3333333333333333,1e-06,0.7273543250079607,Utsuroi,1e-06,0.9803921568627451,3.0
2006-06-02,0.5074809248722293,2.0,0.48780487804878053,0.0,0.0,0,0.0,0.6589521054329958,0.0,1e-06,0.21096851690335927,Utsuroi,1e-06,0.9803921568627451,3.0
2006-06-05,0.5423619858402468,2.5,0.3921568627450981,0.0,0.0,0,0.0,0.8196721311479507,0.0,1e-06,0.001901224270726365,Utsuroi,1e-06,0.9803921568627451,3.0
2006-06-06,0.5433385455124585,2.0,0.48780487804878053,0.0,0.0,0,0.0,0.6589521054329958,0.0,1e-06,0.0029401858026766314,Utsuroi,1e-06,0.9803921568627451,3.0
2006-06-07,0.49786662612749555,1.0,0.9523809523809523,0.0,0.0,0,0.0,0.33751205400260365,0.0,1e-06,0.029530414611866895,Utsuroi,1e-06,0.9803921568627451,3.0
2006-06-08,0.4941116854160333,1.0,0.9523809523809523,0.0,0.0,0,0.0,0.33751205400260365,0.0,1e-06,1.0,Utsuroi,1e-06,0.9803921568627451,3.0
2006-06-09,0.4871244697331654,1.5,0.6451612903225806,0.0,0.0,0,0.0,0.49823207971788014,0.0,1e-06,0.016823305030831626,Utsuroi,1e-06,0.9803921568627451,3.0
2006-06-12,0.5030932835280663,1.0,0.9523809523809523,0.0,0.0,0,0.0,0.33751205400260365,0.0,1e-06,0.036274597327573876,Utsuroi,1e-06,0.9803921568627451,3.0
2006-06-13,0.4831219505132549,2.0,0.48780487804878053,0.0,0.0,0,0.0,0.6589521054329958,0.0,1e-06,0.00785010222540583,Utsuroi,1e-06,0.9803921568627451,3.0
2006-06-14,0.43353747701573797,3.0,0.3278688524590164,7.428568870865053e-11,0.9999999999247143,1,5.592647592510451e-21,0.9803921568627451,0.3333333333333333,1e-06,0.08261087418779689,Katashi,1e-06,0.9803921568627451,3.0
2006-06-15,0.46506247375812604,2.0,0.48780487804878053,0.0,0.0,0,0.0,0.6589521054329958,0.0,1e-06,0.20761915422298483,Utsuroi,1e-06,0.9803921568627451,3.0
2006-06-16,0.4680609245826638,2.0,0.48780487804878053,0.0,0.0,0,0.0,0.6589521054329958,0.0,1e-06,1.0,Utsuroi,1e-06,0.9803921568627451,3.0
2006-06-19,0.4380626619757055,2.0,0.48780487804878053,0.0,0.0,0,0.0,0.6589521054329958,0.0,1e-06,1.0,Utsuroi,1e-06,0.9803921568627451,3.0
2006-06-20,0.44356440660788493,3.0,0.3278688524590164,1.8725820892133613e-10,0.9999999998117418,1,3.525289087819265e-20,0.9803921568627451,0.3333333333333333,1e-06,0.08261087418779689,Katashi,1e-06,0.9803921568627451,3.0
2006-06-21,0.46008339486600375,2.5,0.3921568627450981,0.0,0.0,0,0.0,0.8196721311479507,0.0,1e-06,0.45346341803242696,Utsuroi,1e-06,0.9803921568627451,3.0
2006-06-22,0.4611837437924395,1.0,0.9523809523809523,0.0,0.0,0,0.0,0.33751205400260365,0.0,1e-06,0.025751357495476523,Utsuroi,1e-06,0.9803921568627451,3.0
2006-06-23,0.4616238833630139,3.0,0.3278688524590164,0.0,0.0,0,0.0,0.9803921568627451,0.0,1e-06,0.0028099432848412986,Katashi,1e-06,0.9803921568627451,3.0
2006-06-26,0.47248982901156805,2.0,0.48780487804878053,0.0,0.0,0,0.0,0.6589521054329958,0.0,1e-06,0.0025266376692131276,Utsuroi,1e-06,0.9803921568627451,3.0
2006-06-27,0.4617064095324966,2.0,0.48780487804878053,0.0,0.0,0,0.0,0.6589521054329958,0.0,1e-06,1.0,Utsuroi,1e-06,0.9803921568627451,3.0
2006-06-28,0.4383652579304753,2.0,0.48780487804878053,0.0,0.0,0,0.0,0.6589521054329958,0.0,1e-06,1.0,Utsuroi,1e-06,0.9803921568627451,3.0
2006-06-29,0.4783629414064197,2.0,0.48780487804878053,0.0,0.0,0,0.0,0.6589521054329958,0.0,1e-06,1.0,Utsuroi,1e-06,0.9803921568627451,3.0
2006-06-30,0.46641040119300986,1.0,0.9523809523809523,0.0,0.0,0,0.0,0.33751205400260365,0.0,1e-06,0.029530414611866895,Utsuroi,1e-06,0.9803921568627451,3.0
2006-07-03,0.4775926971579146,1.0,0.9523809523809523,0.0,0.0,0,0.0,0.33751205400260365,0.0,1e-06,1.0,Utsuroi,1e-06,0.9803921568627451,3.0
2006-07-05,0.46451229929490806,1.5,0.6451612903225806,2.8670255054788255e-10,0.9999999997122975,1,8.248504871072088e-20,0.49823207971788014,0.3333333333333333,1e-06,0.14637997376608014,Utsuroi,1e-06,0.9803921568627451,3.0
2006-07-06,0.4453387192517627,1.5,0.6451612903225806,0.0,0.0,0,0.0,0.49823207971788014,0.0,1e-06,1.0,Utsuroi,1e-06,0.9803921568627451,3.0
2006-07-07,0.4503865699517874,1.0,0.9523809523809523,0.0,0.0,0,0.0,0.33751205400260365,0.0,1e-06,0.036274597327573876,Utsuroi,1e-06,0.9803921568627451,3.0
2006-07-10,0.45709869840304634,2.0,0.48780487804878053,0.0,0.0,0,0.0,0.6589521054329958,0.0,1e-06,0.00785010222540583,Utsuroi,1e-06,0.9803921568627451,3.0
2006-07-11,0.4704129204129205,1.0,0.9523809523809523,0.0,0.0,0,0.0,0.33751205400260365,0.0,1e-06,0.029530414611866895,Utsuroi,1e-06,0.9803921568627451,3.0
2006-07-12,0.47291621422056196,2.0,0.48780487804878053,0.0,0.0,0,0.0,0.6589521054329958,0.0,1e-06,0.00785010222540583,Utsuroi,1e-06,0.9803921568627451,3.0
2006-07-13,0.451968321533539,1.0,0.9523809523809523,0.0,0.0,0,0.0,0.33751205400260365,0.0,1e-06,0.029530414611866895,Utsuroi,1e-06,0.9803921568627451,3.0
2006-07-14,0.43958939611113534,1.0,0.9523809523809523,2.2154555965069954e-10,0.9999999997774545,1,4.930397566510958e-20,0.33751205400260365,0.3333333333333333,1e-06,0.41616559151979227,Utsuroi,1e-06,0.9803921568627451,3.0
2006-07-17,0.4445959837264185,1.0,0.9523809523809523,0.0,0.0,0,0.0,0.33751205400260365,0.0,1e-06,1.0,Utsuroi,1e-06,0.9803921568627451,3.0
2006-07-18,0.4236480910393954,1.0,0.9523809523809523,0.0,0.0,0,0.0,0.33751205400260365,0.0,1e-06,1.0,Utsuroi,1e-06,0.9803921568627451,3.0
2006-07-19,0.4727511618815967,1.0,0.9523809523809523,9.834599800701623e-11,0.999999999900654,1,9.770279146905683e-21,0.33751205400260365,0.3333333333333333,1e-06,0.41616559151979227,Utsuroi,1e-06,0.9803921568627451,3.0
2006-07-20,0.4631781262216046,1.0,0.9523809523809523,0.0,0.0,0,0.0,0.33751205400260365,0.0,1e-06,1.0,Utsuroi,1e-06,0.9803921568627451,3.0
2006-07-21,0.46173391825565746,1.0,0.9523809523809523,0.0,0.0,0,0.0,0.33751205400260365,0.0,1e-06,1.0,Utsuroi,1e-06,0.9803921568627451,3.0
2006-07-24,0.45469168512646785,1.0,0.9523809523809523,1.5552781284929936e-11,0.9999999999834472,1,2.57441442929645e-22,0.33751205400260365,0.3333333333333333,1e-06,0.41616559151979227,Utsuroi,1e-06,0.9803921568627451,3.0
2006-07-25,0.45119807728503386,1.0,0.9523809523809523,1.6858736628774035e-11,0.9999999999821413,1,3.01075364405568e-22,0.33751205400260365,0.3333333333333333,1e-06,1.0,Utsuroi,1e-06,0.9803921568627451,3.0
2006-07-26,0.4495475538953799,2.0,0.48780487804878053,0.0,0.0,0,0.0,0.6589521054329958,0.0,1e-06,0.21096851690335927,Utsuroi,1e-06,0.9803921568627451,3.0
2006-07-27,0.4495337995337996,1.0,0.9523809523809523,0.3154652775081069,0.9043291926346301,2,0.03018081779494106,0.33751205400260365,0.6666666666666666,1e-06,0.6122202648763428,Utsuroi,1e-06,0.9803921568627451,3.0
2006-07-28,0.4618852162330425,2.0,0.48780487804878053,1.2346568212162876e-11,0.9999999999866535,1,1.647840417035207e-22,0.6589521054329958,0.3333333333333333,1e-06,0.47707741986786767,Utsuroi,1e-06,0.9803921568627451,3.0
2006-07-31,0.46427847514804027,1.0,0.9523809523809523,0.07594704698958234,0.985460786572358,2,0.0011042103253806914,0.33751205400260365,0.6666666666666666,1e-06,0.9428164186081283,Utsuroi,1e-06,0.9803921568627451,3.0
2006-08-01,0.40026567635263294,0.5,1.8181818181818181,0.4642655294665675,0.8246520639808765,2,0.08140800235678816,0.1767920282871665,0.6666666666666666,1e-06,0.9818214667283048,Utsuroi,1e-06,0.9803921568627451,3.0
2006-08-02,0.42030578117534634,1.0,0.9523809523809523,3.96052968120176e-10,0.999999999602947,1,1.572539977947673e-19,0.33751205400260365,0.3333333333333333,1e-06,0.9360362567409066,Utsuroi,1e-06,0.9803921568627451,3.0
2006-08-03,0.405973736408519,1.5,0.6451612903225806,0.35035043119706216,0.8881574238286549,2,0.03918409478782102,0.49823207971788014,0.6666666666666666,1e-06,0.03698536571017197,Utsuroi,1e-06,0.9803921568627451,3.0
2006-08-04,0.3897298353820093,1.0,0.9523809523809523,0.2843803806642464,0.9176878750804411,2,0.023407953417907152,0.33751205400260365,0.6666666666666666,1e-06,0.4473549631498599,Utsuroi,1e-06,0.9803921568627451,3.0
2006-08-07,0.38597489467054696,1.0,0.9523809523809523,0.18993754029857574,0.952882917912594,2,0.008949302677727968,0.33751205400260365,0.6666666666666666,1e-06,0.9732351890303594,Utsuroi,1e-06,0.9803921568627451,3.0
2006-08-08,0.39799620669185887,1.0,0.9523809523809523,7.252420886027821e-12,0.9999999999917476,1,5.984986915833866e-23,0.33751205400260365,0.3333333333333333,1e-06,0.41740337438331343,Utsuroi,1e-06,0.9803921568627451,3.0
2006-08-09,0.3994541690193864,1.0,0.9523809523809523,0.2904701399328692,0.9151448182225446,2,0.024647896524926532,0.33751205400260365,0.6666666666666666,1e-06,0.18107687987047572,Utsuroi,1e-06,0.9803921568627451,3.0
2006-08-10,0.37354095180182145,2.0,0.48780487804878053,7.534084467372859e-12,0.9999999999914659,1,6.429634656224447e-23,0.6589521054329958,0.3333333333333333,1e-06,0.4755494740563382,Utsuroi,1e-06,0.9803921568627451,3.0
2006-08-11,0.37996423865989093,2.0,0.48780487804878053,1.0777490011479852e-11,0.9999999999882225,1,1.2693154254315228e-22,0.6589521054329958,0.3333333333333333,1e-06,1.0,Utsuroi,1e-06,0.9803921568627451,3.0
2006-08-14,0.36598980729415515,1.0,0.9523809523809523,3.384781344035031e-11,0.9999999999651522,1,1.179521539381789e-21,0.33751205400260365,0.3333333333333333,1e-06,0.21210217620038418,Utsuroi,1e-06,0.9803921568627451,3.0
2006-08-15,0.4281595216377825,1.0,0.9523809523809523,0.8811558807850607,0.6566458763540108,3,0.30254850524246424,0.33751205400260365,1.0,1e-06,0.08193519845519559,Utsuroi,1e-06,0.9803921568627451,3.0
2006-08-16,0.45742880308097694,1.0,0.9523809523809523,0.82043912486222,0.6867182755202526,3,0.2570285838674911,0.33751205400260365,1.0,1e-06,0.5071041789866626,Utsuroi,1e-06,0.9803921568627451,3.0
2006-08-17,0.46163763772459443,2.0,0.48780487804878053,0.6301553319539772,0.6755813833169144,2,0.2044341210879799,0.6589521054329958,0.6666666666666666,1e-06,0.8516646440169866,Utsuroi,1e-06,0.9803921568627451,3.0
2006-08-18,0.4050934572673703,2.0,0.48780487804878053,0.656966026610334,0.6336836632223676,2,0.24065738825525412,0.6589521054329958,0.6666666666666666,1e-06,0.5357365278627908,Utsuroi,1e-06,0.9803921568627451,3.0
2006-08-21,0.381958621089056,2.0,0.48780487804878053,1.0360246196667247,0.49782334537027073,3,0.5202673776182735,0.6589521054329958,1.0,1e-06,0.14535050461207666,Utsuroi,1e-06,0.9803921568627451,3.0
2006-08-22,0.3668975951584648,1.5,0.6451612903225806,1.4221068766913215e-11,0.999999999984779,1,2.1645955104732495e-22,0.49823207971788014,0.3333333333333333,1e-06,0.6620406519118351,Utsuroi,1e-06,0.9803921568627451,3.0
2006-08-23,0.34801285670850884,3.0,0.3278688524590164,4.102551631657853e-11,0.9999999999579745,1,1.7241175978396477e-21,0.9803921568627451,0.3333333333333333,1e-06,0.03160587060520048,Katashi,1e-06,0.9803921568627451,3.0
2006-08-24,0.3405442383703254,1.0,0.9523809523809523,0.29290699681505666,0.9141172780978895,2,0.02515565015064989,0.33751205400260365,0.6666666666666666,1e-06,0.7780802787334054,Utsuroi,1e-06,0.9803921568627451,3.0
2006-08-25,0.33401091661961235,0.0,20.0,0.0,0.0,0,0.0,0.016072002571568628,0.0,1e-06,0.12317008274023833,Utsuroi,1e-06,0.9803921568627451,3.0
2006-08-28,0.34036543166977945,2.0,0.48780487804878053,0.0,0.0,0,0.0,0.6589521054329958,0.0,1e-06,0.5399404181358869,Utsuroi,1e-06,0.9803921568627451,3.0
2006-08-29,0.28001129305477135,2.0,0.48780487804878053,0.0,0.0,0,0.0,0.6589521054329958,0.0,1e-06,1.0,Utsuroi,1e-06,0.9803921568627451,3.0
2006-08-30,0.2796124165689383,2.0,0.48780487804878053,0.0,0.0,0,0.0,0.6589521054329958,0.0,1e-06,1.0,Utsuroi,1e-06,0.9803921568627451,3.0
2006-08-31,0.2783332609419566,1.0,0.9523809523809523,0.0,0.0,0,0.0,0.33751205400260365,0.0,1e-06,0.029530414611866895,Utsuroi,1e-06,0.9803921568627451,3.0
2006-09-01,0.2586645238819152,2.0,0.48780487804878053,0.0,0.0,0,0.0,0.6589521054329958,0.0,1e-06,0.00785010222540583,Utsuroi,1e-06,0.9803921568627451,3.0
2006-09-05,0.26071392375740204,1.0,0.9523809523809523,2.0975332581699662e-11,0.9999999999780247,1,4.609394454892284e-22,0.33751205400260365,0.3333333333333333,1e-06,0.7273543250079607,Utsuroi,1e-06,0.9803921568627451,3.0
2006-09-06,0.296559589699549,1.0,0.9523809523809523,0.4585003831988426,0.8283452299260842,2,0.07870377785679963,0.33751205400260365,0.6666666666666666,1e-06,0.19271817202944252,Utsuroi,1e-06,0.9803921568627451,3.0
2006-09-07,0.30758220123651975,2.0,0.48780487804878053,0.7204786395665875,0.755431287762083,3,0.17620653307372666,0.6589521054329958,1.0,1e-06,0.024155835587826968,Utsuroi,1e-06,0.9803921568627451,3.0
2006-09-08,0.2953967032009688,0.0,20.0,0.4953268009596493,0.8036314246426822,2,0.09726661824074403,0.016072002571568628,0.6666666666666666,1e-06,0.3218077544219462,Utsuroi,1e-06,0.9803921568627451,3.0
2006-09-11,0.2803692143314915,2.5,0.3921568627450981,2.9204749729216464e-11,0.9999999999697953,1,8.821215104293935e-22,0.8196721311479507,0.3333333333333333,1e-06,0.5275765236351417,Utsuroi,1e-06,0.9803921568627451,3.0
2006-09-12,0.3281204583064613,2.0,0.48780487804878053,9.03799257651613e-12,0.999999999989962,1,9.072310245418541e-23,0.6589521054329958,0.3333333333333333,1e-06,0.0657510804157252,Utsuroi,1e-06,0.9803921568627451,3.0
2006-09-13,0.3390217163990889,3.0,0.3278688524590164,1.1727174786732576e-11,0.9999999999872728,1,1.4925354384097428e-22,0.9803921568627451,0.3333333333333333,1e-06,0.031137723801286543,Katashi,1e-06,0.9803921568627451,3.0
2006-09-14,0.3444820347822288,2.0,0.48780487804878053,4.137234998945679e-11,0.9999999999576277,1,1.7530427784491342e-21,0.6589521054329958,0.3333333333333333,1e-06,0.06536358420799226,Utsuroi,1e-06,0.9803921568627451,3.0
2006-09-15,0.2820397768217188,3.0,0.3278688524590164,3.725597608122004e-11,0.999999999961744,1,1.425262905706628e-21,0.9803921568627451,0.3333333333333333,1e-06,0.031137723801286543,Katashi,1e-06,0.9803921568627451,3.0
2006-09-18,0.22296790463859834,2.0,0.48780487804878053,0.0,0.0,0,0.0,0.6589521054329958,0.0,1e-06,0.20761915422298483,Utsuroi,1e-06,0.9803921568627451,3.0
2006-09-19,0.21974941122282304,1.0,0.9523809523809523,2.5480118012236764e-10,0.9999999997441988,1,6.517843694356944e-20,0.33751205400260365,0.3333333333333333,1e-06,0.7273543250079607,Utsuroi,1e-06,0.9803921568627451,3.0
2006-09-20,0.23860110210455973,1.0,0.9523809523809523,0.6729163800821056,0.6002347233798689,2,0.2690086028257402,0.33751205400260365,0.6666666666666666,1e-06,0.15084872925991566,Utsuroi,1e-06,0.9803921568627451,3.0
2006-09-21,0.23078000129959714,0.5,1.8181818181818181,5.947751178682582e-10,0.9999999994042249,1,3.543522029011768e-19,0.1767920282871665,0.3333333333333333,1e-06,0.5391000643580315,Utsuroi,1e-06,0.9803921568627451,3.0
2006-09-22,0.22208059486452172,1.0,0.9523809523809523,0.30104045665046875,0.9106460883131282,2,0.02689914237772154,0.33751205400260365,0.6666666666666666,1e-06,0.036344217871131845,Utsuroi,1e-06,0.9803921568627451,3.0
2006-09-25,0.2462206920915317,1.0,0.9523809523809523,0.12917591189485342,0.9715886006120067,2,0.0036700684241529158,0.33751205400260365,0.6666666666666666,1e-06,0.9890206007680606,Utsuroi,1e-06,0.9803921568627451,3.0
2006-09-26,0.24218679870853785,1.0,0.9523809523809523,1.0510703418665534e-11,0.9999999999884893,1,1.2098535725966463e-22,0.33751205400260365,0.3333333333333333,1e-06,0.4163743116244232,Utsuroi,1e-06,0.9803921568627451,3.0
2006-09-27,0.24618931792844842,1.0,0.9523809523809523,0.4824566786395897,0.860845282838398,3,0.067136122658818,0.33751205400260365,1.0,1e-06,0.09342621981778909,Utsuroi,1e-06,0.9803921568627451,3.0
2006-09-28,0.25012306534045664,1.0,0.9523809523809523,3.087552435892301e-11,0.9999999999681245,1,9.841728457933326e-22,0.33751205400260365,0.3333333333333333,1e-06,0.43288893910419224,Utsuroi,1e-06,0.9803921568627451,3.0
2006-09-29,0.2740694088520175,2.0,0.48780487804878053,0.6923465389878609,0.5200053477303955,2,0.33232263623154246,0.6589521054329958,0.6666666666666666,1e-06,0.06168710503355013,Utsuroi,1e-06,0.9803921568627451,3.0
2006-10-02,0.2851141612011177,2.0,0.48780487804878053,2.0193846594682884e-11,0.9999999999788062,1,4.279848401661711e-22,0.6589521054329958,0.3333333333333333,1e-06,0.8666833700023666,Utsuroi,1e-06,0.9803921568627451,3.0
2006-10-03,0.2836561988735902,1.5,0.6451612903225806,9.307332682287455e-12,0.9999999999896927,1,9.593356844734472e-23,0.49823207971788014,0.3333333333333333,1e-06,0.11039994961645183,Utsuroi,1e-06,0.9803921568627451,3.0
2006-10-04,0.31205895553721646,2.0,0.48780487804878053,3.582389940180982e-11,0.9999999999631761,1,1.319174875290794e-21,0.6589521054329958,0.3333333333333333,1e-06,0.06755834428619123,Utsuroi,1e-06,0.9803921568627451,3.0
2006-10-05,0.30956941609115524,2.0,0.48780487804878053,3.917066670941351e-11,0.9999999999598294,1,1.5735109306784282e-21,0.6589521054329958,0.3333333333333333,1e-06,1.0,Utsuroi,1e-06,0.9803921568627451,3.0
2006-10-06,0.29117983465809555,1.0,0.9523809523809523,0.6850000258322283,0.563737764323296,2,0.2988396427081679,0.33751205400260365,0.6666666666666666,1e-06,0.4429444340459525,Utsuroi,1e-06,0.9803921568627451,3.0
2006-10-09,0.27624259798172845,1.0,0.9523809523809523,3.6809333358430326e-11,0.9999999999621907,1,1.3917355413910036e-21,0.33751205400260365,0.3333333333333333,1e-06,0.7563787784473451,Utsuroi,1e-06,0.9803921568627451,3.0
2006-10-10,0.2729690599255817,1.0,0.9523809523809523,1.7440049404457217e-11,0.99999999998156,1,3.215949868334303e-22,0.33751205400260365,0.3333333333333333,1e-06,1.0,Utsuroi,1e-06,0.9803921568627451,3.0
2006-10-11,0.29461842505320757,1.0,0.9523809523809523,1.6466938923390738e-11,0.9999999999825331,1,2.876266521555613e-22,0.33751205400260365,0.3333333333333333,1e-06,1.0,Utsuroi,1e-06,0.9803921568627451,3.0
2006-10-12,0.2991848730979166,1.0,0.9523809523809523,3.796396530399617e-11,0.9999999999610361,1,1.4792257871076052e-21,0.33751205400260365,0.3333333333333333,1e-06,1.0,Utsuroi,1e-06,0.9803921568627451,3.0
2006-10-13,0.2788284179588527,1.0,0.9523809523809523,4.212186155334919e-11,0.9999999999568782,1,1.816372150503975e-21,0.33751205400260365,0.3333333333333333,1e-06,1.0,Utsuroi,1e-06,0.9803921568627451,3.0
2006-10-16,0.2661468965816792,2.0,0.48780487804878053,1.2598921905656773e-11,0.9999999999864011,1,1.713314763818293e-22,0.6589521054329958,0.3333333333333333,1e-06,0.07035169117935991,Utsuroi,1e-06,0.9803921568627451,3.0
2006-10-17,0.266254887064926,2.0,0.48780487804878053,0.0,0.0,0,0.0,0.6589521054329958,0.0,1e-06,1.0,Utsuroi,1e-06,0.9803921568627451,3.0
2006-10-18,0.26871031448996524,3.0,0.3278688524590164,0.0,0.0,0,0.0,0.9803921568627451,0.0,1e-06,0.0011422864142766054,Katashi,1e-06,0.9803921568627451,3.0
2006-10-19,0.2804635232942252,1.0,0.9523809523809523,0.0,0.0,0,0.0,0.33751205400260365,0.0,1e-06,0.02335050674641259,Utsuroi,1e-06,0.9803921568627451,3.0
2006-10-20,0.2591912240537636,1.0,0.9523809523809523,0.0,0.0,0,0.0,0.33751205400260365,0.0,1e-06,1.0,Utsuroi,1e-06,0.9803921568627451,3.0
2006-10-23,0.2758151388727604,1.0,0.9523809523809523,0.0,0.0,0,0.0,0.33751205400260365,0.0,1e-06,1.0,Utsuroi,1e-06,0.9803921568627451,3.0
2006-10-24,0.26454967182018524,2.0,0.48780487804878053,0.6402649091577883,0.6611572287892941,2,0.2169491361279959,0.6589521054329958,0.6666666666666666,1e-06,0.0583861326222852,Utsuroi,1e-06,0.9803921568627451,3.0
2006-10-25,0.2614147457471361,1.0,0.9523809523809523,0.0,0.0,0,0.0,0.33751205400260365,0.0,1e-06,0.5559869591794255,Utsuroi,1e-06,0.9803921568627451,3.0
2006-10-26,0.28286189412108775,1.0,0.9523809523809523,0.0,0.0,0,0.0,0.33751205400260365,0.0,1e-06,1.0,Utsuroi,1e-06,0.9803921568627451,3.0
2006-10-27,0.29427573952798675,1.0,0.9523809523809523,0.0,0.0,0,0.0,0.33751205400260365,0.0,1e-06,1.0,Utsuroi,1e-06,0.9803921568627451,3.0
2006-10-30,0.29244632009139576,1.0,0.9523809523809523,0.0,0.0,0,0.0,0.33751205400260365,0.0,1e-06,1.0,Utsuroi,1e-06,0.9803921568627451,3.0
2006-10-31,0.27698430034715027,1.0,0.9523809523809523,0.6829894132227019,0.5711453690111998,2,0.292903172776879,0.33751205400260365,0.6666666666666666,1e-06,0.09685850134397112,Utsuroi,1e-06,0.9803921568627451,3.0
2006-11-01,0.2720170799271463,1.0,0.9523809523809523,0.9447920162918754,0.588381615491589,3,0.3888937634425061,0.33751205400260365,1.0,1e-06,0.06250696912008369,Utsuroi,1e-06,0.9803921568627451,3.0
2006-11-02,0.27553834803655897,1.0,0.9523809523809523,0.6926681269885318,0.5154754171726347,2,0.33561473526693086,0.33751205400260365,0.6666666666666666,1e-06,0.2034411841458421,Utsuroi,1e-06,0.9803921568627451,3.0
2006-11-03,0.24793060751017656,1.0,0.9523809523809523,0.815376678184299,0.6660626154856553,3,0.2722847553068594,0.33751205400260365,1.0,1e-06,0.5092936797181888,Utsuroi,1e-06,0.9803921568627451,3.0
2006-11-06,0.27727518781745747,0.0,20.0,0.5283626750102004,0.7788475806508601,2,0.11684868387228914,0.016072002571568628,0.6666666666666666,1e-06,0.29406161415035725,Utsuroi,1e-06,0.9803921568627451,3.0
2006-11-07,0.2590415559138324,1.0,0.9523809523809523,0.9899733443739034,0.5609509820717066,3,0.4346468246225505,0.33751205400260365,1.0,1e-06,0.5393491654499475,Utsuroi,1e-06,0.9803921568627451,3.0
2006-11-08,0.2528640041429158,1.0,0.9523809523809523,0.849454203770261,0.677422193468575,3,0.2740150738011089,0.33751205400260365,1.0,1e-06,0.48303433676492846,Utsuroi,1e-06,0.9803921568627451,3.0
2006-11-09,0.2589257062599508,1.0,0.9523809523809523,0.6836176701394654,0.5689173462044703,2,0.29469571942523776,0.33751205400260365,0.6666666666666666,1e-06,0.48957892892361066,Utsuroi,1e-06,0.9803921568627451,3.0
2006-11-10,0.2376637385361428,1.0,0.9523809523809523,0.6925212222851846,0.517689370523607,2,0.3340103466461285,0.33751205400260365,0.6666666666666666,1e-06,0.29314521201224186,Utsuroi,1e-06,0.9803921568627451,3.0
2006-11-13,0.20884474384471213,0.0,20.0,0.3787094899128021,0.8740010431931697,2,0.047717000661859875,0.016072002571568628,0.6666666666666666,1e-06,0.2286927874695709,Utsuroi,1e-06,0.9803921568627451,3.0
2006-11-14,0.21838424440193294,1.0,0.9523809523809523,0.4689807469002809,0.8691303536912856,3,0.06137534447243649,0.33751205400260365,1.0,1e-06,0.7570753109574092,Utsuroi,1e-06,0.9803921568627451,3.0
2006-11-15,0.22852216456661928,1.0,0.9523809523809523,0.3415599072391023,0.9142560173935884,3,0.02928670674535714,0.33751205400260365,1.0,1e-06,0.935586327526236,Utsuroi,1e-06,0.9803921568627451,3.0
2006-11-16,0.20741178190678106,1.0,0.9523809523809523,4.774847184291699e-12,0.9999999999942252,1,2.757390718987426e-23,0.33751205400260365,0.3333333333333333,1e-06,0.4194619899954388,Utsuroi,1e-06,0.9803921568627451,3.0
2006-11-17,0.20594683944956083,0.0,20.0,0.19264779840346535,0.9519785476032374,2,0.009251227080373127,0.016072002571568628,0.6666666666666666,1e-06,0.058398838464177705,Utsuroi,1e-06,0.9803921568627451,3.0
2006-11-20,0.20103088172852698,0.0,20.0,0.623519089670155,0.6843860182878705,2,0.19679134256431993,0.016072002571568628,0.6666666666666666,1e-06,0.7285344468085414,Utsuroi,1e-06,0.9803921568627451,3.0
2006-11-21,0.20013099279996477,1.0,0.9523809523809523,8.424816400021623e-12,0.9999999999905752,1,7.940216140303442e-23,0.33751205400260365,0.3333333333333333,1e-06,0.9768680128365408,Utsuroi,1e-06,0.9803921568627451,3.0
2006-11-22,0.2019043963768315,1.0,0.9523809523809523,0.6492182235723131,0.7950028155619632,3,0.1330879079181881,0.33751205400260365,1.0,1e-06,0.09384478043012823,Utsuroi,1e-06,0.9803921568627451,3.0
2006-11-24,0.2243482385562577,2.0,0.48780487804878053,0.6246699142198471,0.6828925038121247,2,0.19808751244215053,0.6589521054329958,0.6666666666666666,1e-06,0.6522193003519567,Utsuroi,1e-06,0.9803921568627451,3.0
2006-11-27,0.23572405903949645,1.0,0.9523809523809523,0.47050967586791925,0.8205820975409532,2,0.08441785913090805,0.33751205400260365,0.6666666666666666,1e-06,0.4150886083438856,Utsuroi,1e-06,0.9803921568627451,3.0
2006-11-28,0.20488427850929347,2.0,0.48780487804878053,0.31799549872343863,0.9031995158722921,2,0.030782118226860784,0.6589521054329958,0.6666666666666666,1e-06,0.2585393729377796,Utsuroi,1e-06,0.9803921568627451,3.0
2006-11-29,0.18467033475165953,1.0,0.9523809523809523,0.37717977318470497,0.8747893969504928,2,0.04722690685853324,0.33751205400260365,0.6666666666666666,1e-06,0.4664440383506162,Utsuroi,1e-06,0.9803921568627451,3.0
2006-11-30,0.1845745670051203,-1.0,0.9523809523809523,0.36976226591636835,0.8785711375684099,2,0.044899811320351736,0.33751205400260365,0.6666666666666666,1e-06,0.8668651720440258,Utsuroi,1e-06,0.9803921568627451,3.0
2006-12-01,0.19955504611937397,0.0,20.0,0.22959258657577394,0.939043027816666,2,0.013995268913399146,0.016072002571568628,0.6666666666666666,1e-06,0.12374579170156363,Utsuroi,1e-06,0.9803921568627451,3.0
2006-12-04,0.20206547934382313,1.0,0.9523809523809523,0.4993509016701364,0.8007572189411516,2,0.09949206237300152,0.33751205400260365,0.6666666666666666,1e-06,0.8944923241911351,Utsuroi,1e-06,0.9803921568627451,3.0
2006-12-05,0.1981997481407539,2.0,0.48780487804878053,0.16523954876174798,0.9608480568323775,2,0.006469449422163543,0.6589521054329958,0.6666666666666666,1e-06,0.2999274452823928,Utsuroi,1e-06,0.9803921568627451,3.0
2006-12-06,0.20066605035171617,3.0,0.3278688524590164,7.7251538499092e-12,0.9999999999912749,1,6.740298496127496e-23,0.9803921568627451,0.3333333333333333,1e-06,0.37833891262154196,Katashi,1e-06,0.9803921568627451,3.0
2006-12-07,0.19932509916166063,2.5,0.3921568627450981,1.3612000415612939e-11,0.999999999985388,1,1.9889825461084263e-22,0.8196721311479507,0.3333333333333333,1e-06,0.04335730215130995,Utsuroi,1e-06,0.9803921568627451,3.0
2006-12-08,0.19075097462920834,3.0,0.3278688524590164,2.9009905588400617e-11,0.9999999999699901,1,8.705838861003544e-22,0.9803921568627451,0.3333333333333333,1e-06,0.030893249696701375,Katashi,1e-06,0.9803921568627451,3.0
2006-12-11,0.19924188537120682,2.0,0.48780487804878053,9.64928137386842e-12,0.9999999999893507,1,1.0275769894779283e-22,0.6589521054329958,0.3333333333333333,1e-06,0.06536358420799226,Utsuroi,1e-06,0.9803921568627451,3.0
2006-12-12,0.19552788141588923,2.0,0.48780487804878053,6.216915870794022e-11,0.9999999999368309,1,3.927172077996277e-21,0.6589521054329958,0.3333333333333333,1e-06,1.0,Utsuroi,1e-06,0.9803921568627451,3.0
2006-12-13,0.19138061701321968,3.0,0.3278688524590164,0.0,0.0,0,0.0,0.9803921568627451,0.0,1e-06,0.20651944223100138,Katashi,1e-06,0.9803921568627451,3.0
2006-12-14,0.20173911976198153,3.0,0.3278688524590164,0.0,0.0,0,0.0,0.9803921568627451,0.0,1e-06,1.0,Katashi,1e-06,0.9803921568627451,3.0
2006-12-15,0.1809277412017383,3.0,0.3278688524590164,7.01124713816925e-11,0.9999999999288876,1,4.985869563799118e-21,0.9803921568627451,0.3333333333333333,1e-06,0.7567764513450342,Katashi,1e-06,0.9803921568627451,3.0
2006-12-18,0.17377489433513274,2.0,0.48780487804878053,0.0,0.0,0,0.0,0.6589521054329958,0.0,1e-06,0.20761915422298483,Utsuroi,1e-06,0.9803921568627451,3.0
2006-12-19,0.17027363039762772,2.0,0.48780487804878053,3.639744061630988e-11,0.9999999999626026,1,1.3611703188855538e-21,0.6589521054329958,0.3333333333333333,1e-06,0.6506810636407454,Utsuroi,1e-06,0.9803921568627451,3.0
2006-12-20,0.17431709802827586,2.0,0.48780487804878053,2.3558599515337373e-11,0.9999999999754414,1,5.785656894897393e-22,0.6589521054329958,0.3333333333333333,1e-06,1.0,Utsuroi,1e-06,0.9803921568627451,3.0
2006-12-21,0.17243843113408333,2.0,0.48780487804878053,2.0195400906917324e-11,0.9999999999788046,1,4.28049171945554e-22,0.6589521054329958,0.3333333333333333,1e-06,1.0,Utsuroi,1e-06,0.9803921568627451,3.0
2006-12-22,0.2023129044868176,1.0,0.9523809523809523,0.0,0.0,0,0.0,0.33751205400260365,0.0,1e-06,0.22821031582372187,Utsuroi,1e-06,0.9803921568627451,3.0
2006-12-26,0.23361783144391837,2.0,0.48780487804878053,7.591371975183696e-11,0.9999999999230863,1,5.838804887194721e-21,0.6589521054329958,0.3333333333333333,1e-06,0.04889998628343517,Utsuroi,1e-06,0.9803921568627451,3.0
2006-12-27,0.24369977848238714,2.0,0.48780487804878053,4.381517371043303e-11,0.9999999999551848,1,1.963583651762822e-21,0.6589521054329958,0.3333333333333333,1e-06,1.0,Utsuroi,1e-06,0.9803921568627451,3.0
2006-12-28,0.23409923409923414,1.0,0.9523809523809523,2.943467691760936e-11,0.9999999999695653,1,8.958342310295876e-22,0.33751205400260365,0.3333333333333333,1e-06,0.21210217620038418,Utsuroi,1e-06,0.9803921568627451,3.0
2006-12-29,0.23870694522868435,2.0,0.48780487804878053,0.0,0.0,0,0.0,0.6589521054329958,0.0,1e-06,0.21096851690335927,Utsuroi,1e-06,0.9803921568627451,3.0
2007-01-03,0.2374277896017027,2.0,0.48780487804878053,0.3638992358704265,0.8815131644809794,2,0.04311726890607651,0.6589521054329958,0.6666666666666666,1e-06,0.3975738433720165,Utsuroi,1e-06,0.9803921568627451,3.0
2007-01-04,0.24105894105894107,2.0,0.48780487804878053,0.0,0.0,0,0.0,0.6589521054329958,0.0,1e-06,1.0,Utsuroi,1e-06,0.9803921568627451,3.0
2007-01-05,0.263258480649785,2.0,0.48780487804878053,6.882794334229172e-11,0.9999999999301721,1,4.806112205647278e-21,0.6589521054329958,0.3333333333333333,1e-06,0.6506810636407454,Utsuroi,1e-06,0.9803921568627451,3.0
2007-01-08,0.263657357135618,2.0,0.48780487804878053,0.0,0.0,0,0.0,0.6589521054329958,0.0,1e-06,1.0,Utsuroi,1e-06,0.9803921568627451,3.0
2007-01-09,0.2579630514413123,1.0,0.9523809523809523,0.0,0.0,0,0.0,0.33751205400260365,0.0,1e-06,0.029530414611866895,Utsuroi,1e-06,0.9803921568627451,3.0
2007-01-10,0.24400237443715708,2.0,0.48780487804878053,0.0,0.0,0,0.0,0.6589521054329958,0.0,1e-06,0.00785010222540583,Utsuroi,1e-06,0.9803921568627451,3.0
2007-01-11,0.22140395836048016,2.0,0.48780487804878053,0.0,0.0,0,0.0,0.6589521054329958,0.0,1e-06,1.0,Utsuroi,1e-06,0.9803921568627451,3.0
2007-01-12,0.22856998074389387,2.0,0.48780487804878053,6.370159954873234e-11,0.9999999999352984,1,4.1215939755601374e-21,0.6589521054329958,0.3333333333333333,1e-06,0.6506810636407454,Utsuroi,1e-06,0.9803921568627451,3.0
2007-01-16,0.2098227859097424,1.0,0.9523809523809523,0.6828236479162926,0.571721539066596,2,0.29243866101852234,0.33751205400260365,0.6666666666666666,1e-06,0.452941103694403,Utsuroi,1e-06,0.9803921568627451,3.0
2007-01-17,0.21815792902749429,1.0,0.9523809523809523,0.9994327102517494,0.44269470269730954,3,0.5569891437208848,0.33751205400260365,1.0,1e-06,0.047924612821356405,Utsuroi,1e-06,0.9803921568627451,3.0
2007-01-18,0.22547524938829297,1.0,0.9523809523809523,2.0287882484866638e-11,0.9999999999787121,1,4.318856094063538e-22,0.33751205400260365,0.3333333333333333,1e-06,0.7419613889057803,Utsuroi,1e-06,0.9803921568627451,3.0
2007-01-19,0.23211860603164958,1.0,0.9523809523809523,0.0,0.0,0,0.0,0.33751205400260365,0.0,1e-06,1.0,Utsuroi,1e-06,0.9803921568627451,3.0
2007-01-22,0.22592914332044764,1.5,0.6451612903225806,0.0,0.0,0,0.0,0.49823207971788014,0.0,1e-06,0.016823305030831626,Utsuroi,1e-06,0.9803921568627451,3.0
2007-01-23,0.23473193473193477,2.0,0.48780487804878053,0.0,0.0,0,0.0,0.6589521054329958,0.0,1e-06,0.004868954614841048,Utsuroi,1e-06,0.9803921568627451,3.0
2007-01-24,0.2586232607971739,1.0,0.9523809523809523,0.0,0.0,0,0.0,0.33751205400260365,0.0,1e-06,0.029530414611866895,Utsuroi,1e-06,0.9803921568627451,3.0
2007-01-25,0.32555198424763643,1.0,0.9523809523809523,0.0,0.0,0,0.0,0.33751205400260365,0.0,1e-06,1.0,Utsuroi,1e-06,0.9803921568627451,3.0
2007-01-26,0.3271062271062271,1.0,0.9523809523809523,0.0,0.0,0,0.0,0.33751205400260365,0.0,1e-06,1.0,Utsuroi,1e-06,0.9803921568627451,3.0
2007-01-29,0.30281602455515494,2.0,0.48780487804878053,0.0,0.0,0,0.0,0.6589521054329958,0.0,1e-06,0.00785010222540583,Utsuroi,1e-06,0.9803921568627451,3.0
2007-01-30,0.28415135589048635,1.0,0.9523809523809523,0.0,0.0,0,0.0,0.33751205400260365,0.0,1e-06,0.029530414611866895,Utsuroi,1e-06,0.9803921568627451,3.0
2007-01-31,0.3361565970261623,1.0,0.9523809523809523,1.6901036126011497e-11,0.999999999982099,1,3.0254568438146575e-22,0.33751205400260365,0.3333333333333333,1e-06,0.41616559151979227,Utsuroi,1e-06,0.9803921568627451,3.0
2007-02-01,0.33120502685720077,2.0,0.48780487804878053,5.032207983514583e-11,0.9999999999486779,1,2.5826326856252182e-21,0.6589521054329958,0.3333333333333333,1e-06,0.07035169117935991,Utsuroi,1e-06,0.9803921568627451,3.0
2007-02-02,0.3173131216609478,1.5,0.6451612903225806,1.9631285484152594e-10,0.9999999998026872,1,3.873504549191489e-20,0.49823207971788014,0.3333333333333333,1e-06,0.11039994961645183,Utsuroi,1e-06,0.9803921568627451,3.0
2007-02-05,0.3249055292533553,1.5,0.6451612903225806,0.6640879781650976,0.6199512680470534,2,0.25238579400684147,0.49823207971788014,0.6666666666666666,1e-06,0.24217026926922092,Utsuroi,1e-06,0.9803921568627451,3.0
2007-02-06,0.33974648539865937,3.0,0.3278688524590164,0.622499715223443,0.6856978849508021,2,0.19565297711225155,0.9803921568627451,0.6666666666666666,1e-06,0.2309525393197701,Katashi,1e-06,0.9803921568627451,3.0
2007-02-07,0.31407628100325147,3.0,0.3278688524590164,0.0,0.0,0,0.0,0.9803921568627451,0.0,1e-06,1.0,Katashi,1e-06,0.9803921568627451,3.0
2007-02-08,0.2954850143044598,2.5,0.3921568627450981,2.2194601709559265e-10,0.999999999777054,1,4.9481975617380815e-20,0.8196721311479507,0.3333333333333333,1e-06,0.7168968924303329,Utsuroi,1e-06,0.9803921568627451,3.0
2007-02-09,0.33574807871628165,2.5,0.3921568627450981,0.0,0.0,0,0.0,0.8196721311479507,0.0,1e-06,1.0,Utsuroi,1e-06,0.9803921568627451,3.0
2007-02-12,0.36884970391643584,3.0,0.3278688524590164,0.0,0.0,0,0.0,0.9803921568627451,0.0,1e-06,0.0008902435273401288,Katashi,1e-06,0.9803921568627451,3.0
2007-02-13,0.38950337933719037,1.0,0.9523809523809523,0.0,0.0,0,0.0,0.33751205400260365,0.0,1e-06,0.02335050674641259,Utsuroi,1e-06,0.9803921568627451,3.0
2007-02-14,0.43479469828333644,1.0,0.9523809523809523,6.475842084580409e-11,0.9999999999342416,1,4.258410058860398e-21,0.33751205400260365,0.3333333333333333,1e-06,0.41616559151979227,Utsuroi,1e-06,0.9803921568627451,3.0
2007-02-15,0.43170720928192435,1.0,0.9523809523809523,0.8596030106342478,0.6160614725444998,3,0.33003471409922774,0.33751205400260365,1.0,1e-06,0.07860128850695358,Utsuroi,1e-06,0.9803921568627451,3.0
2007-02-16,0.43941646485738106,1.0,0.9523809523809523,0.6838210343228662,0.5681803404559883,2,0.295287366230334,0.33751205400260365,0.6666666666666666,1e-06,0.24098143500703095,Utsuroi,1e-06,0.9803921568627451,3.0
2007-02-20,0.4255716883301753,1.0,0.9523809523809523,0.6918529980888606,0.5254324996264598,2,0.3283309479289703,0.33751205400260365,0.6666666666666666,1e-06,0.2992363455360707,Utsuroi,1e-06,0.9803921568627451,3.0
2007-02-21,0.4235566840708002,0.0,20.0,0.546990813974874,0.7635179546785539,2,0.12935350646082086,0.016072002571568628,0.6666666666666666,1e-06,0.22998793597400158,Utsuroi,1e-06,0.9803921568627451,3.0
2007-02-22,0.44353039462252863,1.0,0.9523809523809523,0.6901735772760775,0.5385399447541989,2,0.31848753709901095,0.33751205400260365,0.6666666666666666,1e-06,0.7542108308629216,Utsuroi,1e-06,0.9803921568627451,3.0
2007-02-23,0.4333172625196691,1.0,0.9523809523809523,5.817248903106892e-10,0.9999999994172751,1,3.3898556012730627e-19,0.33751205400260365,0.3333333333333333,1e-06,0.7689905252912166,Utsuroi,1e-06,0.9803921568627451,3.0
2007-02-26,0.4126912395697333,1.5,0.6451612903225806,0.9178086362190696,0.5755747561275802,3,0.38954115425549163,0.49823207971788014,1.0,1e-06,0.055064575381644665,Utsuroi,1e-06,0.9803921568627451,3.0
2007-02-27,0.3711064948739695,2.0,0.48780487804878053,0.3876908143892078,0.8693128771015793,2,0.050666197106671196,0.6589521054329958,0.6666666666666666,1e-06,0.8739306778521296,Utsuroi,1e-06,0.9803921568627451,3.0
2007-02-28,0.36664390575911,1.0,0.9523809523809523,0.683531612506666,0.5692268322174567,2,0.2944470779990064,0.33751205400260365,0.6666666666666666,1e-06,0.7151601951370266,Utsuroi,1e-06,0.9803921568627451,3.0
2007-03-01,0.35082571009035146,1.0,0.9523809523809523,0.0,0.0,0,0.0,0.33751205400260365,0.0,1e-06,1.0,Utsuroi,1e-06,0.9803921568627451,3.0
2007-03-02,0.37213894608695797,2.0,0.48780487804878053,1.3616108240803992e-11,0.9999999999853839,1,1.9901421065580633e-22,0.6589521054329958,0.3333333333333333,1e-06,0.04889998628343517,Utsuroi,1e-06,0.9803921568627451,3.0
2007-03-05,0.341438352484399,2.0,0.48780487804878053,3.5831893007586824e-11,0.9999999999631681,1,1.3197556568759143e-21,0.6589521054329958,0.3333333333333333,1e-06,1.0,Utsuroi,1e-06,0.9803921568627451,3.0
2007-03-06,0.3653241319348513,2.0,0.48780487804878053,5.30938626382789e-11,0.9999999999459062,1,2.8720509380407912e-21,0.6589521054329958,0.3333333333333333,1e-06,1.0,Utsuroi,1e-06,0.9803921568627451,3.0
2007-03-07,0.3697309936440372,2.0,0.48780487804878053,2.7398860957414104e-11,0.9999999999716012,1,7.7809583662222605e-22,0.6589521054329958,0.3333333333333333,1e-06,1.0,Utsuroi,1e-06,0.9803921568627451,3.0
2007-03-08,0.3832652854391986,2.0,0.48780487804878053,1.6901036126011497e-11,0.999999999982099,1,3.0254568438146575e-22,0.6589521054329958,0.3333333333333333,1e-06,1.0,Utsuroi,1e-06,0.9803921568627451,3.0
2007-03-09,0.37882262664871363,1.0,0.9523809523809523,2.3410273719251084e-11,0.9999999999755897,1,5.714506714609488e-22,0.33751205400260365,0.3333333333333333,1e-06,0.21210217620038418,Utsuroi,1e-06,0.9803921568627451,3.0
2007-03-12,0.38821685560816,1.0,0.9523809523809523,3.68509667218522e-11,0.999999999962149,1,1.394843899876518e-21,0.33751205400260365,0.3333333333333333,1e-06,1.0,Utsuroi,1e-06,0.9803921568627451,3.0
2007-03-13,0.4168946995033953,1.0,0.9523809523809523,0.0,0.0,0,0.0,0.33751205400260365,0.0,1e-06,1.0,Utsuroi,1e-06,0.9803921568627451,3.0
2007-03-14,0.40136602527906884,1.0,0.9523809523809523,0.0,0.0,0,0.0,0.33751205400260365,0.0,1e-06,1.0,Utsuroi,1e-06,0.9803921568627451,3.0
2007-03-15,0.3866213496648279,1.0,0.9523809523809523,0.6552172734465247,0.6368354233123973,2,0.2379517037496124,0.33751205400260365,0.6666666666666666,1e-06,0.11471921052148082,Utsuroi,1e-06,0.9803921568627451,3.0
2007-03-16,0.39352603917821316,2.0,0.48780487804878053,2.970657053633176e-11,0.9999999999692935,1,9.121862464199368e-22,0.6589521054329958,0.3333333333333333,1e-06,0.6364113664653985,Utsuroi,1e-06,0.9803921568627451,3.0
2007-03-19,0.35659557833470884,1.0,0.9523809523809523,4.0108472098276263e-11,0.9999999999588916,1,1.6487971189219574e-21,0.33751205400260365,0.3333333333333333,1e-06,0.21210217620038418,Utsuroi,1e-06,0.9803921568627451,3.0
2007-03-20,0.3693321171582042,1.0,0.9523809523809523,1.2329559594741765e-10,0.9999999998757044,1,1.532509684941798e-20,0.33751205400260365,0.3333333333333333,1e-06,1.0,Utsuroi,1e-06,0.9803921568627451,3.0
2007-03-21,0.4086420825551261,1.0,0.9523809523809523,2.5758395416273216e-11,0.9999999999732416,1,6.892527600265528e-22,0.33751205400260365,0.3333333333333333,1e-06,1.0,Utsuroi,1e-06,0.9803921568627451,3.0
2007-03-22,0.4204983422374728,2.0,0.48780487804878053,2.3780644120256927e-11,0.9999999999752194,1,5.892991528331034e-22,0.6589521054329958,0.3333333333333333,1e-06,0.07035169117935991,Utsuroi,1e-06,0.9803921568627451,3.0
2007-03-23,0.4271279445192489,1.0,0.9523809523809523,5.0459969534797186e-11,0.99999999994854,1,2.596667378792921e-21,0.33751205400260365,0.3333333333333333,1e-06,0.21210217620038418,Utsuroi,1e-06,0.9803921568627451,3.0
2007-03-26,0.4159181398311833,1.0,0.9523809523809523,6.411859931675449e-11,0.9999999999348814,1,4.175311959381468e-21,0.33751205400260365,0.3333333333333333,1e-06,1.0,Utsuroi,1e-06,0.9803921568627451,3.0
2007-03-27,0.43480287828113917,1.0,0.9523809523809523,1.0619438661188588e-10,0.9999999998928056,1,1.138343978589414e-20,0.33751205400260365,0.3333333333333333,1e-06,1.0,Utsuroi,1e-06,0.9803921568627451,3.0
2007-03-28,0.4475944345509562,1.0,0.9523809523809523,0.0,0.0,0,0.0,0.33751205400260365,0.0,1e-06,1.0,Utsuroi,1e-06,0.9803921568627451,3.0
2007-03-29,0.44544875414440643,2.0,0.48780487804878053,0.0,0.0,0,0.0,0.6589521054329958,0.0,1e-06,0.00785010222540583,Utsuroi,1e-06,0.9803921568627451,3.0
2007-03-30,0.44971260623434534,2.0,0.48780487804878053,0.0,0.0,0,0.0,0.6589521054329958,0.0,1e-06,1.0,Utsuroi,1e-06,0.9803921568627451,3.0
2007-04-02,0.4463015245623942,2.0,0.48780487804878053,0.8822014606635604,0.6150160957624626,3,0.33963336265031574,0.6589521054329958,1.0,1e-06,0.17679854963073693,Utsuroi,1e-06,0.9803921568627451,3.0
2007-04-03,0.45361884492319277,2.0,0.48780487804878053,0.75984746817132,0.7361993877416585,3,0.20044822732654488,0.6589521054329958,1.0,1e-06,0.6587866877274899,Utsuroi,1e-06,0.9803921568627451,3.0
2007-04-04,0.4375843623561158,1.0,0.9523809523809523,0.2591878549069198,0.9278411129653076,2,0.018702707142992676,0.33751205400260365,0.6666666666666666,1e-06,0.23450670598856282,Utsuroi,1e-06,0.9803921568627451,3.0
2007-04-05,0.42909678299575577,2.0,0.48780487804878053,0.5047771239565073,0.8583600344287218,3,0.07149661445836854,0.6589521054329958,1.0,1e-06,0.026416647411056204,Utsuroi,1e-06,0.9803921568627451,3.0
2007-04-09,0.4516820701739954,2.0,0.48780487804878053,0.8792792442096908,0.6515519883462128,3,0.3063831043333116,0.6589521054329958,1.0,1e-06,0.5148357297832596,Utsuroi,1e-06,0.9803921568627451,3.0
2007-04-10,0.4334227453227723,2.0,0.48780487804878053,0.07703270450626044,0.9852027456065243,2,0.001139872525196576,0.6589521054329958,0.6666666666666666,1e-06,0.7526559084631129,Utsuroi,1e-06,0.9803921568627451,3.0
2007-04-11,0.4645505943439157,1.0,0.9523809523809523,1.0342074298333446,0.44895122697921225,3,0.569898735258647,0.33751205400260365,1.0,1e-06,0.22118132577906646,Utsuroi,1e-06,0.9803921568627451,3.0
2007-04-12,0.45359133620003195,2.0,0.48780487804878053,1.0794023736545186,0.4556392380783772,4,0.587584298542582,0.6589521054329958,1.3333333333333333,1e-06,0.24567846075323063,Utsuroi,1e-06,0.9803921568627451,3.0
2007-04-13,0.4357381748686096,2.0,0.48780487804878053,0.8343745502343797,0.6438025781600465,3,0.2972020636423568,0.6589521054329958,1.0,1e-06,0.2910485150810318,Utsuroi,1e-06,0.9803921568627451,3.0
2007-04-16,0.4732188101753321,1.0,0.9523809523809523,0.6847140683589646,0.5648435795595188,2,0.297957723012326,0.33751205400260365,0.6666666666666666,1e-06,0.3017803229960737,Utsuroi,1e-06,0.9803921568627451,3.0
2007-04-17,0.46033097337445167,1.0,0.9523809523809523,3.2552405215261985e-11,0.9999999999664476,1,1.092210770416987e-21,0.33751205400260365,0.3333333333333333,1e-06,0.7557837056661548,Utsuroi,1e-06,0.9803921568627451,3.0
2007-04-18,0.44224398789616187,1.0,0.9523809523809523,0.9226765135396618,0.472498215701374,3,0.48671350722260703,0.33751205400260365,1.0,1e-06,0.058989813716701645,Utsuroi,1e-06,0.9803921568627451,3.0
2007-04-19,0.4236068279546541,1.5,0.6451612903225806,0.15257496570661083,0.9647402652353854,2,0.005379752822535272,0.49823207971788014,0.6666666666666666,1e-06,0.922042690698056,Utsuroi,1e-06,0.9803921568627451,3.0
2007-04-20,0.40402061706409537,1.0,0.9523809523809523,0.296352408341481,0.9126546984963695,2,0.025884990457913686,0.33751205400260365,0.6666666666666666,1e-06,0.4822323562082542,Utsuroi,1e-06,0.9803921568627451,3.0
2007-04-23,0.33128755302668345,0.0,20.0,0.251731056553255,0.9307359664888273,2,0.017435908336907568,0.016072002571568628,0.6666666666666666,1e-06,0.1222468260712577,Utsuroi,1e-06,0.9803921568627451,3.0
2007-04-24,0.30669475452084155,1.0,0.9523809523809523,0.6677084172323112,0.6122993992579259,2,0.25887095448150654,0.33751205400260365,0.6666666666666666,1e-06,0.7303219443857872,Utsuroi,1e-06,0.9803921568627451,3.0
2007-04-25,0.32978832761441457,1.0,0.9523809523809523,1.0176621315315784,0.523877756400029,3,0.4845315772915439,0.33751205400260365,1.0,1e-06,0.054123445688707195,Utsuroi,1e-06,0.9803921568627451,3.0
2007-04-26,0.3457984044940567,0.0,20.0,0.9267672840812309,0.5043504430867424,3,0.45935179371656526,0.016072002571568628,1.0,1e-06,0.33222903329524534,Utsuroi,1e-06,0.9803921568627451,3.0
2007-04-27,0.33035225643921295,1.0,0.9523809523809523,0.8360244039992438,0.5607890250164947,3,0.3671910935905118,0.33751205400260365,1.0,1e-06,0.950167274794061,Utsuroi,1e-06,0.9803921568627451,3.0
2007-04-30,0.29703919269136664,0.0,20.0,0.6606503737413771,0.6267738876204202,2,0.24657197063361064,0.016072002571568628,0.6666666666666666,1e-06,0.3414057107094739,Utsuroi,1e-06,0.9803921568627451,3.0
2007-05-01,0.2996937844763932,0.0,20.0,0.6801485540774024,0.5804431683704437,2,0.28536097238613883,0.016072002571568628,0.6666666666666666,1e-06,0.6214372466214613,Utsuroi,1e-06,0.9803921568627451,3.0
2007-05-02,0.3043290043290043,0.0,20.0,0.690707717630844,0.5349104470278082,2,0.32124094362737216,0.016072002571568628,0.6666666666666666,1e-06,0.5817730975562656,Utsuroi,1e-06,0.9803921568627451,3.0
2007-05-03,0.31874357526531444,1.0,0.9523809523809523,0.0,0.0,0,0.0,0.33751205400260365,0.0,1e-06,0.8962288034962228,Utsuroi,1e-06,0.9803921568627451,3.0
2007-05-04,0.2925690251777208,0.5,1.8181818181818181,1.9736434708546906e-11,0.9999999999792636,1,4.092628531136306e-22,0.1767920282871665,0.3333333333333333,1e-06,0.6098035887439184,Utsuroi,1e-06,0.9803921568627451,3.0
2007-05-07,0.29837336576467016,1.0,0.9523809523809523,0.7506420471348068,0.7381413597664588,3,0.19656210576484226,0.33751205400260365,1.0,1e-06,0.03232242760360826,Utsuroi,1e-06,0.9803921568627451,3.0
2007-05-08,0.31214148170669914,0.0,20.0,4.777167550310456e-11,0.9999999999512283,1,2.3299035991421823e-21,0.016072002571568628,0.3333333333333333,1e-06,0.25420366616901535,Utsuroi,1e-06,0.9803921568627451,3.0
2007-05-09,0.29684663162924035,0.0,20.0,2.029598711294623e-11,0.999999999978704,1,4.322226310242713e-22,0.016072002571568628,0.3333333333333333,1e-06,1.0,Utsuroi,1e-06,0.9803921568627451,3.0
2007-05-10,0.3338046011959056,0.0,20.0,1.337940869195734e-11,0.9999999999856206,1,1.9238768966422301e-22,0.016072002571568628,0.3333333333333333,1e-06,1.0,Utsuroi,1e-06,0.9803921568627451,3.0
2007-05-11,0.29523737132432787,0.0,20.0,4.890865490256708e-11,0.9999999999500914,1,2.4409640973982793e-21,0.016072002571568628,0.3333333333333333,1e-06,1.0,Utsuroi,1e-06,0.9803921568627451,3.0
2007-05-14,0.3274913492304797,1.0,0.9523809523809523,4.3302250673079063e-11,0.9999999999556978,1,1.918386206149458e-21,0.33751205400260365,0.3333333333333333,1e-06,0.8988867083203133,Utsuroi,1e-06,0.9803921568627451,3.0
2007-05-15,0.32962327527544916,1.0,0.9523809523809523,0.08699416965875803,0.9827846736479937,2,0.001497633021397323,0.33751205400260365,0.6666666666666666,1e-06,0.17896508374498277,Utsuroi,1e-06,0.9803921568627451,3.0
2007-05-16,0.28435767131419315,1.0,0.9523809523809523,0.25107600106732464,0.9309879103158047,2,0.01732727950320731,0.33751205400260365,0.6666666666666666,1e-06,0.9482299946249844,Utsuroi,1e-06,0.9803921568627451,3.0
2007-05-17,0.31453474062169723,1.0,0.9523809523809523,1.278932515437738e-11,0.9999999999862107,1,1.763558801381053e-22,0.33751205400260365,0.3333333333333333,1e-06,0.4207655437043957,Utsuroi,1e-06,0.9803921568627451,3.0
2007-05-18,0.320201537592842,1.0,0.9523809523809523,2.0518031717866505e-11,0.999999999978482,1,4.415072034038273e-22,0.33751205400260365,0.3333333333333333,1e-06,1.0,Utsuroi,1e-06,0.9803921568627451,3.0
2007-05-21,0.32888053975010495,1.0,0.9523809523809523,1.7383761097109755e-11,0.9999999999816163,1,3.1957852642272756e-22,0.33751205400260365,0.3333333333333333,1e-06,1.0,Utsuroi,1e-06,0.9803921568627451,3.0
2007-05-22,0.31930750409011277,1.0,0.9523809523809523,0.18719823062196117,0.9537908669431214,2,0.008650267946822445,0.33751205400260365,0.6666666666666666,1e-06,0.17923004338221427,Utsuroi,1e-06,0.9803921568627451,3.0
2007-05-23,0.33186523621306224,2.0,0.48780487804878053,5.0574988640142426e-11,0.999999999948425,1,2.6084033458521732e-21,0.6589521054329958,0.3333333333333333,1e-06,0.47283375011277895,Utsuroi,1e-06,0.9803921568627451,3.0
2007-05-24,0.3544911610129002,3.0,0.3278688524590164,7.447886751492074e-11,0.9999999999245212,1,5.6215789264314934e-21,0.9803921568627451,0.3333333333333333,1e-06,0.031137723801286543,Katashi,1e-06,0.9803921568627451,3.0
2007-05-25,0.33365330321852066,2.0,0.48780487804878053,5.472799990813494e-11,0.999999999944272,1,3.0498807632604106e-21,0.6589521054329958,0.3333333333333333,1e-06,0.06536358420799226,Utsuroi,1e-06,0.9803921568627451,3.0
2007-05-29,0.318330944417901,2.0,0.48780487804878053,2.1223245383092982e-11,0.9999999999777768,1,4.716489204846063e-22,0.6589521054329958,0.3333333333333333,1e-06,1.0,Utsuroi,1e-06,0.9803921568627451,3.0
2007-05-30,0.3511075880641098,3.0,0.3278688524590164,1.9298596052658508e-10,0.9999999998060141,1,3.743656265534482e-20,0.9803921568627451,0.3333333333333333,1e-06,0.031137723801286543,Katashi,1e-06,0.9803921568627451,3.0
2007-05-31,0.3646556342208517,1.0,0.9523809523809523,4.953115695244315e-11,0.9999999999494689,1,2.5028655703488205e-21,0.33751205400260365,0.3333333333333333,1e-06,0.20708487732591596,Utsuroi,1e-06,0.9803921568627451,3.0
2007-06-01,0.3567056132273524,2.0,0.48780487804878053,3.5532798924763774e-11,0.9999999999634672,1,1.2981118123295185e-21,0.6589521054329958,0.3333333333333333,1e-06,0.07035169117935991,Utsuroi,1e-06,0.9803921568627451,3.0
2007-06-04,0.3466099118273031,2.0,0.48780487804878053,0.0,0.0,0,0.0,0.6589521054329958,0.0,1e-06,1.0,Utsuroi,1e-06,0.9803921568627451,3.0
2007-06-05,0.3711412789765057,2.0,0.48780487804878053,0.0,0.0,0,0.0,0.6589521054329958,0.0,1e-06,1.0,Utsuroi,1e-06,0.9803921568627451,3.0
2007-06-06,0.3663147956064255,2.0,0.48780487804878053,5.167000160927315e-11,0.99999999994733,1,2.7214579249538925e-21,0.6589521054329958,0.3333333333333333,1e-06,0.6506810636407454,Utsuroi,1e-06,0.9803921568627451,3.0
2007-06-07,0.4397406940885202,1.0,0.9523809523809523,0.0,0.0,0,0.0,0.33751205400260365,0.0,1e-06,0.22821031582372187,Utsuroi,1e-06,0.9803921568627451,3.0
2007-06-08,0.45022151761282203,2.0,0.48780487804878053,0.0,0.0,0,0.0,0.6589521054329958,0.0,1e-06,0.00785010222540583,Utsuroi,1e-06,0.9803921568627451,3.0
2007-06-11,0.4471267862572212,2.0,0.48780487804878053,0.0,0.0,0,0.0,0.6589521054329958,0.0,1e-06,1.0,Utsuroi,1e-06,0.9803921568627451,3.0
2007-06-12,0.47272365315843584,1.5,0.6451612903225806,1.978006647341377e-11,0.99999999997922,1,4.110306586012475e-22,0.49823207971788014,0.3333333333333333,1e-06,0.8821711113728226,Utsuroi,1e-06,0.9803921568627451,3.0
2007-06-13,0.5236698084524173,1.0,0.9523809523809523,4.03593825018312e-11,0.9999999999586406,1,1.6692382456464851e-21,0.33751205400260365,0.3333333333333333,1e-06,0.21757759445667857,Utsuroi,1e-06,0.9803921568627451,3.0
2007-06-14,0.5003149024888156,2.0,0.48780487804878053,2.2244317498817526e-11,0.9999999999767557,1,5.170534864104493e-22,0.6589521054329958,0.3333333333333333,1e-06,0.07035169117935991,Utsuroi,1e-06,0.9803921568627451,3.0
2007-06-15,0.5146056841709017,2.0,0.48780487804878053,0.5801423326331356,0.7331086495559728,2,0.15483497060620563,0.6589521054329958,0.6666666666666666,1e-06,0.3851751880919889,Utsuroi,1e-06,0.9803921568627451,3.0
2007-06-18,0.5125287755722538,2.0,0.48780487804878053,8.962242059185266e-11,0.9999999999093776,1,8.121798711100647e-21,0.6589521054329958,0.3333333333333333,1e-06,0.7683167106383847,Utsuroi,1e-06,0.9803921568627451,3.0
2007-06-19,0.5083612040133781,1.0,0.9523809523809523,0.0,0.0,0,0.0,0.33751205400260365,0.0,1e-06,0.22821031582372187,Utsuroi,1e-06,0.9803921568627451,3.0
2007-06-20,0.5565014695449477,1.0,0.9523809523809523,0.0,0.0,0,0.0,0.33751205400260365,0.0,1e-06,1.0,Utsuroi,1e-06,0.9803921568627451,3.0
2007-06-21,0.5507246376811595,2.0,0.48780487804878053,7.696943082587128e-11,0.9999999999220306,1,6.001261010022167e-21,0.6589521054329958,0.3333333333333333,1e-06,0.04889998628343517,Utsuroi,1e-06,0.9803921568627451,3.0
2007-06-22,0.5426233187102751,2.0,0.48780487804878053,0.0,0.0,0,0.0,0.6589521054329958,0.0,1e-06,1.0,Utsuroi,1e-06,0.9803921568627451,3.0
2007-06-25,0.5419493549928333,2.0,0.48780487804878053,0.0,0.0,0,0.0,0.6589521054329958,0.0,1e-06,1.0,Utsuroi,1e-06,0.9803921568627451,3.0
2007-06-26,0.5331603179429267,2.0,0.48780487804878053,0.0,0.0,0,0.0,0.6589521054329958,0.0,1e-06,1.0,Utsuroi,1e-06,0.9803921568627451,3.0
2007-06-27,0.5566665218839132,2.0,0.48780487804878053,0.0,0.0,0,0.0,0.6589521054329958,0.0,1e-06,1.0,Utsuroi,1e-06,0.9803921568627451,3.0
2007-06-28,0.5526227395792614,2.0,0.48780487804878053,0.0,0.0,0,0.0,0.6589521054329958,0.0,1e-06,1.0,Utsuroi,1e-06,0.9803921568627451,3.0
2007-06-29,0.5354572963268616,3.0,0.3278688524590164,0.0,0.0,0,0.0,0.9803921568627451,0.0,1e-06,0.0011422864142766054,Katashi,1e-06,0.9803921568627451,3.0
2007-07-02,0.5630760543804022,2.0,0.48780487804878053,0.0,0.0,0,0.0,0.6589521054329958,0.0,1e-06,0.0025266376692131276,Utsuroi,1e-06,0.9803921568627451,3.0
2007-07-03,0.5644102274537057,2.0,0.48780487804878053,1.8030132942034434e-11,0.9999999999809699,1,3.431154279951707e-22,0.6589521054329958,0.3333333333333333,1e-06,0.6506810636407454,Utsuroi,1e-06,0.9803921568627451,3.0
2007-07-05,0.5748910509780075,2.0,0.48780487804878053,2.620292871532113e-11,0.9999999999727971,1,7.127958223313484e-22,0.6589521054329958,0.3333333333333333,1e-06,1.0,Utsuroi,1e-06,0.9803921568627451,3.0
2007-07-06,0.5571891876239702,2.0,0.48780487804878053,1.5564660671293228e-11,0.9999999999834354,1,2.578229781688558e-22,0.6589521054329958,0.3333333333333333,1e-06,1.0,Utsuroi,1e-06,0.9803921568627451,3.0
2007-07-09,0.5522926349013305,1.0,0.9523809523809523,1.4454992758198147e-11,0.999999999984545,1,2.2340148863017397e-22,0.33751205400260365,0.3333333333333333,1e-06,0.21210217620038418,Utsuroi,1e-06,0.9803921568627451,3.0
2007-07-10,0.48037107819716524,1.0,0.9523809523809523,1.2952861005902397e-11,0.9999999999860472,1,1.807291827058177e-22,0.33751205400260365,0.3333333333333333,1e-06,1.0,Utsuroi,1e-06,0.9803921568627451,3.0
2007-07-11,0.47950455341759707,2.0,0.48780487804878053,0.0,0.0,0,0.0,0.6589521054329958,0.0,1e-06,0.21096851690335927,Utsuroi,1e-06,0.9803921568627451,3.0
2007-07-12,0.4964911899694509,1.5,0.6451612903225806,0.0,0.0,0,0.0,0.49823207971788014,0.0,1e-06,0.008500771377848215,Utsuroi,1e-06,0.9803921568627451,3.0
2007-07-13,0.45598459511503,1.5,0.6451612903225806,0.0,0.0,0,0.0,0.49823207971788014,0.0,1e-06,1.0,Utsuroi,1e-06,0.9803921568627451,3.0
2007-07-16,0.39791368052237625,2.0,0.48780487804878053,0.0,0.0,0,0.0,0.6589521054329958,0.0,1e-06,0.004868954614841048,Utsuroi,1e-06,0.9803921568627451,3.0
2007-07-17,0.40945358988837255,1.0,0.9523809523809523,0.0,0.0,0,0.0,0.33751205400260365,0.0,1e-06,0.029530414611866895,Utsuroi,1e-06,0.9803921568627451,3.0
2007-07-18,0.37758473410647325,1.0,0.9523809523809523,8.38169533742945e-11,0.9999999999151831,1,7.109096772449213e-21,0.33751205400260365,0.3333333333333333,1e-06,0.41616559151979227,Utsuroi,1e-06,0.9803921568627451,3.0
2007-07-19,0.37267442702225306,1.0,0.9523809523809523,0.0,0.0,0,0.0,0.33751205400260365,0.0,1e-06,1.0,Utsuroi,1e-06,0.9803921568627451,3.0
2007-07-20,0.36102448276361326,1.0,0.9523809523809523,0.3457794872486324,0.8903516539825206,2,0.03791414886358466,0.33751205400260365,0.6666666666666666,1e-06,0.17643963700541898,Utsuroi,1e-06,0.9803921568627451,3.0
2007-07-23,0.3028297789167355,0.5,1.8181818181818181,1.0117284787203197e-10,0.9999999998978272,1,1.0337115756819967e-20,0.1767920282871665,0.3333333333333333,1e-06,0.1452858427889543,Utsuroi,1e-06,0.9803921568627451,3.0
2007-07-24,0.3346436172523129,1.0,0.9523809523809523,2.8637536785952448e-11,0.9999999999703625,1,8.487454164537213e-22,0.33751205400260365,0.3333333333333333,1e-06,0.27287241459183853,Utsuroi,1e-06,0.9803921568627451,3.0
2007-07-25,0.32366763671111504,1.0,0.9523809523809523,5.182665407803949e-11,0.9999999999471734,1,2.73782758058036e-21,0.33751205400260365,0.3333333333333333,1e-06,1.0,Utsuroi,1e-06,0.9803921568627451,3.0
2007-07-26,0.3586037151254543,1.0,0.9523809523809523,3.787459235051733e-11,0.9999999999611254,1,1.472358500245851e-21,0.33751205400260365,0.3333333333333333,1e-06,1.0,Utsuroi,1e-06,0.9803921568627451,3.0
2007-07-27,0.3513964296572993,1.0,0.9523809523809523,4.061673219892864e-11,0.9999999999583833,1,1.690334768241586e-21,0.33751205400260365,0.3333333333333333,1e-06,1.0,Utsuroi,1e-06,0.9803921568627451,3.0
2007-07-30,0.3395676786981135,1.0,0.9523809523809523,0.0,0.0,0,0.0,0.33751205400260365,0.0,1e-06,1.0,Utsuroi,1e-06,0.9803921568627451,3.0
2007-07-31,0.34724261246000376,2.0,0.48780487804878053,3.500910672406708e-11,0.9999999999639909,1,1.2606458859022052e-21,0.6589521054329958,0.3333333333333333,1e-06,0.04889998628343517,Utsuroi,1e-06,0.9803921568627451,3.0
2007-08-01,0.3581085581085582,1.0,0.9523809523809523,0.0,0.0,0,0.0,0.33751205400260365,0.0,1e-06,0.22821031582372187,Utsuroi,1e-06,0.9803921568627451,3.0
2007-08-02,0.32306244480157525,2.0,0.48780487804878053,4.879852077852976e-11,0.9999999999502015,1,2.4300930715043945e-21,0.6589521054329958,0.3333333333333333,1e-06,0.04889998628343517,Utsuroi,1e-06,0.9803921568627451,3.0
2007-08-03,0.31482358221488654,2.0,0.48780487804878053,5.2396864623456685e-11,0.9999999999466032,1,2.7978271279582003e-21,0.6589521054329958,0.3333333333333333,1e-06,1.0,Utsuroi,1e-06,0.9803921568627451,3.0
2007-08-06,0.30328367284889024,2.0,0.48780487804878053,2.5142332659925008e-11,0.9999999999738577,1,6.572786680591893e-22,0.6589521054329958,0.3333333333333333,1e-06,1.0,Utsuroi,1e-06,0.9803921568627451,3.0
2007-08-07,0.30822148865627125,2.0,0.48780487804878053,5.5718984979859637e-11,0.999999999943281,1,3.1603230396554895e-21,0.6589521054329958,0.3333333333333333,1e-06,1.0,Utsuroi,1e-06,0.9803921568627451,3.0
2007-08-08,0.32745008614573834,2.0,0.48780487804878053,0.0,0.0,0,0.0,0.6589521054329958,0.0,1e-06,1.0,Utsuroi,1e-06,0.9803921568627451,3.0
2007-08-09,0.36737899781378053,1.0,0.9523809523809523,1.349370615152149e-10,0.999999999864063,1,1.834294464808287e-20,0.33751205400260365,0.3333333333333333,1e-06,0.7273543250079607,Utsuroi,1e-06,0.9803921568627451,3.0
2007-08-10,0.36839682057073364,2.0,0.48780487804878053,0.34357017701181125,0.8914038356832771,2,0.037310403397100234,0.6589521054329958,0.6666666666666666,1e-06,0.008361565017314887,Utsuroi,1e-06,0.9803921568627451,3.0
2007-08-13,0.3621248316900491,0.0,20.0,3.051681129967799e-11,0.9999999999684832,1,9.617919081306146e-22,0.016072002571568628,0.3333333333333333,1e-06,0.2134752546168397,Utsuroi,1e-06,0.9803921568627451,3.0
2007-08-14,0.35504133547611805,1.0,0.9523809523809523,2.1595392140938995e-11,0.9999999999774046,1,4.879558761401498e-22,0.33751205400260365,0.3333333333333333,1e-06,0.8988867083203133,Utsuroi,1e-06,0.9803921568627451,3.0
2007-08-15,0.3576271554532425,3.0,0.3278688524590164,0.0,0.0,0,0.0,0.9803921568627451,0.0,1e-06,0.06842444407198578,Katashi,1e-06,0.9803921568627451,3.0
2007-08-16,0.3504473787082483,2.0,0.48780487804878053,0.0,0.0,0,0.0,0.6589521054329958,0.0,1e-06,0.0025266376692131276,Utsuroi,1e-06,0.9803921568627451,3.0
2007-08-17,0.3763881046489742,3.0,0.3278688524590164,0.0,0.0,0,0.0,0.9803921568627451,0.0,1e-06,0.0011422864142766054,Katashi,1e-06,0.9803921568627451,3.0
2007-08-20,0.37883638101029404,3.0,0.3278688524590164,2.2642110408531394e-11,0.9999999999763579,1,5.353067732845443e-22,0.9803921568627451,0.3333333333333333,1e-06,0.7567764513450342,Katashi,1e-06,0.9803921568627451,3.0
2007-08-21,0.38601615775528825,2.0,0.48780487804878053,1.8386514532932262e-11,0.9999999999806135,1,3.56450024464779e-22,0.6589521054329958,0.3333333333333333,1e-06,0.06536358420799226,Utsuroi,1e-06,0.9803921568627451,3.0
2007-08-22,0.38530093095310486,2.0,0.48780487804878053,0.16291938333017839,0.9615708430096743,2,0.006260854558762473,0.6589521054329958,0.6666666666666666,1e-06,0.40231092046310146,Utsuroi,1e-06,0.9803921568627451,3.0
2007-08-23,0.3781211542081107,2.0,0.48780487804878053,0.3496010677527288,0.8885187583483759,2,0.03897396111580777,0.6589521054329958,0.6666666666666666,1e-06,0.9154145986918466,Utsuroi,1e-06,0.9803921568627451,3.0
2007-08-24,0.3926595143986449,3.0,0.3278688524590164,0.0,0.0,0,0.0,0.9803921568627451,0.0,1e-06,0.45715747670782214,Katashi,1e-06,0.9803921568627451,3.0
2007-08-27,0.38292142639968735,3.0,0.3278688524590164,2.9114821664224547e-11,0.9999999999698852,1,8.767870181470747e-22,0.9803921568627451,0.3333333333333333,1e-06,0.7567764513450342,Katashi,1e-06,0.9803921568627451,3.0
2007-08-28,0.3867038758343106,2.0,0.48780487804878053,0.0,0.0,0,0.0,0.6589521054329958,0.0,1e-06,0.20761915422298483,Utsuroi,1e-06,0.9803921568627451,3.0
2007-08-29,0.38220619959750396,3.0,0.3278688524590164,0.0,0.0,0,0.0,0.9803921568627451,0.0,1e-06,0.0011422864142766054,Katashi,1e-06,0.9803921568627451,3.0
2007-08-30,0.36988229162142205,3.0,0.3278688524590164,1.4835588312273517e-10,0.9999999998506441,1,2.2157820660016694e-20,0.9803921568627451,0.3333333333333333,1e-06,0.7567764513450342,Katashi,1e-06,0.9803921568627451,3.0
2007-08-31,0.38110585067106806,2.0,0.48780487804878053,0.0,0.0,0,0.0,0.6589521054329958,0.0,1e-06,0.20761915422298483,Utsuroi,1e-06,0.9803921568627451,3.0
2007-09-04,0.3847645108514674,2.0,0.48780487804878053,0.30822541952989213,0.9075256820507611,2,0.02850293544564479,0.6589521054329958,0.6666666666666666,1e-06,0.40019511450780376,Utsuroi,1e-06,0.9803921568627451,3.0
2007-09-05,0.3956854739463435,2.0,0.48780487804878053,0.6671827014656075,0.6134437543664513,2,0.257903640230194,0.6589521054329958,0.6666666666666666,1e-06,0.5102403105089427,Utsuroi,1e-06,0.9803921568627451,3.0
2007-09-06,0.41047141264532583,1.5,0.6451612903225806,0.5696866460552211,0.7431966961428531,2,0.14629741287027784,0.49823207971788014,0.6666666666666666,1e-06,0.3121417783677747,Utsuroi,1e-06,0.9803921568627451,3.0
2007-09-07,0.400912131346914,1.0,0.9523809523809523,2.428135470435034e-11,0.9999999999747187,1,6.138650038452413e-22,0.33751205400260365,0.3333333333333333,1e-06,0.31476240909761044,Utsuroi,1e-06,0.9803921568627451,3.0
2007-09-10,0.3988214683866858,1.0,0.9523809523809523,1.2842393814953729e-11,0.9999999999861576,1,1.7776918861869782e-22,0.33751205400260365,0.3333333333333333,1e-06,1.0,Utsuroi,1e-06,0.9803921568627451,3.0
2007-09-11,0.35677438503525466,1.0,0.9523809523809523,1.628341905742339e-11,0.9999999999827166,1,2.814327950422675e-22,0.33751205400260365,0.3333333333333333,1e-06,1.0,Utsuroi,1e-06,0.9803921568627451,3.0
2007-09-12,0.36757155887590665,1.0,0.9523809523809523,0.5671730358419816,0.7455484498086451,2,0.14431805819672913,0.33751205400260365,0.6666666666666666,1e-06,0.19333113742968222,Utsuroi,1e-06,0.9803921568627451,3.0
2007-09-13,0.3603367646845908,1.0,0.9523809523809523,1.8560053492357902e-10,0.9999999998133995,1,3.463315499627035e-20,0.33751205400260365,0.3333333333333333,1e-06,0.5977086500690487,Utsuroi,1e-06,0.9803921568627451,3.0
2007-09-14,0.34937453850497335,0.0,20.0,2.3363866396822883e-11,0.9999999999756362,1,5.692336025634217e-22,0.016072002571568628,0.3333333333333333,1e-06,0.06568554240211066,Utsuroi,1e-06,0.9803921568627451,3.0
2007-09-17,0.3234338125642474,2.0,0.48780487804878053,0.6380079357406485,0.6644963423270858,2,0.2140539960653332,0.6589521054329958,0.6666666666666666,1e-06,0.4692706684007396,Utsuroi,1e-06,0.9803921568627451,3.0
2007-09-18,0.3711614472484038,1.0,0.9523809523809523,0.60819276963392,0.7031254971570605,2,0.1805569261177404,0.33751205400260365,0.6666666666666666,1e-06,0.4338366975172223,Utsuroi,1e-06,0.9803921568627451,3.0
2007-09-19,0.36268876051484755,1.0,0.9523809523809523,1.5267898056815793e-11,0.9999999999837321,1,2.4837627137998024e-22,0.33751205400260365,0.3333333333333333,1e-06,0.6467430918962903,Utsuroi,1e-06,0.9803921568627451,3.0
2007-09-20,0.37856129377868514,1.0,0.9523809523809523,1.1195611087904058,0.4988500406681275,4,0.5610680041398579,0.33751205400260365,1.3333333333333333,1e-06,0.038003074403797354,Utsuroi,1e-06,0.9803921568627451,3.0
2007-09-21,0.3879967858228729,2.0,0.48780487804878053,0.2418833792667931,0.934483727304486,2,0.015847297436555646,0.6589521054329958,0.6666666666666666,1e-06,0.9376693368404463,Utsuroi,1e-06,0.9803921568627451,3.0
2007-09-24,0.3784512588860415,2.0,0.48780487804878053,0.6899476000610292,0.5399760340965873,2,0.3173924312456163,0.6589521054329958,0.6666666666666666,1e-06,0.43134156295936343,Utsuroi,1e-06,0.9803921568627451,3.0
2007-09-25,0.3783274696318175,2.0,0.48780487804878053,2.20977680595704e-11,0.9999999999769023,1,5.104086324393835e-22,0.6589521054329958,0.3333333333333333,1e-06,0.8613808486149814,Utsuroi,1e-06,0.9803921568627451,3.0
2007-09-26,0.36113451765625687,1.0,0.9523809523809523,1.2746048660147011e-10,0.9999999998715395,1,1.637363331269142e-20,0.33751205400260365,0.3333333333333333,1e-06,0.21210217620038418,Utsuroi,1e-06,0.9803921568627451,3.0
2007-09-27,0.3538584603801995,1.0,0.9523809523809523,2.0180712654469172e-10,0.9999999997971929,1,4.092791899059927e-20,0.33751205400260365,0.3333333333333333,1e-06,1.0,Utsuroi,1e-06,0.9803921568627451,3.0
2007-09-28,0.33097120271033315,1.0,0.9523809523809523,0.0,0.0,0,0.0,0.33751205400260365,0.0,1e-06,1.0,Utsuroi,1e-06,0.9803921568627451,3.0
2007-10-01,0.3416445872967612,1.0,0.9523809523809523,0.0,0.0,0,0.0,0.33751205400260365,0.0,1e-06,1.0,Utsuroi,1e-06,0.9803921568627451,3.0
2007-10-02,0.3331994092863658,3.0,0.3278688524590164,1.971577345630986e-10,0.9999999998018423,1,3.9068325675018865e-20,0.9803921568627451,0.3333333333333333,1e-06,0.009629870193700318,Katashi,1e-06,0.9803921568627451,3.0
2007-10-03,0.30526430091647494,1.0,0.9523809523809523,8.940514994955016e-12,0.9999999999900595,1,8.88731255908373e-23,0.33751205400260365,0.3333333333333333,1e-06,0.20708487732591596,Utsuroi,1e-06,0.9803921568627451,3.0
2007-10-04,0.28646208863600175,1.0,0.9523809523809523,7.347455976934947e-12,0.9999999999916526,1,6.13324027718196e-23,0.33751205400260365,0.3333333333333333,1e-06,1.0,Utsuroi,1e-06,0.9803921568627451,3.0
2007-10-05,0.28234953452344763,1.0,0.9523809523809523,7.542189095452554e-12,0.9999999999914578,1,6.44266386010911e-23,0.33751205400260365,0.3333333333333333,1e-06,1.0,Utsuroi,1e-06,0.9803921568627451,3.0
2007-10-08,0.2920738681608247,2.0,0.48780487804878053,9.397593814188545e-12,0.9999999999896024,1,9.771215542022646e-23,0.6589521054329958,0.3333333333333333,1e-06,0.07035169117935991,Utsuroi,1e-06,0.9803921568627451,3.0
2007-10-09,0.2990198207589512,2.0,0.48780487804878053,1.6947998559952298e-11,0.999999999982052,1,3.04182278831938e-22,0.6589521054329958,0.3333333333333333,1e-06,1.0,Utsuroi,1e-06,0.9803921568627451,3.0
2007-10-10,0.3008629052107313,2.0,0.48780487804878053,4.264277819648072e-11,0.9999999999563572,1,1.861048367219717e-21,0.6589521054329958,0.3333333333333333,1e-06,1.0,Utsuroi,1e-06,0.9803921568627451,3.0
2007-10-11,0.2902032749858837,2.0,0.48780487804878053,2.49138487614631e-11,0.9999999999740862,1,6.456131577416828e-22,0.6589521054329958,0.3333333333333333,1e-06,1.0,Utsuroi,1e-06,0.9803921568627451,3.0
2007-10-12,0.27737045563132523,3.0,0.3278688524590164,9.418599233415039e-11,0.999999999904814,1,8.965185061173258e-21,0.9803921568627451,0.3333333333333333,1e-06,0.031137723801286543,Katashi,1e-06,0.9803921568627451,3.0
2007-10-15,0.2891166804210283,3.0,0.3278688524590164,0.30048760995841495,0.9108840752320577,2,0.02677823124275289,0.9803921568627451,0.6666666666666666,1e-06,0.5520589524887589,Katashi,1e-06,0.9803921568627451,3.0
2007-10-16,0.30355876008049926,3.0,0.3278688524590164,3.085109945238203e-11,0.9999999999681489,1,9.82640754409395e-22,0.9803921568627451,0.3333333333333333,1e-06,0.7612797939470276,Katashi,1e-06,0.9803921568627451,3.0
2007-10-17,0.304260232521102,2.0,0.48780487804878053,6.148326292336989e-11,0.9999999999375168,1,3.841673522632056e-21,0.6589521054329958,0.3333333333333333,1e-06,0.06536358420799226,Utsuroi,1e-06,0.9803921568627451,3.0
2007-10-18,0.26451012755360576,1.0,0.9523809523809523,0.6300573489925245,0.675714903546862,2,0.20431820818904922,0.33751205400260365,0.6666666666666666,1e-06,0.6143114079073773,Utsuroi,1e-06,0.9803921568627451,3.0
2007-10-19,0.28743864830821353,2.0,0.48780487804878053,0.6589327464000997,0.6300430845087339,2,0.24377672637436953,0.6589521054329958,0.6666666666666666,1e-06,0.21336999868211048,Utsuroi,1e-06,0.9803921568627451,3.0
2007-10-22,0.2656654939263635,1.0,0.9523809523809523,0.0,0.0,0,0.0,0.33751205400260365,0.0,1e-06,0.5727198491143138,Utsuroi,1e-06,0.9803921568627451,3.0
2007-10-23,0.25739912261651393,1.5,0.6451612903225806,5.356159959852807e-11,0.9999999999454384,1,2.9224053663565536e-21,0.49823207971788014,0.3333333333333333,1e-06,0.14637997376608014,Utsuroi,1e-06,0.9803921568627451,3.0
2007-10-24,0.2507007485268355,2.0,0.48780487804878053,3.1831870472304176e-11,0.9999999999671682,1,1.0450991440792654e-21,0.6589521054329958,0.3333333333333333,1e-06,0.06755834428619123,Utsuroi,1e-06,0.9803921568627451,3.0
2007-10-25,0.2460242655894831,2.0,0.48780487804878053,6.735612067864785e-11,0.9999999999316439,1,4.604201623679298e-21,0.6589521054329958,0.3333333333333333,1e-06,1.0,Utsuroi,1e-06,0.9803921568627451,3.0
2007-10-26,0.2761463174506653,2.0,0.48780487804878053,0.0,0.0,0,0.0,0.6589521054329958,0.0,1e-06,1.0,Utsuroi,1e-06,0.9803921568627451,3.0
2007-10-29,0.26125034385903956,1.0,0.9523809523809523,0.0,0.0,0,0.0,0.33751205400260365,0.0,1e-06,0.029530414611866895,Utsuroi,1e-06,0.9803921568627451,3.0
2007-10-30,0.27373930417408676,2.0,0.48780487804878053,0.0,0.0,0,0.0,0.6589521054329958,0.0,1e-06,0.00785010222540583,Utsuroi,1e-06,0.9803921568627451,3.0
2007-10-31,0.2638636725593248,1.0,0.9523809523809523,0.26823715243968793,0.9242609921714772,2,0.020316015788530196,0.33751205400260365,0.6666666666666666,1e-06,0.6149896305799838,Utsuroi,1e-06,0.9803921568627451,3.0
2007-11-01,0.2939857244205071,1.0,0.9523809523809523,0.5503556427890202,0.7606274125297394,2,0.1317400542432662,0.33751205400260365,0.6666666666666666,1e-06,0.6333154469582639,Utsuroi,1e-06,0.9803921568627451,3.0
2007-11-02,0.2942333029289551,1.0,0.9523809523809523,1.5382917162165082e-11,0.9999999999836171,1,2.520167172856667e-22,0.33751205400260365,0.3333333333333333,1e-06,0.5788484273292531,Utsuroi,1e-06,0.9803921568627451,3.0
2007-11-05,0.29358684793467404,1.0,0.9523809523809523,2.638433915753993e-11,0.9999999999726157,1,7.225171082805481e-22,0.33751205400260365,0.3333333333333333,1e-06,1.0,Utsuroi,1e-06,0.9803921568627451,3.0
2007-11-06,0.28360118142726837,1.0,0.9523809523809523,1.156474915823197e-11,0.9999999999874353,1,1.4530791641982197e-22,0.33751205400260365,0.3333333333333333,1e-06,1.0,Utsuroi,1e-06,0.9803921568627451,3.0
2007-11-07,0.3018119561597823,1.0,0.9523809523809523,1.8273493829027606e-11,0.9999999999807265,1,3.5219366631080634e-22,0.33751205400260365,0.3333333333333333,1e-06,1.0,Utsuroi,1e-06,0.9803921568627451,3.0
2007-11-08,0.27658645702123963,1.0,0.9523809523809523,8.196687772621435e-11,0.9999999999170331,1,6.80053410894413e-21,0.33751205400260365,0.3333333333333333,1e-06,1.0,Utsuroi,1e-06,0.9803921568627451,3.0
2007-11-09,0.26049385397211483,2.0,0.48780487804878053,4.927447338916275e-11,0.9999999999497255,1,2.4772471111946077e-21,0.6589521054329958,0.3333333333333333,1e-06,0.07035169117935991,Utsuroi,1e-06,0.9803921568627451,3.0
2007-11-12,0.2531447039483118,3.0,0.3278688524590164,0.8876057896977021,0.6273079546152163,3,0.3308036172578128,0.9803921568627451,1.0,1e-06,0.09521113652288637,Katashi,1e-06,0.9803921568627451,3.0
2007-11-13,0.27296625408279307,4.0,0.2469135802469136,0.5396771516629149,0.7696680315453305,2,0.1243049006725284,1.3018322082918514,0.6666666666666666,0.2414410214291064,0.7217536693677569,Katashi,1e-06,0.9803921568627451,3.0
2007-11-14,0.2705245926739271,3.0,0.3278688524590164,0.692785432243749,0.5134481354724421,2,0.33707604377572625,0.9803921568627451,0.6666666666666666,0.2341977907862332,0.8642891004865827,Katashi,1e-06,0.9803921568627451,3.0
2007-11-15,0.2762192518908789,3.0,0.3278688524590164,1.3544720900321637e-11,0.9999999999854553,1,1.970038855368324e-22,0.9803921568627451,0.3333333333333333,0.2271718570626462,0.908296181545352,Katashi,1e-06,0.9803921568627451,3.0
2007-11-16,0.260518665628686,3.0,0.3278688524590164,1.8123946787613466e-11,0.9999999999808761,1,3.466009930182848e-22,0.9803921568627451,0.3333333333333333,0.22035670135076682,1.0,Katashi,1e-06,0.9803921568627451,3.0
2007-11-19,0.2688685498635362,2.0,0.48780487804878053,0.6679980556934502,0.6116637384488787,2,0.25940786767141216,0.6589521054329958,0.6666666666666666,0.21374600031024382,0.7846403495115893,Katashi,1e-06,0.9803921568627451,3.0
2007-11-20,0.25642008343010997,2.0,0.48780487804878053,2.6360136295603766e-11,0.9999999999726399,1,7.212163386967064e-22,0.6589521054329958,0.3333333333333333,0.2073336203009365,0.8366670979253141,Katashi,1e-06,0.9803921568627451,3.0
2007-11-21,0.2605468347787684,3.0,0.3278688524590164,3.296718453724794e-11,0.9999999999660328,1,1.1198017115783798e-21,0.9803921568627451,0.3333333333333333,0.2011136116919084,0.031137723801286543,Katashi,1e-06,0.9803921568627451,3.0
2007-11-23,0.28310602441037225,2.0,0.48780487804878053,0.6624576723507305,0.6232360557635788,2,0.24959016552454003,0.6589521054329958,0.6666666666666666,0.19508020334115114,0.8063452800791301,Katashi,1e-06,0.9803921568627451,3.0
2007-11-26,0.2832573223877572,2.0,0.48780487804878053,0.6158790989263367,0.6939799695350656,2,0.18847134061615392,0.6589521054329958,0.6666666666666666,0.1892277972409166,0.6202416208582755,Katashi,1e-06,0.9803921568627451,3.0
2007-11-27,0.2788834354051746,1.0,0.9523809523809523,2.1447399411759793e-11,0.9999999999775526,1,4.814378664913398e-22,0.33751205400260365,0.3333333333333333,0.1835509633236891,0.24649228285919744,Katashi,1e-06,0.9803921568627451,3.0
2007-11-28,0.2677148938018503,1.0,0.9523809523809523,0.0,0.0,0,0.0,0.33751205400260365,0.0,0.1780444344239784,1.0,Katashi,1e-06,0.9803921568627451,3.0
2007-11-29,0.2636298484124571,1.0,0.9523809523809523,0.0,0.0,0,0.0,0.33751205400260365,0.0,0.17270310139125905,1.0,Katashi,1e-06,0.9803921568627451,3.0
2007-11-30,0.26262578001708436,1.5,0.6451612903225806,5.169391580119713e-10,0.9999999994820609,1,2.6774302087789154e-19,0.49823207971788014,0.3333333333333333,0.16752200834952127,0.14637997376608014,Katashi,1e-06,0.9803921568627451,3.0
2007-12-03,0.2533003228655403,1.5,0.6451612903225806,0.0,0.0,0,0.0,0.49823207971788014,0.0,0.16249634809903563,1.0,Katashi,1e-06,0.9803921568627451,3.0
2007-12-04,0.24379605901345036,1.0,0.9523809523809523,1.361047940923562e-10,0.9999999998628952,1,1.866061675942204e-20,0.33751205400260365,0.3333333333333333,0.15762145765606456,0.942071689951728,Katashi,1e-06,0.9803921568627451,3.0
2007-12-05,0.2519523954306563,3.0,0.3278688524590164,0.0,0.0,0,0.0,0.9803921568627451,0.0,0.15289281392638263,0.06842444407198578,Katashi,1e-06,0.9803921568627451,3.0
2007-12-06,0.2597648728083511,2.0,0.48780487804878053,0.0,0.0,0,0.0,0.6589521054329958,0.0,0.14830602950859115,0.0025266376692131276,Katashi,1e-06,0.9803921568627451,3.0
2007-12-07,0.2736567780046041,1.0,0.9523809523809523,0.0,0.0,0,0.0,0.33751205400260365,0.0,0.14385684862333342,0.029530414611866895,Katashi,1e-06,0.9803921568627451,3.0
2007-12-10,0.2696817675078545,1.0,0.9523809523809523,0.0,0.0,0,0.0,0.33751205400260365,0.0,0.13954114316463342,1.0,Katashi,1e-06,0.9803921568627451,3.0
2007-12-11,0.29104229104229107,1.0,0.9523809523809523,0.0,0.0,0,0.0,0.33751205400260365,0.0,0.13535490886969442,1.0,Katashi,1e-06,0.9803921568627451,3.0
2007-12-12,0.2921976574150488,2.0,0.48780487804878053,0.0,0.0,0,0.0,0.6589521054329958,0.0,0.13129426160360358,0.00785010222540583,Katashi,1e-06,0.9803921568627451,3.0
2007-12-13,0.31764322633887854,1.0,0.9523809523809523,0.0,0.0,0,0.0,0.33751205400260365,0.0,0.12735543375549546,0.029530414611866895,Katashi,1e-06,0.9803921568627451,3.0
2007-12-14,0.3021833239224544,1.0,0.9523809523809523,1.4284962101061147e-10,0.9999999998561504,1,2.0548860685284508e-20,0.33751205400260365,0.3333333333333333,0.12353477074283059,0.41616559151979227,Katashi,1e-06,0.9803921568627451,3.0
2007-12-17,0.2965715443976314,1.0,0.9523809523809523,0.0,0.0,0,0.0,0.33751205400260365,0.0,0.11982872762054567,1.0,Katashi,1e-06,0.9803921568627451,3.0
2007-12-18,0.2874799113929549,2.0,0.48780487804878053,9.782341602937694e-11,0.9999999999011766,1,9.667241976141335e-21,0.6589521054329958,0.3333333333333333,0.11623386579192929,0.04889998628343517,Katashi,1e-06,0.9803921568627451,3.0
2007-12-19,0.30849657588788026,2.0,0.48780487804878053,3.962674632791109e-11,0.9999999999593733,1,1.6099048942854176e-21,0.6589521054329958,0.3333333333333333,0.11274684981817142,1.0,Katashi,1e-06,0.9803921568627451,3.0
2007-12-20,0.2940407418668289,1.0,0.9523809523809523,0.0,0.0,0,0.0,0.33751205400260365,0.0,0.10936444432362627,0.22821031582372187,Katashi,1e-06,0.9803921568627451,3.0
2007-12-21,0.31512617816965643,2.0,0.48780487804878053,0.0,0.0,0,0.0,0.6589521054329958,0.0,0.10608351099391748,0.00785010222540583,Katashi,1e-06,0.9803921568627451,3.0
2007-12-24,0.31471354732224294,1.0,0.9523809523809523,0.0,0.0,0,0.0,0.33751205400260365,0.0,0.10290100566409996,0.029530414611866895,Katashi,1e-06,0.9803921568627451,3.0
2007-12-26,0.29498979281587984,2.0,0.48780487804878053,0.0,0.0,0,0.0,0.6589521054329958,0.0,0.09981397549417696,0.00785010222540583,Katashi,1e-06,0.9803921568627451,3.0
2007-12-27,0.29549870419435637,1.0,0.9523809523809523,0.0,0.0,0,0.0,0.33751205400260365,0.0,0.09681955622935165,0.029530414611866895,Katashi,1e-06,0.9803921568627451,3.0
2007-12-28,0.31040843214756264,1.0,0.9523809523809523,0.0,0.0,0,0.0,0.33751205400260365,0.0,0.0939149695424711,1.0,Katashi,1e-06,0.9803921568627451,3.0
2007-12-31,0.29127611518915875,1.0,0.9523809523809523,0.0,0.0,0,0.0,0.33751205400260365,0.0,0.09109752045619696,1.0,Katashi,1e-06,0.9803921568627451,3.0
2008-01-02,0.2887590670199367,1.0,0.9523809523809523,0.0,0.0,0,0.0,0.33751205400260365,0.0,0.08836459484251105,1.0,Katashi,1e-06,0.9803921568627451,3.0
2008-01-03,0.30032648510909377,1.0,0.9523809523809523,9.457379323661498e-11,0.9999999999044262,1,9.038774068695519e-21,0.33751205400260365,0.3333333333333333,0.08571365699723572,0.41616559151979227,Katashi,1e-06,0.9803921568627451,3.0
2008-01-04,0.3103259059780799,1.0,0.9523809523809523,1.297040252893419e-10,0.999999999869296,1,1.6952835333379275e-20,0.33751205400260365,0.3333333333333333,0.08314224728731864,1.0,Katashi,1e-06,0.9803921568627451,3.0
2008-01-07,0.30523679219331395,1.0,0.9523809523809523,1.58393298475809e-11,0.9999999999831607,1,2.667233494770641e-22,0.33751205400260365,0.3333333333333333,0.08064797986869908,1.0,Katashi,1e-06,0.9803921568627451,3.0
2008-01-08,0.31674919283614944,1.0,0.9523809523809523,6.019607034869909e-11,0.999999999938804,1,3.6837616242462935e-21,0.33751205400260365,0.3333333333333333,0.07822854047263811,1.0,Katashi,1e-06,0.9803921568627451,3.0
2008-01-09,0.3236263736263737,1.0,0.9523809523809523,9.497114205709027e-11,0.9999999999040289,1,9.114486865197402e-21,0.33751205400260365,0.3333333333333333,0.07588168425845897,1.0,Katashi,1e-06,0.9803921568627451,3.0
2008-01-10,0.31370947892687023,1.0,0.9523809523809523,2.065325688226293e-11,0.9999999999783468,1,4.472098198462672e-22,0.33751205400260365,0.3333333333333333,0.0736052337307052,1.0,Katashi,1e-06,0.9803921568627451,3.0
2008-01-11,0.2920601137992443,1.5,0.6451612903225806,1.5453860413437466e-11,0.9999999999835462,1,2.5427532022755637e-22,0.49823207971788014,0.3333333333333333,0.07139707671878404,0.1178671529619365,Katashi,1e-06,0.9803921568627451,3.0
2008-01-14,0.29465968813794907,1.0,0.9523809523809523,0.6317124138470167,0.6734444998466227,2,0.20628916325690982,0.33751205400260365,0.6666666666666666,0.06925516441722052,0.38571792980065456,Katashi,1e-06,0.9803921568627451,3.0
2008-01-15,0.3414932893193763,0.0,20.0,0.6143339110199186,0.6958569817062261,2,0.18684536993781678,0.016072002571568628,0.6666666666666666,0.0671775094847039,0.15975683820229158,Katashi,1e-06,0.9803921568627451,3.0
2008-01-16,0.30516802038541163,1.0,0.9523809523809523,1.3723799874191052e-11,0.9999999999852762,1,2.020661792684583e-22,0.33751205400260365,0.3333333333333333,0.06516218420016277,0.9767720772111761,Katashi,1e-06,0.9803921568627451,3.0
2008-01-17,0.30212830647613265,1.0,0.9523809523809523,2.753919314772273e-11,0.9999999999714608,1,7.859457431721794e-22,0.33751205400260365,0.3333333333333333,0.0632073186741579,1.0,Katashi,1e-06,0.9803921568627451,3.0
2008-01-18,0.30915678524374174,2.0,0.48780487804878053,2.8721691691216537e-11,0.9999999999702783,1,8.536566299359602e-22,0.6589521054329958,0.3333333333333333,0.061311099113933155,0.07035169117935991,Katashi,1e-06,0.9803921568627451,3.0
2008-01-22,0.2939719700589266,1.0,0.9523809523809523,2.364086704146007e-11,0.9999999999753592,1,5.825309385439742e-22,0.33751205400260365,0.3333333333333333,0.05947176614051516,0.21210217620038418,Katashi,1e-06,0.9803921568627451,3.0
2008-01-23,0.28472903907686525,2.0,0.48780487804878053,4.722888746639165e-11,0.9999999999517711,1,2.2777956540501515e-21,0.6589521054329958,0.3333333333333333,0.0576876131562997,0.07035169117935991,Katashi,1e-06,0.9803921568627451,3.0
2008-01-24,0.2813454661280749,2.0,0.48780487804878053,0.0,0.0,0,0.0,0.6589521054329958,0.0,0.055956984761610706,1.0,Katashi,1e-06,0.9803921568627451,3.0
2008-01-25,0.2730928491798058,2.0,0.48780487804878053,0.0,0.0,0,0.0,0.6589521054329958,0.0,0.054278275218762384,1.0,Katashi,1e-06,0.9803921568627451,3.0
2008-01-28,0.29043709913275134,3.0,0.3278688524590164,1.4446055461910954e-10,0.9999999998545395,1,2.1013309201292114e-20,0.9803921568627451,0.3333333333333333,0.052649926962199514,0.08261087418779689,Katashi,1e-06,0.9803921568627451,3.0
2008-01-29,0.2873698765003113,2.0,0.48780487804878053,1.155275874896557e-10,0.9999999998834724,1,1.346214850378505e-20,0.6589521054329958,0.3333333333333333,0.05107042915333353,0.06536358420799226,Katashi,1e-06,0.9803921568627451,3.0
2008-01-30,0.284632758545802,1.0,0.9523809523809523,0.682468665355934,0.5729398742475809,2,0.2914551540489908,0.33751205400260365,0.6666666666666666,0.04953831627873352,0.45449812411240265,Katashi,1e-06,0.9803921568627451,3.0
2008-01-31,0.28157929027494244,2.0,0.48780487804878053,0.6924105990464355,0.519188546658607,2,0.3329189464365012,0.6589521054329958,0.6666666666666666,0.04805216679037151,0.24073898963619444,Katashi,1e-06,0.9803921568627451,3.0
2008-02-01,0.2818268687833906,1.0,0.9523809523809523,6.805556118411364e-11,0.9999999999309445,1,4.6996134639249046e-21,0.33751205400260365,0.3333333333333333,0.04661060178666036,0.44871120887376936,Katashi,1e-06,0.9803921568627451,3.0
2008-02-04,0.31053222140178666,1.5,0.6451612903225806,3.4248470720184685e-10,0.9999999996565153,1,1.1763825181818908e-19,0.49823207971788014,0.3333333333333333,0.04521228373306055,0.1178671529619365,Katashi,1e-06,0.9803921568627451,3.0
2008-02-05,0.32823408475582394,1.0,0.9523809523809523,0.6364254842752317,0.6667945575603648,2,0.2120604350677877,0.33751205400260365,0.6666666666666666,0.04385591522106873,0.3780439433185562,Katashi,1e-06,0.9803921568627451,3.0
2008-02-06,0.326060895626113,1.0,0.9523809523809523,0.4875141891676804,0.8091077248628388,2,0.09306269273186692,0.33751205400260365,0.6666666666666666,0.04254023776443667,0.7317784999588084,Katashi,1e-06,0.9803921568627451,3.0
2008-02-07,0.318454733672125,1.0,0.9523809523809523,1.1771350560258306e-10,0.9999999998812865,1,1.3974180303656114e-20,0.33751205400260365,0.3333333333333333,0.041264030631503565,0.5168121569586601,Katashi,1e-06,0.9803921568627451,3.0
2008-02-08,0.29684663162924035,3.0,0.3278688524590164,1.2019574224074223e-10,0.9999999998788043,1,1.45672095369898e-20,0.9803921568627451,0.3333333333333333,0.040026109712558454,0.03275530136970073,Katashi,1e-06,0.9803921568627451,3.0
2008-02-11,0.2886765408504539,3.0,0.3278688524590164,0.0,0.0,0,0.0,0.9803921568627451,0.0,0.0388253264211817,1.0,Katashi,1e-06,0.9803921568627451,3.0
2008-02-12,0.28807134894091424,2.0,0.48780487804878053,0.0,0.0,0,0.0,0.6589521054329958,0.0,0.03766056662854625,0.0025266376692131276,Katashi,1e-06,0.9803921568627451,3.0
2008-02-13,0.28420637333680815,2.0,0.48780487804878053,2.9121327567332417e-10,0.9999999997077867,1,8.509637877435524e-20,0.6589521054329958,0.3333333333333333,0.036530749629689864,0.6506810636407454,Katashi,1e-06,0.9803921568627451,3.0
2008-02-14,0.2997488019227149,2.0,0.48780487804878053,0.0,0.0,0,0.0,0.6589521054329958,0.0,0.035434827140799166,1.0,Katashi,1e-06,0.9803921568627451,3.0
2008-02-15,0.28196441239919506,2.0,0.48780487804878053,2.25602869693281e-10,0.9999999997733972,1,5.112225269860538e-20,0.6589521054329958,0.3333333333333333,0.03437178232657519,0.6506810636407454,Katashi,1e-06,0.9803921568627451,3.0
2008-02-19,0.28747991139295487,2.0,0.48780487804878053,8.984601950899188e-11,0.999999999909154,1,8.162151253941348e-21,0.6589521054329958,0.3333333333333333,0.03334062885677793,1.0,Katashi,1e-06,0.9803921568627451,3.0
2008-02-20,0.2932429888951628,2.0,0.48780487804878053,7.853062644297623e-11,0.9999999999204694,1,6.245588178985033e-21,0.6589521054329958,0.3333333333333333,0.03234040999107459,1.0,Katashi,1e-06,0.9803921568627451,3.0
2008-02-21,0.28032764337112165,2.0,0.48780487804878053,7.256550915442435e-11,0.9999999999264345,1,5.338317022917705e-21,0.6589521054329958,0.3333333333333333,0.031370197691342354,1.0,Katashi,1e-06,0.9803921568627451,3.0
2008-02-22,0.2974655779003606,1.0,0.9523809523809523,6.691147635731577e-11,0.9999999999320885,1,4.544055664630253e-21,0.33751205400260365,0.3333333333333333,0.030429091760602083,0.21210217620038418,Katashi,1e-06,0.9803921568627451,3.0
2008-02-25,0.28346363781146394,2.0,0.48780487804878053,8.491296554411091e-11,0.9999999999140871,1,7.295122804931949e-21,0.6589521054329958,0.3333333333333333,0.02951621900778402,0.07035169117935991,Katashi,1e-06,0.9803921568627451,3.0
2008-02-26,0.29470095122269035,1.0,0.9523809523809523,0.6104883282388126,0.7867007162251157,3,0.13021672316626517,0.33751205400260365,1.0,0.0286307324375505,0.4204437874786917,Katashi,1e-06,0.9803921568627451,3.0
2008-02-27,0.2848528283310892,1.0,0.9523809523809523,9.724976379260966e-11,0.9999999999017503,1,9.554764170648254e-21,0.33751205400260365,0.3333333333333333,0.027771810464423983,0.47253226308180996,Katashi,1e-06,0.9803921568627451,3.0
2008-02-28,0.24944910162301467,1.0,0.9523809523809523,0.6559987051781466,0.6354365940067516,2,0.23915312228690594,0.33751205400260365,0.6666666666666666,0.026938656150491264,0.16298323507169887,Katashi,1e-06,0.9803921568627451,3.0
2008-02-29,0.2676048589092068,2.0,0.48780487804878053,6.54665210908632e-11,0.9999999999335335,1,4.351330456743819e-21,0.6589521054329958,0.3333333333333333,0.026130496465976524,0.6373737430665436,Katashi,1e-06,0.9803921568627451,3.0
2008-03-03,0.27041074867161835,2.0,0.48780487804878053,0.535784965090516,0.7728701632788041,2,0.12169275163868054,0.6589521054329958,0.6666666666666666,0.025346581571997227,0.39771755541098,Katashi,1e-06,0.9803921568627451,3.0
2008-03-04,0.2713047821743474,1.0,0.9523809523809523,1.11312070671212e-11,0.9999999999878688,1,1.3503473159761627e-22,0.33751205400260365,0.3333333333333333,0.02458618412483731,0.13637157170647263,Katashi,1e-06,0.9803921568627451,3.0
2008-03-05,0.26384991819774434,1.0,0.9523809523809523,8.88189521925539e-12,0.9999999999901181,1,8.776976142271617e-23,0.33751205400260365,0.3333333333333333,0.023848598601092192,1.0,Katashi,1e-06,0.9803921568627451,3.0
2008-03-06,0.2735329887503801,1.0,0.9523809523809523,7.093325926600337e-12,0.9999999999919067,1,5.740844171123876e-23,0.33751205400260365,0.3333333333333333,0.023133140643059425,1.0,Katashi,1e-06,0.9803921568627451,3.0
2008-03-07,0.23458063675454988,0.0,20.0,0.5157101139042126,0.8274921818699521,3,0.08896402653721419,0.016072002571568628,1.0,0.022439146423767643,0.04713199641539889,Katashi,1e-06,0.9803921568627451,3.0
2008-03-10,0.2529427094644486,0.5,1.8181818181818181,0.5713290784032181,0.7416451692728478,2,0.14760562734036325,0.1767920282871665,0.6666666666666666,0.021765972031054612,0.7319784123212508,Katashi,1e-06,0.9803921568627451,3.0
2008-03-11,0.27189621972230665,1.0,0.9523809523809523,1.1115441900171713e-11,0.9999999999878846,1,1.3466824464438013e-22,0.33751205400260365,0.3333333333333333,0.021112992870122974,0.9467405369236291,Katashi,1e-06,0.9803921568627451,3.0
2008-03-12,0.2787734005125309,1.0,0.9523809523809523,0.0,0.0,0,0.0,0.33751205400260365,0.0,0.020479603084019284,1.0,Katashi,1e-06,0.9803921568627451,3.0
2008-03-13,0.27977746890790367,1.0,0.9523809523809523,1.0983871017974711,0.34304804840697506,3,0.7215875501304552,0.33751205400260365,1.0,0.019865214991498705,0.025377956415576386,Katashi,1e-06,0.9803921568627451,3.0
2008-03-14,0.3066672457976806,1.0,0.9523809523809523,0.42414884396032176,0.8491684174606107,2,0.06397504136678783,0.33751205400260365,0.6666666666666666,0.019269258541753743,0.6512605787045048,Katashi,1e-06,0.9803921568627451,3.0
2008-03-17,0.2939169526126048,1.0,0.9523809523809523,0.6610083358730933,0.6260813994500558,2,0.2471633119015145,0.33751205400260365,0.6666666666666666,0.01869118078550113,0.40543766223985434,Katashi,1e-06,0.9803921568627451,3.0
2008-03-18,0.27944736422997296,2.0,0.48780487804878053,1.36553307847894,0.3074321849944234,4,0.945724260479998,0.6589521054329958,1.3333333333333333,0.018130445361936098,0.015129555206589873,Katashi,1e-06,0.9803921568627451,3.0
2008-03-19,0.27929606625258796,1.0,0.9523809523809523,7.000716670575978e-10,0.9999999992989284,1,4.90800395369115e-19,0.33751205400260365,0.3333333333333333,0.017586532001078015,0.6350059074719188,Katashi,1e-06,0.9803921568627451,3.0
2008-03-20,0.29141365880496317,2.0,0.48780487804878053,0.45663689077190617,0.8295260720457424,2,0.07784468441870615,0.6589521054329958,0.6666666666666666,0.017058936041045674,0.018023520523821723,Katashi,1e-06,0.9803921568627451,3.0
2008-03-24,0.272363868016042,2.0,0.48780487804878053,1.2746248501022519e-11,0.9999999999862538,1,1.7521281738309726e-22,0.6589521054329958,0.3333333333333333,0.016547167959814302,0.6961691853001116,Katashi,1e-06,0.9803921568627451,3.0
2008-03-25,0.27235011365446155,1.0,0.9523809523809523,0.1702088801202627,0.9592853029407397,2,0.006930002990892455,0.33751205400260365,0.6666666666666666,0.016050752921019873,0.9422362226678145,Katashi,1e-06,0.9803921568627451,3.0
2008-03-26,0.2711259754738016,2.0,0.48780487804878053,0.5665765984417939,0.7461025172765792,2,0.1438523721143699,0.6589521054329958,0.6666666666666666,0.015569230333389276,0.21488608266747633,Katashi,1e-06,0.9803921568627451,3.0
2008-03-27,0.28662714097496705,1.0,0.9523809523809523,0.6078495681366143,0.7035230991472641,2,0.18021335614581735,0.33751205400260365,0.6666666666666666,0.015102153423387598,0.6159782844144178,Katashi,1e-06,0.9803921568627451,3.0
2008-03-28,0.2763251241512112,1.0,0.9523809523809523,0.5216375302006684,0.7841248087361831,2,0.11260860160245437,0.33751205400260365,0.6666666666666666,0.01464908882068597,0.6807310987797388,Katashi,1e-06,0.9803921568627451,3.0
2008-03-31,0.2723776223776224,1.0,0.9523809523809523,0.3519150103768633,0.8874009513043023,2,0.03962529539017139,0.33751205400260365,0.6666666666666666,0.014209616156065391,0.8822739637065028,Katashi,1e-06,0.9803921568627451,3.0
2008-04-01,0.27738420999290564,2.0,0.48780487804878053,0.24787224360857146,0.9322146683529008,2,0.016802102239117586,0.6589521054329958,0.6666666666666666,0.01378332767138343,0.21605258597335086,Katashi,1e-06,0.9803921568627451,3.0
2008-04-02,0.28684721076025427,1.0,0.9523809523809523,0.5084447692450476,0.8463793760985964,3,0.0781076026708294,0.33751205400260365,1.0,0.013369827841241926,0.7411828959078113,Katashi,1e-06,0.9803921568627451,3.0
2008-04-03,0.29007948573165965,1.0,0.9523809523809523,0.399581134767534,0.8629450489297785,2,0.054764572874147946,0.33751205400260365,0.6666666666666666,0.012968733006004667,0.17411944739292617,Katashi,1e-06,0.9803921568627451,3.0
2008-04-04,0.2892267153136719,1.0,0.9523809523809523,0.41937877562457515,0.851911638908834,2,0.06210511555866315,0.33751205400260365,0.6666666666666666,0.012579671015824526,0.8173213601808023,Katashi,1e-06,0.9803921568627451,3.0
2008-04-07,0.2968878947139817,1.5,0.6451612903225806,0.07162208108579843,0.986477804374707,2,0.0009684877915327639,0.49823207971788014,0.6666666666666666,0.01220228088534979,0.42131398371141415,Katashi,1e-06,0.9803921568627451,3.0
2008-04-08,0.28643457991284077,2.0,0.48780487804878053,0.3960014621776783,0.8648819021054506,2,0.05350696433290825,0.6589521054329958,0.6666666666666666,0.011836212458789295,0.2575343404788998,Katashi,1e-06,0.9803921568627451,3.0
2008-04-09,0.2948935122848167,1.0,0.9523809523809523,0.2701334392750198,0.9235013507432094,2,0.020664843223630287,0.33751205400260365,0.6666666666666666,0.011481126085025616,0.44495196946195537,Katashi,1e-06,0.9803921568627451,3.0
2008-04-10,0.2777418233939973,1.0,0.9523809523809523,5.6982196738666835e-12,0.9999999999933018,1,3.8167801071212177e-23,0.33751205400260365,0.3333333333333333,0.011136692302474847,0.4226758961125453,Katashi,1e-06,0.9803921568627451,3.0
2008-04-11,0.2800525561395126,1.0,0.9523809523809523,7.083778008588638e-12,0.9999999999919162,1,5.726353217842605e-23,0.33751205400260365,0.3333333333333333,0.010802591533400602,1.0,Katashi,1e-06,0.9803921568627451,3.0
2008-04-14,0.29222516613820965,1.0,0.9523809523809523,3.9114822491277106e-11,0.9999999999598852,1,1.5690832957596908e-21,0.33751205400260365,0.3333333333333333,0.010478513787398584,1.0,Katashi,1e-06,0.9803921568627451,3.0
2008-04-15,0.29691540343714257,1.0,0.9523809523809523,1.4667822512015476e-11,0.9999999999843322,1,2.298125152803321e-22,0.33751205400260365,0.3333333333333333,0.010164158373776625,1.0,Katashi,1e-06,0.9803921568627451,3.0
2008-04-16,0.29940494288320374,1.0,0.9523809523809523,5.3067328307991795e-11,0.9999999999459327,1,2.8692074881931335e-21,0.33751205400260365,0.3333333333333333,0.009859233622563326,1.0,Katashi,1e-06,0.9803921568627451,3.0
2008-04-17,0.32634973721930244,1.0,0.9523809523809523,0.6089860971978627,0.7022030421588284,2,0.1813542071130915,0.33751205400260365,0.6666666666666666,0.009563456613886426,0.18426076848412642,Katashi,1e-06,0.9803921568627451,3.0
2008-04-18,0.3324429193994411,2.0,0.48780487804878053,0.592444257946751,0.7759689790019324,3,0.13272589199225315,0.6589521054329958,1.0,0.009276552915469832,0.11952012326130523,Katashi,1e-06,0.9803921568627451,3.0
2008-04-21,0.3342309864048995,1.0,0.9523809523809523,8.02258259820364e-12,0.9999999999909774,1,7.238423667019915e-23,0.33751205400260365,0.3333333333333333,0.008998256328005737,0.14681233538361504,Katashi,1e-06,0.9803921568627451,3.0
2008-04-22,0.32844040017953063,1.0,0.9523809523809523,1.37247990749132e-11,0.9999999999852752,1,2.0209460510696863e-22,0.33751205400260365,0.3333333333333333,0.008728308638165564,1.0,Katashi,1e-06,0.9803921568627451,3.0
2008-04-23,0.32958201219070776,1.0,0.9523809523809523,6.0946803159575926e-12,0.9999999999929053,1,4.323967364501669e-23,0.33751205400260365,0.3333333333333333,0.008466459379020597,1.0,Katashi,1e-06,0.9803921568627451,3.0
2008-04-24,0.31124744820397,1.0,0.9523809523809523,3.900102463194207e-12,0.9999999999950999,1,1.9110815409677465e-23,0.33751205400260365,0.3333333333333333,0.008212465597649979,1.0,Katashi,1e-06,0.9803921568627451,3.0
2008-04-25,0.3142596533900882,1.0,0.9523809523809523,3.4433567108655514e-12,0.9999999999955567,1,1.5299985976187213e-23,0.33751205400260365,0.3333333333333333,0.007966091629720479,1.0,Katashi,1e-06,0.9803921568627451,3.0
2008-04-28,0.2694290522380716,1.0,0.9523809523809523,4.027667088723004e-12,0.9999999999949724,1,2.0249680167430256e-23,0.33751205400260365,0.3333333333333333,0.007727108880828864,1.0,Katashi,1e-06,0.9803921568627451,3.0
2008-04-29,0.2573307839712491,2.0,0.48780487804878053,0.12178072774195206,0.9736597467319924,2,0.003207735211885296,0.6589521054329958,0.6666666666666666,0.007495295614403997,0.005086826491940033,Katashi,1e-06,0.9803921568627451,3.0
2008-04-30,0.24742759701495531,1.0,0.9523809523809523,4.670375197675069e-12,0.9999999999943296,1,2.6482676368073275e-23,0.33751205400260365,0.3333333333333333,0.007270436745971877,0.019554088383054835,Katashi,1e-06,0.9803921568627451,3.0
2008-05-01,0.24848668674151403,1.0,0.9523809523809523,3.809619286687696e-12,0.9999999999951904,1,1.8322734120901094e-23,0.33751205400260365,0.3333333333333333,0.007052323643592721,1.0,Katashi,1e-06,0.9803921568627451,3.0
2008-05-02,0.24400914672688698,1.0,0.9523809523809523,0.3483319513848443,0.8891292667675453,2,0.03861981885832944,0.33751205400260365,0.6666666666666666,0.006840753934284939,0.18379045819112938,Katashi,1e-06,0.9803921568627451,3.0
2008-05-05,0.23748309258582062,1.0,0.9523809523809523,0.3881568516878413,0.8690667932113708,2,0.0508226213284674,0.33751205400260365,0.6666666666666666,0.006635531316256391,0.8496773201146097,Katashi,1e-06,0.9803921568627451,3.0
2008-05-06,0.25138236251332646,1.0,0.9523809523809523,5.863087793022401e-12,0.9999999999931369,1,4.0238756560258633e-23,0.33751205400260365,0.3333333333333333,0.006436465376768699,0.45251235341457385,Katashi,1e-06,0.9803921568627451,3.0
2008-05-07,0.2645532262369766,1.0,0.9523809523809523,4.293676525421819e-12,0.9999999999947063,1,2.272923964692783e-23,0.33751205400260365,0.3333333333333333,0.006243371415465638,1.0,Katashi,1e-06,0.9803921568627451,3.0
2008-05-08,0.250124294900264,1.0,0.9523809523809523,3.180344876332986e-12,0.9999999999958197,1,1.3294868054077415e-23,0.33751205400260365,0.3333333333333333,0.006056070273001668,1.0,Katashi,1e-06,0.9803921568627451,3.0
2008-05-09,0.24863184760474724,2.0,0.48780487804878053,0.1322506641020703,0.9707142119590828,2,0.0038730649171637667,0.6589521054329958,0.6666666666666666,0.005874388164811618,0.005098350546886343,Katashi,1e-06,0.9803921568627451,3.0
2008-05-12,0.256060648027688,1.0,0.9523809523809523,8.374190230099192e-12,0.9999999999906258,1,7.85010669888592e-23,0.33751205400260365,0.3333333333333333,0.005698156519867269,0.01959915840751636,Katashi,1e-06,0.9803921568627451,3.0
2008-05-13,0.2510768774337833,0.5,1.8181818181818181,0.6583344944968084,0.6311617258316153,2,0.2428189587757187,0.1767920282871665,0.6666666666666666,0.005527211824271251,0.20887205150281107,Katashi,1e-06,0.9803921568627451,3.0
2008-05-14,0.22664539704989906,1.0,0.9523809523809523,0.5767169922695268,0.7364699079116614,2,0.15198228208169803,0.33751205400260365,0.6666666666666666,0.005361395469543113,0.9533081155692223,Katashi,1e-06,0.9803921568627451,3.0
2008-05-15,0.2583435884549527,1.0,0.9523809523809523,6.254330386897545e-12,0.9999999999927457,1,4.5370840618982606e-23,0.33751205400260365,0.3333333333333333,0.005200553605456819,0.6087550862564199,Katashi,1e-06,0.9803921568627451,3.0
2008-05-16,0.23170646661983718,2.0,0.48780487804878053,5.455080831475373e-12,0.9999999999935449,1,3.5212867033744947e-23,0.6589521054329958,0.3333333333333333,0.005044536997293115,0.07035169117935991,Katashi,1e-06,0.9803921568627451,3.0
2008-05-19,0.23264194579592717,1.0,0.9523809523809523,5.118128143503756e-12,0.9999999999938819,1,3.131325061512385e-23,0.33751205400260365,0.3333333333333333,0.004893200887374321,0.21210217620038418,Katashi,1e-06,0.9803921568627451,3.0
2008-05-20,0.21737377308068107,1.0,0.9523809523809523,6.499689675337894e-12,0.9999999999925003,1,4.8745511766895577e-23,0.33751205400260365,0.3333333333333333,0.004746404860753091,1.0,Katashi,1e-06,0.9803921568627451,3.0
2008-05-21,0.2580547973649985,1.0,0.9523809523809523,4.195865876952856e-12,0.9999999999948042,1,2.1801063514614154e-23,0.33751205400260365,0.3333333333333333,0.004604012714930499,1.0,Katashi,1e-06,0.9803921568627451,3.0
2008-05-22,0.253804447120464,1.0,0.9523809523809523,0.12354346456106488,0.9731701623114148,2,0.0033146511016588433,0.33751205400260365,0.6666666666666666,0.0044658923334825835,0.17899717719853137,Katashi,1e-06,0.9803921568627451,3.0
2008-05-23,0.2634189362235455,1.0,0.9523809523809523,0.20430821089653292,0.9480187120035736,2,0.010620203950647306,0.33751205400260365,0.6666666666666666,0.004331915563478106,0.9682426437408586,Katashi,1e-06,0.9803921568627451,3.0
2008-05-27,0.26852839212829605,0.5,1.8181818181818181,0.08797560194286164,0.9825415907941718,2,0.0015359140588475325,0.1767920282871665,0.6666666666666666,0.0042019580965737624,0.7417877198589371,Katashi,1e-06,0.9803921568627451,3.0
2008-05-28,0.27192113627021247,1.0,0.9523809523809523,4.550360088713764e-12,0.9999999999944497,1,2.5256036363948374e-23,0.33751205400260365,0.3333333333333333,0.00407589935367655,0.9287835343298281,Katashi,1e-06,0.9803921568627451,3.0
2008-05-29,0.2600674687631209,0.5,1.8181818181818181,0.1955103180226626,0.9510168223103543,2,0.009576716647863215,0.1767920282871665,0.6666666666666666,0.003953622373066254,0.3841452490496762,Katashi,1e-06,0.9803921568627451,3.0
2008-05-30,0.2716761499370195,1.0,0.9523809523809523,0.6560555373429643,0.7912473618634565,3,0.13695332418443146,0.33751205400260365,1.0,0.0038350137018742657,0.09359849673705334,Katashi,1e-06,0.9803921568627451,3.0
2008-06-02,0.2806577480490524,0.0,20.0,0.6965876891736709,0.7606425081381571,3,0.16673348214244685,0.016072002571568628,1.0,0.003719963290818038,0.20533367792188972,Katashi,1e-06,0.9803921568627451,3.0
2008-06-03,0.27545859937164285,2.0,0.48780487804878053,6.410816322032368e-11,0.9999999999348919,1,4.173963336656989e-21,0.6589521054329958,0.3333333333333333,0.0036083643920934967,0.7276005578929724,Katashi,1e-06,0.9803921568627451,3.0
2008-06-04,0.27284527067135766,1.0,0.9523809523809523,0.6723742241460806,0.601559623969092,2,0.26790103870225435,0.33751205400260365,0.6666666666666666,0.0035001134603306915,0.49347522162368174,Katashi,1e-06,0.9803921568627451,3.0
2008-06-05,0.2813454661280749,1.0,0.9523809523809523,0.49748148859019703,0.8020970696881311,2,0.09845304436791057,0.33751205400260365,0.6666666666666666,0.0033951100565207705,0.7174515536503223,Katashi,1e-06,0.9803921568627451,3.0
2008-06-06,0.27371179545092583,1.0,0.9523809523809523,4.031697198229228e-11,0.999999999958683,1,1.6657743099568547e-21,0.33751205400260365,0.3333333333333333,0.0032932567548251473,0.5256373197825155,Katashi,1e-06,0.9803921568627451,3.0
2008-06-09,0.24746847355543006,1.0,0.9523809523809523,1.6840639993472968e-11,0.9999999999821594,1,3.0044742284198124e-22,0.33751205400260365,0.3333333333333333,0.003194459052180393,1.0,Katashi,1e-06,0.9803921568627451,3.0
2008-06-10,0.2313758705063053,2.0,0.48780487804878053,7.69472263653805e-11,0.9999999999220528,1,5.9978211697192015e-21,0.6589521054329958,0.3333333333333333,0.003098625280614981,0.07035169117935991,Katashi,1e-06,0.9803921568627451,3.0
2008-06-11,0.2480324023802285,2.0,0.48780487804878053,0.0,0.0,0,0.0,0.6589521054329958,0.0,0.003005666522196532,1.0,Katashi,1e-06,0.9803921568627451,3.0
2008-06-12,0.22883131361392237,3.0,0.3278688524590164,0.0,0.0,0,0.0,0.9803921568627451,0.0,0.002915496526530636,0.0011422864142766054,Katashi,1e-06,0.9803921568627451,3.0
2008-06-13,0.23372786633656198,3.0,0.3278688524590164,0.0,0.0,0,0.0,0.9803921568627451,0.0,0.002828031630734717,1.0,Katashi,1e-06,0.9803921568627451,3.0
2008-06-16,0.24284700806439938,3.0,0.3278688524590164,6.263309868778809e-10,0.999999999372669,1,3.929168223780235e-19,0.9803921568627451,0.3333333333333333,0.0027431906818126753,0.7567764513450342,Katashi,1e-06,0.9803921568627451,3.0
2008-06-17,0.19701747527834487,2.0,0.48780487804878053,0.0,0.0,0,0.0,0.6589521054329958,0.0,0.002660894961358295,0.20761915422298483,Katashi,1e-06,0.9803921568627451,3.0
2008-06-18,0.1931249909510779,0.5,1.8181818181818181,3.787459235051733e-11,0.9999999999611254,1,1.472358500245851e-21,0.1767920282871665,0.3333333333333333,0.0025810681125175462,0.9040857283684302,Katashi,1e-06,0.9803921568627451,3.0
2008-06-19,0.18683924770881294,0.5,1.8181818181818181,0.0,0.0,0,0.0,0.1767920282871665,0.0,0.00250363606914202,1.0,Katashi,1e-06,0.9803921568627451,3.0
2008-06-20,0.19553200422765643,1.0,0.9523809523809523,0.0,0.0,0,0.0,0.33751205400260365,0.0,0.002428526987067759,0.10438233864851953,Katashi,1e-06,0.9803921568627451,3.0
2008-06-23,0.19236850106415326,0.0,20.0,0.0,0.0,0,0.0,0.016072002571568628,0.0,0.002355671177455726,0.04454828199104843,Katashi,1e-06,0.9803921568627451,3.0
2008-06-24,0.19602716124455258,1.0,0.9523809523809523,0.0,0.0,0,0.0,0.33751205400260365,0.0,0.0022850010421320544,0.8754567263805877,Katashi,1e-06,0.9803921568627451,3.0
2008-06-25,0.1987917879222227,2.0,0.48780487804878053,0.0,0.0,0,0.0,0.6589521054329958,0.0,0.002216451010868093,0.00785010222540583,Katashi,1e-06,0.9803921568627451,3.0
2008-06-26,0.2082410343279909,0.0,20.0,0.0,0.0,0,0.0,0.016072002571568628,0.0,0.00214995748054205,0.1395075324690992,Katashi,1e-06,0.9803921568627451,3.0
2008-06-27,0.20411472585385632,1.0,0.9523809523809523,0.0,0.0,0,0.0,0.33751205400260365,0.0,0.0020854587561257884,0.8754567263805877,Katashi,1e-06,0.9803921568627451,3.0
2008-06-30,0.21693379084683434,1.5,0.6451612903225806,0.0,0.0,0,0.0,0.49823207971788014,0.0,0.0020228949934420148,0.016823305030831626,Katashi,1e-06,0.9803921568627451,3.0
2008-07-01,0.20320693798954673,1.5,0.6451612903225806,0.6462360782305152,0.6519421447384687,2,0.2249275433815363,0.49823207971788014,0.6666666666666666,0.001962208143638754,0.21369680886932052,Katashi,1e-06,0.9803921568627451,3.0
2008-07-02,0.19833789399006796,1.0,0.9523809523809523,2.452815728271824e-11,0.9999999999744719,1,6.261581143714317e-22,0.33751205400260365,0.3333333333333333,0.0019033418993295915,0.4588515156483187,Katashi,1e-06,0.9803921568627451,3.0
2008-07-03,0.19403277881538752,1.0,0.9523809523809523,5.071187913907164e-11,0.9999999999482881,1,2.6224054431886633e-21,0.33751205400260365,0.3333333333333333,0.0018462416423497038,1.0,Katashi,1e-06,0.9803921568627451,3.0
2008-07-07,0.18844850801372542,2.0,0.48780487804878053,2.239031182655233e-11,0.9999999999766097,1,5.237158802107035e-22,0.6589521054329958,0.3333333333333333,0.0017908543930792126,0.07035169117935991,Katashi,1e-06,0.9803921568627451,3.0
2008-07-08,0.21991848730979166,1.0,0.9523809523809523,0.6743494826955,0.5966426790308673,2,0.2720038007369774,0.33751205400260365,0.6666666666666666,0.0017371287612868362,0.4864523934339613,Katashi,1e-06,0.9803921568627451,3.0
2008-07-09,0.2382530512965296,1.0,0.9523809523809523,0.9346314668594324,0.5179522466518491,3,0.45053699880807613,0.33751205400260365,1.0,0.001685014898448231,0.0490134576849488,Katashi,1e-06,0.9803921568627451,3.0
2008-07-10,0.24393360262925481,2.0,0.48780487804878053,7.19649895204486e-11,0.999999999927035,1,5.2509231144008986e-21,0.6589521054329958,0.3333333333333333,0.001634464451494784,0.8717770345570615,Katashi,1e-06,0.9803921568627451,3.0
2008-07-11,0.25737161389335306,1.0,0.9523809523809523,0.5646962213686978,0.7478395473850742,2,0.14239405477026917,0.33751205400260365,0.6666666666666666,0.0015854305179499404,0.7467768276964815,Katashi,1e-06,0.9803921568627451,3.0
2008-07-14,0.24766103461755634,1.0,0.9523809523809523,2.1113888415169828e-11,0.9999999999778861,1,4.669097053530343e-22,0.33751205400260365,0.3333333333333333,0.0015378676024114422,0.5948810766182973,Katashi,1e-06,0.9803921568627451,3.0
2008-07-15,0.26475770606205395,2.0,0.48780487804878053,2.7194468898586397e-11,0.9999999999718056,1,7.667330059971346e-22,0.6589521054329958,0.3333333333333333,0.001491731574339099,0.07035169117935991,Katashi,1e-06,0.9803921568627451,3.0
2008-07-16,0.24294328859546255,1.0,0.9523809523809523,0.626296073009543,0.6807589306572693,2,0.19993942807271944,0.33751205400260365,0.6666666666666666,0.001446979627108926,0.6233703478929185,Katashi,1e-06,0.9803921568627451,3.0
2008-07-17,0.2132888850280155,2.0,0.48780487804878053,1.330363596973132e-10,0.9999999998659637,1,1.783170641941208e-20,0.6589521054329958,0.3333333333333333,0.0014035702382956582,0.6046224954240346,Katashi,1e-06,0.9803921568627451,3.0
2008-07-18,0.20954769867813347,2.0,0.48780487804878053,0.0,0.0,0,0.0,0.6589521054329958,0.0,0.0013614631311467883,1.0,Katashi,1e-06,0.9803921568627451,3.0
2008-07-21,0.1977464564421086,1.0,0.9523809523809523,3.188826980195328e-11,0.9999999999671118,1,1.0487493153579688e-21,0.33751205400260365,0.3333333333333333,0.0013206192372123846,0.7273543250079607,Katashi,1e-06,0.9803921568627451,3.0
2008-07-22,0.19534625818876675,2.0,0.48780487804878053,5.452527318518751e-12,0.9999999999935475,1,3.5182460858539524e-23,0.6589521054329958,0.3333333333333333,0.001281000660096013,0.07035169117935991,Katashi,1e-06,0.9803921568627451,3.0
2008-07-23,0.1891492598122854,2.0,0.48780487804878053,1.0324630039740482e-11,0.9999999999886754,1,1.1692238709933283e-22,0.6589521054329958,0.3333333333333333,0.0012425706402931327,1.0,Katashi,1e-06,0.9803921568627451,3.0
2008-07-24,0.18061443564760182,2.0,0.48780487804878053,4.894051830337224e-11,0.9999999999500595,1,2.4441137675186425e-21,0.6589521054329958,0.3333333333333333,0.0012052935210843387,1.0,Katashi,1e-06,0.9803921568627451,3.0
2008-07-25,0.1761581390414638,2.0,0.48780487804878053,0.0,0.0,0,0.0,0.6589521054329958,0.0,0.0011691347154518085,1.0,Katashi,1e-06,0.9803921568627451,3.0
2008-07-28,0.16981706756373757,2.0,0.48780487804878053,0.0,0.0,0,0.0,0.6589521054329958,0.0,0.0011340606739882542,1.0,Katashi,1e-06,0.9803921568627451,3.0
2008-07-29,0.1735791593389194,2.0,0.48780487804878053,6.531497564801194e-11,0.999999999933685,1,4.3313595748123776e-21,0.6589521054329958,0.3333333333333333,0.0011000388537686066,0.6506810636407454,Katashi,1e-06,0.9803921568627451,3.0
2008-07-30,0.18683924770881297,1.0,0.9523809523809523,9.381162513028237e-11,0.9999999999051884,1,8.894430559861993e-21,0.33751205400260365,0.3333333333333333,0.0010670376881555485,0.21210217620038418,Katashi,1e-06,0.9803921568627451,3.0
2008-07-31,0.1874719483415136,1.0,0.9523809523809523,9.938316835651747e-11,0.9999999998996169,1,9.97639512291046e-21,0.33751205400260365,0.3333333333333333,0.001035026557510882,1.0,Katashi,1e-06,0.9803921568627451,3.0
2008-08-01,0.17968697968697972,1.0,0.9523809523809523,6.051725785322291e-10,0.9999999993938274,1,3.668390091096044e-19,0.33751205400260365,0.3333333333333333,0.0010039757607855555,1.0,Katashi,1e-06,0.9803921568627451,3.0
2008-08-04,0.19210716819412474,1.0,0.9523809523809523,6.886446967979933e-11,0.9999999999301356,1,4.8111781307273076e-21,0.33751205400260365,0.3333333333333333,0.0009738564879619888,1.0,Katashi,1e-06,0.9803921568627451,3.0
2008-08-05,0.1958070914592654,2.5,0.3921568627450981,0.0,0.0,0,0.0,0.8196721311479507,0.0,0.0009446407933231291,0.11268977579168471,Katashi,1e-06,0.9803921568627451,3.0
2008-08-06,0.19964455834021053,2.0,0.48780487804878053,0.0,0.0,0,0.0,0.6589521054329958,0.0,0.0009163015695234353,0.0029401858026766314,Katashi,1e-06,0.9803921568627451,3.0
2008-08-07,0.1831943418899941,3.0,0.3278688524590164,2.656858066529491e-10,0.9999999997333142,1,7.085462779550197e-20,0.9803921568627451,0.3333333333333333,0.0008888125224377322,0.08261087418779689,Katashi,1e-06,0.9803921568627451,3.0
2008-08-08,0.18071855680551335,2.0,0.48780487804878053,0.6045363334031948,0.8161221066863582,3,0.11116086741773283,0.6589521054329958,1.0,0.0008621481467646002,0.6952042680739572,Katashi,1e-06,0.9803921568627451,3.0
2008-08-11,0.18154381850034026,3.0,0.3278688524590164,2.7418955994159248e-11,0.9999999999715811,1,7.792174972603886e-22,0.9803921568627451,0.3333333333333333,0.0008362837023616622,0.6906122257889664,Katashi,1e-06,0.9803921568627451,3.0
2008-08-12,0.1584639997683476,3.0,0.3278688524590164,2.150678523926422e-10,0.9999999997839322,1,4.646924423252529e-20,0.9803921568627451,0.3333333333333333,0.0008111951912908123,1.0,Katashi,1e-06,0.9803921568627451,3.0
2008-08-13,0.1632780263215046,2.5,0.3921568627450981,1.7596479828624006e-11,0.9999999999814035,1,3.272321929264275e-22,0.8196721311479507,0.3333333333333333,0.000786859335552088,0.04335730215130995,Katashi,1e-06,0.9803921568627451,3.0
2008-08-14,0.1592479983784332,3.0,0.3278688524590164,1.8676726831563607e-11,0.9999999999803233,1,3.674964388146941e-22,0.9803921568627451,0.3333333333333333,0.0007632535554855253,0.030893249696701375,Katashi,1e-06,0.9803921568627451,3.0
2008-08-15,0.1667991428860994,2.0,0.48780487804878053,1.1168732605353072e-11,0.9999999999878313,1,1.3590907354447445e-22,0.6589521054329958,0.3333333333333333,0.0007403559488209595,0.06536358420799226,Katashi,1e-06,0.9803921568627451,3.0
2008-08-18,0.1700864353038266,1.0,0.9523809523809523,7.859712880492585e-12,0.9999999999911403,1,6.96346255742096e-23,0.33751205400260365,0.3333333333333333,0.0007181452703563306,0.21210217620038418,Katashi,1e-06,0.9803921568627451,3.0
2008-08-19,0.18086985478289824,2.0,0.48780487804878053,6.7454930529880295e-12,0.9999999999922545,1,5.224702035918737e-23,0.6589521054329958,0.3333333333333333,0.0006966009122456407,0.07035169117935991,Katashi,1e-06,0.9803921568627451,3.0
2008-08-20,0.18965889183280488,2.0,0.48780487804878053,5.104583422603411e-12,0.9999999999938954,1,3.116124241884772e-23,0.6589521054329958,0.3333333333333333,0.0006757028848782715,1.0,Katashi,1e-06,0.9803921568627451,3.0
2008-08-21,0.20315192054322492,2.0,0.48780487804878053,7.791767231386126e-12,0.9999999999912083,1,6.850323145249204e-23,0.6589521054329958,0.3333333333333333,0.0006554317983319233,1.0,Katashi,1e-06,0.9803921568627451,3.0
2008-08-22,0.2063704411530499,2.0,0.48780487804878053,5.213496301318469e-12,0.9999999999937865,1,3.2393924653771823e-23,0.6589521054329958,0.3333333333333333,0.0006357688443819656,1.0,Katashi,1e-06,0.9803921568627451,3.0
2008-08-25,0.20643921296095216,2.0,0.48780487804878053,4.069633519053623e-12,0.9999999999949304,1,2.0631460471214954e-23,0.6589521054329958,0.3333333333333333,0.0006166957790505066,1.0,Katashi,1e-06,0.9803921568627451,3.0
2008-08-26,0.21046924090402355,1.0,0.9523809523809523,5.282663195752184e-12,0.9999999999937174,1,3.3189076774011765e-23,0.33751205400260365,0.3333333333333333,0.0005981949056789914,0.21210217620038418,Katashi,1e-06,0.9803921568627451,3.0
2008-08-27,0.2256678104504192,2.0,0.48780487804878053,3.316569241453914e-12,0.9999999999956835,1,1.431612740662482e-23,0.6589521054329958,0.3333333333333333,0.0005802490585086216,0.07035169117935991,Katashi,1e-06,0.9803921568627451,3.0
2008-08-28,0.23353530527443575,1.0,0.9523809523809523,6.952216580171612e-12,0.9999999999920478,1,5.52853781630116e-23,0.33751205400260365,0.3333333333333333,0.0005628415867533629,0.21210217620038418,Katashi,1e-06,0.9803921568627451,3.0
2008-08-29,0.2210600993209689,1.0,0.9523809523809523,3.958167127381816e-12,0.9999999999950419,1,1.9625166574249123e-23,0.33751205400260365,0.3333333333333333,0.0005459563391507621,1.0,Katashi,1e-06,0.9803921568627451,3.0
2008-09-02,0.21804789413485068,0.5,1.8181818181818181,8.594236433577813e-12,0.9999999999904058,1,8.24549461909123e-23,0.1767920282871665,0.3333333333333333,0.0005295776489762392,0.5692820833216485,Katashi,1e-06,0.9803921568627451,3.0
2008-09-03,0.21454053193183634,0.0,20.0,8.131273432313455e-12,0.9999999999908687,1,7.424870118593994e-23,0.016072002571568628,0.3333333333333333,0.0005136903195069521,0.035663278749723415,Katashi,1e-06,0.9803921568627451,3.0
2008-09-04,0.2259979151283499,1.0,0.9523809523809523,1.2186029962804208e-11,0.999999999986814,1,1.606850866422752e-22,0.33751205400260365,0.3333333333333333,0.0004982796099217434,0.8988867083203133,Katashi,1e-06,0.9803921568627451,3.0
2008-09-05,0.233452779104953,1.0,0.9523809523809523,3.420130845137858e-11,0.9999999999647987,1,1.203930051667118e-21,0.33751205400260365,0.3333333333333333,0.00048333122162409113,1.0,Katashi,1e-06,0.9803921568627451,3.0
2008-09-08,0.2591596808988113,0.0,20.0,3.804978554379635e-11,0.9999999999609502,1,1.485835123774975e-21,0.016072002571568628,0.3333333333333333,0.0004688312849753684,0.06568554240211066,Katashi,1e-06,0.9803921568627451,3.0
2008-09-09,0.2855543007716921,1.0,0.9523809523809523,6.886002878770115e-11,0.99999999993014,1,4.8105620702964464e-21,0.33751205400260365,0.3333333333333333,0.0004547663464261073,0.8988867083203133,Katashi,1e-06,0.9803921568627451,3.0
2008-09-10,0.28541675715588766,2.0,0.48780487804878053,1.1123102439041534e-11,0.9999999999878769,1,1.3484626424710603e-22,0.6589521054329958,0.3333333333333333,0.0004411233560333241,0.07035169117935991,Katashi,1e-06,0.9803921568627451,3.0
2008-09-11,0.28284469154034375,1.0,0.9523809523809523,6.8055561186197836e-12,0.9999999999921945,1,5.312099965189915e-23,0.33751205400260365,0.3333333333333333,0.00042788965535232436,0.21210217620038418,Katashi,1e-06,0.9803921568627451,3.0
2008-09-12,0.2963514746123443,3.0,0.3278688524590164,2.1954660311699514e-11,0.9999999999770454,1,5.039612840447357e-22,0.9803921568627451,0.3333333333333333,0.0004150529656917546,0.03275530136970073,Katashi,1e-06,0.9803921568627451,3.0
2008-09-15,0.3144247057290536,3.0,0.3278688524590164,1.7236534420479968e-10,0.9999999998266347,1,2.988217341661615e-20,0.9803921568627451,0.3333333333333333,0.00040260137672100193,1.0,Katashi,1e-06,0.9803921568627451,3.0
2008-09-16,0.2915236936976067,2.0,0.48780487804878053,0.0,0.0,0,0.0,0.6589521054329958,0.0,0.00039052333541937184,0.20761915422298483,Katashi,1e-06,0.9803921568627451,3.0
2008-09-17,0.3074649987693467,2.5,0.3921568627450981,1.775868341251871e-11,0.9999999999812413,1,3.331291271090774e-22,0.8196721311479507,0.3333333333333333,0.00037880763535679066,0.23632422274520914,Katashi,1e-06,0.9803921568627451,3.0
2008-09-18,0.29697042088346437,3.0,0.3278688524590164,0.4526192158322262,0.8320509507842528,2,0.07601696695579944,0.9803921568627451,0.6666666666666666,0.00036744340629608696,0.17035390627697344,Katashi,1e-06,0.9803921568627451,3.0
2008-09-19,0.3317001838740969,3.0,0.3278688524590164,5.2395865423969976e-12,0.9999999999937604,1,3.269273776909705e-23,0.9803921568627451,0.3333333333333333,0.00035642010410720434,0.7872434845371301,Katashi,1e-06,0.9803921568627451,3.0
2008-09-22,0.3309299396255918,3.0,0.3278688524590164,9.724221428029817e-12,0.9999999999892758,1,1.0428448869343356e-22,0.9803921568627451,0.3333333333333333,0.00034572750098398817,1.0,Katashi,1e-06,0.9803921568627451,3.0
2008-09-23,0.3320440429136082,2.0,0.48780487804878053,8.638645354562393e-12,0.9999999999903614,1,8.326464781516698e-23,0.6589521054329958,0.3333333333333333,0.0003353556759544685,0.06536358420799226,Katashi,1e-06,0.9803921568627451,3.0
2008-09-24,0.326212193603498,2.0,0.48780487804878053,3.663203074140438e-11,0.999999999962368,1,1.3785368966429888e-21,0.6589521054329958,0.3333333333333333,0.00032529500567583444,1.0,Katashi,1e-06,0.9803921568627451,3.0
2008-09-25,0.33782087477739653,2.0,0.48780487804878053,0.0,0.0,0,0.0,0.6589521054329958,0.0,0.0003155361555055594,1.0,Katashi,1e-06,0.9803921568627451,3.0
2008-09-26,0.32441037223645924,1.0,0.9523809523809523,4.368883033023634e-11,0.9999999999553112,1,1.9524017595259415e-21,0.33751205400260365,0.3333333333333333,0.0003060700708403926,0.7273543250079607,Katashi,1e-06,0.9803921568627451,3.0
2008-09-29,0.3394989068902113,1.0,0.9523809523809523,1.092805845754033e-10,0.9999999998897194,1,1.205152433290724e-20,0.33751205400260365,0.3333333333333333,0.00029688796871518084,1.0,Katashi,1e-06,0.9803921568627451,3.0
2008-09-30,0.34197469197469194,2.0,0.48780487804878053,3.2433611351631074e-11,0.9999999999665664,1,1.0843720391911212e-21,0.6589521054329958,0.3333333333333333,0.0002879813296537254,0.07035169117935991,Katashi,1e-06,0.9803921568627451,3.0
2008-10-01,0.3446705468444599,2.0,0.48780487804878053,4.0781378273473686e-11,0.9999999999582186,1,1.703901290038964e-21,0.6589521054329958,0.3333333333333333,0.00027934188976411363,1.0,Katashi,1e-06,0.9803921568627451,3.0
2008-10-02,0.35761340109166195,2.0,0.48780487804878053,0.0,0.0,0,0.0,0.6589521054329958,0.0,0.0002709616330711902,1.0,Katashi,1e-06,0.9803921568627451,3.0
2008-10-03,0.35416105633496936,1.0,0.9523809523809523,0.0,0.0,0,0.0,0.33751205400260365,0.0,0.0002628327840790545,0.029530414611866895,Katashi,1e-06,0.9803921568627451,3.0
2008-10-06,0.34859053989488775,1.0,0.9523809523809523,0.0,0.0,0,0.0,0.33751205400260365,0.0,0.00025494780055668285,1.0,Katashi,1e-06,0.9803921568627451,3.0
2008-10-07,0.35202913028999994,1.0,0.9523809523809523,0.0,0.0,0,0.0,0.33751205400260365,0.0,0.00024729936653998237,1.0,Katashi,1e-06,0.9803921568627451,3.0
2008-10-08,0.3411081671951237,1.5,0.6451612903225806,2.5498569918901314e-10,0.9999999997440143,1,6.527268685773094e-20,0.49823207971788014,0.3333333333333333,0.0002398803855437829,0.14637997376608014,Katashi,1e-06,0.9803921568627451,3.0
2008-10-09,0.35713199843634624,1.5,0.6451612903225806,0.0,0.0,0,0.0,0.49823207971788014,0.0,0.0002326839739774694,1.0,Katashi,1e-06,0.9803921568627451,3.0
2008-10-10,0.3437765133417307,3.0,0.3278688524590164,3.718947372204754e-11,0.9999999999618105,1,1.4202456067768836e-21,0.9803921568627451,0.3333333333333333,0.00022570345475814532,0.026745743433627456,Katashi,1e-06,0.9803921568627451,3.0
2008-10-13,0.35123137731833387,3.0,0.3278688524590164,3.371658507884418e-11,0.9999999999652834,1,1.1705239486092252e-21,0.9803921568627451,0.3333333333333333,0.00021893235111540094,1.0,Katashi,1e-06,0.9803921568627451,3.0
2008-10-14,0.33418972332015817,2.0,0.48780487804878053,1.0015399620243705e-10,0.999999999898846,1,1.0130974736453884e-20,0.6589521054329958,0.3333333333333333,0.00021236438058193892,0.06536358420799226,Katashi,1e-06,0.9803921568627451,3.0
2008-10-15,0.3362391231956449,2.0,0.48780487804878053,9.860634530626494e-11,0.9999999999003937,1,9.821815499111757e-21,0.6589521054329958,0.3333333333333333,0.00020599344916448075,1.0,Katashi,1e-06,0.9803921568627451,3.0
2008-10-16,0.3452894931155801,1.0,0.9523809523809523,0.531882916448703,0.7760332296486494,2,0.11912409900207327,0.33751205400260365,0.6666666666666666,0.0001998136456895463,0.7959907085179816,Katashi,1e-06,0.9803921568627451,3.0
2008-10-17,0.3424010771836859,1.0,0.9523809523809523,0.6531130162532598,0.6405293522491851,2,0.2347749590070478,0.33751205400260365,0.6666666666666666,0.0001938192363188599,0.42522221014228123,Katashi,1e-06,0.9803921568627451,3.0
2008-10-20,0.36395416178024875,1.0,0.9523809523809523,8.443568066586545e-11,0.9999999999145643,1,7.21381798261949e-21,0.33751205400260365,0.3333333333333333,0.0001880046592292941,0.7053997331147163,Katashi,1e-06,0.9803921568627451,3.0
2008-10-21,0.33348825087955525,1.0,0.9523809523809523,4.469813408187746e-11,0.9999999999543019,1,2.04262033573041e-21,0.33751205400260365,0.3333333333333333,0.00018236451945241526,1.0,Katashi,1e-06,0.9803921568627451,3.0
2008-10-22,0.3482879439401179,2.0,0.48780487804878053,3.6049918599306474e-10,0.9999999996385008,1,1.3032015433634836e-19,0.6589521054329958,0.3333333333333333,0.0001768935838688428,0.07035169117935991,Katashi,1e-06,0.9803921568627451,3.0
2008-10-23,0.34623854406463106,2.0,0.48780487804878053,4.004496734127031e-11,0.999999999958955,1,1.643643490874828e-21,0.6589521054329958,0.3333333333333333,0.00017158677635277752,1.0,Katashi,1e-06,0.9803921568627451,3.0
2008-10-24,0.3554264576003707,2.0,0.48780487804878053,1.6489032361580394e-11,0.999999999982511,1,2.8837685581958035e-22,0.6589521054329958,0.3333333333333333,0.00016643917306219418,1.0,Katashi,1e-06,0.9803921568627451,3.0
2008-10-27,0.3448631079065861,2.0,0.48780487804878053,1.2330025889096182e-11,0.99999999998667,1,1.6435929155458577e-22,0.6589521054329958,0.3333333333333333,0.00016144599787032836,1.0,Katashi,1e-06,0.9803921568627451,3.0
2008-10-28,0.3615333941420899,1.5,0.6451612903225806,0.0,0.0,0,0.0,0.49823207971788014,0.0,0.0001566026179342185,0.4569181876391628,Katashi,1e-06,0.9803921568627451,3.0
2008-10-29,0.3534458295327861,3.0,0.3278688524590164,0.0,0.0,0,0.0,0.9803921568627451,0.0,0.00015190453939619195,0.0016249267829516745,Katashi,1e-06,0.9803921568627451,3.0
2008-10-30,0.3417958852741462,2.0,0.48780487804878053,0.0,0.0,0,0.0,0.6589521054329958,0.0,0.0001473474032143062,0.0025266376692131276,Katashi,1e-06,0.9803921568627451,3.0
2008-10-31,0.32314497097105793,1.5,0.6451612903225806,0.0,0.0,0,0.0,0.49823207971788014,0.0,0.000142926981117877,0.008500771377848215,Katashi,1e-06,0.9803921568627451,3.0
2008-11-03,0.32603338690295214,1.0,0.9523809523809523,0.0,0.0,0,0.0,0.33751205400260365,0.0,0.00013863917168434068,0.036274597327573876,Katashi,1e-06,0.9803921568627451,3.0
2008-11-04,0.37476508998248126,1.5,0.6451612903225806,2.201450133054456e-10,0.999999999778855,1,4.8683967031956896e-20,0.49823207971788014,0.3333333333333333,0.00013447999653381045,0.14637997376608014,Katashi,1e-06,0.9803921568627451,3.0
2008-11-05,0.37974416887460366,2.0,0.48780487804878053,7.049283378990197e-11,0.9999999999285072,1,5.0397308902780235e-21,0.6589521054329958,0.3333333333333333,0.00013044559663779614,0.06755834428619123,Katashi,1e-06,0.9803921568627451,3.0
2008-11-06,0.3954929128842172,2.0,0.48780487804878053,0.0,0.0,0,0.0,0.6589521054329958,0.0,0.00012653222873866226,1.0,Katashi,1e-06,0.9803921568627451,3.0
2008-11-07,0.39517656256786693,2.0,0.48780487804878053,0.0,0.0,0,0.0,0.6589521054329958,0.0,0.0001227362618765024,1.0,Katashi,1e-06,0.9803921568627451,3.0
2008-11-10,0.3748201074288031,3.0,0.3278688524590164,0.0,0.0,0,0.0,0.9803921568627451,0.0,0.00011905417402020732,0.0011422864142766054,Katashi,1e-06,0.9803921568627451,3.0
2008-11-11,0.40228756750495887,1.0,0.9523809523809523,0.0,0.0,0,0.0,0.33751205400260365,0.0,0.00011548254879960109,0.02335050674641259,Katashi,1e-06,0.9803921568627451,3.0
2008-11-12,0.4035254600471992,1.5,0.6451612903225806,0.0,0.0,0,0.0,0.49823207971788014,0.0,0.00011201807233561306,0.016823305030831626,Katashi,1e-06,0.9803921568627451,3.0
2008-11-13,0.4288197309936441,1.0,0.9523809523809523,0.0,0.0,0,0.0,0.33751205400260365,0.0,0.00010865753016554466,0.036274597327573876,Katashi,1e-06,0.9803921568627451,3.0
2008-11-14,0.41736234779713055,1.5,0.6451612903225806,0.0,0.0,0,0.0,0.49823207971788014,0.0,0.00010539780426057831,0.016823305030831626,Katashi,1e-06,0.9803921568627451,3.0
2008-11-17,0.4163857881249186,1.5,0.6451612903225806,0.0,0.0,0,0.0,0.49823207971788014,0.0,0.00010223587013276096,1.0,Katashi,1e-06,0.9803921568627451,3.0
2008-11-18,0.42312542529933833,2.0,0.48780487804878053,0.0,0.0,0,0.0,0.6589521054329958,0.0,9.916879402877812e-05,0.004868954614841048,Katashi,1e-06,0.9803921568627451,3.0
2008-11-19,0.3884094166702863,1.5,0.6451612903225806,0.0,0.0,0,0.0,0.49823207971788014,0.0,9.619373020791477e-05,0.008500771377848215,Katashi,1e-06,0.9803921568627451,3.0
2008-11-20,0.3959880699011134,1.0,0.9523809523809523,0.0,0.0,0,0.0,0.33751205400260365,0.0,9.330791830167733e-05,0.036274597327573876,Katashi,1e-06,0.9803921568627451,3.0
2008-11-21,0.3846544759588238,3.0,0.3278688524590164,0.0,0.0,0,0.0,0.9803921568627451,0.0,9.050868075262701e-05,0.0028099432848412986,Katashi,1e-06,0.9803921568627451,3.0
2008-11-24,0.389812361551492,3.0,0.3278688524590164,2.3211643715495714e-10,0.9999999997668836,1,5.411015170615813e-20,0.9803921568627451,0.3333333333333333,8.77934203300482e-05,0.7567764513450342,Katashi,1e-06,0.9803921568627451,3.0
2008-11-25,0.3969508752117448,2.0,0.48780487804878053,0.6310193563586891,0.6743991544002655,2,0.20546043602018935,0.6589521054329958,0.6666666666666666,8.515961772014675e-05,0.9089399569141651,Katashi,1e-06,0.9803921568627451,3.0
2008-11-26,0.3889045736871825,1.0,0.9523809523809523,0.6928421410279744,0.5123492615424139,2,0.3378649817068267,0.33751205400260365,0.6666666666666666,8.260482918854234e-05,0.8926233601667677,Katashi,1e-06,0.9803921568627451,3.0
2008-11-28,0.3838704773487383,2.0,0.48780487804878053,2.2976842650447908e-11,0.9999999999760232,1,5.509116325532006e-22,0.6589521054329958,0.3333333333333333,8.012668431288607e-05,0.7063865428719862,Katashi,1e-06,0.9803921568627451,3.0
2008-12-01,0.39294835599183425,1.0,0.9523809523809523,5.567035721138381e-11,0.9999999999433297,1,3.1548577978197616e-21,0.33751205400260365,0.3333333333333333,7.77228837834995e-05,0.21210217620038418,Katashi,1e-06,0.9803921568627451,3.0
2008-12-02,0.4207459207459209,2.0,0.48780487804878053,1.5724643809139047e-11,0.9999999999832754,1,2.6298871887945603e-22,0.6589521054329958,0.3333333333333333,7.539119726999451e-05,0.07035169117935991,Katashi,1e-06,0.9803921568627451,3.0
2008-12-03,0.4302364302364302,2.0,0.48780487804878053,9.949818746631204e-12,0.9999999999890502,1,1.089484917309309e-22,0.6589521054329958,0.3333333333333333,7.312946135189467e-05,1.0,Katashi,1e-06,0.9803921568627451,3.0
2008-12-04,0.42154367371758683,1.5,0.6451612903225806,1.4603207531983304e-11,0.9999999999843968,1,2.2785655470785767e-22,0.49823207971788014,0.3333333333333333,7.093557751133783e-05,0.11039994961645183,Katashi,1e-06,0.9803921568627451,3.0
2008-12-05,0.3916141829185308,2.0,0.48780487804878053,1.1151080059261747e-11,0.9999999999878489,1,1.3549741986707225e-22,0.6589521054329958,0.3333333333333333,6.88075101859977e-05,0.06755834428619123,Katashi,1e-06,0.9803921568627451,3.0
2008-12-08,0.4016686212338387,1.0,0.9523809523809523,0.0,0.0,0,0.0,0.33751205400260365,0.0,6.674328488041777e-05,0.22821031582372187,Katashi,1e-06,0.9803921568627451,3.0
2008-12-09,0.3858786141394837,1.0,0.9523809523809523,0.0,0.0,0,0.0,0.33751205400260365,0.0,6.474098633400523e-05,1.0,Katashi,1e-06,0.9803921568627451,3.0
2008-12-10,0.39076141250054297,2.0,0.48780487804878053,0.0,0.0,0,0.0,0.6589521054329958,0.0,6.279875674398507e-05,0.00785010222540583,Katashi,1e-06,0.9803921568627451,3.0
2008-12-11,0.3940899680030115,2.0,0.48780487804878053,0.0,0.0,0,0.0,0.6589521054329958,0.0,6.0914794041665515e-05,1.0,Katashi,1e-06,0.9803921568627451,3.0
2008-12-12,0.3939111613024657,1.0,0.9523809523809523,0.0,0.0,0,0.0,0.33751205400260365,0.0,5.9087350220415546e-05,0.029530414611866895,Katashi,1e-06,0.9803921568627451,3.0
2008-12-15,0.37680073549638776,1.0,0.9523809523809523,0.0,0.0,0,0.0,0.33751205400260365,0.0,5.7314729713803075e-05,1.0,Katashi,1e-06,0.9803921568627451,3.0
2008-12-16,0.4283658370614893,1.0,0.9523809523809523,0.0,0.0,0,0.0,0.33751205400260365,0.0,5.559528782238898e-05,1.0,Katashi,1e-06,0.9803921568627451,3.0
2008-12-17,0.4226577770056031,2.0,0.48780487804878053,0.0,0.0,0,0.0,0.6589521054329958,0.0,5.392742918771731e-05,0.00785010222540583,Katashi,1e-06,0.9803921568627451,3.0
2008-12-18,0.41041639519900397,2.0,0.48780487804878053,0.0,0.0,0,0.0,0.6589521054329958,0.0,5.230960631208579e-05,1.0,Katashi,1e-06,0.9803921568627451,3.0
2008-12-19,0.4237443715704586,1.0,0.9523809523809523,0.0,0.0,0,0.0,0.33751205400260365,0.0,5.074031812272321e-05,0.029530414611866895,Katashi,1e-06,0.9803921568627451,3.0
2008-12-22,0.4103751321142626,1.0,0.9523809523809523,0.0,0.0,0,0.0,0.33751205400260365,0.0,4.921810857904151e-05,1.0,Katashi,1e-06,0.9803921568627451,3.0
2008-12-23,0.39869767913246174,1.5,0.6451612903225806,1.725978249061159e-10,0.9999999998264022,1,2.996260317166821e-20,0.49823207971788014,0.3333333333333333,4.7741565321670263e-05,0.14637997376608014,Katashi,1e-06,0.9803921568627451,3.0
2008-12-24,0.41715951029827497,2.0,0.48780487804878053,2.3116730751547314e-11,0.9999999999758833,1,5.574994600159437e-22,0.6589521054329958,0.3333333333333333,4.630931836202016e-05,0.06755834428619123,Katashi,1e-06,0.9803921568627451,3.0
2008-12-26,0.4106228475643124,2.0,0.48780487804878053,1.275890504350307e-11,0.9999999999862411,1,1.7554828070490603e-22,0.6589521054329958,0.3333333333333333,4.492003881115955e-05,1.0,Katashi,1e-06,0.9803921568627451,3.0
2008-12-29,0.39609856029422674,3.0,0.3278688524590164,1.9808155115936202e-11,0.9999999999791919,1,4.121707260267405e-22,0.9803921568627451,0.3333333333333333,4.357243764682476e-05,0.031137723801286543,Katashi,1e-06,0.9803921568627451,3.0
2008-12-30,0.4151071035378637,2.0,0.48780487804878053,4.8862136557837614e-11,0.9999999999501379,1,2.436369444700816e-21,0.6589521054329958,0.3333333333333333,4.2265264517420015e-05,0.06536358420799226,Katashi,1e-06,0.9803921568627451,3.0
2008-12-31,0.42451552584854996,2.0,0.48780487804878053,0.0,0.0,0,0.0,0.6589521054329958,0.0,4.0997306581897416e-05,1.0,Katashi,1e-06,0.9803921568627451,3.0
2009-01-02,0.40604635423202257,2.0,0.48780487804878053,2.589359837319129e-10,0.999999999740064,1,6.730677393558359e-20,0.6589521054329958,0.3333333333333333,3.976738738444049e-05,0.6506810636407454,Katashi,1e-06,0.9803921568627451,3.0
2009-01-05,0.3798834296004039,2.0,0.48780487804878053,2.8333779766423962e-11,0.9999999999706662,1,8.311362288388698e-22,0.6589521054329958,0.3333333333333333,3.8574365762907274e-05,1.0,Katashi,1e-06,0.9803921568627451,3.0
2009-01-06,0.3606636109327743,2.0,0.48780487804878053,1.684119510498527e-11,0.9999999999821588,1,3.004666751156324e-22,0.6589521054329958,0.3333333333333333,3.741713479002005e-05,1.0,Katashi,1e-06,0.9803921568627451,3.0
2009-01-07,0.403497241365235,2.0,0.48780487804878053,1.1634027074967706e-11,0.999999999987366,1,1.469843556922812e-22,0.6589521054329958,0.3333333333333333,3.629462074631945e-05,1.0,Katashi,1e-06,0.9803921568627451,3.0
2009-01-08,0.40858818103619543,2.0,0.48780487804878053,1.1033884916235873e-10,0.9999999998886612,1,1.2284998043434815e-20,0.6589521054329958,0.3333333333333333,3.520578212392986e-05,1.0,Katashi,1e-06,0.9803921568627451,3.0
2009-01-09,0.3795515699351882,2.0,0.48780487804878053,1.7181367439724292e-11,0.9999999999818187,1,3.1238037445997173e-22,0.6589521054329958,0.3333333333333333,3.414960866021197e-05,1.0,Katashi,1e-06,0.9803921568627451,3.0
2009-01-12,0.41197350605875965,2.0,0.48780487804878053,0.0,0.0,0,0.0,0.6589521054329958,0.0,3.312512040040561e-05,1.0,Katashi,1e-06,0.9803921568627451,3.0
2009-01-13,0.40806113802548905,1.5,0.6451612903225806,2.7143398639455077e-11,0.9999999999718566,1,7.639068878918949e-22,0.49823207971788014,0.3333333333333333,3.2131366788393435e-05,0.8821711113728226,Katashi,1e-06,0.9803921568627451,3.0
2009-01-14,0.4280917812616111,2.0,0.48780487804878053,0.6887573713911688,0.5468154991987292,2,0.3121341655271023,0.6589521054329958,0.6666666666666666,3.1167425784741634e-05,0.14183454470937218,Katashi,1e-06,0.9803921568627451,3.0
2009-01-15,0.4160356579437134,1.0,0.9523809523809523,3.452715890909454e-11,0.9999999999644729,1,1.2266510974645876e-21,0.33751205400260365,0.3333333333333333,3.0232403011199385e-05,0.4243874057219611,Katashi,1e-06,0.9803921568627451,3.0
2009-01-16,0.3990757958756784,1.0,0.9523809523809523,0.43397184559837443,0.8481694095107266,3,0.06589020157292097,0.33751205400260365,1.0,2.9325430920863403e-05,0.09340669361051757,Katashi,1e-06,0.9803921568627451,3.0
2009-01-20,0.35160131253745325,1.0,0.9523809523809523,0.0,0.0,0,0.0,0.33751205400260365,0.0,2.84456679932375e-05,1.0,Katashi,1e-06,0.9803921568627451,3.0
2009-01-21,0.35928243391673054,0.5,1.8181818181818181,0.0,0.0,0,0.0,0.1767920282871665,0.0,2.7592297953440372e-05,0.3280822072797074,Katashi,1e-06,0.9803921568627451,3.0
2009-01-22,0.36138579844032914,1.0,0.9523809523809523,0.5256104930773717,0.7810227160450508,2,0.11509675819230449,0.33751205400260365,0.6666666666666666,2.676452901483716e-05,0.051738476471107075,Katashi,1e-06,0.9803921568627451,3.0
2009-01-23,0.373938671569463,1.0,0.9523809523809523,0.6240621155565709,0.6836829587846026,2,0.19740148192747592,0.33751205400260365,0.6666666666666666,2.5961593144392046e-05,0.4914787626240581,Katashi,1e-06,0.9803921568627451,3.0
2009-01-26,0.3694696607740087,1.0,0.9523809523809523,1.3826673138791003e-10,0.9999999998607333,1,1.925595268272723e-20,0.33751205400260365,0.3333333333333333,2.5182745350060284e-05,0.6667673271607459,Katashi,1e-06,0.9803921568627451,3.0
2009-01-27,0.37061127278518585,1.0,0.9523809523809523,0.6931471805622579,0.4999999999929729,2,0.3465735902859997,0.33751205400260365,0.6666666666666666,2.4427262989558474e-05,0.1209407913378453,Katashi,1e-06,0.9803921568627451,3.0
2009-01-28,0.38862948645557344,1.0,0.9523809523809523,0.6606199202719403,0.6268326183569656,2,0.2465218059091101,0.33751205400260365,0.6666666666666666,2.3694445099871718e-05,0.40643668961519985,Katashi,1e-06,0.9803921568627451,3.0
2009-01-29,0.4093435549957289,0.5,1.8181818181818181,0.6444111001404293,0.6548209375125942,2,0.2224372194029512,0.1767920282871665,0.6666666666666666,2.2983611746875565e-05,0.6503386782426779,Katashi,1e-06,0.9803921568627451,3.0
2009-01-30,0.4073904356513053,2.0,0.48780487804878053,0.17331862382779767,0.958297156103991,2,0.007227879513761748,0.6589521054329958,0.6666666666666666,2.2294103394469297e-05,0.3932606257062272,Katashi,1e-06,0.9803921568627451,3.0
2009-02-02,0.3863049993484777,1.0,0.9523809523809523,2.3722579456070466e-11,0.9999999999752774,1,5.864828307286216e-22,0.33751205400260365,0.3333333333333333,2.1625280292635216e-05,0.01995522432629715,Katashi,1e-06,0.9803921568627451,3.0
2009-02-03,0.37230305925958096,2.0,0.48780487804878053,0.0,0.0,0,0.0,0.6589521054329958,0.0,2.097652188385616e-05,0.21096851690335927,Katashi,1e-06,0.9803921568627451,3.0
2009-02-04,0.3705975184236054,1.0,0.9523809523809523,0.0,0.0,0,0.0,0.33751205400260365,0.0,2.0347226227340474e-05,0.029530414611866895,Katashi,1e-06,0.9803921568627451,3.0
2009-02-05,0.3818898492811537,1.0,0.9523809523809523,0.0,0.0,0,0.0,0.33751205400260365,0.0,1.973680944052026e-05,1.0,Katashi,1e-06,0.9803921568627451,3.0
2009-02-06,0.38711650668172415,1.0,0.9523809523809523,0.0,0.0,0,0.0,0.33751205400260365,0.0,1.914470515730465e-05,1.0,Katashi,1e-06,0.9803921568627451,3.0
2009-02-09,0.36852060982495766,1.0,0.9523809523809523,0.0,0.0,0,0.0,0.33751205400260365,0.0,1.857036400258551e-05,1.0,Katashi,1e-06,0.9803921568627451,3.0
2009-02-10,0.3662511401641837,2.0,0.48780487804878053,0.0,0.0,0,0.0,0.6589521054329958,0.0,1.8013253082507945e-05,0.00785010222540583,Katashi,1e-06,0.9803921568627451,3.0
2009-02-11,0.37714459453589894,1.0,0.9523809523809523,0.0,0.0,0,0.0,0.33751205400260365,0.0,1.7472855490032707e-05,0.029530414611866895,Katashi,1e-06,0.9803921568627451,3.0
2009-02-12,0.34991095860661076,2.0,0.48780487804878053,3.5067837522067644e-11,0.9999999999639322,1,1.264820290258108e-21,0.6589521054329958,0.3333333333333333,1.6948669825331727e-05,0.04889998628343517,Katashi,1e-06,0.9803921568627451,3.0
2009-02-13,0.37216551564377653,1.0,0.9523809523809523,1.4754752974842263e-11,0.9999999999842453,1,2.3245716192476685e-22,0.33751205400260365,0.3333333333333333,1.6440209730571775e-05,0.21210217620038418,Katashi,1e-06,0.9803921568627451,3.0
2009-02-17,0.3494433103128755,0.0,20.0,0.0,0.0,0,0.0,0.016072002571568628,0.0,1.5947003438654623e-05,0.06599553808435232,Katashi,1e-06,0.9803921568627451,3.0
2009-02-18,0.36025842154309384,0.5,1.8181818181818181,0.0,0.0,0,0.0,0.1767920282871665,0.0,1.5468593335494982e-05,0.6280041054477289,Katashi,1e-06,0.9803921568627451,3.0
2009-02-19,0.38935682820717493,2.0,0.48780487804878053,0.0,0.0,0,0.0,0.6589521054329958,0.0,1.5004535535430132e-05,0.019887745198816753,Katashi,1e-06,0.9803921568627451,3.0
2009-02-20,0.35836017202015075,2.0,0.48780487804878053,0.0,0.0,0,0.0,0.6589521054329958,0.0,1.4554399469367227e-05,1.0,Katashi,1e-06,0.9803921568627451,3.0
2009-02-23,0.35172344975356906,2.0,0.48780487804878053,0.0,0.0,0,0.0,0.6589521054329958,0.0,1.411776748528621e-05,1.0,Katashi,1e-06,0.9803921568627451,3.0
2009-02-24,0.3643023864363652,3.0,0.3278688524590164,0.0,0.0,0,0.0,0.9803921568627451,0.0,1.3694234460727623e-05,0.0011422864142766054,Katashi,1e-06,0.9803921568627451,3.0
2009-02-25,0.3492059470552305,2.0,0.48780487804878053,0.0,0.0,0,0.0,0.6589521054329958,0.0,1.3283407426905794e-05,0.0025266376692131276,Katashi,1e-06,0.9803921568627451,3.0
2009-02-26,0.34736241195919815,3.0,0.3278688524590164,3.8922531863419725e-11,0.9999999999600775,1,1.553885157519985e-21,0.9803921568627451,0.3333333333333333,1.288490520409862e-05,0.08261087418779689,Katashi,1e-06,0.9803921568627451,3.0
2009-02-27,0.3478368772183278,2.0,0.48780487804878053,0.1892495814372182,0.9531115207508996,2,0.00887362507211995,0.6589521054329958,0.6666666666666666,1.2498358047975662e-05,0.7288540201382832,Katashi,1e-06,0.9803921568627451,3.0
2009-03-02,0.335209895449174,3.0,0.3278688524590164,0.22413975874016778,0.9410243053145066,2,0.013218797978340276,0.9803921568627451,0.6666666666666666,1.2123407306536391e-05,0.10708052856053663,Katashi,1e-06,0.9803921568627451,3.0
2009-03-03,0.3162760824238361,1.0,0.9523809523809523,7.163947212965219e-11,0.9999999999273605,1,5.20385185454548e-21,0.33751205400260365,0.3333333333333333,1.1759705087340299e-05,0.05153634198143886,Katashi,1e-06,0.9803921568627451,3.0
2009-03-04,0.31452856368809834,2.0,0.48780487804878053,0.2777116291723826,0.9204325631515783,2,0.022096802516245864,0.6589521054329958,0.6666666666666666,1.140691393472009e-05,0.006243308075717824,Katashi,1e-06,0.9803921568627451,3.0
2009-03-05,0.31663915794350583,2.0,0.48780487804878053,0.0,0.0,0,0.0,0.6589521054329958,0.0,1.1064706516678487e-05,1.0,Katashi,1e-06,0.9803921568627451,3.0
2009-03-06,0.3167904559208908,1.0,0.9523809523809523,0.0,0.0,0,0.0,0.33751205400260365,0.0,1.0732765321178132e-05,0.029530414611866895,Katashi,1e-06,0.9803921568627451,3.0
2009-03-09,0.3015506232897538,1.0,0.9523809523809523,0.0,0.0,0,0.0,0.33751205400260365,0.0,1.0410782361542787e-05,1.0,Katashi,1e-06,0.9803921568627451,3.0
2009-03-10,0.3101883623622755,0.0,20.0,0.0,0.0,0,0.0,0.016072002571568628,0.0,1.0098458890696503e-05,0.04454828199104843,Katashi,1e-06,0.9803921568627451,3.0
2009-03-11,0.30156437765133426,1.0,0.9523809523809523,0.0,0.0,0,0.0,0.33751205400260365,0.0,9.795505123975608e-06,0.8754567263805877,Katashi,1e-06,0.9803921568627451,3.0
2009-03-12,0.3315626402582925,1.0,0.9523809523809523,0.0,0.0,0,0.0,0.33751205400260365,0.0,9.50163997025634e-06,1.0,Katashi,1e-06,0.9803921568627451,3.0
2009-03-13,0.35238674369109163,1.0,0.9523809523809523,0.0,0.0,0,0.0,0.33751205400260365,0.0,9.21659077114865e-06,1.0,Katashi,1e-06,0.9803921568627451,3.0
2009-03-16,0.31739564783043045,1.0,0.9523809523809523,2.115108088448079e-10,0.9999999997874892,1,4.494832839282266e-20,0.33751205400260365,0.3333333333333333,8.94009304801419e-06,0.41616559151979227,Katashi,1e-06,0.9803921568627451,3.0
2009-03-17,0.32960952091386875,2.0,0.48780487804878053,0.0,0.0,0,0.0,0.6589521054329958,0.0,8.671890256573764e-06,0.21096851690335927,Katashi,1e-06,0.9803921568627451,3.0
2009-03-18,0.37381603903343036,2.0,0.48780487804878053,0.0,0.0,0,0.0,0.6589521054329958,0.0,8.411733548876552e-06,1.0,Katashi,1e-06,0.9803921568627451,3.0
2009-03-19,0.36663626228843627,1.0,0.9523809523809523,0.0,0.0,0,0.0,0.33751205400260365,0.0,8.159381542410255e-06,0.029530414611866895,Katashi,1e-06,0.9803921568627451,3.0
2009-03-20,0.3748063530672226,0.0,20.0,0.0,0.0,0,0.0,0.016072002571568628,0.0,7.914600096137947e-06,0.04454828199104843,Katashi,1e-06,0.9803921568627451,3.0
2009-03-23,0.3811883768405508,0.0,20.0,0.0,0.0,0,0.0,0.016072002571568628,0.0,7.677162093253809e-06,1.0,Katashi,1e-06,0.9803921568627451,3.0
2009-03-24,0.38591987722422505,1.0,0.9523809523809523,0.0,0.0,0,0.0,0.33751205400260365,0.0,7.446847230456194e-06,0.8754567263805877,Katashi,1e-06,0.9803921568627451,3.0
2009-03-25,0.40540980758372064,1.0,0.9523809523809523,2.1203472309001703e-10,0.9999999997869653,1,4.5170753833188786e-20,0.33751205400260365,0.3333333333333333,7.223441813542508e-06,0.41616559151979227,Katashi,1e-06,0.9803921568627451,3.0
2009-03-26,0.40104967496271854,2.0,0.48780487804878053,4.179889767549961e-11,0.9999999999572011,1,1.788945819937132e-21,0.6589521054329958,0.3333333333333333,7.0067385591362325e-06,0.07035169117935991,Katashi,1e-06,0.9803921568627451,3.0
2009-03-27,0.4002794307142133,1.0,0.9523809523809523,0.0,0.0,0,0.0,0.33751205400260365,0.0,6.796536402362145e-06,0.22821031582372187,Katashi,1e-06,0.9803921568627451,3.0
2009-03-30,0.4161382096164705,2.0,0.48780487804878053,8.148659524580124e-11,0.9999999999175134,1,6.7215499976523634e-21,0.6589521054329958,0.3333333333333333,6.592640310291281e-06,0.04889998628343517,Katashi,1e-06,0.9803921568627451,3.0
2009-03-31,0.4207871838306622,1.5,0.6451612903225806,3.2109515041653684e-10,0.9999999996779049,1,1.0342318368491379e-19,0.49823207971788014,0.3333333333333333,6.3948611009825424e-06,0.11039994961645183,Katashi,1e-06,0.9803921568627451,3.0
2009-04-01,0.41956304565000213,1.0,0.9523809523809523,0.0,0.0,0,0.0,0.33751205400260365,0.0,6.203015267953066e-06,0.47049853103002803,Katashi,1e-06,0.9803921568627451,3.0
2009-04-02,0.40364924930142326,1.0,0.9523809523809523,1.5822743114466665e-10,0.9999999998407726,1,2.5194143899527666e-20,0.33751205400260365,0.3333333333333333,6.016924809914474e-06,0.41616559151979227,Katashi,1e-06,0.9803921568627451,3.0
2009-04-03,0.4129471977298064,2.0,0.48780487804878053,0.0,0.0,0,0.0,0.6589521054329958,0.0,5.83641706561704e-06,0.21096851690335927,Katashi,1e-06,0.9803921568627451,3.0
2009-04-06,0.43119923554706174,2.0,0.48780487804878053,0.0,0.0,0,0.0,0.6589521054329958,0.0,5.661324553648528e-06,1.0,Katashi,1e-06,0.9803921568627451,3.0
2009-04-07,0.43144681405550983,2.0,0.48780487804878053,0.0,0.0,0,0.0,0.6589521054329958,0.0,5.491484817039072e-06,1.0,Katashi,1e-06,0.9803921568627451,3.0
2009-04-08,0.4290398007789312,2.0,0.48780487804878053,0.0,0.0,0,0.0,0.6589521054329958,0.0,5.3267402725278995e-06,1.0,Katashi,1e-06,0.9803921568627451,3.0
2009-04-09,0.43657719092501707,2.0,0.48780487804878053,3.5542901954287494e-11,0.9999999999634571,1,1.298839995039966e-21,0.6589521054329958,0.3333333333333333,5.166938064352062e-06,0.6506810636407454,Katashi,1e-06,0.9803921568627451,3.0
2009-04-13,0.4386153217812348,2.0,0.48780487804878053,0.0,0.0,0,0.0,0.6589521054329958,0.0,5.0119299224215e-06,1.0,Katashi,1e-06,0.9803921568627451,3.0
2009-04-14,0.42329946915687,2.0,0.48780487804878053,0.0,0.0,0,0.0,0.6589521054329958,0.0,4.8615720247488545e-06,1.0,Katashi,1e-06,0.9803921568627451,3.0
2009-04-15,0.41802255715299197,2.0,0.48780487804878053,0.0,0.0,0,0.0,0.6589521054329958,0.0,4.715724864006389e-06,1.0,Katashi,1e-06,0.9803921568627451,3.0
2009-04-16,0.4171285236502628,1.0,0.9523809523809523,0.0,0.0,0,0.0,0.33751205400260365,0.0,4.574253118086197e-06,0.029530414611866895,Katashi,1e-06,0.9803921568627451,3.0
2009-04-17,0.42030578117534645,1.0,0.9523809523809523,0.0,0.0,0,0.0,0.33751205400260365,0.0,4.437025524543611e-06,1.0,Katashi,1e-06,0.9803921568627451,3.0
2009-04-20,0.3918892701501398,1.0,0.9523809523809523,0.0,0.0,0,0.0,0.33751205400260365,0.0,4.303914758807303e-06,1.0,Katashi,1e-06,0.9803921568627451,3.0
2009-04-21,0.4164270512096599,1.0,0.9523809523809523,0.0,0.0,0,0.0,0.33751205400260365,0.0,4.174797316043084e-06,1.0,Katashi,1e-06,0.9803921568627451,3.0
2009-04-22,0.39413123108775294,2.0,0.48780487804878053,2.042144231472619e-11,0.9999999999785786,1,4.374562967756595e-22,0.6589521054329958,0.3333333333333333,4.049553396561791e-06,0.04889998628343517,Katashi,1e-06,0.9803921568627451,3.0
2009-04-23,0.37825869782391525,1.0,0.9523809523809523,1.0309864073513134e-11,0.9999999999886902,1,1.1660293321655668e-22,0.33751205400260365,0.3333333333333333,3.928066794664937e-06,0.21210217620038418,Katashi,1e-06,0.9803921568627451,3.0
2009-04-24,0.3552476508998248,1.5,0.6451612903225806,4.734435066195576e-12,0.9999999999942656,1,2.714920572844589e-23,0.49823207971788014,0.3333333333333333,3.810224790824989e-06,0.1178671529619365,Katashi,1e-06,0.9803921568627451,3.0
2009-04-27,0.3832240223544572,1.0,0.9523809523809523,9.689804514266805e-12,0.9999999999893102,1,1.0358190168437746e-22,0.33751205400260365,0.3333333333333333,3.695918047100239e-06,0.21757759445667857,Katashi,1e-06,0.9803921568627451,3.0
2009-04-28,0.4063038410864498,2.0,0.48780487804878053,9.236722497922019e-12,0.9999999999897633,1,9.455356066983021e-23,0.6589521054329958,0.3333333333333333,3.585040505687232e-06,0.07035169117935991,Katashi,1e-06,0.9803921568627451,3.0
2009-04-29,0.40435072174202624,3.0,0.3278688524590164,1.999400645025457e-11,0.999999999979006,1,4.1975385808565725e-22,0.9803921568627451,0.3333333333333333,3.4774892905166148e-06,0.031137723801286543,Katashi,1e-06,0.9803921568627451,3.0
2009-04-30,0.37968915142828197,2.5,0.3921568627450981,1.5867751557010826e-11,0.9999999999831323,1,2.6765294001232085e-22,0.8196721311479507,0.3333333333333333,3.3731646118011164e-06,0.04335730215130995,Katashi,1e-06,0.9803921568627451,3.0
2009-05-01,0.357585892368501,2.0,0.48780487804878053,0.0,0.0,0,0.0,0.6589521054329958,0.0,3.271969673447083e-06,0.45425312438772747,Katashi,1e-06,0.9803921568627451,3.0
2009-05-04,0.3843243712808931,2.0,0.48780487804878053,1.184670139693064e-10,0.999999999880533,1,1.4152897792924364e-20,0.6589521054329958,0.3333333333333333,3.17381058324367e-06,0.6506810636407454,Katashi,1e-06,0.9803921568627451,3.0
2009-05-05,0.3933747412008282,2.0,0.48780487804878053,0.6914737181513333,0.5289182357604023,2,0.3257406590720444,0.6589521054329958,0.6666666666666666,3.07859626574636e-06,0.2774787981670064,Katashi,1e-06,0.9803921568627451,3.0
2009-05-06,0.4146802472889429,2.0,0.48780487804878053,0.39346105917523405,0.8662460255721212,2,0.05262698044729038,0.6589521054329958,0.6666666666666666,2.9862383777739692e-06,0.8861183076432987,Katashi,1e-06,0.9803921568627451,3.0
2009-05-07,0.4113241830633136,1.0,0.9523809523809523,0.6851331160804648,0.5632164262005614,2,0.299254890969971,0.33751205400260365,0.6666666666666666,2.8966512264407502e-06,0.7045369324803434,Katashi,1e-06,0.9803921568627451,3.0
2009-05-08,0.424308300395257,2.0,0.48780487804878053,0.537122843250173,0.7717748643160159,2,0.12258493377973803,0.6589521054329958,0.6666666666666666,2.8097516896475276e-06,0.6322586722508147,Katashi,1e-06,0.9803921568627451,3.0
2009-05-11,0.4271141901576684,2.5,0.3921568627450981,3.046098928182617e-10,0.9999999996943901,1,9.309178997130108e-20,0.8196721311479507,0.3333333333333333,2.7254591389581016e-06,0.7734143678190957,Katashi,1e-06,0.9803921568627451,3.0
2009-05-12,0.403580477493521,2.0,0.48780487804878053,2.2352786288320877e-11,0.9999999999766472,1,5.219993466636683e-22,0.6589521054329958,0.3333333333333333,2.6436953647893584e-06,0.0657510804157252,Katashi,1e-06,0.9803921568627451,3.0
2009-05-13,0.41439140569575356,2.0,0.48780487804878053,4.2548065062107555e-10,0.9999999995735194,1,1.8145925532988518e-19,0.6589521054329958,0.3333333333333333,2.5643845038456774e-06,1.0,Katashi,1e-06,0.9803921568627451,3.0
2009-05-14,0.42785692568301276,1.0,0.9523809523809523,3.5643377138012394e-11,0.9999999999633566,1,1.3060929224716958e-21,0.33751205400260365,0.3333333333333333,2.487452968730307e-06,0.21210217620038418,Katashi,1e-06,0.9803921568627451,3.0
2009-05-15,0.4406072188680885,1.0,0.9523809523809523,2.4682256238532266e-11,0.9999999999743178,1,6.338954832572604e-22,0.33751205400260365,0.3333333333333333,2.412829379668398e-06,1.0,Katashi,1e-06,0.9803921568627451,3.0
2009-05-18,0.4408272886533756,1.0,0.9523809523809523,2.924382957968209e-11,0.9999999999697562,1,8.84444751154718e-22,0.33751205400260365,0.3333333333333333,2.340444498278346e-06,1.0,Katashi,1e-06,0.9803921568627451,3.0
2009-05-19,0.4342389494563408,1.0,0.9523809523809523,0.0,0.0,0,0.0,0.33751205400260365,0.0,2.2702311633299955e-06,1.0,Katashi,1e-06,0.9803921568627451,3.0
2009-05-20,0.42036079862166825,1.0,0.9523809523809523,1.4366730026812995e-10,0.9999999998553327,1,2.078395728993664e-20,0.33751205400260365,0.3333333333333333,2.2021242284300957e-06,0.41616559151979227,Katashi,1e-06,0.9803921568627451,3.0
2009-05-21,0.4044607566346697,1.0,0.9523809523809523,0.0,0.0,0,0.0,0.33751205400260365,0.0,2.1360605015771928e-06,1.0,Katashi,1e-06,0.9803921568627451,3.0
2009-05-22,0.40917850265676353,1.0,0.9523809523809523,0.0,0.0,0,0.0,0.33751205400260365,0.0,2.071978686529877e-06,1.0,Katashi,1e-06,0.9803921568627451,3.0
2009-05-26,0.40153107761803414,1.0,0.9523809523809523,0.0,0.0,0,0.0,0.33751205400260365,0.0,2.0098193259339804e-06,1.0,Katashi,1e-06,0.9803921568627451,3.0
2009-05-27,0.4179400309835093,1.0,0.9523809523809523,0.0,0.0,0,0.0,0.33751205400260365,0.0,1.9495247461559607e-06,1.0,Utsuroi,1e-06,0.9803921568627451,3.0
2009-05-28,0.453316248968423,1.0,0.9523809523809523,0.0,0.0,0,0.0,0.33751205400260365,0.0,1.8910390037712818e-06,1.0,Utsuroi,1e-06,0.9803921568627451,3.0
2009-05-29,0.44972636059592586,0.5,1.8181818181818181,2.531863607623086e-11,0.9999999999736814,1,6.663514087538246e-22,0.1767920282871665,0.3333333333333333,1.8343078336581434e-06,0.6098035887439184,Utsuroi,1e-06,0.9803921568627451,3.0
2009-06-01,0.411461726679118,1.0,0.9523809523809523,1.3466006087876854e-11,0.999999999985534,1,1.9479902815679776e-22,0.33751205400260365,0.3333333333333333,1.779278598648399e-06,0.27287241459183853,Utsuroi,1e-06,0.9803921568627451,3.0
2009-06-02,0.4040068627025149,1.0,0.9523809523809523,1.1527667709209956e-11,0.9999999999874724,1,1.4441453551223194e-22,0.33751205400260365,0.3333333333333333,1.725900240688947e-06,1.0,Utsuroi,1e-06,0.9803921568627451,3.0
2009-06-03,0.4150653694131955,1.0,0.9523809523809523,7.975164972536111e-11,0.9999999999192484,1,6.440075519658362e-21,0.33751205400260365,0.3333333333333333,1.6741232334682787e-06,1.0,Utsuroi,1e-06,0.9803921568627451,3.0
2009-06-04,0.38974358974358975,1.0,0.9523809523809523,0.0,0.0,0,0.0,0.33751205400260365,0.0,1.6238995364642302e-06,1.0,Utsuroi,1e-06,0.9803921568627451,3.0
2009-06-05,0.3981475046692438,1.0,0.9523809523809523,4.2764680684579234e-11,0.9999999999562353,1,1.8715816487512395e-21,0.33751205400260365,0.3333333333333333,1.5751825503703033e-06,0.41616559151979227,Utsuroi,1e-06,0.9803921568627451,3.0
2009-06-08,0.3831414961849745,1.0,0.9523809523809523,5.52339285404283e-11,0.9999999999437661,1,3.106019568767364e-21,0.33751205400260365,0.3333333333333333,1.527927073859194e-06,1.0,Utsuroi,1e-06,0.9803921568627451,3.0
2009-06-09,0.37424242424242427,1.0,0.9523809523809523,5.881040099174827e-11,0.9999999999401896,1,3.5174723649199046e-21,0.33751205400260365,0.3333333333333333,1.4820892616434182e-06,1.0,Utsuroi,1e-06,0.9803921568627451,3.0
2009-06-10,0.35570154483197963,1.0,0.9523809523809523,2.6728064205954406e-11,0.999999999972272,1,7.411168891430814e-22,0.33751205400260365,0.3333333333333333,1.4376265837941156e-06,1.0,Utsuroi,1e-06,0.9803921568627451,3.0
2009-06-11,0.35798476885433406,1.0,0.9523809523809523,0.5597318760016958,0.7523560943730137,2,0.13861418787698,0.33751205400260365,0.6666666666666666,1.394497786280292e-06,0.19420478407704334,Utsuroi,1e-06,0.9803921568627451,3.0
2009-06-12,0.36052932574671714,1.0,0.9523809523809523,4.0601522143491907e-11,0.9999999999583985,1,1.6890842243715601e-21,0.33751205400260365,0.3333333333333333,1.3526628526918833e-06,0.589264360291825,Utsuroi,1e-06,0.9803921568627451,3.0
2009-06-15,0.3561279300409736,1.0,0.9523809523809523,0.6712712473558635,0.6042015905356586,2,0.2656880920225953,0.33751205400260365,0.6666666666666666,1.3120829671111267e-06,0.15220005369864165,Utsuroi,1e-06,0.9803921568627451,3.0
2009-06-16,0.3274363317841579,1.0,0.9523809523809523,1.6622037079928152e-11,0.999999999982378,1,2.92913786060955e-22,0.33751205400260365,0.3333333333333333,1.272720478097793e-06,0.732094569165566,Utsuroi,1e-06,0.9803921568627451,3.0
2009-06-17,0.3272300163604511,1.0,0.9523809523809523,1.8562817949239302e-11,0.9999999999804372,1,3.6314061752791954e-22,0.33751205400260365,0.3333333333333333,1.234538863754859e-06,1.0,Utsuroi,1e-06,0.9803921568627451,3.0
2009-06-18,0.3130355152094283,1.0,0.9523809523809523,1.5142298525010185e-10,0.999999999847577,1,2.3080340099324672e-20,0.33751205400260365,0.3333333333333333,1.1975026978422132e-06,1.0,Utsuroi,1e-06,0.9803921568627451,3.0
2009-06-19,0.3454270367313846,1.0,0.9523809523809523,2.925204523006407e-11,0.999999999969748,1,8.849335482795915e-22,0.33751205400260365,0.3333333333333333,1.161577616906947e-06,1.0,Utsuroi,1e-06,0.9803921568627451,3.0
2009-06-22,0.38718527848962636,0.0,20.0,1.5408230247126122e-11,0.9999999999835918,1,2.5282144874108777e-22,0.016072002571568628,0.3333333333333333,1.1267302883997385e-06,0.06568554240211066,Utsuroi,1e-06,0.9803921568627451,3.0
2009-06-23,0.41175056827230744,1.0,0.9523809523809523,0.0,0.0,0,0.0,0.33751205400260365,0.0,1.0929283797477464e-06,0.8782523794038303,Utsuroi,1e-06,0.9803921568627451,3.0
2009-06-24,0.40402061706409537,1.0,0.9523809523809523,0.0,0.0,0,0.0,0.33751205400260365,0.0,1.0601405283553139e-06,1.0,Utsuroi,1e-06,0.9803921568627451,3.0
2009-06-25,0.4395945454989646,1.0,0.9523809523809523,0.0,0.0,0,0.0,0.33751205400260365,0.0,1.0283363125046544e-06,1.0,Utsuroi,1e-06,0.9803921568627451,3.0
2009-06-26,0.3930430569141082,2.0,0.48780487804878053,0.0,0.0,0,0.0,0.6589521054329958,0.0,1e-06,0.00785010222540583,Utsuroi,1e-06,0.9803921568627451,3.0
2009-06-29,0.35895302520117406,1.5,0.6451612903225806,0.0,0.0,0,0.0,0.49823207971788014,0.0,1e-06,0.008500771377848215,Utsuroi,1e-06,0.9803921568627451,3.0
2009-06-30,0.34517297308645006,1.0,0.9523809523809523,3.711775331465949e-11,0.9999999999618823,1,1.4148445433609716e-21,0.33751205400260365,0.3333333333333333,1e-06,0.942071689951728,Utsuroi,1e-06,0.9803921568627451,3.0
2009-07-01,0.35992740431611003,1.0,0.9523809523809523,5.3997251113367117e-11,0.9999999999450028,1,2.9696991844829524e-21,0.33751205400260365,0.3333333333333333,1e-06,1.0,Utsuroi,1e-06,0.9803921568627451,3.0
2009-07-02,0.39732103416780096,1.0,0.9523809523809523,3.83980625066076e-11,0.999999999960602,1,1.5128084173665415e-21,0.33751205400260365,0.3333333333333333,1e-06,1.0,Utsuroi,1e-06,0.9803921568627451,3.0
2009-07-06,0.38154028625276376,0.5,1.8181818181818181,7.279976621260299e-11,0.9999999999262003,1,5.3726041165644136e-21,0.1767920282871665,0.3333333333333333,1e-06,0.5692820833216485,Utsuroi,1e-06,0.9803921568627451,3.0
2009-07-07,0.3848503147045617,1.0,0.9523809523809523,0.0,0.0,0,0.0,0.33751205400260365,0.0,1e-06,0.49423842673747165,Utsuroi,1e-06,0.9803921568627451,3.0
2009-07-08,0.3698557738843831,1.0,0.9523809523809523,0.0,0.0,0,0.0,0.33751205400260365,0.0,1e-06,1.0,Utsuroi,1e-06,0.9803921568627451,3.0
2009-07-09,0.3778489716432345,1.0,0.9523809523809523,0.0,0.0,0,0.0,0.33751205400260365,0.0,1e-06,1.0,Utsuroi,1e-06,0.9803921568627451,3.0
2009-07-10,0.3748926366126471,0.0,20.0,0.0,0.0,0,0.0,0.016072002571568628,0.0,1e-06,0.04454828199104843,Utsuroi,1e-06,0.9803921568627451,3.0
2009-07-13,0.3955414520920612,2.0,0.48780487804878053,0.0,0.0,0,0.0,0.6589521054329958,0.0,1e-06,0.5399404181358869,Utsuroi,1e-06,0.9803921568627451,3.0
2009-07-14,0.38058057695597286,2.0,0.48780487804878053,0.0,0.0,0,0.0,0.6589521054329958,0.0,1e-06,1.0,Utsuroi,1e-06,0.9803921568627451,3.0
2009-07-15,0.39324437854590333,2.0,0.48780487804878053,0.0,0.0,0,0.0,0.6589521054329958,0.0,1e-06,1.0,Utsuroi,1e-06,0.9803921568627451,3.0
2009-07-16,0.3675549576634791,2.0,0.48780487804878053,0.0,0.0,0,0.0,0.6589521054329958,0.0,1e-06,1.0,Utsuroi,1e-06,0.9803921568627451,3.0
2009-07-17,0.3628767544036623,2.0,0.48780487804878053,0.0,0.0,0,0.0,0.6589521054329958,0.0,1e-06,1.0,Utsuroi,1e-06,0.9803921568627451,3.0
2009-07-20,0.3506734926968056,2.5,0.3921568627450981,0.0,0.0,0,0.0,0.8196721311479507,0.0,1e-06,0.001901224270726365,Utsuroi,1e-06,0.9803921568627451,3.0
2009-07-21,0.360713632189867,1.0,0.9523809523809523,0.0,0.0,0,0.0,0.33751205400260365,0.0,1e-06,0.025751357495476523,Utsuroi,1e-06,0.9803921568627451,3.0
2009-07-22,0.34511842325317216,1.0,0.9523809523809523,0.0,0.0,0,0.0,0.33751205400260365,0.0,1e-06,1.0,Utsuroi,1e-06,0.9803921568627451,3.0
2009-07-23,0.313547080131429,1.0,0.9523809523809523,1.2158689603282379e-09,0.9999999987831311,1,1.479553171653096e-18,0.33751205400260365,0.3333333333333333,1e-06,0.41616559151979227,Utsuroi,1e-06,0.9803921568627451,3.0
2009-07-24,0.30809182058809537,2.0,0.48780487804878053,1.3680689913303268e-10,0.9999999998621931,1,1.8852931524423837e-20,0.6589521054329958,0.3333333333333333,1e-06,0.07035169117935991,Utsuroi,1e-06,0.9803921568627451,3.0
2009-07-27,0.3012955322787551,2.0,0.48780487804878053,4.214595339298252e-11,0.9999999999568541,1,1.81842640849466e-21,0.6589521054329958,0.3333333333333333,1e-06,1.0,Utsuroi,1e-06,0.9803921568627451,3.0
2009-07-28,0.2554196877089259,2.0,0.48780487804878053,0.0,0.0,0,0.0,0.6589521054329958,0.0,1e-06,1.0,Utsuroi,1e-06,0.9803921568627451,3.0
2009-07-29,0.253279026040305,2.0,0.48780487804878053,0.0,0.0,0,0.0,0.6589521054329958,0.0,1e-06,1.0,Utsuroi,1e-06,0.9803921568627451,3.0
2009-07-30,0.2794886273147142,2.0,0.48780487804878053,0.8669894166118819,0.5919200587827158,3,0.3538009901669843,0.6589521054329958,1.0,1e-06,0.17233856123078195,Utsuroi,1e-06,0.9803921568627451,3.0
2009-07-31,0.2732991646035125,1.0,0.9523809523809523,0.6922179405471965,0.5215517072125877,2,0.33119049189162464,0.33751205400260365,0.6666666666666666,1e-06,0.2667837939623956,Utsuroi,1e-06,0.9803921568627451,3.0
2009-08-03,0.288373944895684,1.0,0.9523809523809523,0.6812215034770641,0.5770655367322236,2,0.2881120509395398,0.33751205400260365,0.6666666666666666,1e-06,0.3471034965709563,Utsuroi,1e-06,0.9803921568627451,3.0
2009-08-04,0.24009613574830965,1.0,0.9523809523809523,0.6929611965973537,0.5096429361417183,2,0.33979841773119984,0.33751205400260365,0.6666666666666666,1e-06,0.28709521103754365,Utsuroi,1e-06,0.9803921568627451,3.0
2009-08-05,0.22261434217955958,1.0,0.9523809523809523,4.917305450498739e-10,0.9999999995072695,1,2.4229064866186215e-19,0.33751205400260365,0.3333333333333333,1e-06,0.7813893966703853,Utsuroi,1e-06,0.9803921568627451,3.0
2009-08-06,0.2133851655590786,1.0,0.9523809523809523,1.48536738463348e-11,0.9999999999841463,1,2.354849719926689e-22,0.33751205400260365,0.3333333333333333,1e-06,1.0,Utsuroi,1e-06,0.9803921568627451,3.0
2009-08-07,0.19733382559469517,1.0,0.9523809523809523,0.1658462604201014,0.9606583318763581,2,0.00652466853699472,0.33751205400260365,0.6666666666666666,1e-06,0.17911270356622222,Utsuroi,1e-06,0.9803921568627451,3.0
2009-08-10,0.19942448855492337,1.0,0.9523809523809523,0.7008235524880325,0.7670133178462559,3,0.163282554269387,0.33751205400260365,1.0,1e-06,0.18293801398241438,Utsuroi,1e-06,0.9803921568627451,3.0
2009-08-11,0.22236676367111158,1.0,0.9523809523809523,0.6462842217777411,0.7551789385670068,3,0.15822398916302258,0.33751205400260365,1.0,1e-06,0.6707225640490981,Utsuroi,1e-06,0.9803921568627451,3.0
2009-08-12,0.18762324631889848,0.0,20.0,0.5410309823546544,0.768542903379847,2,0.12522546035735754,0.016072002571568628,0.6666666666666666,1e-06,0.24627565172069932,Utsuroi,1e-06,0.9803921568627451,3.0
2009-08-13,0.20623289753724536,1.0,0.9523809523809523,0.33812929263581515,0.8939720838126496,2,0.03585114430007829,0.33751205400260365,0.6666666666666666,1e-06,0.9448204028651331,Utsuroi,1e-06,0.9803921568627451,3.0
2009-08-14,0.199383225470182,0.0,20.0,0.34917897215306615,0.8887220088702482,2,0.03885593456594474,0.016072002571568628,0.6666666666666666,1e-06,0.12267022991679621,Utsuroi,1e-06,0.9803921568627451,3.0
2009-08-17,0.23598358163575553,1.0,0.9523809523809523,1.0686118656554275e-11,0.9999999999883139,1,1.2487901420390985e-22,0.33751205400260365,0.3333333333333333,1e-06,0.9758779426947097,Utsuroi,1e-06,0.9803921568627451,3.0
2009-08-18,0.24383732209819164,1.0,0.9523809523809523,0.15304253885077684,0.9645988781115542,2,0.0054178775719735525,0.33751205400260365,0.6666666666666666,1e-06,0.17906443231338087,Utsuroi,1e-06,0.9803921568627451,3.0
2009-08-19,0.2510858706510881,0.0,20.0,0.6461393345629928,0.6520962131722091,2,0.2247943213128541,0.016072002571568628,0.6666666666666666,1e-06,0.10959699396257805,Utsuroi,1e-06,0.9803921568627451,3.0
2009-08-20,0.26867769911248174,1.0,0.9523809523809523,2.7058244533468722e-11,0.9999999999719418,1,7.592062432021836e-22,0.33751205400260365,0.3333333333333333,1e-06,0.9771574774044406,Utsuroi,1e-06,0.9803921568627451,3.0
2009-08-21,0.26259827129392344,1.0,0.9523809523809523,8.31209545602158e-11,0.9999999999158791,1,6.992212203077236e-21,0.33751205400260365,0.3333333333333333,1e-06,1.0,Utsuroi,1e-06,0.9803921568627451,3.0
2009-08-24,0.2706995902648076,1.0,0.9523809523809523,1.2490564138454827e-11,0.9999999999865095,1,1.6850448032367493e-22,0.33751205400260365,0.3333333333333333,1e-06,1.0,Utsuroi,1e-06,0.9803921568627451,3.0
2009-08-25,0.26017750365576453,0.0,20.0,0.42168621371362314,0.8505889034664224,2,0.063004599584045,0.016072002571568628,0.6666666666666666,1e-06,0.05792275503058353,Utsuroi,1e-06,0.9803921568627451,3.0
2009-08-26,0.2670134213612475,1.0,0.9523809523809523,2.4519053453916546e-11,0.999999999974481,1,6.257024933342667e-22,0.33751205400260365,0.3333333333333333,1e-06,0.9759473401034708,Utsuroi,1e-06,0.9803921568627451,3.0
2009-08-27,0.26690338646860395,1.5,0.6451612903225806,0.2783027921920205,0.9201909358841193,2,0.022211085385681593,0.49823207971788014,0.6666666666666666,1e-06,0.031608866726010265,Utsuroi,1e-06,0.9803921568627451,3.0
2009-08-28,0.2675360871013045,1.0,0.9523809523809523,0.0,0.0,0,0.0,0.33751205400260365,0.0,1e-06,0.6998758652285055,Utsuroi,1e-06,0.9803921568627451,3.0
2009-08-31,0.2691728561293779,1.0,0.9523809523809523,0.6804653004472223,0.5794612444700711,2,0.2861620306313741,0.33751205400260365,0.6666666666666666,1e-06,0.09891842017494745,Utsuroi,1e-06,0.9803921568627451,3.0
2009-09-01,0.3039301278431713,1.0,0.9523809523809523,0.0,0.0,0,0.0,0.33751205400260365,0.0,1e-06,1.0,Utsuroi,1e-06,0.9803921568627451,3.0
2009-09-02,0.31194892064457275,1.5,0.6451612903225806,0.0,0.0,0,0.0,0.49823207971788014,0.0,1e-06,0.016823305030831626,Utsuroi,1e-06,0.9803921568627451,3.0
2009-09-03,0.3250843359539012,1.5,0.6451612903225806,0.0,0.0,0,0.0,0.49823207971788014,0.0,1e-06,1.0,Utsuroi,1e-06,0.9803921568627451,3.0
2009-09-04,0.3366104909583171,3.0,0.3278688524590164,0.0,0.0,0,0.0,0.9803921568627451,0.0,1e-06,0.0016249267829516745,Katashi,1e-06,0.9803921568627451,3.0
2009-09-08,0.311371237458194,3.0,0.3278688524590164,0.0,0.0,0,0.0,0.9803921568627451,0.0,1e-06,1.0,Katashi,1e-06,0.9803921568627451,3.0
2009-09-09,0.3268173855130377,1.0,0.9523809523809523,0.0,0.0,0,0.0,0.33751205400260365,0.0,1e-06,0.02335050674641259,Utsuroi,1e-06,0.9803921568627451,3.0
2009-09-10,0.3457846501324763,1.0,0.9523809523809523,1.9011014984271612e-11,0.999999999979989,1,3.804292851639155e-22,0.33751205400260365,0.3333333333333333,1e-06,0.41616559151979227,Utsuroi,1e-06,0.9803921568627451,3.0
2009-09-11,0.3250018097844185,1.0,0.9523809523809523,1.7188583889384223e-11,0.9999999999818114,1,3.126356197735756e-22,0.33751205400260365,0.3333333333333333,1e-06,1.0,Utsuroi,1e-06,0.9803921568627451,3.0
2009-09-14,0.3336533032185207,2.0,0.48780487804878053,1.7351009517883914e-11,0.999999999981649,1,3.1840815697631866e-22,0.6589521054329958,0.3333333333333333,1e-06,0.07035169117935991,Utsuroi,1e-06,0.9803921568627451,3.0
2009-09-15,0.3191699604743084,1.0,0.9523809523809523,0.0,0.0,0,0.0,0.33751205400260365,0.0,1e-06,0.22821031582372187,Utsuroi,1e-06,0.9803921568627451,3.0
2009-09-16,0.33538635277765716,1.0,0.9523809523809523,0.0,0.0,0,0.0,0.33751205400260365,0.0,1e-06,1.0,Utsuroi,1e-06,0.9803921568627451,3.0
2009-09-17,0.2870122630992196,3.0,0.3278688524590164,0.0,0.0,0,0.0,0.9803921568627451,0.0,1e-06,0.0028099432848412986,Katashi,1e-06,0.9803921568627451,3.0
2009-09-18,0.299872591176939,2.0,0.48780487804878053,0.0,0.0,0,0.0,0.6589521054329958,0.0,1e-06,0.0025266376692131276,Utsuroi,1e-06,0.9803921568627451,3.0
2009-09-21,0.30768506855463373,1.5,0.6451612903225806,1.1391321218973507e-10,0.9999999998850868,1,1.3090130604369202e-20,0.49823207971788014,0.3333333333333333,1e-06,0.8821711113728226,Utsuroi,1e-06,0.9803921568627451,3.0
2009-09-22,0.300022734378839,2.0,0.48780487804878053,0.0,0.0,0,0.0,0.6589521054329958,0.0,1e-06,0.45492890356018545,Utsuroi,1e-06,0.9803921568627451,3.0
2009-09-23,0.3276347881280482,2.0,0.48780487804878053,2.4340751636166283e-11,0.9999999999746593,1,6.168124033982056e-22,0.6589521054329958,0.3333333333333333,1e-06,0.6506810636407454,Utsuroi,1e-06,0.9803921568627451,3.0
2009-09-24,0.36489721838432027,2.0,0.48780487804878053,0.6927753329129375,0.5136345436117805,2,0.3369419909667015,0.6589521054329958,0.6666666666666666,1e-06,0.2702837248898301,Utsuroi,1e-06,0.9803921568627451,3.0
2009-09-25,0.3708671590760932,1.0,0.9523809523809523,3.823386052127199e-11,0.9999999999607662,1,1.5000611051119988e-21,0.33751205400260365,0.3333333333333333,1e-06,0.4532384030398312,Utsuroi,1e-06,0.9803921568627451,3.0
2009-09-28,0.3986454655873193,1.0,0.9523809523809523,0.6446858442761838,0.6543912120914618,2,0.2228090932220845,0.33751205400260365,0.6666666666666666,1e-06,0.16947335029484756,Utsuroi,1e-06,0.9803921568627451,3.0
2009-09-29,0.4118017902068117,2.0,0.48780487804878053,3.1073810191114715e-11,0.9999999999679262,1,9.966548025943751e-22,0.6589521054329958,0.3333333333333333,1e-06,0.6240472257967231,Utsuroi,1e-06,0.9803921568627451,3.0
2009-09-30,0.4087962621309752,3.0,0.3278688524590164,3.940359149997048e-11,0.9999999999595964,1,1.5920457429534361e-21,0.9803921568627451,0.3333333333333333,1e-06,0.031137723801286543,Katashi,1e-06,0.9803921568627451,3.0
2009-10-01,0.44697280383919225,1.5,0.6451612903225806,5.428375525382582e-10,0.9999999994561625,1,2.952154340700384e-19,0.49823207971788014,0.3333333333333333,1e-06,0.10840201956979012,Utsuroi,1e-06,0.9803921568627451,3.0
2009-10-02,0.4110303529404176,1.5,0.6451612903225806,5.368361310892771e-11,0.9999999999453164,1,2.9356127420443368e-21,0.49823207971788014,0.3333333333333333,1e-06,1.0,Utsuroi,1e-06,0.9803921568627451,3.0
2009-10-05,0.4522005156547918,1.0,0.9523809523809523,0.0,0.0,0,0.0,0.33751205400260365,0.0,1e-06,0.47049853103002803,Utsuroi,1e-06,0.9803921568627451,3.0
2009-10-06,0.4346905140895114,1.0,0.9523809523809523,0.0,0.0,0,0.0,0.33751205400260365,0.0,1e-06,1.0,Utsuroi,1e-06,0.9803921568627451,3.0
2009-10-07,0.4417049451328779,2.0,0.48780487804878053,0.0,0.0,0,0.0,0.6589521054329958,0.0,1e-06,0.00785010222540583,Utsuroi,1e-06,0.9803921568627451,3.0
2009-10-08,0.4403915687218425,3.0,0.3278688524590164,0.0,0.0,0,0.0,0.9803921568627451,0.0,1e-06,0.0011422864142766054,Katashi,1e-06,0.9803921568627451,3.0
2009-10-09,0.4391530992821997,1.0,0.9523809523809523,0.0,0.0,0,0.0,0.33751205400260365,0.0,1e-06,0.02335050674641259,Utsuroi,1e-06,0.9803921568627451,3.0
2009-10-12,0.4155410531525062,3.0,0.3278688524590164,0.0,0.0,0,0.0,0.9803921568627451,0.0,1e-06,0.0028099432848412986,Katashi,1e-06,0.9803921568627451,3.0
2009-10-13,0.4235259553701478,1.0,0.9523809523809523,0.0,0.0,0,0.0,0.33751205400260365,0.0,1e-06,0.02335050674641259,Utsuroi,1e-06,0.9803921568627451,3.0
2009-10-14,0.4281281782071518,3.0,0.3278688524590164,0.0,0.0,0,0.0,0.9803921568627451,0.0,1e-06,0.0028099432848412986,Katashi,1e-06,0.9803921568627451,3.0
2009-10-15,0.43563913772434365,2.0,0.48780487804878053,8.364919867528787e-11,0.9999999999153508,1,7.08083578752856e-21,0.6589521054329958,0.3333333333333333,1e-06,0.469716124235679,Utsuroi,1e-06,0.9803921568627451,3.0
2009-10-16,0.41379599170258036,2.0,0.48780487804878053,4.686329102440015e-11,0.9999999999521367,1,2.2430303000190715e-21,0.6589521054329958,0.3333333333333333,1e-06,1.0,Utsuroi,1e-06,0.9803921568627451,3.0
2009-10-19,0.4253822506989009,1.0,0.9523809523809523,5.1965209911505384e-11,0.9999999999470348,1,2.7523471015713565e-21,0.33751205400260365,0.3333333333333333,1e-06,0.21210217620038418,Utsuroi,1e-06,0.9803921568627451,3.0
2009-10-20,0.4250597283046207,1.0,0.9523809523809523,5.723799212206447e-11,0.999999999941762,1,3.3334244681817736e-21,0.33751205400260365,0.3333333333333333,1e-06,1.0,Utsuroi,1e-06,0.9803921568627451,3.0
2009-10-21,0.42708157672344,2.0,0.48780487804878053,0.0,0.0,0,0.0,0.6589521054329958,0.0,1e-06,0.21096851690335927,Utsuroi,1e-06,0.9803921568627451,3.0
2009-10-22,0.41558282166598615,2.0,0.48780487804878053,0.0,0.0,0,0.0,0.6589521054329958,0.0,1e-06,1.0,Utsuroi,1e-06,0.9803921568627451,3.0
2009-10-23,0.42601181236129276,2.0,0.48780487804878053,0.0,0.0,0,0.0,0.6589521054329958,0.0,1e-06,1.0,Utsuroi,1e-06,0.9803921568627451,3.0
2009-10-26,0.4424971042788637,2.0,0.48780487804878053,0.0,0.0,0,0.0,0.6589521054329958,0.0,1e-06,1.0,Utsuroi,1e-06,0.9803921568627451,3.0
2009-10-27,0.42878336909071396,2.0,0.48780487804878053,0.0,0.0,0,0.0,0.6589521054329958,0.0,1e-06,1.0,Utsuroi,1e-06,0.9803921568627451,3.0
2009-10-28,0.44066807105047345,1.0,0.9523809523809523,2.9415248014679015e-11,0.9999999999695848,1,8.94671413077464e-22,0.33751205400260365,0.3333333333333333,1e-06,0.7273543250079607,Utsuroi,1e-06,0.9803921568627451,3.0
2009-10-29,0.46859995866259313,1.0,0.9523809523809523,0.0,0.0,0,0.0,0.33751205400260365,0.0,1e-06,1.0,Utsuroi,1e-06,0.9803921568627451,3.0
2009-10-30,0.46670806490026645,1.0,0.9523809523809523,0.0,0.0,0,0.0,0.33751205400260365,0.0,1e-06,1.0,Utsuroi,1e-06,0.9803921568627451,3.0
2009-11-02,0.4397110226577288,1.0,0.9523809523809523,0.0,0.0,0,0.0,0.33751205400260365,0.0,1e-06,1.0,Utsuroi,1e-06,0.9803921568627451,3.0
2009-11-03,0.4327647744340892,1.0,0.9523809523809523,0.0,0.0,0,0.0,0.33751205400260365,0.0,1e-06,1.0,Utsuroi,1e-06,0.9803921568627451,3.0
2009-11-04,0.40595073988623115,2.0,0.48780487804878053,0.0,0.0,0,0.0,0.6589521054329958,0.0,1e-06,0.00785010222540583,Utsuroi,1e-06,0.9803921568627451,3.0
2009-11-05,0.4147549609969802,2.0,0.48780487804878053,0.0,0.0,0,0.0,0.6589521054329958,0.0,1e-06,1.0,Utsuroi,1e-06,0.9803921568627451,3.0
2009-11-06,0.4103052089491695,2.0,0.48780487804878053,0.0,0.0,0,0.0,0.6589521054329958,0.0,1e-06,1.0,Utsuroi,1e-06,0.9803921568627451,3.0
2009-11-09,0.4414782869714025,2.0,0.48780487804878053,0.0,0.0,0,0.0,0.6589521054329958,0.0,1e-06,1.0,Utsuroi,1e-06,0.9803921568627451,3.0
2009-11-10,0.4500746851629951,2.0,0.48780487804878053,0.0,0.0,0,0.0,0.6589521054329958,0.0,1e-06,1.0,Utsuroi,1e-06,0.9803921568627451,3.0
2009-11-11,0.45045443935029933,1.5,0.6451612903225806,0.0,0.0,0,0.0,0.49823207971788014,0.0,1e-06,0.008500771377848215,Utsuroi,1e-06,0.9803921568627451,3.0
2009-11-12,0.47066455990875083,1.0,0.9523809523809523,0.0,0.0,0,0.0,0.33751205400260365,0.0,1e-06,0.036274597327573876,Utsuroi,1e-06,0.9803921568627451,3.0
2009-11-13,0.4739335079898259,2.0,0.48780487804878053,0.0,0.0,0,0.0,0.6589521054329958,0.0,1e-06,0.00785010222540583,Utsuroi,1e-06,0.9803921568627451,3.0
2009-11-16,0.5003358141260472,1.0,0.9523809523809523,0.0,0.0,0,0.0,0.33751205400260365,0.0,1e-06,0.029530414611866895,Utsuroi,1e-06,0.9803921568627451,3.0
2009-11-17,0.5018163217799629,0.5,1.8181818181818181,0.0,0.0,0,0.0,0.1767920282871665,0.0,1e-06,0.3280822072797074,Utsuroi,1e-06,0.9803921568627451,3.0
2009-11-18,0.4899759480747387,2.0,0.48780487804878053,0.0,0.0,0,0.0,0.6589521054329958,0.0,1e-06,0.019887745198816753,Utsuroi,1e-06,0.9803921568627451,3.0
2009-11-19,0.5050402881229241,2.0,0.48780487804878053,0.0,0.0,0,0.0,0.6589521054329958,0.0,1e-06,1.0,Utsuroi,1e-06,0.9803921568627451,3.0
2009-11-20,0.5131173969290043,2.0,0.48780487804878053,0.0,0.0,0,0.0,0.6589521054329958,0.0,1e-06,1.0,Utsuroi,1e-06,0.9803921568627451,3.0
2009-11-23,0.529847591319153,1.0,0.9523809523809523,0.0,0.0,0,0.0,0.33751205400260365,0.0,1e-06,0.029530414611866895,Utsuroi,1e-06,0.9803921568627451,3.0
2009-11-24,0.503396984839183,2.0,0.48780487804878053,0.0,0.0,0,0.0,0.6589521054329958,0.0,1e-06,0.00785010222540583,Utsuroi,1e-06,0.9803921568627451,3.0
2009-11-25,0.4591165628952295,3.0,0.3278688524590164,0.0,0.0,0,0.0,0.9803921568627451,0.0,1e-06,0.0011422864142766054,Katashi,1e-06,0.9803921568627451,3.0
2009-11-27,0.5002157287052442,3.0,0.3278688524590164,0.0,0.0,0,0.0,0.9803921568627451,0.0,1e-06,1.0,Katashi,1e-06,0.9803921568627451,3.0
2009-11-30,0.4666732685844147,3.0,0.3278688524590164,0.0,0.0,0,0.0,0.9803921568627451,0.0,1e-06,1.0,Katashi,1e-06,0.9803921568627451,3.0
2009-12-01,0.4382552618864743,2.0,0.48780487804878053,0.0,0.0,0,0.0,0.6589521054329958,0.0,1e-06,0.0025266376692131276,Utsuroi,1e-06,0.9803921568627451,3.0
2009-12-02,0.4336732123320257,1.0,0.9523809523809523,0.0,0.0,0,0.0,0.33751205400260365,0.0,1e-06,0.029530414611866895,Utsuroi,1e-06,0.9803921568627451,3.0
2009-12-03,0.4687659439701569,2.0,0.48780487804878053,0.0,0.0,0,0.0,0.6589521054329958,0.0,1e-06,0.00785010222540583,Utsuroi,1e-06,0.9803921568627451,3.0
2009-12-04,0.4566205979701188,2.0,0.48780487804878053,0.0,0.0,0,0.0,0.6589521054329958,0.0,1e-06,1.0,Utsuroi,1e-06,0.9803921568627451,3.0
2009-12-07,0.47488267728555256,2.0,0.48780487804878053,0.0,0.0,0,0.0,0.6589521054329958,0.0,1e-06,1.0,Utsuroi,1e-06,0.9803921568627451,3.0
2009-12-08,0.4642811460574951,2.0,0.48780487804878053,3.6765024351436715e-10,0.9999999996313498,1,1.3553434369161424e-19,0.6589521054329958,0.3333333333333333,1e-06,0.6506810636407454,Utsuroi,1e-06,0.9803921568627451,3.0
2009-12-09,0.44865893589340655,2.0,0.48780487804878053,0.0,0.0,0,0.0,0.6589521054329958,0.0,1e-06,1.0,Utsuroi,1e-06,0.9803921568627451,3.0
2009-12-10,0.41644545575374,2.0,0.48780487804878053,0.0,0.0,0,0.0,0.6589521054329958,0.0,1e-06,1.0,Utsuroi,1e-06,0.9803921568627451,3.0
2009-12-11,0.4020581526790078,1.0,0.9523809523809523,0.6921426331370537,0.5224077110538269,2,0.33056198443715684,0.33751205400260365,0.6666666666666666,1e-06,0.30928366412887187,Utsuroi,1e-06,0.9803921568627451,3.0
2009-12-14,0.38417764967358714,2.0,0.48780487804878053,1.2230272349661828e-10,0.9999999998766973,1,1.5080256193569922e-20,0.6589521054329958,0.3333333333333333,1e-06,0.7019549202738167,Utsuroi,1e-06,0.9803921568627451,3.0
2009-12-15,0.3812296399252922,2.0,0.48780487804878053,1.675848348965217e-11,0.9999999999822415,1,2.9760488163874923e-22,0.6589521054329958,0.3333333333333333,1e-06,1.0,Utsuroi,1e-06,0.9803921568627451,3.0
2009-12-16,0.3685343641865381,1.0,0.9523809523809523,1.41363587501356e-11,0.9999999999848637,1,2.1397268474371148e-22,0.33751205400260365,0.3333333333333333,1e-06,0.21210217620038418,Utsuroi,1e-06,0.9803921568627451,3.0
2009-12-17,0.33308937439372216,1.0,0.9523809523809523,0.0,0.0,0,0.0,0.33751205400260365,0.0,1e-06,1.0,Utsuroi,1e-06,0.9803921568627451,3.0
2009-12-18,0.34135574570357186,1.0,0.9523809523809523,3.644760048658265e-10,0.999999999634524,1,1.3320722608932549e-19,0.33751205400260365,0.3333333333333333,1e-06,0.41616559151979227,Utsuroi,1e-06,0.9803921568627451,3.0
2009-12-21,0.3354001071392376,1.0,0.9523809523809523,0.0,0.0,0,0.0,0.33751205400260365,0.0,1e-06,1.0,Utsuroi,1e-06,0.9803921568627451,3.0
2009-12-22,0.3262259479650785,1.0,0.9523809523809523,6.12757622400804e-11,0.9999999999377243,1,3.815993444936472e-21,0.33751205400260365,0.3333333333333333,1e-06,0.41616559151979227,Utsuroi,1e-06,0.9803921568627451,3.0
2009-12-23,0.31893613632744067,1.0,0.9523809523809523,6.665368257101528e-11,0.9999999999323463,1,4.509365608507074e-21,0.33751205400260365,0.3333333333333333,1e-06,1.0,Utsuroi,1e-06,0.9803921568627451,3.0
2009-12-24,0.2973142799229756,2.0,0.48780487804878053,5.7671978302365066e-11,0.999999999941328,1,3.3837277839067055e-21,0.6589521054329958,0.3333333333333333,1e-06,0.07035169117935991,Utsuroi,1e-06,0.9803921568627451,3.0
2009-12-28,0.2956224934485804,1.0,0.9523809523809523,1.8798296252757664e-11,0.9999999999802017,1,3.7217382241222685e-22,0.33751205400260365,0.3333333333333333,1e-06,0.21210217620038418,Utsuroi,1e-06,0.9803921568627451,3.0
2009-12-29,0.30105546627285756,1.0,0.9523809523809523,4.1088688006677037e-11,0.9999999999579113,1,1.7293680612006393e-21,0.33751205400260365,0.3333333333333333,1e-06,1.0,Utsuroi,1e-06,0.9803921568627451,3.0
2009-12-30,0.27746673616238837,1.0,0.9523809523809523,3.4459990416107104e-11,0.99999999996454,1,1.2219501676016852e-21,0.33751205400260365,0.3333333333333333,1e-06,1.0,Utsuroi,1e-06,0.9803921568627451,3.0
2009-12-31,0.25437316306881536,1.0,0.9523809523809523,0.0,0.0,0,0.0,0.33751205400260365,0.0,1e-06,1.0,Utsuroi,1e-06,0.9803921568627451,3.0
2010-01-04,0.3324704281226021,2.0,0.48780487804878053,6.596216903836426e-10,0.9999999993393783,1,4.357603816669273e-19,0.6589521054329958,0.3333333333333333,1e-06,0.04889998628343517,Utsuroi,1e-06,0.9803921568627451,3.0
2010-01-05,0.3544223892049979,1.0,0.9523809523809523,2.1300483596872737e-10,0.9999999997859952,1,4.558406027487731e-20,0.33751205400260365,0.3333333333333333,1e-06,0.21210217620038418,Utsuroi,1e-06,0.9803921568627451,3.0
2010-01-06,0.3318514818514819,1.0,0.9523809523809523,0.0,0.0,0,0.0,0.33751205400260365,0.0,1e-06,1.0,Utsuroi,1e-06,0.9803921568627451,3.0
2010-01-07,0.341176939003026,0.5,1.8181818181818181,1.4936207824980215e-10,0.9999999998496379,1,2.2458389194892103e-20,0.1767920282871665,0.3333333333333333,1e-06,0.6098035887439184,Utsuroi,1e-06,0.9803921568627451,3.0
2010-01-08,0.316983016983017,1.0,0.9523809523809523,0.0,0.0,0,0.0,0.33751205400260365,0.0,1e-06,0.49423842673747165,Utsuroi,1e-06,0.9803921568627451,3.0
2010-01-11,0.2992261361826579,1.5,0.6451612903225806,8.187917010727624e-11,0.9999999999171209,1,6.786075856536643e-21,0.49823207971788014,0.3333333333333333,1e-06,0.14637997376608014,Utsuroi,1e-06,0.9803921568627451,3.0
2010-01-12,0.33311688311688314,2.0,0.48780487804878053,0.0,0.0,0,0.0,0.6589521054329958,0.0,1e-06,0.45492890356018545,Utsuroi,1e-06,0.9803921568627451,3.0
2010-01-13,0.33947139816705035,2.0,0.48780487804878053,0.0,0.0,0,0.0,0.6589521054329958,0.0,1e-06,1.0,Utsuroi,1e-06,0.9803921568627451,3.0
2010-01-14,0.34695377086681434,1.5,0.6451612903225806,2.4208857140844145e-11,0.9999999999747912,1,6.102770856727627e-22,0.49823207971788014,0.3333333333333333,1e-06,0.8821711113728226,Utsuroi,1e-06,0.9803921568627451,3.0
2010-01-15,0.37381603903343036,2.0,0.48780487804878053,1.1963874335579619e-11,0.9999999999870361,1,1.5509789879264e-22,0.6589521054329958,0.3333333333333333,1e-06,0.06755834428619123,Utsuroi,1e-06,0.9803921568627451,3.0
2010-01-19,0.33846732977167765,1.0,0.9523809523809523,0.53621448201198,0.7725191331364415,2,0.1219785351928792,0.33751205400260365,0.6666666666666666,1e-06,0.7900849556553865,Utsuroi,1e-06,0.9803921568627451,3.0
2010-01-20,0.3435839522796045,2.0,0.48780487804878053,0.0,0.0,0,0.0,0.6589521054329958,0.0,1e-06,0.4899440808775022,Utsuroi,1e-06,0.9803921568627451,3.0
2010-01-21,0.35073622030143775,0.0,20.0,8.022513761190259e-10,0.9999999991967486,1,6.444095043726203e-19,0.016072002571568628,0.3333333333333333,1e-06,0.13427655756599421,Utsuroi,1e-06,0.9803921568627451,3.0
2010-01-22,0.37779104953018006,1.0,0.9523809523809523,1.8364021412936224e-10,0.9999999998153598,1,3.39073644003002e-20,0.33751205400260365,0.3333333333333333,1e-06,0.8988867083203133,Utsuroi,1e-06,0.9803921568627451,3.0
2010-01-25,0.38402177532612325,1.0,0.9523809523809523,0.3354595455146161,0.8952204574001444,2,0.0351492977397769,0.33751205400260365,0.6666666666666666,1e-06,0.1830469624160559,Utsuroi,1e-06,0.9803921568627451,3.0
2010-01-26,0.40364924930142326,1.0,0.9523809523809523,5.35242961049027e-11,0.9999999999454757,1,2.9183733856602414e-21,0.33751205400260365,0.3333333333333333,1e-06,0.43442666268291463,Utsuroi,1e-06,0.9803921568627451,3.0
2010-01-27,0.3971159275507102,2.0,0.48780487804878053,4.4151793331484234e-11,0.9999999999548482,1,1.9935316710489485e-21,0.6589521054329958,0.3333333333333333,1e-06,0.07035169117935991,Utsuroi,1e-06,0.9803921568627451,3.0
2010-01-28,0.39140786749482404,1.0,0.9523809523809523,0.0,0.0,0,0.0,0.33751205400260365,0.0,1e-06,0.22821031582372187,Utsuroi,1e-06,0.9803921568627451,3.0
2010-01-29,0.39208183121226603,0.0,20.0,4.056466273907589e-11,0.9999999999584354,1,1.6860556285489514e-21,0.016072002571568628,0.3333333333333333,1e-06,0.04258608023175603,Utsuroi,1e-06,0.9803921568627451,3.0
2010-02-01,0.38897334549508467,2.0,0.48780487804878053,7.915823551874671e-11,0.9999999999198418,1,6.3451827350980584e-21,0.6589521054329958,0.3333333333333333,1e-06,0.5689223844138609,Utsuroi,1e-06,0.9803921568627451,3.0
2010-02-02,0.4179125222603484,2.0,0.48780487804878053,6.736589064126389e-11,0.9999999999316341,1,4.605527622440007e-21,0.6589521054329958,0.3333333333333333,1e-06,1.0,Utsuroi,1e-06,0.9803921568627451,3.0
2010-02-03,0.4193704845878759,2.0,0.48780487804878053,1.488014156224506e-10,0.9999999998501986,1,2.229065941679398e-20,0.6589521054329958,0.3333333333333333,1e-06,1.0,Utsuroi,1e-06,0.9803921568627451,3.0
2010-02-04,0.40202623463493037,2.0,0.48780487804878053,0.0,0.0,0,0.0,0.6589521054329958,0.0,1e-06,1.0,Utsuroi,1e-06,0.9803921568627451,3.0
2010-02-05,0.383677916286612,0.5,1.8181818181818181,0.0,0.0,0,0.0,0.1767920282871665,0.0,1e-06,0.22941412071482858,Utsuroi,1e-06,0.9803921568627451,3.0
2010-02-08,0.4062075605553866,2.0,0.48780487804878053,0.0,0.0,0,0.0,0.6589521054329958,0.0,1e-06,0.019887745198816753,Utsuroi,1e-06,0.9803921568627451,3.0
2010-02-09,0.400637044115305,2.5,0.3921568627450981,7.519118660746623e-11,0.9999999999238088,1,5.728904066906098e-21,0.8196721311479507,0.3333333333333333,1e-06,0.23632422274520914,Utsuroi,1e-06,0.9803921568627451,3.0
2010-02-10,0.39752855839812373,3.0,0.3278688524590164,0.0,0.0,0,0.0,0.9803921568627451,0.0,1e-06,0.4532537761308484,Katashi,1e-06,0.9803921568627451,3.0
2010-02-11,0.39820252211556567,3.0,0.3278688524590164,0.0,0.0,0,0.0,0.9803921568627451,0.0,1e-06,1.0,Katashi,1e-06,0.9803921568627451,3.0
2010-02-12,0.39864266168614,3.0,0.3278688524590164,0.0,0.0,0,0.0,0.9803921568627451,0.0,1e-06,1.0,Katashi,1e-06,0.9803921568627451,3.0
2010-02-16,0.4493825015564147,3.0,0.3278688524590164,2.072675364455833e-10,0.9999999997917325,1,4.31670946200474e-20,0.9803921568627451,0.3333333333333333,1e-06,0.7567764513450342,Katashi,1e-06,0.9803921568627451,3.0
2010-02-17,0.4325471629819457,1.0,0.9523809523809523,0.0,0.0,0,0.0,0.33751205400260365,0.0,1e-06,0.08761345091870543,Utsuroi,1e-06,0.9803921568627451,3.0
2010-02-18,0.42649524388654836,2.0,0.48780487804878053,0.0,0.0,0,0.0,0.6589521054329958,0.0,1e-06,0.00785010222540583,Utsuroi,1e-06,0.9803921568627451,3.0
2010-02-19,0.42257525083612035,1.5,0.6451612903225806,0.0,0.0,0,0.0,0.49823207971788014,0.0,1e-06,0.008500771377848215,Utsuroi,1e-06,0.9803921568627451,3.0
2010-02-22,0.41814634640721604,1.0,0.9523809523809523,0.0,0.0,0,0.0,0.33751205400260365,0.0,1e-06,0.036274597327573876,Utsuroi,1e-06,0.9803921568627451,3.0
2010-02-23,0.41265835613661705,1.5,0.6451612903225806,0.0,0.0,0,0.0,0.49823207971788014,0.0,1e-06,0.016823305030831626,Utsuroi,1e-06,0.9803921568627451,3.0
2010-02-24,0.40447451099625015,1.0,0.9523809523809523,0.0,0.0,0,0.0,0.33751205400260365,0.0,1e-06,0.036274597327573876,Utsuroi,1e-06,0.9803921568627451,3.0
2010-02-25,0.39722596244335384,1.0,0.9523809523809523,0.0,0.0,0,0.0,0.33751205400260365,0.0,1e-06,1.0,Utsuroi,1e-06,0.9803921568627451,3.0
2010-02-26,0.38117462247897027,1.0,0.9523809523809523,0.0,0.0,0,0.0,0.33751205400260365,0.0,1e-06,1.0,Utsuroi,1e-06,0.9803921568627451,3.0
2010-03-01,0.3860986839247709,1.0,0.9523809523809523,0.0,0.0,0,0.0,0.33751205400260365,0.0,1e-06,1.0,Utsuroi,1e-06,0.9803921568627451,3.0
2010-03-02,0.39313789754363854,0.0,20.0,2.5889868023829514e-10,0.9999999997401013,1,6.728741959082898e-20,0.016072002571568628,0.3333333333333333,1e-06,0.04258608023175603,Utsuroi,1e-06,0.9803921568627451,3.0
2010-03-03,0.4071916976555801,1.5,0.6451612903225806,0.0,0.0,0,0.0,0.49823207971788014,0.0,1e-06,0.6780091372893255,Utsuroi,1e-06,0.9803921568627451,3.0
2010-03-04,0.39203463982523734,1.0,0.9523809523809523,0.0,0.0,0,0.0,0.33751205400260365,0.0,1e-06,0.036274597327573876,Utsuroi,1e-06,0.9803921568627451,3.0
2010-03-05,0.36489648026011395,1.0,0.9523809523809523,0.0,0.0,0,0.0,0.33751205400260365,0.0,1e-06,1.0,Utsuroi,1e-06,0.9803921568627451,3.0
2010-03-08,0.34340294577509206,1.0,0.9523809523809523,5.0214943313274996e-11,0.9999999999487851,1,2.5717543644936053e-21,0.33751205400260365,0.3333333333333333,1e-06,0.41616559151979227,Utsuroi,1e-06,0.9803921568627451,3.0
2010-03-09,0.2970186349616908,1.0,0.9523809523809523,1.6677548231158427e-11,0.9999999999823225,1,2.9481779430031727e-22,0.33751205400260365,0.3333333333333333,1e-06,1.0,Utsuroi,1e-06,0.9803921568627451,3.0
2010-03-10,0.2964413674557861,1.0,0.9523809523809523,2.401534526765684e-11,0.9999999999749847,1,6.0075162233918e-22,0.33751205400260365,0.3333333333333333,1e-06,1.0,Utsuroi,1e-06,0.9803921568627451,3.0
2010-03-11,0.244811094380583,1.0,0.9523809523809523,3.39973604817621e-11,0.9999999999650027,1,1.1898171281493512e-21,0.33751205400260365,0.3333333333333333,1e-06,1.0,Utsuroi,1e-06,0.9803921568627451,3.0
2010-03-12,0.24242526235466563,1.0,0.9523809523809523,1.095845636395121e-10,0.9999999998894155,1,1.211835872817274e-20,0.33751205400260365,0.3333333333333333,1e-06,1.0,Utsuroi,1e-06,0.9803921568627451,3.0
2010-03-15,0.2623559428549848,1.0,0.9523809523809523,2.924461783418094e-10,0.9999999997065538,1,8.58172069482499e-20,0.33751205400260365,0.3333333333333333,1e-06,1.0,Utsuroi,1e-06,0.9803921568627451,3.0
2010-03-16,0.31248731098136356,1.0,0.9523809523809523,0.0,0.0,0,0.0,0.33751205400260365,0.0,1e-06,1.0,Utsuroi,1e-06,0.9803921568627451,3.0
2010-03-17,0.31040283255502843,1.0,0.9523809523809523,4.5282666504315714e-11,0.9999999999537174,1,2.0958015505633946e-21,0.33751205400260365,0.3333333333333333,1e-06,0.41616559151979227,Utsuroi,1e-06,0.9803921568627451,3.0
2010-03-18,0.2648521422428163,1.0,0.9523809523809523,0.5229511534371153,0.783104008218378,2,0.11342600907808631,0.33751205400260365,0.6666666666666666,1e-06,0.19599859100118977,Utsuroi,1e-06,0.9803921568627451,3.0
2010-03-19,0.3180924312627765,1.0,0.9523809523809523,1.5050294343992778e-11,0.9999999999839497,1,2.415613212483456e-22,0.33751205400260365,0.3333333333333333,1e-06,0.5500043685926195,Utsuroi,1e-06,0.9803921568627451,3.0
2010-03-22,0.3160836453966889,1.0,0.9523809523809523,1.3711254354012974e-11,0.9999999999852888,1,2.017094469993982e-22,0.33751205400260365,0.3333333333333333,1e-06,1.0,Utsuroi,1e-06,0.9803921568627451,3.0
2010-03-23,0.3108874232255038,0.0,20.0,1.3907985873973637e-11,0.999999999985092,1,2.0733974927759147e-22,0.016072002571568628,0.3333333333333333,1e-06,0.06568554240211066,Utsuroi,1e-06,0.9803921568627451,3.0
2010-03-24,0.33957226478337244,1.0,0.9523809523809523,0.0,0.0,0,0.0,0.33751205400260365,0.0,1e-06,0.8782523794038303,Utsuroi,1e-06,0.9803921568627451,3.0
2010-03-25,0.32277971474869094,1.0,0.9523809523809523,0.0,0.0,0,0.0,0.33751205400260365,0.0,1e-06,1.0,Utsuroi,1e-06,0.9803921568627451,3.0
2010-03-26,0.290420111196156,1.5,0.6451612903225806,0.0,0.0,0,0.0,0.49823207971788014,0.0,1e-06,0.016823305030831626,Utsuroi,1e-06,0.9803921568627451,3.0
2010-03-29,0.2757817627429976,1.0,0.9523809523809523,0.0,0.0,0,0.0,0.33751205400260365,0.0,1e-06,0.036274597327573876,Utsuroi,1e-06,0.9803921568627451,3.0
2010-03-30,0.2767287411427746,0.5,1.8181818181818181,0.0,0.0,0,0.0,0.1767920282871665,0.0,1e-06,0.3280822072797074,Utsuroi,1e-06,0.9803921568627451,3.0
2010-03-31,0.28011990026007966,1.0,0.9523809523809523,4.148759113940799e-11,0.9999999999575124,1,1.7627068919506385e-21,0.33751205400260365,0.3333333333333333,1e-06,0.1075524037771074,Utsuroi,1e-06,0.9803921568627451,3.0
2010-04-01,0.28409534586162455,1.0,0.9523809523809523,1.872223487176475e-10,0.9999999998117777,1,3.523942606970598e-20,0.33751205400260365,0.3333333333333333,1e-06,1.0,Utsuroi,1e-06,0.9803921568627451,3.0
2010-04-05,0.2816205533596837,2.0,0.48780487804878053,0.6897682167876392,0.5410801427509699,2,0.3165483315831014,0.6589521054329958,0.6666666666666666,1e-06,0.06183508379443248,Utsuroi,1e-06,0.9803921568627451,3.0
2010-04-06,0.28027389433324973,1.0,0.9523809523809523,0.5649271808337915,0.7476269870126948,2,0.14257237474544815,0.33751205400260365,0.6666666666666666,1e-06,0.36091978739316866,Utsuroi,1e-06,0.9803921568627451,3.0
2010-04-07,0.2541595664387113,1.5,0.6451612903225806,6.952078910124154e-10,0.9999999993037921,1,4.840092044062337e-19,0.49823207971788014,0.3333333333333333,1e-06,0.912613113326906,Utsuroi,1e-06,0.9803921568627451,3.0
2010-04-08,0.25594116223169283,1.0,0.9523809523809523,6.523603879096632e-11,0.999999999933764,1,4.320975352937106e-21,0.33751205400260365,0.3333333333333333,1e-06,0.21757759445667857,Utsuroi,1e-06,0.9803921568627451,3.0
2010-04-09,0.26578928318058753,0.0,20.0,2.9783175925028534e-11,0.9999999999692168,1,9.168200852652421e-22,0.016072002571568628,0.3333333333333333,1e-06,0.06568554240211066,Utsuroi,1e-06,0.9803921568627451,3.0
2010-04-12,0.25650508911378483,1.0,0.9523809523809523,0.49867103473751834,0.8012454310397032,2,0.09911314656224063,0.33751205400260365,0.6666666666666666,1e-06,0.7273917513242222,Utsuroi,1e-06,0.9803921568627451,3.0
2010-04-13,0.254455689238298,1.0,0.9523809523809523,1.3470335957672829e-11,0.9999999999855297,1,1.9491998878464795e-22,0.33751205400260365,0.3333333333333333,1e-06,0.5267181287407298,Utsuroi,1e-06,0.9803921568627451,3.0
2010-04-14,0.2681000159261029,1.0,0.9523809523809523,9.868550420791282e-11,0.9999999999003145,1,9.837512062375067e-21,0.33751205400260365,0.3333333333333333,1e-06,1.0,Utsuroi,1e-06,0.9803921568627451,3.0
2010-04-15,0.2479773849339067,1.0,0.9523809523809523,2.9688740350590426e-10,0.9999999997021126,1,8.843901120949575e-20,0.33751205400260365,0.3333333333333333,1e-06,1.0,Utsuroi,1e-06,0.9803921568627451,3.0
2010-04-16,0.23319144623492455,1.0,0.9523809523809523,0.0,0.0,0,0.0,0.33751205400260365,0.0,1e-06,1.0,Utsuroi,1e-06,0.9803921568627451,3.0
2010-04-19,0.21888691019125803,0.0,20.0,3.2126967752239804e-11,0.999999999966873,1,1.0642683140195192e-21,0.016072002571568628,0.3333333333333333,1e-06,0.04258608023175603,Utsuroi,1e-06,0.9803921568627451,3.0
2010-04-20,0.22636928289102196,1.0,0.9523809523809523,2.208055960268911e-11,0.9999999999769195,1,5.096311835165059e-22,0.33751205400260365,0.3333333333333333,1e-06,0.8988867083203133,Utsuroi,1e-06,0.9803921568627451,3.0
2010-04-21,0.171998291563509,1.0,0.9523809523809523,0.6413562232754406,0.659515647822287,2,0.21837175819708304,0.33751205400260365,0.6666666666666666,1e-06,0.1711932668105729,Utsuroi,1e-06,0.9803921568627451,3.0
2010-04-22,0.1720945720945721,2.0,0.48780487804878053,6.275213681813389e-11,0.9999999999362479,1,4.000581424002213e-21,0.6589521054329958,0.3333333333333333,1e-06,0.6203451092957166,Utsuroi,1e-06,0.9803921568627451,3.0
2010-04-23,0.16435086652477954,1.0,0.9523809523809523,0.0,0.0,0,0.0,0.33751205400260365,0.0,1e-06,0.22821031582372187,Utsuroi,1e-06,0.9803921568627451,3.0
2010-04-26,0.19648105517670736,1.0,0.9523809523809523,0.3231720419394894,0.9008677933630557,2,0.0320367576408287,0.33751205400260365,0.6666666666666666,1e-06,0.17715223800400948,Utsuroi,1e-06,0.9803921568627451,3.0
2010-04-27,0.2063154237067281,2.0,0.48780487804878053,0.0,0.0,0,0.0,0.6589521054329958,0.0,1e-06,0.4584293985826393,Utsuroi,1e-06,0.9803921568627451,3.0
2010-04-28,0.21390783129913565,2.0,0.48780487804878053,0.0,0.0,0,0.0,0.6589521054329958,0.0,1e-06,1.0,Utsuroi,1e-06,0.9803921568627451,3.0
2010-04-29,0.25177358873011046,2.0,0.48780487804878053,0.5600364439226891,0.7520818280136262,2,0.1388432114230624,0.6589521054329958,0.6666666666666666,1e-06,0.35878891623527776,Utsuroi,1e-06,0.9803921568627451,3.0
2010-04-30,0.2472759124933038,2.0,0.48780487804878053,3.0910829451104963e-11,0.9999999999680892,1,9.863895230214078e-22,0.6589521054329958,0.3333333333333333,1e-06,0.754454251734898,Utsuroi,1e-06,0.9803921568627451,3.0
2010-05-03,0.25616123007427366,2.0,0.48780487804878053,2.760174310949997e-10,0.9999999997229826,1,7.646163360398801e-20,0.6589521054329958,0.3333333333333333,1e-06,1.0,Utsuroi,1e-06,0.9803921568627451,3.0
2010-05-04,0.28787878787878796,2.0,0.48780487804878053,0.0,0.0,0,0.0,0.6589521054329958,0.0,1e-06,1.0,Utsuroi,1e-06,0.9803921568627451,3.0
2010-05-05,0.3059245102723364,3.0,0.3278688524590164,6.684464091113094e-10,0.9999999993305536,1,4.474890336255156e-19,0.9803921568627451,0.3333333333333333,1e-06,0.08261087418779689,Katashi,1e-06,0.9803921568627451,3.0
2010-05-06,0.32127437779611695,1.5,0.6451612903225806,1.904976176783025e-11,0.9999999999799503,1,3.819427637692386e-22,0.49823207971788014,0.3333333333333333,1e-06,0.10840201956979012,Utsuroi,1e-06,0.9803921568627451,3.0
2010-05-07,0.33159014898145334,2.0,0.48780487804878053,4.991562718697255e-12,0.9999999999940085,1,2.990715067151925e-23,0.6589521054329958,0.3333333333333333,1e-06,0.06755834428619123,Utsuroi,1e-06,0.9803921568627451,3.0
2010-05-10,0.3424836033531687,2.0,0.48780487804878053,5.0243142979235e-12,0.9999999999939757,1,3.026793731585597e-23,0.6589521054329958,0.3333333333333333,1e-06,1.0,Utsuroi,1e-06,0.9803921568627451,3.0
2010-05-11,0.348260435216957,2.0,0.48780487804878053,6.286415832308978e-12,0.9999999999927136,1,4.5805300782846087e-23,0.6589521054329958,0.3333333333333333,1e-06,1.0,Utsuroi,1e-06,0.9803921568627451,3.0
2010-05-12,0.3400628357150097,1.0,0.9523809523809523,7.766565168727357e-12,0.9999999999912335,1,6.808592787932994e-23,0.33751205400260365,0.3333333333333333,1e-06,0.21210217620038418,Utsuroi,1e-06,0.9803921568627451,3.0
2010-05-13,0.3413970087883131,1.0,0.9523809523809523,5.191624907733489e-12,0.9999999999938084,1,3.214447924275598e-23,0.33751205400260365,0.3333333333333333,1e-06,1.0,Utsuroi,1e-06,0.9803921568627451,3.0
2010-05-14,0.3475176996916128,1.0,0.9523809523809523,7.981837413200263e-12,0.9999999999910182,1,7.16913893323084e-23,0.33751205400260365,0.3333333333333333,1e-06,1.0,Utsuroi,1e-06,0.9803921568627451,3.0
2010-05-17,0.3472288580984233,0.5,1.8181818181818181,8.631984016414705e-12,0.999999999990368,1,8.314294112211524e-23,0.1767920282871665,0.3333333333333333,1e-06,0.5692820833216485,Utsuroi,1e-06,0.9803921568627451,3.0
2010-05-18,0.33109499196455716,1.0,0.9523809523809523,1.2245315872318409e-11,0.9999999999867547,1,1.6219280579878904e-22,0.33751205400260365,0.3333333333333333,1e-06,0.27287241459183853,Utsuroi,1e-06,0.9803921568627451,3.0
2010-05-19,0.3238189346884999,1.0,0.9523809523809523,1.579147923522036e-11,0.9999999999832085,1,2.651619463391506e-22,0.33751205400260365,0.3333333333333333,1e-06,1.0,Utsuroi,1e-06,0.9803921568627451,3.0
2010-05-20,0.34765524330741726,2.0,0.48780487804878053,0.0,0.0,0,0.0,0.6589521054329958,0.0,1e-06,0.21096851690335927,Utsuroi,1e-06,0.9803921568627451,3.0
2010-05-21,0.34890689021123805,2.0,0.48780487804878053,0.0,0.0,0,0.0,0.6589521054329958,0.0,1e-06,1.0,Utsuroi,1e-06,0.9803921568627451,3.0
2010-05-24,0.33875617136486713,1.5,0.6451612903225806,0.0,0.0,0,0.0,0.49823207971788014,0.0,1e-06,0.008500771377848215,Utsuroi,1e-06,0.9803921568627451,3.0
2010-05-25,0.34088809740983655,1.0,0.9523809523809523,0.0,0.0,0,0.0,0.33751205400260365,0.0,1e-06,0.036274597327573876,Utsuroi,1e-06,0.9803921568627451,3.0
2010-05-26,0.3426211469689731,1.0,0.9523809523809523,0.0,0.0,0,0.0,0.33751205400260365,0.0,1e-06,1.0,Utsuroi,1e-06,0.9803921568627451,3.0
2010-05-27,0.35101130753304677,0.5,1.8181818181818181,4.826078424609823e-10,0.9999999995163922,1,2.3339292682762477e-19,0.1767920282871665,0.3333333333333333,1e-06,0.6098035887439184,Utsuroi,1e-06,0.9803921568627451,3.0
2010-05-28,0.34820541777063524,1.0,0.9523809523809523,7.529088463506997e-11,0.9999999999237091,1,5.744006528421678e-21,0.33751205400260365,0.3333333333333333,1e-06,0.27287241459183853,Utsuroi,1e-06,0.9803921568627451,3.0
2010-06-01,0.3269136660441008,1.0,0.9523809523809523,0.0,0.0,0,0.0,0.33751205400260365,0.0,1e-06,1.0,Utsuroi,1e-06,0.9803921568627451,3.0
2010-06-02,0.35416105633496936,1.5,0.6451612903225806,0.0,0.0,0,0.0,0.49823207971788014,0.0,1e-06,0.016823305030831626,Utsuroi,1e-06,0.9803921568627451,3.0
2010-06-03,0.3353038266081745,1.5,0.6451612903225806,0.0,0.0,0,0.0,0.49823207971788014,0.0,1e-06,1.0,Utsuroi,1e-06,0.9803921568627451,3.0
2010-06-04,0.3202565550391637,1.0,0.9523809523809523,0.0,0.0,0,0.0,0.33751205400260365,0.0,1e-06,0.036274597327573876,Utsuroi,1e-06,0.9803921568627451,3.0
2010-06-07,0.314837336576467,2.0,0.48780487804878053,0.0,0.0,0,0.0,0.6589521054329958,0.0,1e-06,0.00785010222540583,Utsuroi,1e-06,0.9803921568627451,3.0
2010-06-08,0.3048379157074809,1.0,0.9523809523809523,2.7093993714860647e-11,0.999999999971906,1,7.611778897807016e-22,0.33751205400260365,0.3333333333333333,1e-06,0.7273543250079607,Utsuroi,1e-06,0.9803921568627451,3.0
2010-06-09,0.3009591857417945,2.0,0.48780487804878053,7.748490737616441e-11,0.9999999999215151,1,6.081394064608118e-21,0.6589521054329958,0.3333333333333333,1e-06,0.07035169117935991,Utsuroi,1e-06,0.9803921568627451,3.0
2010-06-10,0.26164922034487254,0.5,1.8181818181818181,1.465348953180153e-10,0.9999999998524651,1,2.1619007201170482e-20,0.1767920282871665,0.3333333333333333,1e-06,0.5060331068124715,Utsuroi,1e-06,0.9803921568627451,3.0
2010-06-11,0.27886968104359405,2.0,0.48780487804878053,4.5778936196300075e-11,0.9999999999532211,1,2.1414889228024646e-21,0.6589521054329958,0.3333333333333333,1e-06,0.08163100941294454,Utsuroi,1e-06,0.9803921568627451,3.0
2010-06-14,0.2876607595899351,1.0,0.9523809523809523,0.6093717950909718,0.7017528468379424,2,0.18174340310313508,0.33751205400260365,0.6666666666666666,1e-06,0.6617522095089752,Utsuroi,1e-06,0.9803921568627451,3.0
2010-06-15,0.30258491398623594,2.0,0.48780487804878053,5.931621860173711e-11,0.9999999999396838,1,3.577728695741881e-21,0.6589521054329958,0.3333333333333333,1e-06,0.5886504136091684,Utsuroi,1e-06,0.9803921568627451,3.0
2010-06-16,0.30346937230925375,2.5,0.3921568627450981,0.0,0.0,0,0.0,0.8196721311479507,0.0,1e-06,0.4536844423469216,Utsuroi,1e-06,0.9803921568627451,3.0
2010-06-17,0.3144999657565976,2.0,0.48780487804878053,0.0,0.0,0,0.0,0.6589521054329958,0.0,1e-06,0.0029401858026766314,Utsuroi,1e-06,0.9803921568627451,3.0
2010-06-18,0.3169315003827309,3.0,0.3278688524590164,0.0,0.0,0,0.0,0.9803921568627451,0.0,1e-06,0.0011422864142766054,Katashi,1e-06,0.9803921568627451,3.0
2010-06-21,0.32814286099454965,2.5,0.3921568627450981,0.0,0.0,0,0.0,0.8196721311479507,0.0,1e-06,0.0012733376578315525,Utsuroi,1e-06,0.9803921568627451,3.0
2010-06-22,0.28695447612620817,3.0,0.3278688524590164,0.0,0.0,0,0.0,0.9803921568627451,0.0,1e-06,0.0008902435273401288,Katashi,1e-06,0.9803921568627451,3.0
2010-06-23,0.2830309978065732,2.0,0.48780487804878053,0.0,0.0,0,0.0,0.6589521054329958,0.0,1e-06,0.0025266376692131276,Utsuroi,1e-06,0.9803921568627451,3.0
2010-06-24,0.31502334722158115,2.0,0.48780487804878053,0.0,0.0,0,0.0,0.6589521054329958,0.0,1e-06,1.0,Utsuroi,1e-06,0.9803921568627451,3.0
2010-06-25,0.3365726407270881,2.0,0.48780487804878053,0.0,0.0,0,0.0,0.6589521054329958,0.0,1e-06,1.0,Utsuroi,1e-06,0.9803921568627451,3.0
2010-06-28,0.33966057842648,3.0,0.3278688524590164,0.0,0.0,0,0.0,0.9803921568627451,0.0,1e-06,0.0011422864142766054,Katashi,1e-06,0.9803921568627451,3.0
2010-06-29,0.3574937084270572,3.0,0.3278688524590164,0.0,0.0,0,0.0,0.9803921568627451,0.0,1e-06,1.0,Katashi,1e-06,0.9803921568627451,3.0
2010-06-30,0.3416606279012233,2.5,0.3921568627450981,0.0,0.0,0,0.0,0.8196721311479507,0.0,1e-06,0.0012733376578315525,Utsuroi,1e-06,0.9803921568627451,3.0
2010-07-01,0.3333856875522054,3.0,0.3278688524590164,0.0,0.0,0,0.0,0.9803921568627451,0.0,1e-06,0.0008902435273401288,Katashi,1e-06,0.9803921568627451,3.0
2010-07-02,0.32955400037790167,2.0,0.48780487804878053,0.0,0.0,0,0.0,0.6589521054329958,0.0,1e-06,0.0025266376692131276,Utsuroi,1e-06,0.9803921568627451,3.0
2010-07-06,0.34418470982403865,2.5,0.3921568627450981,0.0,0.0,0,0.0,0.8196721311479507,0.0,1e-06,0.001901224270726365,Utsuroi,1e-06,0.9803921568627451,3.0
2010-07-07,0.3688750024814712,2.0,0.48780487804878053,0.0,0.0,0,0.0,0.6589521054329958,0.0,1e-06,0.0029401858026766314,Utsuroi,1e-06,0.9803921568627451,3.0
2010-07-08,0.3634246188747936,2.0,0.48780487804878053,0.6073111444741474,0.7041451061983655,2,0.179675974152948,0.6589521054329958,0.6666666666666666,1e-06,0.334673368209766,Utsuroi,1e-06,0.9803921568627451,3.0
2010-07-09,0.37962990188694246,2.5,0.3921568627450981,1.3146406185004855e-10,0.999999999867536,1,1.7414260712905574e-20,0.8196721311479507,0.3333333333333333,1e-06,0.8092992193096659,Utsuroi,1e-06,0.9803921568627451,3.0
2010-07-12,0.3806752022529792,3.0,0.3278688524590164,0.0,0.0,0,0.0,0.9803921568627451,0.0,1e-06,0.4532537761308484,Katashi,1e-06,0.9803921568627451,3.0
2010-07-13,0.42057067713275853,1.0,0.9523809523809523,0.0,0.0,0,0.0,0.33751205400260365,0.0,1e-06,0.02335050674641259,Utsuroi,1e-06,0.9803921568627451,3.0
2010-07-14,0.4025045634387953,1.0,0.9523809523809523,0.0,0.0,0,0.0,0.33751205400260365,0.0,1e-06,1.0,Utsuroi,1e-06,0.9803921568627451,3.0
2010-07-15,0.37584495183099226,1.0,0.9523809523809523,0.0,0.0,0,0.0,0.33751205400260365,0.0,1e-06,1.0,Utsuroi,1e-06,0.9803921568627451,3.0
2010-07-16,0.3734720971927093,2.0,0.48780487804878053,0.0,0.0,0,0.0,0.6589521054329958,0.0,1e-06,0.00785010222540583,Utsuroi,1e-06,0.9803921568627451,3.0
2010-07-19,0.36533139177476964,1.0,0.9523809523809523,0.0,0.0,0,0.0,0.33751205400260365,0.0,1e-06,0.029530414611866895,Utsuroi,1e-06,0.9803921568627451,3.0
2010-07-20,0.37318585093709067,1.0,0.9523809523809523,1.8217538588587577e-11,0.9999999999807825,1,3.500958478153299e-22,0.33751205400260365,0.3333333333333333,1e-06,0.41616559151979227,Utsuroi,1e-06,0.9803921568627451,3.0
2010-07-21,0.3551101072840203,1.0,0.9523809523809523,6.614686576030804e-11,0.9999999999328532,1,4.441553252539155e-21,0.33751205400260365,0.3333333333333333,1e-06,1.0,Utsuroi,1e-06,0.9803921568627451,3.0
2010-07-22,0.3506261854087941,2.0,0.48780487804878053,0.0,0.0,0,0.0,0.6589521054329958,0.0,1e-06,0.21096851690335927,Utsuroi,1e-06,0.9803921568627451,3.0
2010-07-23,0.34970464318290406,2.0,0.48780487804878053,0.0,0.0,0,0.0,0.6589521054329958,0.0,1e-06,1.0,Utsuroi,1e-06,0.9803921568627451,3.0
2010-07-26,0.35116260551043166,1.0,0.9523809523809523,0.0,0.0,0,0.0,0.33751205400260365,0.0,1e-06,0.029530414611866895,Utsuroi,1e-06,0.9803921568627451,3.0
2010-07-27,0.33728445467575896,1.0,0.9523809523809523,0.0,0.0,0,0.0,0.33751205400260365,0.0,1e-06,1.0,Utsuroi,1e-06,0.9803921568627451,3.0
2010-07-28,0.329554503467547,2.0,0.48780487804878053,0.0,0.0,0,0.0,0.6589521054329958,0.0,1e-06,0.00785010222540583,Utsuroi,1e-06,0.9803921568627451,3.0
2010-07-29,0.32817906730950214,2.0,0.48780487804878053,0.0,0.0,0,0.0,0.6589521054329958,0.0,1e-06,1.0,Utsuroi,1e-06,0.9803921568627451,3.0
2010-07-30,0.2954448696894711,1.0,0.9523809523809523,0.0,0.0,0,0.0,0.33751205400260365,0.0,1e-06,0.029530414611866895,Utsuroi,1e-06,0.9803921568627451,3.0
2010-08-02,0.3030029088598166,0.0,20.0,0.0,0.0,0,0.0,0.016072002571568628,0.0,1e-06,0.04454828199104843,Utsuroi,1e-06,0.9803921568627451,3.0
2010-08-03,0.2971913861302341,1.0,0.9523809523809523,0.0,0.0,0,0.0,0.33751205400260365,0.0,1e-06,0.8754567263805877,Utsuroi,1e-06,0.9803921568627451,3.0
2010-08-04,0.29159265780656335,0.0,20.0,0.0,0.0,0,0.0,0.016072002571568628,0.0,1e-06,0.04454828199104843,Utsuroi,1e-06,0.9803921568627451,3.0
2010-08-05,0.2835116926102564,0.5,1.8181818181818181,0.0,0.0,0,0.0,0.1767920282871665,0.0,1e-06,0.6280041054477289,Utsuroi,1e-06,0.9803921568627451,3.0
2010-08-06,0.2579754946614848,2.0,0.48780487804878053,0.0,0.0,0,0.0,0.6589521054329958,0.0,1e-06,0.019887745198816753,Utsuroi,1e-06,0.9803921568627451,3.0
2010-08-09,0.25083602920949244,1.0,0.9523809523809523,0.0,0.0,0,0.0,0.33751205400260365,0.0,1e-06,0.029530414611866895,Utsuroi,1e-06,0.9803921568627451,3.0
2010-08-10,0.2609931299164625,1.0,0.9523809523809523,0.0,0.0,0,0.0,0.33751205400260365,0.0,1e-06,1.0,Utsuroi,1e-06,0.9803921568627451,3.0
2010-08-11,0.3028298585567267,1.0,0.9523809523809523,0.0,0.0,0,0.0,0.33751205400260365,0.0,1e-06,1.0,Utsuroi,1e-06,0.9803921568627451,3.0
2010-08-12,0.27743833586315786,1.0,0.9523809523809523,1.228475099347345e-10,0.9999999998761525,1,1.5214355490443265e-20,0.33751205400260365,0.3333333333333333,1e-06,0.41616559151979227,Utsuroi,1e-06,0.9803921568627451,3.0
2010-08-13,0.2766059269894758,1.0,0.9523809523809523,0.0,0.0,0,0.0,0.33751205400260365,0.0,1e-06,1.0,Utsuroi,1e-06,0.9803921568627451,3.0
2010-08-16,0.2841561857480945,1.0,0.9523809523809523,0.0,0.0,0,0.0,0.33751205400260365,0.0,1e-06,1.0,Utsuroi,1e-06,0.9803921568627451,3.0
2010-08-17,0.2598433295828128,1.0,0.9523809523809523,0.0,0.0,0,0.0,0.33751205400260365,0.0,1e-06,1.0,Utsuroi,1e-06,0.9803921568627451,3.0
2010-08-18,0.2713288120018524,0.5,1.8181818181818181,0.0,0.0,0,0.0,0.1767920282871665,0.0,1e-06,0.3280822072797074,Utsuroi,1e-06,0.9803921568627451,3.0
2010-08-19,0.2762330402448844,0.5,1.8181818181818181,0.0,0.0,0,0.0,0.1767920282871665,0.0,1e-06,1.0,Utsuroi,1e-06,0.9803921568627451,3.0
2010-08-20,0.27112745754978473,1.0,0.9523809523809523,1.241804436979335e-10,0.9999999998748196,1,1.5544960294601446e-20,0.33751205400260365,0.3333333333333333,1e-06,0.1075524037771074,Utsuroi,1e-06,0.9803921568627451,3.0
2010-08-23,0.26506915659378827,1.0,0.9523809523809523,1.578615016470225e-11,0.9999999999832139,1,2.6498833797265157e-22,0.33751205400260365,0.3333333333333333,1e-06,1.0,Utsuroi,1e-06,0.9803921568627451,3.0
2010-08-24,0.2853575003518713,1.0,0.9523809523809523,1.7175261213088964e-11,0.9999999999818248,1,3.1216447900743386e-22,0.33751205400260365,0.3333333333333333,1e-06,1.0,Utsuroi,1e-06,0.9803921568627451,3.0
2010-08-25,0.2826193839872514,1.0,0.9523809523809523,1.3171959070328719e-09,0.9999999986818041,1,1.736322225416949e-18,0.33751205400260365,0.3333333333333333,1e-06,1.0,Utsuroi,1e-06,0.9803921568627451,3.0
2010-08-26,0.31555256337865034,0.0,20.0,4.129104834969465e-10,0.9999999995860895,1,1.7090796876625904e-19,0.016072002571568628,0.3333333333333333,1e-06,0.06568554240211066,Utsuroi,1e-06,0.9803921568627451,3.0
2010-08-27,0.3027472527472527,1.0,0.9523809523809523,0.0,0.0,0,0.0,0.33751205400260365,0.0,1e-06,0.8782523794038303,Utsuroi,1e-06,0.9803921568627451,3.0
2010-08-30,0.328481663264272,1.0,0.9523809523809523,0.0,0.0,0,0.0,0.33751205400260365,0.0,1e-06,1.0,Utsuroi,1e-06,0.9803921568627451,3.0
2010-08-31,0.3346848803370543,2.0,0.48780487804878053,0.0,0.0,0,0.0,0.6589521054329958,0.0,1e-06,0.00785010222540583,Utsuroi,1e-06,0.9803921568627451,3.0
2010-09-01,0.32804152369369766,2.0,0.48780487804878053,0.0,0.0,0,0.0,0.6589521054329958,0.0,1e-06,1.0,Utsuroi,1e-06,0.9803921568627451,3.0
2010-09-02,0.3296920470833515,1.0,0.9523809523809523,0.0,0.0,0,0.0,0.33751205400260365,0.0,1e-06,0.029530414611866895,Utsuroi,1e-06,0.9803921568627451,3.0
2010-09-03,0.3231587253326384,2.0,0.48780487804878053,0.0,0.0,0,0.0,0.6589521054329958,0.0,1e-06,0.00785010222540583,Utsuroi,1e-06,0.9803921568627451,3.0
2010-09-07,0.3204903791860314,1.5,0.6451612903225806,0.0,0.0,0,0.0,0.49823207971788014,0.0,1e-06,0.008500771377848215,Utsuroi,1e-06,0.9803921568627451,3.0
2010-09-08,0.31350316350316343,1.0,0.9523809523809523,0.0,0.0,0,0.0,0.33751205400260365,0.0,1e-06,0.036274597327573876,Utsuroi,1e-06,0.9803921568627451,3.0
2010-09-09,0.30494795060012453,0.0,20.0,0.0,0.0,0,0.0,0.016072002571568628,0.0,1e-06,0.04454828199104843,Utsuroi,1e-06,0.9803921568627451,3.0
2010-09-10,0.29171460272162486,2.0,0.48780487804878053,1.1691869693934795e-10,0.9999999998820813,1,1.3786897805304557e-20,0.6589521054329958,0.3333333333333333,1e-06,0.5112355149851135,Utsuroi,1e-06,0.9803921568627451,3.0
2010-09-13,0.2727259859174984,1.0,0.9523809523809523,2.1195900587975373e-10,0.999999999787041,1,4.513857449532165e-20,0.33751205400260365,0.3333333333333333,1e-06,0.21210217620038418,Utsuroi,1e-06,0.9803921568627451,3.0
2010-09-14,0.2692467501310597,1.0,0.9523809523809523,0.0,0.0,0,0.0,0.33751205400260365,0.0,1e-06,1.0,Utsuroi,1e-06,0.9803921568627451,3.0
2010-09-15,0.27083561781275256,1.0,0.9523809523809523,0.0,0.0,0,0.0,0.33751205400260365,0.0,1e-06,1.0,Utsuroi,1e-06,0.9803921568627451,3.0
2010-09-16,0.2608276628683762,1.0,0.9523809523809523,0.0,0.0,0,0.0,0.33751205400260365,0.0,1e-06,1.0,Utsuroi,1e-06,0.9803921568627451,3.0
2010-09-17,0.26727915384030626,1.0,0.9523809523809523,0.0,0.0,0,0.0,0.33751205400260365,0.0,1e-06,1.0,Utsuroi,1e-06,0.9803921568627451,3.0
2010-09-20,0.28729190533442855,2.0,0.48780487804878053,0.0,0.0,0,0.0,0.6589521054329958,0.0,1e-06,0.00785010222540583,Utsuroi,1e-06,0.9803921568627451,3.0
2010-09-21,0.273622549507096,1.0,0.9523809523809523,0.0,0.0,0,0.0,0.33751205400260365,0.0,1e-06,0.029530414611866895,Utsuroi,1e-06,0.9803921568627451,3.0
2010-09-22,0.28386390372774933,1.5,0.6451612903225806,0.0,0.0,0,0.0,0.49823207971788014,0.0,1e-06,0.016823305030831626,Utsuroi,1e-06,0.9803921568627451,3.0
2010-09-23,0.2908752758760779,2.0,0.48780487804878053,0.0,0.0,0,0.0,0.6589521054329958,0.0,1e-06,0.004868954614841048,Utsuroi,1e-06,0.9803921568627451,3.0
2010-09-24,0.2998023848833262,2.0,0.48780487804878053,0.0,0.0,0,0.0,0.6589521054329958,0.0,1e-06,1.0,Utsuroi,1e-06,0.9803921568627451,3.0
2010-09-27,0.29582101195029864,2.0,0.48780487804878053,0.0,0.0,0,0.0,0.6589521054329958,0.0,1e-06,1.0,Utsuroi,1e-06,0.9803921568627451,3.0
2010-09-28,0.27873094768852635,2.0,0.48780487804878053,0.0,0.0,0,0.0,0.6589521054329958,0.0,1e-06,1.0,Utsuroi,1e-06,0.9803921568627451,3.0
2010-09-29,0.2820448553106385,2.0,0.48780487804878053,0.0,0.0,0,0.0,0.6589521054329958,0.0,1e-06,1.0,Utsuroi,1e-06,0.9803921568627451,3.0
2010-09-30,0.2729455545552982,1.0,0.9523809523809523,0.0,0.0,0,0.0,0.33751205400260365,0.0,1e-06,0.029530414611866895,Utsuroi,1e-06,0.9803921568627451,3.0
2010-10-01,0.26953423979149227,1.0,0.9523809523809523,0.0,0.0,0,0.0,0.33751205400260365,0.0,1e-06,1.0,Utsuroi,1e-06,0.9803921568627451,3.0
2010-10-04,0.28465765566938656,1.0,0.9523809523809523,0.0,0.0,0,0.0,0.33751205400260365,0.0,1e-06,1.0,Utsuroi,1e-06,0.9803921568627451,3.0
2010-10-05,0.3115418199016845,1.5,0.6451612903225806,0.0,0.0,0,0.0,0.49823207971788014,0.0,1e-06,0.016823305030831626,Utsuroi,1e-06,0.9803921568627451,3.0
2010-10-06,0.31009075223683635,1.0,0.9523809523809523,0.0,0.0,0,0.0,0.33751205400260365,0.0,1e-06,0.036274597327573876,Utsuroi,1e-06,0.9803921568627451,3.0
2010-10-07,0.3181556748865233,1.0,0.9523809523809523,0.0,0.0,0,0.0,0.33751205400260365,0.0,1e-06,1.0,Utsuroi,1e-06,0.9803921568627451,3.0
2010-10-08,0.32017751553561397,2.0,0.48780487804878053,0.0,0.0,0,0.0,0.6589521054329958,0.0,1e-06,0.00785010222540583,Utsuroi,1e-06,0.9803921568627451,3.0
2010-10-11,0.3307134924764862,2.0,0.48780487804878053,0.0,0.0,0,0.0,0.6589521054329958,0.0,1e-06,1.0,Utsuroi,1e-06,0.9803921568627451,3.0
2010-10-12,0.3226742138151232,2.0,0.48780487804878053,0.0,0.0,0,0.0,0.6589521054329958,0.0,1e-06,1.0,Utsuroi,1e-06,0.9803921568627451,3.0
2010-10-13,0.29778424942337073,2.0,0.48780487804878053,1.8552370749028928e-10,0.9999999998134763,1,3.460456564755637e-20,0.6589521054329958,0.3333333333333333,1e-06,0.6506810636407454,Utsuroi,1e-06,0.9803921568627451,3.0
2010-10-14,0.34699503395155573,2.0,0.48780487804878053,0.0,0.0,0,0.0,0.6589521054329958,0.0,1e-06,1.0,Utsuroi,1e-06,0.9803921568627451,3.0
2010-10-15,0.34775152383848046,2.0,0.48780487804878053,6.552802744642335e-11,0.999999999933472,1,4.359448959017932e-21,0.6589521054329958,0.3333333333333333,1e-06,0.6506810636407454,Utsuroi,1e-06,0.9803921568627451,3.0
2010-10-18,0.36505451070668465,1.5,0.6451612903225806,0.0,0.0,0,0.0,0.49823207971788014,0.0,1e-06,0.4569181876391628,Utsuroi,1e-06,0.9803921568627451,3.0
2010-10-19,0.36856187290969905,3.0,0.3278688524590164,8.375100612663737e-11,0.999999999915249,1,7.097980180935108e-21,0.9803921568627451,0.3333333333333333,1e-06,0.026745743433627456,Katashi,1e-06,0.9803921568627451,3.0
2010-10-20,0.3683005400396705,3.0,0.3278688524590164,5.87951909363118e-11,0.9999999999402048,1,3.515668367627996e-21,0.9803921568627451,0.3333333333333333,1e-06,1.0,Katashi,1e-06,0.9803921568627451,3.0
2010-10-21,0.38564478999261614,3.0,0.3278688524590164,2.349653804826235e-11,0.9999999999755035,1,5.755833185249021e-22,0.9803921568627451,0.3333333333333333,1e-06,1.0,Katashi,1e-06,0.9803921568627451,3.0
2010-10-22,0.3808170090778787,1.0,0.9523809523809523,0.6891541378465501,0.5446526880299598,2,0.3138044842014571,0.33751205400260365,0.6666666666666666,1e-06,0.6960779691718564,Utsuroi,1e-06,0.9803921568627451,3.0
2010-10-25,0.36824552259334864,1.0,0.9523809523809523,1.3023715438569706e-10,0.9999999998687629,1,1.7091950656921195e-20,0.33751205400260365,0.3333333333333333,1e-06,0.766092996930329,Utsuroi,1e-06,0.9803921568627451,3.0
2010-10-26,0.3626062343453648,3.0,0.3278688524590164,0.0,0.0,0,0.0,0.9803921568627451,0.0,1e-06,0.06842444407198578,Katashi,1e-06,0.9803921568627451,3.0
2010-10-27,0.3564305259957434,2.5,0.3921568627450981,0.0,0.0,0,0.0,0.8196721311479507,0.0,1e-06,0.0012733376578315525,Utsuroi,1e-06,0.9803921568627451,3.0
2010-10-28,0.3520068467605437,2.0,0.48780487804878053,5.699299919261776e-10,0.99999999942907,1,3.2539011317395446e-19,0.6589521054329958,0.3333333333333333,1e-06,0.7809779864804182,Utsuroi,1e-06,0.9803921568627451,3.0
2010-10-29,0.34317571536178126,1.0,0.9523809523809523,4.201562430418348e-10,0.9999999995788438,1,1.7695141555275428e-19,0.33751205400260365,0.3333333333333333,1e-06,0.21210217620038418,Utsuroi,1e-06,0.9803921568627451,3.0
2010-11-01,0.3454861826604926,2.0,0.48780487804878053,0.5216895759754949,0.78408445530349,2,0.1126408889592403,0.6589521054329958,0.6666666666666666,1e-06,0.028763974608839393,Utsuroi,1e-06,0.9803921568627451,3.0
2010-11-02,0.35406523996035516,2.0,0.48780487804878053,0.605282529533336,0.7064696256571207,2,0.17766880747712502,0.6589521054329958,0.6666666666666666,1e-06,0.6390986315089078,Utsuroi,1e-06,0.9803921568627451,3.0
2010-11-03,0.330641996397383,2.0,0.48780487804878053,7.690847958448582e-12,0.9999999999913092,1,6.683982014392187e-23,0.6589521054329958,0.3333333333333333,1e-06,0.7864812630480014,Utsuroi,1e-06,0.9803921568627451,3.0
2010-11-04,0.3515371310684775,2.0,0.48780487804878053,0.4374888745498659,0.8413113954307079,2,0.06942449901690832,0.6589521054329958,0.6666666666666666,1e-06,0.4051326524108625,Utsuroi,1e-06,0.9803921568627451,3.0
2010-11-05,0.3443343537929583,2.0,0.48780487804878053,6.957656672992232e-12,0.9999999999920424,1,5.536648913710876e-23,0.6589521054329958,0.3333333333333333,1e-06,0.6883049664808976,Utsuroi,1e-06,0.9803921568627451,3.0
2010-11-08,0.3321022689426407,3.0,0.3278688524590164,5.673794767325093e-12,0.9999999999933262,1,3.7865616315074345e-23,0.9803921568627451,0.3333333333333333,1e-06,0.031137723801286543,Katashi,1e-06,0.9803921568627451,3.0
2010-11-09,0.39914660407959407,2.0,0.48780487804878053,8.411937812936094e-12,0.9999999999905881,1,7.917244949547457e-23,0.6589521054329958,0.3333333333333333,1e-06,0.06536358420799226,Utsuroi,1e-06,0.9803921568627451,3.0
2010-11-10,0.41033268843967535,2.5,0.3921568627450981,1.219901957219215e-11,0.999999999986801,1,1.610148282326791e-22,0.8196721311479507,0.3333333333333333,1e-06,0.04395873111676296,Utsuroi,1e-06,0.9803921568627451,3.0
2010-11-11,0.422921666499716,2.0,0.48780487804878053,2.0439427927724734e-11,0.9999999999785606,1,4.382091897897617e-22,0.6589521054329958,0.3333333333333333,1e-06,0.0657510804157252,Utsuroi,1e-06,0.9803921568627451,3.0
2010-11-12,0.46599492613398213,2.0,0.48780487804878053,5.300615501933825e-11,0.9999999999459939,1,2.862657452443404e-21,0.6589521054329958,0.3333333333333333,1e-06,1.0,Utsuroi,1e-06,0.9803921568627451,3.0
2010-11-15,0.4304836449743222,3.0,0.3278688524590164,3.66682240120058e-11,0.9999999999623318,1,1.3812260650684512e-21,0.9803921568627451,0.3333333333333333,1e-06,0.031137723801286543,Katashi,1e-06,0.9803921568627451,3.0
2010-11-16,0.45062556421749006,2.0,0.48780487804878053,3.851102769268481e-10,0.9999999996138897,1,1.4869502718100484e-19,0.6589521054329958,0.3333333333333333,1e-06,0.06536358420799226,Utsuroi,1e-06,0.9803921568627451,3.0
2010-11-17,0.42373709354148276,3.0,0.3278688524590164,3.840394668863788e-11,0.9999999999605961,1,1.5132662184208132e-21,0.9803921568627451,0.3333333333333333,1e-06,0.031137723801286543,Katashi,1e-06,0.9803921568627451,3.0
2010-11-18,0.4628180802863133,2.0,0.48780487804878053,1.1974721213884792e-10,0.9999999998792528,1,1.4459139379023675e-20,0.6589521054329958,0.3333333333333333,1e-06,0.06536358420799226,Utsuroi,1e-06,0.9803921568627451,3.0
2010-11-19,0.439985748789054,2.0,0.48780487804878053,0.5387755650629812,0.7704140425218337,2,0.12369530397082465,0.6589521054329958,0.6666666666666666,1e-06,0.39712517977156225,Utsuroi,1e-06,0.9803921568627451,3.0
2010-11-22,0.416223454291047,3.0,0.3278688524590164,5.933187274638338e-11,0.9999999999396681,1,3.579601683924283e-21,0.9803921568627451,0.3333333333333333,1e-06,0.45450583776642794,Katashi,1e-06,0.9803921568627451,3.0
2010-11-23,0.42518385967852707,2.0,0.48780487804878053,5.026071779721032e-10,0.9999999994963928,1,2.531165714722536e-19,0.6589521054329958,0.3333333333333333,1e-06,0.06536358420799226,Utsuroi,1e-06,0.9803921568627451,3.0
2010-11-24,0.4309853923038429,2.0,0.48780487804878053,0.0,0.0,0,0.0,0.6589521054329958,0.0,1e-06,1.0,Utsuroi,1e-06,0.9803921568627451,3.0
2010-11-26,0.4390292901388169,2.0,0.48780487804878053,0.0,0.0,0,0.0,0.6589521054329958,0.0,1e-06,1.0,Utsuroi,1e-06,0.9803921568627451,3.0
2010-11-29,0.4505166789076296,2.0,0.48780487804878053,0.0,0.0,0,0.0,0.6589521054329958,0.0,1e-06,1.0,Utsuroi,1e-06,0.9803921568627451,3.0
2010-11-30,0.44140339847028426,2.0,0.48780487804878053,0.0,0.0,0,0.0,0.6589521054329958,0.0,1e-06,1.0,Utsuroi,1e-06,0.9803921568627451,3.0
2010-12-01,0.4388657983984086,1.0,0.9523809523809523,0.0,0.0,0,0.0,0.33751205400260365,0.0,1e-06,0.029530414611866895,Utsuroi,1e-06,0.9803921568627451,3.0
2010-12-02,0.4418006977012344,2.0,0.48780487804878053,0.0,0.0,0,0.0,0.6589521054329958,0.0,1e-06,0.00785010222540583,Utsuroi,1e-06,0.9803921568627451,3.0
2010-12-03,0.44149144017563985,1.0,0.9523809523809523,0.0,0.0,0,0.0,0.33751205400260365,0.0,1e-06,0.029530414611866895,Utsuroi,1e-06,0.9803921568627451,3.0
2010-12-06,0.44607861882675764,1.5,0.6451612903225806,4.0422332147324844e-11,0.9999999999585777,1,1.6743863741991163e-21,0.49823207971788014,0.3333333333333333,1e-06,0.14637997376608014,Utsuroi,1e-06,0.9803921568627451,3.0
2010-12-07,0.38140073905572713,2.0,0.48780487804878053,0.0,0.0,0,0.0,0.6589521054329958,0.0,1e-06,0.45492890356018545,Utsuroi,1e-06,0.9803921568627451,3.0
2010-12-08,0.3755272964474149,1.0,0.9523809523809523,0.0,0.0,0,0.0,0.33751205400260365,0.0,1e-06,0.029530414611866895,Utsuroi,1e-06,0.9803921568627451,3.0
2010-12-09,0.38279964667365085,2.0,0.48780487804878053,6.739175883773588e-11,0.9999999999316083,1,4.609039427417237e-21,0.6589521054329958,0.3333333333333333,1e-06,0.04889998628343517,Utsuroi,1e-06,0.9803921568627451,3.0
2010-12-10,0.3450830427826793,2.0,0.48780487804878053,3.995215269641546e-11,0.9999999999590479,1,1.6361257739972537e-21,0.6589521054329958,0.3333333333333333,1e-06,1.0,Utsuroi,1e-06,0.9803921568627451,3.0
2010-12-13,0.33143885100406845,2.0,0.48780487804878053,3.831746031502299e-11,0.9999999999606826,1,1.5065443776898493e-21,0.6589521054329958,0.3333333333333333,1e-06,1.0,Utsuroi,1e-06,0.9803921568627451,3.0
2010-12-14,0.3369130869130869,2.5,0.3921568627450981,0.0,0.0,0,0.0,0.8196721311479507,0.0,1e-06,0.4536844423469216,Utsuroi,1e-06,0.9803921568627451,3.0
2010-12-15,0.33037976516237394,2.0,0.48780487804878053,0.0,0.0,0,0.0,0.6589521054329958,0.0,1e-06,0.0029401858026766314,Utsuroi,1e-06,0.9803921568627451,3.0
2010-12-16,0.32816879961385464,1.0,0.9523809523809523,0.0,0.0,0,0.0,0.33751205400260365,0.0,1e-06,0.029530414611866895,Utsuroi,1e-06,0.9803921568627451,3.0
2010-12-17,0.33281015658061763,2.0,0.48780487804878053,0.0,0.0,0,0.0,0.6589521054329958,0.0,1e-06,0.00785010222540583,Utsuroi,1e-06,0.9803921568627451,3.0
2010-12-20,0.3223215254505392,1.0,0.9523809523809523,3.7337133384317034e-11,0.9999999999616629,1,1.431397836808403e-21,0.33751205400260365,0.3333333333333333,1e-06,0.7273543250079607,Utsuroi,1e-06,0.9803921568627451,3.0
2010-12-21,0.31965131845395955,2.0,0.48780487804878053,4.401834452393031e-11,0.9999999999549817,1,1.9816320254344407e-21,0.6589521054329958,0.3333333333333333,1e-06,0.07035169117935991,Utsuroi,1e-06,0.9803921568627451,3.0
2010-12-22,0.3102841320339648,2.0,0.48780487804878053,0.0,0.0,0,0.0,0.6589521054329958,0.0,1e-06,1.0,Utsuroi,1e-06,0.9803921568627451,3.0
2010-12-23,0.346624417910389,2.0,0.48780487804878053,0.0,0.0,0,0.0,0.6589521054329958,0.0,1e-06,1.0,Utsuroi,1e-06,0.9803921568627451,3.0
2010-12-27,0.3370223700847736,1.0,0.9523809523809523,0.0,0.0,0,0.0,0.33751205400260365,0.0,1e-06,0.029530414611866895,Utsuroi,1e-06,0.9803921568627451,3.0
2010-12-28,0.3483424544119301,2.0,0.48780487804878053,0.0,0.0,0,0.0,0.6589521054329958,0.0,1e-06,0.00785010222540583,Utsuroi,1e-06,0.9803921568627451,3.0
2010-12-29,0.31773683991091267,2.0,0.48780487804878053,0.0,0.0,0,0.0,0.6589521054329958,0.0,1e-06,1.0,Utsuroi,1e-06,0.9803921568627451,3.0
2010-12-30,0.3329505274062383,2.0,0.48780487804878053,7.378864186056315e-11,0.9999999999252114,1,5.5185506773616576e-21,0.6589521054329958,0.3333333333333333,1e-06,0.6506810636407454,Utsuroi,1e-06,0.9803921568627451,3.0
