date,mean_corr,curv,eta,entropy,dominance,h1_count,v_raw,Oh,Xi,phi,DEF,regime,phi_c,Oh_pre,Xi_c,sps
2022-02-03,0.2062454015023185,1.0,0.9523809523809523,1.046248247188228,0.4337708559795511,3,0.5924162494382853,0.2014504431917951,1.5,1e-06,1.0,Nagare,0.12000272679221863,0.9688807029661863,2.0,0
2022-02-04,0.1971750252382664,2.0,0.48780487804878053,2.0193846594682884e-11,0.9999999999788062,1,4.279848401661711e-22,0.39330800813596845,0.5,1e-06,0.9090945450590706,Nagare,0.12000272679221863,0.9688807029661863,2.0,0
2022-02-07,0.1451910408432148,2.0,0.48780487804878053,1.923528003524138e-11,0.9999999999797647,1,3.8923085255584405e-22,0.39330800813596845,0.5,1e-06,1.0,Nagare,0.12000272679221863,0.9688807029661863,2.0,0
2022-02-08,0.14879968516332154,2.0,0.48780487804878053,9.810929846252108e-12,0.9999999999891891,1,1.0606505726025674e-22,0.39330800813596845,0.5,1e-06,1.0,Nagare,0.12000272679221863,0.9688807029661863,2.0,0
2022-02-09,0.1637706825453861,2.0,0.48780487804878053,0.3790939664071976,0.8738024403817911,2,0.0478407334265756,0.39330800813596845,1.0,1e-06,0.22008125249346433,Nagare,0.12000272679221863,0.9688807029661863,2.0,0
2022-02-10,0.2002635046113307,2.0,0.48780487804878053,0.6832971373857348,0.5700630406528612,2,0.293774693578227,0.39330800813596845,1.0,1e-06,0.3601226307702995,Nagare,0.12000272679221863,0.9688807029661863,2.0,0
2022-02-11,0.15642335266841195,2.0,0.48780487804878053,0.0,0.0,0,0.0,0.39330800813596845,0.0,1e-06,1.0,Nagare,0.12000272679221863,0.9688807029661863,2.0,0
2022-02-14,0.16281162842427663,2.0,0.48780487804878053,9.686695889797889e-12,0.9999999999893133,1,1.0351855886539811e-22,0.39330800813596845,0.5,1e-06,0.46376867130735333,Nagare,0.12000272679221863,0.9688807029661863,2.0,0
2022-02-15,0.1654449634686789,2.0,0.48780487804878053,1.194222498659971e-11,0.9999999999870578,1,1.5455869843560154e-22,0.39330800813596845,0.5,1e-06,1.0,Nagare,0.12000272679221863,0.9688807029661863,2.0,0
2022-02-16,0.1728735691186284,2.0,0.48780487804878053,1.452238329579185e-11,0.9999999999844776,1,2.254216786273295e-22,0.39330800813596845,0.5,1e-06,1.0,Nagare,0.12000272679221863,0.9688807029661863,2.0,0
2022-02-17,0.12332785791283818,5.0,0.19801980198019803,0.0,0.0,0,0.0,0.9688807029661863,0.0,1e-06,0.08384340271072976,Katashi,0.12000272679221863,0.9688807029661863,2.0,0
2022-02-18,0.11947538627380525,3.0,0.3278688524590164,9.60520551979127e-12,0.9999999999893948,1,1.0186496611408707e-22,0.5851655730797581,0.5,1e-06,0.4463013116742697,Utsuroi,0.12000272679221863,0.9688807029661863,2.0,0
2022-02-22,0.1162568656639803,4.0,0.2469135802469136,1.481392786205385e-11,0.9999999999841861,1,2.34266058856468e-22,0.7770231380231641,0.5,1e-06,0.049151940017271745,Utsuroi,0.12000272679221863,0.9688807029661863,2.0,0
2022-02-23,0.13847766199544856,3.0,0.3278688524590164,1.2553069694740378e-11,0.999999999986447,1,1.7013235076140184e-22,0.5851655730797581,0.5,1e-06,0.08219773266596841,Utsuroi,0.12000272679221863,0.9688807029661863,2.0,0
2022-02-24,0.13236572386770015,2.0,0.48780487804878053,4.805378317468714e-12,0.9999999999941946,1,2.7896932788311515e-23,0.39330800813596845,0.5,1e-06,0.16229421179002734,Nagare,0.12000272679221863,0.9688807029661863,2.0,0
2022-02-25,0.1250131232897799,2.0,0.48780487804878053,2.4315216506600547e-11,0.9999999999746848,1,6.155444323828252e-22,0.39330800813596845,0.5,1e-06,1.0,Nagare,0.12000272679221863,0.9688807029661863,2.0,0
2022-02-28,0.11691755586028381,3.0,0.3278688524590164,5.097533506280153e-11,0.9999999999480247,1,2.6494589922344173e-21,0.5851655730797581,0.5,1e-06,0.08377656334584438,Utsuroi,0.12000272679221863,0.9688807029661863,2.0,0
2022-03-01,0.12595595898591985,3.0,0.3278688524590164,0.22490173276066638,0.9407489626932253,2,0.013325660958160523,0.5851655730797581,1.0,1e-06,0.3500918848487792,Utsuroi,0.12000272679221863,0.9688807029661863,2.0,0
2022-03-02,0.10993578101796939,4.0,0.2469135802469136,1.0754508394870383e-11,0.9999999999882455,1,1.2641372130272076e-22,0.7770231380231641,0.5,1e-06,0.6663338014332808,Utsuroi,0.12000272679221863,0.9688807029661863,2.0,0
2022-03-03,0.10356371450466781,3.0,0.3278688524590164,9.124923039343405e-12,0.9999999999898751,1,9.238894165475302e-23,0.5851655730797581,0.5,1e-06,0.08219773266596841,Utsuroi,0.12000272679221863,0.9688807029661863,2.0,0
2022-03-04,0.09778489915284332,4.0,0.2469135802469136,1.6417756043400703e-11,0.9999999999825823,1,2.8596010635749893e-22,0.7770231380231641,0.5,1e-06,0.049151940017271745,Utsuroi,0.12000272679221863,0.9688807029661863,2.0,0
2022-03-07,0.10484059580857429,3.0,0.3278688524590164,1.0236811398493624e-11,0.9999999999887632,1,1.1502889255158708e-22,0.5851655730797581,0.5,1e-06,0.08219773266596841,Utsuroi,0.12000272679221863,0.9688807029661863,2.0,0
2022-03-08,0.055780941501923746,3.0,0.3278688524590164,9.009237800178628e-12,0.9999999999899908,1,9.017540424095574e-23,0.5851655730797581,0.5,1e-06,1.0,Utsuroi,0.12000272679221863,0.9688807029661863,2.0,0
2022-03-09,0.04558851881530444,4.0,0.2469135802469136,9.85089787513818e-12,0.9999999999891491,1,1.0689086890330936e-22,0.7770231380231641,0.5,1e-06,0.049151940017271745,Utsuroi,0.12000272679221863,0.9688807029661863,2.0,0
2022-03-10,0.049969413827968406,4.0,0.2469135802469136,2.0721868665183277e-11,0.9999999999782782,1,4.5011725124378715e-22,0.7770231380231641,0.5,1e-06,1.0,Utsuroi,0.12000272679221863,0.9688807029661863,2.0,0
2022-03-11,0.059991802455388585,5.0,0.19801980198019803,1.7271961638532054e-11,0.9999999999817281,1,3.1559223839882823e-22,0.9688807029661863,0.5,1e-06,0.03220036418381278,Katashi,0.12000272679221863,0.9688807029661863,2.0,0
2022-03-14,0.11106795907802958,6.0,0.1652892561983471,0.0,0.0,0,0.0,1.160738267908825,0.0,0.11185853494263855,0.3921006569053287,Katashi,0.12000272679221863,0.9688807029661863,2.0,0
2022-03-15,0.08434281831696484,5.0,0.19801980198019803,3.026945360979927e-11,0.9999999999687306,1,9.465086058479916e-22,0.9688807029661863,0.5,0.10850277889435939,0.6102511845567622,Katashi,0.12000272679221863,0.9688807029661863,2.0,0
2022-03-16,0.08383772858529587,5.0,0.19801980198019803,0.0,0.0,0,0.0,0.9688807029661863,0.0,0.1052476955275286,1.0,Katashi,0.12000272679221863,0.9688807029661863,2.0,0
2022-03-17,0.08447111030530736,5.0,0.19801980198019803,7.641454135820673e-11,0.9999999999225855,1,5.915594982151135e-21,0.9688807029661863,0.5,0.10209026466170275,0.7496639762281003,Katashi,0.12000272679221863,0.9688807029661863,2.0,0
2022-03-18,0.09355807688178801,4.0,0.2469135802469136,0.0,0.0,0,0.0,0.7770231380231641,0.0,0.09902755672185166,0.3923225003568763,Utsuroi,0.12000272679221863,0.9688807029661863,2.0,0
2022-03-21,0.08464108008766175,3.0,0.3278688524590164,0.6696780183198117,0.6079003684289428,2,0.26258050425443386,0.5851655730797581,1.0,0.09605673002019612,0.43834439216686794,Utsuroi,0.12000272679221863,0.9688807029661863,2.0,0
2022-03-22,0.08539741996586363,3.0,0.3278688524590164,0.8540229689163691,0.6387771582469767,3,0.30849260375432475,0.5851655730797581,1.5,0.09317502811959023,0.19485187001737625,Utsuroi,0.12000272679221863,0.9688807029661863,2.0,0
2022-03-23,0.08890093606507167,3.0,0.3278688524590164,0.6731070928229168,0.5997643657159538,2,0.26940144423707046,0.5851655730797581,1.0,0.09037977727600252,0.32596993040937483,Utsuroi,0.12000272679221863,0.9688807029661863,2.0,0
2022-03-24,0.08569907463572313,4.0,0.2469135802469136,1.0563513122028765,0.4077014415797726,3,0.6256753594030793,0.7770231380231641,1.5,0.08766838395772245,0.05029929206419492,Utsuroi,0.12000272679221863,0.9688807029661863,2.0,0
2022-03-25,0.08235850033473759,3.0,0.3278688524590164,0.68238102998513,0.5732374838750913,2,0.2912146453123608,0.5851655730797581,1.0,0.08503833243899077,0.12650150761497003,Utsuroi,0.12000272679221863,0.9688807029661863,2.0,0
2022-03-28,0.08011505944045733,3.0,0.3278688524590164,0.6705329697096352,0.6059321063217831,2,0.26423551501527553,0.5851655730797581,1.0,0.08248718246582104,0.47324289161377864,Utsuroi,0.12000272679221863,0.9688807029661863,2.0,0
2022-03-29,0.08093441472888112,4.0,0.2469135802469136,0.6843512932146035,0.5662195882286266,2,0.2968581857669026,0.7770231380231641,1.0,0.0800125669918464,0.15839410623863415,Utsuroi,0.12000272679221863,0.9688807029661863,2.0,0
2022-03-30,0.06661362353061957,4.0,0.2469135802469136,0.5571847798543492,0.7546356849844051,2,0.1367132618460774,0.7770231380231641,1.0,0.077612189982091,0.7418469599699418,Utsuroi,0.12000272679221863,0.9688807029661863,2.0,0
2022-03-31,0.06199632287899752,4.0,0.2469135802469136,3.383393565254298e-11,0.9999999999651661,1,1.1785683889486171e-21,0.7770231380231641,0.5,0.07528382428262827,0.7815386572868447,Utsuroi,0.12000272679221863,0.9688807029661863,2.0,0
2022-04-01,0.06576776667002772,3.0,0.3278688524590164,0.0,0.0,0,0.0,0.5851655730797581,0.0,0.07302530955414942,0.3929273532659606,Utsuroi,0.12000272679221863,0.9688807029661863,2.0,0
2022-04-04,0.07570025494926681,3.0,0.3278688524590164,0.0,0.0,0,0.0,0.5851655730797581,0.0,0.07083455026752493,1.0,Utsuroi,0.12000272679221863,0.9688807029661863,2.0,0
2022-04-05,0.1079342265113016,2.0,0.48780487804878053,4.483580173692467e-11,0.9999999999541642,1,2.0550839273317603e-21,0.39330800813596845,0.5,0.06870951375949919,0.9158433897705366,Utsuroi,0.12000272679221863,0.9688807029661863,2.0,0
2022-04-06,0.1218974043084715,3.5,0.28169014084507044,7.611133945281185e-12,0.9999999999913889,1,6.554032550719617e-23,0.6810943555515091,0.5,0.0666482283467142,0.0635560708114069,Utsuroi,0.12000272679221863,0.9688807029661863,2.0,0
2022-04-07,0.12794432181783966,4.0,0.2469135802469136,8.975709064835283e-12,0.9999999999900243,1,8.953886372371985e-23,0.7770231380231641,0.5,0.06464878149631277,0.049010674235926754,Utsuroi,0.12000272679221863,0.9688807029661863,2.0,0
2022-04-08,0.14125729343120647,2.5,0.3921568627450981,3.6274316883475675e-12,0.9999999999953726,1,1.6785612096984106e-23,0.48923679060791125,0.5,0.06270931805142338,0.11238560903244177,Utsuroi,0.12000272679221863,0.9688807029661863,2.0,0
2022-04-11,0.13660831921701488,2.5,0.3921568627450981,3.4815483829124863e-12,0.9999999999955185,1,1.560265050766734e-23,0.48923679060791125,0.5,0.06082803850988067,1.0,Utsuroi,0.12000272679221863,0.9688807029661863,2.0,0
2022-04-12,0.15300977020344614,3.0,0.3278688524590164,6.15951734059524e-12,0.9999999999928405,1,4.409903495072478e-23,0.5851655730797581,0.5,0.05900319735458425,0.08308472812265166,Utsuroi,0.12000272679221863,0.9688807029661863,2.0,0
2022-04-13,0.08455931420358298,2.5,0.3921568627450981,6.3872240829442025e-12,0.9999999999926128,1,4.718371427247418e-23,0.48923679060791125,0.5,0.05723310143394672,0.11310395222342562,Nagare,0.12000272679221863,0.9688807029661863,2.0,0
2022-04-14,0.1166632445288572,3.5,0.28169014084507044,2.1289414675359168e-11,0.9999999999777106,1,4.745281209415623e-22,0.6810943555515091,0.5,0.05551610839092832,0.0630655808548165,Utsuroi,0.12000272679221863,0.9688807029661863,2.0,0
2022-04-18,0.12387134158059435,2.5,0.3921568627450981,1.6102008615202756e-11,0.999999999982898,1,2.7537633385748526e-22,0.48923679060791125,0.5,0.05385062513920047,0.11268379727778144,Nagare,0.12000272679221863,0.9688807029661863,2.0,0
2022-04-19,0.10946993574261778,2.5,0.3921568627450981,1.1837308910773984e-11,0.9999999999871627,1,1.5195892929919788e-22,0.48923679060791125,0.5,0.05223510638502445,1.0,Nagare,0.12000272679221863,0.9688807029661863,2.0,0
2022-04-20,0.10600756485785072,2.0,0.48780487804878053,0.6812907765310947,0.5768422778136986,2,0.2882934531434346,0.39330800813596845,1.0,0.05066805319347372,0.2551821477477504,Nagare,0.12000272679221863,0.9688807029661863,2.0,0
2022-04-21,0.1366263500196085,4.0,0.2469135802469136,0.6515260217433586,0.6432487906115979,2,0.23243269620495755,0.7770231380231641,1.0,0.04914801159766951,0.36630351616394274,Utsuroi,0.12000272679221863,0.9688807029661863,2.0,0
2022-04-22,0.16704872351248543,3.0,0.3278688524590164,0.6368449951148034,0.6661886428799395,2,0.21258609209439083,0.5851655730797581,1.0,0.04767357124973942,0.2508066352630429,Utsuroi,0.12000272679221863,0.9688807029661863,2.0,0
2022-04-25,0.1611720512576635,1.0,0.9523809523809523,0.08982496966929251,0.9820812073504471,2,0.0016095550062564285,0.2014504431917951,1.0,0.046243364112247234,0.7408114657022415,Nagare,0.12000272679221863,0.9688807029661863,2.0,0
2022-04-26,0.14988984453269458,2.0,0.48780487804878053,0.5667707337670496,0.7459223380805591,2,0.14400378287989787,0.39330800813596845,1.0,0.044856063188879816,0.3616766304425738,Nagare,0.12000272679221863,0.9688807029661863,2.0,0
2022-04-27,0.14993849062519668,2.0,0.48780487804878053,0.5976676905384805,0.714941449486015,2,0.17037028555394018,0.39330800813596845,1.0,0.04351038129321342,0.5651573324297172,Nagare,0.12000272679221863,0.9688807029661863,2.0,0
2022-04-28,0.18613715889934296,1.0,0.9523809523809523,0.6489826116743653,0.6474965531768955,2,0.22876860754347414,0.2014504431917951,1.0,0.042205069854417014,0.9565315781731583,Nagare,0.12000272679221863,0.9688807029661863,2.0,0
2022-04-29,0.23010138925403217,2.0,0.48780487804878053,0.3839896830440144,0.871257268622645,2,0.049435880615811244,0.39330800813596845,1.0,0.040938917758784506,0.8120544376492278,Nagare,0.12000272679221863,0.9688807029661863,2.0,0
2022-05-02,0.21578819994030207,2.0,0.48780487804878053,5.3399840103848993e-11,0.9999999999456002,1,2.9049415820031587e-21,0.39330800813596845,0.5,0.03971075022602097,0.49492481496525964,Nagare,0.12000272679221863,0.9688807029661863,2.0,0
2022-05-03,0.21518573652961012,2.0,0.48780487804878053,0.5343597890144449,0.7740308254349638,2,0.120748840444341,0.39330800813596845,1.0,0.038519427719240336,0.22670248623527434,Nagare,0.12000272679221863,0.9688807029661863,2.0,0
2022-05-04,0.2744682853378506,1.5,0.6451612903225806,1.7222667736239595e-11,0.9999999999817774,1,3.138425706969634e-22,0.2973792256639297,0.5,0.037363844887663124,0.3272457154436209,Nagare,0.12000272679221863,0.9688807029661863,2.0,0
2022-05-05,0.2811166435672365,1.0,0.9523809523809523,1.4155565608461326e-11,0.9999999999848445,1,2.1453529016007246e-22,0.2014504431917951,0.5,0.03624292954103323,0.42601283197118034,Nagare,0.12000272679221863,0.9688807029661863,2.0,0
2022-05-06,0.2834411306743323,1.0,0.9523809523809523,1.2783218927742026e-11,0.9999999999862168,1,1.7619362229674053e-22,0.2014504431917951,0.5,0.035155641654802235,1.0,Nagare,0.12000272679221863,0.9688807029661863,2.0,0
2022-05-09,0.26356107660455486,1.0,0.9523809523809523,0.0,0.0,0,0.0,0.2014504431917951,0.0,0.034100972405158164,1.0,Nagare,0.12000272679221863,0.9688807029661863,2.0,0
2022-05-10,0.25340160498263264,0.5,1.8181818181818181,0.0,0.0,0,0.0,0.10552166071956445,0.0,0.03307794323300342,0.7211190778973622,Nagare,0.12000272679221863,0.9688807029661863,2.0,0
2022-05-11,0.2465419297435108,2.0,0.48780487804878053,0.0,0.0,0,0.0,0.39330800813596845,0.0,0.03208560493601332,0.05764116945223696,Nagare,0.12000272679221863,0.9688807029661863,2.0,0
2022-05-12,0.24199048645688967,3.0,0.3278688524590164,1.6350598651439253e-10,0.999999999835494,1,2.6897709997737768e-20,0.5851655730797581,0.5,0.03112303678793292,0.1303138326965032,Utsuroi,0.12000272679221863,0.9688807029661863,2.0,0
2022-05-13,0.2264505586639974,3.0,0.3278688524590164,0.0,0.0,0,0.0,0.5851655730797581,0.0,0.030189345684294933,1.0,Utsuroi,0.12000272679221863,0.9688807029661863,2.0,0
2022-05-16,0.2243211334120425,3.0,0.3278688524590164,8.038170129178481e-11,0.9999999999186183,1,6.54159782593815e-21,0.5851655730797581,0.5,0.029283665313766083,0.606588527349627,Utsuroi,0.12000272679221863,0.9688807029661863,2.0,0
2022-05-17,0.1934200845268039,4.0,0.2469135802469136,9.214184970140305e-11,0.9999999999068582,1,8.582260278160778e-21,0.7770231380231641,0.5,0.0284051553543531,0.049151940017271745,Utsuroi,0.12000272679221863,0.9688807029661863,2.0,0
2022-05-18,0.1715569015964273,2.5,0.3921568627450981,1.530908732997406e-10,0.9999999998459091,1,2.3589902976160934e-20,0.48923679060791125,0.5,0.027553000693722508,0.11238560903244177,Nagare,0.12000272679221863,0.9688807029661863,2.0,0
2022-05-19,0.1753659266805788,3.0,0.3278688524590164,0.0,0.0,0,0.0,0.5851655730797581,0.0,0.02672641067291083,0.6431338869181389,Utsuroi,0.12000272679221863,0.9688807029661863,2.0,0
2022-05-20,0.17569924687824015,4.0,0.2469135802469136,0.0,0.0,0,0.0,0.7770231380231641,0.0,0.025924618352723503,0.0009628510472361462,Utsuroi,0.12000272679221863,0.9688807029661863,2.0,0
2022-05-23,0.16301847245446,4.0,0.2469135802469136,0.0,0.0,0,0.0,0.7770231380231641,0.0,0.025146879802141798,1.0,Utsuroi,0.12000272679221863,0.9688807029661863,2.0,0
2022-05-24,0.1432923579813985,4.0,0.2469135802469136,0.0,0.0,0,0.0,0.7770231380231641,0.0,0.024392473408077542,1.0,Utsuroi,0.12000272679221863,0.9688807029661863,2.0,0
2022-05-25,0.14908775905444827,5.0,0.19801980198019803,0.0,0.0,0,0.0,0.9688807029661863,0.0,0.023660699205835214,0.0003711968442847713,Katashi,0.12000272679221863,0.9688807029661863,2.0,0
2022-05-26,0.16405972977159064,5.0,0.19801980198019803,0.0,0.0,0,0.0,0.9688807029661863,0.0,0.022950878229660156,1.0,Katashi,0.12000272679221863,0.9688807029661863,2.0,0
2022-05-27,0.16845716918465106,5.0,0.19801980198019803,0.0,0.0,0,0.0,0.9688807029661863,0.0,0.02226235188277035,1.0,Katashi,0.12000272679221863,0.9688807029661863,2.0,0
2022-05-31,0.17733538523398287,5.0,0.19801980198019803,0.0,0.0,0,0.0,0.9688807029661863,0.0,0.02159448132628724,1.0,Katashi,0.12000272679221863,0.9688807029661863,2.0,0
2022-06-01,0.14605057030692753,4.0,0.2469135802469136,0.0,0.0,0,0.0,0.7770231380231641,0.0,0.02094664688649862,0.000577073576328968,Utsuroi,0.12000272679221863,0.9688807029661863,2.0,0
2022-06-02,0.1493178655629441,5.0,0.19801980198019803,0.0,0.0,0,0.0,0.9688807029661863,0.0,0.02031824747990366,0.0003711968442847713,Katashi,0.12000272679221863,0.9688807029661863,2.0,0
2022-06-03,0.1624284443176272,4.0,0.2469135802469136,0.0,0.0,0,0.0,0.7770231380231641,0.0,0.01970870005550655,0.000577073576328968,Utsuroi,0.12000272679221863,0.9688807029661863,2.0,0
2022-06-06,0.1284606978746057,4.0,0.2469135802469136,0.0,0.0,0,0.0,0.7770231380231641,0.0,0.01911743905384135,1.0,Utsuroi,0.12000272679221863,0.9688807029661863,2.0,0
2022-06-07,0.08351240855888122,4.0,0.2469135802469136,0.0,0.0,0,0.0,0.7770231380231641,0.0,0.01854391588222611,1.0,Utsuroi,0.12000272679221863,0.9688807029661863,2.0,0
2022-06-08,0.07521474669890918,4.0,0.2469135802469136,0.0,0.0,0,0.0,0.7770231380231641,0.0,0.017987598405759326,1.0,Utsuroi,0.12000272679221863,0.9688807029661863,2.0,0
2022-06-09,0.08516800672905053,5.0,0.19801980198019803,0.0,0.0,0,0.0,0.9688807029661863,0.0,0.017447970453586547,0.0003711968442847713,Katashi,0.12000272679221863,0.9688807029661863,2.0,0
2022-06-10,0.10911387416820671,5.0,0.19801980198019803,1.9455104194112688e-11,0.9999999999795449,1,3.9795575302158427e-22,0.9688807029661863,0.5,0.01692453133997895,0.7496639762281003,Katashi,0.12000272679221863,0.9688807029661863,2.0,0
2022-06-13,0.18237916159451412,5.0,0.19801980198019803,0.0,0.0,0,0.0,0.9688807029661863,0.0,0.016416795399779582,1.0,Katashi,0.12000272679221863,0.9688807029661863,2.0,0
2022-06-14,0.1910305768013278,5.0,0.19801980198019803,0.0,0.0,0,0.0,0.9688807029661863,0.0,0.015924291537786194,1.0,Katashi,0.12000272679221863,0.9688807029661863,2.0,0
2022-06-15,0.22133018496654863,6.0,0.1652892561983471,0.0,0.0,0,0.0,1.160738267908825,0.0,0.12730412773429114,0.00017245796394549373,Katashi,0.12000272679221863,0.9688807029661863,2.0,0
2022-06-16,0.20709066954126246,5.0,0.19801980198019803,0.0,0.0,0,0.0,0.9688807029661863,0.0,0.12348500390226241,0.000247511101407194,Katashi,0.12000272679221863,0.9688807029661863,2.0,0
2022-06-17,0.23028677514843524,2.0,0.48780487804878053,2.9162450231979525e-11,0.9999999999698376,1,8.79610308654351e-22,0.39330800813596845,0.5,0.11978045378519454,0.44408353456744876,Utsuroi,0.12000272679221863,0.9688807029661863,2.0,0
2022-06-21,0.24909398901493768,2.0,0.48780487804878053,0.6252425880602244,0.6821442722003145,2,0.19873693787924157,0.39330800813596845,1.0,0.11618704017163871,0.20577262857962764,Utsuroi,0.12000272679221863,0.9688807029661863,2.0,0
2022-06-22,0.24171414882877337,2.0,0.48780487804878053,1.2237322266541213e-11,0.9999999999867627,1,1.6198910781217439e-22,0.39330800813596845,0.5,0.11270142896648955,0.6932230783160154,Utsuroi,0.12000272679221863,0.9688807029661863,2.0,0
2022-06-23,0.23396044008692235,2.0,0.48780487804878053,3.354239108628653e-11,0.9999999999654576,1,1.1586336488762869e-21,0.39330800813596845,0.5,0.10932038609749486,1.0,Utsuroi,0.12000272679221863,0.9688807029661863,2.0,0
2022-06-24,0.23812175966326168,2.0,0.48780487804878053,1.4753753774120113e-11,0.9999999999842463,1,2.324266778248953e-22,0.39330800813596845,0.5,0.10604077451457002,1.0,Utsuroi,0.12000272679221863,0.9688807029661863,2.0,0
2022-06-27,0.25845695806170116,2.0,0.48780487804878053,1.692856965702171e-11,0.9999999999820715,1,3.0350466580329006e-22,0.39330800813596845,0.5,0.10285955127913292,1.0,Utsuroi,0.12000272679221863,0.9688807029661863,2.0,0
2022-06-28,0.24735468747326458,2.0,0.48780487804878053,7.193945439088408e-11,0.9999999999270606,1,5.247222961215827e-21,0.39330800813596845,0.5,0.09977376474075893,1.0,Utsuroi,0.12000272679221863,0.9688807029661863,2.0,0
2022-06-29,0.2471758807727188,3.0,0.3278688524590164,0.0,0.0,0,0.0,0.5851655730797581,0.0,0.09678055179853616,0.39362467250801003,Utsuroi,0.12000272679221863,0.9688807029661863,2.0,0
2022-06-30,0.22740961278510688,1.0,0.9523809523809523,0.0,0.0,0,0.0,0.2014504431917951,0.0,0.09387713524458008,0.06759127014125577,Utsuroi,0.12000272679221863,0.9688807029661863,2.0,0
2022-07-01,0.21612853549612446,2.0,0.48780487804878053,1.3850143254391527e-11,0.9999999999851499,1,2.0567630503408618e-22,0.39330800813596845,0.5,0.09106082118724268,0.07141021884279886,Utsuroi,0.12000272679221863,0.9688807029661863,2.0,0
2022-07-05,0.21473059220094795,2.0,0.48780487804878053,1.549516070995284e-11,0.9999999999835049,1,2.5559482335971086e-22,0.39330800813596845,0.5,0.08832899655162539,1.0,Utsuroi,0.12000272679221863,0.9688807029661863,2.0,0
2022-07-06,0.19387522885546601,2.0,0.48780487804878053,0.30747715664899716,0.9078530429110208,2,0.02833308435957649,0.39330800813596845,1.0,0.08567912665507663,0.21654568915644434,Utsuroi,0.12000272679221863,0.9688807029661863,2.0,0
2022-07-07,0.19798778296802014,2.0,0.48780487804878053,0.5379125033807196,0.7711257497590582,2,0.12311432090649026,0.39330800813596845,1.0,0.08310875285542432,0.6705350377172292,Utsuroi,0.12000272679221863,0.9688807029661863,2.0,0
2022-07-08,0.19600465410742093,2.0,0.48780487804878053,0.4774324901545971,0.8159815335618192,2,0.08785639466601079,0.39330800813596845,1.0,0.08061549026976159,0.7583644101822341,Utsuroi,0.12000272679221863,0.9688807029661863,2.0,0
2022-07-11,0.18488612836438928,2.0,0.48780487804878053,0.11749623868360135,0.974838976280067,2,0.0029563256485210035,0.39330800813596845,1.0,0.07819702556166874,0.9916210711826241,Utsuroi,0.12000272679221863,0.9688807029661863,2.0,0
2022-07-12,0.18228530362917716,2.0,0.48780487804878053,0.5264707336306294,0.7803451782456532,2,0.11564183515451609,0.39330800813596845,1.0,0.07585111479481868,0.6885359310417882,Utsuroi,0.12000272679221863,0.9688807029661863,2.0,0
2022-07-13,0.17866040415447534,2.0,0.48780487804878053,0.3302510177877567,0.8976338639615814,2,0.0338065206136877,0.39330800813596845,1.0,0.07357558135097411,0.9046177957573999,Utsuroi,0.12000272679221863,0.9688807029661863,2.0,0
2022-07-14,0.174937973752203,2.0,0.48780487804878053,0.515239864887402,0.7890293562438486,2,0.10870048598412767,0.39330800813596845,1.0,0.07136831391044489,0.7055636593067931,Utsuroi,0.12000272679221863,0.9688807029661863,2.0,0
2022-07-15,0.12565234501993397,2.0,0.48780487804878053,0.4419201148815219,0.8386388407891311,2,0.07130874201588273,0.39330800813596845,1.0,0.06922726449313155,0.8018928058920832,Utsuroi,0.12000272679221863,0.9688807029661863,2.0,0
2022-07-18,0.11526530123368069,2.0,0.48780487804878053,0.6433010569935529,0.6565443025471414,2,0.22094541320188188,0.39330800813596845,1.0,0.0671504465583376,0.46924935277712854,Utsuroi,0.12000272679221863,0.9688807029661863,2.0,0
2022-07-19,0.06893811063771538,3.0,0.3278688524590164,0.48925356318733226,0.8079000943424921,2,0.0939855633308861,0.5851655730797581,1.0,0.06513593316158747,0.6904232172588229,Utsuroi,0.12000272679221863,0.9688807029661863,2.0,0
2022-07-20,0.07155519052752254,3.0,0.3278688524590164,1.9309553955587297e-11,0.9999999999796905,1,3.9216800076274875e-22,0.5851655730797581,0.5,0.06318185516673985,0.6743737595735801,Utsuroi,0.12000272679221863,0.9688807029661863,2.0,0
2022-07-21,0.08844429615180602,1.0,0.9523809523809523,0.6879530018927502,0.5509174786109228,2,0.3089476686871809,0.2014504431917951,1.0,0.06128639951173766,0.35721386855415127,Utsuroi,0.12000272679221863,0.9688807029661863,2.0,0
2022-07-22,0.08202351008675123,2.0,0.48780487804878053,1.8235857268493536e-11,0.9999999999807642,1,3.507819441801961e-22,0.39330800813596845,0.5,0.059447807526385524,0.9603581071765713,Utsuroi,0.12000272679221863,0.9688807029661863,2.0,0
2022-07-25,0.08059305648238455,1.0,0.9523809523809523,1.6815215886209507e-11,0.9999999999821848,1,2.9956632920720244e-22,0.2014504431917951,0.5,0.05766437330059396,0.41373674257149573,Utsuroi,0.12000272679221863,0.9688807029661863,2.0,0
2022-07-26,0.07752083226391526,3.0,0.3278688524590164,9.713785331598452e-12,0.9999999999892862,1,1.0407119591488791e-22,0.5851655730797581,0.5,0.05593444210157614,0.08833707518814993,Utsuroi,0.12000272679221863,0.9688807029661863,2.0,0
2022-07-27,0.10159471621922214,3.0,0.3278688524590164,1.1439960090265662e-11,0.9999999999875601,1,1.4231239388642093e-22,0.5851655730797581,0.5,0.05425640883852885,1.0,Utsuroi,0.12000272679221863,0.9688807029661863,2.0,0
2022-07-28,0.1334873295347604,3.0,0.3278688524590164,1.13327125460882e-11,0.9999999999876673,1,1.3976283550011408e-22,0.5851655730797581,0.5,0.05262871657337298,1.0,Utsuroi,0.12000272679221863,0.9688807029661863,2.0,0
2022-07-29,0.1288221001659737,3.0,0.3278688524590164,1.16894272038958e-11,0.9999999999873106,1,1.483318769697733e-22,0.5851655730797581,0.5,0.05104985507617179,1.0,Utsuroi,0.12000272679221863,0.9688807029661863,2.0,0
2022-08-01,0.12627004089454683,4.0,0.2469135802469136,1.653832626387289e-11,0.9999999999824617,1,2.90054196020491e-22,0.7770231380231641,0.5,0.04951835942388663,0.049151940017271745,Utsuroi,0.12000272679221863,0.9688807029661863,2.0,0
2022-08-02,0.15170935783584008,3.0,0.3278688524590164,1.9155788066679824e-11,0.9999999999798442,1,3.8609958076713215e-22,0.5851655730797581,0.5,0.04803280864117003,0.08219773266596841,Utsuroi,0.12000272679221863,0.9688807029661863,2.0,0
2022-08-03,0.17428776756840003,3.0,0.3278688524590164,1.8748669283557902e-11,0.9999999999802514,1,3.7026085443861763e-22,0.5851655730797581,0.5,0.046591824381934925,1.0,Utsuroi,0.12000272679221863,0.9688807029661863,2.0,0
2022-08-04,0.17934312064746852,3.0,0.3278688524590164,1.8797519096640443e-11,0.9999999999802025,1,3.721438274554205e-22,0.5851655730797581,0.5,0.04519406965047688,1.0,Utsuroi,0.12000272679221863,0.9688807029661863,2.0,0
2022-08-05,0.16947624180825763,2.0,0.48780487804878053,4.0907277564460905e-11,0.9999999999580927,1,1.714311730396863e-21,0.39330800813596845,0.5,0.04383824756096257,0.16229421179002734,Nagare,0.12000272679221863,0.9688807029661863,2.0,0
2022-08-08,0.1902503293807642,2.0,0.48780487804878053,0.0,0.0,0,0.0,0.39330800813596845,0.0,0.04252310013413369,1.0,Nagare,0.12000272679221863,0.9688807029661863,2.0,0
2022-08-09,0.19733757678421715,3.0,0.3278688524590164,0.0,0.0,0,0.0,0.5851655730797581,0.0,0.04124740713010968,0.0034143953237789626,Utsuroi,0.12000272679221863,0.9688807029661863,2.0,0
2022-08-10,0.2032036766463632,1.5,0.6451612903225806,4.3095416123600534e-11,0.9999999999559046,1,1.9003093536870313e-21,0.2973792256639297,0.5,0.04000998491620639,0.8520131636249513,Nagare,0.12000272679221863,0.9688807029661863,2.0,0
2022-08-11,0.20419632000941415,1.0,0.9523809523809523,1.476874178495232e-11,0.9999999999842313,1,2.328841489874054e-22,0.2014504431917951,0.5,0.0388096853687202,0.42601283197118034,Nagare,0.12000272679221863,0.9688807029661863,2.0,0
2022-08-12,0.2287671225026621,1.0,0.9523809523809523,2.1967205831877488e-11,0.9999999999770328,1,5.045248519453533e-22,0.2014504431917951,0.5,0.03764539480765859,1.0,Nagare,0.12000272679221863,0.9688807029661863,2.0,0
2022-08-15,0.20500095704867513,2.0,0.48780487804878053,2.0280777057509185e-11,0.9999999999787192,1,4.315902464728083e-22,0.39330800813596845,0.5,0.036516032963428834,0.17557387670125535,Nagare,0.12000272679221863,0.9688807029661863,2.0,0
2022-08-16,0.20861796998424734,0.5,1.8181818181818181,1.3733236769900227e-11,0.9999999999852668,1,2.0233472514670333e-22,0.10552166071956445,0.5,0.03542055197452597,0.74965094590139,Nagare,0.12000272679221863,0.9688807029661863,2.0,0
2022-08-17,0.2341107172086828,1.0,0.9523809523809523,0.4600748934842108,0.8273426282356791,2,0.07943532192373375,0.2014504431917951,1.0,0.03435793541529019,0.06200584945005183,Nagare,0.12000272679221863,0.9688807029661863,2.0,0
2022-08-18,0.24939123728060847,1.0,0.9523809523809523,1.2463141629746954e-11,0.9999999999865369,1,1.6779276520787082e-22,0.2014504431917951,0.5,0.03332719735283148,0.334036331040266,Nagare,0.12000272679221863,0.9688807029661863,2.0,0
2022-08-19,0.2692360171342776,2.0,0.48780487804878053,6.990485967610235e-11,0.9999999999290952,1,4.95659271977161e-21,0.39330800813596845,0.5,0.03232738143224654,0.17557387670125535,Nagare,0.12000272679221863,0.9688807029661863,2.0,0
2022-08-22,0.2830617721879089,1.0,0.9523809523809523,2.245081898139298e-11,0.9999999999765492,1,5.264895952720964e-22,0.2014504431917951,0.5,0.031357559989279145,0.41373674257149573,Nagare,0.12000272679221863,0.9688807029661863,2.0,0
2022-08-23,0.3145915622346896,0.0,20.0,3.219813304811592e-11,0.9999999999668019,1,1.0689171925719296e-21,0.009592878247237929,0.5,0.03041683318960077,0.03671879581913007,Nagare,0.12000272679221863,0.9688807029661863,2.0,0
2022-08-24,0.3187119110623095,0.5,1.8181818181818181,0.6000099135320884,0.7123766673684873,2,0.17257685094204506,0.10552166071956445,1.0,0.029504328193912747,0.834308937987698,Nagare,0.12000272679221863,0.9688807029661863,2.0,0
2022-08-25,0.32658724651342375,1.0,0.9523809523809523,0.28552524665282975,0.9172124714011647,2,0.02363792952296065,0.2014504431917951,1.0,0.028619198348095364,0.9688807178406366,Nagare,0.12000272679221863,0.9688807029661863,2.0,0
2022-08-26,0.3151345098793104,-1.0,0.9523809523809523,0.4339505944696188,0.8434225997195961,2,0.06794685593218873,0.2014504431917951,1.0,0.027760622397652503,0.7794168551556226,Nagare,0.12000272679221863,0.9688807029661863,2.0,0
2022-08-29,0.2945377781871394,1.0,0.9523809523809523,9.075296070143161e-12,0.9999999999899247,1,9.143609407019547e-23,0.2014504431917951,0.5,0.026927803725722926,0.3107860552924442,Nagare,0.12000272679221863,0.9688807029661863,2.0,0
2022-08-30,0.30221815278958314,1.0,0.9523809523809523,1.4207413023710534e-11,0.9999999999847926,1,2.160576835592314e-22,0.2014504431917951,0.5,0.026119969613951237,1.0,Nagare,0.12000272679221863,0.9688807029661863,2.0,0
2022-08-31,0.32024473816565663,0.0,20.0,0.6891302897999007,0.5447856528511478,2,0.3137019949717611,0.009592878247237929,1.0,0.025336370525532698,0.02608123548468466,Nagare,0.12000272679221863,0.9688807029661863,2.0,0
2022-09-01,0.3098976091513874,1.0,0.9523809523809523,0.6597210046178255,0.6285535797845399,2,0.24505100550623832,0.2014504431917951,1.0,0.024576279409766717,0.9007740251386558,Nagare,0.12000272679221863,0.9688807029661863,2.0,0
2022-09-02,0.26398296225822987,1.0,0.9523809523809523,0.0,0.0,0,0.0,0.2014504431917951,0.0,0.023838991027473715,1.0,Nagare,0.12000272679221863,0.9688807029661863,2.0,0
2022-09-06,0.25943146387717037,2.0,0.48780487804878053,0.0,0.0,0,0.0,0.39330800813596845,0.0,0.023123821296649503,0.023274037156571614,Nagare,0.12000272679221863,0.9688807029661863,2.0,0
2022-09-07,0.28800173685489605,1.0,0.9523809523809523,0.6338011927240481,0.6705320680015695,2,0.20881716826493082,0.2014504431917951,1.0,0.022430106657750016,0.17908127978969568,Nagare,0.12000272679221863,0.9688807029661863,2.0,0
2022-09-08,0.2700468832879901,1.0,0.9523809523809523,9.814404843885696e-11,0.999999999900856,1,9.730396121774693e-21,0.2014504431917951,0.5,0.021757203458017516,0.5754849144668994,Nagare,0.12000272679221863,0.9688807029661863,2.0,0
2022-09-09,0.2886102698355663,1.0,0.9523809523809523,4.212723502480198e-10,0.9999999995777277,1,1.778916561520284e-19,0.2014504431917951,0.5,0.021104487354276988,1.0,Nagare,0.12000272679221863,0.9688807029661863,2.0,0
2022-09-12,0.28108413325804626,1.0,0.9523809523809523,4.5184411766640937e-11,0.9999999999538156,1,2.0868144789552564e-21,0.2014504431917951,0.5,0.020471352733648678,1.0,Nagare,0.12000272679221863,0.9688807029661863,2.0,0
2022-09-13,0.2938281744605855,1.0,0.9523809523809523,3.0507263381666514e-11,0.9999999999684928,1,9.61199707562022e-22,0.2014504431917951,0.5,0.019857212151639218,1.0,Nagare,0.12000272679221863,0.9688807029661863,2.0,0
2022-09-14,0.24953287818900471,1.5,0.6451612903225806,3.4090508193524886e-11,0.9999999999649095,1,1.1962525029666027e-21,0.2973792256639297,0.5,0.01926149578709004,0.2705888745143521,Nagare,0.12000272679221863,0.9688807029661863,2.0,0
2022-09-15,0.2555635405437778,2.0,0.48780487804878053,1.2539635996142594e-11,0.9999999999864604,1,1.6978182951472286e-22,0.39330800813596845,0.5,0.01868365091347734,0.16816673972427276,Nagare,0.12000272679221863,0.9688807029661863,2.0,0
2022-09-16,0.2445262905737214,2.0,0.48780487804878053,3.7100322813173535e-11,0.9999999999618997,1,1.41353345495881e-21,0.39330800813596845,0.5,0.018123141386073016,1.0,Nagare,0.12000272679221863,0.9688807029661863,2.0,0
2022-09-19,0.24023492976062147,2.0,0.48780487804878053,0.0,0.0,0,0.0,0.39330800813596845,0.0,0.017579447144490824,1.0,Nagare,0.12000272679221863,0.9688807029661863,2.0,0
2022-09-20,0.22820611536026558,2.0,0.48780487804878053,0.0,0.0,0,0.0,0.39330800813596845,0.0,0.017052063730156098,1.0,Nagare,0.12000272679221863,0.9688807029661863,2.0,0
2022-09-21,0.21341392467874676,2.0,0.48780487804878053,2.909580354000374e-10,0.999999999708042,1,8.494752997515764e-20,0.39330800813596845,0.5,0.016540501818251414,0.46376867130735333,Nagare,0.12000272679221863,0.9688807029661863,2.0,0
2022-09-22,0.21034170046027753,1.0,0.9523809523809523,0.0,0.0,0,0.0,0.2014504431917951,0.0,0.016044286763703872,0.4403401098155846,Nagare,0.12000272679221863,0.9688807029661863,2.0,0
2022-09-23,0.2041647417141488,2.0,0.48780487804878053,1.3538281606778903e-11,0.9999999999854617,1,1.968230509825742e-22,0.39330800813596845,0.5,0.015562958160792756,0.07141021884279886,Nagare,0.12000272679221863,0.9688807029661863,2.0,0
2022-09-26,0.2156733911674623,2.0,0.48780487804878053,0.0,0.0,0,0.0,0.39330800813596845,0.0,0.015096069415968973,1.0,Nagare,0.12000272679221863,0.9688807029661863,2.0,0
2022-09-27,0.190640453091046,2.0,0.48780487804878053,0.0,0.0,0,0.0,0.39330800813596845,0.0,0.014643187333489903,1.0,Nagare,0.12000272679221863,0.9688807029661863,2.0,0
2022-09-28,0.25018308437280773,2.0,0.48780487804878053,0.0,0.0,0,0.0,0.39330800813596845,0.0,0.014203891713485205,1.0,Nagare,0.12000272679221863,0.9688807029661863,2.0,0
2022-09-29,0.2698843317420393,1.0,0.9523809523809523,8.849010412913944e-11,0.9999999999105099,1,7.918986675716054e-21,0.2014504431917951,0.5,0.013777774962080647,0.751647096982661,Nagare,0.12000272679221863,0.9688807029661863,2.0,0
2022-09-30,0.2712005481780401,1.0,0.9523809523809523,0.6447431416479397,0.654301432360909,2,0.2228867805628203,0.2014504431917951,1.0,0.013364441713218227,0.1026568168202171,Nagare,0.12000272679221863,0.9688807029661863,2.0,0
2022-10-03,0.31589169683352986,2.0,0.48780487804878053,0.0,0.0,0,0.0,0.39330800813596845,0.0,0.01296350846182168,0.7180736724737031,Nagare,0.12000272679221863,0.9688807029661863,2.0,0
2022-10-04,0.3292363477483082,2.0,0.48780487804878053,0.0,0.0,0,0.0,0.39330800813596845,0.0,0.01257460320796703,1.0,Nagare,0.12000272679221863,0.9688807029661863,2.0,0
2022-10-05,0.3311459542301689,3.0,0.3278688524590164,0.0,0.0,0,0.0,0.5851655730797581,0.0,0.012197365111728017,0.0034143953237789626,Utsuroi,0.12000272679221863,0.9688807029661863,2.0,0
2022-10-06,0.32450595543384203,3.0,0.3278688524590164,0.0,0.0,0,0.0,0.5851655730797581,0.0,0.011831444158376177,1.0,Utsuroi,0.12000272679221863,0.9688807029661863,2.0,0
2022-10-07,0.3148599513414606,3.0,0.3278688524590164,0.0,0.0,0,0.0,0.5851655730797581,0.0,0.011476500833624892,1.0,Utsuroi,0.12000272679221863,0.9688807029661863,2.0,0
2022-10-10,0.30511555776651084,1.0,0.9523809523809523,0.3581942833209524,0.8843367707629798,2,0.04142990750314148,0.2014504431917951,1.0,0.011132205808616145,0.4799397745855224,Nagare,0.12000272679221863,0.9688807029661863,2.0,0
2022-10-11,0.275199743190326,2.0,0.48780487804878053,7.780509569644113e-11,0.9999999999211949,1,6.131436291087807e-21,0.39330800813596845,0.5,0.010798239634357661,0.9218148661976127,Nagare,0.12000272679221863,0.9688807029661863,2.0,0
2022-10-12,0.2720821518140206,1.0,0.9523809523809523,2.391531417314061e-11,0.9999999999750847,1,5.95857037132685e-22,0.2014504431917951,0.5,0.010474292445326931,0.41373674257149573,Nagare,0.12000272679221863,0.9688807029661863,2.0,0
2022-10-13,0.2530182675657962,1.0,0.9523809523809523,9.92306237173803e-12,0.999999999989077,1,1.0839000969051969e-22,0.2014504431917951,0.5,0.010160063671967123,1.0,Nagare,0.12000272679221863,0.9688807029661863,2.0,0
2022-10-14,0.25077799134958645,3.0,0.3278688524590164,0.0,0.0,0,0.0,0.5851655730797581,0.0,0.009855261761808108,0.16854457042973592,Utsuroi,0.12000272679221863,0.9688807029661863,2.0,0
2022-10-17,0.26818928372448964,3.0,0.3278688524590164,1.4085599352557686e-10,0.999999999858144,1,1.9981263791043225e-20,0.5851655730797581,0.5,0.009559603908953865,0.606588527349627,Utsuroi,0.12000272679221863,0.9688807029661863,2.0,0
2022-10-18,0.2808464677623673,3.0,0.3278688524590164,1.1925327391525172e-10,0.9999999998797467,1,1.434059397619595e-20,0.5851655730797581,0.5,0.009272815791685249,1.0,Utsuroi,0.12000272679221863,0.9688807029661863,2.0,0
2022-10-19,0.2784007696953356,3.0,0.3278688524590164,1.0148659689875894e-10,0.9999999998975134,1,1.0401013702464785e-20,0.5851655730797581,0.5,0.008994631317934692,1.0,Utsuroi,0.12000272679221863,0.9688807029661863,2.0,0
2022-10-20,0.27903533130788516,3.0,0.3278688524590164,1.0247658276971523e-10,0.9999999998965234,1,1.0603924332518308e-20,0.5851655730797581,0.5,0.008724792378396651,1.0,Utsuroi,0.12000272679221863,0.9688807029661863,2.0,0
2022-10-21,0.30388078189889206,2.0,0.48780487804878053,0.0,0.0,0,0.0,0.39330800813596845,0.0,0.008463048607044752,0.3961356151897317,Nagare,0.12000272679221863,0.9688807029661863,2.0,0
2022-10-24,0.3047423280199182,3.0,0.3278688524590164,0.0,0.0,0,0.0,0.5851655730797581,0.0,0.008209157148833409,0.0034143953237789626,Utsuroi,0.12000272679221863,0.9688807029661863,2.0,0
2022-10-25,0.3110307773814776,3.0,0.3278688524590164,0.0,0.0,0,0.0,0.5851655730797581,0.0,0.007962882434368407,1.0,Utsuroi,0.12000272679221863,0.9688807029661863,2.0,0
2022-10-26,0.27925130296740797,2.5,0.3921568627450981,1.503274171695681e-10,0.9999999998486726,1,2.2748656446263052e-20,0.48923679060791125,0.5,0.007723995961337354,0.8920946976906363,Nagare,0.12000272679221863,0.9688807029661863,2.0,0
2022-10-27,0.2808212131223688,2.0,0.48780487804878053,3.4025671168889046e-11,0.9999999999649744,1,1.191771216976736e-21,0.39330800813596845,0.5,0.007492276082497234,0.1633339215048648,Nagare,0.12000272679221863,0.9688807029661863,2.0,0
2022-10-28,0.24209285514648596,3.0,0.3278688524590164,1.816047312512294e-11,0.9999999999808395,1,3.4796285551585617e-22,0.5851655730797581,0.5,0.007267507800022317,0.08377656334584438,Utsuroi,0.12000272679221863,0.9688807029661863,2.0,0
2022-10-31,0.22752039157828025,2.5,0.3921568627450981,0.31766193563526246,0.9033488181610978,2,0.0307024015043814,0.48923679060791125,1.0,0.007049482566021647,0.5753586875100121,Nagare,0.12000272679221863,0.9688807029661863,2.0,0
2022-11-01,0.2195186351050243,3.0,0.3278688524590164,6.002753849357128e-11,0.9999999999389725,1,3.663331588290099e-21,0.5851655730797581,0.5,0.006837998089040997,0.961539113833036,Utsuroi,0.12000272679221863,0.9688807029661863,2.0,0
2022-11-02,0.18849488976017753,3.0,0.3278688524590164,0.0,0.0,0,0.0,0.5851655730797581,0.0,0.006632858146369767,1.0,Utsuroi,0.12000272679221863,0.9688807029661863,2.0,0
2022-11-03,0.16911793283988164,2.0,0.48780487804878053,3.1071722967483954e-10,0.9999999996882828,1,9.68559071879779e-20,0.39330800813596845,0.5,0.006433872401978674,0.9158433897705366,Nagare,0.12000272679221863,0.9688807029661863,2.0,0
2022-11-04,0.18251489821851655,2.0,0.48780487804878053,5.583755679888287e-11,0.9999999999431625,1,3.1736690709347137e-21,0.39330800813596845,0.5,0.006240856229919313,1.0,Nagare,0.12000272679221863,0.9688807029661863,2.0,0
2022-11-07,0.172882256822716,3.0,0.3278688524590164,1.3874487105123303e-09,0.9999999986115513,1,1.9264013436574422e-18,0.5851655730797581,0.5,0.006053630543021733,0.08377656334584438,Utsuroi,0.12000272679221863,0.9688807029661863,2.0,0
2022-11-08,0.17052648525768366,2.0,0.48780487804878053,0.25489878593306614,0.9295122482221707,2,0.01796724235132001,0.39330800813596845,1.0,0.005872021626731081,0.7462877350819889,Nagare,0.12000272679221863,0.9688807029661863,2.0,0
2022-11-09,0.16529523630089624,2.0,0.48780487804878053,0.2588104833462136,0.9279888067981498,2,0.01863725171890843,0.39330800813596845,1.0,0.005695860977929149,0.9472492957552092,Nagare,0.12000272679221863,0.9688807029661863,2.0,0
2022-11-10,0.19202061580452726,1.0,0.9523809523809523,0.32710702223007976,0.8990766659265703,2,0.03301273128229113,0.2014504431917951,1.0,0.005524985148591274,0.6673086213267834,Nagare,0.12000272679221863,0.9688807029661863,2.0,0
2022-11-11,0.20125517349166516,1.0,0.9523809523809523,1.3076872917751289e-11,0.9999999999859231,1,1.8408118894313476e-22,0.2014504431917951,0.5,0.005359235594133536,0.25332762143937404,Nagare,0.12000272679221863,0.9688807029661863,2.0,0
2022-11-14,0.21593347364098356,1.5,0.6451612903225806,8.119060979042692e-12,0.999999999990881,1,7.403803255319525e-23,0.2973792256639297,0.5,0.00519845852630953,0.2705888745143521,Nagare,0.12000272679221863,0.9688807029661863,2.0,0
2022-11-15,0.2072532210872132,3.0,0.3278688524590164,0.4928191386737969,0.8054039045707486,2,0.09590068013872766,0.5851655730797581,1.0,0.005042504770520245,0.023374191795084598,Utsuroi,0.12000272679221863,0.9688807029661863,2.0,0
2022-11-16,0.1908842804099721,1.0,0.9523809523809523,0.6108294659187478,0.7000411096386085,2,0.18322372879702895,0.2014504431917951,1.0,0.004891229627404637,0.913404261334768,Nagare,0.12000272679221863,0.9688807029661863,2.0,0
2022-11-17,0.20065362832161257,1.0,0.9523809523809523,0.5855928311271006,0.7276392013770192,2,0.15949253115366943,0.2014504431917951,1.0,0.0047444927385824984,0.5311178890622648,Nagare,0.12000272679221863,0.9688807029661863,2.0,0
2022-11-18,0.18751946340879153,1.0,0.9523809523809523,0.6177036715292226,0.6917371554353046,2,0.1904150908836544,0.2014504431917951,1.0,0.004602157956425023,0.4646811285358913,Nagare,0.12000272679221863,0.9688807029661863,2.0,0
2022-11-21,0.18514621083791047,1.0,0.9523809523809523,0.623916426418137,0.6838718744544863,2,0.1972375303806211,0.2014504431917951,1.0,0.004464093217732273,0.4512070235327724,Nagare,0.12000272679221863,0.9688807029661863,2.0,0
2022-11-22,0.18665794021525248,0.0,20.0,5.7620574977822e-12,0.999999999993238,1,3.896323663903583e-23,0.009592878247237929,0.5,0.004330170421200304,0.1417560623256543,Nagare,0.12000272679221863,0.9688807029661863,2.0,0
2022-11-23,0.19587461287066033,0.0,20.0,5.865308239071636e-12,0.9999999999931347,1,4.0267019227821254e-23,0.009592878247237929,0.5,0.004200265308564295,1.0,Nagare,0.12000272679221863,0.9688807029661863,2.0,0
2022-11-25,0.1863816025871362,0.0,20.0,5.7047699897119275e-12,0.9999999999932953,1,3.8249044426030057e-23,0.009592878247237929,0.5,0.0040742573493073655,1.0,Nagare,0.12000272679221863,0.9688807029661863,2.0,0
2022-11-28,0.19205465154081758,0.0,20.0,9.121703392572024e-12,0.9999999999898783,1,9.232697438732521e-23,0.009592878247237929,0.5,0.003952029628828144,1.0,Nagare,0.12000272679221863,0.9688807029661863,2.0,0
2022-11-29,0.18608900980442486,1.0,0.9523809523809523,0.4929088892795895,0.8249206404276597,3,0.08629817266258413,0.2014504431917951,1.5,0.0038334687399633,0.6254559182390216,Nagare,0.12000272679221863,0.9688807029661863,2.0,0
2022-11-30,0.24741970809164487,2.0,0.48780487804878053,0.5214303194520722,0.7842853946153268,2,0.11248013559620786,0.39330800813596845,1.0,0.003718464677764401,0.8075145873489936,Nagare,0.12000272679221863,0.9688807029661863,2.0,0
2022-12-01,0.24917526478791305,3.0,0.3278688524590164,0.0,0.0,0,0.0,0.5851655730797581,0.0,0.003606910737431469,0.6664031887719648,Utsuroi,0.12000272679221863,0.9688807029661863,2.0,0
2022-12-02,0.25520592714268603,2.0,0.48780487804878053,1.7663981388519956e-11,0.999999999981336,1,3.296798291279146e-22,0.39330800813596845,0.5,0.0034987034153085247,0.9158433897705366,Nagare,0.12000272679221863,0.9688807029661863,2.0,0
2022-12-05,0.2704857724620571,2.0,0.48780487804878053,1.7042700583951124e-11,0.9999999999819573,1,3.074959667670721e-22,0.39330800813596845,0.5,0.003393742312849269,1.0,Nagare,0.12000272679221863,0.9688807029661863,2.0,0
2022-12-06,0.2549458446691648,2.0,0.48780487804878053,4.484768112328762e-11,0.9999999999541523,1,2.056161191198639e-21,0.39330800813596845,0.5,0.003291930043463791,1.0,Nagare,0.12000272679221863,0.9688807029661863,2.0,0
2022-12-07,0.25296271580856566,2.0,0.48780487804878053,0.0,0.0,0,0.0,0.39330800813596845,0.0,0.003193172142159877,1.0,Nagare,0.12000272679221863,0.9688807029661863,2.0,0
2022-12-08,0.2568639529113837,2.5,0.3921568627450981,0.0,0.0,0,0.0,0.48923679060791125,0.0,0.0030973769778950807,0.0056788811375327874,Nagare,0.12000272679221863,0.9688807029661863,2.0,0
2022-12-09,0.2667470869051897,1.0,0.9523809523809523,5.87627724239947e-11,0.9999999999402372,1,3.51182489554949e-21,0.2014504431917951,0.5,0.0030044556685582284,0.9466106232650728,Nagare,0.12000272679221863,0.9688807029661863,2.0,0
2022-12-12,0.25452321064969285,1.0,0.9523809523809523,3.972844275696263e-11,0.9999999999592716,1,1.6180767278216582e-21,0.2014504431917951,0.5,0.0029143219985014812,1.0,Nagare,0.12000272679221863,0.9688807029661863,2.0,0
2022-12-13,0.24218554831203057,0.5,1.8181818181818181,2.464439763339352e-11,0.9999999999743556,1,6.319901871778299e-22,0.10552166071956445,0.5,0.0028268923385464367,0.8561051314302586,Nagare,0.12000272679221863,0.9688807029661863,2.0,0
2022-12-14,0.2438760843899184,2.0,0.48780487804878053,0.0,0.0,0,0.0,0.39330800813596845,0.0,0.0027420855683900434,0.278277151454427,Nagare,0.12000272679221863,0.9688807029661863,2.0,0
2022-12-15,0.24437999418236575,1.5,0.6451612903225806,2.816535893359325e-11,0.9999999999708347,1,8.214521797375118e-22,0.2973792256639297,0.5,0.002659823001338342,0.6701145779128872,Nagare,0.12000272679221863,0.9688807029661863,2.0,0
2022-12-16,0.20847235768184383,1.0,0.9523809523809523,1.2877365840228938e-11,0.9999999999861227,1,1.787036319550746e-22,0.2014504431917951,0.5,0.002580028311298192,0.42601283197118034,Nagare,0.12000272679221863,0.9688807029661863,2.0,0
2022-12-19,0.21773779580103692,0.0,20.0,1.2470025012499537e-11,0.99999999998653,1,1.6797127296758545e-22,0.009592878247237929,0.5,0.002502627461959246,0.03671879581913007,Nagare,0.12000272679221863,0.9688807029661863,2.0,0
2022-12-20,0.19655732936365347,0.5,1.8181818181818181,6.918798867130659e-12,0.9999999999920812,1,5.478842357542051e-23,0.10552166071956445,0.5,0.0024275486381004686,0.664532943425876,Nagare,0.12000272679221863,0.9688807029661863,2.0,0
2022-12-21,0.2224680457882039,1.0,0.9523809523809523,1.214206513102963e-11,0.999999999986858,1,1.5957154217487117e-22,0.2014504431917951,0.5,0.0023547221789574544,0.5376859766261264,Nagare,0.12000272679221863,0.9688807029661863,2.0,0
2022-12-22,0.2292627004089455,1.0,0.9523809523809523,1.3636314299851874e-11,0.9999999999853637,1,1.9958508032692193e-22,0.2014504431917951,0.5,0.0022840805135887305,1.0,Nagare,0.12000272679221863,0.9688807029661863,2.0,0
2022-12-23,0.22105384733843228,1.0,0.9523809523809523,9.96824844883978e-12,0.9999999999890318,1,1.0933400507242879e-22,0.2014504431917951,0.5,0.0022155580981810686,1.0,Nagare,0.12000272679221863,0.9688807029661863,2.0,0
2022-12-27,0.22425611279366223,1.0,0.9523809523809523,0.4229069120801313,0.8498859246033121,2,0.06348428008577728,0.2014504431917951,1.0,0.0021490913552356366,0.09305377322950181,Nagare,0.12000272679221863,0.9688807029661863,2.0,0
2022-12-28,0.22110883273491086,1.0,0.9523809523809523,0.4987902971495837,0.8011598663914496,2,0.09917952932787175,0.2014504431917951,1.0,0.0020846186145785676,0.6865298207090775,Nagare,0.12000272679221863,0.9688807029661863,2.0,0
2022-12-29,0.22058173621900376,0.0,20.0,0.586377818275537,0.7268387326506819,2,0.16017570798567385,0.009592878247237929,1.0,0.0020220800561412105,0.09816046782876497,Nagare,0.12000272679221863,0.9688807029661863,2.0,0
2022-12-30,0.22376018595593586,1.0,0.9523809523809523,0.6756458726152035,0.5932710260117048,2,0.27480475254820813,0.2014504431917951,1.0,0.0019614176544569743,0.9093981343725354,Nagare,0.12000272679221863,0.9688807029661863,2.0,0
2023-01-03,0.17214716388494725,1.0,0.9523809523809523,0.6910097145258363,0.5326798307715231,2,0.3229227767307353,0.2014504431917951,1.0,0.001902575124823265,0.2678722421678216,Nagare,0.12000272679221863,0.9688807029661863,2.0,0
2023-01-04,0.18998807985965807,1.0,0.9523809523809523,0.8254753523486181,0.5542456161467523,3,0.36795925707220084,0.2014504431917951,1.5,0.0018454978710785671,0.10226955487947942,Nagare,0.12000272679221863,0.9688807029661863,2.0,0
2023-01-05,0.189490330860186,0.0,20.0,0.7796636092876919,0.7241428938713133,3,0.21507574701194976,0.009592878247237929,1.5,0.0017901329349462101,0.28318737926773097,Nagare,0.12000272679221863,0.9688807029661863,2.0,0
2023-01-06,0.1825085168972781,0.0,20.0,0.5179634687210758,0.7987749287991093,3,0.10422723587285881,0.009592878247237929,1.5,0.0017364289468978238,0.8670948757776931,Nagare,0.12000272679221863,0.9688807029661863,2.0,0
2023-01-09,0.1993524580869427,1.0,0.9523809523809523,0.47226184935570126,0.8194265988355978,2,0.08527792837834954,0.2014504431917951,1.0,0.001684336078490889,0.7645197710715296,Nagare,0.12000272679221863,0.9688807029661863,2.0,0
2023-01-10,0.19217378175431082,0.0,20.0,0.3155784213497806,0.9042788166763486,2,0.03020753992301086,0.009592878247237929,1.0,0.0016338059961361622,0.1008873001038646,Nagare,0.12000272679221863,0.9688807029661863,2.0,0
2023-01-11,0.21268230952322947,0.0,20.0,0.24220314766518317,0.9343633648709819,2,0.015897399630399312,0.009592878247237929,1.0,0.0015847918162520773,0.9777022652363256,Nagare,0.12000272679221863,0.9688807029661863,2.0,0
2023-01-12,0.21838987139925986,0.0,20.0,5.387224000080119e-11,0.9999999999451278,1,2.956089291039186e-21,0.009592878247237929,0.5,0.001537248061764515,0.7947912542389954,Nagare,0.12000272679221863,0.9688807029661863,2.0,0
2023-01-13,0.2111309757180253,1.0,0.9523809523809523,0.0,0.0,0,0.0,0.2014504431917951,0.0,0.0014911306199115793,0.8972664097704333,Nagare,0.12000272679221863,0.9688807029661863,2.0,0
2023-01-17,0.20231934072785585,1.5,0.6451612903225806,0.0,0.0,0,0.0,0.2973792256639297,0.0,0.001446396701314232,0.04945957922064814,Nagare,0.12000272679221863,0.9688807029661863,2.0,0
2023-01-18,0.17728407273850605,0.0,20.0,2.8966495868139078e-11,0.9999999999700335,1,8.680237379713342e-22,0.009592878247237929,0.5,0.001403004800274805,0.030618788516062256,Nagare,0.12000272679221863,0.9688807029661863,2.0,0
2023-01-19,0.17086427832469045,1.0,0.9523809523809523,4.5146997250712794e-11,0.999999999953853,1,2.0833973593253927e-21,0.2014504431917951,0.5,0.0013609146562665608,0.9325951461334114,Nagare,0.12000272679221863,0.9688807029661863,2.0,0
2023-01-20,0.1597067129496542,1.0,0.9523809523809523,0.3680483331314189,0.8794354386918005,2,0.04437358582420358,0.2014504431917951,1.0,0.0013200872165785638,0.08602951206248255,Nagare,0.12000272679221863,0.9688807029661863,2.0,0
2023-01-23,0.1471321699262294,1.0,0.9523809523809523,0.6672682746619156,0.6132582982465012,2,0.2580604680688703,0.2014504431917951,1.0,0.0012804846000812069,0.34842910086255696,Nagare,0.12000272679221863,0.9688807029661863,2.0,0
2023-01-24,0.15008488193502637,0.0,20.0,1.4052314867172746e-11,0.9999999999849477,1,2.1151955713354529e-22,0.009592878247237929,0.5,0.0012420700620787706,0.16645487178096896,Nagare,0.12000272679221863,0.9688807029661863,2.0,0
2023-01-25,0.12735608953133692,0.0,20.0,0.5902180869365865,0.7228743326438707,2,0.16356458122795947,0.009592878247237929,1.0,0.0012048079602164075,0.5842625112355491,Nagare,0.12000272679221863,0.9688807029661863,2.0,0
2023-01-26,0.1156774106139178,1.0,0.9523809523809523,1.0542858177424095,0.41034550277130033,3,0.621664373796249,0.2014504431917951,1.5,0.0011686637214099152,0.4434500312676547,Nagare,0.12000272679221863,0.9688807029661863,2.0,0
2023-01-27,0.11928947695447135,1.0,0.9523809523809523,1.0176067081462352,0.5165412311621161,3,0.49197088628155067,0.2014504431917951,1.5,0.0011336038097676177,0.24833884022488362,Nagare,0.12000272679221863,0.9688807029661863,2.0,0
2023-01-30,0.11500076705568872,1.0,0.9523809523809523,0.9606888894373388,0.5891064183666417,3,0.3947408986162815,0.2014504431917951,1.5,0.0010995956954745892,0.3251753500601523,Nagare,0.12000272679221863,0.9688807029661863,2.0,0
2023-01-31,0.1269123880861152,1.0,0.9523809523809523,0.6100275576896543,0.7009848174408626,2,0.1824075015286767,0.2014504431917951,1.0,0.0010666078246103516,0.1342350053262794,Nagare,0.12000272679221863,0.9688807029661863,2.0,0
2023-02-01,0.1261075490339135,1.0,0.9523809523809523,0.6331134309497013,0.6714969719747403,2,0.20797967915043802,0.2014504431917951,1.0,0.001034609589872041,0.43082889504260613,Nagare,0.12000272679221863,0.9688807029661863,2.0,0
2023-02-02,0.10348775075314313,1.0,0.9523809523809523,1.6986079209696256e-11,0.9999999999820139,1,3.0551259036922044e-22,0.2014504431917951,0.5,0.0010035713021758798,0.574300576663956,Nagare,0.12000272679221863,0.9688807029661863,2.0,0
2023-02-03,0.15898698865805197,1.0,0.9523809523809523,1.908440072619786e-11,0.9999999999799156,1,3.832983296283674e-22,0.2014504431917951,0.5,0.0009734641631106033,1.0,Nagare,0.12000272679221863,0.9688807029661863,2.0,0
2023-02-06,0.1786712370977705,1.0,0.9523809523809523,8.758327396615823e-12,0.9999999999902417,1,8.546643243407234e-23,0.2014504431917951,0.5,0.0009442602382172852,1.0,Nagare,0.12000272679221863,0.9688807029661863,2.0,0
2023-02-07,0.1733321694750109,2.0,0.48780487804878053,0.10828576070370835,0.9773220528839501,2,0.002455698754659929,0.39330800813596845,1.0,0.0009159324310707667,0.008866244103109988,Nagare,0.12000272679221863,0.9688807029661863,2.0,0
2023-02-08,0.12939709899914087,2.0,0.48780487804878053,1.0649037207532226e-11,0.999999999988351,1,1.2405079508063452e-22,0.39330800813596845,0.5,0.0008884544581386437,0.4638527906433513,Nagare,0.12000272679221863,0.9688807029661863,2.0,0
2023-02-09,0.16177120670580375,1.0,0.9523809523809523,0.6832085257193228,0.5703764354330784,2,0.2935224821620468,0.2014504431917951,1.0,0.0008618008243944843,0.21143278586093683,Nagare,0.12000272679221863,0.9688807029661863,2.0,0
2023-02-10,0.17532720676874047,2.0,0.48780487804878053,0.7007653133441376,0.5799987676084623,3,0.2943222952217799,0.39330800813596845,1.5,0.0008359467996626497,0.16882005116489318,Nagare,0.12000272679221863,0.9688807029661863,2.0,0
2023-02-13,0.17279229334565302,2.5,0.3921568627450981,0.5403432196728458,0.7691152226923704,2,0.12475702394385257,0.48923679060791125,1.0,0.0008108683956727702,0.5069196272458044,Nagare,0.12000272679221863,0.9688807029661863,2.0,0
2023-02-14,0.15543178823811235,2.0,0.48780487804878053,0.3359760114245098,0.8949795603878861,2,0.03528434841892663,0.39330800813596845,1.0,0.0007865423438025871,0.6028295691318263,Nagare,0.12000272679221863,0.9688807029661863,2.0,0
2023-02-15,0.159658128432832,2.0,0.48780487804878053,4.601874437056083e-12,0.9999999999943981,1,2.5779020970177902e-23,0.39330800813596845,0.5,0.0007629460734885095,0.48033824882469744,Nagare,0.12000272679221863,0.9688807029661863,2.0,0
2023-02-16,0.1591217083311945,2.0,0.48780487804878053,8.22120149730727e-12,0.9999999999907788,1,7.580917368986138e-23,0.39330800813596845,0.5,0.0007400576912838542,1.0,Nagare,0.12000272679221863,0.9688807029661863,2.0,0
2023-02-17,0.1886410690758517,2.0,0.48780487804878053,0.27001843431494804,0.9235475147441424,2,0.020643580368273313,0.39330800813596845,1.0,0.0007178559605453386,0.21548253713021892,Nagare,0.12000272679221863,0.9688807029661863,2.0,0
2023-02-21,0.2184367674486252,3.0,0.3278688524590164,3.2338021149214034e-11,0.999999999966662,1,1.0780849176415296e-21,0.5851655730797581,0.5,0.0006963202817289784,0.756423746823922,Utsuroi,0.12000272679221863,0.9688807029661863,2.0,0
2023-02-22,0.23974727512276925,2.0,0.48780487804878053,9.608414063916955e-11,0.9999999999029159,1,9.32824409791318e-21,0.39330800813596845,0.5,0.0006754306732771091,0.16229421179002734,Nagare,0.12000272679221863,0.9688807029661863,2.0,0
2023-02-23,0.25501086528754524,1.0,0.9523809523809523,2.912992069735899e-11,0.9999999999698701,1,8.776815561410374e-22,0.2014504431917951,0.5,0.0006551677530787957,0.41373674257149573,Nagare,0.12000272679221863,0.9688807029661863,2.0,0
2023-02-24,0.28038516161045807,1.0,0.9523809523809523,1.780866565165923e-10,0.9999999998209134,1,3.189293994904785e-20,0.2014504431917951,0.5,0.0006355127204864319,1.0,Nagare,0.12000272679221863,0.9688807029661863,2.0,0
2023-02-27,0.2818643806786099,1.0,0.9523809523809523,0.0,0.0,0,0.0,0.2014504431917951,0.0,0.0006164473388718389,1.0,Nagare,0.12000272679221863,0.9688807029661863,2.0,0
2023-02-28,0.28657837551118187,2.0,0.48780487804878053,5.486466836245867e-11,0.9999999999441354,1,3.0649952892697788e-21,0.39330800813596845,0.5,0.0005979539187056837,0.07141021884279886,Nagare,0.12000272679221863,0.9688807029661863,2.0,0
2023-03-01,0.27897096316068654,2.0,0.48780487804878053,3.6592728846334126e-11,0.9999999999624073,1,1.3756197237994002e-21,0.39330800813596845,0.5,0.0005800153011445132,1.0,Nagare,0.12000272679221863,0.9688807029661863,2.0,0
2023-03-02,0.2776055301747002,1.0,0.9523809523809523,2.8551605523849004e-11,0.9999999999704484,1,8.437451519151602e-22,0.2014504431917951,0.5,0.0005626148421101778,0.41373674257149573,Nagare,0.12000272679221863,0.9688807029661863,2.0,0
2023-03-03,0.284676522423558,1.0,0.9523809523809523,3.160494088607821e-11,0.9999999999673951,1,1.0304765301597034e-21,0.2014504431917951,0.5,0.0005457363968468724,1.0,Nagare,0.12000272679221863,0.9688807029661863,2.0,0
2023-03-06,0.27802816419417214,2.0,0.48780487804878053,3.5227820659910346e-11,0.9999999999637722,1,1.276226389829827e-21,0.39330800813596845,0.5,0.0005293643049414662,0.17557387670125535,Nagare,0.12000272679221863,0.9688807029661863,2.0,0
2023-03-07,0.2893905172561299,2.0,0.48780487804878053,1.5185852575297325e-11,0.9999999999838142,1,2.4579563507876285e-22,0.39330800813596845,0.5,0.0005134833757932222,1.0,Nagare,0.12000272679221863,0.9688807029661863,2.0,0
2023-03-08,0.2535804116831785,2.0,0.48780487804878053,0.0,0.0,0,0.0,0.39330800813596845,0.0,0.0004980788745194255,1.0,Nagare,0.12000272679221863,0.9688807029661863,2.0,0
2023-03-09,0.22776722618619855,0.0,20.0,0.5557068241302244,0.7559470496546082,2,0.135621889956049,0.009592878247237929,1.0,0.00048313650828384275,0.043959199952494976,Nagare,0.12000272679221863,0.9688807029661863,2.0,0
2023-03-10,0.2079684478893965,2.0,0.48780487804878053,5.7788662742246326e-11,0.9999999999412114,1,3.397316925994544e-21,0.39330800813596845,0.5,0.0004686424130353275,0.9078622125282835,Nagare,0.12000272679221863,0.9688807029661863,2.0,0
2023-03-13,0.21266618756737332,2.0,0.48780487804878053,1.4146128712752154e-11,0.9999999999848539,1,2.1425877333541843e-22,0.39330800813596845,0.5,0.00045458314064426766,1.0,Nagare,0.12000272679221863,0.9688807029661863,2.0,0
2023-03-14,0.16542870831408382,2.0,0.48780487804878053,8.818656915423404e-11,0.9999999999108135,1,7.865055597860819e-21,0.39330800813596845,0.5,0.0004409456464249396,1.0,Nagare,0.12000272679221863,0.9688807029661863,2.0,0
2023-03-15,0.157512448026282,2.0,0.48780487804878053,0.4450193002108457,0.8367504519127014,2,0.07264919964954644,0.39330800813596845,1.0,0.0004277172770321914,0.22466271176187902,Nagare,0.12000272679221863,0.9688807029661863,2.0,0
2023-03-16,0.12786304604486423,2.0,0.48780487804878053,2.331290715999383e-11,0.9999999999756871,1,5.668040316957566e-22,0.39330800813596845,0.5,0.00041488575872122564,0.5250412695679466,Nagare,0.12000272679221863,0.9688807029661863,2.0,0
2023-03-17,0.1221899970911829,2.0,0.48780487804878053,0.3038108797711518,0.9094489592809644,2,0.027510391345043607,0.39330800813596845,1.0,0.00040243918595958886,0.2164199002310252,Nagare,0.12000272679221863,0.9688807029661863,2.0,0
2023-03-20,0.12573362079290934,2.0,0.48780487804878053,2.6507906980177322e-11,0.9999999999724921,1,7.291764530594274e-22,0.39330800813596845,0.5,0.0003903660103808012,0.474026114992792,Nagare,0.12000272679221863,0.9688807029661863,2.0,0
2023-03-21,0.11095768526598566,3.0,0.3278688524590164,1.6334933405765104e-11,0.9999999999826651,1,2.83164621422167e-22,0.5851655730797581,0.5,0.00037865503006937715,0.08377656334584438,Utsuroi,0.12000272679221863,0.9688807029661863,2.0,0
2023-03-22,0.10034306931540134,3.0,0.3278688524590164,3.7559622078443365e-11,0.9999999999614404,1,1.4482840018983898e-21,0.5851655730797581,0.5,0.0003672953791672958,1.0,Utsuroi,0.12000272679221863,0.9688807029661863,2.0,0
2023-03-23,0.07288811320431875,3.0,0.3278688524590164,0.0,0.0,0,0.0,0.5851655730797581,0.0,0.0003562765177922769,1.0,Utsuroi,0.12000272679221863,0.9688807029661863,2.0,0
2023-03-24,0.07230292763889602,3.0,0.3278688524590164,9.261147404463522e-12,0.9999999999897389,1,9.5029793779637e-23,0.5851655730797581,0.5,0.0003455882222585086,0.606588527349627,Utsuroi,0.12000272679221863,0.9688807029661863,2.0,0
2023-03-27,0.05923378334445528,2.0,0.48780487804878053,0.5675460814883213,0.7452011380688653,2,0.14461009565669927,0.39330800813596845,1.0,0.00033522057559075334,0.5798645238924399,Nagare,0.12000272679221863,0.9688807029661863,2.0,0
2023-03-28,0.018839724175692553,3.0,0.3278688524590164,0.5399111451875251,0.8196576938927813,3,0.09736882101610765,0.5851655730797581,1.5,0.00032516395832303074,0.09939488552006626,Utsuroi,0.12000272679221863,0.9688807029661863,2.0,0
2023-03-29,0.015783755111818367,3.0,0.3278688524590164,0.6674730249231029,0.7859888651030543,3,0.14284665957689055,0.5851655730797581,1.5,0.00031540903957333983,0.7384553697311902,Utsuroi,0.12000272679221863,0.9688807029661863,2.0,0
2023-03-30,0.02773129373919888,3.0,0.3278688524590164,0.6085373485972212,0.7027254137470654,2,0.18090268852369673,0.5851655730797581,1.0,0.00030594676838613963,0.5261777583517259,Utsuroi,0.12000272679221863,0.9688807029661863,2.0,0
2023-03-31,0.040296528241192286,3.0,0.3278688524590164,0.7907454362069964,0.7174863063073331,3,0.22339641395345766,0.5851655730797581,1.5,0.00029676836533455546,0.19117408750736287,Utsuroi,0.12000272679221863,0.9688807029661863,2.0,0
2023-04-03,0.04000393545848091,4.0,0.2469135802469136,0.512742245904707,0.7909146933166684,2,0.10720686973448587,0.7770231380231641,1.0,0.00028786531437451876,0.9519109619069815,Utsuroi,0.12000272679221863,0.9688807029661863,2.0,0
2023-04-04,0.005835600499632128,3.0,0.3278688524590164,0.260769027738468,0.9272208920682755,2,0.018978537215028818,0.5851655730797581,1.0,0.0002792293549432832,0.38879178158610606,Utsuroi,0.12000272679221863,0.9688807029661863,2.0,0
2023-04-05,-0.0058518556542272145,3.0,0.3278688524590164,4.2574832548192306e-12,0.9999999999947425,1,2.2383552737089104e-23,0.5851655730797581,0.5,0.00027085247429498466,0.6102244517289788,Utsuroi,0.12000272679221863,0.9688807029661863,2.0,0
2023-04-06,-0.019164827267594057,4.0,0.2469135802469136,5.638600697444709e-12,0.9999999999933614,1,3.7432293787243594e-23,0.7770231380231641,0.5,0.00026272690006613514,0.049151940017271745,Utsuroi,0.12000272679221863,0.9688807029661863,2.0,0
2023-04-10,-0.014320791198261566,3.0,0.3278688524590164,9.193645844567004e-12,0.9999999999898064,1,9.371656638110394e-23,0.5851655730797581,0.5,0.0002548450930641511,0.08219773266596841,Utsuroi,0.12000272679221863,0.9688807029661863,2.0,0
2023-04-11,-0.022952278288246673,3.0,0.3278688524590164,0.15978060934379307,0.9625416991646418,2,0.005985110132456641,0.5851655730797581,1.0,0.0002471997402722265,0.3498452202345441,Utsuroi,0.12000272679221863,0.9688807029661863,2.0,0
2023-04-12,-0.00724979894940369,3.0,0.3278688524590164,0.40251979874594157,0.861342037219687,2,0.055812575272853826,0.5851655730797581,1.0,0.00023978374806405973,0.8702117869242711,Utsuroi,0.12000272679221863,0.9688807029661863,2.0,0
2023-04-13,-0.00035761340109167746,4.0,0.2469135802469136,0.3900705965769875,0.8680533123239358,2,0.051468523178159815,0.7770231380231641,1.0,0.00023259023562213792,0.16936472791463075,Utsuroi,0.12000272679221863,0.9688807029661863,2.0,0
2023-04-14,0.019977584997347836,4.0,0.2469135802469136,0.2096643096876964,0.9461620891145539,2,0.01128788842082477,0.7770231380231641,1.0,0.00022561252855347378,0.9779428326595547,Utsuroi,0.12000272679221863,0.9688807029661863,2.0,0
2023-04-17,0.027780059202984115,3.0,0.3278688524590164,1.0730103402216873,0.44006330345996314,3,0.6008178652570326,0.5851655730797581,1.5,0.00021884415269686957,0.23183985241674243,Utsuroi,0.12000272679221863,0.9688807029661863,2.0,0
2023-04-18,0.03138870352309087,3.0,0.3278688524590164,0.2654500779792739,0.9253715268202435,2,0.01981013402504052,0.5851655730797581,1.0,0.0002122788281159635,0.8041186662820141,Utsuroi,0.12000272679221863,0.9688807029661863,2.0,0
2023-04-19,0.06079427818558253,4.0,0.2469135802469136,1.054897236720419,0.40106029983560515,3,0.6318198346655763,0.7770231380231641,1.5,0.00020591046327248457,0.11522271033754017,Utsuroi,0.12000272679221863,0.9688807029661863,2.0,0
2023-04-20,0.04683110038841265,3.0,0.3278688524590164,0.6831524227231525,0.5705741269953025,2,0.29336332552316385,0.5851655730797581,1.0,0.00019973314937431002,0.12707425419622087,Utsuroi,0.12000272679221863,0.9688807029661863,2.0,0
2023-04-21,0.07348955392433654,5.0,0.19801980198019803,0.0,0.0,0,0.0,0.9688807029661863,0.0,0.00019374115489308072,0.5346541897483355,Katashi,0.12000272679221863,0.9688807029661863,2.0,0
2023-04-24,0.09080129356809201,1.0,0.9523809523809523,8.387734950999493e-12,0.9999999999906123,1,7.874164700845834e-23,0.2014504431917951,0.5,0.0001879289202462883,0.6616408185669902,Nagare,0.12000272679221863,0.9688807029661863,2.0,0
2023-04-25,0.07420478072651987,2.0,0.48780487804878053,8.768097359232429e-12,0.9999999999902319,1,8.564743469522926e-23,0.39330800813596845,0.5,0.00018229105263889965,0.17557387670125535,Nagare,0.12000272679221863,0.9688807029661863,2.0,0
2023-04-26,0.07955272658829972,3.0,0.3278688524590164,0.7038504271653822,0.6458409433172593,3,0.24927500333063585,0.5851655730797581,1.5,0.00017682232105973266,0.06333288730668452,Utsuroi,0.12000272679221863,0.9688807029661863,2.0,0
2023-04-27,0.06975086836746916,3.0,0.3278688524590164,2.327038561815172e-11,0.9999999999757296,1,5.647807176615184e-22,0.5851655730797581,0.5,0.00017151765142794066,0.7074497464599723,Utsuroi,0.12000272679221863,0.9688807029661863,2.0,0
2023-04-28,0.08665622914634773,3.0,0.3278688524590164,3.243679768697698e-10,0.999999999674632,1,1.0553894523704903e-19,0.5851655730797581,0.5,0.00016637212188510243,1.0,Utsuroi,0.12000272679221863,0.9688807029661863,2.0,0
2023-05-01,0.10793422651130162,3.0,0.3278688524590164,9.79760716995675e-12,0.9999999999892024,1,1.0579049668738723e-22,0.5851655730797581,0.5,0.00016138095822854935,1.0,Utsuroi,0.12000272679221863,0.9688807029661863,2.0,0
2023-05-02,0.07644799206064032,2.5,0.3921568627450981,1.0079936885115838e-11,0.9999999999889201,1,1.116848415081057e-22,0.48923679060791125,0.5,0.00015653952948169287,0.11310395222342562,Nagare,0.12000272679221863,0.9688807029661863,2.0,0
2023-05-03,0.059900244682853376,5.0,0.19801980198019803,6.871203605852894e-11,0.999999999930288,1,4.790054415505607e-21,0.9688807029661863,0.5,0.00015184334359724208,0.03247315840410081,Katashi,0.12000272679221863,0.9688807029661863,2.0,0
2023-05-04,0.05269921119723492,5.0,0.19801980198019803,1.63730029520725e-10,0.99999999983527,1,2.6971248976609725e-20,0.9688807029661863,0.5,0.00014728804328932482,1.0,Katashi,0.12000272679221863,0.9688807029661863,2.0,0
2023-05-05,0.055608883869753455,5.0,0.19801980198019803,2.7891577935728632e-11,0.9999999999711084,1,8.05831080682499e-22,0.9688807029661863,0.5,0.00014286940199064507,1.0,Katashi,0.12000272679221863,0.9688807029661863,2.0,0
2023-05-08,0.06903564156528587,4.0,0.2469135802469136,4.7531756307494733e-11,0.9999999999514683,1,2.306798562554303e-21,0.7770231380231641,0.5,0.0001385833199309257,0.048784770728140026,Utsuroi,0.12000272679221863,0.9688807029661863,2.0,0
2023-05-09,0.054877401912975035,5.0,0.19801980198019803,0.0,0.0,0,0.0,0.9688807029661863,0.0,0.00013442582033299793,0.3921973214616803,Katashi,0.12000272679221863,0.9688807029661863,2.0,0
2023-05-10,0.0755864688671013,5.0,0.19801980198019803,0.0,0.0,0,0.0,0.9688807029661863,0.0,0.00013039304572300798,1.0,Katashi,0.12000272679221863,0.9688807029661863,2.0,0
2023-05-11,0.06802782198039113,3.0,0.3278688524590164,0.5132845055608751,0.7905067384597451,2,0.10752964516802485,0.5851655730797581,1.0,0.00012648125435131774,0.8771789721447976,Utsuroi,0.12000272679221863,0.9688807029661863,2.0,0
2023-05-12,0.07496877299248841,3.0,0.3278688524590164,0.5935677717637013,0.7193482983540153,2,0.16658580518769828,0.5851655730797581,1.0,0.00012268681672077822,0.6360984807496223,Utsuroi,0.12000272679221863,0.9688807029661863,2.0,0
2023-05-15,0.0747737111373475,3.0,0.3278688524590164,2.126920861631144e-11,0.9999999999777308,1,4.736479732742713e-22,0.5851655730797581,0.5,0.00011900621221915487,0.7483561973932791,Utsuroi,0.12000272679221863,0.9688807029661863,2.0,0
2023-05-16,0.0785774173125952,3.0,0.3278688524590164,0.5409567778365877,0.7686047262744875,2,0.12517484168116846,0.5851655730797581,1.0,0.00011543602585258022,0.3481747071017821,Utsuroi,0.12000272679221863,0.9688807029661863,2.0,0
2023-05-17,0.08324264668138186,3.0,0.3278688524590164,0.6665497851363756,0.6148057892975297,2,0.25675111837950737,0.5851655730797581,1.0,0.00011197294507700281,0.484150713112951,Utsuroi,0.12000272679221863,0.9688807029661863,2.0,0
2023-05-18,0.07859367246719026,2.0,0.48780487804878053,0.6562296628585675,0.6350202389811661,2,0.2395105455235899,0.39330800813596845,1.0,0.00010861375672469273,0.4087801397301075,Nagare,0.12000272679221863,0.9688807029661863,2.0,0
2023-05-19,0.07612288896873878,3.0,0.3278688524590164,0.692796754009037,0.5132360420103756,2,0.33722849006380295,0.5851655730797581,1.0,0.00010535534402295194,0.14297488800745395,Utsuroi,0.12000272679221863,0.9688807029661863,2.0,0
2023-05-22,0.08919203326317951,2.0,0.48780487804878053,1.897315637913265e-11,0.9999999999800269,1,3.789533996510743e-22,0.39330800813596845,0.5,0.00010219468370226337,0.5698369145972235,Nagare,0.12000272679221863,0.9688807029661863,2.0,0
2023-05-23,0.07813852813852815,2.0,0.48780487804878053,1.3653855823640696e-11,0.9999999999853462,1,2.000813326310897e-22,0.39330800813596845,0.5,9.912884319119547e-05,1.0,Nagare,0.12000272679221863,0.9688807029661863,2.0,0
2023-05-24,0.08716013893879507,4.0,0.2469135802469136,1.5457191082511287e-11,0.9999999999835428,1,2.543816053062082e-22,0.7770231380231641,0.5,9.615497789545961e-05,0.04973220215146967,Utsuroi,0.12000272679221863,0.9688807029661863,2.0,0
2023-05-25,0.10359410023441645,3.0,0.3278688524590164,0.6856760688523688,0.5610429654172517,2,0.3009823338677921,0.5851655730797581,1.0,9.327032855859582e-05,0.47865504384015245,Utsuroi,0.12000272679221863,0.9688807029661863,2.0,0
2023-05-26,0.12188114915387645,2.5,0.3921568627450981,0.0,0.0,0,0.0,0.48923679060791125,0.0,9.047221870183794e-05,0.8717625090380403,Nagare,0.12000272679221863,0.9688807029661863,2.0,0
2023-05-30,0.12337662337662335,2.0,0.48780487804878053,0.5672603546130955,0.7454672075922585,2,0.14438636208187688,0.39330800813596845,1.0,8.77580521407828e-05,0.2867676078183288,Nagare,0.12000272679221863,0.9688807029661863,2.0,0
2023-05-31,0.09535273685471313,2.0,0.48780487804878053,0.3285415138167872,0.8984196650633072,2,0.03337335701411734,0.39330800813596845,1.0,8.512531057655931e-05,0.9058290219770958,Nagare,0.12000272679221863,0.9688807029661863,2.0,0
2023-06-01,0.10544718785825506,2.0,0.48780487804878053,0.13964420224060944,0.9685799701092445,2,0.004387625008470661,0.39330800813596845,1.0,8.257155125926253e-05,0.9875649539365432,Nagare,0.12000272679221863,0.9688807029661863,2.0,0
2023-06-02,0.11511900484232501,2.0,0.48780487804878053,7.85416176536951e-12,0.9999999999911459,1,6.954184505469738e-23,0.39330800813596845,0.5,8.009440472148465e-05,0.4640370701903255,Nagare,0.12000272679221863,0.9688807029661863,2.0,0
2023-06-05,0.11523279092449056,2.0,0.48780487804878053,0.40999925414449423,0.8831514710087289,3,0.04790780973430245,0.39330800813596845,1.5,7.769157257984011e-05,0.11464669225528779,Nagare,0.12000272679221863,0.9688807029661863,2.0,0
2023-06-06,0.13564926509590544,2.0,0.48780487804878053,0.5470744977824332,0.7634465439876791,2,0.12941236314663937,0.39330800813596845,1.0,7.53608254024449e-05,0.5385689647642498,Nagare,0.12000272679221863,0.9688807029661863,2.0,0
2023-06-07,0.164177061410263,2.0,0.48780487804878053,0.681865675300404,0.5749633806981684,2,0.2898178814476441,0.39330800813596845,1.0,7.310000064037156e-05,0.36525460033164747,Nagare,0.12000272679221863,0.9688807029661863,2.0,0
2023-06-08,0.1774087572506545,2.0,0.48780487804878053,0.6275316699228768,0.6791191040528581,2,0.2013629244800588,0.39330800813596845,1.0,7.090700062116041e-05,0.5043182538747637,Nagare,0.12000272679221863,0.9688807029661863,2.0,0
2023-06-09,0.18049723662371883,2.0,0.48780487804878053,1.1111112030375728e-11,0.9999999999878889,1,1.345676767858347e-22,0.39330800813596845,0.5,6.87797906025256e-05,0.6959316405565734,Nagare,0.12000272679221863,0.9688807029661863,2.0,0
2023-06-12,0.1780101979706723,2.0,0.48780487804878053,0.45210463195120126,0.8323722878811018,2,0.07578526509233637,0.39330800813596845,1.0,6.671639688444983e-05,0.22513577309327815,Nagare,0.12000272679221863,0.9688807029661863,2.0,0
2023-06-13,0.17833530106257375,2.0,0.48780487804878053,2.2718271708018877e-11,0.9999999999762818,1,5.388376385465202e-22,0.39330800813596845,0.5,6.471490497791633e-05,0.529491084641332,Nagare,0.12000272679221863,0.9688807029661863,2.0,0
2023-06-14,0.1748079325154424,5.0,0.19801980198019803,0.0,0.0,0,0.0,0.9688807029661863,0.0,6.277345782857883e-05,0.08384340271072976,Katashi,0.12000272679221863,0.9688807029661863,2.0,0
2023-06-15,0.20063737316701746,5.0,0.19801980198019803,5.044664685850237e-11,0.9999999999485534,1,2.5953097102250812e-21,0.9688807029661863,0.5,6.089025409372146e-05,0.7496639762281003,Katashi,0.12000272679221863,0.9688807029661863,2.0,0
2023-06-16,0.18812090412880927,5.0,0.19801980198019803,9.438894110704171e-12,0.9999999999895611,1,9.853140733972584e-23,0.9688807029661863,0.5,5.906354647090982e-05,1.0,Katashi,0.12000272679221863,0.9688807029661863,2.0,0
2023-06-20,0.18309806135893097,5.0,0.19801980198019803,1.1568270779041705e-09,0.9999999988421729,1,1.3394056904346005e-18,0.9688807029661863,0.5,5.729164007678252e-05,1.0,Katashi,0.12000272679221863,0.9688807029661863,2.0,0
2023-06-21,0.19166452783053572,5.0,0.19801980198019803,1.0674239270190925e-11,0.9999999999883258,1,1.246133871356654e-22,0.9688807029661863,0.5,5.557289087447905e-05,1.0,Katashi,0.12000272679221863,0.9688807029661863,2.0,0
2023-06-22,0.19078674948240168,4.0,0.2469135802469136,3.0398683569861586e-11,0.9999999999686013,1,9.544779738942339e-22,0.7770231380231641,0.5,5.3905704148244676e-05,0.048784770728140026,Utsuroi,0.12000272679221863,0.9688807029661863,2.0,0
2023-06-23,0.17599455880088294,5.0,0.19801980198019803,0.0,0.0,0,0.0,0.9688807029661863,0.0,5.228853302379733e-05,0.3921973214616803,Katashi,0.12000272679221863,0.9688807029661863,2.0,0
2023-06-26,0.17981452013072566,4.5,0.21978021978021978,0.0,0.0,0,0.0,0.8729519204947233,0.0,5.071987703308341e-05,0.00040318623627833006,Utsuroi,0.12000272679221863,0.9688807029661863,2.0,0
2023-06-27,0.14905976763684275,2.5,0.3921568627450981,0.0,0.0,0,0.0,0.48923679060791125,0.0,4.919828072209091e-05,0.0027499225333658117,Nagare,0.12000272679221863,0.9688807029661863,2.0,0
2023-06-28,0.14197252023338985,2.0,0.48780487804878053,0.0,0.0,0,0.0,0.39330800813596845,0.0,4.772233230042818e-05,0.008772941562318004,Nagare,0.12000272679221863,0.9688807029661863,2.0,0
2023-06-29,0.12079205379600635,2.0,0.48780487804878053,4.397637809360136e-11,0.9999999999550236,1,1.9778972355363126e-21,0.39330800813596845,0.5,4.629066233141534e-05,0.46376867130735333,Nagare,0.12000272679221863,0.9688807029661863,2.0,0
2023-06-30,0.14904351248224768,3.0,0.3278688524590164,2.8996205432493646e-10,0.999999999709038,1,8.436794860047672e-20,0.5851655730797581,0.5,4.490194246147288e-05,0.08377656334584438,Utsuroi,0.12000272679221863,0.9688807029661863,2.0,0
2023-07-03,0.15060400732337492,3.0,0.3278688524590164,3.8761638335936364e-10,0.9999999996113836,1,1.5063406848648062e-19,0.5851655730797581,0.5,4.3554884187628696e-05,1.0,Utsuroi,0.12000272679221863,0.9688807029661863,2.0,0
2023-07-05,0.13729103571000803,3.0,0.3278688524590164,5.287470461322972e-11,0.9999999999461253,1,2.848607922946817e-21,0.5851655730797581,0.5,4.2248237661999834e-05,1.0,Utsuroi,0.12000272679221863,0.9688807029661863,2.0,0
2023-07-06,0.20190527522543336,0.0,20.0,0.47655859323592265,0.8165675269450916,2,0.08741632131283343,0.009592878247237929,1.0,4.0980790532139835e-05,0.11666123777090676,Nagare,0.12000272679221863,0.9688807029661863,2.0,0
2023-07-07,0.19234724432352893,1.0,0.9523809523809523,8.598455281071346e-12,0.9999999999904016,1,8.253169828942566e-23,0.2014504431917951,0.5,3.975136681617564e-05,0.7723281985242763,Nagare,0.12000272679221863,0.9688807029661863,2.0,0
2023-07-10,0.18374826754273396,1.0,0.9523809523809523,1.0469625166754877e-11,0.9999999999885304,1,1.2008244469366764e-22,0.2014504431917951,0.5,3.855882581169037e-05,1.0,Nagare,0.12000272679221863,0.9688807029661863,2.0,0
2023-07-11,0.18374826754273396,1.0,0.9523809523809523,1.612254774115797e-11,0.9999999999828775,1,2.760587367509425e-22,0.2014504431917951,0.5,3.740206103733966e-05,1.0,Nagare,0.12000272679221863,0.9688807029661863,2.0,0
2023-07-12,0.17615711034683368,0.5,1.8181818181818181,2.0459856031377397e-11,0.9999999999785402,1,4.390651122535595e-22,0.10552166071956445,0.5,3.6279999206219463e-05,0.8561051314302586,Nagare,0.12000272679221863,0.9688807029661863,2.0,0
2023-07-13,0.205708981400681,-1.0,0.9523809523809523,2.0920154497377006e-11,0.9999999999780799,1,4.585725559067132e-22,0.2014504431917951,0.5,3.519159923003288e-05,0.5376859766261264,Nagare,0.12000272679221863,0.9688807029661863,2.0,0
2023-07-14,0.20562770562770563,-1.0,0.9523809523809523,3.942457471513505e-11,0.9999999999595754,1,1.5937207940771863e-21,0.2014504431917951,0.5,3.413585125313189e-05,1.0,Nagare,0.12000272679221863,0.9688807029661863,2.0,0
2023-07-17,0.21650240405181118,0.0,20.0,2.626516781497556e-10,0.9999999997363483,1,6.924854991185425e-20,0.009592878247237929,0.5,3.3111775715537935e-05,0.03671879581913007,Nagare,0.12000272679221863,0.9688807029661863,2.0,0
2023-07-18,0.2179641191584225,1.0,0.9523809523809523,6.568046106769424e-11,0.9999999999333196,1,4.379601974313799e-21,0.2014504431917951,0.5,3.2118422444071796e-05,0.9325951461334114,Nagare,0.12000272679221863,0.9688807029661863,2.0,0
2023-07-19,0.20296732724948224,1.0,0.9523809523809523,0.0,0.0,0,0.0,0.2014504431917951,0.0,3.115486977074964e-05,1.0,Nagare,0.12000272679221863,0.9688807029661863,2.0,0
2023-07-20,0.20638934260675823,1.0,0.9523809523809523,0.6895773462868058,0.5422231237647344,2,0.315672563505778,0.2014504431917951,1.0,3.022022367762715e-05,0.035927881347728174,Nagare,0.12000272679221863,0.9688807029661863,2.0,0
2023-07-21,0.21654108379045947,1.0,0.9523809523809523,1.345823452670459e-11,0.9999999999855418,1,1.9458201338459052e-22,0.2014504431917951,0.5,2.9313616967298335e-05,0.6913845128327658,Nagare,0.12000272679221863,0.9688807029661863,2.0,0
2023-07-24,0.21266618756737335,0.0,20.0,1.2329359755281415e-11,0.9999999999866707,1,1.6434219898487776e-22,0.009592878247237929,0.5,2.8434208458279385e-05,0.03671879581913007,Nagare,0.12000272679221863,0.9688807029661863,2.0,0
2023-07-25,0.2047824375887617,0.0,20.0,5.1299964275185004e-11,0.9999999999477001,1,2.6829851641371252e-21,0.009592878247237929,0.5,2.7581182204531003e-05,1.0,Nagare,0.12000272679221863,0.9688807029661863,2.0,0
2023-07-26,0.2112357339630067,1.0,0.9523809523809523,0.6340368852892982,0.7841080049610465,3,0.1368834880933907,0.2014504431917951,1.5,2.6753746738395073e-05,0.6047337991871631,Nagare,0.12000272679221863,0.9688807029661863,2.0,0
2023-07-27,0.26079770032339206,1.0,0.9523809523809523,0.3672957027018453,0.879813857739174,2,0.04414385357671404,0.2014504431917951,1.0,2.595113433624322e-05,0.1603392038028214,Nagare,0.12000272679221863,0.9688807029661863,2.0,0
2023-07-28,0.29150368735348975,1.5,0.6451612903225806,0.600831589846428,0.7114684770352013,2,0.17335885366375114,0.2973792256639297,1.0,2.5172600306155922e-05,0.39788843868598744,Nagare,0.12000272679221863,0.9688807029661863,2.0,0
2023-07-31,0.29490101466386054,1.0,0.9523809523809523,2.496880480118062e-11,0.9999999999740312,1,6.484094656561361e-22,0.2014504431917951,0.5,2.4417422296971243e-05,0.3984995847115933,Nagare,0.12000272679221863,0.9688807029661863,2.0,0
2023-08-01,0.3266635867426382,2.0,0.48780487804878053,0.0,0.0,0,0.0,0.39330800813596845,0.0,2.3684899628062104e-05,0.4023432023866984,Nagare,0.12000272679221863,0.9688807029661863,2.0,0
2023-08-02,0.3379446640316206,1.5,0.6451612903225806,4.7523873724020276e-11,0.9999999999514761,1,2.306041396206737e-21,0.2973792256639297,0.5,2.297435263922024e-05,0.6701145779128872,Nagare,0.12000272679221863,0.9688807029661863,2.0,0
2023-08-03,0.34899816915627196,1.0,0.9523809523809523,0.45066693717231743,0.8332676309816199,2,0.07514076607299794,0.2014504431917951,1.0,2.2285122060043633e-05,0.2545831354248651,Nagare,0.12000272679221863,0.9688807029661863,2.0,0
2023-08-04,0.31712181099532877,2.0,0.48780487804878053,0.6776815644904285,0.5877089553710667,2,0.2794020401495286,0.39330800813596845,1.0,2.1616568398242323e-05,0.23019205775652452,Nagare,0.12000272679221863,0.9688807029661863,2.0,0
2023-08-07,0.2743870095648752,2.0,0.48780487804878053,0.20450382919222082,0.9479513226155047,2,0.010644153829519824,0.39330800813596845,1.0,2.0968071346295052e-05,0.9698446019550913,Nagare,0.12000272679221863,0.9688807029661863,2.0,0
2023-08-08,0.27237137039508585,1.0,0.9523809523809523,1.0175245049825592,0.5277678571320007,3,0.48050777740861417,0.2014504431917951,1.5,2.03390292059062e-05,0.16010565842322022,Nagare,0.12000272679221863,0.9688807029661863,2.0,0
2023-08-09,0.27887343223311606,2.0,0.48780487804878053,3.256372949011278e-11,0.9999999999664363,1,1.0929594874479692e-21,0.39330800813596845,0.5,1.9728858329729013e-05,0.8933615851977482,Nagare,0.12000272679221863,0.9688807029661863,2.0,0
2023-08-10,0.2769390688363021,1.0,0.9523809523809523,0.3553064480996379,0.8857516160923765,2,0.04059318748734153,0.2014504431917951,1.0,1.9136992579837144e-05,0.47333705884410293,Nagare,0.12000272679221863,0.9688807029661863,2.0,0
2023-08-11,0.27289153534212823,2.0,0.48780487804878053,0.7982825245459819,0.5941669288658491,3,0.32396944856921905,0.39330800813596845,1.5,1.8562882802442028e-05,0.09358764013241982,Nagare,0.12000272679221863,0.9688807029661863,2.0,0
2023-08-14,0.2407550947076639,2.0,0.48780487804878053,3.521238855986861e-11,0.9999999999637876,1,1.2751239177155e-21,0.39330800813596845,0.5,1.8005996318368767e-05,0.6513450163530878,Nagare,0.12000272679221863,0.9688807029661863,2.0,0
2023-08-15,0.25179234467772016,1.0,0.9523809523809523,0.6463501483229342,0.6517602688338574,2,0.22508480189117502,0.2014504431917951,1.0,1.7465816428817702e-05,0.2740853972984756,Nagare,0.12000272679221863,0.9688807029661863,2.0,0
2023-08-16,0.2593022261006451,2.0,0.48780487804878053,4.996869584642572e-11,0.9999999999490313,1,2.5468381551104036e-21,0.39330800813596845,0.5,1.694184193595317e-05,0.950641169716184,Nagare,0.12000272679221863,0.9688807029661863,2.0,0
2023-08-17,0.24449378026453125,3.0,0.3278688524590164,2.1037727115682225e-11,0.9999999999779623,1,4.636232239239802e-22,0.5851655730797581,0.5,1.6433586677874575e-05,0.08377656334584438,Utsuroi,0.12000272679221863,0.9688807029661863,2.0,0
2023-08-18,0.23446434987936968,3.0,0.3278688524590164,2.380262653614396e-11,0.9999999999751974,1,5.903671300075556e-22,0.5851655730797581,0.5,1.5940579077538338e-05,1.0,Utsuroi,0.12000272679221863,0.9688807029661863,2.0,0
2023-08-21,0.22077750971031604,1.0,0.9523809523809523,0.0,0.0,0,0.0,0.2014504431917951,0.0,1.5462361705212188e-05,0.21819616164360323,Nagare,0.12000272679221863,0.9688807029661863,2.0,0
2023-08-22,0.22397977516554593,2.0,0.48780487804878053,0.0,0.0,0,0.0,0.39330800813596845,0.0,1.4998490854055821e-05,0.023274037156571614,Nagare,0.12000272679221863,0.9688807029661863,2.0,0
2023-08-23,0.2732816590524101,2.5,0.3921568627450981,0.0,0.0,0,0.0,0.48923679060791125,0.0,1.4548536128434145e-05,0.0056788811375327874,Nagare,0.12000272679221863,0.9688807029661863,2.0,0
2023-08-24,0.26486148897216094,2.0,0.48780487804878053,1.711958352708616e-10,0.9999999998278042,1,2.947920606475051e-20,0.39330800813596845,0.5,1.4112080044581121e-05,0.7989579445406227,Nagare,0.12000272679221863,0.9688807029661863,2.0,0
2023-08-25,0.25675016682921825,2.0,0.48780487804878053,0.0,0.0,0,0.0,0.39330800813596845,0.0,1.3688717643243688e-05,1.0,Nagare,0.12000272679221863,0.9688807029661863,2.0,0
2023-08-28,0.2525563369436887,1.0,0.9523809523809523,6.415346031972544e-11,0.9999999999348466,1,4.179818512265552e-21,0.2014504431917951,0.5,1.3278056113946376e-05,0.751647096982661,Nagare,0.12000272679221863,0.9688807029661863,2.0,0
2023-08-29,0.26122033434286396,2.0,0.48780487804878053,4.145317422564607e-11,0.9999999999575468,1,1.7598179106292296e-21,0.39330800813596845,0.5,1.2879714430527985e-05,0.17557387670125535,Nagare,0.12000272679221863,0.9688807029661863,2.0,0
2023-08-30,0.2554985199253974,1.0,0.9523809523809523,4.8748560742424115e-11,0.9999999999502515,1,2.4251696568585206e-21,0.2014504431917951,0.5,1.2493322997612145e-05,0.41373674257149573,Nagare,0.12000272679221863,0.9688807029661863,2.0,0
2023-08-31,0.24462382150129183,2.0,0.48780487804878053,1.4319434526893502e-11,0.9999999999846806,1,2.1936532292803345e-22,0.39330800813596845,0.5,1.211852330768378e-05,0.17557387670125535,Nagare,0.12000272679221863,0.9688807029661863,2.0,0
2023-09-01,0.21903820816864303,2.0,0.48780487804878053,3.119893232598595e-11,0.9999999999678011,1,1.0045716204495456e-21,0.39330800813596845,0.5,1.1754967608453266e-05,1.0,Nagare,0.12000272679221863,0.9688807029661863,2.0,0
2023-09-05,0.21365775199767295,2.0,0.48780487804878053,4.953215615316526e-11,0.9999999999494679,1,2.5029655536614323e-21,0.39330800813596845,0.5,1.1402318580199668e-05,1.0,Nagare,0.12000272679221863,0.9688807029661863,2.0,0
2023-09-06,0.22864500453433262,1.0,0.9523809523809523,1.2392753489986665e-11,0.9999999999866073,1,1.659728184056443e-22,0.2014504431917951,0.5,1.1060249022793677e-05,0.41373674257149573,Nagare,0.12000272679221863,0.9688807029661863,2.0,0
2023-09-07,0.22183409475899596,2.0,0.48780487804878053,0.0,0.0,0,0.0,0.39330800813596845,0.0,1.0728441552109867e-05,0.4023432023866984,Nagare,0.12000272679221863,0.9688807029661863,2.0,0
2023-09-08,0.2343017983334189,2.0,0.48780487804878053,8.673550766117733e-11,0.9999999999122645,1,7.609781878498484e-21,0.39330800813596845,0.5,1.0406588305546572e-05,0.46376867130735333,Nagare,0.12000272679221863,0.9688807029661863,2.0,0
2023-09-11,0.2458592132505176,2.0,0.48780487804878053,0.0,0.0,0,0.0,0.39330800813596845,0.0,1.0094390656380175e-05,1.0,Nagare,0.12000272679221863,0.9688807029661863,2.0,0
2023-09-12,0.2455991307769964,2.0,0.48780487804878053,0.0,0.0,0,0.0,0.39330800813596845,0.0,9.791558936688769e-06,1.0,Nagare,0.12000272679221863,0.9688807029661863,2.0,0
2023-09-13,0.24530653799428503,2.0,0.48780487804878053,7.788192312973913e-11,0.9999999999211181,1,6.143474150876493e-21,0.39330800813596845,0.5,9.497812168588105e-06,0.46376867130735333,Nagare,0.12000272679221863,0.9688807029661863,2.0,0
2023-09-14,0.24772855602895133,3.0,0.3278688524590164,0.0,0.0,0,0.0,0.5851655730797581,0.0,9.212877803530462e-06,0.39362467250801003,Utsuroi,0.12000272679221863,0.9688807029661863,2.0,0
2023-09-15,0.22487380866827508,3.0,0.3278688524590164,0.6108512594276289,0.7000153925313193,2,0.1832459752811465,0.5851655730797581,1.0,8.936491469424547e-06,0.28391879644591,Utsuroi,0.12000272679221863,0.9688807029661863,2.0,0
2023-09-18,0.20650548397583968,2.0,0.48780487804878053,2.726041614624727e-11,0.9999999999717396,1,7.703901015764018e-22,0.39330800813596845,0.5,8.66839672534181e-06,0.35469022444756304,Nagare,0.12000272679221863,0.9688807029661863,2.0,0
2023-09-19,0.22287442465308077,2.0,0.48780487804878053,0.0,0.0,0,0.0,0.39330800813596845,0.0,8.408344823581555e-06,1.0,Nagare,0.12000272679221863,0.9688807029661863,2.0,0
2023-09-20,0.22923019009975534,2.0,0.48780487804878053,5.50272050132547e-11,0.9999999999439728,1,3.0830192793739284e-21,0.39330800813596845,0.5,8.156094478874109e-06,0.46376867130735333,Nagare,0.12000272679221863,0.9688807029661863,2.0,0
2023-09-21,0.29197508683674694,1.0,0.9523809523809523,4.948745856317557e-10,0.9999999995041254,1,2.453957192031991e-19,0.2014504431917951,0.5,7.911411644507885e-06,0.41373674257149573,Nagare,0.12000272679221863,0.9688807029661863,2.0,0
2023-09-22,0.3002977259894256,1.0,0.9523809523809523,1.543998262562988e-11,0.99999999998356,1,2.538327045484869e-22,0.2014504431917951,0.5,7.674069295172647e-06,1.0,Nagare,0.12000272679221863,0.9688807029661863,2.0,0
2023-09-25,0.2469645637629827,1.0,0.9523809523809523,7.42647054934867e-11,0.9999999999247353,1,5.58950954487508e-21,0.2014504431917951,0.5,7.443847216317468e-06,1.0,Nagare,0.12000272679221863,0.9688807029661863,2.0,0
2023-09-26,0.26139914104340983,3.0,0.3278688524590164,0.0,0.0,0,0.0,0.5851655730797581,0.0,7.220531799827944e-06,0.16854457042973592,Utsuroi,0.12000272679221863,0.9688807029661863,2.0,0
2023-09-27,0.25939975702821544,2.0,0.48780487804878053,0.0,0.0,0,0.0,0.39330800813596845,0.0,7.003915845833105e-06,0.0075411617295307876,Nagare,0.12000272679221863,0.9688807029661863,2.0,0
2023-09-28,0.2565063395102921,3.0,0.3278688524590164,2.616140637420128e-11,0.9999999999728386,1,7.10580011124628e-22,0.5851655730797581,0.5,6.793798370458112e-06,0.1303138326965032,Utsuroi,0.12000272679221863,0.9688807029661863,2.0,0
2023-09-29,0.21544581900313128,4.0,0.2469135802469136,0.0,0.0,0,0.0,0.7770231380231641,0.0,6.589984419344368e-06,0.3924808621577993,Utsuroi,0.12000272679221863,0.9688807029661863,2.0,0
2023-10-02,0.2138203035436237,3.0,0.3278688524590164,0.0,0.0,0,0.0,0.5851655730797581,0.0,6.392284886764037e-06,0.00169708504242283,Utsuroi,0.12000272679221863,0.9688807029661863,2.0,0
2023-10-03,0.2744682853378506,2.5,0.3921568627450981,0.0,0.0,0,0.0,0.48923679060791125,0.0,6.2005163401611156e-06,0.0038058779814093002,Nagare,0.12000272679221863,0.9688807029661863,2.0,0
2023-10-04,0.29238146570162377,2.5,0.3921568627450981,0.0,0.0,0,0.0,0.48923679060791125,0.0,6.014500849956282e-06,1.0,Nagare,0.12000272679221863,0.9688807029661863,2.0,0
2023-10-05,0.2886590352993515,2.0,0.48780487804878053,0.0,0.0,0,0.0,0.39330800813596845,0.0,5.834065824457594e-06,0.008772941562318004,Nagare,0.12000272679221863,0.9688807029661863,2.0,0
2023-10-06,0.25970860496552195,2.0,0.48780487804878053,0.0,0.0,0,0.0,0.39330800813596845,0.0,5.6590438497238655e-06,1.0,Nagare,0.12000272679221863,0.9688807029661863,2.0,0
2023-10-09,0.282530842017008,2.0,0.48780487804878053,4.061206926222541e-11,0.999999999958388,1,1.6899513406483305e-21,0.39330800813596845,0.5,5.4892725342321495e-06,0.46376867130735333,Nagare,0.12000272679221863,0.9688807029661863,2.0,0
2023-10-10,0.27046951730746205,3.0,0.3278688524590164,4.5558778970527175e-11,0.9999999999534412,1,2.1211601124666756e-21,0.5851655730797581,0.5,5.324594358205185e-06,0.08377656334584438,Utsuroi,0.12000272679221863,0.9688807029661863,2.0,0
2023-10-11,0.27337918997998045,3.0,0.3278688524590164,0.0,0.0,0,0.0,0.5851655730797581,0.0,5.16485652745903e-06,1.0,Utsuroi,0.12000272679221863,0.9688807029661863,2.0,0
2023-10-12,0.2836524476840683,3.0,0.3278688524590164,0.0,0.0,0,0.0,0.5851655730797581,0.0,5.009910831635259e-06,1.0,Utsuroi,0.12000272679221863,0.9688807029661863,2.0,0
2023-10-13,0.27219256369454004,2.0,0.48780487804878053,0.0,0.0,0,0.0,0.39330800813596845,0.0,4.8596135066862006e-06,0.0075411617295307876,Nagare,0.12000272679221863,0.9688807029661863,2.0,0
2023-10-16,0.24613555087863392,2.0,0.48780487804878053,0.0,0.0,0,0.0,0.39330800813596845,0.0,4.713825101485614e-06,1.0,Nagare,0.12000272679221863,0.9688807029661863,2.0,0
2023-10-17,0.2335215509128553,3.0,0.3278688524590164,8.863432210002534e-11,0.9999999999103657,1,7.944675415843411e-21,0.5851655730797581,0.5,4.572410348441045e-06,0.1303138326965032,Utsuroi,0.12000272679221863,0.9688807029661863,2.0,0
2023-10-18,0.22827113597864584,2.0,0.48780487804878053,1.8189338923762637e-11,0.9999999999808107,1,3.4904098703114416e-22,0.39330800813596845,0.5,4.435238037987814e-06,0.16229421179002734,Nagare,0.12000272679221863,0.9688807029661863,2.0,0
2023-10-19,0.22607669010831066,2.0,0.48780487804878053,9.451772697789687e-12,0.9999999999895482,1,9.878757073951349e-23,0.39330800813596845,0.5,4.30218089684818e-06,1.0,Nagare,0.12000272679221863,0.9688807029661863,2.0,0
2023-10-20,0.22142771589411908,2.0,0.48780487804878053,1.2804202142907152e-11,0.9999999999861958,1,1.7675151140957262e-22,0.39330800813596845,0.5,4.173115469942734e-06,1.0,Nagare,0.12000272679221863,0.9688807029661863,2.0,0
2023-10-23,0.185910203103879,2.0,0.48780487804878053,1.0898615343465024e-11,0.9999999999881014,1,1.2967819065292397e-22,0.39330800813596845,0.5,4.047922005844452e-06,1.0,Nagare,0.12000272679221863,0.9688807029661863,2.0,0
2023-10-24,0.19852420306965762,2.0,0.48780487804878053,9.228173780632493e-12,0.9999999999897718,1,9.438716096358598e-23,0.39330800813596845,0.5,3.926484345669119e-06,1.0,Nagare,0.12000272679221863,0.9688807029661863,2.0,0
2023-10-25,0.21960713857947065,1.0,0.9523809523809523,2.7607249819130307e-11,0.9999999999713928,1,7.897668816864295e-22,0.2014504431917951,0.5,3.808689815299045e-06,0.41373674257149573,Nagare,0.12000272679221863,0.9688807029661863,2.0,0
2023-10-26,0.19865424430641823,1.0,0.9523809523809523,2.3949064953088376e-11,0.999999999975051,1,5.975062472932638e-22,0.2014504431917951,0.5,3.6944291208400736e-06,1.0,Nagare,0.12000272679221863,0.9688807029661863,2.0,0
2023-10-27,0.1947530072036001,2.0,0.48780487804878053,1.0632716929070427e-11,0.9999999999883673,1,1.2368715100953732e-22,0.39330800813596845,0.5,3.5835962472148714e-06,0.17557387670125535,Nagare,0.12000272679221863,0.9688807029661863,2.0,0
2023-10-30,0.18669045052444264,2.0,0.48780487804878053,1.268629645769358e-11,0.9999999999863137,1,1.7362813362866449e-22,0.39330800813596845,0.5,3.476088359798425e-06,1.0,Nagare,0.12000272679221863,0.9688807029661863,2.0,0
2023-10-31,0.18828345567476004,1.5,0.6451612903225806,9.131473355188627e-12,0.9999999999898685,1,9.251507698827469e-23,0.2973792256639297,0.5,3.3718057090044722e-06,0.25198750302936923,Nagare,0.12000272679221863,0.9688807029661863,2.0,0
2023-11-01,0.19711000461988606,1.0,0.9523809523809523,1.2555956274604365e-11,0.9999999999864441,1,1.7020771648617788e-22,0.2014504431917951,0.5,3.270651537734338e-06,0.42601283197118034,Nagare,0.12000272679221863,0.9688807029661863,2.0,0
2023-11-02,0.17879044539123592,2.0,0.48780487804878053,6.959766096739003e-12,0.9999999999920403,1,5.539795625627595e-23,0.39330800813596845,0.5,3.1725319916023076e-06,0.17557387670125535,Nagare,0.12000272679221863,0.9688807029661863,2.0,0
2023-11-03,0.1986217339972281,2.0,0.48780487804878053,5.592304397318147e-12,0.9999999999934077,1,3.6866049158308037e-23,0.39330800813596845,0.5,3.0773560318542385e-06,1.0,Nagare,0.12000272679221863,0.9688807029661863,2.0,0
2023-11-06,0.2010274968772993,2.0,0.48780487804878053,5.0213166957570295e-12,0.9999999999939787,1,3.0234826974771255e-23,0.39330800813596845,0.5,2.9850353508986112e-06,1.0,Nagare,0.12000272679221863,0.9688807029661863,2.0,0
2023-11-07,0.21089437571651012,1.5,0.6451612903225806,6.785572104176687e-12,0.9999999999922145,1,5.2829410776832825e-23,0.2973792256639297,0.5,2.8954842903716527e-06,0.25198750302936923,Nagare,0.12000272679221863,0.9688807029661863,2.0,0
2023-11-08,0.20374210769467688,1.0,0.9523809523809523,8.746003921042603e-12,0.999999999990254,1,8.523839503169527e-23,0.2014504431917951,0.5,2.808619761660503e-06,0.42601283197118034,Nagare,0.12000272679221863,0.9688807029661863,2.0,0
2023-11-09,0.21646989374262104,1.0,0.9523809523809523,1.0501044478351407e-11,0.999999999988499,1,1.207727473141883e-22,0.2014504431917951,0.5,2.7243611688106875e-06,1.0,Nagare,0.12000272679221863,0.9688807029661863,2.0,0
2023-11-10,0.20774087572506553,2.0,0.48780487804878053,2.906785923028431e-11,0.9999999999699322,1,8.74007656443988e-22,0.39330800813596845,0.5,2.6426303337463666e-06,0.17557387670125535,Nagare,0.12000272679221863,0.9688807029661863,2.0,0
2023-11-13,0.20283181903735267,2.0,0.48780487804878053,0.6330715693320873,0.6715555118204016,2,0.20792886757033255,0.39330800813596845,1.0,2.5633514237339756e-06,0.20201420319919094,Nagare,0.12000272679221863,0.9688807029661863,2.0,0
2023-11-14,0.22625549680885654,2.0,0.48780487804878053,1.2424505868490518e-11,0.9999999999865755,1,1.6679257709431771e-22,0.39330800813596845,0.5,2.486450881021956e-06,0.7025459111952161,Nagare,0.12000272679221863,0.9688807029661863,2.0,0
2023-11-15,0.2311808086511644,1.0,0.9523809523809523,0.45360793050098985,0.8314322390100063,2,0.07646367321185653,0.2014504431917951,1.0,2.4118573545912974e-06,0.44461392272468825,Nagare,0.12000272679221863,0.9688807029661863,2.0,0
2023-11-16,0.22887257669866365,1.0,0.9523809523809523,0.602312592338323,0.7098202020208618,2,0.17477894636502558,0.2014504431917951,1.0,2.3395016339535585e-06,0.4971616095567769,Nagare,0.12000272679221863,0.9688807029661863,2.0,0
2023-11-17,0.23088821586845307,2.0,0.48780487804878053,2.1150414752679188e-11,0.9999999999778496,1,4.68489991084651e-22,0.39330800813596845,0.5,2.2693165849349516e-06,0.9431123087559095,Nagare,0.12000272679221863,0.9688807029661863,2.0,0
2023-11-20,0.24051126738873777,2.0,0.48780487804878053,0.0,0.0,0,0.0,0.39330800813596845,0.0,2.2012370873869032e-06,1.0,Nagare,0.12000272679221863,0.9688807029661863,2.0,0
2023-11-21,0.2415678524374177,2.0,0.48780487804878053,0.5405878536828711,0.768911827018739,2,0.12492345944343596,0.39330800813596845,1.0,2.135199974765296e-06,0.18752726540072295,Nagare,0.12000272679221863,0.9688807029661863,2.0,0
2023-11-22,0.24574542716835213,2.0,0.48780487804878053,2.0825685618262026e-10,0.9999999997907432,1,4.3579170400810827e-20,0.39330800813596845,0.5,2.071143975522337e-06,0.6016542662865241,Nagare,0.12000272679221863,0.9688807029661863,2.0,0
2023-11-24,0.2392921307941071,2.0,0.48780487804878053,0.0,0.0,0,0.0,0.39330800813596845,0.0,2.009009656256667e-06,1.0,Nagare,0.12000272679221863,0.9688807029661863,2.0,0
2023-11-27,0.20788717211642116,2.0,0.48780487804878053,0.0,0.0,0,0.0,0.39330800813596845,0.0,1.9487393665689672e-06,1.0,Nagare,0.12000272679221863,0.9688807029661863,2.0,0
2023-11-28,0.2270519993840152,2.0,0.48780487804878053,0.0,0.0,0,0.0,0.39330800813596845,0.0,1.890277185571898e-06,1.0,Nagare,0.12000272679221863,0.9688807029661863,2.0,0
2023-11-29,0.22727957154834627,2.0,0.48780487804878053,0.0,0.0,0,0.0,0.39330800813596845,0.0,1.8335688700047411e-06,1.0,Nagare,0.12000272679221863,0.9688807029661863,2.0,0
2023-11-30,0.22692195814725458,3.0,0.3278688524590164,0.0,0.0,0,0.0,0.5851655730797581,0.0,1.7785618039045988e-06,0.0034143953237789626,Utsuroi,0.12000272679221863,0.9688807029661863,2.0,0
2023-12-01,0.24109645295416046,2.0,0.48780487804878053,0.0,0.0,0,0.0,0.39330800813596845,0.0,1.7252049497874608e-06,0.0075411617295307876,Nagare,0.12000272679221863,0.9688807029661863,2.0,0
2023-12-04,0.23831682151840256,1.5,0.6451612903225806,0.0,0.0,0,0.0,0.2973792256639297,0.0,1.6734488012938368e-06,0.025218989982807583,Nagare,0.12000272679221863,0.9688807029661863,2.0,0
2023-12-05,0.2061781862884859,2.0,0.48780487804878053,0.0,0.0,0,0.0,0.39330800813596845,0.0,1.6232453372550217e-06,0.014498547405217832,Nagare,0.12000272679221863,0.9688807029661863,2.0,0
2023-12-06,0.17609246161558822,0.0,20.0,0.0,0.0,0,0.0,0.009592878247237929,0.0,1.574547977137371e-06,0.0533449690095128,Nagare,0.12000272679221863,0.9688807029661863,2.0,0
2023-12-07,0.17744938365881008,1.0,0.9523809523809523,3.357267458393552e-09,0.9999999966417326,1,1.1274601999309727e-17,0.2014504431917951,0.5,1.5273115378232497e-06,0.9019752957582147,Nagare,0.12000272679221863,0.9688807029661863,2.0,0
2023-12-08,0.16927240731144585,2.0,0.48780487804878053,0.0,0.0,0,0.0,0.39330800813596845,0.0,1.4814921916885523e-06,0.4023432023866984,Nagare,0.12000272679221863,0.9688807029661863,2.0,0
2023-12-11,0.17085700711667232,2.0,0.48780487804878053,0.0,0.0,0,0.0,0.39330800813596845,0.0,1.4370474259378956e-06,1.0,Nagare,0.12000272679221863,0.9688807029661863,2.0,0
2023-12-12,0.1348785845945175,2.0,0.48780487804878053,0.0,0.0,0,0.0,0.39330800813596845,0.0,1.3939360031597586e-06,1.0,Nagare,0.12000272679221863,0.9688807029661863,2.0,0
2023-12-13,0.171782674008781,2.0,0.48780487804878053,0.0,0.0,0,0.0,0.39330800813596845,0.0,1.3521179230649658e-06,1.0,Nagare,0.12000272679221863,0.9688807029661863,2.0,0
2023-12-14,0.19700858035168034,2.0,0.48780487804878053,0.0,0.0,0,0.0,0.39330800813596845,0.0,1.3115543853730167e-06,1.0,Nagare,0.12000272679221863,0.9688807029661863,2.0,0
2023-12-15,0.1662881608746568,2.0,0.48780487804878053,0.0,0.0,0,0.0,0.39330800813596845,0.0,1.2722077538118262e-06,1.0,Nagare,0.12000272679221863,0.9688807029661863,2.0,0
2023-12-18,0.16455092996594975,2.0,0.48780487804878053,0.0,0.0,0,0.0,0.39330800813596845,0.0,1.2340415211974712e-06,1.0,Nagare,0.12000272679221863,0.9688807029661863,2.0,0
2023-12-19,0.18519497630169568,0.0,20.0,0.0,0.0,0,0.0,0.009592878247237929,0.0,1.1970202755615472e-06,0.0533449690095128,Nagare,0.12000272679221863,0.9688807029661863,2.0,0
2023-12-20,0.17916431394692267,2.0,0.48780487804878053,0.0,0.0,0,0.0,0.39330800813596845,0.0,1.1611096672947008e-06,0.7559319347781533,Nagare,0.12000272679221863,0.9688807029661863,2.0,0
2023-12-21,0.171935608132645,2.0,0.48780487804878053,0.0,0.0,0,0.0,0.39330800813596845,0.0,1.1262763772758597e-06,1.0,Nagare,0.12000272679221863,0.9688807029661863,2.0,0
2023-12-22,0.1648472496580184,3.0,0.3278688524590164,7.094380638247237e-11,0.9999999999280562,1,5.1039659012007336e-21,0.5851655730797581,0.5,1.0924880859575839e-06,0.1303138326965032,Utsuroi,0.12000272679221863,0.9688807029661863,2.0,0
2023-12-26,0.17437343597519622,3.0,0.3278688524590164,0.0,0.0,0,0.0,0.5851655730797581,0.0,1.0597134433788564e-06,1.0,Utsuroi,0.12000272679221863,0.9688807029661863,2.0,0
2023-12-27,0.1504932594700871,3.0,0.3278688524590164,0.0,0.0,0,0.0,0.5851655730797581,0.0,1.0279220400774906e-06,1.0,Utsuroi,0.12000272679221863,0.9688807029661863,2.0,0
2023-12-28,0.16207646432285838,3.0,0.3278688524590164,0.0,0.0,0,0.0,0.5851655730797581,0.0,1e-06,1.0,Utsuroi,0.12000272679221863,0.9688807029661863,2.0,0
2023-12-29,0.18021721685096262,3.0,0.3278688524590164,0.0,0.0,0,0.0,0.5851655730797581,0.0,1e-06,1.0,Utsuroi,0.12000272679221863,0.9688807029661863,2.0,0
2024-01-02,0.20457579327624162,3.0,0.3278688524590164,0.0,0.0,0,0.0,0.5851655730797581,0.0,1e-06,1.0,Utsuroi,0.12000272679221863,0.9688807029661863,2.0,0
2024-01-03,0.2037054928501527,3.0,0.3278688524590164,0.0,0.0,0,0.0,0.5851655730797581,0.0,1e-06,1.0,Utsuroi,0.12000272679221863,0.9688807029661863,2.0,0
2024-01-04,0.2006818137177152,3.0,0.3278688524590164,1.1391443343506203e-10,0.9999999998850856,1,1.3090410059035107e-20,0.5851655730797581,0.5,1e-06,0.606588527349627,Utsuroi,0.12000272679221863,0.9688807029661863,2.0,0
2024-01-05,0.19242321813990995,3.0,0.3278688524590164,0.0,0.0,0,0.0,0.5851655730797581,0.0,1e-06,1.0,Utsuroi,0.12000272679221863,0.9688807029661863,2.0,0
2024-01-08,0.19924134398569102,2.5,0.3921568627450981,0.0,0.0,0,0.0,0.48923679060791125,0.0,1e-06,0.0038058779814093002,Nagare,0.12000272679221863,0.9688807029661863,2.0,0
2024-01-09,0.2017048974287155,2.0,0.48780487804878053,5.3919313457042715e-11,0.9999999999450807,1,2.9612104844291956e-21,0.39330800813596845,0.5,1e-06,0.7989579445406227,Nagare,0.12000272679221863,0.9688807029661863,2.0,0
2024-01-10,0.19654333717265518,2.0,0.48780487804878053,2.0345947149053296e-11,0.9999999999786541,1,4.343030624583999e-22,0.39330800813596845,0.5,1e-06,1.0,Nagare,0.12000272679221863,0.9688807029661863,2.0,0
2024-01-11,0.21303561710388733,2.0,0.48780487804878053,1.6577850203548846e-11,0.9999999999824222,1,2.914026008468438e-22,0.39330800813596845,0.5,1e-06,1.0,Nagare,0.12000272679221863,0.9688807029661863,2.0,0
2024-01-12,0.21955515080815313,3.0,0.3278688524590164,1.8897883258064564e-11,0.9999999999801021,1,3.760274568435488e-22,0.5851655730797581,0.5,1e-06,0.08377656334584438,Utsuroi,0.12000272679221863,0.9688807029661863,2.0,0
2024-01-16,0.23745994181240515,3.0,0.3278688524590164,4.778699658084364e-11,0.999999999951213,1,2.3313829817246882e-21,0.5851655730797581,0.5,1e-06,1.0,Utsuroi,0.12000272679221863,0.9688807029661863,2.0,0
2024-01-17,0.2374131139582652,3.0,0.3278688524590164,1.3834455802192542e-10,0.9999999998606555,1,1.9277558233227264e-20,0.5851655730797581,0.5,1e-06,1.0,Utsuroi,0.12000272679221863,0.9688807029661863,2.0,0
2024-01-18,0.2155843215664098,2.0,0.48780487804878053,0.2698397685398771,0.9236192086883036,2,0.020610575048440813,0.39330800813596845,1.0,1e-06,0.7451692002388977,Nagare,0.12000272679221863,0.9688807029661863,2.0,0
2024-01-19,0.22204795414701609,2.0,0.48780487804878053,0.9201732641505671,0.6023272393182538,3,0.3659278422602897,0.39330800813596845,1.5,1e-06,0.1693970660505959,Nagare,0.12000272679221863,0.9688807029661863,2.0,0
2024-01-22,0.2186349272176371,3.0,0.3278688524590164,1.265083823136158,0.4456854826386885,4,0.7012543288433223,0.5851655730797581,2.0,1e-06,0.03669920779648195,Utsuroi,0.12000272679221863,0.9688807029661863,2.0,0
2024-01-23,0.20500676836331153,3.0,0.3278688524590164,0.6544662900028184,0.6381656980079853,2,0.23680835322047328,0.5851655730797581,1.0,1e-06,0.2917449385238926,Utsuroi,0.12000272679221863,0.9688807029661863,2.0,0
2024-01-24,0.22482294502430467,1.0,0.9523809523809523,0.23842364738477514,0.9357803082517763,2,0.015311493140537449,0.2014504431917951,1.0,1e-06,0.7144573957386097,Nagare,0.12000272679221863,0.9688807029661863,2.0,0
2024-01-25,0.23874816390205236,1.0,0.9523809523809523,0.9593695962717508,0.6620132092234577,4,0.32425425101247607,0.2014504431917951,2.0,1e-06,0.06284570834734493,Nagare,0.12000272679221863,0.9688807029661863,2.0,0
2024-01-26,0.24326374865184594,0.0,20.0,0.6844666458652944,0.774870847919447,3,0.15409339561107382,0.009592878247237929,1.5,1e-06,0.38668078812650575,Nagare,0.12000272679221863,0.9688807029661863,2.0,0
2024-01-29,0.24283022137129823,1.5,0.6451612903225806,0.6717450601277382,0.6030752043466925,2,0.26663227072232126,0.2973792256639297,1.0,1e-06,0.9848352744025032,Nagare,0.12000272679221863,0.9688807029661863,2.0,0
2024-01-30,0.22932326871197314,2.0,0.48780487804878053,3.7608471891524985e-11,0.9999999999613916,1,1.4520047979710715e-21,0.39330800813596845,0.5,1e-06,0.9017910156793579,Nagare,0.12000272679221863,0.9688807029661863,2.0,0
2024-01-31,0.21409980028230655,3.0,0.3278688524590164,0.6881674695574961,0.5498569937949558,2,0.30977377351912955,0.5851655730797581,1.0,1e-06,0.0999012614054926,Utsuroi,0.12000272679221863,0.9688807029661863,2.0,0
2024-02-01,0.22726461120156347,2.0,0.48780487804878053,1.0815364383090422,0.4191574491382423,3,0.628202383677364,0.39330800813596845,1.5,1e-06,0.17621876138428227,Nagare,0.12000272679221863,0.9688807029661863,2.0,0
2024-02-02,0.20516847768654808,2.0,0.48780487804878053,0.9695763652073197,0.5635490671143795,3,0.4231725090985838,0.39330800813596845,1.5,1e-06,0.3306015012810999,Nagare,0.12000272679221863,0.9688807029661863,2.0,0
2024-02-05,0.21478774307305706,2.0,0.48780487804878053,0.2248493768734321,0.9509135034253303,3,0.011037068167714336,0.39330800813596845,1.5,1e-06,0.9765053654317793,Nagare,0.12000272679221863,0.9688807029661863,2.0,0
2024-02-06,0.20400753191654866,2.0,0.48780487804878053,9.134470957355084e-12,0.9999999999898656,1,9.257282855837314e-23,0.39330800813596845,0.5,1e-06,0.46419307532813125,Nagare,0.12000272679221863,0.9688807029661863,2.0,0
2024-02-07,0.19487586435499604,1.0,0.9523809523809523,0.15454054484475208,0.964144709281192,2,0.00554109616325157,0.2014504431917951,1.0,1e-06,0.48553799709562206,Nagare,0.12000272679221863,0.9688807029661863,2.0,0
2024-02-08,0.19330832316492416,1.0,0.9523809523809523,3.835909367844479e-11,0.9999999999606409,1,1.509778312970706e-21,0.2014504431917951,0.5,1e-06,0.23305875462314785,Nagare,0.12000272679221863,0.9688807029661863,2.0,0
2024-02-09,0.188530685074931,2.0,0.48780487804878053,4.4524606223136456e-11,0.9999999999544754,1,2.026964180633737e-21,0.39330800813596845,0.5,1e-06,0.17557387670125535,Nagare,0.12000272679221863,0.9688807029661863,2.0,0
2024-02-12,0.1837433974237806,2.0,0.48780487804878053,4.990861056512716e-10,0.9999999994999139,1,2.495860159815673e-19,0.39330800813596845,0.5,1e-06,1.0,Nagare,0.12000272679221863,0.9688807029661863,2.0,0
2024-02-13,0.22817267762770546,1.0,0.9523809523809523,0.2668736958106711,0.9248051566819444,2,0.020067525742193844,0.2014504431917951,1.0,1e-06,0.4826691088140963,Nagare,0.12000272679221863,0.9688807029661863,2.0,0
2024-02-14,0.23585945121944302,1.5,0.6451612903225806,0.5611333222262636,0.7510910536133414,2,0.13967110401778468,0.2973792256639297,1.0,1e-06,0.4539495277834711,Nagare,0.12000272679221863,0.9688807029661863,2.0,0
2024-02-15,0.21500557083259375,2.0,0.48780487804878053,0.6862595288608487,0.5586166523584722,2,0.30290352819949906,0.39330800813596845,1.0,1e-06,0.23719626864158072,Nagare,0.12000272679221863,0.9688807029661863,2.0,0
2024-02-16,0.1881524456938007,1.0,0.9523809523809523,0.4940151620396218,0.8045602856329456,2,0.0965501821620178,0.2014504431917951,1.0,1e-06,0.5738022377867853,Nagare,0.12000272679221863,0.9688807029661863,2.0,0
2024-02-20,0.1807553265147284,1.0,0.9523809523809523,8.452127886427145e-12,0.9999999999905479,1,7.989040671971236e-23,0.2014504431917951,0.5,1e-06,0.37015914849177667,Nagare,0.12000272679221863,0.9688807029661863,2.0,0
2024-02-21,0.18265825394390034,1.5,0.6451612903225806,2.937639020881832e-11,0.9999999999696236,1,8.923480420668311e-22,0.2973792256639297,0.5,1e-06,0.2705888745143521,Nagare,0.12000272679221863,0.9688807029661863,2.0,0
2024-02-22,0.1839226334746512,1.0,0.9523809523809523,0.471487229374429,0.8199381701565107,2,0.08489685326899664,0.2014504431917951,1.0,1e-06,0.25132412394249537,Nagare,0.12000272679221863,0.9688807029661863,2.0,0
2024-02-23,0.18052484645953518,1.0,0.9523809523809523,1.0435430297596811e-11,0.9999999999885646,1,1.19333404944607e-22,0.2014504431917951,0.5,1e-06,0.34544395057361854,Nagare,0.12000272679221863,0.9688807029661863,2.0,0
2024-02-26,0.1860013625028908,1.0,0.9523809523809523,1.0348388812467191e-11,0.9999999999886516,1,1.1743731090296347e-22,0.2014504431917951,0.5,1e-06,1.0,Nagare,0.12000272679221863,0.9688807029661863,2.0,0
2024-02-27,0.17778581613128663,1.0,0.9523809523809523,3.7393532713965827e-11,0.9999999999616065,1,1.4356689943626749e-21,0.2014504431917951,0.5,1e-06,1.0,Nagare,0.12000272679221863,0.9688807029661863,2.0,0
2024-02-28,0.16476750734626258,1.0,0.9523809523809523,3.707012474690489e-11,0.9999999999619299,1,1.4112634534699154e-21,0.2014504431917951,0.5,1e-06,1.0,Nagare,0.12000272679221863,0.9688807029661863,2.0,0
2024-02-29,0.16642027274438348,1.0,0.9523809523809523,0.3356731635423459,0.8951208537121954,2,0.035205114824047846,0.2014504431917951,1.0,1e-06,0.08303584271204512,Nagare,0.12000272679221863,0.9688807029661863,2.0,0
2024-03-01,0.18568263093954795,1.0,0.9523809523809523,3.029254624871075e-11,0.9999999999687075,1,9.479302343705769e-22,0.2014504431917951,0.5,1e-06,0.25606221002509233,Nagare,0.12000272679221863,0.9688807029661863,2.0,0
2024-03-04,0.2088415248451327,1.0,0.9523809523809523,0.0,0.0,0,0.0,0.2014504431917951,0.0,1e-06,1.0,Nagare,0.12000272679221863,0.9688807029661863,2.0,0
2024-03-05,0.16451653267192143,1.0,0.9523809523809523,5.1100568219972736e-11,0.9999999999478995,1,2.6623675102609218e-21,0.2014504431917951,0.5,1e-06,0.23244629738708822,Nagare,0.12000272679221863,0.9688807029661863,2.0,0
2024-03-06,0.1780566816061444,1.0,0.9523809523809523,3.9797942718301325e-11,0.9999999999592021,1,1.623673306961646e-21,0.2014504431917951,0.5,1e-06,1.0,Nagare,0.12000272679221863,0.9688807029661863,2.0,0
2024-03-07,0.16460688410565458,1.0,0.9523809523809523,2.4241386675464845e-11,0.9999999999747586,1,6.118856783714082e-22,0.2014504431917951,0.5,1e-06,1.0,Nagare,0.12000272679221863,0.9688807029661863,2.0,0
2024-03-08,0.15788727614311285,2.0,0.48780487804878053,4.608757819713138e-11,0.9999999999529124,1,2.170151422788396e-21,0.39330800813596845,0.5,1e-06,0.17557387670125535,Nagare,0.12000272679221863,0.9688807029661863,2.0,0
2024-03-11,0.16190201926470144,1.0,0.9523809523809523,0.6600613348897282,0.6279048716521741,2,0.24560560712323068,0.2014504431917951,1.0,1e-06,0.25355575661691065,Nagare,0.12000272679221863,0.9688807029661863,2.0,0
2024-03-12,0.14879336881536115,2.0,0.48780487804878053,0.5597887322924832,0.7523049223544681,2,0.13865691351028048,0.39330800813596845,1.0,1e-06,0.8601866595232287,Nagare,0.12000272679221863,0.9688807029661863,2.0,0
2024-03-13,0.16277328384346174,2.0,0.48780487804878053,0.6212602833334007,0.6872792878259439,2,0.19428095824947691,0.39330800813596845,1.0,1e-06,0.5176389911723853,Nagare,0.12000272679221863,0.9688807029661863,2.0,0
2024-03-14,0.17964271386676836,2.0,0.48780487804878053,0.0,0.0,0,0.0,0.39330800813596845,0.0,1e-06,1.0,Nagare,0.12000272679221863,0.9688807029661863,2.0,0
2024-03-15,0.12367921924281414,2.0,0.48780487804878053,9.269085498702889e-11,0.9999999999063092,1,8.684283403139068e-21,0.39330800813596845,0.5,1e-06,0.46376867130735333,Nagare,0.12000272679221863,0.9688807029661863,2.0,0
2024-03-18,0.11532565833725152,4.0,0.2469135802469136,0.0,0.0,0,0.0,0.7770231380231641,0.0,1e-06,0.1638246382242653,Utsuroi,0.12000272679221863,0.9688807029661863,2.0,0
2024-03-19,0.10742865585093567,2.5,0.3921568627450981,2.427325007627078e-11,0.9999999999747268,1,6.134633823831455e-22,0.48923679060791125,0.5,1e-06,0.6293577307482534,Nagare,0.12000272679221863,0.9688807029661863,2.0,0
2024-03-20,0.13002007016622716,2.0,0.48780487804878053,2.7629121212714796e-11,0.9999999999713709,1,7.9099684900722375e-22,0.39330800813596845,0.5,1e-06,0.1633339215048648,Nagare,0.12000272679221863,0.9688807029661863,2.0,0
2024-03-21,0.14352577097251104,2.0,0.48780487804878053,2.0400126032653844e-11,0.9999999999785999,1,4.365648168995974e-22,0.39330800813596845,0.5,1e-06,1.0,Nagare,0.12000272679221863,0.9688807029661863,2.0,0
2024-03-22,0.12422139984624957,2.0,0.48780487804878053,1.5011880627341365e-11,0.9999999999839881,1,2.4036810851018344e-22,0.39330800813596845,0.5,1e-06,1.0,Nagare,0.12000272679221863,0.9688807029661863,2.0,0
2024-03-25,0.13174315672681935,3.0,0.3278688524590164,0.0,0.0,0,0.0,0.5851655730797581,0.0,1e-06,0.39362467250801003,Utsuroi,0.12000272679221863,0.9688807029661863,2.0,0
2024-03-26,0.1378147255534671,2.0,0.48780487804878053,9.602929562175839e-11,0.9999999999029707,1,9.317652789351616e-21,0.39330800813596845,0.5,1e-06,0.9158433897705366,Nagare,0.12000272679221863,0.9688807029661863,2.0,0
2024-03-27,0.160857800622157,2.0,0.48780487804878053,3.985478613715981e-11,0.9999999999591452,1,1.6282578825527225e-21,0.39330800813596845,0.5,1e-06,1.0,Nagare,0.12000272679221863,0.9688807029661863,2.0,0
2024-03-28,0.17045155108396215,3.0,0.3278688524590164,0.5716767810603599,0.7413151791845591,2,0.1478841056729472,0.5851655730797581,1.0,1e-06,0.08399573194411891,Utsuroi,0.12000272679221863,0.9688807029661863,2.0,0
2024-04-01,0.17531184230788976,2.0,0.48780487804878053,8.448808319262327e-11,0.9999999999145119,1,7.22272241604321e-21,0.39330800813596845,0.5,1e-06,0.28619984801636866,Nagare,0.12000272679221863,0.9688807029661863,2.0,0
2024-04-02,0.17028899953801138,2.0,0.48780487804878053,0.35143058981532155,0.8876354650675525,2,0.039488334785634314,0.39330800813596845,1.0,1e-06,0.21846983705465772,Nagare,0.12000272679221863,0.9688807029661863,2.0,0
2024-04-03,0.14402066971236935,2.0,0.48780487804878053,0.0,0.0,0,0.0,0.39330800813596845,0.0,1e-06,1.0,Nagare,0.12000272679221863,0.9688807029661863,2.0,0
2024-04-04,0.13096778057252365,2.0,0.48780487804878053,1.355771050888241e-10,0.9999999998634229,1,1.8516725531420515e-20,0.39330800813596845,0.5,1e-06,0.46376867130735333,Nagare,0.12000272679221863,0.9688807029661863,2.0,0
2024-04-05,0.13205687593039372,2.0,0.48780487804878053,2.9832136760413e-11,0.9999999999691679,1,9.19787860528382e-22,0.39330800813596845,0.5,1e-06,1.0,Nagare,0.12000272679221863,0.9688807029661863,2.0,0
2024-04-08,0.11393237855688448,2.0,0.48780487804878053,0.5622836986160266,0.7500468228418045,2,0.14054459693333712,0.39330800813596845,1.0,1e-06,0.22388729611429592,Nagare,0.12000272679221863,0.9688807029661863,2.0,0
2024-04-09,0.13766490426569478,2.0,0.48780487804878053,0.878233155518211,0.477931977818057,3,0.4584974465159991,0.39330800813596845,1.5,1e-06,0.10641731489455086,Nagare,0.12000272679221863,0.9688807029661863,2.0,0
2024-04-10,0.1746128706603015,2.0,0.48780487804878053,0.7310752935885253,0.731269063703242,3,0.19646254814947167,0.39330800813596845,1.5,1e-06,0.6140808231667657,Nagare,0.12000272679221863,0.9688807029661863,2.0,0
2024-04-11,0.17656348921171056,2.0,0.48780487804878053,4.147870935521137e-11,0.9999999999575213,1,1.761961121586313e-21,0.39330800813596845,0.5,1e-06,0.5624810075263086,Nagare,0.12000272679221863,0.9688807029661863,2.0,0
2024-04-12,0.17417398148623447,1.0,0.9523809523809523,0.25140438637019763,0.9308616559882152,2,0.017381682950934375,0.2014504431917951,1.0,1e-06,0.4834410421861197,Nagare,0.12000272679221863,0.9688807029661863,2.0,0
2024-04-15,0.17266225210889244,2.0,0.48780487804878053,1.6491030763024684e-11,0.999999999982509,1,2.8844476158259846e-22,0.39330800813596845,0.5,1e-06,0.9200523593502108,Nagare,0.12000272679221863,0.9688807029661863,2.0,0
2024-04-16,0.18036719538695825,2.0,0.48780487804878053,2.3273827309527974e-11,0.9999999999757262,1,5.649443500930092e-22,0.39330800813596845,0.5,1e-06,1.0,Nagare,0.12000272679221863,0.9688807029661863,2.0,0
2024-04-17,0.1639169789367418,1.0,0.9523809523809523,0.0,0.0,0,0.0,0.2014504431917951,0.0,1e-06,0.4403401098155846,Nagare,0.12000272679221863,0.9688807029661863,2.0,0
2024-04-18,0.16633899697140805,1.0,0.9523809523809523,0.0,0.0,0,0.0,0.2014504431917951,0.0,1e-06,1.0,Nagare,0.12000272679221863,0.9688807029661863,2.0,0
2024-04-19,0.15640891103875562,2.0,0.48780487804878053,1.5694112675962366e-11,0.9999999999833059,1,2.6199893818317588e-22,0.39330800813596845,0.5,1e-06,0.07141021884279886,Nagare,0.12000272679221863,0.9688807029661863,2.0,0
2024-04-22,0.12364187095341717,1.0,0.9523809523809523,0.4509485418856465,0.8330925401488501,2,0.07526667564971311,0.2014504431917951,1.0,1e-06,0.44577684450841004,Nagare,0.12000272679221863,0.9688807029661863,2.0,0
2024-04-23,0.12344438494298819,1.5,0.6451612903225806,1.1431300350673694e-11,0.9999999999875687,1,1.421056751788368e-22,0.2973792256639297,0.5,1e-06,0.7032468444648331,Nagare,0.12000272679221863,0.9688807029661863,2.0,0
2024-04-24,0.13247275743760156,3.0,0.3278688524590164,1.9499402092794324e-11,0.9999999999795006,1,3.9972565271303766e-22,0.5851655730797581,0.5,1e-06,0.08509960232548086,Utsuroi,0.12000272679221863,0.9688807029661863,2.0,0
2024-04-25,0.1472662015175931,3.0,0.3278688524590164,1.2778111901828821e-11,0.9999999999862219,1,1.760579730048795e-22,0.5851655730797581,0.5,1e-06,1.0,Utsuroi,0.12000272679221863,0.9688807029661863,2.0,0
2024-04-26,0.1705632447251086,2.0,0.48780487804878053,1.963118556581462e-11,0.9999999999793688,1,4.050141980138383e-22,0.39330800813596845,0.5,1e-06,0.16229421179002734,Nagare,0.12000272679221863,0.9688807029661863,2.0,0
2024-04-29,0.1538921305720467,2.0,0.48780487804878053,1.0144329820543381e-11,0.9999999999888557,1,1.1305153291910885e-22,0.39330800813596845,0.5,1e-06,1.0,Nagare,0.12000272679221863,0.9688807029661863,2.0,0
2024-04-30,0.19503799351025264,2.0,0.48780487804878053,1.5564549648990765e-11,0.9999999999834355,1,2.578194111124057e-22,0.39330800813596845,0.5,1e-06,1.0,Nagare,0.12000272679221863,0.9688807029661863,2.0,0
2024-05-01,0.1925356500816728,2.0,0.48780487804878053,1.7869150603466833e-11,0.9999999999811309,1,3.3717529859966965e-22,0.39330800813596845,0.5,1e-06,1.0,Nagare,0.12000272679221863,0.9688807029661863,2.0,0
2024-05-02,0.1920781550569738,2.0,0.48780487804878053,0.4718774549203268,0.8196806051790978,2,0.08508865710086089,0.39330800813596845,1.0,1e-06,0.226306995654322,Nagare,0.12000272679221863,0.9688807029661863,2.0,0
2024-05-03,0.219620818068748,2.0,0.48780487804878053,0.6526315317129007,0.6413602610376123,2,0.23405960217213792,0.39330800813596845,1.0,1e-06,0.4471835929835093,Nagare,0.12000272679221863,0.9688807029661863,2.0,0
2024-05-06,0.2292464452543504,2.0,0.48780487804878053,0.6837963813090008,0.568270113862273,2,0.2952153338439247,0.39330800813596845,1.0,1e-06,0.3582750987696596,Nagare,0.12000272679221863,0.9688807029661863,2.0,0
2024-05-07,0.24963040911657514,1.0,0.9523809523809523,2.131927967472092e-11,0.9999999999776807,1,4.758304939098507e-22,0.2014504431917951,0.5,1e-06,0.506951094695598,Nagare,0.12000272679221863,0.9688807029661863,2.0,0
2024-05-08,0.2619680714542375,3.0,0.3278688524590164,2.847140300890465e-10,0.999999999714286,1,8.134678667289227e-20,0.5851655730797581,0.5,1e-06,0.08833707518814993,Utsuroi,0.12000272679221863,0.9688807029661863,2.0,0
2024-05-09,0.24956538849819485,3.0,0.3278688524590164,0.13293282390433464,0.970519170211689,2,0.003918969954803211,0.5851655730797581,1.0,1e-06,0.34980886583342663,Utsuroi,0.12000272679221863,0.9688807029661863,2.0,0
2024-05-10,0.22448368495799326,2.0,0.48780487804878053,0.6719318378045122,0.6026276830535601,2,0.2670071112184585,0.39330800813596845,1.0,1e-06,0.6238077541175426,Nagare,0.12000272679221863,0.9688807029661863,2.0,0
2024-05-13,0.22680817206508908,1.5,0.6451612903225806,0.36064977195308084,0.8831261298439904,2,0.04215053461903884,0.2973792256639297,1.0,1e-06,0.7595967600712513,Nagare,0.12000272679221863,0.9688807029661863,2.0,0
2024-05-14,0.254539465804288,1.0,0.9523809523809523,3.7283953701439524e-11,0.9999999999617161,1,1.427376332554641e-21,0.2014504431917951,0.5,1e-06,0.11138122663051331,Nagare,0.12000272679221863,0.9688807029661863,2.0,0
2024-05-15,0.2587658059990076,2.0,0.48780487804878053,0.0,0.0,0,0.0,0.39330800813596845,0.0,1e-06,0.4023432023866984,Nagare,0.12000272679221863,0.9688807029661863,2.0,0
2024-05-16,0.24917526478791305,2.0,0.48780487804878053,0.0,0.0,0,0.0,0.39330800813596845,0.0,1e-06,1.0,Nagare,0.12000272679221863,0.9688807029661863,2.0,0
2024-05-17,0.2722626426705565,2.0,0.48780487804878053,0.0,0.0,0,0.0,0.39330800813596845,0.0,1e-06,1.0,Nagare,0.12000272679221863,0.9688807029661863,2.0,0
2024-05-20,0.2736041130197427,2.0,0.48780487804878053,7.151035319189767e-11,0.9999999999274897,1,5.185239385077783e-21,0.39330800813596845,0.5,1e-06,0.46376867130735333,Nagare,0.12000272679221863,0.9688807029661863,2.0,0
2024-05-21,0.2837227332642286,2.0,0.48780487804878053,0.587637367712911,0.7255474082214821,2,0.16127859859471436,0.39330800813596845,1.0,1e-06,0.2188635748804838,Nagare,0.12000272679221863,0.9688807029661863,2.0,0
2024-05-22,0.30027714132989153,2.0,0.48780487804878053,0.0,0.0,0,0.0,0.39330800813596845,0.0,1e-06,1.0,Nagare,0.12000272679221863,0.9688807029661863,2.0,0
2024-05-23,0.3148334968292874,2.0,0.48780487804878053,0.0,0.0,0,0.0,0.39330800813596845,0.0,1e-06,1.0,Nagare,0.12000272679221863,0.9688807029661863,2.0,0
2024-05-24,0.31618209616907583,2.0,0.48780487804878053,1.0125877913412918e-10,0.9999999998977412,1,1.0354596891379486e-20,0.39330800813596845,0.5,1e-06,0.46376867130735333,Nagare,0.12000272679221863,0.9688807029661863,2.0,0
2024-05-28,0.29636661737096864,2.0,0.48780487804878053,0.0,0.0,0,0.0,0.39330800813596845,0.0,1e-06,1.0,Nagare,0.12000272679221863,0.9688807029661863,2.0,0
2024-05-29,0.29154967858225694,2.0,0.48780487804878053,0.0,0.0,0,0.0,0.39330800813596845,0.0,1e-06,1.0,Nagare,0.12000272679221863,0.9688807029661863,2.0,0
2024-05-30,0.2730199685094829,2.0,0.48780487804878053,0.0,0.0,0,0.0,0.39330800813596845,0.0,1e-06,1.0,Nagare,0.12000272679221863,0.9688807029661863,2.0,0
2024-05-31,0.21159477408000568,1.0,0.9523809523809523,0.0,0.0,0,0.0,0.2014504431917951,0.0,1e-06,0.08537082270600038,Nagare,0.12000272679221863,0.9688807029661863,2.0,0
2024-06-03,0.22856427855745387,2.0,0.48780487804878053,0.0,0.0,0,0.0,0.39330800813596845,0.0,1e-06,0.023274037156571614,Nagare,0.12000272679221863,0.9688807029661863,2.0,0
2024-06-04,0.2141552111493043,2.0,0.48780487804878053,1.7606360813542986e-11,0.9999999999813937,1,3.2758991243025753e-22,0.39330800813596845,0.5,1e-06,0.46376867130735333,Nagare,0.12000272679221863,0.9688807029661863,2.0,0
2024-06-05,0.19918828616447548,2.0,0.48780487804878053,8.115530469528038e-11,0.9999999999178447,1,6.667336989857979e-21,0.39330800813596845,0.5,1e-06,1.0,Nagare,0.12000272679221863,0.9688807029661863,2.0,0
2024-06-06,0.1938316227557873,2.0,0.48780487804878053,4.547995313578246e-11,0.9999999999535201,1,2.113905084323061e-21,0.39330800813596845,0.5,1e-06,1.0,Nagare,0.12000272679221863,0.9688807029661863,2.0,0
2024-06-07,0.2306941353825093,3.0,0.3278688524590164,5.883205034072716e-11,0.999999999940168,1,3.520040896273706e-21,0.5851655730797581,0.5,1e-06,0.08377656334584438,Utsuroi,0.12000272679221863,0.9688807029661863,2.0,0
2024-06-10,0.2147485862732677,3.0,0.3278688524590164,0.22968388914988036,0.9390096374705672,2,0.014008503666421259,0.5851655730797581,1.0,1e-06,0.3501236975480603,Utsuroi,0.12000272679221863,0.9688807029661863,2.0,0
2024-06-11,0.2240965627463153,1.0,0.9523809523809523,1.7493606561787028e-10,0.999999999824064,1,3.077755925229836e-20,0.2014504431917951,0.5,1e-06,0.0819989204061572,Nagare,0.12000272679221863,0.9688807029661863,2.0,0
2024-06-12,0.23009353026147336,1.0,0.9523809523809523,8.985906459319411e-10,0.9999999991004094,1,8.083637200875421e-19,0.2014504431917951,0.5,1e-06,1.0,Nagare,0.12000272679221863,0.9688807029661863,2.0,0
2024-06-13,0.2289496652939992,0.0,20.0,4.3163017595183274e-10,0.9999999995673698,1,1.8673622946015362e-19,0.009592878247237929,0.5,1e-06,0.03671879581913007,Nagare,0.12000272679221863,0.9688807029661863,2.0,0
2024-06-14,0.21563806645038822,1.0,0.9523809523809523,1.3501644246966804e-11,0.9999999999854984,1,1.9579574294043634e-22,0.2014504431917951,0.5,1e-06,0.9325951461334114,Nagare,0.12000272679221863,0.9688807029661863,2.0,0
2024-06-17,0.19028335390438825,0.0,20.0,0.666373053758796,0.6151831337556327,2,0.2564315902971492,0.009592878247237929,1.0,1e-06,0.02750257831294567,Nagare,0.12000272679221863,0.9688807029661863,2.0,0
2024-06-18,0.19168218330178177,1.0,0.9523809523809523,0.5385461892332272,0.7706034237015125,2,0.1235406519886997,0.2014504431917951,1.0,1e-06,0.8853411291583033,Nagare,0.12000272679221863,0.9688807029661863,2.0,0
2024-06-20,0.189567612887771,1.0,0.9523809523809523,0.5366215247966237,0.7721859402196363,2,0.12224992812944797,0.2014504431917951,1.0,1e-06,0.6231097327256259,Nagare,0.12000272679221863,0.9688807029661863,2.0,0
2024-06-21,0.19460671081224443,0.0,20.0,0.4210504486791612,0.8509541460105426,2,0.06275582369602976,0.009592878247237929,1.0,1e-06,0.10864879851581166,Nagare,0.12000272679221863,0.9688807029661863,2.0,0
2024-06-24,0.19055917731807065,1.0,0.9523809523809523,1.7947421326701427e-11,0.9999999999810526,1,3.4005695658021977e-22,0.2014504431917951,0.5,1e-06,0.7713395870763537,Nagare,0.12000272679221863,0.9688807029661863,2.0,0
2024-06-25,0.18043221600533854,1.0,0.9523809523809523,1.0837886144018748e-11,0.9999999999881621,1,1.282974224628023e-22,0.2014504431917951,0.5,1e-06,1.0,Nagare,0.12000272679221863,0.9688807029661863,2.0,0
2024-06-26,0.16781821603955993,0.5,1.8181818181818181,0.3777570156083729,0.874492252224642,2,0.04741143223534764,0.10552166071956445,1.0,1e-06,0.15482731378863313,Nagare,0.12000272679221863,0.9688807029661863,2.0,0
2024-06-27,0.16672912068168988,-1.0,0.9523809523809523,0.13313862692256564,0.9704602525553065,2,0.003932881414425854,0.2014504431917951,1.0,1e-06,0.7823775567726949,Nagare,0.12000272679221863,0.9688807029661863,2.0,0
2024-06-28,0.17744124919535606,1.0,0.9523809523809523,1.0064444207366672,0.6419603479927534,4,0.3603470101651912,0.2014504431917951,2.0,1e-06,0.069221977019426,Nagare,0.12000272679221863,0.9688807029661863,2.0,0
2024-07-01,0.15687736756141174,-1.0,0.9523809523809523,0.3898314897222809,0.8796598529132247,3,0.04691237881223602,0.2014504431917951,1.5,1e-06,0.5138118612733052,Nagare,0.12000272679221863,0.9688807029661863,2.0,0
2024-07-02,0.17527105061641912,0.0,20.0,0.7944519148059995,0.6969311568758003,4,0.24077362273805952,0.009592878247237929,2.0,1e-06,0.11768789705665561,Nagare,0.12000272679221863,0.9688807029661863,2.0,0
2024-07-03,0.20872652324273108,1.0,0.9523809523809523,0.32965248750689796,0.8979093407809483,2,0.03365443976277942,0.2014504431917951,1.0,1e-06,0.5808761826345983,Nagare,0.12000272679221863,0.9688807029661863,2.0,0
2024-07-05,0.21813876278563152,1.5,0.6451612903225806,5.044964446181403e-12,0.9999999999939551,1,3.0496519106213986e-23,0.2973792256639297,0.5,1e-06,0.6756292537804088,Nagare,0.12000272679221863,0.9688807029661863,2.0,0
2024-07-08,0.23037980325395635,1.0,0.9523809523809523,5.324629626082751e-12,0.9999999999936754,1,3.3676192491178373e-23,0.2014504431917951,0.5,1e-06,0.42601283197118034,Nagare,0.12000272679221863,0.9688807029661863,2.0,0
2024-07-09,0.19864016997366593,1.0,0.9523809523809523,0.4407546419174705,0.8393448684814783,2,0.07080949496465018,0.2014504431917951,1.0,1e-06,0.09577932643066189,Nagare,0.12000272679221863,0.9688807029661863,2.0,0
2024-07-10,0.20448419418320177,1.5,0.6451612903225806,6.902922677878646e-12,0.9999999999920971,1,5.455311147033855e-23,0.2973792256639297,0.5,1e-06,0.6997096086195744,Nagare,0.12000272679221863,0.9688807029661863,2.0,0
2024-07-11,0.1607965126519759,1.0,0.9523809523809523,0.5763436446766955,0.7368328619009324,2,0.15167470753115186,0.2014504431917951,1.0,1e-06,0.21912810650276704,Nagare,0.12000272679221863,0.9688807029661863,2.0,0
2024-07-12,0.16952583368894247,1.0,0.9523809523809523,2.1440516029007272e-11,0.9999999999775595,1,4.811357693234179e-22,0.2014504431917951,0.5,1e-06,0.4821809993116486,Nagare,0.12000272679221863,0.9688807029661863,2.0,0
2024-07-15,0.1659981621224001,1.0,0.9523809523809523,4.069411474374179e-11,0.9999999999583059,1,1.6967041893320987e-21,0.2014504431917951,0.5,1e-06,1.0,Nagare,0.12000272679221863,0.9688807029661863,2.0,0
2024-07-16,0.1589608853515266,1.0,0.9523809523809523,0.0,0.0,0,0.0,0.2014504431917951,0.0,1e-06,1.0,Nagare,0.12000272679221863,0.9688807029661863,2.0,0
2024-07-17,0.20359300026832786,1.0,0.9523809523809523,4.2313486047391216e-11,0.9999999999566865,1,1.8327436515227366e-21,0.2014504431917951,0.5,1e-06,0.23244629738708822,Nagare,0.12000272679221863,0.9688807029661863,2.0,0
2024-07-18,0.22038256165046843,1.0,0.9523809523809523,0.0,0.0,0,0.0,0.2014504431917951,0.0,1e-06,1.0,Nagare,0.12000272679221863,0.9688807029661863,2.0,0
2024-07-19,0.26398640306028587,1.0,0.9523809523809523,0.0,0.0,0,0.0,0.2014504431917951,0.0,1e-06,1.0,Nagare,0.12000272679221863,0.9688807029661863,2.0,0
2024-07-22,0.2528502080785583,1.0,0.9523809523809523,2.760514039538358e-11,0.9999999999713949,1,7.896483059823123e-22,0.2014504431917951,0.5,1e-06,0.23244629738708822,Nagare,0.12000272679221863,0.9688807029661863,2.0,0
2024-07-23,0.24730875451115183,1.0,0.9523809523809523,3.7100322813173535e-11,0.9999999999618997,1,1.41353345495881e-21,0.2014504431917951,0.5,1e-06,1.0,Nagare,0.12000272679221863,0.9688807029661863,2.0,0
2024-07-24,0.271439655443444,1.0,0.9523809523809523,7.90658649631053e-11,0.9999999999199342,1,6.33047511850756e-21,0.2014504431917951,0.5,1e-06,1.0,Nagare,0.12000272679221863,0.9688807029661863,2.0,0
2024-07-25,0.26583082515322565,1.0,0.9523809523809523,1.3020584610403585e-11,0.9999999999859794,1,1.8255592017062695e-22,0.2014504431917951,0.5,1e-06,1.0,Nagare,0.12000272679221863,0.9688807029661863,2.0,0
2024-07-26,0.2945608423530104,1.5,0.6451612903225806,3.837530293460368e-11,0.9999999999606247,1,1.5110383293592239e-21,0.2973792256639297,0.5,1e-06,0.2705888745143521,Nagare,0.12000272679221863,0.9688807029661863,2.0,0
2024-07-29,0.2934333913034952,1.5,0.6451612903225806,2.8081204028329115e-11,0.9999999999709188,1,8.166346025163006e-22,0.2973792256639297,0.5,1e-06,1.0,Nagare,0.12000272679221863,0.9688807029661863,2.0,0
2024-07-30,0.2921125325669946,2.0,0.48780487804878053,2.0670243294539328e-11,0.9999999999783298,1,4.479287438934934e-22,0.39330800813596845,0.5,1e-06,0.16816673972427276,Nagare,0.12000272679221863,0.9688807029661863,2.0,0
2024-07-31,0.31125399590836184,2.0,0.48780487804878053,2.0958312860755905e-10,0.9999999997894169,1,4.413466629384778e-20,0.39330800813596845,0.5,1e-06,1.0,Nagare,0.12000272679221863,0.9688807029661863,2.0,0
2024-08-01,0.29506336141141537,2.0,0.48780487804878053,0.0,0.0,0,0.0,0.39330800813596845,0.0,1e-06,1.0,Nagare,0.12000272679221863,0.9688807029661863,2.0,0
2024-08-02,0.26268478075956414,2.0,0.48780487804878053,0.0,0.0,0,0.0,0.39330800813596845,0.0,1e-06,1.0,Nagare,0.12000272679221863,0.9688807029661863,2.0,0
2024-08-05,0.25403797279565726,2.0,0.48780487804878053,0.0,0.0,0,0.0,0.39330800813596845,0.0,1e-06,1.0,Nagare,0.12000272679221863,0.9688807029661863,2.0,0
2024-08-06,0.2104170314070632,4.0,0.2469135802469136,0.0,0.0,0,0.0,0.7770231380231641,0.0,1e-06,0.00157252093309046,Utsuroi,0.12000272679221863,0.9688807029661863,2.0,0
2024-08-07,0.19660811010337118,3.0,0.3278688524590164,0.0,0.0,0,0.0,0.5851655730797581,0.0,1e-06,0.00169708504242283,Utsuroi,0.12000272679221863,0.9688807029661863,2.0,0
2024-08-08,0.18303394259200167,3.0,0.3278688524590164,0.0,0.0,0,0.0,0.5851655730797581,0.0,1e-06,1.0,Utsuroi,0.12000272679221863,0.9688807029661863,2.0,0
2024-08-09,0.19624345020809697,3.0,0.3278688524590164,0.0,0.0,0,0.0,0.5851655730797581,0.0,1e-06,1.0,Utsuroi,0.12000272679221863,0.9688807029661863,2.0,0
2024-08-12,0.19051815211994158,3.0,0.3278688524590164,0.0,0.0,0,0.0,0.5851655730797581,0.0,1e-06,1.0,Utsuroi,0.12000272679221863,0.9688807029661863,2.0,0
2024-08-13,0.19089501330921207,3.0,0.3278688524590164,0.0,0.0,0,0.0,0.5851655730797581,0.0,1e-06,1.0,Utsuroi,0.12000272679221863,0.9688807029661863,2.0,0
2024-08-14,0.2003960715785098,4.0,0.2469135802469136,0.0,0.0,0,0.0,0.7770231380231641,0.0,1e-06,0.0009628510472361462,Utsuroi,0.12000272679221863,0.9688807029661863,2.0,0
2024-08-15,0.17485780649577057,3.0,0.3278688524590164,0.0,0.0,0,0.0,0.5851655730797581,0.0,1e-06,0.00169708504242283,Utsuroi,0.12000272679221863,0.9688807029661863,2.0,0
2024-08-16,0.1672033621194019,3.0,0.3278688524590164,0.0,0.0,0,0.0,0.5851655730797581,0.0,1e-06,1.0,Utsuroi,0.12000272679221863,0.9688807029661863,2.0,0
2024-08-19,0.15498912624265607,3.0,0.3278688524590164,0.0,0.0,0,0.0,0.5851655730797581,0.0,1e-06,1.0,Utsuroi,0.12000272679221863,0.9688807029661863,2.0,0
2024-08-20,0.12208265246677867,3.0,0.3278688524590164,0.0,0.0,0,0.0,0.5851655730797581,0.0,1e-06,1.0,Utsuroi,0.12000272679221863,0.9688807029661863,2.0,0
2024-08-21,0.1271137031600105,3.0,0.3278688524590164,3.4560576622134576e-11,0.9999999999644394,1,1.2289932685590006e-21,0.5851655730797581,0.5,1e-06,0.606588527349627,Utsuroi,0.12000272679221863,0.9688807029661863,2.0,0
2024-08-22,0.15476980791371045,3.0,0.3278688524590164,6.326772439073681e-11,0.9999999999357323,1,4.066071274512706e-21,0.5851655730797581,0.5,1e-06,1.0,Utsuroi,0.12000272679221863,0.9688807029661863,2.0,0
2024-08-23,0.15178417952475912,3.0,0.3278688524590164,3.968692041584333e-11,0.9999999999593131,1,1.6147376945992093e-21,0.5851655730797581,0.5,1e-06,1.0,Utsuroi,0.12000272679221863,0.9688807029661863,2.0,0
2024-08-26,0.15326985267696733,3.0,0.3278688524590164,0.0,0.0,0,0.0,0.5851655730797581,0.0,1e-06,1.0,Utsuroi,0.12000272679221863,0.9688807029661863,2.0,0
2024-08-27,0.1431103810550451,3.0,0.3278688524590164,3.833666717334825e-11,0.9999999999606634,1,1.5080358690900452e-21,0.5851655730797581,0.5,1e-06,0.606588527349627,Utsuroi,0.12000272679221863,0.9688807029661863,2.0,0
2024-08-28,0.15062026247797,3.0,0.3278688524590164,2.1864621224404472e-11,0.9999999999771354,1,4.999257988337562e-22,0.5851655730797581,0.5,1e-06,1.0,Utsuroi,0.12000272679221863,0.9688807029661863,2.0,0
2024-08-29,0.15279845319371013,2.0,0.48780487804878053,0.0,0.0,0,0.0,0.39330800813596845,0.0,1e-06,0.3961356151897317,Nagare,0.12000272679221863,0.9688807029661863,2.0,0
2024-08-30,0.13340605376178497,3.0,0.3278688524590164,1.0515810444578752e-11,0.9999999999884842,1,1.210978471237668e-22,0.5851655730797581,0.5,1e-06,0.1303138326965032,Utsuroi,0.12000272679221863,0.9688807029661863,2.0,0
2024-09-03,0.13075646356278767,3.0,0.3278688524590164,1.0299427977081777e-11,0.9999999999887006,1,1.1637741679176584e-22,0.5851655730797581,0.5,1e-06,1.0,Utsuroi,0.12000272679221863,0.9688807029661863,2.0,0
2024-09-04,0.1354542032407645,1.0,0.9523809523809523,0.0,0.0,0,0.0,0.2014504431917951,0.0,1e-06,0.21819616164360323,Nagare,0.12000272679221863,0.9688807029661863,2.0,0
2024-09-05,0.13013876768817484,2.0,0.48780487804878053,0.0,0.0,0,0.0,0.39330800813596845,0.0,1e-06,0.023274037156571614,Nagare,0.12000272679221863,0.9688807029661863,2.0,0
2024-09-06,0.14997005629416696,2.0,0.48780487804878053,0.0,0.0,0,0.0,0.39330800813596845,0.0,1e-06,1.0,Nagare,0.12000272679221863,0.9688807029661863,2.0,0
2024-09-09,0.16373817223619597,2.0,0.48780487804878053,0.0,0.0,0,0.0,0.39330800813596845,0.0,1e-06,1.0,Nagare,0.12000272679221863,0.9688807029661863,2.0,0
2024-09-10,0.1795869479663946,2.5,0.3921568627450981,2.5405677561359177e-11,0.9999999999735943,1,6.708535679046644e-22,0.48923679060791125,0.5,1e-06,0.25778331295163004,Nagare,0.12000272679221863,0.9688807029661863,2.0,0
2024-09-11,0.16554249439624935,4.0,0.2469135802469136,8.636580339400951e-11,0.9999999999126342,1,7.545415889056146e-21,0.7770231380231641,0.5,1e-06,0.04936822323987611,Utsuroi,0.12000272679221863,0.9688807029661863,2.0,0
2024-09-12,0.1672330304741372,2.0,0.48780487804878053,0.0,0.0,0,0.0,0.39330800813596845,0.0,1e-06,0.16763365243109907,Nagare,0.12000272679221863,0.9688807029661863,2.0,0
2024-09-13,0.18132624950806772,5.0,0.19801980198019803,2.119443509358318e-10,0.9999999997870557,1,4.513234756077848e-20,0.9688807029661863,0.5,1e-06,0.013138743978249878,Katashi,0.12000272679221863,0.9688807029661863,2.0,0
2024-09-16,0.17666102013928103,4.0,0.2469135802469136,3.2053915077221885e-11,0.9999999999669461,1,1.0595066777847307e-21,0.7770231380231641,0.5,1e-06,0.048784770728140026,Utsuroi,0.12000272679221863,0.9688807029661863,2.0,0
2024-09-17,0.19964580873671783,3.5,0.28169014084507044,1.5991763468859356e-11,0.9999999999830083,1,2.7172790854978886e-22,0.6810943555515091,0.5,1e-06,0.062444439407284946,Utsuroi,0.12000272679221863,0.9688807029661863,2.0,0
2024-09-18,0.22410981640230657,4.5,0.21978021978021978,2.9543811840926686e-11,0.9999999999694562,1,9.02379976386836e-22,0.8729519204947233,0.5,1e-06,0.03935439403626784,Utsuroi,0.12000272679221863,0.9688807029661863,2.0,0
2024-09-19,0.21651865920640626,1.0,0.9523809523809523,9.779721476599839e-11,0.9999999999012028,1,9.662090267787442e-21,0.2014504431917951,0.5,1e-06,0.39531330724142366,Nagare,0.12000272679221863,0.9688807029661863,2.0,0
2024-09-20,0.22846619783378683,2.0,0.48780487804878053,0.0,0.0,0,0.0,0.39330800813596845,0.0,1e-06,0.4023432023866984,Nagare,0.12000272679221863,0.9688807029661863,2.0,0
2024-09-23,0.21551295025552192,1.0,0.9523809523809523,2.143774047144577e-11,0.9999999999775623,1,4.810139827582007e-22,0.2014504431917951,0.5,1e-06,0.751647096982661,Nagare,0.12000272679221863,0.9688807029661863,2.0,0
2024-09-24,0.18880507705539246,2.0,0.48780487804878053,0.0,0.0,0,0.0,0.39330800813596845,0.0,1e-06,0.4023432023866984,Nagare,0.12000272679221863,0.9688807029661863,2.0,0
2024-09-25,0.169257512191059,1.0,0.9523809523809523,5.178393268398708e-10,0.9999999994811607,1,2.686753963630132e-19,0.2014504431917951,0.5,1e-06,0.751647096982661,Nagare,0.12000272679221863,0.9688807029661863,2.0,0
2024-09-26,0.1619010035619798,1.0,0.9523809523809523,2.559830125612654e-11,0.9999999999734017,1,6.808707621861223e-22,0.2014504431917951,0.5,1e-06,1.0,Nagare,0.12000272679221863,0.9688807029661863,2.0,0
2024-09-27,0.14266189637490045,2.0,0.48780487804878053,0.0,0.0,0,0.0,0.39330800813596845,0.0,1e-06,0.4023432023866984,Nagare,0.12000272679221863,0.9688807029661863,2.0,0
2024-09-30,0.14283371637453698,3.0,0.3278688524590164,0.0,0.0,0,0.0,0.5851655730797581,0.0,1e-06,0.0034143953237789626,Utsuroi,0.12000272679221863,0.9688807029661863,2.0,0
2024-10-01,0.12759662067779004,2.0,0.48780487804878053,0.0,0.0,0,0.0,0.39330800813596845,0.0,1e-06,0.0075411617295307876,Nagare,0.12000272679221863,0.9688807029661863,2.0,0
2024-10-02,0.12845103802200403,3.0,0.3278688524590164,1.1273926236363066e-10,0.9999999998862608,1,1.2822878047401944e-20,0.5851655730797581,0.5,1e-06,0.1303138326965032,Utsuroi,0.12000272679221863,0.9688807029661863,2.0,0
2024-10-03,0.17204541515063115,3.0,0.3278688524590164,0.6780270367651617,0.5867288375221168,2,0.28020902167537287,0.5851655730797581,1.0,1e-06,0.2668046267665687,Utsuroi,0.12000272679221863,0.9688807029661863,2.0,0
2024-10-04,0.1675104383034796,1.0,0.9523809523809523,0.5983042368741653,0.7142478968152242,2,0.17096669403115505,0.2014504431917951,1.0,1e-06,0.4966256440157999,Nagare,0.12000272679221863,0.9688807029661863,2.0,0
2024-10-07,0.1936261951996956,3.0,0.3278688524590164,0.6729804600423023,0.6000769354339246,2,0.26914040797320476,0.5851655730797581,1.0,1e-06,0.19810094204965123,Utsuroi,0.12000272679221863,0.9688807029661863,2.0,0
2024-10-08,0.18939667763425755,2.0,0.48780487804878053,0.37377852008104884,0.8765318672213226,2,0.04614973594718448,0.39330800813596845,1.0,1e-06,0.6210582057407796,Nagare,0.12000272679221863,0.9688807029661863,2.0,0
2024-10-09,0.15896320393086194,1.0,0.9523809523809523,0.9558300070336511,0.5787081812258462,3,0.4026833621021191,0.2014504431917951,1.5,1e-06,0.1904579177133905,Nagare,0.12000272679221863,0.9688807029661863,2.0,0
2024-10-10,0.1678153821195486,2.0,0.48780487804878053,0.6279466498565787,0.6785646551131019,2,0.20184424796722159,0.39330800813596845,1.0,1e-06,0.4820957904080626,Nagare,0.12000272679221863,0.9688807029661863,2.0,0
2024-10-11,0.16714036392635404,2.0,0.48780487804878053,0.3308534991707749,0.8973561839345812,2,0.03396006571348522,0.39330800813596845,1.0,1e-06,0.9041885493286942,Nagare,0.12000272679221863,0.9688807029661863,2.0,0
2024-10-14,0.16233721596408346,1.0,0.9523809523809523,0.21763892759264178,0.9433534408347629,2,0.012328496388535334,0.2014504431917951,1.0,1e-06,0.6467254279966631,Nagare,0.12000272679221863,0.9688807029661863,2.0,0
2024-10-15,0.12164805262446057,2.0,0.48780487804878053,0.5763001110914666,0.7368751406205941,2,0.15163888569127815,0.39330800813596845,1.0,1e-06,0.34856401092533496,Nagare,0.12000272679221863,0.9688807029661863,2.0,0
2024-10-16,0.12635131666752222,2.0,0.48780487804878053,0.2307378169444049,0.9386236889462137,2,0.01416183602465139,0.39330800813596845,1.0,1e-06,0.9598928819119947,Nagare,0.12000272679221863,0.9688807029661863,2.0,0
2024-10-17,0.1300249816060093,2.0,0.48780487804878053,0.31652534243336666,0.9038566989511959,2,0.030431791287146973,0.39330800813596845,1.0,1e-06,0.9140651245075939,Nagare,0.12000272679221863,0.9688807029661863,2.0,0
2024-10-18,0.11318464144551103,2.0,0.48780487804878053,0.7891362949263987,0.6695057841584857,3,0.2608049809837781,0.39330800813596845,1.5,1e-06,0.184870639717857,Nagare,0.12000272679221863,0.9688807029661863,2.0,0
2024-10-21,0.107153979090738,1.0,0.9523809523809523,0.6953844464455612,0.6644553625457655,3,0.23333252197388935,0.2014504431917951,1.5,1e-06,0.6729779452123732,Nagare,0.12000272679221863,0.9688807029661863,2.0,0
2024-10-22,0.10411426518145885,1.0,0.9523809523809523,0.6534492900716036,0.6399459444572079,2,0.23527706698183923,0.2014504431917951,1.0,1e-06,0.2821909325406867,Nagare,0.12000272679221863,0.9688807029661863,2.0,0
2024-10-23,0.12019061307598856,1.0,0.9523809523809523,1.6656898082900768e-11,0.9999999999823431,1,2.941087833503947e-22,0.2014504431917951,0.5,1e-06,0.6103644066560423,Nagare,0.12000272679221863,0.9688807029661863,2.0,0
2024-10-24,0.09909142241158052,2.0,0.48780487804878053,1.4220957744610754e-11,0.9999999999847791,1,2.1645628232820846e-22,0.39330800813596845,0.5,1e-06,0.17557387670125535,Nagare,0.12000272679221863,0.9688807029661863,2.0,0
2024-10-25,0.09927022911212635,1.0,0.9523809523809523,2.374944685326573e-11,0.9999999999752506,1,5.877851473180047e-22,0.2014504431917951,0.5,1e-06,0.41373674257149573,Nagare,0.12000272679221863,0.9688807029661863,2.0,0
2024-10-28,0.09265827453191758,1.0,0.9523809523809523,0.2534522354242969,0.9300721661669699,2,0.01772336580336027,0.2014504431917951,1.0,1e-06,0.07878398216131877,Nagare,0.12000272679221863,0.9688807029661863,2.0,0
2024-10-29,0.09983444091370615,0.0,20.0,0.2116098481493663,0.9454817796890533,2,0.01153659232137312,0.009592878247237929,1.0,1e-06,0.09333534573612523,Nagare,0.12000272679221863,0.9688807029661863,2.0,0
2024-10-30,0.09515370016524231,0.0,20.0,0.7926488230333334,0.7545172159877496,4,0.1945816398222563,0.009592878247237929,2.0,1e-06,0.3532166725626994,Nagare,0.12000272679221863,0.9688807029661863,2.0,0
2024-10-31,0.12302391797142524,4.0,0.2469135802469136,0.6929487953397413,0.5099592196032713,2,0.33957316844325985,0.7770231380231641,1.0,1e-06,0.7084335556176596,Utsuroi,0.12000272679221863,0.9688807029661863,2.0,0
2024-11-01,0.11050665465506398,2.0,0.48780487804878053,4.802314101816986e-11,0.9999999999509769,1,2.3542441519723957e-21,0.39330800813596845,0.5,1e-06,0.40414336813087115,Nagare,0.12000272679221863,0.9688807029661863,2.0,0
2024-11-04,0.09313017904752645,2.0,0.48780487804878053,4.955080789997802e-11,0.9999999999494492,1,2.504832275354684e-21,0.39330800813596845,0.5,1e-06,1.0,Nagare,0.12000272679221863,0.9688807029661863,2.0,0
2024-11-05,0.12236988272415589,1.0,0.9523809523809523,0.4097809066507594,0.8573299741138319,2,0.05846345255952126,0.2014504431917951,1.0,1e-06,0.4607402011718784,Nagare,0.12000272679221863,0.9688807029661863,2.0,0
2024-11-06,0.08786077719281972,3.0,0.3278688524590164,1.2665646309435836e-11,0.9999999999863344,1,1.7308396256045494e-22,0.5851655730797581,0.5,1e-06,0.4639496721100588,Utsuroi,0.12000272679221863,0.9688807029661863,2.0,0
2024-11-07,0.12371798162311995,3.0,0.3278688524590164,7.762324116502184e-11,0.9999999999213768,1,6.1029890932084266e-21,0.5851655730797581,0.5,1e-06,1.0,Utsuroi,0.12000272679221863,0.9688807029661863,2.0,0
2024-11-08,0.11256694557089814,2.0,0.48780487804878053,2.7373991961663205e-11,0.999999999971626,1,7.767088223300817e-22,0.39330800813596845,0.5,1e-06,0.16229421179002734,Nagare,0.12000272679221863,0.9688807029661863,2.0,0
2024-11-11,0.11609431411802952,2.5,0.3921568627450981,3.113810320210558e-10,0.999999999687619,1,9.726952126142722e-20,0.48923679060791125,0.5,1e-06,0.11477145764222174,Nagare,0.12000272679221863,0.9688807029661863,2.0,0
2024-11-12,0.1206457574046507,2.0,0.48780487804878053,3.986527773759051e-10,0.9999999996003472,1,1.5932268089985037e-19,0.39330800813596845,0.5,1e-06,0.1633339215048648,Nagare,0.12000272679221863,0.9688807029661863,2.0,0
2024-11-13,0.12155604606197494,2.0,0.48780487804878053,1.1442451425129372,0.39777318644019133,4,0.6890951061068553,0.39330800813596845,2.0,1e-06,0.037889266568455704,Nagare,0.12000272679221863,0.9688807029661863,2.0,0
2024-11-14,0.1345276594288452,2.0,0.48780487804878053,0.9857454348505853,0.5502126967969477,3,0.4433757807861648,0.39330800813596845,1.5,1e-06,0.08572078954190188,Nagare,0.12000272679221863,0.9688807029661863,2.0,0
2024-11-15,0.1227751826566056,2.0,0.48780487804878053,0.8846716610701141,0.64785392426219,3,0.31153365376229053,0.39330800813596845,1.5,1e-06,0.44721727091406926,Nagare,0.12000272679221863,0.9688807029661863,2.0,0
2024-11-18,0.1474179970227401,2.0,0.48780487804878053,1.5713652601195442e-11,0.9999999999832864,1,2.6263218306141375e-22,0.39330800813596845,0.5,1e-06,0.6435114797390928,Nagare,0.12000272679221863,0.9688807029661863,2.0,0
2024-11-19,0.16167376760262142,2.0,0.48780487804878053,1.4075185461479678e-11,0.9999999999849248,1,2.121857198708075e-22,0.39330800813596845,0.5,1e-06,1.0,Nagare,0.12000272679221863,0.9688807029661863,2.0,0
2024-11-20,0.1539038037061753,3.0,0.3278688524590164,0.510150296574941,0.7928543023124698,2,0.10567543910951661,0.5851655730797581,1.0,1e-06,0.0643472607187463,Utsuroi,0.12000272679221863,0.9688807029661863,2.0,0
2024-11-21,0.15242458463802336,1.0,0.9523809523809523,0.650185245524319,0.6455044242466542,2,0.23048779295847396,0.2014504431917951,1.0,1e-06,0.9386144077111754,Nagare,0.12000272679221863,0.9688807029661863,2.0,0
2024-11-22,0.15457026504457333,2.0,0.48780487804878053,0.6735686671978006,0.5986164366100504,2,0.27035939182767227,0.39330800813596845,1.0,1e-06,0.338613935233649,Nagare,0.12000272679221863,0.9688807029661863,2.0,0
2024-11-25,0.1494824016563147,1.0,0.9523809523809523,0.35687682810100607,0.884983431266897,2,0.04104674822853113,0.2014504431917951,1.0,1e-06,0.7294621660181551,Nagare,0.12000272679221863,0.9688807029661863,2.0,0
2024-11-26,0.14119133046853208,2.0,0.48780487804878053,0.5164162265173282,0.7881357381806778,2,0.1094101426226136,0.39330800813596845,1.0,1e-06,0.35426529838582455,Nagare,0.12000272679221863,0.9688807029661863,2.0,0
2024-11-27,0.13767999669824227,3.0,0.3278688524590164,0.0,0.0,0,0.0,0.5851655730797581,0.0,1e-06,0.6652703864663412,Utsuroi,0.12000272679221863,0.9688807029661863,2.0,0
2024-11-29,0.13636395357967593,3.0,0.3278688524590164,7.710498905984276e-12,0.9999999999912895,1,6.716212171595884e-23,0.5851655730797581,0.5,1e-06,0.606588527349627,Utsuroi,0.12000272679221863,0.9688807029661863,2.0,0
2024-12-02,0.14133756717424617,3.0,0.3278688524590164,0.6141663039743606,0.7642126015821261,3,0.14481267501003559,0.5851655730797581,1.5,1e-06,0.20308344563542813,Utsuroi,0.12000272679221863,0.9688807029661863,2.0,0
2024-12-03,0.11993811756575055,1.0,0.9523809523809523,0.9996400041232838,0.5359120951494319,3,0.463920835118388,0.2014504431917951,1.5,1e-06,0.48601433550292084,Nagare,0.12000272679221863,0.9688807029661863,2.0,0
2024-12-04,0.13533997525545333,2.0,0.48780487804878053,0.8835186524351699,0.6090222586224405,3,0.3454361271940477,0.39330800813596845,1.5,1e-06,0.8060295679946956,Nagare,0.12000272679221863,0.9688807029661863,2.0,0
2024-12-05,0.13969357147316222,1.5,0.6451612903225806,0.36334413479563793,0.8817895869046856,2,0.04295106026995197,0.2973792256639297,1.0,1e-06,0.45327612234537173,Nagare,0.12000272679221863,0.9688807029661863,2.0,0
2024-12-06,0.1332124537781287,2.0,0.48780487804878053,0.5847619067020859,0.7284829441189474,2,0.15877283129914113,0.39330800813596845,1.0,1e-06,0.3947814174363432,Nagare,0.12000272679221863,0.9688807029661863,2.0,0
2024-12-09,0.147616911214041,1.0,0.9523809523809523,7.056155659512134e-11,0.9999999999284385,1,5.049493264959267e-21,0.2014504431917951,0.5,1e-06,0.28421588052301294,Nagare,0.12000272679221863,0.9688807029661863,2.0,0
2024-12-10,0.10791150791838285,1.0,0.9523809523809523,1.2631606870783284e-10,0.999999999872684,1,1.608206248920475e-20,0.2014504431917951,0.5,1e-06,1.0,Nagare,0.12000272679221863,0.9688807029661863,2.0,0
2024-12-11,0.10426788927165132,0.0,20.0,1.1115716887537808,0.41351439855292493,4,0.651920790430302,0.009592878247237929,2.0,1e-06,0.012254702218350122,Nagare,0.12000272679221863,0.9688807029661863,2.0,0
2024-12-12,0.14580539927177175,0.0,20.0,0.5981975129806019,0.7143643579227443,2,0.1708665307092317,0.009592878247237929,1.0,1e-06,0.6091552405845392,Nagare,0.12000272679221863,0.9688807029661863,2.0,0
2024-12-13,0.13842307667998302,1.0,0.9523809523809523,0.6255016761591496,0.6818046451203605,2,0.19903172782326994,0.2014504431917951,1.0,1e-06,0.9907524118810452,Nagare,0.12000272679221863,0.9688807029661863,2.0,0
2024-12-16,0.12485868343049566,1.0,0.9523809523809523,1.1300877800911575,0.48615484234995077,4,0.580690133519335,0.2014504431917951,2.0,1e-06,0.019118595238452607,Nagare,0.12000272679221863,0.9688807029661863,2.0,0
2024-12-17,0.12799168059549906,1.0,0.9523809523809523,0.791067229788194,0.7112079383039273,3,0.22845393623073348,0.2014504431917951,1.5,1e-06,0.25291608684814104,Nagare,0.12000272679221863,0.9688807029661863,2.0,0
2024-12-18,0.17632209834352636,2.0,0.48780487804878053,0.6095044323403643,0.7015977678447151,2,0.18187748311890456,0.39330800813596845,1.0,1e-06,0.6659300827745083,Nagare,0.12000272679221863,0.9688807029661863,2.0,0
2024-12-19,0.1685544145774194,2.0,0.48780487804878053,1.052102849279443e-11,0.999999999988479,1,1.2121283629643192e-22,0.39330800813596845,0.5,1e-06,0.6749460542758051,Nagare,0.12000272679221863,0.9688807029661863,2.0,0
2024-12-20,0.19306495381900315,2.0,0.48780487804878053,1.8473333973456263e-11,0.9999999999805267,1,3.5973699340987913e-22,0.39330800813596845,0.5,1e-06,1.0,Nagare,0.12000272679221863,0.9688807029661863,2.0,0
2024-12-23,0.18358828133173166,2.0,0.48780487804878053,6.9078076591869576e-12,0.9999999999920922,1,5.462546150313379e-23,0.39330800813596845,0.5,1e-06,1.0,Nagare,0.12000272679221863,0.9688807029661863,2.0,0
2024-12-24,0.20284310651041268,2.0,0.48780487804878053,6.2453375803981455e-12,0.9999999999927547,1,4.524944091608229e-23,0.39330800813596845,0.5,1e-06,1.0,Nagare,0.12000272679221863,0.9688807029661863,2.0,0
2024-12-26,0.1899455481018516,2.0,0.48780487804878053,6.7498229227840345e-12,0.9999999999922502,1,5.230978309423059e-23,0.39330800813596845,0.5,1e-06,1.0,Nagare,0.12000272679221863,0.9688807029661863,2.0,0
2024-12-27,0.23372784055541462,3.0,0.3278688524590164,6.3080651812890104e-12,0.999999999992692,1,4.6099611967592615e-23,0.5851655730797581,0.5,1e-06,0.08377656334584438,Utsuroi,0.12000272679221863,0.9688807029661863,2.0,0
2024-12-30,0.20956145303971394,2.0,0.48780487804878053,7.029266058079982e-12,0.9999999999919708,1,5.643969187412194e-23,0.39330800813596845,0.5,1e-06,0.16229421179002734,Nagare,0.12000272679221863,0.9688807029661863,2.0,0
2024-12-31,0.21754273394589602,1.0,0.9523809523809523,0.4389680860942503,0.8661035370348062,3,0.05877627408262077,0.2014504431917951,1.5,1e-06,0.18647454460819224,Nagare,0.12000272679221863,0.9688807029661863,2.0,0
2025-01-02,0.22697072361103984,1.0,0.9523809523809523,2.903344231690129e-12,0.9999999999960967,1,1.1332687732430631e-23,0.2014504431917951,0.5,1e-06,0.24913423347700314,Nagare,0.12000272679221863,0.9688807029661863,2.0,0
2025-01-03,0.2140492427388688,2.0,0.48780487804878053,0.5067207961942828,0.7953947207236798,2,0.10367775002045057,0.39330800813596845,1.0,1e-06,0.03798733227996853,Nagare,0.12000272679221863,0.9688807029661863,2.0,0
2025-01-06,0.2153268294022706,2.0,0.48780487804878053,0.3685251829994804,0.879195328569144,2,0.044519563646248324,0.39330800813596845,1.0,1e-06,0.8748092803700482,Nagare,0.12000272679221863,0.9688807029661863,2.0,0
2025-01-07,0.20925530873981474,2.0,0.48780487804878053,0.35533570864259045,0.8857373287076156,2,0.0406016072750748,0.39330800813596845,1.0,1e-06,0.8856758777617183,Nagare,0.12000272679221863,0.9688807029661863,2.0,0
2025-01-08,0.20907576748436363,1.0,0.9523809523809523,0.4566093622079124,0.829543469494305,2,0.07783204767837894,0.2014504431917951,1.0,1e-06,0.7599574794426514,Nagare,0.12000272679221863,0.9688807029661863,2.0,0
2025-01-10,0.21365354020480373,2.0,0.48780487804878053,0.5034354957510092,0.7978012324909388,2,0.10179403676116727,0.39330800813596845,1.0,1e-06,0.3731216971178991,Nagare,0.12000272679221863,0.9688807029661863,2.0,0
2025-01-13,0.21448626053081568,2.0,0.48780487804878053,0.8755914921812226,0.5762058798663152,3,0.37107052602548135,0.39330800813596845,1.5,1e-06,0.13077836228856676,Nagare,0.12000272679221863,0.9688807029661863,2.0,0
2025-01-14,0.2107396841916574,2.0,0.48780487804878053,0.9172946586126,0.5014672696711403,3,0.4573014106742187,0.39330800813596845,1.5,1e-06,0.3023674182727115,Nagare,0.12000272679221863,0.9688807029661863,2.0,0
2025-01-15,0.2593906400902474,2.0,0.48780487804878053,0.5513476700267264,0.7597675937046333,2,0.13245157747586428,0.39330800813596845,1.0,1e-06,0.38799469717355484,Nagare,0.12000272679221863,0.9688807029661863,2.0,0
2025-01-16,0.22649010165374633,1.0,0.9523809523809523,0.6870530703673967,0.5551439965184541,2,0.3056396830633654,0.2014504431917951,1.0,1e-06,0.5237577530352677,Nagare,0.12000272679221863,0.9688807029661863,2.0,0
2025-01-17,0.22706391918312308,1.0,0.9523809523809523,6.471412294712447e-11,0.9999999999342859,1,4.2526304003146465e-21,0.2014504431917951,0.5,1e-06,0.6829594510301922,Nagare,0.12000272679221863,0.9688807029661863,2.0,0
2025-01-21,0.2524328564897329,1.0,0.9523809523809523,7.892286823754502e-11,0.9999999999200772,1,6.307740253420862e-21,0.2014504431917951,0.5,1e-06,1.0,Nagare,0.12000272679221863,0.9688807029661863,2.0,0
2025-01-22,0.24578981523112267,0.5,1.8181818181818181,2.62370125621762e-11,0.999999999972763,1,7.146172603518381e-22,0.10552166071956445,0.5,1e-06,0.8561051314302586,Nagare,0.12000272679221863,0.9688807029661863,2.0,0
2025-01-23,0.20682584945577698,1.0,0.9523809523809523,0.6686360368609003,0.6102502019944291,2,0.26060076030578133,0.2014504431917951,1.0,1e-06,0.07045605649449449,Nagare,0.12000272679221863,0.9688807029661863,2.0,0
2025-01-24,0.2128045495025748,1.5,0.6451612903225806,9.091516428160822e-11,0.9999999999080849,1,8.356480249817597e-21,0.2973792256639297,0.5,1e-06,0.8351138719309626,Nagare,0.12000272679221863,0.9688807029661863,2.0,0
2025-01-27,0.18008867999867514,1.0,0.9523809523809523,1.4755174858611893e-10,0.9999999998514483,1,2.1919066996936868e-20,0.2014504431917951,0.5,1e-06,0.42601283197118034,Nagare,0.12000272679221863,0.9688807029661863,2.0,0
2025-01-28,0.18274824829588196,0.5,1.8181818181818181,0.49182854679499793,0.8061002093675548,2,0.09536545225060988,0.10552166071956445,1.0,1e-06,0.15332876600411394,Nagare,0.12000272679221863,0.9688807029661863,2.0,0
2025-01-29,0.1767338960654128,0.0,20.0,0.6507516583607539,0.644556079755315,2,0.23130572055347629,0.009592878247237929,1.0,1e-06,0.08115718333677524,Nagare,0.12000272679221863,0.9688807029661863,2.0,0
2025-01-30,0.18705778460492103,2.0,0.48780487804878053,0.29356924227576375,0.9138370447888573,2,0.025294793473575734,0.39330800813596845,1.0,1e-06,0.8768763320200046,Nagare,0.12000272679221863,0.9688807029661863,2.0,0
2025-01-31,0.14877180685888217,1.0,0.9523809523809523,0.04673175506061094,0.9919714991767353,2,0.00037518593397671795,0.2014504431917951,1.0,1e-06,0.6564469623278804,Nagare,0.12000272679221863,0.9688807029661863,2.0,0
2025-02-03,0.15591611730186095,2.0,0.48780487804878053,0.6335764161417443,0.6708480726575657,2,0.20854289849176733,0.39330800813596845,1.0,1e-06,0.30950207199054847,Nagare,0.12000272679221863,0.9688807029661863,2.0,0
2025-02-04,0.1740816959441267,1.0,0.9523809523809523,8.745049128897295e-11,0.9999999999115495,1,7.735036983758453e-21,0.2014504431917951,0.5,1e-06,0.3786072446147193,Nagare,0.12000272679221863,0.9688807029661863,2.0,0
2025-02-05,0.18121825981539977,1.0,0.9523809523809523,0.0,0.0,0,0.0,0.2014504431917951,0.0,1e-06,1.0,Nagare,0.12000272679221863,0.9688807029661863,2.0,0
2025-02-06,0.1930960841665682,2.0,0.48780487804878053,0.0,0.0,0,0.0,0.39330800813596845,0.0,1e-06,0.023274037156571614,Nagare,0.12000272679221863,0.9688807029661863,2.0,0
2025-02-07,0.21757864977957136,3.0,0.3278688524590164,0.0,0.0,0,0.0,0.5851655730797581,0.0,1e-06,0.0034143953237789626,Utsuroi,0.12000272679221863,0.9688807029661863,2.0,0
2025-02-10,0.22531827041473634,2.0,0.48780487804878053,0.0,0.0,0,0.0,0.39330800813596845,0.0,1e-06,0.0075411617295307876,Nagare,0.12000272679221863,0.9688807029661863,2.0,0
2025-02-11,0.2515724386744412,2.0,0.48780487804878053,0.0,0.0,0,0.0,0.39330800813596845,0.0,1e-06,1.0,Nagare,0.12000272679221863,0.9688807029661863,2.0,0
2025-02-12,0.25773558478607567,1.5,0.6451612903225806,3.362443656780349e-11,0.9999999999653756,1,1.1642264272598076e-21,0.2973792256639297,0.5,1e-06,0.6701145779128872,Nagare,0.12000272679221863,0.9688807029661863,2.0,0
2025-02-13,0.27902769780493486,2.0,0.48780487804878053,0.0,0.0,0,0.0,0.39330800813596845,0.0,1e-06,0.6461610337033505,Nagare,0.12000272679221863,0.9688807029661863,2.0,0
2025-02-14,0.27032306022367025,2.0,0.48780487804878053,1.8615997632117807e-11,0.999999999980384,1,3.651709536568165e-22,0.39330800813596845,0.5,1e-06,0.46376867130735333,Nagare,0.12000272679221863,0.9688807029661863,2.0,0
2025-02-18,0.2266550634758277,2.0,0.48780487804878053,9.911294007677133e-12,0.9999999999890887,1,1.0814482366000674e-22,0.39330800813596845,0.5,1e-06,1.0,Nagare,0.12000272679221863,0.9688807029661863,2.0,0
2025-02-19,0.22801105350512468,2.0,0.48780487804878053,1.0472844813526251e-11,0.9999999999885272,1,1.2015309162507212e-22,0.39330800813596845,0.5,1e-06,1.0,Nagare,0.12000272679221863,0.9688807029661863,2.0,0
2025-02-20,0.22446742980339818,2.0,0.48780487804878053,1.1066370042483875e-11,0.9999999999879337,1,1.3353067115332768e-22,0.39330800813596845,0.5,1e-06,1.0,Nagare,0.12000272679221863,0.9688807029661863,2.0,0
2025-02-21,0.1842684324897764,3.0,0.3278688524590164,1.919037151223898e-10,0.9999999998070963,1,3.701893535122791e-20,0.5851655730797581,0.5,1e-06,0.08377656334584438,Utsuroi,0.12000272679221863,0.9688807029661863,2.0,0
2025-02-24,0.18109867734373664,3.0,0.3278688524590164,0.0,0.0,0,0.0,0.5851655730797581,0.0,1e-06,1.0,Utsuroi,0.12000272679221863,0.9688807029661863,2.0,0
2025-02-25,0.16741183717468305,3.0,0.3278688524590164,0.0,0.0,0,0.0,0.5851655730797581,0.0,1e-06,1.0,Utsuroi,0.12000272679221863,0.9688807029661863,2.0,0
2025-02-26,0.17329620313810035,4.5,0.21978021978021978,0.0,0.0,0,0.0,0.8729519204947233,0.0,1e-06,0.0006926269416409614,Utsuroi,0.12000272679221863,0.9688807029661863,2.0,0
2025-02-27,0.223345824136338,2.0,0.48780487804878053,0.0,0.0,0,0.0,0.39330800813596845,0.0,1e-06,0.0056772850169709566,Nagare,0.12000272679221863,0.9688807029661863,2.0,0
2025-02-28,0.1999546566740243,2.0,0.48780487804878053,0.0,0.0,0,0.0,0.39330800813596845,0.0,1e-06,1.0,Nagare,0.12000272679221863,0.9688807029661863,2.0,0
2025-03-03,0.1949643242133361,2.0,0.48780487804878053,0.0,0.0,0,0.0,0.39330800813596845,0.0,1e-06,1.0,Nagare,0.12000272679221863,0.9688807029661863,2.0,0
2025-03-04,0.18912872371370396,2.0,0.48780487804878053,0.0,0.0,0,0.0,0.39330800813596845,0.0,1e-06,1.0,Nagare,0.12000272679221863,0.9688807029661863,2.0,0
2025-03-05,0.1678994918125353,3.0,0.3278688524590164,0.0,0.0,0,0.0,0.5851655730797581,0.0,1e-06,0.0034143953237789626,Utsuroi,0.12000272679221863,0.9688807029661863,2.0,0
2025-03-06,0.18584518248549872,3.0,0.3278688524590164,0.0,0.0,0,0.0,0.5851655730797581,0.0,1e-06,1.0,Utsuroi,0.12000272679221863,0.9688807029661863,2.0,0
2025-03-07,0.16786698150334514,3.0,0.3278688524590164,0.0,0.0,0,0.0,0.5851655730797581,0.0,1e-06,1.0,Utsuroi,0.12000272679221863,0.9688807029661863,2.0,0
2025-03-10,0.13538918262238422,4.0,0.2469135802469136,0.0,0.0,0,0.0,0.7770231380231641,0.0,1e-06,0.0009628510472361462,Utsuroi,0.12000272679221863,0.9688807029661863,2.0,0
2025-03-11,0.1355354790137399,3.0,0.3278688524590164,4.5530135216493184e-11,0.9999999999534699,1,2.1185223408930025e-21,0.5851655730797581,0.5,1e-06,0.7541925724033872,Utsuroi,0.12000272679221863,0.9688807029661863,2.0,0
2025-03-12,0.12596119295724037,3.0,0.3278688524590164,2.6194046931124372e-11,0.999999999972806,1,7.123215621133678e-22,0.5851655730797581,0.5,1e-06,1.0,Utsuroi,0.12000272679221863,0.9688807029661863,2.0,0
2025-03-13,0.09496261314443133,3.0,0.3278688524590164,5.3260063025056286e-11,0.99999999994574,1,2.8898931983321924e-21,0.5851655730797581,0.5,1e-06,1.0,Utsuroi,0.12000272679221863,0.9688807029661863,2.0,0
2025-03-14,0.0801641221844875,3.0,0.3278688524590164,4.049927060292818e-11,0.9999999999585008,1,1.6806892940934548e-21,0.5851655730797581,0.5,1e-06,1.0,Utsuroi,0.12000272679221863,0.9688807029661863,2.0,0
2025-03-17,0.07916242611669481,5.0,0.19801980198019803,0.0,0.0,0,0.0,0.9688807029661863,0.0,1e-06,0.16306487257746105,Katashi,0.12000272679221863,0.9688807029661863,2.0,0
2025-03-18,0.0389692676655768,4.0,0.2469135802469136,0.0,0.0,0,0.0,0.7770231380231641,0.0,1e-06,0.000577073576328968,Utsuroi,0.12000272679221863,0.9688807029661863,2.0,0
2025-03-19,0.06603544069771115,4.0,0.2469135802469136,0.0,0.0,0,0.0,0.7770231380231641,0.0,1e-06,1.0,Utsuroi,0.12000272679221863,0.9688807029661863,2.0,0
2025-03-20,0.06911651101677828,4.0,0.2469135802469136,0.0,0.0,0,0.0,0.7770231380231641,0.0,1e-06,1.0,Utsuroi,0.12000272679221863,0.9688807029661863,2.0,0
2025-03-21,0.06884772936116149,3.0,0.3278688524590164,0.0,0.0,0,0.0,0.5851655730797581,0.0,1e-06,0.00169708504242283,Utsuroi,0.12000272679221863,0.9688807029661863,2.0,0
2025-03-24,0.056168883242724045,3.0,0.3278688524590164,1.8154366898487614e-11,0.9999999999808457,1,3.4773500278088817e-22,0.5851655730797581,0.5,1e-06,0.606588527349627,Utsuroi,0.12000272679221863,0.9688807029661863,2.0,0
2025-03-25,0.06712548184343978,4.0,0.2469135802469136,1.2677303651194241e-11,0.9999999999863227,1,1.7339105107319323e-22,0.7770231380231641,0.5,1e-06,0.049151940017271745,Utsuroi,0.12000272679221863,0.9688807029661863,2.0,0
2025-03-26,0.0828447075956199,4.0,0.2469135802469136,3.399310832237804e-10,0.9999999996590689,1,1.1589306492481182e-19,0.7770231380231641,0.5,1e-06,1.0,Utsuroi,0.12000272679221863,0.9688807029661863,2.0,0
2025-03-27,0.08178778738910661,5.0,0.19801980198019803,0.0,0.0,0,0.0,0.9688807029661863,0.0,1e-06,0.3921973214616803,Katashi,0.12000272679221863,0.9688807029661863,2.0,0
2025-03-28,0.06319917103264788,5.0,0.19801980198019803,9.240719300810629e-12,0.9999999999897593,1,9.463140807705855e-23,0.9688807029661863,0.5,1e-06,0.7496639762281003,Katashi,0.12000272679221863,0.9688807029661863,2.0,0
2025-03-31,0.054040839942931476,3.0,0.3278688524590164,5.316191931095652e-12,0.9999999999936838,1,3.3577970976135546e-23,0.5851655730797581,0.5,1e-06,0.08194369148249714,Utsuroi,0.12000272679221863,0.9688807029661863,2.0,0
2025-04-01,0.07020593235007531,4.0,0.2469135802469136,0.6883834290050863,0.5487656759021216,2,0.31062223130729,0.7770231380231641,1.0,1e-06,0.1535453299362397,Utsuroi,0.12000272679221863,0.9688807029661863,2.0,0
2025-04-02,0.0709537061910744,4.0,0.2469135802469136,0.6107879830798382,0.7000900505795034,2,0.18318139311212142,0.7770231380231641,1.0,1e-06,0.6629197718745308,Utsuroi,0.12000272679221863,0.9688807029661863,2.0,0
2025-04-03,0.06522190246341383,3.0,0.3278688524590164,0.6929536901947342,0.5098355956921709,2,0.3396612327672139,0.5851655730797581,1.0,1e-06,0.8175468427210475,Utsuroi,0.12000272679221863,0.9688807029661863,2.0,0
2025-04-04,0.09580836096410936,2.0,0.48780487804878053,0.690735020189315,0.5347146960189342,2,0.32138885383915305,0.39330800813596845,1.0,1e-06,0.4386989759642185,Nagare,0.12000272679221863,0.9688807029661863,2.0,0
2025-04-07,0.10775680864972291,2.5,0.3921568627450981,0.6858742414080345,0.5602299348221607,2,0.30162695984781246,0.48923679060791125,1.0,1e-06,0.6997299418994405,Nagare,0.12000272679221863,0.9688807029661863,2.0,0
2025-04-08,0.15352486072331706,1.0,0.9523809523809523,6.354472503718003e-12,0.9999999999926455,1,4.673365273253257e-23,0.2014504431917951,0.5,1e-06,0.4534145354016301,Nagare,0.12000272679221863,0.9688807029661863,2.0,0
2025-04-09,0.19264165292710472,2.0,0.48780487804878053,0.9673680077445314,0.5728260809404386,3,0.4132343830410716,0.39330800813596845,1.5,1e-06,0.029900646651766394,Nagare,0.12000272679221863,0.9688807029661863,2.0,0
2025-04-10,0.230069456288482,2.0,0.48780487804878053,0.32307792131100627,0.9009104370244997,2,0.03201365002974069,0.39330800813596845,1.0,1e-06,0.6476308207488093,Nagare,0.12000272679221863,0.9688807029661863,2.0,0
2025-04-11,0.2291001488629947,2.0,0.48780487804878053,0.35699257656678185,0.8849266977616679,2,0.04108031466011021,0.39330800813596845,1.0,1e-06,0.8843458816889599,Nagare,0.12000272679221863,0.9688807029661863,2.0,0
2025-04-14,0.2377153807983848,2.0,0.48780487804878053,0.48483466309986345,0.8109553948332124,2,0.09165537745688615,0.39330800813596845,1.0,1e-06,0.7485635893194944,Nagare,0.12000272679221863,0.9688807029661863,2.0,0
2025-04-15,0.25119294015632027,2.0,0.48780487804878053,5.018742087316145e-10,0.9999999994971258,1,2.523795845598523e-19,0.39330800813596845,0.5,1e-06,0.5526994341353276,Nagare,0.12000272679221863,0.9688807029661863,2.0,0
2025-04-16,0.2423599049890397,2.0,0.48780487804878053,0.0,0.0,0,0.0,0.39330800813596845,0.0,1e-06,1.0,Nagare,0.12000272679221863,0.9688807029661863,2.0,0
2025-04-17,0.23691887822322608,2.0,0.48780487804878053,0.0,0.0,0,0.0,0.39330800813596845,0.0,1e-06,1.0,Nagare,0.12000272679221863,0.9688807029661863,2.0,0
2025-04-21,0.2283849220608114,2.0,0.48780487804878053,0.0,0.0,0,0.0,0.39330800813596845,0.0,1e-06,1.0,Nagare,0.12000272679221863,0.9688807029661863,2.0,0
2025-04-22,0.2506869941652551,2.0,0.48780487804878053,1.3143741649746106e-10,0.9999999998675626,1,1.7407228965555392e-20,0.39330800813596845,0.5,1e-06,0.46376867130735333,Nagare,0.12000272679221863,0.9688807029661863,2.0,0
2025-04-23,0.24203925192067488,2.0,0.48780487804878053,9.551248680795057e-12,0.9999999999894488,1,1.0077738875366115e-22,0.39330800813596845,0.5,1e-06,1.0,Nagare,0.12000272679221863,0.9688807029661863,2.0,0
2025-04-24,0.281002857485071,2.0,0.48780487804878053,1.8604318084341438e-10,0.9999999998129568,1,3.47981042068379e-20,0.39330800813596845,0.5,1e-06,1.0,Nagare,0.12000272679221863,0.9688807029661863,2.0,0
2025-04-25,0.2785970946049998,2.0,0.48780487804878053,5.773603817088218e-11,0.999999999941264,1,3.391184864719532e-21,0.39330800813596845,0.5,1e-06,1.0,Nagare,0.12000272679221863,0.9688807029661863,2.0,0
2025-04-28,0.269607994113923,2.0,0.48780487804878053,1.3398504527980618e-11,0.9999999999856015,1,1.929181317177127e-22,0.39330800813596845,0.5,1e-06,1.0,Nagare,0.12000272679221863,0.9688807029661863,2.0,0
2025-04-29,0.2606839142412265,2.0,0.48780487804878053,1.3395284881209252e-11,0.9999999999856047,1,1.9282864560460054e-22,0.39330800813596845,0.5,1e-06,1.0,Nagare,0.12000272679221863,0.9688807029661863,2.0,0
2025-04-30,0.27918228017042246,3.0,0.3278688524590164,0.0,0.0,0,0.0,0.5851655730797581,0.0,1e-06,0.39362467250801003,Utsuroi,0.12000272679221863,0.9688807029661863,2.0,0
2025-05-01,0.2875211744776962,2.0,0.48780487804878053,0.0,0.0,0,0.0,0.39330800813596845,0.0,1e-06,0.0075411617295307876,Nagare,0.12000272679221863,0.9688807029661863,2.0,0
2025-05-02,0.27053453792584226,2.0,0.48780487804878053,2.7643298757300165e-10,0.999999999722567,1,7.669162350157337e-20,0.39330800813596845,0.5,1e-06,0.46376867130735333,Nagare,0.12000272679221863,0.9688807029661863,2.0,0
2025-05-05,0.27680902759954146,2.0,0.48780487804878053,0.0,0.0,0,0.0,0.39330800813596845,0.0,1e-06,1.0,Nagare,0.12000272679221863,0.9688807029661863,2.0,0
2025-05-06,0.29231644508324356,1.0,0.9523809523809523,4.777167550310456e-11,0.9999999999512283,1,2.3299035991421823e-21,0.2014504431917951,0.5,1e-06,0.751647096982661,Nagare,0.12000272679221863,0.9688807029661863,2.0,0
2025-05-07,0.30606830587067746,2.0,0.48780487804878053,1.292900231235132e-10,0.99999999986971,1,1.68451972433817e-20,0.39330800813596845,0.5,1e-06,0.17557387670125535,Nagare,0.12000272679221863,0.9688807029661863,2.0,0
2025-05-08,0.26882774669335935,2.0,0.48780487804878053,6.911249350563268e-12,0.9999999999920888,1,5.467646404771346e-23,0.39330800813596845,0.5,1e-06,1.0,Nagare,0.12000272679221863,0.9688807029661863,2.0,0
2025-05-09,0.23441558441558444,2.0,0.48780487804878053,6.410538766461159e-12,0.9999999999925895,1,4.750540423079091e-23,0.39330800813596845,0.5,1e-06,1.0,Nagare,0.12000272679221863,0.9688807029661863,2.0,0
2025-05-12,0.19153448659377514,4.0,0.2469135802469136,0.5043023673773692,0.7971687793095247,2,0.10228826477224834,0.7770231380231641,1.0,1e-06,0.018259392234539096,Utsuroi,0.12000272679221863,0.9688807029661863,2.0,0
2025-05-13,0.13404000479099293,2.5,0.3921568627450981,0.6600559484567015,0.6279151656188049,2,0.24559680826383443,0.48923679060791125,1.0,1e-06,0.9202225062513267,Nagare,0.12000272679221863,0.9688807029661863,2.0,0
2025-05-14,0.1521482470099071,3.0,0.3278688524590164,2.629518824866497e-11,0.9999999999727048,1,7.177315315963805e-22,0.5851655730797581,0.5,1e-06,0.9796832531050016,Utsuroi,0.12000272679221863,0.9688807029661863,2.0,0
2025-05-15,0.13404000479099296,5.0,0.19801980198019803,4.877653836264328e-11,0.9999999999502235,1,2.427926154044527e-21,0.9688807029661863,0.5,1e-06,0.03234298787646661,Katashi,0.12000272679221863,0.9688807029661863,2.0,0
2025-05-16,0.1352428862310285,5.0,0.19801980198019803,0.6726733498411204,0.600830845116043,2,0.2685104525690404,0.9688807029661863,1.0,1e-06,0.4462951196465952,Katashi,0.12000272679221863,0.9688807029661863,2.0,0
2025-05-19,0.1490922779460329,2.5,0.3921568627450981,1.7155943332460838e-11,0.9999999999818441,1,3.1148195544291053e-22,0.48923679060791125,0.5,1e-06,0.25697679044859234,Nagare,0.12000272679221863,0.9688807029661863,2.0,0
2025-05-20,0.15497664390945023,3.0,0.3278688524590164,0.6928189499281736,0.512810049201428,2,0.3375344301278252,0.5851655730797581,1.0,1e-06,0.1546026563287981,Utsuroi,0.12000272679221863,0.9688807029661863,2.0,0
2025-05-21,0.17210957685265987,4.0,0.2469135802469136,2.723676839582342e-11,0.9999999999717633,1,7.690777185302259e-22,0.7770231380231641,0.5,1e-06,0.8462370388003742,Utsuroi,0.12000272679221863,0.9688807029661863,2.0,0
2025-05-22,0.13621819550673306,2.0,0.48780487804878053,5.096367772221235e-12,0.9999999999939037,1,3.1069219501627136e-23,0.39330800813596845,0.5,1e-06,0.16109518984137927,Nagare,0.12000272679221863,0.9688807029661863,2.0,0
2025-05-23,0.1216373218349503,3.0,0.3278688524590164,6.932232565728517e-12,0.9999999999920678,1,5.498792755838148e-23,0.5851655730797581,0.5,1e-06,0.08377656334584438,Utsuroi,0.12000272679221863,0.9688807029661863,2.0,0
2025-05-27,0.07982906421641602,2.0,0.48780487804878053,0.5122338942383273,0.7912964526198071,2,0.10690503081590948,0.39330800813596845,1.0,1e-06,0.6444359734808502,Nagare,0.12000272679221863,0.9688807029661863,2.0,0
2025-05-28,0.09868504354670364,3.0,0.3278688524590164,4.4884096439400216e-12,0.9999999999945116,1,2.4634131484477235e-23,0.5851655730797581,0.5,1e-06,0.7907979874423122,Utsuroi,0.12000272679221863,0.9688807029661863,2.0,0
2025-05-29,0.09871755385589379,3.0,0.3278688524590164,6.299849530906845e-12,0.9999999999927002,1,4.598781427963061e-23,0.5851655730797581,0.5,1e-06,1.0,Utsuroi,0.12000272679221863,0.9688807029661863,2.0,0
2025-05-30,0.08875314408911249,3.0,0.3278688524590164,6.983080780255945e-12,0.9999999999920169,1,5.574634348629633e-23,0.5851655730797581,0.5,1e-06,1.0,Utsuroi,0.12000272679221863,0.9688807029661863,2.0,0
2025-06-02,0.08021918792669783,2.0,0.48780487804878053,0.6508860333282611,0.6443301260275964,2,0.2315005534442603,0.39330800813596845,1.0,1e-06,0.43610936817516543,Nagare,0.12000272679221863,0.9688807029661863,2.0,0
2025-06-03,0.08852557192478142,2.0,0.48780487804878053,0.6642825153674066,0.6195530313196191,2,0.25272426931890835,0.39330800813596845,1.0,1e-06,0.4176749334612022,Nagare,0.12000272679221863,0.9688807029661863,2.0,0
2025-06-04,0.1064224971339596,3.0,0.3278688524590164,0.6623437095382015,0.6234622675069765,2,0.24939739852053217,0.5851655730797581,1.0,1e-06,0.3625500063556908,Utsuroi,0.12000272679221863,0.9688807029661863,2.0,0
2025-06-05,0.09353215954006469,3.0,0.3278688524590164,0.5529919929227757,0.7583346145551643,2,0.13363902311759046,0.5851655730797581,1.0,1e-06,0.7009260914952438,Utsuroi,0.12000272679221863,0.9688807029661863,2.0,0
2025-06-06,0.08665622914634771,2.0,0.48780487804878053,1.942868088612715e-11,0.9999999999795713,1,3.969018920692931e-22,0.39330800813596845,0.5,1e-06,0.25719995999047707,Nagare,0.12000272679221863,0.9688807029661863,2.0,0
2025-06-09,0.08837927553342573,2.5,0.3921568627450981,6.600395783298354e-10,0.9999999993389604,1,4.363122700831554e-19,0.48923679060791125,0.5,1e-06,0.11477145764222174,Nagare,0.12000272679221863,0.9688807029661863,2.0,0
2025-06-10,0.10019677292404566,2.0,0.48780487804878053,1.0003997630232316e-11,0.999999999988996,1,1.1008374491089113e-22,0.39330800813596845,0.5,1e-06,0.1633339215048648,Nagare,0.12000272679221863,0.9688807029661863,2.0,0
2025-06-11,0.10001796622349984,1.0,0.9523809523809523,0.4740260580000605,0.8182571041985125,2,0.08615086846629487,0.2014504431917951,1.0,1e-06,0.4347992160700642,Nagare,0.12000272679221863,0.9688807029661863,2.0,0
2025-06-12,0.11510274968772995,0.5,1.8181818181818181,0.6875274166947825,0.6523891352530431,3,0.2389919998545147,0.10552166071956445,1.5,1e-06,0.11347209984862783,Nagare,0.12000272679221863,0.9688807029661863,2.0,0
2025-06-13,0.13168300737470698,1.0,0.9523809523809523,0.6627031110891088,0.622747393044014,2,0.25000647629620865,0.2014504431917951,1.0,1e-06,0.4824824199227553,Nagare,0.12000272679221863,0.9688807029661863,2.0,0
2025-06-16,0.12266139657444006,3.0,0.3278688524590164,0.0,0.0,0,0.0,0.5851655730797581,0.0,1e-06,0.5080694157623539,Utsuroi,0.12000272679221863,0.9688807029661863,2.0,0
2025-06-17,0.10570727033177627,2.0,0.48780487804878053,1.8902324150162977e-11,0.9999999999800977,1,3.7619976427980717e-22,0.39330800813596845,0.5,1e-06,0.9158433897705366,Nagare,0.12000272679221863,0.9688807029661863,2.0,0
2025-06-18,0.10665006929829064,2.0,0.48780487804878053,2.8117286276628383e-11,0.9999999999708827,1,8.186984518476707e-22,0.39330800813596845,0.5,1e-06,1.0,Nagare,0.12000272679221863,0.9688807029661863,2.0,0
2025-06-20,0.11497270845096934,2.0,0.48780487804878053,3.234967849097221e-11,0.9999999999666503,1,1.0788506613476821e-21,0.39330800813596845,0.5,1e-06,1.0,Nagare,0.12000272679221863,0.9688807029661863,2.0,0
2025-06-23,0.12493711821775062,2.0,0.48780487804878053,1.5512036099926865e-11,0.999999999983488,1,2.561349569145469e-22,0.39330800813596845,0.5,1e-06,1.0,Nagare,0.12000272679221863,0.9688807029661863,2.0,0
2025-06-24,0.0953039713909279,3.5,0.28169014084507044,2.2984614211620096e-11,0.9999999999760154,1,5.512765962160256e-22,0.6810943555515091,0.5,1e-06,0.0635560708114069,Utsuroi,0.12000272679221863,0.9688807029661863,2.0,0
2025-06-25,0.10638998682476944,5.0,0.19801980198019803,1.5491830039799032e-10,0.9999999998440817,1,2.4154594673423672e-20,0.9688807029661863,0.5,1e-06,0.03225872230207061,Katashi,0.12000272679221863,0.9688807029661863,2.0,0
2025-06-26,0.12132847389764384,3.5,0.28169014084507044,5.0470849720437957e-11,0.9999999999485292,1,2.5977764047882877e-21,0.6810943555515091,0.5,1e-06,0.06226898978227313,Utsuroi,0.12000272679221863,0.9688807029661863,2.0,0
2025-06-27,0.11230686309737695,6.0,0.1652892561983471,0.0,0.0,0,0.0,1.160738267908825,0.0,0.11185853494263855,0.11384826120830727,Katashi,0.12000272679221863,0.9688807029661863,2.0,0
2025-06-30,0.0808206286467156,6.0,0.1652892561983471,0.0,0.0,0,0.0,1.160738267908825,0.0,0.22036034383699793,1.0,Katashi,0.12000272679221863,0.9688807029661863,2.0,0
2025-07-01,0.0853558167787417,6.0,0.1652892561983471,0.0,0.0,0,0.0,1.160738267908825,0.0,0.3256070984645265,1.0,Katashi,0.12000272679221863,0.9688807029661863,2.0,0
2025-07-02,0.08628236059066098,6.0,0.1652892561983471,0.0,0.0,0,0.0,1.160738267908825,0.0,0.42769645045322924,1.0,Katashi,0.12000272679221863,0.9688807029661863,2.0,0
2025-07-03,0.08150334513970878,6.0,0.1652892561983471,0.0,0.0,0,0.0,1.160738267908825,0.0,0.5267231218822709,1.0,Katashi,0.12000272679221863,0.9688807029661863,2.0,0
2025-07-07,0.11079513372003492,5.0,0.19801980198019803,0.0,0.0,0,0.0,0.9688807029661863,0.0,0.5109214282258028,0.000247511101407194,Katashi,0.12000272679221863,0.9688807029661863,2.0,0
2025-07-08,0.11022620330920728,5.0,0.19801980198019803,0.0,0.0,0,0.0,0.9688807029661863,0.0,0.4955937853790287,1.0,Katashi,0.12000272679221863,0.9688807029661863,2.0,0
2025-07-09,0.11926406926406928,5.0,0.19801980198019803,0.0,0.0,0,0.0,0.9688807029661863,0.0,0.4807259718176578,1.0,Katashi,0.12000272679221863,0.9688807029661863,2.0,0
2025-07-10,0.14061842522369863,2.0,0.48780487804878053,0.0,0.0,0,0.0,0.39330800813596845,0.0,0.46630419266312806,0.005333650054006878,Katashi,0.12000272679221863,0.9688807029661863,2.0,0
2025-07-11,0.1506808571767925,1.0,0.9523809523809523,0.6475890519669527,0.6497697570168066,2,0.2268052710236417,0.2014504431917951,1.0,0.4523150668832342,0.16911267394169183,Katashi,0.12000272679221863,0.9688807029661863,2.0,0
2025-07-14,0.1508153243331109,1.0,0.9523809523809523,0.0,0.0,0,0.0,0.2014504431917951,0.0,0.43874561487673713,1.0,Katashi,0.12000272679221863,0.9688807029661863,2.0,0
2025-07-15,0.15946306657769108,1.0,0.9523809523809523,0.0,0.0,0,0.0,0.2014504431917951,0.0,0.425583246430435,1.0,Katashi,0.12000272679221863,0.9688807029661863,2.0,0
2025-07-16,0.17019146861044096,1.0,0.9523809523809523,0.0,0.0,0,0.0,0.2014504431917951,0.0,0.41281574903752194,1.0,Katashi,0.12000272679221863,0.9688807029661863,2.0,0
2025-07-17,0.1665015485173588,2.0,0.48780487804878053,0.0,0.0,0,0.0,0.39330800813596845,0.0,0.40043127656639627,0.023274037156571614,Katashi,0.12000272679221863,0.9688807029661863,2.0,0
2025-07-18,0.17903427271016206,1.5,0.6451612903225806,1.527711290792003e-11,0.9999999999837229,1,2.48666953755257e-22,0.2973792256639297,0.5,0.38841833826940436,0.6701145779128872,Katashi,0.12000272679221863,0.9688807029661863,2.0,0
2025-07-21,0.20626165665691362,2.0,0.48780487804878053,1.3145595722974617e-11,0.9999999999858544,1,1.8595199183298238e-22,0.39330800813596845,0.5,0.3767657881213222,0.16816673972427276,Katashi,0.12000272679221863,0.9688807029661863,2.0,0
2025-07-22,0.2000684427561898,2.0,0.48780487804878053,2.3629098677399335e-11,0.9999999999753709,1,5.819628802745215e-22,0.39330800813596845,0.5,0.36546281447768253,1.0,Katashi,0.12000272679221863,0.9688807029661863,2.0,0
2025-07-23,0.17592953818250262,2.0,0.48780487804878053,7.0961014841618776e-12,0.9999999999919039,1,5.74506007799443e-23,0.39330800813596845,0.5,0.35449893004335203,1.0,Katashi,0.12000272679221863,0.9688807029661863,2.0,0
2025-07-24,0.16975687450696478,2.0,0.48780487804878053,0.9144587368796744,0.6170563304297333,3,0.3501861843712935,0.39330800813596845,1.5,0.34386396214205145,0.09069015794209778,Katashi,0.12000272679221863,0.9688807029661863,2.0,0
2025-07-25,0.1634437050949415,2.0,0.48780487804878053,1.0713983554128783,0.4335920743065194,3,0.6068485200808149,0.39330800813596845,1.5,0.3335480432777899,0.20916392414084606,Katashi,0.12000272679221863,0.9688807029661863,2.0,0
2025-07-28,0.16495391019282207,2.0,0.48780487804878053,0.7435575364203963,0.562835425791622,3,0.32505701380865304,0.39330800813596845,1.5,0.3235416019794562,0.43088282811039547,Katashi,0.12000272679221863,0.9688807029661863,2.0,0
2025-07-29,0.13010125641106435,2.0,0.48780487804878053,0.5957303333018173,0.7554808835201806,3,0.1456674547591887,0.39330800813596845,1.5,0.3138353539200725,0.7037545867524735,Katashi,0.12000272679221863,0.9688807029661863,2.0,0
2025-07-30,0.1362705949078488,2.0,0.48780487804878053,0.24888520356607644,0.931827770893915,2,0.016967059118621168,0.39330800813596845,1.0,0.30442029330247034,0.3920998719290092,Katashi,0.12000272679221863,0.9688807029661863,2.0,0
2025-07-31,0.12576370965186717,2.0,0.48780487804878053,0.5538488137303699,0.7575840209492155,2,0.1342618024265632,0.39330800813596845,1.0,0.2952876845033962,0.6443386682207743,Katashi,0.12000272679221863,0.9688807029661863,2.0,0
2025-08-01,0.10930315471233129,3.0,0.3278688524590164,5.901146238149583e-11,0.9999999999399886,1,3.5413628494553706e-21,0.5851655730797581,0.5,0.2864290539682943,0.8055346625080123,Katashi,0.12000272679221863,0.9688807029661863,2.0,0
2025-08-04,0.14035258903047032,3.0,0.3278688524590164,1.7093326753873114e-11,0.9999999999819067,1,3.092747681375464e-22,0.5851655730797581,0.5,0.2778361823492455,1.0,Katashi,0.12000272679221863,0.9688807029661863,2.0,0
2025-08-05,0.14919460230305923,2.5,0.3921568627450981,1.6994594618995308e-10,0.9999999998290541,1,2.905156681557476e-20,0.48923679060791125,0.5,0.2695010968787681,0.11310395222342562,Katashi,0.12000272679221863,0.9688807029661863,2.0,0
2025-08-06,0.11286291544810143,3.0,0.3278688524590164,4.586186985623569e-11,0.9999999999531382,1,2.1491719620734205e-21,0.5851655730797581,0.5,0.2614160639724051,0.08308472812265166,Katashi,0.12000272679221863,0.9688807029661863,2.0,0
2025-08-07,0.11319577650339806,3.0,0.3278688524590164,0.6903384759395765,0.5374571357233283,2,0.3193111359814839,0.5851655730797581,1.0,0.25357358205323294,0.24289956736435347,Katashi,0.12000272679221863,0.9688807029661863,2.0,0
2025-08-08,0.10322078146250695,4.0,0.2469135802469136,0.6328159173447733,0.6719125485440047,2,0.20761896156243442,0.7770231380231641,1.0,0.24596637459163595,0.7364406902896183,Katashi,0.12000272679221863,0.9688807029661863,2.0,0
2025-08-11,0.1033418365779947,3.0,0.3278688524590164,0.9207972267893076,0.6186030937700182,3,0.35118921356258886,0.5851655730797581,1.5,0.23858738335388688,0.48511190186324094,Katashi,0.12000272679221863,0.9688807029661863,2.0,0
2025-08-12,0.0973925854386365,3.0,0.3278688524590164,0.6583616486122248,0.6311111684790036,2,0.2428622592748004,0.5851655730797581,1.0,0.23142976185327027,0.2500648195625146,Katashi,0.12000272679221863,0.9688807029661863,2.0,0
2025-08-13,0.10039218256299084,3.0,0.3278688524590164,1.16894272038958e-11,0.9999999999873106,1,1.483318769697733e-22,0.5851655730797581,0.5,0.22448686899767215,0.8049774836604964,Katashi,0.12000272679221863,0.9688807029661863,2.0,0
2025-08-14,0.12458095448923051,4.0,0.2469135802469136,0.0,0.0,0,0.0,0.7770231380231641,0.0,0.21775226292774197,0.3924808621577993,Katashi,0.12000272679221863,0.9688807029661863,2.0,0
2025-08-15,0.11669646991810735,5.0,0.19801980198019803,0.0,0.0,0,0.0,0.9688807029661863,0.0,0.2112196950399097,0.0003711968442847713,Katashi,0.12000272679221863,0.9688807029661863,2.0,0
2025-08-18,0.11468657912737104,4.5,0.21978021978021978,0.0,0.0,0,0.0,0.8729519204947233,0.0,0.2048831041887124,0.00040318623627833006,Utsuroi,0.12000272679221863,0.9688807029661863,2.0,0
2025-08-19,0.11543461044978147,5.0,0.19801980198019803,0.0,0.0,0,0.0,0.9688807029661863,0.0,0.19873661106305102,0.0003273122834422937,Katashi,0.12000272679221863,0.9688807029661863,2.0,0
2025-08-20,0.10249293304552785,2.0,0.48780487804878053,0.6931369174788171,0.5022652870304615,2,0.34499830466990977,0.39330800813596845,1.0,0.19277451273115948,0.5290329462814838,Utsuroi,0.12000272679221863,0.9688807029661863,2.0,0
2025-08-21,0.1014197618548363,4.0,0.2469135802469136,3.558453531770942e-11,0.9999999999634155,1,1.3018429019276833e-21,0.7770231380231641,0.5,0.1869912773492247,0.6278697400059978,Utsuroi,0.12000272679221863,0.9688807029661863,2.0,0
2025-08-22,0.16682829736784036,3.0,0.3278688524590164,0.0,0.0,0,0.0,0.5851655730797581,0.0,0.18138153902874793,0.3929273532659606,Utsuroi,0.12000272679221863,0.9688807029661863,2.0,0
2025-08-25,0.17172089663087017,4.0,0.2469135802469136,0.0,0.0,0,0.0,0.7770231380231641,0.0,0.17594009285788548,0.0009628510472361462,Utsuroi,0.12000272679221863,0.9688807029661863,2.0,0
2025-08-26,0.1775902210602199,2.5,0.3921568627450981,0.0,0.0,0,0.0,0.48923679060791125,0.0,0.1706618900721489,0.0029990086011204564,Utsuroi,0.12000272679221863,0.9688807029661863,2.0,0
2025-08-27,0.186143797415965,2.0,0.48780487804878053,1.941080629543105e-11,0.9999999999795892,1,3.9618977793778606e-22,0.39330800813596845,0.5,0.16554203336998444,0.7989579445406227,Utsuroi,0.12000272679221863,0.9688807029661863,2.0,0
2025-08-28,0.19535877835791027,1.0,0.9523809523809523,6.6872063441956596e-12,0.9999999999923128,1,5.1405787101733433e-23,0.2014504431917951,0.5,0.1605757723688849,0.41373674257149573,Utsuroi,0.12000272679221863,0.9688807029661863,2.0,0
2025-08-29,0.17777522457553455,1.0,0.9523809523809523,0.1864041708106332,0.954052911697843,2,0.008564728896126519,0.2014504431917951,1.0,0.15575849919781834,0.07758589278553019,Utsuroi,0.12000272679221863,0.9688807029661863,2.0,0
2025-09-02,0.189441119503443,1.0,0.9523809523809523,5.4903415146015925e-11,0.9999999999440966,1,3.0692871953695673e-21,0.2014504431917951,0.5,0.15108574422188378,0.23390709648492536,Utsuroi,0.12000272679221863,0.9688807029661863,2.0,0
2025-09-03,0.21850811359737232,1.0,0.9523809523809523,1.007911306343043,0.5145251576585814,3,0.48931558254102203,0.2014504431917951,1.5,0.14655317189522726,0.033376764721049,Utsuroi,0.12000272679221863,0.9688807029661863,2.0,0
2025-09-04,0.2033587686350816,1.0,0.9523809523809523,1.2937650950465244e-11,0.9999999999860624,1,1.803201768646963e-22,0.2014504431917951,0.5,0.14215657673837045,0.6216190563129584,Utsuroi,0.12000272679221863,0.9688807029661863,2.0,0
2025-09-05,0.2127736600001503,0.0,20.0,0.17193698624581313,0.9587371523531494,2,0.0070946096683196375,0.009592878247237929,1.0,0.13789187943621933,0.030880437539733463,Utsuroi,0.12000272679221863,0.9688807029661863,2.0,0
2025-09-08,0.2206969941581806,0.0,20.0,1.783695413575331e-11,0.9999999999811631,1,3.359934923957689e-22,0.009592878247237929,0.5,0.13375512305313275,0.7937162339083125,Utsuroi,0.12000272679221863,0.9688807029661863,2.0,0
2025-09-09,0.2281670112527052,1.0,0.9523809523809523,1.5507262140921054e-11,0.9999999999834928,1,2.559820982029566e-22,0.2014504431917951,0.5,0.12974246936153877,0.9325951461334114,Utsuroi,0.12000272679221863,0.9688807029661863,2.0,0
2025-09-10,0.24435724623457403,1.0,0.9523809523809523,1.6313728145995132e-11,0.9999999999826863,1,2.824510932821377e-22,0.2014504431917951,0.5,0.1258501952806926,1.0,Utsuroi,0.12000272679221863,0.9688807029661863,2.0,0
2025-09-11,0.25609068641463295,1.0,0.9523809523809523,0.37235435543344353,0.8772572431712778,2,0.04570380010308274,0.2014504431917951,1.0,0.12207468942227183,0.08649343352129857,Utsuroi,0.12000272679221863,0.9688807029661863,2.0,0
2025-09-12,0.25952979826497613,1.0,0.9523809523809523,0.9915201540547215,0.5278321894355483,3,0.46816390027054566,0.2014504431917951,1.5,0.11841244873960367,0.09786688116722186,Utsuroi,0.12000272679221863,0.9688807029661863,2.0,0
2025-09-15,0.2662756874219324,1.0,0.9523809523809523,0.5323852561539286,0.7756286175974019,2,0.11945201589401828,0.2014504431917951,1.0,0.11486007527741555,0.3399092039500242,Utsuroi,0.12000272679221863,0.9688807029661863,2.0,0
2025-09-16,0.23859315914651882,0.0,20.0,0.517751847699039,0.7871167064295376,2,0.11022071859036388,0.009592878247237929,1.0,0.11141427301909308,0.10598740635537562,Utsuroi,0.12000272679221863,0.9688807029661863,2.0,0
2025-09-17,0.24290077511421385,1.0,0.9523809523809523,0.8084693349394039,0.6355238667078102,3,0.29466777708402214,0.2014504431917951,1.5,0.10807184482852028,0.7044131917197044,Utsuroi,0.12000272679221863,0.9688807029661863,2.0,0
2025-09-18,0.22357339630066903,1.0,0.9523809523809523,0.7834003594611446,0.6984673778653132,3,0.2362207645695751,0.2014504431917951,1.5,0.10482968948366467,0.5199619818609553,Utsuroi,0.12000272679221863,0.9688807029661863,2.0,0
2025-09-19,0.22206063849413502,1.0,0.9523809523809523,0.2670079361455656,0.924751655631029,2,0.020091905128329736,0.2014504431917951,1.0,0.10168479879915472,0.44674620160181433,Utsuroi,0.12000272679221863,0.9688807029661863,2.0,0
2025-09-22,0.2171684154526201,1.0,0.9523809523809523,1.4053758157104737e-11,0.9999999999849463,1,2.1156156560377343e-22,0.2014504431917951,0.5,0.09863425483518008,0.24038353200195683,Utsuroi,0.12000272679221863,0.9688807029661863,2.0,0
2025-09-23,0.20330200644328997,1.0,0.9523809523809523,1.3299361611883015e-11,0.9999999999857007,1,1.9017208669210824e-22,0.2014504431917951,0.5,0.09567522719012468,1.0,Utsuroi,0.12000272679221863,0.9688807029661863,2.0,0
2025-09-24,0.1731309198265715,1.0,0.9523809523809523,1.0664691351667448e-10,0.9999999998923531,1,1.14802087175544e-20,0.2014504431917951,0.5,0.09280497037442094,1.0,Utsuroi,0.12000272679221863,0.9688807029661863,2.0,0
2025-09-25,0.1714240643172438,1.0,0.9523809523809523,0.0,0.0,0,0.0,0.2014504431917951,0.0,0.0900208212631883,1.0,Utsuroi,0.12000272679221863,0.9688807029661863,2.0,0
2025-09-26,0.18261638791120574,2.0,0.48780487804878053,5.488036690247265e-10,0.9999999994501964,1,3.017342587464921e-19,0.39330800813596845,0.5,0.08732019662529265,0.07141021884279886,Utsuroi,0.12000272679221863,0.9688807029661863,2.0,0
2025-09-29,0.19732772980164645,1.0,0.9523809523809523,0.0,0.0,0,0.0,0.2014504431917951,0.0,0.08470059072653387,0.4403401098155846,Utsuroi,0.12000272679221863,0.9688807029661863,2.0,0
2025-09-30,0.19549846248730876,1.0,0.9523809523809523,2.1281798543372291e-10,0.999999999786182,1,4.5504308206466827e-20,0.2014504431917951,0.5,0.08215957300473785,0.23244629738708822,Utsuroi,0.12000272679221863,0.9688807029661863,2.0,0
2025-10-01,0.19738656721728318,2.0,0.48780487804878053,8.086298297292054e-11,0.999999999918137,1,6.619683209694393e-21,0.39330800813596845,0.5,0.07969478581459571,0.17557387670125535,Utsuroi,0.12000272679221863,0.9688807029661863,2.0,0
2025-10-02,0.18304483715928063,3.0,0.3278688524590164,1.1870082693826452e-10,0.9999999998802992,1,1.4208584517749947e-20,0.5851655730797581,0.5,0.07730394224015784,0.08377656334584438,Utsuroi,0.12000272679221863,0.9688807029661863,2.0,0
2025-10-03,0.18519913413350075,1.0,0.9523809523809523,7.529632472789022e-11,0.9999999999237037,1,5.7448311767906775e-21,0.2014504431917951,0.5,0.0749848239729531,0.4023403224036336,Utsuroi,0.12000272679221863,0.9688807029661863,2.0,0
2025-10-06,0.1706855268291144,1.0,0.9523809523809523,0.671453591526846,0.6037695974928929,2,0.2660503268355249,0.2014504431917951,1.0,0.07273527925376451,0.09283729210982483,Utsuroi,0.12000272679221863,0.9688807029661863,2.0,0
2025-10-07,0.15288380939868895,1.0,0.9523809523809523,2.8368751788077087e-10,0.9999999997153125,1,8.076228905507346e-20,0.2014504431917951,0.5,0.07055322087615157,0.6453283928097011,Utsuroi,0.12000272679221863,0.9688807029661863,2.0,0
2025-10-08,0.1608389055257236,1.0,0.9523809523809523,0.9023990423259176,0.5979518467053226,3,0.36280786850202057,0.2014504431917951,1.5,0.06843662424986702,0.040989537410585086,Utsuroi,0.12000272679221863,0.9688807029661863,2.0,0
2025-10-09,0.16553626413383507,1.0,0.9523809523809523,0.0,0.0,0,0.0,0.2014504431917951,0.0,0.066383525522371,1.0,Utsuroi,0.12000272679221863,0.9688807029661863,2.0,0
2025-10-10,0.13917543419136366,3.0,0.3278688524590164,0.0,0.0,0,0.0,0.5851655730797581,0.0,0.06439201975669988,0.008374910707007133,Utsuroi,0.12000272679221863,0.9688807029661863,2.0,0
2025-10-13,0.17674446181252668,4.5,0.21978021978021978,2.813116406443579e-11,0.9999999999708689,1,8.194929333868236e-22,0.8729519204947233,0.5,0.06246025916399888,0.09436498890133949,Utsuroi,0.12000272679221863,0.9688807029661863,2.0,0
2025-10-14,0.16174844581692668,3.0,0.3278688524590164,0.0,0.0,0,0.0,0.5851655730797581,0.0,0.060586451389078914,0.2468550496544374,Utsuroi,0.12000272679221863,0.9688807029661863,2.0,0
2025-10-15,0.14587375733620794,2.0,0.48780487804878053,0.0,0.0,0,0.0,0.39330800813596845,0.0,0.05876885784740655,0.0075411617295307876,Utsuroi,0.12000272679221863,0.9688807029661863,2.0,0
2025-10-16,0.13872148931437472,3.0,0.3278688524590164,0.40940664445945435,0.8575385764928922,2,0.05832465336296223,0.5851655730797581,1.0,0.05700579211198435,0.12013466251032101,Utsuroi,0.12000272679221863,0.9688807029661863,2.0,0
2025-10-17,0.12807436305460024,2.0,0.48780487804878053,0.6912886257622015,0.5304746050390718,2,0.3245775650429949,0.39330800813596845,1.0,0.05529561834862482,0.5386771725893977,Nagare,0.12000272679221863,0.9688807029661863,2.0,0
2025-10-20,0.17719744024091852,3.0,0.3278688524590164,1.809408178825162e-11,0.9999999999809059,1,3.454894772792668e-22,0.5851655730797581,0.5,0.05363674979816607,0.8837651146162001,Utsuroi,0.12000272679221863,0.9688807029661863,2.0,0
2025-10-21,0.15949557688688126,3.0,0.3278688524590164,2.0248547281259986e-10,0.9999999997965145,1,4.120284769781975e-20,0.5851655730797581,0.5,0.05202764730422109,1.0,Utsuroi,0.12000272679221863,0.9688807029661863,2.0,0
2025-10-22,0.15444022380781275,3.0,0.3278688524590164,0.0,0.0,0,0.0,0.5851655730797581,0.0,0.05046681788509445,1.0,Utsuroi,0.12000272679221863,0.9688807029661863,2.0,0
2025-10-23,0.1570410485430248,3.0,0.3278688524590164,0.0,0.0,0,0.0,0.5851655730797581,0.0,0.04895281334854162,1.0,Utsuroi,0.12000272679221863,0.9688807029661863,2.0,0
2025-10-24,0.14790565166059236,3.5,0.28169014084507044,2.9001134826506346e-11,0.9999999999699989,1,8.700663145097547e-22,0.6810943555515091,0.5,0.04748422894808537,0.3424474901059281,Utsuroi,0.12000272679221863,0.9688807029661863,2.0,0
2025-10-27,0.12781428058107902,4.0,0.2469135802469136,2.2253654472225894e-10,0.9999999997764635,1,4.9745045364312855e-20,0.7770231380231641,0.5,0.04605970207964281,0.049010674235926754,Utsuroi,0.12000272679221863,0.9688807029661863,2.0,0
2025-10-28,0.12792436500582896,3.0,0.3278688524590164,3.284739147289495e-11,0.9999999999661526,1,1.1117977914245052e-21,0.5851655730797581,0.5,0.04467791101725352,0.08219773266596841,Utsuroi,0.12000272679221863,0.9688807029661863,2.0,0
2025-10-29,0.12306436761890603,3.0,0.3278688524590164,6.944911312452593e-11,0.9999999999295509,1,4.892626890746188e-21,0.5851655730797581,0.5,0.043337573686735915,1.0,Utsuroi,0.12000272679221863,0.9688807029661863,2.0,0
2025-10-30,0.12321013602189403,3.0,0.3278688524590164,0.6884947697956362,0.5481933154274713,2,0.31106653928689276,0.5851655730797581,1.0,0.04203744647613384,0.24785065103914172,Utsuroi,0.12000272679221863,0.9688807029661863,2.0,0
2025-10-31,0.1211780350933657,3.0,0.3278688524590164,0.6919476164460403,0.5244855506991762,2,0.32903108977935647,0.5851655730797581,1.0,0.04077632308184982,0.38907892100422237,Utsuroi,0.12000272679221863,0.9688807029661863,2.0,0
2025-11-03,0.12579504994275081,2.0,0.48780487804878053,1.0645397728396733,0.4253998327115392,3,0.6116847315588964,0.39330800813596845,1.5,0.039553033389394324,0.19011450324499002,Nagare,0.12000272679221863,0.9688807029661863,2.0,0
2025-11-04,0.11788491776325423,2.0,0.48780487804878053,0.6291348380220123,0.6769666038880299,2,0.20323156333860487,0.39330800813596845,1.0,0.038366442387712495,0.30850346122834194,Nagare,0.12000272679221863,0.9688807029661863,2.0,0
2025-11-05,0.11410558743309435,3.0,0.3278688524590164,0.5352039415200752,0.7733441046427029,2,0.12130712856398715,0.5851655730797581,1.0,0.03721544911608112,0.5902627935099969,Utsuroi,0.12000272679221863,0.9688807029661863,2.0,0
2025-11-06,0.11416957962195855,3.0,0.3278688524590164,1.6168399952074203e-11,0.9999999999828316,1,2.775851992918635e-22,0.5851655730797581,0.5,0.03609898564259869,0.7039398459516665,Utsuroi,0.12000272679221863,0.9688807029661863,2.0,0
2025-11-07,0.10197043732539891,3.0,0.3278688524590164,3.4578784279737776e-11,0.9999999999644212,1,1.2302703416240587e-21,0.5851655730797581,0.5,0.03501601607332073,1.0,Utsuroi,0.12000272679221863,0.9688807029661863,2.0,0
2025-11-10,0.1040493432739473,2.0,0.48780487804878053,9.191447602598096e-11,0.9999999999070855,1,8.540183346247003e-21,0.39330800813596845,0.5,0.03396553559112111,0.16229421179002734,Nagare,0.12000272679221863,0.9688807029661863,2.0,0
2025-11-11,0.1175675221535577,3.0,0.3278688524590164,0.6771156566396167,0.5892907305058206,2,0.2780976767015286,0.5851655730797581,1.0,0.032946569523387474,0.1022617228400815,Utsuroi,0.12000272679221863,0.9688807029661863,2.0,0
2025-11-12,0.07558534172671644,2.0,0.48780487804878053,1.040704993055142,0.4486078753591376,3,0.5738365372450287,0.39330800813596845,1.5,0.031958172437685846,0.19770444090342354,Nagare,0.12000272679221863,0.9688807029661863,2.0,0
2025-11-13,0.14823282308953417,2.5,0.3921568627450981,0.6712157336102376,0.6043327427939885,2,0.26557808831108354,0.48923679060791125,1.0,0.03099942726455527,0.34091849809347685,Nagare,0.12000272679221863,0.9688807029661863,2.0,0
2025-11-14,0.15145881243899786,3.0,0.3278688524590164,0.8259466209767466,0.635130652185072,3,0.301362604925729,0.5851655730797581,1.5,0.03006944444661861,0.07688252285362673,Utsuroi,0.12000272679221863,0.9688807029661863,2.0,0
2025-11-17,0.15167853479382482,2.0,0.48780487804878053,0.6823210207389506,0.6520462958757519,3,0.23741612656795577,0.39330800813596845,1.5,0.02916736111322005,0.41479237668190616,Nagare,0.12000272679221863,0.9688807029661863,2.0,0
2025-11-18,0.152182091063626,0.5,1.8181818181818181,0.7387891837786431,0.6141829151130127,3,0.2850374892315128,0.10552166071956445,1.5,0.02829234027982345,0.9216063506833294,Nagare,0.12000272679221863,0.9688807029661863,2.0,0
2025-11-19,0.09860376777372827,0.0,20.0,0.6590014056475069,0.62991405606051,2,0.24388715726650834,0.009592878247237929,1.0,0.027443570071428745,0.26100056568152097,Nagare,0.12000272679221863,0.9688807029661863,2.0,0
2025-11-20,0.09809985798128093,1.0,0.9523809523809523,0.8310176044562729,0.6180756348596244,3,0.3173858710024378,0.2014504431917951,1.5,0.026620262969285883,0.79076397181421,Nagare,0.12000272679221863,0.9688807029661863,2.0,0
2025-11-21,0.11578546618072312,2.0,0.48780487804878053,1.4719447882659738e-11,0.9999999999842806,1,2.3138126823530083e-22,0.39330800813596845,0.5,0.025821655080207305,0.8614407572534843,Nagare,0.12000272679221863,0.9688807029661863,2.0,0
2025-11-24,0.13719421297536868,2.0,0.48780487804878053,0.6668302182967385,0.6142043747036747,2,0.25726018103427534,0.39330800813596845,1.0,0.025047005427801087,0.1801432470168659,Nagare,0.12000272679221863,0.9688807029661863,2.0,0
2025-11-25,0.1598044248241877,3.0,0.3278688524590164,0.42101335541896967,0.850975437202529,2,0.06274133122320823,0.5851655730797581,1.0,0.024295595264967055,0.768573446562227,Utsuroi,0.12000272679221863,0.9688807029661863,2.0,0
2025-11-26,0.18618654073199528,3.0,0.3278688524590164,0.0,0.0,0,0.0,0.5851655730797581,0.0,0.023566727407018043,1.0,Utsuroi,0.12000272679221863,0.9688807029661863,2.0,0
2025-11-28,0.18109867734373666,4.0,0.2469135802469136,3.655031832679504e-11,0.9999999999624497,1,1.3724752795866823e-21,0.7770231380231641,0.5,0.022859725584807502,0.1782060913051755,Utsuroi,0.12000272679221863,0.9688807029661863,2.0,0
2025-12-01,0.20806597881696698,2.0,0.48780487804878053,3.314248875283028e-11,0.9999999999658575,1,1.1315663163347524e-21,0.39330800813596845,0.5,0.022173933817263278,0.16109518984137927,Nagare,0.12000272679221863,0.9688807029661863,2.0,0
2025-12-02,0.20154766182434164,3.0,0.3278688524590164,1.3621703764013043e-10,0.999999999862783,1,1.869129536901997e-20,0.5851655730797581,0.5,0.02150871580274538,0.08377656334584438,Utsuroi,0.12000272679221863,0.9688807029661863,2.0,0
2025-12-03,0.20227914378112008,3.0,0.3278688524590164,9.253331433984933e-11,0.9999999999064667,1,8.65494553046585e-21,0.5851655730797581,0.5,0.020863454328663017,1.0,Utsuroi,0.12000272679221863,0.9688807029661863,2.0,0
2025-12-04,0.2015964272881269,3.0,0.3278688524590164,2.4401036746401897e-11,0.999999999974599,1,6.198110912606117e-22,0.5851655730797581,0.5,0.020237550698803126,1.0,Utsuroi,0.12000272679221863,0.9688807029661863,2.0,0
2025-12-05,0.21022791437811203,3.0,0.3278688524590164,2.878619564894534e-11,0.9999999999702138,1,8.574306188008968e-22,0.5851655730797581,0.5,0.019630424177839032,1.0,Utsuroi,0.12000272679221863,0.9688807029661863,2.0,0
2025-12-08,0.236479989049159,3.0,0.3278688524590164,4.4662606945091076e-11,0.9999999999543374,1,2.0394100781096377e-21,0.5851655730797581,0.5,0.01904151145250386,1.0,Utsuroi,0.12000272679221863,0.9688807029661863,2.0,0
2025-12-09,0.2574166281676164,2.5,0.3921568627450981,1.14246945230899e-10,0.9999999998847531,1,1.3166608913242636e-20,0.48923679060791125,0.5,0.018470266108928744,0.11310395222342562,Nagare,0.12000272679221863,0.9688807029661863,2.0,0
2025-12-10,0.26868145030200363,2.5,0.3921568627450981,0.0,0.0,0,0.0,0.48923679060791125,0.0,0.017916158125660882,1.0,Nagare,0.12000272679221863,0.9688807029661863,2.0,0
2025-12-11,0.25175983436853,2.5,0.3921568627450981,0.0,0.0,0,0.0,0.48923679060791125,0.0,0.017378673381891054,1.0,Nagare,0.12000272679221863,0.9688807029661863,2.0,0
2025-12-12,0.25340160498263264,2.0,0.48780487804878053,6.265665763802221e-11,0.9999999999363434,1,3.988512018060222e-21,0.39330800813596845,0.5,0.016857313180434323,0.7989579445406227,Nagare,0.12000272679221863,0.9688807029661863,2.0,0
2025-12-15,0.25054069777389937,3.0,0.3278688524590164,1.5903822701942098e-10,0.9999999998399618,1,2.545219236433774e-20,0.5851655730797581,0.5,0.016351593785021292,0.08377656334584438,Utsuroi,0.12000272679221863,0.9688807029661863,2.0,0
2025-12-16,0.17435278818678027,2.0,0.48780487804878053,0.0,0.0,0,0.0,0.39330800813596845,0.0,0.015861045971470655,0.3961356151897317,Nagare,0.12000272679221863,0.9688807029661863,2.0,0
2025-12-17,0.17171945314237805,2.5,0.3921568627450981,1.8027879187831966e-10,0.9999999998187212,1,3.268071760786991e-20,0.48923679060791125,0.5,0.015385214592326535,0.25778331295163004,Nagare,0.12000272679221863,0.9688807029661863,2.0,0
2025-12-18,0.18683674691579832,2.0,0.48780487804878053,1.6862033989877638e-10,0.9999999998303797,1,2.860143563973129e-20,0.39330800813596845,0.5,0.014923658154556738,0.1633339215048648,Nagare,0.12000272679221863,0.9688807029661863,2.0,0
2025-12-19,0.18485361805519912,2.0,0.48780487804878053,0.0,0.0,0,0.0,0.39330800813596845,0.0,0.014475948409920036,1.0,Nagare,0.12000272679221863,0.9688807029661863,2.0,0
2025-12-22,0.17994456136748627,1.0,0.9523809523809523,3.7370218030449597e-11,0.9999999999616298,1,1.4339025870077763e-21,0.2014504431917951,0.5,0.014041669957622434,0.751647096982661,Nagare,0.12000272679221863,0.9688807029661863,2.0,0
2025-12-23,0.19535444792361792,1.0,0.9523809523809523,3.8966274650588205e-11,0.9999999999600337,1,1.5573359728257401e-21,0.2014504431917951,0.5,0.013620419858893762,1.0,Nagare,0.12000272679221863,0.9688807029661863,2.0,0
2025-12-24,0.19626473658094212,2.0,0.48780487804878053,3.5831893007586824e-11,0.9999999999631681,1,1.3197556568759143e-21,0.39330800813596845,0.5,0.013211807263126948,0.17557387670125535,Nagare,0.12000272679221863,0.9688807029661863,2.0,0
2025-12-26,0.18413839125301573,2.0,0.48780487804878053,1.3148659937744547e-10,0.9999999998675134,1,1.7420209507666444e-20,0.39330800813596845,0.5,0.01281545304523314,1.0,Nagare,0.12000272679221863,0.9688807029661863,2.0,0
2025-12-29,0.17432027787759016,2.0,0.48780487804878053,4.260680697048443e-11,0.9999999999563932,1,1.8579458646952345e-21,0.39330800813596845,0.5,0.012430989453876145,1.0,Nagare,0.12000272679221863,0.9688807029661863,2.0,0
2025-12-30,0.15603322895813015,1.0,0.9523809523809523,4.0020464711910473e-10,0.9999999995987954,1,1.6056395540184036e-19,0.2014504431917951,0.5,0.01205805977025986,0.41373674257149573,Nagare,0.12000272679221863,0.9688807029661863,2.0,0
2025-12-31,0.2161773009599097,2.0,0.48780487804878053,0.0,0.0,0,0.0,0.39330800813596845,0.0,0.011696317977152064,0.4023432023866984,Nagare,0.12000272679221863,0.9688807029661863,2.0,0
2026-01-02,0.18751946340879147,2.0,0.48780487804878053,0.4963310382488327,0.8029176240925249,2,0.09781810025470386,0.39330800813596845,1.0,0.011345428437837502,0.19700346944506553,Nagare,0.12000272679221863,0.9688807029661863,2.0,0
2026-01-05,0.22581660763478947,1.0,0.9523809523809523,2.4709456702634885e-11,0.9999999999742906,1,6.352661606344912e-22,0.2014504431917951,0.5,0.011005065584702376,0.1566396684962036,Nagare,0.12000272679221863,0.9688807029661863,2.0,0
2026-01-06,0.23787793234433552,1.0,0.9523809523809523,1.0990347813842787,0.47178517577337525,4,0.5805264638678437,0.2014504431917951,2.0,0.010674913617161304,0.020037951353551575,Nagare,0.12000272679221863,0.9688807029661863,2.0,0
2026-01-07,0.23126208442413976,0.0,20.0,0.49879356258333896,0.8011575231429517,2,0.09918134742442222,0.009592878247237929,1.0,0.010354666208646465,0.5295396147870779,Nagare,0.12000272679221863,0.9688807029661863,2.0,0
2026-01-08,0.22749088855808225,2.0,0.48780487804878053,1.517708181340293e-11,0.9999999999838229,1,2.4552055844295105e-22,0.39330800813596845,0.5,0.01004402622238707,0.9070522178506975,Nagare,0.12000272679221863,0.9688807029661863,2.0,0
2026-01-09,0.21266618756737332,2.0,0.48780487804878053,0.5363089036231473,0.7724418884831178,2,0.12204144129817299,0.39330800813596845,1.0,0.009742705435715458,0.22658355905287075,Nagare,0.12000272679221863,0.9688807029661863,2.0,0
2026-01-12,0.2017427236794826,2.0,0.48780487804878053,0.6924999156940066,0.5179878460005551,2,0.3337933760081021,0.39330800813596845,1.0,0.009450424272643993,0.3127476464914296,Nagare,0.12000272679221863,0.9688807029661863,2.0,0
2026-01-13,0.1867915419300924,1.0,0.9523809523809523,2.0736079519898172e-11,0.9999999999782639,1,4.507206146625791e-22,0.2014504431917951,0.5,0.009166911544464673,0.5510068681028282,Nagare,0.12000272679221863,0.9688807029661863,2.0,0
2026-01-14,0.18703536465781534,3.0,0.3278688524590164,2.052369385529197e-11,0.9999999999784763,1,4.417452493063738e-22,0.5851655730797581,0.5,0.008891904198130733,0.08833707518814993,Utsuroi,0.12000272679221863,0.9688807029661863,2.0,0
2026-01-15,0.15262991816235486,3.0,0.3278688524590164,9.277023593715499e-12,0.999999999989723,1,9.533998512883529e-23,0.5851655730797581,0.5,0.008625147072186812,1.0,Utsuroi,0.12000272679221863,0.9688807029661863,2.0,0
2026-01-16,0.17892455672963073,3.0,0.3278688524590164,7.486566921919307e-12,0.9999999999915135,1,6.353508558282338e-23,0.5851655730797581,0.5,0.008366392660021206,1.0,Utsuroi,0.12000272679221863,0.9688807029661863,2.0,0
2026-01-20,0.20772085922741326,3.0,0.3278688524590164,9.660239274701412e-11,0.9999999999023976,1,9.428622540644366e-21,0.5851655730797581,0.5,0.00811540088022057,1.0,Utsuroi,0.12000272679221863,0.9688807029661863,2.0,0
2026-01-21,0.2709315874661469,2.0,0.48780487804878053,0.0,0.0,0,0.0,0.39330800813596845,0.0,0.007871938853813952,0.3961356151897317,Nagare,0.12000272679221863,0.9688807029661863,2.0,0
2026-01-22,0.259143639058655,1.0,0.9523809523809523,3.183264762842139e-11,0.9999999999671674,1,1.0451493984878831e-21,0.2014504431917951,0.5,0.007635780688199533,0.751647096982661,Nagare,0.12000272679221863,0.9688807029661863,2.0,0
2026-01-23,0.2633545459241518,2.0,0.48780487804878053,6.52848886040466e-11,0.9999999999337151,1,4.327400124576173e-21,0.39330800813596845,0.5,0.007406707267553546,0.17557387670125535,Nagare,0.12000272679221863,0.9688807029661863,2.0,0
2026-01-26,0.2715237091916375,2.0,0.48780487804878053,3.4772562601007846e-10,0.9999999996512744,1,1.2126082893896527e-19,0.39330800813596845,0.5,0.00718450604952694,1.0,Nagare,0.12000272679221863,0.9688807029661863,2.0,0
2026-01-27,0.26821701796959807,2.0,0.48780487804878053,0.0,0.0,0,0.0,0.39330800813596845,0.0,0.006968970868041132,1.0,Nagare,0.12000272679221863,0.9688807029661863,2.0,0
2026-01-28,0.2605904643275883,1.0,0.9523809523809523,2.0588097891041675e-10,0.999999999793119,1,4.259285390598621e-20,0.2014504431917951,0.5,0.006759901741999898,0.751647096982661,Nagare,0.12000272679221863,0.9688807029661863,2.0,0
2026-01-29,0.2620699406121093,1.0,0.9523809523809523,4.467359815303436e-11,0.9999999999543264,1,2.0404029818815683e-21,0.2014504431917951,0.5,0.006557104689739901,1.0,Nagare,0.12000272679221863,0.9688807029661863,2.0,0
2026-01-30,0.2645946545702503,1.0,0.9523809523809523,0.0,0.0,0,0.0,0.2014504431917951,0.0,0.006360391549047704,1.0,Nagare,0.12000272679221863,0.9688807029661863,2.0,0
2026-02-02,0.2590632539790998,2.0,0.48780487804878053,0.0,0.0,0,0.0,0.39330800813596845,0.0,0.0061695798025762725,0.023274037156571614,Nagare,0.12000272679221863,0.9688807029661863,2.0,0
2026-02-03,0.20757329107277203,1.0,0.9523809523809523,0.07296265156755706,0.9861644516245582,2,0.0010094782953634376,0.2014504431917951,1.0,0.005984492408498984,0.26649512336467673,Nagare,0.12000272679221863,0.9688807029661863,2.0,0
2026-02-04,0.21306378690409875,1.0,0.9523809523809523,3.704647699648127e-11,0.9999999999619535,1,1.409487115342296e-21,0.2014504431917951,0.5,0.005804957636244014,0.23246664817106089,Nagare,0.12000272679221863,0.9688807029661863,2.0,0
2026-02-05,0.14787010427048738,1.0,0.9523809523809523,0.2913559244568154,0.9147719722910992,2,0.024831690802757874,0.2014504431917951,1.0,0.005630808907156694,0.08023387796797565,Nagare,0.12000272679221863,0.9688807029661863,2.0,0
2026-02-06,0.15242703945616576,2.0,0.48780487804878053,1.965905216373214e-11,0.999999999979341,1,4.061369492522089e-22,0.39330800813596845,0.5,0.005461884639941993,0.9204545702476297,Nagare,0.12000272679221863,0.9688807029661863,2.0,0
2026-02-09,0.16406698054314692,1.0,0.9523809523809523,0.6763151820535258,0.5914804506426048,2,0.2762879733960711,0.2014504431917951,1.0,0.0052980281007437326,0.22565518667835505,Nagare,0.12000272679221863,0.9688807029661863,2.0,0
2026-02-10,0.15616434589879735,4.0,0.2469135802469136,0.0,0.0,0,0.0,0.7770231380231641,0.0,0.00513908725772142,0.37051929229004554,Utsuroi,0.12000272679221863,0.9688807029661863,2.0,0
2026-02-11,0.15665632176125505,4.0,0.2469135802469136,0.0,0.0,0,0.0,0.7770231380231641,0.0,0.004984914639989777,1.0,Utsuroi,0.12000272679221863,0.9688807029661863,2.0,0
2026-02-12,0.13609258133749316,3.0,0.3278688524590164,0.0,0.0,0,0.0,0.5851655730797581,0.0,0.0048353672007900835,0.00169708504242283,Utsuroi,0.12000272679221863,0.9688807029661863,2.0,0
2026-02-13,0.13707676547673375,2.0,0.48780487804878053,2.9306335135966596e-11,0.9999999999696937,1,8.88166965944457e-22,0.39330800813596845,0.5,0.004690306184766381,0.9158433897705366,Nagare,0.12000272679221863,0.9688807029661863,2.0,0
2026-02-17,0.14558530576399198,2.0,0.48780487804878053,0.0,0.0,0,0.0,0.39330800813596845,0.0,0.004549596999223389,1.0,Nagare,0.12000272679221863,0.9688807029661863,2.0,0
2026-02-18,0.14770684676269305,2.0,0.48780487804878053,0.0,0.0,0,0.0,0.39330800813596845,0.0,0.004413109089246687,1.0,Nagare,0.12000272679221863,0.9688807029661863,2.0,0
2026-02-19,0.13215706394619445,2.0,0.48780487804878053,3.713862550752164e-11,0.9999999999618614,1,1.4164153085521714e-21,0.39330800813596845,0.5,0.004280715816569287,0.46376867130735333,Nagare,0.12000272679221863,0.9688807029661863,2.0,0
2026-02-20,0.10051087684048182,2.0,0.48780487804878053,0.4659876637446036,0.8235369375169738,2,0.0822296102236834,0.39330800813596845,1.0,0.004152294342072208,0.22598696994607803,Nagare,0.12000272679221863,0.9688807029661863,2.0,0
2026-02-23,0.04893020408181265,3.0,0.3278688524590164,1.559841145124127e-11,0.9999999999834016,1,2.5890850619190454e-22,0.5851655730797581,0.5,0.004027725511810042,0.7780874798584968,Utsuroi,0.12000272679221863,0.9688807029661863,2.0,0
2026-02-24,0.04971453069649558,3.0,0.3278688524590164,1.7697510123863012e-11,0.9999999999813025,1,3.308989832118156e-22,0.5851655730797581,0.5,0.00390689374645574,1.0,Utsuroi,0.12000272679221863,0.9688807029661863,2.0,0
2026-02-25,0.048896723087537994,2.0,0.48780487804878053,6.181022360410153e-11,0.9999999999371898,1,3.8823125983665565e-21,0.39330800813596845,0.5,0.0037896869340620677,0.16229421179002734,Nagare,0.12000272679221863,0.9688807029661863,2.0,0
2026-02-26,0.03864545623479853,2.0,0.48780487804878053,2.4046542534648028e-11,0.9999999999749535,1,6.0228221846193145e-22,0.39330800813596845,0.5,0.0036759963260402056,1.0,Nagare,0.12000272679221863,0.9688807029661863,2.0,0
2026-02-27,0.03897347216052833,2.0,0.48780487804878053,7.001066393254729e-12,0.999999999991999,1,5.60158421606048e-23,0.39330800813596845,0.5,0.0035657164362589994,1.0,Nagare,0.12000272679221863,0.9688807029661863,2.0,0
2026-03-02,0.04719737217914719,2.0,0.48780487804878053,9.775624754069409e-12,0.9999999999892244,1,1.0533824783337183e-22,0.39330800813596845,0.5,0.003458744943171229,1.0,Nagare,0.12000272679221863,0.9688807029661863,2.0,0
2026-03-03,0.06867853368808811,3.0,0.3278688524590164,1.7112644634501242e-11,0.9999999999818874,1,3.0995487246288874e-22,0.5851655730797581,0.5,0.0033549825948760922,0.08377656334584438,Utsuroi,0.12000272679221863,0.9688807029661863,2.0,0
2026-03-04,0.04551384423728495,2.0,0.48780487804878053,5.582190265423654e-11,0.9999999999431781,1,3.1719054838068792e-21,0.39330800813596845,0.5,0.0032543331170298093,0.16229421179002734,Nagare,0.12000272679221863,0.9688807029661863,2.0,0
2026-03-05,0.061485428480333254,3.0,0.3278688524590164,3.6177394412837384e-11,0.9999999999628226,1,1.3449804606336244e-21,0.5851655730797581,0.5,0.003156703123518915,0.08377656334584438,Utsuroi,0.12000272679221863,0.9688807029661863,2.0,0
2026-03-06,0.06416804397612104,2.0,0.48780487804878053,0.2925373720097664,0.9142735034683869,2,0.02507820400696246,0.39330800813596845,1.0,0.0030620020298133474,0.7429428265765097,Nagare,0.12000272679221863,0.9688807029661863,2.0,0
2026-03-09,0.057300217291929675,2.0,0.48780487804878053,0.2718024295867267,0.9228300384081172,2,0.020974983051788135,0.39330800813596845,1.0,0.0029701419689189467,0.9406546113230583,Nagare,0.12000272679221863,0.9688807029661863,2.0,0
2026-03-10,0.07818692335715546,3.0,0.3278688524590164,0.6919106845996486,0.5248594673648052,2,0.32875481121665934,0.5851655730797581,1.0,0.002881037709851378,0.22712208974219594,Utsuroi,0.12000272679221863,0.9688807029661863,2.0,0
2026-03-11,0.07336662163437638,3.0,0.3278688524590164,0.6916593890871565,0.5272676867803799,2,0.3269697429632407,0.5851655730797581,1.0,0.0027946065785558367,0.39148624476368654,Utsuroi,0.12000272679221863,0.9688807029661863,2.0,0
2026-03-12,0.09949019305430196,3.0,0.3278688524590164,0.7689908603037758,0.5881392848719328,3,0.31671712565166077,0.5851655730797581,1.5,0.0027107683811991618,0.3635941160758722,Utsuroi,0.12000272679221863,0.9688807029661863,2.0,0
2026-03-13,0.11263870330827123,3.0,0.3278688524590164,0.684272685599527,0.56651395158675,2,0.2966226625176612,0.5851655730797581,1.0,0.002629445329763187,0.38983087528284766,Utsuroi,0.12000272679221863,0.9688807029661863,2.0,0
