date,mean_corr,curv,eta,entropy,dominance,h1_count,v_raw,Oh,Xi,phi,DEF,regime,phi_c,Oh_pre,Xi_c
2022-02-03,0.38191919191919205,2.0,0.48780487804878053,1.2938117243382304e-10,0.9999999998696188,1,1.6868866091750016e-20,0.4962478818697894,0.5,1e-06,1.0,Nagare,0.6846337767366437,0.7383200193665094,2.0
2022-02-04,0.3518796662274924,2.0,0.48780487804878053,0.0,0.0,0,0.0,0.4962478818697894,0.0,1e-06,1.0,Nagare,0.6846337767366437,0.7383200193665094,2.0
2022-02-07,0.30922830792396017,2.0,0.48780487804878053,0.0,0.0,0,0.0,0.4962478818697894,0.0,1e-06,1.0,Nagare,0.6846337767366437,0.7383200193665094,2.0
2022-02-08,0.32341363950059604,1.0,0.9523809523809523,1.8042156655926056e-10,0.9999999998185785,1,3.2732359257990635e-20,0.25417574437258533,0.5,1e-06,0.8711125049505274,Nagare,0.6846337767366437,0.7383200193665094,2.0
2022-02-09,0.34575255662212184,1.0,0.9523809523809523,0.0,0.0,0,0.0,0.25417574437258533,0.0,1e-06,1.0,Nagare,0.6846337767366437,0.7383200193665094,2.0
2022-02-10,0.38110860154338416,1.5,0.6451612903225806,0.0,0.0,0,0.0,0.37521181312124796,0.0,1e-06,0.1170965135313089,Nagare,0.6846337767366437,0.7383200193665094,2.0
2022-02-11,0.33027981680155594,2.0,0.48780487804878053,0.0,0.0,0,0.0,0.4962478818697894,0.0,1e-06,0.03526116391055634,Nagare,0.6846337767366437,0.7383200193665094,2.0
2022-02-14,0.3381949934123847,2.0,0.48780487804878053,0.0,0.0,0,0.0,0.4962478818697894,0.0,1e-06,1.0,Nagare,0.6846337767366437,0.7383200193665094,2.0
2022-02-15,0.339124788255223,2.0,0.48780487804878053,0.0,0.0,0,0.0,0.4962478818697894,0.0,1e-06,1.0,Nagare,0.6846337767366437,0.7383200193665094,2.0
2022-02-16,0.31342430516343556,3.0,0.3278688524590164,0.0,0.0,0,0.0,0.7383200193665094,0.0,1e-06,0.008372645958856895,Katashi,0.6846337767366437,0.7383200193665094,2.0
2022-02-17,0.24221155655938265,3.0,0.3278688524590164,0.0,0.0,0,0.0,0.7383200193665094,0.0,1e-06,1.0,Katashi,0.6846337767366437,0.7383200193665094,2.0
2022-02-18,0.26154652111173854,3.0,0.3278688524590164,0.0,0.0,0,0.0,0.7383200193665094,0.0,1e-06,1.0,Katashi,0.6846337767366437,0.7383200193665094,2.0
2022-02-22,0.2674352217830479,3.0,0.3278688524590164,0.0,0.0,0,0.0,0.7383200193665094,0.0,1e-06,1.0,Katashi,0.6846337767366437,0.7383200193665094,2.0
2022-02-23,0.30517535604492124,3.0,0.3278688524590164,0.0,0.0,0,0.0,0.7383200193665094,0.0,1e-06,1.0,Katashi,0.6846337767366437,0.7383200193665094,2.0
2022-02-24,0.2639544513457558,2.0,0.48780487804878053,0.0,0.0,0,0.0,0.4962478818697894,0.0,1e-06,0.018432631483110362,Nagare,0.6846337767366437,0.7383200193665094,2.0
2022-02-25,0.30057406361754185,2.0,0.48780487804878053,0.0,0.0,0,0.0,0.4962478818697894,0.0,1e-06,1.0,Nagare,0.6846337767366437,0.7383200193665094,2.0
2022-02-28,0.2694378568291612,2.0,0.48780487804878053,0.0,0.0,0,0.0,0.4962478818697894,0.0,1e-06,1.0,Nagare,0.6846337767366437,0.7383200193665094,2.0
2022-03-01,0.2486724386724387,2.0,0.48780487804878053,0.0,0.0,0,0.0,0.4962478818697894,0.0,1e-06,1.0,Nagare,0.6846337767366437,0.7383200193665094,2.0
2022-03-02,0.2276209297948428,2.0,0.48780487804878053,0.0,0.0,0,0.0,0.4962478818697894,0.0,1e-06,1.0,Nagare,0.6846337767366437,0.7383200193665094,2.0
2022-03-03,0.2107415772633164,2.0,0.48780487804878053,0.0,0.0,0,0.0,0.4962478818697894,0.0,1e-06,1.0,Nagare,0.6846337767366437,0.7383200193665094,2.0
2022-03-04,0.19274170274170277,2.0,0.48780487804878053,0.0,0.0,0,0.0,0.4962478818697894,0.0,1e-06,1.0,Nagare,0.6846337767366437,0.7383200193665094,2.0
2022-03-07,0.21634418721375248,2.0,0.48780487804878053,0.0,0.0,0,0.0,0.4962478818697894,0.0,1e-06,1.0,Nagare,0.6846337767366437,0.7383200193665094,2.0
2022-03-08,0.19994165255034824,2.0,0.48780487804878053,0.0,0.0,0,0.0,0.4962478818697894,0.0,1e-06,1.0,Nagare,0.6846337767366437,0.7383200193665094,2.0
2022-03-09,0.22557061296191733,1.0,0.9523809523809523,0.0,0.0,0,0.0,0.25417574437258533,0.0,1e-06,0.1955263417020865,Nagare,0.6846337767366437,0.7383200193665094,2.0
2022-03-10,0.22650040780475564,2.0,0.48780487804878053,0.0,0.0,0,0.0,0.4962478818697894,0.0,1e-06,0.05608194882815132,Nagare,0.6846337767366437,0.7383200193665094,2.0
2022-03-11,0.2206355480268524,2.0,0.48780487804878053,0.0,0.0,0,0.0,0.4962478818697894,0.0,1e-06,1.0,Nagare,0.6846337767366437,0.7383200193665094,2.0
2022-03-14,0.1885695463956334,2.0,0.48780487804878053,0.0,0.0,0,0.0,0.4962478818697894,0.0,1e-06,1.0,Nagare,0.6846337767366437,0.7383200193665094,2.0
2022-03-15,0.20401844532279317,2.0,0.48780487804878053,0.0,0.0,0,0.0,0.4962478818697894,0.0,1e-06,1.0,Nagare,0.6846337767366437,0.7383200193665094,2.0
2022-03-16,0.27010540184453236,2.0,0.48780487804878053,0.0,0.0,0,0.0,0.4962478818697894,0.0,1e-06,1.0,Nagare,0.6846337767366437,0.7383200193665094,2.0
2022-03-17,0.28078612209046994,2.0,0.48780487804878053,0.0,0.0,0,0.0,0.4962478818697894,0.0,1e-06,1.0,Nagare,0.6846337767366437,0.7383200193665094,2.0
2022-03-18,0.2878668674320849,2.0,0.48780487804878053,0.0,0.0,0,0.0,0.4962478818697894,0.0,1e-06,1.0,Nagare,0.6846337767366437,0.7383200193665094,2.0
2022-03-21,0.2745874898048812,2.0,0.48780487804878053,0.0,0.0,0,0.0,0.4962478818697894,0.0,1e-06,1.0,Nagare,0.6846337767366437,0.7383200193665094,2.0
2022-03-22,0.28283643892339544,3.0,0.3278688524590164,0.0,0.0,0,0.0,0.7383200193665094,0.0,1e-06,0.008372645958856895,Katashi,0.6846337767366437,0.7383200193665094,2.0
2022-03-23,0.2662431771127423,2.0,0.48780487804878053,0.0,0.0,0,0.0,0.4962478818697894,0.0,1e-06,0.018432631483110362,Nagare,0.6846337767366437,0.7383200193665094,2.0
2022-03-24,0.27530271660706446,2.0,0.48780487804878053,0.0,0.0,0,0.0,0.4962478818697894,0.0,1e-06,1.0,Nagare,0.6846337767366437,0.7383200193665094,2.0
2022-03-25,0.2661954953259301,2.0,0.48780487804878053,0.0,0.0,0,0.0,0.4962478818697894,0.0,1e-06,1.0,Nagare,0.6846337767366437,0.7383200193665094,2.0
2022-03-28,0.2788073279377628,3.0,0.3278688524590164,0.0,0.0,0,0.0,0.7383200193665094,0.0,1e-06,0.008372645958856895,Katashi,0.6846337767366437,0.7383200193665094,2.0
2022-03-29,0.26054520358868183,3.0,0.3278688524590164,0.0,0.0,0,0.0,0.7383200193665094,0.0,1e-06,1.0,Katashi,0.6846337767366437,0.7383200193665094,2.0
2022-03-30,0.27473053516531776,3.0,0.3278688524590164,0.0,0.0,0,0.0,0.7383200193665094,0.0,1e-06,1.0,Katashi,0.6846337767366437,0.7383200193665094,2.0
2022-03-31,0.30555681033941906,3.0,0.3278688524590164,0.0,0.0,0,0.0,0.7383200193665094,0.0,1e-06,1.0,Katashi,0.6846337767366437,0.7383200193665094,2.0
2022-04-01,0.3246295250643077,2.0,0.48780487804878053,0.0,0.0,0,0.0,0.4962478818697894,0.0,1e-06,0.018432631483110362,Nagare,0.6846337767366437,0.7383200193665094,2.0
2022-04-04,0.3387910157475375,3.0,0.3278688524590164,1.8890145001977312e-10,0.9999999998100986,1,3.587265509417365e-20,0.7383200193665094,0.5,1e-06,0.12261136188019184,Katashi,0.6846337767366437,0.7383200193665094,2.0
2022-04-05,0.38458937198067644,2.5,0.3921568627450981,7.051526029499778e-11,0.9999999999284848,1,5.042915635027724e-21,0.6172839506182098,0.5,1e-06,0.09290964476470387,Nagare,0.6846337767366437,0.7383200193665094,2.0
2022-04-06,0.3939111613024657,2.5,0.3921568627450981,3.575539864119296e-11,0.9999999999632446,1,1.314203139685029e-21,0.6172839506182098,0.5,1e-06,1.0,Nagare,0.6846337767366437,0.7383200193665094,2.0
2022-04-07,0.40587928979233323,3.0,0.3278688524590164,8.200318201911659e-11,0.9999999999169968,1,6.806523229510481e-21,0.7383200193665094,0.5,1e-06,0.06753717683658811,Katashi,0.6846337767366437,0.7383200193665094,2.0
2022-04-08,0.3984647719430329,2.0,0.48780487804878053,0.0,0.0,0,0.0,0.4962478818697894,0.0,1e-06,0.3460437371014118,Nagare,0.6846337767366437,0.7383200193665094,2.0
2022-04-11,0.3798450341928603,2.0,0.48780487804878053,0.0,0.0,0,0.0,0.4962478818697894,0.0,1e-06,1.0,Nagare,0.6846337767366437,0.7383200193665094,2.0
2022-04-12,0.35912729782295005,2.0,0.48780487804878053,0.0,0.0,0,0.0,0.4962478818697894,0.0,1e-06,1.0,Nagare,0.6846337767366437,0.7383200193665094,2.0
2022-04-13,0.368162996423866,2.0,0.48780487804878053,1.6766166231717469e-10,0.9999999998313384,1,2.827809096669575e-20,0.4962478818697894,0.5,1e-06,0.5221022946988934,Nagare,0.6846337767366437,0.7383200193665094,2.0
2022-04-14,0.36692326996674823,2.0,0.48780487804878053,1.8580248450725578e-11,0.9999999999804198,1,3.638054699179122e-22,0.4962478818697894,0.5,1e-06,1.0,Nagare,0.6846337767366437,0.7383200193665094,2.0
2022-04-18,0.29661647531212754,2.0,0.48780487804878053,1.9208190593441075e-11,0.9999999999797918,1,3.881623515530953e-22,0.4962478818697894,0.5,1e-06,1.0,Nagare,0.6846337767366437,0.7383200193665094,2.0
2022-04-19,0.262285588807328,2.0,0.48780487804878053,1.8736234785682346e-11,0.9999999999802638,1,3.6978231425579317e-22,0.4962478818697894,0.5,1e-06,1.0,Nagare,0.6846337767366437,0.7383200193665094,2.0
2022-04-20,0.2771623062927411,3.0,0.3278688524590164,2.7559621251375248e-11,0.9999999999714404,1,7.870917351156272e-22,0.7383200193665094,0.5,1e-06,0.06926482340220042,Katashi,0.6846337767366437,0.7383200193665094,2.0
2022-04-21,0.3050561515778908,2.5,0.3921568627450981,0.0,0.0,0,0.0,0.6172839506182098,0.0,1e-06,0.5963087549706858,Nagare,0.6846337767366437,0.7383200193665094,2.0
2022-04-22,0.3411035824079303,2.5,0.3921568627450981,1.870789079028929e-10,0.9999999998119211,1,3.518559255484348e-20,0.6172839506182098,0.5,1e-06,0.5979880990301847,Nagare,0.6846337767366437,0.7383200193665094,2.0
2022-04-25,0.361487546270155,3.0,0.3278688524590164,3.803246606461287e-11,0.9999999999609676,1,1.4845000997059256e-21,0.7383200193665094,0.5,1e-06,0.06753717683658811,Katashi,0.6846337767366437,0.7383200193665094,2.0
2022-04-26,0.3506876215571868,3.0,0.3278688524590164,8.251987981473412e-11,0.9999999999164801,1,6.892048619258982e-21,0.7383200193665094,0.5,1e-06,1.0,Katashi,0.6846337767366437,0.7383200193665094,2.0
2022-04-27,0.3730265386787126,3.0,0.3278688524590164,4.7839399107603385e-11,0.9999999999511606,1,2.336446447851401e-21,0.7383200193665094,0.5,1e-06,1.0,Katashi,0.6846337767366437,0.7383200193665094,2.0
2022-04-28,0.4064991530208923,2.0,0.48780487804878053,4.8359649616917194e-11,0.9999999999506404,1,2.3870142909481696e-21,0.4962478818697894,0.5,1e-06,0.13777601331979283,Nagare,0.6846337767366437,0.7383200193665094,2.0
2022-04-29,0.43196122717861846,2.0,0.48780487804878053,8.099021453153216e-11,0.9999999999180098,1,6.6404032730244604e-21,0.4962478818697894,0.5,1e-06,1.0,Nagare,0.6846337767366437,0.7383200193665094,2.0
2022-05-02,0.414628897672376,2.0,0.48780487804878053,0.6753194676841869,0.5941315990750998,2,0.27409083246243576,0.4962478818697894,1.0,1e-06,0.15428388036620355,Nagare,0.6846337767366437,0.7383200193665094,2.0
2022-05-03,0.4491505113244246,2.0,0.48780487804878053,0.3199540301910707,0.9023205720987414,2,0.03125292662376581,0.4962478818697894,1.0,1e-06,0.8851296834226529,Nagare,0.6846337767366437,0.7383200193665094,2.0
2022-05-04,0.512948742079177,1.0,0.9523809523809523,1.1589063042470954e-11,0.999999999987411,1,1.4589518887574053e-22,0.25417574437258533,0.5,1e-06,0.11918370582664006,Nagare,0.6846337767366437,0.7383200193665094,2.0
2022-05-05,0.5472319467971641,2.0,0.48780487804878053,4.801226083252907e-11,0.9999999999509878,1,2.353188389027181e-21,0.4962478818697894,0.5,1e-06,0.17084775708209676,Nagare,0.6846337767366437,0.7383200193665094,2.0
2022-05-06,0.531902252337035,3.0,0.3278688524590164,3.113642676970157e-11,0.9999999999678636,1,1.0006128099794339e-21,0.7383200193665094,0.5,1e-06,0.06926482340220042,Katashi,0.6846337767366437,0.7383200193665094,2.0
2022-05-09,0.5106123345253779,3.0,0.3278688524590164,3.815403548580458e-11,0.999999999960846,1,1.4938836153341715e-21,0.7383200193665094,0.5,1e-06,1.0,Katashi,0.6846337767366437,0.7383200193665094,2.0
2022-05-10,0.49227868749607884,3.0,0.3278688524590164,3.729783148924681e-11,0.9999999999617022,1,1.4284252402246425e-21,0.7383200193665094,0.5,1e-06,1.0,Katashi,0.6846337767366437,0.7383200193665094,2.0
2022-05-11,0.4882972582972584,2.0,0.48780487804878053,7.581080207746212e-11,0.9999999999231892,1,5.8230868368638525e-21,0.4962478818697894,0.5,1e-06,0.13777601331979283,Nagare,0.6846337767366437,0.7383200193665094,2.0
2022-05-12,0.4894654620741578,2.0,0.48780487804878053,2.9939495326890936e-11,0.9999999999690605,1,9.263122134569938e-22,0.4962478818697894,0.5,1e-06,1.0,Nagare,0.6846337767366437,0.7383200193665094,2.0
2022-05-13,0.476615220528264,1.5,0.6451612903225806,1.4776624368427032e-11,0.9999999999842234,1,2.331249252115016e-22,0.37521181312124796,0.5,1e-06,0.23422933803138402,Nagare,0.6846337767366437,0.7383200193665094,2.0
2022-05-16,0.48443503356546835,2.0,0.48780487804878053,1.2274514737865661e-11,0.9999999999867255,1,1.6293795525564266e-22,0.4962478818697894,0.5,1e-06,0.15255845697569148,Nagare,0.6846337767366437,0.7383200193665094,2.0
2022-05-17,0.4662205910031998,2.0,0.48780487804878053,1.1121548126807078e-11,0.9999999999878785,1,1.3481013483672962e-22,0.4962478818697894,0.5,1e-06,1.0,Nagare,0.6846337767366437,0.7383200193665094,2.0
2022-05-18,0.4506286467156034,1.5,0.6451612903225806,0.0,0.0,0,0.0,0.37521181312124796,0.0,1e-06,0.6142381177446068,Nagare,0.6846337767366437,0.7383200193665094,2.0
2022-05-19,0.4670073404856013,2.0,0.48780487804878053,2.5973223571532413e-11,0.9999999999730268,1,7.005809917053923e-22,0.4962478818697894,0.5,1e-06,0.2161880907993251,Nagare,0.6846337767366437,0.7383200193665094,2.0
2022-05-20,0.44915051132442435,1.5,0.6451612903225806,2.299183066127999e-11,0.9999999999760082,1,5.516155992060173e-22,0.37521181312124796,0.5,1e-06,0.23422933803138402,Nagare,0.6846337767366437,0.7383200193665094,2.0
2022-05-23,0.4283850931677019,2.0,0.48780487804878053,2.799271925326906e-11,0.9999999999710073,1,8.115844312102596e-22,0.4962478818697894,0.5,1e-06,0.15255845697569148,Nagare,0.6846337767366437,0.7383200193665094,2.0
2022-05-24,0.4037574502791895,2.0,0.48780487804878053,0.4700239748882279,0.8209013476135546,2,0.08418066049180208,0.4962478818697894,1.0,1e-06,0.2712583501501771,Nagare,0.6846337767366437,0.7383200193665094,2.0
2022-05-25,0.4116964677834243,1.0,0.9523809523809523,3.574485152245941e-11,0.9999999999632552,1,1.3134384711716403e-21,0.25417574437258533,0.5,1e-06,0.2331688306089189,Nagare,0.6846337767366437,0.7383200193665094,2.0
2022-05-26,0.40559319907146,2.0,0.48780487804878053,3.658007230385388e-11,0.99999999996242,1,1.3746809528707219e-21,0.4962478818697894,0.5,1e-06,0.17084775708209676,Nagare,0.6846337767366437,0.7383200193665094,2.0
2022-05-27,0.4001097935880545,2.0,0.48780487804878053,0.5667853450476017,0.7459087707426374,2,0.14401518504820354,0.4962478818697894,1.0,1e-06,0.24374605365310797,Nagare,0.6846337767366437,0.7383200193665094,2.0
2022-05-31,0.40764351590438547,2.0,0.48780487804878053,0.6922768098949776,0.5208580694732713,2,0.33169884715196474,0.4962478818697894,1.0,1e-06,0.22476189805208457,Nagare,0.6846337767366437,0.7383200193665094,2.0
2022-06-01,0.37650730911600466,2.0,0.48780487804878053,0.6886338992765304,0.5474683435936201,2,0.3116286390971925,0.4962478818697894,1.0,1e-06,0.24454163650945215,Nagare,0.6846337767366437,0.7383200193665094,2.0
2022-06-02,0.3850185080619864,2.0,0.48780487804878053,0.6798142435106352,0.5814664812414723,2,0.2845250474386728,0.4962478818697894,1.0,1e-06,0.27496445130348524,Nagare,0.6846337767366437,0.7383200193665094,2.0
2022-06-03,0.3936489114749985,2.0,0.48780487804878053,0.48875126498309474,0.8082495072500933,2,0.09371829589264866,0.4962478818697894,1.0,1e-06,0.6723801613699933,Nagare,0.6846337767366437,0.7383200193665094,2.0
2022-06-06,0.34277244494635806,2.0,0.48780487804878053,0.5444247373555268,0.7656960866649424,2,0.12756084647881086,0.4962478818697894,1.0,1e-06,0.5731765953329766,Nagare,0.6846337767366437,0.7383200193665094,2.0
2022-06-07,0.3104680343810778,2.5,0.3921568627450981,2.0250134902030184e-11,0.9999999999787499,1,4.303176504891965e-22,0.6172839506182098,0.5,1e-06,0.9989151263449654,Nagare,0.6846337767366437,0.7383200193665094,2.0
2022-06-08,0.3381949934123847,2.0,0.48780487804878053,2.801873177520255e-10,0.9999999997188127,1,7.878511415967764e-20,0.4962478818697894,0.5,1e-06,0.14040896254235824,Nagare,0.6846337767366437,0.7383200193665094,2.0
2022-06-09,0.35021080368906465,2.0,0.48780487804878053,0.0,0.0,0,0.0,0.4962478818697894,0.0,1e-06,1.0,Nagare,0.6846337767366437,0.7383200193665094,2.0
2022-06-10,0.3798211932994542,2.0,0.48780487804878053,0.0,0.0,0,0.0,0.4962478818697894,0.0,1e-06,1.0,Nagare,0.6846337767366437,0.7383200193665094,2.0
2022-06-13,0.452512077294686,2.0,0.48780487804878053,0.0,0.0,0,0.0,0.4962478818697894,0.0,1e-06,1.0,Nagare,0.6846337767366437,0.7383200193665094,2.0
2022-06-14,0.4460750360750361,2.0,0.48780487804878053,0.0,0.0,0,0.0,0.4962478818697894,0.0,1e-06,1.0,Nagare,0.6846337767366437,0.7383200193665094,2.0
2022-06-15,0.4923740510697032,2.0,0.48780487804878053,0.0,0.0,0,0.0,0.4962478818697894,0.0,1e-06,1.0,Nagare,0.6846337767366437,0.7383200193665094,2.0
2022-06-16,0.47492251709643024,2.0,0.48780487804878053,0.0,0.0,0,0.0,0.4962478818697894,0.0,1e-06,1.0,Nagare,0.6846337767366437,0.7383200193665094,2.0
2022-06-17,0.4917065060543323,2.0,0.48780487804878053,0.0,0.0,0,0.0,0.4962478818697894,0.0,1e-06,1.0,Nagare,0.6846337767366437,0.7383200193665094,2.0
2022-06-21,0.47790262877219414,3.0,0.3278688524590164,0.0,0.0,0,0.0,0.7383200193665094,0.0,1e-06,0.008372645958856895,Katashi,0.6846337767366437,0.7383200193665094,2.0
2022-06-22,0.47911851433590574,3.0,0.3278688524590164,0.0,0.0,0,0.0,0.7383200193665094,0.0,1e-06,1.0,Katashi,0.6846337767366437,0.7383200193665094,2.0
2022-06-23,0.4726814731162558,2.0,0.48780487804878053,0.0,0.0,0,0.0,0.4962478818697894,0.0,1e-06,0.018432631483110362,Nagare,0.6846337767366437,0.7383200193665094,2.0
2022-06-24,0.4779264696656002,2.0,0.48780487804878053,0.0,0.0,0,0.0,0.4962478818697894,0.0,1e-06,1.0,Nagare,0.6846337767366437,0.7383200193665094,2.0
2022-06-27,0.482885375494071,3.0,0.3278688524590164,0.0,0.0,0,0.0,0.7383200193665094,0.0,1e-06,0.008372645958856895,Katashi,0.6846337767366437,0.7383200193665094,2.0
2022-06-28,0.4726099504360373,1.0,0.9523809523809523,0.0,0.0,0,0.0,0.25417574437258533,0.0,1e-06,0.15524861372255339,Nagare,0.6846337767366437,0.7383200193665094,2.0
2022-06-29,0.47020202020202023,2.0,0.48780487804878053,0.0,0.0,0,0.0,0.4962478818697894,0.0,1e-06,0.05608194882815132,Nagare,0.6846337767366437,0.7383200193665094,2.0
2022-06-30,0.45265512265512264,2.0,0.48780487804878053,6.846612165859159e-11,0.9999999999305339,1,4.756074422204433e-21,0.4962478818697894,0.5,1e-06,0.5221022946988934,Nagare,0.6846337767366437,0.7383200193665094,2.0
2022-07-01,0.49356609574000876,2.0,0.48780487804878053,6.22625284643053e-11,0.9999999999367375,1,3.938883602003065e-21,0.4962478818697894,0.5,1e-06,1.0,Nagare,0.6846337767366437,0.7383200193665094,2.0
2022-07-05,0.4946150950498778,1.0,0.9523809523809523,9.077416595749377e-11,0.9999999999082259,1,8.330721363537648e-21,0.25417574437258533,0.5,1e-06,0.42506933770384414,Nagare,0.6846337767366437,0.7383200193665094,2.0
2022-07-06,0.484554238032499,1.0,0.9523809523809523,0.0,0.0,0,0.0,0.25417574437258533,0.0,1e-06,1.0,Nagare,0.6846337767366437,0.7383200193665094,2.0
2022-07-07,0.47959533220402795,2.0,0.48780487804878053,0.0,0.0,0,0.0,0.4962478818697894,0.0,1e-06,0.05608194882815132,Nagare,0.6846337767366437,0.7383200193665094,2.0
2022-07-08,0.48312378442813225,2.0,0.48780487804878053,6.456268852657553e-11,0.9999999999344373,1,4.232902010207186e-21,0.4962478818697894,0.5,1e-06,0.5221022946988934,Nagare,0.6846337767366437,0.7383200193665094,2.0
2022-07-11,0.45029487420791775,2.0,0.48780487804878053,3.1684876943848613e-11,0.9999999999673151,1,1.035615602983607e-21,0.4962478818697894,0.5,1e-06,1.0,Nagare,0.6846337767366437,0.7383200193665094,2.0
2022-07-12,0.4374207917686179,2.0,0.48780487804878053,2.1332713373318583e-11,0.9999999999776673,1,4.764169013304786e-22,0.4962478818697894,0.5,1e-06,1.0,Nagare,0.6846337767366437,0.7383200193665094,2.0
2022-07-13,0.3991323169584039,2.0,0.48780487804878053,8.281486607235234e-11,0.9999999999161852,1,6.94111507693756e-21,0.4962478818697894,0.5,1e-06,1.0,Nagare,0.6846337767366437,0.7383200193665094,2.0
2022-07-14,0.4203030303030304,2.0,0.48780487804878053,5.277667192141402e-12,0.9999999999937224,1,3.313132143217195e-23,0.4962478818697894,0.5,1e-06,1.0,Nagare,0.6846337767366437,0.7383200193665094,2.0
2022-07-15,0.377627831106092,2.0,0.48780487804878053,1.487565626222203e-11,0.9999999999841244,1,2.361604764207702e-22,0.4962478818697894,0.5,1e-06,1.0,Nagare,0.6846337767366437,0.7383200193665094,2.0
2022-07-18,0.35431143735491566,1.0,0.9523809523809523,1.7296941656585664e-11,0.9999999999817031,1,3.1648074969269845e-22,0.25417574437258533,0.5,1e-06,0.42506933770384414,Nagare,0.6846337767366437,0.7383200193665094,2.0
2022-07-19,0.3184308927787189,1.5,0.6451612903225806,2.948230548536434e-11,0.9999999999695177,1,8.986879900320803e-22,0.37521181312124796,0.5,1e-06,0.2800948930606749,Nagare,0.6846337767366437,0.7383200193665094,2.0
2022-07-20,0.33662149444758144,1.0,0.9523809523809523,0.31739363604619086,0.9034688257960928,2,0.03063838037238638,0.25417574437258533,1.0,1e-06,0.3323033552795971,Nagare,0.6846337767366437,0.7383200193665094,2.0
2022-07-21,0.386210552732292,1.0,0.9523809523809523,1.3088863326417073e-11,0.9999999999859112,1,1.8440691695716415e-22,0.25417574437258533,0.5,1e-06,0.3315108172709339,Nagare,0.6846337767366437,0.7383200193665094,2.0
2022-07-22,0.3899535729970513,1.5,0.6451612903225806,8.831602116240366e-12,0.9999999999901684,1,8.682860268601384e-23,0.37521181312124796,0.5,1e-06,0.2800948930606749,Nagare,0.6846337767366437,0.7383200193665094,2.0
2022-07-25,0.39577075098814235,1.0,0.9523809523809523,0.5196788210291967,0.7856380905005335,2,0.11139934440225013,0.25417574437258533,1.0,1e-06,0.2667481723373626,Nagare,0.6846337767366437,0.7383200193665094,2.0
2022-07-26,0.4252380952380953,1.0,0.9523809523809523,0.5126687132691894,0.7909699554637089,2,0.10716316396702173,0.25417574437258533,1.0,1e-06,0.5675876895543399,Nagare,0.6846337767366437,0.7383200193665094,2.0
2022-07-27,0.451653805132066,1.0,0.9523809523809523,0.587719231986738,0.7254631802111019,2,0.1613505688784127,0.25417574437258533,1.0,1e-06,0.41459656719279825,Nagare,0.6846337767366437,0.7383200193665094,2.0
2022-07-28,0.4682947487295313,2.0,0.48780487804878053,0.3878999419741099,0.869202485263818,2,0.05073634837652276,0.4962478818697894,1.0,1e-06,0.7441579771634345,Nagare,0.6846337767366437,0.7383200193665094,2.0
2022-07-29,0.47487483530961794,2.0,0.48780487804878053,1.9568124898017213e-11,0.9999999999794319,1,4.0247920404596537e-22,0.4962478818697894,0.5,1e-06,0.5742588268497499,Nagare,0.6846337767366437,0.7383200193665094,2.0
2022-08-01,0.47239538239538237,2.0,0.48780487804878053,0.47530878917473457,0.817402926774887,2,0.0867899937814788,0.4962478818697894,1.0,1e-06,0.2707344958076684,Nagare,0.6846337767366437,0.7383200193665094,2.0
2022-08-02,0.5204824643955079,2.0,0.48780487804878053,0.5004609831579798,0.7999577541342338,2,0.1001133390391117,0.4962478818697894,1.0,1e-06,0.652645411267877,Nagare,0.6846337767366437,0.7383200193665094,2.0
2022-08-03,0.5310678210678211,2.0,0.48780487804878053,0.667886408591088,0.744674477248958,3,0.17052844641183562,0.4962478818697894,1.5,1e-06,0.12129354079622368,Nagare,0.6846337767366437,0.7383200193665094,2.0
2022-08-04,0.521531463705377,2.0,0.48780487804878053,0.7601247690682249,0.6961157627743182,3,0.23098993564464507,0.4962478818697894,1.5,1e-06,0.4492450641165021,Nagare,0.6846337767366437,0.7383200193665094,2.0
2022-08-05,0.47628144802057854,2.0,0.48780487804878053,0.0,0.0,0,0.0,0.4962478818697894,0.0,1e-06,1.0,Nagare,0.6846337767366437,0.7383200193665094,2.0
2022-08-08,0.4719185645272602,2.0,0.48780487804878053,0.0,0.0,0,0.0,0.4962478818697894,0.0,1e-06,1.0,Nagare,0.6846337767366437,0.7383200193665094,2.0
2022-08-09,0.4489836250705816,2.0,0.48780487804878053,0.0,0.0,0,0.0,0.4962478818697894,0.0,1e-06,1.0,Nagare,0.6846337767366437,0.7383200193665094,2.0
2022-08-10,0.45396637179245886,3.0,0.3278688524590164,0.0,0.0,0,0.0,0.7383200193665094,0.0,1e-06,0.008372645958856895,Katashi,0.6846337767366437,0.7383200193665094,2.0
2022-08-11,0.4399002446828533,3.0,0.3278688524590164,0.0,0.0,0,0.0,0.7383200193665094,0.0,1e-06,1.0,Katashi,0.6846337767366437,0.7383200193665094,2.0
2022-08-12,0.4579716418846854,3.0,0.3278688524590164,0.0,0.0,0,0.0,0.7383200193665094,0.0,1e-06,1.0,Katashi,0.6846337767366437,0.7383200193665094,2.0
2022-08-15,0.42144739318652363,3.0,0.3278688524590164,0.0,0.0,0,0.0,0.7383200193665094,0.0,1e-06,1.0,Katashi,0.6846337767366437,0.7383200193665094,2.0
2022-08-16,0.390740322479453,3.0,0.3278688524590164,0.0,0.0,0,0.0,0.7383200193665094,0.0,1e-06,1.0,Katashi,0.6846337767366437,0.7383200193665094,2.0
2022-08-17,0.42638245812158865,3.0,0.3278688524590164,0.0,0.0,0,0.0,0.7383200193665094,0.0,1e-06,1.0,Katashi,0.6846337767366437,0.7383200193665094,2.0
2022-08-18,0.4207560072777464,3.0,0.3278688524590164,0.0,0.0,0,0.0,0.7383200193665094,0.0,1e-06,1.0,Katashi,0.6846337767366437,0.7383200193665094,2.0
2022-08-19,0.48228935315891835,4.0,0.2469135802469136,0.0,0.0,0,0.0,0.9803921568627451,0.0,0.1620731074962357,0.0023656677178482965,Katashi,0.6846337767366437,0.7383200193665094,2.0
2022-08-22,0.5028402032749859,3.0,0.3278688524590164,0.0,0.0,0,0.0,0.7383200193665094,0.0,0.15721091427134865,0.004167318791530983,Katashi,0.6846337767366437,0.7383200193665094,2.0
2022-08-23,0.515547399460443,4.0,0.2469135802469136,0.0,0.0,0,0.0,0.9803921568627451,0.0,0.3145667243394439,0.0023656677178482965,Katashi,0.6846337767366437,0.7383200193665094,2.0
2022-08-24,0.5137354915615786,3.0,0.3278688524590164,0.0,0.0,0,0.0,0.7383200193665094,0.0,0.3051297226092606,0.004167318791530983,Katashi,0.6846337767366437,0.7383200193665094,2.0
2022-08-25,0.5308294121337599,3.0,0.3278688524590164,0.0,0.0,0,0.0,0.7383200193665094,0.0,0.29597583093098273,1.0,Katashi,0.6846337767366437,0.7383200193665094,2.0
2022-08-26,0.5384346571303094,3.0,0.3278688524590164,0.0,0.0,0,0.0,0.7383200193665094,0.0,0.2870965560030532,1.0,Katashi,0.6846337767366437,0.7383200193665094,2.0
2022-08-29,0.5463975155279504,4.0,0.2469135802469136,2.4286450625378995e-10,0.9999999997561355,1,5.922602753879178e-20,0.9803921568627451,0.5,0.4405557968191973,0.1609389031392936,Katashi,0.6846337767366437,0.7383200193665094,2.0
2022-08-30,0.5294466403162056,4.0,0.2469135802469136,1.2469392184675824e-10,0.9999999998743061,1,1.5673265309913125e-20,0.9803921568627451,0.5,0.5894112604108571,1.0,Katashi,0.6846337767366437,0.7383200193665094,2.0
2022-08-31,0.5478756509191293,4.0,0.2469135802469136,5.118830913381319e-10,0.9999999994871169,1,2.625361710328109e-19,0.9803921568627451,0.5,0.7338010600947671,1.0,Katashi,0.6846337767366437,0.7383200193665094,2.0
2022-09-01,0.5133301963736747,3.0,0.3278688524590164,0.0,0.0,0,0.0,0.7383200193665094,0.0,0.7117870282919241,0.33736237082846243,Katashi,0.6846337767366437,0.7383200193665094,2.0
2022-09-02,0.4562074157726332,3.0,0.3278688524590164,7.991407535385064e-11,0.999999999919086,1,6.4661717474395235e-21,0.7383200193665094,0.5,0.6904334174431663,0.6549755276992266,Katashi,0.6846337767366437,0.7383200193665094,2.0
2022-09-06,0.4803820816864296,2.0,0.48780487804878053,5.621264563351171e-10,0.9999999994368736,1,3.1654826702213537e-19,0.4962478818697894,0.5,0.6697204149198713,0.13777601331979283,Utsuroi,0.6846337767366437,0.7383200193665094,2.0
2022-09-07,0.5639205721814419,2.0,0.48780487804878053,0.0,0.0,0,0.0,0.4962478818697894,0.0,0.6496288024722752,1.0,Utsuroi,0.6846337767366437,0.7383200193665094,2.0
2022-09-08,0.5733854068636677,1.0,0.9523809523809523,0.0,0.0,0,0.0,0.25417574437258533,0.0,0.6301399383981069,0.1955263417020865,Utsuroi,0.6846337767366437,0.7383200193665094,2.0
2022-09-09,0.5982276177928352,1.0,0.9523809523809523,0.0,0.0,0,0.0,0.25417574437258533,0.0,0.6112357402461637,1.0,Utsuroi,0.6846337767366437,0.7383200193665094,2.0
2022-09-12,0.5952475061170713,3.0,0.3278688524590164,0.0,0.0,0,0.0,0.7383200193665094,0.0,0.5928986680387788,0.020408441387307463,Katashi,0.6846337767366437,0.7383200193665094,2.0
2022-09-13,0.6368737060041408,1.0,0.9523809523809523,6.63183952176011e-11,0.9999999999326816,1,4.464446472528797e-21,0.25417574437258533,0.5,0.5751117079976154,0.8115768885743908,Utsuroi,0.6846337767366437,0.7383200193665094,2.0
2022-09-14,0.5891203965117009,1.0,0.9523809523809523,1.1195300241768024e-10,0.999999999887047,1,1.2645425276871924e-20,0.25417574437258533,0.5,0.5578583567576869,1.0,Utsuroi,0.6846337767366437,0.7383200193665094,2.0
2022-09-15,0.5697854319593451,1.0,0.9523809523809523,0.0,0.0,0,0.0,0.25417574437258533,0.0,0.5411226060549563,1.0,Utsuroi,0.6846337767366437,0.7383200193665094,2.0
2022-09-16,0.5498306041784303,1.0,0.9523809523809523,0.6653848394416455,0.6172698985005962,2,0.25466280713566547,0.25417574437258533,1.0,0.5248889278733077,0.04607881363620003,Utsuroi,0.6846337767366437,0.7383200193665094,2.0
2022-09-19,0.5631815044858524,2.0,0.48780487804878053,0.0,0.0,0,0.0,0.4962478818697894,0.0,0.5091422600371084,0.7445735215689469,Utsuroi,0.6846337767366437,0.7383200193665094,2.0
2022-09-20,0.5889773511512642,1.0,0.9523809523809523,0.0,0.0,0,0.0,0.25417574437258533,0.0,0.49386799223599515,0.1955263417020865,Utsuroi,0.6846337767366437,0.7383200193665094,2.0
2022-09-21,0.5343817052512704,2.0,0.48780487804878053,0.0,0.0,0,0.0,0.4962478818697894,0.0,0.4790519524689153,0.05608194882815132,Utsuroi,0.6846337767366437,0.7383200193665094,2.0
2022-09-22,0.5342386598908337,1.0,0.9523809523809523,1.60768287558416e-10,0.9999999998382317,1,2.6007207017656376e-20,0.25417574437258533,0.5,0.46468039389484783,0.8711125049505274,Utsuroi,0.6846337767366437,0.7383200193665094,2.0
2022-09-23,0.5433935629587804,2.0,0.48780487804878053,5.396116886506878e-11,0.9999999999450389,1,2.9657677205171362e-21,0.4962478818697894,0.5,0.45073998207800237,0.17084775708209676,Utsuroi,0.6846337767366437,0.7383200193665094,2.0
2022-09-26,0.5613219148001757,2.0,0.48780487804878053,1.6422196935499123e-11,0.9999999999825778,1,2.8611038583905566e-22,0.4962478818697894,0.5,0.4372177826156623,1.0,Utsuroi,0.6846337767366437,0.7383200193665094,2.0
2022-09-27,0.5212930547713156,2.0,0.48780487804878053,1.8130386081156173e-11,0.9999999999808696,1,3.4684088446091957e-22,0.4962478818697894,0.5,0.42410124913719244,1.0,Utsuroi,0.6846337767366437,0.7383200193665094,2.0
2022-09-28,0.5705960223351528,2.0,0.48780487804878053,1.8175128069047707e-11,0.9999999999808249,1,3.485100063335695e-22,0.4962478818697894,0.5,0.41137821166307664,1.0,Utsuroi,0.6846337767366437,0.7383200193665094,2.0
2022-09-29,0.5747920195746283,2.0,0.48780487804878053,0.14424541406739,0.9672292527398603,2,0.004727030007836642,0.4962478818697894,1.0,0.39903686531318433,0.2638295097311626,Utsuroi,0.6846337767366437,0.7383200193665094,2.0
2022-09-30,0.5890011920446704,2.0,0.48780487804878053,2.196953730022915e-11,0.9999999999770305,1,5.046296204882182e-22,0.4962478818697894,0.5,0.3870657593537888,0.5226407146451838,Utsuroi,0.6846337767366437,0.7383200193665094,2.0
2022-10-03,0.6371597967250142,2.0,0.48780487804878053,3.506850365588239e-11,0.9999999999639315,1,1.2648676765656892e-21,0.4962478818697894,0.5,0.37545378657317513,1.0,Utsuroi,0.6846337767366437,0.7383200193665094,2.0
2022-10-04,0.6587119643641384,2.0,0.48780487804878053,5.0912718484215924e-11,0.9999999999480873,1,2.6430164957289065e-21,0.4962478818697894,0.5,0.3641901729759799,1.0,Utsuroi,0.6846337767366437,0.7383200193665094,2.0
2022-10-05,0.6556364891147501,2.0,0.48780487804878053,2.485320837708007e-10,0.9999999997504679,1,6.201672325700737e-20,0.4962478818697894,0.5,0.35326446778670045,1.0,Utsuroi,0.6846337767366437,0.7383200193665094,2.0
2022-10-06,0.6545398080180691,2.0,0.48780487804878053,0.0,0.0,0,0.0,0.4962478818697894,0.0,0.3426665337530994,1.0,Utsuroi,0.6846337767366437,0.7383200193665094,2.0
2022-10-07,0.6342512077294687,2.0,0.48780487804878053,0.0,0.0,0,0.0,0.4962478818697894,0.0,0.3323865377405064,1.0,Utsuroi,0.6846337767366437,0.7383200193665094,2.0
2022-10-10,0.6338697534349709,1.5,0.6451612903225806,0.0,0.0,0,0.0,0.37521181312124796,0.0,0.3224149416082912,0.06084624102477498,Utsuroi,0.6846337767366437,0.7383200193665094,2.0
2022-10-11,0.5810144927536233,1.0,0.9523809523809523,0.0,0.0,0,0.0,0.25417574437258533,0.0,0.31274249336004245,0.23774634517990623,Utsuroi,0.6846337767366437,0.7383200193665094,2.0
2022-10-12,0.5911468724512202,1.0,0.9523809523809523,0.0,0.0,0,0.0,0.25417574437258533,0.0,0.30336021855924117,1.0,Utsuroi,0.6846337767366437,0.7383200193665094,2.0
2022-10-13,0.5738145429449778,1.0,0.9523809523809523,1.0843215214536886e-11,0.9999999999881568,1,1.2841829153348393e-22,0.25417574437258533,0.5,0.2942594120024639,0.3005350036985702,Utsuroi,0.6846337767366437,0.7383200193665094,2.0
2022-10-14,0.5430359495576887,1.0,0.9523809523809523,0.5263433499340302,0.7804456407818539,2,0.11556097692349847,0.25417574437258533,1.0,0.28543162964239,0.13578224524750582,Utsuroi,0.6846337767366437,0.7383200193665094,2.0
2022-10-17,0.5909799861973776,3.0,0.3278688524590164,0.3680004524249152,0.8794595331538791,2,0.044358946334882965,0.7383200193665094,1.0,0.27686868075311827,0.3211246677508941,Katashi,0.6846337767366437,0.7383200193665094,2.0
2022-10-18,0.6140579710144928,3.0,0.3278688524590164,0.6505451132059646,0.6449026606156676,2,0.23100683884891737,0.7383200193665094,1.0,0.2685626203305247,0.4334012405748503,Katashi,0.6846337767366437,0.7383200193665094,2.0
2022-10-19,0.5860449212623126,2.0,0.48780487804878053,3.8307801374709126e-11,0.9999999999606922,1,1.5057946001339907e-21,0.4962478818697894,0.5,0.2605057417206089,0.5344539584444623,Utsuroi,0.6846337767366437,0.7383200193665094,2.0
2022-10-20,0.5840899680030116,2.0,0.48780487804878053,0.6927707766691968,0.5137178108128002,2,0.33688208988361373,0.4962478818697894,1.0,0.25269056946899066,0.12143275834258427,Utsuroi,0.6846337767366437,0.7383200193665094,2.0
2022-10-21,0.6294830290482465,1.5,0.6451612903225806,8.253930871766343e-11,0.9999999999164607,1,6.8952749666839e-21,0.37521181312124796,0.5,0.24510985238492092,0.74040451324627,Utsuroi,0.6846337767366437,0.7383200193665094,2.0
2022-10-24,0.6424047932743586,1.5,0.6451612903225806,2.1731694219543934e-10,0.9999999997816831,1,4.74439655051256e-20,0.37521181312124796,0.5,0.2377565568133733,1.0,Utsuroi,0.6846337767366437,0.7383200193665094,2.0
2022-10-25,0.6744469540121714,1.0,0.9523809523809523,4.4301895484406764e-11,0.9999999999546981,1,2.006958859007012e-21,0.25417574437258533,0.5,0.2306238601089721,0.4552425749643485,Utsuroi,0.6846337767366437,0.7383200193665094,2.0
2022-10-26,0.6606430767300333,1.0,0.9523809523809523,0.0,0.0,0,0.0,0.25417574437258533,0.0,0.22370514430570293,1.0,Utsuroi,0.6846337767366437,0.7383200193665094,2.0
2022-10-27,0.6653874145178493,2.0,0.48780487804878053,2.530220477546684e-11,0.9999999999736978,1,6.655032115555707e-22,0.4962478818697894,0.5,0.21699398997653183,0.08800780437531097,Utsuroi,0.6846337767366437,0.7383200193665094,2.0
2022-10-28,0.6411173850304286,2.0,0.48780487804878053,2.513145247428397e-11,0.9999999999738686,1,6.5672079999908785e-22,0.4962478818697894,0.5,0.21048417027723587,1.0,Utsuroi,0.6846337767366437,0.7383200193665094,2.0
2022-10-31,0.6473636991028295,2.0,0.48780487804878053,2.7300162130527723e-11,0.9999999999716999,1,7.725984105680005e-22,0.4962478818697894,0.5,0.20416964516891878,1.0,Utsuroi,0.6846337767366437,0.7383200193665094,2.0
2022-11-01,0.6486749482401657,1.5,0.6451612903225806,0.0,0.0,0,0.0,0.37521181312124796,0.0,0.19804455581385122,0.6142381177446068,Utsuroi,0.6846337767366437,0.7383200193665094,2.0
2022-11-02,0.6260976221845788,1.5,0.6451612903225806,1.7458356980761375e-10,0.9999999998244165,1,3.065400255717977e-20,0.37521181312124796,0.5,0.19210321913943568,0.42107908115969583,Utsuroi,0.6846337767366437,0.7383200193665094,2.0
2022-11-03,0.6002540937323547,1.5,0.6451612903225806,1.2251255564824654e-10,0.9999999998764875,1,1.513183613785891e-20,0.37521181312124796,0.5,0.1863401225652526,1.0,Utsuroi,0.6846337767366437,0.7383200193665094,2.0
2022-11-04,0.5972263002697786,3.0,0.3278688524590164,3.121802816200889e-11,0.999999999967782,1,1.0057826199056938e-21,0.7383200193665094,0.5,0.180749918888295,0.0725591270887358,Katashi,0.6846337767366437,0.7383200193665094,2.0
2022-11-07,0.5903601229688186,2.0,0.48780487804878053,4.0813241674279096e-11,0.9999999999581868,1,1.706533034813939e-21,0.4962478818697894,0.5,0.17532742132164614,0.13777601331979283,Utsuroi,0.6846337767366437,0.7383200193665094,2.0
2022-11-08,0.5548610326871196,3.0,0.3278688524590164,0.0,0.0,0,0.0,0.7383200193665094,0.0,0.17006759868199675,0.3393414049444301,Katashi,0.6846337767366437,0.7383200193665094,2.0
2022-11-09,0.5342148189974278,3.0,0.3278688524590164,0.0,0.0,0,0.0,0.7383200193665094,0.0,0.16496557072153684,1.0,Katashi,0.6846337767366437,0.7383200193665094,2.0
2022-11-10,0.5900978731413513,3.0,0.3278688524590164,0.0,0.0,0,0.0,0.7383200193665094,0.0,0.16001660359989073,1.0,Katashi,0.6846337767366437,0.7383200193665094,2.0
2022-11-11,0.5853535353535354,2.0,0.48780487804878053,0.0,0.0,0,0.0,0.4962478818697894,0.0,0.155216105491894,0.018432631483110362,Nagare,0.6846337767366437,0.7383200193665094,2.0
2022-11-14,0.6111017002321351,2.0,0.48780487804878053,0.0,0.0,0,0.0,0.4962478818697894,0.0,0.15055962232713715,1.0,Nagare,0.6846337767366437,0.7383200193665094,2.0
2022-11-15,0.5993004579961102,1.5,0.6451612903225806,0.6604895139560905,0.6270837912612058,2,0.24630724545623414,0.37521181312124796,1.0,0.14604283365732304,0.1478524499937528,Nagare,0.6846337767366437,0.7383200193665094,2.0
2022-11-16,0.5884766923897359,2.5,0.3921568627450981,1.7056378530305115e-10,0.9999999998284362,1,2.926256487155417e-20,0.6172839506182098,0.5,0.14166154864760336,0.8566178877128133,Nagare,0.6846337767366437,0.7383200193665094,2.0
2022-11-17,0.5942700294874209,2.0,0.48780487804878053,0.0,0.0,0,0.0,0.4962478818697894,0.0,0.13741170218817525,0.6004587454501615,Nagare,0.6846337767366437,0.7383200193665094,2.0
2022-11-18,0.549759081498212,3.0,0.3278688524590164,0.0,0.0,0,0.0,0.7383200193665094,0.0,0.13328935112253,0.008372645958856895,Katashi,0.6846337767366437,0.7383200193665094,2.0
2022-11-21,0.5272294372294373,3.0,0.3278688524590164,0.0,0.0,0,0.0,0.7383200193665094,0.0,0.12929067058885407,1.0,Katashi,0.6846337767366437,0.7383200193665094,2.0
2022-11-22,0.5414624505928854,3.0,0.3278688524590164,0.0,0.0,0,0.0,0.7383200193665094,0.0,0.12541195047118844,1.0,Katashi,0.6846337767366437,0.7383200193665094,2.0
2022-11-23,0.5396028609072089,2.0,0.48780487804878053,0.0,0.0,0,0.0,0.4962478818697894,0.0,0.12164959195705279,0.018432631483110362,Nagare,0.6846337767366437,0.7383200193665094,2.0
2022-11-25,0.5163103080494386,2.0,0.48780487804878053,0.0,0.0,0,0.0,0.4962478818697894,0.0,0.1180001041983412,1.0,Nagare,0.6846337767366437,0.7383200193665094,2.0
2022-11-28,0.544609448522492,2.0,0.48780487804878053,0.0,0.0,0,0.0,0.4962478818697894,0.0,0.11446010107239096,1.0,Nagare,0.6846337767366437,0.7383200193665094,2.0
2022-11-29,0.5348108413325805,2.0,0.48780487804878053,0.0,0.0,0,0.0,0.4962478818697894,0.0,0.11102629804021923,1.0,Nagare,0.6846337767366437,0.7383200193665094,2.0
2022-11-30,0.5889296693644521,2.0,0.48780487804878053,0.0,0.0,0,0.0,0.4962478818697894,0.0,0.10769550909901264,1.0,Nagare,0.6846337767366437,0.7383200193665094,2.0
2022-12-01,0.5512372168893909,2.0,0.48780487804878053,0.0,0.0,0,0.0,0.4962478818697894,0.0,0.10446464382604226,1.0,Nagare,0.6846337767366437,0.7383200193665094,2.0
2022-12-02,0.5434174038521865,2.0,0.48780487804878053,0.0,0.0,0,0.0,0.4962478818697894,0.0,0.10133070451126099,1.0,Nagare,0.6846337767366437,0.7383200193665094,2.0
2022-12-05,0.5815628333019639,3.0,0.3278688524590164,3.8494363245091615e-10,0.9999999996140564,1,1.485665353100106e-19,0.7383200193665094,0.5,0.09829078337592315,0.12261136188019184,Katashi,0.6846337767366437,0.7383200193665094,2.0
2022-12-06,0.5648742079176862,3.0,0.3278688524590164,0.0,0.0,0,0.0,0.7383200193665094,0.0,0.09534205987464545,1.0,Katashi,0.6846337767366437,0.7383200193665094,2.0
2022-12-07,0.5576027354288224,3.0,0.3278688524590164,0.0,0.0,0,0.0,0.7383200193665094,0.0,0.09248179807840608,1.0,Katashi,0.6846337767366437,0.7383200193665094,2.0
2022-12-08,0.5659232072275551,3.0,0.3278688524590164,0.0,0.0,0,0.0,0.7383200193665094,0.0,0.0897073441360539,1.0,Katashi,0.6846337767366437,0.7383200193665094,2.0
2022-12-09,0.556005395570613,3.0,0.3278688524590164,0.0,0.0,0,0.0,0.7383200193665094,0.0,0.08701612381197228,1.0,Katashi,0.6846337767366437,0.7383200193665094,2.0
2022-12-12,0.5324267519919695,3.0,0.3278688524590164,0.0,0.0,0,0.0,0.7383200193665094,0.0,0.08440564009761312,1.0,Katashi,0.6846337767366437,0.7383200193665094,2.0
2022-12-13,0.46955831608005527,3.0,0.3278688524590164,0.0,0.0,0,0.0,0.7383200193665094,0.0,0.08187347089468472,1.0,Katashi,0.6846337767366437,0.7383200193665094,2.0
2022-12-14,0.48221783047870004,2.0,0.48780487804878053,0.0,0.0,0,0.0,0.4962478818697894,0.0,0.07941726676784418,0.018432631483110362,Nagare,0.6846337767366437,0.7383200193665094,2.0
2022-12-15,0.4894177802873456,2.0,0.48780487804878053,0.0,0.0,0,0.0,0.4962478818697894,0.0,0.07703474876480886,1.0,Nagare,0.6846337767366437,0.7383200193665094,2.0
2022-12-16,0.4949965493443754,2.0,0.48780487804878053,0.0,0.0,0,0.0,0.4962478818697894,0.0,0.07472370630186459,1.0,Nagare,0.6846337767366437,0.7383200193665094,2.0
2022-12-19,0.48608005521049,2.0,0.48780487804878053,0.0,0.0,0,0.0,0.4962478818697894,0.0,0.07248199511280864,1.0,Nagare,0.6846337767366437,0.7383200193665094,2.0
2022-12-20,0.4552060982495766,2.0,0.48780487804878053,0.0,0.0,0,0.0,0.4962478818697894,0.0,0.07030753525942439,1.0,Nagare,0.6846337767366437,0.7383200193665094,2.0
2022-12-21,0.4732774954514086,2.0,0.48780487804878053,0.0,0.0,0,0.0,0.4962478818697894,0.0,0.06819830920164166,1.0,Nagare,0.6846337767366437,0.7383200193665094,2.0
2022-12-22,0.4949488675575631,2.0,0.48780487804878053,0.0,0.0,0,0.0,0.4962478818697894,0.0,0.0661523599255924,1.0,Nagare,0.6846337767366437,0.7383200193665094,2.0
2022-12-23,0.4625967752054709,2.0,0.48780487804878053,0.0,0.0,0,0.0,0.4962478818697894,0.0,0.06416778912782463,1.0,Nagare,0.6846337767366437,0.7383200193665094,2.0
2022-12-27,0.44590814982119337,2.0,0.48780487804878053,0.0,0.0,0,0.0,0.4962478818697894,0.0,0.06224275545398989,1.0,Nagare,0.6846337767366437,0.7383200193665094,2.0
2022-12-28,0.43095990965556186,2.0,0.48780487804878053,0.0,0.0,0,0.0,0.4962478818697894,0.0,0.06037547279037019,1.0,Nagare,0.6846337767366437,0.7383200193665094,2.0
2022-12-29,0.4375638371290545,2.0,0.48780487804878053,0.0,0.0,0,0.0,0.4962478818697894,0.0,0.058564208606659084,1.0,Nagare,0.6846337767366437,0.7383200193665094,2.0
2022-12-30,0.4372539055147752,3.0,0.3278688524590164,0.0,0.0,0,0.0,0.7383200193665094,0.0,0.05680728234845931,0.008372645958856895,Katashi,0.6846337767366437,0.7383200193665094,2.0
2023-01-03,0.40955078737687445,3.0,0.3278688524590164,0.0,0.0,0,0.0,0.7383200193665094,0.0,0.05510306387800553,1.0,Katashi,0.6846337767366437,0.7383200193665094,2.0
2023-01-04,0.48102578580839445,2.0,0.48780487804878053,1.7557610919145385e-10,0.9999999998234239,1,3.1002542346692297e-20,0.4962478818697894,0.5,0.053449971961665364,0.781942258456587,Nagare,0.6846337767366437,0.7383200193665094,2.0
2023-01-05,0.48250392119957347,2.0,0.48780487804878053,0.0,0.0,0,0.0,0.4962478818697894,0.0,0.0518464728028154,1.0,Nagare,0.6846337767366437,0.7383200193665094,2.0
2023-01-06,0.48579396448961654,2.0,0.48780487804878053,0.0,0.0,0,0.0,0.4962478818697894,0.0,0.05029107861873094,1.0,Nagare,0.6846337767366437,0.7383200193665094,2.0
2023-01-09,0.4846257607127172,2.0,0.48780487804878053,1.8484547226004757e-11,0.9999999999805155,1,3.601626244699242e-22,0.4962478818697894,0.5,0.04878234626016901,0.5221022946988934,Nagare,0.6846337767366437,0.7383200193665094,2.0
2023-01-10,0.4972375933245499,2.0,0.48780487804878053,1.2924217251867469e-11,0.9999999999860758,1,1.7995932292066577e-22,0.4962478818697894,0.5,0.047318875872363934,1.0,Nagare,0.6846337767366437,0.7383200193665094,2.0
2023-01-11,0.5288267770876467,2.0,0.48780487804878053,2.168419887856083e-10,0.999999999782158,1,4.723728529751072e-20,0.4962478818697894,0.5,0.04589930959619302,1.0,Nagare,0.6846337767366437,0.7383200193665094,2.0
2023-01-12,0.5238440303657694,2.0,0.48780487804878053,0.0,0.0,0,0.0,0.4962478818697894,0.0,0.044522330308307226,1.0,Nagare,0.6846337767366437,0.7383200193665094,2.0
2023-01-13,0.5248453478888262,2.0,0.48780487804878053,0.0,0.0,0,0.0,0.4962478818697894,0.0,0.04318666039905801,1.0,Nagare,0.6846337767366437,0.7383200193665094,2.0
2023-01-17,0.5290175042348956,2.0,0.48780487804878053,0.0,0.0,0,0.0,0.4962478818697894,0.0,0.04189106058708627,1.0,Nagare,0.6846337767366437,0.7383200193665094,2.0
2023-01-18,0.4932323232323233,2.0,0.48780487804878053,0.0,0.0,0,0.0,0.4962478818697894,0.0,0.040634328769473683,1.0,Nagare,0.6846337767366437,0.7383200193665094,2.0
2023-01-19,0.46147625321538377,2.0,0.48780487804878053,0.0,0.0,0,0.0,0.4962478818697894,0.0,0.03941529890638947,1.0,Nagare,0.6846337767366437,0.7383200193665094,2.0
2023-01-20,0.4177758956019825,1.0,0.9523809523809523,5.464795282806392e-11,0.9999999999443521,1,3.0410454923042323e-21,0.25417574437258533,0.5,0.03823283993919779,0.8711125049505274,Nagare,0.6846337767366437,0.7383200193665094,2.0
2023-01-23,0.40597465336595784,2.0,0.48780487804878053,1.7914669747475605e-11,0.9999999999810854,1,3.3884966560847874e-22,0.4962478818697894,0.5,0.03708585474102185,0.17084775708209676,Nagare,0.6846337767366437,0.7383200193665094,2.0
2023-01-24,0.4054978354978355,2.0,0.48780487804878053,6.57591758801349e-11,0.9999999999332408,1,4.390026933755071e-21,0.4962478818697894,0.5,0.035973279098791194,1.0,Nagare,0.6846337767366437,0.7383200193665094,2.0
2023-01-25,0.40049124788255236,2.0,0.48780487804878053,1.0433465202353391e-10,0.9999999998946654,1,1.0990051957412236e-20,0.4962478818697894,0.5,0.034894080725827455,1.0,Nagare,0.6846337767366437,0.7383200193665094,2.0
2023-01-26,0.36546897546897544,3.0,0.3278688524590164,0.0,0.0,0,0.0,0.7383200193665094,0.0,0.03384725830405263,0.3393414049444301,Katashi,0.6846337767366437,0.7383200193665094,2.0
2023-01-27,0.3762212183951315,3.0,0.3278688524590164,0.0,0.0,0,0.0,0.7383200193665094,0.0,0.03283184055493105,1.0,Katashi,0.6846337767366437,0.7383200193665094,2.0
2023-01-30,0.37841458058849364,3.0,0.3278688524590164,0.0,0.0,0,0.0,0.7383200193665094,0.0,0.031846885338283115,1.0,Katashi,0.6846337767366437,0.7383200193665094,2.0
2023-01-31,0.37262124349080883,1.0,0.9523809523809523,1.0963607798784902e-10,0.9999999998893639,1,1.2129703249877866e-20,0.25417574437258533,0.5,0.03089147877813462,0.8115768885743908,Nagare,0.6846337767366437,0.7383200193665094,2.0
2023-02-01,0.35168127774018165,2.0,0.48780487804878053,4.2556291822866185e-11,0.9999999999564437,1,1.853593324157783e-21,0.4962478818697894,0.5,0.02996473441479058,0.17084775708209676,Nagare,0.6846337767366437,0.7383200193665094,2.0
2023-02-02,0.3391162380582223,1.0,0.9523809523809523,8.392508910005336e-12,0.9999999999906075,1,7.882652905815706e-23,0.25417574437258533,0.5,0.029065792382346863,0.42506933770384414,Nagare,0.6846337767366437,0.7383200193665094,2.0
2023-02-03,0.3515502437322713,2.0,0.48780487804878053,1.7768941871845245e-10,0.9999999998213106,1,3.1751215015261095e-20,0.4962478818697894,0.5,0.028193818610876456,0.17084775708209676,Nagare,0.6846337767366437,0.7383200193665094,2.0
2023-02-06,0.3426449259640908,3.0,0.3278688524590164,4.66778837792966e-11,0.9999999999523221,1,2.225501685350767e-21,0.7383200193665094,0.5,0.02734800405255016,0.06926482340220042,Katashi,0.6846337767366437,0.7383200193665094,2.0
2023-02-07,0.31710970628885604,2.0,0.48780487804878053,1.411386563076063e-10,0.9999999998578614,1,2.006125583982004e-20,0.4962478818697894,0.5,0.026527563930973656,0.13777601331979283,Nagare,0.6846337767366437,0.7383200193665094,2.0
2023-02-08,0.2645377889523886,1.5,0.6451612903225806,0.0,0.0,0,0.0,0.37521181312124796,0.0,0.025731737013044445,0.6142381177446068,Nagare,0.6846337767366437,0.7383200193665094,2.0
2023-02-09,0.3270993638467216,1.5,0.6451612903225806,5.605456097712424e-10,0.9999999994384544,1,3.1477191393173114e-19,0.37521181312124796,0.5,0.02495978490265311,0.42107908115969583,Nagare,0.6846337767366437,0.7383200193665094,2.0
2023-02-10,0.3358723681917009,1.5,0.6451612903225806,0.0,0.0,0,0.0,0.37521181312124796,0.0,0.024210991355573516,1.0,Nagare,0.6846337767366437,0.7383200193665094,2.0
2023-02-13,0.3177407054805318,2.0,0.48780487804878053,7.208911245459261e-11,0.9999999999269109,1,5.268927652402838e-21,0.4962478818697894,0.5,0.02348466161490631,0.2161880907993251,Nagare,0.6846337767366437,0.7383200193665094,2.0
2023-02-14,0.3072742300545441,2.0,0.48780487804878053,2.2460033832497153e-11,0.99999999997654,1,5.269126567410011e-22,0.4962478818697894,0.5,0.02278012176645912,1.0,Nagare,0.6846337767366437,0.7383200193665094,2.0
2023-02-15,0.3060222430956064,2.0,0.48780487804878053,0.0,0.0,0,0.0,0.4962478818697894,0.0,0.022096718113465346,1.0,Nagare,0.6846337767366437,0.7383200193665094,2.0
2023-02-16,0.3312587209897959,2.0,0.48780487804878053,0.0,0.0,0,0.0,0.4962478818697894,0.0,0.021433816570061385,1.0,Nagare,0.6846337767366437,0.7383200193665094,2.0
2023-02-17,0.353765359351986,2.0,0.48780487804878053,0.0,0.0,0,0.0,0.4962478818697894,0.0,0.020790802072959542,1.0,Nagare,0.6846337767366437,0.7383200193665094,2.0
2023-02-21,0.42232348120730734,2.0,0.48780487804878053,0.0,0.0,0,0.0,0.4962478818697894,0.0,0.020167078010770754,1.0,Nagare,0.6846337767366437,0.7383200193665094,2.0
2023-02-22,0.4473945475421212,2.0,0.48780487804878053,0.0,0.0,0,0.0,0.4962478818697894,0.0,0.01956206567044763,1.0,Nagare,0.6846337767366437,0.7383200193665094,2.0
2023-02-23,0.4469286501566455,1.5,0.6451612903225806,0.0,0.0,0,0.0,0.37521181312124796,0.0,0.018975203700334203,0.06084624102477498,Nagare,0.6846337767366437,0.7383200193665094,2.0
2023-02-24,0.4566076690549394,2.0,0.48780487804878053,1.3412537746202147e-10,0.9999999998648746,1,1.8123739290932115e-20,0.4962478818697894,0.5,0.018405947589324175,0.2161880907993251,Nagare,0.6846337767366437,0.7383200193665094,2.0
2023-02-27,0.45395928282239556,3.0,0.3278688524590164,0.0,0.0,0,0.0,0.7383200193665094,0.0,0.01785376916164445,0.3393414049444301,Katashi,0.6846337767366437,0.7383200193665094,2.0
2023-02-28,0.44733090841667483,2.0,0.48780487804878053,0.0,0.0,0,0.0,0.4962478818697894,0.0,0.017318156086795117,0.018432631483110362,Nagare,0.6846337767366437,0.7383200193665094,2.0
2023-03-01,0.44385783298826786,3.0,0.3278688524590164,0.0,0.0,0,0.0,0.7383200193665094,0.0,0.016798611404191262,0.008372645958856895,Katashi,0.6846337767366437,0.7383200193665094,2.0
2023-03-02,0.43641947424556127,1.5,0.6451612903225806,0.0,0.0,0,0.0,0.37521181312124796,0.0,0.016294653062065522,0.045080635015231074,Nagare,0.6846337767366437,0.7383200193665094,2.0
2023-03-03,0.47401656314699786,2.0,0.48780487804878053,0.0,0.0,0,0.0,0.4962478818697894,0.0,0.015805813470203555,0.03526116391055634,Nagare,0.6846337767366437,0.7383200193665094,2.0
2023-03-06,0.47313445009097194,2.0,0.48780487804878053,0.0,0.0,0,0.0,0.4962478818697894,0.0,0.015331639066097448,1.0,Nagare,0.6846337767366437,0.7383200193665094,2.0
2023-03-07,0.4968799799234581,1.0,0.9523809523809523,0.0,0.0,0,0.0,0.25417574437258533,0.0,0.014871689894114524,0.1955263417020865,Nagare,0.6846337767366437,0.7383200193665094,2.0
2023-03-08,0.5071315640880858,1.0,0.9523809523809523,1.164834895198519e-11,0.9999999999873517,1,1.4733212457861019e-22,0.25417574437258533,0.5,0.014425539197291087,0.3005350036985702,Nagare,0.6846337767366437,0.7383200193665094,2.0
2023-03-09,0.4968799799234582,1.0,0.9523809523809523,4.0996983584846857e-11,0.999999999958003,1,1.7217487397533864e-21,0.25417574437258533,0.5,0.013992773021372354,1.0,Nagare,0.6846337767366437,0.7383200193665094,2.0
2023-03-10,0.45399021268586487,2.0,0.48780487804878053,0.0,0.0,0,0.0,0.4962478818697894,0.0,0.013572989830731182,0.36354565558553953,Nagare,0.6846337767366437,0.7383200193665094,2.0
2023-03-13,0.43584729280381457,2.0,0.48780487804878053,4.7764792120352225e-11,0.9999999999512352,1,2.3292391018382195e-21,0.4962478818697894,0.5,0.013165800135809246,0.5221022946988934,Nagare,0.6846337767366437,0.7383200193665094,2.0
2023-03-14,0.38318275926971584,1.0,0.9523809523809523,4.9191983818437243e-11,0.999999999949808,1,2.469042167662469e-21,0.25417574437258533,0.5,0.012770826131734967,0.42506933770384414,Nagare,0.6846337767366437,0.7383200193665094,2.0
2023-03-15,0.37212058472928045,2.0,0.48780487804878053,7.556428813139844e-10,0.9999999992433571,1,5.717517904619995e-19,0.4962478818697894,0.5,0.012387701347782918,0.17084775708209676,Nagare,0.6846337767366437,0.7383200193665094,2.0
2023-03-16,0.3653497710019449,1.0,0.9523809523809523,2.5203372718958855e-10,0.9999999997469663,1,6.377302780091421e-20,0.25417574437258533,0.5,0.01201607030734943,0.42506933770384414,Nagare,0.6846337767366437,0.7383200193665094,2.0
2023-03-17,0.34479892088587744,2.0,0.48780487804878053,0.0,0.0,0,0.0,0.4962478818697894,0.0,0.011655588198128947,0.36354565558553953,Nagare,0.6846337767366437,0.7383200193665094,2.0
2023-03-20,0.3438929669364453,2.0,0.48780487804878053,1.6573520333752886e-11,0.9999999999824265,1,2.912547299548459e-22,0.4962478818697894,0.5,0.011305920552185078,0.5221022946988934,Nagare,0.6846337767366437,0.7383200193665094,2.0
2023-03-21,0.3173580525754439,2.0,0.48780487804878053,2.5321966745304647e-11,0.999999999973678,1,6.665234064389173e-22,0.4962478818697894,0.5,0.010966742935619524,1.0,Nagare,0.6846337767366437,0.7383200193665094,2.0
2023-03-22,0.2978085199824331,2.0,0.48780487804878053,0.0,0.0,0,0.0,0.4962478818697894,0.0,0.010637740647550938,1.0,Nagare,0.6846337767366437,0.7383200193665094,2.0
2023-03-23,0.2499121651295565,2.0,0.48780487804878053,0.0,0.0,0,0.0,0.4962478818697894,0.0,0.01031860842812441,1.0,Nagare,0.6846337767366437,0.7383200193665094,2.0
2023-03-24,0.2464790764790765,2.0,0.48780487804878053,0.0,0.0,0,0.0,0.4962478818697894,0.0,0.010009050175280677,1.0,Nagare,0.6846337767366437,0.7383200193665094,2.0
2023-03-27,0.2124819624819625,2.0,0.48780487804878053,0.0,0.0,0,0.0,0.4962478818697894,0.0,0.009708778670022256,1.0,Nagare,0.6846337767366437,0.7383200193665094,2.0
2023-03-28,0.20463830855135207,2.0,0.48780487804878053,0.0,0.0,0,0.0,0.4962478818697894,0.0,0.009417515309921588,1.0,Nagare,0.6846337767366437,0.7383200193665094,2.0
2023-03-29,0.20487671748541317,2.0,0.48780487804878053,0.0,0.0,0,0.0,0.4962478818697894,0.0,0.00913498985062394,1.0,Nagare,0.6846337767366437,0.7383200193665094,2.0
2023-03-30,0.21891900370161244,2.0,0.48780487804878053,0.0,0.0,0,0.0,0.4962478818697894,0.0,0.008860940155105222,1.0,Nagare,0.6846337767366437,0.7383200193665094,2.0
2023-03-31,0.23861158165505986,2.0,0.48780487804878053,0.0,0.0,0,0.0,0.4962478818697894,0.0,0.008595111950452065,1.0,Nagare,0.6846337767366437,0.7383200193665094,2.0
2023-04-03,0.24259301085388044,2.0,0.48780487804878053,0.0,0.0,0,0.0,0.4962478818697894,0.0,0.008337258591938504,1.0,Nagare,0.6846337767366437,0.7383200193665094,2.0
2023-04-04,0.18928477319781672,2.0,0.48780487804878053,0.0,0.0,0,0.0,0.4962478818697894,0.0,0.008087140834180348,1.0,Nagare,0.6846337767366437,0.7383200193665094,2.0
2023-04-05,0.1906198632285589,2.0,0.48780487804878053,0.0,0.0,0,0.0,0.4962478818697894,0.0,0.007844526609154938,1.0,Nagare,0.6846337767366437,0.7383200193665094,2.0
2023-04-06,0.15953133822699045,2.0,0.48780487804878053,0.0,0.0,0,0.0,0.4962478818697894,0.0,0.007609190810880289,1.0,Nagare,0.6846337767366437,0.7383200193665094,2.0
2023-04-10,0.1568134763786938,2.0,0.48780487804878053,0.0,0.0,0,0.0,0.4962478818697894,0.0,0.00738091508655388,1.0,Nagare,0.6846337767366437,0.7383200193665094,2.0
2023-04-11,0.13116067507371856,2.0,0.48780487804878053,0.0,0.0,0,0.0,0.4962478818697894,0.0,0.007159487633957263,1.0,Nagare,0.6846337767366437,0.7383200193665094,2.0
2023-04-12,0.13855135202961288,3.0,0.3278688524590164,0.0,0.0,0,0.0,0.7383200193665094,0.0,0.006944703004938545,0.008372645958856895,Katashi,0.6846337767366437,0.7383200193665094,2.0
2023-04-13,0.13790764790764792,3.0,0.3278688524590164,0.0,0.0,0,0.0,0.7383200193665094,0.0,0.006736361914790389,1.0,Katashi,0.6846337767366437,0.7383200193665094,2.0
2023-04-14,0.12489052010791142,3.0,0.3278688524590164,0.0,0.0,0,0.0,0.7383200193665094,0.0,0.006534271057346677,1.0,Katashi,0.6846337767366437,0.7383200193665094,2.0
2023-04-17,0.12522429261559698,3.0,0.3278688524590164,3.1584845849333157e-11,0.9999999999674152,1,1.0291866344811033e-21,0.7383200193665094,0.5,0.006338242925626277,0.6549755276992266,Katashi,0.6846337767366437,0.7383200193665094,2.0
2023-04-18,0.11294623251144993,3.0,0.3278688524590164,1.6810552949506162e-11,0.9999999999821895,1,2.9940487154196696e-22,0.7383200193665094,0.5,0.006148095637857488,1.0,Katashi,0.6846337767366437,0.7383200193665094,2.0
2023-04-19,0.11993161427944037,3.0,0.3278688524590164,1.3591461289657672e-11,0.9999999999854086,1,1.9831898061285808e-22,0.7383200193665094,0.5,0.005963652768721763,1.0,Katashi,0.6846337767366437,0.7383200193665094,2.0
2023-04-20,0.1241991341991342,3.0,0.3278688524590164,0.0,0.0,0,0.0,0.7383200193665094,0.0,0.00578474318566011,1.0,Katashi,0.6846337767366437,0.7383200193665094,2.0
2023-04-21,0.10877407616538053,3.0,0.3278688524590164,0.0,0.0,0,0.0,0.7383200193665094,0.0,0.005611200890090306,1.0,Katashi,0.6846337767366437,0.7383200193665094,2.0
2023-04-24,0.12005081874647093,3.0,0.3278688524590164,5.431677329983661e-11,0.9999999999446832,1,3.004627433508299e-21,0.7383200193665094,0.5,0.005442864863387597,0.6549755276992266,Katashi,0.6846337767366437,0.7383200193665094,2.0
2023-04-25,0.12536733797603364,3.0,0.3278688524590164,0.0,0.0,0,0.0,0.7383200193665094,0.0,0.005279578917485969,1.0,Katashi,0.6846337767366437,0.7383200193665094,2.0
2023-04-26,0.18811656942091726,3.0,0.3278688524590164,0.0,0.0,0,0.0,0.7383200193665094,0.0,0.0051211915499613896,1.0,Katashi,0.6846337767366437,0.7383200193665094,2.0
2023-04-27,0.2105746910094736,3.0,0.3278688524590164,0.0,0.0,0,0.0,0.7383200193665094,0.0,0.004967555803462548,1.0,Katashi,0.6846337767366437,0.7383200193665094,2.0
2023-04-28,0.24028044419348768,3.0,0.3278688524590164,0.0,0.0,0,0.0,0.7383200193665094,0.0,0.004818529129358671,1.0,Katashi,0.6846337767366437,0.7383200193665094,2.0
2023-05-01,0.24178242047807272,3.0,0.3278688524590164,0.0,0.0,0,0.0,0.7383200193665094,0.0,0.00467397325547791,1.0,Katashi,0.6846337767366437,0.7383200193665094,2.0
2023-05-02,0.22802622498274674,3.0,0.3278688524590164,0.0,0.0,0,0.0,0.7383200193665094,0.0,0.004533754057813573,1.0,Katashi,0.6846337767366437,0.7383200193665094,2.0
2023-05-03,0.18187025534851628,3.0,0.3278688524590164,0.0,0.0,0,0.0,0.7383200193665094,0.0,0.004397741436079165,1.0,Katashi,0.6846337767366437,0.7383200193665094,2.0
2023-05-04,0.20110985632724768,2.0,0.48780487804878053,0.0,0.0,0,0.0,0.4962478818697894,0.0,0.00426580919299679,0.018432631483110362,Nagare,0.6846337767366437,0.7383200193665094,2.0
2023-05-05,0.20075224292615598,2.0,0.48780487804878053,0.0,0.0,0,0.0,0.4962478818697894,0.0,0.004137834917206886,1.0,Nagare,0.6846337767366437,0.7383200193665094,2.0
2023-05-08,0.21403162055335967,3.0,0.3278688524590164,0.0,0.0,0,0.0,0.7383200193665094,0.0,0.00401369986969068,0.008372645958856895,Katashi,0.6846337767366437,0.7383200193665094,2.0
2023-05-09,0.2172978229499969,2.0,0.48780487804878053,0.0,0.0,0,0.0,0.4962478818697894,0.0,0.0038932888735999593,0.018432631483110362,Nagare,0.6846337767366437,0.7383200193665094,2.0
2023-05-10,0.21577200577200578,3.0,0.3278688524590164,0.0,0.0,0,0.0,0.7383200193665094,0.0,0.0037764902073919603,0.008372645958856895,Katashi,0.6846337767366437,0.7383200193665094,2.0
2023-05-11,0.20118137900746597,3.0,0.3278688524590164,0.0,0.0,0,0.0,0.7383200193665094,0.0,0.0036631955011702014,1.0,Katashi,0.6846337767366437,0.7383200193665094,2.0
2023-05-12,0.2238063868498651,3.0,0.3278688524590164,0.0,0.0,0,0.0,0.7383200193665094,0.0,0.0035532996361350953,1.0,Katashi,0.6846337767366437,0.7383200193665094,2.0
2023-05-15,0.19925026664157097,3.0,0.3278688524590164,0.0,0.0,0,0.0,0.7383200193665094,0.0,0.0034467006470510425,1.0,Katashi,0.6846337767366437,0.7383200193665094,2.0
2023-05-16,0.23341426689252778,3.0,0.3278688524590164,0.0,0.0,0,0.0,0.7383200193665094,0.0,0.003343299627639511,1.0,Katashi,0.6846337767366437,0.7383200193665094,2.0
2023-05-17,0.26457431457431463,2.0,0.48780487804878053,0.0,0.0,0,0.0,0.4962478818697894,0.0,0.0032430006388103256,0.018432631483110362,Nagare,0.6846337767366437,0.7383200193665094,2.0
2023-05-18,0.2614749984315202,2.0,0.48780487804878053,0.0,0.0,0,0.0,0.4962478818697894,0.0,0.003145710619646016,1.0,Nagare,0.6846337767366437,0.7383200193665094,2.0
2023-05-19,0.26886567538741457,1.0,0.9523809523809523,1.58592916564315e-10,0.9999999998404071,1,2.5310302594611572e-20,0.25417574437258533,0.5,0.0030513393010566355,0.8711125049505274,Nagare,0.6846337767366437,0.7383200193665094,2.0
2023-05-22,0.2791887822322605,2.0,0.48780487804878053,0.0,0.0,0,0.0,0.4962478818697894,0.0,0.0029597991220249365,0.36354565558553953,Nagare,0.6846337767366437,0.7383200193665094,2.0
2023-05-23,0.2612127486040529,2.0,0.48780487804878053,0.0,0.0,0,0.0,0.4962478818697894,0.0,0.0028710051483641884,1.0,Nagare,0.6846337767366437,0.7383200193665094,2.0
2023-05-24,0.274992784992785,2.0,0.48780487804878053,0.0,0.0,0,0.0,0.4962478818697894,0.0,0.0027848749939132626,1.0,Nagare,0.6846337767366437,0.7383200193665094,2.0
2023-05-25,0.29630654369784803,1.5,0.6451612903225806,0.0,0.0,0,0.0,0.37521181312124796,0.0,0.0027013287440958646,0.06084624102477498,Nagare,0.6846337767366437,0.7383200193665094,2.0
2023-05-26,0.30260053955706134,2.0,0.48780487804878053,0.0,0.0,0,0.0,0.4962478818697894,0.0,0.0026202888817729885,0.03526116391055634,Nagare,0.6846337767366437,0.7383200193665094,2.0
2023-05-30,0.31502164502164504,2.0,0.48780487804878053,0.0,0.0,0,0.0,0.4962478818697894,0.0,0.0025416802153197986,1.0,Nagare,0.6846337767366437,0.7383200193665094,2.0
2023-05-31,0.27706694271911664,2.0,0.48780487804878053,0.0,0.0,0,0.0,0.4962478818697894,0.0,0.0024654298088602044,1.0,Nagare,0.6846337767366437,0.7383200193665094,2.0
2023-06-01,0.2866271409749671,2.0,0.48780487804878053,0.0,0.0,0,0.0,0.4962478818697894,0.0,0.002391466914594398,1.0,Nagare,0.6846337767366437,0.7383200193665094,2.0
2023-06-02,0.3054614467657946,2.0,0.48780487804878053,0.0,0.0,0,0.0,0.4962478818697894,0.0,0.002319722907156566,1.0,Nagare,0.6846337767366437,0.7383200193665094,2.0
2023-06-05,0.3163567350523872,2.0,0.48780487804878053,0.0,0.0,0,0.0,0.4962478818697894,0.0,0.0022501312199418692,1.0,Nagare,0.6846337767366437,0.7383200193665094,2.0
2023-06-06,0.31325741890959286,2.0,0.48780487804878053,0.0,0.0,0,0.0,0.4962478818697894,0.0,0.0021826272833436132,1.0,Nagare,0.6846337767366437,0.7383200193665094,2.0
2023-06-07,0.2977608381956208,2.0,0.48780487804878053,0.0,0.0,0,0.0,0.4962478818697894,0.0,0.0021171484648433046,1.0,Nagare,0.6846337767366437,0.7383200193665094,2.0
2023-06-08,0.30944287596461506,2.0,0.48780487804878053,0.0,0.0,0,0.0,0.4962478818697894,0.0,0.0020536340108980055,1.0,Nagare,0.6846337767366437,0.7383200193665094,2.0
2023-06-09,0.30977664847230074,2.0,0.48780487804878053,0.0,0.0,0,0.0,0.4962478818697894,0.0,0.0019920249905710655,1.0,Nagare,0.6846337767366437,0.7383200193665094,2.0
2023-06-12,0.3269420917247004,2.0,0.48780487804878053,0.0,0.0,0,0.0,0.4962478818697894,0.0,0.0019322642408539335,1.0,Nagare,0.6846337767366437,0.7383200193665094,2.0
2023-06-13,0.32153020892151335,2.0,0.48780487804878053,0.0,0.0,0,0.0,0.4962478818697894,0.0,0.0018742963136283155,1.0,Nagare,0.6846337767366437,0.7383200193665094,2.0
2023-06-14,0.29082313821444256,2.0,0.48780487804878053,0.0,0.0,0,0.0,0.4962478818697894,0.0,0.001818067424219466,1.0,Nagare,0.6846337767366437,0.7383200193665094,2.0
2023-06-15,0.34513269339356295,3.0,0.3278688524590164,0.0,0.0,0,0.0,0.7383200193665094,0.0,0.001763525401492882,0.008372645958856895,Katashi,0.6846337767366437,0.7383200193665094,2.0
2023-06-16,0.3163567350523872,2.0,0.48780487804878053,0.0,0.0,0,0.0,0.4962478818697894,0.0,0.0017106196394480956,0.018432631483110362,Nagare,0.6846337767366437,0.7383200193665094,2.0
2023-06-20,0.31380575945793343,2.0,0.48780487804878053,0.0,0.0,0,0.0,0.4962478818697894,0.0,0.0016593010502646526,1.0,Nagare,0.6846337767366437,0.7383200193665094,2.0
2023-06-21,0.3413658322353975,3.0,0.3278688524590164,0.0,0.0,0,0.0,0.7383200193665094,0.0,0.001609522018756713,0.008372645958856895,Katashi,0.6846337767366437,0.7383200193665094,2.0
2023-06-22,0.3778662400401531,2.0,0.48780487804878053,0.0,0.0,0,0.0,0.4962478818697894,0.0,0.0015612363581940115,0.018432631483110362,Nagare,0.6846337767366437,0.7383200193665094,2.0
2023-06-23,0.37543446891272986,2.0,0.48780487804878053,0.0,0.0,0,0.0,0.4962478818697894,0.0,0.001514399267448191,1.0,Nagare,0.6846337767366437,0.7383200193665094,2.0
2023-06-26,0.38568605307735754,2.0,0.48780487804878053,1.4365730826090977e-10,0.9999999998553427,1,2.0781076348587193e-20,0.4962478818697894,0.5,0.0014689672894247453,0.5221022946988934,Nagare,0.6846337767366437,0.7383200193665094,2.0
2023-06-27,0.33626388104648974,2.0,0.48780487804878053,0.0,0.0,0,0.0,0.4962478818697894,0.0,0.001424898270742003,1.0,Nagare,0.6846337767366437,0.7383200193665094,2.0
2023-06-28,0.3339751552795031,2.0,0.48780487804878053,0.0,0.0,0,0.0,0.4962478818697894,0.0,0.0013821513226197429,1.0,Nagare,0.6846337767366437,0.7383200193665094,2.0
2023-06-29,0.27330008156095115,3.0,0.3278688524590164,0.0,0.0,0,0.0,0.7383200193665094,0.0,0.0013406867829411505,0.008372645958856895,Katashi,0.6846337767366437,0.7383200193665094,2.0
2023-06-30,0.28238346194867936,3.0,0.3278688524590164,0.0,0.0,0,0.0,0.7383200193665094,0.0,0.001300466179452916,1.0,Katashi,0.6846337767366437,0.7383200193665094,2.0
2023-07-03,0.27227492314448837,4.0,0.2469135802469136,0.0,0.0,0,0.0,0.9803921568627451,0.0,0.16333358969030506,0.0023656677178482965,Katashi,0.6846337767366437,0.7383200193665094,2.0
2023-07-05,0.291347637869377,3.0,0.3278688524590164,0.0,0.0,0,0.0,0.7383200193665094,0.0,0.1584335819995959,0.004167318791530983,Katashi,0.6846337767366437,0.7383200193665094,2.0
2023-07-06,0.37946357989836255,3.0,0.3278688524590164,0.0,0.0,0,0.0,0.7383200193665094,0.0,0.153680574539608,1.0,Katashi,0.6846337767366437,0.7383200193665094,2.0
2023-07-07,0.3739324926281449,3.0,0.3278688524590164,3.476430254714603e-11,0.9999999999642357,1,1.2433202651126944e-21,0.7383200193665094,0.5,0.14907015730341977,0.6549755276992266,Katashi,0.6846337767366437,0.7383200193665094,2.0
2023-07-10,0.3632756132756133,3.0,0.3278688524590164,3.1420199774786597e-11,0.9999999999675798,1,1.0186484586099173e-21,0.7383200193665094,0.5,0.14459805258431718,1.0,Katashi,0.6846337767366437,0.7383200193665094,2.0
2023-07-11,0.4364909969257796,3.0,0.3278688524590164,0.33614725709265275,0.8948996219950921,2,0.03532920378575076,0.7383200193665094,1.0,0.14026011100678767,0.4098715479180185,Katashi,0.6846337767366437,0.7383200193665094,2.0
2023-07-12,0.4773066064370412,2.0,0.48780487804878053,2.583189218050143e-11,0.9999999999731681,1,6.931179743689493e-22,0.4962478818697894,0.5,0.13605230767658405,0.10017863395928306,Nagare,0.6846337767366437,0.7383200193665094,2.0
2023-07-13,0.4961170713344627,2.0,0.48780487804878053,0.4611789017256154,0.8266369402168129,2,0.07995138551060244,0.4962478818697894,1.0,0.1319707384462865,0.27194689994544863,Nagare,0.6846337767366437,0.7383200193665094,2.0
2023-07-14,0.5093964489616664,2.0,0.48780487804878053,1.5056267342845056e-10,0.9999999998484373,1,2.281967797437461e-20,0.4962478818697894,0.5,0.12801161629289792,0.6274705835867594,Nagare,0.6846337767366437,0.7383200193665094,2.0
2023-07-17,0.5230811217767739,2.0,0.48780487804878053,0.0,0.0,0,0.0,0.4962478818697894,0.0,0.12417126780411099,1.0,Nagare,0.6846337767366437,0.7383200193665094,2.0
2023-07-18,0.5288506179810528,2.0,0.48780487804878053,0.0,0.0,0,0.0,0.4962478818697894,0.0,0.12044612976998766,1.0,Nagare,0.6846337767366437,0.7383200193665094,2.0
2023-07-19,0.5173593073593075,1.0,0.9523809523809523,4.218237980241181e-10,0.9999999995771762,1,1.783571310837547e-19,0.25417574437258533,0.5,0.11683274587688802,0.8711125049505274,Nagare,0.6846337767366437,0.7383200193665094,2.0
2023-07-20,0.47122717861848284,3.0,0.3278688524590164,7.961187264942421e-12,0.9999999999910388,1,7.134151381758298e-23,0.7383200193665094,0.5,0.11332776350058138,0.08056154503653445,Katashi,0.6846337767366437,0.7383200193665094,2.0
2023-07-21,0.46698349959219526,3.0,0.3278688524590164,7.2517547522130514e-12,0.9999999999917483,1,5.983954131741187e-23,0.7383200193665094,0.5,0.10992793059556394,1.0,Katashi,0.6846337767366437,0.7383200193665094,2.0
2023-07-24,0.4329387038082691,3.0,0.3278688524590164,3.6263436697242635e-11,0.9999999999627366,1,1.351299475607728e-21,0.7383200193665094,0.5,0.10663009267769702,1.0,Katashi,0.6846337767366437,0.7383200193665094,2.0
2023-07-25,0.4005627705627707,3.0,0.3278688524590164,0.0,0.0,0,0.0,0.7383200193665094,0.0,0.1034311898973661,1.0,Katashi,0.6846337767366437,0.7383200193665094,2.0
2023-07-26,0.3952700922266141,3.0,0.3278688524590164,2.0500268147581712e-10,0.9999999997939973,1,4.223109756308896e-20,0.7383200193665094,0.5,0.10032825420044512,0.6549755276992266,Katashi,0.6846337767366437,0.7383200193665094,2.0
2023-07-27,0.4427611518915867,4.0,0.2469135802469136,0.0,0.0,0,0.0,0.9803921568627451,0.0,0.2593905440706675,0.33616353309338143,Katashi,0.6846337767366437,0.7383200193665094,2.0
2023-07-28,0.43806449589058283,4.0,0.2469135802469136,0.0,0.0,0,0.0,0.9803921568627451,0.0,0.41368096524478315,1.0,Katashi,0.6846337767366437,0.7383200193665094,2.0
2023-07-31,0.4338684986511074,3.0,0.3278688524590164,0.0,0.0,0,0.0,0.7383200193665094,0.0,0.40127053628743964,0.004167318791530983,Katashi,0.6846337767366437,0.7383200193665094,2.0
2023-08-01,0.5020772946859905,4.0,0.2469135802469136,0.0,0.0,0,0.0,0.9803921568627451,0.0,0.5513045576950522,0.0023656677178482965,Katashi,0.6846337767366437,0.7383200193665094,2.0
2023-08-02,0.5557669866365519,4.0,0.2469135802469136,6.141454011814989e-11,0.9999999999375855,1,3.8331589195663154e-21,0.9803921568627451,0.5,0.6968375584604363,0.7329738801451248,Katashi,0.6846337767366437,0.7383200193665094,2.0
2023-08-03,0.5604636426375558,4.0,0.2469135802469136,4.65857352682571e-11,0.9999999999524143,1,2.2168154352485146e-21,0.9803921568627451,0.5,0.8380045692028589,1.0,Katashi,0.6846337767366437,0.7383200193665094,2.0
2023-08-04,0.5158811719681285,4.0,0.2469135802469136,0.0,0.0,0,0.0,0.9803921568627451,0.0,0.9749365696230089,1.0,Katashi,0.6846337767366437,0.7383200193665094,2.0
2023-08-07,0.4493412384716733,4.0,0.2469135802469136,1.987543462944944e-10,0.9999999998002457,1,3.9702040124423493e-20,0.9803921568627451,0.5,1.1077606100305544,0.7329738801451248,Katashi,0.6846337767366437,0.7383200193665094,2.0
2023-08-08,0.4449783549783551,4.0,0.2469135802469136,0.0,0.0,0,0.0,0.9803921568627451,0.0,1.2365999292258734,1.0,Katashi,0.6846337767366437,0.7383200193665094,2.0
2023-08-09,0.46397954702302535,4.0,0.2469135802469136,0.0,0.0,0,0.0,0.9803921568627451,0.0,1.3615740688453328,1.0,Katashi,0.6846337767366437,0.7383200193665094,2.0
2023-08-10,0.4543239851935505,4.0,0.2469135802469136,0.0,0.0,0,0.0,0.9803921568627451,0.0,1.4827989842762086,1.0,Katashi,0.6846337767366437,0.7383200193665094,2.0
2023-08-11,0.4238314825271349,4.0,0.2469135802469136,0.0,0.0,0,0.0,0.9803921568627451,0.0,1.600387152244158,1.0,Katashi,0.6846337767366437,0.7383200193665094,2.0
2023-08-14,0.4084064244933811,4.0,0.2469135802469136,0.0,0.0,0,0.0,0.9803921568627451,0.0,1.7144476751730688,1.0,Katashi,0.6846337767366437,0.7383200193665094,2.0
2023-08-15,0.4338684986511073,4.0,0.2469135802469136,0.0,0.0,0,0.0,0.9803921568627451,0.0,1.8250863824141124,1.0,Katashi,0.6846337767366437,0.7383200193665094,2.0
2023-08-16,0.44538365016625875,4.0,0.2469135802469136,0.0,0.0,0,0.0,0.9803921568627451,0.0,1.9324059284379247,1.0,Katashi,0.6846337767366437,0.7383200193665094,2.0
2023-08-17,0.4190394629525064,4.0,0.2469135802469136,0.0,0.0,0,0.0,0.9803921568627451,0.0,2.036505888081023,1.0,Katashi,0.6846337767366437,0.7383200193665094,2.0
2023-08-18,0.39147939017504235,4.0,0.2469135802469136,0.0,0.0,0,0.0,0.9803921568627451,0.0,2.1374828489348277,1.0,Katashi,0.6846337767366437,0.7383200193665094,2.0
2023-08-21,0.4115772633163938,4.0,0.2469135802469136,0.0,0.0,0,0.0,0.9803921568627451,0.0,2.2354305009630187,1.0,Katashi,0.6846337767366437,0.7383200193665094,2.0
2023-08-22,0.3975349771001946,4.0,0.2469135802469136,0.0,0.0,0,0.0,0.9803921568627451,0.0,2.3304397234303638,1.0,Katashi,0.6846337767366437,0.7383200193665094,2.0
2023-08-23,0.4541094171528955,4.0,0.2469135802469136,0.0,0.0,0,0.0,0.9803921568627451,0.0,2.4225986692236887,1.0,Katashi,0.6846337767366437,0.7383200193665094,2.0
2023-08-24,0.4539902126858649,4.0,0.2469135802469136,1.1807999022924255e-11,0.999999999987192,1,1.5123657873601744e-22,0.9803921568627451,0.5,2.5119928466432135,0.7329738801451248,Katashi,0.6846337767366437,0.7383200193665094,2.0
2023-08-25,0.4224963924963925,4.0,0.2469135802469136,1.6893930698654022e-11,0.9999999999821061,1,3.0229845142946834e-22,0.9803921568627451,0.5,2.598705198740153,1.0,Katashi,0.6846337767366437,0.7383200193665094,2.0
2023-08-28,0.44640880858272164,4.0,0.2469135802469136,0.6359305757834809,0.6675063231708077,2,0.21144289535035488,0.9803921568627451,1.0,2.682816180274184,0.4022212249979231,Katashi,0.6846337767366437,0.7383200193665094,2.0
2023-08-29,0.4938521864608821,3.0,0.3278688524590164,2.3696933304202262e-11,0.9999999999753031,1,5.852410571183012e-22,0.7383200193665094,0.5,2.6023316948659585,0.5309901252374114,Katashi,0.6846337767366437,0.7383200193665094,2.0
2023-08-30,0.47177551916682364,2.0,0.48780487804878053,6.770173310618998e-11,0.9999999999312983,1,4.651224901168918e-21,0.4962478818697894,0.5,2.5242617440199795,0.13777601331979283,Katashi,0.6846337767366437,0.7383200193665094,2.0
2023-08-31,0.4629067068197503,3.0,0.3278688524590164,2.0843882175586925e-11,0.9999999999781561,1,4.55310845227772e-22,0.7383200193665094,0.5,2.44853389169938,0.06926482340220042,Katashi,0.6846337767366437,0.7383200193665094,2.0
2023-09-01,0.40943158290984366,2.0,0.48780487804878053,2.176914204428889e-11,0.9999999999772309,1,4.956642058234796e-22,0.4962478818697894,0.5,2.3750778749483983,0.13777601331979283,Katashi,0.6846337767366437,0.7383200193665094,2.0
2023-09-05,0.4620007528703181,2.0,0.48780487804878053,0.12594035939513756,0.9725003241934727,2,0.0034633190543238235,0.4962478818697894,1.0,2.303825538699946,0.26377769731509526,Katashi,0.6846337767366437,0.7383200193665094,2.0
2023-09-06,0.4607848673066065,2.0,0.48780487804878053,5.3158033529098766e-11,0.999999999945842,1,2.8789333863406793e-21,0.4962478818697894,0.5,2.2347107725389477,0.5223915420744158,Katashi,0.6846337767366437,0.7383200193665094,2.0
2023-09-07,0.45606437041219666,1.0,0.9523809523809523,1.0760670798710699,0.40476577386933454,3,0.6405119555517412,0.25417574437258533,1.5,2.167669449362779,0.04342951962959718,Katashi,0.6846337767366437,0.7383200193665094,2.0
2023-09-08,0.4830284208545078,1.0,0.9523809523809523,1.0273846726702693,0.5117135964699026,3,0.5016579668601122,0.25417574437258533,1.5,2.102639365881896,0.1533649660244033,Katashi,0.6846337767366437,0.7383200193665094,2.0
2023-09-11,0.4946884964509197,1.0,0.9523809523809523,0.30008661262234004,0.9110565071383628,2,0.02669075148764798,0.25417574437258533,1.0,2.0395601849054388,0.702621352398384,Katashi,0.6846337767366437,0.7383200193665094,2.0
2023-09-12,0.48286316417219527,1.0,0.9523809523809523,1.0516159132973664,0.43839187289697873,3,0.5905960434986672,0.25417574437258533,1.5,1.9783733793582756,0.05381094506737649,Katashi,0.6846337767366437,0.7383200193665094,2.0
2023-09-13,0.48515197074435823,1.0,0.9523809523809523,2.5585644713646146e-11,0.9999999999734144,1,6.802102941371328e-22,0.25417574437258533,0.5,1.9190221779775274,0.7766593248702961,Katashi,0.6846337767366437,0.7383200193665094,2.0
2023-09-14,0.48436567915795536,1.0,0.9523809523809523,3.037992080074601e-11,0.9999999999686201,1,9.533188366191832e-22,0.25417574437258533,0.5,1.8614515126382014,1.0,Katashi,0.6846337767366437,0.7383200193665094,2.0
2023-09-15,0.4423204354191657,2.0,0.48780487804878053,1.48969836455261e-10,0.9999999998500302,1,2.23409787161686e-20,0.4962478818697894,0.5,1.8056079672590553,0.17084775708209676,Katashi,0.6846337767366437,0.7383200193665094,2.0
2023-09-18,0.4095489827284131,2.0,0.48780487804878053,1.025210693590098e-09,0.9999999989737893,1,1.0520821548054844e-18,0.4962478818697894,0.5,1.7514397282412835,1.0,Katashi,0.6846337767366437,0.7383200193665094,2.0
2023-09-19,0.40450561360767023,2.0,0.48780487804878053,0.0,0.0,0,0.0,0.4962478818697894,0.0,1.698896536394045,1.0,Katashi,0.6846337767366437,0.7383200193665094,2.0
2023-09-20,0.4064372175383876,2.0,0.48780487804878053,0.0,0.0,0,0.0,0.4962478818697894,0.0,1.6479296403022234,1.0,Katashi,0.6846337767366437,0.7383200193665094,2.0
2023-09-21,0.47841577698401716,2.0,0.48780487804878053,0.0,0.0,0,0.0,0.4962478818697894,0.0,1.5984917510931567,1.0,Katashi,0.6846337767366437,0.7383200193665094,2.0
2023-09-22,0.4727050446595497,2.0,0.48780487804878053,0.0,0.0,0,0.0,0.4962478818697894,0.0,1.5505369985603619,1.0,Katashi,0.6846337767366437,0.7383200193665094,2.0
2023-09-25,0.4164981822960015,2.0,0.48780487804878053,0.0,0.0,0,0.0,0.4962478818697894,0.0,1.5040208886035509,1.0,Katashi,0.6846337767366437,0.7383200193665094,2.0
2023-09-26,0.46228684359119143,2.0,0.48780487804878053,0.0,0.0,0,0.0,0.4962478818697894,0.0,1.4589002619454443,1.0,Katashi,0.6846337767366437,0.7383200193665094,2.0
2023-09-27,0.44745780789259054,2.5,0.3921568627450981,0.0,0.0,0,0.0,0.6172839506182098,0.0,1.415133254087081,0.013903922168512328,Katashi,0.6846337767366437,0.7383200193665094,2.0
2023-09-28,0.44187903883556057,2.0,0.48780487804878053,0.0,0.0,0,0.0,0.4962478818697894,0.0,1.3726792564644685,0.02143001624595231,Katashi,0.6846337767366437,0.7383200193665094,2.0
2023-09-29,0.38764100633665854,2.0,0.48780487804878053,0.0,0.0,0,0.0,0.4962478818697894,0.0,1.3314988787705344,1.0,Katashi,0.6846337767366437,0.7383200193665094,2.0
2023-10-02,0.4276698663655186,2.0,0.48780487804878053,0.0,0.0,0,0.0,0.4962478818697894,0.0,1.2915539124074182,1.0,Katashi,0.6846337767366437,0.7383200193665094,2.0
2023-10-03,0.4738973586799675,2.0,0.48780487804878053,0.0,0.0,0,0.0,0.4962478818697894,0.0,1.2528072950351956,1.0,Katashi,0.6846337767366437,0.7383200193665094,2.0
2023-10-04,0.5036746345441998,2.0,0.48780487804878053,0.0,0.0,0,0.0,0.4962478818697894,0.0,1.2152230761841396,1.0,Katashi,0.6846337767366437,0.7383200193665094,2.0
2023-10-05,0.4743026538678713,2.0,0.48780487804878053,0.0,0.0,0,0.0,0.4962478818697894,0.0,1.1787663838986153,1.0,Katashi,0.6846337767366437,0.7383200193665094,2.0
2023-10-06,0.46593450028232636,2.0,0.48780487804878053,0.0,0.0,0,0.0,0.4962478818697894,0.0,1.143403392381657,1.0,Katashi,0.6846337767366437,0.7383200193665094,2.0
2023-10-09,0.5006706819750297,2.0,0.48780487804878053,4.759226346233387e-11,0.9999999999514078,1,2.312614752163965e-21,0.4962478818697894,0.5,1.1091012906102071,0.5221022946988934,Katashi,0.6846337767366437,0.7383200193665094,2.0
2023-10-10,0.5077037455298326,2.0,0.48780487804878053,0.6657645463224476,0.6164726798512212,2,0.25533889230111584,0.4962478818697894,1.0,1.075828251891901,0.16580098113311958,Katashi,0.6846337767366437,0.7383200193665094,2.0
2023-10-11,0.5175023527197441,2.0,0.48780487804878053,0.5895794602377233,0.7235392745682052,2,0.162995565277007,0.4962478818697894,1.0,1.0435534043351438,0.4835641742658343,Utsuroi,0.6846337767366437,0.7383200193665094,2.0
2023-10-12,0.5551948051948052,2.0,0.48780487804878053,0.40525060442432564,0.8598417755054173,2,0.05679920519146996,0.4962478818697894,1.0,1.0122468022050894,0.7943356614092408,Utsuroi,0.6846337767366437,0.7383200193665094,2.0
2023-10-13,0.5433935629587804,2.0,0.48780487804878053,2.935529597135108e-11,0.9999999999696447,1,8.910880481608404e-22,0.4962478818697894,0.5,0.9818793981389368,0.584966886317549,Utsuroi,0.6846337767366437,0.7383200193665094,2.0
2023-10-16,0.5189804881109228,2.0,0.48780487804878053,1.2136625038209038e-11,0.9999999999868634,1,1.594340238743104e-22,0.4962478818697894,0.5,0.9524230161947687,1.0,Utsuroi,0.6846337767366437,0.7383200193665094,2.0
2023-10-17,0.4932084823389171,2.0,0.48780487804878053,1.0586087562036713e-11,0.9999999999884139,1,1.226511032513841e-22,0.4962478818697894,0.5,0.9238503257089256,1.0,Utsuroi,0.6846337767366437,0.7383200193665094,2.0
2023-10-18,0.49425748164878597,2.0,0.48780487804878053,1.2639111979147656e-11,0.9999999999863609,1,1.7238598400285294e-22,0.4962478818697894,0.5,0.8961348159376578,1.0,Utsuroi,0.6846337767366437,0.7383200193665094,2.0
2023-10-19,0.49783361565970263,1.0,0.9523809523809523,1.0180967180355604e-11,0.999999999988819,1,1.138328346879583e-22,0.25417574437258533,0.5,0.869250771459528,0.42506933770384414,Utsuroi,0.6846337767366437,0.7383200193665094,2.0
2023-10-20,0.4699397703745529,2.5,0.3921568627450981,1.492872492279827e-11,0.9999999999840713,1,2.3779522249618834e-22,0.6172839506182098,0.5,0.8431732483157421,0.11365788879885108,Utsuroi,0.6846337767366437,0.7383200193665094,2.0
2023-10-23,0.4031375870506305,2.5,0.3921568627450981,1.4557355321067002e-11,0.9999999999844427,1,2.26473627232879e-22,0.6172839506182098,0.5,0.8178780508662699,1.0,Utsuroi,0.6846337767366437,0.7383200193665094,2.0
2023-10-24,0.427979797979798,2.0,0.48780487804878053,1.312372432938981e-11,0.9999999999858763,1,1.8535557428515367e-22,0.4962478818697894,0.5,0.7933417093402817,0.14040896254235824,Utsuroi,0.6846337767366437,0.7383200193665094,2.0
2023-10-25,0.44071083505866115,3.0,0.3278688524590164,9.888423413370103e-12,0.9999999999891116,1,1.0766912226710217e-22,0.7383200193665094,0.5,0.7695414580600732,0.06926482340220042,Katashi,0.6846337767366437,0.7383200193665094,2.0
2023-10-26,0.41610703306355484,1.0,0.9523809523809523,9.941159007039222e-12,0.9999999999890589,1,1.0876758149532908e-22,0.25417574437258533,0.5,0.746455214318271,0.3962841803724628,Utsuroi,0.6846337767366437,0.7383200193665094,2.0
2023-10-27,0.4158209423426815,1.5,0.6451612903225806,1.3332779324923754e-11,0.9999999999856672,1,1.910954889093882e-22,0.37521181312124796,0.5,0.7240615578887228,0.2800948930606749,Utsuroi,0.6846337767366437,0.7383200193665094,2.0
2023-10-30,0.4046872451220278,2.0,0.48780487804878053,1.3332779324923754e-11,0.9999999999856672,1,1.910954889093882e-22,0.4962478818697894,0.5,0.7023397111520612,0.15255845697569148,Utsuroi,0.6846337767366437,0.7383200193665094,2.0
2023-10-31,0.3907403224794529,2.0,0.48780487804878053,1.099731417035302e-11,0.9999999999880027,1,1.3193798985308014e-22,0.4962478818697894,0.5,0.6812695198174993,1.0,Utsuroi,0.6846337767366437,0.7383200193665094,2.0
2023-11-01,0.34858962293744905,2.0,0.48780487804878053,1.239874869431956e-11,0.9999999999866013,1,1.6612744359866883e-22,0.4962478818697894,0.5,0.6608314342229743,1.0,Utsuroi,0.6846337767366437,0.7383200193665094,2.0
2023-11-02,0.3509260304912479,2.0,0.48780487804878053,1.253908088463029e-11,0.9999999999864609,1,1.6976735293103609e-22,0.4962478818697894,0.5,0.641006491196285,1.0,Utsuroi,0.6846337767366437,0.7383200193665094,2.0
2023-11-03,0.37297885689190036,2.0,0.48780487804878053,1.6412426972882593e-11,0.9999999999825876,1,2.857798230444505e-22,0.4962478818697894,0.5,0.6217762964603964,1.0,Utsuroi,0.6846337767366437,0.7383200193665094,2.0
2023-11-06,0.387521801869628,1.0,0.9523809523809523,8.578870946585961e-11,0.9999999999132113,1,7.445489483812758e-21,0.25417574437258533,0.5,0.6031230075665845,0.42506933770384414,Utsuroi,0.6846337767366437,0.7383200193665094,2.0
2023-11-07,0.39431645649036956,1.0,0.9523809523809523,0.0,0.0,0,0.0,0.25417574437258533,0.0,0.585029317339587,1.0,Utsuroi,0.6846337767366437,0.7383200193665094,2.0
2023-11-08,0.3748384465775771,0.0,20.0,1.1324408077287016e-10,0.9999999998857559,1,1.2937463406450308e-20,0.01210360687489712,0.5,0.5674784378193993,0.006301137485923203,Utsuroi,0.6846337767366437,0.7383200193665094,2.0
2023-11-09,0.38184766923897356,1.0,0.9523809523809523,3.4616454141569623e-10,0.9999999996528355,1,1.2017604663806012e-19,0.25417574437258533,0.5,0.5504540846848174,0.7843209828171231,Utsuroi,0.6846337767366437,0.7383200193665094,2.0
2023-11-10,0.37994039776648475,1.0,0.9523809523809523,6.680338502356348e-10,0.9999999993309662,1,4.46937244282332e-19,0.25417574437258533,0.5,0.5339404621442728,1.0,Utsuroi,0.6846337767366437,0.7383200193665094,2.0
2023-11-13,0.3653974527887571,0.0,20.0,0.0,0.0,0,0.0,0.01210360687489712,0.0,0.5179222482799446,0.013551707902069943,Utsuroi,0.6846337767366437,0.7383200193665094,2.0
2023-11-14,0.42988706945228694,1.0,0.9523809523809523,0.0,0.0,0,0.0,0.25417574437258533,0.0,0.5023845808315462,0.6982104115333638,Utsuroi,0.6846337767366437,0.7383200193665094,2.0
2023-11-15,0.43737310998180573,2.0,0.48780487804878053,0.0,0.0,0,0.0,0.4962478818697894,0.0,0.48731304340659987,0.05608194882815132,Utsuroi,0.6846337767366437,0.7383200193665094,2.0
2023-11-16,0.44490683229813666,1.0,0.9523809523809523,0.0,0.0,0,0.0,0.25417574437258533,0.0,0.47269365210440184,0.1955263417020865,Utsuroi,0.6846337767366437,0.7383200193665094,2.0
2023-11-17,0.4378499278499279,1.0,0.9523809523809523,0.0,0.0,0,0.0,0.25417574437258533,0.0,0.4585128425412698,1.0,Utsuroi,0.6846337767366437,0.7383200193665094,2.0
2023-11-20,0.42740761653805137,1.0,0.9523809523809523,0.0,0.0,0,0.0,0.25417574437258533,0.0,0.4447574572650317,1.0,Utsuroi,0.6846337767366437,0.7383200193665094,2.0
2023-11-21,0.4310552732291863,1.0,0.9523809523809523,0.0,0.0,0,0.0,0.25417574437258533,0.0,0.4314147335470807,1.0,Utsuroi,0.6846337767366437,0.7383200193665094,2.0
2023-11-22,0.44121149382018954,1.0,0.9523809523809523,0.0,0.0,0,0.0,0.25417574437258533,0.0,0.4184722915406683,1.0,Utsuroi,0.6846337767366437,0.7383200193665094,2.0
2023-11-24,0.44605119518162994,1.0,0.9523809523809523,8.678990858937918e-11,0.9999999999122101,1,7.61927622193451e-21,0.25417574437258533,0.5,0.4059181227944482,0.3005350036985702,Utsuroi,0.6846337767366437,0.7383200193665094,2.0
2023-11-27,0.4155110107284021,2.0,0.48780487804878053,2.6131652397142135e-11,0.9999999999728684,1,7.089943313347108e-22,0.4962478818697894,0.5,0.3937405791106148,0.17084775708209676,Utsuroi,0.6846337767366437,0.7383200193665094,2.0
2023-11-28,0.42795595708639195,2.0,0.48780487804878053,2.770816909206584e-11,0.9999999999712919,1,7.954501905856209e-22,0.4962478818697894,0.5,0.38192836173729633,1.0,Utsuroi,0.6846337767366437,0.7383200193665094,2.0
2023-11-29,0.4201838258359998,2.0,0.48780487804878053,2.949063215804877e-11,0.9999999999695094,1,8.991873648695718e-22,0.4962478818697894,0.5,0.3704705108851774,1.0,Utsuroi,0.6846337767366437,0.7383200193665094,2.0
2023-11-30,0.4233069828722004,1.0,0.9523809523809523,2.1154800131612494e-10,0.999999999787452,1,4.496410018713606e-20,0.25417574437258533,0.5,0.3593563955586221,0.42506933770384414,Utsuroi,0.6846337767366437,0.7383200193665094,2.0
2023-12-01,0.4643848422109291,1.0,0.9523809523809523,0.0,0.0,0,0.0,0.25417574437258533,0.0,0.3485757036918634,1.0,Utsuroi,0.6846337767366437,0.7383200193665094,2.0
2023-12-04,0.4721331325679152,1.0,0.9523809523809523,0.0,0.0,0,0.0,0.25417574437258533,0.0,0.3381184325811075,1.0,Utsuroi,0.6846337767366437,0.7383200193665094,2.0
2023-12-05,0.4075719932241672,2.0,0.48780487804878053,0.0,0.0,0,0.0,0.4962478818697894,0.0,0.3279748796036743,0.05608194882815132,Utsuroi,0.6846337767366437,0.7383200193665094,2.0
2023-12-06,0.3582690256603301,1.0,0.9523809523809523,0.0,0.0,0,0.0,0.25417574437258533,0.0,0.31813563321556404,0.1955263417020865,Utsuroi,0.6846337767366437,0.7383200193665094,2.0
2023-12-07,0.3450850116067508,2.0,0.48780487804878053,0.0,0.0,0,0.0,0.4962478818697894,0.0,0.3085915642190971,0.05608194882815132,Utsuroi,0.6846337767366437,0.7383200193665094,2.0
2023-12-08,0.3410082188343058,2.0,0.48780487804878053,0.0,0.0,0,0.0,0.4962478818697894,0.0,0.2993338172925242,1.0,Utsuroi,0.6846337767366437,0.7383200193665094,2.0
2023-12-11,0.34839889579020017,2.0,0.48780487804878053,0.0,0.0,0,0.0,0.4962478818697894,0.0,0.29035380277374845,1.0,Utsuroi,0.6846337767366437,0.7383200193665094,2.0
2023-12-12,0.29988267770876476,2.5,0.3921568627450981,0.0,0.0,0,0.0,0.6172839506182098,0.0,0.281643188690536,0.013903922168512328,Utsuroi,0.6846337767366437,0.7383200193665094,2.0
2023-12-13,0.3461578518100258,2.5,0.3921568627450981,0.0,0.0,0,0.0,0.6172839506182098,0.0,0.27319389302981995,1.0,Utsuroi,0.6846337767366437,0.7383200193665094,2.0
2023-12-14,0.3962714097496708,3.0,0.3278688524590164,0.0,0.0,0,0.0,0.7383200193665094,0.0,0.26499807623892535,0.006531970291220879,Katashi,0.6846337767366437,0.7383200193665094,2.0
2023-12-15,0.3455618294748729,3.0,0.3278688524590164,0.0,0.0,0,0.0,0.7383200193665094,0.0,0.2570481339517576,1.0,Katashi,0.6846337767366437,0.7383200193665094,2.0
2023-12-18,0.3444651483781919,2.0,0.48780487804878053,0.0,0.0,0,0.0,0.4962478818697894,0.0,0.24933668993320485,0.018432631483110362,Utsuroi,0.6846337767366437,0.7383200193665094,2.0
2023-12-19,0.372692766171027,3.0,0.3278688524590164,0.0,0.0,0,0.0,0.7383200193665094,0.0,0.2418565892352087,0.008372645958856895,Katashi,0.6846337767366437,0.7383200193665094,2.0
2023-12-20,0.3842794403663969,3.0,0.3278688524590164,0.0,0.0,0,0.0,0.7383200193665094,0.0,0.23460089155815242,1.0,Katashi,0.6846337767366437,0.7383200193665094,2.0
2023-12-21,0.3827297822949997,3.0,0.3278688524590164,0.0,0.0,0,0.0,0.7383200193665094,0.0,0.22756286481140783,1.0,Katashi,0.6846337767366437,0.7383200193665094,2.0
2023-12-22,0.37920133007089535,1.0,0.9523809523809523,5.29873922502231e-11,0.9999999999460126,1,2.860649957634158e-21,0.25417574437258533,0.5,0.22073597886706559,0.8115768885743908,Utsuroi,0.6846337767366437,0.7383200193665094,2.0
2023-12-26,0.3796543070456114,3.0,0.3278688524590164,0.0,0.0,0,0.0,0.7383200193665094,0.0,0.2141138995010536,0.14348799516746347,Katashi,0.6846337767366437,0.7383200193665094,2.0
2023-12-27,0.3749814919380138,3.0,0.3278688524590164,0.0,0.0,0,0.0,0.7383200193665094,0.0,0.20769048251602198,1.0,Katashi,0.6846337767366437,0.7383200193665094,2.0
2023-12-28,0.3806794654620741,2.0,0.48780487804878053,0.5291740687504303,0.7782021271166947,2,0.11736968283384941,0.4962478818697894,1.0,0.20145976804054133,0.4869998131350193,Utsuroi,0.6846337767366437,0.7383200193665094,2.0
2023-12-29,0.41956396260744094,0.0,20.0,0.6888189935009954,0.5464862293888695,2,0.3123888990112002,0.01210360687489712,1.0,0.1954159749993251,0.05078920764128747,Utsuroi,0.6846337767366437,0.7383200193665094,2.0
2024-01-02,0.38821318777840524,2.0,0.48780487804878053,2.1435297980791653e-11,0.9999999999775647,1,4.809068233258436e-22,0.4962478818697894,0.5,0.18955349574934532,0.9752956502951491,Utsuroi,0.6846337767366437,0.7383200193665094,2.0
2024-01-03,0.4174898048811092,1.0,0.9523809523809523,1.2360390488131767e-10,0.9999999998753961,1,1.5401526473419637e-20,0.25417574437258533,0.5,0.18386689087686495,0.42506933770384414,Utsuroi,0.6846337767366437,0.7383200193665094,2.0
2024-01-04,0.3639431582909844,2.0,0.48780487804878053,3.2518987502221886e-11,0.999999999966481,1,1.0900028163141965e-21,0.4962478818697894,0.5,0.178350884150559,0.17084775708209676,Utsuroi,0.6846337767366437,0.7383200193665094,2.0
2024-01-05,0.36086768304159605,1.0,0.9523809523809523,2.0993984328512954e-11,0.999999999978006,1,4.617408978963822e-22,0.25417574437258533,0.5,0.1730003576260422,0.42506933770384414,Utsuroi,0.6846337767366437,0.7383200193665094,2.0
2024-01-08,0.3473260555869252,2.0,0.48780487804878053,7.321809825066319e-12,0.9999999999916782,1,6.093054696872613e-23,0.4962478818697894,0.5,0.16781034689726093,0.17084775708209676,Utsuroi,0.6846337767366437,0.7383200193665094,2.0
2024-01-09,0.36670870192609323,2.0,0.48780487804878053,1.0057843446926043e-11,0.9999999999889422,1,1.112178357536113e-22,0.4962478818697894,0.5,0.1627760364903431,1.0,Utsuroi,0.6846337767366437,0.7383200193665094,2.0
2024-01-10,0.3612252964426878,3.0,0.3278688524590164,1.1962764112555008e-11,0.9999999999870373,1,1.5507022468926852e-22,0.7383200193665094,0.5,0.15789275539563283,0.06926482340220042,Katashi,0.6846337767366437,0.7383200193665094,2.0
2024-01-11,0.3759828094610703,2.0,0.48780487804878053,1.430666696211051e-11,0.9999999999846934,1,2.1898707004044127e-22,0.4962478818697894,0.5,0.15315597273376383,0.13777601331979283,Nagare,0.6846337767366437,0.7383200193665094,2.0
2024-01-12,0.377627831106092,2.0,0.48780487804878053,0.0,0.0,0,0.0,0.4962478818697894,0.0,0.1485612935517509,1.0,Nagare,0.6846337767366437,0.7383200193665094,2.0
2024-01-16,0.4150341928602798,3.0,0.3278688524590164,0.0,0.0,0,0.0,0.7383200193665094,0.0,0.14410445474519837,0.008372645958856895,Katashi,0.6846337767366437,0.7383200193665094,2.0
2024-01-17,0.37870067130936697,3.0,0.3278688524590164,0.0,0.0,0,0.0,0.7383200193665094,0.0,0.13978132110284242,1.0,Katashi,0.6846337767366437,0.7383200193665094,2.0
2024-01-18,0.3062481962481962,3.0,0.3278688524590164,0.0,0.0,0,0.0,0.7383200193665094,0.0,0.13558788146975714,1.0,Katashi,0.6846337767366437,0.7383200193665094,2.0
2024-01-19,0.33283079239600977,2.5,0.3921568627450981,0.0,0.0,0,0.0,0.6172839506182098,0.0,0.13152024502566442,0.009331329652766396,Nagare,0.6846337767366437,0.7383200193665094,2.0
2024-01-22,0.348994918125353,2.5,0.3921568627450981,0.0,0.0,0,0.0,0.6172839506182098,0.0,0.1275746376748945,1.0,Nagare,0.6846337767366437,0.7383200193665094,2.0
2024-01-23,0.31130246565029174,2.0,0.48780487804878053,0.0,0.0,0,0.0,0.4962478818697894,0.0,0.12374739854464765,0.02143001624595231,Nagare,0.6846337767366437,0.7383200193665094,2.0
2024-01-24,0.3109448522492001,3.0,0.3278688524590164,0.0,0.0,0,0.0,0.7383200193665094,0.0,0.12003497658830822,0.008372645958856895,Katashi,0.6846337767366437,0.7383200193665094,2.0
2024-01-25,0.3399592195244369,3.0,0.3278688524590164,0.0,0.0,0,0.0,0.7383200193665094,0.0,0.11643392729065898,1.0,Katashi,0.6846337767366437,0.7383200193665094,2.0
2024-01-26,0.33953008344312696,3.0,0.3278688524590164,0.0,0.0,0,0.0,0.7383200193665094,0.0,0.1129409094719392,1.0,Katashi,0.6846337767366437,0.7383200193665094,2.0
2024-01-29,0.33957776522993915,3.0,0.3278688524590164,0.0,0.0,0,0.0,0.7383200193665094,0.0,0.10955268218778103,1.0,Katashi,0.6846337767366437,0.7383200193665094,2.0
2024-01-30,0.34470355731225305,3.0,0.3278688524590164,3.238287415940739e-11,0.9999999999666171,1,1.0810326966365714e-21,0.7383200193665094,0.5,0.1062661017221476,0.6549755276992266,Katashi,0.6846337767366437,0.7383200193665094,2.0
2024-01-31,0.34701612397264575,3.0,0.3278688524590164,0.0,0.0,0,0.0,0.7383200193665094,0.0,0.10307811867048317,1.0,Katashi,0.6846337767366437,0.7383200193665094,2.0
2024-02-01,0.32989836250705823,5.0,0.19801980198019803,1.210145317213037e-10,0.9999999998779855,1,1.476552874329887e-20,1.2224642943584967,0.5,0.504130050102356,0.043582553227130116,Katashi,0.6846337767366437,0.7383200193665094,2.0
2024-02-02,0.32877784051697095,4.0,0.2469135802469136,2.9918734156331085e-11,0.9999999999690813,1,9.250487258339656e-22,0.9803921568627451,0.5,0.6510782860955211,0.03767746933699967,Katashi,0.6846337767366437,0.7383200193665094,2.0
2024-02-05,0.36935504109417155,4.0,0.2469135802469136,3.969513606622522e-11,0.9999999999593049,1,1.615398085290519e-21,0.9803921568627451,0.5,0.7936180750088911,1.0,Katashi,0.6846337767366437,0.7383200193665094,2.0
2024-02-06,0.3779616036137776,4.0,0.2469135802469136,0.0,0.0,0,0.0,0.9803921568627451,0.0,0.9318816702548601,1.0,Katashi,0.6846337767366437,0.7383200193665094,2.0
2024-02-07,0.38475625823451914,2.0,0.48780487804878053,0.3139937046558343,0.9049832053400583,2,0.029834675359797797,0.4962478818697894,1.0,0.9039252201472143,0.8834559762187649,Utsuroi,0.6846337767366437,0.7383200193665094,2.0
2024-02-08,0.40492565405608894,2.0,0.48780487804878053,9.362188801539189e-11,0.9999999999053781,1,8.858677732923834e-21,0.4962478818697894,0.5,0.8768074635427979,0.5422384883532237,Utsuroi,0.6846337767366437,0.7383200193665094,2.0
2024-02-09,0.3878317334839075,2.0,0.48780487804878053,0.6931113118562456,0.5042348718748795,2,0.343620418327382,0.4962478818697894,1.0,0.850503239636514,0.11840790611100083,Utsuroi,0.6846337767366437,0.7383200193665094,2.0
2024-02-12,0.38201455549281643,2.0,0.48780487804878053,3.779654367188921e-11,0.9999999999612035,1,1.4663744211167829e-21,0.4962478818697894,0.5,0.8249881424474186,0.8670813893957032,Utsuroi,0.6846337767366437,0.7383200193665094,2.0
2024-02-13,0.465410000627392,1.0,0.9523809523809523,2.6308510924960108e-11,0.9999999999726915,1,7.184456760339866e-22,0.25417574437258533,0.5,0.800238498173996,0.42506933770384414,Utsuroi,0.6846337767366437,0.7383200193665094,2.0
2024-02-14,0.497905138339921,2.5,0.3921568627450981,4.729960867305686e-11,0.9999999999517004,1,2.2845515430038153e-21,0.6172839506182098,0.5,0.7762313432287761,0.11365788879885108,Utsuroi,0.6846337767366437,0.7383200193665094,2.0
2024-02-15,0.4896323483280005,2.0,0.48780487804878053,2.568534274125483e-11,0.9999999999733147,1,6.8542160628215615e-22,0.4962478818697894,0.5,0.7529444029319128,0.14040896254235824,Utsuroi,0.6846337767366437,0.7383200193665094,2.0
2024-02-16,0.4739450404667797,2.0,0.48780487804878053,2.568534274125483e-11,0.9999999999733147,1,6.8542160628215615e-22,0.4962478818697894,0.5,0.7303560708439554,1.0,Utsuroi,0.6846337767366437,0.7383200193665094,2.0
2024-02-20,0.4753039713909279,2.0,0.48780487804878053,1.6218582032786398e-11,0.9999999999827814,1,2.7926062640647177e-22,0.4962478818697894,0.5,0.7084453887186367,1.0,Utsuroi,0.6846337767366437,0.7383200193665094,2.0
2024-02-21,0.45453855323420544,2.0,0.48780487804878053,0.1369437117742485,0.9693646808924257,2,0.004195314309979787,0.4962478818697894,1.0,0.6871920270570776,0.2638057871170787,Utsuroi,0.6846337767366437,0.7383200193665094,2.0
2024-02-22,0.45995043603739255,2.0,0.48780487804878053,0.19569841056612342,0.9509533926905113,2,0.009598343094127756,0.4962478818697894,1.0,0.6665762662453653,0.9645085236116795,Utsuroi,0.6846337767366437,0.7383200193665094,2.0
2024-02-23,0.47384967689315516,2.0,0.48780487804878053,1.004119010155685e-11,0.9999999999889588,1,1.1086646662937003e-22,0.4962478818697894,0.5,0.6465789782580043,0.5243105691965224,Utsuroi,0.6846337767366437,0.7383200193665094,2.0
2024-02-26,0.5102547211242864,2.0,0.48780487804878053,8.714917676353401e-12,0.9999999999902851,1,8.466451499340755e-23,0.4962478818697894,0.5,0.6271816089102641,1.0,Utsuroi,0.6846337767366437,0.7383200193665094,2.0
2024-02-27,0.48658071397201846,2.0,0.48780487804878053,1.0165646102615947e-11,0.9999999999888344,1,1.1350578190529741e-22,0.4962478818697894,0.5,0.6083661606429561,1.0,Utsuroi,0.6846337767366437,0.7383200193665094,2.0
2024-02-28,0.4727529957964741,2.0,0.48780487804878053,1.5272338948914223e-11,0.9999999999837277,1,2.485163380710431e-22,0.4962478818697894,0.5,0.5901151758236675,1.0,Utsuroi,0.6846337767366437,0.7383200193665094,2.0
2024-02-29,0.46014116318464143,2.0,0.48780487804878053,1.571809349329387e-11,0.9999999999832819,1,2.6277620884814453e-22,0.4962478818697894,0.5,0.5724117205489574,1.0,Utsuroi,0.6846337767366437,0.7383200193665094,2.0
2024-03-01,0.43401154401154407,3.0,0.3278688524590164,1.3932299758212566e-11,0.9999999999850677,1,2.0804096810601287e-22,0.7383200193665094,0.5,0.5552393689324887,0.06926482340220042,Katashi,0.6846337767366437,0.7383200193665094,2.0
2024-03-04,0.4240222096743836,3.0,0.3278688524590164,7.961187264942421e-12,0.9999999999910388,1,7.134151381758298e-23,0.7383200193665094,0.5,0.5385821878645141,1.0,Katashi,0.6846337767366437,0.7383200193665094,2.0
2024-03-05,0.431198318589623,2.0,0.48780487804878053,7.356781850341719e-12,0.9999999999916432,1,6.147885829944316e-23,0.4962478818697894,0.5,0.5224247222285786,0.13777601331979283,Utsuroi,0.6846337767366437,0.7383200193665094,2.0
2024-03-06,0.45348955392433654,2.0,0.48780487804878053,1.0844991571376265e-11,0.999999999988155,1,1.2845859384548562e-22,0.4962478818697894,0.5,0.5067519805617212,1.0,Utsuroi,0.6846337767366437,0.7383200193665094,2.0
2024-03-07,0.3722874709831232,1.0,0.9523809523809523,0.6217229460353425,0.6866907044454776,2,0.19479157825241547,0.25417574437258533,1.0,0.49154942114486955,0.2833957149810895,Utsuroi,0.6846337767366437,0.7383200193665094,2.0
2024-03-08,0.37698412698412703,0.0,20.0,0.6783956556560787,0.5856704299587089,2,0.2810793803258629,0.01210360687489712,1.0,0.47680293851052347,0.051036144461704236,Utsuroi,0.6846337767366437,0.7383200193665094,2.0
2024-03-11,0.3830635548026853,1.0,0.9523809523809523,0.5482657555158368,0.7624273732324349,2,0.13025293570460098,0.25417574437258533,1.0,0.46249885035520777,0.7925945724642594,Utsuroi,0.6846337767366437,0.7383200193665094,2.0
2024-03-12,0.3372413576761403,1.5,0.6451612903225806,0.3490482130988206,0.8887849321478531,2,0.03881942070345595,0.37521181312124796,1.0,0.4486238848445515,0.9140095350136888,Utsuroi,0.6846337767366437,0.7383200193665094,2.0
2024-03-13,0.3317579521927348,2.0,0.48780487804878053,4.9408366285925804e-11,0.9999999999495917,1,2.4905939323948333e-21,0.4962478818697894,0.5,0.435165168299215,0.9174374762243174,Utsuroi,0.6846337767366437,0.7383200193665094,2.0
2024-03-14,0.40597465336595784,1.0,0.9523809523809523,2.513134145198151e-11,0.9999999999738687,1,6.567151086881315e-22,0.25417574437258533,0.5,0.4221102132502385,0.42506933770384414,Utsuroi,0.6846337767366437,0.7383200193665094,2.0
2024-03-15,0.3217924587489805,2.0,0.48780487804878053,0.23169652305337313,0.938271785205632,2,0.014302212742146846,0.4962478818697894,1.0,0.40944690685273133,0.026812982224372783,Utsuroi,0.6846337767366437,0.7383200193665094,2.0
2024-03-18,0.2982138151703369,2.0,0.48780487804878053,1.3325673897566253e-11,0.9999999999856743,1,1.9089896393637717e-22,0.4962478818697894,0.5,0.39716349964714937,0.5269643294255515,Utsuroi,0.6846337767366437,0.7383200193665094,2.0
2024-03-19,0.23906455862977607,1.0,0.9523809523809523,0.4061010695830934,0.8593724319186632,2,0.057109005810700164,0.25417574437258533,1.0,0.38524859465773487,0.5368615960966748,Utsuroi,0.6846337767366437,0.7383200193665094,2.0
2024-03-20,0.25639688813601863,1.0,0.9523809523809523,0.9025230159166435,0.6131327311627175,3,0.34915661423045913,0.25417574437258533,1.5,0.3736911368180028,0.09290349824546984,Utsuroi,0.6846337767366437,0.7383200193665094,2.0
2024-03-21,0.27706694271911664,1.0,0.9523809523809523,0.4412555316735772,0.8390417101440232,2,0.0710237357676688,0.25417574437258533,1.0,0.3624804027134627,0.4289309299963022,Utsuroi,0.6846337767366437,0.7383200193665094,2.0
2024-03-22,0.27263253654558006,1.0,0.9523809523809523,3.035383055966813e-11,0.9999999999686462,1,9.517081887406717e-22,0.25417574437258533,0.5,0.35160599063205883,0.43069732071294686,Utsuroi,0.6846337767366437,0.7383200193665094,2.0
2024-03-25,0.30555681033941906,1.0,0.9523809523809523,0.5202643212058289,0.7851868349619963,2,0.1117596254945727,0.25417574437258533,1.0,0.34105781091309706,0.13630212693104193,Utsuroi,0.6846337767366437,0.7383200193665094,2.0
2024-03-26,0.30255285777024904,2.0,0.48780487804878053,1.0140135183678483,0.4355869746188222,3,0.5723224376794098,0.4962478818697894,1.5,0.3308260765857041,0.04027546969536444,Utsuroi,0.6846337767366437,0.7383200193665094,2.0
2024-03-27,0.32558316080055216,1.0,0.9523809523809523,0.21696533270982635,0.943592741125338,2,0.012238419688990351,0.25417574437258533,1.0,0.32090129428813297,0.735619091934017,Utsuroi,0.6846337767366437,0.7383200193665094,2.0
2024-03-28,0.321458686241295,-1.0,0.9523809523809523,0.0,0.0,0,0.0,0.25417574437258533,0.0,0.31127425545948895,1.0,Utsuroi,0.6846337767366437,0.7383200193665094,2.0
2024-04-01,0.3591511387163562,2.0,0.48780487804878053,0.0,0.0,0,0.0,0.4962478818697894,0.0,0.3019360277957043,0.05608194882815132,Utsuroi,0.6846337767366437,0.7383200193665094,2.0
2024-04-02,0.38578141665098187,1.0,0.9523809523809523,0.0,0.0,0,0.0,0.25417574437258533,0.0,0.2928779469618331,0.1955263417020865,Utsuroi,0.6846337767366437,0.7383200193665094,2.0
2024-04-03,0.3876171654432525,2.0,0.48780487804878053,0.0,0.0,0,0.0,0.4962478818697894,0.0,0.2840916085529781,0.05608194882815132,Utsuroi,0.6846337767366437,0.7383200193665094,2.0
2024-04-04,0.39655750047054383,2.0,0.48780487804878053,0.0,0.0,0,0.0,0.4962478818697894,0.0,0.2755688602963888,1.0,Utsuroi,0.6846337767366437,0.7383200193665094,2.0
2024-04-05,0.39481711525189794,-1.0,0.9523809523809523,0.0,0.0,0,0.0,0.25417574437258533,0.0,0.2673017944874971,0.1955263417020865,Utsuroi,0.6846337767366437,0.7383200193665094,2.0
2024-04-08,0.39238534412447457,2.0,0.48780487804878053,0.0,0.0,0,0.0,0.4962478818697894,0.0,0.25928274065287216,0.05608194882815132,Utsuroi,0.6846337767366437,0.7383200193665094,2.0
2024-04-09,0.394650228998055,3.0,0.3278688524590164,0.0,0.0,0,0.0,0.7383200193665094,0.0,0.251504258433286,0.008372645958856895,Katashi,0.6846337767366437,0.7383200193665094,2.0
2024-04-10,0.4669358178053831,2.0,0.48780487804878053,0.0,0.0,0,0.0,0.4962478818697894,0.0,0.2439591306802874,0.018432631483110362,Utsuroi,0.6846337767366437,0.7383200193665094,2.0
2024-04-11,0.4589968003011482,2.0,0.48780487804878053,0.0,0.0,0,0.0,0.4962478818697894,0.0,0.23664035675987877,1.0,Utsuroi,0.6846337767366437,0.7383200193665094,2.0
2024-04-12,0.46135704874835326,3.0,0.3278688524590164,0.0,0.0,0,0.0,0.7383200193665094,0.0,0.2295411460570824,0.008372645958856895,Katashi,0.6846337767366437,0.7383200193665094,2.0
2024-04-15,0.43835058661145615,2.0,0.48780487804878053,0.0,0.0,0,0.0,0.4962478818697894,0.0,0.2226549116753699,0.018432631483110362,Utsuroi,0.6846337767366437,0.7383200193665094,2.0
2024-04-16,0.42499968630403423,2.0,0.48780487804878053,0.0,0.0,0,0.0,0.4962478818697894,0.0,0.2159752643251088,1.0,Utsuroi,0.6846337767366437,0.7383200193665094,2.0
2024-04-17,0.42356923269966745,2.0,0.48780487804878053,1.4763013033164584e-10,0.9999999998513699,1,2.1942282247868526e-20,0.4962478818697894,0.5,0.20949600639535554,0.5221022946988934,Utsuroi,0.6846337767366437,0.7383200193665094,2.0
2024-04-18,0.42197189284145814,2.0,0.48780487804878053,0.0,0.0,0,0.0,0.4962478818697894,0.0,0.20321112620349488,1.0,Utsuroi,0.6846337767366437,0.7383200193665094,2.0
2024-04-19,0.4095031055900623,2.0,0.48780487804878053,0.0,0.0,0,0.0,0.4962478818697894,0.0,0.19711479241739002,1.0,Utsuroi,0.6846337767366437,0.7383200193665094,2.0
2024-04-22,0.38559068950373293,2.0,0.48780487804878053,0.0,0.0,0,0.0,0.4962478818697894,0.0,0.19120134864486832,1.0,Utsuroi,0.6846337767366437,0.7383200193665094,2.0
2024-04-23,0.39100257230692015,3.0,0.3278688524590164,0.0,0.0,0,0.0,0.7383200193665094,0.0,0.18546530818552226,0.008372645958856895,Katashi,0.6846337767366437,0.7383200193665094,2.0
2024-04-24,0.40709517535604495,3.0,0.3278688524590164,0.0,0.0,0,0.0,0.7383200193665094,0.0,0.17990134893995657,1.0,Katashi,0.6846337767366437,0.7383200193665094,2.0
2024-04-25,0.4074289478637306,3.0,0.3278688524590164,0.0,0.0,0,0.0,0.7383200193665094,0.0,0.17450430847175788,1.0,Katashi,0.6846337767366437,0.7383200193665094,2.0
2024-04-26,0.41067130936696156,2.0,0.48780487804878053,0.0,0.0,0,0.0,0.4962478818697894,0.0,0.16926917921760515,0.018432631483110362,Utsuroi,0.6846337767366437,0.7383200193665094,2.0
2024-04-29,0.3600809335591944,1.0,0.9523809523809523,0.0,0.0,0,0.0,0.25417574437258533,0.0,0.164191103841077,0.1955263417020865,Utsuroi,0.6846337767366437,0.7383200193665094,2.0
2024-04-30,0.41234017190538924,1.0,0.9523809523809523,0.0,0.0,0,0.0,0.25417574437258533,0.0,0.15926537072584468,1.0,Nagare,0.6846337767366437,0.7383200193665094,2.0
2024-05-01,0.409050128615346,2.0,0.48780487804878053,0.0,0.0,0,0.0,0.4962478818697894,0.0,0.15448740960406934,0.05608194882815132,Nagare,0.6846337767366437,0.7383200193665094,2.0
2024-05-02,0.39472175167827345,1.0,0.9523809523809523,4.2620995612564054e-10,0.9999999995727901,1,1.8208112726714192e-19,0.25417574437258533,0.5,0.14985278731594726,0.8711125049505274,Nagare,0.6846337767366437,0.7383200193665094,2.0
2024-05-03,0.4046395633352155,1.0,0.9523809523809523,0.0,0.0,0,0.0,0.25417574437258533,0.0,0.14535720369646885,1.0,Nagare,0.6846337767366437,0.7383200193665094,2.0
2024-05-06,0.39879854445071844,1.0,0.9523809523809523,0.0,0.0,0,0.0,0.25417574437258533,0.0,0.1409964875855748,1.0,Nagare,0.6846337767366437,0.7383200193665094,2.0
2024-05-07,0.41470042035259425,2.0,0.48780487804878053,1.3277734466570283e-10,0.9999999998662227,1,1.776259766506534e-20,0.4962478818697894,0.5,0.13676659295800753,0.08800780437531097,Nagare,0.6846337767366437,0.7383200193665094,2.0
2024-05-08,0.40676140284835943,2.5,0.3921568627450981,0.0,0.0,0,0.0,0.6172839506182098,0.0,0.1326635951692673,0.5973859094553102,Nagare,0.6846337767366437,0.7383200193665094,2.0
2024-05-09,0.4163216011042098,2.5,0.3921568627450981,0.0,0.0,0,0.0,0.6172839506182098,0.0,0.12868368731418928,1.0,Nagare,0.6846337767366437,0.7383200193665094,2.0
2024-05-10,0.34858962293744905,1.0,0.9523809523809523,0.0,0.0,0,0.0,0.25417574437258533,0.0,0.1248231766947636,0.17106087174611995,Nagare,0.6846337767366437,0.7383200193665094,2.0
2024-05-13,0.3692119957337349,4.0,0.2469135802469136,0.0,0.0,0,0.0,0.9803921568627451,0.0,0.2831506188901564,0.010222733367897585,Katashi,0.6846337767366437,0.7383200193665094,2.0
2024-05-14,0.364920634920635,2.0,0.48780487804878053,0.0,0.0,0,0.0,0.4962478818697894,0.0,0.2746561003234517,0.014967982560556647,Utsuroi,0.6846337767366437,0.7383200193665094,2.0
2024-05-15,0.40866867432084825,3.0,0.3278688524590164,0.0,0.0,0,0.0,0.7383200193665094,0.0,0.26641641731374816,0.008372645958856895,Katashi,0.6846337767366437,0.7383200193665094,2.0
2024-05-16,0.3795721803701622,2.0,0.48780487804878053,0.0,0.0,0,0.0,0.4962478818697894,0.0,0.2584239247943357,0.018432631483110362,Utsuroi,0.6846337767366437,0.7383200193665094,2.0
2024-05-17,0.404463022546963,3.0,0.3278688524590164,0.0,0.0,0,0.0,0.7383200193665094,0.0,0.2506712070505056,0.008372645958856895,Katashi,0.6846337767366437,0.7383200193665094,2.0
2024-05-20,0.4248840372652347,3.0,0.3278688524590164,0.0,0.0,0,0.0,0.7383200193665094,0.0,0.24315107083899043,1.0,Katashi,0.6846337767366437,0.7383200193665094,2.0
2024-05-21,0.4368294022640465,3.0,0.3278688524590164,0.0,0.0,0,0.0,0.7383200193665094,0.0,0.2358565387138207,1.0,Katashi,0.6846337767366437,0.7383200193665094,2.0
2024-05-22,0.4746190094941396,2.0,0.48780487804878053,0.0,0.0,0,0.0,0.4962478818697894,0.0,0.22878084255240608,0.018432631483110362,Utsuroi,0.6846337767366437,0.7383200193665094,2.0
2024-05-23,0.5260702971002846,2.0,0.48780487804878053,1.3116085994206357e-10,0.9999999998678392,1,1.7334329140325235e-20,0.4962478818697894,0.5,0.2219174172758339,0.5221022946988934,Utsuroi,0.6846337767366437,0.7383200193665094,2.0
2024-05-24,0.5238766184199821,2.5,0.3921568627450981,0.0,0.0,0,0.0,0.6172839506182098,0.0,0.21525989475755886,0.5973859094553102,Utsuroi,0.6846337767366437,0.7383200193665094,2.0
2024-05-28,0.5241148590099259,1.0,0.9523809523809523,0.0,0.0,0,0.0,0.25417574437258533,0.0,0.2088020979148321,0.17106087174611995,Utsuroi,0.6846337767366437,0.7383200193665094,2.0
2024-05-29,0.5808123417755302,2.0,0.48780487804878053,0.0,0.0,0,0.0,0.4962478818697894,0.0,0.20253803497738712,0.05608194882815132,Utsuroi,0.6846337767366437,0.7383200193665094,2.0
2024-05-30,0.5654465324526456,2.0,0.48780487804878053,0.6922205127899688,0.5215218667701866,2,0.3312123787431284,0.4962478818697894,1.0,0.1964618939280655,0.0961318539534034,Utsuroi,0.6846337767366437,0.7383200193665094,2.0
2024-05-31,0.5169762184441444,3.0,0.3278688524590164,2.9376612253423236e-11,0.9999999999696234,1,8.923613098937438e-22,0.7383200193665094,0.5,0.19056803711022355,0.8644428865880149,Katashi,0.6846337767366437,0.7383200193665094,2.0
2024-06-03,0.5110176297132819,2.0,0.48780487804878053,5.0700665886523506e-11,0.9999999999482994,1,2.6212570657052064e-21,0.4962478818697894,0.5,0.18485099599691684,0.13777601331979283,Utsuroi,0.6846337767366437,0.7383200193665094,2.0
2024-06-04,0.5088242675199197,2.0,0.48780487804878053,1.7754475665836964e-10,0.9999999998214553,1,3.169968144877246e-20,0.4962478818697894,0.5,0.17930546611700934,1.0,Utsuroi,0.6846337767366437,0.7383200193665094,2.0
2024-06-05,0.49969320534537925,2.0,0.48780487804878053,1.4708978478564096e-10,0.9999999998519102,1,2.178249132080557e-20,0.4962478818697894,0.5,0.17392630213349905,1.0,Utsuroi,0.6846337767366437,0.7383200193665094,2.0
2024-06-06,0.4874628270280445,2.0,0.48780487804878053,7.568737855804541e-10,0.9999999992421262,1,5.736147845584811e-19,0.4962478818697894,0.5,0.16870851306949408,1.0,Utsuroi,0.6846337767366437,0.7383200193665094,2.0
2024-06-07,0.47618608444695404,2.0,0.48780487804878053,0.0,0.0,0,0.0,0.4962478818697894,0.0,0.16364725767740926,1.0,Utsuroi,0.6846337767366437,0.7383200193665094,2.0
2024-06-10,0.4873913043478262,2.0,0.48780487804878053,0.0,0.0,0,0.0,0.4962478818697894,0.0,0.15873783994708698,1.0,Nagare,0.6846337767366437,0.7383200193665094,2.0
2024-06-11,0.4345360436664785,2.0,0.48780487804878053,0.0,0.0,0,0.0,0.4962478818697894,0.0,0.15397570474867436,1.0,Nagare,0.6846337767366437,0.7383200193665094,2.0
2024-06-12,0.4276698663655185,2.0,0.48780487804878053,0.0,0.0,0,0.0,0.4962478818697894,0.0,0.14935643360621412,1.0,Nagare,0.6846337767366437,0.7383200193665094,2.0
2024-06-13,0.41222096743835884,2.5,0.3921568627450981,0.0,0.0,0,0.0,0.6172839506182098,0.0,0.14487574059802769,0.013903922168512328,Nagare,0.6846337767366437,0.7383200193665094,2.0
2024-06-14,0.38072714724888634,2.0,0.48780487804878053,0.0,0.0,0,0.0,0.4962478818697894,0.0,0.14052946838008684,0.02143001624595231,Nagare,0.6846337767366437,0.7383200193665094,2.0
2024-06-17,0.31740573436225616,3.0,0.3278688524590164,0.0,0.0,0,0.0,0.7383200193665094,0.0,0.13631358432868423,0.008372645958856895,Katashi,0.6846337767366437,0.7383200193665094,2.0
2024-06-18,0.33924399272225364,3.0,0.3278688524590164,0.0,0.0,0,0.0,0.7383200193665094,0.0,0.1322241767988237,1.0,Katashi,0.6846337767366437,0.7383200193665094,2.0
2024-06-20,0.3370029487420792,3.0,0.3278688524590164,0.0,0.0,0,0.0,0.7383200193665094,0.0,0.12825745149485898,1.0,Katashi,0.6846337767366437,0.7383200193665094,2.0
2024-06-21,0.34916180437919575,2.0,0.48780487804878053,0.0,0.0,0,0.0,0.4962478818697894,0.0,0.1244097279500132,0.018432631483110362,Nagare,0.6846337767366437,0.7383200193665094,2.0
2024-06-24,0.33478574565531094,2.0,0.48780487804878053,1.3876677584679674e-11,0.9999999999851233,1,2.0643855139938186e-22,0.4962478818697894,0.5,0.12067743611151281,0.5221022946988934,Nagare,0.6846337767366437,0.7383200193665094,2.0
2024-06-25,0.31874082439299833,2.0,0.48780487804878053,0.0,0.0,0,0.0,0.4962478818697894,0.0,0.11705711302816743,1.0,Nagare,0.6846337767366437,0.7383200193665094,2.0
2024-06-26,0.2989290419725203,2.0,0.48780487804878053,3.003775006456721e-11,0.9999999999689623,1,9.32303514533728e-22,0.4962478818697894,0.5,0.11354539963732241,0.5221022946988934,Nagare,0.6846337767366437,0.7383200193665094,2.0
2024-06-27,0.2766854884246188,1.5,0.6451612903225806,4.2629677564790715e-11,0.9999999999563703,1,1.8599181438415678e-21,0.37521181312124796,0.5,0.11013903764820274,0.23422933803138402,Nagare,0.6846337767366437,0.7383200193665094,2.0
2024-06-28,0.24042348955392442,2.0,0.48780487804878053,3.1921909559598316e-11,0.9999999999670781,1,1.0509295133405069e-21,0.4962478818697894,0.5,0.10683486651875665,0.15255845697569148,Nagare,0.6846337767366437,0.7383200193665094,2.0
