date,mean_corr,curv,eta,entropy,dominance,h1_count,v_raw,Oh,Xi,phi,DEF,regime,phi_c,Oh_pre,Xi_c,sps
2009-02-04,0.36005709266578834,2.0,0.48780487804878053,0.0,0.0,0,0.0,0.6589521054329958,0.0,1e-06,1.0,Nagare,0.13059922362684664,0.9803921568627451,2.0,0
2009-02-05,0.3666133383524688,3.0,0.3278688524590164,0.0,0.0,0,0.0,0.9803921568627451,0.0,1e-06,0.0280277456667265,Katashi,0.13059922362684664,0.9803921568627451,2.0,0
2009-02-06,0.39137806637806644,2.0,0.48780487804878053,0.0,0.0,0,0.0,0.6589521054329958,0.0,1e-06,0.060928761924592956,Nagare,0.13059922362684664,0.9803921568627451,2.0,0
2009-02-09,0.37611989459815554,2.0,0.48780487804878053,0.0,0.0,0,0.0,0.6589521054329958,0.0,1e-06,1.0,Nagare,0.13059922362684664,0.9803921568627451,2.0,0
2009-02-10,0.36655373611895353,2.0,0.48780487804878053,0.0,0.0,0,0.0,0.6589521054329958,0.0,1e-06,1.0,Nagare,0.13059922362684664,0.9803921568627451,2.0,0
2009-02-11,0.3531134324612586,2.5,0.3921568627450981,0.0,0.0,0,0.0,0.8196721311479507,0.0,1e-06,0.04625930894735131,Nagare,0.13059922362684664,0.9803921568627451,2.0,0
2009-02-12,0.31794811468724515,2.0,0.48780487804878053,0.2307840052660745,0.9386067530443047,2,0.014168579428724588,0.6589521054329958,1.0,1e-06,0.4133056226286409,Nagare,0.13059922362684664,0.9803921568627451,2.0,0
2009-02-13,0.3576730033251773,2.0,0.48780487804878053,1.4251599900089942e-11,0.9999999999847484,1,2.1735938434407972e-22,0.6589521054329958,0.5,1e-06,0.5311811812994256,Nagare,0.13059922362684664,0.9803921568627451,2.0,0
2009-02-17,0.3252493882928666,3.0,0.3278688524590164,3.478184407093447e-11,0.9999999999642182,1,1.244557751633763e-21,0.9803921568627451,0.5,1e-06,0.08934226757225516,Katashi,0.13059922362684664,0.9803921568627451,2.0,0
2009-02-18,0.3309869281554807,2.0,0.48780487804878053,5.959666093774047e-11,0.9999999999394034,1,3.611357337594475e-21,0.6589521054329958,0.5,1e-06,0.17559960668484775,Nagare,0.13059922362684664,0.9803921568627451,2.0,0
2009-02-19,0.3511055606512913,1.0,0.9523809523809523,0.0,0.0,0,0.0,0.33751205400260365,0.0,1e-06,0.6717829298074462,Nagare,0.13059922362684664,0.9803921568627451,2.0,0
2009-02-20,0.3451891088736523,2.0,0.48780487804878053,0.0,0.0,0,0.0,0.6589521054329958,0.0,1e-06,0.17582034608361274,Nagare,0.13059922362684664,0.9803921568627451,2.0,0
2009-02-23,0.36132677132916263,2.0,0.48780487804878053,4.857751977263986e-10,0.9999999995132248,1,2.3646330723521714e-19,0.6589521054329958,0.5,1e-06,0.5211359815832705,Nagare,0.13059922362684664,0.9803921568627451,2.0,0
2009-02-24,0.3495699235402603,3.0,0.3278688524590164,0.0,0.0,0,0.0,0.9803921568627451,0.0,1e-06,0.3563920395568667,Katashi,0.13059922362684664,0.9803921568627451,2.0,0
2009-02-25,0.34435302783208965,3.0,0.3278688524590164,0.0,0.0,0,0.0,0.9803921568627451,0.0,1e-06,1.0,Katashi,0.13059922362684664,0.9803921568627451,2.0,0
2009-02-26,0.33868891335961365,2.0,0.48780487804878053,0.0,0.0,0,0.0,0.6589521054329958,0.0,1e-06,0.060928761924592956,Nagare,0.13059922362684664,0.9803921568627451,2.0,0
2009-02-27,0.33782463888761277,3.0,0.3278688524590164,0.0,0.0,0,0.0,0.9803921568627451,0.0,1e-06,0.0280277456667265,Katashi,0.13059922362684664,0.9803921568627451,2.0,0
2009-03-02,0.3550946596078548,2.0,0.48780487804878053,4.4227732586365164e-11,0.9999999999547723,1,2.000319083969083e-21,0.6589521054329958,0.5,1e-06,0.8129490225504685,Nagare,0.13059922362684664,0.9803921568627451,2.0,0
2009-03-03,0.352441813098044,3.0,0.3278688524590164,3.7764236181873865e-11,0.9999999999612358,1,1.4639009352007164e-21,0.9803921568627451,0.5,1e-06,0.08934226757225516,Katashi,0.13059922362684664,0.9803921568627451,2.0,0
2009-03-04,0.3541382125248527,2.0,0.48780487804878053,2.2960855438893687e-11,0.9999999999760392,1,5.501612299976294e-22,0.6589521054329958,0.5,1e-06,0.17559960668484775,Nagare,0.13059922362684664,0.9803921568627451,2.0,0
2009-03-05,0.3419082125603865,2.0,0.48780487804878053,1.4491812184190622e-09,0.9999999985498188,1,2.1015753545024273e-18,0.6589521054329958,0.5,1e-06,1.0,Nagare,0.13059922362684664,0.9803921568627451,2.0,0
2009-03-06,0.34712340799297325,2.0,0.48780487804878053,0.0,0.0,0,0.0,0.6589521054329958,0.0,1e-06,1.0,Nagare,0.13059922362684664,0.9803921568627451,2.0,0
2009-03-09,0.33982213438735176,3.0,0.3278688524590164,0.0,0.0,0,0.0,0.9803921568627451,0.0,1e-06,0.0280277456667265,Katashi,0.13059922362684664,0.9803921568627451,2.0,0
2009-03-10,0.30310715854194126,2.0,0.48780487804878053,0.0,0.0,0,0.0,0.6589521054329958,0.0,1e-06,0.060928761924592956,Nagare,0.13059922362684664,0.9803921568627451,2.0,0
2009-03-11,0.2911569107221281,2.0,0.48780487804878053,0.0,0.0,0,0.0,0.6589521054329958,0.0,1e-06,1.0,Nagare,0.13059922362684664,0.9803921568627451,2.0,0
2009-03-12,0.3285871133697221,3.0,0.3278688524590164,0.0,0.0,0,0.0,0.9803921568627451,0.0,1e-06,0.0280277456667265,Katashi,0.13059922362684664,0.9803921568627451,2.0,0
2009-03-13,0.34619957337348645,2.0,0.48780487804878053,0.0,0.0,0,0.0,0.6589521054329958,0.0,1e-06,0.060928761924592956,Nagare,0.13059922362684664,0.9803921568627451,2.0,0
2009-03-16,0.34202741702741707,3.0,0.3278688524590164,0.0,0.0,0,0.0,0.9803921568627451,0.0,1e-06,0.0280277456667265,Katashi,0.13059922362684664,0.9803921568627451,2.0,0
2009-03-17,0.35493130058347455,3.0,0.3278688524590164,9.957912272034413e-11,0.9999999998994209,1,1.0015578602115846e-20,0.9803921568627451,0.5,1e-06,0.6504492073967539,Katashi,0.13059922362684664,0.9803921568627451,2.0,0
2009-03-18,0.3964144551101073,3.0,0.3278688524590164,7.136535806489212e-11,0.9999999999276347,1,5.164378111257502e-21,0.9803921568627451,0.5,1e-06,1.0,Katashi,0.13059922362684664,0.9803921568627451,2.0,0
2009-03-19,0.40455015998494265,1.0,0.9523809523809523,7.549316727014121e-11,0.9999999999235069,1,5.77470980192977e-21,0.33751205400260365,0.5,1e-06,0.5571997331497673,Nagare,0.13059922362684664,0.9803921568627451,2.0,0
2009-03-20,0.4075898738942218,1.0,0.9523809523809523,5.825429027874663e-11,0.9999999999407457,1,3.451815337576353e-21,0.33751205400260365,0.5,1e-06,1.0,Nagare,0.13059922362684664,0.9803921568627451,2.0,0
2009-03-23,0.39766610201392816,2.0,0.48780487804878053,5.6415760950074616e-11,0.9999999999425843,1,3.2391525966053256e-21,0.6589521054329958,0.5,1e-06,0.27646167478887707,Nagare,0.13059922362684664,0.9803921568627451,2.0,0
2009-03-24,0.39733828972959406,3.0,0.3278688524590164,2.331138615200473e-10,0.9999999997658862,1,5.457518114381655e-20,0.9803921568627451,0.5,1e-06,0.08934226757225516,Katashi,0.13059922362684664,0.9803921568627451,2.0,0
2009-03-25,0.40907992973210366,2.0,0.48780487804878053,0.0,0.0,0,0.0,0.6589521054329958,0.0,1e-06,0.37817800708405414,Nagare,0.13059922362684664,0.9803921568627451,2.0,0
2009-03-26,0.4244275048622876,2.0,0.48780487804878053,0.0,0.0,0,0.0,0.6589521054329958,0.0,1e-06,1.0,Nagare,0.13059922362684664,0.9803921568627451,2.0,0
2009-03-27,0.41867588932806327,2.0,0.48780487804878053,0.0,0.0,0,0.0,0.6589521054329958,0.0,1e-06,1.0,Nagare,0.13059922362684664,0.9803921568627451,2.0,0
2009-03-30,0.41873549156157847,2.0,0.48780487804878053,0.0,0.0,0,0.0,0.6589521054329958,0.0,1e-06,1.0,Nagare,0.13059922362684664,0.9803921568627451,2.0,0
2009-03-31,0.41760304912478824,2.0,0.48780487804878053,0.0,0.0,0,0.0,0.6589521054329958,0.0,1e-06,1.0,Nagare,0.13059922362684664,0.9803921568627451,2.0,0
2009-04-01,0.4159043854696029,2.0,0.48780487804878053,0.0,0.0,0,0.0,0.6589521054329958,0.0,1e-06,1.0,Nagare,0.13059922362684664,0.9803921568627451,2.0,0
2009-04-02,0.38592446201141856,3.0,0.3278688524590164,0.0,0.0,0,0.0,0.9803921568627451,0.0,1e-06,0.0280277456667265,Katashi,0.13059922362684664,0.9803921568627451,2.0,0
2009-04-03,0.38327216261998864,2.0,0.48780487804878053,0.0,0.0,0,0.0,0.6589521054329958,0.0,1e-06,0.060928761924592956,Nagare,0.13059922362684664,0.9803921568627451,2.0,0
2009-04-06,0.4081858962293745,2.0,0.48780487804878053,0.0,0.0,0,0.0,0.6589521054329958,0.0,1e-06,1.0,Nagare,0.13059922362684664,0.9803921568627451,2.0,0
2009-04-07,0.4033879164313947,2.0,0.48780487804878053,0.0,0.0,0,0.0,0.6589521054329958,0.0,1e-06,1.0,Nagare,0.13059922362684664,0.9803921568627451,2.0,0
2009-04-08,0.4000501913545393,2.0,0.48780487804878053,0.0,0.0,0,0.0,0.6589521054329958,0.0,1e-06,1.0,Nagare,0.13059922362684664,0.9803921568627451,2.0,0
2009-04-09,0.4177222535918188,2.0,0.48780487804878053,0.0,0.0,0,0.0,0.6589521054329958,0.0,1e-06,1.0,Nagare,0.13059922362684664,0.9803921568627451,2.0,0
2009-04-13,0.42577573920217815,3.0,0.3278688524590164,0.0,0.0,0,0.0,0.9803921568627451,0.0,1e-06,0.0280277456667265,Katashi,0.13059922362684664,0.9803921568627451,2.0,0
2009-04-14,0.3924866712890461,3.0,0.3278688524590164,2.525735176527316e-11,0.9999999999737427,1,6.631906112326478e-22,0.9803921568627451,0.5,1e-06,0.6504492073967539,Katashi,0.13059922362684664,0.9803921568627451,2.0,0
2009-04-15,0.3928085199824331,2.0,0.48780487804878053,1.437372443279684e-11,0.9999999999846263,1,2.209773605329601e-22,0.6589521054329958,0.5,1e-06,0.17559960668484775,Nagare,0.13059922362684664,0.9803921568627451,2.0,0
2009-04-16,0.36294780099127943,3.0,0.3278688524590164,1.2485557031912332e-10,0.9999999998741445,1,1.5713766249001462e-20,0.9803921568627451,0.5,1e-06,0.08934226757225516,Katashi,0.13059922362684664,0.9803921568627451,2.0,0
2009-04-17,0.3558253340862037,2.0,0.48780487804878053,0.0,0.0,0,0.0,0.6589521054329958,0.0,1e-06,0.37817800708405414,Nagare,0.13059922362684664,0.9803921568627451,2.0,0
2009-04-20,0.3181865236213063,2.0,0.48780487804878053,0.0,0.0,0,0.0,0.6589521054329958,0.0,1e-06,1.0,Nagare,0.13059922362684664,0.9803921568627451,2.0,0
2009-04-21,0.32739506869941654,3.0,0.3278688524590164,0.0,0.0,0,0.0,0.9803921568627451,0.0,1e-06,0.0280277456667265,Katashi,0.13059922362684664,0.9803921568627451,2.0,0
2009-04-22,0.3106766421983813,3.0,0.3278688524590164,6.32446317518261e-11,0.9999999999357554,1,4.063126678226358e-21,0.9803921568627451,0.5,1e-06,0.6504492073967539,Katashi,0.13059922362684664,0.9803921568627451,2.0,0
2009-04-23,0.3036733797603363,3.0,0.3278688524590164,0.0,0.0,0,0.0,0.9803921568627451,0.0,1e-06,1.0,Katashi,0.13059922362684664,0.9803921568627451,2.0,0
2009-04-24,0.27926626513583036,3.0,0.3278688524590164,9.847900272971725e-12,0.9999999999891521,1,1.0682882220744918e-22,0.9803921568627451,0.5,1e-06,0.6504492073967539,Katashi,0.13059922362684664,0.9803921568627451,2.0,0
2009-04-27,0.2951502603676517,3.0,0.3278688524590164,4.368394534978694e-12,0.9999999999946316,1,2.3451168711869894e-23,0.9803921568627451,0.5,1e-06,1.0,Katashi,0.13059922362684664,0.9803921568627451,2.0,0
2009-04-28,0.28924963924963926,2.0,0.48780487804878053,6.6774363815790325e-12,0.9999999999923226,1,5.126544529542901e-23,0.6589521054329958,0.5,1e-06,0.17559960668484775,Nagare,0.13059922362684664,0.9803921568627451,2.0,0
2009-04-29,0.26379948553861593,2.0,0.48780487804878053,6.240563621392293e-12,0.9999999999927595,1,4.5185059882195807e-23,0.6589521054329958,0.5,1e-06,1.0,Nagare,0.13059922362684664,0.9803921568627451,2.0,0
2009-04-30,0.24630623000188212,2.0,0.48780487804878053,0.16908425062878957,0.9596407301965882,2,0.006824116890635012,0.6589521054329958,1.0,1e-06,0.26332840218009734,Nagare,0.13059922362684664,0.9803921568627451,2.0,0
2009-05-01,0.2432963172093607,2.0,0.48780487804878053,4.333533532005651e-12,0.9999999999946665,1,2.3112950539866556e-23,0.6589521054329958,0.5,1e-06,0.5235236629277911,Nagare,0.13059922362684664,0.9803921568627451,2.0,0
2009-05-04,0.28445165945165946,2.0,0.48780487804878053,4.334865799635194e-12,0.9999999999946652,1,2.3125831405853594e-23,0.6589521054329958,0.5,1e-06,1.0,Nagare,0.13059922362684664,0.9803921568627451,2.0,0
2009-05-05,0.2998290356986009,2.0,0.48780487804878053,3.9837022569480685e-12,0.9999999999950163,1,1.9853497802662305e-23,0.6589521054329958,0.5,1e-06,1.0,Nagare,0.13059922362684664,0.9803921568627451,2.0,0
2009-05-06,0.30125948930296764,2.0,0.48780487804878053,4.865885472310432e-12,0.9999999999941341,1,2.8542619260276867e-23,0.6589521054329958,0.5,1e-06,1.0,Nagare,0.13059922362684664,0.9803921568627451,2.0,0
2009-05-07,0.29795156534286965,2.0,0.48780487804878053,2.2532309351398558e-11,0.9999999999764677,1,5.302367756113078e-22,0.6589521054329958,0.5,1e-06,1.0,Nagare,0.13059922362684664,0.9803921568627451,2.0,0
2009-05-08,0.3009912792521489,3.0,0.3278688524590164,1.6401213720334076e-11,0.9999999999825988,1,2.8540066239982418e-22,0.9803921568627451,0.5,1e-06,0.08934226757225516,Katashi,0.13059922362684664,0.9803921568627451,2.0,0
2009-05-11,0.2855543007716921,2.0,0.48780487804878053,0.0,0.0,0,0.0,0.6589521054329958,0.0,1e-06,0.37817800708405414,Nagare,0.13059922362684664,0.9803921568627451,2.0,0
2009-05-12,0.27303783173348395,2.0,0.48780487804878053,0.0,0.0,0,0.0,0.6589521054329958,0.0,1e-06,1.0,Nagare,0.13059922362684664,0.9803921568627451,2.0,0
2009-05-13,0.2864185331576637,2.0,0.48780487804878053,0.0,0.0,0,0.0,0.6589521054329958,0.0,1e-06,1.0,Nagare,0.13059922362684664,0.9803921568627451,2.0,0
2009-05-14,0.28412384716732547,2.0,0.48780487804878053,0.0,0.0,0,0.0,0.6589521054329958,0.0,1e-06,1.0,Nagare,0.13059922362684664,0.9803921568627451,2.0,0
2009-05-15,0.29717673630717106,2.0,0.48780487804878053,0.0,0.0,0,0.0,0.6589521054329958,0.0,1e-06,1.0,Nagare,0.13059922362684664,0.9803921568627451,2.0,0
2009-05-18,0.3009316770186336,2.0,0.48780487804878053,0.0,0.0,0,0.0,0.6589521054329958,0.0,1e-06,1.0,Nagare,0.13059922362684664,0.9803921568627451,2.0,0
2009-05-19,0.3019151138716356,2.0,0.48780487804878053,0.0,0.0,0,0.0,0.6589521054329958,0.0,1e-06,1.0,Nagare,0.13059922362684664,0.9803921568627451,2.0,0
2009-05-20,0.2982197753936885,2.0,0.48780487804878053,0.0,0.0,0,0.0,0.6589521054329958,0.0,1e-06,1.0,Nagare,0.13059922362684664,0.9803921568627451,2.0,0
2009-05-21,0.317054081184516,2.0,0.48780487804878053,1.4912071577429156e-11,0.999999999984088,1,2.372816204290061e-22,0.6589521054329958,0.5,1e-06,0.5211359815832705,Nagare,0.13059922362684664,0.9803921568627451,2.0,0
2009-05-22,0.3211070330635548,2.0,0.48780487804878053,0.6880297849170942,0.550540382001063,2,0.30924160430072795,0.6589521054329958,1.0,1e-06,0.0802885765425988,Nagare,0.13059922362684664,0.9803921568627451,2.0,0
2009-05-26,0.3054912478825523,2.0,0.48780487804878053,1.5963008692522055e-11,0.999999999983037,1,2.7078030208313477e-22,0.6589521054329958,0.5,1e-06,0.8970426217285662,Nagare,0.13059922362684664,0.9803921568627451,2.0,0
2009-05-27,0.33204404291360823,2.0,0.48780487804878053,7.849498828666126e-12,0.9999999999911505,1,6.946395704578425e-23,0.6589521054329958,0.5,1e-06,1.0,Nagare,0.13059922362684664,0.9803921568627451,2.0,0
2009-05-28,0.378474182822009,2.0,0.48780487804878053,1.4289014416019238e-11,0.999999999984711,1,2.1846463130131004e-22,0.6589521054329958,0.5,1e-06,1.0,Nagare,0.13059922362684664,0.9803921568627451,2.0,0
2009-05-29,0.4049673756195496,3.0,0.3278688524590164,5.5321525137066294e-11,0.9999999999436785,1,3.1157914449085436e-21,0.9803921568627451,0.5,1e-06,0.08934226757225516,Katashi,0.13059922362684664,0.9803921568627451,2.0,0
2009-06-01,0.37921921074094983,3.0,0.3278688524590164,0.272171989519002,0.9226810456769278,2,0.021044053625639412,0.9803921568627451,1.0,1e-06,0.40388360955626756,Katashi,0.13059922362684664,0.9803921568627451,2.0,0
2009-06-02,0.37549407114624506,3.0,0.3278688524590164,0.6687369821378353,0.6100248225243717,2,0.2607908232937184,0.9803921568627451,1.0,1e-06,0.24669035776364345,Katashi,0.13059922362684664,0.9803921568627451,2.0,0
2009-06-03,0.38705690444820884,2.0,0.48780487804878053,0.6524278559760761,0.6417101990588027,2,0.23375824664616046,0.6589521054329958,1.0,1e-06,0.31956582903734876,Nagare,0.13059922362684664,0.9803921568627451,2.0,0
2009-06-04,0.3433386661647531,2.0,0.48780487804878053,0.4483219573988082,0.8347203457263345,2,0.07409849812216802,0.6589521054329958,1.0,1e-06,0.6276770222703008,Nagare,0.13059922362684664,0.9803921568627451,2.0,0
2009-06-05,0.35147437103958845,2.0,0.48780487804878053,0.47037070333865594,0.8206734903593098,2,0.08434993646695771,0.6589521054329958,1.0,1e-06,0.5845988763132017,Nagare,0.13059922362684664,0.9803921568627451,2.0,0
2009-06-08,0.36035510383336467,3.0,0.3278688524590164,0.6824530549270151,0.5729929773671286,2,0.29141224707109215,0.9803921568627451,1.0,1e-06,0.10947409166585464,Katashi,0.13059922362684664,0.9803921568627451,2.0,0
2009-06-09,0.36375243114373557,3.0,0.3278688524590164,0.2523917446599303,0.9304814718100225,2,0.01754590261605897,0.9803921568627451,1.0,1e-06,0.9231638236127931,Katashi,0.13059922362684664,0.9803921568627451,2.0,0
2009-06-10,0.36217297195558074,3.0,0.3278688524590164,0.6571553776613568,0.6333376949113262,2,0.24095410557473107,0.9803921568627451,1.0,1e-06,0.27315531397475135,Katashi,0.13059922362684664,0.9803921568627451,2.0,0
2009-06-11,0.37418282200890896,3.0,0.3278688524590164,1.1256218179692468e-11,0.9999999999877438,1,1.3795841688246328e-22,0.9803921568627451,0.5,1e-06,0.9049573399595066,Katashi,0.13059922362684664,0.9803921568627451,2.0,0
2009-06-12,0.3937323546019198,3.0,0.3278688524590164,9.512834964143433e-12,0.9999999999894872,1,1.0000665357942149e-22,0.9803921568627451,0.5,1e-06,1.0,Katashi,0.13059922362684664,0.9803921568627451,2.0,0
2009-06-15,0.41867588932806327,3.0,0.3278688524590164,1.3056000724888632e-11,0.999999999985944,1,1.8351486683327036e-22,0.9803921568627451,0.5,1e-06,1.0,Katashi,0.13059922362684664,0.9803921568627451,2.0,0
2009-06-16,0.39799391429826214,2.0,0.48780487804878053,8.046452393232866e-12,0.9999999999909536,1,7.279167050875319e-23,0.6589521054329958,0.5,1e-06,0.17559960668484775,Nagare,0.13059922362684664,0.9803921568627451,2.0,0
2009-06-17,0.37856358617228186,2.0,0.48780487804878053,1.3199330517365713e-11,0.9999999999858007,1,1.8742136463345606e-22,0.6589521054329958,0.5,1e-06,1.0,Nagare,0.13059922362684664,0.9803921568627451,2.0,0
2009-06-18,0.3743914298262125,3.0,0.3278688524590164,8.653522343092224e-12,0.9999999999903465,1,8.353677985508812e-23,0.9803921568627451,0.5,1e-06,0.08934226757225516,Katashi,0.13059922362684664,0.9803921568627451,2.0,0
2009-06-19,0.3937621557186775,3.0,0.3278688524590164,1.0755507595592534e-11,0.9999999999882445,1,1.264362133048502e-22,0.9803921568627451,0.5,1e-06,1.0,Katashi,0.13059922362684664,0.9803921568627451,2.0,0
2009-06-22,0.43500690131124914,3.0,0.3278688524590164,0.0,0.0,0,0.0,0.9803921568627451,0.0,1e-06,1.0,Katashi,0.13059922362684664,0.9803921568627451,2.0,0
2009-06-23,0.4295234958278436,2.0,0.48780487804878053,0.0,0.0,0,0.0,0.6589521054329958,0.0,1e-06,0.060928761924592956,Nagare,0.13059922362684664,0.9803921568627451,2.0,0
2009-06-24,0.4326526130873958,2.0,0.48780487804878053,0.0,0.0,0,0.0,0.6589521054329958,0.0,1e-06,1.0,Nagare,0.13059922362684664,0.9803921568627451,2.0,0
2009-06-25,0.49145021645021647,2.0,0.48780487804878053,0.0,0.0,0,0.0,0.6589521054329958,0.0,1e-06,1.0,Nagare,0.13059922362684664,0.9803921568627451,2.0,0
2009-06-26,0.45705972771190173,1.0,0.9523809523809523,0.0,0.0,0,0.0,0.33751205400260365,0.0,1e-06,0.5226484885807366,Nagare,0.13059922362684664,0.9803921568627451,2.0,0
2009-06-29,0.42886787125917564,1.0,0.9523809523809523,4.011591059254095e-11,0.9999999999588841,1,1.6494013058622217e-21,0.33751205400260365,0.5,1e-06,0.3539696790590816,Nagare,0.13059922362684664,0.9803921568627451,2.0,0
2009-06-30,0.3888747725704247,1.0,0.9523809523809523,2.4670376852169084e-11,0.9999999999743296,1,6.332973251371533e-22,0.33751205400260365,0.5,1e-06,1.0,Nagare,0.13059922362684664,0.9803921568627451,2.0,0
2009-07-01,0.3907224418093984,2.0,0.48780487804878053,3.0553337637187004e-11,0.9999999999684467,1,9.640591025319452e-22,0.6589521054329958,0.5,1e-06,0.27646167478887707,Nagare,0.13059922362684664,0.9803921568627451,2.0,0
2009-07-02,0.43506650354476445,2.5,0.3921568627450981,0.0,0.0,0,0.0,0.8196721311479507,0.0,1e-06,0.6131784947820277,Nagare,0.13059922362684664,0.9803921568627451,2.0,0
2009-07-06,0.42672219085262575,2.0,0.48780487804878053,0.0,0.0,0,0.0,0.6589521054329958,0.0,1e-06,0.070662299908412,Nagare,0.13059922362684664,0.9803921568627451,2.0,0
2009-07-07,0.4497584541062802,1.0,0.9523809523809523,0.0,0.0,0,0.0,0.33751205400260365,0.0,1e-06,0.5226484885807366,Nagare,0.13059922362684664,0.9803921568627451,2.0,0
2009-07-08,0.4460333145115754,2.0,0.48780487804878053,0.0,0.0,0,0.0,0.6589521054329958,0.0,1e-06,0.17582034608361274,Nagare,0.13059922362684664,0.9803921568627451,2.0,0
2009-07-09,0.4283314511575382,1.0,0.9523809523809523,0.0,0.0,0,0.0,0.33751205400260365,0.0,1e-06,0.5226484885807366,Nagare,0.13059922362684664,0.9803921568627451,2.0,0
2009-07-10,0.4287784679089027,2.0,0.48780487804878053,0.0,0.0,0,0.0,0.6589521054329958,0.0,1e-06,0.17582034608361274,Nagare,0.13059922362684664,0.9803921568627451,2.0,0
2009-07-13,0.4468081435472741,2.0,0.48780487804878053,0.0,0.0,0,0.0,0.6589521054329958,0.0,1e-06,1.0,Nagare,0.13059922362684664,0.9803921568627451,2.0,0
2009-07-14,0.43545391806261363,3.0,0.3278688524590164,0.0,0.0,0,0.0,0.9803921568627451,0.0,1e-06,0.0280277456667265,Katashi,0.13059922362684664,0.9803921568627451,2.0,0
2009-07-15,0.45235115126419473,2.5,0.3921568627450981,0.0,0.0,0,0.0,0.8196721311479507,0.0,1e-06,0.031219596057299404,Nagare,0.13059922362684664,0.9803921568627451,2.0,0
2009-07-16,0.4255003450655625,2.5,0.3921568627450981,0.0,0.0,0,0.0,0.8196721311479507,0.0,1e-06,1.0,Nagare,0.13059922362684664,0.9803921568627451,2.0,0
2009-07-17,0.42168580212058476,3.0,0.3278688524590164,0.0,0.0,0,0.0,0.9803921568627451,0.0,1e-06,0.021927297801893397,Katashi,0.13059922362684664,0.9803921568627451,2.0,0
2009-07-20,0.4480597904510948,1.5,0.6451612903225806,0.0,0.0,0,0.0,0.49823207971788014,0.0,1e-06,0.14333516961253745,Nagare,0.13059922362684664,0.9803921568627451,2.0,0
2009-07-21,0.4660000627391933,3.0,0.3278688524590164,5.72947245186195e-11,0.9999999999417053,1,3.339978914822581e-21,0.9803921568627451,0.5,1e-06,0.07017553363082507,Katashi,0.13059922362684664,0.9803921568627451,2.0,0
2009-07-22,0.450354476441433,2.0,0.48780487804878053,2.265587717403642e-11,0.9999999999763441,1,5.359441465184148e-22,0.6589521054329958,0.5,1e-06,0.17559960668484775,Nagare,0.13059922362684664,0.9803921568627451,2.0,0
2009-07-23,0.41390771064684106,3.0,0.3278688524590164,0.0,0.0,0,0.0,0.9803921568627451,0.0,1e-06,0.3563920395568667,Katashi,0.13059922362684664,0.9803921568627451,2.0,0
2009-07-24,0.4092289353158919,3.0,0.3278688524590164,0.0,0.0,0,0.0,0.9803921568627451,0.0,1e-06,1.0,Katashi,0.13059922362684664,0.9803921568627451,2.0,0
2009-07-27,0.4039243365330322,3.0,0.3278688524590164,1.5972112521323827e-11,0.9999999999830279,1,2.7108013758684267e-22,0.9803921568627451,0.5,1e-06,0.6504492073967539,Katashi,0.13059922362684664,0.9803921568627451,2.0,0
2009-07-28,0.3371102327624067,2.0,0.48780487804878053,1.2804857173753832e-10,0.9999999998709515,1,1.6524482464172536e-20,0.6589521054329958,0.5,1e-06,0.17559960668484775,Nagare,0.13059922362684664,0.9803921568627451,2.0,0
2009-07-29,0.34155059915929475,3.0,0.3278688524590164,0.0,0.0,0,0.0,0.9803921568627451,0.0,1e-06,0.3563920395568667,Katashi,0.13059922362684664,0.9803921568627451,2.0,0
2009-07-30,0.3722755505364202,2.0,0.48780487804878053,0.0,0.0,0,0.0,0.6589521054329958,0.0,1e-06,0.060928761924592956,Nagare,0.13059922362684664,0.9803921568627451,2.0,0
2009-07-31,0.3346367400715227,2.5,0.3921568627450981,0.0,0.0,0,0.0,0.8196721311479507,0.0,1e-06,0.04625930894735131,Nagare,0.13059922362684664,0.9803921568627451,2.0,0
2009-08-03,0.3586266390614218,2.5,0.3921568627450981,0.0,0.0,0,0.0,0.8196721311479507,0.0,1e-06,1.0,Nagare,0.13059922362684664,0.9803921568627451,2.0,0
2009-08-04,0.29684892402283714,2.0,0.48780487804878053,5.168887540069078e-11,0.9999999999473111,1,2.7234275722137138e-21,0.6589521054329958,0.5,1e-06,0.8931880322099761,Nagare,0.13059922362684664,0.9803921568627451,2.0,0
2009-08-05,0.3089481774264383,1.0,0.9523809523809523,0.5989914837826594,0.7134962033913678,2,0.17161333423996988,0.33751205400260365,1.0,1e-06,0.20578233838246485,Nagare,0.13059922362684664,0.9803921568627451,2.0,0
2009-08-06,0.3102296254470167,1.0,0.9523809523809523,2.1337043243114528e-11,0.999999999977663,1,4.766059855948672e-22,0.33751205400260365,0.5,1e-06,0.7617761991196336,Nagare,0.13059922362684664,0.9803921568627451,2.0,0
2009-08-07,0.31544482087960346,2.5,0.3921568627450981,0.0,0.0,0,0.0,0.8196721311479507,0.0,1e-06,0.27312168835555994,Nagare,0.13059922362684664,0.9803921568627451,2.0,0
2009-08-10,0.3130309304222348,3.5,0.28169014084507044,0.0,0.0,0,0.0,1.1411121825773787,0.0,0.08072099571463366,0.014228252644147177,Katashi,0.13059922362684664,0.9803921568627451,2.0,0
2009-08-11,0.32647123407992973,3.0,0.3278688524590164,0.0,0.0,0,0.0,0.9803921568627451,0.0,0.07829936584319465,0.015765507647159227,Katashi,0.13059922362684664,0.9803921568627451,2.0,0
2009-08-12,0.2961336972206537,3.0,0.3278688524590164,0.0,0.0,0,0.0,0.9803921568627451,0.0,0.0759503848678988,1.0,Katashi,0.13059922362684664,0.9803921568627451,2.0,0
2009-08-13,0.31171968128489863,3.0,0.3278688524590164,0.3153571385366849,0.9043773280226172,2,0.030155292214019497,0.9803921568627451,1.0,0.07367187332186184,0.39277731295743534,Katashi,0.13059922362684664,0.9803921568627451,2.0,0
2009-08-14,0.31583223539745275,3.0,0.3278688524590164,0.5101282288525275,0.7928707429297581,2,0.10566248105278235,0.9803921568627451,1.0,0.07146171712220599,0.5790391980126808,Katashi,0.13059922362684664,0.9803921568627451,2.0,0
2009-08-17,0.3509975531714662,3.0,0.3278688524590164,1.4055312469339188e-11,0.9999999999849447,1,2.1160681015399806e-22,0.9803921568627451,0.5,0.06931786560853981,0.8106742816722954,Katashi,0.13059922362684664,0.9803921568627451,2.0,0
2009-08-18,0.3585074345943911,3.0,0.3278688524590164,2.459388248577437e-11,0.9999999999744061,1,6.294523941589114e-22,0.9803921568627451,0.5,0.06723832964028362,1.0,Katashi,0.13059922362684664,0.9803921568627451,2.0,0
2009-08-19,0.3557657318526884,3.0,0.3278688524590164,2.0697110691734672e-11,0.9999999999783029,1,4.490670438268237e-22,0.9803921568627451,0.5,0.06522117975107511,1.0,Katashi,0.13059922362684664,0.9803921568627451,2.0,0
2009-08-20,0.3629478009912794,3.0,0.3278688524590164,5.537884593802378e-10,0.9999999994452116,1,3.072354340365893e-19,0.9803921568627451,0.5,0.06326454435854285,1.0,Katashi,0.13059922362684664,0.9803921568627451,2.0,0
2009-08-21,0.36679214505301455,3.0,0.3278688524590164,0.0,0.0,0,0.0,0.9803921568627451,0.0,0.06136660802778657,1.0,Katashi,0.13059922362684664,0.9803921568627451,2.0,0
2009-08-24,0.3631564088085828,2.0,0.48780487804878053,2.6655821990546653e-10,0.9999999997324418,1,7.131983693189116e-20,0.6589521054329958,0.5,0.05952560978695297,0.8129490225504685,Utsuroi,0.13059922362684664,0.9803921568627451,2.0,0
2009-08-25,0.37011825017777294,3.5,0.28169014084507044,0.0,0.0,0,0.0,1.1411121825773787,0.0,0.13845986720797804,0.21721873231614952,Katashi,0.13059922362684664,0.9803921568627451,2.0,0
2009-08-26,0.3756022448655887,2.5,0.3921568627450981,1.6874301954297663e-10,0.999999999830257,1,2.86429459335694e-20,0.8196721311479507,0.5,0.13430607119173868,0.7179981260360738,Utsuroi,0.13059922362684664,0.9803921568627451,2.0,0
2009-08-27,0.3834130161404946,3.0,0.3278688524590164,0.0,0.0,0,0.0,0.9803921568627451,0.0,0.13027688905598653,0.6058956334069645,Katashi,0.13059922362684664,0.9803921568627451,2.0,0
2009-08-28,0.3764385363372979,3.0,0.3278688524590164,0.0,0.0,0,0.0,0.9803921568627451,0.0,0.12636858238430693,1.0,Katashi,0.13059922362684664,0.9803921568627451,2.0,0
2009-08-31,0.3862142453608598,3.0,0.3278688524590164,0.0,0.0,0,0.0,0.9803921568627451,0.0,0.12257752491277772,1.0,Katashi,0.13059922362684664,0.9803921568627451,2.0,0
2009-09-01,0.4064986399927298,2.5,0.3921568627450981,0.0,0.0,0,0.0,0.8196721311479507,0.0,0.11890019916539439,0.031219596057299404,Utsuroi,0.13059922362684664,0.9803921568627451,2.0,0
2009-09-02,0.4011937045216357,2.0,0.48780487804878053,0.0,0.0,0,0.0,0.6589521054329958,0.0,0.11533319319043256,0.070662299908412,Utsuroi,0.13059922362684664,0.9803921568627451,2.0,0
2009-09-03,0.3940087230298167,3.0,0.3278688524590164,0.0,0.0,0,0.0,0.9803921568627451,0.0,0.11187319739471958,0.0280277456667265,Katashi,0.13059922362684664,0.9803921568627451,2.0,0
2009-09-04,0.38696130182641336,2.0,0.48780487804878053,0.0,0.0,0,0.0,0.6589521054329958,0.0,0.10851700147287799,0.060928761924592956,Utsuroi,0.13059922362684664,0.9803921568627451,2.0,0
2009-09-08,0.3465613385616663,2.0,0.48780487804878053,0.0,0.0,0,0.0,0.6589521054329958,0.0,0.10526149142869165,1.0,Utsuroi,0.13059922362684664,0.9803921568627451,2.0,0
2009-09-09,0.36061252723546655,3.0,0.3278688524590164,0.0,0.0,0,0.0,0.9803921568627451,0.0,0.1021036466858309,0.0280277456667265,Katashi,0.13059922362684664,0.9803921568627451,2.0,0
2009-09-10,0.387586569742737,2.0,0.48780487804878053,0.0,0.0,0,0.0,0.6589521054329958,0.0,0.09904053728525597,0.060928761924592956,Utsuroi,0.13059922362684664,0.9803921568627451,2.0,0
2009-09-11,0.37040484971879994,2.0,0.48780487804878053,0.0,0.0,0,0.0,0.6589521054329958,0.0,0.0960693211666983,1.0,Utsuroi,0.13059922362684664,0.9803921568627451,2.0,0
2009-09-14,0.381162110141251,2.0,0.48780487804878053,3.761790878723394e-11,0.9999999999613821,1,1.452724138167068e-21,0.6589521054329958,0.5,0.09318724153169734,0.5211359815832705,Utsuroi,0.13059922362684664,0.9803921568627451,2.0,0
2009-09-15,0.3669021284716184,2.0,0.48780487804878053,0.0,0.0,0,0.0,0.6589521054329958,0.0,0.09039162428574642,1.0,Utsuroi,0.13059922362684664,0.9803921568627451,2.0,0
2009-09-16,0.37358679967375624,3.0,0.3278688524590164,0.0,0.0,0,0.0,0.9803921568627451,0.0,0.08767987555717402,0.0280277456667265,Katashi,0.13059922362684664,0.9803921568627451,2.0,0
2009-09-17,0.361487546270155,2.0,0.48780487804878053,5.860256724155085e-11,0.9999999999403975,1,3.492862158256511e-21,0.6589521054329958,0.5,0.0850494792904588,0.8129490225504685,Utsuroi,0.13059922362684664,0.9803921568627451,2.0,0
2009-09-18,0.38461321287408246,3.0,0.3278688524590164,2.85725887390138e-11,0.9999999999704274,1,8.449647839255003e-22,0.9803921568627451,0.5,0.08249799491174503,0.08934226757225516,Katashi,0.13059922362684664,0.9803921568627451,2.0,0
2009-09-21,0.3720073404856014,2.5,0.3921568627450981,1.8556933767208905e-11,0.9999999999804431,1,3.6291631410003136e-22,0.8196721311479507,0.5,0.08002305506439268,0.11461313281979157,Utsuroi,0.13059922362684664,0.9803921568627451,2.0,0
2009-09-22,0.348464458247067,2.0,0.48780487804878053,9.22795173602757e-12,0.9999999999897721,1,9.438284084079428e-23,0.6589521054329958,0.5,0.0776223634124609,0.1841445734742193,Utsuroi,0.13059922362684664,0.9803921568627451,2.0,0
2009-09-23,0.3631266076918251,3.0,0.3278688524590164,5.802469615878281e-12,0.9999999999931976,1,3.9470994898591426e-23,0.9803921568627451,0.5,0.07529369251008707,0.08934226757225516,Katashi,0.13059922362684664,0.9803921568627451,2.0,0
2009-09-24,0.39391116130246573,2.5,0.3921568627450981,9.26414500662998e-12,0.9999999999897359,1,9.508832277215753e-23,0.8196721311479507,0.5,0.07303488173478445,0.11461313281979157,Utsuroi,0.13059922362684664,0.9803921568627451,2.0,0
2009-09-25,0.4011528326745719,2.5,0.3921568627450981,8.956724251114383e-12,0.9999999999900433,1,8.917943542390728e-23,0.8196721311479507,0.5,0.07084383528274092,1.0,Utsuroi,0.13059922362684664,0.9803921568627451,2.0,0
2009-09-28,0.4339936633414895,2.5,0.3921568627450981,9.077072426982544e-12,0.999999999989923,1,9.147011547166989e-23,0.8196721311479507,0.5,0.06871852022425869,1.0,Utsuroi,0.13059922362684664,0.9803921568627451,2.0,0
2009-09-29,0.43765920070267905,2.5,0.3921568627450981,8.832157227752672e-12,0.9999999999901679,1,8.683896314140867e-23,0.8196721311479507,0.5,0.06665696461753093,1.0,Utsuroi,0.13059922362684664,0.9803921568627451,2.0,0
2009-09-30,0.4290466779597215,2.5,0.3921568627450981,1.1177503367247506e-11,0.9999999999878225,1,1.3611383762729886e-22,0.8196721311479507,0.5,0.064657255679005,1.0,Utsuroi,0.13059922362684664,0.9803921568627451,2.0,0
2009-10-01,0.4396558755254407,2.5,0.3921568627450981,0.0,0.0,0,0.0,0.8196721311479507,0.0,0.06271753800863485,1.0,Utsuroi,0.13059922362684664,0.9803921568627451,2.0,0
2009-10-02,0.41973789448398474,3.0,0.3278688524590164,0.0,0.0,0,0.0,0.9803921568627451,0.0,0.0608360118683758,0.021927297801893397,Katashi,0.13059922362684664,0.9803921568627451,2.0,0
2009-10-05,0.45557566913379016,3.0,0.3278688524590164,0.0,0.0,0,0.0,0.9803921568627451,0.0,0.05901093151232452,1.0,Katashi,0.13059922362684664,0.9803921568627451,2.0,0
2009-10-06,0.4642485264071729,3.0,0.3278688524590164,0.0,0.0,0,0.0,0.9803921568627451,0.0,0.05724060356695478,1.0,Katashi,0.13059922362684664,0.9803921568627451,2.0,0
2009-10-07,0.4682407986503461,3.0,0.3278688524590164,0.0,0.0,0,0.0,0.9803921568627451,0.0,0.05552338545994614,1.0,Katashi,0.13059922362684664,0.9803921568627451,2.0,0
2009-10-08,0.4781353165322632,3.0,0.3278688524590164,0.0,0.0,0,0.0,0.9803921568627451,0.0,0.05385768389614775,1.0,Katashi,0.13059922362684664,0.9803921568627451,2.0,0
2009-10-09,0.4720105683739378,3.0,0.3278688524590164,0.0,0.0,0,0.0,0.9803921568627451,0.0,0.052241953379263316,1.0,Katashi,0.13059922362684664,0.9803921568627451,2.0,0
2009-10-12,0.44126842274983635,3.0,0.3278688524590164,0.0,0.0,0,0.0,0.9803921568627451,0.0,0.050674694777885415,1.0,Katashi,0.13059922362684664,0.9803921568627451,2.0,0
2009-10-13,0.4416407557393807,3.0,0.3278688524590164,0.0,0.0,0,0.0,0.9803921568627451,0.0,0.04915445393454885,1.0,Katashi,0.13059922362684664,0.9803921568627451,2.0,0
2009-10-14,0.4458742566805787,2.0,0.48780487804878053,0.0,0.0,0,0.0,0.6589521054329958,0.0,0.047679820316512384,0.060928761924592956,Utsuroi,0.13059922362684664,0.9803921568627451,2.0,0
2009-10-15,0.43889991155267594,2.0,0.48780487804878053,0.0,0.0,0,0.0,0.6589521054329958,0.0,0.04624942570701701,1.0,Utsuroi,0.13059922362684664,0.9803921568627451,2.0,0
2009-10-16,0.4119731674285502,2.0,0.48780487804878053,0.0,0.0,0,0.0,0.6589521054329958,0.0,0.0448619429358065,1.0,Utsuroi,0.13059922362684664,0.9803921568627451,2.0,0
2009-10-19,0.4373956832447222,2.0,0.48780487804878053,0.0,0.0,0,0.0,0.6589521054329958,0.0,0.0435160846477323,1.0,Nagare,0.13059922362684664,0.9803921568627451,2.0,0
2009-10-20,0.44395306525419387,3.0,0.3278688524590164,0.0,0.0,0,0.0,0.9803921568627451,0.0,0.042210602108300334,0.0280277456667265,Katashi,0.13059922362684664,0.9803921568627451,2.0,0
2009-10-21,0.46207257352033704,3.0,0.3278688524590164,0.0,0.0,0,0.0,0.9803921568627451,0.0,0.04094428404505132,1.0,Katashi,0.13059922362684664,0.9803921568627451,2.0,0
2009-10-22,0.46083585663511556,3.0,0.3278688524590164,0.0,0.0,0,0.0,0.9803921568627451,0.0,0.03971595552369978,1.0,Katashi,0.13059922362684664,0.9803921568627451,2.0,0
2009-10-23,0.47625164690382094,3.0,0.3278688524590164,0.0,0.0,0,0.0,0.9803921568627451,0.0,0.038524476857988786,1.0,Katashi,0.13059922362684664,0.9803921568627451,2.0,0
2009-10-26,0.49782765543635116,3.0,0.3278688524590164,0.0,0.0,0,0.0,0.9803921568627451,0.0,0.037368742552249125,1.0,Katashi,0.13059922362684664,0.9803921568627451,2.0,0
2009-10-27,0.48906612710960545,2.0,0.48780487804878053,0.0,0.0,0,0.0,0.6589521054329958,0.0,0.03624768027568165,0.060928761924592956,Nagare,0.13059922362684664,0.9803921568627451,2.0,0
2009-10-28,0.4897813539117888,2.0,0.48780487804878053,0.0,0.0,0,0.0,0.6589521054329958,0.0,0.035160249867411196,1.0,Nagare,0.13059922362684664,0.9803921568627451,2.0,0
2009-10-29,0.5042348955392435,3.0,0.3278688524590164,0.0,0.0,0,0.0,0.9803921568627451,0.0,0.03410544237138886,0.0280277456667265,Katashi,0.13059922362684664,0.9803921568627451,2.0,0
2009-10-30,0.507155404981492,3.0,0.3278688524590164,0.0,0.0,0,0.0,0.9803921568627451,0.0,0.03308227910024719,1.0,Katashi,0.13059922362684664,0.9803921568627451,2.0,0
2009-11-02,0.5096586987891336,3.0,0.3278688524590164,0.0,0.0,0,0.0,0.9803921568627451,0.0,0.03208981072723977,1.0,Katashi,0.13059922362684664,0.9803921568627451,2.0,0
2009-11-03,0.4915694209172471,2.5,0.3921568627450981,0.0,0.0,0,0.0,0.8196721311479507,0.0,0.031127116405422577,0.031219596057299404,Nagare,0.13059922362684664,0.9803921568627451,2.0,0
2009-11-04,0.45819217014869196,2.0,0.48780487804878053,0.0,0.0,0,0.0,0.6589521054329958,0.0,0.0301933029132599,0.070662299908412,Nagare,0.13059922362684664,0.9803921568627451,2.0,0
2009-11-05,0.4535133948177426,2.0,0.48780487804878053,0.0,0.0,0,0.0,0.6589521054329958,0.0,0.029287503825862104,1.0,Nagare,0.13059922362684664,0.9803921568627451,2.0,0
2009-11-06,0.45476504172156346,2.0,0.48780487804878053,0.0,0.0,0,0.0,0.6589521054329958,0.0,0.02840887871108624,1.0,Nagare,0.13059922362684664,0.9803921568627451,2.0,0
2009-11-09,0.4890363259928477,2.0,0.48780487804878053,0.0,0.0,0,0.0,0.6589521054329958,0.0,0.02755661234975365,1.0,Nagare,0.13059922362684664,0.9803921568627451,2.0,0
2009-11-10,0.5025064307673004,2.0,0.48780487804878053,0.0,0.0,0,0.0,0.6589521054329958,0.0,0.02672991397926104,1.0,Nagare,0.13059922362684664,0.9803921568627451,2.0,0
2009-11-11,0.49967532467532483,2.0,0.48780487804878053,0.0,0.0,0,0.0,0.6589521054329958,0.0,0.02592801655988321,1.0,Nagare,0.13059922362684664,0.9803921568627451,2.0,0
2009-11-12,0.5180626137147877,2.0,0.48780487804878053,0.0,0.0,0,0.0,0.6589521054329958,0.0,0.025150176063086713,1.0,Nagare,0.13059922362684664,0.9803921568627451,2.0,0
2009-11-13,0.5328439676265764,2.5,0.3921568627450981,0.0,0.0,0,0.0,0.8196721311479507,0.0,0.02439567078119411,0.04625930894735131,Nagare,0.13059922362684664,0.9803921568627451,2.0,0
2009-11-16,0.5748933433716042,3.0,0.3278688524590164,0.0,0.0,0,0.0,0.9803921568627451,0.0,0.023663800657758288,0.021927297801893397,Katashi,0.13059922362684664,0.9803921568627451,2.0,0
2009-11-17,0.5835654683480771,3.0,0.3278688524590164,0.0,0.0,0,0.0,0.9803921568627451,0.0,0.02295388663802554,1.0,Katashi,0.13059922362684664,0.9803921568627451,2.0,0
2009-11-18,0.5612444318966058,3.0,0.3278688524590164,0.0,0.0,0,0.0,0.9803921568627451,0.0,0.02226527003888477,1.0,Katashi,0.13059922362684664,0.9803921568627451,2.0,0
2009-11-19,0.5648801681410377,3.0,0.3278688524590164,0.0,0.0,0,0.0,0.9803921568627451,0.0,0.021597311937718227,1.0,Katashi,0.13059922362684664,0.9803921568627451,2.0,0
2009-11-20,0.5541219649915303,2.0,0.48780487804878053,0.0,0.0,0,0.0,0.6589521054329958,0.0,0.020949392579586678,0.060928761924592956,Nagare,0.13059922362684664,0.9803921568627451,2.0,0
2009-11-23,0.5725688562645085,2.0,0.48780487804878053,0.0,0.0,0,0.0,0.6589521054329958,0.0,0.020320910802199076,1.0,Nagare,0.13059922362684664,0.9803921568627451,2.0,0
2009-11-24,0.548042537172972,2.0,0.48780487804878053,0.0,0.0,0,0.0,0.6589521054329958,0.0,0.019711283478133102,1.0,Nagare,0.13059922362684664,0.9803921568627451,2.0,0
2009-11-25,0.5089732731037079,2.0,0.48780487804878053,0.0,0.0,0,0.0,0.6589521054329958,0.0,0.019119944973789108,1.0,Nagare,0.13059922362684664,0.9803921568627451,2.0,0
2009-11-27,0.5402048434657132,2.5,0.3921568627450981,0.0,0.0,0,0.0,0.8196721311479507,0.0,0.018546346624575435,0.04625930894735131,Nagare,0.13059922362684664,0.9803921568627451,2.0,0
2009-11-30,0.5200592885375495,2.0,0.48780487804878053,0.0,0.0,0,0.0,0.6589521054329958,0.0,0.017989956225838172,0.070662299908412,Nagare,0.13059922362684664,0.9803921568627451,2.0,0
2009-12-01,0.5145460819373863,2.0,0.48780487804878053,0.0,0.0,0,0.0,0.6589521054329958,0.0,0.017450257539063027,1.0,Nagare,0.13059922362684664,0.9803921568627451,2.0,0
2009-12-02,0.49556277056277065,2.0,0.48780487804878053,0.0,0.0,0,0.0,0.6589521054329958,0.0,0.016926749812891134,1.0,Nagare,0.13059922362684664,0.9803921568627451,2.0,0
2009-12-03,0.5418439048873832,3.0,0.3278688524590164,0.0,0.0,0,0.0,0.9803921568627451,0.0,0.0164189473185044,0.0280277456667265,Katashi,0.13059922362684664,0.9803921568627451,2.0,0
2009-12-04,0.5295956458999937,3.0,0.3278688524590164,0.0,0.0,0,0.0,0.9803921568627451,0.0,0.015926378898949267,1.0,Katashi,0.13059922362684664,0.9803921568627451,2.0,0
2009-12-07,0.541277683668988,3.0,0.3278688524590164,0.0,0.0,0,0.0,0.9803921568627451,0.0,0.015448587531980789,1.0,Katashi,0.13059922362684664,0.9803921568627451,2.0,0
2009-12-08,0.566340422862162,3.0,0.3278688524590164,0.0,0.0,0,0.0,0.9803921568627451,0.0,0.014985129906021365,1.0,Katashi,0.13059922362684664,0.9803921568627451,2.0,0
2009-12-09,0.5540325616412572,3.0,0.3278688524590164,0.0,0.0,0,0.0,0.9803921568627451,0.0,0.014535576008840725,1.0,Katashi,0.13059922362684664,0.9803921568627451,2.0,0
2009-12-10,0.5159765355417529,2.0,0.48780487804878053,2.9010061015836935e-10,0.9999999997088994,1,8.444845821918341e-20,0.6589521054329958,0.5,0.014099508728575502,0.8129490225504685,Nagare,0.13059922362684664,0.9803921568627451,2.0,0
2009-12-11,0.5011057782796913,3.0,0.3278688524590164,0.0,0.0,0,0.0,0.9803921568627451,0.0,0.013676523466718236,0.3563920395568667,Katashi,0.13059922362684664,0.9803921568627451,2.0,0
2009-12-14,0.5034004642700296,3.0,0.3278688524590164,0.0,0.0,0,0.0,0.9803921568627451,0.0,0.013266227762716689,1.0,Katashi,0.13059922362684664,0.9803921568627451,2.0,0
2009-12-15,0.4748807955329695,3.0,0.3278688524590164,0.0,0.0,0,0.0,0.9803921568627451,0.0,0.012868240929835188,1.0,Katashi,0.13059922362684664,0.9803921568627451,2.0,0
2009-12-16,0.44814919380136775,2.0,0.48780487804878053,0.0,0.0,0,0.0,0.6589521054329958,0.0,0.012482193701940132,0.060928761924592956,Nagare,0.13059922362684664,0.9803921568627451,2.0,0
2009-12-17,0.40019919693832745,2.0,0.48780487804878053,0.0,0.0,0,0.0,0.6589521054329958,0.0,0.012107727890881928,1.0,Nagare,0.13059922362684664,0.9803921568627451,2.0,0
2009-12-18,0.40073561703996485,2.0,0.48780487804878053,0.0,0.0,0,0.0,0.6589521054329958,0.0,0.01174449605415547,1.0,Nagare,0.13059922362684664,0.9803921568627451,2.0,0
2009-12-21,0.38509003074220477,2.0,0.48780487804878053,0.0,0.0,0,0.0,0.6589521054329958,0.0,0.011392161172530805,1.0,Nagare,0.13059922362684664,0.9803921568627451,2.0,0
2009-12-22,0.3691166321601105,2.0,0.48780487804878053,0.0,0.0,0,0.0,0.6589521054329958,0.0,0.01105039633735488,1.0,Nagare,0.13059922362684664,0.9803921568627451,2.0,0
2009-12-23,0.36506368028107167,2.0,0.48780487804878053,0.0,0.0,0,0.0,0.6589521054329958,0.0,0.010718884447234234,1.0,Nagare,0.13059922362684664,0.9803921568627451,2.0,0
2009-12-24,0.33719607142659164,2.0,0.48780487804878053,0.0,0.0,0,0.0,0.6589521054329958,0.0,0.010397317913817206,1.0,Nagare,0.13059922362684664,0.9803921568627451,2.0,0
2009-12-28,0.33958064054793685,2.0,0.48780487804878053,0.0,0.0,0,0.0,0.6589521054329958,0.0,0.01008539837640269,1.0,Nagare,0.13059922362684664,0.9803921568627451,2.0,0
2009-12-29,0.3437078300768851,1.0,0.9523809523809523,0.0,0.0,0,0.0,0.33751205400260365,0.0,0.009782836425110608,0.5226484885807366,Nagare,0.13059922362684664,0.9803921568627451,2.0,0
2009-12-30,0.3187912935379475,1.0,0.9523809523809523,0.0,0.0,0,0.0,0.33751205400260365,0.0,0.00948935133235729,1.0,Nagare,0.13059922362684664,0.9803921568627451,2.0,0
2009-12-31,0.3492512502368931,2.0,0.48780487804878053,0.0,0.0,0,0.0,0.6589521054329958,0.0,0.009204670792386571,0.17582034608361274,Nagare,0.13059922362684664,0.9803921568627451,2.0,0
2010-01-04,0.389216323839323,2.0,0.48780487804878053,0.0,0.0,0,0.0,0.6589521054329958,0.0,0.008928530668614973,1.0,Nagare,0.13059922362684664,0.9803921568627451,2.0,0
2010-01-05,0.3800058007178353,1.0,0.9523809523809523,0.0,0.0,0,0.0,0.33751205400260365,0.0,0.008660674748556524,0.5226484885807366,Nagare,0.13059922362684664,0.9803921568627451,2.0,0
2010-01-06,0.3308148783666429,2.0,0.48780487804878053,0.0,0.0,0,0.0,0.6589521054329958,0.0,0.008400854506099828,0.17582034608361274,Nagare,0.13059922362684664,0.9803921568627451,2.0,0
2010-01-07,0.3414096677805263,3.0,0.3278688524590164,0.0,0.0,0,0.0,0.9803921568627451,0.0,0.008148828870916834,0.0280277456667265,Katashi,0.13059922362684664,0.9803921568627451,2.0,0
2010-01-08,0.3354643576131861,2.0,0.48780487804878053,0.0,0.0,0,0.0,0.6589521054329958,0.0,0.00790436400478933,0.060928761924592956,Nagare,0.13059922362684664,0.9803921568627451,2.0,0
2010-01-11,0.30410906274460286,3.0,0.3278688524590164,0.0,0.0,0,0.0,0.9803921568627451,0.0,0.007667233084645649,0.0280277456667265,Katashi,0.13059922362684664,0.9803921568627451,2.0,0
2010-01-12,0.3397242843715914,3.0,0.3278688524590164,0.0,0.0,0,0.0,0.9803921568627451,0.0,0.007437216092106279,1.0,Katashi,0.13059922362684664,0.9803921568627451,2.0,0
2010-01-13,0.35794996095748455,3.0,0.3278688524590164,0.0,0.0,0,0.0,0.9803921568627451,0.0,0.007214099609343091,1.0,Katashi,0.13059922362684664,0.9803921568627451,2.0,0
2010-01-14,0.37027887571365836,3.0,0.3278688524590164,0.0,0.0,0,0.0,0.9803921568627451,0.0,0.006997676621062798,1.0,Katashi,0.13059922362684664,0.9803921568627451,2.0,0
2010-01-15,0.3747192421105465,3.0,0.3278688524590164,0.0,0.0,0,0.0,0.9803921568627451,0.0,0.0067877463224309134,1.0,Katashi,0.13059922362684664,0.9803921568627451,2.0,0
2010-01-19,0.3810966810966811,3.0,0.3278688524590164,0.0,0.0,0,0.0,0.9803921568627451,0.0,0.006584113932757986,1.0,Katashi,0.13059922362684664,0.9803921568627451,2.0,0
2010-01-20,0.4004376058723885,3.0,0.3278688524590164,0.0,0.0,0,0.0,0.9803921568627451,0.0,0.006386590514775247,1.0,Katashi,0.13059922362684664,0.9803921568627451,2.0,0
2010-01-21,0.40630842587364335,3.0,0.3278688524590164,0.0,0.0,0,0.0,0.9803921568627451,0.0,0.006194992799331989,1.0,Katashi,0.13059922362684664,0.9803921568627451,2.0,0
2010-01-22,0.42800363887320414,3.0,0.3278688524590164,0.0,0.0,0,0.0,0.9803921568627451,0.0,0.006009143015352029,1.0,Katashi,0.13059922362684664,0.9803921568627451,2.0,0
2010-01-25,0.4417439443682559,2.0,0.48780487804878053,1.0433987007174909e-10,0.9999999998946602,1,1.0991146049062678e-20,0.6589521054329958,0.5,0.005828868724891468,0.8129490225504685,Nagare,0.13059922362684664,0.9803921568627451,2.0,0
2010-01-26,0.4568993652139965,2.0,0.48780487804878053,3.792488545353089e-11,0.9999999999610751,1,1.47622098318198e-21,0.6589521054329958,0.5,0.005654002663144724,1.0,Nagare,0.13059922362684664,0.9803921568627451,2.0,0
2010-01-27,0.4567213076447724,3.5,0.28169014084507044,0.0,0.0,0,0.0,1.1411121825773787,0.0,0.08620440829788405,0.21721873231614952,Katashi,0.13059922362684664,0.9803921568627451,2.0,0
2010-01-28,0.4689801744149571,3.0,0.3278688524590164,0.0,0.0,0,0.0,0.9803921568627451,0.0,0.08361827604894752,0.015765507647159227,Katashi,0.13059922362684664,0.9803921568627451,2.0,0
2010-01-29,0.4723178994918125,3.5,0.28169014084507044,0.0,0.0,0,0.0,1.1411121825773787,0.0,0.16182975348211276,0.011661608721658112,Katashi,0.13059922362684664,0.9803921568627451,2.0,0
2010-02-01,0.4738675575632098,3.5,0.28169014084507044,0.0,0.0,0,0.0,1.1411121825773787,0.0,0.23769488659228302,1.0,Katashi,0.13059922362684664,0.9803921568627451,2.0,0
2010-02-02,0.4915396198004893,3.5,0.28169014084507044,0.0,0.0,0,0.0,1.1411121825773787,0.0,0.3112840657091482,1.0,Katashi,0.13059922362684664,0.9803921568627451,2.0,0
2010-02-03,0.4837019260932306,2.0,0.48780487804878053,5.286437953910127e-11,0.9999999999461356,1,2.847505834218905e-21,0.6589521054329958,0.5,0.30194554373787375,0.6267766276294491,Katashi,0.13059922362684664,0.9803921568627451,2.0,0
2010-02-04,0.4738973586799674,3.0,0.3278688524590164,5.947919934174223e-11,0.9999999999395208,1,3.597253038003e-21,0.9803921568627451,0.5,0.2928871774257375,0.08934226757225516,Katashi,0.13059922362684664,0.9803921568627451,2.0,0
2010-02-05,0.4894237405106972,2.0,0.48780487804878053,8.014888752353984e-11,0.9999999999188511,1,6.503991286017178e-21,0.6589521054329958,0.5,0.28410056210296536,0.17559960668484775,Katashi,0.13059922362684664,0.9803921568627451,2.0,0
2010-02-08,0.5064997804128238,2.0,0.48780487804878053,4.721812939525056e-10,0.9999999995268187,1,2.234273452600132e-19,0.6589521054329958,0.5,0.2755775452398764,1.0,Katashi,0.13059922362684664,0.9803921568627451,2.0,0
2010-02-09,0.5162447455925716,2.0,0.48780487804878053,0.0,0.0,0,0.0,0.6589521054329958,0.0,0.2673102188826801,1.0,Katashi,0.13059922362684664,0.9803921568627451,2.0,0
2010-02-10,0.5204765041721564,3.0,0.3278688524590164,0.0,0.0,0,0.0,0.9803921568627451,0.0,0.25929091231619966,0.0280277456667265,Katashi,0.13059922362684664,0.9803921568627451,2.0,0
2010-02-11,0.5178540058974843,2.5,0.3921568627450981,0.0,0.0,0,0.0,0.8196721311479507,0.0,0.2515121849467137,0.031219596057299404,Katashi,0.13059922362684664,0.9803921568627451,2.0,0
2010-02-12,0.5271221532091097,2.0,0.48780487804878053,8.960532315727499e-11,0.9999999999093947,1,8.118717279420831e-21,0.6589521054329958,0.5,0.24396681939831227,0.8931880322099761,Katashi,0.13059922362684664,0.9803921568627451,2.0,0
2010-02-16,0.5523338979860719,2.0,0.48780487804878053,0.0,0.0,0,0.0,0.6589521054329958,0.0,0.2366478148163629,1.0,Katashi,0.13059922362684664,0.9803921568627451,2.0,0
2010-02-17,0.542678336156597,3.0,0.3278688524590164,2.1660584434832195e-10,0.9999999997823942,1,4.7134692863632213e-20,0.9803921568627451,0.5,0.229548380371872,0.1350544073484644,Katashi,0.13059922362684664,0.9803921568627451,2.0,0
2010-02-18,0.5524829035698602,2.5,0.3921568627450981,0.0,0.0,0,0.0,0.8196721311479507,0.0,0.22266192896071585,0.6096398697095524,Katashi,0.13059922362684664,0.9803921568627451,2.0,0
2010-02-19,0.5415868265919102,3.0,0.3278688524590164,2.2397717011868945e-10,0.9999999997750229,1,5.0389744955402936e-20,0.9803921568627451,0.5,0.21598207109189438,0.3108386041823271,Katashi,0.13059922362684664,0.9803921568627451,2.0,0
2010-02-22,0.5354924603375467,3.0,0.3278688524590164,9.204192962919608e-11,0.9999999999069581,1,8.56375670376762e-21,0.9803921568627451,0.5,0.20950260895913755,1.0,Katashi,0.13059922362684664,0.9803921568627451,2.0,0
2010-02-23,0.5327654771842968,3.0,0.3278688524590164,9.204192962919608e-11,0.9999999999069581,1,8.56375670376762e-21,0.9803921568627451,0.5,0.2032175306903634,1.0,Katashi,0.13059922362684664,0.9803921568627451,2.0,0
2010-02-24,0.5173572392526592,3.0,0.3278688524590164,0.0,0.0,0,0.0,0.9803921568627451,0.0,0.1971210047696525,1.0,Katashi,0.13059922362684664,0.9803921568627451,2.0,0
2010-02-25,0.5121619925967752,2.0,0.48780487804878053,0.0,0.0,0,0.0,0.6589521054329958,0.0,0.19120737462656293,0.060928761924592956,Utsuroi,0.13059922362684664,0.9803921568627451,2.0,0
2010-02-26,0.5014931927975407,2.0,0.48780487804878053,0.0,0.0,0,0.0,0.6589521054329958,0.0,0.18547115338776604,1.0,Utsuroi,0.13059922362684664,0.9803921568627451,2.0,0
2010-03-01,0.5119831858962294,2.5,0.3921568627450981,0.0,0.0,0,0.0,0.8196721311479507,0.0,0.17990701878613305,0.04625930894735131,Utsuroi,0.13059922362684664,0.9803921568627451,2.0,0
2010-03-02,0.49276146558755257,2.5,0.3921568627450981,0.0,0.0,0,0.0,0.8196721311479507,0.0,0.17450980822254905,1.0,Utsuroi,0.13059922362684664,0.9803921568627451,2.0,0
2010-03-03,0.4919270343183386,3.0,0.3278688524590164,0.0,0.0,0,0.0,0.9803921568627451,0.0,0.16927451397587256,0.021927297801893397,Katashi,0.13059922362684664,0.9803921568627451,2.0,0
2010-03-04,0.46644707949055786,3.0,0.3278688524590164,0.0,0.0,0,0.0,0.9803921568627451,0.0,0.16419627855659638,1.0,Katashi,0.13059922362684664,0.9803921568627451,2.0,0
2010-03-05,0.4502352719744025,3.0,0.3278688524590164,0.0,0.0,0,0.0,0.9803921568627451,0.0,0.1592703901998985,1.0,Katashi,0.13059922362684664,0.9803921568627451,2.0,0
2010-03-08,0.4415929481146873,3.0,0.3278688524590164,0.0,0.0,0,0.0,0.9803921568627451,0.0,0.15449227849390154,1.0,Katashi,0.13059922362684664,0.9803921568627451,2.0,0
2010-03-09,0.4239208858774076,3.0,0.3278688524590164,0.0,0.0,0,0.0,0.9803921568627451,0.0,0.1498575101390845,1.0,Katashi,0.13059922362684664,0.9803921568627451,2.0,0
2010-03-10,0.4217454043541001,3.0,0.3278688524590164,0.0,0.0,0,0.0,0.9803921568627451,0.0,0.14536178483491197,1.0,Katashi,0.13059922362684664,0.9803921568627451,2.0,0
2010-03-11,0.380530459878286,3.5,0.28169014084507044,0.0,0.0,0,0.0,1.1411121825773787,0.0,0.22172095700449826,0.011661608721658112,Katashi,0.13059922362684664,0.9803921568627451,2.0,0
2010-03-12,0.36548089591567856,3.0,0.3278688524590164,0.0,0.0,0,0.0,0.9803921568627451,0.0,0.21506932829436332,0.015765507647159227,Katashi,0.13059922362684664,0.9803921568627451,2.0,0
2010-03-15,0.3475704247443378,2.0,0.48780487804878053,0.0,0.0,0,0.0,0.6589521054329958,0.0,0.20861724844553242,0.060928761924592956,Katashi,0.13059922362684664,0.9803921568627451,2.0,0
2010-03-16,0.38419599723947556,2.0,0.48780487804878053,0.0,0.0,0,0.0,0.6589521054329958,0.0,0.20235873099216645,1.0,Utsuroi,0.13059922362684664,0.9803921568627451,2.0,0
2010-03-17,0.3814542944977728,2.0,0.48780487804878053,0.0,0.0,0,0.0,0.6589521054329958,0.0,0.19628796906240145,1.0,Utsuroi,0.13059922362684664,0.9803921568627451,2.0,0
2010-03-18,0.3229249011857708,2.0,0.48780487804878053,0.0,0.0,0,0.0,0.6589521054329958,0.0,0.19039932999052941,1.0,Utsuroi,0.13059922362684664,0.9803921568627451,2.0,0
2010-03-19,0.3662855260681348,2.0,0.48780487804878053,0.0,0.0,0,0.0,0.6589521054329958,0.0,0.18468735009081352,1.0,Utsuroi,0.13059922362684664,0.9803921568627451,2.0,0
2010-03-22,0.3556465273856577,2.0,0.48780487804878053,0.0,0.0,0,0.0,0.6589521054329958,0.0,0.1791467295880891,1.0,Utsuroi,0.13059922362684664,0.9803921568627451,2.0,0
2010-03-23,0.35993788819875777,2.0,0.48780487804878053,0.0,0.0,0,0.0,0.6589521054329958,0.0,0.17377232770044643,1.0,Utsuroi,0.13059922362684664,0.9803921568627451,2.0,0
2010-03-24,0.4232056590752244,3.0,0.3278688524590164,0.0,0.0,0,0.0,0.9803921568627451,0.0,0.16855915786943304,0.0280277456667265,Katashi,0.13059922362684664,0.9803921568627451,2.0,0
2010-03-25,0.4146825396825398,3.0,0.3278688524590164,1.5075263258793513e-10,0.9999999998482474,1,2.2877105531609103e-20,0.9803921568627451,0.5,0.16350238313335005,0.6504492073967539,Katashi,0.13059922362684664,0.9803921568627451,2.0,0
2010-03-26,0.38988801054018446,3.0,0.3278688524590164,0.0,0.0,0,0.0,0.9803921568627451,0.0,0.15859731163934954,1.0,Katashi,0.13059922362684664,0.9803921568627451,2.0,0
2010-03-29,0.3895303971390929,3.0,0.3278688524590164,3.783751090149629e-11,0.9999999999611625,1,1.4695139051200375e-21,0.9803921568627451,0.5,0.15383939229016905,0.6504492073967539,Katashi,0.13059922362684664,0.9803921568627451,2.0,0
2010-03-30,0.39185488424618864,3.0,0.3278688524590164,0.0,0.0,0,0.0,0.9803921568627451,0.0,0.14922421052146398,1.0,Katashi,0.13059922362684664,0.9803921568627451,2.0,0
2010-03-31,0.3690868310433528,3.0,0.3278688524590164,0.0,0.0,0,0.0,0.9803921568627451,0.0,0.14474748420582007,1.0,Katashi,0.13059922362684664,0.9803921568627451,2.0,0
2010-04-01,0.359669678147939,3.0,0.3278688524590164,0.0,0.0,0,0.0,0.9803921568627451,0.0,0.14040505967964545,1.0,Katashi,0.13059922362684664,0.9803921568627451,2.0,0
2010-04-05,0.36315640880858274,3.0,0.3278688524590164,0.0,0.0,0,0.0,0.9803921568627451,0.0,0.1361929078892561,1.0,Katashi,0.13059922362684664,0.9803921568627451,2.0,0
2010-04-06,0.3579659010407872,3.0,0.3278688524590164,0.0,0.0,0,0.0,0.9803921568627451,0.0,0.1321071206525784,1.0,Katashi,0.13059922362684664,0.9803921568627451,2.0,0
2010-04-07,0.338072169968229,3.0,0.3278688524590164,0.0,0.0,0,0.0,0.9803921568627451,0.0,0.12814390703300105,1.0,Katashi,0.13059922362684664,0.9803921568627451,2.0,0
2010-04-08,0.32789505071806907,3.0,0.3278688524590164,3.380141721501143e-10,0.9999999996609858,1,1.1459158728844624e-19,0.9803921568627451,0.5,0.12429958982201102,0.6504492073967539,Katashi,0.13059922362684664,0.9803921568627451,2.0,0
2010-04-09,0.34196781479390176,3.0,0.3278688524590164,5.3277382504239495e-11,0.9999999999457226,1,2.8917556904983916e-21,0.9803921568627451,0.5,0.12057060212735068,1.0,Katashi,0.13059922362684664,0.9803921568627451,2.0,0
2010-04-12,0.34870286718112814,3.5,0.28169014084507044,0.0,0.0,0,0.0,1.1411121825773787,0.0,0.19767350977816384,0.6028099044470501,Katashi,0.13059922362684664,0.9803921568627451,2.0,0
2010-04-13,0.34715320910973085,3.0,0.3278688524590164,4.0502823316606834e-11,0.9999999999584972,1,1.6809806239756178e-21,0.9803921568627451,0.5,0.1917433044848189,0.9494924056183066,Katashi,0.13059922362684664,0.9803921568627451,2.0,0
2010-04-14,0.32927253905514775,3.0,0.3278688524590164,5.133415914434167e-11,0.9999999999476659,1,2.6865289186713106e-21,0.9803921568627451,0.5,0.18599100535027432,1.0,Katashi,0.13059922362684664,0.9803921568627451,2.0,0
2010-04-15,0.3334744965179748,2.0,0.48780487804878053,8.095513148395688e-11,0.9999999999180449,1,6.634686654473775e-21,0.6589521054329958,0.5,0.1804112751897661,0.17559960668484775,Utsuroi,0.13059922362684664,0.9803921568627451,2.0,0
2010-04-16,0.32042160737812914,2.0,0.48780487804878053,0.0,0.0,0,0.0,0.6589521054329958,0.0,0.17499893693407312,1.0,Utsuroi,0.13059922362684664,0.9803921568627451,2.0,0
2010-04-19,0.3100210176297133,3.0,0.3278688524590164,6.482359091843587e-10,0.9999999993507641,1,4.2085801566178085e-19,0.9803921568627451,0.5,0.16974896882605092,0.1350544073484644,Katashi,0.13059922362684664,0.9803921568627451,2.0,0
2010-04-20,0.3490902816989773,3.0,0.3278688524590164,0.0,0.0,0,0.0,0.9803921568627451,0.0,0.1646564997612694,1.0,Katashi,0.13059922362684664,0.9803921568627451,2.0,0
2010-04-21,0.2968191229060794,2.0,0.48780487804878053,2.2660717744112883e-10,0.9999999997723928,1,5.15774150382054e-20,0.6589521054329958,0.5,0.1597168047684313,0.8129490225504685,Utsuroi,0.13059922362684664,0.9803921568627451,2.0,0
2010-04-22,0.2955972771190163,3.0,0.3278688524590164,6.374423211287518e-11,0.9999999999352558,1,4.127069949774492e-21,0.9803921568627451,0.5,0.15492530062537838,0.08934226757225516,Katashi,0.13059922362684664,0.9803921568627451,2.0,0
2010-04-23,0.28626952757387547,2.5,0.3921568627450981,8.347889046332476e-11,0.9999999999155211,1,7.052202197052287e-21,0.8196721311479507,0.5,0.15027754160661702,0.11461313281979157,Utsuroi,0.13059922362684664,0.9803921568627451,2.0,0
2010-04-26,0.25268366898801686,2.0,0.48780487804878053,4.034583778093134e-11,0.9999999999586542,1,1.6681315715412914e-21,0.6589521054329958,0.5,0.1457692153584185,0.1841445734742193,Utsuroi,0.13059922362684664,0.9803921568627451,2.0,0
2010-04-27,0.23784271284271286,2.0,0.48780487804878053,4.819145082869477e-11,0.9999999999508086,1,2.3706063177836955e-21,0.6589521054329958,0.5,0.14139613889766595,1.0,Utsuroi,0.13059922362684664,0.9803921568627451,2.0,0
2010-04-28,0.23489240228370667,2.0,0.48780487804878053,3.419031724343518e-11,0.9999999999648097,1,1.2031673541227e-21,0.6589521054329958,0.5,0.13715425473073597,1.0,Utsuroi,0.13059922362684664,0.9803921568627451,2.0,0
2010-04-29,0.25563397954702305,1.5,0.6451612903225806,1.4300516325633907e-10,0.9999999998559949,1,2.0593478719191044e-20,0.49823207971788014,0.5,0.1330396270888139,0.33498144246792283,Utsuroi,0.13059922362684664,0.9803921568627451,2.0,0
2010-04-30,0.2583160800552105,2.0,0.48780487804878053,4.871458791787228e-11,0.9999999999502854,1,2.4218245863356756e-21,0.6589521054329958,0.5,0.12904843827614948,0.22247883298928472,Utsuroi,0.13059922362684664,0.9803921568627451,2.0,0
2010-05-03,0.2819185645272602,1.5,0.6451612903225806,5.762412769000653e-11,0.9999999999413759,1,3.378162945078351e-21,0.49823207971788014,0.5,0.125176985127865,0.33498144246792283,Utsuroi,0.13059922362684664,0.9803921568627451,2.0,0
2010-05-04,0.3177097057531841,2.5,0.3921568627450981,0.0,0.0,0,0.0,0.8196721311479507,0.0,0.12142167557402904,0.37475713092986085,Utsuroi,0.13059922362684664,0.9803921568627451,2.0,0
2010-05-05,0.3126137147876278,2.0,0.48780487804878053,0.0,0.0,0,0.0,0.6589521054329958,0.0,0.11777902530680817,0.070662299908412,Utsuroi,0.13059922362684664,0.9803921568627451,2.0,0
2010-05-06,0.3006932680845725,2.0,0.48780487804878053,0.0,0.0,0,0.0,0.6589521054329958,0.0,0.11424565454760392,1.0,Utsuroi,0.13059922362684664,0.9803921568627451,2.0,0
2010-05-07,0.35096775205470854,2.0,0.48780487804878053,0.0,0.0,0,0.0,0.6589521054329958,0.0,0.1108182849111758,1.0,Utsuroi,0.13059922362684664,0.9803921568627451,2.0,0
2010-05-10,0.339226112052199,2.0,0.48780487804878053,0.0,0.0,0,0.0,0.6589521054329958,0.0,0.10749373636384053,1.0,Utsuroi,0.13059922362684664,0.9803921568627451,2.0,0
2010-05-11,0.33168642951251653,2.0,0.48780487804878053,8.340894641277929e-11,0.9999999999155911,1,7.040459443250396e-21,0.6589521054329958,0.5,0.10426892427292532,0.5211359815832705,Utsuroi,0.13059922362684664,0.9803921568627451,2.0,0
2010-05-12,0.3422062237279629,3.0,0.3278688524590164,1.5273404761968098e-10,0.999999999846266,1,2.3480419972975596e-20,0.9803921568627451,0.5,0.10114085654473756,0.08934226757225516,Katashi,0.13059922362684664,0.9803921568627451,2.0,0
2010-05-13,0.352010791141226,3.0,0.3278688524590164,4.2446857131225837e-10,0.9999999995745315,1,1.8059802725162627e-19,0.9803921568627451,0.5,0.09810663084839544,1.0,Katashi,0.13059922362684664,0.9803921568627451,2.0,0
2010-05-14,0.35439488048183704,2.0,0.48780487804878053,0.0,0.0,0,0.0,0.6589521054329958,0.0,0.09516343192294358,0.37817800708405414,Utsuroi,0.13059922362684664,0.9803921568627451,2.0,0
2010-05-17,0.35457368718238297,3.0,0.3278688524590164,0.0,0.0,0,0.0,0.9803921568627451,0.0,0.09230852896525527,0.0280277456667265,Katashi,0.13059922362684664,0.9803921568627451,2.0,0
2010-05-18,0.34572275550536424,2.0,0.48780487804878053,0.0,0.0,0,0.0,0.6589521054329958,0.0,0.08953927309629761,0.060928761924592956,Utsuroi,0.13059922362684664,0.9803921568627451,2.0,0
2010-05-19,0.34977570738440306,3.0,0.3278688524590164,7.67590435627212e-11,0.999999999922241,1,5.968708114416395e-21,0.9803921568627451,0.5,0.08685309490340869,0.1350544073484644,Katashi,0.13059922362684664,0.9803921568627451,2.0,0
2010-05-20,0.355467720685112,3.0,0.3278688524590164,0.0,0.0,0,0.0,0.9803921568627451,0.0,0.08424750205630642,1.0,Katashi,0.13059922362684664,0.9803921568627451,2.0,0
2010-05-21,0.3638418344940085,3.0,0.3278688524590164,0.0,0.0,0,0.0,0.9803921568627451,0.0,0.08172007699461722,1.0,Katashi,0.13059922362684664,0.9803921568627451,2.0,0
2010-05-24,0.3611001317523057,3.0,0.3278688524590164,0.0,0.0,0,0.0,0.9803921568627451,0.0,0.07926847468477871,1.0,Katashi,0.13059922362684664,0.9803921568627451,2.0,0
2010-05-25,0.35627235083756825,2.0,0.48780487804878053,0.0,0.0,0,0.0,0.6589521054329958,0.0,0.07689042044423534,0.060928761924592956,Utsuroi,0.13059922362684664,0.9803921568627451,2.0,0
2010-05-26,0.3577028044419349,2.0,0.48780487804878053,0.0,0.0,0,0.0,0.6589521054329958,0.0,0.07458370783090829,1.0,Utsuroi,0.13059922362684664,0.9803921568627451,2.0,0
2010-05-27,0.3743020264759396,2.0,0.48780487804878053,0.0,0.0,0,0.0,0.6589521054329958,0.0,0.07234619659598103,1.0,Utsuroi,0.13059922362684664,0.9803921568627451,2.0,0
2010-05-28,0.3747490432273042,2.0,0.48780487804878053,0.0,0.0,0,0.0,0.6589521054329958,0.0,0.0701758106981016,1.0,Utsuroi,0.13059922362684664,0.9803921568627451,2.0,0
2010-06-01,0.3486432649476129,2.0,0.48780487804878053,0.0,0.0,0,0.0,0.6589521054329958,0.0,0.06807053637715854,1.0,Utsuroi,0.13059922362684664,0.9803921568627451,2.0,0
2010-06-02,0.363961038961039,3.0,0.3278688524590164,0.0,0.0,0,0.0,0.9803921568627451,0.0,0.06602842028584378,0.0280277456667265,Katashi,0.13059922362684664,0.9803921568627451,2.0,0
2010-06-03,0.3447095175356046,2.0,0.48780487804878053,0.0,0.0,0,0.0,0.6589521054329958,0.0,0.06404756767726846,0.060928761924592956,Utsuroi,0.13059922362684664,0.9803921568627451,2.0,0
2010-06-04,0.32840830666917625,2.0,0.48780487804878053,0.0,0.0,0,0.0,0.6589521054329958,0.0,0.062126140646950406,1.0,Utsuroi,0.13059922362684664,0.9803921568627451,2.0,0
2010-06-07,0.32244808331764857,3.0,0.3278688524590164,4.3953718432976097e-10,0.9999999995594628,1,1.936324639121964e-19,0.9803921568627451,0.5,0.060262356427541894,0.1350544073484644,Katashi,0.13059922362684664,0.9803921568627451,2.0,0
2010-06-08,0.330822197126545,2.0,0.48780487804878053,0.0,0.0,0,0.0,0.6589521054329958,0.0,0.058454485734715636,0.37817800708405414,Utsuroi,0.13059922362684664,0.9803921568627451,2.0,0
2010-06-09,0.3005144613840266,3.0,0.3278688524590164,0.0,0.0,0,0.0,0.9803921568627451,0.0,0.05670085116267416,0.0280277456667265,Katashi,0.13059922362684664,0.9803921568627451,2.0,0
2010-06-10,0.29410722128113437,3.0,0.3278688524590164,0.0,0.0,0,0.0,0.9803921568627451,0.0,0.05499982562779394,1.0,Katashi,0.13059922362684664,0.9803921568627451,2.0,0
2010-06-11,0.3151170085952695,2.0,0.48780487804878053,0.0,0.0,0,0.0,0.6589521054329958,0.0,0.05334983085896012,0.060928761924592956,Utsuroi,0.13059922362684664,0.9803921568627451,2.0,0
2010-06-14,0.31034882991404733,3.0,0.3278688524590164,0.0,0.0,0,0.0,0.9803921568627451,0.0,0.051749335933191316,0.0280277456667265,Katashi,0.13059922362684664,0.9803921568627451,2.0,0
2010-06-15,0.3306135893092415,2.0,0.48780487804878053,0.0,0.0,0,0.0,0.6589521054329958,0.0,0.05019685585519557,0.060928761924592956,Utsuroi,0.13059922362684664,0.9803921568627451,2.0,0
2010-06-16,0.33129901499466713,0.0,20.0,0.0,0.0,0,0.0,0.016072002571568628,0.0,0.048690950179539706,0.006860546037344206,Utsuroi,0.13059922362684664,0.9803921568627451,2.0,0
2010-06-17,0.3473916180437919,1.0,0.9523809523809523,0.0,0.0,0,0.0,0.33751205400260365,0.0,0.047230221674153514,0.41775137476346624,Utsuroi,0.13059922362684664,0.9803921568627451,2.0,0
2010-06-18,0.34283204717987326,2.0,0.48780487804878053,0.0,0.0,0,0.0,0.6589521054329958,0.0,0.04581331502392891,0.17582034608361274,Utsuroi,0.13059922362684664,0.9803921568627451,2.0,0
2010-06-21,0.3464379823075476,2.0,0.48780487804878053,0.0,0.0,0,0.0,0.6589521054329958,0.0,0.04443891557321104,1.0,Nagare,0.13059922362684664,0.9803921568627451,2.0,0
2010-06-22,0.32012359621055275,2.0,0.48780487804878053,0.0,0.0,0,0.0,0.6589521054329958,0.0,0.0431057481060147,1.0,Nagare,0.13059922362684664,0.9803921568627451,2.0,0
2010-06-23,0.3175308990526382,2.0,0.48780487804878053,0.0,0.0,0,0.0,0.6589521054329958,0.0,0.041812575662834264,1.0,Nagare,0.13059922362684664,0.9803921568627451,2.0,0
2010-06-24,0.3464379823075475,2.0,0.48780487804878053,0.0,0.0,0,0.0,0.6589521054329958,0.0,0.04055819839294923,1.0,Nagare,0.13059922362684664,0.9803921568627451,2.0,0
2010-06-25,0.3619941652550349,2.0,0.48780487804878053,0.0,0.0,0,0.0,0.6589521054329958,0.0,0.03934145244116075,1.0,Nagare,0.13059922362684664,0.9803921568627451,2.0,0
2010-06-28,0.37305037957211873,3.0,0.3278688524590164,0.0,0.0,0,0.0,0.9803921568627451,0.0,0.03816120886792593,0.0280277456667265,Katashi,0.13059922362684664,0.9803921568627451,2.0,0
2010-06-29,0.37600069013112486,3.0,0.3278688524590164,0.0,0.0,0,0.0,0.9803921568627451,0.0,0.03701637260188815,1.0,Katashi,0.13059922362684664,0.9803921568627451,2.0,0
2010-06-30,0.3747788443440618,2.0,0.48780487804878053,0.0,0.0,0,0.0,0.6589521054329958,0.0,0.035905881423831505,0.060928761924592956,Nagare,0.13059922362684664,0.9803921568627451,2.0,0
2010-07-01,0.38491122404165884,1.0,0.9523809523809523,0.0,0.0,0,0.0,0.33751205400260365,0.0,0.03482870498111656,0.5226484885807366,Nagare,0.13059922362684664,0.9803921568627451,2.0,0
2010-07-02,0.38780193236714977,2.0,0.48780487804878053,0.0,0.0,0,0.0,0.6589521054329958,0.0,0.033783843831683064,0.17582034608361274,Nagare,0.13059922362684664,0.9803921568627451,2.0,0
2010-07-06,0.3894409937888199,3.0,0.3278688524590164,0.0,0.0,0,0.0,0.9803921568627451,0.0,0.03277032851673257,0.0280277456667265,Katashi,0.13059922362684664,0.9803921568627451,2.0,0
2010-07-07,0.41083819562080426,3.0,0.3278688524590164,0.0,0.0,0,0.0,0.9803921568627451,0.0,0.03178721866123059,1.0,Katashi,0.13059922362684664,0.9803921568627451,2.0,0
2010-07-08,0.4188248949118515,3.0,0.3278688524590164,0.0,0.0,0,0.0,0.9803921568627451,0.0,0.030833602101393673,1.0,Katashi,0.13059922362684664,0.9803921568627451,2.0,0
2010-07-09,0.43539431582909843,3.0,0.3278688524590164,0.0,0.0,0,0.0,0.9803921568627451,0.0,0.029908594038351864,1.0,Katashi,0.13059922362684664,0.9803921568627451,2.0,0
2010-07-12,0.43154997176736315,3.0,0.3278688524590164,0.0,0.0,0,0.0,0.9803921568627451,0.0,0.029011336217201308,1.0,Katashi,0.13059922362684664,0.9803921568627451,2.0,0
2010-07-13,0.4509206976598282,3.0,0.3278688524590164,0.0,0.0,0,0.0,0.9803921568627451,0.0,0.028140996130685266,1.0,Katashi,0.13059922362684664,0.9803921568627451,2.0,0
2010-07-14,0.4194209172470042,1.0,0.9523809523809523,0.0,0.0,0,0.0,0.33751205400260365,0.0,0.027296766246764706,0.4198959100388403,Nagare,0.13059922362684664,0.9803921568627451,2.0,0
2010-07-15,0.41754344689127293,1.0,0.9523809523809523,0.0,0.0,0,0.0,0.33751205400260365,0.0,0.026477863259361765,1.0,Nagare,0.13059922362684664,0.9803921568627451,2.0,0
2010-07-16,0.42603676516719996,3.0,0.3278688524590164,0.0,0.0,0,0.0,0.9803921568627451,0.0,0.025683527361580912,0.06668700610653622,Katashi,0.13059922362684664,0.9803921568627451,2.0,0
2010-07-19,0.41688782232260496,2.0,0.48780487804878053,0.0,0.0,0,0.0,0.6589521054329958,0.0,0.024913021540733483,0.060928761924592956,Nagare,0.13059922362684664,0.9803921568627451,2.0,0
2010-07-20,0.40931833866616474,3.0,0.3278688524590164,0.0,0.0,0,0.0,0.9803921568627451,0.0,0.02416563089451148,0.0280277456667265,Katashi,0.13059922362684664,0.9803921568627451,2.0,0
2010-07-21,0.41384810841332587,2.0,0.48780487804878053,0.0,0.0,0,0.0,0.6589521054329958,0.0,0.023440661967676135,0.060928761924592956,Nagare,0.13059922362684664,0.9803921568627451,2.0,0
2010-07-22,0.41879509379509383,1.0,0.9523809523809523,0.0,0.0,0,0.0,0.33751205400260365,0.0,0.02273744210864585,0.5226484885807366,Nagare,0.13059922362684664,0.9803921568627451,2.0,0
2010-07-23,0.41906330384591267,3.0,0.3278688524590164,0.0,0.0,0,0.0,0.9803921568627451,0.0,0.022055318845386473,0.06668700610653622,Katashi,0.13059922362684664,0.9803921568627451,2.0,0
2010-07-26,0.4122090469916558,3.0,0.3278688524590164,0.0,0.0,0,0.0,0.9803921568627451,0.0,0.021393659280024877,1.0,Katashi,0.13059922362684664,0.9803921568627451,2.0,0
2010-07-27,0.40732166384340307,3.0,0.3278688524590164,0.0,0.0,0,0.0,0.9803921568627451,0.0,0.02075184950162413,1.0,Katashi,0.13059922362684664,0.9803921568627451,2.0,0
2010-07-28,0.41414611958090225,3.0,0.3278688524590164,0.0,0.0,0,0.0,0.9803921568627451,0.0,0.020129294016575407,1.0,Katashi,0.13059922362684664,0.9803921568627451,2.0,0
2010-07-29,0.40839450404667793,3.0,0.3278688524590164,0.0,0.0,0,0.0,0.9803921568627451,0.0,0.019525415196078144,1.0,Katashi,0.13059922362684664,0.9803921568627451,2.0,0
2010-07-30,0.40598061358930926,3.0,0.3278688524590164,0.0,0.0,0,0.0,0.9803921568627451,0.0,0.0189396527401958,1.0,Katashi,0.13059922362684664,0.9803921568627451,2.0,0
2010-08-02,0.40413294435033575,3.0,0.3278688524590164,0.0,0.0,0,0.0,0.9803921568627451,0.0,0.018371463157989924,1.0,Katashi,0.13059922362684664,0.9803921568627451,2.0,0
2010-08-03,0.3814840956145305,3.0,0.3278688524590164,0.0,0.0,0,0.0,0.9803921568627451,0.0,0.017820319263250225,1.0,Katashi,0.13059922362684664,0.9803921568627451,2.0,0
2010-08-04,0.3952522115565595,3.0,0.3278688524590164,0.0,0.0,0,0.0,0.9803921568627451,0.0,0.01728570968535272,1.0,Katashi,0.13059922362684664,0.9803921568627451,2.0,0
2010-08-05,0.3991859589685677,3.0,0.3278688524590164,0.0,0.0,0,0.0,0.9803921568627451,0.0,0.016767138394792137,1.0,Katashi,0.13059922362684664,0.9803921568627451,2.0,0
2010-08-06,0.3743616287094548,3.0,0.3278688524590164,0.0,0.0,0,0.0,0.9803921568627451,0.0,0.01626412424294837,1.0,Katashi,0.13059922362684664,0.9803921568627451,2.0,0
2010-08-09,0.37525566221218404,3.0,0.3278688524590164,0.0,0.0,0,0.0,0.9803921568627451,0.0,0.015776200515659918,1.0,Katashi,0.13059922362684664,0.9803921568627451,2.0,0
2010-08-10,0.37117290921638746,3.0,0.3278688524590164,1.0301670627113934e-10,0.9999999998959833,1,1.0715456198875837e-20,0.9803921568627451,0.5,0.015302914500190121,0.6504492073967539,Katashi,0.13059922362684664,0.9803921568627451,2.0,0
2010-08-11,0.3874145178493004,3.0,0.3278688524590164,0.0,0.0,0,0.0,0.9803921568627451,0.0,0.014843827065184417,1.0,Katashi,0.13059922362684664,0.9803921568627451,2.0,0
2010-08-12,0.3564809586548718,3.0,0.3278688524590164,7.042255667244821e-11,0.9999999999285775,1,5.029757487268123e-21,0.9803921568627451,0.5,0.014398512253228885,0.6504492073967539,Katashi,0.13059922362684664,0.9803921568627451,2.0,0
2010-08-13,0.3615769496204279,2.0,0.48780487804878053,8.402023521008611e-11,0.9999999999149798,1,7.143418301599779e-21,0.6589521054329958,0.5,0.013966556885632017,0.17559960668484775,Nagare,0.13059922362684664,0.9803921568627451,2.0,0
2010-08-16,0.36753717297195554,3.0,0.3278688524590164,0.0,0.0,0,0.0,0.9803921568627451,0.0,0.013547560179063056,0.3563920395568667,Katashi,0.13059922362684664,0.9803921568627451,2.0,0
2010-08-17,0.33567977915804004,3.0,0.3278688524590164,0.0,0.0,0,0.0,0.9803921568627451,0.0,0.013141133373691164,1.0,Katashi,0.13059922362684664,0.9803921568627451,2.0,0
2010-08-18,0.33502415458937207,3.0,0.3278688524590164,5.8016258462281074e-11,0.9999999999409838,1,3.423901221106053e-21,0.9803921568627451,0.5,0.01274689937248043,0.6504492073967539,Katashi,0.13059922362684664,0.9803921568627451,2.0,0
2010-08-19,0.34348767174854133,3.0,0.3278688524590164,4.036082579176316e-11,0.9999999999586392,1,1.6693561915684279e-21,0.9803921568627451,0.5,0.012364492391306017,1.0,Katashi,0.13059922362684664,0.9803921568627451,2.0,0
2010-08-20,0.3146103896103897,3.0,0.3278688524590164,2.5865753982751586e-11,0.9999999999731343,1,6.949024108933324e-22,0.9803921568627451,0.5,0.011993557619566836,1.0,Katashi,0.13059922362684664,0.9803921568627451,2.0,0
2010-08-23,0.28686554990902813,3.0,0.3278688524590164,2.340605487175761e-11,0.999999999975594,1,5.7124894175625e-22,0.9803921568627451,0.5,0.01163375089097983,1.0,Katashi,0.13059922362684664,0.9803921568627451,2.0,0
2010-08-24,0.3046270154965808,2.0,0.48780487804878053,4.6760040283114946e-11,0.99999999995224,1,2.23326037320243e-21,0.6589521054329958,0.5,0.011284738364250434,0.17559960668484775,Nagare,0.13059922362684664,0.9803921568627451,2.0,0
2010-08-25,0.31535541752933066,2.0,0.48780487804878053,5.969658100995067e-11,0.9999999999393034,1,3.62337704480643e-21,0.6589521054329958,0.5,0.010946196213322922,1.0,Nagare,0.13059922362684664,0.9803921568627451,2.0,0
2010-08-26,0.33222284961415394,1.5,0.6451612903225806,1.1029022139388556e-10,0.9999999998887098,1,1.2274220717379714e-20,0.49823207971788014,0.5,0.010617810326923233,0.33498144246792283,Nagare,0.13059922362684664,0.9803921568627451,2.0,0
2010-08-27,0.3277526821005082,1.0,0.9523809523809523,7.285383407389824e-11,0.9999999999261462,1,5.380533361887517e-21,0.33751205400260365,0.5,0.010299276017115536,0.7104148504845628,Nagare,0.13059922362684664,0.9803921568627451,2.0,0
2010-08-30,0.3556167262689003,2.0,0.48780487804878053,4.4333980929816977e-11,0.999999999954666,1,2.009834865316809e-21,0.6589521054329958,0.5,0.00999029773660207,0.27646167478887707,Nagare,0.13059922362684664,0.9803921568627451,2.0,0
2010-08-31,0.34164000250956783,2.0,0.48780487804878053,3.3844038682066716e-11,0.999999999965156,1,1.1792622443274717e-21,0.6589521054329958,0.5,0.009690588804504007,1.0,Nagare,0.13059922362684664,0.9803921568627451,2.0,0
2010-09-01,0.3338917121525818,2.0,0.48780487804878053,3.3844038682066716e-11,0.999999999965156,1,1.1792622443274717e-21,0.6589521054329958,0.5,0.009399871140368886,1.0,Nagare,0.13059922362684664,0.9803921568627451,2.0,0
2010-09-02,0.3496267018006149,2.0,0.48780487804878053,1.2564727035788358e-10,0.9999999998733528,1,1.5912881040218822e-20,0.6589521054329958,0.5,0.009117875006157818,1.0,Nagare,0.13059922362684664,0.9803921568627451,2.0,0
2010-09-03,0.3285573122529644,2.0,0.48780487804878053,7.824441094725059e-11,0.9999999999207556,1,6.200430524774153e-21,0.6589521054329958,0.5,0.008844338755973083,1.0,Nagare,0.13059922362684664,0.9803921568627451,2.0,0
2010-09-07,0.33445793337097685,1.5,0.6451612903225806,0.0,0.0,0,0.0,0.49823207971788014,0.0,0.00857900859329389,0.665592918252115,Nagare,0.13059922362684664,0.9803921568627451,2.0,0
2010-09-08,0.33663341489428444,2.0,0.48780487804878053,0.0,0.0,0,0.0,0.6589521054329958,0.0,0.008321638335495074,0.11432870380076787,Nagare,0.13059922362684664,0.9803921568627451,2.0,0
2010-09-09,0.33711023276240665,2.5,0.3921568627450981,0.0,0.0,0,0.0,0.8196721311479507,0.0,0.008071989185430221,0.04625930894735131,Nagare,0.13059922362684664,0.9803921568627451,2.0,0
2010-09-10,0.3352029612899179,2.5,0.3921568627450981,0.0,0.0,0,0.0,0.8196721311479507,0.0,0.007829829509867315,1.0,Nagare,0.13059922362684664,0.9803921568627451,2.0,0
2010-09-13,0.3048058221971266,2.5,0.3921568627450981,0.0,0.0,0,0.0,0.8196721311479507,0.0,0.007594934624571295,1.0,Nagare,0.13059922362684664,0.9803921568627451,2.0,0
2010-09-14,0.30921638747725705,2.0,0.48780487804878053,0.0,0.0,0,0.0,0.6589521054329958,0.0,0.007367086585834156,0.070662299908412,Nagare,0.13059922362684664,0.9803921568627451,2.0,0
2010-09-15,0.304358805445762,2.0,0.48780487804878053,2.2909796279630536e-10,0.9999999997699021,1,5.27149694582373e-20,0.6589521054329958,0.5,0.007146073988259131,0.5211359815832705,Nagare,0.13059922362684664,0.9803921568627451,2.0,0
2010-09-16,0.30051446138402665,2.5,0.3921568627450981,0.0,0.0,0,0.0,0.8196721311479507,0.0,0.006931691768611357,0.6131784947820277,Nagare,0.13059922362684664,0.9803921568627451,2.0,0
2010-09-17,0.2981899742769308,2.5,0.3921568627450981,1.2329559594741765e-10,0.9999999998757044,1,1.532509684941798e-20,0.8196721311479507,0.5,0.006723741015553016,0.5941035000997155,Nagare,0.13059922362684664,0.9803921568627451,2.0,0
2010-09-20,0.3303453792584228,2.5,0.3921568627450981,0.0,0.0,0,0.0,0.8196721311479507,0.0,0.006522028785086426,1.0,Nagare,0.13059922362684664,0.9803921568627451,2.0,0
2010-09-21,0.32319311123658956,2.0,0.48780487804878053,0.0,0.0,0,0.0,0.6589521054329958,0.0,0.006326367921533833,0.070662299908412,Nagare,0.13059922362684664,0.9803921568627451,2.0,0
2010-09-22,0.31237530585356676,2.5,0.3921568627450981,1.5606638202757554e-10,0.9999999998429336,1,2.4512778530672896e-20,0.8196721311479507,0.5,0.0061365768838878175,0.27546351818856185,Nagare,0.13059922362684664,0.9803921568627451,2.0,0
2010-09-23,0.31699447895100075,2.0,0.48780487804878053,0.0,0.0,0,0.0,0.6589521054329958,0.0,0.005952479577371183,0.6230759457180464,Nagare,0.13059922362684664,0.9803921568627451,2.0,0
2010-09-24,0.3346665411882803,2.0,0.48780487804878053,0.0,0.0,0,0.0,0.6589521054329958,0.0,0.005773905190050047,1.0,Nagare,0.13059922362684664,0.9803921568627451,2.0,0
2010-09-27,0.33538176799046365,2.0,0.48780487804878053,0.0,0.0,0,0.0,0.6589521054329958,0.0,0.005600688034348545,1.0,Nagare,0.13059922362684664,0.9803921568627451,2.0,0
2010-09-28,0.3130309304222348,2.0,0.48780487804878053,0.0,0.0,0,0.0,0.6589521054329958,0.0,0.005432667393318089,1.0,Nagare,0.13059922362684664,0.9803921568627451,2.0,0
2010-09-29,0.3054614467657946,2.5,0.3921568627450981,0.0,0.0,0,0.0,0.8196721311479507,0.0,0.005269687371518545,0.04625930894735131,Nagare,0.13059922362684664,0.9803921568627451,2.0,0
2010-09-30,0.29214034757513024,2.0,0.48780487804878053,0.0,0.0,0,0.0,0.6589521054329958,0.0,0.005111596750372989,0.070662299908412,Nagare,0.13059922362684664,0.9803921568627451,2.0,0
2010-10-01,0.2968191229060794,2.0,0.48780487804878053,0.0,0.0,0,0.0,0.6589521054329958,0.0,0.004958248847861799,1.0,Nagare,0.13059922362684664,0.9803921568627451,2.0,0
2010-10-04,0.33788506179810535,2.0,0.48780487804878053,0.0,0.0,0,0.0,0.6589521054329958,0.0,0.004809501382425945,1.0,Nagare,0.13059922362684664,0.9803921568627451,2.0,0
2010-10-05,0.3690272288098375,2.0,0.48780487804878053,0.0,0.0,0,0.0,0.6589521054329958,0.0,0.0046652163409531665,1.0,Nagare,0.13059922362684664,0.9803921568627451,2.0,0
2010-10-06,0.3596696781479391,2.0,0.48780487804878053,0.0,0.0,0,0.0,0.6589521054329958,0.0,0.004525259850724572,1.0,Nagare,0.13059922362684664,0.9803921568627451,2.0,0
2010-10-07,0.37713313256791525,3.0,0.3278688524590164,0.0,0.0,0,0.0,0.9803921568627451,0.0,0.0043895020552028345,0.0280277456667265,Katashi,0.13059922362684664,0.9803921568627451,2.0,0
2010-10-08,0.3920038898299768,2.0,0.48780487804878053,0.0,0.0,0,0.0,0.6589521054329958,0.0,0.004257816993546749,0.060928761924592956,Nagare,0.13059922362684664,0.9803921568627451,2.0,0
2010-10-11,0.3970700796787754,3.0,0.3278688524590164,0.0,0.0,0,0.0,0.9803921568627451,0.0,0.004130082483740347,0.0280277456667265,Katashi,0.13059922362684664,0.9803921568627451,2.0,0
2010-10-12,0.39119925967752056,2.0,0.48780487804878053,0.0,0.0,0,0.0,0.6589521054329958,0.0,0.004006180009228136,0.060928761924592956,Nagare,0.13059922362684664,0.9803921568627451,2.0,0
2010-10-13,0.4043713532843969,3.0,0.3278688524590164,0.0,0.0,0,0.0,0.9803921568627451,0.0,0.003885994608951292,0.0280277456667265,Katashi,0.13059922362684664,0.9803921568627451,2.0,0
2010-10-14,0.42663278750235273,2.0,0.48780487804878053,0.0,0.0,0,0.0,0.6589521054329958,0.0,0.0037694147706827533,0.060928761924592956,Nagare,0.13059922362684664,0.9803921568627451,2.0,0
2010-10-15,0.407649476127737,3.0,0.3278688524590164,4.067790548758294e-11,0.9999999999583221,1,1.695369000514382e-21,0.9803921568627451,0.5,0.0036563323275622707,0.1350544073484644,Katashi,0.13059922362684664,0.9803921568627451,2.0,0
2010-10-18,0.41462293744902445,2.5,0.3921568627450981,0.0,0.0,0,0.0,0.8196721311479507,0.0,0.0035466423577354025,0.6096398697095524,Nagare,0.13059922362684664,0.9803921568627451,2.0,0
2010-10-19,0.44215916933308236,1.0,0.9523809523809523,0.0,0.0,0,0.0,0.33751205400260365,0.0,0.0034402430870033402,0.46127856297901215,Nagare,0.13059922362684664,0.9803921568627451,2.0,0
2010-10-20,0.4411459313633227,1.5,0.6451612903225806,0.0,0.0,0,0.0,0.49823207971788014,0.0,0.00333703579439324,0.3452303274761751,Nagare,0.13059922362684664,0.9803921568627451,2.0,0
2010-10-21,0.45196373674634555,2.5,0.3921568627450981,0.0,0.0,0,0.0,0.8196721311479507,0.0,0.0032369247205614425,0.06350912752616489,Nagare,0.13059922362684664,0.9803921568627451,2.0,0
2010-10-22,0.4678775330949245,3.0,0.3278688524590164,0.0,0.0,0,0.0,0.9803921568627451,0.0,0.003139816978944599,0.021927297801893397,Katashi,0.13059922362684664,0.9803921568627451,2.0,0
2010-10-25,0.47157287157287153,2.5,0.3921568627450981,0.0,0.0,0,0.0,0.8196721311479507,0.0,0.003045622469576261,0.031219596057299404,Nagare,0.13059922362684664,0.9803921568627451,2.0,0
2010-10-26,0.47422517096430145,2.5,0.3921568627450981,0.0,0.0,0,0.0,0.8196721311479507,0.0,0.0029542537954889733,1.0,Nagare,0.13059922362684664,0.9803921568627451,2.0,0
2010-10-27,0.4764304536043666,3.0,0.3278688524590164,0.0,0.0,0,0.0,0.9803921568627451,0.0,0.002865626181624304,0.021927297801893397,Katashi,0.13059922362684664,0.9803921568627451,2.0,0
2010-10-28,0.44665149525170733,2.0,0.48780487804878053,0.0,0.0,0,0.0,0.6589521054329958,0.0,0.002779657396175575,0.060928761924592956,Nagare,0.13059922362684664,0.9803921568627451,2.0,0
2010-10-29,0.44018420255555896,3.0,0.3278688524590164,0.0,0.0,0,0.0,0.9803921568627451,0.0,0.0026962676742903076,0.0280277456667265,Katashi,0.13059922362684664,0.9803921568627451,2.0,0
2010-11-01,0.43154963116140554,3.0,0.3278688524590164,0.0,0.0,0,0.0,0.9803921568627451,0.0,0.0026153796440615985,1.0,Katashi,0.13059922362684664,0.9803921568627451,2.0,0
2010-11-02,0.4788125810463404,3.0,0.3278688524590164,0.0,0.0,0,0.0,0.9803921568627451,0.0,0.0025369182547397505,1.0,Katashi,0.13059922362684664,0.9803921568627451,2.0,0
2010-11-03,0.4528570621960592,2.0,0.48780487804878053,0.0,0.0,0,0.0,0.6589521054329958,0.0,0.002460810707097558,0.060928761924592956,Nagare,0.13059922362684664,0.9803921568627451,2.0,0
2010-11-04,0.4602183511021482,3.0,0.3278688524590164,0.0,0.0,0,0.0,0.9803921568627451,0.0,0.0023869863858846313,0.0280277456667265,Katashi,0.13059922362684664,0.9803921568627451,2.0,0
2010-11-05,0.46189020921237195,3.0,0.3278688524590164,0.0,0.0,0,0.0,0.9803921568627451,0.0,0.0023153767943080925,1.0,Katashi,0.13059922362684664,0.9803921568627451,2.0,0
2010-11-08,0.43040984309581753,2.5,0.3921568627450981,0.0,0.0,0,0.0,0.8196721311479507,0.0,0.0022459154904788496,0.031219596057299404,Nagare,0.13059922362684664,0.9803921568627451,2.0,0
2010-11-09,0.4736058201837896,2.5,0.3921568627450981,0.0,0.0,0,0.0,0.8196721311479507,0.0,0.002178538025764484,1.0,Nagare,0.13059922362684664,0.9803921568627451,2.0,0
2010-11-10,0.4802545706954244,2.0,0.48780487804878053,0.0,0.0,0,0.0,0.6589521054329958,0.0,0.0021131818849915497,0.070662299908412,Nagare,0.13059922362684664,0.9803921568627451,2.0,0
2010-11-11,0.47981382431678526,1.5,0.6451612903225806,0.0,0.0,0,0.0,0.49823207971788014,0.0,0.002049786428441803,0.19151358752117553,Nagare,0.13059922362684664,0.9803921568627451,2.0,0
2010-11-12,0.499701417545251,1.5,0.6451612903225806,0.0,0.0,0,0.0,0.49823207971788014,0.0,0.001988292835588549,1.0,Nagare,0.13059922362684664,0.9803921568627451,2.0,0
2010-11-15,0.5019851472391605,2.0,0.48780487804878053,0.0,0.0,0,0.0,0.6589521054329958,0.0,0.0019286440505208923,0.11432870380076787,Nagare,0.13059922362684664,0.9803921568627451,2.0,0
2010-11-16,0.5361287991326129,2.0,0.48780487804878053,0.0,0.0,0,0.0,0.6589521054329958,0.0,0.0018707847290052656,1.0,Nagare,0.13059922362684664,0.9803921568627451,2.0,0
2010-11-17,0.5247392438154589,3.0,0.3278688524590164,0.0,0.0,0,0.0,0.9803921568627451,0.0,0.0018146611871351075,0.0280277456667265,Katashi,0.13059922362684664,0.9803921568627451,2.0,0
2010-11-18,0.546345929968461,2.5,0.3921568627450981,0.0,0.0,0,0.0,0.8196721311479507,0.0,0.0017602213515210542,0.031219596057299404,Nagare,0.13059922362684664,0.9803921568627451,2.0,0
2010-11-19,0.5118672365391609,3.0,0.3278688524590164,0.0,0.0,0,0.0,0.9803921568627451,0.0,0.0017074147109754226,0.021927297801893397,Katashi,0.13059922362684664,0.9803921568627451,2.0,0
2010-11-22,0.5070276568471864,2.0,0.48780487804878053,0.0,0.0,0,0.0,0.6589521054329958,0.0,0.00165619226964616,0.060928761924592956,Nagare,0.13059922362684664,0.9803921568627451,2.0,0
2010-11-23,0.5076664678467936,3.0,0.3278688524590164,0.0,0.0,0,0.0,0.9803921568627451,0.0,0.001606506501556775,0.0280277456667265,Katashi,0.13059922362684664,0.9803921568627451,2.0,0
2010-11-24,0.5000915443742162,2.5,0.3921568627450981,0.0,0.0,0,0.0,0.8196721311479507,0.0,0.0015583113065100718,0.031219596057299404,Nagare,0.13059922362684664,0.9803921568627451,2.0,0
2010-11-26,0.5110219407641371,2.5,0.3921568627450981,3.62558205613788e-10,0.9999999996364418,1,1.3181100266705274e-19,0.8196721311479507,0.5,0.0015115619673147695,0.5941035000997155,Nagare,0.13059922362684664,0.9803921568627451,2.0,0
2010-11-29,0.5075312564402911,2.0,0.48780487804878053,0.0,0.0,0,0.0,0.6589521054329958,0.0,0.0014662151082953264,0.6230759457180464,Nagare,0.13059922362684664,0.9803921568627451,2.0,0
2010-11-30,0.5085907195228379,2.5,0.3921568627450981,3.03829184029124e-11,0.9999999999686171,1,9.535039769734748e-22,0.8196721311479507,0.5,0.0014222286550464665,0.27546351818856185,Nagare,0.13059922362684664,0.9803921568627451,2.0,0
2010-12-01,0.5004255754710969,3.0,0.3278688524590164,1.0243217384873483e-10,0.9999999998965678,1,1.0594780147798158e-20,0.9803921568627451,0.5,0.0013795617953950724,0.08362665172559369,Katashi,0.13059922362684664,0.9803921568627451,2.0,0
2010-12-02,0.5039964866051823,3.0,0.3278688524590164,1.4365730826090977e-10,0.9999999998553427,1,2.0781076348587193e-20,0.9803921568627451,0.5,0.0013381749415332202,1.0,Katashi,0.13059922362684664,0.9803921568627451,2.0,0
2010-12-03,0.48572840203274986,3.0,0.3278688524590164,3.321865005231697e-11,0.9999999999657814,1,1.1366966265163671e-21,0.9803921568627451,0.5,0.0012980296932872237,1.0,Katashi,0.13059922362684664,0.9803921568627451,2.0,0
2010-12-06,0.4834337160424116,3.0,0.3278688524590164,3.2280511596540364e-11,0.9999999999667195,1,1.0743112264483352e-21,0.9803921568627451,0.5,0.0012590888024886068,1.0,Katashi,0.13059922362684664,0.9803921568627451,2.0,0
2010-12-07,0.4322353974527889,2.0,0.48780487804878053,3.303668449367571e-10,0.9999999996686332,1,1.0947261178825882e-19,0.6589521054329958,0.5,0.0012213161384139486,0.17559960668484775,Nagare,0.13059922362684664,0.9803921568627451,2.0,0
2010-12-08,0.4301493192797541,2.0,0.48780487804878053,0.0,0.0,0,0.0,0.6589521054329958,0.0,0.0011846766542615301,1.0,Nagare,0.13059922362684664,0.9803921568627451,2.0,0
2010-12-09,0.43353640916438746,2.0,0.48780487804878053,0.0,0.0,0,0.0,0.6589521054329958,0.0,0.0011491363546336842,1.0,Nagare,0.13059922362684664,0.9803921568627451,2.0,0
2010-12-10,0.3988021007207891,2.0,0.48780487804878053,0.0,0.0,0,0.0,0.6589521054329958,0.0,0.0011146622639946738,1.0,Nagare,0.13059922362684664,0.9803921568627451,2.0,0
2010-12-13,0.3868482966309054,2.0,0.48780487804878053,0.0,0.0,0,0.0,0.6589521054329958,0.0,0.0010812223960748335,1.0,Nagare,0.13059922362684664,0.9803921568627451,2.0,0
2010-12-14,0.3906628395758831,3.0,0.3278688524590164,0.0,0.0,0,0.0,0.9803921568627451,0.0,0.0010487857241925885,0.0280277456667265,Katashi,0.13059922362684664,0.9803921568627451,2.0,0
2010-12-15,0.379129807390677,3.0,0.3278688524590164,0.0,0.0,0,0.0,0.9803921568627451,0.0,0.0010173221524668109,1.0,Katashi,0.13059922362684664,0.9803921568627451,2.0,0
2010-12-16,0.3640802434280695,2.0,0.48780487804878053,0.0,0.0,0,0.0,0.6589521054329958,0.0,0.0009868024878928064,0.060928761924592956,Nagare,0.13059922362684664,0.9803921568627451,2.0,0
2010-12-17,0.3423254281949934,2.0,0.48780487804878053,0.0,0.0,0,0.0,0.6589521054329958,0.0,0.0009571984132560222,1.0,Nagare,0.13059922362684664,0.9803921568627451,2.0,0
2010-12-20,0.33147782169521306,3.0,0.3278688524590164,0.0,0.0,0,0.0,0.9803921568627451,0.0,0.0009284824608583415,0.0280277456667265,Katashi,0.13059922362684664,0.9803921568627451,2.0,0
2010-12-21,0.301140284835937,2.0,0.48780487804878053,0.0,0.0,0,0.0,0.6589521054329958,0.0,0.0009006279870325913,0.060928761924592956,Nagare,0.13059922362684664,0.9803921568627451,2.0,0
2010-12-22,0.3062958780350085,2.5,0.3921568627450981,0.0,0.0,0,0.0,0.8196721311479507,0.0,0.0008736091474216136,0.04625930894735131,Nagare,0.13059922362684664,0.9803921568627451,2.0,0
2010-12-23,0.3420274170274171,3.0,0.3278688524590164,0.0,0.0,0,0.0,0.9803921568627451,0.0,0.0008474008729989651,0.021927297801893397,Katashi,0.13059922362684664,0.9803921568627451,2.0,0
2010-12-27,0.32977915804002766,3.0,0.3278688524590164,0.0,0.0,0,0.0,0.9803921568627451,0.0,0.0008219788468089961,1.0,Katashi,0.13059922362684664,0.9803921568627451,2.0,0
2010-12-28,0.3239679402722881,3.0,0.3278688524590164,0.0,0.0,0,0.0,0.9803921568627451,0.0,0.0007973194814047262,1.0,Katashi,0.13059922362684664,0.9803921568627451,2.0,0
2010-12-29,0.28588211305602607,3.0,0.3278688524590164,0.0,0.0,0,0.0,0.9803921568627451,0.0,0.0007733998969625844,1.0,Katashi,0.13059922362684664,0.9803921568627451,2.0,0
2010-12-30,0.3285871133697221,3.0,0.3278688524590164,0.0,0.0,0,0.0,0.9803921568627451,0.0,0.0007501979000537069,1.0,Katashi,0.13059922362684664,0.9803921568627451,2.0,0
2010-12-31,0.31735209235209233,3.0,0.3278688524590164,0.0,0.0,0,0.0,0.9803921568627451,0.0,0.0007276919630520957,1.0,Katashi,0.13059922362684664,0.9803921568627451,2.0,0
2011-01-03,0.3170838823012736,3.0,0.3278688524590164,0.0,0.0,0,0.0,0.9803921568627451,0.0,0.0007058612041605328,1.0,Katashi,0.13059922362684664,0.9803921568627451,2.0,0
2011-01-04,0.2897264571177615,3.0,0.3278688524590164,0.0,0.0,0,0.0,0.9803921568627451,0.0,0.0006846853680357168,1.0,Katashi,0.13059922362684664,0.9803921568627451,2.0,0
2011-01-05,0.28233578016186717,3.0,0.3278688524590164,0.0,0.0,0,0.0,0.9803921568627451,0.0,0.0006641448069946452,1.0,Katashi,0.13059922362684664,0.9803921568627451,2.0,0
2011-01-06,0.2777762092979485,3.0,0.3278688524590164,0.0,0.0,0,0.0,0.9803921568627451,0.0,0.0006442204627848058,1.0,Katashi,0.13059922362684664,0.9803921568627451,2.0,0
2011-01-07,0.27145837254532906,3.0,0.3278688524590164,4.272995290015416e-10,0.9999999995717005,1,1.8301217760053202e-19,0.9803921568627451,0.5,0.0006248938489012616,0.6504492073967539,Katashi,0.13059922362684664,0.9803921568627451,2.0,0
2011-01-10,0.2793556684861033,3.0,0.3278688524590164,0.0,0.0,0,0.0,0.9803921568627451,0.0,0.0006061470334342237,1.0,Katashi,0.13059922362684664,0.9803921568627451,2.0,0
2011-01-11,0.2733060417843027,3.0,0.3278688524590164,2.4368618234083666e-11,0.9999999999746314,1,6.181976338046755e-22,0.9803921568627451,0.5,0.000587962622431197,0.6504492073967539,Katashi,0.13059922362684664,0.9803921568627451,2.0,0
2011-01-12,0.2889218269653052,3.0,0.3278688524590164,6.744116376232832e-11,0.9999999999315589,1,4.6157502416228845e-21,0.9803921568627451,0.5,0.0005703237437582611,1.0,Katashi,0.13059922362684664,0.9803921568627451,2.0,0
2011-01-13,0.3111832611832613,3.0,0.3278688524590164,0.6718280780154926,0.6028765399943866,2,0.26679869087043356,0.9803921568627451,1.0,0.0005532140314455133,0.16696245185272907,Katashi,0.13059922362684664,0.9803921568627451,2.0,0
2011-01-14,0.3217328565154652,3.0,0.3278688524590164,0.6925068564872114,0.5178911625799475,2,0.3338636754864647,0.9803921568627451,1.0,0.0005366176105021478,0.17382484322009573,Katashi,0.13059922362684664,0.9803921568627451,2.0,0
2011-01-18,0.24424995294560517,3.0,0.3278688524590164,0.3295290509399951,0.8979661058124798,2,0.03362313231532541,0.9803921568627451,1.0,0.0005205190821870834,0.8539070651296827,Katashi,0.13059922362684664,0.9803921568627451,2.0,0
2011-01-19,0.2665709893970764,1.5,0.6451612903225806,5.542655223518991e-11,0.9999999999435735,1,3.12752801887296e-21,0.49823207971788014,0.5,0.0005049035097214709,0.13231119166372707,Nagare,0.13059922362684664,0.9803921568627451,2.0,0
2011-01-20,0.2797132818871949,3.0,0.3278688524590164,0.0,0.0,0,0.0,0.9803921568627451,0.0,0.0004897564044298267,0.23120663078314596,Katashi,0.13059922362684664,0.9803921568627451,2.0,0
2011-01-21,0.2688358742706568,3.0,0.3278688524590164,0.0,0.0,0,0.0,0.9803921568627451,0.0,0.0004750637122969319,1.0,Katashi,0.13059922362684664,0.9803921568627451,2.0,0
2011-01-24,0.23972018319844401,1.5,0.6451612903225806,0.0,0.0,0,0.0,0.49823207971788014,0.0,0.0004608118009280239,0.14333516961253745,Nagare,0.13059922362684664,0.9803921568627451,2.0,0
2011-01-25,0.24457776522993913,2.0,0.48780487804878053,1.808740934640156e-10,0.9999999998181259,1,3.289630778163879e-20,0.6589521054329958,0.5,0.0004469874469001832,0.24241948984222284,Nagare,0.13059922362684664,0.9803921568627451,2.0,0
2011-01-26,0.2363824581215886,1.5,0.6451612903225806,0.0,0.0,0,0.0,0.49823207971788014,0.0,0.00043357782349317766,0.665592918252115,Nagare,0.13059922362684664,0.9803921568627451,2.0,0
2011-01-27,0.22478982370286715,2.5,0.3921568627450981,0.0,0.0,0,0.0,0.8196721311479507,0.0,0.0004205704887883823,0.06350912752616489,Nagare,0.13059922362684664,0.9803921568627451,2.0,0
2011-01-28,0.2357566346696781,3.0,0.3278688524590164,0.0,0.0,0,0.0,0.9803921568627451,0.0,0.00040795337412473083,0.021927297801893397,Katashi,0.13059922362684664,0.9803921568627451,2.0,0
2011-01-31,0.230332831419788,3.0,0.3278688524590164,0.0,0.0,0,0.0,0.9803921568627451,0.0,0.0003957147729009889,1.0,Katashi,0.13059922362684664,0.9803921568627451,2.0,0
2011-02-01,0.25882269904009036,3.0,0.3278688524590164,0.0,0.0,0,0.0,0.9803921568627451,0.0,0.00038384332971395924,1.0,Katashi,0.13059922362684664,0.9803921568627451,2.0,0
2011-02-02,0.2701173222912355,3.0,0.3278688524590164,0.0,0.0,0,0.0,0.9803921568627451,0.0,0.00037232802982254044,1.0,Katashi,0.13059922362684664,0.9803921568627451,2.0,0
2011-02-03,0.2579591758040098,3.0,0.3278688524590164,0.0,0.0,0,0.0,0.9803921568627451,0.0,0.0003611581889278642,1.0,Katashi,0.13059922362684664,0.9803921568627451,2.0,0
2011-02-04,0.260449669146135,3.0,0.3278688524590164,0.0,0.0,0,0.0,0.9803921568627451,0.0,0.0003503234432600283,1.0,Katashi,0.13059922362684664,0.9803921568627451,2.0,0
2011-02-07,0.26716829325211866,2.5,0.3921568627450981,0.0,0.0,0,0.0,0.8196721311479507,0.0,0.0003398137399622274,0.031219596057299404,Nagare,0.13059922362684664,0.9803921568627451,2.0,0
2011-02-08,0.2789569622871853,3.0,0.3278688524590164,0.0,0.0,0,0.0,0.9803921568627451,0.0,0.0003296193277633606,0.021927297801893397,Katashi,0.13059922362684664,0.9803921568627451,2.0,0
2011-02-09,0.293308039165469,3.0,0.3278688524590164,0.0,0.0,0,0.0,0.9803921568627451,0.0,0.00031973074793045976,1.0,Katashi,0.13059922362684664,0.9803921568627451,2.0,0
2011-02-10,0.29688387857418047,3.0,0.3278688524590164,0.0,0.0,0,0.0,0.9803921568627451,0.0,0.00031013882549254596,1.0,Katashi,0.13059922362684664,0.9803921568627451,2.0,0
2011-02-11,0.31123269964129324,1.0,0.9523809523809523,0.0,0.0,0,0.0,0.33751205400260365,0.0,0.0003008346607277696,0.4198959100388403,Nagare,0.13059922362684664,0.9803921568627451,2.0,0
2011-02-14,0.28329154755579306,2.5,0.3921568627450981,0.0,0.0,0,0.0,0.8196721311479507,0.0,0.0002918096209059365,0.10303309951801809,Nagare,0.13059922362684664,0.9803921568627451,2.0,0
2011-02-15,0.2665278680526375,1.0,0.9523809523809523,2.6818103293249006e-11,0.9999999999721819,1,7.460281742884101e-22,0.33751205400260365,0.5,0.0002830553322787584,0.9547178108981811,Nagare,0.13059922362684664,0.9803921568627451,2.0,0
2011-02-16,0.28108413325804643,1.0,0.9523809523809523,4.06273903399646e-11,0.9999999999583726,1,1.6912113374632351e-21,0.33751205400260365,0.5,0.00027456367231039564,1.0,Nagare,0.13059922362684664,0.9803921568627451,2.0,0
2011-02-17,0.2823357801618671,1.5,0.6451612903225806,0.0,0.0,0,0.0,0.49823207971788014,0.0,0.00026632676214108375,0.707745996836813,Nagare,0.13059922362684664,0.9803921568627451,2.0,0
2011-02-18,0.26043195934500285,1.0,0.9523809523809523,5.067091190946509e-11,0.9999999999483291,1,2.618211104786122e-21,0.33751205400260365,0.5,0.0002583369592768512,0.5511483481951585,Nagare,0.13059922362684664,0.9803921568627451,2.0,0
2011-02-22,0.2459784177175482,4.0,0.2469135802469136,1.488014156224506e-10,0.9999999998501986,1,2.229065941679398e-20,1.3018322082918514,0.5,0.24169063827960496,0.07012061683498372,Katashi,0.13059922362684664,0.9803921568627451,2.0,0
2011-02-23,0.24326651609260308,2.0,0.48780487804878053,0.0,0.0,0,0.0,0.6589521054329958,0.0,0.2344399191312168,0.17368699424573097,Katashi,0.13059922362684664,0.9803921568627451,2.0,0
2011-02-24,0.248958529393312,3.0,0.3278688524590164,6.036329212426111e-10,0.9999999993953671,1,3.649763232860704e-19,0.9803921568627451,0.5,0.2274067215572803,0.1350544073484644,Katashi,0.13059922362684664,0.9803921568627451,2.0,0
2011-02-25,0.29330259112867807,3.0,0.3278688524590164,0.0,0.0,0,0.0,0.9803921568627451,0.0,0.22058451991056188,1.0,Katashi,0.13059922362684664,0.9803921568627451,2.0,0
2011-02-28,0.29863699102829544,3.0,0.3278688524590164,1.9822143926046188e-11,0.9999999999791779,1,4.12739095255303e-22,0.9803921568627451,0.5,0.213966984313245,0.6504492073967539,Katashi,0.13059922362684664,0.9803921568627451,2.0,0
2011-03-01,0.304030993161428,2.0,0.48780487804878053,0.6915613650629405,0.5281511727064935,2,0.32631241910644504,0.6589521054329958,1.0,0.20754797478384765,0.14416352855728642,Katashi,0.13059922362684664,0.9803921568627451,2.0,0
2011-03-02,0.3041799987452162,3.0,0.3278688524590164,0.5751944916797729,0.7379459030049091,2,0.1507320731136932,0.9803921568627451,1.0,0.20132153554033222,0.6883202778138741,Katashi,0.13059922362684664,0.9803921568627451,2.0,0
2011-03-03,0.3054614467657946,3.0,0.3278688524590164,0.5191068199123016,0.7860780448733823,2,0.1110483458352006,0.9803921568627451,1.0,0.19528188947412226,0.5616238448209188,Katashi,0.13059922362684664,0.9803921568627451,2.0,0
2011-03-04,0.2761669489930359,3.0,0.3278688524590164,0.5850725503141989,0.7281679354866486,2,0.15904147924200035,0.9803921568627451,1.0,0.1894234327898986,0.42734569481471274,Katashi,0.13059922362684664,0.9803921568627451,2.0,0
2011-03-07,0.29017347386912606,3.0,0.3278688524590164,0.6247794226055001,0.6827496854598321,2,0.19821146833981942,0.9803921568627451,1.0,0.18374072980620162,0.3433890794768486,Katashi,0.13059922362684664,0.9803921568627451,2.0,0
2011-03-08,0.27566033000815615,3.0,0.3278688524590164,0.6088233723685361,0.7023926397829455,2,0.1811903166890448,0.9803921568627451,1.0,0.17822850791201558,0.37730486152520326,Katashi,0.13059922362684664,0.9803921568627451,2.0,0
2011-03-09,0.281857821762945,2.0,0.48780487804878053,1.2062351117862589e-11,0.9999999999869377,1,1.5756239876953104e-22,0.6589521054329958,0.5,0.1728816526746551,0.5944770476418735,Utsuroi,0.13059922362684664,0.9803921568627451,2.0,0
2011-03-10,0.3107222529323451,2.0,0.48780487804878053,5.651601408919251e-11,0.999999999942484,1,3.2505746124810044e-21,0.6589521054329958,0.5,0.16769520309441543,1.0,Utsuroi,0.13059922362684664,0.9803921568627451,2.0,0
2011-03-11,0.30604304832389695,3.0,0.3278688524590164,1.6990442384883918e-10,0.9999999998290956,1,2.9037413911157946e-20,0.9803921568627451,0.5,0.16266434700158297,0.08934226757225516,Katashi,0.13059922362684664,0.9803921568627451,2.0,0
2011-03-14,0.30759253805117687,2.0,0.48780487804878053,3.912747903375732e-11,0.9999999999598725,1,1.5700862290352182e-21,0.6589521054329958,0.5,0.15778441659153547,0.17559960668484775,Utsuroi,0.13059922362684664,0.9803921568627451,2.0,0
2011-03-15,0.31961697722567295,2.0,0.48780487804878053,0.0,0.0,0,0.0,0.6589521054329958,0.0,0.1530508840937894,1.0,Utsuroi,0.13059922362684664,0.9803921568627451,2.0,0
2011-03-16,0.3305837881924838,2.0,0.48780487804878053,0.0,0.0,0,0.0,0.6589521054329958,0.0,0.1484593575709757,1.0,Utsuroi,0.13059922362684664,0.9803921568627451,2.0,0
2011-03-17,0.33335529205094416,2.0,0.48780487804878053,0.0,0.0,0,0.0,0.6589521054329958,0.0,0.14400557684384643,1.0,Utsuroi,0.13059922362684664,0.9803921568627451,2.0,0
2011-03-18,0.3394049187527449,2.0,0.48780487804878053,0.0,0.0,0,0.0,0.6589521054329958,0.0,0.13968540953853104,1.0,Utsuroi,0.13059922362684664,0.9803921568627451,2.0,0
2011-03-21,0.3495969006838573,3.0,0.3278688524590164,0.0,0.0,0,0.0,0.9803921568627451,0.0,0.1354948472523751,0.0280277456667265,Katashi,0.13059922362684664,0.9803921568627451,2.0,0
2011-03-22,0.34813664596273297,3.0,0.3278688524590164,0.0,0.0,0,0.0,0.9803921568627451,0.0,0.13143000183480383,1.0,Katashi,0.13059922362684664,0.9803921568627451,2.0,0
2011-03-23,0.3438154840328753,3.0,0.3278688524590164,0.0,0.0,0,0.0,0.9803921568627451,0.0,0.12748710177975972,1.0,Katashi,0.13059922362684664,0.9803921568627451,2.0,0
2011-03-24,0.33749764728025594,2.0,0.48780487804878053,0.0,0.0,0,0.0,0.6589521054329958,0.0,0.12366248872636693,0.060928761924592956,Utsuroi,0.13059922362684664,0.9803921568627451,2.0,0
2011-03-25,0.352666415709894,2.0,0.48780487804878053,0.0,0.0,0,0.0,0.6589521054329958,0.0,0.11995261406457591,1.0,Utsuroi,0.13059922362684664,0.9803921568627451,2.0,0
2011-03-28,0.36703055398707574,2.0,0.48780487804878053,0.0,0.0,0,0.0,0.6589521054329958,0.0,0.11635403564263863,1.0,Utsuroi,0.13059922362684664,0.9803921568627451,2.0,0
2011-03-29,0.3320142417968506,2.0,0.48780487804878053,0.0,0.0,0,0.0,0.6589521054329958,0.0,0.11286341457335947,1.0,Utsuroi,0.13059922362684664,0.9803921568627451,2.0,0
2011-03-30,0.3437260806826025,2.0,0.48780487804878053,0.0,0.0,0,0.0,0.6589521054329958,0.0,0.10947751213615868,1.0,Utsuroi,0.13059922362684664,0.9803921568627451,2.0,0
2011-03-31,0.3493286906330384,2.0,0.48780487804878053,0.0,0.0,0,0.0,0.6589521054329958,0.0,0.10619318677207391,1.0,Utsuroi,0.13059922362684664,0.9803921568627451,2.0,0
2011-04-01,0.34500752870318085,2.0,0.48780487804878053,0.0,0.0,0,0.0,0.6589521054329958,0.0,0.1030073911689117,1.0,Utsuroi,0.13059922362684664,0.9803921568627451,2.0,0
2011-04-04,0.35910345692954393,2.0,0.48780487804878053,0.0,0.0,0,0.0,0.6589521054329958,0.0,0.09991716943384434,1.0,Utsuroi,0.13059922362684664,0.9803921568627451,2.0,0
2011-04-05,0.3591332580463016,2.0,0.48780487804878053,0.0,0.0,0,0.0,0.6589521054329958,0.0,0.096919654350829,1.0,Utsuroi,0.13059922362684664,0.9803921568627451,2.0,0
2011-04-06,0.3162494510320598,2.0,0.48780487804878053,0.0,0.0,0,0.0,0.6589521054329958,0.0,0.09401206472030413,1.0,Utsuroi,0.13059922362684664,0.9803921568627451,2.0,0
2011-04-07,0.34271284271284275,3.0,0.3278688524590164,0.0,0.0,0,0.0,0.9803921568627451,0.0,0.091191702778695,0.0280277456667265,Katashi,0.13059922362684664,0.9803921568627451,2.0,0
2011-04-08,0.3376466528640442,2.0,0.48780487804878053,0.0,0.0,0,0.0,0.6589521054329958,0.0,0.08845595169533414,0.060928761924592956,Utsuroi,0.13059922362684664,0.9803921568627451,2.0,0
2011-04-11,0.3084415584415584,2.0,0.48780487804878053,0.0,0.0,0,0.0,0.6589521054329958,0.0,0.08580227314447411,1.0,Utsuroi,0.13059922362684664,0.9803921568627451,2.0,0
2011-04-12,0.3265904385469603,2.0,0.48780487804878053,0.0,0.0,0,0.0,0.6589521054329958,0.0,0.08322820495013988,1.0,Utsuroi,0.13059922362684664,0.9803921568627451,2.0,0
2011-04-13,0.3215838509316771,2.0,0.48780487804878053,0.0,0.0,0,0.0,0.6589521054329958,0.0,0.08073135880163569,1.0,Utsuroi,0.13059922362684664,0.9803921568627451,2.0,0
2011-04-14,0.28415364828408307,3.0,0.3278688524590164,0.0,0.0,0,0.0,0.9803921568627451,0.0,0.07830941803758662,0.0280277456667265,Katashi,0.13059922362684664,0.9803921568627451,2.0,0
2011-04-15,0.2731570362005145,2.5,0.3921568627450981,0.0,0.0,0,0.0,0.8196721311479507,0.0,0.07596013549645902,0.031219596057299404,Utsuroi,0.13059922362684664,0.9803921568627451,2.0,0
2011-04-18,0.29124631407240104,1.0,0.9523809523809523,4.372235906557852e-11,0.9999999999552777,1,1.955366074154867e-21,0.33751205400260365,0.5,0.07368133143156526,0.9547178108981811,Utsuroi,0.13059922362684664,0.9803921568627451,2.0,0
2011-04-19,0.3024515339732731,1.5,0.6451612903225806,2.762864381337918e-10,0.9999999997227136,1,7.661047623348149e-20,0.49823207971788014,0.5,0.0714708914886183,0.46142077786749525,Utsuroi,0.13059922362684664,0.9803921568627451,2.0,0
2011-04-20,0.3002760524499656,1.5,0.6451612903225806,9.781409015597101e-11,0.9999999999011859,1,9.66540815985796e-21,0.49823207971788014,0.5,0.06932676474395974,1.0,Utsuroi,0.13059922362684664,0.9803921568627451,2.0,0
2011-04-21,0.295209862601167,1.0,0.9523809523809523,4.0622838425563824e-11,0.9999999999583772,1,1.6908369415631347e-21,0.33751205400260365,0.5,0.06724696180164094,0.7104148504845628,Utsuroi,0.13059922362684664,0.9803921568627451,2.0,0
2011-04-25,0.3066534914361001,1.0,0.9523809523809523,2.657152275948659e-11,0.9999999999724285,1,7.326167567196971e-22,0.33751205400260365,0.5,0.06522955294759171,1.0,Utsuroi,0.13059922362684664,0.9803921568627451,2.0,0
2011-04-26,0.3437856829161177,2.0,0.48780487804878053,0.0,0.0,0,0.0,0.6589521054329958,0.0,0.06327266635916395,0.4333110405024828,Utsuroi,0.13059922362684664,0.9803921568627451,2.0,0
2011-04-27,0.3436366773323295,2.0,0.48780487804878053,0.0,0.0,0,0.0,0.6589521054329958,0.0,0.061374486368389033,1.0,Utsuroi,0.13059922362684664,0.9803921568627451,2.0,0
2011-04-28,0.3084415584415584,2.0,0.48780487804878053,0.0,0.0,0,0.0,0.6589521054329958,0.0,0.05953325177733736,1.0,Utsuroi,0.13059922362684664,0.9803921568627451,2.0,0
2011-04-29,0.31216669803626323,2.0,0.48780487804878053,0.0,0.0,0,0.0,0.6589521054329958,0.0,0.05774725422401724,1.0,Utsuroi,0.13059922362684664,0.9803921568627451,2.0,0
2011-05-02,0.2994714222975092,3.0,0.3278688524590164,0.0,0.0,0,0.0,0.9803921568627451,0.0,0.056014836597296724,0.0280277456667265,Katashi,0.13059922362684664,0.9803921568627451,2.0,0
2011-05-03,0.3034647719430328,1.5,0.6451612903225806,0.0,0.0,0,0.0,0.49823207971788014,0.0,0.05433439149937782,0.14333516961253745,Utsuroi,0.13059922362684664,0.9803921568627451,2.0,0
2011-05-04,0.3288255223037832,1.5,0.6451612903225806,0.0,0.0,0,0.0,0.49823207971788014,0.0,0.05270435975439648,1.0,Utsuroi,0.13059922362684664,0.9803921568627451,2.0,0
2011-05-05,0.3622623753058536,1.5,0.6451612903225806,0.0,0.0,0,0.0,0.49823207971788014,0.0,0.051123228961764584,1.0,Utsuroi,0.13059922362684664,0.9803921568627451,2.0,0
2011-05-06,0.3772225359181881,2.0,0.48780487804878053,0.0,0.0,0,0.0,0.6589521054329958,0.0,0.04958953209291164,0.11432870380076787,Utsuroi,0.13059922362684664,0.9803921568627451,2.0,0
2011-05-09,0.3835403726708075,2.0,0.48780487804878053,0.0,0.0,0,0.0,0.6589521054329958,0.0,0.04810184613012429,1.0,Utsuroi,0.13059922362684664,0.9803921568627451,2.0,0
2011-05-10,0.37385500972457497,3.0,0.3278688524590164,0.0,0.0,0,0.0,0.9803921568627451,0.0,0.04665879074622056,0.0280277456667265,Katashi,0.13059922362684664,0.9803921568627451,2.0,0
2011-05-11,0.3935833490181317,3.0,0.3278688524590164,0.0,0.0,0,0.0,0.9803921568627451,0.0,0.04525902702383394,1.0,Katashi,0.13059922362684664,0.9803921568627451,2.0,0
2011-05-12,0.3756728778467909,2.5,0.3921568627450981,0.0,0.0,0,0.0,0.8196721311479507,0.0,0.043901256213118925,0.031219596057299404,Nagare,0.13059922362684664,0.9803921568627451,2.0,0
2011-05-13,0.37930861409122285,3.0,0.3278688524590164,0.0,0.0,0,0.0,0.9803921568627451,0.0,0.04258421852672536,0.021927297801893397,Katashi,0.13059922362684664,0.9803921568627451,2.0,0
2011-05-16,0.3909012485099442,2.0,0.48780487804878053,0.0,0.0,0,0.0,0.6589521054329958,0.0,0.0413066919709236,0.060928761924592956,Nagare,0.13059922362684664,0.9803921568627451,2.0,0
2011-05-17,0.40493757450279194,2.0,0.48780487804878053,0.0,0.0,0,0.0,0.6589521054329958,0.0,0.04006749121179589,1.0,Nagare,0.13059922362684664,0.9803921568627451,2.0,0
2011-05-18,0.3957588305414393,2.0,0.48780487804878053,1.1802803178542196e-10,0.999999999880972,1,1.4048641708778947e-20,0.6589521054329958,0.5,0.03886546647544201,0.5211359815832705,Nagare,0.13059922362684664,0.9803921568627451,2.0,0
2011-05-19,0.39417722917498693,2.0,0.48780487804878053,0.0,0.0,0,0.0,0.6589521054329958,0.0,0.03769950248117875,1.0,Nagare,0.13059922362684664,0.9803921568627451,2.0,0
2011-05-20,0.392792920796562,2.5,0.3921568627450981,0.0,0.0,0,0.0,0.8196721311479507,0.0,0.03656851740674339,0.04625930894735131,Nagare,0.13059922362684664,0.9803921568627451,2.0,0
2011-05-23,0.40110997436811324,1.0,0.9523809523809523,0.0,0.0,0,0.0,0.33751205400260365,0.0,0.03547146188454109,0.46127856297901215,Nagare,0.13059922362684664,0.9803921568627451,2.0,0
2011-05-24,0.39248207549464564,1.0,0.9523809523809523,0.0,0.0,0,0.0,0.33751205400260365,0.0,0.034407318028004855,1.0,Nagare,0.13059922362684664,0.9803921568627451,2.0,0
2011-05-25,0.3839583500631391,2.0,0.48780487804878053,0.0,0.0,0,0.0,0.6589521054329958,0.0,0.03337509848716471,0.17582034608361274,Nagare,0.13059922362684664,0.9803921568627451,2.0,0
2011-05-26,0.36905721931432134,2.0,0.48780487804878053,0.0,0.0,0,0.0,0.6589521054329958,0.0,0.032373845532549766,1.0,Nagare,0.13059922362684664,0.9803921568627451,2.0,0
2011-05-27,0.364377779024109,1.0,0.9523809523809523,0.0,0.0,0,0.0,0.33751205400260365,0.0,0.03140263016657327,0.5226484885807366,Nagare,0.13059922362684664,0.9803921568627451,2.0,0
2011-05-31,0.36381274463174035,2.0,0.48780487804878053,0.0,0.0,0,0.0,0.6589521054329958,0.0,0.030460551261576072,0.17582034608361274,Nagare,0.13059922362684664,0.9803921568627451,2.0,0
2011-06-01,0.36461867945110504,1.0,0.9523809523809523,0.0,0.0,0,0.0,0.33751205400260365,0.0,0.02954673472372879,0.5226484885807366,Nagare,0.13059922362684664,0.9803921568627451,2.0,0
2011-06-02,0.3851062443852922,1.0,0.9523809523809523,0.0,0.0,0,0.0,0.33751205400260365,0.0,0.028660332682016926,1.0,Nagare,0.13059922362684664,0.9803921568627451,2.0,0
2011-06-03,0.3772397259571555,1.0,0.9523809523809523,0.0,0.0,0,0.0,0.33751205400260365,0.0,0.027800522701556418,1.0,Nagare,0.13059922362684664,0.9803921568627451,2.0,0
2011-06-06,0.39433135241993883,2.5,0.3921568627450981,0.0,0.0,0,0.0,0.8196721311479507,0.0,0.026966507020509727,0.10303309951801809,Nagare,0.13059922362684664,0.9803921568627451,2.0,0
2011-06-07,0.38591286651629086,1.0,0.9523809523809523,0.0,0.0,0,0.0,0.33751205400260365,0.0,0.026157511809894434,0.46127856297901215,Nagare,0.13059922362684664,0.9803921568627451,2.0,0
2011-06-08,0.3805480888939743,1.0,0.9523809523809523,0.0,0.0,0,0.0,0.33751205400260365,0.0,0.0253727864555976,1.0,Nagare,0.13059922362684664,0.9803921568627451,2.0,0
2011-06-09,0.3780167954251799,2.5,0.3921568627450981,0.0,0.0,0,0.0,0.8196721311479507,0.0,0.02461160286192967,0.10303309951801809,Nagare,0.13059922362684664,0.9803921568627451,2.0,0
2011-06-10,0.3829043805982603,3.0,0.3278688524590164,0.0,0.0,0,0.0,0.9803921568627451,0.0,0.02387325477607178,0.021927297801893397,Katashi,0.13059922362684664,0.9803921568627451,2.0,0
2011-06-13,0.3628428248770309,3.0,0.3278688524590164,0.0,0.0,0,0.0,0.9803921568627451,0.0,0.023157057132789625,1.0,Katashi,0.13059922362684664,0.9803921568627451,2.0,0
2011-06-14,0.3867762937497463,3.0,0.3278688524590164,0.0,0.0,0,0.0,0.9803921568627451,0.0,0.022462345418805936,1.0,Katashi,0.13059922362684664,0.9803921568627451,2.0,0
2011-06-15,0.3748708107341137,3.0,0.3278688524590164,0.0,0.0,0,0.0,0.9803921568627451,0.0,0.021788475056241756,1.0,Katashi,0.13059922362684664,0.9803921568627451,2.0,0
2011-06-16,0.37539194729450565,3.0,0.3278688524590164,0.0,0.0,0,0.0,0.9803921568627451,0.0,0.0211348208045545,1.0,Katashi,0.13059922362684664,0.9803921568627451,2.0,0
2011-06-17,0.3756430767300333,2.0,0.48780487804878053,1.0508771630105755e-10,0.9999999998939123,1,1.1148513509542873e-20,0.6589521054329958,0.5,0.020500776180417866,0.8129490225504685,Nagare,0.13059922362684664,0.9803921568627451,2.0,0
2011-06-20,0.36181535855448904,3.0,0.3278688524590164,1.4513534817337833e-10,0.9999999998538647,1,2.1209401428487227e-20,0.9803921568627451,0.5,0.01988575289500533,0.08934226757225516,Katashi,0.13059922362684664,0.9803921568627451,2.0,0
2011-06-21,0.3878317334839075,3.0,0.3278688524590164,0.0,0.0,0,0.0,0.9803921568627451,0.0,0.01928918030815517,1.0,Katashi,0.13059922362684664,0.9803921568627451,2.0,0
2011-06-22,0.3989177489177489,3.0,0.3278688524590164,4.1111425366614735e-10,0.9999999995878858,1,1.6942603476149628e-19,0.9803921568627451,0.5,0.018710504898910515,0.6504492073967539,Katashi,0.13059922362684664,0.9803921568627451,2.0,0
2011-06-23,0.3831827592697158,3.0,0.3278688524590164,0.0,0.0,0,0.0,0.9803921568627451,0.0,0.0181491897519432,1.0,Katashi,0.13059922362684664,0.9803921568627451,2.0,0
2011-06-24,0.41852688374427505,2.0,0.48780487804878053,0.0,0.0,0,0.0,0.6589521054329958,0.0,0.0176047140593849,0.060928761924592956,Nagare,0.13059922362684664,0.9803921568627451,2.0,0
2011-06-27,0.41846728151075985,3.0,0.3278688524590164,0.0,0.0,0,0.0,0.9803921568627451,0.0,0.017076572637603354,0.0280277456667265,Katashi,0.13059922362684664,0.9803921568627451,2.0,0
2011-06-28,0.41587458435284524,3.0,0.3278688524590164,0.0,0.0,0,0.0,0.9803921568627451,0.0,0.016564275458475254,1.0,Katashi,0.13059922362684664,0.9803921568627451,2.0,0
2011-06-29,0.4170964301399084,3.0,0.3278688524590164,6.400746599199673e-11,0.9999999999349926,1,4.160961752888582e-21,0.9803921568627451,0.5,0.016067347194720995,0.6504492073967539,Katashi,0.13059922362684664,0.9803921568627451,2.0,0
2011-06-30,0.4022554739946045,3.0,0.3278688524590164,5.023570448383442e-11,0.9999999999487643,1,2.573860598236693e-21,0.9803921568627451,0.5,0.015585326778879366,1.0,Katashi,0.13059922362684664,0.9803921568627451,2.0,0
2011-07-01,0.4065766359244621,3.0,0.3278688524590164,6.659039985861592e-11,0.9999999999324096,1,4.5008702802468575e-21,0.9803921568627451,0.5,0.015117766975512984,1.0,Katashi,0.13059922362684664,0.9803921568627451,2.0,0
2011-07-05,0.3844940084070519,3.0,0.3278688524590164,2.3111457189776843e-10,0.9999999997678855,1,5.364505480896045e-20,0.9803921568627451,0.5,0.014664233966247595,1.0,Katashi,0.13059922362684664,0.9803921568627451,2.0,0
2011-07-06,0.38997741389045737,3.0,0.3278688524590164,0.0,0.0,0,0.0,0.9803921568627451,0.0,0.014224306947260167,1.0,Katashi,0.13059922362684664,0.9803921568627451,2.0,0
2011-07-07,0.3560041407867495,3.0,0.3278688524590164,0.0,0.0,0,0.0,0.9803921568627451,0.0,0.013797577738842362,1.0,Katashi,0.13059922362684664,0.9803921568627451,2.0,0
2011-07-08,0.3468849990589122,3.0,0.3278688524590164,0.0,0.0,0,0.0,0.9803921568627451,0.0,0.013383650406677092,1.0,Katashi,0.13059922362684664,0.9803921568627451,2.0,0
2011-07-11,0.3301069703243617,2.0,0.48780487804878053,0.0,0.0,0,0.0,0.6589521054329958,0.0,0.012982140894476779,0.060928761924592956,Nagare,0.13059922362684664,0.9803921568627451,2.0,0
2011-07-12,0.3267990463642638,2.0,0.48780487804878053,0.0,0.0,0,0.0,0.6589521054329958,0.0,0.012592676667642475,1.0,Nagare,0.13059922362684664,0.9803921568627451,2.0,0
2011-07-13,0.3138653616914487,2.0,0.48780487804878053,0.0,0.0,0,0.0,0.6589521054329958,0.0,0.0122148963676132,1.0,Nagare,0.13059922362684664,0.9803921568627451,2.0,0
2011-07-14,0.34056716230629275,2.0,0.48780487804878053,1.242295155556158e-10,0.9999999998747705,1,1.5557199303542077e-20,0.6589521054329958,0.5,0.011848449476584803,0.5211359815832705,Nagare,0.13059922362684664,0.9803921568627451,2.0,0
2011-07-15,0.33889829976786495,1.5,0.6451612903225806,3.995059838418104e-11,0.9999999999590494,1,1.6360000258958314e-21,0.49823207971788014,0.5,0.011492995992287258,0.33498144246792283,Nagare,0.13059922362684664,0.9803921568627451,2.0,0
2011-07-18,0.3518617855574377,2.0,0.48780487804878053,0.6724589101700265,0.6013538448879742,2,0.2680731590101042,0.6589521054329958,1.0,0.011148206112518641,0.06677345632443543,Nagare,0.13059922362684664,0.9803921568627451,2.0,0
2011-07-19,0.37457023652675825,2.0,0.48780487804878053,1.5162759936385497e-11,0.9999999999838373,1,2.4507171340048393e-22,0.6589521054329958,0.5,0.010813759929143081,0.8821288946443636,Nagare,0.13059922362684664,0.9803921568627451,2.0,0
2011-07-20,0.37668611581655065,3.0,0.3278688524590164,1.7393642082028742e-11,0.9999999999816064,1,3.199320421854015e-22,0.9803921568627451,0.5,0.010489347131268789,0.08934226757225516,Katashi,0.13059922362684664,0.9803921568627451,2.0,0
2011-07-21,0.3679245874898049,2.0,0.48780487804878053,0.5441940296794516,0.7658908245052591,2,0.12740081559741695,0.6589521054329958,1.0,0.010174666717330725,0.4745251285345389,Nagare,0.13059922362684664,0.9803921568627451,2.0,0
2011-07-22,0.3650636802810716,2.0,0.48780487804878053,0.5181951228151271,0.7867774532745903,2,0.11049088378732788,0.6589521054329958,1.0,0.009869426715810804,0.48664557205081205,Nagare,0.13059922362684664,0.9803921568627451,2.0,0
2011-07-25,0.3668219461697723,2.0,0.48780487804878053,0.0,0.0,0,0.0,0.6589521054329958,0.0,0.00957334391433648,1.0,Nagare,0.13059922362684664,0.9803921568627451,2.0,0
2011-07-26,0.3695338477947175,3.0,0.3278688524590164,0.0,0.0,0,0.0,0.9803921568627451,0.0,0.009286143596906386,0.0280277456667265,Katashi,0.13059922362684664,0.9803921568627451,2.0,0
2011-07-27,0.36008689378254594,2.0,0.48780487804878053,0.0,0.0,0,0.0,0.6589521054329958,0.0,0.009007559288999194,0.060928761924592956,Nagare,0.13059922362684664,0.9803921568627451,2.0,0
2011-07-28,0.3756132756132757,2.0,0.48780487804878053,0.0,0.0,0,0.0,0.6589521054329958,0.0,0.008737332510329219,1.0,Nagare,0.13059922362684664,0.9803921568627451,2.0,0
2011-07-29,0.37310998180563404,2.0,0.48780487804878053,4.838565102961737e-10,0.9999999995151435,1,2.3460096841942274e-19,0.6589521054329958,0.5,0.008475212535019342,0.5211359815832705,Nagare,0.13059922362684664,0.9803921568627451,2.0,0
2011-08-01,0.37057688688123475,2.0,0.48780487804878053,0.0,0.0,0,0.0,0.6589521054329958,0.0,0.008220956158968762,1.0,Nagare,0.13059922362684664,0.9803921568627451,2.0,0
2011-08-02,0.3613385406863668,2.0,0.48780487804878053,0.0,0.0,0,0.0,0.6589521054329958,0.0,0.007974327474199698,1.0,Nagare,0.13059922362684664,0.9803921568627451,2.0,0
2011-08-03,0.3602060982495765,2.0,0.48780487804878053,2.3413271321417497e-11,0.9999999999755868,1,5.715940273568588e-22,0.6589521054329958,0.5,0.0077350976499737075,0.5211359815832705,Nagare,0.13059922362684664,0.9803921568627451,2.0,0
2011-08-04,0.37465963987703116,2.0,0.48780487804878053,2.6204149960648187e-11,0.9999999999727959,1,7.128610454495984e-22,0.6589521054329958,0.5,0.007503044720474496,1.0,Nagare,0.13059922362684664,0.9803921568627451,2.0,0
2011-08-05,0.3631266076918251,2.0,0.48780487804878053,0.6475085382414627,0.6498999720888998,2,0.22669275731101177,0.6589521054329958,1.0,0.007277953378860261,0.12358619319215536,Nagare,0.13059922362684664,0.9803921568627451,2.0,0
2011-08-08,0.34542474433778786,2.0,0.48780487804878053,0.6040577067329677,0.7078588620333429,2,0.1764701058424984,0.6589521054329958,1.0,0.007059614777494453,0.30920097251363265,Nagare,0.13059922362684664,0.9803921568627451,2.0,0
2011-08-09,0.38684829663090536,2.0,0.48780487804878053,0.33808585360164295,0.8939924578085776,2,0.03583965038999922,0.6589521054329958,1.0,0.0068478263341696195,0.8095185728198029,Nagare,0.13059922362684664,0.9803921568627451,2.0,0
2011-08-10,0.3774311437354917,2.0,0.48780487804878053,0.45987252857575245,0.8274717400131415,2,0.07934100717093143,0.6589521054329958,1.0,0.006642391544144531,0.6053226553917225,Nagare,0.13059922362684664,0.9803921568627451,2.0,0
2011-08-11,0.36631532718489246,3.0,0.3278688524590164,0.6349097018384018,0.6689642668067325,2,0.2101777986595942,0.9803921568627451,1.0,0.006443119797820194,0.14459895434280612,Katashi,0.13059922362684664,0.9803921568627451,2.0,0
2011-08-12,0.3542458748980489,3.0,0.3278688524590164,1.4442491646002427e-10,0.9999999998545751,1,2.100297821754454e-20,0.9803921568627451,0.5,0.006249826203885588,0.8922845126625784,Katashi,0.13059922362684664,0.9803921568627451,2.0,0
2011-08-15,0.3601464960160613,2.0,0.48780487804878053,4.288277509942824e-10,0.9999999995701723,1,1.843220583270142e-19,0.6589521054329958,0.5,0.0060623314177690206,0.17559960668484775,Nagare,0.13059922362684664,0.9803921568627451,2.0,0
2011-08-16,0.3474810213940649,2.0,0.48780487804878053,6.972034060942271e-11,0.9999999999292797,1,4.930644693143793e-21,0.6589521054329958,0.5,0.00588046147523595,1.0,Nagare,0.13059922362684664,0.9803921568627451,2.0,0
2011-08-17,0.3433088650479955,3.0,0.3278688524590164,4.017397525672645e-11,0.999999999958826,1,1.6541213745013923e-21,0.9803921568627451,0.5,0.005704047630978871,0.08934226757225516,Katashi,0.13059922362684664,0.9803921568627451,2.0,0
2011-08-18,0.32319311123658945,3.0,0.3278688524590164,4.9557136171218066e-11,0.9999999999494429,1,2.5054657854380814e-21,0.9803921568627451,0.5,0.005532926202049504,1.0,Katashi,0.13059922362684664,0.9803921568627451,2.0,0
2011-08-19,0.31919976159106594,3.0,0.3278688524590164,4.098099637329293e-11,0.999999999958019,1,1.720422153587101e-21,0.9803921568627451,0.5,0.005366938415988019,1.0,Katashi,0.13059922362684664,0.9803921568627451,2.0,0
2011-08-22,0.3258454106280193,3.0,0.3278688524590164,1.039834884808819e-10,0.9999999998950165,1,1.0916547065413928e-20,0.9803921568627451,0.5,0.005205930263508378,1.0,Katashi,0.13059922362684664,0.9803921568627451,2.0,0
2011-08-23,0.31365675387414527,1.5,0.6451612903225806,4.0884617905007275e-10,0.9999999995901538,1,1.67564035292851e-19,0.49823207971788014,0.5,0.005049752355603127,0.2953524004861946,Nagare,0.13059922362684664,0.9803921568627451,2.0,0
2011-08-24,0.30909718301022654,2.0,0.48780487804878053,3.8543446204991336e-10,0.9999999996135656,1,1.489451505000613e-19,0.6589521054329958,0.5,0.004898259784935033,0.22247883298928472,Nagare,0.13059922362684664,0.9803921568627451,2.0,0
2011-08-25,0.31291172595520433,3.0,0.3278688524590164,3.605097331117948e-10,0.9999999996384903,1,1.3032776944991111e-19,0.9803921568627451,0.5,0.004751311991386982,0.08934226757225516,Katashi,0.13059922362684664,0.9803921568627451,2.0,0
2011-08-26,0.3136567538741452,3.0,0.3278688524590164,3.605097331117948e-10,0.9999999996384903,1,1.3032776944991111e-19,0.9803921568627451,0.5,0.004608772631645373,1.0,Katashi,0.13059922362684664,0.9803921568627451,2.0,0
2011-08-29,0.309544199761591,3.0,0.3278688524590164,1.6980838955722552e-10,0.9999999998291916,1,2.900469379959905e-20,0.9803921568627451,0.5,0.004470509452696012,1.0,Katashi,0.13059922362684664,0.9803921568627451,2.0,0
2011-08-30,0.31618984879854445,3.0,0.3278688524590164,0.0,0.0,0,0.0,0.9803921568627451,0.0,0.004336394169115131,1.0,Katashi,0.13059922362684664,0.9803921568627451,2.0,0
2011-08-31,0.3183653303218521,3.0,0.3278688524590164,0.0,0.0,0,0.0,0.9803921568627451,0.0,0.004206302344041677,1.0,Katashi,0.13059922362684664,0.9803921568627451,2.0,0
2011-09-01,0.3234613212874083,3.0,0.3278688524590164,0.0,0.0,0,0.0,0.9803921568627451,0.0,0.004080113273720427,1.0,Katashi,0.13059922362684664,0.9803921568627451,2.0,0
2011-09-02,0.31562362758014934,3.0,0.3278688524590164,0.0,0.0,0,0.0,0.9803921568627451,0.0,0.003957709875508814,1.0,Katashi,0.13059922362684664,0.9803921568627451,2.0,0
2011-09-06,0.30635548026852377,3.0,0.3278688524590164,0.0,0.0,0,0.0,0.9803921568627451,0.0,0.0038389785792435497,1.0,Katashi,0.13059922362684664,0.9803921568627451,2.0,0
2011-09-07,0.2902926783361565,3.0,0.3278688524590164,0.0,0.0,0,0.0,0.9803921568627451,0.0,0.003723809221866243,1.0,Katashi,0.13059922362684664,0.9803921568627451,2.0,0
2011-09-08,0.30003764351590445,2.0,0.48780487804878053,0.0,0.0,0,0.0,0.6589521054329958,0.0,0.0036120949452102557,0.060928761924592956,Nagare,0.13059922362684664,0.9803921568627451,2.0,0
2011-09-09,0.3003952569169961,3.0,0.3278688524590164,0.0,0.0,0,0.0,0.9803921568627451,0.0,0.003503732096853948,0.0280277456667265,Katashi,0.13059922362684664,0.9803921568627451,2.0,0
2011-09-12,0.30718991153773767,3.0,0.3278688524590164,0.0,0.0,0,0.0,0.9803921568627451,0.0,0.003398620133948329,1.0,Katashi,0.13059922362684664,0.9803921568627451,2.0,0
2011-09-13,0.3197361816927034,2.0,0.48780487804878053,0.0,0.0,0,0.0,0.6589521054329958,0.0,0.0032966615299298793,0.060928761924592956,Nagare,0.13059922362684664,0.9803921568627451,2.0,0
2011-09-14,0.3149084007779661,3.0,0.3278688524590164,0.0,0.0,0,0.0,0.9803921568627451,0.0,0.003197761684031983,0.0280277456667265,Katashi,0.13059922362684664,0.9803921568627451,2.0,0
2011-09-15,0.30009724574941976,3.0,0.3278688524590164,0.0,0.0,0,0.0,0.9803921568627451,0.0,0.0031018288335110233,1.0,Katashi,0.13059922362684664,0.9803921568627451,2.0,0
2011-09-16,0.30099127925214897,2.0,0.48780487804878053,0.0,0.0,0,0.0,0.6589521054329958,0.0,0.0030087739685056925,0.060928761924592956,Nagare,0.13059922362684664,0.9803921568627451,2.0,0
2011-09-19,0.3006634669678148,3.0,0.3278688524590164,0.0,0.0,0,0.0,0.9803921568627451,0.0,0.0029185107494505216,0.0280277456667265,Katashi,0.13059922362684664,0.9803921568627451,2.0,0
2011-09-20,0.3018257105213627,3.0,0.3278688524590164,0.0,0.0,0,0.0,0.9803921568627451,0.0,0.002830955426967006,1.0,Katashi,0.13059922362684664,0.9803921568627451,2.0,0
2011-09-21,0.30751772382207165,3.0,0.3278688524590164,0.0,0.0,0,0.0,0.9803921568627451,0.0,0.002746026764157996,1.0,Katashi,0.13059922362684664,0.9803921568627451,2.0,0
2011-09-22,0.3202428006775833,3.0,0.3278688524590164,0.0,0.0,0,0.0,0.9803921568627451,0.0,0.002663645961233256,1.0,Katashi,0.13059922362684664,0.9803921568627451,2.0,0
2011-09-23,0.3302559759081499,3.0,0.3278688524590164,0.0,0.0,0,0.0,0.9803921568627451,0.0,0.002583736582396258,1.0,Katashi,0.13059922362684664,0.9803921568627451,2.0,0
2011-09-26,0.33195463956333526,2.0,0.48780487804878053,0.0,0.0,0,0.0,0.6589521054329958,0.0,0.0025062244849243702,0.060928761924592956,Nagare,0.13059922362684664,0.9803921568627451,2.0,0
2011-09-27,0.33722943722943727,2.0,0.48780487804878053,0.0,0.0,0,0.0,0.6589521054329958,0.0,0.002431037750376639,1.0,Nagare,0.13059922362684664,0.9803921568627451,2.0,0
2011-09-28,0.34795783926218715,2.0,0.48780487804878053,0.0,0.0,0,0.0,0.6589521054329958,0.0,0.0023581066178653396,1.0,Nagare,0.13059922362684664,0.9803921568627451,2.0,0
2011-09-29,0.3469148001756698,2.0,0.48780487804878053,0.0,0.0,0,0.0,0.6589521054329958,0.0,0.0022873634193293795,1.0,Nagare,0.13059922362684664,0.9803921568627451,2.0,0
2011-09-30,0.3405969634230504,3.0,0.3278688524590164,0.0,0.0,0,0.0,0.9803921568627451,0.0,0.002218742516749498,0.0280277456667265,Katashi,0.13059922362684664,0.9803921568627451,2.0,0
2011-10-03,0.3303751803751803,3.0,0.3278688524590164,0.0,0.0,0,0.0,0.9803921568627451,0.0,0.002152180241247013,1.0,Katashi,0.13059922362684664,0.9803921568627451,2.0,0
2011-10-04,0.3231633101198319,3.0,0.3278688524590164,0.0,0.0,0,0.0,0.9803921568627451,0.0,0.0020876148340096025,1.0,Katashi,0.13059922362684664,0.9803921568627451,2.0,0
2011-10-05,0.3456333521550914,2.0,0.48780487804878053,0.0,0.0,0,0.0,0.6589521054329958,0.0,0.002024986388989314,0.060928761924592956,Nagare,0.13059922362684664,0.9803921568627451,2.0,0
2011-10-06,0.3484048560135517,2.5,0.3921568627450981,0.0,0.0,0,0.0,0.8196721311479507,0.0,0.0019642367973196346,0.04625930894735131,Nagare,0.13059922362684664,0.9803921568627451,2.0,0
2011-10-07,0.3752854633289416,2.0,0.48780487804878053,0.0,0.0,0,0.0,0.6589521054329958,0.0,0.0019053096934000455,0.070662299908412,Nagare,0.13059922362684664,0.9803921568627451,2.0,0
2011-10-10,0.4093481397829224,2.0,0.48780487804878053,0.0,0.0,0,0.0,0.6589521054329958,0.0,0.001848150402598044,1.0,Nagare,0.13059922362684664,0.9803921568627451,2.0,0
2011-10-11,0.4160533910533911,2.5,0.3921568627450981,0.0,0.0,0,0.0,0.8196721311479507,0.0,0.0017927058905201027,0.04625930894735131,Nagare,0.13059922362684664,0.9803921568627451,2.0,0
2011-10-12,0.41384810841332587,3.0,0.3278688524590164,0.0,0.0,0,0.0,0.9803921568627451,0.0,0.0017389247138044994,0.021927297801893397,Katashi,0.13059922362684664,0.9803921568627451,2.0,0
2011-10-13,0.4095865487169835,3.0,0.3278688524590164,0.0,0.0,0,0.0,0.9803921568627451,0.0,0.0016867569723903644,1.0,Katashi,0.13059922362684664,0.9803921568627451,2.0,0
2011-10-14,0.40797728841207104,3.0,0.3278688524590164,0.0,0.0,0,0.0,0.9803921568627451,0.0,0.0016361542632186534,1.0,Katashi,0.13059922362684664,0.9803921568627451,2.0,0
2011-10-17,0.41533816425120784,2.0,0.48780487804878053,0.0,0.0,0,0.0,0.6589521054329958,0.0,0.0015870696353220937,0.060928761924592956,Nagare,0.13059922362684664,0.9803921568627451,2.0,0
2011-10-18,0.4099143610013175,2.0,0.48780487804878053,4.682250142061181e-10,0.999999999530775,1,2.1970287863612773e-19,0.6589521054329958,0.5,0.0015394575462624308,0.5211359815832705,Nagare,0.13059922362684664,0.9803921568627451,2.0,0
2011-10-19,0.4096759520672564,2.0,0.48780487804878053,0.0,0.0,0,0.0,0.6589521054329958,0.0,0.0014932738198745578,1.0,Nagare,0.13059922362684664,0.9803921568627451,2.0,0
2011-10-20,0.4067256415082502,2.0,0.48780487804878053,4.889799676153122e-11,0.999999999950102,1,2.4399110024052985e-21,0.6589521054329958,0.5,0.001448475605278321,0.5211359815832705,Nagare,0.13059922362684664,0.9803921568627451,2.0,0
2011-10-21,0.4126560637430202,3.0,0.3278688524590164,3.844213836068348e-11,0.9999999999605579,1,1.5162392897262726e-21,0.9803921568627451,0.5,0.0014050213371199713,0.08934226757225516,Katashi,0.13059922362684664,0.9803921568627451,2.0,0
2011-10-24,0.4167388167388168,3.0,0.3278688524590164,4.865841063282903e-11,0.9999999999503416,1,2.4162982595980674e-21,0.9803921568627451,0.5,0.001362870697006372,1.0,Katashi,0.13059922362684664,0.9803921568627451,2.0,0
2011-10-25,0.3800834431269214,2.0,0.48780487804878053,0.0,0.0,0,0.0,0.6589521054329958,0.0,0.001321984576096181,0.37817800708405414,Nagare,0.13059922362684664,0.9803921568627451,2.0,0
2011-10-26,0.39453698475437604,1.0,0.9523809523809523,0.0,0.0,0,0.0,0.33751205400260365,0.0,0.0012823250388132954,0.5226484885807366,Nagare,0.13059922362684664,0.9803921568627451,2.0,0
2011-10-27,0.40306010414706067,1.0,0.9523809523809523,0.0,0.0,0,0.0,0.33751205400260365,0.0,0.0012438552876488965,1.0,Nagare,0.13059922362684664,0.9803921568627451,2.0,0
2011-10-28,0.3903648284083067,2.0,0.48780487804878053,0.0,0.0,0,0.0,0.6589521054329958,0.0,0.0012065396290194296,0.17582034608361274,Nagare,0.13059922362684664,0.9803921568627451,2.0,0
2011-10-31,0.39960317460317457,2.0,0.48780487804878053,0.0,0.0,0,0.0,0.6589521054329958,0.0,0.0011703434401488467,1.0,Nagare,0.13059922362684664,0.9803921568627451,2.0,0
2011-11-01,0.401391241608633,3.0,0.3278688524590164,0.0,0.0,0,0.0,0.9803921568627451,0.0,0.0011352331369443812,0.0280277456667265,Katashi,0.13059922362684664,0.9803921568627451,2.0,0
2011-11-02,0.42374207917686185,2.0,0.48780487804878053,0.0,0.0,0,0.0,0.6589521054329958,0.0,0.0011011761428360498,0.060928761924592956,Nagare,0.13059922362684664,0.9803921568627451,2.0,0
2011-11-03,0.4449306731915429,1.0,0.9523809523809523,0.0,0.0,0,0.0,0.33751205400260365,0.0,0.0010681408585509684,0.5226484885807366,Nagare,0.13059922362684664,0.9803921568627451,2.0,0
2011-11-04,0.4516657255787691,2.0,0.48780487804878053,0.0,0.0,0,0.0,0.6589521054329958,0.0,0.0010360966327944393,0.17582034608361274,Nagare,0.13059922362684664,0.9803921568627451,2.0,0
2011-11-07,0.44993726080682594,1.5,0.6451612903225806,0.0,0.0,0,0.0,0.49823207971788014,0.0,0.0010050137338106062,0.19151358752117553,Nagare,0.13059922362684664,0.9803921568627451,2.0,0
2011-11-08,0.42809304222347705,2.0,0.48780487804878053,0.0,0.0,0,0.0,0.6589521054329958,0.0,0.0009748633217962879,0.11432870380076787,Nagare,0.13059922362684664,0.9803921568627451,2.0,0
2011-11-09,0.425291737248259,2.0,0.48780487804878053,0.0,0.0,0,0.0,0.6589521054329958,0.0,0.0009456174221423993,1.0,Nagare,0.13059922362684664,0.9803921568627451,2.0,0
2011-11-10,0.42257983562331397,3.0,0.3278688524590164,0.0,0.0,0,0.0,0.9803921568627451,0.0,0.0009172488994781274,0.0280277456667265,Katashi,0.13059922362684664,0.9803921568627451,2.0,0
2011-11-11,0.42806324110671934,3.0,0.3278688524590164,4.952571684858518e-10,0.9999999995037429,1,2.457749092101523e-19,0.9803921568627451,0.5,0.0008897314324937835,0.6504492073967539,Katashi,0.13059922362684664,0.9803921568627451,2.0,0
2011-11-14,0.43411286780852004,3.0,0.3278688524590164,7.329215012398778e-11,0.9999999999257079,1,5.445029798774943e-21,0.9803921568627451,0.5,0.00086303948951897,1.0,Katashi,0.13059922362684664,0.9803921568627451,2.0,0
2011-11-15,0.4348280946107033,3.0,0.3278688524590164,0.0,0.0,0,0.0,0.9803921568627451,0.0,0.0008371483048334008,1.0,Katashi,0.13059922362684664,0.9803921568627451,2.0,0
2011-11-16,0.44099692577953453,3.0,0.3278688524590164,0.0,0.0,0,0.0,0.9803921568627451,0.0,0.0008120338556883988,1.0,Katashi,0.13059922362684664,0.9803921568627451,2.0,0
2011-11-17,0.45387100821883436,2.5,0.3921568627450981,0.0,0.0,0,0.0,0.8196721311479507,0.0,0.0007876728400177468,0.031219596057299404,Nagare,0.13059922362684664,0.9803921568627451,2.0,0
2011-11-18,0.4501458686241295,2.0,0.48780487804878053,0.0,0.0,0,0.0,0.6589521054329958,0.0,0.0007640426548172144,0.070662299908412,Nagare,0.13059922362684664,0.9803921568627451,2.0,0
2011-11-21,0.45777495451408495,3.0,0.3278688524590164,0.0,0.0,0,0.0,0.9803921568627451,0.0,0.0007411213751726979,0.0280277456667265,Katashi,0.13059922362684664,0.9803921568627451,2.0,0
2011-11-22,0.4560464897421419,3.0,0.3278688524590164,0.0,0.0,0,0.0,0.9803921568627451,0.0,0.0007188877339175169,1.0,Katashi,0.13059922362684664,0.9803921568627451,2.0,0
2011-11-23,0.45258956019825586,2.0,0.48780487804878053,0.0,0.0,0,0.0,0.6589521054329958,0.0,0.0006973211018999914,0.060928761924592956,Nagare,0.13059922362684664,0.9803921568627451,2.0,0
2011-11-25,0.4889171215258172,2.5,0.3921568627450981,0.0,0.0,0,0.0,0.8196721311479507,0.0,0.0006764014688429916,0.04625930894735131,Nagare,0.13059922362684664,0.9803921568627451,2.0,0
2011-11-28,0.5048607189911538,3.0,0.3278688524590164,0.0,0.0,0,0.0,0.9803921568627451,0.0,0.0006561094247777018,0.021927297801893397,Katashi,0.13059922362684664,0.9803921568627451,2.0,0
2011-11-29,0.5022680218332393,2.5,0.3921568627450981,0.0,0.0,0,0.0,0.8196721311479507,0.0,0.0006364261420343708,0.031219596057299404,Nagare,0.13059922362684664,0.9803921568627451,2.0,0
2011-11-30,0.500390551477508,2.5,0.3921568627450981,0.0,0.0,0,0.0,0.8196721311479507,0.0,0.0006173333577733396,1.0,Nagare,0.13059922362684664,0.9803921568627451,2.0,0
2011-12-01,0.5001521425434469,2.5,0.3921568627450981,0.0,0.0,0,0.0,0.8196721311479507,0.0,0.0005988133570401393,1.0,Nagare,0.13059922362684664,0.9803921568627451,2.0,0
2011-12-02,0.5068275926971579,3.0,0.3278688524590164,0.0,0.0,0,0.0,0.9803921568627451,0.0,0.0005808489563289351,0.021927297801893397,Katashi,0.13059922362684664,0.9803921568627451,2.0,0
2011-12-05,0.4878442813225422,3.0,0.3278688524590164,0.0,0.0,0,0.0,0.9803921568627451,0.0,0.000563423487639067,1.0,Katashi,0.13059922362684664,0.9803921568627451,2.0,0
2011-12-06,0.47786090720873325,2.0,0.48780487804878053,0.0,0.0,0,0.0,0.6589521054329958,0.0,0.000546520783009895,0.060928761924592956,Nagare,0.13059922362684664,0.9803921568627451,2.0,0
2011-12-07,0.47541721563460704,3.0,0.3278688524590164,0.0,0.0,0,0.0,0.9803921568627451,0.0,0.0005301251595195982,0.0280277456667265,Katashi,0.13059922362684664,0.9803921568627451,2.0,0
2011-12-08,0.4808708200012548,3.0,0.3278688524590164,0.0,0.0,0,0.0,0.9803921568627451,0.0,0.0005142214047340102,1.0,Katashi,0.13059922362684664,0.9803921568627451,2.0,0
2011-12-09,0.4893641382771817,3.0,0.3278688524590164,0.0,0.0,0,0.0,0.9803921568627451,0.0,0.0004987947625919899,1.0,Katashi,0.13059922362684664,0.9803921568627451,2.0,0
2011-12-12,0.49490714599410257,2.0,0.48780487804878053,0.0,0.0,0,0.0,0.6589521054329958,0.0,0.00048383091971423016,0.060928761924592956,Nagare,0.13059922362684664,0.9803921568627451,2.0,0
2011-12-13,0.5031024531024532,3.0,0.3278688524590164,0.0,0.0,0,0.0,0.9803921568627451,0.0,0.0004693159921228032,0.0280277456667265,Katashi,0.13059922362684664,0.9803921568627451,2.0,0
2011-12-14,0.4822714724888637,2.5,0.3921568627450981,0.0,0.0,0,0.0,0.8196721311479507,0.0,0.00045523651235911914,0.031219596057299404,Nagare,0.13059922362684664,0.9803921568627451,2.0,0
2011-12-15,0.47485099441621187,2.5,0.3921568627450981,0.0,0.0,0,0.0,0.8196721311479507,0.0,0.00044157941698834554,1.0,Nagare,0.13059922362684664,0.9803921568627451,2.0,0
2011-12-16,0.48623502101762983,2.5,0.3921568627450981,0.0,0.0,0,0.0,0.8196721311479507,0.0,0.00042833203447869515,1.0,Nagare,0.13059922362684664,0.9803921568627451,2.0,0
2011-12-19,0.4800065876152833,2.5,0.3921568627450981,0.0,0.0,0,0.0,0.8196721311479507,0.0,0.0004154820734443343,1.0,Nagare,0.13059922362684664,0.9803921568627451,2.0,0
2011-12-20,0.480602609950436,2.0,0.48780487804878053,0.0,0.0,0,0.0,0.6589521054329958,0.0,0.00040301761124100424,0.070662299908412,Nagare,0.13059922362684664,0.9803921568627451,2.0,0
2011-12-21,0.4723775017253279,2.0,0.48780487804878053,0.0,0.0,0,0.0,0.6589521054329958,0.0,0.00039092708290377413,1.0,Nagare,0.13059922362684664,0.9803921568627451,2.0,0
2011-12-22,0.45461603613777524,3.0,0.3278688524590164,0.0,0.0,0,0.0,0.9803921568627451,0.0,0.0003791992704166609,0.0280277456667265,Katashi,0.13059922362684664,0.9803921568627451,2.0,0
2011-12-23,0.4635861722818245,2.5,0.3921568627450981,0.0,0.0,0,0.0,0.8196721311479507,0.0,0.00036782329230416105,0.031219596057299404,Nagare,0.13059922362684664,0.9803921568627451,2.0,0
2011-12-27,0.44916243177112736,3.0,0.3278688524590164,0.0,0.0,0,0.0,0.9803921568627451,0.0,0.0003567885935350362,0.021927297801893397,Katashi,0.13059922362684664,0.9803921568627451,2.0,0
2011-12-28,0.4388512453729846,3.0,0.3278688524590164,0.0,0.0,0,0.0,0.9803921568627451,0.0,0.0003460849357289851,1.0,Katashi,0.13059922362684664,0.9803921568627451,2.0,0
2011-12-29,0.40872231633101197,3.0,0.3278688524590164,0.0,0.0,0,0.0,0.9803921568627451,0.0,0.00033570238765711556,1.0,Katashi,0.13059922362684664,0.9803921568627451,2.0,0
2011-12-30,0.41039117886943977,2.0,0.48780487804878053,0.0,0.0,0,0.0,0.6589521054329958,0.0,0.0003256313160274021,0.060928761924592956,Nagare,0.13059922362684664,0.9803921568627451,2.0,0
2012-01-03,0.4075004705439488,2.0,0.48780487804878053,0.0,0.0,0,0.0,0.6589521054329958,0.0,0.00031586237654658003,1.0,Nagare,0.13059922362684664,0.9803921568627451,2.0,0
2012-01-04,0.40484817115251903,3.0,0.3278688524590164,0.0,0.0,0,0.0,0.9803921568627451,0.0,0.00030638650525018264,0.0280277456667265,Katashi,0.13059922362684664,0.9803921568627451,2.0,0
2012-01-05,0.40919913419913423,2.5,0.3921568627450981,0.0,0.0,0,0.0,0.8196721311479507,0.0,0.00029719491009267714,0.031219596057299404,Nagare,0.13059922362684664,0.9803921568627451,2.0,0
2012-01-06,0.4106593889202585,2.0,0.48780487804878053,0.0,0.0,0,0.0,0.6589521054329958,0.0,0.0002882790627898968,0.070662299908412,Nagare,0.13059922362684664,0.9803921568627451,2.0,0
2012-01-09,0.4086627140974967,2.0,0.48780487804878053,0.0,0.0,0,0.0,0.6589521054329958,0.0,0.00027963069090619993,1.0,Nagare,0.13059922362684664,0.9803921568627451,2.0,0
2012-01-10,0.42776522993914307,3.0,0.3278688524590164,0.0,0.0,0,0.0,0.9803921568627451,0.0,0.0002712417701790139,0.0280277456667265,Katashi,0.13059922362684664,0.9803921568627451,2.0,0
2012-01-11,0.4109275989710773,3.5,0.28169014084507044,0.0,0.0,0,0.0,1.1411121825773787,0.0,0.0809831302317073,0.011661608721658112,Katashi,0.13059922362684664,0.9803921568627451,2.0,0
2012-01-12,0.39766610201392816,3.5,0.28169014084507044,0.0,0.0,0,0.0,1.1411121825773787,0.0,0.15927366203938975,1.0,Katashi,0.13059922362684664,0.9803921568627451,2.0,0
2012-01-13,0.3852986385595082,3.0,0.3278688524590164,0.0,0.0,0,0.0,0.9803921568627451,0.0,0.15449545217820806,0.015765507647159227,Katashi,0.13059922362684664,0.9803921568627451,2.0,0
2012-01-17,0.36363322667670506,3.0,0.3278688524590164,0.0,0.0,0,0.0,0.9803921568627451,0.0,0.1498605886128618,1.0,Katashi,0.13059922362684664,0.9803921568627451,2.0,0
2012-01-18,0.36509348139782927,3.0,0.3278688524590164,0.0,0.0,0,0.0,0.9803921568627451,0.0,0.14536477095447595,1.0,Katashi,0.13059922362684664,0.9803921568627451,2.0,0
2012-01-19,0.3757028599340689,2.0,0.48780487804878053,0.0,0.0,0,0.0,0.6589521054329958,0.0,0.14100382782584167,0.060928761924592956,Utsuroi,0.13059922362684664,0.9803921568627451,2.0,0
2012-01-20,0.3844755344533314,3.0,0.3278688524590164,0.0,0.0,0,0.0,0.9803921568627451,0.0,0.13677371299106642,0.0280277456667265,Katashi,0.13059922362684664,0.9803921568627451,2.0,0
2012-01-23,0.3771507434671756,3.0,0.3278688524590164,0.0,0.0,0,0.0,0.9803921568627451,0.0,0.13267050160133442,1.0,Katashi,0.13059922362684664,0.9803921568627451,2.0,0
2012-01-24,0.3497165723064074,3.0,0.3278688524590164,0.0,0.0,0,0.0,0.9803921568627451,0.0,0.1286903865532944,1.0,Katashi,0.13059922362684664,0.9803921568627451,2.0,0
2012-01-25,0.3799090428342382,2.0,0.48780487804878053,0.0,0.0,0,0.0,0.6589521054329958,0.0,0.12482967495669557,0.060928761924592956,Utsuroi,0.13059922362684664,0.9803921568627451,2.0,0
2012-01-26,0.3756619333757612,3.0,0.3278688524590164,0.0,0.0,0,0.0,0.9803921568627451,0.0,0.1210847847079947,0.0280277456667265,Katashi,0.13059922362684664,0.9803921568627451,2.0,0
2012-01-27,0.36633333369282833,2.0,0.48780487804878053,0.0,0.0,0,0.0,0.6589521054329958,0.0,0.11745224116675486,0.060928761924592956,Utsuroi,0.13059922362684664,0.9803921568627451,2.0,0
2012-01-30,0.37452926367441264,3.0,0.3278688524590164,0.0,0.0,0,0.0,0.9803921568627451,0.0,0.11392867393175221,0.0280277456667265,Katashi,0.13059922362684664,0.9803921568627451,2.0,0
2012-01-31,0.339987437786286,2.0,0.48780487804878053,0.0,0.0,0,0.0,0.6589521054329958,0.0,0.11051081371379964,0.060928761924592956,Utsuroi,0.13059922362684664,0.9803921568627451,2.0,0
2012-02-01,0.3282599618366424,3.0,0.3278688524590164,0.0,0.0,0,0.0,0.9803921568627451,0.0,0.10719548930238565,0.0280277456667265,Katashi,0.13059922362684664,0.9803921568627451,2.0,0
2012-02-02,0.3275877322254087,3.0,0.3278688524590164,0.0,0.0,0,0.0,0.9803921568627451,0.0,0.10397962462331407,1.0,Katashi,0.13059922362684664,0.9803921568627451,2.0,0
2012-02-03,0.288307806540611,2.0,0.48780487804878053,0.0,0.0,0,0.0,0.6589521054329958,0.0,0.10086023588461465,0.060928761924592956,Utsuroi,0.13059922362684664,0.9803921568627451,2.0,0
2012-02-06,0.28008209227668074,3.0,0.3278688524590164,0.0,0.0,0,0.0,0.9803921568627451,0.0,0.0978344288080762,0.0280277456667265,Katashi,0.13059922362684664,0.9803921568627451,2.0,0
2012-02-07,0.2786660804929735,3.0,0.3278688524590164,0.0,0.0,0,0.0,0.9803921568627451,0.0,0.09489939594383391,1.0,Katashi,0.13059922362684664,0.9803921568627451,2.0,0
2012-02-08,0.2702517981784889,1.0,0.9523809523809523,0.0,0.0,0,0.0,0.33751205400260365,0.0,0.0920524140655189,0.4198959100388403,Utsuroi,0.13059922362684664,0.9803921568627451,2.0,0
2012-02-09,0.27147485758607953,3.0,0.3278688524590164,0.0,0.0,0,0.0,0.9803921568627451,0.0,0.08929084164355333,0.06668700610653622,Katashi,0.13059922362684664,0.9803921568627451,2.0,0
2012-02-10,0.2703676651890688,2.0,0.48780487804878053,0.0,0.0,0,0.0,0.6589521054329958,0.0,0.08661211639424674,0.060928761924592956,Utsuroi,0.13059922362684664,0.9803921568627451,2.0,0
2012-02-13,0.2871803832341683,3.0,0.3278688524590164,0.0,0.0,0,0.0,0.9803921568627451,0.0,0.08401375290241933,0.0280277456667265,Katashi,0.13059922362684664,0.9803921568627451,2.0,0
2012-02-14,0.288397543097528,2.0,0.48780487804878053,0.0,0.0,0,0.0,0.6589521054329958,0.0,0.08149334031534675,0.060928761924592956,Utsuroi,0.13059922362684664,0.9803921568627451,2.0,0
2012-02-15,0.2806752107256293,2.0,0.48780487804878053,0.0,0.0,0,0.0,0.6589521054329958,0.0,0.07904854010588634,1.0,Utsuroi,0.13059922362684664,0.9803921568627451,2.0,0
2012-02-16,0.2920629793236736,2.0,0.48780487804878053,0.0,0.0,0,0.0,0.6589521054329958,0.0,0.07667708390270975,1.0,Utsuroi,0.13059922362684664,0.9803921568627451,2.0,0
2012-02-17,0.2648552362949633,3.0,0.3278688524590164,0.0,0.0,0,0.0,0.9803921568627451,0.0,0.07437677138562845,0.0280277456667265,Katashi,0.13059922362684664,0.9803921568627451,2.0,0
2012-02-21,0.25241524728209297,3.0,0.3278688524590164,0.0,0.0,0,0.0,0.9803921568627451,0.0,0.0721454682440596,1.0,Katashi,0.13059922362684664,0.9803921568627451,2.0,0
2012-02-22,0.2475274853381798,2.0,0.48780487804878053,0.0,0.0,0,0.0,0.6589521054329958,0.0,0.06998110419673781,0.060928761924592956,Utsuroi,0.13059922362684664,0.9803921568627451,2.0,0
2012-02-23,0.2677960915652485,3.0,0.3278688524590164,0.0,0.0,0,0.0,0.9803921568627451,0.0,0.06788167107083568,0.0280277456667265,Katashi,0.13059922362684664,0.9803921568627451,2.0,0
2012-02-24,0.26778156148160914,2.0,0.48780487804878053,0.0,0.0,0,0.0,0.6589521054329958,0.0,0.0658452209387106,0.060928761924592956,Utsuroi,0.13059922362684664,0.9803921568627451,2.0,0
2012-02-27,0.23878075254968703,3.0,0.3278688524590164,0.0,0.0,0,0.0,0.9803921568627451,0.0,0.06386986431054928,0.0280277456667265,Katashi,0.13059922362684664,0.9803921568627451,2.0,0
2012-02-28,0.2352636315845172,3.0,0.3278688524590164,0.0,0.0,0,0.0,0.9803921568627451,0.0,0.0619537683812328,1.0,Katashi,0.13059922362684664,0.9803921568627451,2.0,0
2012-02-29,0.2979309326678937,3.0,0.3278688524590164,0.0,0.0,0,0.0,0.9803921568627451,0.0,0.06009515532979581,1.0,Katashi,0.13059922362684664,0.9803921568627451,2.0,0
2012-03-01,0.3076329595771329,3.0,0.3278688524590164,0.0,0.0,0,0.0,0.9803921568627451,0.0,0.05829230066990194,1.0,Katashi,0.13059922362684664,0.9803921568627451,2.0,0
2012-03-02,0.31620118046223245,2.5,0.3921568627450981,0.0,0.0,0,0.0,0.8196721311479507,0.0,0.05654353164980488,0.031219596057299404,Utsuroi,0.13059922362684664,0.9803921568627451,2.0,0
2012-03-05,0.32365025599120384,2.5,0.3921568627450981,0.0,0.0,0,0.0,0.8196721311479507,0.0,0.05484722570031073,1.0,Utsuroi,0.13059922362684664,0.9803921568627451,2.0,0
2012-03-06,0.3499389148990778,2.0,0.48780487804878053,0.0,0.0,0,0.0,0.6589521054329958,0.0,0.05320180892930141,0.070662299908412,Utsuroi,0.13059922362684664,0.9803921568627451,2.0,0
2012-03-07,0.3768055096713073,1.0,0.9523809523809523,0.0,0.0,0,0.0,0.33751205400260365,0.0,0.051605754661422365,0.5226484885807366,Utsuroi,0.13059922362684664,0.9803921568627451,2.0,0
2012-03-08,0.4028247548679244,2.0,0.48780487804878053,0.0,0.0,0,0.0,0.6589521054329958,0.0,0.05005758202157969,0.17582034608361274,Utsuroi,0.13059922362684664,0.9803921568627451,2.0,0
2012-03-09,0.4092326935989032,2.0,0.48780487804878053,0.0,0.0,0,0.0,0.6589521054329958,0.0,0.0485558545609323,1.0,Utsuroi,0.13059922362684664,0.9803921568627451,2.0,0
2012-03-12,0.4205126140960071,1.5,0.6451612903225806,0.0,0.0,0,0.0,0.49823207971788014,0.0,0.04709917892410433,0.19151358752117553,Utsuroi,0.13059922362684664,0.9803921568627451,2.0,0
2012-03-13,0.4156859021664141,1.0,0.9523809523809523,0.0,0.0,0,0.0,0.33751205400260365,0.0,0.0456862035563812,0.620620080423895,Utsuroi,0.13059922362684664,0.9803921568627451,2.0,0
2012-03-14,0.43104864299696133,1.0,0.9523809523809523,0.0,0.0,0,0.0,0.33751205400260365,0.0,0.04431561744968976,1.0,Nagare,0.13059922362684664,0.9803921568627451,2.0,0
2012-03-15,0.4131514604890769,1.0,0.9523809523809523,0.0,0.0,0,0.0,0.33751205400260365,0.0,0.042986148926199064,1.0,Nagare,0.13059922362684664,0.9803921568627451,2.0,0
2012-03-16,0.413211988615237,1.0,0.9523809523809523,0.0,0.0,0,0.0,0.33751205400260365,0.0,0.04169656445841309,1.0,Nagare,0.13059922362684664,0.9803921568627451,2.0,0
2012-03-19,0.40552188640118153,2.0,0.48780487804878053,0.0,0.0,0,0.0,0.6589521054329958,0.0,0.040445667524660694,0.17582034608361274,Nagare,0.13059922362684664,0.9803921568627451,2.0,0
2012-03-20,0.40128950494836313,1.0,0.9523809523809523,0.0,0.0,0,0.0,0.33751205400260365,0.0,0.03923229749892087,0.5226484885807366,Nagare,0.13059922362684664,0.9803921568627451,2.0,0
2012-03-21,0.3981462236359452,1.5,0.6451612903225806,0.0,0.0,0,0.0,0.49823207971788014,0.0,0.038055328573953245,0.3452303274761751,Nagare,0.13059922362684664,0.9803921568627451,2.0,0
2012-03-22,0.4230480742552534,2.0,0.48780487804878053,0.0,0.0,0,0.0,0.6589521054329958,0.0,0.03691366871673465,0.11432870380076787,Nagare,0.13059922362684664,0.9803921568627451,2.0,0
2012-03-23,0.44287439613526575,2.0,0.48780487804878053,0.0,0.0,0,0.0,0.6589521054329958,0.0,0.035806258655232605,1.0,Nagare,0.13059922362684664,0.9803921568627451,2.0,0
2012-03-26,0.45983123157036204,2.0,0.48780487804878053,0.0,0.0,0,0.0,0.6589521054329958,0.0,0.034732070895575624,1.0,Nagare,0.13059922362684664,0.9803921568627451,2.0,0
2012-03-27,0.4657020515716168,2.0,0.48780487804878053,0.0,0.0,0,0.0,0.6589521054329958,0.0,0.03369010876870836,1.0,Nagare,0.13059922362684664,0.9803921568627451,2.0,0
2012-03-28,0.4709470481209612,3.0,0.3278688524590164,0.0,0.0,0,0.0,0.9803921568627451,0.0,0.0326794055056471,0.0280277456667265,Katashi,0.13059922362684664,0.9803921568627451,2.0,0
2012-03-29,0.46799673756195503,3.0,0.3278688524590164,0.0,0.0,0,0.0,0.9803921568627451,0.0,0.03169902334047769,1.0,Katashi,0.13059922362684664,0.9803921568627451,2.0,0
2012-03-30,0.4327122153209111,3.0,0.3278688524590164,0.0,0.0,0,0.0,0.9803921568627451,0.0,0.030748052640263358,1.0,Katashi,0.13059922362684664,0.9803921568627451,2.0,0
2012-04-02,0.44794058598406433,2.0,0.48780487804878053,0.0,0.0,0,0.0,0.6589521054329958,0.0,0.029825611061055458,0.060928761924592956,Nagare,0.13059922362684664,0.9803921568627451,2.0,0
2012-04-03,0.467907334211682,2.0,0.48780487804878053,0.0,0.0,0,0.0,0.6589521054329958,0.0,0.028930842729223794,1.0,Nagare,0.13059922362684664,0.9803921568627451,2.0,0
2012-04-04,0.46293054771315645,2.0,0.48780487804878053,0.0,0.0,0,0.0,0.6589521054329958,0.0,0.02806291744734708,1.0,Nagare,0.13059922362684664,0.9803921568627451,2.0,0
2012-04-05,0.4492518351214004,2.0,0.48780487804878053,0.0,0.0,0,0.0,0.6589521054329958,0.0,0.027221029923926665,1.0,Nagare,0.13059922362684664,0.9803921568627451,2.0,0
2012-04-09,0.4279142355229311,2.0,0.48780487804878053,0.0,0.0,0,0.0,0.6589521054329958,0.0,0.026404399026208863,1.0,Nagare,0.13059922362684664,0.9803921568627451,2.0,0
2012-04-10,0.3939111613024656,2.5,0.3921568627450981,0.0,0.0,0,0.0,0.8196721311479507,0.0,0.025612267055422598,0.04625930894735131,Nagare,0.13059922362684664,0.9803921568627451,2.0,0
2012-04-11,0.3877721312503921,2.5,0.3921568627450981,0.0,0.0,0,0.0,0.8196721311479507,0.0,0.02484389904375992,1.0,Nagare,0.13059922362684664,0.9803921568627451,2.0,0
2012-04-12,0.4091991341991343,2.5,0.3921568627450981,0.0,0.0,0,0.0,0.8196721311479507,0.0,0.02409858207244712,1.0,Nagare,0.13059922362684664,0.9803921568627451,2.0,0
2012-04-13,0.4361393437480394,2.0,0.48780487804878053,0.0,0.0,0,0.0,0.6589521054329958,0.0,0.023375624610273708,0.070662299908412,Nagare,0.13059922362684664,0.9803921568627451,2.0,0
2012-04-16,0.43363604994039784,2.0,0.48780487804878053,0.0,0.0,0,0.0,0.6589521054329958,0.0,0.022674355871965497,1.0,Nagare,0.13059922362684664,0.9803921568627451,2.0,0
2012-04-17,0.43488769684421863,2.0,0.48780487804878053,0.0,0.0,0,0.0,0.6589521054329958,0.0,0.02199412519580653,1.0,Nagare,0.13059922362684664,0.9803921568627451,2.0,0
2012-04-18,0.4440068385720559,2.0,0.48780487804878053,0.0,0.0,0,0.0,0.6589521054329958,0.0,0.021334301439932334,1.0,Nagare,0.13059922362684664,0.9803921568627451,2.0,0
2012-04-19,0.431728778467909,1.0,0.9523809523809523,0.0,0.0,0,0.0,0.33751205400260365,0.0,0.020694272396734364,0.5226484885807366,Nagare,0.13059922362684664,0.9803921568627451,2.0,0
2012-04-20,0.4263645774515339,1.0,0.9523809523809523,0.0,0.0,0,0.0,0.33751205400260365,0.0,0.020073444224832333,1.0,Nagare,0.13059922362684664,0.9803921568627451,2.0,0
2012-04-23,0.4251129305477132,2.0,0.48780487804878053,0.0,0.0,0,0.0,0.6589521054329958,0.0,0.019471240898087362,0.17582034608361274,Nagare,0.13059922362684664,0.9803921568627451,2.0,0
2012-04-24,0.4235036702428007,2.0,0.48780487804878053,0.0,0.0,0,0.0,0.6589521054329958,0.0,0.01888710367114474,1.0,Nagare,0.13059922362684664,0.9803921568627451,2.0,0
2012-04-25,0.41179183135704883,2.0,0.48780487804878053,0.0,0.0,0,0.0,0.6589521054329958,0.0,0.018320490561010396,1.0,Nagare,0.13059922362684664,0.9803921568627451,2.0,0
2012-04-26,0.4048800555283215,3.0,0.3278688524590164,0.0,0.0,0,0.0,0.9803921568627451,0.0,0.017770875844180085,0.0280277456667265,Katashi,0.13059922362684664,0.9803921568627451,2.0,0
2012-04-27,0.41340304024571234,3.0,0.3278688524590164,0.0,0.0,0,0.0,0.9803921568627451,0.0,0.017237749568854682,1.0,Katashi,0.13059922362684664,0.9803921568627451,2.0,0
2012-04-30,0.39906780244426115,3.0,0.3278688524590164,0.0,0.0,0,0.0,0.9803921568627451,0.0,0.01672061708178904,1.0,Katashi,0.13059922362684664,0.9803921568627451,2.0,0
2012-05-01,0.3994698776301222,3.0,0.3278688524590164,0.0,0.0,0,0.0,0.9803921568627451,0.0,0.01621899856933537,1.0,Katashi,0.13059922362684664,0.9803921568627451,2.0,0
2012-05-02,0.39345086009684194,2.0,0.48780487804878053,0.0,0.0,0,0.0,0.6589521054329958,0.0,0.01573242861225531,0.060928761924592956,Nagare,0.13059922362684664,0.9803921568627451,2.0,0
2012-05-03,0.39628272373734513,2.0,0.48780487804878053,0.0,0.0,0,0.0,0.6589521054329958,0.0,0.01526045575388765,1.0,Nagare,0.13059922362684664,0.9803921568627451,2.0,0
2012-05-04,0.37062328883254947,2.0,0.48780487804878053,0.0,0.0,0,0.0,0.6589521054329958,0.0,0.014802642081271019,1.0,Nagare,0.13059922362684664,0.9803921568627451,2.0,0
2012-05-07,0.3584930306517524,2.0,0.48780487804878053,0.0,0.0,0,0.0,0.6589521054329958,0.0,0.014358562818832889,1.0,Nagare,0.13059922362684664,0.9803921568627451,2.0,0
2012-05-08,0.35835842901060305,2.0,0.48780487804878053,0.0,0.0,0,0.0,0.6589521054329958,0.0,0.013927805934267902,1.0,Nagare,0.13059922362684664,0.9803921568627451,2.0,0
2012-05-09,0.37144111926720624,1.5,0.6451612903225806,0.0,0.0,0,0.0,0.49823207971788014,0.0,0.013509971756239865,0.19151358752117553,Nagare,0.13059922362684664,0.9803921568627451,2.0,0
2012-05-10,0.38619267206223723,1.5,0.6451612903225806,0.0,0.0,0,0.0,0.49823207971788014,0.0,0.01310467260355267,1.0,Nagare,0.13059922362684664,0.9803921568627451,2.0,0
2012-05-11,0.37686492251709647,3.0,0.3278688524590164,0.0,0.0,0,0.0,0.9803921568627451,0.0,0.01271153242544609,0.03952800640149601,Katashi,0.13059922362684664,0.9803921568627451,2.0,0
2012-05-14,0.3646762657632223,3.0,0.3278688524590164,0.0,0.0,0,0.0,0.9803921568627451,0.0,0.012330186452682705,1.0,Katashi,0.13059922362684664,0.9803921568627451,2.0,0
2012-05-15,0.34771943032812597,2.0,0.48780487804878053,0.0,0.0,0,0.0,0.6589521054329958,0.0,0.011960280859102224,0.060928761924592956,Nagare,0.13059922362684664,0.9803921568627451,2.0,0
2012-05-16,0.3539478637304725,3.0,0.3278688524590164,0.0,0.0,0,0.0,0.9803921568627451,0.0,0.011601472433329157,0.0280277456667265,Katashi,0.13059922362684664,0.9803921568627451,2.0,0
2012-05-17,0.32077922077922083,3.0,0.3278688524590164,0.0,0.0,0,0.0,0.9803921568627451,0.0,0.011253428260329282,1.0,Katashi,0.13059922362684664,0.9803921568627451,2.0,0
2012-05-18,0.31529581529581524,2.0,0.48780487804878053,0.0,0.0,0,0.0,0.6589521054329958,0.0,0.010915825412519403,0.060928761924592956,Nagare,0.13059922362684664,0.9803921568627451,2.0,0
2012-05-21,0.33737844281322554,3.0,0.3278688524590164,0.0,0.0,0,0.0,0.9803921568627451,0.0,0.01058835065014382,0.0280277456667265,Katashi,0.13059922362684664,0.9803921568627451,2.0,0
2012-05-22,0.3400009410878976,3.0,0.3278688524590164,0.0,0.0,0,0.0,0.9803921568627451,0.0,0.010270700130639505,1.0,Katashi,0.13059922362684664,0.9803921568627451,2.0,0
2012-05-23,0.34444130748478574,2.0,0.48780487804878053,0.0,0.0,0,0.0,0.6589521054329958,0.0,0.00996257912672032,0.060928761924592956,Nagare,0.13059922362684664,0.9803921568627451,2.0,0
2012-05-24,0.34405389296693645,2.0,0.48780487804878053,0.0,0.0,0,0.0,0.6589521054329958,0.0,0.009663701752918709,1.0,Nagare,0.13059922362684664,0.9803921568627451,2.0,0
2012-05-25,0.33207384403036566,2.0,0.48780487804878053,5.5018212206755736e-11,0.9999999999439818,1,3.082020669623167e-21,0.6589521054329958,0.5,0.009373790700331147,0.5211359815832705,Nagare,0.13059922362684664,0.9803921568627451,2.0,0
2012-05-29,0.29258736432649474,2.0,0.48780487804878053,3.802269610199655e-11,0.9999999999609773,1,1.4837472738682698e-21,0.6589521054329958,0.5,0.009092576979321212,1.0,Nagare,0.13059922362684664,0.9803921568627451,2.0,0
2012-05-30,0.27265041721563466,2.0,0.48780487804878053,3.171052309571662e-11,0.9999999999672895,1,1.0372670966253258e-21,0.6589521054329958,0.5,0.008819799669941576,1.0,Nagare,0.13059922362684664,0.9803921568627451,2.0,0
2012-05-31,0.27574973335842906,2.0,0.48780487804878053,1.5027812326728222e-10,0.9999999998487219,1,2.2733789133312655e-20,0.6589521054329958,0.5,0.008555205679843329,1.0,Nagare,0.13059922362684664,0.9803921568627451,2.0,0
2012-06-01,0.2617730095990966,1.5,0.6451612903225806,1.7333912083305004e-11,0.9999999999816661,1,3.1779803674200506e-22,0.49823207971788014,0.5,0.00829854950944803,0.33498144246792283,Nagare,0.13059922362684664,0.9803921568627451,2.0,0
2012-06-04,0.263710082188343,3.0,0.3278688524590164,0.0,0.0,0,0.0,0.9803921568627451,0.0,0.008049593024164588,0.23120663078314596,Katashi,0.13059922362684664,0.9803921568627451,2.0,0
2012-06-05,0.2614153961980049,3.0,0.3278688524590164,0.0,0.0,0,0.0,0.9803921568627451,0.0,0.00780810523343965,1.0,Katashi,0.13059922362684664,0.9803921568627451,2.0,0
2012-06-06,0.2810543321412887,3.0,0.3278688524590164,0.0,0.0,0,0.0,0.9803921568627451,0.0,0.00757386207643646,1.0,Katashi,0.13059922362684664,0.9803921568627451,2.0,0
2012-06-07,0.27527291549030686,3.0,0.3278688524590164,0.0,0.0,0,0.0,0.9803921568627451,0.0,0.007346646214143366,1.0,Katashi,0.13059922362684664,0.9803921568627451,2.0,0
2012-06-08,0.291335717422674,2.0,0.48780487804878053,0.0,0.0,0,0.0,0.6589521054329958,0.0,0.007126246827719065,0.060928761924592956,Nagare,0.13059922362684664,0.9803921568627451,2.0,0
2012-06-11,0.2834086203651421,2.0,0.48780487804878053,0.0,0.0,0,0.0,0.6589521054329958,0.0,0.006912459422887493,1.0,Nagare,0.13059922362684664,0.9803921568627451,2.0,0
2012-06-12,0.3047760210803689,3.0,0.3278688524590164,0.0,0.0,0,0.0,0.9803921568627451,0.0,0.006705085640200868,0.0280277456667265,Katashi,0.13059922362684664,0.9803921568627451,2.0,0
2012-06-13,0.2965509128552607,3.0,0.3278688524590164,0.0,0.0,0,0.0,0.9803921568627451,0.0,0.006503933070994842,1.0,Katashi,0.13059922362684664,0.9803921568627451,2.0,0
2012-06-14,0.29148472300646217,2.0,0.48780487804878053,0.0,0.0,0,0.0,0.6589521054329958,0.0,0.006308815078864997,0.060928761924592956,Nagare,0.13059922362684664,0.9803921568627451,2.0,0
2012-06-15,0.3072793148880106,2.0,0.48780487804878053,0.0,0.0,0,0.0,0.6589521054329958,0.0,0.006119550626499047,1.0,Nagare,0.13059922362684664,0.9803921568627451,2.0,0
2012-06-18,0.2936006022962545,2.0,0.48780487804878053,0.0,0.0,0,0.0,0.6589521054329958,0.0,0.005935964107704075,1.0,Nagare,0.13059922362684664,0.9803921568627451,2.0,0
2012-06-19,0.30483562331388414,3.0,0.3278688524590164,0.0,0.0,0,0.0,0.9803921568627451,0.0,0.0057578851844729525,0.0280277456667265,Katashi,0.13059922362684664,0.9803921568627451,2.0,0
2012-06-20,0.3166964677834244,3.0,0.3278688524590164,0.0,0.0,0,0.0,0.9803921568627451,0.0,0.005585148628938764,1.0,Katashi,0.13059922362684664,0.9803921568627451,2.0,0
2012-06-21,0.3402691511387164,3.0,0.3278688524590164,0.0,0.0,0,0.0,0.9803921568627451,0.0,0.0054175941700706,1.0,Katashi,0.13059922362684664,0.9803921568627451,2.0,0
2012-06-22,0.3298387602735429,3.0,0.3278688524590164,0.47450938579890956,0.8179356364315584,2,0.08639124933273058,0.9803921568627451,1.0,0.005255066344968482,0.3378144654918106,Katashi,0.13059922362684664,0.9803921568627451,2.0,0
2012-06-25,0.3186335403726709,3.0,0.3278688524590164,0.6817886385899092,0.5752179197609611,2,0.28961159618356386,0.9803921568627451,1.0,0.005097414354619427,0.21385003961288862,Katashi,0.13059922362684664,0.9803921568627451,2.0,0
2012-06-26,0.326620239663718,2.0,0.48780487804878053,7.501510523577407e-11,0.9999999999239849,1,5.702279459523562e-21,0.6589521054329958,0.5,0.004944491923980845,0.7291969555434917,Nagare,0.13059922362684664,0.9803921568627451,2.0,0
2012-06-27,0.3297493569232699,1.0,0.9523809523809523,0.0,0.0,0,0.0,0.33751205400260365,0.0,0.004796157166261419,0.6717829298074462,Nagare,0.13059922362684664,0.9803921568627451,2.0,0
2012-06-28,0.3445605119518163,3.0,0.3278688524590164,0.0,0.0,0,0.0,0.9803921568627451,0.0,0.0046522724512735765,0.06668700610653622,Katashi,0.13059922362684664,0.9803921568627451,2.0,0
2012-06-29,0.37921921074094983,2.0,0.48780487804878053,2.485320837708007e-10,0.9999999997504679,1,6.201672325700737e-20,0.6589521054329958,0.5,0.004512704277735369,0.8129490225504685,Nagare,0.13059922362684664,0.9803921568627451,2.0,0
