date,mean_corr,curv,eta,entropy,dominance,h1_count,v_raw,Oh,Xi,phi,DEF,regime,phi_c,Oh_pre,Xi_c,sps
2021-02-04,0.3945517215703551,0.0,20.0,0.0,0.0,0,0.0,0.021266641146745865,0.0,1e-06,1.0,Nagare,0.6117752393196407,0.8719322870148366,3.0,0
2021-02-05,0.3901660451349892,1.0,0.9523809523809523,0.6901264896714464,0.5388435853670536,2,0.31825625762010534,0.44659946408121665,0.6666666666666666,1e-06,0.21999601770220467,Utsuroi,0.6117752393196407,0.8719322870148366,3.0,0
2021-02-08,0.37588901781448375,0.0,20.0,3.8764658149324316e-11,0.9999999999602354,1,1.5414625220730106e-21,0.021266641146745865,0.3333333333333333,1e-06,0.5017890752073878,Nagare,0.6117752393196407,0.8719322870148366,3.0,0
2021-02-09,0.36283809358343516,1.0,0.9523809523809523,4.0979664105663434e-11,0.9999999999580204,1,1.720311627814092e-21,0.44659946408121665,0.3333333333333333,1e-06,0.5323600337317096,Utsuroi,0.6117752393196407,0.8719322870148366,3.0,0
2021-02-10,0.3645004064258722,1.0,0.9523809523809523,1.581357267341003e-11,0.9999999999831864,1,2.65882303549429e-22,0.44659946408121665,0.3333333333333333,1e-06,1.0,Utsuroi,0.6117752393196407,0.8719322870148366,3.0,0
2021-02-11,0.3641467228423751,0.0,20.0,0.6573470590918318,0.6329865055194855,2,0.24125524124378242,0.021266641146745865,0.6666666666666666,1e-06,0.17994207219918312,Nagare,0.6117752393196407,0.8719322870148366,3.0,0
2021-02-12,0.36109325457151553,0.0,20.0,0.9108429865957379,0.6127387450830171,3,0.35273419802139816,0.021266641146745865,1.0,1e-06,0.1794520411914493,Nagare,0.6117752393196407,0.8719322870148366,3.0,0
2021-02-16,0.362189673680357,0.0,20.0,1.0918027816621203,0.36599457126622625,3,0.6922088906804194,0.021266641146745865,1.0,1e-06,0.2804746185081284,Nagare,0.6117752393196407,0.8719322870148366,3.0,0
2021-02-17,0.34399854803581514,-0.5,1.8181818181818181,0.6902261713814672,0.5381979316900318,2,0.3187478735456321,0.23393305261408756,0.6666666666666666,1e-06,0.4225236889636885,Nagare,0.6117752393196407,0.8719322870148366,3.0,0
2021-02-18,0.3468633850621428,-0.5,1.8181818181818181,0.9282017158378588,0.6109707588167799,3,0.3610976091773651,0.23393305261408756,1.0,1e-06,0.10041170997738957,Nagare,0.6117752393196407,0.8719322870148366,3.0,0
2021-02-19,0.31228492004889524,0.0,20.0,1.0415374036439233,0.4874623458499968,3,0.5338271375731415,0.021266641146745865,1.0,1e-06,0.3319556626606265,Nagare,0.6117752393196407,0.8719322870148366,3.0,0
2021-02-22,0.31888701360751054,-1.0,0.9523809523809523,0.6532233168318096,0.6403382720360875,2,0.23493942687804692,0.44659946408121665,0.6666666666666666,1e-06,0.8629467274609188,Utsuroi,0.6117752393196407,0.8719322870148366,3.0,0
2021-02-23,0.30611903624325987,-1.0,0.9523809523809523,1.0054418573684172,0.43869187864670567,3,0.5643626800894331,0.44659946408121665,1.0,1e-06,0.105953127733591,Utsuroi,0.6117752393196407,0.8719322870148366,3.0,0
2021-02-24,0.3145838633416274,0.0,20.0,0.6787250119326116,0.5847133435843948,2,0.281865440831136,0.021266641146745865,0.6666666666666666,1e-06,0.9054811852900211,Nagare,0.6117752393196407,0.8719322870148366,3.0,0
2021-02-25,0.38290374222051254,0.0,20.0,0.6605040138165277,0.6270558890322114,2,0.24633108222346084,0.021266641146745865,0.6666666666666666,1e-06,0.5908819553459765,Nagare,0.6117752393196407,0.8719322870148366,3.0,0
2021-02-26,0.38668815656393296,0.0,20.0,1.025568901915457,0.4266531815078215,3,0.5880066670577444,0.021266641146745865,1.0,1e-06,0.1532213331231389,Nagare,0.6117752393196407,0.8719322870148366,3.0,0
2021-03-01,0.38758415497545934,-0.5,1.8181818181818181,1.3220420049374353,0.39033391008319557,4,0.8060041798559789,0.23393305261408756,1.3333333333333333,1e-06,0.4401732943812726,Nagare,0.6117752393196407,0.8719322870148366,3.0,0
2021-03-02,0.4245794578092714,1.0,0.9523809523809523,0.6047087434525218,0.7071217500506833,2,0.17710603851142487,0.44659946408121665,0.6666666666666666,1e-06,0.4996065014363157,Utsuroi,0.6117752393196407,0.8719322870148366,3.0,0
2021-03-03,0.4562459279850586,0.0,20.0,0.9913852215113679,0.5392586144938378,3,0.45677220052948114,0.021266641146745865,1.0,1e-06,0.207411715708673,Nagare,0.6117752393196407,0.8719322870148366,3.0,0
2021-03-04,0.4197811505264923,1.0,0.9523809523809523,0.7443002586085661,0.6867371199640658,3,0.23316164262321,0.44659946408121665,1.0,1e-06,0.9091293452542766,Utsuroi,0.6117752393196407,0.8719322870148366,3.0,0
2021-03-05,0.43126407753736956,1.0,0.9523809523809523,1.029505490524316,0.5202114731432513,4,0.49394492268959594,0.44659946408121665,1.3333333333333333,1e-06,0.1245793486153487,Utsuroi,0.6117752393196407,0.8719322870148366,3.0,0
2021-03-08,0.4804850429074033,1.0,0.9523809523809523,0.6873865189818837,0.5536171209197754,2,0.3068375733840667,0.44659946408121665,0.6666666666666666,1e-06,0.19636059225099478,Utsuroi,0.6117752393196407,0.8719322870148366,3.0,0
2021-03-09,0.5486870272584559,0.0,20.0,0.6891798599498429,0.5445088265769941,2,0.3139153431080568,0.021266641146745865,0.6666666666666666,1e-06,0.45487575241446443,Nagare,0.6117752393196407,0.8719322870148366,3.0,0
2021-03-10,0.5488285006918547,1.0,0.9523809523809523,0.09246878753067722,0.9814177980871494,2,0.0017182736805315304,0.44659946408121665,0.6666666666666666,1e-06,0.6950065377097154,Utsuroi,0.6117752393196407,0.8719322870148366,3.0,0
2021-03-11,0.5700023578905568,0.5,1.8181818181818181,0.528595691297355,0.7786624157550843,2,0.11699809335402774,0.23393305261408756,0.6666666666666666,1e-06,0.86524118415685,Nagare,0.6117752393196407,0.8719322870148366,3.0,0
2021-03-12,0.5705328832658026,1.0,0.9523809523809523,0.09154414166320121,0.9816505187331663,2,0.001679787512537278,0.44659946408121665,0.6666666666666666,1e-06,0.47508305703663944,Utsuroi,0.6117752393196407,0.8719322870148366,3.0,0
2021-03-15,0.5861774871091641,2.0,0.48780487804878053,1.7897905379804082e-11,0.9999999999811021,1,3.3823252643495745e-22,0.8719322870148366,0.3333333333333333,1e-06,0.2977940019336317,Katashi,0.6117752393196407,0.8719322870148366,3.0,0
2021-03-16,0.5895964284163043,1.0,0.9523809523809523,0.6930372419372748,0.5074139939012889,2,0.3413804470835483,0.44659946408121665,0.6666666666666666,1e-06,0.7063363070546661,Utsuroi,0.6117752393196407,0.8719322870148366,3.0,0
2021-03-17,0.5973185199893274,2.5,0.3921568627450981,0.6792498049621438,0.5831651257754342,2,0.28313500701845606,1.0845986984813276,0.6666666666666666,0.13266738146649104,0.18578387877363955,Katashi,0.6117752393196407,0.8719322870148366,3.0,0
2021-03-18,0.6353984524791978,2.0,0.48780487804878053,0.8114331167989792,0.680166108838456,3,0.25952381116315715,0.8719322870148366,1.0,0.1286873600224963,0.9467834641110516,Katashi,0.6117752393196407,0.8719322870148366,3.0,0
2021-03-19,0.6478834829766507,2.0,0.48780487804878053,0.4244089092464547,0.8490178737011076,2,0.06407815953822339,0.8719322870148366,0.6666666666666666,0.12482673922182141,0.6128329617370487,Katashi,0.6117752393196407,0.8719322870148366,3.0,0
2021-03-22,0.6463036963036964,1.0,0.9523809523809523,1.5594636692957606e-11,0.9999999999834054,1,2.587869853002485e-22,0.44659946408121665,0.3333333333333333,0.12108193704516677,0.020949562719430714,Utsuroi,0.6117752393196407,0.8719322870148366,3.0,0
2021-03-23,0.6535306308598235,0.5,1.8181818181818181,6.952038944270184e-11,0.9999999999294796,1,4.902603399969865e-21,0.23393305261408756,0.3333333333333333,0.11744947893381177,0.3416870839548959,Nagare,0.6117752393196407,0.8719322870148366,3.0,0
2021-03-24,0.6532005261818926,1.0,0.9523809523809523,3.145661508999312e-11,0.9999999999675434,1,1.0209745521520938e-21,0.44659946408121665,0.3333333333333333,0.11392599456579741,0.1371356787486535,Utsuroi,0.6117752393196407,0.8719322870148366,3.0,0
2021-03-25,0.6569142038086138,0.0,20.0,7.350775543535396e-11,0.9999999999254923,1,5.476896238665169e-21,0.021266641146745865,0.3333333333333333,0.11050821472882348,0.2657116602239007,Nagare,0.6117752393196407,0.8719322870148366,3.0,0
2021-03-26,0.6565251518667669,1.0,0.9523809523809523,0.5882891302060909,0.7248758082490743,2,0.16185257146380586,0.44659946408121665,0.6666666666666666,0.10719296828695878,0.3843353434115947,Utsuroi,0.6117752393196407,0.8719322870148366,3.0,0
2021-03-29,0.6057715576349119,0.0,20.0,5.256051149727768e-11,0.9999999999464395,1,2.815166717699177e-21,0.021266641146745865,0.3333333333333333,0.10397717923835001,0.445119841652831,Nagare,0.6117752393196407,0.8719322870148366,3.0,0
2021-03-30,0.618963955299359,0.0,20.0,0.9520550195643462,0.576065355159856,3,0.40360910658728744,0.021266641146745865,1.0,0.1008578638611995,0.1835626056475126,Nagare,0.6117752393196407,0.8719322870148366,3.0,0
2021-03-31,0.6325336154528701,0.0,20.0,0.0,0.0,0,0.0,0.021266641146745865,0.0,0.09783212794536351,1.0,Nagare,0.6117752393196407,0.8719322870148366,3.0,0
2021-04-01,0.6440165424637476,2.0,0.48780487804878053,0.3936805549792921,0.8661285010664505,2,0.0527026059960695,0.8719322870148366,0.6666666666666666,0.09489716410700261,0.1551297169945981,Katashi,0.6117752393196407,0.8719322870148366,3.0,0
2021-04-05,0.6031896674753818,1.0,0.9523809523809523,7.093559073209074e-11,0.9999999999280644,1,5.102792054208983e-21,0.44659946408121665,0.3333333333333333,0.09205024918379252,0.01555765359692074,Utsuroi,0.6117752393196407,0.8719322870148366,3.0,0
2021-04-06,0.5873918007458381,1.0,0.9523809523809523,0.0,0.0,0,0.0,0.44659946408121665,0.0,0.08928874170827875,1.0,Utsuroi,0.6117752393196407,0.8719322870148366,3.0,0
2021-04-07,0.5921075818591347,2.0,0.48780487804878053,0.0,0.0,0,0.0,0.8719322870148366,0.0,0.08661007945703038,0.0012957736456781221,Katashi,0.6117752393196407,0.8719322870148366,3.0,0
2021-04-08,0.5459518742127438,1.0,0.9523809523809523,0.6421877354949974,0.6582525768561402,2,0.21946600378000597,0.44659946408121665,0.6666666666666666,0.08401177707331947,0.7235371532645193,Utsuroi,0.6117752393196407,0.8719322870148366,3.0,0
2021-04-09,0.48083872649090037,0.0,20.0,0.6918884798166264,0.5250815923549268,2,0.3285905751024826,0.021266641146745865,0.6666666666666666,0.08149142376111988,0.37190815218825757,Nagare,0.6117752393196407,0.8719322870148366,3.0,0
2021-04-12,0.46854232723797945,0.0,20.0,5.0736637112519506e-11,0.9999999999482634,1,2.6249418602862024e-21,0.021266641146745865,0.3333333333333333,0.07904668104828629,0.8315754073245331,Nagare,0.6117752393196407,0.8719322870148366,3.0,0
2021-04-13,0.45480761474550296,0.0,20.0,7.317202399273226e-11,0.999999999925828,1,5.427315500695923e-21,0.021266641146745865,0.3333333333333333,0.07667528061683769,1.0,Nagare,0.6117752393196407,0.8719322870148366,3.0,0
2021-04-14,0.46194023367936426,0.0,20.0,0.5572828752969465,0.7545483536013031,2,0.1367859992514352,0.021266641146745865,0.6666666666666666,0.07437502219833256,0.3806594429271217,Nagare,0.6117752393196407,0.8719322870148366,3.0,0
2021-04-15,0.46908464206600853,1.0,0.9523809523809523,2.0454316016601932e-10,0.9999999997944569,1,4.2042443010341975e-20,0.44659946408121665,0.3333333333333333,0.07214377153238258,0.7173839824470856,Utsuroi,0.6117752393196407,0.8719322870148366,3.0,0
2021-04-16,0.48232419754158895,1.0,0.9523809523809523,6.149591946584983e-11,0.9999999999375041,1,3.843242670140681e-21,0.44659946408121665,0.3333333333333333,0.06997945838641109,1.0,Utsuroi,0.6117752393196407,0.8719322870148366,3.0,0
2021-04-19,0.5094988862069607,0.0,20.0,4.061000423997842e-10,0.9999999995929,1,1.6532333552952617e-19,0.021266641146745865,0.3333333333333333,0.06788007463481875,0.2657116602239007,Nagare,0.6117752393196407,0.8719322870148366,3.0,0
2021-04-20,0.44898362507058154,0.5,1.8181818181818181,7.389555633782655e-11,0.9999999999251045,1,5.534447168325124e-21,0.23393305261408756,0.3333333333333333,0.06584367239577418,0.9106399186686659,Nagare,0.6117752393196407,0.8719322870148366,3.0,0
2021-04-21,0.45985350053673046,1.0,0.9523809523809523,0.0,0.0,0,0.0,0.44659946408121665,0.0,0.06386836222390095,0.3505848065705256,Utsuroi,0.6117752393196407,0.8719322870148366,3.0,0
2021-04-22,0.4661844366813312,0.0,20.0,4.0375702780292514e-11,0.9999999999586243,1,1.670572184637357e-21,0.021266641146745865,0.3333333333333333,0.061952311357183924,0.1872948223795069,Nagare,0.6117752393196407,0.8719322870148366,3.0,0
2021-04-23,0.4762644188110027,0.0,20.0,7.710854177084595e-11,0.9999999999218915,1,6.02283405025874e-21,0.021266641146745865,0.3333333333333333,0.0600937420164684,1.0,Nagare,0.6117752393196407,0.8719322870148366,3.0,0
2021-04-26,0.4584151872971749,0.0,20.0,1.7550516595405378e-11,0.9999999999814495,1,3.255707611163998e-22,0.021266641146745865,0.3333333333333333,0.05829092975597435,1.0,Nagare,0.6117752393196407,0.8719322870148366,3.0,0
2021-04-27,0.47687747035573125,1.0,0.9523809523809523,0.6929998262884587,0.5085833278979156,2,0.34055166840199697,0.44659946408121665,0.6666666666666666,0.056542201863295116,0.2905480832325976,Utsuroi,0.6117752393196407,0.8719322870148366,3.0,0
2021-04-28,0.4814164096772792,1.0,0.9523809523809523,1.0964862345392322e-09,0.9999999989025138,1,1.2033785251727466e-18,0.44659946408121665,0.3333333333333333,0.05484593580739626,0.7868370274770731,Utsuroi,0.6117752393196407,0.8719322870148366,3.0,0
2021-04-29,0.4772193644864452,2.0,0.48780487804878053,9.69820890213988e-11,0.9999999999020179,1,9.502505535030779e-21,0.8719322870148366,0.3333333333333333,0.05320055773317437,0.0379669253130952,Katashi,0.6117752393196407,0.8719322870148366,3.0,0
2021-04-30,0.48079156867976747,2.0,0.48780487804878053,1.2964385120141508e-10,0.9999999998693562,1,1.693716913869738e-20,0.8719322870148366,0.3333333333333333,0.05160454100117914,1.0,Katashi,0.6117752393196407,0.8719322870148366,3.0,0
2021-05-03,0.4628480215436738,1.0,0.9523809523809523,6.999956170230112e-12,0.9999999999920001,1,5.599918770452196e-23,0.44659946408121665,0.3333333333333333,0.05005640477114376,0.12556445936359972,Utsuroi,0.6117752393196407,0.8719322870148366,3.0,0
2021-05-04,0.43811374960443294,0.0,20.0,8.116396443783616e-12,0.9999999999908836,1,7.399210812812962e-23,0.021266641146745865,0.3333333333333333,0.04855471262800944,0.2657116602239007,Nagare,0.6117752393196407,0.8719322870148366,3.0,0
2021-05-05,0.42927166001700173,0.0,20.0,6.813771769001946e-12,0.9999999999921863,1,5.32411067569024e-23,0.021266641146745865,0.3333333333333333,0.047098071249169156,1.0,Nagare,0.6117752393196407,0.8719322870148366,3.0,0
2021-05-06,0.44140300693095735,0.0,20.0,9.283795954165643e-12,0.9999999999897162,1,9.54724578996985e-23,0.021266641146745865,0.3333333333333333,0.04568512911169408,1.0,Nagare,0.6117752393196407,0.8719322870148366,3.0,0
2021-05-07,0.4546543518593208,0.5,1.8181818181818181,1.0684259452496367,0.4037390118403209,3,0.6370607098899876,0.23393305261408756,1.0,0.04431457523834326,0.15460032279926317,Nagare,0.6117752393196407,0.8719322870148366,3.0,0
2021-05-10,0.4803907272851372,1.0,0.9523809523809523,0.6305088433508252,0.6750987331295348,2,0.2048531219777148,0.44659946408121665,0.6666666666666666,0.04298513798119296,0.5936006035647234,Utsuroi,0.6117752393196407,0.8719322870148366,3.0,0
2021-05-11,0.48443450958978906,0.0,20.0,0.18266629657290945,0.9552795141371663,2,0.008168925533504989,0.021266641146745865,0.6666666666666666,0.04169558384175717,0.4274607477890561,Nagare,0.6117752393196407,0.8719322870148366,3.0,0
2021-05-12,0.5556428044005685,1.0,0.9523809523809523,0.5841075925054187,0.7291447946983871,2,0.158208581886286,0.44659946408121665,0.6666666666666666,0.040444716326504454,0.5811227114220134,Utsuroi,0.6117752393196407,0.8719322870148366,3.0,0
2021-05-13,0.5337262116765223,1.0,0.9523809523809523,0.0,0.0,0,0.0,0.44659946408121665,0.0,0.03923137483670932,1.0,Utsuroi,0.6117752393196407,0.8719322870148366,3.0,0
2021-05-14,0.557965326598867,1.0,0.9523809523809523,0.0,0.0,0,0.0,0.44659946408121665,0.0,0.03805443359160804,1.0,Utsuroi,0.6117752393196407,0.8719322870148366,3.0,0
2021-05-17,0.5292108512605408,1.0,0.9523809523809523,0.4320688563163035,0.8445372769729093,2,0.06717060093813336,0.44659946408121665,0.6666666666666666,0.036912800583859796,0.25788644686629303,Utsuroi,0.6117752393196407,0.8719322870148366,3.0,0
2021-05-18,0.52760748568202,0.5,1.8181818181818181,0.23410841794863607,0.9373829873642141,2,0.01465916976483359,0.23393305261408756,0.6666666666666666,0.035805416566344,0.5958025543987575,Nagare,0.6117752393196407,0.8719322870148366,3.0,0
2021-05-19,0.5182938179832591,0.0,20.0,0.5631225704871959,0.7492820035544501,2,0.14118496262581773,0.021266641146745865,0.6666666666666666,0.03473125406935368,0.2564249516573347,Nagare,0.6117752393196407,0.8719322870148366,3.0,0
2021-05-20,0.5503257611953264,0.0,20.0,0.6524921334246607,0.6415998618693196,2,0.23385327074858075,0.021266641146745865,0.6666666666666666,0.03368931644727307,0.6083557612003787,Nagare,0.6117752393196407,0.8719322870148366,3.0,0
2021-05-21,0.5391375705040301,1.0,0.9523809523809523,9.801714994715488e-11,0.9999999999009829,1,9.70537666588269e-21,0.44659946408121665,0.3333333333333333,0.032678636953854874,0.7327167604033427,Utsuroi,0.6117752393196407,0.8719322870148366,3.0,0
2021-05-24,0.5415308294190283,1.0,0.9523809523809523,2.1492030377348723e-11,0.999999999977508,1,4.833989246829737e-22,0.44659946408121665,0.3333333333333333,0.03169827784523923,1.0,Utsuroi,0.6117752393196407,0.8719322870148366,3.0,0
2021-05-25,0.5375813627366424,0.0,20.0,0.655810569020389,0.6357747605015238,2,0.23886276156708314,0.021266641146745865,0.6666666666666666,0.030747329509882054,0.18053035205764378,Nagare,0.6117752393196407,0.8719322870148366,3.0,0
2021-05-26,0.5330188445095279,0.0,20.0,5.393829827076276e-11,0.9999999999450617,1,2.963277125489965e-21,0.021266641146745865,0.3333333333333333,0.02982490962458559,0.7874682224451798,Nagare,0.6117752393196407,0.8719322870148366,3.0,0
2021-05-27,0.5226912838714082,0.0,20.0,4.1061820609482245e-11,0.9999999999579382,1,1.7271340240529824e-21,0.021266641146745865,0.3333333333333333,0.028930162335848022,1.0,Nagare,0.6117752393196407,0.8719322870148366,3.0,0
2021-05-28,0.5340327374488866,1.0,0.9523809523809523,0.6225421197263734,0.6856435171588634,2,0.1957001511776485,0.44659946408121665,0.6666666666666666,0.02806225746577258,0.3682825827764896,Utsuroi,0.6117752393196407,0.8719322870148366,3.0,0
2021-06-01,0.540351884140704,0.0,20.0,0.21983463952392215,0.9425707444895532,2,0.012624939683266282,0.021266641146745865,0.6666666666666666,0.0272203897417994,0.4248609591556871,Nagare,0.6117752393196407,0.8719322870148366,3.0,0
2021-06-02,0.5368032588529483,1.0,0.9523809523809523,5.339140240886231e-11,0.9999999999456086,1,2.9040320725632194e-21,0.44659946408121665,0.3333333333333333,0.02640377804954542,0.7083710057885229,Utsuroi,0.6117752393196407,0.8719322870148366,3.0,0
2021-06-03,0.5694600430625275,0.0,20.0,1.1693612744083252e-10,0.9999999998820639,1,1.3790991442284343e-20,0.021266641146745865,0.3333333333333333,0.025611664708059055,0.2657116602239007,Nagare,0.6117752393196407,0.8719322870148366,3.0,0
2021-06-04,0.5885825354769454,0.0,20.0,1.4429391014313755e-10,0.9999999998547061,1,2.0965023224032467e-20,0.021266641146745865,0.3333333333333333,0.02484331476681728,1.0,Nagare,0.6117752393196407,0.8719322870148366,3.0,0
2021-06-07,0.5835248602329348,1.0,0.9523809523809523,1.6854406758978074e-11,0.9999999999821456,1,3.009250611102727e-22,0.44659946408121665,0.3333333333333333,0.02409801532381276,0.5323600337317096,Utsuroi,0.6117752393196407,0.8719322870148366,3.0,0
2021-06-08,0.567668046239475,0.0,20.0,0.6666885986001221,0.6145085003758787,2,0.25700278765666495,0.021266641146745865,0.6666666666666666,0.02337507486409838,0.17602398713952228,Nagare,0.6117752393196407,0.8719322870148366,3.0,0
2021-06-09,0.5567274340566266,1.0,0.9523809523809523,0.14921345682695678,0.9657515129293833,2,0.005110335146900048,0.44659946408121665,0.6666666666666666,0.022673822618175427,0.6821232215756972,Utsuroi,0.6117752393196407,0.8719322870148366,3.0,0
2021-06-10,0.521418022970818,1.0,0.9523809523809523,0.603269792434883,0.7087469966829448,2,0.17570413885711617,0.44659946408121665,0.6666666666666666,0.021993607939630164,0.644639310796421,Utsuroi,0.6117752393196407,0.8719322870148366,3.0,0
2021-06-11,0.5232453881522205,0.5,1.8181818181818181,0.4504647666091626,0.8684542538369852,3,0.05925672384375063,0.23393305261408756,1.0,0.02133379970144126,0.5918098755628769,Nagare,0.6117752393196407,0.8719322870148366,3.0,0
2021-06-14,0.44971457114314256,0.0,20.0,0.4748497181846519,0.8177089994055433,2,0.08656083025987597,0.021266641146745865,0.6666666666666666,0.02069378571039802,0.5579528239435778,Nagare,0.6117752393196407,0.8719322870148366,3.0,0
2021-06-15,0.48397472093124266,0.0,20.0,2.7291835457843273e-11,0.9999999999717082,1,7.721355143843979e-22,0.021266641146745865,0.3333333333333333,0.02007297213908608,0.6733777118807371,Nagare,0.6117752393196407,0.8719322870148366,3.0,0
2021-06-16,0.4293306072809179,0.0,20.0,0.0,0.0,0,0.0,0.021266641146745865,0.0,0.0194707829749135,1.0,Nagare,0.6117752393196407,0.8719322870148366,3.0,0
2021-06-17,0.45544424519579796,0.0,20.0,4.07813671637594e-10,0.9999999995911864,1,1.6671979545871148e-19,0.021266641146745865,0.3333333333333333,0.018886659485666094,0.6334769358109171,Nagare,0.6117752393196407,0.8719322870148366,3.0,0
2021-06-18,0.44431500176841787,0.0,20.0,0.0,0.0,0,0.0,0.021266641146745865,0.0,0.01832005970109611,1.0,Nagare,0.6117752393196407,0.8719322870148366,3.0,0
2021-06-21,0.42849355613330775,1.0,0.9523809523809523,0.0,0.0,0,0.0,0.44659946408121665,0.0,0.017770457910063226,0.46784498311578016,Utsuroi,0.6117752393196407,0.8719322870148366,3.0,0
2021-06-22,0.39606077152661007,0.0,20.0,0.0,0.0,0,0.0,0.021266641146745865,0.0,0.017237344172761328,0.210789699087099,Nagare,0.6117752393196407,0.8719322870148366,3.0,0
2021-06-23,0.3820666910729023,1.0,0.9523809523809523,3.319422514577605e-11,0.9999999999658058,1,1.1350500738802781e-21,0.44659946408121665,0.3333333333333333,0.016720223847578486,0.4049249602186855,Utsuroi,0.6117752393196407,0.8719322870148366,3.0,0
2021-06-24,0.3357105627291963,0.5,1.8181818181818181,6.810219055323173e-12,0.9999999999921898,1,5.318915198325442e-23,0.23393305261408756,0.3333333333333333,0.01621861713215113,0.3416870839548959,Nagare,0.6117752393196407,0.8719322870148366,3.0,0
2021-06-25,0.34643896476194613,1.0,0.9523809523809523,6.976197397503324e-12,0.9999999999920238,1,5.564337320116755e-23,0.44659946408121665,0.3333333333333333,0.015732058618186596,0.1371356787486535,Utsuroi,0.6117752393196407,0.8719322870148366,3.0,0
2021-06-28,0.3812060610197256,0.0,20.0,0.12280344776126395,0.9733760086531197,2,0.0032695179305629605,0.021266641146745865,0.6666666666666666,0.015260096859640998,0.21552384050386875,Nagare,0.6117752393196407,0.8719322870148366,3.0,0
2021-06-29,0.3873129975614448,0.5,1.8181818181818181,0.06137297215254574,0.9888162222940865,2,0.0006863816777052911,0.23393305261408756,0.6666666666666666,0.014802293953851768,0.9436713694338239,Nagare,0.6117752393196407,0.8719322870148366,3.0,0
2021-06-30,0.394103722364592,1.0,0.9523809523809523,6.0782490151932566e-12,0.9999999999929218,1,4.302322564471673e-23,0.44659946408121665,0.3333333333333333,0.014358225135236215,0.787278608812872,Utsuroi,0.6117752393196407,0.8719322870148366,3.0,0
2021-07-01,0.38473110740191496,1.0,0.9523809523809523,6.248446204867073e-12,0.9999999999927516,1,4.529138795376769e-23,0.44659946408121665,0.3333333333333333,0.013927478381179128,1.0,Utsuroi,0.6117752393196407,0.8719322870148366,3.0,0
2021-07-02,0.40122455184566996,1.0,0.9523809523809523,7.793876655132896e-12,0.9999999999912061,1,6.853821755689787e-23,0.44659946408121665,0.3333333333333333,0.013509654029743754,1.0,Utsuroi,0.6117752393196407,0.8719322870148366,3.0,0
2021-07-06,0.3573677874920111,1.0,0.9523809523809523,0.33507969701859824,0.8953974476106018,2,0.0350501915620116,0.44659946408121665,0.6666666666666666,0.01310436440885144,0.2662558275197803,Utsuroi,0.6117752393196407,0.8719322870148366,3.0,0
2021-07-07,0.29734768337252815,2.0,0.48780487804878053,0.6899372203760101,0.540040754852266,2,0.3173430030834754,0.8719322870148366,0.6666666666666666,0.012711233476585898,0.1390706364694998,Katashi,0.6117752393196407,0.8719322870148366,3.0,0
2021-07-08,0.3147842840389424,1.0,0.9523809523809523,0.8577495697426776,0.6034874253693057,3,0.3401084902870394,0.44659946408121665,1.0,0.012329896472288321,0.9926713076710911,Utsuroi,0.6117752393196407,0.8719322870148366,3.0,0
2021-07-09,0.30800534868857854,1.0,0.9523809523809523,0.3002861964795134,0.910970704271701,2,0.02673426858950069,0.44659946408121665,0.6666666666666666,0.01195999957811967,0.5990099194919422,Utsuroi,0.6117752393196407,0.8719322870148366,3.0,0
2021-07-12,0.3028887261806517,2.0,0.48780487804878053,1.6190049301054022e-11,0.99999999998281,1,2.783073875222584e-22,0.8719322870148366,0.3333333333333333,0.01160119959077608,0.29991158035697507,Katashi,0.6117752393196407,0.8719322870148366,3.0,0
2021-07-13,0.2929737963899455,2.0,0.48780487804878053,0.8849550819615617,0.6529860705991041,3,0.30709174033477343,0.8719322870148366,1.0,0.011253163603052797,0.3144231386983545,Katashi,0.6117752393196407,0.8719322870148366,3.0,0
2021-07-14,0.27789508628017945,2.0,0.48780487804878053,1.3370555067825818,0.372339928540152,4,0.8392163549329384,0.8719322870148366,1.3333333333333333,0.010915568694961212,0.1887175448905707,Katashi,0.6117752393196407,0.8719322870148366,3.0,0
2021-07-15,0.2931624276344773,2.0,0.48780487804878053,0.9593231614894913,0.565938716773108,3,0.4164050425054075,0.8719322870148366,1.0,0.010588101634112376,0.3575470485686757,Katashi,0.6117752393196407,0.8719322870148366,3.0,0
2021-07-16,0.3074984022188992,2.0,0.48780487804878053,3.061328968051486e-11,0.9999999999683867,1,9.677861175402885e-22,0.8719322870148366,0.3333333333333333,0.010270458585089005,0.8301836447277499,Katashi,0.6117752393196407,0.8719322870148366,3.0,0
2021-07-19,0.28671359696204424,2.0,0.48780487804878053,3.5979330625251604e-11,0.9999999999630207,1,1.3304907669663196e-21,0.8719322870148366,0.3333333333333333,0.009962344827536334,1.0,Katashi,0.6117752393196407,0.8719322870148366,3.0,0
2021-07-20,0.2691826806733639,2.0,0.48780487804878053,0.6723523210357658,0.60161277670899,2,0.2678565742507044,0.8719322870148366,0.6666666666666666,0.009663474482710243,0.45400924781314267,Katashi,0.6117752393196407,0.8719322870148366,3.0,0
2021-07-21,0.2524416577211608,1.5,0.6451612903225806,0.5457500999166649,0.7645738892252112,2,0.12848382347833281,0.659265875548133,0.6666666666666666,0.009373570248228935,0.2779985402866517,Utsuroi,0.6117752393196407,0.8719322870148366,3.0,0
2021-07-22,0.2616020625337395,2.0,0.48780487804878053,0.5534473895870281,0.7579360121802899,2,0.1339696821718447,0.8719322870148366,0.6666666666666666,0.009092363140782067,0.13652049895439744,Katashi,0.6117752393196407,0.8719322870148366,3.0,0
2021-07-23,0.2532433405104213,2.0,0.48780487804878053,0.6756689497128647,0.7756719520165126,3,0.15157149657214003,0.8719322870148366,1.0,0.008819592246558604,0.35393763307184467,Katashi,0.6117752393196407,0.8719322870148366,3.0,0
2021-07-26,0.25426902290256326,0.0,20.0,0.5307358994181043,0.7769542696595064,2,0.11837837630362981,0.021266641146745865,0.6666666666666666,0.008555004479161845,0.736561575053104,Nagare,0.6117752393196407,0.8719322870148366,3.0,0
2021-07-27,0.28112539634278766,0.0,20.0,0.2159290089321449,0.9439601594668103,2,0.012100627227047087,0.021266641146745865,0.6666666666666666,0.00829835434478699,0.9779804753653087,Nagare,0.6117752393196407,0.8719322870148366,3.0,0
2021-07-28,0.2644668995600673,0.0,20.0,0.6074314777506367,0.7040062786134229,2,0.17979590358675876,0.021266641146745865,0.6666666666666666,0.00804940371444338,0.6889768885246075,Nagare,0.6117752393196407,0.8719322870148366,3.0,0
2021-07-29,0.23127958997524217,1.0,0.9523809523809523,0.6760455831020384,0.592205977731723,2,0.27568734756988295,0.44659946408121665,0.6666666666666666,0.007807921603010078,0.6006675162634401,Utsuroi,0.6117752393196407,0.8719322870148366,3.0,0
2021-07-30,0.23907241826496486,1.0,0.9523809523809523,0.6288182350721532,0.6773939585439406,2,0.20286056161201316,0.44659946408121665,0.6666666666666666,0.0075736839549197755,0.5980793655868766,Utsuroi,0.6117752393196407,0.8719322870148366,3.0,0
2021-08-02,0.23534695118546053,1.0,0.9523809523809523,0.0,0.0,0,0.0,0.44659946408121665,0.0,0.007346473436272182,1.0,Utsuroi,0.6117752393196407,0.8719322870148366,3.0,0
2021-08-03,0.24196083419685907,2.0,0.48780487804878053,0.0,0.0,0,0.0,0.8719322870148366,0.0,0.007126079233184016,0.0012957736456781221,Katashi,0.6117752393196407,0.8719322870148366,3.0,0
2021-08-04,0.21788677161347975,1.0,0.9523809523809523,5.000171386792562e-10,0.9999999994989829,1,2.50517145113187e-19,0.44659946408121665,0.3333333333333333,0.006912296856188495,0.47738600748574,Utsuroi,0.6117752393196407,0.8719322870148366,3.0,0
2021-08-05,0.20206532597836946,1.0,0.9523809523809523,0.5915277220487293,0.7215034840114731,2,0.16473840970120082,0.44659946408121665,0.6666666666666666,0.00670492795050284,0.2686863793502047,Utsuroi,0.6117752393196407,0.8719322870148366,3.0,0
2021-08-06,0.24114736195481534,1.0,0.9523809523809523,0.0,0.0,0,0.0,0.44659946408121665,0.0,0.006503780111987755,1.0,Utsuroi,0.6117752393196407,0.8719322870148366,3.0,0
2021-08-09,0.2480677707385782,2.0,0.48780487804878053,0.0,0.0,0,0.0,0.8719322870148366,0.0,0.006308666708628122,0.0012957736456781221,Katashi,0.6117752393196407,0.8719322870148366,3.0,0
2021-08-10,0.24895197969732136,2.0,0.48780487804878053,0.0,0.0,0,0.0,0.8719322870148366,0.0,0.006119406707369279,1.0,Katashi,0.6117752393196407,0.8719322870148366,3.0,0
2021-08-11,0.24765513989116478,2.0,0.48780487804878053,2.702171819595958e-11,0.9999999999719783,1,7.571943747015208e-22,0.8719322870148366,0.3333333333333333,0.0059358245061482,0.7315056863391235,Katashi,0.6117752393196407,0.8719322870148366,3.0,0
2021-08-12,0.25396249713019897,2.0,0.48780487804878053,1.5780932116486603e-11,0.9999999999832191,1,2.648184014824954e-22,0.8719322870148366,0.3333333333333333,0.005757749770963754,1.0,Katashi,0.6117752393196407,0.8719322870148366,3.0,0
2021-08-13,0.2750656176122015,0.5,1.8181818181818181,1.4075962617596904e-11,0.9999999999849241,1,2.1220837484666953e-22,0.23393305261408756,0.3333333333333333,0.005585017277834841,0.32787106726033677,Nagare,0.6117752393196407,0.8719322870148366,3.0,0
2021-08-16,0.25088544995377293,2.0,0.48780487804878053,1.6509205112710987e-10,0.999999999833908,1,2.7420473746640296e-20,0.8719322870148366,0.3333333333333333,0.005417466759499796,0.03991246394312842,Katashi,0.6117752393196407,0.8719322870148366,3.0,0
2021-08-17,0.2503313456729606,1.0,0.9523809523809523,1.9403945115444696e-10,0.9999999998049606,1,3.7845343766677593e-20,0.44659946408121665,0.3333333333333333,0.005254942756714801,0.12556445936359972,Utsuroi,0.6117752393196407,0.8719322870148366,3.0,0
2021-08-18,0.2671431053418631,0.0,20.0,3.645184154451448e-11,0.9999999999625482,1,1.365187787179016e-21,0.021266641146745865,0.3333333333333333,0.005097294474013357,0.2657116602239007,Nagare,0.6117752393196407,0.8719322870148366,3.0,0
2021-08-19,0.25768796420970336,1.0,0.9523809523809523,0.6598897984436876,0.6282322688570511,2,0.2453257331717876,0.44659946408121665,0.6666666666666666,0.004944375639792956,0.34243993642827064,Utsuroi,0.6117752393196407,0.8719322870148366,3.0,0
2021-08-20,0.2680980510173057,1.0,0.9523809523809523,0.0,0.0,0,0.0,0.44659946408121665,0.0,0.004796044370599167,1.0,Utsuroi,0.6117752393196407,0.8719322870148366,3.0,0
2021-08-23,0.31006850292564575,1.0,0.9523809523809523,0.0,0.0,0,0.0,0.44659946408121665,0.0,0.004652163039481192,1.0,Utsuroi,0.6117752393196407,0.8719322870148366,3.0,0
2021-08-24,0.30578893156532916,1.0,0.9523809523809523,0.0,0.0,0,0.0,0.44659946408121665,0.0,0.0045125981482967556,1.0,Utsuroi,0.6117752393196407,0.8719322870148366,3.0,0
2021-08-25,0.30424451325072444,1.0,0.9523809523809523,0.0,0.0,0,0.0,0.44659946408121665,0.0,0.004377220203847853,1.0,Utsuroi,0.6117752393196407,0.8719322870148366,3.0,0
2021-08-26,0.27857887454160746,0.0,20.0,0.0,0.0,0,0.0,0.021266641146745865,0.0,0.004245903597732417,0.210789699087099,Nagare,0.6117752393196407,0.8719322870148366,3.0,0
2021-08-27,0.32697457821681425,0.0,20.0,0.7883210642240309,0.5769107015905095,3,0.33353020598396815,0.021266641146745865,1.0,0.004118526489800444,0.18391349465463303,Nagare,0.6117752393196407,0.8719322870148366,3.0,0
2021-08-30,0.3405324489175421,1.0,0.9523809523809523,3.056930264007544e-10,0.999999999693307,1,9.375391266837419e-20,0.44659946408121665,0.3333333333333333,0.00399497069510643,0.8923445302733659,Utsuroi,0.6117752393196407,0.8719322870148366,3.0,0
2021-08-31,0.3475589627763542,0.0,20.0,1.3015810651397763e-11,0.9999999999859842,1,1.8242684963358876e-22,0.021266641146745865,0.3333333333333333,0.0038751215742532374,0.2657116602239007,Nagare,0.6117752393196407,0.8719322870148366,3.0,0
2021-09-01,0.35185032358945406,0.0,20.0,2.6852853273918807e-11,0.9999999999721472,1,7.479279882036287e-22,0.021266641146745865,0.3333333333333333,0.00375886792702564,1.0,Nagare,0.6117752393196407,0.8719322870148366,3.0,0
2021-09-02,0.34718170028729034,0.0,20.0,0.6930220790499414,0.5079087386776729,2,0.3410301090039071,0.021266641146745865,0.6666666666666666,0.003646101889214871,0.2934253728478302,Nagare,0.6117752393196407,0.8719322870148366,3.0,0
2021-09-03,0.3566604203250166,0.0,20.0,0.6304549951235279,0.6751723460202742,2,0.20478921700577501,0.021266641146745865,0.6666666666666666,0.003536718832538425,0.6507292824334702,Nagare,0.6117752393196407,0.8719322870148366,3.0,0
2021-09-07,0.35373663603477273,2.0,0.48780487804878053,0.4772678814443011,0.8160920297022511,2,0.08777336736472804,0.8719322870148366,0.6666666666666666,0.0034306172675622718,0.3297868143719306,Katashi,0.6117752393196407,0.8719322870148366,3.0,0
2021-09-08,0.32837752309802004,2.0,0.48780487804878053,0.5783869591133197,0.7348382889033913,2,0.1533660757544521,0.8719322870148366,0.6666666666666666,0.0033276987495354034,0.7854858701920839,Katashi,0.6117752393196407,0.8719322870148366,3.0,0
2021-09-09,0.3238032154181223,2.0,0.48780487804878053,1.2896350653949764e-11,0.9999999999861037,1,1.7921192555535927e-22,0.8719322870148366,0.3333333333333333,0.003227867787049341,0.8006401611112242,Katashi,0.6117752393196407,0.8719322870148366,3.0,0
2021-09-10,0.3135110231383523,1.0,0.9523809523809523,0.6314269178909988,0.6738384495530847,2,0.20594718253324526,0.44659946408121665,0.6666666666666666,0.003131031753437861,0.9629210155456018,Utsuroi,0.6117752393196407,0.8719322870148366,3.0,0
2021-09-13,0.31342849696886965,0.0,20.0,1.2430945162033257e-11,0.9999999999865691,1,1.6695906779073658e-22,0.021266641146745865,0.3333333333333333,0.003037100800834725,0.4589887452944874,Nagare,0.6117752393196407,0.8719322870148366,3.0,0
2021-09-14,0.31641122852302983,1.0,0.9523809523809523,7.33646476899125e-12,0.9999999999916636,1,6.116001778067203e-23,0.44659946408121665,0.3333333333333333,0.002945987776809683,0.5323600337317096,Utsuroi,0.6117752393196407,0.8719322870148366,3.0,0
2021-09-15,0.30591861554594474,0.5,1.8181818181818181,6.828648757531807e-12,0.9999999999921714,1,5.345894155002171e-23,0.23393305261408756,0.3333333333333333,0.0028576081435053927,0.3416870839548959,Nagare,0.6117752393196407,0.8719322870148366,3.0,0
2021-09-16,0.3244752142267671,0.0,20.0,0.25025597633399443,0.9313027693878876,2,0.017191892518275763,0.021266641146745865,0.6666666666666666,0.002771879899200231,0.09608018503123172,Nagare,0.6117752393196407,0.8719322870148366,3.0,0
2021-09-17,0.3370663497992691,0.0,20.0,6.0745852792120186e-12,0.9999999999929254,1,4.2975037213504955e-23,0.021266641146745865,0.3333333333333333,0.0026887235022242236,0.6353367710716158,Nagare,0.6117752393196407,0.8719322870148366,3.0,0
2021-09-20,0.354043161807137,0.0,20.0,7.783218514096587e-12,0.9999999999912168,1,6.836153677438718e-23,0.021266641146745865,0.3333333333333333,0.0026080617971574968,1.0,Nagare,0.6117752393196407,0.8719322870148366,3.0,0
2021-09-21,0.3675302957911654,1.0,0.9523809523809523,1.0938250305443669e-11,0.9999999999880618,1,1.305833280778443e-22,0.44659946408121665,0.3333333333333333,0.0025298199432427716,0.5323600337317096,Utsuroi,0.6117752393196407,0.8719322870148366,3.0,0
2021-09-22,0.36470082712318747,1.0,0.9523809523809523,9.734324457553797e-12,0.9999999999892657,1,1.0449118176303856e-22,0.44659946408121665,0.3333333333333333,0.0024539253449454884,1.0,Utsuroi,0.6117752393196407,0.8719322870148366,3.0,0
2021-09-23,0.3150908098113067,0.0,20.0,8.904987858167365e-12,0.999999999990095,1,8.820359961905884e-23,0.021266641146745865,0.3333333333333333,0.0023803075845971237,0.2657116602239007,Nagare,0.6117752393196407,0.8719322870148366,3.0,0
2021-09-24,0.316470175786946,1.0,0.9523809523809523,0.4329806071352197,0.8439978849993817,2,0.06754589046734609,0.44659946408121665,0.6666666666666666,0.00230889835705921,0.4168505578688452,Utsuroi,0.6117752393196407,0.8719322870148366,3.0,0
2021-09-27,0.3100920818312123,1.0,0.9523809523809523,0.7607575266092377,0.6952989966789282,3,0.23180358164189166,0.44659946408121665,1.0,0.0022396314063474337,0.17747787097787482,Utsuroi,0.6117752393196407,0.8719322870148366,3.0,0
2021-09-28,0.3857685792468402,1.0,0.9523809523809523,0.3199848130944255,0.9023067258912276,2,0.03126036405627801,0.44659946408121665,0.6666666666666666,0.0021724424641570107,0.4738787134038034,Utsuroi,0.6117752393196407,0.8719322870148366,3.0,0
2021-09-29,0.3389055044334548,0.0,20.0,0.2287619136771337,0.9393464868314005,2,0.013875213743690041,0.021266641146745865,0.6666666666666666,0.0021072691902323,0.3815070889513541,Nagare,0.6117752393196407,0.8719322870148366,3.0,0
2021-09-30,0.3124146040295109,1.0,0.9523809523809523,0.3404173205141717,0.892896029552437,2,0.03646004663618844,0.44659946408121665,0.6666666666666666,0.002044051114525331,0.6375361381575937,Utsuroi,0.6117752393196407,0.8719322870148366,3.0,0
2021-10-01,0.3219994291422863,1.0,0.9523809523809523,0.14126952619810723,0.9681048148611877,2,0.004505817692560923,0.44659946408121665,0.6666666666666666,0.001982729581089571,0.9902511242921311,Utsuroi,0.6117752393196407,0.8719322870148366,3.0,0
2021-10-04,0.3531707423011771,2.0,0.48780487804878053,0.34263503088462194,0.8918475678829811,2,0.03705681191866173,0.8719322870148366,0.6666666666666666,0.0019232476936568838,0.1283082323841478,Katashi,0.6117752393196407,0.8719322870148366,3.0,0
2021-10-05,0.3539606356376543,0.0,20.0,6.368572336130638e-12,0.9999999999926314,1,4.6927145053054e-23,0.021266641146745865,0.3333333333333333,0.0018655502628471773,0.5863997270536917,Nagare,0.6117752393196407,0.8719322870148366,3.0,0
2021-10-06,0.3619067268135592,0.0,20.0,0.048516427604328005,0.9915992016788084,2,0.00040757672356865057,0.021266641146745865,0.6666666666666666,0.001809583754961762,0.38112969376364936,Nagare,0.6117752393196407,0.8719322870148366,3.0,0
2021-10-07,0.3699589230645131,1.0,0.9523809523809523,1.7701728971356507e-11,0.9999999999812983,1,3.310525459571116e-22,0.44659946408121665,0.3333333333333333,0.001755296242312909,0.7082898738613088,Utsuroi,0.6117752393196407,0.8719322870148366,3.0,0
2021-10-08,0.3752288084586222,1.0,0.9523809523809523,2.6143864850412682e-11,0.9999999999728562,1,7.096449558294134e-22,0.44659946408121665,0.3333333333333333,0.0017026373550435218,1.0,Utsuroi,0.6117752393196407,0.8719322870148366,3.0,0
2021-10-11,0.38835046940637,1.0,0.9523809523809523,2.3909096924202865e-11,0.9999999999750909,1,5.955534837521847e-22,0.44659946408121665,0.3333333333333333,0.0016515582343922162,1.0,Utsuroi,0.6117752393196407,0.8719322870148366,3.0,0
2021-10-12,0.38528521168272734,1.0,0.9523809523809523,0.6743444654309292,0.5966554937931546,2,0.27199313542255726,0.44659946408121665,0.6666666666666666,0.0016020114873604497,0.23384674628144275,Utsuroi,0.6117752393196407,0.8719322870148366,3.0,0
2021-10-13,0.40095339443165534,1.0,0.9523809523809523,1.845479324894538e-11,0.9999999999805452,1,3.590337788619775e-22,0.44659946408121665,0.3333333333333333,0.0015539511427396361,0.747045825530736,Utsuroi,0.6117752393196407,0.8719322870148366,3.0,0
2021-10-14,0.43917480035492457,1.0,0.9523809523809523,0.6142666398141287,0.695938243008908,2,0.1867749937628982,0.44659946408121665,0.6666666666666666,0.001507332608457447,0.2637688103913466,Utsuroi,0.6117752393196407,0.8719322870148366,3.0,0
2021-10-15,0.43900974801595916,0.0,20.0,4.680067444581428e-11,0.9999999999521993,1,2.237102767770931e-21,0.021266641146745865,0.3333333333333333,0.0014621126302037236,0.4526807393742426,Nagare,0.6117752393196407,0.8719322870148366,3.0,0
2021-10-18,0.4427823729065965,2.0,0.48780487804878053,7.006747402041512e-10,0.9999999992983253,1,4.916457509727158e-19,0.8719322870148366,0.3333333333333333,0.001418249251297612,0.22324005537482128,Katashi,0.6117752393196407,0.8719322870148366,3.0,0
2021-10-19,0.4082510657044819,1.0,0.9523809523809523,0.0,0.0,0,0.0,0.44659946408121665,0.0,0.0013757017737586837,0.13593423181795483,Utsuroi,0.6117752393196407,0.8719322870148366,3.0,0
2021-10-20,0.3955891934152804,0.0,20.0,5.588832728374031e-10,0.9999999994401167,1,3.1290938365442138e-19,0.021266641146745865,0.3333333333333333,0.001334430720545923,0.1872948223795069,Nagare,0.6117752393196407,0.8719322870148366,3.0,0
2021-10-21,0.39284225091678515,1.0,0.9523809523809523,0.0,0.0,0,0.0,0.44659946408121665,0.0,0.0012943977989295452,0.4954374582522977,Utsuroi,0.6117752393196407,0.8719322870148366,3.0,0
2021-10-22,0.38339889923740855,1.0,0.9523809523809523,0.0,0.0,0,0.0,0.44659946408121665,0.0,0.0012555658649616589,1.0,Utsuroi,0.6117752393196407,0.8719322870148366,3.0,0
2021-10-25,0.38982415100427525,0.5,1.8181818181818181,0.6697722249184417,0.6076853064395146,2,0.26276148517420295,0.23393305261408756,0.6666666666666666,0.0012178988890128091,0.23318789586446764,Nagare,0.6117752393196407,0.8719322870148366,3.0,0
2021-10-26,0.3799210106663522,1.0,0.9523809523809523,0.9759177518742841,0.4464754296113788,3,0.540194454340842,0.44659946408121665,1.0,0.0011813619223424248,0.021335134741689243,Utsuroi,0.6117752393196407,0.8719322870148366,3.0,0
2021-10-27,0.36142335924944624,1.0,0.9523809523809523,0.9314116065981028,0.5596811256452591,3,0.4101181101782174,0.44659946408121665,1.0,0.001145921064672152,0.4346854141944928,Utsuroi,0.6117752393196407,0.8719322870148366,3.0,0
2021-10-28,0.2780719280719281,0.0,20.0,0.5703558252380047,0.7425659893598097,2,0.14682898758301502,0.021266641146745865,0.6666666666666666,0.0011115434327319874,0.7750357184227731,Nagare,0.6117752393196407,0.8719322870148366,3.0,0
2021-10-29,0.24866903283052355,0.0,20.0,0.5652222728999848,0.7473550818244207,2,0.14280053488783165,0.021266641146745865,0.6666666666666666,0.0010781971297500277,0.7484411130101314,Nagare,0.6117752393196407,0.8719322870148366,3.0,0
2021-11-01,0.22804927991263396,1.0,0.9523809523809523,0.693049232980623,0.5069980133576667,2,0.34167464870039244,0.44659946408121665,0.6666666666666666,0.001045851215857527,0.5131506677045496,Utsuroi,0.6117752393196407,0.8719322870148366,3.0,0
2021-11-02,0.22881559434354465,0.0,20.0,7.031264459301818e-11,0.9999999999286874,1,5.0141790789992136e-21,0.021266641146745865,0.3333333333333333,0.0010144756793818012,0.5114385815487985,Nagare,0.6117752393196407,0.8719322870148366,3.0,0
2021-11-03,0.18205862460520844,1.0,0.9523809523809523,1.4800494163456095e-11,0.9999999999841995,1,2.3385479423540464e-22,0.44659946408121665,0.3333333333333333,0.0009840414090003472,0.5323600337317096,Utsuroi,0.6117752393196407,0.8719322870148366,3.0,0
2021-11-04,0.20039122368314916,1.0,0.9523809523809523,0.48838661857041904,0.8085028230659771,2,0.0935246587085887,0.44659946408121665,0.6666666666666666,0.0009545201667303367,0.27261424839538717,Utsuroi,0.6117752393196407,0.8719322870148366,3.0,0
2021-11-05,0.19159629190685093,0.5,1.8181818181818181,0.99968830952952,0.43888595729801055,3,0.5609391488020267,0.23393305261408756,1.0,0.0009258845617284266,0.19364725114308157,Nagare,0.6117752393196407,0.8719322870148366,3.0,0
2021-11-08,0.19225650126271243,1.0,0.9523809523809523,0.9592782710537765,0.5909461899717826,3,0.3923964316518283,0.44659946408121665,1.0,0.0008981080248765738,0.87573473477882,Utsuroi,0.6117752393196407,0.8719322870148366,3.0,0
2021-11-09,0.1620872915903972,0.0,20.0,0.8087651121757958,0.7061616464307009,3,0.23764620898602534,0.021266641146745865,1.0,0.0008711647841302766,0.6384102938028196,Nagare,0.6117752393196407,0.8719322870148366,3.0,0
2021-11-10,0.17497316348248027,-1.0,0.9523809523809523,0.9277105920957366,0.6102335211114386,3,0.3615904909087777,0.44659946408121665,1.0,0.0008450298406063682,0.6457853346772244,Utsuroi,0.6117752393196407,0.8719322870148366,3.0,0
2021-11-11,0.16285360602130788,-1.0,0.9523809523809523,1.0361893873374788,0.4644425784764077,3,0.554938916492571,0.44659946408121665,1.0,0.0008196789453881771,0.32003468690972636,Utsuroi,0.6117752393196407,0.8719322870148366,3.0,0
2021-11-12,0.15959971705313322,0.0,20.0,5.126932211970695e-11,0.9999999999477307,1,2.679811578638395e-21,0.021266641146745865,0.3333333333333333,0.0007950885770265318,0.6996879203930101,Nagare,0.6117752393196407,0.8719322870148366,3.0,0
2021-11-15,0.16034245257847743,0.0,20.0,0.5487933143801267,0.7619744490916949,2,0.13062683099012434,0.021266641146745865,0.6666666666666666,0.0007712359197157359,0.3816389091263914,Nagare,0.6117752393196407,0.8719322870148366,3.0,0
2021-11-16,0.15971761158096562,-1.0,0.9523809523809523,0.9068317364356974,0.49896728597894247,3,0.4543523660668058,0.44659946408121665,1.0,0.0007480988421242638,0.32249680160130434,Utsuroi,0.6117752393196407,0.8719322870148366,3.0,0
2021-11-17,0.15201909891350887,0.0,20.0,1.3326254572169245,0.3508962122102041,4,0.8650122319846142,0.021266641146745865,1.3333333333333333,0.0007256558768605359,0.1925481424307659,Nagare,0.6117752393196407,0.8719322870148366,3.0,0
2021-11-18,0.16422118254416393,0.0,20.0,1.3232786245187038,0.42141633588535043,5,0.7656273952186252,0.021266641146745865,1.6666666666666667,0.0007038862005547198,0.7158445542794863,Nagare,0.6117752393196407,0.8719322870148366,3.0,0
2021-11-19,0.14208059021723615,0.0,20.0,1.069258397119864,0.4479362948294527,4,0.5902987524987124,0.021266641146745865,1.3333333333333333,0.0006827696145380781,0.10153841624577509,Nagare,0.6117752393196407,0.8719322870148366,3.0,0
2021-11-22,0.18909692791680371,0.0,20.0,0.9179991821380814,0.47120835657901017,3,0.48543029618192063,0.021266641146745865,1.0,0.0006622865261019358,0.16577777810850547,Nagare,0.6117752393196407,0.8719322870148366,3.0,0
2021-11-23,0.22106992386495497,-1.0,0.9523809523809523,0.9842720185097377,0.509357121751669,3,0.48292605614091216,0.44659946408121665,1.0,0.0006424179303188777,0.7864754118376918,Utsuroi,0.6117752393196407,0.8719322870148366,3.0,0
2021-11-24,0.22600970458113318,-0.5,1.8181818181818181,0.9947211261653428,0.47813478883965965,3,0.5191103505519282,0.23393305261408756,1.0,0.0006231453924093113,0.9581470197482865,Nagare,0.6117752393196407,0.8719322870148366,3.0,0
2021-11-26,0.2767397199074218,0.0,20.0,1.231906295017427,0.3904212338157485,4,0.7509439193713358,0.021266641146745865,1.3333333333333333,0.000604451030637032,0.18446950361372838,Nagare,0.6117752393196407,0.8719322870148366,3.0,0
2021-11-29,0.3215160615781734,1.0,0.9523809523809523,1.2334660233588224,0.467533970533291,4,0.656778755939963,0.44659946408121665,1.3333333333333333,0.000586317499717921,0.9559291675014238,Utsuroi,0.6117752393196407,0.8719322870148366,3.0,0
2021-11-30,0.3239800572098709,0.0,20.0,1.0844774547711111,0.4009515629243811,3,0.6496545243243792,0.021266641146745865,1.0,0.0005687279747263833,0.8367112874811998,Nagare,0.6117752393196407,0.8719322870148366,3.0,0
2021-12-01,0.33777371696626357,1.0,0.9523809523809523,0.639800900595237,0.6618497771628569,2,0.21634881710768425,0.44659946408121665,0.6666666666666666,0.0005516661354845918,0.8090890539621558,Utsuroi,0.6117752393196407,0.8719322870148366,3.0,0
2021-12-02,0.34340907539665305,2.0,0.48780487804878053,1.235707303941869,0.4720643195069498,4,0.652373976396783,0.8719322870148366,1.3333333333333333,0.000535116151420054,0.011214777717438063,Katashi,0.6117752393196407,0.8719322870148366,3.0,0
2021-12-03,0.3567665254000658,1.0,0.9523809523809523,0.6904988612823928,0.5363729335662226,2,0.32013396143221956,0.44659946408121665,0.6666666666666666,0.0005190626668774524,0.002060878113925413,Utsuroi,0.6117752393196407,0.8719322870148366,3.0,0
2021-12-06,0.3464861225730791,1.0,0.9523809523809523,3.761435607355527e-11,0.9999999999613857,1,1.4524533068355259e-21,0.44659946408121665,0.3333333333333333,0.0005034907868711288,0.7761615471614822,Utsuroi,0.6117752393196407,0.8719322870148366,3.0,0
2021-12-07,0.35595305315802217,1.0,0.9523809523809523,2.0795476451714325e-11,0.9999999999782045,1,4.532468572787384e-22,0.44659946408121665,0.3333333333333333,0.000488386063264995,1.0,Utsuroi,0.6117752393196407,0.8719322870148366,3.0,0
2021-12-08,0.3435033910189191,0.0,20.0,5.952305315121228e-11,0.999999999939477,1,3.602515592949919e-21,0.021266641146745865,0.3333333333333333,0.0004737344813670451,0.2657116602239007,Nagare,0.6117752393196407,0.8719322870148366,3.0,0
2021-12-09,0.37392017919968235,1.0,0.9523809523809523,0.0,0.0,0,0.0,0.44659946408121665,0.0,0.00045952244692603375,0.4954374582522977,Utsuroi,0.6117752393196407,0.8719322870148366,3.0,0
2021-12-10,0.37858880250184607,0.0,20.0,0.0,0.0,0,0.0,0.021266641146745865,0.0,0.0004457367735182527,0.210789699087099,Nagare,0.6117752393196407,0.8719322870148366,3.0,0
2021-12-13,0.37256439212960946,1.0,0.9523809523809523,0.0,0.0,0,0.0,0.44659946408121665,0.0,0.0004323646703127051,0.46784498311578016,Utsuroi,0.6117752393196407,0.8719322870148366,3.0,0
2021-12-14,0.37370796904958403,0.0,20.0,0.0,0.0,0,0.0,0.021266641146745865,0.0,0.0004193937302033239,0.210789699087099,Nagare,0.6117752393196407,0.8719322870148366,3.0,0
2021-12-15,0.400694026470424,1.0,0.9523809523809523,0.0,0.0,0,0.0,0.44659946408121665,0.0,0.0004068119182972242,0.46784498311578016,Utsuroi,0.6117752393196407,0.8719322870148366,3.0,0
2021-12-16,0.40946537934115573,-1.0,0.9523809523809523,6.511010617421445e-10,0.999999999347899,1,4.2458367939845003e-19,0.44659946408121665,0.3333333333333333,0.0003946075607483075,0.5227479121952154,Utsuroi,0.6117752393196407,0.8719322870148366,3.0,0
2021-12-17,0.40685991027605944,0.0,20.0,2.1913026948277024e-11,0.999999999977087,1,5.020932922360842e-22,0.021266641146745865,0.3333333333333333,0.00038276933392585824,0.2657116602239007,Nagare,0.6117752393196407,0.8719322870148366,3.0,0
2021-12-20,0.402698233443575,1.0,0.9523809523809523,1.7819612450680072e-10,0.9999999998208039,1,3.193205097460619e-20,0.44659946408121665,0.3333333333333333,0.00037128625390808246,0.5323600337317096,Utsuroi,0.6117752393196407,0.8719322870148366,3.0,0
2021-12-21,0.41485315926309724,0.0,20.0,7.900102793847238e-11,0.999999999919999,1,6.3201616958879065e-21,0.021266641146745865,0.3333333333333333,0.00036014766629084,0.2657116602239007,Nagare,0.6117752393196407,0.8719322870148366,3.0,0
2021-12-22,0.42772724170239707,0.0,20.0,8.924416760739708e-11,0.9999999999097559,1,8.05376364567344e-21,0.021266641146745865,0.3333333333333333,0.00034934323630211476,1.0,Nagare,0.6117752393196407,0.8719322870148366,3.0,0
2021-12-23,0.4272320846855009,0.0,20.0,0.0,0.0,0,0.0,0.021266641146745865,0.0,0.0003388629392130513,1.0,Nagare,0.6117752393196407,0.8719322870148366,3.0,0
2021-12-27,0.4252278777123499,-0.5,1.8181818181818181,0.0,0.0,0,0.0,0.23393305261408756,0.0,0.00032869705103665974,0.872964087668259,Nagare,0.6117752393196407,0.8719322870148366,3.0,0
2021-12-28,0.4214552528217124,0.0,20.0,0.0,0.0,0,0.0,0.021266641146745865,0.0,0.00031883613950555996,0.07779736038697582,Nagare,0.6117752393196407,0.8719322870148366,3.0,0
2021-12-29,0.4165626299166672,0.0,20.0,0.0,0.0,0,0.0,0.021266641146745865,0.0,0.00030927105532039314,1.0,Nagare,0.6117752393196407,0.8719322870148366,3.0,0
2021-12-30,0.39839508317769196,0.0,20.0,0.0,0.0,0,0.0,0.021266641146745865,0.0,0.00029999292366078133,1.0,Nagare,0.6117752393196407,0.8719322870148366,3.0,0
2021-12-31,0.396402665657324,0.0,20.0,7.952083435856017e-11,0.9999999999194792,1,6.403082172560233e-21,0.021266641146745865,0.3333333333333333,0.00029099313595095787,0.6334769358109171,Nagare,0.6117752393196407,0.8719322870148366,3.0,0
2022-01-03,0.40324054827160416,1.0,0.9523809523809523,3.752009813876823e-11,0.9999999999614799,1,1.4452770325002748e-21,0.44659946408121665,0.3333333333333333,0.0002822633418724291,0.5323600337317096,Utsuroi,0.6117752393196407,0.8719322870148366,3.0,0
2022-01-04,0.3934670919142968,1.0,0.9523809523809523,5.0334958422230817e-11,0.9999999999486651,1,2.5839418843603715e-21,0.44659946408121665,0.3333333333333333,0.0002737954416162562,1.0,Utsuroi,0.6117752393196407,0.8719322870148366,3.0,0
2022-01-05,0.4465314188916673,1.0,0.9523809523809523,6.753397840718062e-11,0.999999999931466,1,4.6283707240995164e-21,0.44659946408121665,0.3333333333333333,0.00026558157836776853,1.0,Utsuroi,0.6117752393196407,0.8719322870148366,3.0,0
2022-01-06,0.446944049739081,0.0,20.0,2.249644914770401e-11,0.9999999999765036,1,5.285861757489833e-22,0.021266641146745865,0.3333333333333333,0.00025761413101673547,0.2657116602239007,Nagare,0.6117752393196407,0.8719322870148366,3.0,0
2022-01-07,0.42417861641464133,0.5,1.8181818181818181,1.7166157384287202e-11,0.9999999999818339,1,3.1184273698429995e-22,0.23393305261408756,0.3333333333333333,0.0002498857070862334,0.9106399186686659,Nagare,0.6117752393196407,0.8719322870148366,3.0,0
2022-01-10,0.4240371429812424,0.5,1.8181818181818181,1.056699172601338e-11,0.999999999988433,1,1.2222807210431674e-22,0.23393305261408756,0.3333333333333333,0.0002423891358736464,1.0,Nagare,0.6117752393196407,0.8719322870148366,3.0,0
2022-01-11,0.4452463685382941,1.0,0.9523809523809523,1.3336554083207425e-11,0.9999999999856635,1,1.9119993387137115e-22,0.44659946408121665,0.3333333333333333,0.000235117461797437,0.1371356787486535,Utsuroi,0.6117752393196407,0.8719322870148366,3.0,0
2022-01-12,0.453003828469667,1.0,0.9523809523809523,8.93296547838764e-12,0.9999999999900671,1,8.8730640104327e-23,0.44659946408121665,0.3333333333333333,0.0002280639379435139,1.0,Utsuroi,0.6117752393196407,0.8719322870148366,3.0,0
2022-01-13,0.4528623550362682,1.0,0.9523809523809523,1.1180723014018879e-11,0.9999999999878193,1,1.3618904279422886e-22,0.44659946408121665,0.3333333333333333,0.00022122201980520848,1.0,Utsuroi,0.6117752393196407,0.8719322870148366,3.0,0
2022-01-14,0.4541709842952079,1.0,0.9523809523809523,1.2689849171372333e-11,0.9999999999863102,1,1.7372184044344244e-22,0.44659946408121665,0.3333333333333333,0.00021458535921105223,1.0,Utsuroi,0.6117752393196407,0.8719322870148366,3.0,0
2022-01-18,0.48214735574984036,0.0,20.0,8.609002399805184e-12,0.999999999990391,1,8.272373427410813e-23,0.021266641146745865,0.3333333333333333,0.00020814779843472065,0.2657116602239007,Nagare,0.6117752393196407,0.8719322870148366,3.0,0
2022-01-19,0.46298949497707276,1.0,0.9523809523809523,6.616263092922654e-12,0.9999999999923838,1,5.03910540447613e-23,0.44659946408121665,0.3333333333333333,0.00020190336448167902,0.5323600337317096,Utsuroi,0.6117752393196407,0.8719322870148366,3.0,0
2022-01-20,0.4849060877011188,0.0,20.0,9.538814182919387e-12,0.9999999999894612,1,1.0052757918473074e-22,0.021266641146745865,0.3333333333333333,0.00019584626354722865,0.2657116602239007,Nagare,0.6117752393196407,0.8719322870148366,3.0,0
2022-01-21,0.49669554048436043,0.0,20.0,1.1564316170650571e-10,0.9999999998833569,1,1.3488981453744518e-20,0.021266641146745865,0.3333333333333333,0.00018997087564081178,1.0,Nagare,0.6117752393196407,0.8719322870148366,3.0,0
2022-01-24,0.4755098938328753,1.5,0.6451612903225806,0.0,0.0,0,0.0,0.659265875548133,0.0,0.00018427174937158742,0.3165824524603139,Utsuroi,0.6117752393196407,0.8719322870148366,3.0,0
2022-01-25,0.4736825286514728,0.0,20.0,4.7663317735906423e-11,0.9999999999513367,1,2.3194541209917157e-21,0.021266641146745865,0.3333333333333333,0.00017874359689043978,0.31236336325712943,Nagare,0.6117752393196407,0.8719322870148366,3.0,0
2022-01-26,0.4514947785134121,1.0,0.9523809523809523,3.2996938514306886e-11,0.9999999999660031,1,1.1217941599012696e-21,0.44659946408121665,0.3333333333333333,0.00017338128898372658,0.5323600337317096,Utsuroi,0.6117752393196407,0.8719322870148366,3.0,0
2022-01-27,0.41256600542314836,1.0,0.9523809523809523,0.0,0.0,0,0.0,0.44659946408121665,0.0,0.00016817985031421478,1.0,Utsuroi,0.6117752393196407,0.8719322870148366,3.0,0
2022-01-28,0.4347891239195589,1.0,0.9523809523809523,0.0,0.0,0,0.0,0.44659946408121665,0.0,0.00016313445480478834,1.0,Utsuroi,0.6117752393196407,0.8719322870148366,3.0,0
2022-01-31,0.46508801757248963,1.0,0.9523809523809523,0.0,0.0,0,0.0,0.44659946408121665,0.0,0.0001582404211606447,1.0,Utsuroi,0.6117752393196407,0.8719322870148366,3.0,0
2022-02-01,0.46368507269128395,1.0,0.9523809523809523,5.752442966240103e-11,0.9999999999414756,1,3.3665831652060762e-21,0.44659946408121665,0.3333333333333333,0.00015349320852582534,0.5227479121952154,Utsuroi,0.6117752393196407,0.8719322870148366,3.0,0
2022-02-02,0.46855411669076275,1.0,0.9523809523809523,0.0,0.0,0,0.0,0.44659946408121665,0.0,0.00014888841227005058,1.0,Utsuroi,0.6117752393196407,0.8719322870148366,3.0,0
2022-02-03,0.5001970079609832,1.0,0.9523809523809523,0.0,0.0,0,0.0,0.44659946408121665,0.0,0.00014442175990194906,1.0,Utsuroi,0.6117752393196407,0.8719322870148366,3.0,0
2022-02-04,0.5024605828953655,1.0,0.9523809523809523,9.04756269861994e-11,0.9999999999085244,1,8.276312704434091e-21,0.44659946408121665,0.3333333333333333,0.00014008910710489058,0.5227479121952154,Utsuroi,0.6117752393196407,0.8719322870148366,3.0,0
2022-02-07,0.4525676187166871,1.0,0.9523809523809523,1.9951273964246405e-10,0.9999999997994873,1,4.000484160972976e-20,0.44659946408121665,0.3333333333333333,0.00013588643389174387,1.0,Utsuroi,0.6117752393196407,0.8719322870148366,3.0,0
2022-02-08,0.46375580940798333,0.0,20.0,1.411811778494434e-10,0.9999999998578188,1,2.007330303506206e-20,0.021266641146745865,0.3333333333333333,0.00013180984087499156,0.2657116602239007,Nagare,0.6117752393196407,0.8719322870148366,3.0,0
2022-02-09,0.4730930560123107,1.0,0.9523809523809523,5.670703904832791e-10,0.9999999994319296,1,3.221358857002671e-19,0.44659946408121665,0.3333333333333333,0.0001278555456487418,0.5323600337317096,Utsuroi,0.6117752393196407,0.8719322870148366,3.0,0
2022-02-10,0.5050896308660284,2.0,0.48780487804878053,0.0,0.0,0,0.0,0.8719322870148366,0.0,0.00012401987927927955,0.1327798771626838,Katashi,0.6117752393196407,0.8719322870148366,3.0,0
2022-02-11,0.4828665123696181,2.0,0.48780487804878053,0.6876025781118618,0.5526039319841837,2,0.30763068980478514,0.8719322870148366,0.6666666666666666,0.00012029928290090116,0.3990990677841689,Katashi,0.6117752393196407,0.8719322870148366,3.0,0
2022-02-14,0.4845641935704048,2.0,0.48780487804878053,1.2879841636827311e-10,0.9999999998702016,1,1.6717827627185706e-20,0.8719322870148366,0.3333333333333333,0.00011669030441387412,0.8701332484818814,Katashi,0.6117752393196407,0.8719322870148366,3.0,0
2022-02-15,0.49589385769509997,1.0,0.9523809523809523,5.100625476232836e-10,0.9999999994889375,1,2.6067385381872694e-19,0.44659946408121665,0.3333333333333333,0.00011318959528145789,0.12556445936359972,Utsuroi,0.6117752393196407,0.8719322870148366,3.0,0
2022-02-16,0.4933473358939197,1.0,0.9523809523809523,5.100625476232836e-10,0.9999999994889375,1,2.6067385381872694e-19,0.44659946408121665,0.3333333333333333,0.00010979390742301415,1.0,Utsuroi,0.6117752393196407,0.8719322870148366,3.0,0
2022-02-17,0.4625297063185262,1.0,0.9523809523809523,0.0,0.0,0,0.0,0.44659946408121665,0.0,0.00010650009020032373,1.0,Utsuroi,0.6117752393196407,0.8719322870148366,3.0,0
2022-02-18,0.4746610532324818,1.0,0.9523809523809523,0.0,0.0,0,0.0,0.44659946408121665,0.0,0.00010330508749431401,1.0,Utsuroi,0.6117752393196407,0.8719322870148366,3.0,0
2022-02-22,0.47479073721309756,1.0,0.9523809523809523,0.0,0.0,0,0.0,0.44659946408121665,0.0,0.0001002059348694846,1.0,Utsuroi,0.6117752393196407,0.8719322870148366,3.0,0
2022-02-23,0.47899957185671477,1.0,0.9523809523809523,2.081135264096612e-11,0.9999999999781887,1,4.53923291009635e-22,0.44659946408121665,0.3333333333333333,9.719975682340005e-05,0.5227479121952154,Utsuroi,0.6117752393196407,0.8719322870148366,3.0,0
2022-02-24,0.46989811430805223,1.0,0.9523809523809523,0.4249229060293772,0.8487200353716604,2,0.06428232219389546,0.44659946408121665,0.6666666666666666,9.428376411869805e-05,0.2696956161810071,Utsuroi,0.6117752393196407,0.8719322870148366,3.0,0
2022-02-25,0.45705940022710206,1.0,0.9523809523809523,0.4399087772128758,0.8793751161316532,3,0.05306394516396959,0.44659946408121665,1.0,9.14552511951371e-05,0.15871657942179052,Utsuroi,0.6117752393196407,0.8719322870148366,3.0,0
2022-02-28,0.4666442253398776,1.0,0.9523809523809523,7.723821582279661e-12,0.9999999999912762,1,6.73810705532395e-23,0.44659946408121665,0.3333333333333333,8.871159365928299e-05,0.5284558863224977,Utsuroi,0.6117752393196407,0.8719322870148366,3.0,0
2022-03-01,0.46310738950490504,0.5,1.8181818181818181,1.296929230666662e-11,0.9999999999860307,1,1.8117154834063297e-22,0.23393305261408756,0.3333333333333333,8.60502458495045e-05,0.3416870839548959,Nagare,0.6117752393196407,0.8719322870148366,3.0,0
2022-03-02,0.4505398328379695,0.0,20.0,3.715283636223631e-11,0.9999999999618472,1,1.417485264263719e-21,0.021266641146745865,0.3333333333333333,8.346873847401936e-05,0.14197439593060102,Nagare,0.6117752393196407,0.8719322870148366,3.0,0
2022-03-03,0.43104007793448795,1.0,0.9523809523809523,1.2335898968211586e-10,0.999999999875641,1,1.5340796597115258e-20,0.44659946408121665,0.3333333333333333,8.096467631979877e-05,0.5323600337317096,Utsuroi,0.6117752393196407,0.8719322870148366,3.0,0
2022-03-04,0.42189146257469234,0.0,20.0,8.306078047228617e-11,0.9999999999159392,1,6.982152195983684e-21,0.021266641146745865,0.3333333333333333,7.853573603020481e-05,0.2657116602239007,Nagare,0.6117752393196407,0.8719322870148366,3.0,0
2022-03-07,0.4417566905144545,0.0,20.0,0.0,0.0,0,0.0,0.021266641146745865,0.0,7.617966394929866e-05,1.0,Nagare,0.6117752393196407,0.8719322870148366,3.0,0
2022-03-08,0.42068893839080174,0.0,20.0,0.0,0.0,0,0.0,0.021266641146745865,0.0,7.38942740308197e-05,1.0,Nagare,0.6117752393196407,0.8719322870148366,3.0,0
2022-03-09,0.4304506052953258,1.0,0.9523809523809523,0.0,0.0,0,0.0,0.44659946408121665,0.0,7.167744580989512e-05,0.46784498311578016,Utsuroi,0.6117752393196407,0.8719322870148366,3.0,0
2022-03-10,0.4307217627093403,1.0,0.9523809523809523,0.0,0.0,0,0.0,0.44659946408121665,0.0,6.952712243559825e-05,1.0,Utsuroi,0.6117752393196407,0.8719322870148366,3.0,0
2022-03-11,0.43900974801595916,1.0,0.9523809523809523,0.0,0.0,0,0.0,0.44659946408121665,0.0,6.744130876253031e-05,1.0,Utsuroi,0.6117752393196407,0.8719322870148366,3.0,0
2022-03-14,0.4393634315994565,0.5,1.8181818181818181,0.0,0.0,0,0.0,0.23393305261408756,0.0,6.541806949965439e-05,0.06413041882232406,Nagare,0.6117752393196407,0.8719322870148366,3.0,0
2022-03-15,0.4382198546794821,1.0,0.9523809523809523,5.45323341889039e-10,0.9999999994536767,1,2.979228585688092e-19,0.44659946408121665,0.3333333333333333,6.345552741466477e-05,0.07135381972728017,Utsuroi,0.6117752393196407,0.8719322870148366,3.0,0
2022-03-16,0.46672675150936027,2.0,0.48780487804878053,5.371092459533199e-11,0.9999999999452891,1,2.938573157383089e-21,0.8719322870148366,0.3333333333333333,6.155186159222482e-05,0.0379669253130952,Katashi,0.6117752393196407,0.8719322870148366,3.0,0
2022-03-17,0.4663494890202965,1.0,0.9523809523809523,0.0,0.0,0,0.0,0.44659946408121665,0.0,5.970530574445807e-05,0.13593423181795483,Utsuroi,0.6117752393196407,0.8719322870148366,3.0,0
2022-03-18,0.47542736766339255,1.0,0.9523809523809523,1.0268219607385451e-10,0.9999999998963178,1,1.064631331566842e-20,0.44659946408121665,0.3333333333333333,5.7914146572124326e-05,0.5227479121952154,Utsuroi,0.6117752393196407,0.8719322870148366,3.0,0
2022-03-21,0.47604041920812107,1.0,0.9523809523809523,0.0,0.0,0,0.0,0.44659946408121665,0.0,5.617672217496059e-05,1.0,Utsuroi,0.6117752393196407,0.8719322870148366,3.0,0
2022-03-22,0.46860127450189565,1.0,0.9523809523809523,0.0,0.0,0,0.0,0.44659946408121665,0.0,5.449142050971177e-05,1.0,Utsuroi,0.6117752393196407,0.8719322870148366,3.0,0
2022-03-23,0.4626004430352257,1.0,0.9523809523809523,0.0,0.0,0,0.0,0.44659946408121665,0.0,5.285667789442042e-05,1.0,Utsuroi,0.6117752393196407,0.8719322870148366,3.0,0
2022-03-24,0.4713835853587406,2.0,0.48780487804878053,0.0,0.0,0,0.0,0.8719322870148366,0.0,5.1270977557587804e-05,0.0012957736456781221,Katashi,0.6117752393196407,0.8719322870148366,3.0,0
2022-03-25,0.45319245971419886,2.0,0.48780487804878053,0.0,0.0,0,0.0,0.8719322870148366,0.0,4.973284823086017e-05,1.0,Katashi,0.6117752393196407,0.8719322870148366,3.0,0
2022-03-28,0.4572244525660675,2.0,0.48780487804878053,0.0,0.0,0,0.0,0.8719322870148366,0.0,4.824086278393436e-05,1.0,Katashi,0.6117752393196407,0.8719322870148366,3.0,0
2022-03-29,0.46123286651236967,1.0,0.9523809523809523,0.0,0.0,0,0.0,0.44659946408121665,0.0,4.679363690041633e-05,0.004928377690119445,Utsuroi,0.6117752393196407,0.8719322870148366,3.0,0
2022-03-30,0.46756380265697034,1.0,0.9523809523809523,0.0,0.0,0,0.0,0.44659946408121665,0.0,4.538982779340384e-05,1.0,Utsuroi,0.6117752393196407,0.8719322870148366,3.0,0
2022-03-31,0.48542482362358147,1.0,0.9523809523809523,2.503929285819089e-10,0.9999999997486071,1,6.294700608119664e-20,0.44659946408121665,0.3333333333333333,4.402813295960172e-05,0.5227479121952154,Utsuroi,0.6117752393196407,0.8719322870148366,3.0,0
2022-04-01,0.49060039339542455,1.0,0.9523809523809523,0.0,0.0,0,0.0,0.44659946408121665,0.0,4.270728897081367e-05,1.0,Utsuroi,0.6117752393196407,0.8719322870148366,3.0,0
2022-04-04,0.5034273180235914,1.0,0.9523809523809523,0.0,0.0,0,0.0,0.44659946408121665,0.0,4.142607030168926e-05,1.0,Utsuroi,0.6117752393196407,0.8719322870148366,3.0,0
2022-04-05,0.54772029213023,1.0,0.9523809523809523,0.0,0.0,0,0.0,0.44659946408121665,0.0,4.018328819263858e-05,1.0,Utsuroi,0.6117752393196407,0.8719322870148366,3.0,0
2022-04-06,0.5539922810109145,0.5,1.8181818181818181,0.0,0.0,0,0.0,0.23393305261408756,0.0,3.897778954685942e-05,0.06413041882232406,Nagare,0.6117752393196407,0.8719322870148366,3.0,0
2022-04-07,0.5677623618617408,0.0,20.0,0.0,0.0,0,0.0,0.021266641146745865,0.0,3.7808455860453635e-05,0.07779736038697582,Nagare,0.6117752393196407,0.8719322870148366,3.0,0
2022-04-08,0.5796814986255981,-0.5,1.8181818181818181,0.0,0.0,0,0.0,0.23393305261408756,0.0,3.6674202184640024e-05,0.872964087668259,Nagare,0.6117752393196407,0.8719322870148366,3.0,0
2022-04-11,0.6012561972189302,1.0,0.9523809523809523,3.7707725829922636e-11,0.9999999999612923,1,1.4595794789630098e-21,0.44659946408121665,0.3333333333333333,3.5573976119100825e-05,0.07135381972728017,Utsuroi,0.6117752393196407,0.8719322870148366,3.0,0
2022-04-12,0.5935105267403404,1.0,0.9523809523809523,3.082256672065007e-11,0.9999999999681775,1,9.80852504136972e-22,0.44659946408121665,0.3333333333333333,3.45067568355278e-05,1.0,Utsuroi,0.6117752393196407,0.8719322870148366,3.0,0
2022-04-13,0.5753076116430155,1.0,0.9523809523809523,0.0,0.0,0,0.0,0.44659946408121665,0.0,3.347155413046197e-05,1.0,Utsuroi,0.6117752393196407,0.8719322870148366,3.0,0
2022-04-14,0.6039559819062924,1.0,0.9523809523809523,1.0894196655292993e-10,0.9999999998900581,1,1.1977291633647287e-20,0.44659946408121665,0.3333333333333333,3.2467407506548104e-05,0.5227479121952154,Utsuroi,0.6117752393196407,0.8719322870148366,3.0,0
2022-04-18,0.5677859407673074,1.0,0.9523809523809523,0.0,0.0,0,0.0,0.44659946408121665,0.0,3.149338528135166e-05,1.0,Utsuroi,0.6117752393196407,0.8719322870148366,3.0,0
2022-04-19,0.5726431953140029,0.5,1.8181818181818181,0.0,0.0,0,0.0,0.23393305261408756,0.0,3.054858372291111e-05,0.06413041882232406,Nagare,0.6117752393196407,0.8719322870148366,3.0,0
2022-04-20,0.5556781727589181,0.0,20.0,0.16994719968503777,0.959368095904761,2,0.006905278318856883,0.021266641146745865,0.6666666666666666,2.9632126211223778e-05,0.04755749414125088,Nagare,0.6117752393196407,0.8719322870148366,3.0,0
2022-04-21,0.5612781628309579,-1.0,0.9523809523809523,0.6366010245415719,0.6665413085781041,2,0.21228014460147077,0.44659946408121665,0.6666666666666666,2.8743162424887063e-05,0.539745378811009,Utsuroi,0.6117752393196407,0.8719322870148366,3.0,0
2022-04-22,0.5753783483597148,0.0,20.0,0.6808480951616369,0.5782578417770823,2,0.28714234507543124,0.021266641146745865,0.6666666666666666,2.7880867552140452e-05,0.388843324834244,Nagare,0.6117752393196407,0.8719322870148366,3.0,0
2022-04-25,0.5801059189257947,0.0,20.0,0.7936417696875041,0.6100074052323979,3,0.30951441307638133,0.021266641146745865,1.0,2.7044441525576236e-05,0.2584124314684211,Nagare,0.6117752393196407,0.8719322870148366,3.0,0
2022-04-26,0.5656048920024076,0.0,20.0,0.6852444381835092,0.5627769964216083,2,0.2996046314479815,0.021266641146745865,0.6666666666666666,2.623310827980895e-05,0.42972687812157473,Nagare,0.6117752393196407,0.8719322870148366,3.0,0
2022-04-27,0.5484158698444414,0.0,20.0,0.15787379721270162,0.9631275966177905,2,0.0058211863343078825,0.021266641146745865,0.6666666666666666,2.5446115031414678e-05,0.9894052065763358,Nagare,0.6117752393196407,0.8719322870148366,3.0,0
2022-04-28,0.5668545739974312,0.0,20.0,2.3068769116884664e-11,0.9999999999759313,1,5.552363673708327e-22,0.021266641146745865,0.3333333333333333,2.4682731580472236e-05,0.6336916119751501,Nagare,0.6117752393196407,0.8719322870148366,3.0,0
2022-04-29,0.5767341354297877,0.5,1.8181818181818181,2.1359802815118833e-11,0.9999999999776402,1,4.776005066056263e-22,0.23393305261408756,0.3333333333333333,2.394224963305807e-05,0.9106399186686659,Nagare,0.6117752393196407,0.8719322870148366,3.0,0
2022-05-02,0.5707333039631177,1.0,0.9523809523809523,8.371514592294502e-11,0.9999999999152849,1,7.091938951200251e-21,0.44659946408121665,0.3333333333333333,2.3223982144066326e-05,0.1371356787486535,Utsuroi,0.6117752393196407,0.8719322870148366,3.0,0
2022-05-03,0.5890069557771421,0.0,20.0,3.0177749187968095e-11,0.9999999999688223,1,9.408736276708076e-22,0.021266641146745865,0.3333333333333333,2.2527262679744336e-05,0.2657116602239007,Nagare,0.6117752393196407,0.8719322870148366,3.0,0
2022-05-04,0.6279003605090562,0.0,20.0,0.6379595515394256,0.7723049052841912,3,0.14526026051262445,0.021266641146745865,1.0,2.1851444799352005e-05,0.23055389057539022,Nagare,0.6117752393196407,0.8719322870148366,3.0,0
2022-05-05,0.6449243303280572,0.0,20.0,0.6812949617275499,0.5768287683064504,2,0.28830442810085705,0.021266641146745865,0.6666666666666666,2.1195901455371446e-05,0.8798440784631167,Nagare,0.6117752393196407,0.8719322870148366,3.0,0
2022-05-06,0.6424131768852267,0.5,1.8181818181818181,0.5937445190528536,0.7191604224256997,2,0.16674695991785954,0.23393305261408756,0.6666666666666666,2.05600244117103e-05,0.9375110230334628,Nagare,0.6117752393196407,0.8719322870148366,3.0,0
2022-05-09,0.6329226673947171,0.0,20.0,0.6506823031248568,0.6446725553674852,2,0.23120528003695473,0.021266641146745865,0.6666666666666666,1.994322367935899e-05,0.28115030433459154,Nagare,0.6117752393196407,0.8719322870148366,3.0,0
2022-05-10,0.6243871035796502,0.0,20.0,0.0,0.0,0,0.0,0.021266641146745865,0.0,1.934492696897822e-05,1.0,Nagare,0.6117752393196407,0.8719322870148366,3.0,0
2022-05-11,0.6052646111652322,1.0,0.9523809523809523,0.0,0.0,0,0.0,0.44659946408121665,0.0,1.8764579159908872e-05,0.46784498311578016,Utsuroi,0.6117752393196407,0.8719322870148366,3.0,0
2022-05-12,0.594713050924231,1.0,0.9523809523809523,6.851252898101769e-11,0.9999999999304875,1,4.762477640906307e-21,0.44659946408121665,0.3333333333333333,1.8201641785111607e-05,0.5227479121952154,Utsuroi,0.6117752393196407,0.8719322870148366,3.0,0
2022-05-13,0.585929908600716,0.0,20.0,1.1113099329034027e-10,0.999999999887869,1,1.2461226205277855e-20,0.021266641146745865,0.3333333333333333,1.765559253155826e-05,0.2657116602239007,Nagare,0.6117752393196407,0.8719322870148366,3.0,0
2022-05-16,0.5738575089506767,1.0,0.9523809523809523,2.3211643715495714e-10,0.9999999997668836,1,5.411015170615813e-20,0.44659946408121665,0.3333333333333333,1.712592475561151e-05,0.5323600337317096,Utsuroi,0.6117752393196407,0.8719322870148366,3.0,0
2022-05-17,0.5599105863081019,0.0,20.0,4.433153843916292e-11,0.9999999999546685,1,2.0096158581777836e-21,0.021266641146745865,0.3333333333333333,1.6612147012943163e-05,0.2657116602239007,Nagare,0.6117752393196407,0.8719322870148366,3.0,0
2022-05-18,0.5503611295536761,1.0,0.9523809523809523,1.100506352651981e-10,0.9999999998889494,1,1.2221190523708038e-20,0.44659946408121665,0.3333333333333333,1.6113782602554867e-05,0.5323600337317096,Utsuroi,0.6117752393196407,0.8719322870148366,3.0,0
2022-05-19,0.5470482933215852,0.5,1.8181818181818181,0.0,0.0,0,0.0,0.23393305261408756,0.0,1.563036912447822e-05,0.3810312481551946,Nagare,0.6117752393196407,0.8719322870148366,3.0,0
2022-05-20,0.5500310248757454,1.0,0.9523809523809523,1.6132528644978016e-10,0.9999999998376747,1,2.6187169767885906e-20,0.44659946408121665,0.3333333333333333,1.5161458050743874e-05,0.07135381972728017,Utsuroi,0.6117752393196407,0.8719322870148366,3.0,0
2022-05-23,0.5462466105323248,2.0,0.48780487804878053,0.0,0.0,0,0.0,0.8719322870148366,0.0,1.4706614309221557e-05,0.1327798771626838,Katashi,0.6117752393196407,0.8719322870148366,3.0,0
2022-05-24,0.5273127493624389,0.5,1.8181818181818181,0.0,0.0,0,0.0,0.23393305261408756,0.0,1.426541587994491e-05,0.044489318910204356,Nagare,0.6117752393196407,0.8719322870148366,3.0,0
2022-05-25,0.5304723227083475,1.0,0.9523809523809523,0.0,0.0,0,0.0,0.44659946408121665,0.0,1.3837453403546563e-05,0.018095948666487893,Utsuroi,0.6117752393196407,0.8719322870148366,3.0,0
2022-05-26,0.5291283250910581,1.0,0.9523809523809523,2.438182988540124e-10,0.9999999997551817,1,5.969117576854498e-20,0.44659946408121665,0.3333333333333333,1.3422329801440165e-05,0.5227479121952154,Utsuroi,0.6117752393196407,0.8719322870148366,3.0,0
2022-05-27,0.5462112421739752,1.0,0.9523809523809523,3.189104535951475e-11,0.999999999967109,1,1.0489291140145964e-21,0.44659946408121665,0.3333333333333333,1.301965990739696e-05,1.0,Utsuroi,0.6117752393196407,0.8719322870148366,3.0,0
2022-05-31,0.5339148429210542,2.0,0.48780487804878053,1.591005105424833e-11,0.99999999998309,1,2.69039423647607e-22,0.8719322870148366,0.3333333333333333,1.2629070110175051e-05,0.0379669253130952,Katashi,0.6117752393196407,0.8719322870148366,3.0,0
2022-06-01,0.5130828798530662,2.0,0.48780487804878053,0.528927839742876,0.7783982024281618,2,0.11721136007281048,0.8719322870148366,0.6666666666666666,1.22501980068698e-05,0.5106989272408622,Katashi,0.6117752393196407,0.8719322870148366,3.0,0
2022-06-02,0.5373809420393272,0.0,20.0,0.4181919935118705,0.8891979885174744,3,0.046336514067002524,0.021266641146745865,1.0,1.1882692066663706e-05,0.4913299260923232,Nagare,0.6117752393196407,0.8719322870148366,3.0,0
2022-06-03,0.5615611096977557,0.0,20.0,0.5909018242467444,0.7221598601554229,2,0.1641762454831312,0.021266641146745865,0.6666666666666666,1.1526211304663794e-05,0.6757703732314763,Nagare,0.6117752393196407,0.8719322870148366,3.0,0
2022-06-06,0.5376049416422087,1.0,0.9523809523809523,5.945388625678232e-11,0.9999999999395461,1,3.594217162177572e-21,0.44659946408121665,0.3333333333333333,1.118042496552388e-05,0.7211294848512232,Utsuroi,0.6117752393196407,0.8719322870148366,3.0,0
2022-06-07,0.5028732137427789,0.0,20.0,3.3350100458428077e-11,0.9999999999656499,1,1.145578563303743e-21,0.021266641146745865,0.3333333333333333,1.0845012216558162e-05,0.2657116602239007,Nagare,0.6117752393196407,0.8719322870148366,3.0,0
2022-06-08,0.5037574227015221,1.0,0.9523809523809523,1.8203993867687405e-11,0.999999999980796,1,3.495889839021783e-22,0.44659946408121665,0.3333333333333333,1.0519661850061417e-05,0.5323600337317096,Utsuroi,0.6117752393196407,0.8719322870148366,3.0,0
2022-06-09,0.48779450363301297,1.0,0.9523809523809523,1.6692980331200446e-11,0.999999999982307,1,2.9534820339421093e-22,0.44659946408121665,0.3333333333333333,1.0204071994559575e-05,1.0,Utsuroi,0.6117752393196407,0.8719322870148366,3.0,0
2022-06-10,0.4904117621508926,0.0,20.0,2.129729725883383e-11,0.9999999999777027,1,4.74871696662399e-22,0.021266641146745865,0.3333333333333333,9.897949834722787e-06,0.2657116602239007,Nagare,0.6117752393196407,0.8719322870148366,3.0,0
2022-06-13,0.5508798654761389,0.0,20.0,2.810185417658654e-11,0.9999999999708982,1,8.178154406892538e-22,0.021266641146745865,0.3333333333333333,9.601011339681103e-06,1.0,Nagare,0.6117752393196407,0.8719322870148366,3.0,0
2022-06-14,0.5498777619895634,1.0,0.9523809523809523,1.9081736190938816e-11,0.9999999999799183,1,3.831939701345336e-22,0.44659946408121665,0.3333333333333333,9.312980999490669e-06,0.5323600337317096,Utsuroi,0.6117752393196407,0.8719322870148366,3.0,0
2022-06-15,0.57772444946358,1.0,0.9523809523809523,3.3667291176552537e-11,0.9999999999653327,1,1.1671530415851464e-21,0.44659946408121665,0.3333333333333333,9.03359156950595e-06,1.0,Utsuroi,0.6117752393196407,0.8719322870148366,3.0,0
2022-06-16,0.5740343507424254,0.0,20.0,4.312695755135904e-10,0.9999999995677304,1,1.8642470683905385e-19,0.021266641146745865,0.3333333333333333,8.76258382242077e-06,0.2657116602239007,Nagare,0.6117752393196407,0.8719322870148366,3.0,0
2022-06-17,0.5809901278845377,1.0,0.9523809523809523,1.378013258960519e-10,0.9999999998611987,1,1.9127003697530944e-20,0.44659946408121665,0.3333333333333333,8.499706307748146e-06,0.5323600337317096,Utsuroi,0.6117752393196407,0.8719322870148366,3.0,0
2022-06-21,0.5700259367961231,1.0,0.9523809523809523,0.0,0.0,0,0.0,0.44659946408121665,0.0,8.244715118515702e-06,1.0,Utsuroi,0.6117752393196407,0.8719322870148366,3.0,0
2022-06-22,0.5714996183940284,1.0,0.9523809523809523,0.0,0.0,0,0.0,0.44659946408121665,0.0,7.99737366496023e-06,1.0,Utsuroi,0.6117752393196407,0.8719322870148366,3.0,0
2022-06-23,0.5696368848542762,1.0,0.9523809523809523,2.0651735874800003e-10,0.9999999997924827,1,4.2855932258925505e-20,0.44659946408121665,0.3333333333333333,7.757452455011424e-06,0.5227479121952154,Utsuroi,0.6117752393196407,0.8719322870148366,3.0,0
2022-06-24,0.5876983265182023,0.0,20.0,8.931499983636177e-11,0.999999999909685,1,8.066482220168454e-21,0.021266641146745865,0.3333333333333333,7.524728881361081e-06,0.2657116602239007,Nagare,0.6117752393196407,0.8719322870148366,3.0,0
2022-06-27,0.6040738764341249,0.0,20.0,2.0133705811616063e-10,0.999999999797663,1,4.0737943579185653e-20,0.021266641146745865,0.3333333333333333,7.298987014920248e-06,1.0,Nagare,0.6117752393196407,0.8719322870148366,3.0,0
2022-06-28,0.6119020730821974,1.0,0.9523809523809523,2.5176416506780112e-11,0.9999999999738236,1,6.590278076926235e-22,0.44659946408121665,0.3333333333333333,7.080017404472641e-06,0.5323600337317096,Utsuroi,0.6117752393196407,0.8719322870148366,3.0,0
2022-06-29,0.6029656678725003,2.0,0.48780487804878053,0.6783831008095585,0.5857066978006795,2,0.2810495749906065,0.8719322870148366,0.6666666666666666,6.867616882338462e-06,0.046634261691445356,Katashi,0.6117752393196407,0.8719322870148366,3.0,0
2022-06-30,0.594029262662803,3.0,0.3278688524590164,9.188239058057228e-11,0.9999999999071176,1,8.534254057181176e-21,1.297265109947606,0.3333333333333333,0.3453394845211453,0.4109426821579225,Katashi,0.6117752393196407,0.8719322870148366,3.0,0
2022-07-01,0.5805774970371244,3.0,0.3278688524590164,3.774924817104201e-11,0.9999999999612508,1,1.462754150599979e-21,1.297265109947606,0.3333333333333333,0.6803121229182805,1.0,Katashi,0.6117752393196407,0.8719322870148366,3.0,0
2022-07-05,0.5782785537443922,2.0,0.48780487804878053,5.477174269530273e-11,0.9999999999442283,1,3.054714329015744e-21,0.8719322870148366,0.3333333333333333,0.659902759230732,0.037119340024643566,Katashi,0.6117752393196407,0.8719322870148366,3.0,0
2022-07-06,0.5543459645944119,1.5,0.6451612903225806,0.0,0.0,0,0.0,0.659265875548133,0.0,0.6401056764538101,0.3423552499706638,Utsuroi,0.6117752393196407,0.8719322870148366,3.0,0
2022-07-07,0.5372866264170612,2.0,0.48780487804878053,5.5256688112431836e-11,0.9999999999437433,1,3.1085570469814193e-21,0.8719322870148366,0.3333333333333333,0.6209025061601958,0.1640745932425547,Katashi,0.6117752393196407,0.8719322870148366,3.0,0
2022-07-08,0.5382179931869373,2.0,0.48780487804878053,9.808820422072385e-11,0.9999999999009118,1,9.719381842068839e-21,0.8719322870148366,0.3333333333333333,0.6022754309753899,1.0,Katashi,0.6117752393196407,0.8719322870148366,3.0,0
2022-07-11,0.5437944043534105,2.0,0.48780487804878053,1.844835395540268e-11,0.9999999999805517,1,3.5878970951338126e-22,0.8719322870148366,0.3333333333333333,0.5842071680461283,1.0,Katashi,0.6117752393196407,0.8719322870148366,3.0,0
2022-07-12,0.5413186192689299,1.5,0.6451612903225806,1.4583223517540364e-11,0.9999999999844168,1,2.2725330907585696e-22,0.659265875548133,0.3333333333333333,0.5666809530047444,0.0630058625832095,Utsuroi,0.6117752393196407,0.8719322870148366,3.0,0
2022-07-13,0.5256386470672185,2.0,0.48780487804878053,8.604672530009187e-12,0.9999999999903953,1,8.264487152893904e-23,0.8719322870148366,0.3333333333333333,0.549680524414602,0.03749147929746044,Katashi,0.6117752393196407,0.8719322870148366,3.0,0
2022-07-14,0.5031797395151433,1.0,0.9523809523809523,3.757871791446618e-11,0.9999999999614213,1,1.449737926731553e-21,0.44659946408121665,0.3333333333333333,0.533190108682164,0.12556445936359972,Utsuroi,0.6117752393196407,0.8719322870148366,3.0,0
2022-07-15,0.4418038483255875,2.0,0.48780487804878053,2.582734026610059e-11,0.9999999999731727,1,6.928782741511297e-22,0.8719322870148366,0.3333333333333333,0.517194405421699,0.0379669253130952,Katashi,0.6117752393196407,0.8719322870148366,3.0,0
2022-07-18,0.4412497440447752,1.0,0.9523809523809523,1.8152257474740868e-11,0.9999999999808478,1,3.4765630734818727e-22,0.44659946408121665,0.3333333333333333,0.5016785732590481,0.12556445936359972,Utsuroi,0.6117752393196407,0.8719322870148366,3.0,0
2022-07-19,0.42924808111143514,0.0,20.0,1.3814627218975498e-10,0.9999999998608537,1,1.9222535737419757e-20,0.021266641146745865,0.3333333333333333,0.4866282160612766,0.2657116602239007,Utsuroi,0.6117752393196407,0.8719322870148366,3.0,0
2022-07-20,0.4149474748853631,1.0,0.9523809523809523,0.0,0.0,0,0.0,0.44659946408121665,0.0,0.4720293695794383,0.4954374582522977,Utsuroi,0.6117752393196407,0.8719322870148366,3.0,0
2022-07-21,0.4323840755517775,1.0,0.9523809523809523,0.0,0.0,0,0.0,0.44659946408121665,0.0,0.45786848849205514,1.0,Utsuroi,0.6117752393196407,0.8719322870148366,3.0,0
2022-07-22,0.44005900931366776,1.0,0.9523809523809523,0.0,0.0,0,0.0,0.44659946408121665,0.0,0.44413243383729345,1.0,Utsuroi,0.6117752393196407,0.8719322870148366,3.0,0
2022-07-25,0.4536994061838782,1.0,0.9523809523809523,0.0,0.0,0,0.0,0.44659946408121665,0.0,0.4308084608221746,1.0,Utsuroi,0.6117752393196407,0.8719322870148366,3.0,0
2022-07-26,0.4829372490863174,0.0,20.0,5.749256626159616e-11,0.9999999999415075,1,3.3628864698694843e-21,0.021266641146745865,0.3333333333333333,0.41788420699750933,0.1872948223795069,Utsuroi,0.6117752393196407,0.8719322870148366,3.0,0
2022-07-27,0.5056437351468408,1.0,0.9523809523809523,4.4800718689348125e-11,0.9999999999541993,1,2.0519041227494613e-21,0.44659946408121665,0.3333333333333333,0.40534768078758404,0.5323600337317096,Utsuroi,0.6117752393196407,0.8719322870148366,3.0,0
2022-07-28,0.49508038545305627,0.0,20.0,1.393335446921232e-10,0.9999999998596665,1,1.955316714023825e-20,0.021266641146745865,0.3333333333333333,0.3931872503639565,0.2657116602239007,Utsuroi,0.6117752393196407,0.8719322870148366,3.0,0
2022-07-29,0.4735174763125074,1.0,0.9523809523809523,0.0,0.0,0,0.0,0.44659946408121665,0.0,0.3813916328530378,0.4954374582522977,Utsuroi,0.6117752393196407,0.8719322870148366,3.0,0
2022-08-01,0.4828783018224013,1.0,0.9523809523809523,0.0,0.0,0,0.0,0.44659946408121665,0.0,0.36994988386744665,1.0,Utsuroi,0.6117752393196407,0.8719322870148366,3.0,0
2022-08-02,0.47269221461768046,1.0,0.9523809523809523,1.7823986729396311e-10,0.9999999998207602,1,3.194768622015414e-20,0.44659946408121665,0.3333333333333333,0.35885138735142325,0.5227479121952154,Utsuroi,0.6117752393196407,0.8719322870148366,3.0,0
2022-08-03,0.5015056372199229,0.0,20.0,0.0,0.0,0,0.0,0.021266641146745865,0.0,0.3480858457308805,0.2517106054292457,Utsuroi,0.6117752393196407,0.8719322870148366,3.0,0
2022-08-04,0.5095224651125273,0.0,20.0,0.0,0.0,0,0.0,0.021266641146745865,0.0,0.3376432703589541,1.0,Utsuroi,0.6117752393196407,0.8719322870148366,3.0,0
2022-08-05,0.5273952755319216,1.0,0.9523809523809523,0.0,0.0,0,0.0,0.44659946408121665,0.0,0.32751397224818546,0.46784498311578016,Utsuroi,0.6117752393196407,0.8719322870148366,3.0,0
2022-08-08,0.5036866859848228,1.0,0.9523809523809523,0.0,0.0,0,0.0,0.44659946408121665,0.0,0.3176885530807399,1.0,Utsuroi,0.6117752393196407,0.8719322870148366,3.0,0
2022-08-09,0.5043115269823345,1.0,0.9523809523809523,0.0,0.0,0,0.0,0.44659946408121665,0.0,0.3081578964883177,1.0,Utsuroi,0.6117752393196407,0.8719322870148366,3.0,0
2022-08-10,0.49912416775770824,1.0,0.9523809523809523,0.0,0.0,0,0.0,0.44659946408121665,0.0,0.29891315959366815,1.0,Utsuroi,0.6117752393196407,0.8719322870148366,3.0,0
2022-08-11,0.5081548885896713,1.5,0.6451612903225806,9.782341602937694e-11,0.9999999999011766,1,9.667241976141335e-21,0.659265875548133,0.3333333333333333,0.2899457648058581,0.12339066358839546,Utsuroi,0.6117752393196407,0.8719322870148366,3.0,0
2022-08-12,0.5355889452162743,1.5,0.6451612903225806,6.229572413273949e-11,0.9999999999367043,1,3.943051591391305e-21,0.659265875548133,0.3333333333333333,0.28124739186168235,1.0,Utsuroi,0.6117752393196407,0.8719322870148366,3.0,0
2022-08-15,0.5370979951725294,1.0,0.9523809523809523,0.0,0.0,0,0.0,0.44659946408121665,0.0,0.27280997010583186,0.34515310293018864,Utsuroi,0.6117752393196407,0.8719322870148366,3.0,0
2022-08-16,0.5283266423017976,0.5,1.8181818181818181,0.0,0.0,0,0.0,0.23393305261408756,0.0,0.2646256710026569,0.06413041882232406,Utsuroi,0.6117752393196407,0.8719322870148366,3.0,0
2022-08-17,0.5492764998976181,1.0,0.9523809523809523,0.0,0.0,0,0.0,0.44659946408121665,0.0,0.2566869008725772,0.018095948666487893,Utsuroi,0.6117752393196407,0.8719322870148366,3.0,0
2022-08-18,0.5296824293718704,1.0,0.9523809523809523,0.0,0.0,0,0.0,0.44659946408121665,0.0,0.24898629384639986,1.0,Utsuroi,0.6117752393196407,0.8719322870148366,3.0,0
2022-08-19,0.5660293123026042,1.0,0.9523809523809523,0.0,0.0,0,0.0,0.44659946408121665,0.0,0.24151670503100786,1.0,Utsuroi,0.6117752393196407,0.8719322870148366,3.0,0
2022-08-22,0.5734566675560465,1.0,0.9523809523809523,0.0,0.0,0,0.0,0.44659946408121665,0.0,0.2342712038800776,1.0,Utsuroi,0.6117752393196407,0.8719322870148366,3.0,0
2022-08-23,0.5793631834004506,2.0,0.48780487804878053,0.0,0.0,0,0.0,0.8719322870148366,0.0,0.22724306776367528,0.0012957736456781221,Katashi,0.6117752393196407,0.8719322870148366,3.0,0
2022-08-24,0.5723720378999881,0.0,20.0,0.0,0.0,0,0.0,0.021266641146745865,0.0,0.22042577573076502,0.45106553035575614,Utsuroi,0.6117752393196407,0.8719322870148366,3.0,0
2022-08-25,0.5800587611146617,0.0,20.0,0.0,0.0,0,0.0,0.021266641146745865,0.0,0.21381300245884208,1.0,Utsuroi,0.6117752393196407,0.8719322870148366,3.0,0
2022-08-26,0.5809783384317546,0.0,20.0,0.0,0.0,0,0.0,0.021266641146745865,0.0,0.2073986123850768,1.0,Utsuroi,0.6117752393196407,0.8719322870148366,3.0,0
2022-08-29,0.6029892467780668,2.0,0.48780487804878053,0.0,0.0,0,0.0,0.8719322870148366,0.0,0.2011766540135245,0.19363121708431374,Katashi,0.6117752393196407,0.8719322870148366,3.0,0
2022-08-30,0.6010439870688319,2.0,0.48780487804878053,0.0,0.0,0,0.0,0.8719322870148366,0.0,0.19514135439311875,1.0,Katashi,0.6117752393196407,0.8719322870148366,3.0,0
2022-08-31,0.6119610203461135,0.5,1.8181818181818181,0.0,0.0,0,0.0,0.23393305261408756,0.0,0.18928711376132518,0.044489318910204356,Utsuroi,0.6117752393196407,0.8719322870148366,3.0,0
2022-09-01,0.5981202027785878,1.0,0.9523809523809523,1.1294143397639188e-10,0.9999999998860586,1,1.2868706444894367e-20,0.44659946408121665,0.3333333333333333,0.18360850034848542,0.07135381972728017,Utsuroi,0.6117752393196407,0.8719322870148366,3.0,0
2022-09-02,0.5600756386470672,1.5,0.6451612903225806,6.610311185124722e-10,0.9999999993379689,1,4.376231562820768e-19,0.659265875548133,0.3333333333333333,0.17810024533803084,0.06430464027240013,Utsuroi,0.6117752393196407,0.8719322870148366,3.0,0
2022-09-06,0.546494189040773,2.0,0.48780487804878053,0.0,0.0,0,0.0,0.8719322870148366,0.0,0.17275723797788992,0.3419597206460575,Katashi,0.6117752393196407,0.8719322870148366,3.0,0
2022-09-07,0.5897143229441365,2.0,0.48780487804878053,7.239908672304526e-11,0.9999999999266009,1,5.314025243656726e-21,0.8719322870148366,0.3333333333333333,0.1675745208385532,0.7315056863391235,Katashi,0.6117752393196407,0.8719322870148366,3.0,0
2022-09-08,0.597884413722923,1.0,0.9523809523809523,9.296796665394934e-11,0.999999999906032,1,8.736008734222852e-21,0.44659946408121665,0.3333333333333333,0.1625472852133966,0.12556445936359972,Utsuroi,0.6117752393196407,0.8719322870148366,3.0,0
2022-09-09,0.6419062304155473,1.0,0.9523809523809523,0.0,0.0,0,0.0,0.44659946408121665,0.0,0.1576708666569947,1.0,Utsuroi,0.6117752393196407,0.8719322870148366,3.0,0
2022-09-12,0.6303525666879705,2.0,0.48780487804878053,0.0,0.0,0,0.0,0.8719322870148366,0.0,0.15294074065728486,0.0012957736456781221,Katashi,0.6117752393196407,0.8719322870148366,3.0,0
2022-09-13,0.6566902042057322,1.0,0.9523809523809523,6.424675234190422e-10,0.9999999993565325,1,4.134069720921364e-19,0.44659946408121665,0.3333333333333333,0.1483525184375663,0.47738600748574,Utsuroi,0.6117752393196407,0.8719322870148366,3.0,0
2022-09-14,0.6310599338549651,1.0,0.9523809523809523,4.023870125905944e-11,0.9999999999587613,1,1.659390890159799e-21,0.44659946408121665,0.3333333333333333,0.1439019428844393,1.0,Utsuroi,0.6117752393196407,0.8719322870148366,3.0,0
2022-09-15,0.6424839136019261,2.0,0.48780487804878053,0.0,0.0,0,0.0,0.8719322870148366,0.0,0.13958488459790613,0.1327798771626838,Katashi,0.6117752393196407,0.8719322870148366,3.0,0
2022-09-16,0.6298574096710743,1.5,0.6451612903225806,0.0,0.0,0,0.0,0.659265875548133,0.0,0.13539733805996895,0.0014027938128137185,Utsuroi,0.6117752393196407,0.8719322870148366,3.0,0
2022-09-19,0.6327811939613183,1.0,0.9523809523809523,0.0,0.0,0,0.0,0.44659946408121665,0.0,0.13133541791816988,0.006062476854234333,Utsuroi,0.6117752393196407,0.8719322870148366,3.0,0
2022-09-20,0.6328637201308009,0.0,20.0,0.0,0.0,0,0.0,0.021266641146745865,0.0,0.12739535538062477,0.210789699087099,Nagare,0.6117752393196407,0.8719322870148366,3.0,0
2022-09-21,0.5945715774908321,1.0,0.9523809523809523,0.0,0.0,0,0.0,0.44659946408121665,0.0,0.12357349471920602,0.46784498311578016,Utsuroi,0.6117752393196407,0.8719322870148366,3.0,0
2022-09-22,0.5527897568270239,1.0,0.9523809523809523,3.328115560860122e-11,0.9999999999657189,1,1.1409157380356593e-21,0.44659946408121665,0.3333333333333333,0.11986628987762983,0.5227479121952154,Utsuroi,0.6117752393196407,0.8719322870148366,3.0,0
2022-09-23,0.5560200668896322,1.0,0.9523809523809523,3.484879051931697e-11,0.9999999999641512,1,1.2492862202857382e-21,0.44659946408121665,0.3333333333333333,0.11627030118130094,1.0,Utsuroi,0.6117752393196407,0.8719322870148366,3.0,0
2022-09-26,0.5451266125179169,3.0,0.3278688524590164,0.0,0.0,0,0.0,1.297265109947606,0.0,0.4581150150786314,0.0389088854481594,Katashi,0.6117752393196407,0.8719322870148366,3.0,0
2022-09-27,0.5121397236304069,1.0,0.9523809523809523,0.5361712315558584,0.7725545062935048,2,0.12194973047244181,0.44659946408121665,0.6666666666666666,0.4443715646262724,0.834453426706317,Utsuroi,0.6117752393196407,0.8719322870148366,3.0,0
2022-09-28,0.5027788981205131,1.0,0.9523809523809523,0.0,0.0,0,0.0,0.44659946408121665,0.0,0.43104041768748425,1.0,Utsuroi,0.6117752393196407,0.8719322870148366,3.0,0
2022-09-29,0.5252495951253715,0.0,20.0,3.980058504197144e-10,0.9999999996009942,1,1.5880665404584795e-19,0.021266641146745865,0.3333333333333333,0.41810920515685973,0.1872948223795069,Utsuroi,0.6117752393196407,0.8719322870148366,3.0,0
2022-09-30,0.5284209579240636,1.0,0.9523809523809523,0.5594519815955581,0.7526078221090229,2,0.13840404415234797,0.44659946408121665,0.6666666666666666,0.40556592900215394,0.3943407281438971,Utsuroi,0.6117752393196407,0.8719322870148366,3.0,0
2022-10-03,0.557033959828991,1.0,0.9523809523809523,0.9787458909298768,0.5725225786771219,3,0.4183917695850667,0.44659946408121665,1.0,0.3933989511320893,0.14769808580368315,Utsuroi,0.6117752393196407,0.8719322870148366,3.0,0
2022-10-04,0.5996292527348429,1.0,0.9523809523809523,0.6931273224302996,0.5031510324615395,2,0.344379594522192,0.44659946408121665,0.6666666666666666,0.3815969825981266,0.2206066848751611,Utsuroi,0.6117752393196407,0.8719322870148366,3.0,0
2022-10-05,0.6091197622253524,1.0,0.9523809523809523,3.6548764014560624e-11,0.9999999999624513,1,1.3723601065108208e-21,0.44659946408121665,0.3333333333333333,0.37014907312018275,0.788740055108818,Utsuroi,0.6117752393196407,0.8719322870148366,3.0,0
2022-10-06,0.6024351424972544,1.0,0.9523809523809523,3.5491831695156605e-11,0.9999999999635082,1,1.2951611636557257e-21,0.44659946408121665,0.3333333333333333,0.35904460092657725,1.0,Utsuroi,0.6117752393196407,0.8719322870148366,3.0,0
2022-10-07,0.6135172281135015,1.0,0.9523809523809523,0.0,0.0,0,0.0,0.44659946408121665,0.0,0.3482732628987799,1.0,Utsuroi,0.6117752393196407,0.8719322870148366,3.0,0
2022-10-10,0.6135290175662848,0.0,20.0,0.6862140940598918,0.5588092215244175,2,0.30275133035920027,0.021266641146745865,0.6666666666666666,0.3378250650118165,0.11116073296586715,Utsuroi,0.6117752393196407,0.8719322870148366,3.0,0
2022-10-11,0.5734330886504799,1.0,0.9523809523809523,3.30111493690216e-11,0.9999999999659889,1,1.1227464017885459e-21,0.44659946408121665,0.3333333333333333,0.327690313061462,0.746132036573574,Utsuroi,0.6117752393196407,0.8719322870148366,3.0,0
2022-10-12,0.5693303590819119,0.0,20.0,0.0,0.0,0,0.0,0.021266641146745865,0.0,0.31785960366961813,0.2517106054292457,Utsuroi,0.6117752393196407,0.8719322870148366,3.0,0
2022-10-13,0.5532967032967034,0.0,20.0,5.604687823379815e-10,0.9999999994385312,1,3.146857124475669e-19,0.021266641146745865,0.3333333333333333,0.3083238155595296,0.6334769358109171,Utsuroi,0.6117752393196407,0.8719322870148366,3.0,0
2022-10-14,0.5716057234690776,0.0,20.0,8.776257498116742e-11,0.9999999999112374,1,7.790030201192768e-21,0.021266641146745865,0.3333333333333333,0.2990741010927437,1.0,Utsuroi,0.6117752393196407,0.8719322870148366,3.0,0
2022-10-17,0.6071155552522013,2.0,0.48780487804878053,0.0,0.0,0,0.0,0.8719322870148366,0.0,0.29010187805996135,0.21471763126938215,Katashi,0.6117752393196407,0.8719322870148366,3.0,0
2022-10-18,0.6202018478415995,1.0,0.9523809523809523,0.0,0.0,0,0.0,0.44659946408121665,0.0,0.2813988217181625,0.004928377690119445,Utsuroi,0.6117752393196407,0.8719322870148366,3.0,0
2022-10-19,0.5957269438635899,0.0,20.0,1.0878593935408114,0.3972109552815983,3,0.6557497246204055,0.021266641146745865,1.0,0.2729568570666176,0.05301323001684022,Utsuroi,0.6117752393196407,0.8719322870148366,3.0,0
2022-10-20,0.5914827408616228,2.0,0.48780487804878053,0.0,0.0,0,0.0,0.8719322870148366,0.0,0.26476815135461906,0.4682461112005557,Katashi,0.6117752393196407,0.8719322870148366,3.0,0
2022-10-21,0.6096620770533815,0.0,20.0,5.136973067817398e-10,0.9999999994853027,1,2.6439860900576894e-19,0.021266641146745865,0.3333333333333333,0.25682510681398046,0.41935121460805447,Utsuroi,0.6117752393196407,0.8719322870148366,3.0,0
2022-10-24,0.6118077574599315,1.0,0.9523809523809523,0.0,0.0,0,0.0,0.44659946408121665,0.0,0.24912035360956103,0.4954374582522977,Utsuroi,0.6117752393196407,0.8719322870148366,3.0,0
2022-10-25,0.6214868981949728,1.5,0.6451612903225806,1.681317307457216e-10,0.9999999998308683,1,2.8436406897339117e-20,0.659265875548133,0.3333333333333333,0.2416467430012742,0.12339066358839546,Utsuroi,0.6117752393196407,0.8719322870148366,3.0,0
2022-10-26,0.6060898728600592,2.5,0.3921568627450981,0.0,0.0,0,0.0,1.0845986984813276,0.0,0.367063752177727,0.13211728221388708,Katashi,0.6117752393196407,0.8719322870148366,3.0,0
2022-10-27,0.5934280005708578,1.0,0.9523809523809523,0.0,0.0,0,0.0,0.44659946408121665,0.0,0.3560518396123952,0.004295852427023128,Utsuroi,0.6117752393196407,0.8719322870148366,3.0,0
2022-10-28,0.5675737306172088,2.0,0.48780487804878053,0.0,0.0,0,0.0,0.8719322870148366,0.0,0.34537028442402334,0.0012957736456781221,Katashi,0.6117752393196407,0.8719322870148366,3.0,0
2022-10-31,0.5647206830436644,0.0,20.0,0.0,0.0,0,0.0,0.021266641146745865,0.0,0.33500917589130264,0.45106553035575614,Utsuroi,0.6117752393196407,0.8719322870148366,3.0,0
2022-11-01,0.5414954610606786,1.0,0.9523809523809523,0.0,0.0,0,0.0,0.44659946408121665,0.0,0.32495890061456356,0.46784498311578016,Utsuroi,0.6117752393196407,0.8719322870148366,3.0,0
2022-11-02,0.5429809321113669,1.0,0.9523809523809523,7.267564327845906e-11,0.9999999999263244,1,5.354423161703258e-21,0.44659946408121665,0.3333333333333333,0.31521013359612665,0.5227479121952154,Utsuroi,0.6117752393196407,0.8719322870148366,3.0,0
2022-11-03,0.49117807658180335,1.0,0.9523809523809523,6.718192668609605e-11,0.9999999999318181,1,4.5805917139184244e-21,0.44659946408121665,0.3333333333333333,0.3057538295882428,1.0,Utsuroi,0.6117752393196407,0.8719322870148366,3.0,0
2022-11-04,0.4968959611816755,1.0,0.9523809523809523,6.708145148212467e-10,0.9999999993281855,1,4.506629131214955e-19,0.44659946408121665,0.3333333333333333,0.2965812147005955,1.0,Utsuroi,0.6117752393196407,0.8719322870148366,3.0,0
2022-11-07,0.4911662871290201,1.0,0.9523809523809523,2.80714340657127e-11,0.9999999999709286,1,8.160762235948085e-22,0.44659946408121665,0.3333333333333333,0.28768377825957764,1.0,Utsuroi,0.6117752393196407,0.8719322870148366,3.0,0
2022-11-08,0.46368507269128384,1.0,0.9523809523809523,0.5777985588008563,0.7354147052867578,2,0.15287700196521117,0.44659946408121665,0.6666666666666666,0.2790532649117903,0.27064586507623045,Utsuroi,0.6117752393196407,0.8719322870148366,3.0,0
2022-11-09,0.45674108500195465,0.0,20.0,0.0,0.0,0,0.0,0.021266641146745865,0.0,0.2706816669644366,0.36410032127183345,Utsuroi,0.6117752393196407,0.8719322870148366,3.0,0
2022-11-10,0.5192369742059183,1.0,0.9523809523809523,0.0,0.0,0,0.0,0.44659946408121665,0.0,0.2625612169555035,0.46784498311578016,Utsuroi,0.6117752393196407,0.8719322870148366,3.0,0
2022-11-11,0.5341624214295022,0.0,20.0,0.0,0.0,0,0.0,0.021266641146745865,0.0,0.2546843804468384,0.210789699087099,Utsuroi,0.6117752393196407,0.8719322870148366,3.0,0
2022-11-14,0.5312975844031745,1.0,0.9523809523809523,0.0,0.0,0,0.0,0.44659946408121665,0.0,0.24704384903343324,0.46784498311578016,Utsuroi,0.6117752393196407,0.8719322870148366,3.0,0
2022-11-15,0.5202626565980604,1.0,0.9523809523809523,0.0,0.0,0,0.0,0.44659946408121665,0.0,0.23963253356243022,1.0,Utsuroi,0.6117752393196407,0.8719322870148366,3.0,0
2022-11-16,0.49631827799529665,1.0,0.9523809523809523,0.0,0.0,0,0.0,0.44659946408121665,0.0,0.23244355755555732,1.0,Utsuroi,0.6117752393196407,0.8719322870148366,3.0,0
2022-11-17,0.4968370139177593,1.0,0.9523809523809523,0.0,0.0,0,0.0,0.44659946408121665,0.0,0.22547025082889058,1.0,Utsuroi,0.6117752393196407,0.8719322870148366,3.0,0
2022-11-18,0.4938778612691657,1.0,0.9523809523809523,0.0,0.0,0,0.0,0.44659946408121665,0.0,0.21870614330402385,1.0,Utsuroi,0.6117752393196407,0.8719322870148366,3.0,0
2022-11-21,0.49357133549680143,1.0,0.9523809523809523,5.401806778194691e-10,0.9999999994588193,1,2.9233533349669763e-19,0.44659946408121665,0.3333333333333333,0.21214495900490313,0.5227479121952154,Utsuroi,0.6117752393196407,0.8719322870148366,3.0,0
2022-11-22,0.5141557200563412,1.0,0.9523809523809523,0.5302918112411938,0.7773098158467756,2,0.11809078110024837,0.44659946408121665,0.6666666666666666,0.20578061023475602,0.27335133761362007,Utsuroi,0.6117752393196407,0.8719322870148366,3.0,0
2022-11-23,0.5336908433181726,1.0,0.9523809523809523,1.048261477614284e-11,0.9999999999885174,1,1.2036759542836667e-22,0.44659946408121665,0.3333333333333333,0.19960719192771334,0.6080329768720102,Utsuroi,0.6117752393196407,0.8719322870148366,3.0,0
2022-11-25,0.5131654060225489,1.0,0.9523809523809523,0.2791625452450537,0.9198389460460289,2,0.02237796385131665,0.44659946408121665,0.6666666666666666,0.19361897616988194,0.26514192055518604,Utsuroi,0.6117752393196407,0.8719322870148366,3.0,0
2022-11-28,0.5243064389027122,2.0,0.48780487804878053,1.0733465708056413,0.38583965791426605,3,0.6592068971025422,0.8719322870148366,1.0,0.18781040688478548,0.07915911122214514,Katashi,0.6117752393196407,0.8719322870148366,3.0,0
2022-11-29,0.5286331680741619,1.0,0.9523809523809523,0.6248254415841004,0.6826896318711114,2,0.19826359088534626,0.44659946408121665,0.6666666666666666,0.18217609467824192,0.16259588039668504,Utsuroi,0.6117752393196407,0.8719322870148366,3.0,0
2022-11-30,0.5976722035728247,1.0,0.9523809523809523,0.0,0.0,0,0.0,0.44659946408121665,0.0,0.17671081183789467,1.0,Utsuroi,0.6117752393196407,0.8719322870148366,3.0,0
2022-12-01,0.5908814787696777,1.0,0.9523809523809523,0.0,0.0,0,0.0,0.44659946408121665,0.0,0.17140948748275783,1.0,Utsuroi,0.6117752393196407,0.8719322870148366,3.0,0
2022-12-02,0.5968233629724313,1.0,0.9523809523809523,0.0,0.0,0,0.0,0.44659946408121665,0.0,0.1662672028582751,1.0,Utsuroi,0.6117752393196407,0.8719322870148366,3.0,0
2022-12-05,0.5819097052016308,1.0,0.9523809523809523,0.0,0.0,0,0.0,0.44659946408121665,0.0,0.16127918677252684,1.0,Utsuroi,0.6117752393196407,0.8719322870148366,3.0,0
2022-12-06,0.5906221108084462,0.0,20.0,0.0,0.0,0,0.0,0.021266641146745865,0.0,0.15644081116935102,0.210789699087099,Nagare,0.6117752393196407,0.8719322870148366,3.0,0
2022-12-07,0.5822398098795615,1.0,0.9523809523809523,0.0,0.0,0,0.0,0.44659946408121665,0.0,0.15174758683427048,0.46784498311578016,Utsuroi,0.6117752393196407,0.8719322870148366,3.0,0
2022-12-08,0.5824873883880095,0.0,20.0,0.0,0.0,0,0.0,0.021266641146745865,0.0,0.14719515922924237,0.210789699087099,Nagare,0.6117752393196407,0.8719322870148366,3.0,0
2022-12-09,0.5603350066082986,1.0,0.9523809523809523,0.0,0.0,0,0.0,0.44659946408121665,0.0,0.14277930445236509,0.46784498311578016,Utsuroi,0.6117752393196407,0.8719322870148366,3.0,0
2022-12-12,0.5492764998976178,0.0,20.0,0.6785452098876394,0.5852371942518761,2,0.2814353150799469,0.021266641146745865,0.6666666666666666,0.13849592531879412,0.11440149808151068,Nagare,0.6117752393196407,0.8719322870148366,3.0,0
2022-12-13,0.4929464944992896,1.0,0.9523809523809523,4.553624144312834e-11,0.9999999999534638,1,2.1190845189193028e-21,0.44659946408121665,0.3333333333333333,0.1343410475592303,0.7418416518054536,Utsuroi,0.6117752393196407,0.8719322870148366,3.0,0
2022-12-14,0.46517054374197236,0.0,20.0,4.686240284598049e-11,0.9999999999521376,1,2.242946166721634e-21,0.021266641146745865,0.3333333333333333,0.13031081613245338,0.2657116602239007,Nagare,0.6117752393196407,0.8719322870148366,3.0,0
2022-12-15,0.49920669392719086,1.0,0.9523809523809523,0.0,0.0,0,0.0,0.44659946408121665,0.0,0.12640149164847977,0.4954374582522977,Utsuroi,0.6117752393196407,0.8719322870148366,3.0,0
2022-12-16,0.46699790892337484,1.0,0.9523809523809523,1.4419021532200846e-11,0.999999999984581,1,2.2232688450642057e-22,0.44659946408121665,0.3333333333333333,0.12260944689902538,0.5227479121952154,Utsuroi,0.6117752393196407,0.8719322870148366,3.0,0
2022-12-19,0.4826896705778693,2.0,0.48780487804878053,2.094788786655687e-10,0.9999999997895211,1,4.409087485625649e-20,0.8719322870148366,0.3333333333333333,0.11893116349205461,0.0379669253130952,Katashi,0.6117752393196407,0.8719322870148366,3.0,0
2022-12-20,0.4831376697836326,0.5,1.8181818181818181,1.46765266595591e-10,0.9999999998522348,1,2.1686805500372545e-20,0.23393305261408756,0.3333333333333333,0.11536322858729298,0.32787106726033677,Nagare,0.6117752393196407,0.8719322870148366,3.0,0
2022-12-21,0.5009279540335442,1.0,0.9523809523809523,0.0,0.0,0,0.0,0.44659946408121665,0.0,0.11190233172967419,0.3505848065705256,Utsuroi,0.6117752393196407,0.8719322870148366,3.0,0
2022-12-22,0.5334550542625077,1.0,0.9523809523809523,1.5843026889123336e-10,0.9999999998405698,1,2.525857686710308e-20,0.44659946408121665,0.3333333333333333,0.10854526177778397,0.5227479121952154,Utsuroi,0.6117752393196407,0.8719322870148366,3.0,0
2022-12-23,0.5046652105658318,1.0,0.9523809523809523,1.311765140867087e-10,0.9999999998678235,1,1.7338451461322864e-20,0.44659946408121665,0.3333333333333333,0.10528890392445045,1.0,Utsuroi,0.6117752393196407,0.8719322870148366,3.0,0
2022-12-27,0.4888201860251551,1.0,0.9523809523809523,0.0,0.0,0,0.0,0.44659946408121665,0.0,0.10213023680671693,1.0,Utsuroi,0.6117752393196407,0.8719322870148366,3.0,0
2022-12-28,0.492970073404856,1.0,0.9523809523809523,0.0,0.0,0,0.0,0.44659946408121665,0.0,0.09906632970251542,1.0,Utsuroi,0.6117752393196407,0.8719322870148366,3.0,0
2022-12-29,0.5388782025427988,1.0,0.9523809523809523,0.0,0.0,0,0.0,0.44659946408121665,0.0,0.09609433981143994,1.0,Utsuroi,0.6117752393196407,0.8719322870148366,3.0,0
2022-12-30,0.5426861957917859,1.0,0.9523809523809523,0.0,0.0,0,0.0,0.44659946408121665,0.0,0.09321150961709675,1.0,Utsuroi,0.6117752393196407,0.8719322870148366,3.0,0
2023-01-03,0.46836548544623086,2.0,0.48780487804878053,0.0,0.0,0,0.0,0.8719322870148366,0.0,0.09041516432858385,0.0012957736456781221,Katashi,0.6117752393196407,0.8719322870148366,3.0,0
2023-01-04,0.4610678141734043,1.0,0.9523809523809523,0.0,0.0,0,0.0,0.44659946408121665,0.0,0.08770270939872633,0.004928377690119445,Utsuroi,0.6117752393196407,0.8719322870148366,3.0,0
2023-01-05,0.4768538914501647,2.0,0.48780487804878053,0.0,0.0,0,0.0,0.8719322870148366,0.0,0.08507162811676454,0.0012957736456781221,Katashi,0.6117752393196407,0.8719322870148366,3.0,0
2023-01-06,0.5179401343997618,2.0,0.48780487804878053,1.6987533600559899e-10,0.9999999998291247,1,2.902750136356607e-20,0.8719322870148366,0.3333333333333333,0.0825194792732616,0.7315056863391235,Katashi,0.6117752393196407,0.8719322870148366,3.0,0
2023-01-09,0.5111376201438314,2.0,0.48780487804878053,0.0,0.0,0,0.0,0.8719322870148366,0.0,0.08004389489506375,1.0,Katashi,0.6117752393196407,0.8719322870148366,3.0,0
2023-01-10,0.516973399271536,1.0,0.9523809523809523,0.0,0.0,0,0.0,0.44659946408121665,0.0,0.07764257804821184,0.004928377690119445,Utsuroi,0.6117752393196407,0.8719322870148366,3.0,0
2023-01-11,0.5333253702818921,3.0,0.3278688524590164,0.0,0.0,0,0.0,1.297265109947606,0.0,0.4206461236395349,0.00046278710671909806,Katashi,0.6117752393196407,0.8719322870148366,3.0,0
2023-01-12,0.5467299780964378,1.0,0.9523809523809523,1.622024736613937e-10,0.9999999998367975,1,2.6471841349498845e-20,0.44659946408121665,0.3333333333333333,0.4080267399303488,0.2894163733673961,Utsuroi,0.6117752393196407,0.8719322870148366,3.0,0
2023-01-13,0.5574465906764045,2.0,0.48780487804878053,1.0218159651210282e-10,0.9999999998968184,1,1.054325800238549e-20,0.8719322870148366,0.3333333333333333,0.39578593773243836,0.0379669253130952,Katashi,0.6117752393196407,0.8719322870148366,3.0,0
2023-01-17,0.5303308492749488,2.0,0.48780487804878053,0.0,0.0,0,0.0,0.8719322870148366,0.0,0.3839123596004652,1.0,Katashi,0.6117752393196407,0.8719322870148366,3.0,0
2023-01-18,0.5251317005975392,2.5,0.3921568627450981,0.0,0.0,0,0.0,1.0845986984813276,0.0,0.5050614002789423,0.00031283656309644137,Katashi,0.6117752393196407,0.8719322870148366,3.0,0
2023-01-19,0.481793672166343,2.0,0.48780487804878053,0.0,0.0,0,0.0,0.8719322870148366,0.0,0.48990955827057403,0.00048400749738553017,Katashi,0.6117752393196407,0.8719322870148366,3.0,0
2023-01-20,0.49308796793268844,2.0,0.48780487804878053,0.0,0.0,0,0.0,0.8719322870148366,0.0,0.4752122715224568,1.0,Katashi,0.6117752393196407,0.8719322870148366,3.0,0
2023-01-23,0.48226525027767264,2.5,0.3921568627450981,0.0,0.0,0,0.0,1.0845986984813276,0.0,0.5936223148432742,0.00031283656309644137,Katashi,0.6117752393196407,0.8719322870148366,3.0,0
2023-01-24,0.48278398620013535,2.0,0.48780487804878053,0.0,0.0,0,0.0,0.8719322870148366,0.0,0.575813645397976,0.00048400749738553017,Katashi,0.6117752393196407,0.8719322870148366,3.0,0
2023-01-25,0.47883451951774936,1.0,0.9523809523809523,0.0,0.0,0,0.0,0.44659946408121665,0.0,0.5585392360360367,0.004928377690119445,Utsuroi,0.6117752393196407,0.8719322870148366,3.0,0
2023-01-26,0.4435133189791575,0.0,20.0,0.0,0.0,0,0.0,0.021266641146745865,0.0,0.5417830589549556,0.210789699087099,Utsuroi,0.6117752393196407,0.8719322870148366,3.0,0
2023-01-27,0.43847922264071326,1.0,0.9523809523809523,0.0,0.0,0,0.0,0.44659946408121665,0.0,0.525529567186307,0.46784498311578016,Utsuroi,0.6117752393196407,0.8719322870148366,3.0,0
2023-01-30,0.4505044644796198,1.0,0.9523809523809523,1.7584489419958278e-11,0.9999999999814155,1,3.2679836858445733e-22,0.44659946408121665,0.3333333333333333,0.5097636801707177,0.5227479121952154,Utsuroi,0.6117752393196407,0.8719322870148366,3.0,0
2023-01-31,0.4255697718430638,0.0,20.0,0.6816514102887046,0.5756691858510644,2,0.2892456978935761,0.021266641146745865,0.6666666666666666,0.4944707697655962,0.16782161954501484,Utsuroi,0.6117752393196407,0.8719322870148366,3.0,0
2023-02-01,0.40632938490081355,1.5,0.6451612903225806,0.35685053933205435,0.8849963143932158,2,0.04103912723395496,0.659265875548133,0.6666666666666666,0.4796366466726283,0.49918886915671357,Utsuroi,0.6117752393196407,0.8719322870148366,3.0,0
2023-02-02,0.3910738329992988,2.0,0.48780487804878053,4.732658709255395e-11,0.9999999999516734,1,2.2871313860313748e-21,0.8719322870148366,0.3333333333333333,0.46524754727244944,0.5751230714180685,Katashi,0.6117752393196407,0.8719322870148366,3.0,0
2023-02-03,0.42839924051104183,2.0,0.48780487804878053,0.0,0.0,0,0.0,0.8719322870148366,0.0,0.45129012085427594,1.0,Katashi,0.6117752393196407,0.8719322870148366,3.0,0
2023-02-06,0.4531099335447162,1.0,0.9523809523809523,0.0,0.0,0,0.0,0.44659946408121665,0.0,0.43775141722864763,0.004928377690119445,Utsuroi,0.6117752393196407,0.8719322870148366,3.0,0
2023-02-07,0.4171285236502628,0.0,20.0,0.0,0.0,0,0.0,0.021266641146745865,0.0,0.4246188747117882,0.210789699087099,Utsuroi,0.6117752393196407,0.8719322870148366,3.0,0
2023-02-08,0.40742580400965506,0.5,1.8181818181818181,1.4380652223539778e-10,0.9999999998551935,1,2.082411917993538e-20,0.23393305261408756,0.3333333333333333,0.41188030847043455,0.6501500960417451,Utsuroi,0.6117752393196407,0.8719322870148366,3.0,0
2023-02-09,0.430214816239661,2.0,0.48780487804878053,6.9571459701831e-11,0.9999999999294286,1,4.909757925878175e-21,0.8719322870148366,0.3333333333333333,0.39952389921632153,0.03991246394312842,Katashi,0.6117752393196407,0.8719322870148366,3.0,0
2023-02-10,0.44356047679029054,2.0,0.48780487804878053,0.0,0.0,0,0.0,0.8719322870148366,0.0,0.3875381822398319,1.0,Katashi,0.6117752393196407,0.8719322870148366,3.0,0
2023-02-13,0.43636891059251304,2.0,0.48780487804878053,0.0,0.0,0,0.0,0.8719322870148366,0.0,0.3759120367726369,1.0,Katashi,0.6117752393196407,0.8719322870148366,3.0,0
2023-02-14,0.4348716500890415,1.0,0.9523809523809523,2.1686474835760816e-10,0.9999999997821353,1,4.724717903629169e-20,0.44659946408121665,0.3333333333333333,0.3646346756694578,0.47738600748574,Utsuroi,0.6117752393196407,0.8719322870148366,3.0,0
2023-02-15,0.4284346088693915,1.0,0.9523809523809523,4.447170408711568e-10,0.999999999554283,1,1.9821795368833772e-19,0.44659946408121665,0.3333333333333333,0.35369563539937404,1.0,Utsuroi,0.6117752393196407,0.8719322870148366,3.0,0
2023-02-16,0.46426275587766275,2.0,0.48780487804878053,0.0,0.0,0,0.0,0.8719322870148366,0.0,0.3430847663373928,0.1327798771626838,Katashi,0.6117752393196407,0.8719322870148366,3.0,0
2023-02-17,0.4675166448458374,2.0,0.48780487804878053,0.0,0.0,0,0.0,0.8719322870148366,0.0,0.33279222334727104,1.0,Katashi,0.6117752393196407,0.8719322870148366,3.0,0
2023-02-21,0.5101590955628225,1.0,0.9523809523809523,0.0,0.0,0,0.0,0.44659946408121665,0.0,0.3228084566468529,0.004928377690119445,Utsuroi,0.6117752393196407,0.8719322870148366,3.0,0
2023-02-22,0.5117624611413432,2.0,0.48780487804878053,0.0,0.0,0,0.0,0.8719322870148366,0.0,0.3131242029474473,0.0012957736456781221,Katashi,0.6117752393196407,0.8719322870148366,3.0,0
2023-02-23,0.5052900515633435,1.0,0.9523809523809523,0.0,0.0,0,0.0,0.44659946408121665,0.0,0.3037304768590239,0.004928377690119445,Utsuroi,0.6117752393196407,0.8719322870148366,3.0,0
2023-02-24,0.5348344202381471,1.0,0.9523809523809523,0.0,0.0,0,0.0,0.44659946408121665,0.0,0.29461856255325314,1.0,Utsuroi,0.6117752393196407,0.8719322870148366,3.0,0
2023-02-27,0.5448790340094688,1.0,0.9523809523809523,0.0,0.0,0,0.0,0.44659946408121665,0.0,0.2857800056766555,1.0,Utsuroi,0.6117752393196407,0.8719322870148366,3.0,0
2023-02-28,0.5416369344940775,2.0,0.48780487804878053,1.6874301954297663e-10,0.999999999830257,1,2.86429459335694e-20,0.8719322870148366,0.3333333333333333,0.27720660550635584,0.03146062842482156,Katashi,0.6117752393196407,0.8719322870148366,3.0,0
2023-03-01,0.546057979287793,1.0,0.9523809523809523,0.0,0.0,0,0.0,0.44659946408121665,0.0,0.26889040734116515,0.13593423181795483,Utsuroi,0.6117752393196407,0.8719322870148366,3.0,0
2023-03-02,0.5269119079678086,1.0,0.9523809523809523,0.0,0.0,0,0.0,0.44659946408121665,0.0,0.2608236951209302,1.0,Utsuroi,0.6117752393196407,0.8719322870148366,3.0,0
2023-03-03,0.5437236676367112,1.0,0.9523809523809523,0.0,0.0,0,0.0,0.44659946408121665,0.0,0.2529989842673023,1.0,Utsuroi,0.6117752393196407,0.8719322870148366,3.0,0
2023-03-06,0.5086028877954346,1.0,0.9523809523809523,0.0,0.0,0,0.0,0.44659946408121665,0.0,0.2454090147392832,1.0,Utsuroi,0.6117752393196407,0.8719322870148366,3.0,0
2023-03-07,0.4986408001935952,1.0,0.9523809523809523,0.0,0.0,0,0.0,0.44659946408121665,0.0,0.2380467442971047,1.0,Utsuroi,0.6117752393196407,0.8719322870148366,3.0,0
2023-03-08,0.49117807658180335,0.0,20.0,0.0,0.0,0,0.0,0.021266641146745865,0.0,0.23090534196819157,0.210789699087099,Utsuroi,0.6117752393196407,0.8719322870148366,3.0,0
2023-03-09,0.5020597415007353,0.0,20.0,0.0,0.0,0,0.0,0.021266641146745865,0.0,0.22397818170914582,1.0,Utsuroi,0.6117752393196407,0.8719322870148366,3.0,0
2023-03-10,0.47778525822004086,0.0,20.0,5.440758954324592e-11,0.9999999999445924,1,3.014592185943589e-21,0.021266641146745865,0.3333333333333333,0.21725883625787143,0.6334769358109171,Utsuroi,0.6117752393196407,0.8719322870148366,3.0,0
2023-03-13,0.49339449370505273,-0.5,1.8181818181818181,0.0,0.0,0,0.0,0.23393305261408756,0.0,0.21074107117013527,0.8822705432831813,Utsuroi,0.6117752393196407,0.8719322870148366,3.0,0
2023-03-14,0.499265641191107,1.0,0.9523809523809523,2.8588797995172845e-11,0.9999999999704112,1,8.459075363830842e-22,0.44659946408121665,0.3333333333333333,0.20441883903503122,0.07135381972728017,Utsuroi,0.6117752393196407,0.8719322870148366,3.0,0
2023-03-15,0.4802846222100882,1.0,0.9523809523809523,0.0,0.0,0,0.0,0.44659946408121665,0.0,0.1982862738639803,1.0,Utsuroi,0.6117752393196407,0.8719322870148366,3.0,0
2023-03-16,0.49960753532182106,1.0,0.9523809523809523,0.5062532306353638,0.7957388191238064,2,0.1034078827119674,0.44659946408121665,0.6666666666666666,0.19233768564806086,0.24959076793151758,Utsuroi,0.6117752393196407,0.8719322870148366,3.0,0
2023-03-17,0.4958231209784005,0.0,20.0,0.4956863030693306,0.8033761578672793,2,0.09746374540205599,0.021266641146745865,0.6666666666666666,0.18656755507861902,0.3916998260823512,Nagare,0.6117752393196407,0.8719322870148366,3.0,0
2023-03-20,0.5020479520479522,1.0,0.9523809523809523,7.263500911576076e-11,0.999999999926365,1,5.348477951747948e-21,0.44659946408121665,0.3333333333333333,0.18097052842626044,0.71301478236507,Utsuroi,0.6117752393196407,0.8719322870148366,3.0,0
2023-03-21,0.45272088160286916,0.0,20.0,0.5543495927596663,0.757144078094718,2,0.13462708140746643,0.021266641146745865,0.6666666666666666,0.1755414125734726,0.2030270042225254,Nagare,0.6117752393196407,0.8719322870148366,3.0,0
2023-03-22,0.44598910406363823,0.0,20.0,0.12586318355003276,0.9725219657074832,2,0.0034584728737531403,0.021266641146745865,0.6666666666666666,0.17027517019626842,0.9937052115770982,Nagare,0.6117752393196407,0.8719322870148366,3.0,0
2023-03-23,0.4022148658794622,1.0,0.9523809523809523,0.4755430565250176,0.8172465741101329,2,0.08690712273808568,0.44659946408121665,0.6666666666666666,0.16516691509038037,0.6204670320150998,Utsuroi,0.6117752393196407,0.8719322870148366,3.0,0
2023-03-24,0.3961904555072257,0.0,20.0,2.5507040923504772e-11,0.999999999973493,1,6.761156133461797e-22,0.021266641146745865,0.3333333333333333,0.16021190763766896,0.42777816783952893,Nagare,0.6117752393196407,0.8719322870148366,3.0,0
2023-03-27,0.4137449507014725,1.0,0.9523809523809523,0.6574969755356692,0.632711155604184,2,0.24149130433824004,0.44659946408121665,0.6666666666666666,0.1554055504085389,0.3445007468086171,Utsuroi,0.6117752393196407,0.8719322870148366,3.0,0
2023-03-28,0.3704305011758428,1.0,0.9523809523809523,0.6105372435181214,0.700385583949657,2,0.182925759693668,0.44659946408121665,0.6666666666666666,0.15074338389628272,0.6319778803603616,Utsuroi,0.6117752393196407,0.8719322870148366,3.0,0
2023-03-29,0.3855092112856089,1.0,0.9523809523809523,1.5517742645189743e-10,0.9999999998438226,1,2.423520767578675e-20,0.44659946408121665,0.3333333333333333,0.14622108237939424,0.6751030560295423,Utsuroi,0.6117752393196407,0.8719322870148366,3.0,0
2023-03-30,0.3971454011826681,2.0,0.48780487804878053,0.0,0.0,0,0.0,0.8719322870148366,0.0,0.14183444990801242,0.1327798771626838,Katashi,0.6117752393196407,0.8719322870148366,3.0,0
2023-03-31,0.404596335341677,1.0,0.9523809523809523,0.0,0.0,0,0.0,0.44659946408121665,0.0,0.13757941641077204,0.004928377690119445,Utsuroi,0.6117752393196407,0.8719322870148366,3.0,0
2023-04-03,0.40717822550120686,1.0,0.9523809523809523,0.0,0.0,0,0.0,0.44659946408121665,0.0,0.13345203391844887,1.0,Utsuroi,0.6117752393196407,0.8719322870148366,3.0,0
2023-04-04,0.3651606157817338,0.0,20.0,0.0,0.0,0,0.0,0.021266641146745865,0.0,0.1294484729008954,0.210789699087099,Nagare,0.6117752393196407,0.8719322870148366,3.0,0
2023-04-05,0.3848725808353137,1.0,0.9523809523809523,0.6871512565292122,0.5546988607039101,2,0.30598923740119793,0.44659946408121665,0.6666666666666666,0.12556501871386852,0.2241078954623107,Utsuroi,0.6117752393196407,0.8719322870148366,3.0,0
2023-04-06,0.3662570348905753,0.0,20.0,1.2390697698853514,0.4518778467534584,4,0.6791615902922558,0.021266641146745865,1.3333333333333333,0.12179806815245246,0.12801884258862573,Nagare,0.6117752393196407,0.8719322870148366,3.0,0
2023-04-10,0.37248186596012683,0.0,20.0,0.8042186710800074,0.6285422936182579,3,0.29873322298875227,0.021266641146745865,1.0,0.11814412610787889,0.34300020661603603,Nagare,0.6117752393196407,0.8719322870148366,3.0,0
2023-04-11,0.3503884314443321,0.0,20.0,0.6917644819434327,0.5262874610731134,2,0.32769750908086587,0.021266641146745865,0.6666666666666666,0.11459980232464252,0.5620781276411592,Nagare,0.6117752393196407,0.8719322870148366,3.0,0
2023-04-12,0.36165914830511103,1.0,0.9523809523809523,0.9785692445381178,0.5723938782179246,3,0.4184421995521599,0.44659946408121665,1.0,0.11116180825490324,0.4720401919804019,Utsuroi,0.6117752393196407,0.8719322870148366,3.0,0
2023-04-13,0.3700650281395623,0.0,20.0,0.9973814869659834,0.5456493942321151,3,0.4531608827846683,0.021266641146745865,1.0,0.10782695400725614,0.5407560766075439,Nagare,0.6117752393196407,0.8719322870148366,3.0,0
2023-04-14,0.3569669460973809,0.0,20.0,1.0879600725439382,0.39484488785335226,3,0.658384599711402,0.021266641146745865,1.0,0.10459214538703845,0.2980915582544269,Nagare,0.6117752393196407,0.8719322870148366,3.0,0
2023-04-17,0.3643117751813404,0.0,20.0,2.69883004829193e-11,0.9999999999720117,1,7.553560664221885e-22,0.021266641146745865,0.3333333333333333,0.1014543810254273,0.8318184009531112,Nagare,0.6117752393196407,0.8719322870148366,3.0,0
2023-04-18,0.3168474382760097,0.0,20.0,0.6634846242834036,0.6211777336736278,2,0.2513427490437405,0.021266641146745865,0.6666666666666666,0.09841074959466448,0.34010775010074257,Nagare,0.6117752393196407,0.8719322870148366,3.0,0
2023-04-19,0.3244634247739838,0.0,20.0,0.9346835059098554,0.5275594095616588,3,0.44158242740503084,0.021266641146745865,1.0,0.09545842710682453,0.16449495489498145,Nagare,0.6117752393196407,0.8719322870148366,3.0,0
2023-04-20,0.3148078629445089,0.0,20.0,1.2918333069837036e-11,0.9999999999860817,1,1.7980137659857843e-22,0.021266641146745865,0.3333333333333333,0.0925946742936198,0.7763892461300712,Nagare,0.6117752393196407,0.8719322870148366,3.0,0
2023-04-21,0.30471609136205413,1.0,0.9523809523809523,1.1348699757642605e-11,0.9999999999876513,1,1.4014143489485974e-22,0.44659946408121665,0.3333333333333333,0.0898168340648112,0.5323600337317096,Utsuroi,0.6117752393196407,0.8719322870148366,3.0,0
2023-04-24,0.31835648823226464,0.5,1.8181818181818181,1.0566227995853754,0.4720985338750649,3,0.557792725042153,0.23393305261408756,1.0,0.08712232904286686,0.11181709285042296,Nagare,0.6117752393196407,0.8719322870148366,3.0,0
2023-04-25,0.31132997437345267,1.0,0.9523809523809523,0.9223234066854071,0.54283534447841,3,0.42165366249683356,0.44659946408121665,1.0,0.08450865917158085,0.9235965633263994,Utsuroi,0.6117752393196407,0.8719322870148366,3.0,0
2023-04-26,0.2964281060554353,1.0,0.9523809523809523,0.37353099539026857,0.8766581183900097,2,0.04607201581108833,0.44659946408121665,0.6666666666666666,0.08197339939643342,0.6077508057066076,Utsuroi,0.6117752393196407,0.8719322870148366,3.0,0
2023-04-27,0.2937990580847724,1.0,0.9523809523809523,0.0960855677334596,0.9805003076066741,2,0.0018736390142405465,0.44659946408121665,0.6666666666666666,0.07951419741454041,0.9959459984686028,Utsuroi,0.6117752393196407,0.8719322870148366,3.0,0
2023-04-28,0.29603905411358833,0.0,20.0,2.1558199669614892e-11,0.9999999999774418,1,4.863136957656135e-22,0.021266641146745865,0.3333333333333333,0.07712877149210419,0.42027841071937866,Nagare,0.6117752393196407,0.8719322870148366,3.0,0
2023-05-01,0.27076246734631826,0.0,20.0,0.3698939260110447,0.878504597411906,2,0.04494041145560253,0.021266641146745865,0.6666666666666666,0.07481490834734106,0.38283779460854006,Nagare,0.6117752393196407,0.8719322870148366,3.0,0
2023-05-02,0.24114736195481537,0.0,20.0,0.35664454920385874,0.885097234785033,2,0.04097944490236873,0.021266641146745865,0.6666666666666666,0.07257046109692082,0.9256181966460741,Nagare,0.6117752393196407,0.8719322870148366,3.0,0
2023-05-03,0.2048122684768648,0.0,20.0,0.1676138468195918,0.9601038875533022,2,0.00668714088033801,0.021266641146745865,0.6666666666666666,0.0703933472640132,0.987829352790474,Nagare,0.6117752393196407,0.8719322870148366,3.0,0
2023-05-04,0.19803333312650084,0.0,20.0,0.5813157981653492,0.731943894734642,2,0.15582524878542642,0.021266641146745865,0.6666666666666666,0.06828154684609279,0.7271384533408038,Nagare,0.6117752393196407,0.8719322870148366,3.0,0
2023-05-05,0.2236636034772681,0.0,20.0,0.6930665392611097,0.506349768968645,2,0.34213245722634844,0.021266641146745865,0.6666666666666666,0.06623310044071,0.4713875434407796,Nagare,0.6117752393196407,0.8719322870148366,3.0,0
2023-05-08,0.20342111304844224,0.0,20.0,0.7585836584275667,0.6024854669079606,3,0.3015480287910853,0.021266641146745865,1.0,0.0642461074274887,0.4187462303003281,Nagare,0.6117752393196407,0.8719322870148366,3.0,0
2023-05-09,0.20060343383324747,0.0,20.0,1.2116307956858666e-11,0.9999999999868837,1,1.589209584297579e-22,0.021266641146745865,0.3333333333333333,0.062318724204664035,0.7257831154538923,Nagare,0.6117752393196407,0.8719322870148366,3.0,0
2023-05-10,0.2234278144216033,0.0,20.0,1.967026541628062e-11,0.9999999999793298,1,4.0658917182729205e-22,0.021266641146745865,0.3333333333333333,0.06044916247852411,1.0,Nagare,0.6117752393196407,0.8719322870148366,3.0,0
2023-05-11,0.22385223472179994,0.0,20.0,1.152222761638936e-11,0.9999999999874778,1,1.442837019696781e-22,0.021266641146745865,0.3333333333333333,0.05863568760416839,1.0,Nagare,0.6117752393196407,0.8719322870148366,3.0,0
2023-05-12,0.22358107730778537,0.0,20.0,1.137734351167758e-11,0.9999999999876227,1,1.4082103720884643e-22,0.021266641146745865,0.3333333333333333,0.056876616976043334,1.0,Nagare,0.6117752393196407,0.8719322870148366,3.0,0
2023-05-15,0.19444933948039544,0.5,1.8181818181818181,0.5790408263940126,0.8226162305577228,3,0.10271244444674117,0.23393305261408756,1.0,0.055170318466762035,0.35797001284536767,Nagare,0.6117752393196407,0.8719322870148366,3.0,0
2023-05-16,0.1924333430544611,-1.0,0.9523809523809523,0.8575711128809633,0.6669307540374166,3,0.2856305639265559,0.44659946408121665,1.0,0.053515208912759175,0.37301536939513735,Utsuroi,0.6117752393196407,0.8719322870148366,3.0,0
2023-05-17,0.22701180806770876,0.0,20.0,0.6252792103319635,0.68209630797058,2,0.19877856951377149,0.021266641146745865,0.6666666666666666,0.0519097526453764,0.6915273524101793,Nagare,0.6117752393196407,0.8719322870148366,3.0,0
2023-05-18,0.25251239443786033,1.0,0.9523809523809523,0.694132791232335,0.7276521328549664,3,0.18904558520755527,0.44659946408121665,1.0,0.050352460066015105,0.49559756420523715,Utsuroi,0.6117752393196407,0.8719322870148366,3.0,0
2023-05-19,0.25185218508199875,0.0,20.0,0.2731864112727766,0.9222714229743388,2,0.021234391010979965,0.021266641146745865,0.6666666666666666,0.04884188626403465,0.6386872074561654,Nagare,0.6117752393196407,0.8719322870148366,3.0,0
2023-05-22,0.2527128151351754,1.0,0.9523809523809523,1.8806178836232348e-11,0.9999999999801938,1,3.724781252352403e-22,0.44659946408121665,0.3333333333333333,0.047376629676113606,0.7085193693203613,Utsuroi,0.6117752393196407,0.8719322870148366,3.0,0
2023-05-23,0.2663767909109524,0.0,20.0,0.0,0.0,0,0.0,0.021266641146745865,0.0,0.045955330785830195,0.2517106054292457,Nagare,0.6117752393196407,0.8719322870148366,3.0,0
2023-05-24,0.27897971593623766,1.0,0.9523809523809523,0.0,0.0,0,0.0,0.44659946408121665,0.0,0.04457667086225529,0.46784498311578016,Utsuroi,0.6117752393196407,0.8719322870148366,3.0,0
2023-05-25,0.2656576342911747,0.5,1.8181818181818181,0.0,0.0,0,0.0,0.23393305261408756,0.0,0.043239370736387624,0.06413041882232406,Nagare,0.6117752393196407,0.8719322870148366,3.0,0
2023-05-26,0.32162216665322263,2.0,0.48780487804878053,0.0,0.0,0,0.0,0.8719322870148366,0.0,0.041942189614295994,0.0033154730754323403,Katashi,0.6117752393196407,0.8719322870148366,3.0,0
2023-05-30,0.30086094030193417,1.0,0.9523809523809523,0.6879192451252578,0.5510823777341182,2,0.30881907183257107,0.44659946408121665,0.6666666666666666,0.040683923925867116,0.6112819249232357,Utsuroi,0.6117752393196407,0.8719322870148366,3.0,0
2023-05-31,0.2898495914023865,1.0,0.9523809523809523,7.085076969301546e-11,0.9999999999281493,1,5.090680768627685e-21,0.44659946408121665,0.3333333333333333,0.0394634062080911,0.769841587536625,Utsuroi,0.6117752393196407,0.8719322870148366,3.0,0
2023-06-01,0.3006015723407028,0.5,1.8181818181818181,6.169009747284462e-11,0.9999999999373099,1,3.867356859112035e-21,0.23393305261408756,0.3333333333333333,0.03827950402184836,0.3416870839548959,Nagare,0.6117752393196407,0.8719322870148366,3.0,0
2023-06-02,0.2967700001861493,0.0,20.0,0.0,0.0,0,0.0,0.021266641146745865,0.0,0.03713111890119291,0.14535650784372622,Nagare,0.6117752393196407,0.8719322870148366,3.0,0
2023-06-05,0.29285590186211313,0.0,20.0,0.0,0.0,0,0.0,0.021266641146745865,0.0,0.03601718533415712,1.0,Nagare,0.6117752393196407,0.8719322870148366,3.0,0
2023-06-06,0.2880929629376835,1.0,0.9523809523809523,0.0,0.0,0,0.0,0.44659946408121665,0.0,0.03493666977413241,0.46784498311578016,Utsuroi,0.6117752393196407,0.8719322870148366,3.0,0
2023-06-07,0.31700070116219187,1.0,0.9523809523809523,1.3972378809400935e-11,0.9999999999850276,1,2.0919943931130287e-22,0.44659946408121665,0.3333333333333333,0.033888569680908434,0.5227479121952154,Utsuroi,0.6117752393196407,0.8719322870148366,3.0,0
2023-06-08,0.34607349172566565,1.0,0.9523809523809523,2.19272378029919e-11,0.9999999999770728,1,5.027305104094834e-22,0.44659946408121665,0.3333333333333333,0.03287191259048118,1.0,Utsuroi,0.6117752393196407,0.8719322870148366,3.0,0
2023-06-09,0.329886573054275,1.0,0.9523809523809523,1.7645662708613983e-11,0.9999999999813544,1,3.2901468478543087e-22,0.44659946408121665,0.3333333333333333,0.03188575521276674,1.0,Utsuroi,0.6117752393196407,0.8719322870148366,3.0,0
2023-06-12,0.35591768479967234,1.0,0.9523809523809523,0.0,0.0,0,0.0,0.44659946408121665,0.0,0.03092918255638374,1.0,Utsuroi,0.6117752393196407,0.8719322870148366,3.0,0
2023-06-13,0.3584877855064191,1.0,0.9523809523809523,4.138800413410334e-11,0.999999999957612,1,1.7543539748019757e-21,0.44659946408121665,0.3333333333333333,0.030001307079692226,0.5227479121952154,Utsuroi,0.6117752393196407,0.8719322870148366,3.0,0
2023-06-14,0.3402023442396113,1.0,0.9523809523809523,0.6263241420482353,0.6807218599801569,2,0.19997160712268458,0.44659946408121665,0.6666666666666666,0.02910126786730146,0.26011649216832433,Utsuroi,0.6117752393196407,0.8719322870148366,3.0,0
2023-06-15,0.32387395213482173,2.0,0.48780487804878053,1.4144319048321766e-10,0.9999999998575568,1,2.0147616197023214e-20,0.8719322870148366,0.3333333333333333,0.028228229831282415,0.3934540112249947,Katashi,0.6117752393196407,0.8719322870148366,3.0,0
2023-06-16,0.3582166280924045,2.0,0.48780487804878053,5.652023293668584e-11,0.9999999999424798,1,3.251055713922611e-21,0.8719322870148366,0.3333333333333333,0.027381382936343943,1.0,Katashi,0.6117752393196407,0.8719322870148366,3.0,0
2023-06-20,0.3357341416347628,0.0,20.0,0.6001431339161363,0.7122297217435007,2,0.17270335664077402,0.021266641146745865,0.6666666666666666,0.026559941448253625,0.41154395206710714,Nagare,0.6117752393196407,0.8719322870148366,3.0,0
2023-06-21,0.36908650355855327,0.0,20.0,0.41870376246145435,0.8522970958547585,2,0.06184376169209614,0.021266641146745865,0.6666666666666666,0.025763143204806015,0.8881419788918776,Nagare,0.6117752393196407,0.8719322870148366,3.0,0
2023-06-22,0.35767431326437543,1.5,0.6451612903225806,0.712308535809347,0.7475852022595018,3,0.17979721499514678,0.659265875548133,1.0,0.024990248908661833,0.32860258784220997,Utsuroi,0.6117752393196407,0.8719322870148366,3.0,0
2023-06-23,0.36808440007197774,1.0,0.9523809523809523,2.5143997994461904e-11,0.999999999973856,1,6.573640769200603e-22,0.44659946408121665,0.3333333333333333,0.02424054144140198,0.2912415112714182,Utsuroi,0.6117752393196407,0.8719322870148366,3.0,0
2023-06-26,0.3784944868795801,1.0,0.9523809523809523,0.5977843574008715,0.7148145265753214,2,0.1704794149712348,0.44659946408121665,0.6666666666666666,0.023513325198159917,0.26755924653016405,Utsuroi,0.6117752393196407,0.8719322870148366,3.0,0
2023-06-27,0.3817837442061045,0.0,20.0,0.4757731289643008,0.8170929147380463,2,0.08702227626481984,0.021266641146745865,0.6666666666666666,0.02280792544221512,0.42124069733794545,Nagare,0.6117752393196407,0.8719322870148366,3.0,0
2023-06-28,0.3887277318954339,1.0,0.9523809523809523,0.4836063119055311,0.8117973199971504,2,0.09101600396691494,0.44659946408121665,0.6666666666666666,0.022123687678948664,0.6448445968676882,Utsuroi,0.6117752393196407,0.8719322870148366,3.0,0
2023-06-29,0.34863180297962904,1.0,0.9523809523809523,4.0300762726133424e-11,0.9999999999586993,1,1.664451347546396e-21,0.44659946408121665,0.3333333333333333,0.021459977048580204,0.5792514171816481,Utsuroi,0.6117752393196407,0.8719322870148366,3.0,0
2023-06-30,0.3744978623860612,1.0,0.9523809523809523,0.6395062142269294,0.6622879545833323,2,0.215968951663246,0.44659946408121665,0.6666666666666666,0.0208161777371228,0.2550870716394802,Utsuroi,0.6117752393196407,0.8719322870148366,3.0,0
2023-07-03,0.36530208921513274,1.0,0.9523809523809523,0.0,0.0,0,0.0,0.44659946408121665,0.0,0.020191692405009114,1.0,Utsuroi,0.6117752393196407,0.8719322870148366,3.0,0
2023-07-05,0.3560473687802881,1.0,0.9523809523809523,0.14319741195116015,0.9675384169518588,2,0.004648414680331468,0.44659946408121665,0.6666666666666666,0.01958594163285884,0.26427659963918704,Utsuroi,0.6117752393196407,0.8719322870148366,3.0,0
2023-07-06,0.38173658639497154,1.0,0.9523809523809523,0.22360799212492022,0.9412161698205905,2,0.01314453423583004,0.44659946408121665,0.6666666666666666,0.018998363383873076,0.971570371853026,Utsuroi,0.6117752393196407,0.8719322870148366,3.0,0
2023-07-07,0.3852380538715943,1.0,0.9523809523809523,1.884814526656235e-11,0.9999999999801519,1,3.7410030830630775e-22,0.44659946408121665,0.3333333333333333,0.018428412482356885,0.5241680731658905,Utsuroi,0.6117752393196407,0.8719322870148366,3.0,0
2023-07-10,0.38084058798344517,1.0,0.9523809523809523,1.206101449669336,0.4940762312173468,4,0.610195390950932,0.44659946408121665,1.3333333333333333,0.017875560107886178,0.06367473213101871,Utsuroi,0.6117752393196407,0.8719322870148366,3.0,0
2023-07-11,0.35714378788912954,1.0,0.9523809523809523,0.0,0.0,0,0.0,0.44659946408121665,0.0,0.017339293304649592,1.0,Utsuroi,0.6117752393196407,0.8719322870148366,3.0,0
2023-07-12,0.3735193378050521,0.0,20.0,7.238742938128755e-11,0.9999999999266126,1,5.312325760672619e-21,0.021266641146745865,0.3333333333333333,0.016819114505510106,0.1872948223795069,Nagare,0.6117752393196407,0.8719322870148366,3.0,0
2023-07-13,0.40390075762746575,1.0,0.9523809523809523,0.0,0.0,0,0.0,0.44659946408121665,0.0,0.0163145410703448,0.4954374582522977,Utsuroi,0.6117752393196407,0.8719322870148366,3.0,0
2023-07-14,0.3739673370108153,1.0,0.9523809523809523,0.0,0.0,0,0.0,0.44659946408121665,0.0,0.015825104838234457,1.0,Utsuroi,0.6117752393196407,0.8719322870148366,3.0,0
2023-07-17,0.3834578465013248,0.0,20.0,8.415734775361565e-11,0.9999999999148427,1,7.166614667276423e-21,0.021266641146745865,0.3333333333333333,0.015350351693087422,0.1872948223795069,Nagare,0.6117752393196407,0.8719322870148366,3.0,0
2023-07-18,0.3736726006912342,1.0,0.9523809523809523,0.5066457942446319,0.7954499534250355,2,0.1036344208097493,0.44659946408121665,0.6666666666666666,0.0148898411422948,0.4070123990587323,Utsuroi,0.6117752393196407,0.8719322870148366,3.0,0
2023-07-19,0.380781640719529,0.0,20.0,1.0256221863477797,0.5171232244382943,3,0.49524913428816275,0.021266641146745865,1.0,0.014443145908025956,0.1776405589360731,Nagare,0.6117752393196407,0.8719322870148366,3.0,0
2023-07-20,0.4325255489851764,-1.0,0.9523809523809523,9.918699194808588e-11,0.999999999899813,1,9.937244169968604e-21,0.44659946408121665,0.3333333333333333,0.014009851530785176,0.9047288759619693,Utsuroi,0.6117752393196407,0.8719322870148366,3.0,0
2023-07-21,0.43700554104280814,0.0,20.0,0.677381566801903,0.588551076832301,2,0.27870791623429175,0.021266641146745865,0.6666666666666666,0.01358955598486162,0.1705217305366754,Nagare,0.6117752393196407,0.8719322870148366,3.0,0
2023-07-24,0.4026274967268756,0.0,20.0,0.5708323202651493,0.7421156887595076,2,0.1472086997453902,0.021266641146745865,0.6666666666666666,0.013181869305315772,0.7411885210171769,Nagare,0.6117752393196407,0.8719322870148366,3.0,0
2023-07-25,0.42382493283114403,1.0,0.9523809523809523,1.3696993370977617,0.3256127282923157,4,0.9237077990051833,0.44659946408121665,1.3333333333333333,0.012786413226156298,0.12050135714794719,Utsuroi,0.6117752393196407,0.8719322870148366,3.0,0
2023-07-26,0.4070485415205913,1.0,0.9523809523809523,1.260365493644901,0.38058853584964497,4,0.7806848357831729,0.44659946408121665,1.3333333333333333,0.01240282082937161,0.27822311264852373,Utsuroi,0.6117752393196407,0.8719322870148366,3.0,0
2023-07-27,0.3715740780958172,0.0,20.0,1.1321674682363887,0.5122063275358235,4,0.5522641271754969,0.021266641146745865,1.3333333333333333,0.012030736204490461,0.9142342225121363,Nagare,0.6117752393196407,0.8719322870148366,3.0,0
2023-07-28,0.4038300209107662,0.0,20.0,1.2827771411197593,0.3619147374534326,4,0.8185211888801367,0.021266641146745865,1.3333333333333333,0.011669814118355748,0.28720424788304255,Nagare,0.6117752393196407,0.8719322870148366,3.0,0
2023-07-31,0.41281358393159656,0.0,20.0,0.5444860794245512,0.765644278464371,2,0.1276034280096465,0.021266641146745865,0.6666666666666666,0.011319719694805075,0.5308385809209986,Nagare,0.6117752393196407,0.8719322870148366,3.0,0
2023-08-01,0.40806243445995,1.0,0.9523809523809523,0.1298097080682557,0.9714089987602198,2,0.003711389524315005,0.44659946408121665,0.6666666666666666,0.010980128103960922,0.6517752231048034,Utsuroi,0.6117752393196407,0.8719322870148366,3.0,0
2023-08-02,0.4436312135069901,1.0,0.9523809523809523,0.47943053365749444,0.8146359440549302,2,0.08886918826266245,0.44659946408121665,0.6666666666666666,0.010650724260842095,0.8111710085571354,Utsuroi,0.6117752393196407,0.8719322870148366,3.0,0
2023-08-03,0.4442088966933689,0.0,20.0,0.8412660328646157,0.641816076518665,4,0.3013279683430257,0.021266641146745865,1.3333333333333333,0.010331202533016831,0.15824127828041323,Nagare,0.6117752393196407,0.8719322870148366,3.0,0
2023-08-04,0.4299790271839961,0.0,20.0,0.7958576586963252,0.6291102872309695,3,0.29517541843891315,0.021266641146745865,1.0,0.010021266457026326,0.28757071628950914,Nagare,0.6117752393196407,0.8719322870148366,3.0,0
2023-08-07,0.4032759166299539,0.0,20.0,0.6655954844244342,0.6168283335640721,2,0.25503733093913916,0.021266641146745865,0.6666666666666666,0.009720628463315535,0.35693226965141045,Nagare,0.6117752393196407,0.8719322870148366,3.0,0
2023-08-08,0.4110451660141102,0.0,20.0,0.6537156344938005,0.6394820292197199,2,0.23567623401504828,0.021266641146745865,0.6666666666666666,0.00942900960941607,0.605775688314284,Nagare,0.6117752393196407,0.8719322870148366,3.0,0
2023-08-09,0.4484059418842029,0.0,20.0,2.302902313260404e-11,0.999999999975971,1,5.533644201396484e-22,0.021266641146745865,0.3333333333333333,0.009146139321133588,0.7855738015499382,Nagare,0.6117752393196407,0.8719322870148366,3.0,0
2023-08-10,0.44379626584595533,0.0,20.0,0.8587077843559863,0.6290364060707516,3,0.3185493258197187,0.021266641146745865,1.0,0.00887175514149958,0.20289248733828136,Nagare,0.6117752393196407,0.8719322870148366,3.0,0
2023-08-11,0.41637399867213537,-1.0,0.9523809523809523,0.664794979956604,0.7746825029676393,3,0.1497899409235004,0.44659946408121665,1.0,0.008605602487254591,0.8204382655161859,Utsuroi,0.6117752393196407,0.8719322870148366,3.0,0
2023-08-14,0.4058813856950503,1.0,0.9523809523809523,0.5807756841235281,0.7990527974302316,3,0.11670524904516642,0.44659946408121665,1.0,0.008347434412636953,0.8085842834480776,Utsuroi,0.6117752393196407,0.8719322870148366,3.0,0
2023-08-15,0.4276211366273478,1.0,0.9523809523809523,5.2908566415478974e-11,0.9999999999460915,1,2.852223796204983e-21,0.44659946408121665,0.3333333333333333,0.008097011380257844,0.5485981613871489,Utsuroi,0.6117752393196407,0.8719322870148366,3.0,0
2023-08-16,0.4399764831441851,1.0,0.9523809523809523,1.1836788151492124,0.4937155705646273,4,0.5992781535625571,0.44659946408121665,1.3333333333333333,0.007854101038850108,0.064473291713114,Utsuroi,0.6117752393196407,0.8719322870148366,3.0,0
2023-08-17,0.44433858067398446,1.0,0.9523809523809523,0.8533392067973526,0.7224297502847714,4,0.23686157672253627,0.44659946408121665,1.3333333333333333,0.007618478007684604,0.6983391689778757,Utsuroi,0.6117752393196407,0.8719322870148366,3.0,0
2023-08-18,0.452320040208239,1.0,0.9523809523809523,0.720256506031119,0.7319466004241855,3,0.19306720500823962,0.44659946408121665,1.0,0.0073899236674540665,0.1379438107754557,Utsuroi,0.6117752393196407,0.8719322870148366,3.0,0
2023-08-21,0.4358148063117008,1.0,0.9523809523809523,1.0120936346524672,0.4724916382038696,3,0.5338878551998143,0.44659946408121665,1.0,0.007168225957430444,0.3342735749570852,Utsuroi,0.6117752393196407,0.8719322870148366,3.0,0
2023-08-22,0.4430771092261776,1.0,0.9523809523809523,1.0431369181214365,0.46961374206775564,3,0.5532654865134027,0.44659946408121665,1.0,0.006953179178707531,0.3211394139912014,Utsuroi,0.6117752393196407,0.8719322870148366,3.0,0
2023-08-23,0.48884376493072146,1.0,0.9523809523809523,2.6300628341485486e-11,0.9999999999726994,1,7.180230976930839e-22,0.44659946408121665,0.3333333333333333,0.006744583803346305,0.7501180996390046,Utsuroi,0.6117752393196407,0.8719322870148366,3.0,0
2023-08-24,0.4904235516036758,2.0,0.48780487804878053,0.0,0.0,0,0.0,0.8719322870148366,0.0,0.006542246289245915,0.1327798771626838,Katashi,0.6117752393196407,0.8719322870148366,3.0,0
2023-08-25,0.5113969881050627,1.0,0.9523809523809523,2.7393309842291137e-11,0.9999999999716067,1,7.777861279819503e-22,0.44659946408121665,0.3333333333333333,0.006345978900568538,0.47738600748574,Utsuroi,0.6117752393196407,0.8719322870148366,3.0,0
2023-08-28,0.5459282953071773,1.0,0.9523809523809523,6.11639627815076e-11,0.9999999999378361,1,3.8021929529852374e-21,0.44659946408121665,0.3333333333333333,0.006155599533551481,1.0,Utsuroi,0.6117752393196407,0.8719322870148366,3.0,0
2023-08-29,0.5547232270834755,1.0,0.9523809523809523,2.6562529952987374e-11,0.9999999999724375,1,7.321299398575619e-22,0.44659946408121665,0.3333333333333333,0.005970931547544936,1.0,Utsuroi,0.6117752393196407,0.8719322870148366,3.0,0
2023-08-30,0.5705800410769355,1.0,0.9523809523809523,1.7134615946836997e-10,0.9999999998276539,1,2.9530848736101337e-20,0.44659946408121665,0.3333333333333333,0.005791803601118588,1.0,Utsuroi,0.6117752393196407,0.8719322870148366,3.0,0
2023-08-31,0.567774151314524,0.0,20.0,4.230638062003392e-11,0.9999999999566936,1,1.8321352859369547e-21,0.021266641146745865,0.3333333333333333,0.00561804949308503,0.2657116602239007,Nagare,0.6117752393196407,0.8719322870148366,3.0,0
2023-09-01,0.5091805709818131,0.0,20.0,0.0,0.0,0,0.0,0.021266641146745865,0.0,0.005449508008292479,1.0,Nagare,0.6117752393196407,0.8719322870148366,3.0,0
2023-09-05,0.503851738323788,1.0,0.9523809523809523,0.0,0.0,0,0.0,0.44659946408121665,0.0,0.005286022768043705,0.46784498311578016,Utsuroi,0.6117752393196407,0.8719322870148366,3.0,0
2023-09-06,0.5240588603942642,0.0,20.0,0.0,0.0,0,0.0,0.021266641146745865,0.0,0.005127442085002393,0.210789699087099,Nagare,0.6117752393196407,0.8719322870148366,3.0,0
2023-09-07,0.5172917144966835,1.0,0.9523809523809523,4.1662895354988843e-11,0.9999999999573371,1,1.7774588230987242e-21,0.44659946408121665,0.3333333333333333,0.0049736188224523215,0.4049249602186855,Utsuroi,0.6117752393196407,0.8719322870148366,3.0,0
2023-09-08,0.520781392520523,1.0,0.9523809523809523,4.305515942838754e-10,0.9999999995684484,1,1.8580521745022092e-19,0.44659946408121665,0.3333333333333333,0.004824410257778752,1.0,Utsuroi,0.6117752393196407,0.8719322870148366,3.0,0
2023-09-11,0.49877048417421094,1.0,0.9523809523809523,0.6841025449689957,0.567146608445419,2,0.29611610676095007,0.44659946408121665,0.6666666666666666,0.004679677950045389,0.22372065181695056,Utsuroi,0.6117752393196407,0.8719322870148366,3.0,0
2023-09-12,0.4985229056657628,1.0,0.9523809523809523,1.2509437929873199e-11,0.9999999999864906,1,1.6899519852207396e-22,0.44659946408121665,0.3333333333333333,0.004539287611544027,0.7623775166645548,Utsuroi,0.6117752393196407,0.8719322870148366,3.0,0
2023-09-13,0.48820713448042635,0.0,20.0,1.8023804670794187e-11,0.9999999999809762,1,3.4288094076742657e-22,0.021266641146745865,0.3333333333333333,0.004403108983197706,0.2657116602239007,Nagare,0.6117752393196407,0.8719322870148366,3.0,0
2023-09-14,0.48761766184126437,0.0,20.0,2.0695556379500232e-11,0.9999999999783045,1,4.490011524201273e-22,0.021266641146745865,0.3333333333333333,0.004271015713701774,1.0,Nagare,0.6117752393196407,0.8719322870148366,3.0,0
2023-09-15,0.48807745049981077,1.0,0.9523809523809523,1.7780110716893573e-11,0.9999999999812199,1,3.339120544983808e-22,0.44659946408121665,0.3333333333333333,0.004142885242290721,0.5323600337317096,Utsuroi,0.6117752393196407,0.8719322870148366,3.0,0
2023-09-18,0.4603014997424935,1.0,0.9523809523809523,0.0,0.0,0,0.0,0.44659946408121665,0.0,0.004018598685021999,1.0,Utsuroi,0.6117752393196407,0.8719322870148366,3.0,0
2023-09-19,0.4569768740576195,1.0,0.9523809523809523,0.0,0.0,0,0.0,0.44659946408121665,0.0,0.003898040724471339,1.0,Utsuroi,0.6117752393196407,0.8719322870148366,3.0,0
2023-09-20,0.4780092578229225,1.0,0.9523809523809523,0.0,0.0,0,0.0,0.44659946408121665,0.0,0.0037810995027371987,1.0,Utsuroi,0.6117752393196407,0.8719322870148366,3.0,0
2023-09-21,0.5099586748655073,1.0,0.9523809523809523,0.6929882021505025,0.5089154366341597,2,0.34031580867075817,0.44659946408121665,0.6666666666666666,0.0036676665176550824,0.16182795479652634,Utsuroi,0.6117752393196407,0.8719322870148366,3.0,0
2023-09-22,0.49959574586903793,0.0,20.0,1.4121918972363319,0.44591910886222846,5,0.782468544878247,0.021266641146745865,1.6666666666666667,0.00355763652212543,0.08551204562686943,Nagare,0.6117752393196407,0.8719322870148366,3.0,0
2023-09-25,0.44192174285341984,0.0,20.0,1.0642064990274998,0.5779457980795895,4,0.44915282462556555,0.021266641146745865,1.3333333333333333,0.003450907426461667,0.23107181921061737,Nagare,0.6117752393196407,0.8719322870148366,3.0,0
2023-09-26,0.4458947884413723,0.0,20.0,1.062879535616908,0.617603083671092,4,0.4064418568490074,0.021266641146745865,1.3333333333333333,0.003347380203667817,0.5494724634670175,Nagare,0.6117752393196407,0.8719322870148366,3.0,0
2023-09-27,0.43621564770633087,0.0,20.0,0.4914467673801709,0.8063679887927101,2,0.09515982596914364,0.021266641146745865,0.6666666666666666,0.0032469587975577823,0.4349873352992164,Nagare,0.6117752393196407,0.8719322870148366,3.0,0
2023-09-28,0.4343125260091158,0.0,20.0,0.25843656112906255,0.9281350247922596,2,0.01857253705831376,0.021266641146745865,0.6666666666666666,0.0031495500336310486,0.9662146363873831,Nagare,0.6117752393196407,0.8719322870148366,3.0,0
2023-09-29,0.36324988613299564,0.0,20.0,0.1357938656031542,0.9696969965671107,2,0.0041149619755376865,0.021266641146745865,0.6666666666666666,0.003055063532622117,0.9925103932768922,Nagare,0.6117752393196407,0.8719322870148366,3.0,0
2023-10-02,0.3579982226942689,0.0,20.0,0.21908750515819894,0.9428375281995021,2,0.012523583335446994,0.021266641146745865,0.6666666666666666,0.0029634116266434537,0.9772112146286479,Nagare,0.6117752393196407,0.8719322870148366,3.0,0
2023-10-03,0.39647520134401126,0.0,20.0,7.207678898135796e-12,0.9999999999917923,1,5.91581545507517e-23,0.021266641146745865,0.3333333333333333,0.00287450927784415,0.6344673949251521,Nagare,0.6117752393196407,0.8719322870148366,3.0,0
2023-10-04,0.4496826933356685,1.0,0.9523809523809523,5.120703860802874e-11,0.999999999947793,1,2.6733667088941567e-21,0.44659946408121665,0.3333333333333333,0.0027882739995088255,0.5323600337317096,Utsuroi,0.6117752393196407,0.8719322870148366,3.0,0
2023-10-05,0.45884352770323644,1.0,0.9523809523809523,2.1735613308945973e-11,0.9999999999772644,1,4.9417201840142775e-22,0.44659946408121665,0.3333333333333333,0.0027046257795235607,1.0,Utsuroi,0.6117752393196407,0.8719322870148366,3.0,0
2023-10-06,0.46792065379263054,1.5,0.6451612903225806,9.116929433566184e-12,0.9999999999898831,1,9.223513004849233e-23,0.659265875548133,0.3333333333333333,0.002623487006137854,0.06430464027240013,Utsuroi,0.6117752393196407,0.8719322870148366,3.0,0
2023-10-09,0.47606350362643757,1.0,0.9523809523809523,0.20289471773618747,0.9485047096640429,2,0.010448122397457044,0.44659946408121665,0.6666666666666666,0.0025447823959537184,0.889192209436467,Utsuroi,0.6117752393196407,0.8719322870148366,3.0,0
2023-10-10,0.4771837080936311,1.0,0.9523809523809523,0.13960069410443723,0.9685926598946871,2,0.004384486478675806,0.44659946408121665,0.6666666666666666,0.0024684389240751067,0.9905136149402124,Utsuroi,0.6117752393196407,0.8719322870148366,3.0,0
2023-10-11,0.5057211491130569,0.0,20.0,0.0,0.0,0,0.0,0.021266641146745865,0.0,0.0023943857563528534,0.3444890138220529,Nagare,0.6117752393196407,0.8719322870148366,3.0,0
2023-10-12,0.49103582895092895,1.0,0.9523809523809523,2.6376689717769693e-10,0.9999999997352331,1,6.983673711819505e-20,0.44659946408121665,0.3333333333333333,0.002322554183662268,0.4049249602186855,Utsuroi,0.6117752393196407,0.8719322870148366,3.0,0
2023-10-13,0.49683746844734605,1.0,0.9523809523809523,0.0,0.0,0,0.0,0.44659946408121665,0.0,0.0022528775581523997,1.0,Utsuroi,0.6117752393196407,0.8719322870148366,3.0,0
2023-10-16,0.4949397128571424,0.0,20.0,1.0667793439486457,0.41110397664334225,3,0.6282221134503817,0.021266641146745865,1.0,0.0021852912314078276,0.05512255060163196,Nagare,0.6117752393196407,0.8719322870148366,3.0,0
2023-10-17,0.4830141802194061,1.0,0.9523809523809523,0.0,0.0,0,0.0,0.44659946408121665,0.0,0.0021197324944655926,0.7173859164239728,Utsuroi,0.6117752393196407,0.8719322870148366,3.0,0
2023-10-18,0.49821155406012474,1.0,0.9523809523809523,9.24742504749448e-11,0.9999999999065258,1,8.643959206092233e-21,0.44659946408121665,0.3333333333333333,0.0020561405196316248,0.5227479121952154,Utsuroi,0.6117752393196407,0.8719322870148366,3.0,0
2023-10-19,0.4830672910298943,0.5,1.8181818181818181,0.6530780695600307,0.6405898352365682,2,0.2347228965839546,0.23393305261408756,0.6666666666666666,0.001994456304042676,0.38655890737398857,Nagare,0.6117752393196407,0.8719322870148366,3.0,0
2023-10-20,0.4819767882916881,0.0,20.0,0.5828967152788578,0.7303637450874546,2,0.15717008730861548,0.021266641146745865,0.6666666666666666,0.0019346226149213957,0.36518161034703567,Nagare,0.6117752393196407,0.8719322870148366,3.0,0
2023-10-23,0.4355777535656657,0.0,20.0,0.6648577679837958,0.618367278894792,2,0.253731479143591,0.021266641146745865,0.6666666666666666,0.0018765839364737538,0.5807255652578355,Nagare,0.6117752393196407,0.8719322870148366,3.0,0
2023-10-24,0.45186542702168875,0.0,20.0,1.5667633855720862e-10,0.9999999998423237,1,2.4704147938247706e-20,0.021266641146745865,0.3333333333333333,0.0018202864183795413,0.7959824967838526,Nagare,0.6117752393196407,0.8719322870148366,3.0,0
2023-10-25,0.46281894083845504,0.0,20.0,0.0,0.0,0,0.0,0.021266641146745865,0.0,0.001765677825828155,1.0,Nagare,0.6117752393196407,0.8719322870148366,3.0,0
2023-10-26,0.44521087197989456,0.0,20.0,5.4373394674089356e-11,0.9999999999446266,1,3.0108382403086923e-21,0.021266641146745865,0.3333333333333333,0.0017127074910533104,0.6334769358109171,Nagare,0.6117752393196407,0.8719322870148366,3.0,0
2023-10-27,0.4417449010616713,1.0,0.9523809523809523,0.0,0.0,0,0.0,0.44659946408121665,0.0,0.001661326266321711,0.4954374582522977,Utsuroi,0.6117752393196407,0.8719322870148366,3.0,0
2023-10-30,0.42764471553291417,1.0,0.9523809523809523,0.0,0.0,0,0.0,0.44659946408121665,0.0,0.0016114864783320596,1.0,Utsuroi,0.6117752393196407,0.8719322870148366,3.0,0
2023-10-31,0.4250864042789509,0.0,20.0,0.0,0.0,0,0.0,0.021266641146745865,0.0,0.0015631418839820977,0.210789699087099,Nagare,0.6117752393196407,0.8719322870148366,3.0,0
2023-11-01,0.45803792480811123,1.0,0.9523809523809523,0.0,0.0,0,0.0,0.44659946408121665,0.0,0.0015162476274626347,0.46784498311578016,Utsuroi,0.6117752393196407,0.8719322870148366,3.0,0
2023-11-02,0.4286232401139234,1.0,0.9523809523809523,0.0,0.0,0,0.0,0.44659946408121665,0.0,0.0014707601986387556,1.0,Utsuroi,0.6117752393196407,0.8719322870148366,3.0,0
2023-11-03,0.42558156129584707,0.0,20.0,0.0,0.0,0,0.0,0.021266641146745865,0.0,0.001426637392679593,0.210789699087099,Nagare,0.6117752393196407,0.8719322870148366,3.0,0
2023-11-06,0.4160792623525542,0.0,20.0,0.0,0.0,0,0.0,0.021266641146745865,0.0,0.001383838270899205,1.0,Nagare,0.6117752393196407,0.8719322870148366,3.0,0
2023-11-07,0.40017529054796136,0.0,20.0,0.0,0.0,0,0.0,0.021266641146745865,0.0,0.0013423231227722289,1.0,Nagare,0.6117752393196407,0.8719322870148366,3.0,0
2023-11-08,0.3979942417830617,1.0,0.9523809523809523,2.2569524024890888e-10,0.9999999997733048,1,5.116403172429388e-20,0.44659946408121665,0.3333333333333333,0.0013020534290890619,0.4049249602186855,Utsuroi,0.6117752393196407,0.8719322870148366,3.0,0
2023-11-09,0.4126838999509807,1.5,0.6451612903225806,0.0,0.0,0,0.0,0.659265875548133,0.0,0.00126299182621639,0.342995057902167,Utsuroi,0.6117752393196407,0.8719322870148366,3.0,0
2023-11-10,0.417328944347578,1.0,0.9523809523809523,0.0,0.0,0,0.0,0.44659946408121665,0.0,0.0012251020714298983,0.006062476854234333,Utsuroi,0.6117752393196407,0.8719322870148366,3.0,0
2023-11-13,0.4163268408610023,1.0,0.9523809523809523,0.0,0.0,0,0.0,0.44659946408121665,0.0,0.0011883490092870013,1.0,Utsuroi,0.6117752393196407,0.8719322870148366,3.0,0
2023-11-14,0.4427941623593798,2.0,0.48780487804878053,0.0,0.0,0,0.0,0.8719322870148366,0.0,0.0011526985390083913,0.0012957736456781221,Katashi,0.6117752393196407,0.8719322870148366,3.0,0
2023-11-15,0.44528173689664374,0.0,20.0,0.0,0.0,0,0.0,0.021266641146745865,0.0,0.0011181175828381396,0.45106553035575614,Nagare,0.6117752393196407,0.8719322870148366,3.0,0
2023-11-16,0.4304270263897594,1.0,0.9523809523809523,0.0,0.0,0,0.0,0.44659946408121665,0.0,0.0010845740553529954,0.46784498311578016,Utsuroi,0.6117752393196407,0.8719322870148366,3.0,0
2023-11-17,0.40619970092019797,0.0,20.0,2.4328716815916156e-10,0.9999999997557129,1,5.943192798439178e-20,0.021266641146745865,0.3333333333333333,0.0010520368336924056,0.1872948223795069,Nagare,0.6117752393196407,0.8719322870148366,3.0,0
2023-11-20,0.40914706411600826,0.0,20.0,8.415734775361565e-11,0.9999999999148427,1,7.166614667276423e-21,0.021266641146745865,0.3333333333333333,0.0010204757286816333,1.0,Nagare,0.6117752393196407,0.8719322870148366,3.0,0
2023-11-21,0.385226264418811,1.0,0.9523809523809523,4.450761981086047e-11,0.9999999999544924,1,2.025434856499915e-21,0.44659946408121665,0.3333333333333333,0.0009898614568211843,0.5323600337317096,Utsuroi,0.6117752393196407,0.8719322870148366,3.0,0
2023-11-22,0.3879732069173063,2.0,0.48780487804878053,9.457423732582478e-11,0.9999999999044258,1,9.038858511374338e-21,0.8719322870148366,0.3333333333333333,0.0009601656131165487,0.0379669253130952,Katashi,0.6117752393196407,0.8719322870148366,3.0,0
2023-11-24,0.40326412717717064,2.0,0.48780487804878053,0.0,0.0,0,0.0,0.8719322870148366,0.0,0.0009313606447230522,1.0,Katashi,0.6117752393196407,0.8719322870148366,3.0,0
2023-11-27,0.38781994403112413,2.0,0.48780487804878053,0.0,0.0,0,0.0,0.8719322870148366,0.0,0.0009034198253813606,1.0,Katashi,0.6117752393196407,0.8719322870148366,3.0,0
2023-11-28,0.3597728358597924,0.0,20.0,1.2293110972847845e-10,0.9999999998760689,1,1.5234986130300066e-20,0.021266641146745865,0.3333333333333333,0.0008763172306199198,0.41935121460805447,Nagare,0.6117752393196407,0.8719322870148366,3.0,0
2023-11-29,0.3735547061634018,0.0,20.0,6.36256602938529e-11,0.9999999999353744,1,4.111848900746406e-21,0.021266641146745865,0.3333333333333333,0.0008500277137013222,1.0,Nagare,0.6117752393196407,0.8719322870148366,3.0,0
2023-11-30,0.406105385297932,0.0,20.0,2.736610937818859e-11,0.9999999999716339,1,7.762694465027538e-22,0.021266641146745865,0.3333333333333333,0.0008245268822902825,1.0,Nagare,0.6117752393196407,0.8719322870148366,3.0,0
2023-12-01,0.40255676001017615,0.0,20.0,3.163158623866835e-11,0.9999999999673684,1,1.0321881344847087e-21,0.021266641146745865,0.3333333333333333,0.0007997910758215741,1.0,Nagare,0.6117752393196407,0.8719322870148366,3.0,0
2023-12-04,0.41942746694299493,1.0,0.9523809523809523,0.0,0.0,0,0.0,0.44659946408121665,0.0,0.0007757973435469269,0.4954374582522977,Utsuroi,0.6117752393196407,0.8719322870148366,3.0,0
2023-12-05,0.39436309032582323,0.0,20.0,1.0625294390172475,0.45487721728162284,3,0.5792090045172781,0.021266641146745865,1.0,0.0007525234232405191,0.059057252516278025,Nagare,0.6117752393196407,0.8719322870148366,3.0,0
2023-12-06,0.3777163829958861,1.0,0.9523809523809523,0.8852029794872454,0.6302392240147657,3,0.32731334059964523,0.44659946408121665,1.0,0.0007299477205433035,0.9947271207509747,Utsuroi,0.6117752393196407,0.8719322870148366,3.0,0
2023-12-07,0.4035706529495349,1.0,0.9523809523809523,0.0,0.0,0,0.0,0.44659946408121665,0.0,0.0007080492889270044,1.0,Utsuroi,0.6117752393196407,0.8719322870148366,3.0,0
2023-12-08,0.3981003468581108,0.0,20.0,0.7561460341530044,0.735947100967177,3,0.19966255241027284,0.021266641146745865,1.0,0.0006868078102591943,0.09180725543251256,Nagare,0.6117752393196407,0.8719322870148366,3.0,0
2023-12-11,0.37548817641985344,0.0,20.0,0.0,0.0,0,0.0,0.021266641146745865,0.0,0.0006662035759514184,1.0,Nagare,0.6117752393196407,0.8719322870148366,3.0,0
2023-12-12,0.3733896538244364,1.0,0.9523809523809523,2.390798670117827e-11,0.999999999975092,1,5.954992859265091e-22,0.44659946408121665,0.3333333333333333,0.0006462174686728758,0.4049249602186855,Utsuroi,0.6117752393196407,0.8719322870148366,3.0,0
2023-12-13,0.3534654786207581,1.0,0.9523809523809523,1.4824697025392542e-11,0.9999999999841753,1,2.3459601097412534e-22,0.44659946408121665,0.3333333333333333,0.0006268309446126895,1.0,Utsuroi,0.6117752393196407,0.8719322870148366,3.0,0
2023-12-14,0.34398675858303185,1.0,0.9523809523809523,0.2618284824677037,0.9268040595796273,2,0.019164782003062635,0.44659946408121665,0.6666666666666666,0.0006080260162743087,0.264925193383301,Utsuroi,0.6117752393196407,0.8719322870148366,3.0,0
2023-12-15,0.2760913000043435,1.0,0.9523809523809523,0.8743822317672907,0.6584133678290152,3,0.29867728177953834,0.44659946408121665,1.0,0.0005897852357860795,0.22218574619847065,Utsuroi,0.6117752393196407,0.8719322870148366,3.0,0
2023-12-18,0.2670252108140307,0.5,1.8181818181818181,1.0025475154963903,0.46523527238200196,4,0.5361270490485279,0.23393305261408756,1.3333333333333333,0.0005720916787124971,0.24265982992289936,Nagare,0.6117752393196407,0.8719322870148366,3.0,0
2023-12-19,0.279628135839316,0.0,20.0,0.9153174512866944,0.5532127066780629,3,0.40895220659071624,0.021266641146745865,1.0,0.0005549289283511221,0.9234603603831323,Nagare,0.6117752393196407,0.8719322870148366,3.0,0
2023-12-20,0.3081468221219774,1.0,0.9523809523809523,2.0782819909233873e-11,0.9999999999782172,1,4.527079635420766e-22,0.44659946408121665,0.3333333333333333,0.0005382810605005884,0.8980785798405927,Utsuroi,0.6117752393196407,0.8719322870148366,3.0,0
2023-12-21,0.31387649617463287,1.0,0.9523809523809523,0.2833743453207856,0.9181046078758216,2,0.023207053127978074,0.44659946408121665,0.6666666666666666,0.0005221326286855707,0.26520256784858987,Utsuroi,0.6117752393196407,0.8719322870148366,3.0,0
2023-12-22,0.3128272348769244,1.0,0.9523809523809523,1.059169689324725,0.4781229965148526,4,0.5527563036470821,0.44659946408121665,1.3333333333333333,0.0005064686498250036,0.10534023938616033,Utsuroi,0.6117752393196407,0.8719322870148366,3.0,0
2023-12-26,0.33348235615316363,0.0,20.0,1.0105197445865082,0.5474910555599323,4,0.45726922295868766,0.021266641146745865,1.3333333333333333,0.0004912745903302535,0.7299572856599389,Nagare,0.6117752393196407,0.8719322870148366,3.0,0
2023-12-27,0.3155859668282029,0.0,20.0,1.0882030852501825,0.4683499972741515,4,0.5785431732395363,0.021266641146745865,1.3333333333333333,0.0004765363526203459,0.4165900222932257,Nagare,0.6117752393196407,0.8719322870148366,3.0,0
2023-12-28,0.3196179596800715,0.0,20.0,1.1118014438475443,0.5892977248587579,4,0.4566193824935044,0.021266641146745865,1.3333333333333333,0.0004622402620417355,0.5068038444333467,Nagare,0.6117752393196407,0.8719322870148366,3.0,0
2023-12-29,0.35473873952134827,1.0,0.9523809523809523,6.985156897092413e-11,0.9999999999291485,1,4.949091711609126e-21,0.44659946408121665,0.3333333333333333,0.00044837305418048346,0.9926826447838196,Utsuroi,0.6117752393196407,0.8719322870148366,3.0,0
2024-01-02,0.39389151221449353,1.0,0.9523809523809523,0.6555073020511764,0.6363180110426695,2,0.23839619938602544,0.44659946408121665,0.6666666666666666,0.00043492186255506893,0.24713379082240716,Utsuroi,0.6117752393196407,0.8719322870148366,3.0,0
2024-01-03,0.3896001514013937,1.0,0.9523809523809523,5.662659230243881e-11,0.9999999999423734,1,3.2631962955054298e-21,0.44659946408121665,0.3333333333333333,0.0004218742066784169,0.7229018362250537,Utsuroi,0.6117752393196407,0.8719322870148366,3.0,0
2024-01-04,0.4086401176463289,1.0,0.9523809523809523,0.4037701341799469,0.8606564015793854,2,0.0562627834314082,0.44659946408121665,0.6666666666666666,0.0004092179804780644,0.26871342733453984,Utsuroi,0.6117752393196407,0.8719322870148366,3.0,0
2024-01-05,0.36284988303621846,1.0,0.9523809523809523,0.5473985548880536,0.7631697856649289,2,0.12964051708084592,0.44659946408121665,0.6666666666666666,0.00039694144106372243,0.7299182379903535,Utsuroi,0.6117752393196407,0.8719322870148366,3.0,0
2024-01-08,0.40773232978201934,1.0,0.9523809523809523,0.0,0.0,0,0.0,0.44659946408121665,0.0,0.00038503319783181073,1.0,Utsuroi,0.6117752393196407,0.8719322870148366,3.0,0
2024-01-09,0.4022148658794622,0.5,1.8181818181818181,6.357947501603147e-11,0.9999999999354205,1,4.1059277119753975e-21,0.23393305261408756,0.3333333333333333,0.0003734822018968564,0.9022852948345433,Nagare,0.6117752393196407,0.8719322870148366,3.0,0
2024-01-10,0.36256693616942065,1.0,0.9523809523809523,0.9084612118300663,0.5226501247901505,3,0.43365384610007085,0.44659946408121665,1.0,0.0003622777358399507,0.03436122654818652,Utsuroi,0.6117752393196407,0.8719322870148366,3.0,0
2024-01-11,0.37149155192633465,1.0,0.9523809523809523,0.22941310198425932,0.9391086464954587,2,0.013969274291496928,0.44659946408121665,0.6666666666666666,0.00035140940376475217,0.6959114844923269,Utsuroi,0.6117752393196407,0.8719322870148366,3.0,0
2024-01-12,0.3843420554600679,1.0,0.9523809523809523,4.4861447888792336e-11,0.9999999999541386,1,2.0574099622023837e-21,0.44659946408121665,0.3333333333333333,0.00034086712165180957,0.524350952001652,Utsuroi,0.6117752393196407,0.8719322870148366,3.0,0
2024-01-16,0.3720692351127134,1.0,0.9523809523809523,0.3253641650902568,0.8998719827167584,2,0.03257806874550471,0.44659946408121665,0.6666666666666666,0.00033064110800225526,0.26600980574047783,Utsuroi,0.6117752393196407,0.8719322870148366,3.0,0
2024-01-17,0.37090207928717245,1.0,0.9523809523809523,5.5632165540731595e-12,0.9999999999934368,1,3.651247191378425e-23,0.44659946408121665,0.3333333333333333,0.0003207218747621876,0.5312764669406873,Utsuroi,0.6117752393196407,0.8719322870148366,3.0,0
2024-01-18,0.4012717096568029,0.5,1.8181818181818181,0.2731107070554518,0.922302025007984,2,0.02122014888684631,0.23393305261408756,0.6666666666666666,0.00031110021851932197,0.5994117906870418,Nagare,0.6117752393196407,0.8719322870148366,3.0,0
2024-01-19,0.4441145810711028,0.0,20.0,0.6409081078237012,0.6601919027608737,2,0.2177857646247007,0.021266641146745865,0.6666666666666666,0.0003017672119637423,0.23385341220561895,Nagare,0.6117752393196407,0.8719322870148366,3.0,0
2024-01-22,0.44389058146822113,1.0,0.9523809523809523,0.5294849577050451,0.7779543085225278,2,0.11756985356053687,0.44659946408121665,0.6666666666666666,0.00029271419560483,0.7051052242304503,Utsuroi,0.6117752393196407,0.8719322870148366,3.0,0
2024-01-23,0.4473213122281446,2.0,0.48780487804878053,6.6514571628030026e-12,0.9999999999923486,1,5.0893192409923997e-23,0.8719322870148366,0.3333333333333333,0.00028393276973668507,0.33576968192041057,Katashi,0.6117752393196407,0.8719322870148366,3.0,0
2024-01-24,0.43592091138675,1.0,0.9523809523809523,0.22326798067240206,0.9413387223547776,2,0.013097185003511935,0.44659946408121665,0.6666666666666666,0.0002754147866445845,0.7809585315273717,Utsuroi,0.6117752393196407,0.8719322870148366,3.0,0
2024-01-25,0.403323074441087,2.0,0.48780487804878053,7.747913421913817e-12,0.9999999999912521,1,6.777790441850643e-23,0.8719322870148366,0.3333333333333333,0.000267152343045247,0.29829758836973497,Katashi,0.6117752393196407,0.8719322870148366,3.0,0
2024-01-26,0.4005407635842419,2.0,0.48780487804878053,0.6501189270720519,0.6456150328141732,2,0.23039237463731402,0.8719322870148366,0.6666666666666666,0.0002591377727538896,0.47334100880268315,Katashi,0.6117752393196407,0.8719322870148366,3.0,0
2024-01-29,0.4101845359609336,2.0,0.48780487804878053,0.637149670945885,0.6657470864351517,2,0.21296913389054645,0.8719322870148366,0.6666666666666666,0.0002513636395712729,0.7082841387402854,Katashi,0.6117752393196407,0.8719322870148366,3.0,0
2024-01-30,0.4118232698978041,2.0,0.48780487804878053,0.3723507908856769,0.877259055608154,2,0.04570268771835875,0.8719322870148366,0.6666666666666666,0.0002438227303841347,0.9346915001293287,Katashi,0.6117752393196407,0.8719322870148366,3.0,0
2024-01-31,0.4378308027376349,2.0,0.48780487804878053,0.6850443761771203,0.5635645163571086,2,0.29897767363370437,0.8719322870148366,0.6666666666666666,0.00023650804847261066,0.6064088399070595,Katashi,0.6117752393196407,0.8719322870148366,3.0,0
2024-02-01,0.45511414051786714,1.0,0.9523809523809523,9.471878836361715e-11,0.9999999999042812,1,9.06636556252665e-21,0.44659946408121665,0.3333333333333333,0.00022941280701843232,0.24938922962548937,Utsuroi,0.6117752393196407,0.8719322870148366,3.0,0
2024-02-02,0.41392179249322103,0.0,20.0,3.691946748246898e-11,0.9999999999620806,1,1.399965729975951e-21,0.021266641146745865,0.3333333333333333,0.00022253042280787934,0.2657116602239007,Nagare,0.6117752393196407,0.8719322870148366,3.0,0
2024-02-05,0.36728271728271733,0.0,20.0,3.195624875315343e-10,0.9999999996794375,1,1.0243973887202065e-19,0.021266641146745865,0.3333333333333333,0.00021585451012364295,1.0,Nagare,0.6117752393196407,0.8719322870148366,3.0,0
2024-02-06,0.342819602757491,1.0,0.9523809523809523,0.24823987727226776,0.9320743559280203,2,0.016861853548067973,0.44659946408121665,0.6666666666666666,0.00020937887481993364,0.4239501099529618,Utsuroi,0.6117752393196407,0.8719322870148366,3.0,0
2024-02-07,0.3521568493618184,1.0,0.9523809523809523,9.649503418473342e-12,0.9999999999893505,1,1.0276220617853047e-22,0.44659946408121665,0.3333333333333333,0.00020309750857533564,0.5250782010885264,Utsuroi,0.6117752393196407,0.8719322870148366,3.0,0
2024-02-08,0.31031608143409384,1.0,0.9523809523809523,1.3209433546889659e-11,0.9999999999857906,1,1.876982759625186e-22,0.44659946408121665,0.3333333333333333,0.00019700458331807556,1.0,Utsuroi,0.6117752393196407,0.8719322870148366,3.0,0
2024-02-09,0.30870092640278984,0.5,1.8181818181818181,0.5697036809803517,0.7431806649058366,2,0.14631092055007133,0.23393305261408756,0.6666666666666666,0.0001910944458185333,0.49307067532112847,Nagare,0.6117752393196407,0.8719322870148366,3.0,0
2024-02-12,0.3397661344866314,0.0,20.0,0.6910753077532896,0.5321748467538338,2,0.3233024117543242,0.021266641146745865,0.6666666666666666,0.00018536161244397728,0.22761389659026499,Nagare,0.6117752393196407,0.8719322870148366,3.0,0
2024-02-13,0.38832689050080366,0.0,20.0,0.5045640665220309,0.7969774928582709,2,0.10243786179892889,0.021266641146745865,0.6666666666666666,0.00017980076407065796,0.8167072935812292,Nagare,0.6117752393196407,0.8719322870148366,3.0,0
2024-02-14,0.4048557033029084,1.0,0.9523809523809523,0.28829351339349923,0.9160578196482845,2,0.024199986095506828,0.44659946408121665,0.6666666666666666,0.0001744067411485382,0.6522358816214607,Utsuroi,0.6117752393196407,0.8719322870148366,3.0,0
2024-02-15,0.3960018242626938,1.0,0.9523809523809523,1.8517409827533022e-11,0.9999999999804826,1,3.614114669149096e-22,0.44659946408121665,0.3333333333333333,0.00016917453891408205,0.5275109029893654,Utsuroi,0.6117752393196407,0.8719322870148366,3.0,0
2024-02-16,0.4003167639813602,1.0,0.9523809523809523,0.12308419950715796,0.9732979668426798,2,0.0032865983763823497,0.44659946408121665,0.6666666666666666,0.00016409930274665957,0.2643267249510265,Utsuroi,0.6117752393196407,0.8719322870148366,3.0,0
2024-02-20,0.398501188252741,1.0,0.9523809523809523,1.2810641436449889e-11,0.9999999999861894,1,1.7692289205752763e-22,0.44659946408121665,0.3333333333333333,0.00015917632366425978,0.5228370702529869,Utsuroi,0.6117752393196407,0.8719322870148366,3.0,0
2024-02-21,0.36833197858042593,1.0,0.9523809523809523,1.3499157346571658e-10,0.9999999998640084,1,1.8357713495218047e-20,0.44659946408121665,0.3333333333333333,0.00015440103395433197,1.0,Utsuroi,0.6117752393196407,0.8719322870148366,3.0,0
2024-02-22,0.4101727465081503,1.0,0.9523809523809523,2.1324164656029163e-11,0.9999999999776759,1,4.760436912115731e-22,0.44659946408121665,0.3333333333333333,0.000149769002935702,1.0,Utsuroi,0.6117752393196407,0.8719322870148366,3.0,0
2024-02-23,0.40193191901266434,0.0,20.0,0.0,0.0,0,0.0,0.021266641146745865,0.0,0.00014527593284763095,0.2517106054292457,Nagare,0.6117752393196407,0.8719322870148366,3.0,0
2024-02-26,0.40011634328404516,0.0,20.0,9.240663789275144e-11,0.9999999999065934,1,8.631391320744126e-21,0.021266641146745865,0.3333333333333333,0.00014091765486220201,0.6334769358109171,Nagare,0.6117752393196407,0.8719322870148366,3.0,0
2024-02-27,0.40345275842170253,0.0,20.0,8.256506589183259e-11,0.999999999916435,1,6.899553345421449e-21,0.021266641146745865,0.3333333333333333,0.00013669012521633594,1.0,Nagare,0.6117752393196407,0.8719322870148366,3.0,0
2024-02-28,0.39966834407828195,1.5,0.6451612903225806,1.3883372228650697e-10,0.9999999998601663,1,1.9413633096329973e-20,0.659265875548133,0.3333333333333333,0.00013258942145984585,0.3343827463103739,Utsuroi,0.6117752393196407,0.8719322870148366,3.0,0
2024-02-29,0.3904725709073535,1.0,0.9523809523809523,0.9144519835679662,0.4699509841777919,3,0.4847043739068665,0.44659946408121665,1.0,0.00012861173881605046,0.22997109998878007,Utsuroi,0.6117752393196407,0.8719322870148366,3.0,0
2024-03-01,0.4048321243973418,1.0,0.9523809523809523,2.6129431951092943e-11,0.9999999999728706,1,7.088760680195118e-22,0.44659946408121665,0.3333333333333333,0.00012475338665156893,0.7259250320436299,Utsuroi,0.6117752393196407,0.8719322870148366,3.0,0
2024-03-04,0.36585619349594506,0.0,20.0,0.6923481125192487,0.5199856846901293,2,0.3323370051870085,0.021266641146745865,0.6666666666666666,0.00012101078505202187,0.15671620889467275,Nagare,0.6117752393196407,0.8719322870148366,3.0,0
2024-03-05,0.33575772054032926,0.0,20.0,1.0409190256874192,0.4982601392485538,3,0.5222705670019369,0.021266641146745865,1.0,0.00011738046150046121,0.13998788015023178,Nagare,0.6117752393196407,0.8719322870148366,3.0,0
2024-03-06,0.3447884413722923,0.0,20.0,1.0323969833163664,0.4210313129871991,3,0.5977255259066532,0.021266641146745865,1.0,0.00011385904765544737,0.33323554059341276,Nagare,0.6117752393196407,0.8719322870148366,3.0,0
2024-03-07,0.38817362761462143,0.0,20.0,0.6931112729934391,0.5042371655248097,2,0.3436188093059348,0.021266641146745865,0.6666666666666666,0.00011044327622578394,0.2675109337193453,Nagare,0.6117752393196407,0.8719322870148366,3.0,0
2024-03-08,0.4015074987124676,0.0,20.0,0.065176795723355,0.9879603316418498,2,0.0007847070051560951,0.021266641146745865,0.6666666666666666,0.00010712997793901042,0.9985717229598718,Nagare,0.6117752393196407,0.8719322870148366,3.0,0
2024-03-11,0.3680608211664113,0.0,20.0,0.6923047560145177,0.5205205745334184,2,0.3319458866616229,0.021266641146745865,0.6666666666666666,0.00010391607860084011,0.48287049124234993,Nagare,0.6117752393196407,0.8719322870148366,3.0,0
2024-03-12,0.3722578663572452,1.0,0.9523809523809523,0.7649466800601967,0.5061982919228317,3,0.3777319772016843,0.44659946408121665,1.0,0.0001007985962428149,0.5038757481699705,Utsuroi,0.6117752393196407,0.8719322870148366,3.0,0
2024-03-13,0.36662250792685575,1.0,0.9523809523809523,1.323593013965481,0.4375504816979891,5,0.7444542531327915,0.44659946408121665,1.6666666666666667,9.777463835553045e-05,0.04149400788187396,Utsuroi,0.6117752393196407,0.8719322870148366,3.0,0
2024-03-14,0.3376086646272982,2.0,0.48780487804878053,3.198874498567854e-11,0.9999999999670113,1,1.055267843115779e-21,0.8719322870148366,0.3333333333333333,9.484139920486454e-05,0.9012947912363403,Katashi,0.6117752393196407,0.8719322870148366,3.0,0
2024-03-15,0.30465714409813793,1.0,0.9523809523809523,0.5235223599830909,0.7826586359051084,2,0.11378306385290186,0.44659946408121665,0.6666666666666666,9.19961572287186e-05,0.8722254955500758,Utsuroi,0.6117752393196407,0.8719322870148366,3.0,0
2024-03-18,0.2963809482443023,2.0,0.48780487804878053,0.6309875704908088,0.6744428013637002,2,0.20542254582331249,0.8719322870148366,0.6666666666666666,8.923627251185704e-05,0.11714694219877564,Katashi,0.6117752393196407,0.8719322870148366,3.0,0
2024-03-19,0.30445672340082275,2.0,0.48780487804878053,1.0504634772935764,0.4836993032861416,3,0.5423550251991358,0.8719322870148366,1.0,8.655918433650133e-05,0.2581763815603647,Katashi,0.6117752393196407,0.8719322870148366,3.0,0
2024-03-20,0.3146310211527603,2.0,0.48780487804878053,0.7756500263690724,0.6783613910285932,3,0.24947899552998348,0.8719322870148366,1.0,8.396240880640628e-05,0.7006106835258334,Katashi,0.6117752393196407,0.8719322870148366,3.0,0
2024-03-21,0.3051169327566843,2.0,0.48780487804878053,0.693118205655421,0.5038062203503502,2,0.3439209422081467,0.8719322870148366,0.6666666666666666,8.144353654221409e-05,0.8327166640806056,Katashi,0.6117752393196407,0.8719322870148366,3.0,0
2024-03-22,0.30163904418562804,1.0,0.9523809523809523,0.6855091064541684,0.5617195572090292,2,0.30044523471397566,0.44659946408121665,0.6666666666666666,7.900023044594767e-05,0.36208772687673185,Utsuroi,0.6117752393196407,0.8719322870148366,3.0,0
2024-03-25,0.2694420486345953,1.0,0.9523809523809523,0.6465833902948367,0.6513876569783612,2,0.22540695064955776,0.44659946408121665,0.6666666666666666,7.663022353256923e-05,0.5616393838284448,Utsuroi,0.6117752393196407,0.8719322870148366,3.0,0
2024-03-26,0.26760289400040954,2.0,0.48780487804878053,2.0894508345508724e-11,0.9999999999781055,1,4.574745251285744e-22,0.8719322870148366,0.3333333333333333,7.433131682659216e-05,0.41327372619360003,Katashi,0.6117752393196407,0.8719322870148366,3.0,0
2024-03-27,0.2660466862330217,1.0,0.9523809523809523,1.0965387379093336,0.36068753933698977,3,0.7010308787451278,0.44659946408121665,1.0,7.21013773217944e-05,0.25576100827727355,Utsuroi,0.6117752393196407,0.8719322870148366,3.0,0
2024-03-28,0.26766184126432574,1.0,0.9523809523809523,0.4042693070086027,0.8603820719386883,2,0.05644324302332342,0.44659946408121665,0.6666666666666666,6.993833600214056e-05,0.696546797049887,Utsuroi,0.6117752393196407,0.8719322870148366,3.0,0
2024-04-01,0.2626159554730984,0.0,20.0,0.6635754906952448,0.6209938529092499,2,0.2514991900322586,0.021266641146745865,0.6666666666666666,6.784018592207635e-05,0.32448903111023997,Nagare,0.6117752393196407,0.8719322870148366,3.0,0
2024-04-02,0.2517107116485998,1.0,0.9523809523809523,0.675804804523013,0.5928490417987385,2,0.2751545737185609,0.44659946408121665,0.6666666666666666,6.580498034441406e-05,0.6667972368253667,Utsuroi,0.6117752393196407,0.8719322870148366,3.0,0
2024-04-03,0.23310695515664465,1.0,0.9523809523809523,0.6143365633909481,0.6958537769594753,2,0.18684814543105277,0.44659946408121665,0.6666666666666666,6.383083093408164e-05,0.6251851553318406,Utsuroi,0.6117752393196407,0.8719322870148366,3.0,0
2024-04-04,0.25022524059791146,1.0,0.9523809523809523,0.5088944956976804,0.7937879398008757,2,0.10494018238181307,0.44659946408121665,0.6666666666666666,6.191590600605919e-05,0.7785748316736717,Utsuroi,0.6117752393196407,0.8719322870148366,3.0,0
2024-04-05,0.2540450232996817,1.0,0.9523809523809523,0.0,0.0,0,0.0,0.44659946408121665,0.0,6.0058428825877416e-05,1.0,Utsuroi,0.6117752393196407,0.8719322870148366,3.0,0
2024-04-08,0.25596670410335004,1.0,0.9523809523809523,0.0,0.0,0,0.0,0.44659946408121665,0.0,5.825667596110109e-05,1.0,Utsuroi,0.6117752393196407,0.8719322870148366,3.0,0
2024-04-09,0.23710357965016352,1.0,0.9523809523809523,3.892997035768441e-11,0.99999999996007,1,1.5544717012409784e-21,0.44659946408121665,0.3333333333333333,5.650897568226806e-05,0.5227479121952154,Utsuroi,0.6117752393196407,0.8719322870148366,3.0,0
2024-04-10,0.24038104752390474,1.0,0.9523809523809523,0.0,0.0,0,0.0,0.44659946408121665,0.0,5.481370641180002e-05,1.0,Utsuroi,0.6117752393196407,0.8719322870148366,3.0,0
2024-04-11,0.2777064550356476,1.0,0.9523809523809523,0.0,0.0,0,0.0,0.44659946408121665,0.0,5.3169295219446015e-05,1.0,Utsuroi,0.6117752393196407,0.8719322870148366,3.0,0
2024-04-12,0.30775777018013045,0.0,20.0,3.556541727153402e-10,0.9999999996433458,1,1.2684553689748614e-19,0.021266641146745865,0.3333333333333333,5.1574216362862635e-05,0.1872948223795069,Nagare,0.6117752393196407,0.8719322870148366,3.0,0
2024-04-15,0.3355808787485806,0.0,20.0,2.90398816100646e-11,0.9999999999699601,1,8.723539631375875e-22,0.021266641146745865,0.3333333333333333,5.002698987197676e-05,1.0,Nagare,0.6117752393196407,0.8719322870148366,3.0,0
2024-04-16,0.3431968652465547,1.0,0.9523809523809523,1.3891998662419274e-11,0.999999999985108,1,2.0687931818570529e-22,0.44659946408121665,0.3333333333333333,4.852618017581745e-05,0.5323600337317096,Utsuroi,0.6117752393196407,0.8719322870148366,3.0,0
2024-04-17,0.3477947518320189,1.0,0.9523809523809523,1.0170420061621782e-11,0.9999999999888296,1,1.1360763930490391e-22,0.44659946408121665,0.3333333333333333,4.7070394770542924e-05,1.0,Utsuroi,0.6117752393196407,0.8719322870148366,3.0,0
2024-04-18,0.34375096952736706,1.0,0.9523809523809523,3.488742628057254e-11,0.9999999999641126,1,1.2520191670155245e-21,0.44659946408121665,0.3333333333333333,4.5658282927426634e-05,1.0,Utsuroi,0.6117752393196407,0.8719322870148366,3.0,0
2024-04-19,0.38179553365888774,2.0,0.48780487804878053,0.0,0.0,0,0.0,0.8719322870148366,0.0,4.428853443960383e-05,0.1327798771626838,Katashi,0.6117752393196407,0.8719322870148366,3.0,0
2024-04-22,0.3535951626013738,2.0,0.48780487804878053,0.0,0.0,0,0.0,0.8719322870148366,0.0,4.2959878406415714e-05,1.0,Katashi,0.6117752393196407,0.8719322870148366,3.0,0
2024-04-23,0.3978291894440963,1.0,0.9523809523809523,2.8589142160632447e-10,0.9999999997131086,1,8.201979005704672e-20,0.44659946408121665,0.3333333333333333,4.167108205422324e-05,0.47738600748574,Utsuroi,0.6117752393196407,0.8719322870148366,3.0,0
2024-04-24,0.3858511054163229,2.0,0.48780487804878053,7.05968394604138e-10,0.9999999992930316,1,4.990973271337355e-19,0.8719322870148366,0.3333333333333333,4.042094959259654e-05,0.0379669253130952,Katashi,0.6117752393196407,0.8719322870148366,3.0,0
2024-04-25,0.3566957886833663,0.0,20.0,4.4567016742675205e-11,0.999999999954433,1,2.0307850122317425e-21,0.021266641146745865,0.3333333333333333,3.9208321104818646e-05,0.4892664478723905,Nagare,0.6117752393196407,0.8719322870148366,3.0,0
2024-04-26,0.3716683937180833,0.5,1.8181818181818181,1.4172774065342754e-11,0.9999999999848272,1,2.15039985248078e-22,0.23393305261408756,0.3333333333333333,3.803207147167408e-05,0.9106399186686659,Nagare,0.6117752393196407,0.8719322870148366,3.0,0
2024-04-29,0.36029157178225507,0.0,20.0,1.8901658016348215e-11,0.9999999999800984,1,3.7617391564987427e-22,0.021266641146745865,0.3333333333333333,3.689110932752386e-05,0.14197439593060102,Nagare,0.6117752393196407,0.8719322870148366,3.0,0
2024-04-30,0.3989845558168541,0.0,20.0,8.358003178085957e-11,0.99999999991542,1,7.069199895635199e-21,0.021266641146745865,0.3333333333333333,3.578437604769814e-05,1.0,Nagare,0.6117752393196407,0.8719322870148366,3.0,0
2024-05-01,0.37939048529110636,1.0,0.9523809523809523,0.0,0.0,0,0.0,0.44659946408121665,0.0,3.47108447662672e-05,0.4954374582522977,Utsuroi,0.6117752393196407,0.8719322870148366,3.0,0
2024-05-02,0.38491973864644674,0.0,20.0,0.0,0.0,0,0.0,0.021266641146745865,0.0,3.366951942327918e-05,0.210789699087099,Nagare,0.6117752393196407,0.8719322870148366,3.0,0
2024-05-03,0.4076498036125365,0.5,1.8181818181818181,0.0,0.0,0,0.0,0.23393305261408756,0.0,3.2659433840580804e-05,0.872964087668259,Nagare,0.6117752393196407,0.8719322870148366,3.0,0
2024-05-06,0.41939209858464527,1.0,0.9523809523809523,0.0,0.0,0,0.0,0.44659946408121665,0.0,3.167965082536338e-05,0.018095948666487893,Utsuroi,0.6117752393196407,0.8719322870148366,3.0,0
2024-05-07,0.4197811505264921,1.0,0.9523809523809523,0.6705186910419376,0.6059652882798672,2,0.2642076391276707,0.44659946408121665,0.6666666666666666,3.072926130060248e-05,0.19114898272311565,Utsuroi,0.6117752393196407,0.8719322870148366,3.0,0
2024-05-08,0.424650194525971,1.5,0.6451612903225806,0.47660720073148444,0.8165349733594397,2,0.08744075277928466,0.659265875548133,0.6666666666666666,2.9807383461584406e-05,0.6041474195305057,Utsuroi,0.6117752393196407,0.8719322870148366,3.0,0
2024-05-09,0.42421398477299105,1.5,0.6451612903225806,1.2893353051035244e-10,0.9999999998700665,1,1.675278596923117e-20,0.659265875548133,0.3333333333333333,2.8913161957736873e-05,0.692496134664802,Utsuroi,0.6117752393196407,0.8719322870148366,3.0,0
2024-05-10,0.41057358790278053,1.0,0.9523809523809523,0.0,0.0,0,0.0,0.44659946408121665,0.0,2.8045767099004767e-05,0.34515310293018864,Utsuroi,0.6117752393196407,0.8719322870148366,3.0,0
2024-05-13,0.3781172243905163,0.0,20.0,2.1277535288995944e-11,0.9999999999777225,1,4.740105725730523e-22,0.021266641146745865,0.3333333333333333,2.7204394086034624e-05,0.1872948223795069,Nagare,0.6117752393196407,0.8719322870148366,3.0,0
2024-05-14,0.3870064717890805,0.0,20.0,0.0,0.0,0,0.0,0.021266641146745865,0.0,2.6388262263453585e-05,1.0,Nagare,0.6117752393196407,0.8719322870148366,3.0,0
2024-05-15,0.38059300947499713,1.0,0.9523809523809523,0.0,0.0,0,0.0,0.44659946408121665,0.0,2.5596614395549976e-05,0.46784498311578016,Utsuroi,0.6117752393196407,0.8719322870148366,3.0,0
2024-05-16,0.38026290479706637,2.0,0.48780487804878053,2.96236368763948e-11,0.9999999999693764,1,9.071828433489644e-22,0.8719322870148366,0.3333333333333333,2.4828715963683478e-05,0.03146062842482156,Katashi,0.6117752393196407,0.8719322870148366,3.0,0
2024-05-17,0.3711260788900541,2.0,0.48780487804878053,0.6661318392284872,0.6156960985234716,2,0.2559970647132432,0.8719322870148366,0.6666666666666666,2.4083854484772974e-05,0.4603613731377937,Katashi,0.6117752393196407,0.8719322870148366,3.0,0
2024-05-20,0.36075136044080147,1.0,0.9523809523809523,0.48686897711319077,0.8095540319318624,2,0.09272223366866555,0.44659946408121665,0.6666666666666666,2.3361338850229785e-05,0.32602790041943974,Utsuroi,0.6117752393196407,0.8719322870148366,3.0,0
2024-05-21,0.3131573395548551,1.0,0.9523809523809523,2.6570856625671833e-11,0.9999999999724292,1,7.325806906647126e-22,0.44659946408121665,0.3333333333333333,2.266049868472289e-05,0.5810138602359687,Utsuroi,0.6117752393196407,0.8719322870148366,3.0,0
2024-05-22,0.3288491012093497,2.0,0.48780487804878053,0.4439512889344514,0.8374030164268897,2,0.07218514043413612,0.8719322870148366,0.6666666666666666,2.1980683724181204e-05,0.006469221920441637,Katashi,0.6117752393196407,0.8719322870148366,3.0,0
2024-05-23,0.3248053189046978,1.0,0.9523809523809523,0.1093196295233944,0.9770468857818095,2,0.002509225942740738,0.44659946408121665,0.6666666666666666,2.1321263212455766e-05,0.34253362106673213,Utsuroi,0.6117752393196407,0.8719322870148366,3.0,0
2024-05-24,0.34426970544982965,1.5,0.6451612903225806,1.863298404439424e-11,0.999999999980367,1,3.6582066625296822e-22,0.659265875548133,0.3333333333333333,2.068162531608209e-05,0.6436821687447503,Utsuroi,0.6117752393196407,0.8719322870148366,3.0,0
2024-05-28,0.3533947419040587,0.0,20.0,0.0,0.0,0,0.0,0.021266641146745865,0.0,2.006117655659963e-05,0.36652830191959174,Nagare,0.6117752393196407,0.8719322870148366,3.0,0
2024-05-29,0.3609871494964663,0.0,20.0,0.0,0.0,0,0.0,0.021266641146745865,0.0,1.945934125990164e-05,1.0,Nagare,0.6117752393196407,0.8719322870148366,3.0,0
2024-05-30,0.3745921780083271,0.5,1.8181818181818181,0.0,0.0,0,0.0,0.23393305261408756,0.0,1.8875561022104588e-05,0.872964087668259,Nagare,0.6117752393196407,0.8719322870148366,3.0,0
2024-05-31,0.31733080584012263,0.0,20.0,2.147548805428218e-11,0.9999999999775245,1,4.826716001545759e-22,0.021266641146745865,0.3333333333333333,1.8309294191441448e-05,0.0671294964339606,Nagare,0.6117752393196407,0.8719322870148366,3.0,0
2024-06-03,0.3334469877948139,1.0,0.9523809523809523,5.3085869032502034e-11,0.9999999999459142,1,2.8711941856953424e-21,0.44659946408121665,0.3333333333333333,1.7760015365698205e-05,0.5323600337317096,Utsuroi,0.6117752393196407,0.8719322870148366,3.0,0
2024-06-04,0.3196297491328547,1.0,0.9523809523809523,1.523314807614559e-11,0.9999999999837669,1,2.4728161140448486e-22,0.44659946408121665,0.3333333333333333,1.722721490472726e-05,1.0,Utsuroi,0.6117752393196407,0.8719322870148366,3.0,0
2024-06-05,0.3311008866909489,1.0,0.9523809523809523,1.64476210427626e-11,0.9999999999825524,1,2.869714951619155e-22,0.44659946408121665,0.3333333333333333,1.6710398457585443e-05,1.0,Utsuroi,0.6117752393196407,0.8719322870148366,3.0,0
2024-06-06,0.3027944105583857,1.0,0.9523809523809523,0.9648563051252244,0.5797783760965441,3,0.4054534833732101,0.44659946408121665,1.0,1.620908650385788e-05,0.11683288936819558,Utsuroi,0.6117752393196407,0.8719322870148366,3.0,0
2024-06-07,0.307003245202003,0.0,20.0,0.7834794891118353,0.7108531247692637,3,0.22654064608406088,0.021266641146745865,1.0,1.5722813908742144e-05,0.6515415957124598,Nagare,0.6117752393196407,0.8719322870148366,3.0,0
2024-06-10,0.2980432610867394,2.0,0.48780487804878053,0.868918041260663,0.5272346942476346,3,0.4107943034503438,0.8719322870148366,1.0,1.525112949147988e-05,0.3546678657350365,Katashi,0.6117752393196407,0.8719322870148366,3.0,0
2024-06-11,0.30279441055838574,1.0,0.9523809523809523,0.7735572966361288,0.7279877719390745,3,0.2104170437907797,0.44659946408121665,1.0,1.4793595606735483e-05,0.4074122029138618,Utsuroi,0.6117752393196407,0.8719322870148366,3.0,0
2024-06-12,0.3265383684638344,1.0,0.9523809523809523,3.3047009572715775e-11,0.999999999965953,1,1.1251511202343246e-21,0.44659946408121665,0.3333333333333333,1.4349787738533418e-05,0.5941735858510846,Utsuroi,0.6117752393196407,0.8719322870148366,3.0,0
2024-06-13,0.31399439070246526,1.0,0.9523809523809523,0.4403706211417219,0.8395770142203466,2,0.07064556989319559,0.44659946408121665,0.6666666666666666,1.3919294106377415e-05,0.27044742088469365,Utsuroi,0.6117752393196407,0.8719322870148366,3.0,0
2024-06-14,0.2815144482846347,1.0,0.9523809523809523,2.1210810885217455e-11,0.9999999999777892,1,4.71108840079276e-22,0.44659946408121665,0.3333333333333333,1.3501715283186092e-05,0.5592846778773859,Utsuroi,0.6117752393196407,0.8719322870148366,3.0,0
2024-06-17,0.25041387184244335,1.0,0.9523809523809523,0.6677538278065485,0.6121999844112547,2,0.25895494483282383,0.44659946408121665,0.6666666666666666,1.3096663824690508e-05,0.23915139615821368,Utsuroi,0.6117752393196407,0.8719322870148366,3.0,0
2024-06-18,0.2502134511451281,0.0,20.0,1.754674183712172e-11,0.9999999999814533,1,3.254345027746166e-22,0.021266641146745865,0.3333333333333333,1.2703763909949793e-05,0.47820467707508263,Nagare,0.6117752393196407,0.8719322870148366,3.0,0
2024-06-20,0.24635830008500814,1.0,0.9523809523809523,3.073769016616855e-10,0.9999999996916231,1,9.478792979170843e-20,0.44659946408121665,0.3333333333333333,1.2322650992651299e-05,0.5323600337317096,Utsuroi,0.6117752393196407,0.8719322870148366,3.0,0
2024-06-21,0.2366437909916171,0.0,20.0,5.7390869832546435e-11,0.9999999999416092,1,3.351101540481883e-21,0.021266641146745865,0.3333333333333333,1.195297146287176e-05,0.2657116602239007,Nagare,0.6117752393196407,0.8719322870148366,3.0,0
2024-06-24,0.2446606188842214,0.0,20.0,0.5046953221818379,0.796881490511912,2,0.10251296158718524,0.021266641146745865,0.6666666666666666,1.1594382318985607e-05,0.3843002674622885,Nagare,0.6117752393196407,0.8719322870148366,3.0,0
2024-06-25,0.25527112638913885,0.0,20.0,0.6927932253665301,0.5133025078419724,2,0.3371807253699614,0.021266641146745865,0.6666666666666666,1.1246550849416039e-05,0.4769338939716177,Nagare,0.6117752393196407,0.8719322870148366,3.0,0
2024-06-26,0.2319869571422367,1.0,0.9523809523809523,0.7619942209330199,0.5192154462203871,3,0.3663550514939258,0.44659946408121665,1.0,1.0909154323933557e-05,0.5161208392386378,Utsuroi,0.6117752393196407,0.8719322870148366,3.0,0
2024-06-27,0.21748593021884952,0.0,20.0,0.6580676125266736,0.6316575410900154,2,0.24239424252709793,0.021266641146745865,0.6666666666666666,1.0581879694215551e-05,0.7425586896389448,Nagare,0.6117752393196407,0.8719322870148366,3.0,0
2024-06-28,0.22968801384950457,0.0,20.0,1.0654661548310171,0.4520065694430321,3,0.5838684533281906,0.021266641146745865,1.0,1.0264423303389084e-05,0.15474084467250426,Nagare,0.6117752393196407,0.8719322870148366,3.0,0
2024-07-01,0.19637102028406375,0.0,20.0,0.8459495442907873,0.565314833219233,3,0.3677217187481547,0.021266641146745865,1.0,9.956490604287412e-06,0.5178133190146238,Nagare,0.6117752393196407,0.8719322870148366,3.0,0
2024-07-02,0.1980804909376338,0.0,20.0,1.0105713882826177,0.5276945377346469,3,0.4772983866949614,0.021266641146745865,1.0,9.65779588615879e-06,0.4186945707602173,Nagare,0.6117752393196407,0.8719322870148366,3.0,0
2024-07-03,0.20263121971196507,0.0,20.0,1.0829279476715388,0.3928738916129597,3,0.6574738305333857,0.021266641146745865,1.0,9.368062009574027e-06,0.2985846628511355,Nagare,0.6117752393196407,0.8719322870148366,3.0,0
2024-07-05,0.21763919310503166,0.5,1.8181818181818181,1.2602803339814794,0.40676266050976984,4,0.7476453523430315,0.23393305261408756,1.3333333333333333,9.087020149286807e-06,0.5938764383214683,Nagare,0.6117752393196407,0.8719322870148366,3.0,0
2024-07-08,0.21781603489678023,0.0,20.0,1.0148128561231058,0.5069696075686091,3,0.5003335806987955,0.021266641146745865,1.0,8.814409544808203e-06,0.8988245893410081,Nagare,0.6117752393196407,0.8719322870148366,3.0,0
2024-07-09,0.19098324036212233,1.0,0.9523809523809523,1.0389029510405043,0.4989712237165341,3,0.5205202742371055,0.44659946408121665,1.0,8.549977258463957e-06,0.764032686258047,Utsuroi,0.6117752393196407,0.8719322870148366,3.0,0
2024-07-10,0.20582616141622354,0.0,20.0,0.987774316416463,0.49948165708268794,3,0.49439916402904877,0.021266641146745865,1.0,8.293477940710038e-06,0.621352860986259,Nagare,0.6117752393196407,0.8719322870148366,3.0,0
2024-07-11,0.22254360546286012,1.0,0.9523809523809523,0.7658132851446247,0.7217227773051932,3,0.2131083940928323,0.44659946408121665,1.0,8.044673602488735e-06,0.9333887209174592,Utsuroi,0.6117752393196407,0.8719322870148366,3.0,0
2024-07-12,0.23410905864322015,1.0,0.9523809523809523,0.9937049288977657,0.48224594976868956,3,0.5144947516716346,0.44659946408121665,1.0,7.803333394414074e-06,0.3480682800490297,Utsuroi,0.6117752393196407,0.8719322870148366,3.0,0
2024-07-15,0.2429629376834346,1.0,0.9523809523809523,0.9111729540922704,0.619490558608428,3,0.34670991177275823,0.44659946408121665,1.0,7.569233392581651e-06,0.4986871466787992,Utsuroi,0.6117752393196407,0.8719322870148366,3.0,0
2024-07-16,0.22273223670739203,1.0,0.9523809523809523,1.0887754610883413,0.392870570423883,3,0.6610276246270383,0.44659946408121665,1.0,7.342156390804201e-06,0.25865885148546786,Utsuroi,0.6117752393196407,0.8719322870148366,3.0,0
2024-07-17,0.296805368544499,1.0,0.9523809523809523,0.9989483347605737,0.5386346500208838,3,0.46088014807786737,0.44659946408121665,1.0,7.121891699080075e-06,0.3898268793459122,Utsuroi,0.6117752393196407,0.8719322870148366,3.0,0
2024-07-18,0.30005925751267365,1.0,0.9523809523809523,0.6931413315989939,0.5017101100575154,2,0.3453853178370499,0.44659946408121665,0.6666666666666666,6.908234948107673e-06,0.17614256016316032,Utsuroi,0.6117752393196407,0.8719322870148366,3.0,0
2024-07-19,0.33351772451151335,2.0,0.48780487804878053,0.6625520195119876,0.6230484521878628,2,0.24975000926110108,0.8719322870148366,0.6666666666666666,6.700987899664442e-06,0.3210200342309897,Katashi,0.6117752393196407,0.8719322870148366,3.0,0
2024-07-22,0.3462739124229808,1.0,0.9523809523809523,0.0,0.0,0,0.0,0.44659946408121665,0.0,6.499958262674509e-06,0.42634574904766065,Utsuroi,0.6117752393196407,0.8719322870148366,3.0,0
2024-07-23,0.34620317570628134,0.5,1.8181818181818181,0.0,0.0,0,0.0,0.23393305261408756,0.0,6.304959514794274e-06,0.06413041882232406,Nagare,0.6117752393196407,0.8719322870148366,3.0,0
2024-07-24,0.415867052202456,1.0,0.9523809523809523,0.0,0.0,0,0.0,0.44659946408121665,0.0,6.115810729350446e-06,0.018095948666487893,Utsuroi,0.6117752393196407,0.8719322870148366,3.0,0
2024-07-25,0.423093986758583,1.5,0.6451612903225806,2.9592106542496406e-11,0.9999999999694079,1,9.052842215504888e-22,0.659265875548133,0.3333333333333333,5.932336407469933e-06,0.12339066358839546,Utsuroi,0.6117752393196407,0.8719322870148366,3.0,0
2024-07-26,0.4193213618679458,0.0,20.0,0.837425050537394,0.489785241864232,3,0.42726661961676976,0.021266641146745865,1.0,5.754366315245835e-06,0.18543487412044768,Nagare,0.6117752393196407,0.8719322870148366,3.0,0
2024-07-29,0.42897692369742074,1.0,0.9523809523809523,3.1071722967483954e-10,0.9999999996882828,1,9.68559071879779e-20,0.44659946408121665,0.3333333333333333,5.581735325788459e-06,0.8994936509520717,Utsuroi,0.6117752393196407,0.8719322870148366,3.0,0
2024-07-30,0.4367579625343601,1.0,0.9523809523809523,0.0,0.0,0,0.0,0.44659946408121665,0.0,5.414283266014805e-06,1.0,Utsuroi,0.6117752393196407,0.8719322870148366,3.0,0
2024-07-31,0.4621052860183295,2.0,0.48780487804878053,1.7411849739632258e-11,0.9999999999815882,1,3.2058397591804e-22,0.8719322870148366,0.3333333333333333,5.251854768034361e-06,0.03146062842482156,Katashi,0.6117752393196407,0.8719322870148366,3.0,0
2024-08-01,0.48194693505252517,1.0,0.9523809523809523,0.0,0.0,0,0.0,0.44659946408121665,0.0,5.094299124993329e-06,0.13593423181795483,Utsuroi,0.6117752393196407,0.8719322870148366,3.0,0
2024-08-02,0.4693086416688902,0.0,20.0,0.0,0.0,0,0.0,0.021266641146745865,0.0,4.9414701512435295e-06,0.210789699087099,Nagare,0.6117752393196407,0.8719322870148366,3.0,0
2024-08-05,0.4738004231793052,1.0,0.9523809523809523,0.0,0.0,0,0.0,0.44659946408121665,0.0,4.793226046706224e-06,0.46784498311578016,Utsuroi,0.6117752393196407,0.8719322870148366,3.0,0
2024-08-06,0.4411790073280757,1.0,0.9523809523809523,0.0,0.0,0,0.0,0.44659946408121665,0.0,4.649429265305037e-06,1.0,Utsuroi,0.6117752393196407,0.8719322870148366,3.0,0
2024-08-07,0.4445390013712996,1.0,0.9523809523809523,0.0,0.0,0,0.0,0.44659946408121665,0.0,4.509946387345886e-06,1.0,Utsuroi,0.6117752393196407,0.8719322870148366,3.0,0
2024-08-08,0.47711325941139604,1.0,0.9523809523809523,0.0,0.0,0,0.0,0.44659946408121665,0.0,4.374647995725509e-06,1.0,Utsuroi,0.6117752393196407,0.8719322870148366,3.0,0
2024-08-09,0.4749322106464964,1.0,0.9523809523809523,3.5591196655856924e-11,0.9999999999634088,1,1.3023236887370558e-21,0.44659946408121665,0.3333333333333333,4.243408555853744e-06,0.5227479121952154,Utsuroi,0.6117752393196407,0.8719322870148366,3.0,0
2024-08-12,0.47407158059331983,1.0,0.9523809523809523,0.3060781088192252,0.9084636196931835,2,0.028017282172467777,0.44659946408121665,0.6666666666666666,4.116106299178131e-06,0.2655903315330155,Utsuroi,0.6117752393196407,0.8719322870148366,3.0,0
2024-08-13,0.5042054219072852,1.0,0.9523809523809523,0.0,0.0,0,0.0,0.44659946408121665,0.0,3.992623110202787e-06,1.0,Utsuroi,0.6117752393196407,0.8719322870148366,3.0,0
2024-08-14,0.5076007843088589,1.0,0.9523809523809523,1.0995471199588113e-10,0.9999999998890453,1,1.2199990970382451e-20,0.44659946408121665,0.3333333333333333,3.8728444168967036e-06,0.5227479121952154,Utsuroi,0.6117752393196407,0.8719322870148366,3.0,0
2024-08-15,0.527076960306774,0.5,1.8181818181818181,8.612610624301386e-11,0.9999999999128739,1,7.503830377895153e-21,0.23393305261408756,0.3333333333333333,3.7566590843898022e-06,0.3416870839548959,Nagare,0.6117752393196407,0.8719322870148366,3.0,0
2024-08-16,0.49485638585017466,2.0,0.48780487804878053,1.3364520600393584e-10,0.9999999998653548,1,1.7994683338587923e-20,0.8719322870148366,0.3333333333333333,3.643959311858108e-06,0.03991246394312842,Katashi,0.6117752393196407,0.8719322870148366,3.0,0
2024-08-19,0.5087443612288334,1.0,0.9523809523809523,0.0,0.0,0,0.0,0.44659946408121665,0.0,3.5346405325023647e-06,0.13593423181795483,Utsuroi,0.6117752393196407,0.8719322870148366,3.0,0
2024-08-20,0.48915029070308574,1.0,0.9523809523809523,6.820766173847678e-11,0.9999999999307924,1,4.720491272861455e-21,0.44659946408121665,0.3333333333333333,3.428601316527294e-06,0.5227479121952154,Utsuroi,0.6117752393196407,0.8719322870148366,3.0,0
2024-08-21,0.4876530301996141,1.0,0.9523809523809523,0.0,0.0,0,0.0,0.44659946408121665,0.0,3.325743277031475e-06,1.0,Utsuroi,0.6117752393196407,0.8719322870148366,3.0,0
2024-08-22,0.531757373061721,1.0,0.9523809523809523,1.740863009149713e-10,0.9999999998249137,1,3.0480122618752726e-20,0.44659946408121665,0.3333333333333333,3.2259709787205304e-06,0.5227479121952154,Utsuroi,0.6117752393196407,0.8719322870148366,3.0,0
2024-08-23,0.48725218880498383,1.0,0.9523809523809523,0.2684011880928237,0.9241954102393851,2,0.020346041954638135,0.44659946408121665,0.6666666666666666,3.1291918493589146e-06,0.26500142149845995,Utsuroi,0.6117752393196407,0.8719322870148366,3.0,0
2024-08-26,0.4882896606499092,0.0,20.0,0.0,0.0,0,0.0,0.021266641146745865,0.0,3.0353160938781472e-06,0.34483573524093714,Nagare,0.6117752393196407,0.8719322870148366,3.0,0
2024-08-27,0.4837860896867107,1.0,0.9523809523809523,6.950129360667963e-11,0.9999999999294987,1,4.899929569293092e-21,0.44659946408121665,0.3333333333333333,2.9442566110618027e-06,0.4049249602186855,Utsuroi,0.6117752393196407,0.8719322870148366,3.0,0
2024-08-28,0.5071645745558789,2.0,0.48780487804878053,7.243750043969447e-11,0.9999999999265625,1,5.319627368143614e-21,0.8719322870148366,0.3333333333333333,2.8559289127299483e-06,0.0379669253130952,Katashi,0.6117752393196407,0.8719322870148366,3.0,0
2024-08-29,0.5027788981205131,1.0,0.9523809523809523,5.300060390421543e-11,0.9999999999459994,1,2.8620634457284756e-21,0.44659946408121665,0.3333333333333333,2.77025104534805e-06,0.12556445936359972,Utsuroi,0.6117752393196407,0.8719322870148366,3.0,0
2024-08-30,0.4750265262687624,1.0,0.9523809523809523,4.5388359736255137e-11,0.9999999999536117,1,2.1054905552641833e-21,0.44659946408121665,0.3333333333333333,2.687143513987608e-06,1.0,Utsuroi,0.6117752393196407,0.8719322870148366,3.0,0
2024-09-03,0.4997372193024368,1.0,0.9523809523809523,0.0,0.0,0,0.0,0.44659946408121665,0.0,2.6065292085679797e-06,1.0,Utsuroi,0.6117752393196407,0.8719322870148366,3.0,0
2024-09-04,0.4912016554873698,2.0,0.48780487804878053,0.0,0.0,0,0.0,0.8719322870148366,0.0,2.52833333231094e-06,0.0012957736456781221,Katashi,0.6117752393196407,0.8719322870148366,3.0,0
2024-09-05,0.46282444263810724,0.0,20.0,0.0,0.0,0,0.0,0.021266641146745865,0.0,2.4524833323416117e-06,0.45106553035575614,Nagare,0.6117752393196407,0.8719322870148366,3.0,0
2024-09-06,0.5263813825925628,0.0,20.0,3.2532865290029235e-11,0.9999999999664672,1,1.0909194696045521e-21,0.021266641146745865,0.3333333333333333,2.3789088323713634e-06,0.6334769358109171,Nagare,0.6117752393196407,0.8719322870148366,3.0,0
2024-09-09,0.5213119178957688,0.0,20.0,0.7609163420624839,0.5693294170382324,3,0.3277042846211857,0.021266641146745865,1.0,2.3075415674002227e-06,0.20091387551768114,Nagare,0.6117752393196407,0.8719322870148366,3.0,0
2024-09-10,0.4985818529296791,0.0,20.0,0.527697732024461,0.7793751057471995,2,0.11642325632533938,0.021266641146745865,0.6666666666666666,2.2383153203782158e-06,0.45894844228273113,Nagare,0.6117752393196407,0.8719322870148366,3.0,0
2024-09-11,0.5074357319698936,0.0,20.0,0.6931006778750266,0.5048219276356475,2,0.3432082576245817,0.021266641146745865,0.6666666666666666,2.1711658607668692e-06,0.47019141507198436,Nagare,0.6117752393196407,0.8719322870148366,3.0,0
2024-09-12,0.5054551039023089,1.0,0.9523809523809523,0.0,0.0,0,0.0,0.44659946408121665,0.0,2.1060308849438633e-06,0.6146826692123559,Utsuroi,0.6117752393196407,0.8719322870148366,3.0,0
2024-09-13,0.4817111459968604,0.0,20.0,0.6889236136977275,0.5459217668103339,2,0.31282521731050417,0.021266641146745865,0.6666666666666666,2.0428499583955474e-06,0.10961456976130912,Nagare,0.6117752393196407,0.8719322870148366,3.0,0
2024-09-16,0.48136925186614626,1.0,0.9523809523809523,0.6848730684438683,0.5642310925706866,2,0.29844638876354584,0.44659946408121665,0.6666666666666666,1.981564459643681e-06,0.7127029872920185,Utsuroi,0.6117752393196407,0.8719322870148366,3.0,0
2024-09-17,0.4670096983761579,1.0,0.9523809523809523,3.927146385087506e-10,0.9999999996062854,1,1.5461749328048147e-19,0.44659946408121665,0.3333333333333333,1.9221175258543705e-06,0.7637769886962513,Utsuroi,0.6117752393196407,0.8719322870148366,3.0,0
2024-09-18,0.47462568487413215,0.0,20.0,0.0,0.0,0,0.0,0.021266641146745865,0.0,1.8644540000787394e-06,0.2517106054292457,Nagare,0.6117752393196407,0.8719322870148366,3.0,0
2024-09-19,0.503356581306892,0.0,20.0,1.8780754727381708e-10,0.9999999998111925,1,3.5459478209002275e-20,0.021266641146745865,0.3333333333333333,1.8085203800763771e-06,0.6334769358109171,Nagare,0.6117752393196407,0.8719322870148366,3.0,0
2024-09-20,0.5060092081831212,1.5,0.6451612903225806,5.52105805365048e-10,0.9999999994468942,1,3.0537291399407476e-19,0.659265875548133,0.3333333333333333,1.7542647686740857e-06,0.3343827463103739,Utsuroi,0.6117752393196407,0.8719322870148366,3.0,0
2024-09-23,0.5055376300717915,1.0,0.9523809523809523,5.470268680970916e-10,0.9999999994519732,1,2.997854092691797e-19,0.44659946408121665,0.3333333333333333,1.7016368256138632e-06,0.12656106764130948,Utsuroi,0.6117752393196407,0.8719322870148366,3.0,0
2024-09-24,0.44914867740954706,1.0,0.9523809523809523,1.1293899148573799e-10,0.999999999886061,1,1.286815229162961e-20,0.44659946408121665,0.3333333333333333,1.6505877208454474e-06,1.0,Utsuroi,0.6117752393196407,0.8719322870148366,3.0,0
2024-09-25,0.43700554104280814,1.0,0.9523809523809523,0.0,0.0,0,0.0,0.44659946408121665,0.0,1.601070089220084e-06,1.0,Utsuroi,0.6117752393196407,0.8719322870148366,3.0,0
2024-09-26,0.42388388009506023,1.0,0.9523809523809523,2.276223653746145e-10,0.9999999997713777,1,5.203955855465945e-20,0.44659946408121665,0.3333333333333333,1.5530379865434815e-06,0.5227479121952154,Utsuroi,0.6117752393196407,0.8719322870148366,3.0,0
2024-09-27,0.426265349557275,0.0,20.0,9.684919532536418e-11,0.9999999999021508,1,9.476613688488705e-21,0.021266641146745865,0.3333333333333333,1.506446846947177e-06,0.2657116602239007,Nagare,0.6117752393196407,0.8719322870148366,3.0,0
2024-09-30,0.38464858123243223,1.0,0.9523809523809523,0.0,0.0,0,0.0,0.44659946408121665,0.0,1.4612534415387617e-06,0.4954374582522977,Utsuroi,0.6117752393196407,0.8719322870148366,3.0,0
2024-10-01,0.3896944670236596,2.0,0.48780487804878053,2.068523130537144e-11,0.9999999999783148,1,4.485635678740458e-22,0.8719322870148366,0.3333333333333333,1.4174158382925989e-06,0.03146062842482156,Katashi,0.6117752393196407,0.8719322870148366,3.0,0
2024-10-02,0.3879732069173064,1.0,0.9523809523809523,0.3012790475640612,0.910543288071009,2,0.02695143296817899,0.44659946408121665,0.6666666666666666,1.3748933631438208e-06,0.7852417824483633,Utsuroi,0.6117752393196407,0.8719322870148366,3.0,0
2024-10-03,0.3447766519195091,0.0,20.0,0.6906353216729981,0.535424250468529,2,0.3208524222191417,0.021266641146745865,0.6666666666666666,1.3336465622495062e-06,0.2839809695191281,Nagare,0.6117752393196407,0.8719322870148366,3.0,0
2024-10-04,0.3572734718697452,1.0,0.9523809523809523,1.0321521414792166e-10,0.9999999998957848,1,1.0756593363011617e-20,0.44659946408121665,0.3333333333333333,1.293637165382021e-06,0.7498418184564983,Utsuroi,0.6117752393196407,0.8719322870148366,3.0,0
2024-10-07,0.39093235956590006,0.0,20.0,0.0,0.0,0,0.0,0.021266641146745865,0.0,1.2548280504205603e-06,0.2517106054292457,Nagare,0.6117752393196407,0.8719322870148366,3.0,0
2024-10-08,0.35185032358945406,0.5,1.8181818181818181,5.6708415739348966e-11,0.9999999999422916,1,3.2725515770128873e-21,0.23393305261408756,0.3333333333333333,1.2171832089079433e-06,0.6501500960417451,Nagare,0.6117752393196407,0.8719322870148366,3.0,0
2024-10-09,0.33429582839520733,0.0,20.0,0.5547641160635014,0.7891564899211275,3,0.11696841349663163,0.021266641146745865,1.0,1.180667712640705e-06,0.05520655392764473,Nagare,0.6117752393196407,0.8719322870148366,3.0,0
2024-10-10,0.34042634384249293,0.0,20.0,0.5918159133034651,0.7584656974775505,3,0.14294384384143885,0.021266641146745865,1.0,1.1452476812614839e-06,0.7907797121618657,Nagare,0.6117752393196407,0.8719322870148366,3.0,0
2024-10-11,0.2962984220748196,0.0,20.0,1.0702993927135303,0.4352525933732056,3,0.6044488063491991,0.021266641146745865,1.0,1.1108902508236394e-06,0.3291010447753093,Nagare,0.6117752393196407,0.8719322870148366,3.0,0
2024-10-14,0.26464374135181595,1.0,0.9523809523809523,0.7973963783118382,0.6431067463971061,3,0.284585387866876,0.44659946408121665,1.0,1.0775635432989303e-06,0.9835325877360028,Utsuroi,0.6117752393196407,0.8719322870148366,3.0,0
2024-10-15,0.2566740712703446,1.0,0.9523809523809523,1.0749488114497547,0.6195699581804951,4,0.4089428212936573,0.44659946408121665,1.3333333333333333,1.0452366369999623e-06,0.0735413343176401,Utsuroi,0.6117752393196407,0.8719322870148366,3.0,0
2024-10-16,0.2572517544567234,1.0,0.9523809523809523,1.2777391014100141,0.4564052633838654,4,0.6945722502951132,0.44659946408121665,1.3333333333333333,1.0138795378899635e-06,0.3198482160734549,Utsuroi,0.6117752393196407,0.8719322870148366,3.0,0
2024-10-17,0.2547641799194595,1.0,0.9523809523809523,1.2579266877240118,0.356652355916779,4,0.8092841709766526,0.44659946408121665,1.3333333333333333,1e-06,0.26591227750967816,Utsuroi,0.6117752393196407,0.8719322870148366,3.0,0
2024-10-18,0.23703284293346408,0.0,20.0,1.5286512277230178,0.362543906702871,5,0.9744480396381747,0.021266641146745865,1.6666666666666667,1e-06,0.3734056824708569,Nagare,0.6117752393196407,0.8719322870148366,3.0,0
2024-10-21,0.14611258306910482,0.0,20.0,1.552412550982312,0.4030844633890733,6,0.9266591709111442,0.021266641146745865,2.0,1e-06,0.49365438812635465,Nagare,0.6117752393196407,0.8719322870148366,3.0,0
2024-10-22,0.14628942486085345,0.0,20.0,1.151566348509496,0.5617851358596595,4,0.5046334909606768,0.021266641146745865,1.3333333333333333,1e-06,0.13765989224617425,Nagare,0.6117752393196407,0.8719322870148366,3.0,0
2024-10-23,0.19257481648785996,0.0,20.0,1.006493970227766,0.545267785034155,4,0.4576852324314393,0.021266641146745865,1.3333333333333333,1e-06,0.5059333856816124,Nagare,0.6117752393196407,0.8719322870148366,3.0,0
2024-10-24,0.18524177685668372,0.0,20.0,0.8062399794953554,0.7162889563560649,4,0.2287391860100921,0.021266641146745865,1.3333333333333333,1e-06,0.7267984812866175,Nagare,0.6117752393196407,0.8719322870148366,3.0,0
2024-10-25,0.20447037434615076,1.0,0.9523809523809523,0.7259035288664227,0.7849839143734634,4,0.15608093531934786,0.44659946408121665,1.3333333333333333,1e-06,0.813310052913965,Utsuroi,0.6117752393196407,0.8719322870148366,3.0,0
2024-10-28,0.19817480655989972,1.0,0.9523809523809523,1.0279601668635183,0.6403392849817932,4,0.36971688862436825,0.44659946408121665,1.3333333333333333,1e-06,0.5571897654102512,Utsuroi,0.6117752393196407,0.8719322870148366,3.0,0
2024-10-29,0.20843163048131996,1.0,0.9523809523809523,7.798872658743666e-12,0.9999999999912011,1,6.862111488186293e-23,0.44659946408121665,0.3333333333333333,1e-06,0.6135950598804254,Utsuroi,0.6117752393196407,0.8719322870148366,3.0,0
2024-10-30,0.20978741755139274,2.0,0.48780487804878053,6.217160119859424e-11,0.9999999999368284,1,3.9274782215768996e-21,0.8719322870148366,0.3333333333333333,1e-06,0.0379669253130952,Katashi,0.6117752393196407,0.8719322870148366,3.0,0
2024-10-31,0.26144879964755746,2.0,0.48780487804878053,0.0,0.0,0,0.0,0.8719322870148366,0.0,1e-06,1.0,Katashi,0.6117752393196407,0.8719322870148366,3.0,0
2024-11-01,0.25563659942541933,1.0,0.9523809523809523,3.618494392940456e-11,0.9999999999628151,1,1.3455343106553526e-21,0.44659946408121665,0.3333333333333333,1e-06,0.47738600748574,Utsuroi,0.6117752393196407,0.8719322870148366,3.0,0
2024-11-04,0.27448793442582264,1.0,0.9523809523809523,0.14289331225718577,0.9676279601010154,2,0.004625748005687687,0.44659946408121665,0.6666666666666666,1e-06,0.2643449328665253,Utsuroi,0.6117752393196407,0.8719322870148366,3.0,0
2024-11-05,0.30314809414188304,1.0,0.9523809523809523,0.6602365159793888,0.6275696107961156,2,0.2458921426128204,0.44659946408121665,0.6666666666666666,1e-06,0.5302993189658105,Utsuroi,0.6117752393196407,0.8719322870148366,3.0,0
2024-11-06,0.27768287613008114,1.0,0.9523809523809523,8.871570145126477e-12,0.9999999999901285,1,8.757613073106193e-23,0.44659946408121665,0.3333333333333333,1e-06,0.7285883448679915,Utsuroi,0.6117752393196407,0.8719322870148366,3.0,0
2024-11-07,0.31538554613088776,0.0,20.0,6.419509368314619e-11,0.9999999999348049,1,4.1852037267015605e-21,0.021266641146745865,0.3333333333333333,1e-06,0.2657116602239007,Nagare,0.6117752393196407,0.8719322870148366,3.0,0
2024-11-08,0.3198419592829531,1.0,0.9523809523809523,1.2364775869766485e-11,0.9999999999866352,1,1.6525218465031297e-22,0.44659946408121665,0.3333333333333333,1e-06,0.5323600337317096,Utsuroi,0.6117752393196407,0.8719322870148366,3.0,0
2024-11-11,0.32800026060895626,0.0,20.0,0.0,0.0,0,0.0,0.021266641146745865,0.0,1e-06,0.2517106054292457,Nagare,0.6117752393196407,0.8719322870148366,3.0,0
2024-11-12,0.3291438375289307,1.0,0.9523809523809523,1.6868728635995483e-11,0.9999999999821313,1,3.014223612682404e-22,0.44659946408121665,0.3333333333333333,1e-06,0.4049249602186855,Utsuroi,0.6117752393196407,0.8719322870148366,3.0,0
2024-11-13,0.3301223621099398,0.0,20.0,1.7796653039960177e-11,0.9999999999812034,1,3.3451711877524133e-22,0.021266641146745865,0.3333333333333333,1e-06,0.2657116602239007,Nagare,0.6117752393196407,0.8719322870148366,3.0,0
2024-11-14,0.33611140412382645,0.0,20.0,2.1925572468455e-11,0.9999999999770744,1,5.026558155123001e-22,0.021266641146745865,0.3333333333333333,1e-06,1.0,Nagare,0.6117752393196407,0.8719322870148366,3.0,0
2024-11-15,0.3662098770794423,0.0,20.0,0.6492266448160358,0.6470946360390256,2,0.22911556538196534,0.021266641146745865,0.6666666666666666,1e-06,0.3505366376911261,Nagare,0.6117752393196407,0.8719322870148366,3.0,0
2024-11-18,0.38061658838056356,0.5,1.8181818181818181,0.6900068428927941,0.5396046023097048,2,0.31767597484265303,0.23393305261408756,0.6666666666666666,1e-06,0.8250789253453075,Nagare,0.6117752393196407,0.8719322870148366,3.0,0
2024-11-19,0.3992321343253021,0.5,1.8181818181818181,1.952538131157002e-11,0.9999999999794746,1,4.0076546474286035e-22,0.23393305261408756,0.3333333333333333,1e-06,0.6646309556879848,Nagare,0.6117752393196407,0.8719322870148366,3.0,0
2024-11-20,0.40603464858123245,0.0,20.0,1.069140331763705e-10,0.999999999892086,1,1.153752215871458e-20,0.021266641146745865,0.3333333333333333,1e-06,0.14197439593060102,Nagare,0.6117752393196407,0.8719322870148366,3.0,0
2024-11-21,0.4080742239127333,0.0,20.0,0.46737387597833147,0.8226352766439476,2,0.08289563821674269,0.021266641146745865,0.6666666666666666,1e-06,0.3845723416069968,Nagare,0.6117752393196407,0.8719322870148366,3.0,0
2024-11-22,0.37717406816785704,1.0,0.9523809523809523,0.3347544490114909,0.8955488730570347,2,0.03496547944842165,0.44659946408121665,0.6666666666666666,1e-06,0.6492819588622482,Utsuroi,0.6117752393196407,0.8719322870148366,3.0,0
2024-11-25,0.3595959940680437,1.0,0.9523809523809523,2.1276091999063964e-11,0.9999999999777239,1,4.739477120932133e-22,0.44659946408121665,0.3333333333333333,1e-06,0.5325326651977023,Utsuroi,0.6117752393196407,0.8719322870148366,3.0,0
2024-11-26,0.3577214710755084,0.0,20.0,0.2646953516592463,0.9256710398563949,2,0.01967453024367766,0.021266641146745865,0.6666666666666666,1e-06,0.21524852339832445,Nagare,0.6117752393196407,0.8719322870148366,3.0,0
2024-11-27,0.3708667109288228,0.0,20.0,0.45545635840102094,0.8302709302443451,2,0.07730418402570347,0.021266641146745865,0.6666666666666666,1e-06,0.8606678511252501,Nagare,0.6117752393196407,0.8719322870148366,3.0,0
2024-11-29,0.3819370070922866,0.0,20.0,8.040457188899945e-12,0.9999999999909596,1,7.268923112701371e-23,0.021266641146745865,0.3333333333333333,1e-06,0.666350912844581,Nagare,0.6117752393196407,0.8719322870148366,3.0,0
2024-12-02,0.3909323595658999,0.0,20.0,0.6734885758230278,0.5988166049368105,2,0.2701924333849546,0.021266641146745865,0.6666666666666666,1e-06,0.33072536355074256,Nagare,0.6117752393196407,0.8719322870148366,3.0,0
2024-12-03,0.33061751912683596,1.0,0.9523809523809523,3.471378739952738e-11,0.9999999999642862,1,1.2397600551125452e-21,0.44659946408121665,0.3333333333333333,1e-06,0.7396220862656733,Utsuroi,0.6117752393196407,0.8719322870148366,3.0,0
2024-12-04,0.35671936758893286,0.0,20.0,0.0,0.0,0,0.0,0.021266641146745865,0.0,1e-06,0.2517106054292457,Nagare,0.6117752393196407,0.8719322870148366,3.0,0
2024-12-05,0.3450713882390901,0.0,20.0,2.2531743135371453e-10,0.9999999997736826,1,5.0993257324550634e-20,0.021266641146745865,0.3333333333333333,1e-06,0.6334769358109171,Nagare,0.6117752393196407,0.8719322870148366,3.0,0
2024-12-06,0.3146192316999771,0.0,20.0,0.5477687596661418,0.7628531714635707,2,0.1299016241261591,0.021266641146745865,0.6666666666666666,1e-06,0.3817446747021406,Nagare,0.6117752393196407,0.8719322870148366,3.0,0
2024-12-09,0.3263968950304354,0.0,20.0,0.6849025992864195,0.5641166847918296,2,0.2985376155716576,0.021266641146745865,0.6666666666666666,1e-06,0.5225526714247255,Nagare,0.6117752393196407,0.8719322870148366,3.0,0
2024-12-10,0.25927954033544093,0.0,20.0,0.580090803126107,0.7331596394837585,2,0.15479163903832643,0.021266641146745865,0.6666666666666666,1e-06,0.7288148644752765,Nagare,0.6117752393196407,0.8719322870148366,3.0,0
2024-12-11,0.2786260323527404,0.0,20.0,0.557892711325581,0.7540046107030564,2,0.13723903470846371,0.021266641146745865,0.6666666666666666,1e-06,0.7576519461571624,Nagare,0.6117752393196407,0.8719322870148366,3.0,0
2024-12-12,0.28480370561115903,0.0,20.0,5.53836976264418e-11,0.9999999999436163,1,3.1227364353089265e-21,0.021266641146745865,0.3333333333333333,1e-06,0.7148063120225921,Nagare,0.6117752393196407,0.8719322870148366,3.0,0
2024-12-13,0.2706917306296188,0.0,20.0,3.209055243703331e-11,0.9999999999669095,1,1.0618933982703513e-21,0.021266641146745865,0.3333333333333333,1e-06,1.0,Nagare,0.6117752393196407,0.8719322870148366,3.0,0
2024-12-16,0.2724955169054548,0.0,20.0,1.1714740288856932e-11,0.9999999999872853,1,1.4894962117495985e-22,0.021266641146745865,0.3333333333333333,1e-06,1.0,Nagare,0.6117752393196407,0.8719322870148366,3.0,0
2024-12-17,0.2804887658924926,0.0,20.0,1.128808158049882e-11,0.9999999999877119,1,1.387086176375607e-22,0.021266641146745865,0.3333333333333333,1e-06,1.0,Nagare,0.6117752393196407,0.8719322870148366,3.0,0
2024-12-18,0.3025350425971544,0.0,20.0,0.0,0.0,0,0.0,0.021266641146745865,0.0,1e-06,1.0,Nagare,0.6117752393196407,0.8719322870148366,3.0,0
2024-12-19,0.3035253566309467,1.0,0.9523809523809523,0.0,0.0,0,0.0,0.44659946408121665,0.0,1e-06,0.46784498311578016,Utsuroi,0.6117752393196407,0.8719322870148366,3.0,0
2024-12-20,0.29415274166826966,-1.0,0.9523809523809523,9.480045632885869e-10,0.9999999990509955,1,8.99660636034672e-19,0.44659946408121665,0.3333333333333333,1e-06,0.5227479121952154,Utsuroi,0.6117752393196407,0.8719322870148366,3.0,0
2024-12-23,0.28447360093322827,1.0,0.9523809523809523,0.35784933505270566,0.8845062798527877,2,0.04132935095744318,0.44659946408121665,0.6666666666666666,1e-06,0.2669302144214931,Utsuroi,0.6117752393196407,0.8719322870148366,3.0,0
2024-12-24,0.30424451325072444,-1.0,0.9523809523809523,2.1041501873965864e-11,0.9999999999779585,1,4.637858375169602e-22,0.44659946408121665,0.3333333333333333,1e-06,0.5362549060301309,Utsuroi,0.6117752393196407,0.8719322870148366,3.0,0
2024-12-26,0.31470175786945975,0.0,20.0,8.792522265773943e-12,0.9999999999902075,1,8.610077555460494e-23,0.021266641146745865,0.3333333333333333,1e-06,0.2657116602239007,Nagare,0.6117752393196407,0.8719322870148366,3.0,0
2024-12-27,0.3692279769919522,0.0,20.0,3.728950481656244e-11,0.9999999999617105,1,1.4277958494003229e-21,0.021266641146745865,0.3333333333333333,1e-06,1.0,Nagare,0.6117752393196407,0.8719322870148366,3.0,0
2024-12-30,0.3874426815420604,0.0,20.0,0.0,0.0,0,0.0,0.021266641146745865,0.0,1e-06,1.0,Nagare,0.6117752393196407,0.8719322870148366,3.0,0
2024-12-31,0.40539801813093745,0.0,20.0,9.447809201190143e-11,0.9999999999045219,1,9.020585872633891e-21,0.021266641146745865,0.3333333333333333,1e-06,0.6334769358109171,Nagare,0.6117752393196407,0.8719322870148366,3.0,0
2025-01-02,0.38238500629804983,0.0,20.0,0.6373610109808849,0.7931572603967625,3,0.13183349762757537,0.021266641146745865,1.0,1e-06,0.2317234474113039,Nagare,0.6117752393196407,0.8719322870148366,3.0,0
2025-01-03,0.3737669163135001,0.0,20.0,0.5546159479434889,0.7569097029375645,2,0.13482175554114695,0.021266641146745865,0.6666666666666666,1e-06,0.4032431153863919,Nagare,0.6117752393196407,0.8719322870148366,3.0,0
2025-01-06,0.3894468885152115,0.0,20.0,2.079166838479462e-10,0.9999999997910833,1,4.3437259511237355e-20,0.021266641146745865,0.3333333333333333,1e-06,0.7128212824599398,Nagare,0.6117752393196407,0.8719322870148366,3.0,0
2025-01-07,0.4078148559515021,0.0,20.0,3.661726477517742e-11,0.9999999999623828,1,1.377440534379633e-21,0.021266641146745865,0.3333333333333333,1e-06,1.0,Nagare,0.6117752393196407,0.8719322870148366,3.0,0
2025-01-08,0.4101963254137168,1.0,0.9523809523809523,0.27732133337106224,0.9205919113040606,2,0.022021557037605492,0.44659946408121665,0.6666666666666666,1e-06,0.4236117125045009,Utsuroi,0.6117752393196407,0.8719322870148366,3.0,0
2025-01-10,0.415136106129895,1.0,0.9523809523809523,0.23856921532876635,0.9357259638401508,2,0.015333806372667971,0.44659946408121665,0.6666666666666666,1e-06,0.9668401444622131,Utsuroi,0.6117752393196407,0.8719322870148366,3.0,0
2025-01-13,0.42512177263730055,0.0,20.0,0.0,0.0,0,0.0,0.021266641146745865,0.0,1e-06,0.3446787213800031,Nagare,0.6117752393196407,0.8719322870148366,3.0,0
2025-01-14,0.44193353230620325,0.0,20.0,0.0,0.0,0,0.0,0.021266641146745865,0.0,1e-06,1.0,Nagare,0.6117752393196407,0.8719322870148366,3.0,0
2025-01-15,0.47488505283536336,0.0,20.0,0.0,0.0,0,0.0,0.021266641146745865,0.0,1e-06,1.0,Nagare,0.6117752393196407,0.8719322870148366,3.0,0
2025-01-16,0.462859810996457,1.0,0.9523809523809523,7.529088463506997e-11,0.9999999999237091,1,5.744006528421678e-21,0.44659946408121665,0.3333333333333333,1e-06,0.4049249602186855,Utsuroi,0.6117752393196407,0.8719322870148366,3.0,0
2025-01-17,0.48149893584676184,1.0,0.9523809523809523,0.6866340467152432,0.557004303412647,2,0.3041759278252123,0.44659946408121665,0.6666666666666666,1e-06,0.22028351915486477,Utsuroi,0.6117752393196407,0.8719322870148366,3.0,0
2025-01-21,0.4813338835077966,1.0,0.9523809523809523,0.5970508618890629,0.7156110786016887,2,0.16979465063256272,0.44659946408121665,0.6666666666666666,1e-06,0.6551481628377769,Utsuroi,0.6117752393196407,0.8719322870148366,3.0,0
2025-01-22,0.49334733589391977,1.0,0.9523809523809523,0.320243285917366,0.902190425677299,2,0.031322859475280594,0.44659946408121665,0.6666666666666666,1e-06,0.9323811442838422,Utsuroi,0.6117752393196407,0.8719322870148366,3.0,0
2025-01-23,0.444020265448837,1.0,0.9523809523809523,3.570499451587683e-11,0.999999999963295,1,1.3105508380628098e-21,0.44659946408121665,0.3333333333333333,1e-06,0.5306478412832119,Utsuroi,0.6117752393196407,0.8719322870148366,3.0,0
2025-01-24,0.4380901706988663,1.0,0.9523809523809523,0.6289160553611273,0.6772620398144522,2,0.20297508483519125,0.44659946408121665,0.6666666666666666,1e-06,0.25921955692695275,Utsuroi,0.6117752393196407,0.8719322870148366,3.0,0
2025-01-27,0.42071251729636827,1.5,0.6451612903225806,0.817747642298442,0.6844428173689217,3,0.2580461421069032,0.659265875548133,1.0,1e-06,0.008421591168246367,Utsuroi,0.6117752393196407,0.8719322870148366,3.0,0
2025-01-28,0.442122163550735,1.5,0.6451612903225806,3.283673333185891e-11,0.9999999999661633,1,1.1110870628532296e-21,0.659265875548133,0.3333333333333333,1e-06,0.7245501262499756,Utsuroi,0.6117752393196407,0.8719322870148366,3.0,0
2025-01-29,0.42852892449165736,1.0,0.9523809523809523,2.2311041902595944e-11,0.999999999976689,1,5.200931391294142e-22,0.44659946408121665,0.3333333333333333,1e-06,0.12656106764130948,Utsuroi,0.6117752393196407,0.8719322870148366,3.0,0
2025-01-30,0.4255697718430638,1.0,0.9523809523809523,1.8483004014463263e-10,0.99999999981417,1,3.434696969444398e-20,0.44659946408121665,0.3333333333333333,1e-06,1.0,Utsuroi,0.6117752393196407,0.8719322870148366,3.0,0
2025-01-31,0.3909087806603335,0.0,20.0,3.1139424371867955e-11,0.9999999999678606,1,1.0008024857415883e-21,0.021266641146745865,0.3333333333333333,1e-06,0.2657116602239007,Nagare,0.6117752393196407,0.8719322870148366,3.0,0
2025-02-03,0.3827269004287639,1.0,0.9523809523809523,2.6552537945766022e-11,0.9999999999724475,1,7.315892219293628e-22,0.44659946408121665,0.3333333333333333,1e-06,0.5323600337317096,Utsuroi,0.6117752393196407,0.8719322870148366,3.0,0
2025-02-04,0.3880911014451388,1.0,0.9523809523809523,0.6931408752006774,0.5017755774058782,2,0.34533971232324173,0.44659946408121665,0.6666666666666666,1e-06,0.2026802986042575,Utsuroi,0.6117752393196407,0.8719322870148366,3.0,0
2025-02-05,0.37486333542234174,1.0,0.9523809523809523,0.6680890825586909,0.6114631896863277,2,0.2595772011427414,0.44659946408121665,0.6666666666666666,1e-06,0.5102998365707767,Utsuroi,0.6117752393196407,0.8719322870148366,3.0,0
2025-02-06,0.3819487965450698,0.0,20.0,2.734523718532623e-11,0.9999999999716548,1,7.751066289943626e-22,0.021266641146745865,0.3333333333333333,1e-06,0.4784428650381912,Nagare,0.6117752393196407,0.8719322870148366,3.0,0
2025-02-07,0.3902721502100384,0.0,20.0,0.0,0.0,0,0.0,0.021266641146745865,0.0,1e-06,1.0,Nagare,0.6117752393196407,0.8719322870148366,3.0,0
2025-02-10,0.35947809954021137,1.0,0.9523809523809523,0.0,0.0,0,0.0,0.44659946408121665,0.0,1e-06,0.46784498311578016,Utsuroi,0.6117752393196407,0.8719322870148366,3.0,0
2025-02-11,0.3594309417290784,0.5,1.8181818181818181,5.269196190338626e-11,0.9999999999463081,1,2.8291336455703855e-21,0.23393305261408756,0.3333333333333333,1e-06,0.9022852948345433,Nagare,0.6117752393196407,0.8719322870148366,3.0,0
2025-02-12,0.34891474984642695,0.0,20.0,0.6135651363596024,0.6967833992599509,2,0.18604313497956335,0.021266641146745865,0.6666666666666666,1e-06,0.08627009190357127,Nagare,0.6117752393196407,0.8719322870148366,3.0,0
2025-02-13,0.35131979821420817,0.0,20.0,0.7227280442951886,0.7561556673156201,3,0.1762331376734472,0.021266641146745865,1.0,1e-06,0.2777827098717526,Nagare,0.6117752393196407,0.8719322870148366,3.0,0
2025-02-14,0.33119520231321475,1.0,0.9523809523809523,0.3139599998033346,0.9049981590404882,2,0.029826777968964754,0.44659946408121665,0.6666666666666666,1e-06,0.9131194369081962,Utsuroi,0.6117752393196407,0.8719322870148366,3.0,0
2025-02-18,0.27211825441639115,1.0,0.9523809523809523,0.9778407525600747,0.5718748510391104,3,0.41863821784981037,0.44659946408121665,1.0,1e-06,0.19501035522804755,Utsuroi,0.6117752393196407,0.8719322870148366,3.0,0
2025-02-19,0.26337048045122585,1.0,0.9523809523809523,0.6558999402483757,0.6356142302903476,2,0.23900060457991942,0.44659946408121665,0.6666666666666666,1e-06,0.21718920423755672,Utsuroi,0.6117752393196407,0.8719322870148366,3.0,0
2025-02-20,0.26862857639255155,1.0,0.9523809523809523,0.6364025995934708,0.6668275422552449,2,0.21203181822170797,0.44659946408121665,0.6666666666666666,1e-06,0.583011310109045,Utsuroi,0.6117752393196407,0.8719322870148366,3.0,0
2025-02-21,0.2920777979784191,0.0,20.0,0.5405265955429318,0.7689627769590106,2,0.12488176361403899,0.021266641146745865,0.6666666666666666,1e-06,0.4417691696323449,Nagare,0.6117752393196407,0.8719322870148366,3.0,0
2025-02-24,0.29135864135864137,0.0,20.0,0.49816004623837506,0.8016116661955778,2,0.09882914154116516,0.021266641146745865,0.6666666666666666,1e-06,0.8229584344521188,Nagare,0.6117752393196407,0.8719322870148366,3.0,0
2025-02-25,0.3007194668685352,0.0,20.0,0.37844447400128806,0.8741378305426926,2,0.0476318425169317,0.021266641146745865,0.6666666666666666,1e-06,0.9136272586099925,Nagare,0.6117752393196407,0.8719322870148366,3.0,0
2025-02-26,0.2987859966120836,0.5,1.8181818181818181,0.6735048840191051,0.5987758804853995,2,0.27022640407934856,0.23393305261408756,0.6666666666666666,1e-06,0.6874536600606713,Nagare,0.6117752393196407,0.8719322870148366,3.0,0
2025-02-27,0.37114965779562065,1.0,0.9523809523809523,0.0,0.0,0,0.0,0.44659946408121665,0.0,1e-06,0.679631149421744,Utsuroi,0.6117752393196407,0.8719322870148366,3.0,0
2025-02-28,0.35849957495920226,0.5,1.8181818181818181,3.049871466437717e-11,0.9999999999685013,1,9.60669636174557e-22,0.23393305261408756,0.3333333333333333,1e-06,0.9022852948345433,Nagare,0.6117752393196407,0.8719322870148366,3.0,0
2025-03-03,0.37291807571310687,1.0,0.9523809523809523,0.0,0.0,0,0.0,0.44659946408121665,0.0,1e-06,0.3505848065705256,Utsuroi,0.6117752393196407,0.8719322870148366,3.0,0
2025-03-04,0.36154125377727864,1.0,0.9523809523809523,0.6426870440115207,0.6574888979868236,2,0.2201274476939767,0.44659946408121665,0.6666666666666666,1e-06,0.20875361940489268,Utsuroi,0.6117752393196407,0.8719322870148366,3.0,0
2025-03-05,0.37841196071009736,1.0,0.9523809523809523,6.292033560635387e-11,0.9999999999360797,1,4.021887576645011e-21,0.44659946408121665,0.3333333333333333,1e-06,0.7082847114817866,Utsuroi,0.6117752393196407,0.8719322870148366,3.0,0
2025-03-06,0.4135563194569406,1.0,0.9523809523809523,0.0,0.0,0,0.0,0.44659946408121665,0.0,1e-06,1.0,Utsuroi,0.6117752393196407,0.8719322870148366,3.0,0
2025-03-07,0.3897887826459255,0.0,20.0,1.8470336371289833e-11,0.9999999999805297,1,3.596232534477619e-22,0.021266641146745865,0.3333333333333333,1e-06,0.1872948223795069,Nagare,0.6117752393196407,0.8719322870148366,3.0,0
2025-03-10,0.4493019402957291,1.0,0.9523809523809523,0.0,0.0,0,0.0,0.44659946408121665,0.0,1e-06,0.4954374582522977,Utsuroi,0.6117752393196407,0.8719322870148366,3.0,0
2025-03-11,0.4347891239195587,1.0,0.9523809523809523,0.0,0.0,0,0.0,0.44659946408121665,0.0,1e-06,1.0,Utsuroi,0.6117752393196407,0.8719322870148366,3.0,0
2025-03-12,0.4295663963365826,0.5,1.8181818181818181,9.41748901039052e-11,0.9999999999048251,1,8.963082733302448e-21,0.23393305261408756,0.3333333333333333,1e-06,0.9022852948345433,Nagare,0.6117752393196407,0.8719322870148366,3.0,0
2025-03-13,0.4247680890538034,0.0,20.0,0.6738987872566646,0.5977869430090631,2,0.2710508913249881,0.021266641146745865,0.6666666666666666,1e-06,0.07729913906482555,Nagare,0.6117752393196407,0.8719322870148366,3.0,0
2025-03-14,0.4488421516371826,1.0,0.9523809523809523,6.292956154186733e-10,0.9999999993697044,1,3.966422534044846e-19,0.44659946408121665,0.3333333333333333,1e-06,0.739790359705442,Utsuroi,0.6117752393196407,0.8719322870148366,3.0,0
2025-03-17,0.44246405768144903,1.0,0.9523809523809523,1.3084311412016174e-11,0.9999999999859157,1,1.8428322709244903e-22,0.44659946408121665,0.3333333333333333,1e-06,1.0,Utsuroi,0.6117752393196407,0.8719322870148366,3.0,0
2025-03-18,0.4375832242291871,1.0,0.9523809523809523,3.428501926743237e-11,0.999999999964715,1,1.2097468070133665e-21,0.44659946408121665,0.3333333333333333,1e-06,1.0,Utsuroi,0.6117752393196407,0.8719322870148366,3.0,0
2025-03-19,0.4576135045079145,1.0,0.9523809523809523,0.20556078955752544,0.947586656931938,2,0.010774128184420279,0.44659946408121665,0.6666666666666666,1e-06,0.26450648726906767,Utsuroi,0.6117752393196407,0.8719322870148366,3.0,0
2025-03-20,0.45710655803823513,0.5,1.8181818181818181,1.092537171835817e-11,0.9999999999880747,1,1.3028887721541476e-22,0.23393305261408756,0.3333333333333333,1e-06,0.032582945128876495,Nagare,0.6117752393196407,0.8719322870148366,3.0,0
2025-03-21,0.45168340975794385,1.0,0.9523809523809523,1.558975171164934e-11,0.9999999999834103,1,2.5862976527253622e-22,0.44659946408121665,0.3333333333333333,1e-06,0.1371356787486535,Utsuroi,0.6117752393196407,0.8719322870148366,3.0,0
2025-03-24,0.4432303721123598,1.0,0.9523809523809523,0.642263258070457,0.6581373210850031,2,0.21956583797264043,0.44659946408121665,0.6666666666666666,1e-06,0.2538762834480598,Utsuroi,0.6117752393196407,0.8719322870148366,3.0,0
2025-03-25,0.43068639435099065,1.0,0.9523809523809523,0.6099112557254586,0.7011212712590782,2,0.18228950075600434,0.44659946408121665,0.6666666666666666,1e-06,0.6330853571039102,Utsuroi,0.6117752393196407,0.8719322870148366,3.0,0
2025-03-26,0.4575073994328654,1.0,0.9523809523809523,0.23658594542046418,0.9364647958772956,2,0.015031536334852198,0.44659946408121665,0.6666666666666666,1e-06,0.9674931155920753,Utsuroi,0.6117752393196407,0.8719322870148366,3.0,0
2025-03-27,0.4508699375159003,1.0,0.9523809523809523,1.5553447418744698e-11,0.9999999999834466,1,2.5746282995951324e-22,0.44659946408121665,0.3333333333333333,1e-06,0.5246025473094297,Utsuroi,0.6117752393196407,0.8719322870148366,3.0,0
2025-03-28,0.45964129038663204,2.0,0.48780487804878053,0.6424116668401619,0.6579105699318606,2,0.21976224097847444,0.8719322870148366,0.6666666666666666,1e-06,0.03579431248912712,Katashi,0.6117752393196407,0.8719322870148366,3.0,0
2025-03-31,0.427680083891264,0.0,20.0,9.114486942912033e-12,0.9999999999898855,1,9.218815754775844e-23,0.021266641146745865,0.3333333333333333,1e-06,0.6026733063295694,Nagare,0.6117752393196407,0.8719322870148366,3.0,0
2025-04-01,0.42388388009506034,0.0,20.0,0.35233766589153703,0.8871961206867466,2,0.03974505554074235,0.021266641146745865,0.6666666666666666,1e-06,0.3825240613414358,Nagare,0.6117752393196407,0.8719322870148366,3.0,0
2025-04-02,0.4147588436408313,1.0,0.9523809523809523,0.43319221494088067,0.8438725103945592,2,0.0676332130353402,0.44659946408121665,0.6666666666666666,1e-06,0.6359491039070422,Utsuroi,0.6117752393196407,0.8719322870148366,3.0,0
2025-04-03,0.47092379670019424,1.0,0.9523809523809523,7.824441094725059e-11,0.9999999999207556,1,6.200430524774153e-21,0.44659946408121665,0.3333333333333333,1e-06,0.5565512488687413,Utsuroi,0.6117752393196407,0.8719322870148366,3.0,0
2025-04-04,0.5031325817040102,0.0,20.0,0.0,0.0,0,0.0,0.021266641146745865,0.0,1e-06,0.2517106054292457,Nagare,0.6117752393196407,0.8719322870148366,3.0,0
2025-04-07,0.46537096443928744,2.0,0.48780487804878053,1.5301993004847798e-10,0.9999999998459801,1,2.3568115538840408e-20,0.8719322870148366,0.3333333333333333,1e-06,0.18255264406575022,Katashi,0.6117752393196407,0.8719322870148366,3.0,0
2025-04-08,0.4858020861126452,1.5,0.6451612903225806,0.0,0.0,0,0.0,0.659265875548133,0.0,1e-06,0.3423552499706638,Utsuroi,0.6117752393196407,0.8719322870148366,3.0,0
2025-04-09,0.5175275035523483,1.5,0.6451612903225806,0.0,0.0,0,0.0,0.659265875548133,0.0,1e-06,1.0,Utsuroi,0.6117752393196407,0.8719322870148366,3.0,0
2025-04-10,0.5474137663578659,1.5,0.6451612903225806,0.0,0.0,0,0.0,0.659265875548133,0.0,1e-06,1.0,Utsuroi,0.6117752393196407,0.8719322870148366,3.0,0
2025-04-11,0.5698490950043745,1.0,0.9523809523809523,2.465944115264041e-10,0.9999999997524056,1,6.105539276004575e-20,0.44659946408121665,0.3333333333333333,1e-06,0.7835707429828341,Utsuroi,0.6117752393196407,0.8719322870148366,3.0,0
2025-04-14,0.5664773115083676,2.0,0.48780487804878053,0.0,0.0,0,0.0,0.8719322870148366,0.0,1e-06,0.1327798771626838,Katashi,0.6117752393196407,0.8719322870148366,3.0,0
2025-04-15,0.5570339598289908,1.0,0.9523809523809523,0.0,0.0,0,0.0,0.44659946408121665,0.0,1e-06,0.004928377690119445,Utsuroi,0.6117752393196407,0.8719322870148366,3.0,0
2025-04-16,0.5663829958861014,1.0,0.9523809523809523,2.6393243143062464e-10,0.9999999997350676,1,6.99242549629351e-20,0.44659946408121665,0.3333333333333333,1e-06,0.5227479121952154,Utsuroi,0.6117752393196407,0.8719322870148366,3.0,0
2025-04-17,0.5555838571366524,1.0,0.9523809523809523,0.0,0.0,0,0.0,0.44659946408121665,0.0,1e-06,1.0,Utsuroi,0.6117752393196407,0.8719322870148366,3.0,0
2025-04-21,0.5590381668021419,1.0,0.9523809523809523,5.45323341889039e-10,0.9999999994536767,1,2.979228585688092e-19,0.44659946408121665,0.3333333333333333,1e-06,0.5227479121952154,Utsuroi,0.6117752393196407,0.8719322870148366,3.0,0
2025-04-22,0.5745295077593214,1.0,0.9523809523809523,0.0,0.0,0,0.0,0.44659946408121665,0.0,1e-06,1.0,Utsuroi,0.6117752393196407,0.8719322870148366,3.0,0
2025-04-23,0.5889715874187925,1.0,0.9523809523809523,0.0,0.0,0,0.0,0.44659946408121665,0.0,1e-06,1.0,Utsuroi,0.6117752393196407,0.8719322870148366,3.0,0
2025-04-24,0.6191172181855413,1.0,0.9523809523809523,5.082353425702877e-10,0.9999999994907647,1,2.5881138760296566e-19,0.44659946408121665,0.3333333333333333,1e-06,0.5227479121952154,Utsuroi,0.6117752393196407,0.8719322870148366,3.0,0
2025-04-25,0.6188932185826596,0.0,20.0,0.0,0.0,0,0.0,0.021266641146745865,0.0,1e-06,0.2517106054292457,Nagare,0.6117752393196407,0.8719322870148366,3.0,0
2025-04-28,0.603543351058879,1.0,0.9523809523809523,0.0,0.0,0,0.0,0.44659946408121665,0.0,1e-06,0.46784498311578016,Utsuroi,0.6117752393196407,0.8719322870148366,3.0,0
2025-04-29,0.6032957725504311,1.0,0.9523809523809523,4.165479072690942e-11,0.9999999999573452,1,1.7767754597917795e-21,0.44659946408121665,0.3333333333333333,1e-06,0.5227479121952154,Utsuroi,0.6117752393196407,0.8719322870148366,3.0,0
2025-04-30,0.6042035604147407,0.0,20.0,0.0,0.0,0,0.0,0.021266641146745865,0.0,1e-06,0.2517106054292457,Nagare,0.6117752393196407,0.8719322870148366,3.0,0
2025-05-01,0.5990869379068137,1.5,0.6451612903225806,0.0,0.0,0,0.0,0.659265875548133,0.0,1e-06,0.2906214634843697,Utsuroi,0.6117752393196407,0.8719322870148366,3.0,0
2025-05-02,0.5926263177815974,0.0,20.0,4.557365595905646e-11,0.9999999999534264,1,2.122530765315241e-21,0.021266641146745865,0.3333333333333333,1e-06,0.31236336325712943,Nagare,0.6117752393196407,0.8719322870148366,3.0,0
2025-05-05,0.5947837876409305,0.0,20.0,3.152478278370289e-11,0.9999999999674752,1,1.0253360149775899e-21,0.021266641146745865,0.3333333333333333,1e-06,1.0,Nagare,0.6117752393196407,0.8719322870148366,3.0,0
2025-05-06,0.5740579296479917,1.0,0.9523809523809523,2.2825963341404958e-11,0.9999999999761741,1,5.438500608614628e-22,0.44659946408121665,0.3333333333333333,1e-06,0.5323600337317096,Utsuroi,0.6117752393196407,0.8719322870148366,3.0,0
2025-05-07,0.5474019769050825,1.0,0.9523809523809523,0.41357862939063816,0.8552019516183658,2,0.0598853783881156,0.44659946408121665,0.6666666666666666,1e-06,0.26915939506705133,Utsuroi,0.6117752393196407,0.8719322870148366,3.0,0
2025-05-08,0.5584015363518471,1.0,0.9523809523809523,0.0,0.0,0,0.0,0.44659946408121665,0.0,1e-06,1.0,Utsuroi,0.6117752393196407,0.8719322870148366,3.0,0
2025-05-09,0.5315687418171892,1.0,0.9523809523809523,0.30185352518031094,0.9102955367279698,2,0.027077608463070044,0.44659946408121665,0.6666666666666666,1e-06,0.2632423301518775,Utsuroi,0.6117752393196407,0.8719322870148366,3.0,0
2025-05-12,0.47912925583733046,1.0,0.9523809523809523,5.2330251241982736e-11,0.9999999999466698,1,2.790784288730237e-21,0.44659946408121665,0.3333333333333333,1e-06,0.5286886612363533,Utsuroi,0.6117752393196407,0.8719322870148366,3.0,0
2025-05-13,0.4465549977972339,1.0,0.9523809523809523,1.8392787291498947e-10,0.9999999998150721,1,3.40133862422915e-20,0.44659946408121665,0.3333333333333333,1e-06,1.0,Utsuroi,0.6117752393196407,0.8719322870148366,3.0,0
2025-05-14,0.4232354601919819,1.0,0.9523809523809523,4.142597376154391e-11,0.999999999957574,1,1.757536359477133e-21,0.44659946408121665,0.3333333333333333,1e-06,1.0,Utsuroi,0.6117752393196407,0.8719322870148366,3.0,0
2025-05-15,0.42698450617705275,0.0,20.0,0.0,0.0,0,0.0,0.021266641146745865,0.0,1e-06,0.2517106054292457,Nagare,0.6117752393196407,0.8719322870148366,3.0,0
2025-05-16,0.4292245022058686,0.0,20.0,0.0,0.0,0,0.0,0.021266641146745865,0.0,1e-06,1.0,Nagare,0.6117752393196407,0.8719322870148366,3.0,0
2025-05-19,0.40951253715228875,0.0,20.0,0.0,0.0,0,0.0,0.021266641146745865,0.0,1e-06,1.0,Nagare,0.6117752393196407,0.8719322870148366,3.0,0
2025-05-20,0.4104792722805146,1.0,0.9523809523809523,0.0,0.0,0,0.0,0.44659946408121665,0.0,1e-06,0.46784498311578016,Utsuroi,0.6117752393196407,0.8719322870148366,3.0,0
2025-05-21,0.38163048131992233,1.0,0.9523809523809523,0.0,0.0,0,0.0,0.44659946408121665,0.0,1e-06,1.0,Utsuroi,0.6117752393196407,0.8719322870148366,3.0,0
2025-05-22,0.37109071053170434,0.0,20.0,6.261269280624985e-11,0.9999999999363873,1,3.982960608282247e-21,0.021266641146745865,0.3333333333333333,1e-06,0.1872948223795069,Nagare,0.6117752393196407,0.8719322870148366,3.0,0
2025-05-23,0.3461678073479316,2.0,0.48780487804878053,3.396960490614744e-11,0.9999999999650304,1,1.1879029109405645e-21,0.8719322870148366,0.3333333333333333,1e-06,0.22324005537482128,Katashi,0.6117752393196407,0.8719322870148366,3.0,0
2025-05-27,0.3297686785264425,1.0,0.9523809523809523,2.665212495107215e-11,0.9999999999723479,1,7.369872997779623e-22,0.44659946408121665,0.3333333333333333,1e-06,0.12556445936359972,Utsuroi,0.6117752393196407,0.8719322870148366,3.0,0
2025-05-28,0.31098808024273866,1.0,0.9523809523809523,0.0,0.0,0,0.0,0.44659946408121665,0.0,1e-06,1.0,Utsuroi,0.6117752393196407,0.8719322870148366,3.0,0
2025-05-29,0.31743691091517184,0.0,20.0,0.0,0.0,0,0.0,0.021266641146745865,0.0,1e-06,0.210789699087099,Nagare,0.6117752393196407,0.8719322870148366,3.0,0
2025-05-30,0.3094082935697842,0.0,20.0,8.824829755439768e-11,0.9999999999107517,1,7.876008366951187e-21,0.021266641146745865,0.3333333333333333,1e-06,0.6334769358109171,Nagare,0.6117752393196407,0.8719322870148366,3.0,0
2025-06-02,0.3179084890265015,1.0,0.9523809523809523,0.0,0.0,0,0.0,0.44659946408121665,0.0,1e-06,0.4954374582522977,Utsuroi,0.6117752393196407,0.8719322870148366,3.0,0
2025-06-03,0.3071447186354019,1.0,0.9523809523809523,0.0,0.0,0,0.0,0.44659946408121665,0.0,1e-06,1.0,Utsuroi,0.6117752393196407,0.8719322870148366,3.0,0
2025-06-04,0.30330135702806515,1.0,0.9523809523809523,0.0,0.0,0,0.0,0.44659946408121665,0.0,1e-06,1.0,Utsuroi,0.6117752393196407,0.8719322870148366,3.0,0
2025-06-05,0.3044920917591725,0.0,20.0,0.0,0.0,0,0.0,0.021266641146745865,0.0,1e-06,0.210789699087099,Nagare,0.6117752393196407,0.8719322870148366,3.0,0
2025-06-06,0.29508410843814575,1.5,0.6451612903225806,1.7343670942337666e-10,0.9999999998255633,1,3.025372505095242e-20,0.659265875548133,0.3333333333333333,1e-06,0.2660498384884632,Utsuroi,0.6117752393196407,0.8719322870148366,3.0,0
2025-06-09,0.2883994887100478,1.0,0.9523809523809523,0.0,0.0,0,0.0,0.44659946408121665,0.0,1e-06,0.34515310293018864,Utsuroi,0.6117752393196407,0.8719322870148366,3.0,0
2025-06-10,0.2914647464336906,0.5,1.8181818181818181,1.6616019669892376e-10,0.9999999998328398,1,2.777536749029597e-20,0.23393305261408756,0.3333333333333333,1e-06,0.9022852948345433,Nagare,0.6117752393196407,0.8719322870148366,3.0,0
2025-06-11,0.2927380073342807,1.0,0.9523809523809523,2.4603430403785903e-11,0.9999999999743966,1,6.299316737755729e-22,0.44659946408121665,0.3333333333333333,1e-06,0.1371356787486535,Utsuroi,0.6117752393196407,0.8719322870148366,3.0,0
2025-06-12,0.25712207047610774,1.0,0.9523809523809523,2.8287816533205824e-11,0.9999999999707122,1,8.284877549864766e-22,0.44659946408121665,0.3333333333333333,1e-06,1.0,Utsuroi,0.6117752393196407,0.8719322870148366,3.0,0
2025-06-13,0.2605881695943808,-0.5,1.8181818181818181,0.681673896957552,0.5755954273418972,2,0.2893055189304535,0.23393305261408756,0.6666666666666666,1e-06,0.32761044222086444,Nagare,0.6117752393196407,0.8719322870148366,3.0,0
2025-06-16,0.27222435949144025,1.0,0.9523809523809523,1.5681678178086774e-11,0.9999999999833183,1,2.615963617556481e-22,0.44659946408121665,0.3333333333333333,1e-06,0.8688087093756883,Utsuroi,0.6117752393196407,0.8719322870148366,3.0,0
2025-06-17,0.28433212749982933,1.0,0.9523809523809523,6.510803007623552e-11,0.999999999933892,1,4.304162170324842e-21,0.44659946408121665,0.3333333333333333,1e-06,1.0,Utsuroi,0.6117752393196407,0.8719322870148366,3.0,0
2025-06-18,0.28571149347546865,0.0,20.0,0.0,0.0,0,0.0,0.021266641146745865,0.0,1e-06,0.2517106054292457,Nagare,0.6117752393196407,0.8719322870148366,3.0,0
2025-06-20,0.28974348632733726,1.0,0.9523809523809523,0.0,0.0,0,0.0,0.44659946408121665,0.0,1e-06,0.46784498311578016,Utsuroi,0.6117752393196407,0.8719322870148366,3.0,0
2025-06-23,0.2879279105987181,1.0,0.9523809523809523,0.0,0.0,0,0.0,0.44659946408121665,0.0,1e-06,1.0,Utsuroi,0.6117752393196407,0.8719322870148366,3.0,0
2025-06-24,0.28320034003263816,2.0,0.48780487804878053,0.0,0.0,0,0.0,0.8719322870148366,0.0,1e-06,0.0012957736456781221,Katashi,0.6117752393196407,0.8719322870148366,3.0,0
2025-06-25,0.280606660420325,2.0,0.48780487804878053,0.6391396080345196,0.6628312987867736,2,0.21549787153492958,0.8719322870148366,0.6666666666666666,1e-06,0.44916229177790634,Katashi,0.6117752393196407,0.8719322870148366,3.0,0
2025-06-26,0.26354732224297445,2.0,0.48780487804878053,1.058032550403523e-10,0.9999999998931968,1,1.1300129692227581e-20,0.8719322870148366,0.3333333333333333,1e-06,0.8337036676783967,Katashi,0.6117752393196407,0.8719322870148366,3.0,0
2025-06-27,0.20878531406481718,2.0,0.48780487804878053,1.1437406577309056e-11,0.9999999999875626,1,1.4225142277775318e-22,0.8719322870148366,0.3333333333333333,1e-06,1.0,Katashi,0.6117752393196407,0.8719322870148366,3.0,0
2025-06-30,0.185159250687201,2.0,0.48780487804878053,1.0027001298404166,0.4355157102547171,3,0.5660084706204704,0.8719322870148366,1.0,1e-06,0.23375380756436503,Katashi,0.6117752393196407,0.8719322870148366,3.0,0
2025-07-01,0.19244513250724432,1.0,0.9523809523809523,6.468192647941244e-11,0.9999999999343181,1,4.248432108831546e-21,0.44659946408121665,0.3333333333333333,1e-06,0.4165875519100538,Utsuroi,0.6117752393196407,0.8719322870148366,3.0,0
2025-07-02,0.1828720968472521,1.0,0.9523809523809523,4.779443507510827e-11,0.9999999999512056,1,2.3321014019856045e-21,0.44659946408121665,0.3333333333333333,1e-06,1.0,Utsuroi,0.6117752393196407,0.8719322870148366,3.0,0
2025-07-03,0.18142199415491336,0.0,20.0,0.6929660713676743,0.509515730673246,2,0.33988895718300505,0.021266641146745865,0.6666666666666666,1e-06,0.15477502487270245,Nagare,0.6117752393196407,0.8719322870148366,3.0,0
2025-07-07,0.22776633304583616,0.5,1.8181818181818181,0.5335617037627234,0.7746780626175435,2,0.12022315680490119,0.23393305261408756,0.6666666666666666,1e-06,0.9073977622844726,Nagare,0.6117752393196407,0.8719322870148366,3.0,0
2025-07-08,0.22695286080379248,0.0,20.0,0.6916589405521132,0.5272717947336814,2,0.32696668962360387,0.021266641146745865,0.6666666666666666,1e-06,0.21553600128656458,Nagare,0.6117752393196407,0.8719322870148366,3.0,0
2025-07-09,0.22733012329285623,1.0,0.9523809523809523,8.44413428064992e-12,0.9999999999905559,1,7.974735123189419e-23,0.44659946408121665,0.3333333333333333,1e-06,0.7511055488001126,Utsuroi,0.6117752393196407,0.8719322870148366,3.0,0
2025-07-10,0.2360778972580215,0.0,20.0,0.6856945457467933,0.5609676242413812,2,0.30104210546394156,0.021266641146745865,0.6666666666666666,1e-06,0.1647858409724836,Nagare,0.6117752393196407,0.8719322870148366,3.0,0
2025-07-11,0.23196337823667015,0.0,20.0,0.6900467693699504,0.5393522914221531,2,0.3178684631218136,0.021266641146745865,0.6666666666666666,1e-06,0.4992110677347016,Nagare,0.6117752393196407,0.8719322870148366,3.0,0
2025-07-14,0.23182190480327128,1.0,0.9523809523809523,0.6902393537028974,0.5381117257346536,2,0.3188134639118593,0.44659946408121665,0.6666666666666666,1e-06,0.7022492852112544,Utsuroi,0.6117752393196407,0.8719322870148366,3.0,0
2025-07-15,0.22918106737982516,0.0,20.0,0.27056557324365593,0.9233277800623315,2,0.02074486313929894,0.021266641146745865,0.6666666666666666,1e-06,0.48504615493882197,Nagare,0.6117752393196407,0.8719322870148366,3.0,0
2025-07-16,0.23350779655127488,1.0,0.9523809523809523,0.0,0.0,0,0.0,0.44659946408121665,0.0,1e-06,0.5582403116063156,Utsuroi,0.6117752393196407,0.8719322870148366,3.0,0
2025-07-17,0.20600300320797219,0.0,20.0,0.51603191311256,0.7884280806003842,2,0.10917786232868011,0.021266641146745865,0.6666666666666666,1e-06,0.1358087010670498,Nagare,0.6117752393196407,0.8719322870148366,3.0,0
2025-07-18,0.19764428118465385,0.0,20.0,0.8931305861092484,0.5863594999336786,3,0.36943498226275623,0.021266641146745865,1.0,1e-06,0.22952084278356566,Nagare,0.6117752393196407,0.8719322870148366,3.0,0
2025-07-21,0.18791798263847956,0.0,20.0,0.9726037428531256,0.49298528788874335,3,0.4931244066810082,0.021266641146745865,1.0,1e-06,0.40614596680523174,Nagare,0.6117752393196407,0.8719322870148366,3.0,0
2025-07-22,0.18662114283232295,0.0,20.0,0.6916755201750329,0.527119534605035,2,0.327079841882674,0.021266641146745865,0.6666666666666666,1e-06,0.262149369417054,Nagare,0.6117752393196407,0.8719322870148366,3.0,0
2025-07-23,0.17094117063061162,0.0,20.0,0.5746302339813127,0.7384901711362264,2,0.1502714541484033,0.021266641146745865,0.6666666666666666,1e-06,0.7361750486437781,Nagare,0.6117752393196407,0.8719322870148366,3.0,0
2025-07-24,0.1678405445486191,1.0,0.9523809523809523,8.272682538650694e-11,0.9999999999162732,1,6.926452634146362e-21,0.44659946408121665,0.3333333333333333,1e-06,0.7191615455199585,Utsuroi,0.6117752393196407,0.8719322870148366,3.0,0
2025-07-25,0.15067510129621933,1.0,0.9523809523809523,0.9049740187775392,0.544752515698143,3,0.41198714540701625,0.44659946408121665,1.0,1e-06,0.11581269929154292,Utsuroi,0.6117752393196407,0.8719322870148366,3.0,0
2025-07-28,0.1495668927345946,1.0,0.9523809523809523,1.2058121625773035,0.4897105253159603,4,0.615313255009198,0.44659946408121665,1.3333333333333333,1e-06,0.06273166029854182,Utsuroi,0.6117752393196407,0.8719322870148366,3.0,0
2025-07-29,0.1395930156799722,0.0,20.0,1.189363239860273,0.4809704343954077,4,0.6173146857307479,0.021266641146745865,1.3333333333333333,1e-06,0.6619697653924432,Nagare,0.6117752393196407,0.8719322870148366,3.0,0
2025-07-30,0.14261111559248207,0.0,20.0,1.4097496870840849,0.38830341827233217,5,0.8623390646809841,0.021266641146745865,1.6666666666666667,1e-06,0.07187841784692806,Nagare,0.6117752393196407,0.8719322870148366,3.0,0
2025-07-31,0.13715259895384121,2.0,0.48780487804878053,1.2243939978452083,0.4522725845394535,4,0.6706341599451618,0.8719322870148366,1.3333333333333333,1e-06,0.8694971620896299,Katashi,0.6117752393196407,0.8719322870148366,3.0,0
2025-08-01,0.16677949379812734,2.0,0.48780487804878053,0.6927266206166471,0.5145000169435965,2,0.33631876257210186,0.8719322870148366,0.6666666666666666,1e-06,0.3829697546858789,Katashi,0.6117752393196407,0.8719322870148366,3.0,0
2025-08-04,0.1902522942895614,2.0,0.48780487804878053,0.45575217686951075,0.8300845159737066,2,0.0774393517288198,0.8719322870148366,0.6666666666666666,1e-06,0.8897791803225863,Katashi,0.6117752393196407,0.8719322870148366,3.0,0
2025-08-05,0.20872636680090095,2.0,0.48780487804878053,0.0,0.0,0,0.0,0.8719322870148366,0.0,1e-06,1.0,Katashi,0.6117752393196407,0.8719322870148366,3.0,0
2025-08-06,0.16623717897009824,1.0,0.9523809523809523,6.73032740626793e-11,0.9999999999316967,1,4.5970324849115695e-21,0.44659946408121665,0.3333333333333333,1e-06,0.47738600748574,Utsuroi,0.6117752393196407,0.8719322870148366,3.0,0
2025-08-07,0.1539879375283102,2.0,0.48780487804878053,1.471267552220963e-11,0.9999999999842873,1,2.3117517107615476e-22,0.8719322870148366,0.3333333333333333,1e-06,0.0379669253130952,Katashi,0.6117752393196407,0.8719322870148366,3.0,0
2025-08-08,0.13130503037335337,2.0,0.48780487804878053,1.6846746220108296e-11,0.9999999999821533,1,3.0065923174851113e-22,0.8719322870148366,0.3333333333333333,1e-06,1.0,Katashi,0.6117752393196407,0.8719322870148366,3.0,0
2025-08-11,0.150804785276835,2.0,0.48780487804878053,2.498656836957416e-11,0.9999999999740135,1,6.4931461451953e-22,0.8719322870148366,0.3333333333333333,1e-06,1.0,Katashi,0.6117752393196407,0.8719322870148366,3.0,0
2025-08-12,0.16054287327579253,1.0,0.9523809523809523,7.726264072933816e-12,0.9999999999912738,1,6.742124967968054e-23,0.44659946408121665,0.3333333333333333,1e-06,0.12556445936359972,Utsuroi,0.6117752393196407,0.8719322870148366,3.0,0
2025-08-13,0.15411762150892588,2.0,0.48780487804878053,6.123768159202565e-12,0.9999999999928763,1,4.3624169158732747e-23,0.8719322870148366,0.3333333333333333,1e-06,0.0379669253130952,Katashi,0.6117752393196407,0.8719322870148366,3.0,0
2025-08-14,0.16890159529911086,0.0,20.0,8.586686917010434e-12,0.9999999999904133,1,8.231768917587411e-23,0.021266641146745865,0.3333333333333333,1e-06,0.4892664478723905,Nagare,0.6117752393196407,0.8719322870148366,3.0,0
2025-08-15,0.19367123559670146,1.0,0.9523809523809523,0.5647143135254848,0.7478229044769282,2,0.1424080153851621,0.44659946408121665,0.6666666666666666,1e-06,0.3927077698618868,Utsuroi,0.6117752393196407,0.8719322870148366,3.0,0
2025-08-18,0.1960291261533498,0.0,20.0,0.6337663856406999,0.6705810435488289,2,0.20877466139158984,0.021266641146745865,0.6666666666666666,1e-06,0.37931859747988206,Nagare,0.6117752393196407,0.8719322870148366,3.0,0
2025-08-19,0.24085262563523438,0.0,20.0,0.6910528840116832,0.5323483702305901,2,0.3231720074649146,0.021266641146745865,0.6666666666666666,1e-06,0.49299025928334284,Nagare,0.6117752393196407,0.8719322870148366,3.0,0
2025-08-20,0.24293935877786813,0.0,20.0,0.6918242960250338,0.5257128478662064,2,0.32812337513867984,0.021266641146745865,0.6666666666666666,1e-06,0.4872531554973948,Nagare,0.6117752393196407,0.8719322870148366,3.0,0
2025-08-21,0.26486774095469745,0.0,20.0,0.44088866959468614,0.8586928646458478,3,0.062300714910528396,0.021266641146745865,1.0,1e-06,0.6686969932568598,Nagare,0.6117752393196407,0.8719322870148366,3.0,0
2025-08-22,0.3183093304211317,0.0,20.0,1.1453282766560999e-11,0.9999999999875467,1,1.426307155319307e-22,0.021266641146745865,0.3333333333333333,1e-06,0.6394789599881281,Nagare,0.6117752393196407,0.8719322870148366,3.0,0
2025-08-25,0.31770806832918635,0.0,20.0,1.4884460329810206e-10,0.9999999998501554,1,2.230355724323978e-20,0.021266641146745865,0.3333333333333333,1e-06,1.0,Nagare,0.6117752393196407,0.8719322870148366,3.0,0
2025-08-26,0.3168945960871427,0.5,1.8181818181818181,4.688135434311956e-10,0.9999999995301865,1,2.202549417287219e-19,0.23393305261408756,0.3333333333333333,1e-06,0.9106399186686659,Nagare,0.6117752393196407,0.8719322870148366,3.0,0
2025-08-27,0.3276347875726758,1.0,0.9523809523809523,0.0,0.0,0,0.0,0.44659946408121665,0.0,1e-06,0.3505848065705256,Utsuroi,0.6117752393196407,0.8719322870148366,3.0,0
2025-08-28,0.3453661245586712,2.0,0.48780487804878053,0.0,0.0,0,0.0,0.8719322870148366,0.0,1e-06,0.0012957736456781221,Katashi,0.6117752393196407,0.8719322870148366,3.0,0
2025-08-29,0.3657500884208959,1.0,0.9523809523809523,6.845485287380512e-10,0.9999999993144515,1,4.692912217436382e-19,0.44659946408121665,0.3333333333333333,1e-06,0.47738600748574,Utsuroi,0.6117752393196407,0.8719322870148366,3.0,0
2025-09-02,0.3966974019769052,1.0,0.9523809523809523,2.333332415896619e-10,0.9999999997656668,1,5.467772971700282e-20,0.44659946408121665,0.3333333333333333,1e-06,1.0,Utsuroi,0.6117752393196407,0.8719322870148366,3.0,0
2025-09-03,0.40878159107972784,0.0,20.0,0.0,0.0,0,0.0,0.021266641146745865,0.0,1e-06,0.2517106054292457,Nagare,0.6117752393196407,0.8719322870148366,3.0,0
2025-09-04,0.4040422310608646,0.0,20.0,1.3613210557875826e-10,0.9999999998628679,1,1.8668079264688532e-20,0.021266641146745865,0.3333333333333333,1e-06,0.6334769358109171,Nagare,0.6117752393196407,0.8719322870148366,3.0,0
2025-09-05,0.37850627633236333,1.0,0.9523809523809523,3.248790125753343e-11,0.9999999999665121,1,1.0879509107067169e-21,0.44659946408121665,0.3333333333333333,1e-06,0.5323600337317096,Utsuroi,0.6117752393196407,0.8719322870148366,3.0,0
2025-09-08,0.3872540502975286,0.0,20.0,0.0,0.0,0,0.0,0.021266641146745865,0.0,1e-06,0.2517106054292457,Nagare,0.6117752393196407,0.8719322870148366,3.0,0
2025-09-09,0.3886805740843008,0.0,20.0,0.0,0.0,0,0.0,0.021266641146745865,0.0,1e-06,1.0,Nagare,0.6117752393196407,0.8719322870148366,3.0,0
2025-09-10,0.3619185162663424,0.0,20.0,6.277145469876114e-11,0.9999999999362286,1,4.003025591212439e-21,0.021266641146745865,0.3333333333333333,1e-06,0.6334769358109171,Nagare,0.6117752393196407,0.8719322870148366,3.0,0
2025-09-11,0.3513669560253411,0.0,20.0,0.0,0.0,0,0.0,0.021266641146745865,0.0,1e-06,1.0,Nagare,0.6117752393196407,0.8719322870148366,3.0,0
2025-09-12,0.3420179199682305,0.0,20.0,4.5228598643018976e-11,0.9999999999537714,1,2.0908537333682223e-21,0.021266641146745865,0.3333333333333333,1e-06,0.6334769358109171,Nagare,0.6117752393196407,0.8719322870148366,3.0,0
2025-09-15,0.38029827315541603,0.0,20.0,0.38009728309641516,0.873283301202724,2,0.04816467293579138,0.021266641146745865,0.6666666666666666,1e-06,0.38303462254438336,Nagare,0.6117752393196407,0.8719322870148366,3.0,0
2025-09-16,0.37521701900583876,0.0,20.0,0.8209949880238692,0.6673144072355554,3,0.27313320424735904,0.021266641146745865,1.0,1e-06,0.2720729392656228,Nagare,0.6117752393196407,0.8719322870148366,3.0,0
2025-09-17,0.3768085951315766,0.0,20.0,0.6892229234557159,0.6956902646268557,3,0.20973724544991382,0.021266641146745865,1.0,1e-06,0.7004819124008113,Nagare,0.6117752393196407,0.8719322870148366,3.0,0
2025-09-18,0.3606452553657523,1.0,0.9523809523809523,1.0762686477159098,0.3938045527121645,3,0.6524291543040198,0.44659946408121665,1.0,1e-06,0.37362920328519744,Utsuroi,0.6117752393196407,0.8719322870148366,3.0,0
2025-09-19,0.314277337569263,0.0,20.0,1.4360383732424962,0.3460499851747556,5,0.9390973154715502,0.021266641146745865,1.6666666666666667,1e-06,0.1902022331390938,Nagare,0.6117752393196407,0.8719322870148366,3.0,0
2025-09-22,0.26140164183642445,0.0,20.0,1.2791376995517085,0.4627996338662713,5,0.6871532405346332,0.021266641146745865,1.6666666666666667,1e-06,0.4152621056236684,Nagare,0.6117752393196407,0.8719322870148366,3.0,0
2025-09-23,0.23370821724858992,0.0,20.0,1.1976540390316857,0.4080719854139695,4,0.708924977484966,0.021266641146745865,1.3333333333333333,1e-06,0.45528104790518054,Nagare,0.6117752393196407,0.8719322870148366,3.0,0
2025-09-24,0.1837327269004288,-0.5,1.8181818181818181,1.3247198207886852,0.36883344987958533,5,0.8361188391633284,0.23393305261408756,1.6666666666666667,1e-06,0.5409465123067787,Nagare,0.6117752393196407,0.8719322870148366,3.0,0
2025-09-25,0.18962745329204955,-1.0,0.9523809523809523,1.3661817570222774,0.36545160580357544,5,0.866908440098936,0.44659946408121665,1.6666666666666667,1e-06,0.6207634881050661,Utsuroi,0.6117752393196407,0.8719322870148366,3.0,0
2025-09-26,0.18269525505550352,0.0,20.0,0.9028820417147725,0.6099883574695205,4,0.3521345081004513,0.021266641146745865,1.3333333333333333,1e-06,0.8097615575506327,Nagare,0.6117752393196407,0.8719322870148366,3.0,0
2025-09-29,0.17481990059629812,0.0,20.0,0.8447228656748076,0.6796358867213934,3,0.27061889182807325,0.021266641146745865,1.0,1e-06,0.19968663434512113,Nagare,0.6117752393196407,0.8719322870148366,3.0,0
2025-09-30,0.1622523439293626,-1.0,0.9523809523809523,0.6307657730158616,0.6747470329386976,2,0.20515843919412494,0.44659946408121665,0.6666666666666666,1e-06,0.9513695926081768,Utsuroi,0.6117752393196407,0.8719322870148366,3.0,0
2025-10-01,0.12380693840321169,0.0,20.0,1.2575684913827727,0.5460700324299373,5,0.5708480245105146,0.021266641146745865,1.6666666666666667,1e-06,0.0909635210740356,Nagare,0.6117752393196407,0.8719322870148366,3.0,0
2025-10-02,0.09532362047889997,-1.0,0.9523809523809523,1.3010542219327093,0.3238832029764929,4,0.8796646132870546,0.44659946408121665,1.3333333333333333,1e-06,0.6628562233216392,Utsuroi,0.6117752393196407,0.8719322870148366,3.0,0
2025-10-03,0.10095897890928948,0.0,20.0,1.617542213917488,0.3438503074274597,6,1.061349826385066,0.021266641146745865,2.0,1e-06,0.27102132079964014,Nagare,0.6117752393196407,0.8719322870148366,3.0,0
2025-10-06,0.09502888415931897,-1.0,0.9523809523809523,1.4735951888510506,0.335897672007719,5,0.9786179954342078,0.44659946408121665,1.6666666666666667,1e-06,0.8046666819107696,Utsuroi,0.6117752393196407,0.8719322870148366,3.0,0
2025-10-07,0.1090937013297262,-1.0,0.9523809523809523,1.5625444286481316,0.3362419693634678,6,1.0371514127415693,0.44659946408121665,2.0,1e-06,0.12492535045093756,Utsuroi,0.6117752393196407,0.8719322870148366,3.0,0
2025-10-08,0.12801577304682896,-1.0,0.9523809523809523,1.5482327857329081,0.274510421766868,5,1.1232267507280744,0.44659946408121665,1.6666666666666667,1e-06,0.8260575752851496,Utsuroi,0.6117752393196407,0.8719322870148366,3.0,0
2025-10-09,0.1383904914960816,0.0,20.0,1.043965053195392,0.4565697574026179,3,0.5673221821211607,0.021266641146745865,1.0,1e-06,0.5633117615216311,Nagare,0.6117752393196407,0.8719322870148366,3.0,0
2025-10-10,0.19897648934916023,-1.0,0.9523809523809523,0.692956279501663,0.5097695679331776,2,0.33970825630351803,0.44659946408121665,0.6666666666666666,1e-06,0.8481237632401148,Utsuroi,0.6117752393196407,0.8719322870148366,3.0,0
2025-10-13,0.2571928071928072,0.0,20.0,0.590711159766365,0.7223593630434479,2,0.16400542265487716,0.021266641146745865,0.6666666666666666,1e-06,0.5323463981620182,Nagare,0.6117752393196407,0.8719322870148366,3.0,0
2025-10-14,0.2675557361892766,0.0,20.0,5.164901838210454e-10,0.9999999994825098,1,2.672785888108238e-19,0.021266641146745865,0.3333333333333333,1e-06,0.7362155216397809,Nagare,0.6117752393196407,0.8719322870148366,3.0,0
2025-10-15,0.25083829214264,0.0,20.0,0.0,0.0,0,0.0,0.021266641146745865,0.0,1e-06,1.0,Nagare,0.6117752393196407,0.8719322870148366,3.0,0
2025-10-16,0.2567094396286943,0.0,20.0,1.0177414466210734e-10,0.9999999998972259,1,1.045974841548396e-20,0.021266641146745865,0.3333333333333333,1e-06,0.6334769358109171,Nagare,0.6117752393196407,0.8719322870148366,3.0,0
2025-10-17,0.2366909488027501,-1.0,0.9523809523809523,1.2330692022910948e-11,0.9999999999866693,1,1.6437638501176226e-22,0.44659946408121665,0.3333333333333333,1e-06,0.5323600337317096,Utsuroi,0.6117752393196407,0.8719322870148366,3.0,0
2025-10-20,0.26519784563262827,0.0,20.0,1.8393286893382343e-11,0.9999999999806067,1,3.5670588274795793e-22,0.021266641146745865,0.3333333333333333,1e-06,0.2657116602239007,Nagare,0.6117752393196407,0.8719322870148366,3.0,0
2025-10-21,0.2627692183592805,0.0,20.0,0.0,0.0,0,0.0,0.021266641146745865,0.0,1e-06,1.0,Nagare,0.6117752393196407,0.8719322870148366,3.0,0
2025-10-22,0.28382518103015003,0.0,20.0,1.584754549796299e-11,0.9999999999831525,1,2.669918932352451e-22,0.021266641146745865,0.3333333333333333,1e-06,0.6334769358109171,Nagare,0.6117752393196407,0.8719322870148366,3.0,0
2025-10-23,0.28971990742177084,0.0,20.0,0.0,0.0,0,0.0,0.021266641146745865,0.0,1e-06,1.0,Nagare,0.6117752393196407,0.8719322870148366,3.0,0
2025-10-24,0.2958857912274061,1.0,0.9523809523809523,3.266873437897569e-10,0.9999999996723127,1,1.070513007268501e-19,0.44659946408121665,0.3333333333333333,1e-06,0.4049249602186855,Utsuroi,0.6117752393196407,0.8719322870148366,3.0,0
2025-10-27,0.3144895477193614,1.0,0.9523809523809523,2.5621949006550426e-11,0.9999999999733781,1,6.821056531083025e-22,0.44659946408121665,0.3333333333333333,1e-06,1.0,Utsuroi,0.6117752393196407,0.8719322870148366,3.0,0
2025-10-28,0.31153039507076774,0.5,1.8181818181818181,2.8028468434660952e-11,0.9999999999709716,1,8.136228912013072e-22,0.23393305261408756,0.3333333333333333,1e-06,0.3416870839548959,Nagare,0.6117752393196407,0.8719322870148366,3.0,0
2025-10-29,0.3070857713714857,2.0,0.48780487804878053,1.4850121132656058e-11,0.9999999999841499,1,2.3537589027884855e-22,0.8719322870148366,0.3333333333333333,1e-06,0.03991246394312842,Katashi,0.6117752393196407,0.8719322870148366,3.0,0
2025-10-30,0.32475816109356487,0.5,1.8181818181818181,1.4516499113761428e-11,0.9999999999844835,1,2.2524492450540746e-22,0.23393305261408756,0.3333333333333333,1e-06,0.32787106726033677,Nagare,0.6117752393196407,0.8719322870148366,3.0,0
2025-10-31,0.3233670056651423,0.0,20.0,2.8650415373037718e-11,0.9999999999703496,1,8.49496082636743e-22,0.021266641146745865,0.3333333333333333,1e-06,0.14197439593060102,Nagare,0.6117752393196407,0.8719322870148366,3.0,0
2025-11-03,0.3222823760090841,0.0,20.0,1.6063261831644e-11,0.9999999999829368,1,2.740912871589429e-22,0.021266641146745865,0.3333333333333333,1e-06,1.0,Nagare,0.6117752393196407,0.8719322870148366,3.0,0
2025-11-04,0.35307642667891115,0.0,20.0,6.911826666321088e-11,0.9999999999298818,1,4.846451524344868e-21,0.021266641146745865,0.3333333333333333,1e-06,1.0,Nagare,0.6117752393196407,0.8719322870148366,3.0,0
2025-11-05,0.35911262650393094,0.0,20.0,2.1900925517308885e-11,0.9999999999770991,1,5.015509795516077e-22,0.021266641146745865,0.3333333333333333,1e-06,1.0,Nagare,0.6117752393196407,0.8719322870148366,3.0,0
2025-11-06,0.3753113346281048,1.0,0.9523809523809523,3.8825609393373813e-11,0.9999999999601744,1,1.5462526953017168e-21,0.44659946408121665,0.3333333333333333,1e-06,0.5323600337317096,Utsuroi,0.6117752393196407,0.8719322870148366,3.0,0
2025-11-07,0.36933408206700136,1.0,0.9523809523809523,4.51862991365946e-10,0.999999999547137,1,2.0463201600789521e-19,0.44659946408121665,0.3333333333333333,1e-06,1.0,Utsuroi,0.6117752393196407,0.8719322870148366,3.0,0
2025-11-10,0.4094182215300228,1.0,0.9523809523809523,0.0,0.0,0,0.0,0.44659946408121665,0.0,1e-06,1.0,Utsuroi,0.6117752393196407,0.8719322870148366,3.0,0
2025-11-11,0.38249111137309905,1.0,0.9523809523809523,0.0,0.0,0,0.0,0.44659946408121665,0.0,1e-06,1.0,Utsuroi,0.6117752393196407,0.8719322870148366,3.0,0
2025-11-12,0.33566340491806335,1.0,0.9523809523809523,0.0,0.0,0,0.0,0.44659946408121665,0.0,1e-06,1.0,Utsuroi,0.6117752393196407,0.8719322870148366,3.0,0
2025-11-13,0.3769500685649754,2.0,0.48780487804878053,3.9152914236352186e-10,0.9999999996074709,1,1.5368658983114343e-19,0.8719322870148366,0.3333333333333333,1e-06,0.03146062842482156,Katashi,0.6117752393196407,0.8719322870148366,3.0,0
2025-11-14,0.3648894583677192,1.0,0.9523809523809523,1.1325040904410981e-10,0.9999999998857496,1,1.2938903053147527e-20,0.44659946408121665,0.3333333333333333,1e-06,0.12556445936359972,Utsuroi,0.6117752393196407,0.8719322870148366,3.0,0
2025-11-17,0.3693105031614348,1.0,0.9523809523809523,3.0430991059877164e-11,0.999999999968569,1,9.5647553477535e-22,0.44659946408121665,0.3333333333333333,1e-06,1.0,Utsuroi,0.6117752393196407,0.8719322870148366,3.0,0
2025-11-18,0.3827269004287638,1.0,0.9523809523809523,0.0,0.0,0,0.0,0.44659946408121665,0.0,1e-06,1.0,Utsuroi,0.6117752393196407,0.8719322870148366,3.0,0
2025-11-19,0.3512372720447255,0.0,20.0,0.0,0.0,0,0.0,0.021266641146745865,0.0,1e-06,0.210789699087099,Nagare,0.6117752393196407,0.8719322870148366,3.0,0
2025-11-20,0.3728355495436241,1.0,0.9523809523809523,0.0,0.0,0,0.0,0.44659946408121665,0.0,1e-06,0.46784498311578016,Utsuroi,0.6117752393196407,0.8719322870148366,3.0,0
2025-11-21,0.3678721899218794,1.0,0.9523809523809523,0.0,0.0,0,0.0,0.44659946408121665,0.0,1e-06,1.0,Utsuroi,0.6117752393196407,0.8719322870148366,3.0,0
2025-11-24,0.4110805343724599,1.0,0.9523809523809523,0.0,0.0,0,0.0,0.44659946408121665,0.0,1e-06,1.0,Utsuroi,0.6117752393196407,0.8719322870148366,3.0,0
2025-11-25,0.4043959146443619,1.0,0.9523809523809523,0.0,0.0,0,0.0,0.44659946408121665,0.0,1e-06,1.0,Utsuroi,0.6117752393196407,0.8719322870148366,3.0,0
2025-11-26,0.3919934103163917,1.0,0.9523809523809523,3.902723699001387e-10,0.9999999996087277,1,1.5270278647374869e-19,0.44659946408121665,0.3333333333333333,1e-06,0.5227479121952154,Utsuroi,0.6117752393196407,0.8719322870148366,3.0,0
2025-11-28,0.3977466632746137,1.0,0.9523809523809523,7.827849479410388e-11,0.9999999999207215,1,6.205799510615652e-21,0.44659946408121665,0.3333333333333333,1e-06,1.0,Utsuroi,0.6117752393196407,0.8719322870148366,3.0,0
2025-12-01,0.39699213829648616,1.0,0.9523809523809523,2.7106317190433638e-11,0.9999999999718937,1,7.618581491911624e-22,0.44659946408121665,0.3333333333333333,1e-06,1.0,Utsuroi,0.6117752393196407,0.8719322870148366,3.0,0
2025-12-02,0.39817108357481046,1.0,0.9523809523809523,0.6819465883539675,0.5746950854609898,2,0.2900352354800537,0.44659946408121665,0.6666666666666666,1e-06,0.22630045720735648,Utsuroi,0.6117752393196407,0.8719322870148366,3.0,0
2025-12-03,0.40134244637350225,1.0,0.9523809523809523,9.563505542575216e-11,0.999999999903365,1,9.241696766547e-21,0.44659946408121665,0.3333333333333333,1e-06,0.7586597340287228,Utsuroi,0.6117752393196407,0.8719322870148366,3.0,0
2025-12-04,0.4050207556418737,1.0,0.9523809523809523,0.0,0.0,0,0.0,0.44659946408121665,0.0,1e-06,1.0,Utsuroi,0.6117752393196407,0.8719322870148366,3.0,0
2025-12-05,0.37351933780505214,1.0,0.9523809523809523,0.0,0.0,0,0.0,0.44659946408121665,0.0,1e-06,1.0,Utsuroi,0.6117752393196407,0.8719322870148366,3.0,0
2025-12-08,0.3557290535551405,1.0,0.9523809523809523,2.7848379154351823e-10,0.9999999997205162,1,7.783169979433295e-20,0.44659946408121665,0.3333333333333333,1e-06,0.5227479121952154,Utsuroi,0.6117752393196407,0.8719322870148366,3.0,0
2025-12-09,0.3397071872227152,2.0,0.48780487804878053,2.650368813268386e-11,0.9999999999724963,1,7.289485864700912e-22,0.8719322870148366,0.3333333333333333,1e-06,0.0379669253130952,Katashi,0.6117752393196407,0.8719322870148366,3.0,0
2025-12-10,0.3317375171412439,2.0,0.48780487804878053,1.2421308425485342e-10,0.9999999998747869,1,1.5553100637524743e-20,0.8719322870148366,0.3333333333333333,1e-06,1.0,Katashi,0.6117752393196407,0.8719322870148366,3.0,0
2025-12-11,0.2803001346479607,1.0,0.9523809523809523,0.4537714178167933,0.8313297678024468,2,0.07653773040777144,0.44659946408121665,0.6666666666666666,1e-06,0.8234177708548727,Utsuroi,0.6117752393196407,0.8719322870148366,3.0,0
2025-12-12,0.30233462189983934,1.0,0.9523809523809523,1.0759099161347123e-09,0.9999999989230901,1,1.1586580343760449e-18,0.44659946408121665,0.3333333333333333,1e-06,0.5648170952415833,Utsuroi,0.6117752393196407,0.8719322870148366,3.0,0
2025-12-15,0.31211986770992983,0.0,20.0,0.5009147223108066,0.7996301463158123,2,0.10036820961767183,0.021266641146745865,0.6666666666666666,1e-06,0.20839752088043717,Nagare,0.6117752393196407,0.8719322870148366,3.0,0
2025-12-16,0.26770899907545875,0.0,20.0,1.0566993975694738,0.47200823320874097,3,0.5579285818899655,0.021266641146745865,1.0,1e-06,0.19507578048396157,Nagare,0.6117752393196407,0.8719322870148366,3.0,0
2025-12-17,0.2987977860648668,0.0,20.0,0.6509142168711315,0.6442826873500315,2,0.23154145599105772,0.021266641146745865,0.6666666666666666,1e-06,0.39211041088436716,Nagare,0.6117752393196407,0.8719322870148366,3.0,0
2025-12-18,0.32142174595590745,0.0,20.0,0.9720943421781356,0.5626688753994575,3,0.4251271118825886,0.021266641146745865,1.0,1e-06,0.17163300989944297,Nagare,0.6117752393196407,0.8719322870148366,3.0,0
2025-12-19,0.3001064153238067,0.0,20.0,0.6494266353147156,0.6467643841812878,2,0.2294006174544678,0.021266641146745865,0.6666666666666666,1e-06,0.3346115804523839,Nagare,0.6117752393196407,0.8719322870148366,3.0,0
2025-12-22,0.31045755486749277,1.0,0.9523809523809523,0.5550953089476377,0.7564872331540258,2,0.13517279454506012,0.44659946408121665,0.6666666666666666,1e-06,0.7111531626991496,Utsuroi,0.6117752393196407,0.8719322870148366,3.0,0
2025-12-23,0.28663107079256145,1.0,0.9523809523809523,1.2506884416916595e-11,0.9999999999864931,1,1.689287655623657e-22,0.44659946408121665,0.3333333333333333,1e-06,0.6264385416992319,Utsuroi,0.6117752393196407,0.8719322870148366,3.0,0
2025-12-24,0.2979725243700399,0.0,20.0,0.0,0.0,0,0.0,0.021266641146745865,0.0,1e-06,0.2517106054292457,Nagare,0.6117752393196407,0.8719322870148366,3.0,0
2025-12-26,0.22951117205775592,0.0,20.0,0.0,0.0,0,0.0,0.021266641146745865,0.0,1e-06,1.0,Nagare,0.6117752393196407,0.8719322870148366,3.0,0
2025-12-29,0.2507203976148076,0.0,20.0,0.0,0.0,0,0.0,0.021266641146745865,0.0,1e-06,1.0,Nagare,0.6117752393196407,0.8719322870148366,3.0,0
2025-12-30,0.24494356575101917,1.0,0.9523809523809523,0.0,0.0,0,0.0,0.44659946408121665,0.0,1e-06,0.46784498311578016,Utsuroi,0.6117752393196407,0.8719322870148366,3.0,0
2025-12-31,0.26233300860630054,1.0,0.9523809523809523,0.0,0.0,0,0.0,0.44659946408121665,0.0,1e-06,1.0,Utsuroi,0.6117752393196407,0.8719322870148366,3.0,0
2026-01-02,0.25896122511029346,1.0,0.9523809523809523,0.0,0.0,0,0.0,0.44659946408121665,0.0,1e-06,1.0,Utsuroi,0.6117752393196407,0.8719322870148366,3.0,0
2026-01-05,0.25786480600145195,0.0,20.0,6.980493960389317e-11,0.9999999999291951,1,4.942532988676671e-21,0.021266641146745865,0.3333333333333333,1e-06,0.1872948223795069,Nagare,0.6117752393196407,0.8719322870148366,3.0,0
2026-01-06,0.25345555066051967,0.0,20.0,0.5610215980631692,0.8351875792872012,3,0.09246332764895374,0.021266641146745865,1.0,1e-06,0.23434794301648232,Nagare,0.6117752393196407,0.8719322870148366,3.0,0
2026-01-07,0.25389176041349953,1.0,0.9523809523809523,1.0618374546530434,0.3988321617999594,3,0.6383425271336037,0.44659946408121665,1.0,1e-06,0.33594179806999036,Utsuroi,0.6117752393196407,0.8719322870148366,3.0,0
2026-01-08,0.2561789142534485,0.0,20.0,1.047656319820847,0.4413996846092524,3,0.5852211506730352,0.021266641146745865,1.0,1e-06,0.6872525786784118,Nagare,0.6117752393196407,0.8719322870148366,3.0,0
2026-01-09,0.28633633447298046,1.0,0.9523809523809523,1.088052845935611,0.3961017891188721,3,0.6570731670046349,0.44659946408121665,1.0,1e-06,0.710708773972609,Utsuroi,0.6117752393196407,0.8719322870148366,3.0,0
2026-01-12,0.28189171077369835,1.0,0.9523809523809523,1.8412160684800606e-11,0.9999999999805879,1,3.5741941446251214e-22,0.44659946408121665,0.3333333333333333,1e-06,0.7806648033007498,Utsuroi,0.6117752393196407,0.8719322870148366,3.0,0
2026-01-13,0.2782369804108935,2.0,0.48780487804878053,1.6312839967575445e-11,0.9999999999826872,1,2.8242122690965873e-22,0.8719322870148366,0.3333333333333333,1e-06,0.0379669253130952,Katashi,0.6117752393196407,0.8719322870148366,3.0,0
2026-01-14,0.28604159815339936,1.0,0.9523809523809523,1.2168821505922746e-11,0.9999999999868312,1,1.6024876915471615e-22,0.44659946408121665,0.3333333333333333,1e-06,0.12556445936359972,Utsuroi,0.6117752393196407,0.8719322870148366,3.0,0
2026-01-15,0.2544576541470952,1.0,0.9523809523809523,0.5764616949249621,0.7367181693946445,2,0.15177189031371,0.44659946408121665,0.6666666666666666,1e-06,0.2708022906640615,Utsuroi,0.6117752393196407,0.8719322870148366,3.0,0
2026-01-16,0.2517932378180825,0.0,20.0,1.0444175359279373,0.4889718908962692,3,0.5337267185000316,0.021266641146745865,1.0,1e-06,0.17568993544165568,Nagare,0.6117752393196407,0.8719322870148366,3.0,0
2026-01-20,0.29932831144011274,1.0,0.9523809523809523,0.6927288772859972,0.5144610674942887,2,0.336346839593323,0.44659946408121665,0.6666666666666666,1e-06,0.8781642117370957,Utsuroi,0.6117752393196407,0.8719322870148366,3.0,0
2026-01-21,0.27381593561717793,0.0,20.0,0.6505263477195398,0.6449341053846578,2,0.23097971962388958,0.021266641146745865,0.6666666666666666,1e-06,0.5193118202212944,Nagare,0.6117752393196407,0.8719322870148366,3.0,0
2026-01-22,0.25260671006012625,1.0,0.9523809523809523,0.5695257967656723,0.7433480058486365,2,0.146169931460554,0.44659946408121665,0.6666666666666666,1e-06,0.7107820923277406,Utsuroi,0.6117752393196407,0.8719322870148366,3.0,0
2026-01-23,0.24996587263668008,0.0,20.0,1.274080840820193e-11,0.9999999999862592,1,1.750687254553096e-22,0.021266641146745865,0.3333333333333333,1e-06,0.44077829106641875,Nagare,0.6117752393196407,0.8719322870148366,3.0,0
2026-01-26,0.23666736989718362,-1.0,0.9523809523809523,2.147648725500432e-11,0.9999999999775235,1,4.827155169779412e-22,0.44659946408121665,0.3333333333333333,1e-06,0.5323600337317096,Utsuroi,0.6117752393196407,0.8719322870148366,3.0,0
2026-01-27,0.23736294761139484,0.0,20.0,0.30434762652022884,0.9265814946500026,3,0.02234474784593443,0.021266641146745865,1.0,1e-06,0.15129317812134857,Nagare,0.6117752393196407,0.8719322870148366,3.0,0
2026-01-28,0.23362569107910724,0.0,20.0,1.5549923264867374,0.3289315715385496,6,1.0435062568050693,0.021266641146745865,2.0,1e-06,0.08700585586008014,Nagare,0.6117752393196407,0.8719322870148366,3.0,0
2026-01-29,0.22470107532219333,0.0,20.0,1.2747931918930537,0.5272923696595805,5,0.6026044689138651,0.021266641146745865,1.6666666666666667,1e-06,0.230295853856879,Nagare,0.6117752393196407,0.8719322870148366,3.0,0
2026-01-30,0.22600970458113318,1.0,0.9523809523809523,0.9688321311261683,0.532540308197662,3,0.452889969424441,0.44659946408121665,1.0,1e-06,0.66781180276598,Utsuroi,0.6117752393196407,0.8719322870148366,3.0,0
2026-02-02,0.20518953096592846,-1.0,0.9523809523809523,1.0943254873188437,0.3765145424457353,3,0.6822960271742831,0.44659946408121665,1.0,1e-06,0.2481950593112442,Utsuroi,0.6117752393196407,0.8719322870148366,3.0,0
2026-02-03,0.203503639217925,0.0,20.0,1.2240934765857807,0.48417834272391747,4,0.6314139257533189,0.021266641146745865,1.3333333333333333,1e-06,0.5340628684583518,Nagare,0.6117752393196407,0.8719322870148366,3.0,0
2026-02-04,0.24220841270530716,0.0,20.0,0.5819057198446507,0.7313557430409178,2,0.15632562972790606,0.021266641146745865,0.6666666666666666,1e-06,0.43102496979614446,Nagare,0.6117752393196407,0.8719322870148366,3.0,0
2026-02-05,0.24884587462227217,0.0,20.0,0.6925341641857573,0.5175055862697892,2,0.3341438655369485,0.021266641146745865,0.6666666666666666,1e-06,0.48036867929065497,Nagare,0.6117752393196407,0.8719322870148366,3.0,0
2026-02-06,0.25880796222411134,1.0,0.9523809523809523,0.45168964048095633,0.8326310975215246,2,0.07559879938819478,0.44659946408121665,0.6666666666666666,1e-06,0.7564091615694739,Utsuroi,0.6117752393196407,0.8719322870148366,3.0,0
2026-02-09,0.27076246734631837,2.0,0.48780487804878053,4.300113597603258e-10,0.9999999995689887,1,1.8533977141003528e-19,0.8719322870148366,0.3333333333333333,1e-06,0.3142646819982221,Katashi,0.6117752393196407,0.8719322870148366,3.0,0
2026-02-10,0.27116330874094846,1.0,0.9523809523809523,1.659794524029421e-11,0.9999999999824021,1,2.9208936426756197e-22,0.44659946408121665,0.3333333333333333,1e-06,0.12556445936359972,Utsuroi,0.6117752393196407,0.8719322870148366,3.0,0
2026-02-11,0.2610715371584937,1.0,0.9523809523809523,3.844402573982527e-11,0.999999999960556,1,1.5163862904060822e-21,0.44659946408121665,0.3333333333333333,1e-06,1.0,Utsuroi,0.6117752393196407,0.8719322870148366,3.0,0
2026-02-12,0.28114897524835414,1.0,0.9523809523809523,0.0,0.0,0,0.0,0.44659946408121665,0.0,1e-06,1.0,Utsuroi,0.6117752393196407,0.8719322870148366,3.0,0
2026-02-13,0.28445002202766184,0.0,20.0,1.6602141882086878e-10,0.9999999998329786,1,2.7729129255751426e-20,0.021266641146745865,0.3333333333333333,1e-06,0.1872948223795069,Nagare,0.6117752393196407,0.8719322870148366,3.0,0
2026-02-17,0.26816878773400515,1.0,0.9523809523809523,4.639510997493802e-11,0.9999999999526049,1,2.1989003132739788e-21,0.44659946408121665,0.3333333333333333,1e-06,0.5323600337317096,Utsuroi,0.6117752393196407,0.8719322870148366,3.0,0
2026-02-18,0.2699607845570579,0.0,20.0,7.016220937319217e-11,0.9999999999288378,1,4.9928962815697065e-21,0.021266641146745865,0.3333333333333333,1e-06,0.2657116602239007,Nagare,0.6117752393196407,0.8719322870148366,3.0,0
2026-02-19,0.274311092634074,0.0,20.0,4.472167080999843e-11,0.9999999999542784,1,2.0447485215743014e-21,0.021266641146745865,0.3333333333333333,1e-06,1.0,Nagare,0.6117752393196407,0.8719322870148366,3.0,0
2026-02-20,0.23739831596974456,0.0,20.0,1.7805867891064395e-11,0.9999999999811942,1,3.3485440535181605e-22,0.021266641146745865,0.3333333333333333,1e-06,1.0,Nagare,0.6117752393196407,0.8719322870148366,3.0,0
2026-02-23,0.2327886399314971,1.0,0.9523809523809523,0.0,0.0,0,0.0,0.44659946408121665,0.0,1e-06,0.4954374582522977,Utsuroi,0.6117752393196407,0.8719322870148366,3.0,0
2026-02-24,0.22876843653241166,0.0,20.0,0.0,0.0,0,0.0,0.021266641146745865,0.0,1e-06,0.210789699087099,Nagare,0.6117752393196407,0.8719322870148366,3.0,0
2026-02-25,0.23942610184846214,1.0,0.9523809523809523,4.7047810091084e-11,0.9999999999519522,1,2.2605432037335858e-21,0.44659946408121665,0.3333333333333333,1e-06,0.4049249602186855,Utsuroi,0.6117752393196407,0.8719322870148366,3.0,0
2026-02-26,0.24321051619188264,1.0,0.9523809523809523,0.0,0.0,0,0.0,0.44659946408121665,0.0,1e-06,1.0,Utsuroi,0.6117752393196407,0.8719322870148366,3.0,0
2026-02-27,0.23277685047871385,1.0,0.9523809523809523,0.0,0.0,0,0.0,0.44659946408121665,0.0,1e-06,1.0,Utsuroi,0.6117752393196407,0.8719322870148366,3.0,0
2026-03-02,0.22949938260497263,1.0,0.9523809523809523,0.0,0.0,0,0.0,0.44659946408121665,0.0,1e-06,1.0,Utsuroi,0.6117752393196407,0.8719322870148366,3.0,0
2026-03-03,0.24534440714564942,1.0,0.9523809523809523,5.482159170910562e-11,0.9999999999441784,1,3.060227296566461e-21,0.44659946408121665,0.3333333333333333,1e-06,0.5227479121952154,Utsuroi,0.6117752393196407,0.8719322870148366,3.0,0
2026-03-04,0.2517342905541663,0.0,20.0,5.6472160279722336e-11,0.9999999999425279,1,3.245575797770284e-21,0.021266641146745865,0.3333333333333333,1e-06,0.2657116602239007,Nagare,0.6117752393196407,0.8719322870148366,3.0,0
2026-03-05,0.260305222727583,2.0,0.48780487804878053,0.0,0.0,0,0.0,0.8719322870148366,0.0,1e-06,0.21471763126938215,Katashi,0.6117752393196407,0.8719322870148366,3.0,0
2026-03-06,0.2813258170401028,2.0,0.48780487804878053,0.0,0.0,0,0.0,0.8719322870148366,0.0,1e-06,1.0,Katashi,0.6117752393196407,0.8719322870148366,3.0,0
2026-03-09,0.290167906627534,0.0,20.0,1.2780776436352817e-10,0.9999999998711923,1,1.6462629569699273e-20,0.021266641146745865,0.3333333333333333,1e-06,0.41935121460805447,Nagare,0.6117752393196407,0.8719322870148366,3.0,0
2026-03-10,0.2879632789570678,1.0,0.9523809523809523,6.667899565597503e-11,0.999999999932321,1,4.5127659824441076e-21,0.44659946408121665,0.3333333333333333,1e-06,0.5323600337317096,Utsuroi,0.6117752393196407,0.8719322870148366,3.0,0
2026-03-11,0.29187737728110397,0.0,20.0,0.0,0.0,0,0.0,0.021266641146745865,0.0,1e-06,0.2517106054292457,Nagare,0.6117752393196407,0.8719322870148366,3.0,0
2026-03-12,0.32124490416415885,1.0,0.9523809523809523,0.0,0.0,0,0.0,0.44659946408121665,0.0,1e-06,0.46784498311578016,Utsuroi,0.6117752393196407,0.8719322870148366,3.0,0
2026-03-13,0.34825454049056537,0.0,20.0,0.0,0.0,0,0.0,0.021266641146745865,0.0,1e-06,0.210789699087099,Nagare,0.6117752393196407,0.8719322870148366,3.0,0
