date,mean_corr,curv,eta,entropy,dominance,h1_count,v_raw,Oh,Xi,phi,DEF,regime,phi_c,Oh_pre,Xi_c,sps
2022-02-03,0.11030997987519729,1.0,0.9523809523809523,0.0,0.0,0,0.0,0.33751205400260365,0.0,1e-06,1.0,Utsuroi,0.4757230420653323,0.9803921568627451,4.0,0
2022-02-04,0.0864599168946995,0.0,20.0,1.2993228714317495e-10,0.9999999998690677,1,1.701232865618762e-20,0.016072002571568628,0.25,1e-06,0.12523898310150516,Utsuroi,0.4757230420653323,0.9803921568627451,4.0,0
2022-02-07,0.06238978412891457,1.0,0.9523809523809523,0.0,0.0,0,0.0,0.33751205400260365,0.0,1e-06,0.6140690104786164,Utsuroi,0.4757230420653323,0.9803921568627451,4.0,0
2022-02-08,0.0620871881741447,1.0,0.9523809523809523,4.386457863502663e-11,0.9999999999551354,1,1.9679648671476537e-21,0.33751205400260365,0.25,1e-06,0.559954475552226,Utsuroi,0.4757230420653323,0.9803921568627451,4.0,0
2022-02-09,0.06615847920195747,1.0,0.9523809523809523,4.3222692082731037e-10,0.9999999995667731,1,1.8725232848764353e-19,0.33751205400260365,0.25,1e-06,1.0,Utsuroi,0.4757230420653323,0.9803921568627451,4.0,0
2022-02-10,0.1086732108471239,1.0,0.9523809523809523,0.0,0.0,0,0.0,0.33751205400260365,0.0,1e-06,1.0,Utsuroi,0.4757230420653323,0.9803921568627451,4.0,0
2022-02-11,0.10288262462175507,0.0,20.0,1.2070866527805675e-10,0.9999999998782914,1,1.469128786909866e-20,0.016072002571568628,0.25,1e-06,0.12523898310150516,Utsuroi,0.4757230420653323,0.9803921568627451,4.0,0
2022-02-14,0.1026900635596288,0.0,20.0,2.3447577212877578e-11,0.9999999999755524,1,5.7323593567298815e-22,0.016072002571568628,0.25,1e-06,1.0,Utsuroi,0.4757230420653323,0.9803921568627451,4.0,0
2022-02-15,0.09888010540184454,1.0,0.9523809523809523,0.6843768617708692,0.5661235553796075,2,0.2969349995656066,0.33751205400260365,0.5,1e-06,0.4781584134084996,Utsuroi,0.4757230420653323,0.9803921568627451,4.0,0
2022-02-16,0.11094268050789793,1.0,0.9523809523809523,1.318609331963658e-09,0.9999999986803907,1,1.7400491516517933e-18,0.33751205400260365,0.25,1e-06,0.7509020170669083,Utsuroi,0.4757230420653323,0.9803921568627451,4.0,0
2022-02-17,0.11220808177329918,1.0,0.9523809523809523,9.976941494674571e-11,0.9999999998992306,1,1.0053703367198103e-20,0.33751205400260365,0.25,1e-06,1.0,Utsuroi,0.4757230420653323,0.9803921568627451,4.0,0
2022-02-18,0.11274450187493668,1.0,0.9523809523809523,0.1966194338003549,0.9506423797729762,2,0.009704667342770371,0.33751205400260365,0.5,1e-06,0.3001375921631042,Utsuroi,0.4757230420653323,0.9803921568627451,4.0,0
2022-02-22,0.10556472512994255,0.0,20.0,0.0,0.0,0,0.0,0.016072002571568628,0.0,1e-06,0.22235389466734257,Utsuroi,0.4757230420653323,0.9803921568627451,4.0,0
2022-02-23,0.08736770475900911,1.0,0.9523809523809523,9.286638124720568e-11,0.9999999999061336,1,8.717029093243536e-21,0.33751205400260365,0.25,1e-06,0.5483225835021521,Utsuroi,0.4757230420653323,0.9803921568627451,4.0,0
2022-02-24,0.08094441790093965,2.0,0.48780487804878053,3.0180968834739404e-11,0.999999999968819,1,9.410711809979617e-22,0.6589521054329958,0.25,1e-06,0.032537103807382395,Utsuroi,0.4757230420653323,0.9803921568627451,4.0,0
2022-02-25,0.08593725115464247,0.0,20.0,0.8683865867087294,0.6672300913575772,4,0.28897292512536926,0.016072002571568628,1.0,1e-06,0.2303454236058211,Utsuroi,0.4757230420653323,0.9803921568627451,4.0,0
2022-02-28,0.10854942159289988,0.0,20.0,0.5539070979195043,0.8219390405310858,3,0.09862922931218875,0.016072002571568628,0.75,1e-06,0.4776198810745167,Utsuroi,0.4757230420653323,0.9803921568627451,4.0,0
2022-03-01,0.12632005675483937,1.0,0.9523809523809523,0.6597090686499854,0.6285762689245917,2,0.2450316037022602,0.33751205400260365,0.5,1e-06,0.8359632956831218,Utsuroi,0.4757230420653323,0.9803921568627451,4.0,0
2022-03-02,0.11494519972780842,1.0,0.9523809523809523,1.1373142105476906,0.49930830060073395,4,0.5694437848300579,0.33751205400260365,1.0,1e-06,0.07925838596848489,Utsuroi,0.4757230420653323,0.9803921568627451,4.0,0
2022-03-03,0.12081831212265993,1.0,0.9523809523809523,0.40747037640182493,0.8586146347124145,2,0.05761034801144198,0.33751205400260365,0.5,1e-06,0.4889801866897163,Utsuroi,0.4757230420653323,0.9803921568627451,4.0,0
2022-03-04,0.1476118084813737,1.0,0.9523809523809523,0.9480119519130674,0.5056143324623207,3,0.4686835216802402,0.33751205400260365,0.75,1e-06,0.21019818222490239,Utsuroi,0.4757230420653323,0.9803921568627451,4.0,0
2022-03-07,0.1486846486846487,0.0,20.0,1.015812869949725,0.46145649998682187,3,0.5470594183411563,0.016072002571568628,0.75,1e-06,0.3655366463763696,Utsuroi,0.4757230420653323,0.9803921568627451,4.0,0
2022-03-08,0.1131433783607697,0.0,20.0,0.3863135205396332,0.8700384959342116,2,0.050205886170280586,0.016072002571568628,0.5,1e-06,0.7683302023649885,Utsuroi,0.4757230420653323,0.9803921568627451,4.0,0
2022-03-09,0.11147910060953539,-1.0,0.9523809523809523,7.745248886654741e-12,0.9999999999912548,1,6.77339578649454e-23,0.33751205400260365,0.25,1e-06,0.7589808769597863,Utsuroi,0.4757230420653323,0.9803921568627451,4.0,0
2022-03-10,0.10760037064384892,-1.0,0.9523809523809523,0.6716795526310924,0.6032316880099857,2,0.26650116229564647,0.33751205400260365,0.5,1e-06,0.2828464775620192,Utsuroi,0.4757230420653323,0.9803921568627451,4.0,0
2022-03-11,0.11004864700516875,0.0,20.0,0.6925259601079341,0.5176223126060275,2,0.33405907109715566,0.016072002571568628,0.5,1e-06,0.2593298892121434,Utsuroi,0.4757230420653323,0.9803921568627451,4.0,0
2022-03-14,0.11568793525315264,-1.0,0.9523809523809523,0.6317047269725806,0.6734551195733253,2,0.20627994453422654,0.33751205400260365,0.5,1e-06,0.7864108314250908,Utsuroi,0.4757230420653323,0.9803921568627451,4.0,0
2022-03-15,0.09493260362825581,1.0,0.9523809523809523,0.6829148245711829,0.5714052088811536,2,0.29269373658904974,0.33751205400260365,0.5,1e-06,0.5510825528966816,Utsuroi,0.4757230420653323,0.9803921568627451,4.0,0
2022-03-16,0.0758002866698519,1.0,0.9523809523809523,0.9064278558185208,0.6333900655483494,3,0.3323054568067781,0.33751205400260365,0.75,1e-06,0.18145445392093962,Utsuroi,0.4757230420653323,0.9803921568627451,4.0,0
2022-03-17,0.0941348506565898,0.0,20.0,1.175705189932605,0.5534118113654392,4,0.5250560511402543,0.016072002571568628,1.0,1e-06,0.2440166000787961,Utsuroi,0.4757230420653323,0.9803921568627451,4.0,0
2022-03-18,0.08786286177590526,0.0,20.0,1.2126552447572037,0.491056058725639,4,0.6171735396737562,0.016072002571568628,1.0,1e-06,0.5169013879844087,Utsuroi,0.4757230420653323,0.9803921568627451,4.0,0
2022-03-21,0.10157596027161246,0.0,20.0,0.7093979134080697,0.7460741973401435,3,0.1801344345673715,0.016072002571568628,0.75,1e-06,0.5765606152365621,Utsuroi,0.4757230420653323,0.9803921568627451,4.0,0
2022-03-22,0.10163097771793425,0.0,20.0,0.6901917945694344,0.5384218258679064,2,0.3185774683383125,0.016072002571568628,0.5,1e-06,0.8285379243331011,Utsuroi,0.4757230420653323,0.9803921568627451,4.0,0
2022-03-23,0.1005718918762397,1.0,0.9523809523809523,0.6931412164939423,0.5017268547763121,2,0.34537365402660986,0.33751205400260365,0.5,1e-06,0.7394846771364291,Utsuroi,0.4757230420653323,0.9803921568627451,4.0,0
2022-03-24,0.1007369442152051,1.0,0.9523809523809523,0.8695528835439865,0.66176329038172,3,0.2941147061690054,0.33751205400260365,0.75,1e-06,0.3449041255795615,Utsuroi,0.4757230420653323,0.9803921568627451,4.0,0
2022-03-25,0.10156220591003201,1.0,0.9523809523809523,0.9898543705058083,0.5476396519005087,3,0.4477708676098103,0.33751205400260365,0.75,1e-06,0.4822023045842522,Utsuroi,0.4757230420653323,0.9803921568627451,4.0,0
2022-03-28,0.11711838885751931,2.0,0.48780487804878053,0.15304131102944407,0.9645992496303446,2,0.005417777247998139,0.6589521054329958,0.5,1e-06,0.58914782046664,Utsuroi,0.4757230420653323,0.9803921568627451,4.0,0
2022-03-29,0.11748975662019141,1.0,0.9523809523809523,0.8875981750995752,0.6469272315688288,3,0.3133867449368624,0.33751205400260365,0.75,1e-06,0.8659234282406825,Utsuroi,0.4757230420653323,0.9803921568627451,4.0,0
2022-03-30,0.1093059114798245,2.0,0.48780487804878053,0.6038639401141829,0.7080776746364528,2,0.1762813656013261,0.6589521054329958,0.5,1e-06,0.5070503686388064,Utsuroi,0.4757230420653323,0.9803921568627451,4.0,0
2022-03-31,0.11248316900490814,3.0,0.3278688524590164,1.3696821454693058e-11,0.9999999999853032,1,2.0129943642065474e-22,0.9803921568627451,0.25,1e-06,0.25720446763601124,Katashi,0.4757230420653323,0.9803921568627451,4.0,0
2022-04-01,0.11941536724145421,1.0,0.9523809523809523,0.0,0.0,0,0.0,0.33751205400260365,0.0,1e-06,0.03846874134199041,Utsuroi,0.4757230420653323,0.9803921568627451,4.0,0
2022-04-04,0.1191265256482648,1.0,0.9523809523809523,0.43655664610537526,0.8418695790674943,2,0.06903288620952593,0.33751205400260365,0.5,1e-06,0.29501448777709083,Utsuroi,0.4757230420653323,0.9803921568627451,4.0,0
2022-04-05,0.09596418074678945,1.0,0.9523809523809523,6.371236871389719e-12,0.9999999999926288,1,4.696375520019658e-23,0.33751205400260365,0.25,1e-06,0.5831943806203943,Utsuroi,0.4757230420653323,0.9803921568627451,4.0,0
2022-04-06,0.10509707683620728,2.0,0.48780487804878053,0.0981234004835626,0.9799783393937325,2,0.001964593422014758,0.6589521054329958,0.5,1e-06,0.0018868030973535621,Utsuroi,0.4757230420653323,0.9803921568627451,4.0,0
2022-04-07,0.13565926826796393,2.0,0.48780487804878053,4.213074333834456e-12,0.999999999994787,1,2.1962976475852978e-23,0.6589521054329958,0.25,1e-06,0.7557437301555254,Utsuroi,0.4757230420653323,0.9803921568627451,4.0,0
2022-04-08,0.14340297383775644,1.0,0.9523809523809523,7.026934589728288e-12,0.9999999999919731,1,5.64045888703907e-23,0.33751205400260365,0.25,1e-06,0.10991784958038486,Utsuroi,0.4757230420653323,0.9803921568627451,4.0,0
2022-04-11,0.13564551390638346,1.0,0.9523809523809523,0.633428087770092,0.6710562543724734,2,0.20836220777677572,0.33751205400260365,0.5,1e-06,0.2983518696052202,Utsuroi,0.4757230420653323,0.9803921568627451,4.0,0
2022-04-12,0.13274334361290885,0.0,20.0,0.47719210408738316,0.8161428780755159,2,0.08773516686259512,0.016072002571568628,0.5,1e-06,0.26136575841291465,Utsuroi,0.4757230420653323,0.9803921568627451,4.0,0
2022-04-13,0.12356918443874965,0.0,20.0,2.5357360652435285e-10,0.9999999997454264,1,6.455314193102396e-20,0.016072002571568628,0.25,1e-06,0.7635653962805912,Utsuroi,0.4757230420653323,0.9803921568627451,4.0,0
2022-04-14,0.1366908453864976,2.0,0.48780487804878053,0.0,0.0,0,0.0,0.6589521054329958,0.0,1e-06,0.3016366509891365,Utsuroi,0.4757230420653323,0.9803921568627451,4.0,0
2022-04-18,0.1409134343916953,1.0,0.9523809523809523,0.0,0.0,0,0.0,0.33751205400260365,0.0,1e-06,0.008790123180697273,Utsuroi,0.4757230420653323,0.9803921568627451,4.0,0
2022-04-19,0.11827375523027699,0.0,20.0,9.595002569780784e-11,0.99999999990305,1,9.302355334979063e-21,0.016072002571568628,0.25,1e-06,0.12523898310150516,Utsuroi,0.4757230420653323,0.9803921568627451,4.0,0
2022-04-20,0.11814996597605294,0.5,1.8181818181818181,1.5800694086324594e-11,0.9999999999831993,1,2.654622781596274e-22,0.1767920282871665,0.25,1e-06,0.9749434311968219,Utsuroi,0.4757230420653323,0.9803921568627451,4.0,0
2022-04-21,0.13220692351127136,1.0,0.9523809523809523,0.48423979789484944,0.8113635182757427,2,0.09134529178574981,0.33751205400260365,0.5,1e-06,0.02710074592088041,Utsuroi,0.4757230420653323,0.9803921568627451,4.0,0
2022-04-22,0.14466837510315772,1.0,0.9523809523809523,0.4404556925749925,0.8395256082252687,2,0.07068185936968997,0.33751205400260365,0.5,1e-06,0.8795635090682598,Utsuroi,0.4757230420653323,0.9803921568627451,4.0,0
2022-04-25,0.13761238761238762,2.0,0.48780487804878053,0.497429503162788,0.8021342135145061,2,0.09842427986439353,0.6589521054329958,0.5,1e-06,0.108822235881614,Utsuroi,0.4757230420653323,0.9803921568627451,4.0,0
2022-04-26,0.1308314873532265,0.0,20.0,0.5711455164276575,0.7418191631362598,2,0.14745882740226568,0.016072002571568628,0.5,1e-06,0.41172123197105637,Utsuroi,0.4757230420653323,0.9803921568627451,4.0,0
2022-04-27,0.1342013059404364,0.0,20.0,3.250666402664896e-11,0.9999999999664934,1,1.0891891510829902e-21,0.016072002571568628,0.25,1e-06,0.7914325904573135,Utsuroi,0.4757230420653323,0.9803921568627451,4.0,0
2022-04-28,0.12758545802024063,1.0,0.9523809523809523,1.612954214621299e-11,0.9999999999828705,1,2.7629131518181537e-22,0.33751205400260365,0.25,1e-06,0.6431106145189919,Utsuroi,0.4757230420653323,0.9803921568627451,4.0,0
2022-04-29,0.17290607942781855,0.0,20.0,3.39485106686803e-11,0.9999999999650515,1,1.1864491363114443e-21,0.016072002571568628,0.25,1e-06,0.162478299294186,Utsuroi,0.4757230420653323,0.9803921568627451,4.0,0
2022-05-02,0.1551767073506204,0.0,20.0,0.9621715335545742,0.4509628494992267,3,0.5282679170757626,0.016072002571568628,0.75,1e-06,0.2885771545172069,Utsuroi,0.4757230420653323,0.9803921568627451,4.0,0
2022-05-03,0.14942738420999296,0.0,20.0,1.3429269796634657,0.5203067005708303,5,0.6441930737672174,0.016072002571568628,1.25,1e-06,0.19014872062789723,Utsuroi,0.4757230420653323,0.9803921568627451,4.0,0
2022-05-04,0.2088737349606915,1.0,0.9523809523809523,0.6164634922759382,0.6932647736030904,2,0.18909106886868948,0.33751205400260365,0.5,1e-06,0.7123193499619214,Utsuroi,0.4757230420653323,0.9803921568627451,4.0,0
2022-05-05,0.2194783477392174,1.0,0.9523809523809523,5.9831029019835495e-12,0.9999999999930169,1,4.178049088132255e-23,0.33751205400260365,0.25,1e-06,0.6773436743200989,Utsuroi,0.4757230420653323,0.9803921568627451,4.0,0
2022-05-06,0.2139215856607161,0.0,20.0,0.8812586601011314,0.6202755962802393,3,0.33463541922977735,0.016072002571568628,0.75,1e-06,0.10414947794578322,Utsuroi,0.4757230420653323,0.9803921568627451,4.0,0
2022-05-09,0.2671234562538911,1.0,0.9523809523809523,0.6863988626803424,0.5580220830095831,2,0.303373139552049,0.33751205400260365,0.5,1e-06,0.9208097961482974,Utsuroi,0.4757230420653323,0.9803921568627451,4.0,0
2022-05-10,0.25149850149850145,1.0,0.9523809523809523,0.4695588515079817,0.8212066458689014,2,0.08395400202305854,0.33751205400260365,0.5,1e-06,0.85737309580115,Utsuroi,0.4757230420653323,0.9803921568627451,4.0,0
2022-05-11,0.2540430583908845,0.0,20.0,0.13467760629143674,0.970018571378141,2,0.004037827039989545,0.016072002571568628,0.5,1e-06,0.23903951108653354,Utsuroi,0.4757230420653323,0.9803921568627451,4.0,0
2022-05-12,0.2592834701530353,0.0,20.0,0.0,0.0,0,0.0,0.016072002571568628,0.0,1e-06,1.0,Utsuroi,0.4757230420653323,0.9803921568627451,4.0,0
2022-05-13,0.25202116723855855,1.0,0.9523809523809523,0.0,0.0,0,0.0,0.33751205400260365,0.0,1e-06,0.6025622088320997,Utsuroi,0.4757230420653323,0.9803921568627451,4.0,0
2022-05-16,0.2540293040293041,1.0,0.9523809523809523,0.0,0.0,0,0.0,0.33751205400260365,0.0,1e-06,1.0,Utsuroi,0.4757230420653323,0.9803921568627451,4.0,0
2022-05-17,0.2437823046518699,1.0,0.9523809523809523,0.0,0.0,0,0.0,0.33751205400260365,0.0,1e-06,1.0,Utsuroi,0.4757230420653323,0.9803921568627451,4.0,0
2022-05-18,0.24851380503554416,1.0,0.9523809523809523,0.0,0.0,0,0.0,0.33751205400260365,0.0,1e-06,1.0,Utsuroi,0.4757230420653323,0.9803921568627451,4.0,0
2022-05-19,0.24596924814316118,1.0,0.9523809523809523,3.8335667972626125e-11,0.9999999999606644,1,1.50795825885878e-21,0.33751205400260365,0.25,1e-06,0.559954475552226,Utsuroi,0.4757230420653323,0.9803921568627451,4.0,0
2022-05-20,0.24768854334071724,1.0,0.9523809523809523,0.2723914179331604,0.9225925209493466,2,0.021085132977238883,0.33751205400260365,0.5,1e-06,0.30048900754960073,Utsuroi,0.4757230420653323,0.9803921568627451,4.0,0
2022-05-23,0.2457354239962936,1.0,0.9523809523809523,0.24659307604071284,0.9327019551319418,2,0.01659523189554039,0.33751205400260365,0.5,1e-06,0.9715272040039408,Utsuroi,0.4757230420653323,0.9803921568627451,4.0,0
2022-05-24,0.23790919225701834,1.0,0.9523809523809523,0.6927046256379472,0.514874300545006,2,0.3360488160283189,0.33751205400260365,0.5,1e-06,0.5003575193907598,Utsuroi,0.4757230420653323,0.9803921568627451,4.0,0
2022-05-25,0.24024743372569463,0.0,20.0,1.5836665312321845e-11,0.9999999999831634,1,2.6663628319477884e-22,0.016072002571568628,0.25,1e-06,0.3004769674977803,Utsuroi,0.4757230420653323,0.9803921568627451,4.0,0
2022-05-26,0.2378541748106966,0.0,20.0,0.8486655681038189,0.4911901561540398,3,0.4318093951843472,0.016072002571568628,0.75,1e-06,0.31458902704464575,Utsuroi,0.4757230420653323,0.9803921568627451,4.0,0
2022-05-27,0.2393258914998046,0.0,20.0,0.9315710970741753,0.4849318125919326,3,0.4798226364117402,0.016072002571568628,0.75,1e-06,0.5602180155103705,Utsuroi,0.4757230420653323,0.9803921568627451,4.0,0
2022-05-31,0.265005284570502,1.5,0.6451612903225806,1.2124823366795876e-10,0.9999999998777518,1,1.4822379719954342e-20,0.49823207971788014,0.25,1e-06,0.6448943470095565,Utsuroi,0.4757230420653323,0.9803921568627451,4.0,0
2022-06-01,0.23707017620061102,1.0,0.9523809523809523,3.345922427447689e-10,0.9999999996644078,1,1.1228655376480425e-19,0.33751205400260365,0.25,1e-06,0.11173209323245625,Utsuroi,0.4757230420653323,0.9803921568627451,4.0,0
2022-06-02,0.22749714054061884,1.0,0.9523809523809523,1.6286194614984903e-11,0.9999999999827138,1,2.8152596937593416e-22,0.33751205400260365,0.25,1e-06,1.0,Utsuroi,0.4757230420653323,0.9803921568627451,4.0,0
2022-06-03,0.22663061576105056,1.0,0.9523809523809523,0.35472069214320395,0.8860374239657688,2,0.040424883849285005,0.33751205400260365,0.5,1e-06,0.3015901003153403,Utsuroi,0.4757230420653323,0.9803921568627451,4.0,0
2022-06-06,0.18389581433059699,1.0,0.9523809523809523,0.6893427637538561,0.5435866368497486,2,0.3146252491681866,0.33751205400260365,0.5,1e-06,0.5248318428046539,Utsuroi,0.4757230420653323,0.9803921568627451,4.0,0
2022-06-07,0.18560135516657256,1.0,0.9523809523809523,0.7894181466721,0.5116648385223463,3,0.38550063812851004,0.33751205400260365,0.75,1e-06,0.1556616909128663,Utsuroi,0.4757230420653323,0.9803921568627451,4.0,0
2022-06-08,0.20803471890428418,1.0,0.9523809523809523,0.6570170915011941,0.6335904539153203,2,0.240737334266829,0.33751205400260365,0.5,1e-06,0.2514373112276108,Utsuroi,0.4757230420653323,0.9803921568627451,4.0,0
2022-06-09,0.16831212265994874,1.0,0.9523809523809523,0.6512827763872535,0.6436607979902803,2,0.23207758482050864,0.33751205400260365,0.5,1e-06,0.6299375423049736,Utsuroi,0.4757230420653323,0.9803921568627451,4.0,0
2022-06-10,0.16736307171089781,2.0,0.48780487804878053,0.9337378382453745,0.5848931332407051,3,0.3876009884086347,0.6589521054329958,0.75,1e-06,0.014677617749678129,Utsuroi,0.4757230420653323,0.9803921568627451,4.0,0
2022-06-13,0.20906629602281776,2.0,0.48780487804878053,1.2002888675756032e-09,0.9999999987987112,1,1.44189362880711e-18,0.6589521054329958,0.25,1e-06,0.8229470494151462,Utsuroi,0.4757230420653323,0.9803921568627451,4.0,0
2022-06-14,0.23011046924090403,1.0,0.9523809523809523,3.633149336864961e-11,0.9999999999626685,1,1.3563081000750509e-21,0.33751205400260365,0.25,1e-06,0.10991784958038486,Utsuroi,0.4757230420653323,0.9803921568627451,4.0,0
2022-06-15,0.22767594724116458,1.0,0.9523809523809523,0.0,0.0,0,0.0,0.33751205400260365,0.0,1e-06,1.0,Utsuroi,0.4757230420653323,0.9803921568627451,4.0,0
2022-06-16,0.21995975039453305,1.0,0.9523809523809523,1.0933032256690102e-10,0.9999999998896697,1,1.2062447337240105e-20,0.33751205400260365,0.25,1e-06,0.559954475552226,Utsuroi,0.4757230420653323,0.9803921568627451,4.0,0
2022-06-17,0.23365909452865977,2.0,0.48780487804878053,2.7568725080176916e-11,0.9999999999714313,1,7.876027177701688e-22,0.6589521054329958,0.25,1e-06,0.032537103807382395,Utsuroi,0.4757230420653323,0.9803921568627451,4.0,0
2022-06-21,0.23169222082265561,1.0,0.9523809523809523,2.2846247113715595e-10,0.9999999997705376,1,5.242355814126463e-20,0.33751205400260365,0.25,1e-06,0.10991784958038486,Utsuroi,0.4757230420653323,0.9803921568627451,4.0,0
2022-06-22,0.24830748961183743,2.0,0.48780487804878053,0.0,0.0,0,0.0,0.6589521054329958,0.0,1e-06,0.11339200133282112,Utsuroi,0.4757230420653323,0.9803921568627451,4.0,0
2022-06-23,0.2573853682549335,1.0,0.9523809523809523,0.0,0.0,0,0.0,0.33751205400260365,0.0,1e-06,0.008790123180697273,Utsuroi,0.4757230420653323,0.9803921568627451,4.0,0
2022-06-24,0.25662887836800885,1.0,0.9523809523809523,0.0,0.0,0,0.0,0.33751205400260365,0.0,1e-06,1.0,Utsuroi,0.4757230420653323,0.9803921568627451,4.0,0
2022-06-27,0.25345162084292516,1.0,0.9523809523809523,0.0,0.0,0,0.0,0.33751205400260365,0.0,1e-06,1.0,Utsuroi,0.4757230420653323,0.9803921568627451,4.0,0
2022-06-28,0.23932589149980457,1.0,0.9523809523809523,0.0,0.0,0,0.0,0.33751205400260365,0.0,1e-06,1.0,Utsuroi,0.4757230420653323,0.9803921568627451,4.0,0
2022-06-29,0.23746905268644403,1.0,0.9523809523809523,0.0,0.0,0,0.0,0.33751205400260365,0.0,1e-06,1.0,Utsuroi,0.4757230420653323,0.9803921568627451,4.0,0
2022-06-30,0.2103454516497995,2.0,0.48780487804878053,1.7096213333737087e-11,0.9999999999819038,1,3.093763454915311e-22,0.6589521054329958,0.25,1e-06,0.02823879611489266,Utsuroi,0.4757230420653323,0.9803921568627451,4.0,0
2022-07-01,0.2109231348361783,1.0,0.9523809523809523,0.45043217976332184,0.8334134892296615,2,0.07503592516544966,0.33751205400260365,0.5,1e-06,0.7199194783946328,Utsuroi,0.4757230420653323,0.9803921568627451,4.0,0
2022-07-05,0.23041306519567392,0.5,1.8181818181818181,7.389933109610999e-11,0.9999999999251007,1,5.535008832975527e-21,0.1767920282871665,0.25,1e-06,0.0910677582899373,Utsuroi,0.4757230420653323,0.9803921568627451,4.0,0
2022-07-06,0.2224630442021747,1.0,0.9523809523809523,0.9903601371960363,0.5418525764842864,3,0.4537309452090327,0.33751205400260365,0.75,1e-06,0.03819325851194,Utsuroi,0.4757230420653323,0.9803921568627451,4.0,0
2022-07-07,0.2367400715226802,1.0,0.9523809523809523,0.6027305964810753,0.7093523090380358,2,0.17518225613935193,0.33751205400260365,0.5,1e-06,0.37171529823913785,Utsuroi,0.4757230420653323,0.9803921568627451,4.0,0
2022-07-08,0.23529586355673315,1.5,0.6451612903225806,1.3072321003350392e-11,0.9999999999859277,1,1.8395760823704743e-22,0.49823207971788014,0.25,1e-06,0.6336613056718623,Utsuroi,0.4757230420653323,0.9803921568627451,4.0,0
2022-07-11,0.206466721684113,1.0,0.9523809523809523,1.2712497721074376e-11,0.9999999999862875,1,1.7431981480826777e-22,0.33751205400260365,0.25,1e-06,0.11173209323245625,Utsuroi,0.4757230420653323,0.9803921568627451,4.0,0
2022-07-12,0.21408663799968147,0.5,1.8181818181818181,1.270505922680949e-11,0.999999999986295,1,1.7412330812696894e-22,0.1767920282871665,0.25,1e-06,0.33760271681565557,Utsuroi,0.4757230420653323,0.9803921568627451,4.0,0
2022-07-13,0.2045548654244307,2.0,0.48780487804878053,0.6282553672194795,0.6781509553037149,2,0.20220338976490324,0.6589521054329958,0.5,1e-06,0.017458756575903567,Utsuroi,0.4757230420653323,0.9803921568627451,4.0,0
2022-07-14,0.2209913275130667,1.5,0.6451612903225806,0.5109082615009097,0.7922888664867601,2,0.10612133411763273,0.49823207971788014,0.5,1e-06,0.19862749187706663,Utsuroi,0.4757230420653323,0.9803921568627451,4.0,0
2022-07-15,0.1993144536622798,1.0,0.9523809523809523,0.32957921835849147,0.8979430371657328,2,0.03363585403895941,0.33751205400260365,0.5,1e-06,0.31796815233316367,Utsuroi,0.4757230420653323,0.9803921568627451,4.0,0
2022-07-18,0.16655156437765134,1.0,0.9523809523809523,0.8620562120096642,0.6702518268499063,3,0.2842614610628767,0.33751205400260365,0.75,1e-06,0.23467995078254056,Utsuroi,0.4757230420653323,0.9803921568627451,4.0,0
2022-07-19,0.1659051093833703,1.0,0.9523809523809523,1.2877017267054163,0.4522989092269693,5,0.7052756403068715,0.33751205400260365,1.25,1e-06,0.07015434658870823,Utsuroi,0.4757230420653323,0.9803921568627451,4.0,0
2022-07-20,0.16209515122558601,2.0,0.48780487804878053,1.0827952827704868,0.3858656207560784,3,0.6649818088324994,0.6589521054329958,0.75,1e-06,0.937920999379684,Utsuroi,0.4757230420653323,0.9803921568627451,4.0,0
2022-07-21,0.15755621190403798,1.0,0.9523809523809523,0.4911008650386549,0.8066103264478346,2,0.09497383597101151,0.33751205400260365,0.5,1e-06,0.2963945940064179,Utsuroi,0.4757230420653323,0.9803921568627451,4.0,0
2022-07-22,0.15184815184815187,1.0,0.9523809523809523,0.4311739890649856,0.8450654104459052,2,0.0668037650221853,0.33751205400260365,0.5,1e-06,0.8860832789968249,Utsuroi,0.4757230420653323,0.9803921568627451,4.0,0
2022-07-25,0.1512979773849339,1.0,0.9523809523809523,0.26813035826179804,0.9243036756090256,2,0.02029648257805325,0.33751205400260365,0.5,1e-06,0.9651838851133432,Utsuroi,0.4757230420653323,0.9803921568627451,4.0,0
2022-07-26,0.13886403451620843,3.0,0.3278688524590164,8.16292589044538e-11,0.9999999999173708,1,6.7449633626938095e-21,0.9803921568627451,0.25,1e-06,0.08813938299538981,Katashi,0.4757230420653323,0.9803921568627451,4.0,0
2022-07-27,0.14155988938597636,1.5,0.6451612903225806,0.39079858949851154,0.8676665280968847,2,0.05171573416317836,0.49823207971788014,0.5,1e-06,0.4042044993149283,Utsuroi,0.4757230420653323,0.9803921568627451,4.0,0
2022-07-28,0.15356744704570793,1.0,0.9523809523809523,0.19040167847786527,0.9527284697165855,2,0.009000578710179351,0.33751205400260365,0.5,1e-06,0.30628804916517194,Utsuroi,0.4757230420653323,0.9803921568627451,4.0,0
2022-07-29,0.1699351373264417,1.0,0.9523809523809523,8.998912726049718e-12,0.9999999999900011,1,8.99791439061259e-23,0.33751205400260365,0.25,1e-06,0.5603825653870778,Utsuroi,0.4757230420653323,0.9803921568627451,4.0,0
2022-08-01,0.16414455110107284,1.0,0.9523809523809523,2.463818038445578e-11,0.9999999999743618,1,6.316775680105917e-22,0.33751205400260365,0.25,1e-06,1.0,Utsuroi,0.4757230420653323,0.9803921568627451,4.0,0
2022-08-02,0.17688108992456816,0.5,1.8181818181818181,7.415512648343898e-12,0.9999999999915845,1,6.240517644245575e-23,0.1767920282871665,0.25,1e-06,0.33760271681565557,Utsuroi,0.4757230420653323,0.9803921568627451,4.0,0
2022-08-03,0.17213583517931344,1.5,0.6451612903225806,7.316147687640777e-12,0.9999999999916839,1,6.084200282949008e-23,0.49823207971788014,0.25,1e-06,0.06237466480539322,Utsuroi,0.4757230420653323,0.9803921568627451,4.0,0
2022-08-04,0.14451707712577277,1.0,0.9523809523809523,0.4015546039631547,0.8618698428852415,2,0.055466800535585184,0.33751205400260365,0.5,1e-06,0.9713897392507507,Utsuroi,0.4757230420653323,0.9803921568627451,4.0,0
2022-08-05,0.16507984768854334,1.0,0.9523809523809523,1.2192691300951871e-11,0.9999999999868073,1,1.6085414273900976e-22,0.33751205400260365,0.25,1e-06,0.575384700657737,Utsuroi,0.4757230420653323,0.9803921568627451,4.0,0
2022-08-08,0.15194443237921498,1.0,0.9523809523809523,3.468247911023407e-11,0.9999999999643175,1,1.237556069128023e-21,0.33751205400260365,0.25,1e-06,1.0,Utsuroi,0.4757230420653323,0.9803921568627451,4.0,0
2022-08-09,0.1493448580405102,0.0,20.0,1.3535839116124765e-11,0.9999999999854642,1,1.9675448025911669e-22,0.016072002571568628,0.25,1e-06,0.162478299294186,Utsuroi,0.4757230420653323,0.9803921568627451,4.0,0
2022-08-10,0.15305853566723135,0.0,20.0,7.719169747538389e-11,0.9999999999218083,1,6.035748149229377e-21,0.016072002571568628,0.25,1e-06,1.0,Utsuroi,0.4757230420653323,0.9803921568627451,4.0,0
2022-08-11,0.13311471137558095,0.0,20.0,0.601696225916627,0.7105079718045286,2,0.17418626079816488,0.016072002571568628,0.5,1e-06,0.5216149840995422,Utsuroi,0.4757230420653323,0.9803921568627451,4.0,0
2022-08-12,0.1505002244132679,1.0,0.9523809523809523,2.1703416841232577e-11,0.9999999999772966,1,4.927412393142e-22,0.33751205400260365,0.25,1e-06,0.7634399156393672,Utsuroi,0.4757230420653323,0.9803921568627451,4.0,0
2022-08-15,0.11828750959185741,1.5,0.6451612903225806,1.1030809598458005e-10,0.9999999998886919,1,1.2278181696206353e-20,0.49823207971788014,0.25,1e-06,0.05593594163333937,Utsuroi,0.4757230420653323,0.9803921568627451,4.0,0
2022-08-16,0.11754477406651319,0.5,1.8181818181818181,3.7377834154111273e-10,0.9999999996252217,1,1.40084018704396e-19,0.1767920282871665,0.25,1e-06,0.32040242570355526,Utsuroi,0.4757230420653323,0.9803921568627451,4.0,0
2022-08-17,0.12296399252920989,1.0,0.9523809523809523,0.692552102224689,0.5172476127052341,2,0.33433118067497736,0.33751205400260365,0.5,1e-06,0.0672917416811536,Utsuroi,0.4757230420653323,0.9803921568627451,4.0,0
2022-08-18,0.11927782362564972,2.0,0.48780487804878053,0.0,0.0,0,0.0,0.6589521054329958,0.0,1e-06,0.40172510929038685,Utsuroi,0.4757230420653323,0.9803921568627451,4.0,0
2022-08-19,0.1370622131491697,2.0,0.48780487804878053,0.0,0.0,0,0.0,0.6589521054329958,0.0,1e-06,1.0,Utsuroi,0.4757230420653323,0.9803921568627451,4.0,0
2022-08-22,0.14697910784867305,1.0,0.9523809523809523,1.904976176783025e-11,0.9999999999799503,1,3.819427637692386e-22,0.33751205400260365,0.25,1e-06,0.41080050207220953,Utsuroi,0.4757230420653323,0.9803921568627451,4.0,0
2022-08-23,0.1459062676453981,1.0,0.9523809523809523,9.95192817037797e-12,0.9999999999890481,1,1.0899258232556277e-22,0.33751205400260365,0.25,1e-06,1.0,Utsuroi,0.4757230420653323,0.9803921568627451,4.0,0
2022-08-24,0.14323792149879108,1.0,0.9523809523809523,0.05547799271061116,0.9901137914094056,2,0.0005484670081245783,0.33751205400260365,0.5,1e-06,0.300041263602544,Utsuroi,0.4757230420653323,0.9803921568627451,4.0,0
2022-08-25,0.15155931025496241,2.0,0.48780487804878053,8.545830709704618e-12,0.9999999999904542,1,8.157686418054508e-23,0.6589521054329958,0.25,1e-06,0.252260280472383,Utsuroi,0.4757230420653323,0.9803921568627451,4.0,0
2022-08-26,0.1741852350548003,1.0,0.9523809523809523,0.36094609117069126,0.8829795578202071,2,0.04223807119186213,0.33751205400260365,0.5,1e-06,0.7009012939753001,Utsuroi,0.4757230420653323,0.9803921568627451,4.0,0
2022-08-29,0.16433711216319913,1.0,0.9523809523809523,0.0,0.0,0,0.0,0.33751205400260365,0.0,1e-06,1.0,Utsuroi,0.4757230420653323,0.9803921568627451,4.0,0
2022-08-30,0.17924684011640535,2.0,0.48780487804878053,0.0,0.0,0,0.0,0.6589521054329958,0.0,1e-06,0.0023150941622109844,Utsuroi,0.4757230420653323,0.9803921568627451,4.0,0
2022-08-31,0.2172501411631847,2.0,0.48780487804878053,0.0,0.0,0,0.0,0.6589521054329958,0.0,1e-06,1.0,Utsuroi,0.4757230420653323,0.9803921568627451,4.0,0
2022-09-01,0.21855680551332726,2.0,0.48780487804878053,3.356714905973481e-11,0.9999999999654329,1,1.1603199025151515e-21,0.6589521054329958,0.25,1e-06,0.7557323928055285,Utsuroi,0.4757230420653323,0.9803921568627451,4.0,0
2022-09-02,0.2083923323053758,1.0,0.9523809523809523,1.5115131368629847e-11,0.9999999999838849,1,2.435819932888172e-22,0.33751205400260365,0.25,1e-06,0.10991784958038486,Utsuroi,0.4757230420653323,0.9803921568627451,4.0,0
2022-09-06,0.21830922700487923,2.0,0.48780487804878053,0.58126711756181,0.7319923509335348,2,0.1557840336573814,0.6589521054329958,0.5,1e-06,0.01562659846019665,Utsuroi,0.4757230420653323,0.9803921568627451,4.0,0
2022-09-07,0.21176215089258568,2.0,0.48780487804878053,0.6204140543916856,0.6883505667662644,2,0.19335168842141284,0.6589521054329958,0.5,1e-06,0.7913714093848739,Utsuroi,0.4757230420653323,0.9803921568627451,4.0,0
2022-09-08,0.2327237979411892,2.0,0.48780487804878053,0.5508754792773646,0.8242807504137805,3,0.09679942583406753,0.6589521054329958,0.75,1e-06,0.4982093367401105,Utsuroi,0.4757230420653323,0.9803921568627451,4.0,0
2022-09-09,0.25306649871867265,2.0,0.48780487804878053,0.3214365228283769,0.9016526314028356,2,0.03161243619119324,0.6589521054329958,0.5,1e-06,0.5610903536405569,Utsuroi,0.4757230420653323,0.9803921568627451,4.0,0
2022-09-12,0.23905080426819558,2.0,0.48780487804878053,2.3788859770638947e-11,0.9999999999752112,1,5.896981827145623e-22,0.6589521054329958,0.25,1e-06,0.7586162119755211,Utsuroi,0.4757230420653323,0.9803921568627451,4.0,0
2022-09-13,0.25233751755490885,1.0,0.9523809523809523,1.5602186209524935e-11,0.9999999999833978,1,2.590300555811608e-22,0.33751205400260365,0.25,1e-06,0.10991784958038486,Utsuroi,0.4757230420653323,0.9803921568627451,4.0,0
2022-09-14,0.24880264662873364,1.0,0.9523809523809523,0.5230158079050097,0.7830536424654209,2,0.113466374457997,0.33751205400260365,0.5,1e-06,0.30668981817033825,Utsuroi,0.4757230420653323,0.9803921568627451,4.0,0
2022-09-15,0.27979122326948425,2.0,0.48780487804878053,1.6309376070541697e-10,0.9999999998359063,1,2.6762664936022407e-20,0.6589521054329958,0.25,1e-06,0.2754763705735762,Utsuroi,0.4757230420653323,0.9803921568627451,4.0,0
2022-09-16,0.2772329120155207,1.0,0.9523809523809523,0.0,0.0,0,0.0,0.33751205400260365,0.0,1e-06,0.11914613521397,Utsuroi,0.4757230420653323,0.9803921568627451,4.0,0
2022-09-19,0.28904790861312607,1.0,0.9523809523809523,0.0,0.0,0,0.0,0.33751205400260365,0.0,1e-06,1.0,Utsuroi,0.4757230420653323,0.9803921568627451,4.0,0
2022-09-20,0.27500470543948813,2.0,0.48780487804878053,0.0,0.0,0,0.0,0.6589521054329958,0.0,1e-06,0.0023150941622109844,Utsuroi,0.4757230420653323,0.9803921568627451,4.0,0
2022-09-21,0.2624744820396994,1.0,0.9523809523809523,2.0226309514081268e-10,0.9999999997967369,1,4.111261828085291e-20,0.33751205400260365,0.25,1e-06,0.41080050207220953,Utsuroi,0.4757230420653323,0.9803921568627451,4.0,0
2022-09-22,0.2667383341296385,1.5,0.6451612903225806,0.5028845917846658,0.7982022247739076,2,0.10148099181762725,0.49823207971788014,0.5,1e-06,0.04498582990539257,Utsuroi,0.4757230420653323,0.9803921568627451,4.0,0
2022-09-23,0.29376565463521986,1.5,0.6451612903225806,0.7800523673209163,0.6237107012794941,3,0.293525358264458,0.49823207971788014,0.75,1e-06,0.29259640415921906,Utsuroi,0.4757230420653323,0.9803921568627451,4.0,0
2022-09-26,0.29994136298484125,2.0,0.48780487804878053,1.2397138870242274e-10,0.9999999998750286,1,1.549287386401727e-20,0.6589521054329958,0.25,1e-06,0.8303293897349185,Utsuroi,0.4757230420653323,0.9803921568627451,4.0,0
2022-09-27,0.2756511604337692,2.0,0.48780487804878053,1.8489798579372707e-10,0.999999999814102,1,3.437215904930429e-20,0.6589521054329958,0.25,1e-06,1.0,Utsuroi,0.4757230420653323,0.9803921568627451,4.0,0
2022-09-28,0.30805643631730595,2.0,0.48780487804878053,0.0,0.0,0,0.0,0.6589521054329958,0.0,1e-06,1.0,Utsuroi,0.4757230420653323,0.9803921568627451,4.0,0
2022-09-29,0.3150436520001737,1.0,0.9523809523809523,0.8982113627675288,0.6063807075758482,3,0.35355332105988785,0.33751205400260365,0.75,1e-06,0.493484149478961,Utsuroi,0.4757230420653323,0.9803921568627451,4.0,0
2022-09-30,0.3032962394128168,1.5,0.6451612903225806,0.42403649785372377,0.84923341949328,2,0.06393053279145104,0.49823207971788014,0.5,1e-06,0.9372075545420757,Utsuroi,0.4757230420653323,0.9803921568627451,4.0,0
2022-10-03,0.3219515504108757,1.5,0.6451612903225806,0.0,0.0,0,0.0,0.49823207971788014,0.0,1e-06,1.0,Utsuroi,0.4757230420653323,0.9803921568627451,4.0,0
2022-10-04,0.35067611076889715,1.0,0.9523809523809523,0.0,0.0,0,0.0,0.33751205400260365,0.0,1e-06,0.010810494250987901,Utsuroi,0.4757230420653323,0.9803921568627451,4.0,0
2022-10-05,0.3517766383990882,1.0,0.9523809523809523,0.0,0.0,0,0.0,0.33751205400260365,0.0,1e-06,1.0,Utsuroi,0.4757230420653323,0.9803921568627451,4.0,0
2022-10-06,0.3448515562624833,1.0,0.9523809523809523,0.0,0.0,0,0.0,0.33751205400260365,0.0,1e-06,1.0,Utsuroi,0.4757230420653323,0.9803921568627451,4.0,0
2022-10-07,0.3374525022445078,1.0,0.9523809523809523,0.0,0.0,0,0.0,0.33751205400260365,0.0,1e-06,1.0,Utsuroi,0.4757230420653323,0.9803921568627451,4.0,0
2022-10-10,0.32501181622280845,1.0,0.9523809523809523,8.509815074460246e-11,0.9999999999139019,1,7.326791528693582e-21,0.33751205400260365,0.25,1e-06,0.559954475552226,Utsuroi,0.4757230420653323,0.9803921568627451,4.0,0
2022-10-11,0.30042058331725663,1.0,0.9523809523809523,3.185940400331397e-11,0.9999999999671406,1,1.0468803226820577e-21,0.33751205400260365,0.25,1e-06,1.0,Utsuroi,0.4757230420653323,0.9803921568627451,4.0,0
2022-10-12,0.2850837428741519,1.0,0.9523809523809523,0.6770584563699069,0.5894490216716053,2,0.27796701164817805,0.33751205400260365,0.5,1e-06,0.27913223723165725,Utsuroi,0.4757230420653323,0.9803921568627451,4.0,0
2022-10-13,0.28460174896780993,2.0,0.48780487804878053,0.681336677729103,0.5766939799006959,2,0.28841391739718875,0.6589521054329958,0.5,1e-06,0.1432319786994959,Utsuroi,0.4757230420653323,0.9803921568627451,4.0,0
2022-10-14,0.29190741546409493,1.0,0.9523809523809523,0.511992167246248,0.7914777514457411,2,0.10676175795635583,0.33751205400260365,0.5,1e-06,0.29205090628768604,Utsuroi,0.4757230420653323,0.9803921568627451,4.0,0
2022-10-17,0.2867574339596952,1.0,0.9523809523809523,0.0,0.0,0,0.0,0.33751205400260365,0.0,1e-06,1.0,Utsuroi,0.4757230420653323,0.9803921568627451,4.0,0
2022-10-18,0.29290365572194693,1.5,0.6451612903225806,0.0,0.0,0,0.0,0.49823207971788014,0.0,1e-06,0.0049765267620781595,Utsuroi,0.4757230420653323,0.9803921568627451,4.0,0
2022-10-19,0.2809729571861198,1.0,0.9523809523809523,4.0277781102224277e-10,0.9999999995962222,1,1.626327339855873e-19,0.33751205400260365,0.25,1e-06,0.6975356417932939,Utsuroi,0.4757230420653323,0.9803921568627451,4.0,0
2022-10-20,0.2845904669428408,2.0,0.48780487804878053,1.0834844132403038e-10,0.9999999998906516,1,1.1847730782464701e-20,0.6589521054329958,0.25,1e-06,0.032537103807382395,Utsuroi,0.4757230420653323,0.9803921568627451,4.0,0
2022-10-21,0.29001499504360545,1.0,0.9523809523809523,0.5781542003960842,0.7350665069226673,2,0.15317241184826683,0.33751205400260365,0.5,1e-06,0.8010663076364648,Utsuroi,0.4757230420653323,0.9803921568627451,4.0,0
2022-10-24,0.2941620496636059,1.0,0.9523809523809523,2.2498003459938442e-11,0.999999999976502,1,5.286576654550047e-22,0.33751205400260365,0.25,1e-06,0.6481678716982072,Utsuroi,0.4757230420653323,0.9803921568627451,4.0,0
2022-10-25,0.2730505148433378,1.0,0.9523809523809523,0.0,0.0,0,0.0,0.33751205400260365,0.0,1e-06,1.0,Utsuroi,0.4757230420653323,0.9803921568627451,4.0,0
2022-10-26,0.25911831389354,1.0,0.9523809523809523,0.0,0.0,0,0.0,0.33751205400260365,0.0,1e-06,1.0,Utsuroi,0.4757230420653323,0.9803921568627451,4.0,0
2022-10-27,0.260268005450991,1.0,0.9523809523809523,3.5265346198141306e-11,0.9999999999637347,1,1.2789092085659548e-21,0.33751205400260365,0.25,1e-06,0.559954475552226,Utsuroi,0.4757230420653323,0.9803921568627451,4.0,0
2022-10-28,0.23614553191034815,1.0,0.9523809523809523,0.0,0.0,0,0.0,0.33751205400260365,0.0,1e-06,1.0,Utsuroi,0.4757230420653323,0.9803921568627451,4.0,0
2022-10-31,0.22366963056618167,1.0,0.9523809523809523,0.0,0.0,0,0.0,0.33751205400260365,0.0,1e-06,1.0,Utsuroi,0.4757230420653323,0.9803921568627451,4.0,0
2022-11-01,0.20434855000072394,1.0,0.9523809523809523,1.0156708806803601e-10,0.9999999998974329,1,1.0417438220383715e-20,0.33751205400260365,0.25,1e-06,0.559954475552226,Utsuroi,0.4757230420653323,0.9803921568627451,4.0,0
2022-11-02,0.17484544441066183,1.0,0.9523809523809523,0.6533290662914202,0.6401548175742955,2,0.2350973170436513,0.33751205400260365,0.5,1e-06,0.29200854909572516,Utsuroi,0.4757230420653323,0.9803921568627451,4.0,0
2022-11-03,0.13746108963500267,1.0,0.9523809523809523,0.849604637710106,0.6733198739153046,4,0.2775489501692794,0.33751205400260365,1.0,1e-06,0.12207330961094687,Utsuroi,0.4757230420653323,0.9803921568627451,4.0,0
2022-11-04,0.13790122920557707,0.0,20.0,0.15067159389289325,0.9653139856668235,2,0.005226197065371449,0.016072002571568628,0.5,1e-06,0.5424584931283882,Utsuroi,0.4757230420653323,0.9803921568627451,4.0,0
2022-11-07,0.14255020341976865,2.0,0.48780487804878053,0.6840142945275511,0.5674723972740181,2,0.2958550630423054,0.6589521054329958,0.5,1e-06,0.3370601818279023,Utsuroi,0.4757230420653323,0.9803921568627451,4.0,0
2022-11-08,0.13915287610939786,0.0,20.0,0.31794388298264015,0.9032226264609199,2,0.030769773927876543,0.016072002571568628,0.5,1e-06,0.4359085148592773,Utsuroi,0.4757230420653323,0.9803921568627451,4.0,0
2022-11-09,0.1636356397225963,0.0,20.0,0.2802535270079586,0.919391295924583,2,0.022590873624676412,0.016072002571568628,0.5,1e-06,0.9739626007018222,Utsuroi,0.4757230420653323,0.9803921568627451,4.0,0
2022-11-10,0.1774450187493666,0.0,20.0,0.0,0.0,0,0.0,0.016072002571568628,0.0,1e-06,1.0,Utsuroi,0.4757230420653323,0.9803921568627451,4.0,0
2022-11-11,0.15820266689831913,1.0,0.9523809523809523,0.0,0.0,0,0.0,0.33751205400260365,0.0,1e-06,0.6025622088320997,Utsuroi,0.4757230420653323,0.9803921568627451,4.0,0
2022-11-14,0.1677206851119895,2.0,0.48780487804878053,0.6500965706327151,0.6456522996913926,2,0.23036022478221474,0.6589521054329958,0.5,1e-06,0.06036319025110415,Utsuroi,0.4757230420653323,0.9803921568627451,4.0,0
2022-11-15,0.12370672805455414,1.0,0.9523809523809523,0.5238884636193902,0.7823727039364382,2,0.11401242977638155,0.33751205400260365,0.5,1e-06,0.2793156768568875,Utsuroi,0.4757230420653323,0.9803921568627451,4.0,0
2022-11-16,0.12655388090170702,2.0,0.48780487804878053,4.3742676146928256e-11,0.9999999999552573,1,1.9571634250224976e-21,0.6589521054329958,0.25,1e-06,0.27568994907698496,Utsuroi,0.4757230420653323,0.9803921568627451,4.0,0
2022-11-17,0.12186364360277405,2.0,0.48780487804878053,2.2721824421697594e-11,0.9999999999762782,1,5.390026268326919e-22,0.6589521054329958,0.25,1e-06,1.0,Utsuroi,0.4757230420653323,0.9803921568627451,4.0,0
2022-11-18,0.1301575236357845,2.0,0.48780487804878053,1.539712801688005e-11,0.9999999999836029,1,2.5246833857617817e-22,0.6589521054329958,0.25,1e-06,1.0,Utsuroi,0.4757230420653323,0.9803921568627451,4.0,0
2022-11-21,0.12696651174912046,2.0,0.48780487804878053,8.545020246568071e-11,0.9999999999135498,1,7.387185413905313e-21,0.6589521054329958,0.25,1e-06,1.0,Utsuroi,0.4757230420653323,0.9803921568627451,4.0,0
2022-11-22,0.12326658848397982,2.0,0.48780487804878053,3.6878278208256944e-11,0.9999999999621217,1,1.396884866029344e-21,0.6589521054329958,0.25,1e-06,1.0,Utsuroi,0.4757230420653323,0.9803921568627451,4.0,0
2022-11-23,0.12600370643848907,2.0,0.48780487804878053,0.6700776685009348,0.6069849474496483,2,0.263350610098712,0.6589521054329958,0.5,1e-06,0.514877660234232,Utsuroi,0.4757230420653323,0.9803921568627451,4.0,0
2022-11-25,0.12820440429136082,1.0,0.9523809523809523,0.0,0.0,0,0.0,0.33751205400260365,0.0,1e-06,0.37425488242426863,Utsuroi,0.4757230420653323,0.9803921568627451,4.0,0
2022-11-28,0.14895973591625764,1.0,0.9523809523809523,0.0,0.0,0,0.0,0.33751205400260365,0.0,1e-06,1.0,Utsuroi,0.4757230420653323,0.9803921568627451,4.0,0
2022-11-29,0.1416011524707177,3.0,0.3278688524590164,0.0,0.0,0,0.0,0.9803921568627451,0.0,1e-06,0.0008271258384687785,Katashi,0.4757230420653323,0.9803921568627451,4.0,0
2022-11-30,0.163718165892079,2.0,0.48780487804878053,0.0,0.0,0,0.0,0.6589521054329958,0.0,1e-06,0.0007433585375702378,Utsuroi,0.4757230420653323,0.9803921568627451,4.0,0
2022-12-01,0.1611323459149546,2.0,0.48780487804878053,0.0,0.0,0,0.0,0.6589521054329958,0.0,1e-06,1.0,Utsuroi,0.4757230420653323,0.9803921568627451,4.0,0
2022-12-02,0.16059592581331714,2.0,0.48780487804878053,0.0,0.0,0,0.0,0.6589521054329958,0.0,1e-06,1.0,Utsuroi,0.4757230420653323,0.9803921568627451,4.0,0
2022-12-05,0.2049399875486832,2.0,0.48780487804878053,0.0,0.0,0,0.0,0.6589521054329958,0.0,1e-06,1.0,Utsuroi,0.4757230420653323,0.9803921568627451,4.0,0
2022-12-06,0.22221546569372658,2.0,0.48780487804878053,0.0,0.0,0,0.0,0.6589521054329958,0.0,1e-06,1.0,Utsuroi,0.4757230420653323,0.9803921568627451,4.0,0
2022-12-07,0.22679566810001595,2.0,0.48780487804878053,9.46425160418327e-11,0.9999999999043575,1,9.051846265547964e-21,0.6589521054329958,0.25,1e-06,0.7557323928055285,Utsuroi,0.4757230420653323,0.9803921568627451,4.0,0
2022-12-08,0.2293814880771403,2.0,0.48780487804878053,2.423850009560089e-11,0.9999999999747615,1,6.117428507904375e-22,0.6589521054329958,0.25,1e-06,1.0,Utsuroi,0.4757230420653323,0.9803921568627451,4.0,0
2022-12-09,0.22894134850656592,2.0,0.48780487804878053,7.047717964525588e-11,0.9999999999285228,1,5.0375084714984796e-21,0.6589521054329958,0.25,1e-06,1.0,Utsuroi,0.4757230420653323,0.9803921568627451,4.0,0
2022-12-12,0.19795277186581536,2.0,0.48780487804878053,6.127809370843197e-11,0.9999999999377219,1,3.816281506789767e-21,0.6589521054329958,0.25,1e-06,1.0,Utsuroi,0.4757230420653323,0.9803921568627451,4.0,0
2022-12-13,0.1576112293503598,2.0,0.48780487804878053,2.4190427438635833e-11,0.9999999999748096,1,6.093666719763388e-22,0.6589521054329958,0.25,1e-06,1.0,Utsuroi,0.4757230420653323,0.9803921568627451,4.0,0
2022-12-14,0.17798143885100406,2.0,0.48780487804878053,1.0303025099203836e-10,0.9999999998959698,1,1.0718260591825544e-20,0.6589521054329958,0.25,1e-06,1.0,Utsuroi,0.4757230420653323,0.9803921568627451,4.0,0
2022-12-15,0.19091053873662572,2.0,0.48780487804878053,1.3416157074071905e-11,0.9999999999855839,1,1.93409130923157e-22,0.6589521054329958,0.25,1e-06,1.0,Utsuroi,0.4757230420653323,0.9803921568627451,4.0,0
2022-12-16,0.18412963847746452,2.0,0.48780487804878053,1.465338961269558e-11,0.9999999999843466,1,2.293748925977543e-22,0.6589521054329958,0.25,1e-06,1.0,Utsuroi,0.4757230420653323,0.9803921568627451,4.0,0
2022-12-19,0.18582142495185977,1.5,0.6451612903225806,1.2162826301589847e-11,0.9999999999868372,1,1.6009690088264386e-22,0.49823207971788014,0.25,1e-06,0.053592328694712976,Utsuroi,0.4757230420653323,0.9803921568627451,4.0,0
2022-12-20,0.18477609347174564,2.0,0.48780487804878053,1.2514878022693788e-11,0.9999999999864851,1,1.6913677309610549e-22,0.6589521054329958,0.25,1e-06,0.031682381429876116,Utsuroi,0.4757230420653323,0.9803921568627451,4.0,0
2022-12-21,0.19854420941377465,2.0,0.48780487804878053,0.23101168993330626,0.9385232411041493,2,0.014201849964152887,0.6589521054329958,0.5,1e-06,0.5501300971219447,Utsuroi,0.4757230420653323,0.9803921568627451,4.0,0
2022-12-22,0.23426428643819952,2.0,0.48780487804878053,2.3427038086922513e-11,0.999999999975573,1,5.722526333736382e-22,0.6589521054329958,0.25,1e-06,0.7563227428782715,Utsuroi,0.4757230420653323,0.9803921568627451,4.0,0
2022-12-23,0.23638245812158856,2.0,0.48780487804878053,4.572808798177462e-11,0.9999999999532719,1,2.136785106916632e-21,0.6589521054329958,0.25,1e-06,1.0,Utsuroi,0.4757230420653323,0.9803921568627451,4.0,0
2022-12-27,0.2408938887199757,2.0,0.48780487804878053,0.0,0.0,0,0.0,0.6589521054329958,0.0,1e-06,1.0,Utsuroi,0.4757230420653323,0.9803921568627451,4.0,0
2022-12-28,0.26324472628820456,2.0,0.48780487804878053,0.0,0.0,0,0.0,0.6589521054329958,0.0,1e-06,1.0,Utsuroi,0.4757230420653323,0.9803921568627451,4.0,0
2022-12-29,0.25812810378027773,2.0,0.48780487804878053,0.0,0.0,0,0.0,0.6589521054329958,0.0,1e-06,1.0,Utsuroi,0.4757230420653323,0.9803921568627451,4.0,0
2022-12-30,0.25364418190505156,2.0,0.48780487804878053,0.0,0.0,0,0.0,0.6589521054329958,0.0,1e-06,1.0,Utsuroi,0.4757230420653323,0.9803921568627451,4.0,0
2023-01-03,0.23464940856245212,2.0,0.48780487804878053,0.0,0.0,0,0.0,0.6589521054329958,0.0,1e-06,1.0,Utsuroi,0.4757230420653323,0.9803921568627451,4.0,0
2023-01-04,0.21609477479042696,2.0,0.48780487804878053,1.852309416787502e-10,0.9999999998137691,1,3.449572860246025e-20,0.6589521054329958,0.25,1e-06,0.7557323928055285,Utsuroi,0.4757230420653323,0.9803921568627451,4.0,0
2023-01-05,0.2218440979310545,3.0,0.3278688524590164,7.999867434832024e-11,0.9999999999190013,1,6.479784802391014e-21,0.9803921568627451,0.25,1e-06,0.01436873413917017,Katashi,0.4757230420653323,0.9803921568627451,4.0,0
2023-01-06,0.18868233216059302,2.0,0.48780487804878053,0.5641748087690046,0.7483186135941564,2,0.14199229804623476,0.6589521054329958,0.5,1e-06,0.49523183566447937,Utsuroi,0.4757230420653323,0.9803921568627451,4.0,0
2023-01-09,0.1723421506030202,2.5,0.3921568627450981,0.4034972431827462,0.8608062282798093,2,0.05616430315730543,0.8196721311479507,0.5,1e-06,0.1722112243347207,Utsuroi,0.4757230420653323,0.9803921568627451,4.0,0
2023-01-10,0.17553316248968423,2.0,0.48780487804878053,0.4619691445451772,0.8261304430702503,2,0.08032237047728545,0.6589521054329958,0.5,1e-06,0.1284926774002273,Utsuroi,0.4757230420653323,0.9803921568627451,4.0,0
2023-01-11,0.18038845212758256,1.0,0.9523809523809523,0.805049767935238,0.5921948112091944,4,0.328303472598824,0.33751205400260365,1.0,1e-06,0.5834724906031901,Utsuroi,0.4757230420653323,0.9803921568627451,4.0,0
2023-01-12,0.18272669359625882,2.0,0.48780487804878053,0.6730493654649106,0.5999069797063791,2,0.2692823534355612,0.6589521054329958,0.5,1e-06,0.746349338371171,Utsuroi,0.4757230420653323,0.9803921568627451,4.0,0
2023-01-13,0.16635900331552508,2.0,0.48780487804878053,0.633635811623356,0.6707646326223391,2,0.20861531922345797,0.6589521054329958,0.5,1e-06,0.7757014767299647,Utsuroi,0.4757230420653323,0.9803921568627451,4.0,0
2023-01-17,0.16001824262693828,1.0,0.9523809523809523,1.0210826904097459,0.43898538609688975,3,0.5728423113233726,0.33751205400260365,0.75,1e-06,0.6831617287193692,Utsuroi,0.4757230420653323,0.9803921568627451,4.0,0
2023-01-18,0.18290609273832756,1.0,0.9523809523809523,0.30895184833436234,0.9072073376999112,2,0.028668464529478726,0.33751205400260365,0.5,1e-06,0.7086751024590162,Utsuroi,0.4757230420653323,0.9803921568627451,4.0,0
2023-01-19,0.16990991873047817,1.0,0.9523809523809523,0.6384831927174789,0.663799314721047,2,0.21465848693071019,0.33751205400260365,0.5,1e-06,0.6542760474655949,Utsuroi,0.4757230420653323,0.9803921568627451,4.0,0
2023-01-20,0.17228217898343454,1.0,0.9523809523809523,1.084609985860233,0.3806844880528057,3,0.6717157886560693,0.33751205400260365,0.75,1e-06,0.1367015271754628,Utsuroi,0.4757230420653323,0.9803921568627451,4.0,0
2023-01-23,0.15879012537393963,0.0,20.0,1.4907161582341377,0.3377877377303,5,0.9871705195462244,0.016072002571568628,1.25,1e-06,0.1885875897875111,Utsuroi,0.4757230420653323,0.9803921568627451,4.0,0
2023-01-24,0.15952618767386648,1.0,0.9523809523809523,0.6930270571341299,0.5077497940674992,2,0.34114271159107046,0.33751205400260365,0.5,1e-06,0.5946314341362797,Utsuroi,0.4757230420653323,0.9803921568627451,4.0,0
2023-01-25,0.12953948836505522,0.5,1.8181818181818181,0.4124887885258836,0.8558147468258025,2,0.05947480040512254,0.1767920282871665,0.5,1e-06,0.6478923616651402,Utsuroi,0.4757230420653323,0.9803921568627451,4.0,0
2023-01-26,0.09212257939893585,0.5,1.8181818181818181,0.6746818700883435,0.5957898001567866,2,0.27271329353900226,0.1767920282871665,0.5,1e-06,0.49588509176023166,Utsuroi,0.4757230420653323,0.9803921568627451,4.0,0
2023-01-27,0.09082208712672324,1.0,0.9523809523809523,0.600974365332966,0.7113102141564525,2,0.17349516082543587,0.33751205400260365,0.5,1e-06,0.5331844517257567,Utsuroi,0.4757230420653323,0.9803921568627451,4.0,0
2023-01-30,0.09712077667880595,1.0,0.9523809523809523,0.5571814325214548,0.7546386643822667,2,0.1367107804648661,0.33751205400260365,0.5,1e-06,0.7715523512074691,Utsuroi,0.4757230420653323,0.9803921568627451,4.0,0
2023-01-31,0.0967022495788238,0.0,20.0,0.5925083671860164,0.7204705336377112,2,0.16562354769469825,0.016072002571568628,0.5,1e-06,0.24254745044502157,Utsuroi,0.4757230420653323,0.9803921568627451,4.0,0
2023-02-01,0.08275060391268191,1.0,0.9523809523809523,0.6057189587763703,0.7059720434280918,2,0.17809830770588003,0.33751205400260365,0.5,1e-06,0.7241875810860817,Utsuroi,0.4757230420653323,0.9803921568627451,4.0,0
2023-02-02,0.09004605151698399,1.5,0.6451612903225806,0.6829385738428415,0.5713225791451733,2,0.29276034643722293,0.49823207971788014,0.5,1e-06,0.1488557138493497,Utsuroi,0.4757230420653323,0.9803921568627451,4.0,0
2023-02-03,0.10547056379205004,2.0,0.48780487804878053,2.2227553131146077e-11,0.9999999999767725,1,5.162911796233434e-22,0.6589521054329958,0.25,1e-06,0.6532239393649271,Utsuroi,0.4757230420653323,0.9803921568627451,4.0,0
2023-02-06,0.1068186271971825,2.0,0.48780487804878053,0.6895627056364815,0.542309514611372,2,0.3156062894486568,0.6589521054329958,0.5,1e-06,0.4932129445550423,Utsuroi,0.4757230420653323,0.9803921568627451,4.0,0
2023-02-07,0.10918473868139432,2.0,0.48780487804878053,4.0467185157517846e-11,0.9999999999585328,1,1.6780593645613782e-21,0.6589521054329958,0.25,1e-06,0.8674455303681292,Utsuroi,0.4757230420653323,0.9803921568627451,4.0,0
2023-02-08,0.10021837506421874,1.0,0.9523809523809523,0.6589914304524633,0.6299328103628523,2,0.24387110666250697,0.33751205400260365,0.5,1e-06,0.9364697190215208,Utsuroi,0.4757230420653323,0.9803921568627451,4.0,0
2023-02-09,0.11209466607741038,0.5,1.8181818181818181,0.6487954997706902,0.7551720296533918,3,0.15884328537887138,0.1767920282871665,0.75,1e-06,0.6471265378835416,Utsuroi,0.4757230420653323,0.9803921568627451,4.0,0
2023-02-10,0.1276939146866481,1.0,0.9523809523809523,0.3483384087821144,0.906974468666419,3,0.03240436556085035,0.33751205400260365,0.75,1e-06,0.5635759385434437,Utsuroi,0.4757230420653323,0.9803921568627451,4.0,0
2023-02-13,0.1201718571283789,1.0,0.9523809523809523,0.9794137314375327,0.5332972844776789,3,0.45709504808174584,0.33751205400260365,0.75,1e-06,0.4743767592637498,Utsuroi,0.4757230420653323,0.9803921568627451,4.0,0
2023-02-14,0.12333536029188207,0.0,20.0,1.2024501772508718,0.492553347783221,4,0.6101793169034274,0.016072002571568628,1.0,1e-06,0.26725960255905257,Utsuroi,0.4757230420653323,0.9803921568627451,4.0,0
2023-02-15,0.14779061518191952,1.0,0.9523809523809523,1.0733893901083336,0.3915974884489148,3,0.6530528008141977,0.33751205400260365,0.75,1e-06,0.9521717460855095,Utsuroi,0.4757230420653323,0.9803921568627451,4.0,0
2023-02-16,0.16103606538389148,0.5,1.8181818181818181,0.8147575331943905,0.6904785692835496,4,0.2521849173613336,0.1767920282871665,1.0,1e-06,0.9433044526150833,Utsuroi,0.4757230420653323,0.9803921568627451,4.0,0
2023-02-17,0.13256453691236303,0.0,20.0,1.1197043564820715,0.4747619463532298,5,0.5881113368584526,0.016072002571568628,1.25,1e-06,0.19178600802396173,Utsuroi,0.4757230420653323,0.9803921568627451,4.0,0
2023-02-21,0.1527972027972028,0.5,1.8181818181818181,0.851412134490469,0.6581807799096987,3,0.29102903178695083,0.1767920282871665,0.75,1e-06,0.4581953684251494,Utsuroi,0.4757230420653323,0.9803921568627451,4.0,0
2023-02-22,0.14609882870752441,-1.0,0.9523809523809523,0.9018710400927319,0.46556393713806654,3,0.48199240787635655,0.33751205400260365,0.75,1e-06,0.2931600547468971,Utsuroi,0.4757230420653323,0.9803921568627451,4.0,0
2023-02-23,0.14177995917126354,-1.0,0.9523809523809523,0.9259387817787142,0.5627707151939699,3,0.404847551331274,0.33751205400260365,0.75,1e-06,0.5199442829427342,Utsuroi,0.4757230420653323,0.9803921568627451,4.0,0
2023-02-24,0.13157422287857068,0.0,20.0,0.7282159927925772,0.7440095292838247,3,0.18641635477801877,0.016072002571568628,0.75,1e-06,0.40442481494392357,Utsuroi,0.4757230420653323,0.9803921568627451,4.0,0
2023-02-27,0.12484834006573135,0.0,20.0,0.5278242927927741,0.7792747989760261,2,0.1165041231320219,0.016072002571568628,0.5,1e-06,0.5160203302824802,Utsuroi,0.4757230420653323,0.9803921568627451,4.0,0
2023-02-28,0.11625186407795106,-1.0,0.9523809523809523,0.8956134058907903,0.623747900446489,3,0.3369764243546807,0.33751205400260365,0.75,1e-06,0.5310355466708053,Utsuroi,0.4757230420653323,0.9803921568627451,4.0,0
2023-03-01,0.1108601543384152,-1.0,0.9523809523809523,0.6984998504552682,0.8038635055161035,4,0.13700131206582222,0.33751205400260365,1.0,1e-06,0.4746504478056558,Utsuroi,0.4757230420653323,0.9803921568627451,4.0,0
2023-03-02,0.12960734917256655,0.0,20.0,0.6652949174186753,0.6174578727379181,2,0.25450333296599115,0.016072002571568628,0.5,1e-06,0.5087181705738217,Utsuroi,0.4757230420653323,0.9803921568627451,4.0,0
2023-03-03,0.11981424372728722,1.0,0.9523809523809523,1.0666768001421718,0.4548425363507074,3,0.5815068188990498,0.33751205400260365,0.75,1e-06,0.4745461390582505,Utsuroi,0.4757230420653323,0.9803921568627451,4.0,0
2023-03-06,0.12858952641561336,1.0,0.9523809523809523,1.0699542858192155,0.4683057210723698,4,0.5688885724841753,0.33751205400260365,1.0,1e-06,0.2774157512532117,Utsuroi,0.4757230420653323,0.9803921568627451,4.0,0
2023-03-07,0.1545577610795002,1.0,0.9523809523809523,0.5185074286735996,0.7865381193542172,2,0.11068157085347562,0.33751205400260365,0.5,1e-06,0.4034079585839707,Utsuroi,0.4757230420653323,0.9803921568627451,4.0,0
2023-03-08,0.14300409735192346,1.0,0.9523809523809523,0.3875770043895165,0.8693729300567264,2,0.05062804846079381,0.33751205400260365,0.5,1e-06,0.9134273955937984,Utsuroi,0.4757230420653323,0.9803921568627451,4.0,0
2023-03-09,0.1497849976110846,1.0,0.9523809523809523,0.05120991701152919,0.9910306678153726,2,0.0004593187568236052,0.33751205400260365,0.5,1e-06,0.999211617547312,Utsuroi,0.4757230420653323,0.9803921568627451,4.0,0
2023-03-10,0.1352466374205505,0.0,20.0,0.973861948410781,0.5767979508913321,3,0.4121403721164023,0.016072002571568628,0.75,1e-06,0.1618686835366393,Utsuroi,0.4757230420653323,0.9803921568627451,4.0,0
2023-03-13,0.12962110353414702,1.0,0.9523809523809523,0.6710514892235554,0.6047197823135709,2,0.2652533787390894,0.33751205400260365,0.5,1e-06,0.9730340720791069,Utsuroi,0.4757230420653323,0.9803921568627451,4.0,0
2023-03-14,0.11696709088013435,0.0,20.0,0.40210581506575105,0.8615685759116068,2,0.05566408061377597,0.016072002571568628,0.5,1e-06,0.2756203439533773,Utsuroi,0.4757230420653323,0.9803921568627451,4.0,0
2023-03-15,0.08971970058926583,0.0,20.0,0.0,0.0,0,0.0,0.016072002571568628,0.0,1e-06,1.0,Utsuroi,0.4757230420653323,0.9803921568627451,4.0,0
2023-03-16,0.09835743966178752,2.0,0.48780487804878053,0.0,0.0,0,0.0,0.6589521054329958,0.0,1e-06,0.28944722976213066,Utsuroi,0.4757230420653323,0.9803921568627451,4.0,0
2023-03-17,0.10108080325471633,0.0,20.0,4.777167550310456e-11,0.9999999999512283,1,2.3299035991421823e-21,0.016072002571568628,0.25,1e-06,0.3180041709908481,Utsuroi,0.4757230420653323,0.9803921568627451,4.0,0
2023-03-20,0.10673384586428064,2.0,0.48780487804878053,0.686062629285626,0.5594466362147061,2,0.3022471990991656,0.6589521054329958,0.5,1e-06,0.2699320979167328,Utsuroi,0.4757230420653323,0.9803921568627451,4.0,0
2023-03-21,0.09711954711954715,1.5,0.6451612903225806,1.0196287078796518,0.4680622582046683,3,0.542378992339194,0.49823207971788014,0.75,1e-06,0.6462326801163699,Utsuroi,0.4757230420653323,0.9803921568627451,4.0,0
2023-03-22,0.10826057999971045,2.0,0.48780487804878053,0.6962947987155635,0.7575071027268726,3,0.16884654309674607,0.6589521054329958,0.75,1e-06,0.777845673848035,Utsuroi,0.4757230420653323,0.9803921568627451,4.0,0
2023-03-23,0.1100348926435883,2.0,0.48780487804878053,2.2617341330550642e-10,0.9999999997728266,1,5.1380581302060023e-20,0.6589521054329958,0.25,1e-06,0.7743123218648913,Utsuroi,0.4757230420653323,0.9803921568627451,4.0,0
2023-03-24,0.11630688152427282,2.0,0.48780487804878053,0.0,0.0,0,0.0,0.6589521054329958,0.0,1e-06,1.0,Utsuroi,0.4757230420653323,0.9803921568627451,4.0,0
2023-03-27,0.11066759327628893,2.0,0.48780487804878053,0.6920624113042129,0.5232849410321916,2,0.3299165732142915,0.6589521054329958,0.5,1e-06,0.4561804820136395,Utsuroi,0.4757230420653323,0.9803921568627451,4.0,0
2023-03-28,0.10659630224847617,2.0,0.48780487804878053,0.691997771268341,0.5239684046522719,2,0.32941280303394066,0.6589521054329958,0.5,1e-06,0.6584220283154385,Utsuroi,0.4757230420653323,0.9803921568627451,4.0,0
2023-03-29,0.10611489959316046,2.0,0.48780487804878053,0.6524200823294442,0.6417235369647626,2,0.23374675951015164,0.6589521054329958,0.5,1e-06,0.7502802355306385,Utsuroi,0.4757230420653323,0.9803921568627451,4.0,0
2023-03-30,0.11138282007847226,2.0,0.48780487804878053,0.6877452163286675,0.5519241279649244,2,0.3081620375444194,0.6589521054329958,0.5,1e-06,0.6781042658364012,Utsuroi,0.4757230420653323,0.9803921568627451,4.0,0
2023-03-31,0.12168483690222821,2.0,0.48780487804878053,0.3156090742662539,0.904265166591093,2,0.03021478214721917,0.6589521054329958,0.5,1e-06,0.9666828734186487,Utsuroi,0.4757230420653323,0.9803921568627451,4.0,0
2023-04-03,0.1276817385513038,1.0,0.9523809523809523,0.690973751438622,0.5329534070009442,2,0.3227169364611849,0.33751205400260365,0.5,1e-06,0.7905600034495268,Utsuroi,0.4757230420653323,0.9803921568627451,4.0,0
2023-04-04,0.11425748164878598,1.0,0.9523809523809523,0.619639193882406,0.6893256103775254,2,0.19250602834557867,0.33751205400260365,0.5,1e-06,0.686262344594692,Utsuroi,0.4757230420653323,0.9803921568627451,4.0,0
2023-04-05,0.11156162677901808,0.5,1.8181818181818181,0.6095715662504709,0.7015192238840268,2,0.18194539419266997,0.1767920282871665,0.5,1e-06,0.5773482162799803,Utsuroi,0.4757230420653323,0.9803921568627451,4.0,0
2023-04-06,0.1047394634351156,0.5,1.8181818181818181,0.5406658603009399,0.7688469293749591,2,0.12497657379069163,0.1767920282871665,0.5,1e-06,0.7415874956773549,Utsuroi,0.4757230420653323,0.9803921568627451,4.0,0
2023-04-10,0.09766972158276509,1.0,0.9523809523809523,0.6393874044968145,0.6624642560503458,2,0.2158161032488708,0.33751205400260365,0.5,1e-06,0.2661614749560066,Utsuroi,0.4757230420653323,0.9803921568627451,4.0,0
2023-04-11,0.06941826289652377,1.0,0.9523809523809523,0.8319797743712651,0.5423032311384218,3,0.3807944544879129,0.33751205400260365,0.75,1e-06,0.1406089253187155,Utsuroi,0.4757230420653323,0.9803921568627451,4.0,0
2023-04-12,0.06679117983465808,2.0,0.48780487804878053,0.9784888400119252,0.488504131758214,3,0.5004929987867978,0.6589521054329958,0.75,1e-06,0.18856294021639852,Utsuroi,0.4757230420653323,0.9803921568627451,4.0,0
2023-04-13,0.07065615543876413,1.0,0.9523809523809523,0.6698073310554683,0.607605049995948,2,0.262829014181858,0.33751205400260365,0.5,1e-06,0.042394273101711955,Utsuroi,0.4757230420653323,0.9803921568627451,4.0,0
2023-04-14,0.08867436910915173,1.0,0.9523809523809523,0.6879459925127952,0.5509517630777861,2,0.3089209350355732,0.33751205400260365,0.5,1e-06,0.5315427220910833,Utsuroi,0.4757230420653323,0.9803921568627451,4.0,0
2023-04-17,0.07842736973171757,1.0,0.9523809523809523,0.5028575457378768,0.79822189237527,2,0.1014656439838049,0.33751205400260365,0.5,1e-06,0.8284251693314273,Utsuroi,0.4757230420653323,0.9803921568627451,4.0,0
2023-04-18,0.07826231739275216,2.0,0.48780487804878053,0.9326414109339014,0.6125851518454197,3,0.3613191305996309,0.6589521054329958,0.75,1e-06,0.03055114446455398,Utsuroi,0.4757230420653323,0.9803921568627451,4.0,0
2023-04-19,0.08729893295110688,1.0,0.9523809523809523,1.150219641471004,0.4309551406052488,4,0.6545265741539487,0.33751205400260365,1.0,1e-06,0.6743112242079619,Utsuroi,0.4757230420653323,0.9803921568627451,4.0,0
2023-04-20,0.09511141032880162,1.0,0.9523809523809523,0.4300491879891296,0.845727470061158,2,0.06634477622922769,0.33751205400260365,0.5,1e-06,0.5107592202873021,Utsuroi,0.4757230420653323,0.9803921568627451,4.0,0
2023-04-21,0.11179545092588572,2.0,0.48780487804878053,0.0,0.0,0,0.0,0.6589521054329958,0.0,1e-06,0.31042064324070195,Utsuroi,0.4757230420653323,0.9803921568627451,4.0,0
2023-04-24,0.11022745370571457,2.0,0.48780487804878053,0.2693514440004682,0.9388558067189086,3,0.016469276752505705,0.6589521054329958,0.75,1e-06,0.39695735051874814,Utsuroi,0.4757230420653323,0.9803921568627451,4.0,0
2023-04-25,0.12956608608782524,0.0,20.0,0.6645424665662518,0.6190187221214952,2,0.2531782381169442,0.016072002571568628,0.5,1e-06,0.4787382566225875,Utsuroi,0.4757230420653323,0.9803921568627451,4.0,0
2023-04-26,0.18212150168671912,0.0,20.0,0.6894072524276476,0.5432161049157671,2,0.31491013006321983,0.016072002571568628,0.5,1e-06,0.6587215387796558,Utsuroi,0.4757230420653323,0.9803921568627451,4.0,0
2023-04-27,0.19648105517670736,0.0,20.0,1.0660450299713838e-10,0.9999999998923955,1,1.1471122204606162e-20,0.016072002571568628,0.25,1e-06,0.860105341928472,Utsuroi,0.4757230420653323,0.9803921568627451,4.0,0
2023-04-28,0.21355021789804404,2.0,0.48780487804878053,0.0,0.0,0,0.0,0.6589521054329958,0.0,1e-06,0.3016366509891365,Utsuroi,0.4757230420653323,0.9803921568627451,4.0,0
2023-05-01,0.2125599038642517,1.0,0.9523809523809523,1.812061611853966e-11,0.9999999999808794,1,3.4647694377812405e-22,0.33751205400260365,0.25,1e-06,0.41080050207220953,Utsuroi,0.4757230420653323,0.9803921568627451,4.0,0
2023-05-02,0.2097265053786793,1.0,0.9523809523809523,0.6694597103094593,0.6083970455755581,2,0.2621624004253153,0.33751205400260365,0.5,1e-06,0.28420544440344275,Utsuroi,0.4757230420653323,0.9803921568627451,4.0,0
2023-05-03,0.19683866857779903,1.0,0.9523809523809523,0.0,0.0,0,0.0,0.33751205400260365,0.0,1e-06,1.0,Utsuroi,0.4757230420653323,0.9803921568627451,4.0,0
2023-05-04,0.182671676149937,2.0,0.48780487804878053,0.0,0.0,0,0.0,0.6589521054329958,0.0,1e-06,0.0023150941622109844,Utsuroi,0.4757230420653323,0.9803921568627451,4.0,0
2023-05-05,0.18862731471427122,2.0,0.48780487804878053,0.0,0.0,0,0.0,0.6589521054329958,0.0,1e-06,1.0,Utsuroi,0.4757230420653323,0.9803921568627451,4.0,0
2023-05-08,0.18715559802516327,2.0,0.48780487804878053,0.0,0.0,0,0.0,0.6589521054329958,0.0,1e-06,1.0,Utsuroi,0.4757230420653323,0.9803921568627451,4.0,0
2023-05-09,0.1921346769172856,1.5,0.6451612903225806,0.0,0.0,0,0.0,0.49823207971788014,0.0,1e-06,0.0025064084841384116,Utsuroi,0.4757230420653323,0.9803921568627451,4.0,0
2023-05-10,0.19047039916605135,1.0,0.9523809523809523,0.0,0.0,0,0.0,0.33751205400260365,0.0,1e-06,0.010810494250987901,Utsuroi,0.4757230420653323,0.9803921568627451,4.0,0
2023-05-11,0.20444483053178708,1.5,0.6451612903225806,0.0,0.0,0,0.0,0.49823207971788014,0.0,1e-06,0.0049765267620781595,Utsuroi,0.4757230420653323,0.9803921568627451,4.0,0
2023-05-12,0.2119684663162924,2.0,0.48780487804878053,0.0,0.0,0,0.0,0.6589521054329958,0.0,1e-06,0.0014336716104254021,Utsuroi,0.4757230420653323,0.9803921568627451,4.0,0
2023-05-15,0.22038613560352693,2.0,0.48780487804878053,0.6802291996000329,0.580194325452014,2,0.28556407798532846,0.6589521054329958,0.5,1e-06,0.4761190187595322,Utsuroi,0.4757230420653323,0.9803921568627451,4.0,0
2023-05-16,0.23601109035891651,3.0,0.3278688524590164,1.8808177237676635e-11,0.9999999999801918,1,3.7255529217598163e-22,0.9803921568627451,0.25,1e-06,0.32774286744896963,Katashi,0.4757230420653323,0.9803921568627451,4.0,0
2023-05-17,0.262584516932343,1.5,0.6451612903225806,0.47980023028333474,0.8143860802180374,2,0.08905760145517809,0.49823207971788014,0.5,1e-06,0.4221804695690641,Utsuroi,0.4757230420653323,0.9803921568627451,4.0,0
2023-05-18,0.24767478897913678,3.0,0.3278688524590164,0.5324033704537405,0.7756140131600833,2,0.11946385567616033,0.9803921568627451,0.5,1e-06,0.05389740316132341,Katashi,0.4757230420653323,0.9803921568627451,4.0,0
2023-05-19,0.2507832746963182,3.0,0.3278688524590164,2.708588908678111e-11,0.9999999999719141,1,7.607306775324009e-22,0.9803921568627451,0.25,1e-06,0.8559378497365376,Katashi,0.4757230420653323,0.9803921568627451,4.0,0
2023-05-22,0.24419493549928334,3.0,0.3278688524590164,1.2250767066693878e-10,0.9999999998764924,1,1.513063433375998e-20,0.9803921568627451,0.25,1e-06,1.0,Katashi,0.4757230420653323,0.9803921568627451,4.0,0
2023-05-23,0.22643805469892428,1.5,0.6451612903225806,0.6196235505633443,0.6893452377778241,2,0.19248900676751612,0.49823207971788014,0.5,1e-06,0.5147806468253795,Utsuroi,0.4757230420653323,0.9803921568627451,4.0,0
2023-05-24,0.21674122978470806,1.0,0.9523809523809523,0.662730721132172,0.6226922951317867,2,0.2500534073360357,0.33751205400260365,0.5,1e-06,0.48693032792374047,Utsuroi,0.4757230420653323,0.9803921568627451,4.0,0
2023-05-25,0.21800663105010934,1.0,0.9523809523809523,0.4317850868576347,0.8447048882391934,2,0.06705411332020596,0.33751205400260365,0.5,1e-06,0.8856619447839468,Utsuroi,0.4757230420653323,0.9803921568627451,4.0,0
2023-05-26,0.191625765538809,0.0,20.0,0.0,0.0,0,0.0,0.016072002571568628,0.0,1e-06,0.22435190225507307,Utsuroi,0.4757230420653323,0.9803921568627451,4.0,0
2023-05-30,0.18469356730226294,1.0,0.9523809523809523,2.2794099940598972e-11,0.9999999999762059,1,5.4236458780435485e-22,0.33751205400260365,0.25,1e-06,0.5483225835021521,Utsuroi,0.4757230420653323,0.9803921568627451,4.0,0
2023-05-31,0.1589729111468242,1.0,0.9523809523809523,4.533629027640263e-11,0.9999999999536637,1,2.100714503434564e-21,0.33751205400260365,0.25,1e-06,1.0,Utsuroi,0.4757230420653323,0.9803921568627451,4.0,0
2023-06-01,0.17550565376652338,2.0,0.48780487804878053,0.0,0.0,0,0.0,0.6589521054329958,0.0,1e-06,0.11339200133282112,Utsuroi,0.4757230420653323,0.9803921568627451,4.0,0
2023-06-02,0.18810464897421417,2.0,0.48780487804878053,0.0,0.0,0,0.0,0.6589521054329958,0.0,1e-06,1.0,Utsuroi,0.4757230420653323,0.9803921568627451,4.0,0
2023-06-05,0.18784331610418567,1.0,0.9523809523809523,0.0,0.0,0,0.0,0.33751205400260365,0.0,1e-06,0.008790123180697273,Utsuroi,0.4757230420653323,0.9803921568627451,4.0,0
2023-06-06,0.20422476074649992,2.0,0.48780487804878053,0.0,0.0,0,0.0,0.6589521054329958,0.0,1e-06,0.0023150941622109844,Utsuroi,0.4757230420653323,0.9803921568627451,4.0,0
2023-06-07,0.1997683475944346,2.0,0.48780487804878053,0.0,0.0,0,0.0,0.6589521054329958,0.0,1e-06,1.0,Utsuroi,0.4757230420653323,0.9803921568627451,4.0,0
2023-06-08,0.20898376985333508,2.5,0.3921568627450981,8.839657890639058e-10,0.9999999991150342,1,7.822794628157386e-19,0.8196721311479507,0.25,1e-06,0.1760271593896371,Utsuroi,0.4757230420653323,0.9803921568627451,4.0,0
2023-06-09,0.21075808249721292,3.0,0.3278688524590164,0.0,0.0,0,0.0,0.9803921568627451,0.0,1e-06,0.3046367210687929,Katashi,0.4757230420653323,0.9803921568627451,4.0,0
2023-06-12,0.2121885361015796,3.0,0.3278688524590164,0.0,0.0,0,0.0,0.9803921568627451,0.0,1e-06,1.0,Katashi,0.4757230420653323,0.9803921568627451,4.0,0
2023-06-13,0.19566954784346088,2.0,0.48780487804878053,0.0,0.0,0,0.0,0.6589521054329958,0.0,1e-06,0.0007433585375702378,Utsuroi,0.4757230420653323,0.9803921568627451,4.0,0
2023-06-14,0.20121255556038167,3.0,0.3278688524590164,7.952584143594121e-10,0.9999999992037416,1,6.33231186683429e-19,0.9803921568627451,0.25,1e-06,0.047650294526058734,Katashi,0.4757230420653323,0.9803921568627451,4.0,0
2023-06-15,0.2283499109586066,3.0,0.3278688524590164,2.476274740781552e-11,0.9999999999742373,1,6.379558588047275e-22,0.9803921568627451,0.25,1e-06,1.0,Katashi,0.4757230420653323,0.9803921568627451,4.0,0
2023-06-16,0.1933863238211065,3.0,0.3278688524590164,0.0,0.0,0,0.0,0.9803921568627451,0.0,1e-06,1.0,Katashi,0.4757230420653323,0.9803921568627451,4.0,0
2023-06-20,0.1956420391203,3.0,0.3278688524590164,9.387346455274812e-11,0.9999999999051266,1,8.906098735468724e-21,0.9803921568627451,0.25,1e-06,0.8330327624198453,Katashi,0.4757230420653323,0.9803921568627451,4.0,0
2023-06-21,0.19700372091676444,2.0,0.48780487804878053,1.6149548363942757e-10,0.9999999998375045,1,2.62422831491462e-20,0.6589521054329958,0.25,1e-06,0.031012979416438435,Utsuroi,0.4757230420653323,0.9803921568627451,4.0,0
2023-06-22,0.21912073433812568,2.5,0.3921568627450981,0.0,0.0,0,0.0,0.8196721311479507,0.0,1e-06,0.30480980539549896,Utsuroi,0.4757230420653323,0.9803921568627451,4.0,0
2023-06-23,0.20852987592118033,3.0,0.3278688524590164,7.545852831177557e-11,0.9999999999235415,1,5.76944635423889e-21,0.9803921568627451,0.25,1e-06,0.19443493226668274,Katashi,0.4757230420653323,0.9803921568627451,4.0,0
2023-06-26,0.20698938742417006,2.0,0.48780487804878053,7.447420457821767e-11,0.9999999999245258,1,5.6208797048510036e-21,0.6589521054329958,0.25,1e-06,0.031012979416438435,Utsuroi,0.4757230420653323,0.9803921568627451,4.0,0
2023-06-27,0.20796594709638191,2.0,0.48780487804878053,2.015254629634014e-10,0.9999999997974746,1,4.0814033231619617e-20,0.6589521054329958,0.25,1e-06,1.0,Utsuroi,0.4757230420653323,0.9803921568627451,4.0,0
2023-06-28,0.1826854305115175,2.0,0.48780487804878053,0.0,0.0,0,0.0,0.6589521054329958,0.0,1e-06,1.0,Utsuroi,0.4757230420653323,0.9803921568627451,4.0,0
2023-06-29,0.16758314149618497,2.0,0.48780487804878053,5.5832116706062516e-11,0.9999999999431679,1,3.173056137573126e-21,0.6589521054329958,0.25,1e-06,0.7557323928055285,Utsuroi,0.4757230420653323,0.9803921568627451,4.0,0
2023-06-30,0.18477609347174564,1.0,0.9523809523809523,8.048117727769789e-12,0.9999999999909519,1,7.282013864992967e-23,0.33751205400260365,0.25,1e-06,0.10991784958038486,Utsuroi,0.4757230420653323,0.9803921568627451,4.0,0
2023-07-03,0.18327686805947677,1.5,0.6451612903225806,9.596656802501747e-12,0.9999999999894034,1,1.016922662934829e-22,0.49823207971788014,0.25,1e-06,0.05593594163333937,Utsuroi,0.4757230420653323,0.9803921568627451,4.0,0
2023-07-05,0.1679407548972767,2.0,0.48780487804878053,8.489875469264043e-12,0.9999999999905101,1,8.056767314260445e-23,0.6589521054329958,0.25,1e-06,0.031682381429876116,Utsuroi,0.4757230420653323,0.9803921568627451,4.0,0
2023-07-06,0.18727938727938728,2.0,0.48780487804878053,0.09413707859518844,0.9809960134468618,2,0.0017889797757746726,0.6589521054329958,0.5,1e-06,0.5500770700825317,Utsuroi,0.4757230420653323,0.9803921568627451,4.0,0
2023-07-07,0.17311239485152533,0.0,20.0,0.6929489806675815,0.5099545669124368,2,0.33957648333883045,0.016072002571568628,0.5,1e-06,0.3674534847925893,Utsuroi,0.4757230420653323,0.9803921568627451,4.0,0
2023-07-10,0.161572485485529,0.5,1.8181818181818181,0.6730057842523696,0.6000145075801686,2,0.26919255001557885,0.1767920282871665,0.5,1e-06,0.937489853273499,Utsuroi,0.4757230420653323,0.9803921568627451,4.0,0
2023-07-11,0.20357830575221883,0.0,20.0,0.26189172758836754,0.9267791444155047,2,0.019175936364521848,0.016072002571568628,0.5,1e-06,0.2111037417831726,Utsuroi,0.4757230420653323,0.9803921568627451,4.0,0
2023-07-12,0.1804572239354848,1.0,0.9523809523809523,0.0,0.0,0,0.0,0.33751205400260365,0.0,1e-06,0.6434663234002571,Utsuroi,0.4757230420653323,0.9803921568627451,4.0,0
2023-07-13,0.17803645629732587,2.0,0.48780487804878053,3.426847694436604e-11,0.9999999999647315,1,1.2085962309745522e-21,0.6589521054329958,0.25,1e-06,0.02823879611489266,Utsuroi,0.4757230420653323,0.9803921568627451,4.0,0
2023-07-14,0.19345509562900867,1.0,0.9523809523809523,0.0,0.0,0,0.0,0.33751205400260365,0.0,1e-06,0.11914613521397,Utsuroi,0.4757230420653323,0.9803921568627451,4.0,0
2023-07-17,0.20235416757155886,2.0,0.48780487804878053,8.78352945892739e-11,0.9999999999111647,1,7.802872327452542e-21,0.6589521054329958,0.25,1e-06,0.02823879611489266,Utsuroi,0.4757230420653323,0.9803921568627451,4.0,0
2023-07-18,0.18179139700878832,3.0,0.3278688524590164,1.0236034242376395e-11,0.999999999988764,1,1.1501220481543485e-22,0.9803921568627451,0.25,1e-06,0.01436873413917017,Katashi,0.4757230420653323,0.9803921568627451,4.0,0
2023-07-19,0.15175187131708873,3.0,0.3278688524590164,0.398646890661977,0.8634522072330857,2,0.054434353013286384,0.9803921568627451,0.5,1e-06,0.6793144592426473,Katashi,0.4757230420653323,0.9803921568627451,4.0,0
2023-07-20,0.14444830531787056,4.0,0.2469135802469136,0.5170355306762064,0.7876638198513636,2,0.1097853495849088,1.3018322082918514,0.5,0.2414410214291064,0.033400451239740114,Katashi,0.4757230420653323,0.9803921568627451,4.0,0
2023-07-21,0.12354167571558879,3.5,0.28169014084507044,3.0386360094288635e-11,0.9999999999686137,1,9.537165676904636e-22,1.1411121825773787,0.25,0.31491781650086687,0.2616665423518796,Katashi,0.4757230420653323,0.9803921568627451,4.0,0
2023-07-24,0.1284794915229698,2.0,0.48780487804878053,0.5884716656506643,0.7246872980278278,2,0.1620137243043491,0.6589521054329958,0.5,0.30547028200584087,0.37944921966682743,Utsuroi,0.4757230420653323,0.9803921568627451,4.0,0
2023-07-25,0.09472628820454909,2.0,0.48780487804878053,0.19241257518689903,0.9607547439661872,3,0.0075512807773351065,0.6589521054329958,0.75,0.29630617354566563,0.523928358492154,Utsuroi,0.4757230420653323,0.9803921568627451,4.0,0
2023-07-26,0.09438242916503788,4.0,0.2469135802469136,1.4351519972304676e-11,0.9999999999846485,1,2.2031732800914046e-22,1.3018322082918514,0.25,0.528857039768402,0.17687174931657157,Katashi,0.4757230420653323,0.9803921568627451,4.0,0
2023-07-27,0.14175245044810264,2.0,0.48780487804878053,6.276090758002787e-11,0.9999999999362391,1,4.00169103959714e-21,0.6589521054329958,0.25,0.51299132857535,0.03087701359899997,Utsuroi,0.4757230420653323,0.9803921568627451,4.0,0
2023-07-28,0.15970189231058798,2.0,0.48780487804878053,1.5192958002654813e-11,0.9999999999838071,1,2.4601859478070726e-22,0.6589521054329958,0.25,0.4976015887180895,1.0,Utsuroi,0.4757230420653323,0.9803921568627451,4.0,0
2023-07-31,0.16030708422012774,2.0,0.48780487804878053,0.5779023915573549,0.7353131086541497,2,0.15296318752264865,0.6589521054329958,0.5,0.4826735410565468,0.5452495728378789,Utsuroi,0.4757230420653323,0.9803921568627451,4.0,0
2023-08-01,0.16499732151906069,2.0,0.48780487804878053,0.0,0.0,0,0.0,0.6589521054329958,0.0,0.46819333482485037,1.0,Utsuroi,0.4757230420653323,0.9803921568627451,4.0,0
2023-08-02,0.18401960358482097,3.0,0.3278688524590164,0.0,0.0,0,0.0,0.9803921568627451,0.0,0.45414753478010483,0.0003358935662117757,Katashi,0.4757230420653323,0.9803921568627451,4.0,0
2023-08-03,0.17652347652347658,3.0,0.3278688524590164,7.754841213316798e-11,0.9999999999214516,1,6.0913029212437665e-21,0.9803921568627451,0.25,0.4405231087367017,0.8330327624198453,Katashi,0.4757230420653323,0.9803921568627451,4.0,0
2023-08-04,0.17296109687414035,1.5,0.6451612903225806,0.0,0.0,0,0.0,0.49823207971788014,0.0,0.42730741547460066,0.056215902454277544,Utsuroi,0.4757230420653323,0.9803921568627451,4.0,0
2023-08-07,0.14776310645875862,3.0,0.3278688524590164,0.5773717746015536,0.735831754351393,2,0.15252328878351537,0.9803921568627451,0.5,0.4144881930103626,0.0412510417771178,Katashi,0.4757230420653323,0.9803921568627451,4.0,0
2023-08-08,0.1469653534870926,1.0,0.9523809523809523,0.6931134062838318,0.5041093732295917,2,0.34370844146506196,0.33751205400260365,0.5,0.4020535472200517,0.5258354447556172,Utsuroi,0.4757230420653323,0.9803921568627451,4.0,0
2023-08-09,0.14322416713721062,2.0,0.48780487804878053,0.9124524786344481,0.5727197208696029,3,0.3898729497641497,0.6589521054329958,0.75,0.3899919408034501,0.049523031100881965,Utsuroi,0.4757230420653323,0.9803921568627451,4.0,0
2023-08-10,0.12764047546656243,0.5,1.8181818181818181,0.6550799876568341,0.6370796244979235,2,0.23774187510431383,0.1767920282871665,0.5,0.3782921825793466,0.2790085270558381,Utsuroi,0.4757230420653323,0.9803921568627451,4.0,0
2023-08-11,0.13894656068569114,0.5,1.8181818181818181,0.5168497803508023,0.787805470827825,2,0.10967269579428054,0.1767920282871665,0.5,0.3669434171019662,0.7714700487718676,Utsuroi,0.4757230420653323,0.9803921568627451,4.0,0
2023-08-14,0.14283904501295808,2.0,0.48780487804878053,1.3468226533926072e-11,0.9999999999855318,1,1.9486105456414136e-22,0.6589521054329958,0.25,0.3559351145889072,0.1798677217842587,Utsuroi,0.4757230420653323,0.9803921568627451,4.0,0
2023-08-15,0.16751436968828276,1.0,0.9523809523809523,9.919398635756808e-12,0.9999999999890806,1,1.0831364849723682e-22,0.33751205400260365,0.25,0.34525706115124,0.10991784958038486,Utsuroi,0.4757230420653323,0.9803921568627451,4.0,0
2023-08-16,0.17652347652347652,2.0,0.48780487804878053,0.9292080049744833,0.4933792964644939,3,0.4707560132109968,0.6589521054329958,0.75,0.3348993493167028,0.04220192091505148,Utsuroi,0.4757230420653323,0.9803921568627451,4.0,0
2023-08-17,0.1800858561728127,2.0,0.48780487804878053,0.38759665055722126,0.8693625647673776,2,0.05063463233355037,0.6589521054329958,0.5,0.3248523688372017,0.7536754813409763,Utsuroi,0.4757230420653323,0.9803921568627451,4.0,0
2023-08-18,0.19044289044289048,1.0,0.9523809523809523,0.470689333833965,0.8204638933347955,2,0.08450573044538878,0.33751205400260365,0.5,0.31510679777208567,0.31424476001208657,Utsuroi,0.4757230420653323,0.9803921568627451,4.0,0
2023-08-21,0.19257481648785996,0.0,20.0,1.0581967889294936,0.4037139926062421,3,0.630987938307663,0.016072002571568628,0.75,0.3056535938389231,0.1369301281965154,Utsuroi,0.4757230420653323,0.9803921568627451,4.0,0
2023-08-22,0.19653607262302916,0.0,20.0,1.0667182945514808,0.4167581325936195,3,0.6221547701107552,0.016072002571568628,0.75,0.2964839860237554,0.46398412939489964,Utsuroi,0.4757230420653323,0.9803921568627451,4.0,0
2023-08-23,0.1934413412674282,0.0,20.0,0.9243841079573089,0.6484092753404923,4,0.3250048783804428,0.016072002571568628,1.0,0.28758946644304273,0.8338943773399974,Utsuroi,0.4757230420653323,0.9803921568627451,4.0,0
2023-08-24,0.20001592610288266,0.5,1.8181818181818181,0.778925619206392,0.7201687963774169,3,0.2179676935549905,0.1767920282871665,0.75,0.27896178244975145,0.7059214674702221,Utsuroi,0.4757230420653323,0.9803921568627451,4.0,0
2023-08-25,0.20452735670126976,0.0,20.0,7.805311952286434e-12,0.9999999999911947,1,6.87280339581641e-23,0.016072002571568628,0.25,0.2705929289762589,0.34509581033074965,Utsuroi,0.4757230420653323,0.9803921568627451,4.0,0
2023-08-28,0.18356570965266616,1.0,0.9523809523809523,0.6555976303704214,0.6361564420268138,2,0.23853497443276395,0.33751205400260365,0.5,0.2624751411069711,0.5033251427618914,Utsuroi,0.4757230420653323,0.9803921568627451,4.0,0
2023-08-29,0.15728112467242902,2.0,0.48780487804878053,1.5039636202956548e-11,0.9999999999839604,1,2.412299606195421e-22,0.6589521054329958,0.25,0.254600886873762,0.34108237820336795,Utsuroi,0.4757230420653323,0.9803921568627451,4.0,0
2023-08-30,0.1633467981294068,1.0,0.9523809523809523,1.7504331317581824e-11,0.9999999999814957,1,3.2390555897032746e-22,0.33751205400260365,0.25,0.2469628602675491,0.10991784958038486,Utsuroi,0.4757230420653323,0.9803921568627451,4.0,0
2023-08-31,0.17078790774442953,0.0,20.0,0.5099934114337299,0.7929711564027264,2,0.10558334621135367,0.016072002571568628,0.5,0.23955397445952262,0.1427338015703299,Utsuroi,0.4757230420653323,0.9803921568627451,4.0,0
2023-09-01,0.13773617686661163,1.0,0.9523809523809523,5.269584768397224e-11,0.9999999999463042,1,2.8295470451695212e-21,0.33751205400260365,0.25,0.23236735522573693,0.7603905290662756,Utsuroi,0.4757230420653323,0.9803921568627451,4.0,0
2023-09-05,0.16472223428745172,2.0,0.48780487804878053,0.5367513890453112,0.7720795284058838,2,0.12233662972000427,0.6589521054329958,0.5,0.22539633456896482,0.010807866881206385,Utsuroi,0.4757230420653323,0.9803921568627451,4.0,0
2023-09-06,0.19489930359495575,1.0,0.9523809523809523,2.026145917688112e-11,0.9999999999787386,1,4.3078773893954155e-22,0.33751205400260365,0.25,0.21863444453189587,0.04279552797780739,Utsuroi,0.4757230420653323,0.9803921568627451,4.0,0
2023-09-07,0.2029180963963573,2.0,0.48780487804878053,1.6606271912978753e-11,0.9999999999823938,1,2.9237417140403173e-22,0.6589521054329958,0.25,0.21207541119593898,0.032537103807382395,Utsuroi,0.4757230420653323,0.9803921568627451,4.0,0
2023-09-08,0.20333072724377071,2.0,0.48780487804878053,0.5892214775919461,0.7239110054832825,2,0.16267756529601501,0.6589521054329958,0.5,0.2057131488600608,0.5436533528330588,Utsuroi,0.4757230420653323,0.9803921568627451,4.0,0
2023-09-11,0.19133692394561963,2.0,0.48780487804878053,0.0,0.0,0,0.0,0.6589521054329958,0.0,0.19954175439425897,1.0,Utsuroi,0.4757230420653323,0.9803921568627451,4.0,0
2023-09-12,0.1729473425125599,1.0,0.9523809523809523,0.5683767635718223,0.7444256251341355,2,0.14526253603815178,0.33751205400260365,0.5,0.1935555017624312,0.9305839073349816,Utsuroi,0.4757230420653323,0.9803921568627451,4.0,0
2023-09-13,0.1675693871346045,1.0,0.9523809523809523,1.943833982644119e-11,0.9999999999795617,1,3.972869650291879e-22,0.33751205400260365,0.25,0.18774883670955825,0.6416036268627661,Utsuroi,0.4757230420653323,0.9803921568627451,4.0,0
2023-09-14,0.1732361841057493,0.0,20.0,1.375172555078768,0.5018112116522423,5,0.6850955489837814,0.016072002571568628,1.25,0.1821163716082715,0.05251629958129844,Utsuroi,0.4757230420653323,0.9803921568627451,4.0,0
2023-09-15,0.10919587658718094,0.0,20.0,0.9259892903062837,0.5762929808884069,3,0.39234816192493516,0.016072002571568628,0.75,0.17665288046002334,0.3124393075791787,Utsuroi,0.4757230420653323,0.9803921568627451,4.0,0
2023-09-18,0.09771098466750641,2.0,0.48780487804878053,0.6492109101144853,0.7911053242337188,3,0.13561670257229771,0.6589521054329958,0.75,0.17135329404622263,0.4836287201043631,Utsuroi,0.4757230420653323,0.9803921568627451,4.0,0
2023-09-19,0.11522028695941741,-0.5,1.8181818181818181,0.2335352996606978,0.9487376402899212,3,0.011971570536207723,0.1767920282871665,0.75,0.16621269522483595,0.6808383294818704,Utsuroi,0.4757230420653323,0.9803921568627451,4.0,0
2023-09-20,0.10447813056508708,0.0,20.0,0.4315904716905109,0.8448197665790613,2,0.0669743101391865,0.016072002571568628,0.5,0.16122631436809087,0.31488291255926504,Utsuroi,0.4757230420653323,0.9803921568627451,4.0,0
2023-09-21,0.15138050355441662,0.5,1.8181818181818181,1.7627788117917854e-11,0.9999999999813722,1,3.283663120941781e-22,0.1767920282871665,0.25,0.15638952493704814,0.7957753238756886,Utsuroi,0.4757230420653323,0.9803921568627451,4.0,0
2023-09-22,0.1493586124020907,1.0,0.9523809523809523,0.5399107103497052,0.7694743502079491,2,0.12446326733305357,0.33751205400260365,0.5,0.1516978391889367,0.034563474157048746,Utsuroi,0.4757230420653323,0.9803921568627451,4.0,0
2023-09-25,0.1482307547524939,-1.0,0.9523809523809523,0.6365265150049817,0.6666488530952743,2,0.21218684381217873,0.33751205400260365,0.5,0.1471469040132686,0.6577882406777915,Utsuroi,0.4757230420653323,0.9803921568627451,4.0,0
2023-09-26,0.15374625374625375,1.0,0.9523809523809523,0.33036239593664113,0.8975825595386602,2,0.033834871016506514,0.33751205400260365,0.5,0.14273249689287054,0.9420229259972954,Utsuroi,0.4757230420653323,0.9803921568627451,4.0,0
2023-09-27,0.14880843793887275,1.0,0.9523809523809523,0.22963798149193368,0.9390264272925453,2,0.014001848160891563,0.33751205400260365,0.5,0.13845052198608443,0.9759739220083359,Utsuroi,0.4757230420653323,0.9803921568627451,4.0,0
2023-09-28,0.14426949861732472,0.0,20.0,0.6611634554801804,0.6257800785923917,2,0.24742053634737585,0.016072002571568628,0.5,0.1342970063265019,0.21757855247937619,Utsuroi,0.4757230420653323,0.9803921568627451,4.0,0
2023-09-29,0.15140801227757753,-1.0,0.9523809523809523,1.079267145524182,0.3981212778213832,3,0.649587930437458,0.33751205400260365,0.75,0.13026809613670684,0.4369561079478754,Utsuroi,0.4757230420653323,0.9803921568627451,4.0,0
2023-10-02,0.15117418813070987,0.0,20.0,0.8119874876130058,0.6635417186509819,3,0.2731999145591791,0.016072002571568628,0.75,0.12636005325260563,0.5171934679147183,Utsuroi,0.4757230420653323,0.9803921568627451,4.0,0
2023-10-03,0.14860212251516602,0.0,20.0,1.0308707860586712,0.5516678956108013,4,0.4621724688670315,0.016072002571568628,1.0,0.12256925165502745,0.24615773848959566,Utsuroi,0.4757230420653323,0.9803921568627451,4.0,0
2023-10-04,0.12325283412239933,1.0,0.9523809523809523,1.1975754036461752,0.5239004234846799,4,0.5701651425211075,0.33751205400260365,1.0,0.11889217410537663,0.7796728630986435,Utsuroi,0.4757230420653323,0.9803921568627451,4.0,0
2023-10-05,0.11019994498255369,0.0,20.0,1.4156133177352634,0.4277773926969235,6,0.8100459436074309,0.016072002571568628,1.5,0.11532540888221532,0.21292706201880818,Utsuroi,0.4757230420653323,0.9803921568627451,4.0,0
2023-10-06,0.12945605119518164,1.0,0.9523809523809523,1.602388418383764,0.22370384743218152,5,1.2439279641105478,0.33751205400260365,1.25,0.11186564661574885,0.7052175303398005,Utsuroi,0.4757230420653323,0.9803921568627451,4.0,0
2023-10-09,0.1836757445453098,1.5,0.6451612903225806,1.1809256814312081,0.36902666220281954,4,0.7451326189030592,0.49823207971788014,1.0,0.10850967721727639,0.4241560584908627,Utsuroi,0.4757230420653323,0.9803921568627451,4.0,0
2023-10-10,0.18334563986737898,1.0,0.9523809523809523,1.2566708849130142,0.48108626887090333,4,0.6521037776915158,0.33751205400260365,1.0,0.1052543869007581,0.42171320916797417,Utsuroi,0.4757230420653323,0.9803921568627451,4.0,0
2023-10-11,0.18895741939220204,2.0,0.48780487804878053,1.0616065390613842,0.6074192708626623,4,0.41676626916168374,0.6589521054329958,1.0,0.10209675529373535,0.6068222085761807,Utsuroi,0.4757230420653323,0.9803921568627451,4.0,0
2023-10-12,0.19840666579797014,2.0,0.48780487804878053,1.1702328341555635,0.3730771626428847,4,0.7336456887572643,0.6589521054329958,1.0,0.09903385263492329,0.46187254531845934,Utsuroi,0.4757230420653323,0.9803921568627451,4.0,0
2023-10-13,0.20124006428354255,0.0,20.0,0.6486187269884081,0.6480937104491501,2,0.22825300954768638,0.016072002571568628,0.5,0.09606283705587558,0.7586072001322139,Utsuroi,0.4757230420653323,0.9803921568627451,4.0,0
2023-10-16,0.18253413253413256,0.0,20.0,1.2769223943636898,0.4485223962063552,4,0.7041941022741313,0.016072002571568628,1.0,0.09318095194419931,0.19394070550579356,Utsuroi,0.4757230420653323,0.9803921568627451,4.0,0
2023-10-17,0.182424097641489,1.0,0.9523809523809523,1.3161181763764935,0.3874218849289531,4,0.8062251916954561,0.33751205400260365,1.0,0.09038552338587333,0.7847213363656493,Utsuroi,0.4757230420653323,0.9803921568627451,4.0,0
2023-10-18,0.17079013377164115,1.0,0.9523809523809523,0.8927918283956215,0.6179991864945431,3,0.3410472047381517,0.33751205400260365,0.75,0.08767395768429713,0.3151138633186312,Utsuroi,0.4757230420653323,0.9803921568627451,4.0,0
2023-10-19,0.1764571016768127,1.0,0.9523809523809523,1.2062428950960629,0.4125163476450325,4,0.708647981638265,0.33751205400260365,1.0,0.08504373895376821,0.12307208502534794,Utsuroi,0.4757230420653323,0.9803921568627451,4.0,0
2023-10-20,0.1840853927883373,1.5,0.6451612903225806,0.6797863808554101,0.5815511777756777,2,0.284455810433081,0.49823207971788014,0.5,0.08249242678515516,0.6599865765508693,Utsuroi,0.4757230420653323,0.9803921568627451,4.0,0
2023-10-23,0.15569483654059404,1.0,0.9523809523809523,0.4976954047295453,0.8568963345418812,3,0.0712220366984599,0.33751205400260365,0.75,0.0800176539816005,0.8933278559207646,Utsuroi,0.4757230420653323,0.9803921568627451,4.0,0
2023-10-24,0.15557802353119846,1.0,0.9523809523809523,0.5734563586161293,0.7396177503782991,2,0.1493178567163366,0.33751205400260365,0.5,0.07761712436215248,0.4556081289501679,Utsuroi,0.4757230420653323,0.9803921568627451,4.0,0
2023-10-25,0.15674716368985778,1.0,0.9523809523809523,0.5589102317941927,0.7530941866227038,2,0.13799818538603834,0.33751205400260365,0.5,0.0752886106312879,0.769514839415347,Utsuroi,0.4757230420653323,0.9803921568627451,4.0,0
2023-10-26,0.15030834320238431,2.0,0.48780487804878053,0.6333110129643138,0.8000032445400507,3,0.12666014778991666,0.6589521054329958,0.75,0.07302995231234927,0.027238919546875295,Utsuroi,0.4757230420653323,0.9803921568627451,4.0,0
2023-10-27,0.14437989480234298,2.0,0.48780487804878053,0.11832225801470639,0.9746128170354272,2,0.0030038688130007373,0.6589521054329958,0.5,0.07083905374297879,0.6135764850373268,Utsuroi,0.4757230420653323,0.9803921568627451,4.0,0
2023-10-30,0.13949649428732597,2.0,0.48780487804878053,1.0052929584620909,0.5358977691959099,3,0.4665587046338998,0.6589521054329958,0.75,0.06871388213068942,0.39702202865465086,Utsuroi,0.4757230420653323,0.9803921568627451,4.0,0
2023-10-31,0.14376796362469366,1.0,0.9523809523809523,0.7433690385147664,0.7042029791574836,3,0.2198863469792337,0.33751205400260365,0.75,0.06665246566676873,0.39582302974206984,Utsuroi,0.4757230420653323,0.9803921568627451,4.0,0
2023-11-01,0.13133219486977366,1.0,0.9523809523809523,0.6108347085127303,0.7000349235320469,2,0.183229080048301,0.33751205400260365,0.5,0.06465289169676566,0.28973503114145716,Utsuroi,0.4757230420653323,0.9803921568627451,4.0,0
2023-11-02,0.14589336406908698,2.0,0.48780487804878053,0.9848034013721473,0.5661918773776677,3,0.42721571470133834,0.6589521054329958,0.75,0.06271330494586269,0.018410322481406727,Utsuroi,0.4757230420653323,0.9803921568627451,4.0,0
2023-11-03,0.13451271179595772,1.0,0.9523809523809523,1.0018628752288063,0.5593936841086726,4,0.44142711048285693,0.33751205400260365,1.0,0.06083190579748681,0.9787657240905974,Utsuroi,0.4757230420653323,0.9803921568627451,4.0,0
2023-11-06,0.1425213243108829,1.0,0.9523809523809523,1.133313202323712,0.5589167876466788,4,0.4998854278833723,0.33751205400260365,1.0,0.059006948623562205,0.5208066700328664,Utsuroi,0.4757230420653323,0.9803921568627451,4.0,0
2023-11-07,0.1285874101359538,1.0,0.9523809523809523,0.7986751130339422,0.6892490845664501,3,0.2481890225092915,0.33751205400260365,0.75,0.05723674016485534,0.25941383413157326,Utsuroi,0.4757230420653323,0.9803921568627451,4.0,0
2023-11-08,0.0769235028780307,2.0,0.48780487804878053,1.1565433164943557,0.5078152848539165,4,0.5692329427828812,0.6589521054329958,1.0,0.055519637959909676,0.049956095956462665,Utsuroi,0.4757230420653323,0.9803921568627451,4.0,0
2023-11-09,0.07975684309063945,2.0,0.48780487804878053,0.9531456806867951,0.5105144836547327,3,0.4665510056632371,0.6589521054329958,0.75,0.05385404882111238,0.32285837589860633,Utsuroi,0.4757230420653323,0.9803921568627451,4.0,0
2023-11-10,0.071357627879367,2.0,0.48780487804878053,0.8903754768290171,0.4959760114054645,3,0.44877059917812256,0.6589521054329958,0.75,0.05223842735647901,0.5954886834965432,Utsuroi,0.4757230420653323,0.9803921568627451,4.0,0
2023-11-13,0.07995410386714737,2.0,0.48780487804878053,0.8054518476337456,0.7000004994072738,3,0.24163515204161223,0.6589521054329958,0.75,0.05067127453578464,0.7683207650294567,Utsuroi,0.4757230420653323,0.9803921568627451,4.0,0
2023-11-14,0.07489249880554226,1.0,0.9523809523809523,1.0363756998300313,0.5035716793063477,3,0.5144862482743311,0.33751205400260365,0.75,0.0491511362997111,0.9477821171170637,Utsuroi,0.4757230420653323,0.9803921568627451,4.0,0
2023-11-15,0.07405348274913492,1.0,0.9523809523809523,1.0959400299120858,0.3612306040970005,3,0.7000529508528583,0.33751205400260365,0.75,0.047676602210719767,0.3126771768084369,Utsuroi,0.4757230420653323,0.9803921568627451,4.0,0
2023-11-16,0.07113755809407984,1.0,0.9523809523809523,1.0191126874350231,0.5681297371832383,4,0.4401244641624597,0.33751205400260365,1.0,0.04624630414439817,0.8453523011488189,Utsuroi,0.4757230420653323,0.9803921568627451,4.0,0
2023-11-17,0.06834542269324878,1.0,0.9523809523809523,1.0857455498579918,0.4102098855790059,3,0.6403619920828301,0.33751205400260365,0.75,0.044858915020066226,0.9874923688682666,Utsuroi,0.4757230420653323,0.9803921568627451,4.0,0
2023-11-20,0.0766255483646788,1.0,0.9523809523809523,1.1509266765528712,0.5132909993028854,5,0.5601663726206992,0.33751205400260365,1.25,0.043513147569464235,0.2777803615022405,Utsuroi,0.4757230420653323,0.9803921568627451,4.0,0
2023-11-21,0.06339385252428731,1.0,0.9523809523809523,1.1678996652261566,0.46911473329031417,5,0.620020725263741,0.33751205400260365,1.25,0.04220775314238031,0.5093624529106398,Utsuroi,0.4757230420653323,0.9803921568627451,4.0,0
2023-11-22,0.06362767667115493,0.5,1.8181818181818181,1.0788381780979166,0.4551147924142385,4,0.5878429646243281,0.1767920282871665,1.0,0.0409415205481089,0.23830400103806126,Utsuroi,0.4757230420653323,0.9803921568627451,4.0,0
2023-11-24,0.06731384557471516,1.0,0.9523809523809523,0.6913515200829734,0.5299548445103406,2,0.32496643275541365,0.33751205400260365,0.5,0.03971327493166563,0.5112511740681077,Utsuroi,0.4757230420653323,0.9803921568627451,4.0,0
2023-11-27,0.07428730689600256,1.5,0.6451612903225806,1.363938834095951,0.31222983455043046,4,0.9380764375892653,0.49823207971788014,1.0,0.038521876683715664,0.026768341403169638,Utsuroi,0.4757230420653323,0.9803921568627451,4.0,0
2023-11-28,0.07866119387858518,0.0,20.0,1.253423705462315,0.4563420356632282,4,0.6814337801630956,0.016072002571568628,1.0,0.037366220383204196,0.7045519214058151,Utsuroi,0.4757230420653323,0.9803921568627451,4.0,0
2023-11-29,0.07872996568648742,0.0,20.0,1.1600245247004788,0.4546900454371982,4,0.6325729208561538,0.016072002571568628,1.0,0.03624523377170807,0.5077411887107568,Utsuroi,0.4757230420653323,0.9803921568627451,4.0,0
2023-11-30,0.08629486455573412,1.0,0.9523809523809523,1.555366946334962e-11,0.9999999999834464,1,2.5746995916668456e-22,0.33751205400260365,0.25,0.035157876758556826,0.9779743007415791,Utsuroi,0.4757230420653323,0.9803921568627451,4.0,0
2023-12-01,0.09969161273509101,1.0,0.9523809523809523,0.6684719934274677,0.6106154475080519,2,0.260292668014155,0.33751205400260365,0.5,0.03410314045580012,0.28478265406428716,Utsuroi,0.4757230420653323,0.9803921568627451,4.0,0
2023-12-04,0.10451939364982844,1.0,0.9523809523809523,0.28804530135724515,0.9161616468300787,2,0.024149243704125124,0.33751205400260365,0.5,0.03308004624212611,0.958585380688391,Utsuroi,0.4757230420653323,0.9803921568627451,4.0,0
2023-12-05,0.08074924912355265,1.0,0.9523809523809523,0.42986397980195235,0.8458362948269356,2,0.06626942384670831,0.33751205400260365,0.5,0.032087644854862325,0.8869827763435565,Utsuroi,0.4757230420653323,0.9803921568627451,4.0,0
2023-12-06,0.08011598518553671,2.0,0.48780487804878053,0.47391747339006496,0.818329261772219,2,0.08609693724981786,0.6589521054329958,0.5,0.031125015509216456,0.10936890573927649,Utsuroi,0.4757230420653323,0.9803921568627451,4.0,0
2023-12-07,0.06876255027075003,1.0,0.9523809523809523,0.7253636026457893,0.7554110915846802,3,0.17741589177533734,0.33751205400260365,0.75,0.03019126504393996,0.9361653612240657,Utsuroi,0.4757230420653323,0.9803921568627451,4.0,0
2023-12-08,0.0542388379605724,1.0,0.9523809523809523,0.40133824906578136,0.861987978956535,2,0.05538950287561401,0.33751205400260365,0.5,0.029285527092621763,0.3534758598348531,Utsuroi,0.4757230420653323,0.9803921568627451,4.0,0
2023-12-11,0.04520198154063461,1.0,0.9523809523809523,0.642095391269782,0.6583933820445396,2,0.2193440350164583,0.33751205400260365,0.5,0.02840696127984311,0.6476576786370769,Utsuroi,0.4757230420653323,0.9803921568627451,4.0,0
2023-12-12,0.041448952182380046,1.0,0.9523809523809523,1.9042545318170336e-11,0.9999999999799575,1,3.8166065626269855e-22,0.33751205400260365,0.25,0.027554752441447814,0.700393389337604,Utsuroi,0.4757230420653323,0.9803921568627451,4.0,0
2023-12-13,0.08594777622268322,1.0,0.9523809523809523,0.08673923240819163,0.9828476762745586,2,0.0014877793939616008,0.33751205400260365,0.5,0.02672810986820438,0.3000432354476731,Utsuroi,0.4757230420653323,0.9803921568627451,4.0,0
2023-12-14,0.07741992441796386,0.0,20.0,0.9451535648376582,0.6450444104604351,4,0.3354875408123723,0.016072002571568628,1.0,0.025926266572158248,0.1329528871326926,Utsuroi,0.4757230420653323,0.9803921568627451,4.0,0
2023-12-15,0.07981996921944241,1.0,0.9523809523809523,1.0276882797499631,0.5126937601232285,3,0.5007989113703821,0.33751205400260365,0.75,0.0251484785749935,0.8775274388112397,Utsuroi,0.4757230420653323,0.9803921568627451,4.0,0
2023-12-18,0.08684503901895206,1.0,0.9523809523809523,7.772371634874252e-11,0.9999999999212763,1,6.118698080267031e-21,0.33751205400260365,0.25,0.024394024217743695,0.7221399953519276,Utsuroi,0.4757230420653323,0.9803921568627451,4.0,0
2023-12-19,0.10149343410212976,1.0,0.9523809523809523,1.2242822350361962,0.49179645307190395,4,0.6221845742864519,0.33751205400260365,1.0,0.023662203491211384,0.08268323168873049,Utsuroi,0.4757230420653323,0.9803921568627451,4.0,0
2023-12-20,0.1237754998624564,1.0,0.9523809523809523,0.4185807856789139,0.852367247608221,2,0.0617962334880914,0.33751205400260365,0.5,0.022952337386475043,0.505153341776145,Utsuroi,0.4757230420653323,0.9803921568627451,4.0,0
2023-12-21,0.1400194008889661,1.0,0.9523809523809523,0.37224962040185094,0.8773104904275337,2,0.045671123365639825,0.33751205400260365,0.5,0.02226376726488079,0.9218490451237656,Utsuroi,0.4757230420653323,0.9803921568627451,4.0,0
2023-12-22,0.14736422997292567,2.0,0.48780487804878053,0.23525544539638105,0.9369585470647157,2,0.0148308450887253,0.6589521054329958,0.5,0.021595854246934366,0.11309380212817943,Utsuroi,0.4757230420653323,0.9803921568627451,4.0,0
2023-12-26,0.15736365084191176,2.0,0.48780487804878053,0.6581597894812508,0.6314865157886742,2,0.24254075718952842,0.6589521054329958,0.5,0.020947978619526336,0.7415024356914997,Utsuroi,0.4757230420653323,0.9803921568627451,4.0,0
2023-12-27,0.16246651898825817,2.0,0.48780487804878053,0.6890133384517554,0.5454320522516943,2,0.3132033792312232,0.6589521054329958,0.5,0.020319539260940545,0.6733959309533981,Utsuroi,0.4757230420653323,0.9803921568627451,4.0,0
2023-12-28,0.15840898232202585,2.0,0.48780487804878053,0.4464696822909717,0.8358611901189861,2,0.0732830022991945,0.6589521054329958,0.5,0.01970995308311233,0.919410658735931,Utsuroi,0.4757230420653323,0.9803921568627451,4.0,0
2023-12-29,0.16381444642314208,2.0,0.48780487804878053,0.0,0.0,0,0.0,0.6589521054329958,0.0,0.019118654490618957,1.0,Utsuroi,0.4757230420653323,0.9803921568627451,4.0,0
2024-01-02,0.15378751683099506,2.0,0.48780487804878053,0.6856220173800744,0.5612628277641265,2,0.3008078651279888,0.6589521054329958,0.5,0.018545094855900387,0.46937554945113436,Utsuroi,0.4757230420653323,0.9803921568627451,4.0,0
2024-01-03,0.13896031504727158,1.0,0.9523809523809523,0.6927814857618206,0.5135212836206332,2,0.3370234479248011,0.33751205400260365,0.5,0.017988742010223376,0.4354915964649415,Utsuroi,0.4757230420653323,0.9803921568627451,4.0,0
2024-01-04,0.12907092907092907,1.5,0.6451612903225806,2.3328117215430822e-11,0.9999999999756719,1,5.675286539811225e-22,0.49823207971788014,0.25,0.017449079749916673,0.7226294526518033,Utsuroi,0.4757230420653323,0.9803921568627451,4.0,0
2024-01-05,0.13566400877314586,0.0,20.0,2.1744939182352614e-11,0.9999999999772551,1,4.945868381967217e-22,0.016072002571568628,0.25,0.016925607357419173,0.26109805097933014,Utsuroi,0.4757230420653323,0.9803921568627451,4.0,0
2024-01-08,0.11656753260035231,1.0,0.9523809523809523,0.0,0.0,0,0.0,0.33751205400260365,0.0,0.0164178391366966,0.6140690104786164,Utsuroi,0.4757230420653323,0.9803921568627451,4.0,0
2024-01-09,0.123451258415474,0.0,20.0,0.6747315392415603,0.5956616834913856,2,0.27281981467219857,0.016072002571568628,0.5,0.0159253039625957,0.09718575823357445,Utsuroi,0.4757230420653323,0.9803921568627451,4.0,0
2024-01-10,0.12040379517338191,1.0,0.9523809523809523,1.0889937762191868,0.38637746271601264,3,0.6682311240500882,0.33751205400260365,0.75,0.015447544843717829,0.4390876651028075,Utsuroi,0.4757230420653323,0.9803921568627451,4.0,0
2024-01-11,0.12424762060574075,1.0,0.9523809523809523,0.7995289402734863,0.7378903676759193,4,0.20956423656754536,0.33751205400260365,1.0,0.014984118498406293,0.8511415941399132,Utsuroi,0.4757230420653323,0.9803921568627451,4.0,0
2024-01-12,0.16252031464450098,1.0,0.9523809523809523,1.2733918321338855,0.4260906804337724,4,0.7308114399211502,0.33751205400260365,1.0,0.014534594943454104,0.37617790682826235,Utsuroi,0.4757230420653323,0.9803921568627451,4.0,0
2024-01-16,0.20326389106906648,1.0,0.9523809523809523,1.0925774185050277,0.3847553120450152,3,0.6722024529147886,0.33751205400260365,0.75,0.01409855709515048,0.2260810789502561,Utsuroi,0.4757230420653323,0.9803921568627451,4.0,0
2024-01-17,0.18200872990694159,1.0,0.9523809523809523,0.46146335564601687,0.8264547546896911,2,0.08008477125730631,0.33751205400260365,0.5,0.013675600382295965,0.6454620714480701,Utsuroi,0.4757230420653323,0.9803921568627451,4.0,0
2024-01-18,0.21110639456195202,0.5,1.8181818181818181,3.0433933146724317e-10,0.9999999996946607,1,9.292676129107319e-20,0.1767920282871665,0.25,0.013265332370827086,0.0951194087959184,Utsuroi,0.4757230420653323,0.9803921568627451,4.0,0
2024-01-19,0.20792343502751193,2.0,0.48780487804878053,5.293243621050712e-11,0.9999999999460676,1,2.8547740685103296e-21,0.6589521054329958,0.25,0.012867372399702273,0.03602737572090553,Utsuroi,0.4757230420653323,0.9803921568627451,4.0,0
2024-01-22,0.1953043502160124,1.0,0.9523809523809523,0.0,0.0,0,0.0,0.33751205400260365,0.0,0.012481351227711204,0.11914613521397,Utsuroi,0.4757230420653323,0.9803921568627451,4.0,0
2024-01-23,0.17781053493513452,0.0,20.0,4.343292392307165e-11,0.9999999999555671,1,1.9298508436622665e-21,0.016072002571568628,0.25,0.012106910690879867,0.12523898310150516,Utsuroi,0.4757230420653323,0.9803921568627451,4.0,0
2024-01-24,0.1558331318773554,0.0,20.0,1.347604693792048,0.36864082370867773,5,0.8508225894388669,0.016072002571568628,1.25,0.011743703370153472,0.13898338749831196,Utsuroi,0.4757230420653323,0.9803921568627451,4.0,0
2024-01-25,0.14745343228133675,-1.0,0.9523809523809523,1.285365779679329,0.4221938788494046,5,0.7426922154162239,0.33751205400260365,1.25,0.011391392269048867,0.9488764466204448,Utsuroi,0.4757230420653323,0.9803921568627451,4.0,0
2024-01-26,0.14303199504722713,0.0,20.0,1.316525017049928,0.5324248654231032,5,0.6155743620209715,0.016072002571568628,1.25,0.0110496505009774,0.6026929687714302,Utsuroi,0.4757230420653323,0.9803921568627451,4.0,0
2024-01-29,0.12411374122735354,0.0,20.0,1.0572966259195917,0.41558464974851844,3,0.6179003779565078,0.016072002571568628,0.75,0.010718160985948078,0.47500436791733736,Utsuroi,0.4757230420653323,0.9803921568627451,4.0,0
2024-01-30,0.13514578628173401,1.0,0.9523809523809523,0.9397435501001979,0.504096985837174,3,0.46602165903476284,0.33751205400260365,0.75,0.010396616156369635,0.9100308584352796,Utsuroi,0.4757230420653323,0.9803921568627451,4.0,0
2024-01-31,0.1377941443433606,0.0,20.0,1.2590633845941648,0.42969056236564473,4,0.7180557308139061,0.016072002571568628,1.0,0.010084717671678546,0.24158307979391058,Utsuroi,0.4757230420653323,0.9803921568627451,4.0,0
2024-02-01,0.13671178877019402,1.0,0.9523809523809523,1.1639689212393223e-11,0.9999999999873603,1,1.4712179668447331e-22,0.33751205400260365,0.25,0.00978217614152819,0.9787960283863472,Utsuroi,0.4757230420653323,0.9803921568627451,4.0,0
2024-02-02,0.14379005346675403,0.5,1.8181818181818181,0.5906773585942681,0.7223947094444969,2,0.16397515975711888,0.1767920282871665,0.5,0.009488710857282345,0.5739687687887319,Utsuroi,0.4757230420653323,0.9803921568627451,4.0,0
2024-02-05,0.15733695110814344,-1.0,0.9523809523809523,0.32791634850422335,0.9167503621725996,3,0.027298917250660193,0.33751205400260365,0.75,0.009204049531563875,0.1401899140561753,Utsuroi,0.4757230420653323,0.9803921568627451,4.0,0
2024-02-06,0.15489662559057044,-0.5,1.8181818181818181,1.072919361695837,0.42602166502018407,3,0.6158324687937835,0.1767920282871665,0.75,0.008927928045616958,0.42301448796644747,Utsuroi,0.4757230420653323,0.9803921568627451,4.0,0
2024-02-07,0.15037181508410494,0.0,20.0,0.8451555158580468,0.6823449309694454,3,0.26846793373144184,0.016072002571568628,0.75,0.008660090204248449,0.46605318799180107,Utsuroi,0.4757230420653323,0.9803921568627451,4.0,0
2024-02-08,0.15128715803801523,0.5,1.8181818181818181,1.3753577738257552,0.3055707553089427,4,0.9550886600577934,0.1767920282871665,1.0,0.008400287498120995,0.37150436639848783,Utsuroi,0.4757230420653323,0.9803921568627451,4.0,0
2024-02-09,0.14773970597926114,-1.0,0.9523809523809523,1.5913751294280154,0.2579622917936967,5,1.180860353937274,0.33751205400260365,1.25,0.008148278873177366,0.05590235560136392,Utsuroi,0.4757230420653323,0.9803921568627451,4.0,0
2024-02-12,0.1464465939777583,0.0,20.0,8.773681780699839e-11,0.9999999999112632,1,7.785484076161486e-21,0.016072002571568628,0.25,0.007903830506982044,0.7078135631492166,Utsuroi,0.4757230420653323,0.9803921568627451,4.0,0
2024-02-13,0.17499070045279466,0.0,20.0,1.8615220476000582e-11,0.9999999999803848,1,3.6514124204898646e-22,0.016072002571568628,0.25,0.0076667155917725825,1.0,Utsuroi,0.4757230420653323,0.9803921568627451,4.0,0
2024-02-14,0.13527348377408355,0.0,20.0,0.39324138828667066,0.8663635799835893,2,0.05255137133291398,0.016072002571568628,0.5,0.007436714124019405,0.5304407968301552,Utsuroi,0.4757230420653323,0.9803921568627451,4.0,0
2024-02-15,0.11719402619134477,-1.0,0.9523809523809523,0.960626180850693,0.5889250125636902,3,0.39488939522418887,0.33751205400260365,0.75,0.007213612700298823,0.4852550062422031,Utsuroi,0.4757230420653323,0.9803921568627451,4.0,0
2024-02-16,0.09910714948925377,0.0,20.0,0.5628365827133291,0.7495430647801369,2,0.1409663255360014,0.016072002571568628,0.5,0.0069972043192898575,0.44926305827012125,Utsuroi,0.4757230420653323,0.9803921568627451,4.0,0
2024-02-20,0.0953998614928603,0.0,20.0,0.68687535717326,0.7828322158909414,4,0.14916719927643501,0.016072002571568628,1.0,0.0067872881897111615,0.2747326111318946,Utsuroi,0.4757230420653323,0.9803921568627451,4.0,0
2024-02-21,0.09523395836862554,-1.0,0.9523809523809523,1.1629367367645658,0.44476200720022824,4,0.645706659474274,0.33751205400260365,1.0,0.006583669544019827,0.5772021349241446,Utsuroi,0.4757230420653323,0.9803921568627451,4.0,0
2024-02-22,0.09622126592738076,0.0,20.0,1.1386668218486014,0.4524160167256177,4,0.6235157139302385,0.016072002571568628,1.0,0.006386159457699232,0.49512887234116865,Utsuroi,0.4757230420653323,0.9803921568627451,4.0,0
2024-02-23,0.0963438726795524,0.0,20.0,1.3816139096047517,0.46189788093498896,5,0.7434493724880115,0.016072002571568628,1.25,0.006194574673968254,0.14916680644280633,Utsuroi,0.4757230420653323,0.9803921568627451,4.0,0
2024-02-26,0.111201601678518,1.0,0.9523809523809523,0.9626916676232458,0.526025603189261,3,0.4562912024764524,0.33751205400260365,0.75,0.006008737433749206,0.7104958389981882,Utsuroi,0.4757230420653323,0.9803921568627451,4.0,0
2024-02-27,0.10896682910424686,1.0,0.9523809523809523,0.6419368223277524,0.6586348528219272,2,0.21913485783293754,0.33751205400260365,0.5,0.005828475310736729,0.3059340529167546,Utsuroi,0.4757230420653323,0.9803921568627451,4.0,0
2024-02-28,0.10741237138314937,0.0,20.0,0.6727810513005503,0.6005671155307856,2,0.26873087593720935,0.016072002571568628,0.5,0.005653621051414627,0.25294821611968554,Utsuroi,0.4757230420653323,0.9803921568627451,4.0,0
2024-02-29,0.11355600920818315,1.0,0.9523809523809523,0.9334725986942065,0.47735436988961677,3,0.48787537453531044,0.33751205400260365,0.75,0.005484012419872188,0.527867960246175,Utsuroi,0.4757230420653323,0.9803921568627451,4.0,0
2024-03-01,0.09392853523288307,0.5,1.8181818181818181,1.0644031300683126,0.4314587769265419,3,0.6051570574122556,0.1767920282871665,0.75,0.005319492047276022,0.8526546458875872,Utsuroi,0.4757230420653323,0.9803921568627451,4.0,0
2024-03-04,0.09375576658217656,0.0,20.0,7.844613847357817e-12,0.9999999999911554,1,6.938240672546675e-23,0.016072002571568628,0.25,0.005159907285857741,0.4528385565280172,Utsuroi,0.4757230420653323,0.9803921568627451,4.0,0
2024-03-05,0.09056595511856376,0.0,20.0,0.9051585621550362,0.6173687492018969,3,0.34634195280799407,0.016072002571568628,0.75,0.005005110067282009,0.3356530554538363,Utsuroi,0.4757230420653323,0.9803921568627451,4.0,0
2024-03-06,0.09305552952840317,0.0,20.0,0.6772625069015793,0.5888830304289254,2,0.2784341094414863,0.016072002571568628,0.5,0.004854956765263548,0.4786793163323867,Utsuroi,0.4757230420653323,0.9803921568627451,4.0,0
2024-03-07,0.0778250817579257,1.0,0.9523809523809523,0.9870812553632045,0.45156898875404516,3,0.5413459710607688,0.33751205400260365,0.75,0.004709308062305642,0.5064147086771018,Utsuroi,0.4757230420653323,0.9803921568627451,4.0,0
2024-03-08,0.06722227155640893,0.0,20.0,1.1328617733434652,0.41781131795690524,4,0.6595393027598352,0.016072002571568628,1.0,0.004568028820436473,0.2902508964770525,Utsuroi,0.4757230420653323,0.9803921568627451,4.0,0
2024-03-11,0.06976060586762675,0.0,20.0,1.2224267537161713,0.4740911565750437,4,0.6428850402185956,0.016072002571568628,1.0,0.004430987955823379,0.5016969802302069,Utsuroi,0.4757230420653323,0.9803921568627451,4.0,0
2024-03-12,0.07190628627417674,1.0,0.9523809523809523,1.1899259327848029,0.5840420222948401,5,0.4949591846200926,0.33751205400260365,1.25,0.0042980583171486775,0.7401811201857909,Utsuroi,0.4757230420653323,0.9803921568627451,4.0,0
2024-03-13,0.07305468028697021,0.5,1.8181818181818181,0.5360939754882168,0.7726176770729791,2,0.12189829345369213,0.1767920282871665,0.5,0.004169116567634217,0.06603127258077102,Utsuroi,0.4757230420653323,0.9803921568627451,4.0,0
2024-03-14,0.07826784361186452,0.0,20.0,0.5164731475689188,0.8587863502634979,4,0.07293305815910606,0.016072002571568628,1.0,0.004044043070605191,0.08015467744526028,Utsuroi,0.4757230420653323,0.9803921568627451,4.0,0
2024-03-15,0.02846680447660817,-1.0,0.9523809523809523,1.4816299333229974,0.4603600285933905,6,0.7995467348535992,0.33751205400260365,1.5,0.003922721778487035,0.3185903392866942,Utsuroi,0.4757230420653323,0.9803921568627451,4.0,0
2024-03-18,0.03108085187677846,1.0,0.9523809523809523,1.3116227330279755,0.32733658753356343,4,0.8822806234671519,0.33751205400260365,1.0,0.003805040125132424,0.5093272278359857,Utsuroi,0.4757230420653323,0.9803921568627451,4.0,0
2024-03-19,0.02348623088310518,-1.0,0.9523809523809523,1.2634754160762571,0.35009122025417194,4,0.8211437659009727,0.33751205400260365,1.0,0.003690888921378451,0.3323413168309505,Utsuroi,0.4757230420653323,0.9803921568627451,4.0,0
2024-03-20,0.02169679252056886,0.0,20.0,1.352264151363465,0.3365573323628564,4,0.8971497359306554,0.016072002571568628,1.0,0.0035801622537370978,0.48209560630684734,Utsuroi,0.4757230420653323,0.9803921568627451,4.0,0
2024-03-21,0.013462680151496998,0.0,20.0,1.7615220803479594,0.3060286742409941,7,1.2224458134528355,0.016072002571568628,1.75,0.0034727573861249848,0.0961025915847259,Utsuroi,0.4757230420653323,0.9803921568627451,4.0,0
2024-03-22,0.01058138808927251,0.0,20.0,1.6761974272303457,0.240818932709651,6,1.2725373517940708,0.016072002571568628,1.5,0.003368574664541235,0.540303265447035,Utsuroi,0.4757230420653323,0.9803921568627451,4.0,0
2024-03-25,0.018238283455674756,0.0,20.0,1.6784100420401593,0.2708380466016073,6,1.2238327448574808,0.016072002571568628,1.5,0.003267517424604998,0.353226128777275,Utsuroi,0.4757230420653323,0.9803921568627451,4.0,0
2024-03-26,0.02397385223472181,0.0,20.0,1.2685542601457145,0.374171977293964,4,0.7938968043223109,0.016072002571568628,1.0,0.003169491901866848,0.17086895861554052,Utsuroi,0.4757230420653323,0.9803921568627451,4.0,0
2024-03-27,0.03628400584922324,0.5,1.8181818181818181,1.1104000335894142,0.3958188068024844,4,0.6708828172206137,0.1767920282871665,1.0,0.0030744071448108425,0.8888694489720603,Utsuroi,0.4757230420653323,0.9803921568627451,4.0,0
2024-03-28,0.04100175187131709,0.0,20.0,1.364876851396349,0.45573514885066374,5,0.7428544963624085,0.016072002571568628,1.25,0.002982174930466517,0.2908217008220102,Utsuroi,0.4757230420653323,0.9803921568627451,4.0,0
2024-04-01,0.034179588527414616,-1.0,0.9523809523809523,1.4748091144489233,0.3215536540769056,6,1.0005788546319467,0.33751205400260365,1.5,0.0028927096825525213,0.557780959502515,Utsuroi,0.4757230420653323,0.9803921568627451,4.0,0
2024-04-02,0.029310544527935828,-1.0,0.9523809523809523,1.5707310801805665,0.3325629723896458,7,1.0483640833309185,0.33751205400260365,1.75,0.0028059283920759456,0.10461459585200394,Utsuroi,0.4757230420653323,0.9803921568627451,4.0,0
2024-04-03,0.033670677148938025,0.0,20.0,1.139618230263539,0.36114481831272816,4,0.7280510115491403,0.016072002571568628,1.0,0.0027217505403136673,0.8734468480227381,Utsuroi,0.4757230420653323,0.9803921568627451,4.0,0
2024-04-04,0.03508737639172422,0.5,1.8181818181818181,1.0867166340754684,0.4751480498882341,4,0.5703653446134038,0.1767920282871665,1.0,0.0026400980241042572,0.8736502886944727,Utsuroi,0.4757230420653323,0.9803921568627451,4.0,0
2024-04-05,0.03851221242525592,1.0,0.9523809523809523,1.2724435089922386,0.3493904565682087,4,0.8278638904281869,0.33751205400260365,1.0,0.0025608950833811294,0.2702424548685268,Utsuroi,0.4757230420653323,0.9803921568627451,4.0,0
2024-04-08,0.03444092139744314,2.0,0.48780487804878053,1.4737936059998669,0.4080635125964847,5,0.8723922102933217,0.6589521054329958,1.25,0.0024840682308796954,0.19198978312228865,Utsuroi,0.4757230420653323,0.9803921568627451,4.0,0
2024-04-09,0.03272162619988707,0.0,20.0,1.2423217255822268,0.4678478785485888,4,0.6611041417937599,0.016072002571568628,1.0,0.0024095461839533047,0.8292414421098516,Utsuroi,0.4757230420653323,0.9803921568627451,4.0,0
2024-04-10,0.03334057247100726,0.0,20.0,0.913317740046982,0.5391576465593588,4,0.4208954967623389,0.016072002571568628,1.0,0.0023372597984347055,0.6478245119736762,Utsuroi,0.4757230420653323,0.9803921568627451,4.0,0
2024-04-11,0.033313063747846365,0.0,20.0,0.8472719625581149,0.48635654271616285,3,0.4351957001080119,0.016072002571568628,0.75,0.0022671420044816644,0.4592667579089783,Utsuroi,0.4757230420653323,0.9803921568627451,4.0,0
2024-04-12,0.04677858373510548,-1.0,0.9523809523809523,1.0650214999280951,0.4437806424610025,3,0.5923855744552246,0.33751205400260365,0.75,0.0021991277443472144,0.7121051269222907,Utsuroi,0.4757230420653323,0.9803921568627451,4.0,0
2024-04-15,0.05386207994903647,0.0,20.0,0.4462363354214366,0.83600449959984,2,0.07318075112417213,0.016072002571568628,0.5,0.002133153912016798,0.5069476748009508,Utsuroi,0.4757230420653323,0.9803921568627451,4.0,0
2024-04-16,0.0579196166152688,0.0,20.0,0.8912921624156065,0.6899098527198383,4,0.2763809179131092,0.016072002571568628,1.0,0.0020691592946562943,0.25945157216835535,Utsuroi,0.4757230420653323,0.9803921568627451,4.0,0
2024-04-17,0.06156452243408765,0.5,1.8181818181818181,0.7053406595890751,0.7664472032516453,3,0.1647342837073577,0.1767920282871665,0.75,0.0020070845158166053,0.709305489628351,Utsuroi,0.4757230420653323,0.9803921568627451,4.0,0
2024-04-18,0.06282992369948892,0.5,1.8181818181818181,0.9140073647408216,0.6928724965803014,5,0.2807168000400664,0.1767920282871665,1.25,0.001946871980342107,0.02249637297802809,Utsuroi,0.4757230420653323,0.9803921568627451,4.0,0
2024-04-19,0.05064411390344518,0.0,20.0,0.5388602432982166,0.7703440867002812,2,0.1237524413155606,0.016072002571568628,0.5,0.0018884658209318437,0.6914019410281615,Utsuroi,0.4757230420653323,0.9803921568627451,4.0,0
2024-04-22,0.048554461007920345,1.0,0.9523809523809523,0.607478602854067,0.8125401243713983,3,0.1138778633380601,0.33751205400260365,0.75,0.0018318118463038883,0.5920320339598468,Utsuroi,0.4757230420653323,0.9803921568627451,4.0,0
2024-04-23,0.05556881635184595,0.0,20.0,0.9378355678580197,0.5256230316642081,3,0.44488759347796325,0.016072002571568628,0.75,0.0017768574909147717,0.27411913618106776,Utsuroi,0.4757230420653323,0.9803921568627451,4.0,0
2024-04-24,0.07148212320753022,1.0,0.9523809523809523,1.2584815865652914,0.41317809014545215,4,0.7385045681450257,0.33751205400260365,1.0,0.0017235517661873285,0.5100694815775914,Utsuroi,0.4757230420653323,0.9803921568627451,4.0,0
2024-04-25,0.0720797794517904,0.0,20.0,0.8145503045868072,0.6786244378567213,3,0.26177656203056404,0.016072002571568628,0.75,0.0016718452132017086,0.6970663970873707,Utsuroi,0.4757230420653323,0.9803921568627451,4.0,0
2024-04-26,0.06836569779918797,1.0,0.9523809523809523,0.8671695573940732,0.620297475404234,3,0.3292664701951226,0.33751205400260365,0.75,0.0016216898568056574,0.7634552282154081,Utsuroi,0.4757230420653323,0.9803921568627451,4.0,0
2024-04-29,0.04985075762674978,1.0,0.9523809523809523,0.8551289145638398,0.6493722991468666,3,0.29983188524655474,0.33751205400260365,0.75,0.0015730391611014877,0.6243907471693924,Utsuroi,0.4757230420653323,0.9803921568627451,4.0,0
2024-04-30,0.08229385460530798,1.0,0.9523809523809523,0.0,0.0,0,0.0,0.33751205400260365,0.0,0.0015258479862684429,1.0,Utsuroi,0.4757230420653323,0.9803921568627451,4.0,0
2024-05-01,0.08677062541681481,1.0,0.9523809523809523,0.822613240556392,0.5427726040192944,3,0.37612130987884884,0.33751205400260365,0.75,0.0014800725466803896,0.1347592309276111,Utsuroi,0.4757230420653323,0.9803921568627451,4.0,0
2024-05-02,0.09550412833345523,1.0,0.9523809523809523,0.5677691151699154,0.7449932068931956,2,0.14478498128456802,0.33751205400260365,0.5,0.001435670370279978,0.36990597095448274,Utsuroi,0.4757230420653323,0.9803921568627451,4.0,0
2024-05-03,0.0989837487214541,2.0,0.48780487804878053,0.6477090857264134,0.6495754019378523,2,0.22697319602687954,0.6589521054329958,0.5,0.0013926002591715784,0.10433236787166311,Utsuroi,0.4757230420653323,0.9803921568627451,4.0,0
2024-05-06,0.1266226527096092,2.0,0.48780487804878053,0.49193173537114987,0.8060277777613597,2,0.09542109189965267,0.6589521054329958,0.5,0.001350822251396431,0.8953015700926052,Utsuroi,0.4757230420653323,0.9803921568627451,4.0,0
2024-05-07,0.12816314120661948,1.0,0.9523809523809523,4.459754787585101e-11,0.9999999999544025,1,2.0335378378865413e-21,0.33751205400260365,0.25,0.001310297583854538,0.029327623278258885,Utsuroi,0.4757230420653323,0.9803921568627451,4.0,0
2024-05-08,0.13147794234750756,1.5,0.6451612903225806,2.6289526111239538e-11,0.9999999999727105,1,7.174281277050221e-22,0.49823207971788014,0.25,0.0012709886563389019,0.05593594163333937,Utsuroi,0.4757230420653323,0.9803921568627451,4.0,0
2024-05-09,0.16411704237791197,2.0,0.48780487804878053,3.090527833598201e-11,0.9999999999680947,1,9.860408236982978e-22,0.6589521054329958,0.25,0.0012328589966487348,0.031682381429876116,Utsuroi,0.4757230420653323,0.9803921568627451,4.0,0
2024-05-10,0.16692293214032347,1.0,0.9523809523809523,0.0,0.0,0,0.0,0.33751205400260365,0.0,0.0011958732267492726,0.11914613521397,Utsuroi,0.4757230420653323,0.9803921568627451,4.0,0
2024-05-13,0.17181948486296317,1.0,0.9523809523809523,0.0,0.0,0,0.0,0.33751205400260365,0.0,0.0011599970299467945,1.0,Utsuroi,0.4757230420653323,0.9803921568627451,4.0,0
2024-05-14,0.15462653288740244,1.0,0.9523809523809523,9.44377909201247e-12,0.9999999999895562,1,9.862853371861669e-23,0.33751205400260365,0.25,0.0011251971190483906,0.559954475552226,Utsuroi,0.4757230420653323,0.9803921568627451,4.0,0
2024-05-15,0.15662091531656747,0.0,20.0,8.835709941431437e-12,0.9999999999901643,1,8.690528464986235e-23,0.016072002571568628,0.25,0.001091441205476939,0.162478299294186,Utsuroi,0.4757230420653323,0.9803921568627451,4.0,0
2024-05-16,0.15443397182527618,0.0,20.0,0.5601946384546692,0.7519392287221149,2,0.1389623140808012,0.016072002571568628,0.5,0.0010586979693126307,0.5272722982880297,Utsuroi,0.4757230420653323,0.9803921568627451,4.0,0
2024-05-17,0.15684692991495217,1.0,0.9523809523809523,9.724654414583857e-11,0.9999999999017535,1,9.554134741662816e-21,0.33751205400260365,0.25,0.0010269370302332518,0.7617017581579737,Utsuroi,0.4757230420653323,0.9803921568627451,4.0,0
2024-05-20,0.15279698718696302,1.0,0.9523809523809523,0.0,0.0,0,0.0,0.33751205400260365,0.0,0.0009961289193262542,1.0,Utsuroi,0.4757230420653323,0.9803921568627451,4.0,0
2024-05-21,0.1464629813059428,1.0,0.9523809523809523,7.934097822858536e-11,0.999999999919659,1,6.374330049594546e-21,0.33751205400260365,0.25,0.0009662450517464666,0.559954475552226,Utsuroi,0.4757230420653323,0.9803921568627451,4.0,0
2024-05-22,0.1501828154711369,2.0,0.48780487804878053,2.288930156260067e-10,0.999999999770107,1,5.26209005605346e-20,0.6589521054329958,0.25,0.0009372577001940726,0.032537103807382395,Utsuroi,0.4757230420653323,0.9803921568627451,4.0,0
2024-05-23,0.19017259033483433,2.0,0.48780487804878053,0.4628688141299878,0.8255524115780234,2,0.08074634838071651,0.6589521054329958,0.5,0.0009091399691882504,0.5506616963383725,Utsuroi,0.4757230420653323,0.9803921568627451,4.0,0
2024-05-24,0.17171374371611345,2.0,0.48780487804878053,2.8372193483074865e-11,0.9999999999706278,1,8.333529288946117e-22,0.6589521054329958,0.25,0.0008818657701126028,0.7728918843754424,Utsuroi,0.4757230420653323,0.9803921568627451,4.0,0
2024-05-28,0.16998841629574019,3.0,0.3278688524590164,1.9249679626203e-10,0.9999999998065032,1,3.724750911265081e-20,0.9803921568627451,0.25,0.0008554097970092247,0.01436873413917017,Katashi,0.4757230420653323,0.9803921568627451,4.0,0
2024-05-29,0.22107625161459232,2.0,0.48780487804878053,0.0,0.0,0,0.0,0.6589521054329958,0.0,0.000829747503098948,0.1121620362014143,Utsuroi,0.4757230420653323,0.9803921568627451,4.0,0
2024-05-30,0.2019520724754257,2.0,0.48780487804878053,5.763667321018406e-11,0.9999999999413633,1,3.3796214970244356e-21,0.6589521054329958,0.25,0.0008048550780059795,0.7557323928055285,Utsuroi,0.4757230420653323,0.9803921568627451,4.0,0
2024-05-31,0.16620735764251604,2.0,0.48780487804878053,0.39096355850150255,0.8675787833146378,2,0.051771870096407754,0.6589521054329958,0.5,0.0007807094256658001,0.5505891884018267,Utsuroi,0.4757230420653323,0.9803921568627451,4.0,0
2024-06-03,0.15944073620160826,1.0,0.9523809523809523,1.75905956465936e-11,0.9999999999814094,1,3.270192617173486e-22,0.33751205400260365,0.25,0.0007572881428958261,0.01389056171249714,Utsuroi,0.4757230420653323,0.9803921568627451,4.0,0
2024-06-04,0.16734979324491292,2.0,0.48780487804878053,0.24389107816853642,0.9337265433940173,2,0.016163504785588836,0.6589521054329958,0.5,0.0007345694986089512,0.002053929821231204,Utsuroi,0.4757230420653323,0.9803921568627451,4.0,0
2024-06-05,0.18278285124996188,1.5,0.6451612903225806,2.8147817409804683e-11,0.9999999999708522,1,8.204468196793126e-22,0.49823207971788014,0.25,0.0007125324136506827,0.11609027666766614,Utsuroi,0.4757230420653323,0.9803921568627451,4.0,0
2024-06-06,0.16834706798407667,1.0,0.9523809523809523,1.2416845329620708e-11,0.9999999999865832,1,1.6659461858847849e-22,0.33751205400260365,0.25,0.0006911564412411622,0.11173209323245625,Utsuroi,0.4757230420653323,0.9803921568627451,4.0,0
2024-06-07,0.16489960553038518,2.0,0.48780487804878053,9.964806757463479e-12,0.9999999999890352,1,1.0926196003298118e-22,0.6589521054329958,0.25,0.0006704217480039273,0.032537103807382395,Utsuroi,0.4757230420653323,0.9803921568627451,4.0,0
2024-06-10,0.15159964679930743,2.0,0.48780487804878053,0.6585828049021218,0.6306986410852736,2,0.24321552480822572,0.6589521054329958,0.5,0.0006503090955638094,0.5222141584846933,Utsuroi,0.4757230420653323,0.9803921568627451,4.0,0
2024-06-11,0.11368096974870233,1.0,0.9523809523809523,1.320843434616751e-11,0.9999999999857916,1,1.8767088003122387e-22,0.33751205400260365,0.25,0.0006307998226968951,0.12900671528871388,Utsuroi,0.4757230420653323,0.9803921568627451,4.0,0
2024-06-12,0.11298672995396802,1.0,0.9523809523809523,1.5671797193167775e-11,0.9999999999833282,1,2.6127667777200793e-22,0.33751205400260365,0.25,0.0006118758280159882,1.0,Utsuroi,0.4757230420653323,0.9803921568627451,4.0,0
2024-06-13,0.11524846193652184,1.0,0.9523809523809523,2.913802532543851e-11,0.999999999969862,1,8.781619006213118e-22,0.33751205400260365,0.25,0.0005935195531755086,1.0,Utsuroi,0.4757230420653323,0.9803921568627451,4.0,0
2024-06-14,0.11449899491279651,1.0,0.9523809523809523,1.0900839118614813,0.39520926431413106,3,0.6592726510140352,0.33751205400260365,0.75,0.0005757139665802433,0.10945820143004359,Utsuroi,0.4757230420653323,0.9803921568627451,4.0,0
2024-06-17,0.11143942837642758,1.0,0.9523809523809523,0.6072601340893088,0.7042039243144202,2,0.1796251645839165,0.33751205400260365,0.5,0.000558442547582836,0.4671711120862725,Utsuroi,0.4757230420653323,0.9803921568627451,4.0,0
2024-06-18,0.11500194399601227,0.5,1.8181818181818181,0.30973013342673916,0.9068656813596234,2,0.028846504939092278,0.1767920282871665,0.5,0.0005416892711553509,0.6172174055833766,Utsuroi,0.4757230420653323,0.9803921568627451,4.0,0
2024-06-20,0.10953973562669216,1.0,0.9523809523809523,0.2920260711544728,0.9144893928891489,2,0.024971326636615578,0.33751205400260365,0.5,0.0005254385930206904,0.31031966956491097,Utsuroi,0.4757230420653323,0.9803921568627451,4.0,0
2024-06-21,0.10832935180761269,1.0,0.9523809523809523,7.656764111592885e-12,0.9999999999913433,1,6.628263139166002e-23,0.33751205400260365,0.25,0.0005096754352300697,0.5632177933337906,Utsuroi,0.4757230420653323,0.9803921568627451,4.0,0
2024-06-24,0.10678886331060242,1.0,0.9523809523809523,0.4942579994191484,0.8043886082213738,2,0.09668249516409903,0.33751205400260365,0.5,0.0004943851721731676,0.3059312195625944,Utsuroi,0.4757230420653323,0.9803921568627451,4.0,0
2024-06-25,0.11820498342237472,1.0,0.9523809523809523,0.768581914497557,0.5250385622193966,3,0.36504677116192846,0.33751205400260365,0.75,0.00047955361700797257,0.1990795595706798,Utsuroi,0.4757230420653323,0.9803921568627451,4.0,0
2024-06-26,0.0973946343511561,0.0,20.0,1.0152012447237047,0.5290389683498897,3,0.478120225547552,0.016072002571568628,0.75,0.0004651670084977334,0.3377904852897411,Utsuroi,0.4757230420653323,0.9803921568627451,4.0,0
2024-06-27,0.09442369224977923,-0.5,1.8181818181818181,1.2120555385658054,0.3965502752028306,5,0.7314145811864202,0.1767920282871665,1.25,0.0004512119982428014,0.4620323636234871,Utsuroi,0.4757230420653323,0.9803921568627451,4.0,0
2024-06-28,0.10601861906209734,1.0,0.9523809523809523,1.2191245782817859,0.4174411795492216,4,0.7102117763063898,0.33751205400260365,1.0,0.00043767563829551735,0.6964971430648963,Utsuroi,0.4757230420653323,0.9803921568627451,4.0,0
2024-07-01,0.050891137847659584,0.0,20.0,1.278722193892296,0.333275327510095,4,0.8525556359284138,0.016072002571568628,1.0,0.0004245453691466518,0.43246303329248525,Utsuroi,0.4757230420653323,0.9803921568627451,4.0,0
2024-07-02,0.055938988547684206,0.0,20.0,1.2169312878355998,0.5517669859481743,5,0.5454687790405207,0.016072002571568628,1.25,0.00041180900807225224,0.9210178484966453,Utsuroi,0.4757230420653323,0.9803921568627451,4.0,0
2024-07-03,0.06270613444526489,0.0,20.0,1.2556336292939814,0.43540302326132196,5,0.7089269509907958,0.016072002571568628,1.25,0.00039945473783008467,0.5140163500184161,Utsuroi,0.4757230420653323,0.9803921568627451,4.0,0
2024-07-05,0.06260985391420174,0.0,20.0,1.376878518049968,0.47942245702193675,5,0.7167720359057292,0.016072002571568628,1.25,0.0003874710956951821,0.5099246480311096,Utsuroi,0.4757230420653323,0.9803921568627451,4.0,0
2024-07-08,0.07593783028565636,1.0,0.9523809523809523,1.5397872753446085,0.32592457601413094,5,1.037932760475963,0.33751205400260365,1.25,0.0003758469628243266,0.6502738948798261,Utsuroi,0.4757230420653323,0.9803921568627451,4.0,0
2024-07-09,0.06955580651232826,1.0,0.9523809523809523,1.1630112658428475,0.5534096678056617,5,0.5193895875585152,0.33751205400260365,1.25,0.0003645715539395968,0.5733940352089254,Utsuroi,0.4757230420653323,0.9803921568627451,4.0,0
2024-07-10,0.07474120082815737,1.0,0.9523809523809523,1.5129415181718002,0.391197320676658,6,0.9210828499225167,0.33751205400260365,1.5,0.0003536344073214089,0.13348066052691165,Utsuroi,0.4757230420653323,0.9803921568627451,4.0,0
2024-07-11,0.08663872359524534,0.0,20.0,1.7908131995506782,0.26601085209865233,7,1.3144374543886883,0.016072002571568628,1.75,0.0003430253751017666,0.30728681094300414,Utsuroi,0.4757230420653323,0.9803921568627451,4.0,0
2024-07-12,0.09302074736857344,1.0,0.9523809523809523,1.5426505828852588,0.29476710038260107,6,1.0879279436646416,0.33751205400260365,1.5,0.0003327346138487136,0.7594636377243843,Utsuroi,0.4757230420653323,0.9803921568627451,4.0,0
2024-07-15,0.0950151297977385,0.0,20.0,0.3437366777542671,0.8913247286734987,2,0.037355676719815135,0.016072002571568628,0.5,0.0003227525754332522,0.8691237854752367,Utsuroi,0.4757230420653323,0.9803921568627451,4.0,0
2024-07-16,0.12595717062161585,0.0,20.0,0.9204336056740943,0.611439697808248,3,0.35764395996816994,0.016072002571568628,0.75,0.00031306999817025464,0.3958428344418856,Utsuroi,0.4757230420653323,0.9803921568627451,4.0,0
2024-07-17,0.1085799469128717,0.0,20.0,0.5005598144395907,0.7998864373876883,2,0.10016880776806418,0.016072002571568628,0.5,0.000303677898225147,0.6200881433416491,Utsuroi,0.4757230420653323,0.9803921568627451,4.0,0
2024-07-18,0.12084721745424215,0.0,20.0,1.6474810403413805e-10,0.9999999998342519,1,2.7306682244628794e-20,0.016072002571568628,0.25,0.0002945675612783926,0.7689790006362914,Utsuroi,0.4757230420653323,0.9803921568627451,4.0,0
2024-07-19,0.14263273541627342,1.0,0.9523809523809523,1.1768419571473645e-10,0.9999999998813158,1,1.3967251514191073e-20,0.33751205400260365,0.25,0.0002857305344400408,0.6431106145189919,Utsuroi,0.4757230420653323,0.9803921568627451,4.0,0
2024-07-22,0.13295664110846608,1.0,0.9523809523809523,1.6634715825623933e-10,0.9999999998326529,1,2.78377205406265e-20,0.33751205400260365,0.25,0.0002771586184068396,1.0,Utsuroi,0.4757230420653323,0.9803921568627451,4.0,0
2024-07-23,0.11539045663539636,1.0,0.9523809523809523,0.19188417547539638,0.9522339661085536,2,0.009165546028990033,0.33751205400260365,0.5,0.0002688438598546344,0.3001271983105741,Utsuroi,0.4757230420653323,0.9803921568627451,4.0,0
2024-07-24,0.11916719629093471,1.0,0.9523809523809523,1.6510237621350363e-11,0.9999999999824898,1,2.8909781870247025e-22,0.33751205400260365,0.25,0.00026077854405899537,0.5603983777518198,Utsuroi,0.4757230420653323,0.9803921568627451,4.0,0
2024-07-25,0.1054961555745372,0.5,1.8181818181818181,1.8850809801821394e-11,0.9999999999801492,1,3.7420342297763314e-22,0.1767920282871665,0.25,0.0002529551877372255,0.33760271681565557,Utsuroi,0.4757230420653323,0.9803921568627451,4.0,0
2024-07-26,0.10384849508458924,1.0,0.9523809523809523,0.0,0.0,0,0.0,0.33751205400260365,0.0,0.00024536653210510874,0.3219818921732749,Utsuroi,0.4757230420653323,0.9803921568627451,4.0,0
2024-07-29,0.09297198471814849,1.0,0.9523809523809523,0.0,0.0,0,0.0,0.33751205400260365,0.0,0.00023800553614195547,1.0,Utsuroi,0.4757230420653323,0.9803921568627451,4.0,0
2024-07-30,0.11242419949906,1.0,0.9523809523809523,2.2748469774287964e-11,0.9999999999762516,1,5.402408436171031e-22,0.33751205400260365,0.25,0.0002308653700576968,0.559954475552226,Utsuroi,0.4757230420653323,0.9803921568627451,4.0,0
2024-07-31,0.12098420553445981,1.0,0.9523809523809523,0.8281626049237718,0.5468304000460108,3,0.37529811637015925,0.33751205400260365,0.75,0.0002239394089559659,0.1510529086807897,Utsuroi,0.4757230420653323,0.9803921568627451,4.0,0
2024-08-01,0.11764828141587422,1.0,0.9523809523809523,0.5967056501350241,0.7159848006749829,2,0.16947347416146277,0.33751205400260365,0.5,0.00021722122668728692,0.3285617536570208,Utsuroi,0.4757230420653323,0.9803921568627451,4.0,0
2024-08-02,0.13020877956216526,1.0,0.9523809523809523,0.8988912929661019,0.5533116370205909,3,0.40152428015147246,0.33751205400260365,0.75,0.0002107045898866683,0.1619842998118275,Utsuroi,0.4757230420653323,0.9803921568627451,4.0,0
2024-08-05,0.16261876001630104,0.0,20.0,0.7608426052989987,0.6009994829365292,3,0.30357659291821876,0.016072002571568628,0.75,0.00020438345219006825,0.3924338428853177,Utsuroi,0.4757230420653323,0.9803921568627451,4.0,0
2024-08-06,0.16789223488612814,1.0,0.9523809523809523,0.6849517147217422,0.5639259442624158,2,0.29868967222312287,0.33751205400260365,0.5,0.0001982519486243662,0.9061386063258212,Utsuroi,0.4757230420653323,0.9803921568627451,4.0,0
2024-08-07,0.17017637962130835,1.0,0.9523809523809523,0.6174416287618809,0.6920610597545221,2,0.19013432082437537,0.33751205400260365,0.5,0.0001923043901656352,0.6897535056572042,Utsuroi,0.4757230420653323,0.9803921568627451,4.0,0
2024-08-08,0.19272780340983772,1.0,0.9523809523809523,0.5165597475421081,0.7880264635422587,2,0.1094969964782187,0.33751205400260365,0.5,0.00018653525846066613,0.8152913199469598,Utsuroi,0.4757230420653323,0.9803921568627451,4.0,0
2024-08-09,0.19728049320810193,1.0,0.9523809523809523,0.3708353459475844,0.8780281981733689,2,0.045231455326228964,0.33751205400260365,0.5,0.00018093920070684613,0.9225968616431667,Utsuroi,0.4757230420653323,0.9803921568627451,4.0,0
2024-08-12,0.19852609846128752,0.0,20.0,0.6417833075130285,0.6588682517671365,2,0.21893266167858885,0.016072002571568628,0.5,0.00017551102468564073,0.22388605696974095,Utsuroi,0.4757230420653323,0.9803921568627451,4.0,0
2024-08-13,0.20131877843543217,2.0,0.48780487804878053,0.6498101905666808,0.6461287865674724,2,0.22994912063665332,0.6589521054329958,0.5,0.0001702456939450715,0.3824533486413594,Utsuroi,0.4757230420653323,0.9803921568627451,4.0,0
2024-08-14,0.19731949553692832,1.0,0.9523809523809523,0.6345843526198629,0.7761641157706629,3,0.14204274968676844,0.33751205400260365,0.75,0.00016513832312671937,0.8514198161849801,Utsuroi,0.4757230420653323,0.9803921568627451,4.0,0
2024-08-15,0.18295081820846323,2.0,0.48780487804878053,0.42787179676877146,0.8470035013918308,2,0.06546288675880821,0.6589521054329958,0.5,0.00016018417343291778,0.43673477628441026,Utsuroi,0.4757230420653323,0.9803921568627451,4.0,0
2024-08-16,0.1864924711362547,1.0,0.9523809523809523,0.0,0.0,0,0.0,0.33751205400260365,0.0,0.00015537864822993025,0.3147741941911577,Utsuroi,0.4757230420653323,0.9803921568627451,4.0,0
2024-08-19,0.177925524001042,1.0,0.9523809523809523,1.3091638883978597e-11,0.9999999999859084,1,1.844823579442009e-22,0.33751205400260365,0.25,0.00015071728878303235,0.559954475552226,Utsuroi,0.4757230420653323,0.9803921568627451,4.0,0
2024-08-20,0.15368656766446429,1.0,0.9523809523809523,1.0907941216871764e-11,0.9999999999880921,1,1.2989088150594682e-22,0.33751205400260365,0.25,0.00014619577011954136,1.0,Utsuroi,0.4757230420653323,0.9803921568627451,4.0,0
2024-08-21,0.16357667622555608,2.0,0.48780487804878053,1.7474799385127345e-11,0.9999999999815252,1,3.2284302636592665e-22,0.6589521054329958,0.25,0.00014180989701595512,0.032537103807382395,Utsuroi,0.4757230420653323,0.9803921568627451,4.0,0
2024-08-22,0.1718763553895292,1.0,0.9523809523809523,1.5004442132063394e-10,0.9999999998489556,1,2.266336947323536e-20,0.33751205400260365,0.25,0.00013755560010547647,0.10991784958038486,Utsuroi,0.4757230420653323,0.9803921568627451,4.0,0
2024-08-23,0.15101637232247725,1.0,0.9523809523809523,1.2787770842142927e-11,0.9999999999862123,1,1.763145710670253e-22,0.33751205400260365,0.25,0.00013342893210231216,1.0,Utsuroi,0.4757230420653323,0.9803921568627451,4.0,0
2024-08-26,0.16102231102231107,1.0,0.9523809523809523,1.2554283054942903,0.4027974092466918,4,0.7497450365462259,0.33751205400260365,1.0,0.0001294260641392428,0.07341867038989425,Utsuroi,0.4757230420653323,0.9803921568627451,4.0,0
2024-08-27,0.15999073390377744,1.0,0.9523809523809523,1.3453367351049592,0.35299359750740733,4,0.8704414811213897,0.33751205400260365,1.0,0.0001255432822150655,0.3109958954384401,Utsuroi,0.4757230420653323,0.9803921568627451,4.0,0
2024-08-28,0.1517243625939278,0.0,20.0,1.0963461256300953,0.36420787069600336,3,0.6970482376685453,0.016072002571568628,0.75,0.00012177698374861354,0.7094468487501067,Utsuroi,0.4757230420653323,0.9803921568627451,4.0,0
2024-08-29,0.1464977051933574,0.0,20.0,1.4085815942953066,0.34776548304594673,5,0.9187255357455696,0.016072002571568628,1.25,0.00011812367423615513,0.150782072181872,Utsuroi,0.4757230420653323,0.9803921568627451,4.0,0
2024-08-30,0.14000564652738567,0.0,20.0,1.2815723487199917,0.3599047721601595,4,0.8203283445471626,0.016072002571568628,1.0,0.00011457996400907047,0.21342943746309828,Utsuroi,0.4757230420653323,0.9803921568627451,4.0,0
2024-09-03,0.15008759356585444,-1.0,0.9523809523809523,1.2475996524495576,0.3746481733638173,5,0.7801887215699975,0.33751205400260365,1.25,0.00011114256508879836,0.7280283812985618,Utsuroi,0.4757230420653323,0.9803921568627451,4.0,0
2024-09-04,0.13450390189520628,0.0,20.0,0.6294293270998759,0.6765680830294433,2,0.20357753386140046,0.016072002571568628,0.5,0.0001078082881361344,0.825938883863029,Utsuroi,0.4757230420653323,0.9803921568627451,4.0,0
2024-09-05,0.0733657646701125,0.0,20.0,1.3468077304669868,0.318519756330606,4,0.9178228603344658,0.016072002571568628,1.0,0.00010457403949205037,0.16964637411879957,Utsuroi,0.4757230420653323,0.9803921568627451,4.0,0
2024-09-06,0.10634872374002811,1.0,0.9523809523809523,1.0919677419555076,0.3863761995143848,3,0.6700573958264341,0.33751205400260365,0.75,0.00010143681830728886,0.8267677351768221,Utsuroi,0.4757230420653323,0.9803921568627451,4.0,0
2024-09-09,0.13305969392925918,1.0,0.9523809523809523,1.514161320192651,0.3339362806766209,5,1.008527920583115,0.33751205400260365,1.25,9.839371375807019e-05,0.043260092376682824,Utsuroi,0.4757230420653323,0.9803921568627451,4.0,0
2024-09-10,0.10780668606755565,1.0,0.9523809523809523,0.8825221958234608,0.5795585044858751,3,0.3710489518364253,0.33751205400260365,0.75,9.544190234532808e-05,0.22405887352791753,Utsuroi,0.4757230420653323,0.9803921568627451,4.0,0
2024-09-11,0.09976038454299326,1.0,0.9523809523809523,0.6245218409284323,0.6830854225935987,2,0.1979200752989019,0.33751205400260365,0.5,9.257864527496823e-05,0.2865967581555211,Utsuroi,0.4757230420653323,0.9803921568627451,4.0,0
2024-09-12,0.10652753044057395,1.0,0.9523809523809523,0.5040814151546196,0.7973301535572371,2,0.10216210300403734,0.33751205400260365,0.5,8.980128591671918e-05,0.8272824974499609,Utsuroi,0.4757230420653323,0.9803921568627451,4.0,0
2024-09-13,0.11242815155858639,2.0,0.48780487804878053,0.565354582119824,0.7808812769180631,3,0.12387977412261789,0.6589521054329958,0.75,8.71072473392176e-05,0.018689014329580922,Utsuroi,0.4757230420653323,0.9803921568627451,4.0,0
2024-09-16,0.11663698620220361,1.0,0.9523809523809523,1.263408134887004,0.3807269307939858,4,0.782394633351321,0.33751205400260365,1.0,8.449402991904106e-05,0.4581331131298637,Utsuroi,0.4757230420653323,0.9803921568627451,4.0,0
2024-09-17,0.12290897508288814,1.0,0.9523809523809523,6.6389116426248344e-12,0.9999999999923611,1,5.071391257724952e-23,0.33751205400260365,0.25,8.195920902146983e-05,0.7289626709394811,Utsuroi,0.4757230420653323,0.9803921568627451,4.0,0
2024-09-18,0.14490219925002534,2.0,0.48780487804878053,0.37598917130715825,0.8754009713811548,2,0.0468478855160765,0.6589521054329958,0.5,7.950043275082573e-05,0.0032930694822129736,Utsuroi,0.4757230420653323,0.9803921568627451,4.0,0
2024-09-19,0.158752841361537,0.0,20.0,0.9691701094288228,0.557008717262935,3,0.42933390996629583,0.016072002571568628,0.75,7.711541976830095e-05,0.3250908652494737,Utsuroi,0.4757230420653323,0.9803921568627451,4.0,0
2024-09-20,0.16003199698851875,0.0,20.0,0.6722554136123116,0.6018476016258757,2,0.2676601052497308,0.016072002571568628,0.5,7.480195717525192e-05,0.4647559707917338,Utsuroi,0.4757230420653323,0.9803921568627451,4.0,0
2024-09-23,0.1666917642692453,2.0,0.48780487804878053,0.662726274366167,0.6227011707293731,2,0.25004584744523906,0.6589521054329958,0.5,7.255789845999435e-05,0.3926705378081826,Utsuroi,0.4757230420653323,0.9803921568627451,4.0,0
2024-09-24,0.15875631345881772,1.0,0.9523809523809523,4.101607942086961e-11,0.9999999999579839,1,1.723333943169907e-21,0.33751205400260365,0.25,7.038116150619452e-05,0.1346630361285427,Utsuroi,0.4757230420653323,0.9803921568627451,4.0,0
2024-09-25,0.17553598969950043,1.0,0.9523809523809523,1.464361965007903e-11,0.9999999999843564,1,2.2907889216598873e-22,0.33751205400260365,0.25,6.826972666100867e-05,1.0,Utsuroi,0.4757230420653323,0.9803921568627451,4.0,0
2024-09-26,0.1741539852073727,1.0,0.9523809523809523,0.90917928316898,0.6863295028904233,4,0.2851827177133426,0.33751205400260365,1.0,6.622163486117841e-05,0.1035202651378282,Utsuroi,0.4757230420653323,0.9803921568627451,4.0,0
2024-09-27,0.16506857866872568,2.0,0.48780487804878053,0.42682886339131565,0.847612108237346,2,0.06504355063565244,0.6589521054329958,0.5,6.423498581534306e-05,0.7497444389828416,Utsuroi,0.4757230420653323,0.9803921568627451,4.0,0
2024-09-30,0.16988290047156515,1.0,0.9523809523809523,1.2170892892096834,0.4715510285064333,4,0.6431695830986934,0.33751205400260365,1.0,6.230793624088277e-05,0.40284052677099413,Utsuroi,0.4757230420653323,0.9803921568627451,4.0,0
2024-10-01,0.16883499244128805,1.0,0.9523809523809523,0.6929365909918841,0.5102609645230817,2,0.3393580977190292,0.33751205400260365,0.5,6.043869815365628e-05,0.21427167458766894,Utsuroi,0.4757230420653323,0.9803921568627451,4.0,0
2024-10-02,0.1682621926555203,1.0,0.9523809523809523,0.34657823327066667,0.8899699145018033,2,0.03813403263858542,0.33751205400260365,0.5,5.862553720904659e-05,0.934685843984048,Utsuroi,0.4757230420653323,0.9803921568627451,4.0,0
2024-10-03,0.16029225912419842,2.0,0.48780487804878053,3.779976331930347e-12,0.99999999999522,1,1.8068113782346756e-23,0.6589521054329958,0.25,5.686677109277519e-05,0.25499437961699933,Utsuroi,0.4757230420653323,0.9803921568627451,4.0,0
2024-10-04,0.15833032322996035,0.0,20.0,0.5382135255393977,0.7708777860007108,2,0.1233166745759498,0.016072002571568628,0.5,5.516076795999193e-05,0.3288390966241662,Utsuroi,0.4757230420653323,0.9803921568627451,4.0,0
2024-10-07,0.17476778026543038,1.0,0.9523809523809523,0.70191206295642,0.7164507618709738,3,0.19902663068486595,0.33751205400260365,0.75,5.350594492119217e-05,0.5782656023588622,Utsuroi,0.4757230420653323,0.9803921568627451,4.0,0
2024-10-08,0.14473318046466718,2.0,0.48780487804878053,0.5387908993530238,0.7704013760001385,2,0.12370564911510215,0.6589521054329958,0.5,5.19007665735564e-05,0.45062564933565796,Utsuroi,0.4757230420653323,0.9803921568627451,4.0,0
2024-10-09,0.12251009859705515,1.0,0.9523809523809523,0.6876630966004824,0.6521126051705078,3,0.23922932319672324,0.33751205400260365,0.75,5.034374357634971e-05,0.9702976829073365,Utsuroi,0.4757230420653323,0.9803921568627451,4.0,0
2024-10-10,0.12121718860849298,2.0,0.48780487804878053,0.6216145775838107,0.6868287509749884,2,0.19467181367407696,0.6589521054329958,0.5,4.883343126905922e-05,0.4513593533385941,Utsuroi,0.4757230420653323,0.9803921568627451,4.0,0
2024-10-11,0.13384369253934472,2.0,0.48780487804878053,0.4972334172939774,0.802274262058756,2,0.09831584436349822,0.6589521054329958,0.5,4.7368428330987443e-05,0.8921617732601081,Utsuroi,0.4757230420653323,0.9803921568627451,4.0,0
2024-10-14,0.11354225484660269,1.0,0.9523809523809523,0.6743758639103323,0.716816591408753,3,0.19097205581379484,0.33751205400260365,0.75,4.594737548105782e-05,0.9407798684167685,Utsuroi,0.4757230420653323,0.9803921568627451,4.0,0
2024-10-15,0.12079080339949905,1.0,0.9523809523809523,0.6273919407195192,0.6793053714259264,2,0.2012012253994134,0.33751205400260365,0.5,4.456895421662608e-05,0.35556969237425395,Utsuroi,0.4757230420653323,0.9803921568627451,4.0,0
2024-10-16,0.12087332956898174,1.0,0.9523809523809523,0.4859196610491595,0.8102090754646956,2,0.09222314172040175,0.33751205400260365,0.5,4.32318855901273e-05,0.8436532525221204,Utsuroi,0.4757230420653323,0.9803921568627451,4.0,0
2024-10-17,0.12215248519596347,1.0,0.9523809523809523,0.3564220514535411,0.8852061876459233,2,0.04091504609341287,0.33751205400260365,0.5,4.193492902242348e-05,0.9299452418527128,Utsuroi,0.4757230420653323,0.9803921568627451,4.0,0
2024-10-18,0.09407983321026799,0.0,20.0,0.026389681178693843,0.995943407165936,2,0.00010705219156272332,0.016072002571568628,0.5,4.0676881151750775e-05,0.23598485376995249,Utsuroi,0.4757230420653323,0.9803921568627451,4.0,0
2024-10-21,0.07417727200335895,0.0,20.0,0.32337877857413444,0.9007740938960059,2,0.03208755231882135,0.016072002571568628,0.5,3.945657471719825e-05,0.9630298312729859,Utsuroi,0.4757230420653323,0.9803921568627451,4.0,0
2024-10-22,0.06672240802675586,0.0,20.0,0.631245411689215,0.6740884008439856,2,0.20573020158352873,0.016072002571568628,0.5,3.827287747568231e-05,0.7692063041211838,Utsuroi,0.4757230420653323,0.9803921568627451,4.0,0
2024-10-23,0.06507188463710203,0.0,20.0,1.1413578794573451,0.5513314736108821,4,0.5120913578587355,0.016072002571568628,1.0,3.712469115141184e-05,0.21991087140954158,Utsuroi,0.4757230420653323,0.9803921568627451,4.0,0
2024-10-24,0.06720381068207158,-1.0,0.9523809523809523,1.288861895238694,0.43241028247743934,4,0.7315447590441225,0.33751205400260365,1.0,3.601095041686948e-05,0.7038286241020005,Utsuroi,0.4757230420653323,0.9803921568627451,4.0,0
2024-10-25,0.061261926479317774,0.0,20.0,1.2767474371194931,0.39004467829417916,4,0.7787588937453027,0.016072002571568628,1.0,3.4930621904363395e-05,0.4815070854056873,Utsuroi,0.4757230420653323,0.9803921568627451,4.0,0
2024-10-28,0.06494863537900786,-0.5,1.8181818181818181,1.3543403135161383,0.3484944277213478,4,0.882360261017381,0.1767920282871665,1.0,3.388270324723249e-05,0.9038840233381299,Utsuroi,0.4757230420653323,0.9803921568627451,4.0,0
2024-10-29,0.06525967217242605,1.0,0.9523809523809523,0.9644719337962291,0.4721257968992826,4,0.5091198534656923,0.33751205400260365,1.0,3.286622214981552e-05,0.7533841486206629,Utsuroi,0.4757230420653323,0.9803921568627451,4.0,0
2024-10-30,0.06202706698755991,0.0,20.0,1.1008812147439624,0.5620430160931411,4,0.4821386164489848,0.016072002571568628,1.0,3.188023548532105e-05,0.4684700024752735,Utsuroi,0.4757230420653323,0.9803921568627451,4.0,0
2024-10-31,0.03619532314126753,0.0,20.0,1.393593763301365,0.38371390890262613,5,0.8588524529626772,0.016072002571568628,1.25,3.0923828420761414e-05,0.19294740737756078,Utsuroi,0.4757230420653323,0.9803921568627451,4.0,0
2024-11-01,0.04402078956228674,0.0,20.0,1.0641135161038953,0.4643895581277245,4,0.5699503105626682,0.016072002571568628,1.0,2.9996113568138572e-05,0.25445728843957505,Utsuroi,0.4757230420653323,0.9803921568627451,4.0,0
2024-11-04,0.05139874779661455,1.0,0.9523809523809523,1.030945928227584,0.47350356591205617,3,0.5427893549493082,0.33751205400260365,0.75,2.9096230161094414e-05,0.9969303454181221,Utsuroi,0.4757230420653323,0.9803921568627451,4.0,0
2024-11-05,0.06305144933751428,0.0,20.0,1.3538222639920632,0.3287902525140151,4,0.9086986999550171,0.016072002571568628,1.0,2.822334325626158e-05,0.21642139832435847,Utsuroi,0.4757230420653323,0.9803921568627451,4.0,0
2024-11-06,0.05628595839210139,2.0,0.48780487804878053,0.6919737681172142,0.5242172810682472,2,0.32922916082425846,0.6589521054329958,0.5,2.7376642958573732e-05,0.785850355480552,Utsuroi,0.4757230420653323,0.9803921568627451,4.0,0
2024-11-07,0.04615963746398528,2.0,0.48780487804878053,0.6428512558469845,0.6572368709295237,2,0.22034570798099778,0.6589521054329958,0.5,2.6555343669816518e-05,0.7637752753368623,Utsuroi,0.4757230420653323,0.9803921568627451,4.0,0
2024-11-08,0.04618714618714619,2.0,0.48780487804878053,1.0653894115052656,0.39605298347106643,3,0.6434387565201214,0.6589521054329958,0.75,2.5758683359722023e-05,0.29649708937639463,Utsuroi,0.4757230420653323,0.9803921568627451,4.0,0
2024-11-11,0.055787690570299274,1.0,0.9523809523809523,0.9737477952807414,0.47854574475256845,3,0.5077649313869474,0.33751205400260365,0.75,2.4985922858930363e-05,0.3815071648029271,Utsuroi,0.4757230420653323,0.9803921568627451,4.0,0
2024-11-12,0.05662670662670664,1.0,0.9523809523809523,1.043956276203508,0.4534898258511418,3,0.5705327263117728,0.33751205400260365,0.75,2.4236345173162452e-05,0.3893133448140782,Utsuroi,0.4757230420653323,0.9803921568627451,4.0,0
2024-11-13,0.052844257192083285,2.0,0.48780487804878053,1.361345054187295,0.33150894646533985,4,0.9100469894978639,0.6589521054329958,1.0,2.3509254817967577e-05,0.03129600570489688,Utsuroi,0.4757230420653323,0.9803921568627451,4.0,0
2024-11-14,0.04858040510214425,2.0,0.48780487804878053,0.9815431475554424,0.49291828265086735,3,0.49772258491468685,0.6589521054329958,0.75,2.280397717342855e-05,0.3652746348287712,Utsuroi,0.4757230420653323,0.9803921568627451,4.0,0
2024-11-15,0.041827013566144,2.0,0.48780487804878053,0.6138317546368105,0.7818516335037731,3,0.13390639457753298,0.6589521054329958,0.75,2.2119857858225692e-05,0.8691546315656451,Utsuroi,0.4757230420653323,0.9803921568627451,4.0,0
2024-11-18,0.05702558311253964,2.0,0.48780487804878053,0.3671351471458295,0.9048109996346386,3,0.03494722765580137,0.6589521054329958,0.75,2.145626212247892e-05,0.9655759348611074,Utsuroi,0.4757230420653323,0.9803921568627451,4.0,0
2024-11-19,0.056805513327252456,3.0,0.3278688524590164,3.981592833201291e-12,0.9999999999950184,1,1.9834586242966295e-23,0.9803921568627451,0.25,2.081257425880455e-05,0.43546328845797844,Katashi,0.4757230420653323,0.9803921568627451,4.0,0
2024-11-20,0.06230725795943188,3.0,0.3278688524590164,0.4236945918149701,0.8494311246449932,2,0.06379521818357874,0.9803921568627451,0.5,2.0188197031040413e-05,0.6792644906628416,Katashi,0.4757230420653323,0.9803921568627451,4.0,0
2024-11-21,0.08725766986636553,3.0,0.3278688524590164,0.8675739656843982,0.6666509263430412,3,0.28920497778978826,0.9803921568627451,0.75,1.95825511201092e-05,0.5476029513874746,Katashi,0.4757230420653323,0.9803921568627451,4.0,0
2024-11-22,0.09139773270208054,3.0,0.3278688524590164,0.7399383743072427,0.7184050692928734,3,0.20836289524059193,0.9803921568627451,0.75,1.8995074586505924e-05,0.8475223544604955,Katashi,0.4757230420653323,0.9803921568627451,4.0,0
2024-11-25,0.1016447320795147,3.0,0.3278688524590164,0.32466868250486336,0.9001884620496721,2,0.032405680525117136,0.9803921568627451,0.5,1.8425222348910745e-05,0.7405674578779289,Katashi,0.4757230420653323,0.9803921568627451,4.0,0
2024-11-26,0.10233245015853713,4.0,0.2469135802469136,0.5175675620289597,0.8502465652937727,3,0.07750752010636505,1.3018322082918514,0.75,0.24145792389478485,0.007795585412260664,Katashi,0.4757230420653323,0.9803921568627451,4.0,0
2024-11-27,0.09915519263345351,4.0,0.2469135802469136,0.30642044222842535,0.908314397701745,2,0.028094342802210813,1.3018322082918514,0.5,0.4756542376070477,0.7558200613230801,Katashi,0.4757230420653323,0.9803921568627451,4.0,0
2024-11-29,0.11579797014579626,4.0,0.2469135802469136,3.2708280528395537e-12,0.9999999999957292,1,1.3969071847767185e-23,1.3018322082918514,0.25,0.7028246619079427,0.874673083161867,Katashi,0.4757230420653323,0.9803921568627451,4.0,0
2024-12-02,0.12343164082294515,4.0,0.2469135802469136,4.816702592319824e-12,0.9999999999941833,1,2.801721990151276e-23,1.3018322082918514,0.25,0.9231799734798108,1.0,Katashi,0.4757230420653323,0.9803921568627451,4.0,0
2024-12-03,0.12285395763656634,4.0,0.2469135802469136,0.08454592787863027,0.9833873018997098,2,0.0014045359754565935,1.3018322082918514,0.5,1.136924625704523,0.7528422618949508,Katashi,0.4757230420653323,0.9803921568627451,4.0,0
2024-12-04,0.1132671676149937,3.5,0.28169014084507044,4.493294625248346e-12,0.9999999999945067,1,2.468289181519344e-23,1.1411121825773787,0.25,1.1835369126480209,0.20835248047065114,Katashi,0.4757230420653323,0.9803921568627451,4.0,0
2024-12-05,0.12627879367009803,3.0,0.3278688524590164,7.65709717850027e-12,0.9999999999913429,1,6.628806499161943e-23,0.9803921568627451,0.25,1.1480308052685801,0.014222524268973524,Katashi,0.4757230420653323,0.9803921568627451,4.0,0
2024-12-06,0.12550854942159292,3.0,0.3278688524590164,5.785594225904094e-12,0.9999999999932144,1,3.9258566785552983e-23,0.9803921568627451,0.25,1.1135898811105227,1.0,Katashi,0.4757230420653323,0.9803921568627451,4.0,0
2024-12-09,0.12854826333087205,2.0,0.48780487804878053,0.66631912678862,0.6531048175542506,3,0.23114289505443075,0.6589521054329958,0.75,1.080182184677207,0.9741963334689879,Katashi,0.4757230420653323,0.9803921568627451,4.0,0
2024-12-10,0.1258936715458455,1.0,0.9523809523809523,0.6931470480607622,0.5002573889270433,2,0.34639511565539755,0.33751205400260365,0.5,1.0477767191368907,0.337720683173641,Katashi,0.4757230420653323,0.9803921568627451,4.0,0
2024-12-11,0.12399556964774355,0.0,20.0,0.7952697735021904,0.5942693541158806,3,0.3226653188551611,0.016072002571568628,0.75,1.016343417562784,0.24283772927856395,Katashi,0.4757230420653323,0.9803921568627451,4.0,0
2024-12-12,0.14305911479824518,0.0,20.0,0.8546980656857255,0.5832159933477676,3,0.35622448429440956,0.016072002571568628,0.75,0.9858531150359003,0.6583359791167036,Katashi,0.4757230420653323,0.9803921568627451,4.0,0
2024-12-13,0.13102404841535278,0.0,20.0,1.254077509938406,0.4394825304015063,5,0.7029323525510551,0.016072002571568628,1.25,0.9562775215848233,0.15372642353992516,Katashi,0.4757230420653323,0.9803921568627451,4.0,0
2024-12-16,0.13220692351127136,0.0,20.0,1.2963678504316791,0.43535082935904224,5,0.7319930315918488,0.016072002571568628,1.25,0.9275891959372785,0.5020775549777491,Katashi,0.4757230420653323,0.9803921568627451,4.0,0
2024-12-17,0.13894656068569114,0.0,20.0,1.4325581985879554,0.32835505943515125,6,0.9621704661462942,0.016072002571568628,1.5,0.8997615200591601,0.11706135831225617,Katashi,0.4757230420653323,0.9803921568627451,4.0,0
2024-12-18,0.1581476494519973,0.0,20.0,1.236727425836327,0.3916579302317322,4,0.7523533219724531,0.016072002571568628,1.0,0.8727686744573853,0.20666708744037376,Katashi,0.4757230420653323,0.9803921568627451,4.0,0
2024-12-19,0.16173753782449435,0.0,20.0,1.6605932422115597,0.27856744272018,6,1.198006029330273,0.016072002571568628,1.5,0.8465856142236636,0.0884459213733354,Katashi,0.4757230420653323,0.9803921568627451,4.0,0
2024-12-20,0.180677293720772,1.0,0.9523809523809523,1.0331642046175702,0.5301384117424378,4,0.4854441741124725,0.33751205400260365,1.0,0.8211880457969537,0.5521578158483142,Katashi,0.4757230420653323,0.9803921568627451,4.0,0
2024-12-23,0.1838407968842752,1.0,0.9523809523809523,1.817364340042288,0.22989153106648158,7,1.3995676694043406,0.33751205400260365,1.75,0.7965524044230451,0.04157847852894925,Katashi,0.4757230420653323,0.9803921568627451,4.0,0
2024-12-24,0.18924626098539143,1.0,0.9523809523809523,1.615211917317771,0.2724258005853474,6,1.1751865176274834,0.33751205400260365,1.5,0.7726558322903537,0.03102474019857082,Katashi,0.4757230420653323,0.9803921568627451,4.0,0
2024-12-26,0.17883420926899188,0.0,20.0,1.6434461312630515,0.29902600814135877,7,1.1520129950361018,0.016072002571568628,1.75,0.7494761573216431,0.520213715475282,Katashi,0.4757230420653323,0.9803921568627451,4.0,0
2024-12-27,0.17606958259132174,0.0,20.0,0.9352412913122266,0.5005985267915992,3,0.4670608786866531,0.016072002571568628,0.75,0.7269918726019937,0.291753126832194,Katashi,0.4757230420653323,0.9803921568627451,4.0,0
2024-12-30,0.17142060837713013,0.0,20.0,1.2404923845496807,0.5518342489930215,5,0.5559462011401453,0.016072002571568628,1.25,0.7051821164239339,0.19867629954302912,Katashi,0.4757230420653323,0.9803921568627451,4.0,0
2024-12-31,0.17249344858040508,0.0,20.0,1.3743869966689266,0.47661897031331885,5,0.7193280815045681,0.016072002571568628,1.25,0.6840266529312159,0.5085984557982235,Katashi,0.4757230420653323,0.9803921568627451,4.0,0
2025-01-02,0.14011568142002928,0.0,20.0,1.4696008333275241,0.4090893923541104,5,0.8684027214184731,0.016072002571568628,1.25,0.6635058533432794,0.4370374742814238,Katashi,0.4757230420653323,0.9803921568627451,4.0,0
2025-01-03,0.12915345524041177,-1.0,0.9523809523809523,1.3622754997998512,0.31454526020634627,4,0.9337781982425765,0.33751205400260365,1.0,0.643600677742981,0.9715880113683596,Katashi,0.4757230420653323,0.9803921568627451,4.0,0
2025-01-06,0.12715907281124675,0.0,20.0,1.0202203990985272,0.5073276603502043,3,0.5026343709823198,0.016072002571568628,0.75,0.6242926574106916,0.8020403700333131,Utsuroi,0.4757230420653323,0.9803921568627451,4.0,0
2025-01-07,0.12480707698099004,-1.0,0.9523809523809523,0.7315090355860396,0.7395763664379764,3,0.19050224103076804,0.33751205400260365,0.75,0.6055638776883708,0.8853036931813191,Utsuroi,0.4757230420653323,0.9803921568627451,4.0,0
2025-01-08,0.1381075446292838,1.0,0.9523809523809523,0.570277143830995,0.742640249153286,2,0.1467663836499206,0.33751205400260365,0.5,0.5873969613577197,0.28510994325143035,Utsuroi,0.4757230420653323,0.9803921568627451,4.0,0
2025-01-10,0.12648510909380478,0.0,20.0,0.9462926253575306,0.5503435948613821,3,0.42550654012745215,0.016072002571568628,0.75,0.5697750525169881,0.1730321945528175,Utsuroi,0.4757230420653323,0.9803921568627451,4.0,0
2025-01-13,0.13215190606494956,0.0,20.0,0.6828623114825465,0.5715875719520309,2,0.2925467008846863,0.016072002571568628,0.5,0.5526818009414785,0.45224317613914544,Utsuroi,0.4757230420653323,0.9803921568627451,4.0,0
2025-01-14,0.13546670720583764,0.0,20.0,0.6370943695187513,0.6658273273705305,2,0.21289952817926794,0.016072002571568628,0.5,0.5361013469132341,0.7616133425342265,Utsuroi,0.4757230420653323,0.9803921568627451,4.0,0
2025-01-15,0.15813389509041684,0.0,20.0,0.7704421521240243,0.7240398165754197,3,0.21261135761817415,0.016072002571568628,0.75,0.520018306505837,0.39022850057809355,Utsuroi,0.4757230420653323,0.9803921568627451,4.0,0
2025-01-16,0.14437953350996827,0.0,20.0,0.6147719463109595,0.7379478754292014,3,0.1611022946573119,0.016072002571568628,0.75,0.5044177573106619,0.8377667991847739,Utsuroi,0.4757230420653323,0.9803921568627451,4.0,0
2025-01-17,0.1342288146635973,1.0,0.9523809523809523,0.5822705763274442,0.7309910996063557,2,0.1566359674694193,0.33751205400260365,0.5,0.489285224591342,0.8966631083192387,Utsuroi,0.4757230420653323,0.9803921568627451,4.0,0
2025-01-21,0.13926291100204147,0.0,20.0,1.0841366138812447,0.557578184104244,4,0.47964568939241636,0.016072002571568628,1.0,0.4746066678536017,0.1289229482622467,Utsuroi,0.4757230420653323,0.9803921568627451,4.0,0
2025-01-22,0.14078964513747122,0.0,20.0,0.9384943865737667,0.6020705939074811,3,0.37345451387046186,0.016072002571568628,0.75,0.4603684678179937,0.31812003296073277,Utsuroi,0.4757230420653323,0.9803921568627451,4.0,0
2025-01-23,0.09322706279228019,0.0,20.0,0.775101250435172,0.6001437874566663,3,0.30992905033660983,0.016072002571568628,0.75,0.44655741378345387,0.6984305325276157,Utsuroi,0.4757230420653323,0.9803921568627451,4.0,0
2025-01-24,0.08600602296254471,-0.5,1.8181818181818181,1.244978868385575,0.4452781414797089,4,0.690616991689335,0.1767920282871665,1.0,0.4331606913699502,0.5396882937661835,Utsuroi,0.4757230420653323,0.9803921568627451,4.0,0
2025-01-27,0.06849084384238624,0.0,20.0,1.1057417323689709,0.41939137562905104,4,0.6420031861402982,0.016072002571568628,1.0,0.4201658706288517,0.46803525653610256,Utsuroi,0.4757230420653323,0.9803921568627451,4.0,0
2025-01-28,0.06494962601939001,0.0,20.0,1.2791616157442316,0.3574667546521737,4,0.8219038642885103,0.016072002571568628,1.0,0.4075608945099861,0.40787555148141463,Utsuroi,0.4757230420653323,0.9803921568627451,4.0,0
2025-01-29,0.06807199429867188,1.0,0.9523809523809523,1.1594316629929822,0.4386045140113174,4,0.6508997019166117,0.33751205400260365,1.0,0.39533406767468654,0.9729070107224085,Utsuroi,0.4757230420653323,0.9803921568627451,4.0,0
2025-01-30,0.08612918413088952,1.0,0.9523809523809523,1.040769694301372,0.49180652406053815,3,0.5289123685994653,0.33751205400260365,0.75,0.3834740456444459,0.12420041224179712,Utsuroi,0.4757230420653323,0.9803921568627451,4.0,0
2025-01-31,0.07610051598792815,0.0,20.0,1.271297831090163,0.47101044876374,4,0.672503269156016,0.016072002571568628,1.0,0.37196982427511255,0.28052224164822714,Utsuroi,0.4757230420653323,0.9803921568627451,4.0,0
2025-02-03,0.06976549611454701,0.0,20.0,1.0031740967277634,0.45759412338564803,3,0.5441275253324332,0.016072002571568628,0.75,0.36081072954685917,0.27948995420942757,Utsuroi,0.4757230420653323,0.9803921568627451,4.0,0
2025-02-04,0.06747930873793716,0.0,20.0,1.6834970671855272,0.2674949640080963,6,1.2331700797909988,0.016072002571568628,1.5,0.34998640766045336,0.08631776795044876,Utsuroi,0.4757230420653323,0.9803921568627451,4.0,0
2025-02-05,0.0617636430892151,0.5,1.8181818181818181,1.2717116660629955,0.44109914456736915,5,0.7107607380262644,0.1767920282871665,1.25,0.33948681543063974,0.49429509102512714,Utsuroi,0.4757230420653323,0.9803921568627451,4.0,0
2025-02-06,0.07414977396343761,0.0,20.0,1.401713525400104,0.37115178529753523,5,0.8814650479721534,0.016072002571568628,1.25,0.32930221096772055,0.4104605507097753,Utsuroi,0.4757230420653323,0.9803921568627451,4.0,0
2025-02-07,0.07497953724456972,0.0,20.0,1.568499850667239,0.3200938995295719,5,1.0664326170556113,0.016072002571568628,1.25,0.3194231446386889,0.35839006887579206,Utsuroi,0.4757230420653323,0.9803921568627451,4.0,0
2025-02-10,0.10111439373257641,1.0,0.9523809523809523,1.5697309843993317,0.27950908790458706,6,1.130976908694305,0.33751205400260365,1.5,0.3098404502995282,0.6873921212487548,Utsuroi,0.4757230420653323,0.9803921568627451,4.0,0
2025-02-11,0.10140983862362687,0.0,20.0,1.3344713525471044,0.37486245266778834,4,0.8342281483163959,0.016072002571568628,1.0,0.30054523679054235,0.9776518027160618,Utsuroi,0.4757230420653323,0.9803921568627451,4.0,0
2025-02-12,0.12574096627625111,0.5,1.8181818181818181,0.906141763580024,0.4856804313277382,4,0.46604644100040055,0.1767920282871665,1.0,0.29152887968682606,0.7741783486936389,Utsuroi,0.4757230420653323,0.9803921568627451,4.0,0
2025-02-13,0.12322990371147534,1.0,0.9523809523809523,0.11508212991015646,0.9754966821985219,2,0.002819894002459549,0.33751205400260365,0.5,0.2827830132962213,0.7698261814226757,Utsuroi,0.4757230420653323,0.9803921568627451,4.0,0
2025-02-14,0.13549391970796285,1.0,0.9523809523809523,0.8092577646972623,0.6783892327461933,3,0.26026601061038707,0.33751205400260365,0.75,0.27429952289733467,0.255576870271069,Utsuroi,0.4757230420653323,0.9803921568627451,4.0,0
2025-02-18,0.13959499987424753,1.0,0.9523809523809523,1.1173578251903225,0.5816143755335971,4,0.46748645144467493,0.33751205400260365,1.0,0.2660705372104146,0.11943353758002395,Utsuroi,0.4757230420653323,0.9803921568627451,4.0,0
2025-02-19,0.12952482300308388,1.0,0.9523809523809523,0.9708288372098834,0.5458029472929027,3,0.44094759654378746,0.33751205400260365,0.75,0.2580884210941022,0.22960669911989495,Utsuroi,0.4757230420653323,0.9803921568627451,4.0,0
2025-02-20,0.13039134778265213,0.0,20.0,1.2029009238526704,0.41026480914791713,4,0.7093930059044015,0.016072002571568628,1.0,0.2503457684612791,0.23500492740487733,Utsuroi,0.4757230420653323,0.9803921568627451,4.0,0
2025-02-21,0.11644442514007733,1.0,0.9523809523809523,1.342229313726151,0.36369012341388296,4,0.8540737689673557,0.33751205400260365,1.0,0.2428353954074407,0.7526005787175991,Utsuroi,0.4757230420653323,0.9803921568627451,4.0,0
2025-02-24,0.11112148720844374,1.0,0.9523809523809523,1.3802337521192178,0.2817267919046425,4,0.9913849250561632,0.33751205400260365,1.0,0.23555033354521748,0.2653758097801192,Utsuroi,0.4757230420653323,0.9803921568627451,4.0,0
2025-02-25,0.1012183468705208,1.0,0.9523809523809523,1.319542007630638,0.3552420842231739,6,0.8507851546198989,0.33751205400260365,1.5,0.22848382353886096,0.43167628130115776,Utsuroi,0.4757230420653323,0.9803921568627451,4.0,0
2025-02-26,0.10212613473483041,1.0,0.9523809523809523,1.1494957182049899,0.3979137068784344,4,0.692095615933154,0.33751205400260365,1.0,0.22162930883269513,0.11908854053765328,Utsuroi,0.4757230420653323,0.9803921568627451,4.0,0
2025-02-27,0.0969682491421622,1.0,0.9523809523809523,1.3169307495955702,0.470795277035013,5,0.6969259725037964,0.33751205400260365,1.25,0.21498042956771427,0.20522075151881847,Utsuroi,0.4757230420653323,0.9803921568627451,4.0,0
2025-02-28,0.11079138253051297,2.0,0.48780487804878053,0.5202689323098513,0.7851832774138708,2,0.11176246690218693,0.6589521054329958,0.5,0.20853101668068283,0.9949996227609731,Utsuroi,0.4757230420653323,0.9803921568627451,4.0,0
2025-03-03,0.09879757923236185,1.0,0.9523809523809523,0.5568151779968207,0.7549644014620231,2,0.13643954041548106,0.33751205400260365,0.5,0.20227508618026233,0.3262951895901156,Utsuroi,0.4757230420653323,0.9803921568627451,4.0,0
2025-03-04,0.0927731688601254,2.0,0.48780487804878053,0.6905321487033985,0.5361438210283017,2,0.320307603954675,0.6589521054329958,0.5,0.19620683359485444,0.0977656900111098,Utsuroi,0.4757230420653323,0.9803921568627451,4.0,0
2025-03-05,0.08789037049906616,0.0,20.0,1.0254042840738729,0.4798170611168145,3,0.533397814032956,0.016072002571568628,0.75,0.1903206285870088,0.3678080188363736,Utsuroi,0.4757230420653323,0.9803921568627451,4.0,0
2025-03-06,0.09677568808003591,0.0,20.0,0.22444579563884298,0.9409137767585934,2,0.01326165438671179,0.016072002571568628,0.5,0.18461100972939853,0.8141843757184922,Utsuroi,0.4757230420653323,0.9803921568627451,4.0,0
2025-03-07,0.11190548581852927,0.0,20.0,9.077516516192389e-12,0.9999999999899225,1,9.147862180811462e-23,0.016072002571568628,0.25,0.17907267943751656,0.7431498408795888,Utsuroi,0.4757230420653323,0.9803921568627451,4.0,0
2025-03-10,0.11279951932125847,1.0,0.9523809523809523,0.3699515021419221,0.8784754922305148,2,0.04495817419637873,0.33751205400260365,0.5,0.17370049905439106,0.5550409528340701,Utsuroi,0.4757230420653323,0.9803921568627451,4.0,0
2025-03-11,0.11153411805585722,0.0,20.0,0.22583625349941613,0.940410596651756,2,0.013457447600432996,0.016072002571568628,0.5,0.16848948408275932,0.23628636003366277,Utsuroi,0.4757230420653323,0.9803921568627451,4.0,0
2025-03-12,0.10266255483646788,0.5,1.8181818181818181,0.43655541847642576,0.8418703132553532,2,0.0690323715703554,0.1767920282871665,0.5,0.16343479956027654,0.9950207160559187,Utsuroi,0.4757230420653323,0.9803921568627451,4.0,0
2025-03-13,0.0739296934949109,0.0,20.0,0.36803601764889526,0.8794416363398946,2,0.04436982005573249,0.016072002571568628,0.5,0.15853175557346824,0.16076503958466137,Utsuroi,0.4757230420653323,0.9803921568627451,4.0,0
2025-03-14,0.06910191258017348,1.0,0.9523809523809523,0.4907657630104999,0.8068448463172603,2,0.09479393637652013,0.33751205400260365,0.5,0.1537758029062642,0.7106057820216283,Utsuroi,0.4757230420653323,0.9803921568627451,4.0,0
2025-03-17,0.060959330524547925,0.0,20.0,1.2987765288503583,0.38252781861862617,4,0.8019583763961595,0.016072002571568628,1.0,0.14916252881907627,0.0946343010084818,Utsuroi,0.4757230420653323,0.9803921568627451,4.0,0
2025-03-18,0.06430164038859691,0.0,20.0,1.0279456642943692,0.440460918670146,4,0.5751757726562778,0.016072002571568628,1.0,0.14468765295450398,0.5427054924090471,Utsuroi,0.4757230420653323,0.9803921568627451,4.0,0
2025-03-19,0.058552317247969436,1.0,0.9523809523809523,1.0781084965177052,0.5556779608231364,4,0.4790273656266494,0.33751205400260365,1.0,0.14034702336586885,0.8944507814411872,Utsuroi,0.4757230420653323,0.9803921568627451,4.0,0
2025-03-20,0.05146882103403844,1.0,0.9523809523809523,9.804601575011814e-12,0.9999999999891954,1,1.0593459672565139e-22,0.33751205400260365,0.25,0.13613661266489277,0.653545219160204,Utsuroi,0.4757230420653323,0.9803921568627451,4.0,0
2025-03-21,0.06797405493057666,1.0,0.9523809523809523,0.9016137986289742,0.5742562701583099,3,0.3838564215050339,0.33751205400260365,0.75,0.132052514284946,0.14991055103973494,Utsuroi,0.4757230420653323,0.9803921568627451,4.0,0
2025-03-24,0.0654019893150328,1.0,0.9523809523809523,1.0754747161902038,0.3990622359843377,3,0.6462933712027201,0.33751205400260365,0.75,0.1280909388563976,0.3420929450254371,Utsuroi,0.4757230420653323,0.9803921568627451,4.0,0
2025-03-25,0.06882682534856449,1.0,0.9523809523809523,0.47066654599078317,0.8204788898287854,2,0.08449458085671645,0.33751205400260365,0.5,0.12424821069070567,0.6287538486021707,Utsuroi,0.4757230420653323,0.9803921568627451,4.0,0
2025-03-26,0.06955580651232826,1.0,0.9523809523809523,3.64667185330439e-11,0.9999999999625333,1,1.3662874724203272e-21,0.33751205400260365,0.25,0.1205207643699845,0.5934762907015174,Utsuroi,0.4757230420653323,0.9803921568627451,4.0,0
2025-03-27,0.07875747440964832,1.0,0.9523809523809523,1.9509860391973223e-10,0.9999999998039014,1,3.82585595431827e-20,0.33751205400260365,0.25,0.11690514143888496,1.0,Utsuroi,0.4757230420653323,0.9803921568627451,4.0,0
2025-03-28,0.07409474583387628,0.5,1.8181818181818181,0.5954642232378677,0.7480279586554994,3,0.15004033587686294,0.1767920282871665,0.75,0.1133979871957184,0.27783254980582894,Utsuroi,0.4757230420653323,0.9803921568627451,4.0,0
2025-03-31,0.09555154989937598,1.0,0.9523809523809523,1.391864401500988e-11,0.9999999999850814,1,2.076469873287748e-22,0.33751205400260365,0.25,0.10999604757984685,0.9885065597511931,Utsuroi,0.4757230420653323,0.9803921568627451,4.0,0
2025-04-01,0.09802733498385673,0.0,20.0,0.9618829347800442,0.5561816487131708,3,0.4269012982450159,0.016072002571568628,0.75,0.10669616615245144,0.09749587447173536,Utsuroi,0.4757230420653323,0.9803921568627451,4.0,0
2025-04-02,0.10721524851959635,0.0,20.0,1.3713815013000528,0.2873724681646306,4,0.9772842144761401,0.016072002571568628,1.0,0.10349528116787789,0.19227427147417264,Utsuroi,0.4757230420653323,0.9803921568627451,4.0,0
2025-04-03,0.12922222704831401,0.0,20.0,1.5359602478648335e-11,0.9999999999836404,1,2.5127665100196893e-22,0.016072002571568628,0.25,0.10039042273284154,0.8634374669622181,Utsuroi,0.4757230420653323,0.9803921568627451,4.0,0
2025-04-04,0.1782702804441935,0.5,1.8181818181818181,1.5006773601428173e-11,0.9999999999839932,1,2.402096955522191e-22,0.1767920282871665,0.25,0.0973787100508563,0.9749434311968219,Utsuroi,0.4757230420653323,0.9803921568627451,4.0,0
2025-04-07,0.1816125903082425,1.5,0.6451612903225806,1.9170687258016174e-10,0.9999999998072931,1,3.694322762972026e-20,0.49823207971788014,0.25,0.09445734874933061,0.06237466480539322,Utsuroi,0.4757230420653323,0.9803921568627451,4.0,0
2025-04-08,0.1606096801748976,0.5,1.8181818181818181,0.5996596269131379,0.7127624894310286,2,0.1722447384232479,0.1767920282871665,0.5,0.09162362828685068,0.8731373759400947,Utsuroi,0.4757230420653323,0.9803921568627451,4.0,0
2025-04-09,0.2425994295559513,0.0,20.0,4.197364677956812e-11,0.9999999999570264,1,1.8037597422649866e-21,0.016072002571568628,0.25,0.08887491943824516,0.2026560658237374,Utsuroi,0.4757230420653323,0.9803921568627451,4.0,0
2025-04-10,0.25087955522738137,1.0,0.9523809523809523,0.25490822633470767,0.9295085879984483,2,0.017968840805144676,0.33751205400260365,0.5,0.0862086718550978,0.556823700444428,Utsuroi,0.4757230420653323,0.9803921568627451,4.0,0
2025-04-11,0.2914961849744458,1.0,0.9523809523809523,0.676138088299562,0.5919576938193029,2,0.2758929448463611,0.33751205400260365,0.5,0.08362241169944486,0.5720146120993022,Utsuroi,0.4757230420653323,0.9803921568627451,4.0,0
2025-04-14,0.2892267153136719,2.0,0.48780487804878053,0.6302752658962518,0.6754177996526225,2,0.20457613262913385,0.6589521054329958,0.5,0.08111373934846151,0.18378632968131614,Utsuroi,0.4757230420653323,0.9803921568627451,4.0,0
2025-04-15,0.29365561974257637,2.0,0.48780487804878053,1.6869838859020086e-11,0.9999999999821302,1,3.0146092880115562e-22,0.6589521054329958,0.25,0.07868032716800767,0.8275623569305439,Utsuroi,0.4757230420653323,0.9803921568627451,4.0,0
2025-04-16,0.2872735959692481,2.0,0.48780487804878053,0.6542305843562346,0.6385804465186172,2,0.23645172567189443,0.6589521054329958,0.5,0.07631991735296743,0.5245247605373904,Utsuroi,0.4757230420653323,0.9803921568627451,4.0,0
2025-04-17,0.28437142567577356,2.0,0.48780487804878053,0.6180565655971056,0.6912999878907304,2,0.19079406928404008,0.6589521054329958,0.5,0.07403031983237841,0.7940132618387016,Utsuroi,0.4757230420653323,0.9803921568627451,4.0,0
2025-04-21,0.30259595476986784,1.0,0.9523809523809523,0.24398490057423636,0.9336910731953175,2,0.01617837691362477,0.33751205400260365,0.5,0.07180941023740706,0.3415265258669783,Utsuroi,0.4757230420653323,0.9803921568627451,4.0,0
2025-04-22,0.29266530570878396,1.0,0.9523809523809523,0.0,0.0,0,0.0,0.33751205400260365,0.0,0.06965512793028485,1.0,Utsuroi,0.4757230420653323,0.9803921568627451,4.0,0
2025-04-23,0.2750872316089707,2.0,0.48780487804878053,1.239439419291875,0.4366351597273858,4,0.6982565904769488,0.6589521054329958,1.0,0.0675654740923763,0.04320048888298489,Utsuroi,0.4757230420653323,0.9803921568627451,4.0,0
2025-04-24,0.2798289297612847,1.5,0.6451612903225806,0.26147165938719796,0.9269445611124225,2,0.019101926833194918,0.49823207971788014,0.5,0.06553850986960501,0.5008953268661295,Utsuroi,0.4757230420653323,0.9803921568627451,4.0,0
2025-04-25,0.2683347811814707,1.0,0.9523809523809523,0.7222145078787543,0.7063869363607463,3,0.21205161426299696,0.33751205400260365,0.75,0.06357235457351686,0.6811398825181115,Utsuroi,0.4757230420653323,0.9803921568627451,4.0,0
2025-04-28,0.2684375989677027,0.0,20.0,0.9031955766555357,0.6322162352423553,3,0.33218066949482483,0.016072002571568628,0.75,0.061665183936311346,0.3193303052060804,Utsuroi,0.4757230420653323,0.9803921568627451,4.0,0
2025-04-29,0.2618700331105835,1.0,0.9523809523809523,0.9851881534692006,0.5081865514419578,3,0.4845287832362173,0.33751205400260365,0.75,0.059815228418222004,0.7170376668765892,Utsuroi,0.4757230420653323,0.9803921568627451,4.0,0
2025-04-30,0.2639537975232681,0.0,20.0,0.6897318684476557,0.5413002555629812,2,0.3163798317870071,0.016072002571568628,0.5,0.05802077156567534,0.48509960895030113,Utsuroi,0.4757230420653323,0.9803921568627451,4.0,0
2025-05-01,0.2561897148697128,1.0,0.9523809523809523,1.2734174331045185,0.41232310904196007,4,0.7483579979786311,0.33751205400260365,1.0,0.05628014841870508,0.3424350263368652,Utsuroi,0.4757230420653323,0.9803921568627451,4.0,0
2025-05-02,0.2553778073954493,0.0,20.0,1.2956351103225923,0.35921339795777113,4,0.8302256198302221,0.016072002571568628,1.0,0.05459174396614393,0.46743711604669846,Utsuroi,0.4757230420653323,0.9803921568627451,4.0,0
2025-05-05,0.25663535055183884,0.0,20.0,1.2699334100347486,0.33425564172385036,4,0.8454510031170261,0.016072002571568628,1.0,0.05295399164715961,0.3970240567015503,Utsuroi,0.4757230420653323,0.9803921568627451,4.0,0
2025-05-06,0.23772032570078785,0.0,20.0,1.066448185316784,0.39779922281457925,3,0.642215926025749,0.016072002571568628,0.75,0.05136537189774482,0.24322689161243027,Utsuroi,0.4757230420653323,0.9803921568627451,4.0,0
2025-05-07,0.21016712278755562,0.0,20.0,1.2694697160162736,0.4151718187219248,4,0.7424216652053918,0.016072002571568628,1.0,0.04982441074081247,0.21086061906700038,Utsuroi,0.4757230420653323,0.9803921568627451,4.0,0
2025-05-08,0.18651000547074426,0.0,20.0,0.3708514069106432,0.8780200613042501,2,0.04523643188019284,0.016072002571568628,0.5,0.048329678418588096,0.7179727230420759,Utsuroi,0.4757230420653323,0.9803921568627451,4.0,0
2025-05-09,0.19520189954972567,0.0,20.0,7.252420886027821e-12,0.9999999999917476,1,5.984986915833866e-23,0.016072002571568628,0.25,0.04687978806603045,0.7487168947495981,Utsuroi,0.4757230420653323,0.9803921568627451,4.0,0
2025-05-12,0.10395546482503007,0.0,20.0,0.17770277847549937,0.9568907062566225,2,0.007660641276314636,0.016072002571568628,0.5,0.04547339442404954,0.5298410180442064,Utsuroi,0.4757230420653323,0.9803921568627451,4.0,0
2025-05-13,0.08856433421650814,0.0,20.0,0.5709318646166186,0.7420214900001377,2,0.14728815174523835,0.016072002571568628,0.5,0.044109192591328054,0.8325804242125189,Utsuroi,0.4757230420653323,0.9803921568627451,4.0,0
2025-05-14,0.0942861486339747,0.0,20.0,1.3599978502845262,0.30063096145326185,4,0.9511403889791199,0.016072002571568628,1.0,0.04278591681358821,0.17098457556627533,Utsuroi,0.4757230420653323,0.9803921568627451,4.0,0
2025-05-15,0.10618367140106272,0.0,20.0,1.212148332647645,0.36939390275208467,5,0.7643881293364991,0.016072002571568628,1.25,0.04150233930918056,0.8415450139676921,Utsuroi,0.4757230420653323,0.9803921568627451,4.0,0
2025-05-16,0.1062937062937063,0.0,20.0,1.265063153001324,0.36412078377405227,4,0.8044273662068081,0.016072002571568628,1.0,0.04025726912990515,0.5316253295348187,Utsuroi,0.4757230420653323,0.9803921568627451,4.0,0
2025-05-19,0.10438185003402396,0.0,20.0,1.619037042896058,0.2671390619130287,6,1.1865290060543612,0.016072002571568628,1.5,0.03904955105600799,0.08792582046634068,Utsuroi,0.4757230420653323,0.9803921568627451,4.0,0
2025-05-20,0.10834310616919314,1.0,0.9523809523809523,1.2011182594258913,0.40004516288977876,4,0.7206167096839731,0.33751205400260365,1.0,0.03787806452432775,0.5592678087893438,Utsuroi,0.4757230420653323,0.9803921568627451,4.0,0
2025-05-21,0.09412109629500935,1.0,0.9523809523809523,0.3891196673347689,0.8685575009281135,2,0.05114686151250316,0.33751205400260365,0.5,0.03674172258859792,0.5625713831307544,Utsuroi,0.4757230420653323,0.9803921568627451,4.0,0
2025-05-22,0.10898956116347423,0.0,20.0,1.2176651094914865,0.5016350735610362,4,0.6068415827190174,0.016072002571568628,1.0,0.03563947091093998,0.110869989721045,Utsuroi,0.4757230420653323,0.9803921568627451,4.0,0
2025-05-23,0.10654128480215437,1.0,0.9523809523809523,0.6536772128151256,0.7636305265125922,3,0.15450933862382743,0.33751205400260365,0.75,0.034570286783611785,0.9211688298979237,Utsuroi,0.4757230420653323,0.9803921568627451,4.0,0
2025-05-27,0.11843880756924235,1.0,0.9523809523809523,0.5211422457448889,0.8028174666470016,3,0.10276014825324804,0.33751205400260365,0.75,0.03353317818010343,0.8624192248628737,Utsuroi,0.4757230420653323,0.9803921568627451,4.0,0
2025-05-28,0.1234591495461061,1.0,0.9523809523809523,0.6815851492409567,0.7551141707902472,3,0.16691054444892478,0.33751205400260365,0.75,0.032527182834700324,0.7799175540528785,Utsuroi,0.4757230420653323,0.9803921568627451,4.0,0
2025-05-29,0.13257829127394347,0.0,20.0,0.6182995367663062,0.6909983466939457,2,0.19105557909915616,0.016072002571568628,0.5,0.03155136734965931,0.37844381006562866,Utsuroi,0.4757230420653323,0.9803921568627451,4.0,0
2025-05-30,0.12455949847254197,1.0,0.9523809523809523,0.6757774436860489,0.5929218280705187,2,0.2750942464068947,0.33751205400260365,0.5,0.030604826329169534,0.7015684097058328,Utsuroi,0.4757230420653323,0.9803921568627451,4.0,0
2025-06-02,0.12578363665320189,2.0,0.48780487804878053,0.6434818914586331,0.6562649407013851,2,0.22118728611811814,0.6589521054329958,0.5,0.029686681539294445,0.17439123425377978,Utsuroi,0.4757230420653323,0.9803921568627451,4.0,0
2025-06-03,0.12018561148995932,1.0,0.9523809523809523,0.599240811830641,0.713222744392545,2,0.1718486354647746,0.33751205400260365,0.5,0.02879608109311561,0.2911951957903923,Utsuroi,0.4757230420653323,0.9803921568627451,4.0,0
2025-06-04,0.11857635118504686,1.0,0.9523809523809523,0.9507199006264242,0.5972966254446169,3,0.3828581122392195,0.33751205400260365,0.75,0.027932198660322143,0.15920196947587062,Utsuroi,0.4757230420653323,0.9803921568627451,4.0,0
2025-06-05,0.11704961704961704,2.0,0.48780487804878053,1.0337981413348918,0.5069683815345729,3,0.509695170788892,0.6589521054329958,0.75,0.027094232700512477,0.1855760001471134,Utsuroi,0.4757230420653323,0.9803921568627451,4.0,0
2025-06-06,0.12290897508288814,2.0,0.48780487804878053,0.9779127044287939,0.5400423597537952,3,0.44979841989585234,0.6589521054329958,0.75,0.0262814057194971,0.5947142606307549,Utsuroi,0.4757230420653323,0.9803921568627451,4.0,0
2025-06-09,0.1253159883594666,1.5,0.6451612903225806,1.208213914064435,0.5070042100432978,4,0.5956443730008752,0.49823207971788014,1.0,0.02549296354791219,0.6483169520025291,Utsuroi,0.4757230420653323,0.9803921568627451,4.0,0
2025-06-10,0.12548104069843202,2.0,0.48780487804878053,0.9812240775463104,0.48847445041154275,3,0.5019211855363034,0.6589521054329958,0.75,0.024728174641474823,0.9640760639255331,Utsuroi,0.4757230420653323,0.9803921568627451,4.0,0
2025-06-11,0.11973171755780455,1.0,0.9523809523809523,1.0320870880766417,0.5052681213330862,3,0.5106063840320215,0.33751205400260365,0.75,0.02398632940223058,0.5537769299608095,Utsuroi,0.4757230420653323,0.9803921568627451,4.0,0
2025-06-12,0.13546670720583767,2.0,0.48780487804878053,1.0081531361420129,0.5118873716200603,3,0.4920922770917571,0.6589521054329958,0.75,0.02326673952016366,0.30503265320728334,Utsuroi,0.4757230420653323,0.9803921568627451,4.0,0
2025-06-13,0.1414085914085914,1.0,0.9523809523809523,0.7749663119484739,0.6758702561182017,3,0.25118963220888063,0.33751205400260365,0.75,0.02256873733455875,0.3819113992278381,Utsuroi,0.4757230420653323,0.9803921568627451,4.0,0
2025-06-16,0.10941594637246813,0.0,20.0,0.9173793409962857,0.5742918211528069,3,0.390535888567567,0.016072002571568628,0.75,0.021891675214521986,0.31834289564738494,Utsuroi,0.4757230420653323,0.9803921568627451,4.0,0
2025-06-17,0.11267573006703444,-1.0,0.9523809523809523,1.0217045047369882,0.545163551367521,4,0.4647084484863775,0.33751205400260365,1.0,0.021234924958086328,0.6159723937413668,Utsuroi,0.4757230420653323,0.9803921568627451,4.0,0
2025-06-18,0.12047445308314875,-1.0,0.9523809523809523,1.101598429332456,0.5211934530479069,4,0.5274525400765226,0.33751205400260365,1.0,0.020597877209343737,0.5008342548632541,Utsuroi,0.4757230420653323,0.9803921568627451,4.0,0
2025-06-20,0.12491711187363361,0.0,20.0,1.1464096956725134,0.5447632333977799,4,0.5218878430593902,0.016072002571568628,1.0,0.019979940893063423,0.4653352214636992,Utsuroi,0.4757230420653323,0.9803921568627451,4.0,0
2025-06-23,0.12179487179487183,0.0,20.0,1.0882587199520513,0.36802079451710035,3,0.6877568811951348,0.016072002571568628,0.75,0.01938054266627152,0.9661561814620188,Utsuroi,0.4757230420653323,0.9803921568627451,4.0,0
2025-06-24,0.10958099871143351,0.0,20.0,1.3191056276611666,0.38277776855597556,4,0.8141813190153957,0.016072002571568628,1.0,0.018799126386283376,0.18885878490802188,Utsuroi,0.4757230420653323,0.9803921568627451,4.0,0
2025-06-25,0.0970507753116449,1.0,0.9523809523809523,1.0559263064552535,0.44017186740746966,3,0.5911372522981725,0.33751205400260365,0.75,0.018235152594694874,0.8569447414277724,Utsuroi,0.4757230420653323,0.9803921568627451,4.0,0
2025-06-26,0.10423055205663903,0.0,20.0,1.2933096430898932,0.3470202470044336,4,0.8445050112916225,0.016072002571568628,1.0,0.017688098016854028,0.2546007039512589,Utsuroi,0.4757230420653323,0.9803921568627451,4.0,0
2025-06-27,0.08669374104156714,1.0,0.9523809523809523,1.3290152802064292,0.4154925620169266,5,0.7768193164738164,0.33751205400260365,1.25,0.017157455076348405,0.746616254464533,Utsuroi,0.4757230420653323,0.9803921568627451,4.0,0
2025-06-30,0.05873112394851527,1.0,0.9523809523809523,1.0191552857497912,0.49817996830705263,4,0.511432537794995,0.33751205400260365,1.0,0.016642731424057953,0.13949672316449346,Utsuroi,0.4757230420653323,0.9803921568627451,4.0,0
2025-07-01,0.055416322807627164,1.0,0.9523809523809523,1.2371159538617493,0.45374189389576675,4,0.6757846179878513,0.33751205400260365,1.0,0.016143449481336215,0.40616058451869186,Utsuroi,0.4757230420653323,0.9803921568627451,4.0,0
2025-07-02,0.05547134025394895,1.0,0.9523809523809523,1.133270450090066,0.5855951364166772,4,0.4696327862725847,0.33751205400260365,1.0,0.015659145996896127,0.5436146590938866,Utsuroi,0.4757230420653323,0.9803921568627451,4.0,0
2025-07-03,0.05710810928202234,1.0,0.9523809523809523,1.3898566956393128,0.3723835006525259,5,0.8722969939117933,0.33751205400260365,1.25,0.015189371616989243,0.11816952042478501,Utsuroi,0.4757230420653323,0.9803921568627451,4.0,0
2025-07-07,0.05577393620871883,1.0,0.9523809523809523,1.4373021768339618,0.44508715161338513,5,0.7975774449392157,0.33751205400260365,1.25,0.014733690468479565,0.4133957052932178,Utsuroi,0.4757230420653323,0.9803921568627451,4.0,0
2025-07-08,0.05736944215205085,1.0,0.9523809523809523,1.0876806396731489,0.39729671906004155,3,0.6555486901458795,0.33751205400260365,0.75,0.014291679754425177,0.19745771270610657,Utsuroi,0.4757230420653323,0.9803921568627451,4.0,0
2025-07-09,0.05487990270598967,1.0,0.9523809523809523,1.03551853012613,0.5038197619620465,3,0.5138038307706949,0.33751205400260365,0.75,0.01386292936179242,0.4295665117401428,Utsuroi,0.4757230420653323,0.9803921568627451,4.0,0
2025-07-10,0.051345031779814386,1.0,0.9523809523809523,0.6871863061282566,0.5545390730427031,2,0.306114648920254,0.33751205400260365,0.5,0.013447041480938646,0.2339963054328481,Utsuroi,0.4757230420653323,0.9803921568627451,4.0,0
2025-07-11,0.04867668563320738,0.0,20.0,1.0661671780863395,0.48873866851793685,4,0.5450900510508958,0.016072002571568628,1.0,0.013043630236510487,0.14695398834538076,Utsuroi,0.4757230420653323,0.9803921568627451,4.0,0
2025-07-14,0.04481171002910134,0.5,1.8181818181818181,1.1390965545756968,0.4089542428605961,4,0.673258185554079,0.1767920282871665,1.0,0.012652321329415172,0.8983695563549728,Utsuroi,0.4757230420653323,0.9803921568627451,4.0,0
2025-07-15,0.0725129942521247,1.0,0.9523809523809523,1.039073621620054,0.4437354499575314,3,0.5779998205914776,0.33751205400260365,0.75,0.012272751689532716,0.6492189734383167,Utsuroi,0.4757230420653323,0.9803921568627451,4.0,0
2025-07-16,0.06475553432075172,1.0,0.9523809523809523,0.6740834076384414,0.5973198822729959,2,0.27143998594566765,0.33751205400260365,0.5,0.011904569138846735,0.29697977504852635,Utsuroi,0.4757230420653323,0.9803921568627451,4.0,0
2025-07-17,0.06992717427500038,0.0,20.0,1.1789471070958766,0.43436172951148794,4,0.6668576026551463,0.016072002571568628,1.0,0.011547432064681333,0.124045882673118,Utsuroi,0.4757230420653323,0.9803921568627451,4.0,0
2025-07-18,0.0819759950194733,0.0,20.0,0.8785894300428806,0.6187394045750997,3,0.33497152923217244,0.016072002571568628,0.75,0.011201009102740894,0.4151699912711715,Utsuroi,0.4757230420653323,0.9803921568627451,4.0,0
2025-07-21,0.06515441080658475,0.0,20.0,1.5073986965588722,0.37221815830588506,6,0.9463175298930372,0.016072002571568628,1.5,0.010864978829658667,0.11094649082119878,Utsuroi,0.4757230420653323,0.9803921568627451,4.0,0
2025-07-22,0.04940566679697116,0.0,20.0,1.6585886781378223,0.3115187687417149,7,1.1419071752753793,0.016072002571568628,1.75,0.010539029464768907,0.0813367707332926,Utsuroi,0.4757230420653323,0.9803921568627451,4.0,0
2025-07-23,0.05258292432205476,0.0,20.0,1.3693175673900502,0.4723372459510664,5,0.7225378787766201,0.016072002571568628,1.25,0.01022285858082584,0.1614941568392656,Utsuroi,0.4757230420653323,0.9803921568627451,4.0,0
2025-07-24,0.06177083785779439,0.0,20.0,1.1174893276794733,0.5184910937379008,5,0.5380810639305117,0.016072002571568628,1.25,0.009916172823401065,0.6111561753696639,Utsuroi,0.4757230420653323,0.9803921568627451,4.0,0
2025-07-25,0.04112554112554113,0.0,20.0,1.34892861685068,0.4679056497596021,5,0.7177572959038412,0.016072002571568628,1.25,0.009618687638699034,0.5094130465295825,Utsuroi,0.4757230420653323,0.9803921568627451,4.0,0
2025-07-28,0.042047083351431175,0.0,20.0,1.2940857822929113,0.3928415118806724,5,0.7857151670736813,0.016072002571568628,1.25,0.009330127009538062,0.47533951395212626,Utsuroi,0.4757230420653323,0.9803921568627451,4.0,0
2025-07-29,0.04252848600674687,-1.0,0.9523809523809523,1.3363583708352476,0.3759132905372411,5,0.8340034983175829,0.33751205400260365,1.25,0.00905022319925192,0.8453692272394822,Utsuroi,0.4757230420653323,0.9803921568627451,4.0,0
2025-07-30,0.06023034936078414,-1.0,0.9523809523809523,1.3627207022217382,0.3448560938554527,4,0.8927781638375901,0.33751205400260365,1.0,0.008778716503274362,0.5805367824294292,Utsuroi,0.4757230420653323,0.9803921568627451,4.0,0
2025-07-31,0.05691554821989605,0.0,20.0,1.247523024952825,0.47020172318627945,4,0.6609355489054469,0.016072002571568628,1.0,0.00851535500817613,0.6452549276154325,Utsuroi,0.4757230420653323,0.9803921568627451,4.0,0
2025-08-01,0.05401337792642142,0.0,20.0,1.511840465763413,0.275330424243052,5,1.0955847889369592,0.016072002571568628,1.25,0.008259894357930847,0.15236143332292795,Utsuroi,0.4757230420653323,0.9803921568627451,4.0,0
2025-08-04,0.05514123557601818,0.0,20.0,1.1471444781632503,0.5023638444248065,4,0.5708605680024713,0.016072002571568628,1.0,0.00801209752719292,0.34105389299446076,Utsuroi,0.4757230420653323,0.9803921568627451,4.0,0
2025-08-05,0.055485019831755585,0.0,20.0,1.0994086482468663,0.5861705507225065,4,0.45496767543491434,0.016072002571568628,1.0,0.007771734601377133,0.623230947363447,Utsuroi,0.4757230420653323,0.9803921568627451,4.0,0
2025-08-06,0.056936639147326405,0.0,20.0,1.3717098182231369,0.4032707817894068,6,0.8185393274400874,0.016072002571568628,1.5,0.007538582563335818,0.1212879971022317,Utsuroi,0.4757230420653323,0.9803921568627451,4.0,0
2025-08-07,0.05909638858946055,-1.0,0.9523809523809523,1.3367174378699578,0.3870084945909694,4,0.8193964345464078,0.33751205400260365,1.0,0.007312425086435744,0.8283362954538258,Utsuroi,0.4757230420653323,0.9803921568627451,4.0,0
2025-08-08,0.05223906528254354,-1.0,0.9523809523809523,1.4785848031678195,0.4009757163275782,5,0.8857082025665318,0.33751205400260365,1.25,0.007093052333842671,0.12009001387380391,Utsuroi,0.4757230420653323,0.9803921568627451,4.0,0
2025-08-11,0.04300988866206258,-1.0,0.9523809523809523,1.475004068225974,0.3843341754307561,5,0.9081095959073335,0.33751205400260365,1.25,0.006880260763827391,0.36375707887689435,Utsuroi,0.4757230420653323,0.9803921568627451,4.0,0
2025-08-12,0.043174941001027964,0.0,20.0,1.143413270311187,0.4148669666087503,4,0.6690488752769937,0.016072002571568628,1.0,0.006673852940912569,0.8064076439479905,Utsuroi,0.4757230420653323,0.9803921568627451,4.0,0
2025-08-13,0.06404030751856839,0.0,20.0,1.478157403436602,0.33658808651496985,5,0.9806272314459399,0.016072002571568628,1.25,0.006473637352685192,0.14275465495213124,Utsuroi,0.4757230420653323,0.9803921568627451,4.0,0
2025-08-14,0.045086797260710305,-1.0,0.9523809523809523,1.4033370701356862,0.38647020644079183,5,0.8609891029343315,0.33751205400260365,1.25,0.006279428232104636,0.970904863733029,Utsuroi,0.4757230420653323,0.9803921568627451,4.0,0
2025-08-15,0.04355057434463962,0.0,20.0,1.5562185359072853,0.3207064566182319,6,1.0571292035328472,0.016072002571568628,1.5,0.006091045385141497,0.3574453040064709,Utsuroi,0.4757230420653323,0.9803921568627451,4.0,0
2025-08-18,0.03714757133359102,0.0,20.0,1.5318109124843935,0.43504405266443796,6,0.8654056852015723,0.016072002571568628,1.5,0.0059083140235872515,0.4857172144760069,Utsuroi,0.4757230420653323,0.9803921568627451,4.0,0
2025-08-19,0.027780489804930905,-0.5,1.8181818181818181,1.6709194790739392,0.3252095439411442,6,1.1275205173219291,0.1767920282871665,1.5,0.0057310646028796335,0.7754822583419756,Utsuroi,0.4757230420653323,0.9803921568627451,4.0,0
2025-08-20,0.05003824797023342,1.0,0.9523809523809523,1.4277799782851701,0.4040136149120693,7,0.8509374279591029,0.33751205400260365,1.75,0.005559132664793244,0.7999402398149127,Utsuroi,0.4757230420653323,0.9803921568627451,4.0,0
2025-08-21,0.05441924716789302,0.0,20.0,1.1250303414429923,0.5065819982200008,5,0.5551102230166715,0.016072002571568628,1.25,0.005392358684849447,0.9777062437827693,Utsuroi,0.4757230420653323,0.9803921568627451,4.0,0
2025-08-22,0.05680029012755113,-1.0,0.9523809523809523,1.4254084281904844,0.3742771789285424,6,0.8919105828663821,0.33751205400260365,1.5,0.005230587924303963,0.5232272005768953,Utsuroi,0.4757230420653323,0.9803921568627451,4.0,0
2025-08-25,0.05877397691408545,0.0,20.0,1.3345093594567152,0.46130287633246353,5,0.718896353446739,0.016072002571568628,1.25,0.005073670286574844,0.8292521880799366,Utsuroi,0.4757230420653323,0.9803921568627451,4.0,0
2025-08-26,0.06268573630245156,-1.0,0.9523809523809523,1.3018110396065055,0.3885856329939359,4,0.7959459727425178,0.33751205400260365,1.0,0.004921460177977599,0.9691375568436322,Utsuroi,0.4757230420653323,0.9803921568627451,4.0,0
2025-08-27,0.06015172856871745,-1.0,0.9523809523809523,1.7033905629124575,0.27772378317554786,7,1.2303184915548837,0.33751205400260365,1.75,0.00477381637263827,0.027826808006724657,Utsuroi,0.4757230420653323,0.9803921568627451,4.0,0
2025-08-28,0.06911303744380426,0.0,20.0,1.6401463880764267,0.31209252867495013,7,1.1282689544245688,0.016072002571568628,1.75,0.004630601881459122,0.7362448707226323,Utsuroi,0.4757230420653323,0.9803921568627451,4.0,0
2025-08-29,0.05299633314014032,-1.0,0.9523809523809523,1.5912529771062707,0.3178769066808495,6,1.0854304029970365,0.33751205400260365,1.5,0.0044916838250153475,0.8898345868513332,Utsuroi,0.4757230420653323,0.9803921568627451,4.0,0
2025-09-02,0.04528867831051595,-1.0,0.9523809523809523,1.6574979381893233,0.33983146518227747,7,1.0942279853178416,0.33751205400260365,1.75,0.004356933310264887,0.2019725732959342,Utsuroi,0.4757230420653323,0.9803921568627451,4.0,0
2025-09-03,0.04354403712381592,1.0,0.9523809523809523,1.4291305293334466,0.3200493675519788,6,0.9717382072710522,0.33751205400260365,1.5,0.00422622531095694,0.04187203524589189,Utsuroi,0.4757230420653323,0.9803921568627451,4.0,0
2025-09-04,0.038862217367989976,1.0,0.9523809523809523,1.2356818804820353,0.5732069057269876,5,0.5273804933080225,0.33751205400260365,1.25,0.004099438551628231,0.2591532518778772,Utsuroi,0.4757230420653323,0.9803921568627451,4.0,0
2025-09-05,0.034210997709480356,1.0,0.9523809523809523,1.3069926936863188,0.4842324454795186,5,0.6741044253987293,0.33751205400260365,1.25,0.003976455395079384,0.47788366934392645,Utsuroi,0.4757230420653323,0.9803921568627451,4.0,0
2025-09-08,0.03207846222327991,-1.0,0.9523809523809523,1.5068875004416546,0.2981155354817244,6,1.0576609263367736,0.33751205400260365,1.5,0.0038571617332270026,0.09684138714099477,Utsuroi,0.4757230420653323,0.9803921568627451,4.0,0
2025-09-09,0.04548191856988712,-1.0,0.9523809523809523,1.4347478832040848,0.44750268298100276,6,0.7926943560689426,0.33751205400260365,1.5,0.0037414468812301924,0.4771103904745969,Utsuroi,0.4757230420653323,0.9803921568627451,4.0,0
2025-09-10,0.0626754804581614,-1.0,0.9523809523809523,1.6429724227138052,0.34191174464802687,7,1.0812208552551326,0.33751205400260365,1.75,0.0036292034747932864,0.0715798943797461,Utsuroi,0.4757230420653323,0.9803921568627451,4.0,0
2025-09-11,0.05838459556342522,0.0,20.0,1.47622483736457,0.4163969094026034,5,0.8615293775026022,0.016072002571568628,1.25,0.0035203273705494875,0.9622707981357895,Utsuroi,0.4757230420653323,0.9803921568627451,4.0,0
2025-09-12,0.06299338810033185,1.0,0.9523809523809523,0.7580269565245257,0.6945977777857752,3,0.23150311702087567,0.33751205400260365,0.75,0.003414717549433003,0.7020561765711029,Utsuroi,0.4757230420653323,0.9803921568627451,4.0,0
2025-09-15,0.054884261523671075,1.0,0.9523809523809523,0.6399414798942171,0.6616402951168943,2,0.21653041027946526,0.33751205400260365,0.5,0.003312276022950013,0.320138486018932,Utsuroi,0.4757230420653323,0.9803921568627451,4.0,0
2025-09-16,0.05706336633027185,1.0,0.9523809523809523,0.8280015207720512,0.5566505196053196,3,0.36709404400029405,0.33751205400260365,0.75,0.0032129077422615123,0.14012853044149876,Utsuroi,0.4757230420653323,0.9803921568627451,4.0,0
2025-09-17,0.07172899564203913,1.0,0.9523809523809523,0.6835751581261855,0.5690704062010228,2,0.29457276522238873,0.33751205400260365,0.5,0.003116520509993667,0.26025861109920145,Utsuroi,0.4757230420653323,0.9803921568627451,4.0,0
2025-09-18,0.07439734178864615,1.0,0.9523809523809523,0.6847021687949459,0.5648891829164397,2,0.29792132012325473,0.33751205400260365,0.5,0.003023024894693857,0.5447151336700002,Utsuroi,0.4757230420653323,0.9803921568627451,4.0,0
2025-09-19,0.06940450853494333,1.0,0.9523809523809523,0.5171208104075721,0.7875987559036036,2,0.10983710347870503,0.33751205400260365,0.5,0.002932334147853041,0.8147372610157017,Utsuroi,0.4757230420653323,0.9803921568627451,4.0,0
2025-09-22,0.051221242525590356,1.5,0.6451612903225806,1.2827446712858048,0.3764532506343295,4,0.7998512700463992,0.49823207971788014,1.0,0.0028443641234174497,0.060765376419870676,Utsuroi,0.4757230420653323,0.9803921568627451,4.0,0
2025-09-23,0.05390334303377781,1.0,0.9523809523809523,1.3626274345613603,0.30322115339325717,4,0.9494499722083696,0.33751205400260365,1.0,0.002759033199714926,0.8145357400180282,Utsuroi,0.4757230420653323,0.9803921568627451,4.0,0
2025-09-24,0.05236285453676759,0.0,20.0,1.4230288308452335,0.41616876470005076,5,0.8308086801798152,0.016072002571568628,1.25,0.002676262203723478,0.49729695308277844,Utsuroi,0.4757230420653323,0.9803921568627451,4.0,0
2025-09-25,0.047370021283064764,0.0,20.0,1.3305517966915559,0.39898620470954194,4,0.79967998516013,0.016072002571568628,1.0,0.0025959743376117736,0.3258638391192623,Utsuroi,0.4757230420653323,0.9803921568627451,4.0,0
2025-09-26,0.0630499934847761,1.0,0.9523809523809523,1.2523076469687653,0.43524029393815106,4,0.7072528986010856,0.33751205400260365,1.0,0.0025180951074834203,0.9256947010265475,Utsuroi,0.4757230420653323,0.9803921568627451,4.0,0
2025-09-29,0.060381647338169094,1.0,0.9523809523809523,1.116854632716249,0.5490956691421955,4,0.5035945908303592,0.33751205400260365,1.0,0.0024425522542589175,0.5180745062803884,Utsuroi,0.4757230420653323,0.9803921568627451,4.0,0
2025-09-30,0.04913057956536218,1.0,0.9523809523809523,0.6676002023588093,0.6125359416163692,2,0.2586710837836775,0.33751205400260365,0.5,0.00236927568663115,0.24264301963859625,Utsuroi,0.4757230420653323,0.9803921568627451,4.0,0
2025-10-01,0.04884173797217276,1.0,0.9523809523809523,0.9974979716838794,0.45006081958391075,3,0.548563217014544,0.33751205400260365,0.75,0.0022981974160322153,0.13071417410986175,Utsuroi,0.4757230420653323,0.9803921568627451,4.0,0
2025-10-02,0.06292125005728817,0.0,20.0,1.0300576420076453,0.4186948421719641,3,0.5987778201592288,0.016072002571568628,0.75,0.0022292514935512487,0.3917636289805173,Utsuroi,0.4757230420653323,0.9803921568627451,4.0,0
2025-10-03,0.0658298915632396,0.0,20.0,1.1499670925265764,0.46263622646783026,4,0.6179506562778988,0.016072002571568628,1.0,0.0021623739487447113,0.3192981312039702,Utsuroi,0.4757230420653323,0.9803921568627451,4.0,0
2025-10-06,0.09286944939118853,0.0,20.0,0.9950805595738398,0.4398025786249192,3,0.5574415635337375,0.016072002571568628,0.75,0.00209750273028237,0.3391382140303363,Utsuroi,0.4757230420653323,0.9803921568627451,4.0,0
2025-10-07,0.09200292461162028,2.0,0.48780487804878053,1.0793746755260272,0.6074176925071217,4,0.4237434007673845,0.6589521054329958,1.0,0.002034577648373899,0.4613805616955451,Utsuroi,0.4757230420653323,0.9803921568627451,4.0,0
2025-10-08,0.09264937960590135,1.0,0.9523809523809523,1.1632905889513767,0.5554104390092695,4,0.5171868522465409,0.33751205400260365,1.0,0.001973540318922682,0.7315057114443593,Utsuroi,0.4757230420653323,0.9803921568627451,4.0,0
2025-10-09,0.10890703499399154,2.0,0.48780487804878053,0.9400288449942344,0.5802509017828101,3,0.3945762599844765,0.6589521054329958,0.75,0.0019143341093550014,0.7092123814095713,Utsuroi,0.4757230420653323,0.9803921568627451,4.0,0
2025-10-10,0.12944229683360117,2.0,0.48780487804878053,2.903622897251973e-10,0.9999999997086377,1,8.460061517319587e-20,0.6589521054329958,0.25,0.0018569040860743514,0.8244534632050475,Utsuroi,0.4757230420653323,0.9803921568627451,4.0,0
2025-10-13,0.14631889849281154,1.0,0.9523809523809523,0.32436318984323576,0.9003273164521951,2,0.0323301495758014,0.33751205400260365,0.5,0.0018011969634921209,0.6971809873262682,Utsuroi,0.4757230420653323,0.9803921568627451,4.0,0
2025-10-14,0.13160173160173164,1.0,0.9523809523809523,0.4376298421507395,0.8412268673517798,2,0.06948386097861906,0.33751205400260365,0.5,0.001747161054587357,0.8815759358847525,Utsuroi,0.4757230420653323,0.9803921568627451,4.0,0
2025-10-15,0.12244132678915289,1.0,0.9523809523809523,2.583122604668667e-11,0.9999999999731688,1,6.930828936998428e-22,0.33751205400260365,0.25,0.0016947462229497364,0.5834750220297831,Utsuroi,0.4757230420653323,0.9803921568627451,4.0,0
2025-10-16,0.12821815865294126,2.0,0.48780487804878053,1.2665349153401455,0.5362192013312306,5,0.587394574578335,0.6589521054329958,1.25,0.0016439038362612442,0.030305017806766976,Utsuroi,0.4757230420653323,0.9803921568627451,4.0,0
2025-10-17,0.11101145231580016,1.0,0.9523809523809523,0.10474903345604038,0.978256510150029,2,0.0022776095457456855,0.33751205400260365,0.5,0.0015945867211734068,0.23978074234018598,Utsuroi,0.4757230420653323,0.9803921568627451,4.0,0
2025-10-20,0.14979875197266498,1.0,0.9523809523809523,0.34244567482601873,0.8919373007795359,2,0.03700560395807291,0.33751205400260365,0.5,0.0015467491195382047,0.9366106789385151,Utsuroi,0.4757230420653323,0.9803921568627451,4.0,0
2025-10-21,0.13821757952192734,2.0,0.48780487804878053,0.5000442188854095,0.8002582396551372,2,0.09987971253044359,0.6589521054329958,0.5,0.0015003466459520584,0.10815233386763423,Utsuroi,0.4757230420653323,0.9803921568627451,4.0,0
2025-10-22,0.13345857041509218,0.0,20.0,0.9555165650076736,0.5864320688303779,3,0.39517100898852725,0.016072002571568628,0.75,0.0014553362465734966,0.34068535301752423,Utsuroi,0.4757230420653323,0.9803921568627451,4.0,0
2025-10-23,0.13797000101347928,-1.0,0.9523809523809523,1.1273020403039782,0.41994201099837347,4,0.6539005544961561,0.33751205400260365,1.0,0.0014116761591762917,0.5291014021650002,Utsuroi,0.4757230420653323,0.9803921568627451,4.0,0
2025-10-24,0.14132606523910873,0.0,20.0,1.249385890522486,0.4763181150222446,4,0.6542807582134269,0.016072002571568628,1.0,0.0013693258744010028,0.48778068611334113,Utsuroi,0.4757230420653323,0.9803921568627451,4.0,0
2025-10-27,0.13955175259523087,0.0,20.0,1.243974287017056,0.5561057703346575,5,0.5521930078589298,0.016072002571568628,1.25,0.0013282460981689727,0.5217788344579297,Utsuroi,0.4757230420653323,0.9803921568627451,4.0,0
2025-10-28,0.15043145260536567,0.0,20.0,0.7230546190255778,0.5048143932471298,3,0.3580462402376461,0.016072002571568628,0.75,0.0012883987152239034,0.3230574368733169,Utsuroi,0.4757230420653323,0.9803921568627451,4.0,0
2025-10-29,0.1529622551361682,0.0,20.0,0.8344741446699699,0.5503358925541096,3,0.3752330714496948,0.016072002571568628,0.75,0.0012497467537671862,0.6423841453259246,Utsuroi,0.4757230420653323,0.9803921568627451,4.0,0
2025-10-30,0.15612575829967135,0.0,20.0,1.1716905288032757,0.4834086729290296,4,0.6052851651909712,0.016072002571568628,1.0,0.0012122543511541705,0.21848420362506016,Utsuroi,0.4757230420653323,0.9803921568627451,4.0,0
2025-10-31,0.15407635842418452,0.0,20.0,0.8065534009546695,0.7017384141698192,3,0.2405638964254654,0.016072002571568628,0.75,0.0011758867206195453,0.4960454483315042,Utsuroi,0.4757230420653323,0.9803921568627451,4.0,0
2025-11-03,0.15058275058275059,0.0,20.0,1.0445781733454087,0.43339187759264636,3,0.5918664775069451,0.016072002571568628,0.75,0.0011406101190009588,0.48297439540107256,Utsuroi,0.4757230420653323,0.9803921568627451,4.0,0
2025-11-04,0.1578450534972274,1.0,0.9523809523809523,1.0624523529606373,0.5866780541541177,4,0.4391348738942268,0.33751205400260365,1.0,0.00110639181543093,0.7316390439857399,Utsuroi,0.4757230420653323,0.9803921568627451,4.0,0
2025-11-05,0.1439806570241353,0.0,20.0,0.7503615616222802,0.6302157891385487,3,0.27747185792526113,0.016072002571568628,0.75,0.001073200060968002,0.5701171778216354,Utsuroi,0.4757230420653323,0.9803921568627451,4.0,0
2025-11-06,0.14552114552114553,1.0,0.9523809523809523,0.28247299882905336,0.9184771652568092,2,0.023027999602954437,0.33751205400260365,0.5,0.0010410040591389618,0.9074672642922587,Utsuroi,0.4757230420653323,0.9803921568627451,4.0,0
2025-11-07,0.13283962414397196,0.0,20.0,1.0738392590844454,0.3887667677760137,3,0.6563662412191962,0.016072002571568628,0.75,0.001009773937364793,0.13018573947034107,Utsuroi,0.4757230420653323,0.9803921568627451,4.0,0
2025-11-10,0.13484776093471745,1.0,0.9523809523809523,1.092404581968864,0.5209423705920315,4,0.5233247493924067,0.33751205400260365,1.0,0.0009794807192438492,0.7434307000062144,Utsuroi,0.4757230420653323,0.9803921568627451,4.0,0
2025-11-11,0.13094152224587008,1.0,0.9523809523809523,1.2092365263431986,0.4399624738704637,4,0.6772178327187187,0.33751205400260365,1.0,0.0009500962976665337,0.40534620452043024,Utsuroi,0.4757230420653323,0.9803921568627451,4.0,0
2025-11-12,0.10828808872287134,1.0,0.9523809523809523,0.6318510475849147,0.6732528500094138,2,0.20645552901693714,0.33751205400260365,0.5,0.0009215934087365376,0.31555899688409217,Utsuroi,0.4757230420653323,0.9803921568627451,4.0,0
2025-11-13,0.130418856505813,1.0,0.9523809523809523,0.36589599058170225,0.8805158219947471,2,0.043718781670072454,0.33751205400260365,0.5,0.0008939456064744415,0.9251707076258411,Utsuroi,0.4757230420653323,0.9803921568627451,4.0,0
2025-11-14,0.12571486484529962,1.0,0.9523809523809523,0.8791983030550732,0.55137981839811,3,0.39442610238064046,0.33751205400260365,0.75,0.0008671272382802082,0.2265573217532273,Utsuroi,0.4757230420653323,0.9803921568627451,4.0,0
2025-11-17,0.1262650393085176,1.0,0.9523809523809523,1.0336197958996638,0.5016485286007932,3,0.5151059461539452,0.33751205400260365,0.75,0.0008411134211318018,0.42859248728569266,Utsuroi,0.4757230420653323,0.9803921568627451,4.0,0
2025-11-18,0.1270077748338618,0.0,20.0,1.0749535237247603,0.4082509126923655,3,0.6361027665622525,0.016072002571568628,0.75,0.0008158800184978477,0.3593811434467925,Utsuroi,0.4757230420653323,0.9803921568627451,4.0,0
2025-11-19,0.06838668577799013,-1.0,0.9523809523809523,0.9952176101513005,0.5093513288484861,3,0.488302197927321,0.33751205400260365,0.75,0.0007914036179429123,0.9130460270081007,Utsuroi,0.4757230420653323,0.9803921568627451,4.0,0
2025-11-20,0.09256685343641867,1.0,0.9523809523809523,0.5676862561876164,0.7450704799443724,2,0.14471998483208512,0.33751205400260365,0.5,0.0007676615094046249,0.44599491504059596,Utsuroi,0.4757230420653323,0.9803921568627451,4.0,0
2025-11-21,0.09450621841926192,0.0,20.0,0.9348100407931961,0.610867292254745,3,0.3637651624013087,0.016072002571568628,0.75,0.0007446316641224861,0.1810308506196041,Utsuroi,0.4757230420653323,0.9803921568627451,4.0,0
2025-11-24,0.07938040558012932,-1.0,0.9523809523809523,1.4153428447118772,0.36120839132146115,5,0.9041091326051593,0.33751205400260365,1.25,0.0007222927141988116,0.3170216237806771,Utsuroi,0.4757230420653323,0.9803921568627451,4.0,0
2025-11-25,0.08032547162981948,0.0,20.0,1.2790739309494867,0.5349556107254546,5,0.594826155055396,0.016072002571568628,1.25,0.0007006239327728472,0.7059743095339848,Utsuroi,0.4757230420653323,0.9803921568627451,4.0,0
2025-11-26,0.09992543688195864,0.0,20.0,1.1892902004224981,0.49630753220668855,4,0.5990365159732101,0.016072002571568628,1.0,0.0006796052147896618,0.36710230946169276,Utsuroi,0.4757230420653323,0.9803921568627451,4.0,0
2025-11-28,0.11552288291418726,0.0,20.0,1.2309593566953907,0.4961440428384218,5,0.6202262048947565,0.016072002571568628,1.25,0.0006592170583459719,0.2395369186602947,Utsuroi,0.4757230420653323,0.9803921568627451,4.0,0
2025-12-01,0.1146150950498777,0.0,20.0,1.4783137182948813,0.3142563500923937,6,1.0137442448920169,0.016072002571568628,1.5,0.0006394405465955927,0.1704977573815002,Utsuroi,0.4757230420653323,0.9803921568627451,4.0,0
2025-12-02,0.10762787936700981,1.0,0.9523809523809523,0.9239542146100537,0.607061754505588,3,0.36305694800604194,0.33751205400260365,0.75,0.0006202573301977249,0.5285725695416291,Utsuroi,0.4757230420653323,0.9803921568627451,4.0,0
2025-12-03,0.11202927507275334,-1.0,0.9523809523809523,1.3268063657370155,0.36955946120587474,5,0.8364725200907192,0.33751205400260365,1.25,0.0006016496102917931,0.06051682456234819,Utsuroi,0.4757230420653323,0.9803921568627451,4.0,0
2025-12-04,0.10677510894902202,0.0,20.0,1.6789398442977042,0.3114606453128154,6,1.1560161569513432,0.016072002571568628,1.5,0.0005836001219830393,0.3064778348985169,Utsuroi,0.4757230420653323,0.9803921568627451,4.0,0
2025-12-05,0.10626619757054541,-1.0,0.9523809523809523,1.097742145217017,0.34678446410255076,3,0.7170622236651493,0.33751205400260365,0.75,0.0005660921183235481,0.5216316632817594,Utsuroi,0.4757230420653323,0.9803921568627451,4.0,0
2025-12-08,0.10577104055364923,0.0,20.0,1.094186628951792,0.37812714033866995,3,0.6804449679494416,0.016072002571568628,0.75,0.0005491093547738417,0.4695653801711315,Utsuroi,0.4757230420653323,0.9803921568627451,4.0,0
2025-12-09,0.10830184308445179,1.0,0.9523809523809523,1.3181882712895834,0.35881044928937045,4,0.8452085454201894,0.33751205400260365,1.0,0.0005326360741306264,0.5913809855668172,Utsuroi,0.4757230420653323,0.9803921568627451,4.0,0
2025-12-10,0.12358293880033012,1.0,0.9523809523809523,1.1427966031850199,0.44917663168559196,4,0.6294790742646366,0.33751205400260365,1.0,0.0005166569919067076,0.4334728214128999,Utsuroi,0.4757230420653323,0.9803921568627451,4.0,0
2025-12-11,0.11373481590872896,1.0,0.9523809523809523,1.0773713154691624,0.4249228652636898,3,0.6195716091470953,0.33751205400260365,0.75,0.0005011572821495064,0.335681615813073,Utsuroi,0.4757230420653323,0.9803921568627451,4.0,0
2025-12-12,0.09251183599009685,1.0,0.9523809523809523,0.045650759734867964,0.9921952671256612,2,0.0003562919852412662,0.33751205400260365,0.5,0.00048612256368502115,0.7804937467180179,Utsuroi,0.4757230420653323,0.9803921568627451,4.0,0
2025-12-15,0.09344713257756737,1.0,0.9523809523809523,1.010816016102253,0.4945531478090569,4,0.5109137734830734,0.33751205400260365,1.0,0.0004715388867744705,0.13380341849015198,Utsuroi,0.4757230420653323,0.9803921568627451,4.0,0
2025-12-16,0.09007731399035748,0.0,20.0,0.6541904100835347,0.6386510067948905,2,0.23639104604812297,0.016072002571568628,0.5,0.0004573927201712364,0.6321054933828082,Utsuroi,0.4757230420653323,0.9803921568627451,4.0,0
2025-12-17,0.08610230349360783,1.0,0.9523809523809523,0.7184395562083995,0.7381114464692122,3,0.18815109617471884,0.33751205400260365,0.75,0.00044367093856609926,0.6127574388935368,Utsuroi,0.4757230420653323,0.9803921568627451,4.0,0
2025-12-18,0.07999536695188872,1.0,0.9523809523809523,0.6905753879965743,0.53584401694615,2,0.3205346980883438,0.33751205400260365,0.5,0.00043036081040911624,0.748122395597609,Utsuroi,0.4757230420653323,0.9803921568627451,4.0,0
2025-12-19,0.10278634409069191,1.0,0.9523809523809523,0.6916774510603292,0.5271017464960517,2,0.32709305859449234,0.33751205400260365,0.5,0.00041744998609684277,0.5104488655395758,Utsuroi,0.4757230420653323,0.9803921568627451,4.0,0
2025-12-22,0.11231811666594278,1.0,0.9523809523809523,2.6479263226142778e-11,0.9999999999725208,1,7.276300584686341e-22,0.33751205400260365,0.25,0.0004049264865139375,0.7672132433291085,Utsuroi,0.4757230420653323,0.9803921568627451,4.0,0
2025-12-23,0.09985666507405638,1.0,0.9523809523809523,3.488476174531354e-11,0.9999999999641153,1,1.251830592084112e-21,0.33751205400260365,0.25,0.0003927786919185194,1.0,Utsuroi,0.4757230420653323,0.9803921568627451,4.0,0
2025-12-24,0.11317088708393058,1.0,0.9523809523809523,0.6764639205349582,0.68639759993114,3,0.21214070903975346,0.33751205400260365,0.75,0.0003809953311609638,0.16768010685151136,Utsuroi,0.4757230420653323,0.9803921568627451,4.0,0
2025-12-26,0.11234562538910367,2.0,0.48780487804878053,0.0,0.0,0,0.0,0.6589521054329958,0.0,0.00036956547122613486,0.48024356131194745,Utsuroi,0.4757230420653323,0.9803921568627451,4.0,0
2025-12-29,0.11307460655286743,0.0,20.0,3.938871451144111e-11,0.9999999999596113,1,1.5908586740612405e-21,0.016072002571568628,0.25,0.0003584785070893508,0.3180041709908481,Utsuroi,0.4757230420653323,0.9803921568627451,4.0,0
2025-12-30,0.11414744675614241,1.0,0.9523809523809523,0.34015033564705865,0.8930218869168491,2,0.036388641072122765,0.33751205400260365,0.5,0.00034772415187667025,0.5557712132573354,Utsuroi,0.4757230420653323,0.9803921568627451,4.0,0
2025-12-31,0.1452873213742779,0.5,1.8181818181818181,0.9947436076735853,0.45400372356912577,3,0.543126305793192,0.1767920282871665,0.75,0.0003372924273203701,0.27248184519137064,Utsuroi,0.4757230420653323,0.9803921568627451,4.0,0
2026-01-02,0.1677344394735699,0.0,20.0,0.9482047320687175,0.4510646239346408,3,0.5205031211850947,0.016072002571568628,0.75,0.000327173654500759,0.35634938125935167,Utsuroi,0.4757230420653323,0.9803921568627451,4.0,0
2026-01-05,0.20097873141351402,1.0,0.9523809523809523,1.9521828597891293e-11,0.9999999999794782,1,4.006231885510101e-22,0.33751205400260365,0.25,0.0003173584448657362,0.8902636509892402,Utsuroi,0.4757230420653323,0.9803921568627451,4.0,0
2026-01-06,0.19810406984320028,1.0,0.9523809523809523,1.1884815353361462e-10,0.9999999998801519,1,1.4243729123611143e-20,0.33751205400260365,0.25,0.0003078376915197641,1.0,Utsuroi,0.4757230420653323,0.9803921568627451,4.0,0
2026-01-07,0.2024642024642025,1.0,0.9523809523809523,0.0,0.0,0,0.0,0.33751205400260365,0.0,0.0002986025607741712,1.0,Utsuroi,0.4757230420653323,0.9803921568627451,4.0,0
2026-01-08,0.20466490031707424,0.0,20.0,1.0379227431960232,0.5889662802073045,4,0.4266212459933001,0.016072002571568628,1.0,0.0002896444839509461,0.05779869153274553,Utsuroi,0.4757230420653323,0.9803921568627451,4.0,0
2026-01-09,0.20994657516396645,0.0,20.0,1.0099532708070467,0.5373824609042117,3,0.46722209674249815,0.016072002571568628,0.75,0.0002809551494324177,0.5314106148971369,Utsuroi,0.4757230420653323,0.9803921568627451,4.0,0
2026-01-12,0.21090938047459787,1.0,0.9523809523809523,0.2849959343258463,0.9174324214804315,2,0.02353142418520711,0.33751205400260365,0.5,0.0002725264949494452,0.922497507427033,Utsuroi,0.4757230420653323,0.9803921568627451,4.0,0
2026-01-13,0.2076358424184511,1.0,0.9523809523809523,0.7735707873874267,0.7061829630996405,3,0.22728827658285172,0.33751205400260365,0.75,0.0002643507001009618,0.23332720383353045,Utsuroi,0.4757230420653323,0.9803921568627451,4.0,0
2026-01-14,0.20276679841897233,1.0,0.9523809523809523,0.400287355293072,0.8625608881512953,2,0.05501513859574673,0.33751205400260365,0.5,0.0002564201790979329,0.4070221635135449,Utsuroi,0.4757230420653323,0.9803921568627451,4.0,0
2026-01-15,0.19392274392274392,0.5,1.8181818181818181,0.644228069159732,0.6551065083122102,2,0.2221900682157829,0.1767920282871665,0.5,0.00024872757372499494,0.9747677718835737,Utsuroi,0.4757230420653323,0.9803921568627451,4.0,0
2026-01-16,0.2007449072666464,1.0,0.9523809523809523,4.627720428972841e-11,0.9999999999527228,1,2.1878558174833195e-21,0.33751205400260365,0.25,0.00024126574651324507,0.7672879357654647,Utsuroi,0.4757230420653323,0.9803921568627451,4.0,0
2026-01-20,0.17463912898695508,1.5,0.6451612903225806,0.0,0.0,0,0.0,0.49823207971788014,0.0,0.00023402777411784772,0.30731158423218874,Utsuroi,0.4757230420653323,0.9803921568627451,4.0,0
2026-01-21,0.21331639375117634,1.0,0.9523809523809523,0.0,0.0,0,0.0,0.33751205400260365,0.0,0.00022700694089431228,0.010810494250987901,Utsuroi,0.4757230420653323,0.9803921568627451,4.0,0
2026-01-22,0.21271120184163664,1.0,0.9523809523809523,0.0,0.0,0,0.0,0.33751205400260365,0.0,0.0002201967326674829,1.0,Utsuroi,0.4757230420653323,0.9803921568627451,4.0,0
2026-01-23,0.2075945793337098,1.5,0.6451612903225806,2.6830648813426924e-11,0.9999999999721694,1,7.467137710331482e-22,0.49823207971788014,0.25,0.0002135908306874584,0.11598992983885725,Utsuroi,0.4757230420653323,0.9803921568627451,4.0,0
2026-01-26,0.19913564696173391,1.0,0.9523809523809523,0.7291784079951931,0.7517646713273485,3,0.18100784176968754,0.33751205400260365,0.75,0.00020718310576683463,0.4596663363011615,Utsuroi,0.4757230420653323,0.9803921568627451,4.0,0
2026-01-27,0.19843417452113105,1.0,0.9523809523809523,3.226974243320186e-11,0.9999999999667303,1,1.0736053052940234e-21,0.33751205400260365,0.25,0.0002009676125938296,0.5977943765274549,Utsuroi,0.4757230420653323,0.9803921568627451,4.0,0
2026-01-28,0.1818326600935297,1.0,0.9523809523809523,0.0,0.0,0,0.0,0.33751205400260365,0.0,0.0001949385842160147,1.0,Utsuroi,0.4757230420653323,0.9803921568627451,4.0,0
2026-01-29,0.1786966656531874,1.0,0.9523809523809523,0.25353708412144266,0.930039374979037,2,0.017737612871128603,0.33751205400260365,0.5,0.00018909042668953426,0.29970363077962037,Utsuroi,0.4757230420653323,0.9803921568627451,4.0,0
2026-01-30,0.17400642835425442,0.0,20.0,6.262212970195857e-11,0.9999999999363779,1,3.9841518729283624e-21,0.016072002571568628,0.25,0.00018341771388884822,0.24837651910048153,Utsuroi,0.4757230420653323,0.9803921568627451,4.0,0
2026-02-02,0.18293300901996556,0.0,20.0,0.6263020637412566,0.6807510194177169,2,0.19994629538597627,0.016072002571568628,0.5,0.00017791518247218277,0.5155952500532085,Utsuroi,0.4757230420653323,0.9803921568627451,4.0,0
2026-02-03,0.12986868204259508,1.0,0.9523809523809523,0.38514452571986185,0.8706524580704217,2,0.049817497689497385,0.33751205400260365,0.5,0.00017257772699801727,0.7369016903171276,Utsuroi,0.4757230420653323,0.9803921568627451,4.0,0
2026-02-04,0.12875457875457877,0.0,20.0,0.5769328302228616,0.7362597770166067,2,0.1521603932894177,0.016072002571568628,0.5,0.00016740039518807674,0.23106315735641714,Utsuroi,0.4757230420653323,0.9803921568627451,4.0,0
2026-02-05,0.11413369239456199,1.0,0.9523809523809523,7.998679496195771e-11,0.9999999999190132,1,6.477872394065e-21,0.33751205400260365,0.25,0.00016237838333243442,0.762311561665638,Utsuroi,0.4757230420653323,0.9803921568627451,4.0,0
2026-02-06,0.1308039786300656,1.0,0.9523809523809523,0.0,0.0,0,0.0,0.33751205400260365,0.0,0.00015750703183246137,1.0,Utsuroi,0.4757230420653323,0.9803921568627451,4.0,0
2026-02-09,0.10388669301712782,0.0,20.0,0.07517450947946745,0.9856437365333031,2,0.0010792250640669413,0.016072002571568628,0.5,0.00015278182087748754,0.10606196396407841,Utsuroi,0.4757230420653323,0.9803921568627451,4.0,0
2026-02-10,0.11688456471065169,-1.0,0.9523809523809523,1.3532335654589922,0.3634116398369587,4,0.8614527363531255,0.33751205400260365,1.0,0.0001481983662511629,0.23700853969900337,Utsuroi,0.4757230420653323,0.9803921568627451,4.0,0
2026-02-11,0.10414802588715634,0.0,20.0,1.1237189374519925,0.4007444784656784,4,0.6733947779207875,0.016072002571568628,1.0,0.000143752415263628,0.6185570481650451,Utsuroi,0.4757230420653323,0.9803921568627451,4.0,0
2026-02-12,0.09269064269064267,0.0,20.0,0.7950964961793298,0.6945020192733762,4,0.242900374065599,0.016072002571568628,1.0,0.00013943984280571917,0.7877918060774107,Utsuroi,0.4757230420653323,0.9803921568627451,4.0,0
2026-02-13,0.08631353909760489,0.0,20.0,1.0789471317501096,0.5668038834362545,4,0.4673957074517393,0.016072002571568628,1.0,0.00013525664752154758,0.6144514995745619,Utsuroi,0.4757230420653323,0.9803921568627451,4.0,0
2026-02-17,0.0870900059272752,0.0,20.0,1.2342044260631502,0.5029084751997217,4,0.6135125600669836,0.016072002571568628,1.0,0.00013119894809590114,0.5191028172802205,Utsuroi,0.4757230420653323,0.9803921568627451,4.0,0
2026-02-18,0.09572367074855848,0.0,20.0,1.1280306396963256,0.4928904848574212,4,0.5720350707623767,0.016072002571568628,1.0,0.0001272629796530241,0.5446837231630202,Utsuroi,0.4757230420653323,0.9803921568627451,4.0,0
2026-02-19,0.09533148011408882,-1.0,0.9523809523809523,1.1110984761348681,0.563675929097694,4,0.4847990102805143,0.33751205400260365,1.0,0.00012344509026343336,0.8902395532874117,Utsuroi,0.4757230420653323,0.9803921568627451,4.0,0
2026-02-20,0.08244364331320854,0.0,20.0,2.504896290355647e-11,0.9999999999739511,1,6.524989513296439e-22,0.016072002571568628,0.25,0.00011974173755553035,0.5285720473459103,Utsuroi,0.4757230420653323,0.9803921568627451,4.0,0
2026-02-23,0.05624603072930668,1.0,0.9523809523809523,1.635530599706289e-10,0.999999999835447,1,2.6913152869865985e-20,0.33751205400260365,0.25,0.00011614948542886444,0.6431106145189919,Utsuroi,0.4757230420653323,0.9803921568627451,4.0,0
2026-02-24,0.05845990021412235,1.0,0.9523809523809523,0.36788998184455324,0.8795151134736632,2,0.04432518271671711,0.33751205400260365,0.5,0.0001126650008659985,0.3018719562239137,Utsuroi,0.4757230420653323,0.9803921568627451,4.0,0
2026-02-25,0.0675590999629923,2.0,0.48780487804878053,8.913736415243777e-11,0.9999999999098627,1,8.034605080686978e-21,0.6589521054329958,0.25,0.00010928505084001854,0.25594732860225,Utsuroi,0.4757230420653323,0.9803921568627451,4.0,0
2026-02-26,0.07222869212252973,2.0,0.48780487804878053,0.0,0.0,0,0.0,0.6589521054329958,0.0,0.00010600649931481798,1.0,Utsuroi,0.4757230420653323,0.9803921568627451,4.0,0
2026-02-27,0.07817787501384414,2.0,0.48780487804878053,7.681233426789904e-11,0.9999999999221877,1,5.976945330962898e-21,0.6589521054329958,0.25,0.00010282630433537344,0.7557323928055285,Utsuroi,0.4757230420653323,0.9803921568627451,4.0,0
2026-03-02,0.08757395316867048,1.0,0.9523809523809523,0.0,0.0,0,0.0,0.33751205400260365,0.0,9.974151520531223e-05,0.11914613521397,Utsuroi,0.4757230420653323,0.9803921568627451,4.0,0
2026-03-03,0.09794467187277231,2.0,0.48780487804878053,0.0,0.0,0,0.0,0.6589521054329958,0.0,9.674926974915286e-05,0.0023150941622109844,Utsuroi,0.4757230420653323,0.9803921568627451,4.0,0
2026-03-04,0.09948514871518983,2.0,0.48780487804878053,3.021760619455089e-11,0.9999999999687824,1,9.433206618727932e-22,0.6589521054329958,0.25,9.384679165667826e-05,0.7557323928055285,Utsuroi,0.4757230420653323,0.9803921568627451,4.0,0
2026-03-05,0.10007727388412023,2.0,0.48780487804878053,0.0,0.0,0,0.0,0.6589521054329958,0.0,9.103138790697792e-05,1.0,Utsuroi,0.4757230420653323,0.9803921568627451,4.0,0
2026-03-06,0.09565663159010891,2.0,0.48780487804878053,3.504152523638497e-11,0.9999999999639585,1,1.2629492409725177e-21,0.6589521054329958,0.25,8.830044626976858e-05,0.7557323928055285,Utsuroi,0.4757230420653323,0.9803921568627451,4.0,0
2026-03-09,0.10053314132731082,2.0,0.48780487804878053,4.055511482106451e-11,0.9999999999584449,1,1.6852715558568864e-21,0.6589521054329958,0.25,8.565143288167552e-05,1.0,Utsuroi,0.4757230420653323,0.9803921568627451,4.0,0
2026-03-10,0.10688917924426157,1.0,0.9523809523809523,1.5478507364583738e-11,0.9999999999835215,1,2.550623551909427e-22,0.33751205400260365,0.25,8.308188989522524e-05,0.10991784958038486,Utsuroi,0.4757230420653323,0.9803921568627451,4.0,0
2026-03-11,0.08896310581100657,1.0,0.9523809523809523,0.6482490664913851,0.7697206520276032,3,0.14927837235535107,0.33751205400260365,0.75,8.058943319836849e-05,0.17089085439907803,Utsuroi,0.4757230420653323,0.9803921568627451,4.0,0
2026-03-12,0.09156347266201705,2.0,0.48780487804878053,0.42173477945651405,0.8505609779628023,2,0.06302363300105472,0.6589521054329958,0.5,7.817175020241743e-05,0.4398227901469469,Utsuroi,0.4757230420653323,0.9803921568627451,4.0,0
2026-03-13,0.10028904365722507,1.0,0.9523809523809523,0.6526273908687465,0.6413673845987671,2,0.23405346806974128,0.33751205400260365,0.5,7.582659769634491e-05,0.5452337369178106,Utsuroi,0.4757230420653323,0.9803921568627451,4.0,0
