date,mean_corr,curv,eta,entropy,dominance,h1_count,v_raw,Oh,Xi,phi,DEF,regime,phi_c,Oh_pre,Xi_c,sps
2004-12-21,0.3653571066614545,2.0,0.48780487804878053,0.6165150102678598,0.693201582931763,2,0.18914582924898726,0.6589521054329958,0.6666666666666666,1e-06,1.0,Utsuroi,1e-06,0.9803921568627451,3.0,0
2004-12-22,0.33051730877817836,1.5,0.6451612903225806,0.6671184731995063,0.7024207092689889,3,0.19852064208826412,0.49823207971788014,1.0,1e-06,0.6200639819376423,Utsuroi,1e-06,0.9803921568627451,3.0,0
2004-12-23,0.3259508607334694,2.0,0.48780487804878053,1.0943657105361961,0.3647031561546606,3,0.6952470819162078,0.6589521054329958,1.0,1e-06,0.15597156069955986,Utsuroi,1e-06,0.9803921568627451,3.0,0
2004-12-27,0.3531707423011771,2.0,0.48780487804878053,3.415079330375991e-11,0.9999999999648492,1,1.2004267211266823e-21,0.6589521054329958,0.3333333333333333,1e-06,0.871972443895453,Utsuroi,1e-06,0.9803921568627451,3.0,0
2004-12-28,0.3559491233404278,2.0,0.48780487804878053,0.6828466592899656,0.571641836534915,2,0.2925029409017183,0.6589521054329958,0.6666666666666666,1e-06,0.2998297943963887,Utsuroi,1e-06,0.9803921568627451,3.0,0
2004-12-29,0.3503425980947686,2.0,0.48780487804878053,0.690703720363644,0.5349390138759061,2,0.32121935331189666,0.6589521054329958,0.6666666666666666,1e-06,0.4269080134255129,Utsuroi,1e-06,0.9803921568627451,3.0,0
2004-12-30,0.3335558018692804,2.0,0.48780487804878053,1.096426689060831,0.3595156595601253,3,0.7022441247838018,0.6589521054329958,1.0,1e-06,0.10445259796377915,Utsuroi,1e-06,0.9803921568627451,3.0,0
2004-12-31,0.3297320815801872,1.0,0.9523809523809523,0.8053252226172671,0.6723436336049251,3,0.26386993620907856,0.33751205400260365,1.0,1e-06,0.400794313900103,Utsuroi,1e-06,0.9803921568627451,3.0,0
2005-01-03,0.3132808278712177,1.0,0.9523809523809523,1.2220295338656029,0.5105471779805825,4,0.5981258039415926,0.33751205400260365,1.3333333333333333,1e-06,0.0865940914294887,Utsuroi,1e-06,0.9803921568627451,3.0,0
2005-01-04,0.37174718958593045,1.0,0.9523809523809523,1.0370330068013143,0.45570198762492137,3,0.5644550043693068,0.33751205400260365,1.0,1e-06,0.2623832592451142,Utsuroi,1e-06,0.9803921568627451,3.0,0
2005-01-05,0.37257267271801925,1.0,0.9523809523809523,0.683052788674779,0.5709238334906732,2,0.2930816720880795,0.33751205400260365,0.6666666666666666,1e-06,0.13335944351753537,Utsuroi,1e-06,0.9803921568627451,3.0,0
2005-01-06,0.3651171755085444,2.0,0.48780487804878053,0.9385362722932873,0.6095158143902972,3,0.3664835719516105,0.6589521054329958,1.0,1e-06,0.05457998142984066,Utsuroi,1e-06,0.9803921568627451,3.0,0
2005-01-07,0.35043838136320854,2.0,0.48780487804878053,0.6292957006239104,0.6767490364162075,2,0.20342044160581682,0.6589521054329958,0.6666666666666666,1e-06,0.338652317678944,Utsuroi,1e-06,0.9803921568627451,3.0,0
2005-01-10,0.3497243411952105,3.0,0.3278688524590164,2.650613062333797e-11,0.9999999999724939,1,7.290805048936036e-22,0.9803921568627451,0.3333333333333333,1e-06,0.537159983085775,Katashi,1e-06,0.9803921568627451,3.0,0
2005-01-11,0.3402347496997153,2.0,0.48780487804878053,1.397715276840675e-11,0.9999999999850229,1,2.0933764308268624e-22,0.6589521054329958,0.3333333333333333,1e-06,0.06529797117021863,Utsuroi,1e-06,0.9803921568627451,3.0,0
2005-01-12,0.3562470048726119,2.0,0.48780487804878053,1.0253020654652968e-11,0.999999999988747,1,1.1537722638558405e-22,0.6589521054329958,0.3333333333333333,1e-06,1.0,Utsuroi,1e-06,0.9803921568627451,3.0,0
2005-01-13,0.29617206112352346,1.0,0.9523809523809523,1.3221712612755179e-10,0.9999999998667829,1,1.7613582643859377e-20,0.33751205400260365,0.3333333333333333,1e-06,0.21261921927841487,Utsuroi,1e-06,0.9803921568627451,3.0,0
2005-01-14,0.3128456303581462,1.0,0.9523809523809523,0.0,0.0,0,0.0,0.33751205400260365,0.0,1e-06,1.0,Utsuroi,1e-06,0.9803921568627451,3.0,0
2005-01-18,0.32741863329975246,1.0,0.9523809523809523,0.0,0.0,0,0.0,0.33751205400260365,0.0,1e-06,1.0,Utsuroi,1e-06,0.9803921568627451,3.0,0
2005-01-19,0.3085526771786824,1.0,0.9523809523809523,9.505851660911987e-11,0.9999999999039415,1,9.131177994116055e-21,0.33751205400260365,0.3333333333333333,1e-06,0.41695817530480817,Utsuroi,1e-06,0.9803921568627451,3.0,0
2005-01-20,0.31523324018406473,1.0,0.9523809523809523,1.3184231484231026e-11,0.9999999999858158,1,1.8700789965746045e-22,0.33751205400260365,0.3333333333333333,1e-06,1.0,Utsuroi,1e-06,0.9803921568627451,3.0,0
2005-01-21,0.312391975781348,1.0,0.9523809523809523,8.981682064344689e-11,0.9999999999091832,1,8.156876104608331e-21,0.33751205400260365,0.3333333333333333,1e-06,1.0,Utsuroi,1e-06,0.9803921568627451,3.0,0
2005-01-24,0.27985519048072255,1.0,0.9523809523809523,0.26779115375780077,0.9244391796349755,2,0.02023451926443585,0.33751205400260365,0.6666666666666666,1e-06,0.1809598758162041,Utsuroi,1e-06,0.9803921568627451,3.0,0
2005-01-25,0.2896964769661491,1.0,0.9523809523809523,0.6930282100900551,0.5077125144584382,2,0.34116911495460245,0.33751205400260365,0.6666666666666666,1e-06,0.28574120688132143,Utsuroi,1e-06,0.9803921568627451,3.0,0
2005-01-26,0.29233824680090426,2.0,0.48780487804878053,0.09167870706218466,0.9816166972462018,2,0.001685357428000916,0.6589521054329958,0.6666666666666666,1e-06,0.6302528332512645,Utsuroi,1e-06,0.9803921568627451,3.0,0
2005-01-27,0.2828758812203808,2.0,0.48780487804878053,7.179701277915472e-12,0.9999999999918203,1,5.87276528909109e-23,0.6589521054329958,0.3333333333333333,1e-06,0.6511730378293875,Utsuroi,1e-06,0.9803921568627451,3.0,0
2005-01-28,0.27758286137069493,1.0,0.9523809523809523,6.107225836135767e-12,0.9999999999928928,1,4.3405298147510516e-23,0.33751205400260365,0.3333333333333333,1e-06,0.21261921927841487,Utsuroi,1e-06,0.9803921568627451,3.0,0
2005-01-31,0.2966987310125445,1.0,0.9523809523809523,0.11698877526492583,0.9749776347659148,2,0.0029273358629672854,0.33751205400260365,0.6666666666666666,1e-06,0.17953992433435795,Utsuroi,1e-06,0.9803921568627451,3.0,0
2005-02-01,0.2981142647389999,1.0,0.9523809523809523,0.2582132125016528,0.9282223029856072,2,0.01853394973205667,0.33751205400260365,0.6666666666666666,1e-06,0.9446442397034597,Utsuroi,1e-06,0.9803921568627451,3.0,0
2005-02-02,0.3053976595621356,1.5,0.6451612903225806,0.4925456507239067,0.8055963618584137,2,0.09575266645154254,0.49823207971788014,0.6666666666666666,1e-06,0.32819238010333995,Utsuroi,1e-06,0.9803921568627451,3.0,0
2005-02-03,0.32204882734954193,1.5,0.6451612903225806,0.4710719210944594,0.8202119655639585,2,0.0846930947715829,0.49823207971788014,0.6666666666666666,1e-06,0.788474652952521,Utsuroi,1e-06,0.9803921568627451,3.0,0
2005-02-04,0.2950100434766906,1.5,0.6451612903225806,4.126021746397439e-11,0.9999999999577398,1,1.7436648499282723e-21,0.49823207971788014,0.3333333333333333,1e-06,0.6247804700923288,Utsuroi,1e-06,0.9803921568627451,3.0,0
2005-02-07,0.29809129630923953,1.0,0.9523809523809523,0.683431308937645,0.5695857908226276,2,0.29415854636345296,0.33751205400260365,0.6666666666666666,1e-06,0.28317880567162534,Utsuroi,1e-06,0.9803921568627451,3.0,0
2005-02-08,0.30226110163433223,2.0,0.48780487804878053,0.6263421448983435,0.6806980792980771,2,0.19999224988260317,0.6589521054329958,0.6666666666666666,1e-06,0.5384299679803436,Utsuroi,1e-06,0.9803921568627451,3.0,0
2005-02-09,0.2931754484051597,2.0,0.48780487804878053,0.6039068761307671,0.7080292113247995,2,0.17632316691027672,0.6589521054329958,0.6666666666666666,1e-06,0.6416245901819706,Utsuroi,1e-06,0.9803921568627451,3.0,0
2005-02-10,0.29036319930404747,2.0,0.48780487804878053,0.5984334614464673,0.7141067849486399,2,0.17108806628724468,0.6589521054329958,0.6666666666666666,1e-06,0.6509511760138702,Utsuroi,1e-06,0.9803921568627451,3.0,0
2005-02-11,0.28945742768428023,2.0,0.48780487804878053,0.6778830251167915,0.5871387718242379,2,0.2798716183092195,0.6589521054329958,0.6666666666666666,1e-06,0.47967120249466744,Utsuroi,1e-06,0.9803921568627451,3.0,0
2005-02-14,0.29643691734352073,1.0,0.9523809523809523,0.6522999450237691,0.6419294981898044,2,0.23356936864542402,0.33751205400260365,0.6666666666666666,1e-06,0.4175989819285413,Utsuroi,1e-06,0.9803921568627451,3.0,0
2005-02-15,0.296131404827057,1.0,0.9523809523809523,1.6526779944416987e-11,0.9999999999824732,1,2.8966086967733023e-22,0.33751205400260365,0.3333333333333333,1e-06,0.7047825071041709,Utsuroi,1e-06,0.9803921568627451,3.0,0
2005-02-16,0.3118526401135097,2.0,0.48780487804878053,1.55768731245639e-11,0.9999999999834231,1,2.5821550487822985e-22,0.6589521054329958,0.3333333333333333,1e-06,0.07051212453160405,Utsuroi,1e-06,0.9803921568627451,3.0,0
2005-02-17,0.31361319839580715,1.0,0.9523809523809523,0.34787536021842713,0.8893484666344433,2,0.03849294202826433,0.33751205400260365,0.6666666666666666,1e-06,0.9259436790110158,Utsuroi,1e-06,0.9803921568627451,3.0,0
2005-02-18,0.3044665479448089,2.0,0.48780487804878053,1.670963367656953e-11,0.9999999999822904,1,2.9592112163848846e-22,0.6589521054329958,0.3333333333333333,1e-06,0.47910387409855193,Utsuroi,1e-06,0.9803921568627451,3.0,0
2005-02-22,0.31567635263287447,2.0,0.48780487804878053,0.0,0.0,0,0.0,0.6589521054329958,0.0,1e-06,1.0,Utsuroi,1e-06,0.9803921568627451,3.0,0
2005-02-23,0.32236097236097244,1.0,0.9523809523809523,0.0,0.0,0,0.0,0.33751205400260365,0.0,1e-06,0.030846946422049104,Utsuroi,1e-06,0.9803921568627451,3.0,0
2005-02-24,0.3235025843721496,2.0,0.48780487804878053,0.0,0.0,0,0.0,0.6589521054329958,0.0,1e-06,0.00820492412620688,Utsuroi,1e-06,0.9803921568627451,3.0,0
2005-02-25,0.35827361044752354,2.5,0.3921568627450981,0.0,0.0,0,0.0,0.8196721311479507,0.0,1e-06,0.0019874985749818164,Utsuroi,1e-06,0.9803921568627451,3.0,0
2005-02-28,0.3920680768506855,2.0,0.48780487804878053,0.0,0.0,0,0.0,0.6589521054329958,0.0,1e-06,0.003073532174881266,Utsuroi,1e-06,0.9803921568627451,3.0,0
2005-03-01,0.380706974185235,1.0,0.9523809523809523,3.181055419023207e-11,0.9999999999671895,1,1.0437212083928532e-21,0.33751205400260365,0.3333333333333333,1e-06,0.7265441216498114,Utsuroi,1e-06,0.9803921568627451,3.0,0
2005-03-02,0.38847818847818855,2.0,0.48780487804878053,1.7782997296757546e-11,0.999999999981217,1,3.3401759676588264e-22,0.6589521054329958,0.3333333333333333,1e-06,0.07051212453160405,Utsuroi,1e-06,0.9803921568627451,3.0,0
2005-03-03,0.3799504842983104,2.0,0.48780487804878053,3.183808772124187e-11,0.9999999999671619,1,1.0455012131706186e-21,0.6589521054329958,0.3333333333333333,1e-06,1.0,Utsuroi,1e-06,0.9803921568627451,3.0,0
2005-03-04,0.4152166673905805,2.0,0.48780487804878053,0.0,0.0,0,0.0,0.6589521054329958,0.0,1e-06,1.0,Utsuroi,1e-06,0.9803921568627451,3.0,0
2005-03-07,0.4093710637188898,1.0,0.9523809523809523,6.993450260884898e-10,0.999999999299655,1,4.897827952415921e-19,0.33751205400260365,0.3333333333333333,1e-06,0.7265441216498114,Utsuroi,1e-06,0.9803921568627451,3.0,0
2005-03-08,0.40183367357280403,2.0,0.48780487804878053,0.0,0.0,0,0.0,0.6589521054329958,0.0,1e-06,0.21077749137231983,Utsuroi,1e-06,0.9803921568627451,3.0,0
2005-03-09,0.40370426674774507,1.0,0.9523809523809523,0.0,0.0,0,0.0,0.33751205400260365,0.0,1e-06,0.030846946422049104,Utsuroi,1e-06,0.9803921568627451,3.0,0
2005-03-10,0.40968741403524017,1.0,0.9523809523809523,0.0,0.0,0,0.0,0.33751205400260365,0.0,1e-06,1.0,Utsuroi,1e-06,0.9803921568627451,3.0,0
2005-03-11,0.4246384050731876,1.0,0.9523809523809523,0.0,0.0,0,0.0,0.33751205400260365,0.0,1e-06,1.0,Utsuroi,1e-06,0.9803921568627451,3.0,0
2005-03-14,0.429369905456862,1.0,0.9523809523809523,0.0,0.0,0,0.0,0.33751205400260365,0.0,1e-06,1.0,Utsuroi,1e-06,0.9803921568627451,3.0,0
2005-03-15,0.44621899839291135,2.0,0.48780487804878053,0.0,0.0,0,0.0,0.6589521054329958,0.0,1e-06,0.00820492412620688,Utsuroi,1e-06,0.9803921568627451,3.0,0
2005-03-16,0.4131947762382545,1.5,0.6451612903225806,0.0,0.0,0,0.0,0.49823207971788014,0.0,1e-06,0.008885133535434853,Utsuroi,1e-06,0.9803921568627451,3.0,0
2005-03-17,0.4075004705439489,2.0,0.48780487804878053,0.0,0.0,0,0.0,0.6589521054329958,0.0,1e-06,0.005089539981662727,Utsuroi,1e-06,0.9803921568627451,3.0,0
2005-03-18,0.4013935340022297,2.0,0.48780487804878053,0.0,0.0,0,0.0,0.6589521054329958,0.0,1e-06,1.0,Utsuroi,1e-06,0.9803921568627451,3.0,0
2005-03-21,0.41304347826086957,1.5,0.6451612903225806,0.0,0.0,0,0.0,0.49823207971788014,0.0,1e-06,0.008885133535434853,Utsuroi,1e-06,0.9803921568627451,3.0,0
2005-03-22,0.4548017200191114,2.0,0.48780487804878053,0.0,0.0,0,0.0,0.6589521054329958,0.0,1e-06,0.005089539981662727,Utsuroi,1e-06,0.9803921568627451,3.0,0
2005-03-23,0.45906557210905036,1.0,0.9523809523809523,0.0,0.0,0,0.0,0.33751205400260365,0.0,1e-06,0.030846946422049104,Utsuroi,1e-06,0.9803921568627451,3.0,0
2005-03-24,0.4498323630000329,2.0,0.48780487804878053,0.0,0.0,0,0.0,0.6589521054329958,0.0,1e-06,0.00820492412620688,Utsuroi,1e-06,0.9803921568627451,3.0,0
2005-03-28,0.45212226024780494,1.0,0.9523809523809523,0.0,0.0,0,0.0,0.33751205400260365,0.0,1e-06,0.030846946422049104,Utsuroi,1e-06,0.9803921568627451,3.0,0
2005-03-29,0.4597424018854996,1.0,0.9523809523809523,0.0,0.0,0,0.0,0.33751205400260365,0.0,1e-06,1.0,Utsuroi,1e-06,0.9803921568627451,3.0,0
2005-03-30,0.4620258240359304,2.0,0.48780487804878053,0.0,0.0,0,0.0,0.6589521054329958,0.0,1e-06,0.00820492412620688,Utsuroi,1e-06,0.9803921568627451,3.0,0
2005-03-31,0.4355380927098561,3.0,0.3278688524590164,0.0,0.0,0,0.0,0.9803921568627451,0.0,1e-06,0.0011941408365824246,Katashi,1e-06,0.9803921568627451,3.0,0
2005-04-01,0.43861912020711186,2.0,0.48780487804878053,0.0,0.0,0,0.0,0.6589521054329958,0.0,1e-06,0.0026412457123632382,Utsuroi,1e-06,0.9803921568627451,3.0,0
2005-04-04,0.43020805421773844,2.0,0.48780487804878053,0.0,0.0,0,0.0,0.6589521054329958,0.0,1e-06,1.0,Utsuroi,1e-06,0.9803921568627451,3.0,0
2005-04-05,0.42355127342626203,2.0,0.48780487804878053,4.5652037704591346e-11,0.999999999953348,1,2.129759574434076e-21,0.6589521054329958,0.3333333333333333,1e-06,0.6511466998765344,Utsuroi,1e-06,0.9803921568627451,3.0,0
2005-04-06,0.3742886852052894,2.0,0.48780487804878053,3.406896986684791e-11,0.999999999964931,1,1.1947629240117551e-21,0.6589521054329958,0.3333333333333333,1e-06,1.0,Utsuroi,1e-06,0.9803921568627451,3.0,0
2005-04-07,0.3590010056158712,2.0,0.48780487804878053,0.0,0.0,0,0.0,0.6589521054329958,0.0,1e-06,1.0,Utsuroi,1e-06,0.9803921568627451,3.0,0
2005-04-08,0.35644936370246094,2.0,0.48780487804878053,3.9994640924368047e-10,0.9999999995990536,1,1.603570678608018e-19,0.6589521054329958,0.3333333333333333,1e-06,0.6511466998765344,Utsuroi,1e-06,0.9803921568627451,3.0,0
2005-04-11,0.32277667030898055,1.0,0.9523809523809523,0.6724330668473055,0.6014166872614883,2,0.2680205993789161,0.33751205400260365,0.6666666666666666,1e-06,0.4939757309526027,Utsuroi,1e-06,0.9803921568627451,3.0,0
2005-04-12,0.3420685590342552,1.5,0.6451612903225806,0.600000525711747,0.7123870180017328,2,0.17256794040048357,0.49823207971788014,0.6666666666666666,1e-06,0.8523323477736244,Utsuroi,1e-06,0.9803921568627451,3.0,0
2005-04-13,0.36604383312929023,2.0,0.48780487804878053,4.7425285919438344e-11,0.9999999999515747,1,2.296581981386596e-21,0.6589521054329958,0.3333333333333333,1e-06,0.8487653350911805,Utsuroi,1e-06,0.9803921568627451,3.0,0
2005-04-14,0.39255648585893904,2.0,0.48780487804878053,0.0,0.0,0,0.0,0.6589521054329958,0.0,1e-06,1.0,Utsuroi,1e-06,0.9803921568627451,3.0,0
2005-04-15,0.35902253650431437,2.0,0.48780487804878053,0.0,0.0,0,0.0,0.6589521054329958,0.0,1e-06,1.0,Utsuroi,1e-06,0.9803921568627451,3.0,0
2005-04-18,0.38596114030896633,2.0,0.48780487804878053,0.0,0.0,0,0.0,0.6589521054329958,0.0,1e-06,1.0,Utsuroi,1e-06,0.9803921568627451,3.0,0
2005-04-19,0.40723913767392034,2.0,0.48780487804878053,7.18809456374906e-11,0.9999999999271191,1,5.2387497014380736e-21,0.6589521054329958,0.3333333333333333,1e-06,0.6511466998765344,Utsuroi,1e-06,0.9803921568627451,3.0,0
2005-04-20,0.4231941971072406,2.0,0.48780487804878053,2.2641222230111714e-11,0.9999999999763588,1,5.35265665446951e-22,0.6589521054329958,0.3333333333333333,1e-06,1.0,Utsuroi,1e-06,0.9803921568627451,3.0,0
2005-04-21,0.3931409170539606,3.0,0.3278688524590164,0.565588025185363,0.7470175666891652,2,0.14308383486286286,0.9803921568627451,0.6666666666666666,1e-06,0.07074109780420235,Katashi,1e-06,0.9803921568627451,3.0,0
2005-04-22,0.3404342034776818,3.0,0.3278688524590164,2.2496671192308924e-11,0.9999999999765034,1,5.285963882683063e-22,0.9803921568627451,0.3333333333333333,1e-06,0.8319322496418505,Katashi,1e-06,0.9803921568627451,3.0,0
2005-04-25,0.35396849527284313,2.0,0.48780487804878053,2.9611646467729215e-11,0.9999999999693884,1,9.064605979508131e-22,0.6589521054329958,0.3333333333333333,1e-06,0.06529797117021863,Utsuroi,1e-06,0.9803921568627451,3.0,0
2005-04-26,0.3624136732832385,1.5,0.6451612903225806,0.6750133817296322,0.5949313419182969,2,0.2734267647244145,0.49823207971788014,0.6666666666666666,1e-06,0.42511621937386823,Utsuroi,1e-06,0.9803921568627451,3.0,0
2005-04-27,0.3597728358597925,2.0,0.48780487804878053,3.385358660007817e-11,0.9999999999651464,1,1.1799181634100475e-21,0.6589521054329958,0.3333333333333333,1e-06,0.8870781416414185,Utsuroi,1e-06,0.9803921568627451,3.0,0
2005-04-28,0.35362463623333196,2.0,0.48780487804878053,0.1695110067911414,0.9595059792707565,2,0.006864182222835409,0.6589521054329958,0.6666666666666666,1e-06,0.4029054524789578,Utsuroi,1e-06,0.9803921568627451,3.0,0
2005-04-29,0.3518778323126149,2.0,0.48780487804878053,0.0,0.0,0,0.0,0.6589521054329958,0.0,1e-06,1.0,Utsuroi,1e-06,0.9803921568627451,3.0,0
2005-05-02,0.3342034776817386,2.0,0.48780487804878053,0.6159930675714954,0.6938407226719967,2,0.18859199240674893,0.6589521054329958,0.6666666666666666,1e-06,0.32961386716325336,Utsuroi,1e-06,0.9803921568627451,3.0,0
2005-05-03,0.33070986984030465,2.0,0.48780487804878053,3.7507885685497823e-11,0.9999999999614921,1,1.4443485445707114e-21,0.6589521054329958,0.3333333333333333,1e-06,0.7948260155931005,Utsuroi,1e-06,0.9803921568627451,3.0,0
2005-05-04,0.3343272669359626,2.0,0.48780487804878053,0.0,0.0,0,0.0,0.6589521054329958,0.0,1e-06,1.0,Utsuroi,1e-06,0.9803921568627451,3.0,0
2005-05-05,0.3590163459728677,2.0,0.48780487804878053,0.0,0.0,0,0.0,0.6589521054329958,0.0,1e-06,1.0,Utsuroi,1e-06,0.9803921568627451,3.0,0
2005-05-06,0.36854811854811864,2.0,0.48780487804878053,0.341833505598626,0.8922271277039507,2,0.03684037874539156,0.6589521054329958,0.6666666666666666,1e-06,0.39940578579327923,Utsuroi,1e-06,0.9803921568627451,3.0,0
2005-05-09,0.3846132128740825,2.0,0.48780487804878053,0.678182199333354,0.5862849370171923,2,0.2805741913110176,0.6589521054329958,0.6666666666666666,1e-06,0.4787196148850432,Utsuroi,1e-06,0.9803921568627451,3.0,0
2005-05-10,0.3866488583879888,2.0,0.48780487804878053,0.07050218242920603,0.9867382680994027,2,0.0009349810417831333,0.6589521054329958,0.6666666666666666,1e-06,0.9979644567952192,Utsuroi,1e-06,0.9803921568627451,3.0,0
2005-05-11,0.3911740433479564,1.0,0.9523809523809523,1.9414025942202398e-11,0.999999999979586,1,3.9631799975909726e-22,0.33751205400260365,0.3333333333333333,1e-06,0.020345211879056246,Utsuroi,1e-06,0.9803921568627451,3.0,0
2005-05-12,0.3944475814041032,1.5,0.6451612903225806,1.7718493339028033e-11,0.9999999999812815,1,3.3166310758375343e-22,0.49823207971788014,0.3333333333333333,1e-06,0.1182711449339966,Utsuroi,1e-06,0.9803921568627451,3.0,0
2005-05-13,0.35969030969030963,2.0,0.48780487804878053,0.0,0.0,0,0.0,0.6589521054329958,0.0,1e-06,0.4544585707009565,Utsuroi,1e-06,0.9803921568627451,3.0,0
2005-05-16,0.3209855362029275,2.0,0.48780487804878053,0.0,0.0,0,0.0,0.6589521054329958,0.0,1e-06,1.0,Utsuroi,1e-06,0.9803921568627451,3.0,0
2005-05-17,0.3380822076474251,1.0,0.9523809523809523,0.0,0.0,0,0.0,0.33751205400260365,0.0,1e-06,0.030846946422049104,Utsuroi,1e-06,0.9803921568627451,3.0,0
2005-05-18,0.364146722842375,1.0,0.9523809523809523,0.0,0.0,0,0.0,0.33751205400260365,0.0,1e-06,1.0,Utsuroi,1e-06,0.9803921568627451,3.0,0
2005-05-19,0.34174086782782437,3.0,0.3278688524590164,0.0,0.0,0,0.0,0.9803921568627451,0.0,1e-06,0.00293730709023865,Katashi,1e-06,0.9803921568627451,3.0,0
2005-05-20,0.33601905341035787,3.0,0.3278688524590164,7.532441337041109e-11,0.9999999999236756,1,5.749089996880745e-21,0.9803921568627451,0.3333333333333333,1e-06,0.7571163687425386,Katashi,1e-06,0.9803921568627451,3.0,0
2005-05-23,0.348384224471181,2.0,0.48780487804878053,0.19608597593370758,0.950822603941551,2,0.009642997699999427,0.6589521054329958,0.6666666666666666,1e-06,0.727719392707534,Utsuroi,1e-06,0.9803921568627451,3.0,0
2005-05-24,0.36167093775789433,2.0,0.48780487804878053,6.74963973372987e-10,0.999999999324036,1,4.562513145476636e-19,0.6589521054329958,0.3333333333333333,1e-06,0.65200584125449,Utsuroi,1e-06,0.9803921568627451,3.0,0
2005-05-25,0.3404479578392622,1.0,0.9523809523809523,0.0,0.0,0,0.0,0.33751205400260365,0.0,1e-06,0.22879491661612328,Utsuroi,1e-06,0.9803921568627451,3.0,0
2005-05-26,0.32787647135473225,0.5,1.8181818181818181,0.0,0.0,0,0.0,0.1767920282871665,0.0,1e-06,0.34010269420659744,Utsuroi,1e-06,0.9803921568627451,3.0,0
2005-05-27,0.33379084683432514,1.0,0.9523809523809523,0.0,0.0,0,0.0,0.33751205400260365,0.0,1e-06,0.10882048213754292,Utsuroi,1e-06,0.9803921568627451,3.0,0
2005-05-31,0.31566259827129395,2.0,0.48780487804878053,0.0,0.0,0,0.0,0.6589521054329958,0.0,1e-06,0.00820492412620688,Utsuroi,1e-06,0.9803921568627451,3.0,0
2005-06-01,0.3454958085392868,1.0,0.9523809523809523,0.0,0.0,0,0.0,0.33751205400260365,0.0,1e-06,0.030846946422049104,Utsuroi,1e-06,0.9803921568627451,3.0,0
2005-06-02,0.34857678553330734,1.0,0.9523809523809523,1.376354585761959e-10,0.9999999998613646,1,1.908115187264543e-20,0.33751205400260365,0.3333333333333333,1e-06,0.41695817530480817,Utsuroi,1e-06,0.9803921568627451,3.0,0
2005-06-03,0.3664987186726318,2.0,0.48780487804878053,1.4802159497007043e-10,0.9999999998509784,1,2.2058410899604867e-20,0.6589521054329958,0.3333333333333333,1e-06,0.07051212453160405,Utsuroi,1e-06,0.9803921568627451,3.0,0
2005-06-06,0.3656321938930635,3.0,0.3278688524590164,6.497846704927031e-11,0.9999999999340216,1,4.287178209828314e-21,0.9803921568627451,0.3333333333333333,1e-06,0.031102950540297325,Katashi,1e-06,0.9803921568627451,3.0,0
2005-06-07,0.3650957737914261,2.0,0.48780487804878053,0.3366950728966963,0.8946436854452566,2,0.03547295200913658,0.6589521054329958,0.6666666666666666,1e-06,0.7425652578145483,Utsuroi,1e-06,0.9803921568627451,3.0,0
2005-06-08,0.3299396255917996,2.0,0.48780487804878053,3.3649971697368985e-11,0.99999999996535,1,1.1659698225560304e-21,0.6589521054329958,0.3333333333333333,1e-06,0.6622612526538196,Utsuroi,1e-06,0.9803921568627451,3.0,0
2005-06-09,0.3248917748917749,1.0,0.9523809523809523,7.985723193499444e-11,0.9999999999191428,1,6.4570329579361645e-21,0.33751205400260365,0.3333333333333333,1e-06,0.21261921927841487,Utsuroi,1e-06,0.9803921568627451,3.0,0
2005-06-10,0.3061995975039454,1.0,0.9523809523809523,0.4620585726542881,0.8260730528894432,2,0.08036443692802173,0.33751205400260365,0.6666666666666666,1e-06,0.19353138520402846,Utsuroi,1e-06,0.9803921568627451,3.0,0
2005-06-13,0.2900932400932401,1.0,0.9523809523809523,0.9499813614501965,0.4966435578077725,3,0.47817923824849945,0.33751205400260365,1.0,1e-06,0.11070324344330185,Utsuroi,1e-06,0.9803921568627451,3.0,0
2005-06-14,0.24411240932980063,1.0,0.9523809523809523,0.39521432087847647,0.8948437528624488,3,0.04155925479859655,0.33751205400260365,1.0,1e-06,0.9087721498000345,Utsuroi,1e-06,0.9803921568627451,3.0,0
2005-06-15,0.25418060200668896,1.0,0.9523809523809523,1.1036170546259276,0.5118663383010391,4,0.5387126339879762,0.33751205400260365,1.3333333333333333,1e-06,0.16037813342118046,Utsuroi,1e-06,0.9803921568627451,3.0,0
2005-06-16,0.2697367849541762,1.0,0.9523809523809523,0.921247859448439,0.5442389925519947,3,0.41986885253153894,0.33751205400260365,1.0,1e-06,0.05214970014910536,Utsuroi,1e-06,0.9803921568627451,3.0,0
2005-06-17,0.2529427094644486,0.0,20.0,1.1606748007958685,0.541168466636813,4,0.53255419858518,0.016072002571568628,1.3333333333333333,1e-06,0.19932443596116234,Utsuroi,1e-06,0.9803921568627451,3.0,0
2005-06-20,0.21912073433812565,0.5,1.8181818181818181,0.7220247909813636,0.7573674011509295,3,0.17518675146926518,0.1767920282871665,1.0,1e-06,0.5582962730070807,Utsuroi,1e-06,0.9803921568627451,3.0,0
2005-06-21,0.20947892687023126,0.0,20.0,1.1880690144442596,0.5243465257098984,5,0.5651091544168291,0.016072002571568628,1.6666666666666667,1e-06,0.05918422465501938,Utsuroi,1e-06,0.9803921568627451,3.0,0
2005-06-22,0.2032344467127076,0.0,20.0,1.1626948450260732,0.48995116470765204,4,0.5930311515059657,0.016072002571568628,1.3333333333333333,1e-06,0.5972551351351651,Utsuroi,1e-06,0.9803921568627451,3.0,0
2005-06-23,0.22513139034878163,0.0,20.0,0.8413036911340578,0.5764809815348321,3,0.35630811350021896,0.016072002571568628,1.0,1e-06,0.3966090510713539,Utsuroi,1e-06,0.9803921568627451,3.0,0
2005-06-24,0.2180754028580116,2.0,0.48780487804878053,0.0,0.0,0,0.0,0.6589521054329958,0.0,1e-06,0.6379091378245714,Utsuroi,1e-06,0.9803921568627451,3.0,0
2005-06-27,0.2084748584748585,0.5,1.8181818181818181,0.0,0.0,0,0.0,0.1767920282871665,0.0,1e-06,0.2379279650384123,Utsuroi,1e-06,0.9803921568627451,3.0,0
2005-06-28,0.2042247607464999,1.0,0.9523809523809523,0.0,0.0,0,0.0,0.33751205400260365,0.0,1e-06,0.10882048213754292,Utsuroi,1e-06,0.9803921568627451,3.0,0
2005-06-29,0.20038729386555476,0.0,20.0,6.34940988654433e-11,0.9999999999355059,1,4.094993285133468e-21,0.016072002571568628,0.3333333333333333,1e-06,0.04091989168630894,Utsuroi,1e-06,0.9803921568627451,3.0,0
2005-06-30,0.22789601702645187,1.0,0.9523809523809523,0.6316466598847045,0.6735353187086297,2,0.20621032550801863,0.33751205400260365,0.6666666666666666,1e-06,0.6545088033934476,Utsuroi,1e-06,0.9803921568627451,3.0,0
2005-07-01,0.17737624694146437,1.0,0.9523809523809523,1.261410786228615,0.3591575053273505,4,0.8083656350537337,0.33751205400260365,1.3333333333333333,1e-06,0.03255123203492505,Utsuroi,1e-06,0.9803921568627451,3.0,0
2005-07-05,0.1825616412572935,0.0,20.0,8.298584042122925e-12,0.9999999999907014,1,7.716489756770122e-23,0.016072002571568628,0.3333333333333333,1e-06,0.5293065103269046,Utsuroi,1e-06,0.9803921568627451,3.0,0
2005-07-06,0.15336113162200118,1.0,0.9523809523809523,0.6254636966504026,0.6818544744077817,2,0.19898847650969412,0.33751205400260365,0.6666666666666666,1e-06,0.6609664395614789,Utsuroi,1e-06,0.9803921568627451,3.0,0
2005-07-07,0.1496199452721192,1.0,0.9523809523809523,0.8841209552221363,0.6233594422484648,3,0.33299580969468545,0.33751205400260365,1.0,1e-06,0.06352805396819794,Utsuroi,1e-06,0.9803921568627451,3.0,0
2005-07-08,0.15113292504596854,2.0,0.48780487804878053,0.3548039177174316,0.8859968397503902,2,0.04044876788872971,0.6589521054329958,0.6666666666666666,1e-06,0.9038807274152754,Utsuroi,1e-06,0.9803921568627451,3.0,0
2005-07-11,0.15135299483125572,1.0,0.9523809523809523,0.5624718615081855,0.7498755173103138,2,0.14068798338723973,0.33751205400260365,0.6666666666666666,1e-06,0.7423076517734795,Utsuroi,1e-06,0.9803921568627451,3.0,0
2005-07-12,0.15180673142668294,1.0,0.9523809523809523,0.7019635245049236,0.8000898491778405,4,0.14032963405543392,0.33751205400260365,1.3333333333333333,1e-06,0.08237118097536922,Utsuroi,1e-06,0.9803921568627451,3.0,0
2005-07-13,0.13318209822965463,1.0,0.9523809523809523,1.6653789458431872e-11,0.9999999999823462,1,2.940021243763258e-22,0.33751205400260365,0.3333333333333333,1e-06,0.4481723329005962,Utsuroi,1e-06,0.9803921568627451,3.0,0
2005-07-14,0.12545353197527115,2.0,0.48780487804878053,0.6810976124497448,0.577463192637467,2,0.28778881066675893,0.6589521054329958,0.6666666666666666,1e-06,0.06149538243065655,Utsuroi,1e-06,0.9803921568627451,3.0,0
2005-07-15,0.11281327368283893,1.0,0.9523809523809523,1.073951535090953,0.43360076873273334,3,0.6082853238938167,0.33751205400260365,1.0,1e-06,0.2679079185466994,Utsuroi,1e-06,0.9803921568627451,3.0,0
2005-07-18,0.14616760051542663,1.0,0.9523809523809523,0.9144954743779292,0.6047862562091688,3,0.3614211801086735,0.33751205400260365,1.0,1e-06,0.3768859395072387,Utsuroi,1e-06,0.9803921568627451,3.0,0
2005-07-19,0.11556414599892864,0.0,20.0,1.0171243707035411,0.43422850726192047,3,0.5754599735132222,0.016072002571568628,1.0,1e-06,0.1950746006909867,Utsuroi,1e-06,0.9803921568627451,3.0,0
2005-07-20,0.11131404827057,2.0,0.48780487804878053,0.9053475526743193,0.6216379011822948,3,0.3425492001893284,0.6589521054329958,1.0,1e-06,0.9158092105091578,Utsuroi,1e-06,0.9803921568627451,3.0,0
2005-07-21,0.12414686762512851,0.0,20.0,0.5451049134844306,0.7651209161161213,2,0.128033742699824,0.016072002571568628,0.6666666666666666,1e-06,0.37328466199280597,Utsuroi,1e-06,0.9803921568627451,3.0,0
2005-07-22,0.1598119272032316,1.0,0.9523809523809523,0.8580468368721047,0.6510404170041277,3,0.2994236663858169,0.33751205400260365,1.0,1e-06,0.6729065112187643,Utsuroi,1e-06,0.9803921568627451,3.0,0
2005-07-25,0.17016896147330932,3.0,0.3278688524590164,0.7512294773347424,0.5833887188136632,3,0.31297067501736925,0.9803921568627451,1.0,1e-06,0.2597501088493276,Katashi,1e-06,0.9803921568627451,3.0,0
2005-07-26,0.17243843113408333,2.0,0.48780487804878053,1.0570390460080086,0.4604775175390132,3,0.570296330160434,0.6589521054329958,1.0,1e-06,0.6759098747311221,Utsuroi,1e-06,0.9803921568627451,3.0,0
2005-07-27,0.1859452142060838,2.0,0.48780487804878053,0.6246349517689389,0.682938075194985,2,0.19804796010834752,0.6589521054329958,0.6666666666666666,1e-06,0.43890501868987597,Utsuroi,1e-06,0.9803921568627451,3.0,0
2005-07-28,0.19872301611432047,1.0,0.9523809523809523,1.258654617807963,0.44711141526782977,4,0.6958957703064553,0.33751205400260365,1.3333333333333333,1e-06,0.14242863888104296,Utsuroi,1e-06,0.9803921568627451,3.0,0
2005-07-29,0.2610990458816546,0.0,20.0,0.9595911702864535,0.5340960678563508,3,0.44707729948678476,0.016072002571568628,1.0,1e-06,0.6202499302572462,Utsuroi,1e-06,0.9803921568627451,3.0,0
2005-08-01,0.26473625966981956,0.0,20.0,0.687848965477041,0.5514239799311932,2,0.30855255134213716,0.016072002571568628,0.6666666666666666,1e-06,0.468422184995528,Utsuroi,1e-06,0.9803921568627451,3.0,0
2005-08-02,0.270286103776456,0.0,20.0,0.6923020169529617,0.5205538984056004,2,0.3319215031540374,0.016072002571568628,0.6666666666666666,1e-06,0.5772295511102987,Utsuroi,1e-06,0.9803921568627451,3.0,0
2005-08-03,0.27242425628745487,1.0,0.9523809523809523,0.48879219141855695,0.8082210581476243,2,0.09374004925595471,0.33751205400260365,0.6666666666666666,1e-06,0.9666628270595808,Utsuroi,1e-06,0.9803921568627451,3.0,0
2005-08-04,0.2979539985632067,1.5,0.6451612903225806,1.022171236535889e-11,0.9999999999887783,1,1.147048899242681e-22,0.49823207971788014,0.3333333333333333,1e-06,0.8985927863577768,Utsuroi,1e-06,0.9803921568627451,3.0,0
2005-08-05,0.32520222798475196,1.0,0.9523809523809523,8.173461907248825e-12,0.9999999999908266,1,7.497876064579953e-23,0.33751205400260365,0.3333333333333333,1e-06,0.21834040820826173,Utsuroi,1e-06,0.9803921568627451,3.0,0
2005-08-08,0.3365504348436198,1.0,0.9523809523809523,3.50928175401208e-11,0.9999999999639072,1,1.2665978841536831e-21,0.33751205400260365,0.3333333333333333,1e-06,1.0,Utsuroi,1e-06,0.9803921568627451,3.0,0
2005-08-09,0.35841392688559337,1.0,0.9523809523809523,0.6581207203237628,0.6315590332599461,2,0.24247863442774778,0.33751205400260365,0.6666666666666666,1e-06,0.16196026609434966,Utsuroi,1e-06,0.9803921568627451,3.0,0
2005-08-10,0.36126828129970073,1.0,0.9523809523809523,0.5641940221816621,0.7483009804368078,2,0.14200708222653827,0.33751205400260365,0.6666666666666666,1e-06,0.6090253852545107,Utsuroi,1e-06,0.9803921568627451,3.0,0
2005-08-11,0.40254890037498736,1.0,0.9523809523809523,0.16825103712155887,0.9599033965761922,2,0.006746295111107516,0.33751205400260365,0.6666666666666666,1e-06,0.9798238555752241,Utsuroi,1e-06,0.9803921568627451,3.0,0
2005-08-12,0.3881480838002577,1.0,0.9523809523809523,0.0,0.0,0,0.0,0.33751205400260365,0.0,1e-06,1.0,Utsuroi,1e-06,0.9803921568627451,3.0,0
2005-08-15,0.38457194978934106,1.0,0.9523809523809523,4.072432390477746e-10,0.9999999995917568,1,1.662542900141856e-19,0.33751205400260365,0.3333333333333333,1e-06,0.41695817530480817,Utsuroi,1e-06,0.9803921568627451,3.0,0
2005-08-16,0.35018604583821983,3.0,0.3278688524590164,2.493538708814027e-11,0.9999999999740646,1,6.467083647182523e-22,0.9803921568627451,0.3333333333333333,1e-06,0.032793918433997815,Katashi,1e-06,0.9803921568627451,3.0,0
2005-08-17,0.3217145173666914,1.0,0.9523809523809523,0.5138930048398032,0.7900480470891108,2,0.1078928399533617,0.33751205400260365,0.6666666666666666,1e-06,0.8732222953066099,Utsuroi,1e-06,0.9803921568627451,3.0,0
2005-08-18,0.3280965411400194,1.0,0.9523809523809523,1.2755802063936192,0.37568216840435215,4,0.7963674684819934,0.33751205400260365,1.3333333333333333,1e-06,0.04349953461381262,Utsuroi,1e-06,0.9803921568627451,3.0,0
2005-08-19,0.3229524099089316,1.0,0.9523809523809523,1.0360627462983756,0.43817335144459385,3,0.5820876604459264,0.33751205400260365,1.0,1e-06,0.03513073308360837,Utsuroi,1e-06,0.9803921568627451,3.0,0
2005-08-22,0.32417654808959157,1.0,0.9523809523809523,0.3954563229720674,0.865175350546866,2,0.053317260118734326,0.33751205400260365,0.6666666666666666,1e-06,0.6441245574098936,Utsuroi,1e-06,0.9803921568627451,3.0,0
2005-08-23,0.30449405666796975,1.5,0.6451612903225806,0.13419671915820444,0.9701567924044611,2,0.004004860548478532,0.49823207971788014,0.6666666666666666,1e-06,0.38989114357102117,Utsuroi,1e-06,0.9803921568627451,3.0,0
2005-08-24,0.3150436520001737,1.0,0.9523809523809523,1.421107675969174e-11,0.999999999984789,1,2.1616546505771668e-22,0.33751205400260365,0.3333333333333333,1e-06,0.08338297378728143,Utsuroi,1e-06,0.9803921568627451,3.0,0
2005-08-25,0.32932067932067943,2.5,0.3921568627450981,3.6528446933210746e-11,0.9999999999624716,1,1.3708550742392296e-21,0.8196721311479507,0.3333333333333333,1e-06,0.0464553854303863,Utsuroi,1e-06,0.9803921568627451,3.0,0
2005-08-26,0.34611475481040704,2.0,0.48780487804878053,0.0,0.0,0,0.0,0.6589521054329958,0.0,1e-06,0.4537510699989802,Utsuroi,1e-06,0.9803921568627451,3.0,0
2005-08-29,0.3391688022122805,2.0,0.48780487804878053,0.0,0.0,0,0.0,0.6589521054329958,0.0,1e-06,1.0,Utsuroi,1e-06,0.9803921568627451,3.0,0
2005-08-30,0.3040539170973954,3.0,0.3278688524590164,0.0,0.0,0,0.0,0.9803921568627451,0.0,1e-06,0.0011941408365824246,Katashi,1e-06,0.9803921568627451,3.0,0
2005-08-31,0.35803978630065586,2.0,0.48780487804878053,0.8206078635145042,0.6862867008362155,3,0.25743560018287975,0.6589521054329958,1.0,1e-06,0.4623456166453286,Utsuroi,1e-06,0.9803921568627451,3.0,0
2005-09-01,0.34966338009816267,1.0,0.9523809523809523,1.0444814834859335,0.4558918987283016,3,0.5683108367929781,0.33751205400260365,1.0,1e-06,0.4515790603540859,Utsuroi,1e-06,0.9803921568627451,3.0,0
2005-09-02,0.34286872547742125,2.0,0.48780487804878053,0.7421352167441219,0.6413440645814329,3,0.26617120036842407,0.6589521054329958,1.0,1e-06,0.9324325936911678,Utsuroi,1e-06,0.9803921568627451,3.0,0
2005-09-06,0.33606031649509915,1.0,0.9523809523809523,1.1546781450441903,0.42728347968375474,4,0.6613032493149253,0.33751205400260365,1.3333333333333333,1e-06,0.2437441158829342,Utsuroi,1e-06,0.9803921568627451,3.0,0
2005-09-07,0.3090554223394433,1.0,0.9523809523809523,0.34127079419114925,0.8924931751437315,2,0.03668893949966753,0.33751205400260365,0.6666666666666666,1e-06,0.5721819677409772,Utsuroi,1e-06,0.9803921568627451,3.0,0
2005-09-08,0.28657262661883914,2.0,0.48780487804878053,8.190204070158162e-11,0.999999999917098,1,6.789844500252498e-21,0.6589521054329958,0.3333333333333333,1e-06,0.4784330965381183,Utsuroi,1e-06,0.9803921568627451,3.0,0
2005-09-09,0.2947011668329302,2.0,0.48780487804878053,0.0,0.0,0,0.0,0.6589521054329958,0.0,1e-06,1.0,Utsuroi,1e-06,0.9803921568627451,3.0,0
2005-09-12,0.2966271270919749,1.5,0.6451612903225806,1.5406342867984288e-11,0.9999999999835937,1,2.5276140262113536e-22,0.49823207971788014,0.3333333333333333,1e-06,0.8810311289962568,Utsuroi,1e-06,0.9803921568627451,3.0,0
2005-09-13,0.26116661920921197,1.0,0.9523809523809523,1.7391199591374608e-11,0.9999999999816088,1,3.198446380980855e-22,0.33751205400260365,0.3333333333333333,1e-06,0.21834040820826173,Utsuroi,1e-06,0.9803921568627451,3.0,0
2005-09-14,0.26237022491153944,1.0,0.9523809523809523,0.6788527719676087,0.5843391001380204,2,0.28217255406985553,0.33751205400260365,0.6666666666666666,1e-06,0.14579585505348103,Utsuroi,1e-06,0.9803921568627451,3.0,0
2005-09-15,0.2647907516881152,2.0,0.48780487804878053,0.4138155334056609,0.8550685190736914,2,0.05997489808679276,0.6589521054329958,0.6666666666666666,1e-06,0.603675438413149,Utsuroi,1e-06,0.9803921568627451,3.0,0
2005-09-16,0.29747278917975,1.0,0.9523809523809523,0.6183596363335787,0.6909236532054409,2,0.19112033740319462,0.33751205400260365,0.6666666666666666,1e-06,0.9031633217924662,Utsuroi,1e-06,0.9803921568627451,3.0,0
2005-09-19,0.28867175372690107,1.5,0.6451612903225806,3.9047765020592434e-11,0.9999999999599523,1,1.5637748543515586e-21,0.49823207971788014,0.3333333333333333,1e-06,0.9239015474554697,Utsuroi,1e-06,0.9803921568627451,3.0,0
2005-09-20,0.29916756311474857,2.0,0.48780487804878053,2.1610591092044191e-10,0.9999999997828941,1,4.69178658701329e-20,0.6589521054329958,0.3333333333333333,1e-06,0.06759245709200823,Utsuroi,1e-06,0.9803921568627451,3.0,0
2005-09-21,0.28521399832567024,1.0,0.9523809523809523,0.0,0.0,0,0.0,0.33751205400260365,0.0,1e-06,0.22879491661612328,Utsuroi,1e-06,0.9803921568627451,3.0,0
2005-09-22,0.2762944482928869,2.0,0.48780487804878053,1.937481286328421e-10,0.9999999998052519,1,3.773208119499333e-20,0.6589521054329958,0.3333333333333333,1e-06,0.04908490860651604,Utsuroi,1e-06,0.9803921568627451,3.0,0
2005-09-23,0.2856337763519388,2.0,0.48780487804878053,2.0146506683087399e-10,0.999999999797535,1,4.078963376737471e-20,0.6589521054329958,0.3333333333333333,1e-06,1.0,Utsuroi,1e-06,0.9803921568627451,3.0,0
2005-09-26,0.25882527470535827,1.0,0.9523809523809523,8.630030023556236e-11,0.9999999999126997,1,7.534040212201497e-21,0.33751205400260365,0.3333333333333333,1e-06,0.21261921927841487,Utsuroi,1e-06,0.9803921568627451,3.0,0
2005-09-27,0.23806915056815564,2.0,0.48780487804878053,8.967093733802438e-11,0.9999999999093291,1,8.130545957111098e-21,0.6589521054329958,0.3333333333333333,1e-06,0.07051212453160405,Utsuroi,1e-06,0.9803921568627451,3.0,0
2005-09-28,0.22603361023182542,2.0,0.48780487804878053,2.7990054718010036e-11,0.99999999997101,1,8.11432598658797e-22,0.6589521054329958,0.3333333333333333,1e-06,1.0,Utsuroi,1e-06,0.9803921568627451,3.0,0
2005-09-29,0.24581331066706463,1.5,0.6451612903225806,2.8626545578008982e-11,0.9999999999703735,1,8.481050240519542e-22,0.49823207971788014,0.3333333333333333,1e-06,0.11046717920386218,Utsuroi,1e-06,0.9803921568627451,3.0,0
2005-09-30,0.23830806874285132,2.0,0.48780487804878053,0.3376975952966016,0.89417446973232,2,0.03573702709238328,0.6589521054329958,0.6666666666666666,1e-06,0.07075417457088118,Utsuroi,1e-06,0.9803921568627451,3.0,0
2005-10-03,0.19927319057753842,2.0,0.48780487804878053,4.6109782657622836e-11,0.9999999999528902,1,2.172220819414275e-21,0.6589521054329958,0.3333333333333333,1e-06,0.6624193863807117,Utsuroi,1e-06,0.9803921568627451,3.0,0
2005-10-04,0.21033169728821904,1.0,0.9523809523809523,1.7018164655107348e-11,0.9999999999819819,1,3.0663571641513083e-22,0.33751205400260365,0.3333333333333333,1e-06,0.21261921927841487,Utsuroi,1e-06,0.9803921568627451,3.0,0
2005-10-05,0.21128074823726997,2.0,0.48780487804878053,2.8307578503043574e-11,0.9999999999706924,1,8.296259530088323e-22,0.6589521054329958,0.3333333333333333,1e-06,0.07051212453160405,Utsuroi,1e-06,0.9803921568627451,3.0,0
2005-10-06,0.17990704947226688,2.0,0.48780487804878053,2.4293678179923365e-11,0.9999999999747063,1,6.144759402794176e-22,0.6589521054329958,0.3333333333333333,1e-06,1.0,Utsuroi,1e-06,0.9803921568627451,3.0,0
2005-10-07,0.20507753116448774,2.0,0.48780487804878053,0.0,0.0,0,0.0,0.6589521054329958,0.0,1e-06,1.0,Utsuroi,1e-06,0.9803921568627451,3.0,0
2005-10-10,0.21394909438387705,2.0,0.48780487804878053,0.0,0.0,0,0.0,0.6589521054329958,0.0,1e-06,1.0,Utsuroi,1e-06,0.9803921568627451,3.0,0
2005-10-11,0.1857526531439575,2.0,0.48780487804878053,0.8192322981114579,0.6220329461710604,3,0.3096428181186993,0.6589521054329958,1.0,1e-06,0.18673286614753448,Utsuroi,1e-06,0.9803921568627451,3.0,0
2005-10-12,0.22261434217955958,1.5,0.6451612903225806,0.6393081906393536,0.6625816868370289,2,0.21571429127680186,0.49823207971788014,0.6666666666666666,1e-06,0.020067955930131443,Utsuroi,1e-06,0.9803921568627451,3.0,0
2005-10-13,0.21949210210079778,2.0,0.48780487804878053,0.39475887491691186,0.8655502087109694,2,0.05307524834207132,0.6589521054329958,0.6666666666666666,1e-06,0.7168527715143187,Utsuroi,1e-06,0.9803921568627451,3.0,0
2005-10-14,0.24316335838074976,1.0,0.9523809523809523,0.6622252854823388,0.6236968775734685,2,0.24919744267680533,0.33751205400260365,0.6666666666666666,1e-06,0.8604469800720089,Utsuroi,1e-06,0.9803921568627451,3.0,0
2005-10-17,0.24189915074002444,3.0,0.3278688524590164,0.0,0.0,0,0.0,0.9803921568627451,0.0,1e-06,0.3055641438362263,Katashi,1e-06,0.9803921568627451,3.0,0
2005-10-18,0.23790325035743193,2.0,0.48780487804878053,3.543310089715607e-11,0.9999999999635669,1,1.2909369562675561e-21,0.6589521054329958,0.3333333333333333,1e-06,0.4687713520122164,Utsuroi,1e-06,0.9803921568627451,3.0,0
2005-10-19,0.28205804151068614,2.0,0.48780487804878053,0.0,0.0,0,0.0,0.6589521054329958,0.0,1e-06,1.0,Utsuroi,1e-06,0.9803921568627451,3.0,0
2005-10-20,0.30122571364667,1.0,0.9523809523809523,0.6501811960854917,0.6455111806181305,2,0.23048196458463777,0.33751205400260365,0.6666666666666666,1e-06,0.41672101145325646,Utsuroi,1e-06,0.9803921568627451,3.0,0
2005-10-21,0.3456193122562632,0.0,20.0,0.47345028618282065,0.818639455851015,2,0.085865201529609,0.016072002571568628,0.6666666666666666,1e-06,0.16998476204512458,Utsuroi,1e-06,0.9803921568627451,3.0,0
2005-10-24,0.349534438543147,0.0,20.0,0.5189714828929666,0.7861820100061948,2,0.11096543933627857,0.016072002571568628,0.6666666666666666,1e-06,0.8459021236756727,Utsuroi,1e-06,0.9803921568627451,3.0,0
2005-10-25,0.3445896736849872,1.0,0.9523809523809523,0.680940453810027,0.5779646627000863,2,0.28738093410487103,0.33751205400260365,0.6666666666666666,1e-06,0.7811980136456789,Utsuroi,1e-06,0.9803921568627451,3.0,0
2005-10-26,0.34293258584611475,0.0,20.0,1.6751156017689773e-11,0.9999999999822489,1,2.973520133849197e-22,0.016072002571568628,0.3333333333333333,1e-06,0.19711268508846813,Utsuroi,1e-06,0.9803921568627451,3.0,0
2005-10-27,0.34133059703571317,0.0,20.0,4.0904279962294546e-11,0.9999999999580957,1,1.7140634943589255e-21,0.016072002571568628,0.3333333333333333,1e-06,1.0,Utsuroi,1e-06,0.9803921568627451,3.0,0
2005-10-28,0.37286688999196865,2.0,0.48780487804878053,0.0,0.0,0,0.0,0.6589521054329958,0.0,1e-06,0.5569366885547513,Utsuroi,1e-06,0.9803921568627451,3.0,0
2005-10-31,0.34598067066648586,1.0,0.9523809523809523,5.437561512013849e-11,0.9999999999446244,1,3.011081932014776e-21,0.33751205400260365,0.3333333333333333,1e-06,0.7265441216498114,Utsuroi,1e-06,0.9803921568627451,3.0,0
2005-11-01,0.35102506189462707,1.0,0.9523809523809523,0.4580699511961316,0.8286185363606094,2,0.07850469868521723,0.33751205400260365,0.6666666666666666,1e-06,0.1932035688736934,Utsuroi,1e-06,0.9803921568627451,3.0,0
2005-11-02,0.3532257597474989,1.0,0.9523809523809523,3.7566505461195776e-11,0.9999999999614335,1,1.448808007019447e-21,0.33751205400260365,0.3333333333333333,1e-06,0.493993607369705,Utsuroi,1e-06,0.9803921568627451,3.0,0
2005-11-03,0.3447805817371035,1.0,0.9523809523809523,1.0347722678652424e-11,0.9999999999886523,1,1.174228584041862e-22,0.33751205400260365,0.3333333333333333,1e-06,1.0,Utsuroi,1e-06,0.9803921568627451,3.0,0
2005-11-04,0.35101130753304677,1.0,0.9523809523809523,1.1127654353442442e-11,0.9999999999878724,1,1.3495209960108653e-22,0.33751205400260365,0.3333333333333333,1e-06,1.0,Utsuroi,1e-06,0.9803921568627451,3.0,0
2005-11-07,0.3658110005936093,1.0,0.9523809523809523,4.44835279712272e-11,0.9999999999545165,1,2.0232668047320142e-21,0.33751205400260365,0.3333333333333333,1e-06,1.0,Utsuroi,1e-06,0.9803921568627451,3.0,0
2005-11-08,0.3479303305390262,1.0,0.9523809523809523,2.2853829939322384e-11,0.9999999999761462,1,5.451508672752514e-22,0.33751205400260365,0.3333333333333333,1e-06,1.0,Utsuroi,1e-06,0.9803921568627451,3.0,0
2005-11-09,0.3414245175114741,1.0,0.9523809523809523,1.2423506667768369e-11,0.9999999999865765,1,1.6676674976362913e-22,0.33751205400260365,0.3333333333333333,1e-06,1.0,Utsuroi,1e-06,0.9803921568627451,3.0,0
2005-11-10,0.3578472252385296,1.0,0.9523809523809523,3.2842617513889224e-11,0.9999999999661574,1,1.1114794161611108e-21,0.33751205400260365,0.3333333333333333,1e-06,1.0,Utsuroi,1e-06,0.9803921568627451,3.0,0
2005-11-11,0.3131180413789109,1.0,0.9523809523809523,0.0,0.0,0,0.0,0.33751205400260365,0.0,1e-06,1.0,Utsuroi,1e-06,0.9803921568627451,3.0,0
2005-11-14,0.33343323343323344,1.0,0.9523809523809523,0.0,0.0,0,0.0,0.33751205400260365,0.0,1e-06,1.0,Utsuroi,1e-06,0.9803921568627451,3.0,0
2005-11-15,0.3294582229364838,1.0,0.9523809523809523,1.4212797604470867e-10,0.999999999856872,1,2.03424864079504e-20,0.33751205400260365,0.3333333333333333,1e-06,0.41695817530480817,Utsuroi,1e-06,0.9803921568627451,3.0,0
2005-11-16,0.32398398702746534,2.0,0.48780487804878053,0.6747262509817882,0.5956753323996212,2,0.2728084671494612,0.6589521054329958,0.6666666666666666,1e-06,0.060832005310791915,Utsuroi,1e-06,0.9803921568627451,3.0,0
2005-11-17,0.326363491580883,2.0,0.48780487804878053,1.413347217027162e-11,0.9999999999848665,1,2.1388819510300964e-22,0.6589521054329958,0.3333333333333333,1e-06,0.8433105423528378,Utsuroi,1e-06,0.9803921568627451,3.0,0
2005-11-18,0.30706612228351365,1.0,0.9523809523809523,0.6875845472248936,0.5526892368703525,2,0.30756396853532025,0.33751205400260365,0.6666666666666666,1e-06,0.4303268527220462,Utsuroi,1e-06,0.9803921568627451,3.0,0
2005-11-21,0.2664357381748686,1.0,0.9523809523809523,0.6226053480690119,0.6855624179647986,2,0.1957705202090051,0.33751205400260365,0.6666666666666666,1e-06,0.49466383588408525,Utsuroi,1e-06,0.9803921568627451,3.0,0
2005-11-22,0.27497719671632714,1.0,0.9523809523809523,0.6360523253055198,0.791973272183489,3,0.13231588395339028,0.33751205400260365,1.0,1e-06,0.3273925912358572,Utsuroi,1e-06,0.9803921568627451,3.0,0
2005-11-23,0.26364360277403753,1.0,0.9523809523809523,0.8907018673023643,0.6467465436658019,3,0.3146435131878845,0.33751205400260365,1.0,1e-06,0.430086438671074,Utsuroi,1e-06,0.9803921568627451,3.0,0
2005-11-25,0.2568627025148765,1.0,0.9523809523809523,0.0,0.0,0,0.0,0.33751205400260365,0.0,1e-06,1.0,Utsuroi,1e-06,0.9803921568627451,3.0,0
2005-11-28,0.2642625490451577,1.0,0.9523809523809523,0.0,0.0,0,0.0,0.33751205400260365,0.0,1e-06,1.0,Utsuroi,1e-06,0.9803921568627451,3.0,0
2005-11-29,0.2728727793945185,1.0,0.9523809523809523,5.3210547078160686e-11,0.9999999999457895,1,2.884571690404646e-21,0.33751205400260365,0.3333333333333333,1e-06,0.41695817530480817,Utsuroi,1e-06,0.9803921568627451,3.0,0
2005-11-30,0.286654649698128,1.0,0.9523809523809523,4.0987102599928106e-11,0.9999999999580129,1,1.7209287754678573e-21,0.33751205400260365,0.3333333333333333,1e-06,1.0,Utsuroi,1e-06,0.9803921568627451,3.0,0
2005-12-01,0.30573194921021013,1.0,0.9523809523809523,3.231626077793211e-11,0.9999999999666838,1,1.076656256571888e-21,0.33751205400260365,0.3333333333333333,1e-06,1.0,Utsuroi,1e-06,0.9803921568627451,3.0,0
2005-12-02,0.2965990531207922,1.0,0.9523809523809523,0.9445173773202823,0.4881153567640403,3,0.48348394071975703,0.33751205400260365,1.0,1e-06,0.05949942757380611,Utsuroi,1e-06,0.9803921568627451,3.0,0
2005-12-05,0.2882776643646209,1.0,0.9523809523809523,1.0788244322363065,0.4020789283412928,3,0.6450518606543287,0.33751205400260365,1.0,1e-06,0.18203214341298324,Utsuroi,1e-06,0.9803921568627451,3.0,0
2005-12-06,0.28955681999160265,2.5,0.3921568627450981,2.386213449026239e-11,0.9999999999751379,1,5.932630690575346e-22,0.8196721311479507,0.3333333333333333,1e-06,0.7620376424936979,Utsuroi,1e-06,0.9803921568627451,3.0,0
2005-12-07,0.32051788790919233,2.0,0.48780487804878053,2.6259106000365636e-11,0.9999999999727409,1,7.1579917305195345e-22,0.6589521054329958,0.3333333333333333,1e-06,0.06570310024921278,Utsuroi,1e-06,0.9803921568627451,3.0,0
2005-12-08,0.32010525706177884,3.0,0.3278688524590164,0.670584542627576,0.6058121675154939,2,0.26433626735597804,0.9803921568627451,0.6666666666666666,1e-06,0.11320059849698061,Katashi,1e-06,0.9803921568627451,3.0,0
2005-12-09,0.3142734077516686,3.0,0.3278688524590164,1.4025780536884603e-11,0.9999999999849742,1,2.1074798993292035e-22,0.9803921568627451,0.3333333333333333,1e-06,0.888143370680196,Katashi,1e-06,0.9803921568627451,3.0,0
2005-12-12,0.319128697389567,2.0,0.48780487804878053,7.381951713835372e-10,0.9999999992608049,1,5.456702900968845e-19,0.6589521054329958,0.3333333333333333,1e-06,0.06529797117021863,Utsuroi,1e-06,0.9803921568627451,3.0,0
2005-12-13,0.2848253196079283,2.0,0.48780487804878053,8.281486607235234e-11,0.9999999999161852,1,6.94111507693756e-21,0.6589521054329958,0.3333333333333333,1e-06,1.0,Utsuroi,1e-06,0.9803921568627451,3.0,0
2005-12-14,0.273684286727765,2.0,0.48780487804878053,0.5727081008096224,0.7403332104900711,2,0.1487132738635634,0.6589521054329958,0.6666666666666666,1e-06,0.38841248651966254,Utsuroi,1e-06,0.9803921568627451,3.0,0
2005-12-15,0.2925827795393013,2.0,0.48780487804878053,3.709288431890884e-11,0.9999999999619071,1,1.41297413088335e-21,0.6589521054329958,0.3333333333333333,1e-06,0.763498848876797,Utsuroi,1e-06,0.9803921568627451,3.0,0
2005-12-16,0.2763113697896307,1.0,0.9523809523809523,0.6795421160581878,0.5822898912446486,2,0.2838516112025073,0.33751205400260365,0.6666666666666666,1e-06,0.4673999188548732,Utsuroi,1e-06,0.9803921568627451,3.0,0
2005-12-19,0.30684605249822644,2.0,0.48780487804878053,0.6630047502717563,0.6221440448639882,2,0.25052029317364743,0.6589521054329958,0.6666666666666666,1e-06,0.40032313211803394,Utsuroi,1e-06,0.9803921568627451,3.0,0
2005-12-20,0.273471455415917,1.0,0.9523809523809523,1.2650325231696218e-11,0.9999999999863497,1,1.7268077385360423e-22,0.33751205400260365,0.3333333333333333,1e-06,0.34306125589590597,Utsuroi,1e-06,0.9803921568627451,3.0,0
2005-12-21,0.2870267886066268,1.0,0.9523809523809523,0.6911196807683744,0.5318286755124921,2,0.32356241632471344,0.33751205400260365,0.6666666666666666,1e-06,0.1295940344730453,Utsuroi,1e-06,0.9803921568627451,3.0,0
2005-12-22,0.29330928507373716,2.0,0.48780487804878053,2.0860424498653475e-11,0.9999999999781396,1,4.560172732991772e-22,0.6589521054329958,0.3333333333333333,1e-06,0.697036418292188,Utsuroi,1e-06,0.9803921568627451,3.0,0
2005-12-23,0.2688943803253438,1.0,0.9523809523809523,1.6506240818461784e-11,0.9999999999824938,1,2.889618616315971e-22,0.33751205400260365,0.3333333333333333,1e-06,0.21261921927841487,Utsuroi,1e-06,0.9803921568627451,3.0,0
2005-12-27,0.27200300978250214,1.0,0.9523809523809523,0.39875611879532347,0.8633929732904995,2,0.05447288777084952,0.33751205400260365,0.6666666666666666,1e-06,0.18801565232304063,Utsuroi,1e-06,0.9803921568627451,3.0,0
2005-12-28,0.2636811198788434,2.0,0.48780487804878053,0.0,0.0,0,0.0,0.6589521054329958,0.0,1e-06,0.4627783483413187,Utsuroi,1e-06,0.9803921568627451,3.0,0
2005-12-29,0.26412225008979984,1.0,0.9523809523809523,3.340894227873118e-11,0.9999999999655911,1,1.1495656274188135e-21,0.33751205400260365,0.3333333333333333,1e-06,0.7265441216498114,Utsuroi,1e-06,0.9803921568627451,3.0,0
2005-12-30,0.2736753593102816,1.0,0.9523809523809523,3.547107052459687e-11,0.999999999963529,1,1.2936671300280001e-21,0.33751205400260365,0.3333333333333333,1e-06,1.0,Utsuroi,1e-06,0.9803921568627451,3.0,0
2006-01-03,0.3229104893113285,1.0,0.9523809523809523,0.6085109550769188,0.7027560902109888,2,0.18087617543650866,0.33751205400260365,0.6666666666666666,1e-06,0.18480410477079778,Utsuroi,1e-06,0.9803921568627451,3.0,0
2006-01-04,0.28020752337145005,1.0,0.9523809523809523,0.11174905480857186,0.9763967362151524,2,0.0026376424183541095,0.33751205400260365,0.6666666666666666,1e-06,0.9921102424530149,Utsuroi,1e-06,0.9803921568627451,3.0,0
2006-01-05,0.2730415476064073,1.0,0.9523809523809523,7.668643497956271e-12,0.9999999999913314,1,6.647656695340239e-23,0.33751205400260365,0.3333333333333333,1e-06,0.4170659744742531,Utsuroi,1e-06,0.9803921568627451,3.0,0
2006-01-06,0.2992520861044525,3.0,0.3278688524590164,1.470124022505617e-11,0.9999999999842988,1,2.3082737916494885e-22,0.9803921568627451,0.3333333333333333,1e-06,0.032793918433997815,Katashi,1e-06,0.9803921568627451,3.0,0
2006-01-09,0.3138607769042551,3.0,0.3278688524590164,1.2589262965342667e-11,0.9999999999864108,1,1.7107852648089535e-22,0.9803921568627451,0.3333333333333333,1e-06,1.0,Katashi,1e-06,0.9803921568627451,3.0,0
2006-01-10,0.29007948573165965,2.0,0.48780487804878053,0.5223643049490613,0.7835606311688015,2,0.11306020046312253,0.6589521054329958,0.6666666666666666,1e-06,0.8694362861763302,Utsuroi,1e-06,0.9803921568627451,3.0,0
2006-01-11,0.2928716211324907,1.0,0.9523809523809523,0.0,0.0,0,0.0,0.33751205400260365,0.0,1e-06,0.4968786424727355,Utsuroi,1e-06,0.9803921568627451,3.0,0
2006-01-12,0.300298976385933,3.0,0.3278688524590164,0.0,0.0,0,0.0,0.9803921568627451,0.0,1e-06,0.00293730709023865,Katashi,1e-06,0.9803921568627451,3.0,0
2006-01-13,0.3017844474366214,3.0,0.3278688524590164,0.0,0.0,0,0.0,0.9803921568627451,0.0,1e-06,1.0,Katashi,1e-06,0.9803921568627451,3.0,0
2006-01-17,0.30383411633909424,2.0,0.48780487804878053,5.526623603044307e-11,0.9999999999437338,1,3.109621858506337e-21,0.6589521054329958,0.3333333333333333,1e-06,0.4687713520122164,Utsuroi,1e-06,0.9803921568627451,3.0,0
2006-01-18,0.3220860609196076,2.0,0.48780487804878053,0.0,0.0,0,0.0,0.6589521054329958,0.0,1e-06,1.0,Utsuroi,1e-06,0.9803921568627451,3.0,0
2006-01-19,0.2909381883373476,2.0,0.48780487804878053,0.0,0.0,0,0.0,0.6589521054329958,0.0,1e-06,1.0,Utsuroi,1e-06,0.9803921568627451,3.0,0
2006-01-20,0.3193123290915034,2.0,0.48780487804878053,4.218237980241181e-10,0.9999999995771762,1,1.783571310837547e-19,0.6589521054329958,0.3333333333333333,1e-06,0.6511466998765344,Utsuroi,1e-06,0.9803921568627451,3.0,0
2006-01-23,0.2986242036742186,2.0,0.48780487804878053,0.0,0.0,0,0.0,0.6589521054329958,0.0,1e-06,1.0,Utsuroi,1e-06,0.9803921568627451,3.0,0
2006-01-24,0.2999026056375371,1.0,0.9523809523809523,0.0,0.0,0,0.0,0.33751205400260365,0.0,1e-06,0.030846946422049104,Utsuroi,1e-06,0.9803921568627451,3.0,0
2006-01-25,0.2946752295370816,1.0,0.9523809523809523,0.0,0.0,0,0.0,0.33751205400260365,0.0,1e-06,1.0,Utsuroi,1e-06,0.9803921568627451,3.0,0
2006-01-26,0.2767171370532787,1.5,0.6451612903225806,5.399736213566957e-11,0.9999999999450027,1,2.9697112853134153e-21,0.49823207971788014,0.3333333333333333,1e-06,0.14668112436681646,Utsuroi,1e-06,0.9803921568627451,3.0,0
2006-01-27,0.27693129504654035,3.0,0.3278688524590164,0.6060893711586745,0.7055486575151207,2,0.17846382900348795,0.9803921568627451,0.6666666666666666,1e-06,0.03213543507666228,Katashi,1e-06,0.9803921568627451,3.0,0
2006-01-30,0.27300612055856466,2.0,0.48780487804878053,0.7663857868993686,0.6860637868034,3,0.24059625178688426,0.6589521054329958,1.0,1e-06,0.9619837090169159,Utsuroi,1e-06,0.9803921568627451,3.0,0
2006-01-31,0.2699469386237557,2.0,0.48780487804878053,0.45018334407282995,0.8335679907084667,2,0.07492491850362279,0.6589521054329958,0.6666666666666666,1e-06,0.5001605415166583,Utsuroi,1e-06,0.9803921568627451,3.0,0
2006-02-01,0.26414824954292787,1.0,0.9523809523809523,0.6896294012461928,0.541914510940648,2,0.3159092215395703,0.33751205400260365,0.6666666666666666,1e-06,0.6910932813194225,Utsuroi,1e-06,0.9803921568627451,3.0,0
2006-02-02,0.26577134579156986,1.0,0.9523809523809523,0.6104677060548298,0.7004674572768551,2,0.18285494424496856,0.33751205400260365,0.6666666666666666,1e-06,0.5201197095647505,Utsuroi,1e-06,0.9803921568627451,3.0,0
2006-02-03,0.21077535945930925,1.0,0.9523809523809523,0.33625317462679655,0.8948501632458884,2,0.035356966420059435,0.33751205400260365,0.6666666666666666,1e-06,0.8948230091689865,Utsuroi,1e-06,0.9803921568627451,3.0,0
2006-02-06,0.2215552563378651,1.0,0.9523809523809523,8.383105320670605e-11,0.999999999915169,1,7.111474680766786e-21,0.33751205400260365,0.3333333333333333,1e-06,0.43541845538898427,Utsuroi,1e-06,0.9803921568627451,3.0,0
2006-02-07,0.26144290492116584,1.0,0.9523809523809523,0.25226772914262313,0.9305292715891554,2,0.01752522289808767,0.33751205400260365,0.6666666666666666,1e-06,0.18060674288967338,Utsuroi,1e-06,0.9803921568627451,3.0,0
2006-02-08,0.2668422085989448,2.0,0.48780487804878053,7.58881846248641e-12,0.9999999999914112,1,6.517881624161905e-23,0.6589521054329958,0.3333333333333333,1e-06,0.47320735112867796,Utsuroi,1e-06,0.9803921568627451,3.0,0
2006-02-09,0.2579499147731466,1.0,0.9523809523809523,0.0,0.0,0,0.0,0.33751205400260365,0.0,1e-06,0.22879491661612328,Utsuroi,1e-06,0.9803921568627451,3.0,0
2006-02-10,0.25432598430718395,2.0,0.48780487804878053,0.0,0.0,0,0.0,0.6589521054329958,0.0,1e-06,0.00820492412620688,Utsuroi,1e-06,0.9803921568627451,3.0,0
2006-02-13,0.26956569650752943,2.0,0.48780487804878053,5.0735970978704757e-11,0.999999999948264,1,2.624873599831601e-21,0.6589521054329958,0.3333333333333333,1e-06,0.6511466998765344,Utsuroi,1e-06,0.9803921568627451,3.0,0
2006-02-14,0.27649805402350947,1.5,0.6451612903225806,1.9644774693899124e-10,0.9999999998025523,1,3.878816068241208e-20,0.49823207971788014,0.3333333333333333,1e-06,0.11046717920386218,Utsuroi,1e-06,0.9803921568627451,3.0,0
2006-02-15,0.2776325072012389,2.0,0.48780487804878053,0.0,0.0,0,0.0,0.6589521054329958,0.0,1e-06,0.4544585707009565,Utsuroi,1e-06,0.9803921568627451,3.0,0
2006-02-16,0.30545686197860117,2.0,0.48780487804878053,1.1374878815980697e-10,0.9999999998852512,1,1.3052533080414419e-20,0.6589521054329958,0.3333333333333333,1e-06,0.6511466998765344,Utsuroi,1e-06,0.9803921568627451,3.0,0
2006-02-17,0.283711216319912,2.0,0.48780487804878053,1.5941714613766482e-10,0.9999999998395829,1,2.557324010428487e-20,0.6589521054329958,0.3333333333333333,1e-06,1.0,Utsuroi,1e-06,0.9803921568627451,3.0,0
2006-02-21,0.2969841752450448,1.0,0.9523809523809523,0.47734912088153403,0.8160375032836538,2,0.08781433608271996,0.33751205400260365,0.6666666666666666,1e-06,0.8576078642498491,Utsuroi,1e-06,0.9803921568627451,3.0,0
2006-02-22,0.3096656966222183,2.0,0.48780487804878053,0.5305432759999074,0.7771085597196195,2,0.1182535549186908,0.6589521054329958,0.6666666666666666,1e-06,0.19881717319820402,Utsuroi,1e-06,0.9803921568627451,3.0,0
2006-02-23,0.31375074201161157,1.0,0.9523809523809523,0.49463769252953493,0.856523085368593,3,0.07096908998453623,0.33751205400260365,1.0,1e-06,0.8145814849570352,Utsuroi,1e-06,0.9803921568627451,3.0,0
2006-02-24,0.3148235822148866,0.0,20.0,0.644388442421917,0.759874543495923,3,0.15473406890251395,0.016072002571568628,1.0,1e-06,0.18606324486159587,Utsuroi,1e-06,0.9803921568627451,3.0,0
2006-02-27,0.3191699604743083,1.0,0.9523809523809523,0.5921097804592802,0.7208910542332578,2,0.16526313660216685,0.33751205400260365,0.6666666666666666,1e-06,0.9130067465204413,Utsuroi,1e-06,0.9803921568627451,3.0,0
2006-02-28,0.3171068062372411,1.0,0.9523809523809523,0.9983526913534851,0.5412242928732804,3,0.45801996193755873,0.33751205400260365,1.0,1e-06,0.08586604308290924,Utsuroi,1e-06,0.9803921568627451,3.0,0
2006-03-01,0.31284295414730207,1.5,0.6451612903225806,1.0318833990938623,0.49280596969378576,3,0.5233650999924917,0.49823207971788014,1.0,1e-06,0.26730916506162705,Utsuroi,1e-06,0.9803921568627451,3.0,0
2006-03-02,0.31639157943505775,2.0,0.48780487804878053,1.0925605286880153,0.3764380957910124,3,0.6812791237322771,0.6589521054329958,1.0,1e-06,0.11814117533718638,Utsuroi,1e-06,0.9803921568627451,3.0,0
2006-03-03,0.3283028565637261,2.0,0.48780487804878053,0.8215990632300711,0.6456210738643139,3,0.2911573937415583,0.6589521054329958,1.0,1e-06,0.5336545714966883,Utsuroi,1e-06,0.9803921568627451,3.0,0
2006-03-06,0.35136892093413835,1.0,0.9523809523809523,0.6921281913904935,0.5225681524406116,2,0.3304440411635013,0.33751205400260365,0.6666666666666666,1e-06,0.46303598007327984,Utsuroi,1e-06,0.9803921568627451,3.0,0
2006-03-07,0.3513964296572992,1.0,0.9523809523809523,0.49875452361720035,0.8011855354949496,2,0.09915961353242518,0.33751205400260365,0.6666666666666666,1e-06,0.7156290072163439,Utsuroi,1e-06,0.9803921568627451,3.0,0
2006-03-08,0.3635277765712549,1.5,0.6451612903225806,0.2379295542289122,0.935964629685571,2,0.015235907113795402,0.49823207971788014,0.6666666666666666,1e-06,0.5134945321612814,Utsuroi,1e-06,0.9803921568627451,3.0,0
2006-03-09,0.3520153759284194,1.5,0.6451612903225806,0.0,0.0,0,0.0,0.49823207971788014,0.0,1e-06,1.0,Utsuroi,1e-06,0.9803921568627451,3.0,0
2006-03-10,0.3266798418972332,1.0,0.9523809523809523,0.559826139245974,0.7522712482619904,2,0.13868503066571428,0.33751205400260365,0.6666666666666666,1e-06,0.32849926614551395,Utsuroi,1e-06,0.9803921568627451,3.0,0
2006-03-13,0.3131730588252328,1.0,0.9523809523809523,0.7971777164358366,0.6631669749200853,3,0.2685157817533813,0.33751205400260365,1.0,1e-06,0.08304430453564349,Utsuroi,1e-06,0.9803921568627451,3.0,0
2006-03-14,0.37091386873995563,1.0,0.9523809523809523,1.0365290229098578,0.48251450602805046,3,0.53638873343677,0.33751205400260365,1.0,1e-06,0.2364645328457181,Utsuroi,1e-06,0.9803921568627451,3.0,0
2006-03-15,0.3720967438358743,1.0,0.9523809523809523,0.938490869504335,0.5393706707743061,3,0.43229641970422006,0.33751205400260365,1.0,1e-06,0.3101405055225388,Utsuroi,1e-06,0.9803921568627451,3.0,0
2006-03-16,0.3577143395749533,1.0,0.9523809523809523,0.6781079405005936,0.5864976722108807,2,0.2803992118892811,0.33751205400260365,0.6666666666666666,1e-06,0.10173810243167869,Utsuroi,1e-06,0.9803921568627451,3.0,0
2006-03-17,0.355085636524698,1.0,0.9523809523809523,0.667901717269556,0.61187558437325,2,0.2592289637113493,0.33751205400260365,0.6666666666666666,1e-06,0.38721413784611625,Utsuroi,1e-06,0.9803921568627451,3.0,0
2006-03-20,0.34846437795996404,1.0,0.9523809523809523,0.6110066511152515,0.6998319170518976,2,0.18340469513380508,0.33751205400260365,0.6666666666666666,1e-06,0.5190103537796602,Utsuroi,1e-06,0.9803921568627451,3.0,0
2006-03-21,0.3335053889578919,1.0,0.9523809523809523,0.47526485948348784,0.8700033877575301,3,0.06178282165074694,0.33751205400260365,1.0,1e-06,0.4171839372022629,Utsuroi,1e-06,0.9803921568627451,3.0,0
2006-03-22,0.36683982042988317,2.0,0.48780487804878053,0.17273343324337248,0.9584837051711932,2,0.007171252141323871,0.6589521054329958,0.6666666666666666,1e-06,0.7398574588674681,Utsuroi,1e-06,0.9803921568627451,3.0,0
2006-03-23,0.36811978799349176,1.0,0.9523809523809523,0.5909938688065881,0.72206347442691,2,0.16425878253110168,0.33751205400260365,0.6666666666666666,1e-06,0.9149592206876302,Utsuroi,1e-06,0.9803921568627451,3.0,0
2006-03-24,0.3486042942564682,1.0,0.9523809523809523,0.5592160113997111,0.752819808434946,2,0.13822712082402602,0.33751205400260365,0.6666666666666666,1e-06,0.6178952574115916,Utsuroi,1e-06,0.9803921568627451,3.0,0
2006-03-27,0.3296507839986101,1.0,0.9523809523809523,0.5395917294372888,0.7697388251697943,2,0.12424702554889261,0.33751205400260365,0.6666666666666666,1e-06,0.6516218352616219,Utsuroi,1e-06,0.9803921568627451,3.0,0
2006-03-28,0.34417538982756374,1.0,0.9523809523809523,0.47140180777608887,0.8199945124235447,2,0.08485491225315733,0.33751205400260365,0.6666666666666666,1e-06,0.753974544601249,Utsuroi,1e-06,0.9803921568627451,3.0,0
2006-03-29,0.36317016317016315,1.0,0.9523809523809523,0.6346433837821612,0.6693423671410268,2,0.2098496789910183,0.33751205400260365,0.6666666666666666,1e-06,0.46834229207969325,Utsuroi,1e-06,0.9803921568627451,3.0,0
2006-03-30,0.35560526430091643,2.0,0.48780487804878053,4.5433878880262655e-11,0.9999999999535661,1,2.1096702239600445e-21,0.6589521054329958,0.3333333333333333,1e-06,0.6124494326228807,Utsuroi,1e-06,0.9803921568627451,3.0,0
2006-03-31,0.3490031707423012,1.0,0.9523809523809523,1.0078308367899225,0.536124068542047,3,0.46750846816797353,0.33751205400260365,1.0,1e-06,0.1990275665206852,Utsuroi,1e-06,0.9803921568627451,3.0,0
2006-04-03,0.37598922816314134,2.0,0.48780487804878053,0.9156749990557381,0.47626944323398734,3,0.4795669770721798,0.6589521054329958,1.0,1e-06,0.45776180035184866,Utsuroi,1e-06,0.9803921568627451,3.0,0
2006-04-04,0.39325095194660414,2.0,0.48780487804878053,0.8501730447316181,0.6603971447937201,3,0.2887211934102738,0.6589521054329958,1.0,1e-06,0.5367163482061588,Utsuroi,1e-06,0.9803921568627451,3.0,0
2006-04-05,0.3808445178010396,2.0,0.48780487804878053,0.5373279680463581,0.7716064368722904,2,0.12272224919027984,0.6589521054329958,0.6666666666666666,1e-06,0.4335473766961122,Utsuroi,1e-06,0.9803921568627451,3.0,0
2006-04-06,0.3925907425907426,2.0,0.48780487804878053,0.6055034905792689,0.7062178733306241,2,0.17788610316810802,0.6589521054329958,0.6666666666666666,1e-06,0.6388606549269822,Utsuroi,1e-06,0.9803921568627451,3.0,0
2006-04-07,0.462916793351576,1.0,0.9523809523809523,0.578037277152871,0.7351810503571445,2,0.15307522459003944,0.33751205400260365,0.6666666666666666,1e-06,0.44419400058672887,Utsuroi,1e-06,0.9803921568627451,3.0,0
2006-04-10,0.44829590699155913,1.0,0.9523809523809523,0.5679145243208426,0.7448575295917493,2,0.14489911471594633,0.33751205400260365,0.6666666666666666,1e-06,0.6023117085173078,Utsuroi,1e-06,0.9803921568627451,3.0,0
2006-04-11,0.47013783318131136,0.0,20.0,0.5410964592126485,0.7684883369861203,2,0.1252701411232422,0.016072002571568628,0.6666666666666666,1e-06,0.13572285468417944,Utsuroi,1e-06,0.9803921568627451,3.0,0
2006-04-12,0.47524070132765783,1.0,0.9523809523809523,0.6929356949529641,0.5102827695699625,2,0.33934254939847885,0.33751205400260365,0.6666666666666666,1e-06,0.7334295602966774,Utsuroi,1e-06,0.9803921568627451,3.0,0
2006-04-13,0.41659210354862536,1.0,0.9523809523809523,0.6694034034236005,0.6085247698049667,2,0.26205485144859275,0.33751205400260365,0.6666666666666666,1e-06,0.3830680190188097,Utsuroi,1e-06,0.9803921568627451,3.0,0
2006-04-17,0.4081331711766495,0.0,20.0,0.1324485654076514,0.970657667692358,2,0.003886349819861771,0.016072002571568628,0.6666666666666666,1e-06,0.18104616474852298,Utsuroi,1e-06,0.9803921568627451,3.0,0
2006-04-18,0.47141698880829325,1.0,0.9523809523809523,1.4222067967635363e-11,0.999999999984778,1,2.1648897062870866e-22,0.33751205400260365,0.3333333333333333,1e-06,0.9712257365705772,Utsuroi,1e-06,0.9803921568627451,3.0,0
2006-04-19,0.4645673167412298,1.5,0.6451612903225806,0.45591812041433244,0.8299798762075961,2,0.07751525527204493,0.49823207971788014,0.6666666666666666,1e-06,0.055880692797186216,Utsuroi,1e-06,0.9803921568627451,3.0,0
2006-04-20,0.4604685169902562,1.0,0.9523809523809523,1.090230671386575,0.3911909872427452,3,0.6637422587245397,0.33751205400260365,1.0,1e-06,0.12366902249803391,Utsuroi,1e-06,0.9803921568627451,3.0,0
2006-04-21,0.39664827925697493,1.0,0.9523809523809523,1.5526468999246753e-11,0.9999999999834736,1,2.5659736511372808e-22,0.33751205400260365,0.3333333333333333,1e-06,0.7773225814439106,Utsuroi,1e-06,0.9803921568627451,3.0,0
2006-04-24,0.37894641590293765,1.0,0.9523809523809523,1.0518995747249917,0.40980479020354965,3,0.6208260901896134,0.33751205400260365,1.0,1e-06,0.045217454958550674,Utsuroi,1e-06,0.9803921568627451,3.0,0
2006-04-25,0.39215060302016824,0.5,1.8181818181818181,1.0756190490450281,0.4352856742858229,3,0.6074174860067875,0.1767920282871665,1.0,1e-06,0.7832005553326085,Utsuroi,1e-06,0.9803921568627451,3.0,0
2006-04-26,0.3789464159029376,1.0,0.9523809523809523,1.0154044849025134,0.4894839184098504,3,0.5183803188614954,0.33751205400260365,1.0,1e-06,0.6626365882946228,Utsuroi,1e-06,0.9803921568627451,3.0,0
2006-04-27,0.38623622754057546,1.0,0.9523809523809523,0.0,0.0,0,0.0,0.33751205400260365,0.0,1e-06,1.0,Utsuroi,1e-06,0.9803921568627451,3.0,0
2006-04-28,0.32504307286915984,1.0,0.9523809523809523,0.9553304612242013,0.5642712352234843,3,0.41626496182260025,0.33751205400260365,1.0,1e-06,0.04939136389331056,Utsuroi,1e-06,0.9803921568627451,3.0,0
2006-05-01,0.3552338965382445,1.0,0.9523809523809523,0.6855553940171351,0.5615327362744778,2,0.3005935977469655,0.33751205400260365,0.6666666666666666,1e-06,0.10253868399654753,Utsuroi,1e-06,0.9803921568627451,3.0,0
2006-05-02,0.3850671068062373,1.0,0.9523809523809523,2.3138380100526984e-11,0.9999999999758616,1,5.585225019229507e-22,0.33751205400260365,0.3333333333333333,1e-06,0.7579863701221984,Utsuroi,1e-06,0.9803921568627451,3.0,0
2006-05-03,0.38172479694218825,1.0,0.9523809523809523,1.5140555475893352e-11,0.9999999999838595,1,2.443766406613314e-22,0.33751205400260365,0.3333333333333333,1e-06,1.0,Utsuroi,1e-06,0.9803921568627451,3.0,0
2006-05-04,0.3754115449767625,2.0,0.48780487804878053,1.0851541887221476e-11,0.9999999999881485,1,1.2860726316332786e-22,0.6589521054329958,0.3333333333333333,1e-06,0.07051212453160405,Utsuroi,1e-06,0.9803921568627451,3.0,0
2006-05-05,0.3901837293141641,1.0,0.9523809523809523,7.092326725878183e-12,0.9999999999919077,1,5.739326821824596e-23,0.33751205400260365,0.3333333333333333,1e-06,0.21261921927841487,Utsuroi,1e-06,0.9803921568627451,3.0,0
2006-05-08,0.38733657646701125,1.0,0.9523809523809523,1.1645573394423662e-11,0.9999999999873544,1,1.4726469546014194e-22,0.33751205400260365,0.3333333333333333,1e-06,1.0,Utsuroi,1e-06,0.9803921568627451,3.0,0
2006-05-09,0.37993672993673,1.0,0.9523809523809523,1.5151213616929583e-11,0.9999999999838488,1,2.4471015251382344e-22,0.33751205400260365,0.3333333333333333,1e-06,1.0,Utsuroi,1e-06,0.9803921568627451,3.0,0
2006-05-10,0.32589584328714766,1.5,0.6451612903225806,1.1708412017616648e-11,0.9999999999872916,1,1.487950649826125e-22,0.49823207971788014,0.3333333333333333,1e-06,0.1182711449339966,Utsuroi,1e-06,0.9803921568627451,3.0,0
2006-05-11,0.3782862065470762,1.0,0.9523809523809523,1.926536707920811e-11,0.9999999999797347,1,3.9041930959673156e-22,0.33751205400260365,0.3333333333333333,1e-06,0.21834040820826173,Utsuroi,1e-06,0.9803921568627451,3.0,0
2006-05-12,0.4312817617165444,1.5,0.6451612903225806,3.065292464249273e-11,0.9999999999683471,1,9.702540357007512e-22,0.49823207971788014,0.3333333333333333,1e-06,0.1182711449339966,Utsuroi,1e-06,0.9803921568627451,3.0,0
2006-05-15,0.415753087492218,1.0,0.9523809523809523,0.0,0.0,0,0.0,0.33751205400260365,0.0,1e-06,0.4707401049447827,Utsuroi,1e-06,0.9803921568627451,3.0,0
2006-05-16,0.4078580839450404,1.0,0.9523809523809523,3.6917691125629644e-11,0.9999999999620823,1,1.3998327925167134e-21,0.33751205400260365,0.3333333333333333,1e-06,0.41695817530480817,Utsuroi,1e-06,0.9803921568627451,3.0,0
2006-05-17,0.4826818109426805,1.0,0.9523809523809523,1.9819479390787146e-11,0.9999999999791805,1,4.1263080427593295e-22,0.33751205400260365,0.3333333333333333,1e-06,1.0,Utsuroi,1e-06,0.9803921568627451,3.0,0
2006-05-18,0.4396581679190375,1.0,0.9523809523809523,0.6496767227911393,0.6463502913803656,2,0.22975798371204542,0.33751205400260365,0.6666666666666666,1e-06,0.16707310803043107,Utsuroi,1e-06,0.9803921568627451,3.0,0
2006-05-19,0.43864034516208444,1.0,0.9523809523809523,0.5260236973168231,0.7806975340003456,2,0.1153582939958351,0.33751205400260365,0.6666666666666666,1e-06,0.6738025909900951,Utsuroi,1e-06,0.9803921568627451,3.0,0
2006-05-22,0.44571008701443476,1.0,0.9523809523809523,0.5078651584175533,0.7945502751931538,2,0.10434075703587167,0.33751205400260365,0.6666666666666666,1e-06,0.7020594688371464,Utsuroi,1e-06,0.9803921568627451,3.0,0
2006-05-23,0.46801966149792235,0.0,20.0,0.6507418821877249,0.6445725039380702,2,0.23129155776861038,0.016072002571568628,0.6666666666666666,1e-06,0.11632157335067506,Utsuroi,1e-06,0.9803921568627451,3.0,0
2006-05-24,0.4721459699720569,1.0,0.9523809523809523,3.752009813876823e-11,0.9999999999614799,1,1.4452770325002748e-21,0.33751205400260365,0.3333333333333333,1e-06,0.972823262046715,Utsuroi,1e-06,0.9803921568627451,3.0,0
2006-05-25,0.47248982901156833,2.0,0.48780487804878053,0.0,0.0,0,0.0,0.6589521054329958,0.0,1e-06,0.21077749137231983,Utsuroi,1e-06,0.9803921568627451,3.0,0
2006-05-26,0.47929823799389015,1.0,0.9523809523809523,2.8435698240081556e-11,0.9999999999705643,1,8.370240036068059e-22,0.33751205400260365,0.3333333333333333,1e-06,0.7265441216498114,Utsuroi,1e-06,0.9803921568627451,3.0,0
2006-05-30,0.5127901084422825,1.0,0.9523809523809523,2.918321140253939e-11,0.9999999999698168,1,8.808423935982883e-22,0.33751205400260365,0.3333333333333333,1e-06,1.0,Utsuroi,1e-06,0.9803921568627451,3.0,0
2006-05-31,0.5266407505537941,2.0,0.48780487804878053,0.0,0.0,0,0.0,0.6589521054329958,0.0,1e-06,0.21077749137231983,Utsuroi,1e-06,0.9803921568627451,3.0,0
2006-06-01,0.5196535348709262,1.0,0.9523809523809523,2.899243067421102e-10,0.9999999997090757,1,8.434602154527996e-20,0.33751205400260365,0.3333333333333333,1e-06,0.7265441216498114,Utsuroi,1e-06,0.9803921568627451,3.0,0
2006-06-02,0.5074809248722293,2.0,0.48780487804878053,0.0,0.0,0,0.0,0.6589521054329958,0.0,1e-06,0.21077749137231983,Utsuroi,1e-06,0.9803921568627451,3.0,0
2006-06-05,0.542361985840247,2.5,0.3921568627450981,0.0,0.0,0,0.0,0.8196721311479507,0.0,1e-06,0.0019874985749818164,Utsuroi,1e-06,0.9803921568627451,3.0,0
2006-06-06,0.5433385455124585,2.0,0.48780487804878053,0.0,0.0,0,0.0,0.6589521054329958,0.0,1e-06,0.003073532174881266,Utsuroi,1e-06,0.9803921568627451,3.0,0
2006-06-07,0.49786662612749577,1.0,0.9523809523809523,0.0,0.0,0,0.0,0.33751205400260365,0.0,1e-06,0.030846946422049104,Utsuroi,1e-06,0.9803921568627451,3.0,0
2006-06-08,0.4941116854160333,1.0,0.9523809523809523,0.0,0.0,0,0.0,0.33751205400260365,0.0,1e-06,1.0,Utsuroi,1e-06,0.9803921568627451,3.0,0
2006-06-09,0.4871244697331654,1.5,0.6451612903225806,0.0,0.0,0,0.0,0.49823207971788014,0.0,1e-06,0.017580289320236364,Utsuroi,1e-06,0.9803921568627451,3.0,0
2006-06-12,0.5030932835280663,1.0,0.9523809523809523,0.0,0.0,0,0.0,0.33751205400260365,0.0,1e-06,0.03788891119591109,Utsuroi,1e-06,0.9803921568627451,3.0,0
2006-06-13,0.4831219505132549,2.0,0.48780487804878053,0.0,0.0,0,0.0,0.6589521054329958,0.0,1e-06,0.00820492412620688,Utsuroi,1e-06,0.9803921568627451,3.0,0
2006-06-14,0.43353747701573797,3.0,0.3278688524590164,7.428568870865053e-11,0.9999999999247143,1,5.592647592510451e-21,0.9803921568627451,0.3333333333333333,1e-06,0.08250437419014212,Katashi,1e-06,0.9803921568627451,3.0,0
2006-06-15,0.46506247375812604,2.0,0.48780487804878053,0.0,0.0,0,0.0,0.6589521054329958,0.0,1e-06,0.20727304211252917,Utsuroi,1e-06,0.9803921568627451,3.0,0
2006-06-16,0.46806092458266374,2.0,0.48780487804878053,0.0,0.0,0,0.0,0.6589521054329958,0.0,1e-06,1.0,Utsuroi,1e-06,0.9803921568627451,3.0,0
2006-06-19,0.4380626619757055,2.0,0.48780487804878053,0.0,0.0,0,0.0,0.6589521054329958,0.0,1e-06,1.0,Utsuroi,1e-06,0.9803921568627451,3.0,0
2006-06-20,0.44356440660788493,3.0,0.3278688524590164,1.8725820892133613e-10,0.9999999998117418,1,3.525289087819265e-20,0.9803921568627451,0.3333333333333333,1e-06,0.08250437419014212,Katashi,1e-06,0.9803921568627451,3.0,0
2006-06-21,0.4600833948660035,2.5,0.3921568627450981,0.0,0.0,0,0.0,0.8196721311479507,0.0,1e-06,0.4529245871001065,Utsuroi,1e-06,0.9803921568627451,3.0,0
2006-06-22,0.4611837437924395,1.0,0.9523809523809523,0.0,0.0,0,0.0,0.33751205400260365,0.0,1e-06,0.026900034776429993,Utsuroi,1e-06,0.9803921568627451,3.0,0
2006-06-23,0.46162388336301374,2.5,0.3921568627450981,0.0,0.0,0,0.0,0.8196721311479507,0.0,1e-06,0.004630323386673352,Utsuroi,1e-06,0.9803921568627451,3.0,0
2006-06-26,0.4724898290115681,2.0,0.48780487804878053,0.0,0.0,0,0.0,0.6589521054329958,0.0,1e-06,0.003073532174881266,Utsuroi,1e-06,0.9803921568627451,3.0,0
2006-06-27,0.4617064095324966,3.0,0.3278688524590164,0.0,0.0,0,0.0,0.9803921568627451,0.0,1e-06,0.0011941408365824246,Katashi,1e-06,0.9803921568627451,3.0,0
2006-06-28,0.4383652579304753,2.0,0.48780487804878053,0.0,0.0,0,0.0,0.6589521054329958,0.0,1e-06,0.0026412457123632382,Utsuroi,1e-06,0.9803921568627451,3.0,0
2006-06-29,0.4783629414064197,2.0,0.48780487804878053,0.0,0.0,0,0.0,0.6589521054329958,0.0,1e-06,1.0,Utsuroi,1e-06,0.9803921568627451,3.0,0
2006-06-30,0.46641040119300986,1.0,0.9523809523809523,0.0,0.0,0,0.0,0.33751205400260365,0.0,1e-06,0.030846946422049104,Utsuroi,1e-06,0.9803921568627451,3.0,0
2006-07-03,0.4775926971579146,1.0,0.9523809523809523,0.0,0.0,0,0.0,0.33751205400260365,0.0,1e-06,1.0,Utsuroi,1e-06,0.9803921568627451,3.0,0
2006-07-05,0.46451229929490806,1.5,0.6451612903225806,2.8670255054788255e-10,0.9999999997122975,1,8.248504871072088e-20,0.49823207971788014,0.3333333333333333,1e-06,0.14668112436681646,Utsuroi,1e-06,0.9803921568627451,3.0,0
2006-07-06,0.4453387192517628,1.5,0.6451612903225806,0.0,0.0,0,0.0,0.49823207971788014,0.0,1e-06,1.0,Utsuroi,1e-06,0.9803921568627451,3.0,0
2006-07-07,0.4503865699517874,1.0,0.9523809523809523,0.0,0.0,0,0.0,0.33751205400260365,0.0,1e-06,0.03788891119591109,Utsuroi,1e-06,0.9803921568627451,3.0,0
2006-07-10,0.4570986984030462,2.0,0.48780487804878053,0.0,0.0,0,0.0,0.6589521054329958,0.0,1e-06,0.00820492412620688,Utsuroi,1e-06,0.9803921568627451,3.0,0
2006-07-11,0.4704129204129205,2.0,0.48780487804878053,0.0,0.0,0,0.0,0.6589521054329958,0.0,1e-06,1.0,Utsuroi,1e-06,0.9803921568627451,3.0,0
2006-07-12,0.4729162142205621,2.0,0.48780487804878053,0.0,0.0,0,0.0,0.6589521054329958,0.0,1e-06,1.0,Utsuroi,1e-06,0.9803921568627451,3.0,0
2006-07-13,0.451968321533539,1.0,0.9523809523809523,0.0,0.0,0,0.0,0.33751205400260365,0.0,1e-06,0.030846946422049104,Utsuroi,1e-06,0.9803921568627451,3.0,0
2006-07-14,0.43958939611113523,0.5,1.8181818181818181,2.2154555965069954e-10,0.9999999997774545,1,4.930397566510958e-20,0.1767920282871665,0.3333333333333333,1e-06,0.609656921231308,Utsuroi,1e-06,0.9803921568627451,3.0,0
2006-07-17,0.4445959837264187,1.0,0.9523809523809523,0.0,0.0,0,0.0,0.33751205400260365,0.0,1e-06,0.49555849288338394,Utsuroi,1e-06,0.9803921568627451,3.0,0
2006-07-18,0.4236480910393955,1.0,0.9523809523809523,0.0,0.0,0,0.0,0.33751205400260365,0.0,1e-06,1.0,Utsuroi,1e-06,0.9803921568627451,3.0,0
2006-07-19,0.4727511618815967,1.0,0.9523809523809523,9.834599800701623e-11,0.999999999900654,1,9.770279146905683e-21,0.33751205400260365,0.3333333333333333,1e-06,0.41695817530480817,Utsuroi,1e-06,0.9803921568627451,3.0,0
2006-07-20,0.4631781262216045,1.0,0.9523809523809523,0.0,0.0,0,0.0,0.33751205400260365,0.0,1e-06,1.0,Utsuroi,1e-06,0.9803921568627451,3.0,0
2006-07-21,0.46173391825565757,1.0,0.9523809523809523,0.0,0.0,0,0.0,0.33751205400260365,0.0,1e-06,1.0,Utsuroi,1e-06,0.9803921568627451,3.0,0
2006-07-24,0.45469168512646774,1.0,0.9523809523809523,1.5552781284929936e-11,0.9999999999834472,1,2.57441442929645e-22,0.33751205400260365,0.3333333333333333,1e-06,0.41695817530480817,Utsuroi,1e-06,0.9803921568627451,3.0,0
2006-07-25,0.4511980772850339,1.0,0.9523809523809523,1.6858736628774035e-11,0.9999999999821413,1,3.01075364405568e-22,0.33751205400260365,0.3333333333333333,1e-06,1.0,Utsuroi,1e-06,0.9803921568627451,3.0,0
2006-07-26,0.4495475538953801,2.0,0.48780487804878053,0.0,0.0,0,0.0,0.6589521054329958,0.0,1e-06,0.21077749137231983,Utsuroi,1e-06,0.9803921568627451,3.0,0
2006-07-27,0.4495337995337996,1.0,0.9523809523809523,0.3154652775081069,0.9043291926346301,2,0.03018081779494106,0.33751205400260365,0.6666666666666666,1e-06,0.6133663306343533,Utsuroi,1e-06,0.9803921568627451,3.0,0
2006-07-28,0.4618852162330423,2.0,0.48780487804878053,1.2346568212162876e-11,0.9999999999866535,1,1.647840417035207e-22,0.6589521054329958,0.3333333333333333,1e-06,0.47626311614893413,Utsuroi,1e-06,0.9803921568627451,3.0,0
2006-07-31,0.4642784751480403,1.0,0.9523809523809523,0.07594704698958234,0.985460786572358,2,0.0011042103253806914,0.33751205400260365,0.6666666666666666,1e-06,0.9439423140765765,Utsuroi,1e-06,0.9803921568627451,3.0,0
2006-08-01,0.400265676352633,0.5,1.8181818181818181,0.4642655294665675,0.8246520639808765,2,0.08140800235678816,0.1767920282871665,0.6666666666666666,1e-06,0.98342615201256,Utsuroi,1e-06,0.9803921568627451,3.0,0
2006-08-02,0.42030578117534645,1.0,0.9523809523809523,3.96052968120176e-10,0.999999999602947,1,1.572539977947673e-19,0.33751205400260365,0.3333333333333333,1e-06,0.9363895846051469,Utsuroi,1e-06,0.9803921568627451,3.0,0
2006-08-03,0.405973736408519,1.5,0.6451612903225806,0.35035043119706216,0.8881574238286549,2,0.03918409478782102,0.49823207971788014,0.6666666666666666,1e-06,0.03728894774519165,Utsuroi,1e-06,0.9803921568627451,3.0,0
2006-08-04,0.3897298353820094,1.0,0.9523809523809523,0.2843803806642464,0.9176878750804411,2,0.023407953417907152,0.33751205400260365,0.6666666666666666,1e-06,0.44750732477596444,Utsuroi,1e-06,0.9803921568627451,3.0,0
2006-08-07,0.3859748946705469,1.0,0.9523809523809523,0.18993754029857574,0.952882917912594,2,0.008949302677727968,0.33751205400260365,0.6666666666666666,1e-06,0.973239458777792,Utsuroi,1e-06,0.9803921568627451,3.0,0
2006-08-08,0.3979962066918589,1.0,0.9523809523809523,7.252420886027821e-12,0.9999999999917476,1,5.984986915833866e-23,0.33751205400260365,0.3333333333333333,1e-06,0.41819554133075076,Utsuroi,1e-06,0.9803921568627451,3.0,0
2006-08-09,0.3994541690193864,1.0,0.9523809523809523,0.2904701399328692,0.9151448182225446,2,0.024647896524926532,0.33751205400260365,0.6666666666666666,1e-06,0.18162618761204052,Utsuroi,1e-06,0.9803921568627451,3.0,0
2006-08-10,0.37354095180182145,2.0,0.48780487804878053,7.534084467372859e-12,0.9999999999914659,1,6.429634656224447e-23,0.6589521054329958,0.3333333333333333,1e-06,0.4747343647444351,Utsuroi,1e-06,0.9803921568627451,3.0,0
2006-08-11,0.37996423865989093,2.0,0.48780487804878053,1.0777490011479852e-11,0.9999999999882225,1,1.2693154254315228e-22,0.6589521054329958,0.3333333333333333,1e-06,1.0,Utsuroi,1e-06,0.9803921568627451,3.0,0
2006-08-14,0.3659898072941552,1.0,0.9523809523809523,3.384781344035031e-11,0.9999999999651522,1,1.179521539381789e-21,0.33751205400260365,0.3333333333333333,1e-06,0.21261921927841487,Utsuroi,1e-06,0.9803921568627451,3.0,0
2006-08-15,0.4281595216377825,1.0,0.9523809523809523,0.8811558807850607,0.6566458763540108,3,0.30254850524246424,0.33751205400260365,1.0,1e-06,0.08214874080127688,Utsuroi,1e-06,0.9803921568627451,3.0,0
2006-08-16,0.45742880308097694,1.0,0.9523809523809523,0.82043912486222,0.6867182755202526,3,0.2570285838674911,0.33751205400260365,1.0,1e-06,0.5070491051881378,Utsuroi,1e-06,0.9803921568627451,3.0,0
2006-08-17,0.46163763772459415,2.0,0.48780487804878053,0.6301553319539772,0.6755813833169144,2,0.2044341210879799,0.6589521054329958,0.6666666666666666,1e-06,0.8504691996227669,Utsuroi,1e-06,0.9803921568627451,3.0,0
2006-08-18,0.40509345726737034,2.0,0.48780487804878053,0.656966026610334,0.6336836632223676,2,0.24065738825525412,0.6589521054329958,0.6666666666666666,1e-06,0.5359056183425973,Utsuroi,1e-06,0.9803921568627451,3.0,0
2006-08-21,0.38195862108905587,2.0,0.48780487804878053,1.0360246196667247,0.49782334537027073,3,0.5202673776182735,0.6589521054329958,1.0,1e-06,0.1455841894578197,Utsuroi,1e-06,0.9803921568627451,3.0,0
2006-08-22,0.36689759515846476,1.5,0.6451612903225806,1.4221068766913215e-11,0.999999999984779,1,2.1645955104732495e-22,0.49823207971788014,0.3333333333333333,1e-06,0.6622495598724669,Utsuroi,1e-06,0.9803921568627451,3.0,0
2006-08-23,0.34801285670850884,3.0,0.3278688524590164,4.102551631657853e-11,0.9999999999579745,1,1.7241175978396477e-21,0.9803921568627451,0.3333333333333333,1e-06,0.031592364286324504,Katashi,1e-06,0.9803921568627451,3.0,0
2006-08-24,0.3405442383703253,1.0,0.9523809523809523,0.29290699681505666,0.9141172780978895,2,0.02515565015064989,0.33751205400260365,0.6666666666666666,1e-06,0.7772170987329023,Utsuroi,1e-06,0.9803921568627451,3.0,0
2006-08-25,0.33401091661961235,0.0,20.0,0.0,0.0,0,0.0,0.016072002571568628,0.0,1e-06,0.11849939494907191,Utsuroi,1e-06,0.9803921568627451,3.0,0
2006-08-28,0.34036543166977945,2.0,0.48780487804878053,0.0,0.0,0,0.0,0.6589521054329958,0.0,1e-06,0.5492738856735249,Utsuroi,1e-06,0.9803921568627451,3.0,0
2006-08-29,0.2800112930547713,2.0,0.48780487804878053,0.0,0.0,0,0.0,0.6589521054329958,0.0,1e-06,1.0,Utsuroi,1e-06,0.9803921568627451,3.0,0
2006-08-30,0.27961241656893837,2.0,0.48780487804878053,0.0,0.0,0,0.0,0.6589521054329958,0.0,1e-06,1.0,Utsuroi,1e-06,0.9803921568627451,3.0,0
2006-08-31,0.2783332609419566,1.0,0.9523809523809523,0.0,0.0,0,0.0,0.33751205400260365,0.0,1e-06,0.030846946422049104,Utsuroi,1e-06,0.9803921568627451,3.0,0
2006-09-01,0.25866452388191513,2.0,0.48780487804878053,0.0,0.0,0,0.0,0.6589521054329958,0.0,1e-06,0.00820492412620688,Utsuroi,1e-06,0.9803921568627451,3.0,0
2006-09-05,0.260713923757402,1.0,0.9523809523809523,2.0975332581699662e-11,0.9999999999780247,1,4.609394454892284e-22,0.33751205400260365,0.3333333333333333,1e-06,0.7265441216498114,Utsuroi,1e-06,0.9803921568627451,3.0,0
2006-09-06,0.296559589699549,1.0,0.9523809523809523,0.4585003831988426,0.8283452299260842,2,0.07870377785679963,0.33751205400260365,0.6666666666666666,1e-06,0.19323933932625847,Utsuroi,1e-06,0.9803921568627451,3.0,0
2006-09-07,0.3075822012365198,2.0,0.48780487804878053,0.7204786395665875,0.755431287762083,3,0.17620653307372666,0.6589521054329958,1.0,1e-06,0.024319281474355137,Utsuroi,1e-06,0.9803921568627451,3.0,0
2006-09-08,0.2953967032009687,0.0,20.0,0.4953268009596493,0.8036314246426822,2,0.09726661824074403,0.016072002571568628,0.6666666666666666,1e-06,0.31053340886161807,Utsuroi,1e-06,0.9803921568627451,3.0,0
2006-09-11,0.2803692143314914,2.5,0.3921568627450981,2.9204749729216464e-11,0.9999999999697953,1,8.821215104293935e-22,0.8196721311479507,0.3333333333333333,1e-06,0.5349407338412515,Utsuroi,1e-06,0.9803921568627451,3.0,0
2006-09-12,0.32812045830646136,2.0,0.48780487804878053,9.03799257651613e-12,0.999999999989962,1,9.072310245418541e-23,0.6589521054329958,0.3333333333333333,1e-06,0.06570310024921278,Utsuroi,1e-06,0.9803921568627451,3.0,0
2006-09-13,0.3390217163990889,3.0,0.3278688524590164,1.1727174786732576e-11,0.9999999999872728,1,1.4925354384097428e-22,0.9803921568627451,0.3333333333333333,1e-06,0.031102950540297325,Katashi,1e-06,0.9803921568627451,3.0,0
2006-09-14,0.34448203478222883,2.0,0.48780487804878053,4.137234998945679e-11,0.9999999999576277,1,1.7530427784491342e-21,0.6589521054329958,0.3333333333333333,1e-06,0.06529797117021863,Utsuroi,1e-06,0.9803921568627451,3.0,0
2006-09-15,0.2820397768217189,3.0,0.3278688524590164,3.725597608122004e-11,0.999999999961744,1,1.425262905706628e-21,0.9803921568627451,0.3333333333333333,1e-06,0.031102950540297325,Katashi,1e-06,0.9803921568627451,3.0,0
2006-09-18,0.22296790463859836,2.0,0.48780487804878053,0.0,0.0,0,0.0,0.6589521054329958,0.0,1e-06,0.20727304211252917,Utsuroi,1e-06,0.9803921568627451,3.0,0
2006-09-19,0.21974941122282304,1.0,0.9523809523809523,2.5480118012236764e-10,0.9999999997441988,1,6.517843694356944e-20,0.33751205400260365,0.3333333333333333,1e-06,0.7265441216498114,Utsuroi,1e-06,0.9803921568627451,3.0,0
2006-09-20,0.23860110210455973,1.0,0.9523809523809523,0.6729163800821056,0.6002347233798689,2,0.2690086028257402,0.33751205400260365,0.6666666666666666,1e-06,0.1511389289608135,Utsuroi,1e-06,0.9803921568627451,3.0,0
2006-09-21,0.2307800012995972,0.5,1.8181818181818181,5.947751178682582e-10,0.9999999994042249,1,3.543522029011768e-19,0.1767920282871665,0.3333333333333333,1e-06,0.541724359116186,Utsuroi,1e-06,0.9803921568627451,3.0,0
2006-09-22,0.2220805948645217,1.0,0.9523809523809523,0.30104045665046875,0.9106460883131282,2,0.02689914237772154,0.33751205400260365,0.6666666666666666,1e-06,0.037870970130217896,Utsuroi,1e-06,0.9803921568627451,3.0,0
2006-09-25,0.2462206920915317,1.0,0.9523809523809523,0.12917591189485342,0.9715886006120067,2,0.0036700684241529158,0.33751205400260365,0.6666666666666666,1e-06,0.9890223533381086,Utsuroi,1e-06,0.9803921568627451,3.0,0
2006-09-26,0.24218679870853785,1.0,0.9523809523809523,1.0510703418665534e-11,0.9999999999884893,1,1.2098535725966463e-22,0.33751205400260365,0.3333333333333333,1e-06,0.41716682568576147,Utsuroi,1e-06,0.9803921568627451,3.0,0
2006-09-27,0.2461893179284484,1.0,0.9523809523809523,0.4824566786395897,0.860845282838398,3,0.067136122658818,0.33751205400260365,1.0,1e-06,0.09375038714170114,Utsuroi,1e-06,0.9803921568627451,3.0,0
2006-09-28,0.25012306534045664,1.0,0.9523809523809523,3.087552435892301e-11,0.9999999999681245,1,9.841728457933326e-22,0.33751205400260365,0.3333333333333333,1e-06,0.43367521608964676,Utsuroi,1e-06,0.9803921568627451,3.0,0
2006-09-29,0.2740694088520176,2.0,0.48780487804878053,0.6923465389878609,0.5200053477303955,2,0.33232263623154246,0.6589521054329958,0.6666666666666666,1e-06,0.061786460620955164,Utsuroi,1e-06,0.9803921568627451,3.0,0
2006-10-02,0.2851141612011177,2.0,0.48780487804878053,2.0193846594682884e-11,0.9999999999788062,1,4.279848401661711e-22,0.6589521054329958,0.3333333333333333,1e-06,0.866919360529263,Utsuroi,1e-06,0.9803921568627451,3.0,0
2006-10-03,0.2836561988735903,1.5,0.6451612903225806,9.307332682287455e-12,0.9999999999896927,1,9.593356844734472e-23,0.49823207971788014,0.3333333333333333,1e-06,0.11046717920386218,Utsuroi,1e-06,0.9803921568627451,3.0,0
2006-10-04,0.3120589555372164,2.0,0.48780487804878053,3.582389940180982e-11,0.9999999999631761,1,1.319174875290794e-21,0.6589521054329958,0.3333333333333333,1e-06,0.06759245709200823,Utsuroi,1e-06,0.9803921568627451,3.0,0
2006-10-05,0.30956941609115524,2.0,0.48780487804878053,3.917066670941351e-11,0.9999999999598294,1,1.5735109306784282e-21,0.6589521054329958,0.3333333333333333,1e-06,1.0,Utsuroi,1e-06,0.9803921568627451,3.0,0
2006-10-06,0.29117983465809555,1.0,0.9523809523809523,0.6850000258322283,0.563737764323296,2,0.2988396427081679,0.33751205400260365,0.6666666666666666,1e-06,0.44358918352603693,Utsuroi,1e-06,0.9803921568627451,3.0,0
2006-10-09,0.2762425979817284,1.0,0.9523809523809523,3.6809333358430326e-11,0.9999999999621907,1,1.3917355413910036e-21,0.33751205400260365,0.3333333333333333,1e-06,0.7568124605882653,Utsuroi,1e-06,0.9803921568627451,3.0,0
2006-10-10,0.2729690599255816,1.0,0.9523809523809523,1.7440049404457217e-11,0.99999999998156,1,3.215949868334303e-22,0.33751205400260365,0.3333333333333333,1e-06,1.0,Utsuroi,1e-06,0.9803921568627451,3.0,0
2006-10-11,0.29461842505320757,1.0,0.9523809523809523,1.6466938923390738e-11,0.9999999999825331,1,2.876266521555613e-22,0.33751205400260365,0.3333333333333333,1e-06,1.0,Utsuroi,1e-06,0.9803921568627451,3.0,0
2006-10-12,0.2991848730979165,1.0,0.9523809523809523,3.796396530399617e-11,0.9999999999610361,1,1.4792257871076052e-21,0.33751205400260365,0.3333333333333333,1e-06,1.0,Utsuroi,1e-06,0.9803921568627451,3.0,0
2006-10-13,0.27882841795885277,1.0,0.9523809523809523,4.212186155334919e-11,0.9999999999568782,1,1.816372150503975e-21,0.33751205400260365,0.3333333333333333,1e-06,1.0,Utsuroi,1e-06,0.9803921568627451,3.0,0
2006-10-16,0.2661468965816792,2.0,0.48780487804878053,1.2598921905656773e-11,0.9999999999864011,1,1.713314763818293e-22,0.6589521054329958,0.3333333333333333,1e-06,0.07051212453160405,Utsuroi,1e-06,0.9803921568627451,3.0,0
2006-10-17,0.266254887064926,2.0,0.48780487804878053,0.0,0.0,0,0.0,0.6589521054329958,0.0,1e-06,1.0,Utsuroi,1e-06,0.9803921568627451,3.0,0
2006-10-18,0.2687103144899652,3.0,0.3278688524590164,0.0,0.0,0,0.0,0.9803921568627451,0.0,1e-06,0.0011941408365824246,Katashi,1e-06,0.9803921568627451,3.0,0
2006-10-19,0.28046352329422514,1.0,0.9523809523809523,0.0,0.0,0,0.0,0.33751205400260365,0.0,1e-06,0.024392228145056705,Utsuroi,1e-06,0.9803921568627451,3.0,0
2006-10-20,0.25919122405376355,1.0,0.9523809523809523,0.0,0.0,0,0.0,0.33751205400260365,0.0,1e-06,1.0,Utsuroi,1e-06,0.9803921568627451,3.0,0
2006-10-23,0.2758151388727604,1.0,0.9523809523809523,0.0,0.0,0,0.0,0.33751205400260365,0.0,1e-06,1.0,Utsuroi,1e-06,0.9803921568627451,3.0,0
2006-10-24,0.26454967182018524,2.0,0.48780487804878053,0.6402649091577883,0.6611572287892941,2,0.2169491361279959,0.6589521054329958,0.6666666666666666,1e-06,0.05853344603766231,Utsuroi,1e-06,0.9803921568627451,3.0,0
2006-10-25,0.2614147457471361,1.0,0.9523809523809523,0.0,0.0,0,0.0,0.33751205400260365,0.0,1e-06,0.5560855858214784,Utsuroi,1e-06,0.9803921568627451,3.0,0
2006-10-26,0.28286189412108775,1.0,0.9523809523809523,0.0,0.0,0,0.0,0.33751205400260365,0.0,1e-06,1.0,Utsuroi,1e-06,0.9803921568627451,3.0,0
2006-10-27,0.2942757395279867,1.0,0.9523809523809523,0.0,0.0,0,0.0,0.33751205400260365,0.0,1e-06,1.0,Utsuroi,1e-06,0.9803921568627451,3.0,0
2006-10-30,0.29244632009139576,1.0,0.9523809523809523,0.0,0.0,0,0.0,0.33751205400260365,0.0,1e-06,1.0,Utsuroi,1e-06,0.9803921568627451,3.0,0
2006-10-31,0.2769843003471503,1.0,0.9523809523809523,0.6829894132227019,0.5711453690111998,2,0.292903172776879,0.33751205400260365,0.6666666666666666,1e-06,0.0971563173363087,Utsuroi,1e-06,0.9803921568627451,3.0,0
2006-11-01,0.2720170799271463,1.0,0.9523809523809523,0.9447920162918761,0.5883816154915885,3,0.38889376344250687,0.33751205400260365,1.0,1e-06,0.06268307770456083,Utsuroi,1e-06,0.9803921568627451,3.0,0
2006-11-02,0.27553834803655897,1.0,0.9523809523809523,0.6926681269885316,0.5154754171726359,2,0.33561473526693,0.33751205400260365,0.6666666666666666,1e-06,0.20370323466045526,Utsuroi,1e-06,0.9803921568627451,3.0,0
2006-11-03,0.24793060751017656,1.0,0.9523809523809523,0.8153766781842979,0.6660626154856553,3,0.272284755306859,0.33751205400260365,1.0,1e-06,0.5097570262473443,Utsuroi,1e-06,0.9803921568627451,3.0,0
2006-11-06,0.2772751878174576,0.0,20.0,0.5283626750102004,0.7788475806508601,2,0.11684868387228914,0.016072002571568628,0.6666666666666666,1e-06,0.28286512820045084,Utsuroi,1e-06,0.9803921568627451,3.0,0
2006-11-07,0.2590415559138323,1.0,0.9523809523809523,0.9899733443739038,0.5609509820717061,3,0.43464682462255116,0.33751205400260365,1.0,1e-06,0.5488021712733071,Utsuroi,1e-06,0.9803921568627451,3.0,0
2006-11-08,0.2528640041429159,1.0,0.9523809523809523,0.849454203770261,0.677422193468575,3,0.2740150738011089,0.33751205400260365,1.0,1e-06,0.48297842846077077,Utsuroi,1e-06,0.9803921568627451,3.0,0
2006-11-09,0.2589257062599508,1.0,0.9523809523809523,0.6836176701394654,0.5689173462044703,2,0.29469571942523776,0.33751205400260365,0.6666666666666666,1e-06,0.4899930723692727,Utsuroi,1e-06,0.9803921568627451,3.0,0
2006-11-10,0.2376637385361428,1.0,0.9523809523809523,0.6925212222851846,0.517689370523607,2,0.3340103466461285,0.33751205400260365,0.6666666666666666,1e-06,0.29320168109047406,Utsuroi,1e-06,0.9803921568627451,3.0,0
2006-11-13,0.20884474384471213,0.0,20.0,0.3787094899128006,0.8740010431931705,2,0.047717000661859396,0.016072002571568628,0.6666666666666666,1e-06,0.2203293894066225,Utsuroi,1e-06,0.9803921568627451,3.0,0
2006-11-14,0.21838424440193294,1.0,0.9523809523809523,0.4689807469002809,0.8691303536912856,3,0.06137534447243649,0.33751205400260365,1.0,1e-06,0.7648504144807244,Utsuroi,1e-06,0.9803921568627451,3.0,0
2006-11-15,0.22852216456661922,1.0,0.9523809523809523,0.3415599072391023,0.9142560173935884,3,0.02928670674535714,0.33751205400260365,1.0,1e-06,0.935576859519972,Utsuroi,1e-06,0.9803921568627451,3.0,0
2006-11-16,0.207411781906781,1.0,0.9523809523809523,4.774847184291699e-12,0.9999999999942252,1,2.757390718987426e-23,0.33751205400260365,0.3333333333333333,1e-06,0.42025344585464375,Utsuroi,1e-06,0.9803921568627451,3.0,0
2006-11-17,0.20594683944956083,0.0,20.0,0.1926477984034678,0.9519785476032365,2,0.009251227080373415,0.016072002571568628,0.6666666666666666,1e-06,0.056173401966647774,Utsuroi,1e-06,0.9803921568627451,3.0,0
2006-11-20,0.20103088172852696,0.0,20.0,0.623519089670155,0.6843860182878705,2,0.19679134256431993,0.016072002571568628,0.6666666666666666,1e-06,0.7334207695211881,Utsuroi,1e-06,0.9803921568627451,3.0,0
2006-11-21,0.2001309927999648,1.0,0.9523809523809523,8.424816400021623e-12,0.9999999999905752,1,7.940216140303442e-23,0.33751205400260365,0.3333333333333333,1e-06,0.972408868330413,Utsuroi,1e-06,0.9803921568627451,3.0,0
2006-11-22,0.2019043963768315,1.0,0.9523809523809523,0.6492182235723143,0.7950028155619626,3,0.1330879079181887,0.33751205400260365,1.0,1e-06,0.09414847153266126,Utsuroi,1e-06,0.9803921568627451,3.0,0
2006-11-24,0.2243482385562577,2.0,0.48780487804878053,0.6246699142198471,0.6828925038121247,2,0.19808751244215053,0.6589521054329958,0.6666666666666666,1e-06,0.6512074528055931,Utsuroi,1e-06,0.9803921568627451,3.0,0
2006-11-27,0.23572405903949645,1.0,0.9523809523809523,0.47050967586791925,0.8205820975409532,2,0.08441785913090805,0.33751205400260365,0.6666666666666666,1e-06,0.41504999123379605,Utsuroi,1e-06,0.9803921568627451,3.0,0
2006-11-28,0.20488427850929347,2.0,0.48780487804878053,0.31799549872343863,0.9031995158722921,2,0.030782118226860784,0.6589521054329958,0.6666666666666666,1e-06,0.2582994933201871,Utsuroi,1e-06,0.9803921568627451,3.0,0
2006-11-29,0.18467033475165953,1.0,0.9523809523809523,0.37717977318470497,0.8747893969504928,2,0.04722690685853324,0.33751205400260365,0.6666666666666666,1e-06,0.4664047921611205,Utsuroi,1e-06,0.9803921568627451,3.0,0
2006-11-30,0.18457456700512032,-1.0,0.9523809523809523,0.36976226591636835,0.8785711375684099,2,0.044899811320351736,0.33751205400260365,0.6666666666666666,1e-06,0.8668860494155287,Utsuroi,1e-06,0.9803921568627451,3.0,0
2006-12-01,0.19955504611937394,0.0,20.0,0.22959258657577394,0.939043027816666,2,0.013995268913399146,0.016072002571568628,0.6666666666666666,1e-06,0.11881570627252325,Utsuroi,1e-06,0.9803921568627451,3.0,0
2006-12-04,0.20206547934382316,1.0,0.9523809523809523,0.4993509016701364,0.8007572189411516,2,0.09949206237300152,0.33751205400260365,0.6666666666666666,1e-06,0.9002910586501115,Utsuroi,1e-06,0.9803921568627451,3.0,0
2006-12-05,0.19819974814075392,2.0,0.48780487804878053,0.16523954876174798,0.9608480568323775,2,0.006469449422163543,0.6589521054329958,0.6666666666666666,1e-06,0.2996214263635999,Utsuroi,1e-06,0.9803921568627451,3.0,0
2006-12-06,0.20066605035171617,3.0,0.3278688524590164,7.7251538499092e-12,0.9999999999912749,1,6.740298496127496e-23,0.9803921568627451,0.3333333333333333,1e-06,0.3775409118428187,Katashi,1e-06,0.9803921568627451,3.0,0
2006-12-07,0.19932509916166063,2.5,0.3921568627450981,1.3612000415612939e-11,0.999999999985388,1,1.9889825461084263e-22,0.8196721311479507,0.3333333333333333,1e-06,0.04329483179486493,Utsuroi,1e-06,0.9803921568627451,3.0,0
2006-12-08,0.1907509746292083,3.0,0.3278688524590164,2.9009905588400617e-11,0.9999999999699901,1,8.705838861003544e-22,0.9803921568627451,0.3333333333333333,1e-06,0.030847362697389302,Katashi,1e-06,0.9803921568627451,3.0,0
2006-12-11,0.1992418853712068,2.0,0.48780487804878053,9.64928137386842e-12,0.9999999999893507,1,1.0275769894779283e-22,0.6589521054329958,0.3333333333333333,1e-06,0.06529797117021863,Utsuroi,1e-06,0.9803921568627451,3.0,0
2006-12-12,0.19552788141588925,2.0,0.48780487804878053,6.216915870794022e-11,0.9999999999368309,1,3.927172077996277e-21,0.6589521054329958,0.3333333333333333,1e-06,1.0,Utsuroi,1e-06,0.9803921568627451,3.0,0
2006-12-13,0.19138061701321962,3.0,0.3278688524590164,0.0,0.0,0,0.0,0.9803921568627451,0.0,1e-06,0.20612284511371592,Katashi,1e-06,0.9803921568627451,3.0,0
2006-12-14,0.2017391197619815,3.0,0.3278688524590164,0.0,0.0,0,0.0,0.9803921568627451,0.0,1e-06,1.0,Katashi,1e-06,0.9803921568627451,3.0,0
2006-12-15,0.18092774120173827,3.0,0.3278688524590164,7.01124713816925e-11,0.9999999999288876,1,4.985869563799118e-21,0.9803921568627451,0.3333333333333333,1e-06,0.7571163687425386,Katashi,1e-06,0.9803921568627451,3.0,0
2006-12-18,0.17501280241683012,2.0,0.48780487804878053,0.0,0.0,0,0.0,0.6589521054329958,0.0,1e-06,0.20727304211252917,Utsuroi,1e-06,0.9803921568627451,3.0,0
2006-12-19,0.17156655981051108,2.0,0.48780487804878053,3.259792435927009e-11,0.9999999999664021,1,1.0952218757881875e-21,0.6589521054329958,0.3333333333333333,1e-06,0.6511466998765344,Utsuroi,1e-06,0.9803921568627451,3.0,0
2006-12-20,0.17611204804182073,1.0,0.9523809523809523,2.4015456289959303e-11,0.9999999999749846,1,6.007570658492045e-22,0.33751205400260365,0.3333333333333333,1e-06,0.21261921927841487,Utsuroi,1e-06,0.9803921568627451,3.0,0
2006-12-21,0.1737450954842259,2.0,0.48780487804878053,2.0195400906917324e-11,0.9999999999788046,1,4.28049171945554e-22,0.6589521054329958,0.3333333333333333,1e-06,0.07051212453160405,Utsuroi,1e-06,0.9803921568627451,3.0,0
2006-12-22,0.20364707756012107,1.0,0.9523809523809523,0.0,0.0,0,0.0,0.33751205400260365,0.0,1e-06,0.22879491661612328,Utsuroi,1e-06,0.9803921568627451,3.0,0
2006-12-26,0.23492449579406105,2.0,0.48780487804878053,7.591371975183696e-11,0.9999999999230863,1,5.838804887194721e-21,0.6589521054329958,0.3333333333333333,1e-06,0.04908490860651604,Utsuroi,1e-06,0.9803921568627451,3.0,0
2006-12-27,0.2449789341093689,2.0,0.48780487804878053,4.5402903657877054e-11,0.9999999999535971,1,2.1068255598828737e-21,0.6589521054329958,0.3333333333333333,1e-06,1.0,Utsuroi,1e-06,0.9803921568627451,3.0,0
2006-12-28,0.23409923409923417,1.0,0.9523809523809523,2.943467691760936e-11,0.9999999999695653,1,8.958342310295876e-22,0.33751205400260365,0.3333333333333333,1e-06,0.21261921927841487,Utsuroi,1e-06,0.9803921568627451,3.0,0
2006-12-29,0.2387069452286844,2.0,0.48780487804878053,0.0,0.0,0,0.0,0.6589521054329958,0.0,1e-06,0.21077749137231983,Utsuroi,1e-06,0.9803921568627451,3.0,0
2007-01-03,0.23742778960170272,2.0,0.48780487804878053,0.3638992358704265,0.8815131644809794,2,0.04311726890607651,0.6589521054329958,0.6666666666666666,1e-06,0.39815211735656464,Utsuroi,1e-06,0.9803921568627451,3.0,0
2007-01-04,0.24105894105894107,2.0,0.48780487804878053,0.0,0.0,0,0.0,0.6589521054329958,0.0,1e-06,1.0,Utsuroi,1e-06,0.9803921568627451,3.0,0
2007-01-05,0.263258480649785,2.0,0.48780487804878053,6.882794334229172e-11,0.9999999999301721,1,4.806112205647278e-21,0.6589521054329958,0.3333333333333333,1e-06,0.6511466998765344,Utsuroi,1e-06,0.9803921568627451,3.0,0
2007-01-08,0.263657357135618,2.0,0.48780487804878053,0.0,0.0,0,0.0,0.6589521054329958,0.0,1e-06,1.0,Utsuroi,1e-06,0.9803921568627451,3.0,0
2007-01-09,0.2579630514413124,1.0,0.9523809523809523,0.0,0.0,0,0.0,0.33751205400260365,0.0,1e-06,0.030846946422049104,Utsuroi,1e-06,0.9803921568627451,3.0,0
2007-01-10,0.2440023744371571,2.0,0.48780487804878053,0.0,0.0,0,0.0,0.6589521054329958,0.0,1e-06,0.00820492412620688,Utsuroi,1e-06,0.9803921568627451,3.0,0
2007-01-11,0.22140395836048013,2.0,0.48780487804878053,0.0,0.0,0,0.0,0.6589521054329958,0.0,1e-06,1.0,Utsuroi,1e-06,0.9803921568627451,3.0,0
2007-01-12,0.2285699807438938,2.0,0.48780487804878053,6.370159954873234e-11,0.9999999999352984,1,4.1215939755601374e-21,0.6589521054329958,0.3333333333333333,1e-06,0.6511466998765344,Utsuroi,1e-06,0.9803921568627451,3.0,0
2007-01-16,0.20982278590974246,1.0,0.9523809523809523,0.6828236479162926,0.571721539066596,2,0.29243866101852234,0.33751205400260365,0.6666666666666666,1e-06,0.4535983353624504,Utsuroi,1e-06,0.9803921568627451,3.0,0
2007-01-17,0.21815792902749423,1.0,0.9523809523809523,0.9994327102517494,0.44269470269730954,3,0.5569891437208848,0.33751205400260365,1.0,1e-06,0.04803547307973699,Utsuroi,1e-06,0.9803921568627451,3.0,0
2007-01-18,0.22547524938829286,1.0,0.9523809523809523,2.0287882484866638e-11,0.9999999999787121,1,4.318856094063538e-22,0.33751205400260365,0.3333333333333333,1e-06,0.7424179362298722,Utsuroi,1e-06,0.9803921568627451,3.0,0
2007-01-19,0.23211860603164944,1.0,0.9523809523809523,0.0,0.0,0,0.0,0.33751205400260365,0.0,1e-06,1.0,Utsuroi,1e-06,0.9803921568627451,3.0,0
2007-01-22,0.22592914332044764,1.5,0.6451612903225806,0.0,0.0,0,0.0,0.49823207971788014,0.0,1e-06,0.017580289320236364,Utsuroi,1e-06,0.9803921568627451,3.0,0
2007-01-23,0.23473193473193477,2.0,0.48780487804878053,0.0,0.0,0,0.0,0.6589521054329958,0.0,1e-06,0.005089539981662727,Utsuroi,1e-06,0.9803921568627451,3.0,0
2007-01-24,0.2586232607971739,1.0,0.9523809523809523,0.0,0.0,0,0.0,0.33751205400260365,0.0,1e-06,0.030846946422049104,Utsuroi,1e-06,0.9803921568627451,3.0,0
2007-01-25,0.32555198424763643,1.0,0.9523809523809523,0.0,0.0,0,0.0,0.33751205400260365,0.0,1e-06,1.0,Utsuroi,1e-06,0.9803921568627451,3.0,0
2007-01-26,0.3271062271062271,1.0,0.9523809523809523,0.0,0.0,0,0.0,0.33751205400260365,0.0,1e-06,1.0,Utsuroi,1e-06,0.9803921568627451,3.0,0
2007-01-29,0.302816024555155,2.0,0.48780487804878053,0.0,0.0,0,0.0,0.6589521054329958,0.0,1e-06,0.00820492412620688,Utsuroi,1e-06,0.9803921568627451,3.0,0
2007-01-30,0.28415135589048635,1.0,0.9523809523809523,0.0,0.0,0,0.0,0.33751205400260365,0.0,1e-06,0.030846946422049104,Utsuroi,1e-06,0.9803921568627451,3.0,0
2007-01-31,0.3361565970261623,1.0,0.9523809523809523,1.6901036126011497e-11,0.999999999982099,1,3.0254568438146575e-22,0.33751205400260365,0.3333333333333333,1e-06,0.41695817530480817,Utsuroi,1e-06,0.9803921568627451,3.0,0
2007-02-01,0.3312050268572008,2.0,0.48780487804878053,5.032207983514583e-11,0.9999999999486779,1,2.5826326856252182e-21,0.6589521054329958,0.3333333333333333,1e-06,0.07051212453160405,Utsuroi,1e-06,0.9803921568627451,3.0,0
2007-02-02,0.3173131216609478,1.5,0.6451612903225806,1.9631285484152594e-10,0.9999999998026872,1,3.873504549191489e-20,0.49823207971788014,0.3333333333333333,1e-06,0.11046717920386218,Utsuroi,1e-06,0.9803921568627451,3.0,0
2007-02-05,0.32490552925335525,1.5,0.6451612903225806,0.6640879781650976,0.6199512680470534,2,0.25238579400684147,0.49823207971788014,0.6666666666666666,1e-06,0.24253191423783294,Utsuroi,1e-06,0.9803921568627451,3.0,0
2007-02-06,0.3404066947545209,3.0,0.3278688524590164,0.622499715223443,0.6856978849508021,2,0.19565297711225155,0.9803921568627451,0.6666666666666666,1e-06,0.23058009672607904,Katashi,1e-06,0.9803921568627451,3.0,0
2007-02-07,0.3147777689833112,3.0,0.3278688524590164,0.0,0.0,0,0.0,0.9803921568627451,0.0,1e-06,1.0,Katashi,1e-06,0.9803921568627451,3.0,0
2007-02-08,0.29615899744622304,2.5,0.3921568627450981,2.2194601709559265e-10,0.999999999777054,1,4.9481975617380815e-20,0.8196721311479507,0.3333333333333333,1e-06,0.7158794195861958,Utsuroi,1e-06,0.9803921568627451,3.0,0
2007-02-09,0.3363945531348839,2.5,0.3921568627450981,0.0,0.0,0,0.0,0.8196721311479507,0.0,1e-06,1.0,Utsuroi,1e-06,0.9803921568627451,3.0,0
2007-02-12,0.3694824239734577,3.0,0.3278688524590164,0.0,0.0,0,0.0,0.9803921568627451,0.0,1e-06,0.0009306632718918406,Katashi,1e-06,0.9803921568627451,3.0,0
2007-02-13,0.39014985375579264,1.0,0.9523809523809523,0.0,0.0,0,0.0,0.33751205400260365,0.0,1e-06,0.024392228145056705,Utsuroi,1e-06,0.9803921568627451,3.0,0
2007-02-14,0.43544117270193883,1.0,0.9523809523809523,6.475842084580409e-11,0.9999999999342416,1,4.258410058860398e-21,0.33751205400260365,0.3333333333333333,1e-06,0.41695817530480817,Utsuroi,1e-06,0.9803921568627451,3.0,0
2007-02-15,0.43235368370052657,1.0,0.9523809523809523,0.8596030106342478,0.6160614725444998,3,0.33003471409922774,0.33751205400260365,1.0,1e-06,0.07880004413501085,Utsuroi,1e-06,0.9803921568627451,3.0,0
2007-02-16,0.44013171496874975,1.0,0.9523809523809523,0.6838210343228662,0.5681803404559883,2,0.295287366230334,0.33751205400260365,0.6666666666666666,1e-06,0.2412952067999845,Utsuroi,1e-06,0.9803921568627451,3.0,0
2007-02-20,0.426314431625248,1.0,0.9523809523809523,0.6918529980888606,0.5254324996264598,2,0.3283309479289703,0.33751205400260365,0.6666666666666666,1e-06,0.2992932871929751,Utsuroi,1e-06,0.9803921568627451,3.0,0
2007-02-21,0.4242719186427122,0.0,20.0,0.546990813974874,0.7635179546785539,2,0.12935350646082086,0.016072002571568628,0.6666666666666666,1e-06,0.221300352785623,Utsuroi,1e-06,0.9803921568627451,3.0,0
2007-02-22,0.44423187483286003,1.0,0.9523809523809523,0.6478267497269588,0.6493846225699857,2,0.22713802036477704,0.33751205400260365,0.6666666666666666,1e-06,0.8626256065665616,Utsuroi,1e-06,0.9803921568627451,3.0,0
2007-02-23,0.43400498836842005,1.0,0.9523809523809523,5.817248903106892e-10,0.9999999994172751,1,3.3898556012730627e-19,0.33751205400260365,0.3333333333333333,1e-06,0.6986340893740481,Utsuroi,1e-06,0.9803921568627451,3.0,0
2007-02-26,0.41339271978006464,1.5,0.6451612903225806,0.9112349214050192,0.6061581159460774,3,0.35888247826188086,0.49823207971788014,1.0,1e-06,0.05676232835036288,Utsuroi,1e-06,0.9803921568627451,3.0,0
2007-02-27,0.37180797508430086,2.0,0.48780487804878053,0.3876908143892078,0.8693128771015793,2,0.050666197106671196,0.6589521054329958,0.6666666666666666,1e-06,0.8743580219892695,Utsuroi,1e-06,0.9803921568627451,3.0,0
2007-02-28,0.3673041228846999,1.0,0.9523809523809523,0.683531612506666,0.5692268322174567,2,0.2944470779990064,0.33751205400260365,0.6666666666666666,1e-06,0.7156222094578613,Utsuroi,1e-06,0.9803921568627451,3.0,0
2007-03-01,0.3514859272159415,1.0,0.9523809523809523,0.0,0.0,0,0.0,0.33751205400260365,0.0,1e-06,1.0,Utsuroi,1e-06,0.9803921568627451,3.0,0
2007-03-02,0.37277165448938704,2.0,0.48780487804878053,1.3616108240803992e-11,0.9999999999853839,1,1.9901421065580633e-22,0.6589521054329958,0.3333333333333333,1e-06,0.04908490860651604,Utsuroi,1e-06,0.9803921568627451,3.0,0
2007-03-05,0.3420848152484085,2.0,0.48780487804878053,3.5831893007586824e-11,0.9999999999631681,1,1.3197556568759143e-21,0.6589521054329958,0.3333333333333333,1e-06,1.0,Utsuroi,1e-06,0.9803921568627451,3.0,0
2007-03-06,0.36591557725253904,2.0,0.48780487804878053,5.30938626382789e-11,0.9999999999459062,1,2.8720509380407912e-21,0.6589521054329958,0.3333333333333333,1e-06,1.0,Utsuroi,1e-06,0.9803921568627451,3.0,0
2007-03-07,0.3703224311919965,2.0,0.48780487804878053,3.2086333589539874e-11,0.9999999999669137,1,1.0616184270214297e-21,0.6589521054329958,0.3333333333333333,1e-06,1.0,Utsuroi,1e-06,0.9803921568627451,3.0,0
2007-03-08,0.3832652854391984,2.0,0.48780487804878053,1.6901036126011497e-11,0.999999999982099,1,3.0254568438146575e-22,0.6589521054329958,0.3333333333333333,1e-06,1.0,Utsuroi,1e-06,0.9803921568627451,3.0,0
2007-03-09,0.3788226266487137,1.0,0.9523809523809523,2.3410273719251084e-11,0.9999999999755897,1,5.714506714609488e-22,0.33751205400260365,0.3333333333333333,1e-06,0.21261921927841487,Utsuroi,1e-06,0.9803921568627451,3.0,0
2007-03-12,0.38821685560816005,1.0,0.9523809523809523,3.68509667218522e-11,0.999999999962149,1,1.394843899876518e-21,0.33751205400260365,0.3333333333333333,1e-06,1.0,Utsuroi,1e-06,0.9803921568627451,3.0,0
2007-03-13,0.41689469950339525,2.0,0.48780487804878053,0.0,0.0,0,0.0,0.6589521054329958,0.0,1e-06,0.21077749137231983,Utsuroi,1e-06,0.9803921568627451,3.0,0
2007-03-14,0.4013660252790688,1.0,0.9523809523809523,0.0,0.0,0,0.0,0.33751205400260365,0.0,1e-06,0.030846946422049104,Utsuroi,1e-06,0.9803921568627451,3.0,0
2007-03-15,0.3866213496648279,1.0,0.9523809523809523,0.6552172734465247,0.6368354233123973,2,0.2379517037496124,0.33751205400260365,0.6666666666666666,1e-06,0.11507186052448737,Utsuroi,1e-06,0.9803921568627451,3.0,0
2007-03-16,0.39352603917821305,2.0,0.48780487804878053,2.970657053633176e-11,0.9999999999692935,1,9.121862464199368e-22,0.6589521054329958,0.3333333333333333,1e-06,0.6357488419408271,Utsuroi,1e-06,0.9803921568627451,3.0,0
2007-03-19,0.35659557833470884,1.0,0.9523809523809523,4.0108472098276263e-11,0.9999999999588916,1,1.6487971189219574e-21,0.33751205400260365,0.3333333333333333,1e-06,0.21261921927841487,Utsuroi,1e-06,0.9803921568627451,3.0,0
2007-03-20,0.36933211715820413,1.0,0.9523809523809523,1.2329559594741765e-10,0.9999999998757044,1,1.532509684941798e-20,0.33751205400260365,0.3333333333333333,1e-06,1.0,Utsuroi,1e-06,0.9803921568627451,3.0,0
2007-03-21,0.4086420825551261,1.0,0.9523809523809523,2.5758395416273216e-11,0.9999999999732416,1,6.892527600265528e-22,0.33751205400260365,0.3333333333333333,1e-06,1.0,Utsuroi,1e-06,0.9803921568627451,3.0,0
2007-03-22,0.4204983422374728,2.0,0.48780487804878053,2.3780644120256927e-11,0.9999999999752194,1,5.892991528331034e-22,0.6589521054329958,0.3333333333333333,1e-06,0.07051212453160405,Utsuroi,1e-06,0.9803921568627451,3.0,0
2007-03-23,0.4271279445192488,1.0,0.9523809523809523,5.0459969534797186e-11,0.99999999994854,1,2.596667378792921e-21,0.33751205400260365,0.3333333333333333,1e-06,0.21261921927841487,Utsuroi,1e-06,0.9803921568627451,3.0,0
2007-03-26,0.4159181398311833,1.0,0.9523809523809523,6.411859931675449e-11,0.9999999999348814,1,4.175311959381468e-21,0.33751205400260365,0.3333333333333333,1e-06,1.0,Utsuroi,1e-06,0.9803921568627451,3.0,0
2007-03-27,0.4348028782811391,1.0,0.9523809523809523,1.0619438661188588e-10,0.9999999998928056,1,1.138343978589414e-20,0.33751205400260365,0.3333333333333333,1e-06,1.0,Utsuroi,1e-06,0.9803921568627451,3.0,0
2007-03-28,0.4475944345509562,1.0,0.9523809523809523,0.0,0.0,0,0.0,0.33751205400260365,0.0,1e-06,1.0,Utsuroi,1e-06,0.9803921568627451,3.0,0
2007-03-29,0.44544875414440627,2.0,0.48780487804878053,0.0,0.0,0,0.0,0.6589521054329958,0.0,1e-06,0.00820492412620688,Utsuroi,1e-06,0.9803921568627451,3.0,0
2007-03-30,0.44971260623434534,2.0,0.48780487804878053,0.0,0.0,0,0.0,0.6589521054329958,0.0,1e-06,1.0,Utsuroi,1e-06,0.9803921568627451,3.0,0
2007-04-02,0.4463015245623942,2.0,0.48780487804878053,0.8822014606635604,0.6150160957624626,3,0.33963336265031574,0.6589521054329958,1.0,1e-06,0.1771467550296092,Utsuroi,1e-06,0.9803921568627451,3.0,0
2007-04-03,0.4536188449231929,2.0,0.48780487804878053,0.75984746817132,0.7361993877416585,3,0.20044822732654488,0.6589521054329958,1.0,1e-06,0.6588358156353997,Utsuroi,1e-06,0.9803921568627451,3.0,0
2007-04-04,0.43758436235611586,1.0,0.9523809523809523,0.25918785490691276,0.9278411129653104,2,0.018702707142991448,0.33751205400260365,0.6666666666666666,1e-06,0.23481825729518402,Utsuroi,1e-06,0.9803921568627451,3.0,0
2007-04-05,0.4290967829957557,2.0,0.48780487804878053,0.5047771239565073,0.8583600344287218,3,0.07149661445836854,0.6589521054329958,1.0,1e-06,0.026601474618701992,Utsuroi,1e-06,0.9803921568627451,3.0,0
2007-04-09,0.4516820701739954,2.0,0.48780487804878053,0.8792792442096908,0.6515519883462128,3,0.3063831043333116,0.6589521054329958,1.0,1e-06,0.514896180888128,Utsuroi,1e-06,0.9803921568627451,3.0,0
2007-04-10,0.4334227453227722,2.0,0.48780487804878053,0.07703270450626044,0.9852027456065243,2,0.001139872525196576,0.6589521054329958,0.6666666666666666,1e-06,0.7530003998924151,Utsuroi,1e-06,0.9803921568627451,3.0,0
2007-04-11,0.4645505943439159,1.0,0.9523809523809523,1.0342074298333446,0.44895122697921225,3,0.569898735258647,0.33751205400260365,1.0,1e-06,0.22142005814075338,Utsuroi,1e-06,0.9803921568627451,3.0,0
2007-04-12,0.4535913362000319,2.0,0.48780487804878053,1.0794023736545186,0.4556392380783772,4,0.587584298542582,0.6589521054329958,1.3333333333333333,1e-06,0.2458564225222727,Utsuroi,1e-06,0.9803921568627451,3.0,0
2007-04-13,0.4357381748686098,2.0,0.48780487804878053,0.8343745502343797,0.6438025781600465,3,0.2972020636423568,0.6589521054329958,1.0,1e-06,0.2913590947894297,Utsuroi,1e-06,0.9803921568627451,3.0,0
2007-04-16,0.473218810175332,1.0,0.9523809523809523,0.6847140683589646,0.5648435795595188,2,0.297957723012326,0.33751205400260365,0.6666666666666666,1e-06,0.302155615174616,Utsuroi,1e-06,0.9803921568627451,3.0,0
2007-04-17,0.46033097337445167,1.0,0.9523809523809523,3.2552405215261985e-11,0.9999999999664476,1,1.092210770416987e-21,0.33751205400260365,0.3333333333333333,1e-06,0.7562183407654243,Utsuroi,1e-06,0.9803921568627451,3.0,0
2007-04-18,0.442243987896162,1.0,0.9523809523809523,0.9226765135396618,0.472498215701374,3,0.48671350722260703,0.33751205400260365,1.0,1e-06,0.05912026539296289,Utsuroi,1e-06,0.9803921568627451,3.0,0
2007-04-19,0.42360682795465404,1.0,0.9523809523809523,0.15257496570661083,0.9647402652353854,2,0.005379752822535272,0.33751205400260365,0.6666666666666666,1e-06,0.7597212389380416,Utsuroi,1e-06,0.9803921568627451,3.0,0
2007-04-20,0.40402061706409537,1.0,0.9523809523809523,0.296352408341481,0.9126546984963695,2,0.025884990457913686,0.33751205400260365,0.6666666666666666,1e-06,0.9228010724454653,Utsuroi,1e-06,0.9803921568627451,3.0,0
2007-04-23,0.3312875530266835,0.0,20.0,0.251731056553255,0.9307359664888273,2,0.017435908336907568,0.016072002571568628,0.6666666666666666,1e-06,0.11737422588208668,Utsuroi,1e-06,0.9803921568627451,3.0,0
2007-04-24,0.30669475452084144,1.0,0.9523809523809523,0.6677084172323112,0.6122993992579259,2,0.25887095448150654,0.33751205400260365,0.6666666666666666,1e-06,0.7381664663669322,Utsuroi,1e-06,0.9803921568627451,3.0,0
2007-04-25,0.32978832761441457,1.0,0.9523809523809523,1.0176621315315784,0.523877756400029,3,0.4845315772915439,0.33751205400260365,1.0,1e-06,0.0542575346663855,Utsuroi,1e-06,0.9803921568627451,3.0,0
2007-04-26,0.3457984044940567,0.0,20.0,0.9267672840812309,0.5043504430867424,3,0.45935179371656526,0.016072002571568628,1.0,1e-06,0.32251812568111293,Utsuroi,1e-06,0.9803921568627451,3.0,0
2007-04-27,0.330352256439213,1.0,0.9523809523809523,0.8360244039992438,0.5607890250164947,3,0.3671910935905118,0.33751205400260365,1.0,1e-06,0.9490610237639403,Utsuroi,1e-06,0.9803921568627451,3.0,0
2007-04-30,0.2970391926913666,0.0,20.0,0.6606503737413771,0.6267738876204202,2,0.24657197063361064,0.016072002571568628,0.6666666666666666,1e-06,0.32889212317620053,Utsuroi,1e-06,0.9803921568627451,3.0,0
2007-05-01,0.2996937844763932,0.0,20.0,0.6801485540774024,0.5804431683704437,2,0.28536097238613883,0.016072002571568628,0.6666666666666666,1e-06,0.6277519283978001,Utsuroi,1e-06,0.9803921568627451,3.0,0
2007-05-02,0.30523679219331395,0.0,20.0,0.690707717630844,0.5349104470278082,2,0.32124094362737216,0.016072002571568628,0.6666666666666666,1e-06,0.588498216264716,Utsuroi,1e-06,0.9803921568627451,3.0,0
2007-05-03,0.31966511749120446,1.0,0.9523809523809523,0.0,0.0,0,0.0,0.33751205400260365,0.0,1e-06,0.9034556834369567,Utsuroi,1e-06,0.9803921568627451,3.0,0
2007-05-04,0.2935593392115131,0.5,1.8181818181818181,1.9736434708546906e-11,0.9999999999792636,1,4.092628531136306e-22,0.1767920282871665,0.3333333333333333,1e-06,0.609656921231308,Utsuroi,1e-06,0.9803921568627451,3.0,0
2007-05-07,0.2993361710753016,1.0,0.9523809523809523,0.7995379238183389,0.7007563463379953,3,0.23925664956473328,0.33751205400260365,1.0,1e-06,0.03468481808640833,Utsuroi,1e-06,0.9803921568627451,3.0,0
2007-05-08,0.3131180413789109,0.0,20.0,4.1170289398983554e-11,0.9999999999578297,1,1.7361621078740083e-21,0.016072002571568628,0.3333333333333333,1e-06,0.25752190003917075,Utsuroi,1e-06,0.9803921568627451,3.0,0
2007-05-09,0.2977681738551304,0.0,20.0,1.889632894583012e-11,0.9999999999801037,1,3.7596715855927784e-22,0.016072002571568628,0.3333333333333333,1e-06,1.0,Utsuroi,1e-06,0.9803921568627451,3.0,0
2007-05-10,0.33468488033705424,0.0,20.0,1.2882472866142143e-11,0.9999999999861175,1,1.7884029503180642e-22,0.016072002571568628,0.3333333333333333,1e-06,1.0,Utsuroi,1e-06,0.9803921568627451,3.0,0
2007-05-11,0.2961176504654766,0.0,20.0,4.105593642745198e-11,0.9999999999579441,1,1.7266449441707824e-21,0.016072002571568628,0.3333333333333333,1e-06,1.0,Utsuroi,1e-06,0.9803921568627451,3.0,0
2007-05-14,0.328330365286887,1.0,0.9523809523809523,3.804856429846931e-11,0.9999999999609515,1,1.4857409678025212e-21,0.33751205400260365,0.3333333333333333,1e-06,0.9064747803035297,Utsuroi,1e-06,0.9803921568627451,3.0,0
2007-05-15,0.33039351952395435,1.0,0.9523809523809523,0.0839292011151534,0.9835382580443832,2,0.0013816208512987195,0.33751205400260365,0.6666666666666666,1e-06,0.1795154968774606,Utsuroi,1e-06,0.9803921568627451,3.0,0
2007-05-16,0.28512791556269823,1.0,0.9523809523809523,0.25393782779271507,0.929884414627844,2,0.017804999443819965,0.33751205400260365,0.6666666666666666,1e-06,0.9468151276489241,Utsuroi,1e-06,0.9803921568627451,3.0,0
2007-05-17,0.31373698765003116,1.0,0.9523809523809523,1.1211254147195699e-11,0.9999999999877888,1,1.3690322568881227e-22,0.33751205400260365,0.3333333333333333,1e-06,0.42181039027336964,Utsuroi,1e-06,0.9803921568627451,3.0,0
2007-05-18,0.3194725564290782,2.0,0.48780487804878053,1.6071588504328544e-11,0.9999999999829284,1,2.743671900279451e-22,0.6589521054329958,0.3333333333333333,1e-06,0.07051212453160405,Utsuroi,1e-06,0.9803921568627451,3.0,0
2007-05-21,0.32819282167108255,2.0,0.48780487804878053,1.3889667194067595e-11,0.9999999999851104,1,2.0681221469422767e-22,0.6589521054329958,0.3333333333333333,1e-06,1.0,Utsuroi,1e-06,0.9803921568627451,3.0,0
2007-05-22,0.31863354037267083,1.0,0.9523809523809523,0.2880170744952392,0.9161734504298101,2,0.024143477572236238,0.33751205400260365,0.6666666666666666,1e-06,0.9367814964293946,Utsuroi,1e-06,0.9803921568627451,3.0,0
2007-05-23,0.33117751813403995,2.0,0.48780487804878053,2.8774316262582202e-11,0.9999999999702257,1,8.567349561170538e-22,0.6589521054329958,0.3333333333333333,1e-06,0.47460975199137523,Utsuroi,1e-06,0.9803921568627451,3.0,0
2007-05-24,0.35378968857229726,3.0,0.3278688524590164,0.6858885380151258,0.5601708519489207,2,0.3016737713331931,0.9803921568627451,0.6666666666666666,1e-06,0.11845565098043065,Katashi,1e-06,0.9803921568627451,3.0,0
2007-05-25,0.3330481113089808,2.0,0.48780487804878053,3.243560975307533e-11,0.9999999999665644,1,1.0845036722935042e-21,0.6589521054329958,0.3333333333333333,1e-06,0.4276382568066557,Utsuroi,1e-06,0.9803921568627451,3.0,0
2007-05-29,0.3176707350620394,2.0,0.48780487804878053,1.844835395540268e-11,0.9999999999805517,1,3.5878970951338126e-22,0.6589521054329958,0.3333333333333333,1e-06,1.0,Utsuroi,1e-06,0.9803921568627451,3.0,0
2007-05-30,0.34963587137500185,3.0,0.3278688524590164,1.9298596052658508e-10,0.9999999998060141,1,3.743656265534482e-20,0.9803921568627451,0.3333333333333333,1e-06,0.031102950540297325,Katashi,1e-06,0.9803921568627451,3.0,0
2007-05-31,0.3631289000854218,1.0,0.9523809523809523,4.953115695244315e-11,0.9999999999494689,1,2.5028655703488205e-21,0.33751205400260365,0.3333333333333333,1e-06,0.2073751341491228,Utsuroi,1e-06,0.9803921568627451,3.0,0
2007-06-01,0.3552063878150835,2.0,0.48780487804878053,3.5532798924763774e-11,0.9999999999634672,1,1.2981118123295185e-21,0.6589521054329958,0.3333333333333333,1e-06,0.07051212453160405,Utsuroi,1e-06,0.9803921568627451,3.0,0
2007-06-04,0.3451106864150343,2.0,0.48780487804878053,0.0,0.0,0,0.0,0.6589521054329958,0.0,1e-06,1.0,Utsuroi,1e-06,0.9803921568627451,3.0,0
2007-06-05,0.3696420302550513,2.0,0.48780487804878053,0.0,0.0,0,0.0,0.6589521054329958,0.0,1e-06,1.0,Utsuroi,1e-06,0.9803921568627451,3.0,0
2007-06-06,0.36631479560642555,2.0,0.48780487804878053,5.167000160927315e-11,0.99999999994733,1,2.7214579249538925e-21,0.6589521054329958,0.3333333333333333,1e-06,0.6511466998765344,Utsuroi,1e-06,0.9803921568627451,3.0,0
2007-06-07,0.4397406940885203,1.0,0.9523809523809523,0.0,0.0,0,0.0,0.33751205400260365,0.0,1e-06,0.22879491661612328,Utsuroi,1e-06,0.9803921568627451,3.0,0
2007-06-08,0.45022151761282214,2.0,0.48780487804878053,0.0,0.0,0,0.0,0.6589521054329958,0.0,1e-06,0.00820492412620688,Utsuroi,1e-06,0.9803921568627451,3.0,0
2007-06-11,0.447126786257221,2.0,0.48780487804878053,0.0,0.0,0,0.0,0.6589521054329958,0.0,1e-06,1.0,Utsuroi,1e-06,0.9803921568627451,3.0,0
2007-06-12,0.47272365315843573,1.5,0.6451612903225806,1.978006647341377e-11,0.99999999997922,1,4.110306586012475e-22,0.49823207971788014,0.3333333333333333,1e-06,0.8810311289962568,Utsuroi,1e-06,0.9803921568627451,3.0,0
2007-06-13,0.5236698084524172,1.0,0.9523809523809523,4.03593825018312e-11,0.9999999999586406,1,1.6692382456464851e-21,0.33751205400260365,0.3333333333333333,1e-06,0.21834040820826173,Utsuroi,1e-06,0.9803921568627451,3.0,0
2007-06-14,0.5003149024888156,2.0,0.48780487804878053,2.2244317498817526e-11,0.9999999999767557,1,5.170534864104493e-22,0.6589521054329958,0.3333333333333333,1e-06,0.07051212453160405,Utsuroi,1e-06,0.9803921568627451,3.0,0
2007-06-15,0.5146056841709015,2.0,0.48780487804878053,0.5801423326331356,0.7331086495559728,2,0.15483497060620563,0.6589521054329958,0.6666666666666666,1e-06,0.3856777049089277,Utsuroi,1e-06,0.9803921568627451,3.0,0
2007-06-18,0.512528775572254,2.0,0.48780487804878053,8.962242059185266e-11,0.9999999999093776,1,8.121798711100647e-21,0.6589521054329958,0.3333333333333333,1e-06,0.7686919576498051,Utsuroi,1e-06,0.9803921568627451,3.0,0
2007-06-19,0.508361204013378,1.0,0.9523809523809523,0.0,0.0,0,0.0,0.33751205400260365,0.0,1e-06,0.22879491661612328,Utsuroi,1e-06,0.9803921568627451,3.0,0
2007-06-20,0.5565014695449478,1.0,0.9523809523809523,0.0,0.0,0,0.0,0.33751205400260365,0.0,1e-06,1.0,Utsuroi,1e-06,0.9803921568627451,3.0,0
2007-06-21,0.5507246376811594,2.0,0.48780487804878053,7.696943082587128e-11,0.9999999999220306,1,6.001261010022167e-21,0.6589521054329958,0.3333333333333333,1e-06,0.04908490860651604,Utsuroi,1e-06,0.9803921568627451,3.0,0
2007-06-22,0.5426233187102752,2.0,0.48780487804878053,0.0,0.0,0,0.0,0.6589521054329958,0.0,1e-06,1.0,Utsuroi,1e-06,0.9803921568627451,3.0,0
2007-06-25,0.5419493549928333,2.0,0.48780487804878053,0.0,0.0,0,0.0,0.6589521054329958,0.0,1e-06,1.0,Utsuroi,1e-06,0.9803921568627451,3.0,0
2007-06-26,0.5331603179429267,2.0,0.48780487804878053,0.0,0.0,0,0.0,0.6589521054329958,0.0,1e-06,1.0,Utsuroi,1e-06,0.9803921568627451,3.0,0
2007-06-27,0.5566665218839132,2.0,0.48780487804878053,0.0,0.0,0,0.0,0.6589521054329958,0.0,1e-06,1.0,Utsuroi,1e-06,0.9803921568627451,3.0,0
2007-06-28,0.5526227395792614,2.0,0.48780487804878053,0.0,0.0,0,0.0,0.6589521054329958,0.0,1e-06,1.0,Utsuroi,1e-06,0.9803921568627451,3.0,0
2007-06-29,0.5354572963268615,3.0,0.3278688524590164,0.0,0.0,0,0.0,0.9803921568627451,0.0,1e-06,0.0011941408365824246,Katashi,1e-06,0.9803921568627451,3.0,0
2007-07-02,0.5630760543804022,2.0,0.48780487804878053,0.0,0.0,0,0.0,0.6589521054329958,0.0,1e-06,0.0026412457123632382,Utsuroi,1e-06,0.9803921568627451,3.0,0
2007-07-03,0.5644102274537058,2.0,0.48780487804878053,1.8030132942034434e-11,0.9999999999809699,1,3.431154279951707e-22,0.6589521054329958,0.3333333333333333,1e-06,0.6511466998765344,Utsuroi,1e-06,0.9803921568627451,3.0,0
2007-07-05,0.5748910509780074,2.0,0.48780487804878053,2.620292871532113e-11,0.9999999999727971,1,7.127958223313484e-22,0.6589521054329958,0.3333333333333333,1e-06,1.0,Utsuroi,1e-06,0.9803921568627451,3.0,0
2007-07-06,0.5571891876239703,2.0,0.48780487804878053,1.5564660671293228e-11,0.9999999999834354,1,2.578229781688558e-22,0.6589521054329958,0.3333333333333333,1e-06,1.0,Utsuroi,1e-06,0.9803921568627451,3.0,0
2007-07-09,0.5522926349013307,1.0,0.9523809523809523,1.4454992758198147e-11,0.999999999984545,1,2.2340148863017397e-22,0.33751205400260365,0.3333333333333333,1e-06,0.21261921927841487,Utsuroi,1e-06,0.9803921568627451,3.0,0
2007-07-10,0.48037107819716524,1.0,0.9523809523809523,1.2952861005902397e-11,0.9999999999860472,1,1.807291827058177e-22,0.33751205400260365,0.3333333333333333,1e-06,1.0,Utsuroi,1e-06,0.9803921568627451,3.0,0
2007-07-11,0.47950455341759707,2.0,0.48780487804878053,0.0,0.0,0,0.0,0.6589521054329958,0.0,1e-06,0.21077749137231983,Utsuroi,1e-06,0.9803921568627451,3.0,0
2007-07-12,0.496491189969451,1.5,0.6451612903225806,0.0,0.0,0,0.0,0.49823207971788014,0.0,1e-06,0.008885133535434853,Utsuroi,1e-06,0.9803921568627451,3.0,0
2007-07-13,0.45598459511503,1.5,0.6451612903225806,0.0,0.0,0,0.0,0.49823207971788014,0.0,1e-06,1.0,Utsuroi,1e-06,0.9803921568627451,3.0,0
2007-07-16,0.3979136805223762,2.0,0.48780487804878053,0.0,0.0,0,0.0,0.6589521054329958,0.0,1e-06,0.005089539981662727,Utsuroi,1e-06,0.9803921568627451,3.0,0
2007-07-17,0.40945358988837255,1.0,0.9523809523809523,0.0,0.0,0,0.0,0.33751205400260365,0.0,1e-06,0.030846946422049104,Utsuroi,1e-06,0.9803921568627451,3.0,0
2007-07-18,0.3775847341064732,1.0,0.9523809523809523,8.38169533742945e-11,0.9999999999151831,1,7.109096772449213e-21,0.33751205400260365,0.3333333333333333,1e-06,0.41695817530480817,Utsuroi,1e-06,0.9803921568627451,3.0,0
2007-07-19,0.37267442702225306,1.0,0.9523809523809523,0.0,0.0,0,0.0,0.33751205400260365,0.0,1e-06,1.0,Utsuroi,1e-06,0.9803921568627451,3.0,0
2007-07-20,0.36102448276361326,1.0,0.9523809523809523,0.3457794872486324,0.8903516539825206,2,0.03791414886358466,0.33751205400260365,0.6666666666666666,1e-06,0.176983403227449,Utsuroi,1e-06,0.9803921568627451,3.0,0
2007-07-23,0.30282977891673546,0.5,1.8181818181818181,1.0117284787203197e-10,0.9999999998978272,1,1.0337115756819967e-20,0.1767920282871665,0.3333333333333333,1e-06,0.15049245006838297,Utsuroi,1e-06,0.9803921568627451,3.0,0
2007-07-24,0.3346436172523129,1.0,0.9523809523809523,2.8637536785952448e-11,0.9999999999703625,1,8.487454164537213e-22,0.33751205400260365,0.3333333333333333,1e-06,0.2759682054892393,Utsuroi,1e-06,0.9803921568627451,3.0,0
2007-07-25,0.32366763671111504,1.0,0.9523809523809523,5.182665407803949e-11,0.9999999999471734,1,2.73782758058036e-21,0.33751205400260365,0.3333333333333333,1e-06,1.0,Utsuroi,1e-06,0.9803921568627451,3.0,0
2007-07-26,0.3586037151254543,1.0,0.9523809523809523,3.787459235051733e-11,0.9999999999611254,1,1.472358500245851e-21,0.33751205400260365,0.3333333333333333,1e-06,1.0,Utsuroi,1e-06,0.9803921568627451,3.0,0
2007-07-27,0.3513964296572992,1.0,0.9523809523809523,4.061673219892864e-11,0.9999999999583833,1,1.690334768241586e-21,0.33751205400260365,0.3333333333333333,1e-06,1.0,Utsuroi,1e-06,0.9803921568627451,3.0,0
2007-07-30,0.3395676786981134,1.0,0.9523809523809523,0.0,0.0,0,0.0,0.33751205400260365,0.0,1e-06,1.0,Utsuroi,1e-06,0.9803921568627451,3.0,0
2007-07-31,0.3472426124600038,2.0,0.48780487804878053,3.500910672406708e-11,0.9999999999639909,1,1.2606458859022052e-21,0.6589521054329958,0.3333333333333333,1e-06,0.04908490860651604,Utsuroi,1e-06,0.9803921568627451,3.0,0
2007-08-01,0.358108558108558,1.0,0.9523809523809523,0.0,0.0,0,0.0,0.33751205400260365,0.0,1e-06,0.22879491661612328,Utsuroi,1e-06,0.9803921568627451,3.0,0
2007-08-02,0.3230624448015753,2.0,0.48780487804878053,4.879852077852976e-11,0.9999999999502015,1,2.4300930715043945e-21,0.6589521054329958,0.3333333333333333,1e-06,0.04908490860651604,Utsuroi,1e-06,0.9803921568627451,3.0,0
2007-08-03,0.3148235822148866,2.0,0.48780487804878053,5.2396864623456685e-11,0.9999999999466032,1,2.7978271279582003e-21,0.6589521054329958,0.3333333333333333,1e-06,1.0,Utsuroi,1e-06,0.9803921568627451,3.0,0
2007-08-06,0.30328367284889024,2.0,0.48780487804878053,2.5142332659925008e-11,0.9999999999738577,1,6.572786680591893e-22,0.6589521054329958,0.3333333333333333,1e-06,1.0,Utsuroi,1e-06,0.9803921568627451,3.0,0
2007-08-07,0.30822148865627125,2.0,0.48780487804878053,5.5718984979859637e-11,0.999999999943281,1,3.1603230396554895e-21,0.6589521054329958,0.3333333333333333,1e-06,1.0,Utsuroi,1e-06,0.9803921568627451,3.0,0
2007-08-08,0.3274500861457384,1.0,0.9523809523809523,0.0,0.0,0,0.0,0.33751205400260365,0.0,1e-06,0.22879491661612328,Utsuroi,1e-06,0.9803921568627451,3.0,0
2007-08-09,0.3673789978137804,1.0,0.9523809523809523,1.349370615152149e-10,0.999999999864063,1,1.834294464808287e-20,0.33751205400260365,0.3333333333333333,1e-06,0.41695817530480817,Utsuroi,1e-06,0.9803921568627451,3.0,0
2007-08-10,0.36839682057073364,2.0,0.48780487804878053,0.34357017701181125,0.8914038356832771,2,0.037310403397100234,0.6589521054329958,0.6666666666666666,1e-06,0.008585588985704828,Utsuroi,1e-06,0.9803921568627451,3.0,0
2007-08-13,0.3621248316900491,0.0,20.0,3.051681129967799e-11,0.9999999999684832,1,9.617919081306146e-22,0.016072002571568628,0.3333333333333333,1e-06,0.20576587740593977,Utsuroi,1e-06,0.9803921568627451,3.0,0
2007-08-14,0.35504133547611805,1.0,0.9523809523809523,2.1595392140938995e-11,0.9999999999774046,1,4.879558761401498e-22,0.33751205400260365,0.3333333333333333,1e-06,0.9064747803035297,Utsuroi,1e-06,0.9803921568627451,3.0,0
2007-08-15,0.3576271554532423,3.0,0.3278688524590164,0.0,0.0,0,0.0,0.9803921568627451,0.0,1e-06,0.06836008853919784,Katashi,1e-06,0.9803921568627451,3.0,0
2007-08-16,0.3504473787082483,2.0,0.48780487804878053,0.0,0.0,0,0.0,0.6589521054329958,0.0,1e-06,0.0026412457123632382,Utsuroi,1e-06,0.9803921568627451,3.0,0
2007-08-17,0.3763881046489742,3.0,0.3278688524590164,0.0,0.0,0,0.0,0.9803921568627451,0.0,1e-06,0.0011941408365824246,Katashi,1e-06,0.9803921568627451,3.0,0
2007-08-20,0.3788363810102941,3.0,0.3278688524590164,2.2642110408531394e-11,0.9999999999763579,1,5.353067732845443e-22,0.9803921568627451,0.3333333333333333,1e-06,0.7571163687425386,Katashi,1e-06,0.9803921568627451,3.0,0
2007-08-21,0.38601615775528825,2.0,0.48780487804878053,1.8386514532932262e-11,0.9999999999806135,1,3.56450024464779e-22,0.6589521054329958,0.3333333333333333,1e-06,0.06529797117021863,Utsuroi,1e-06,0.9803921568627451,3.0,0
2007-08-22,0.38530093095310486,2.0,0.48780487804878053,0.16291938333017839,0.9615708430096743,2,0.006260854558762473,0.6589521054329958,0.6666666666666666,1e-06,0.40289439306527963,Utsuroi,1e-06,0.9803921568627451,3.0,0
2007-08-23,0.37812115420811077,2.0,0.48780487804878053,0.3496010677527288,0.8885187583483759,2,0.03897396111580777,0.6589521054329958,0.6666666666666666,1e-06,0.9154535837461024,Utsuroi,1e-06,0.9803921568627451,3.0,0
2007-08-24,0.3926595143986448,3.0,0.3278688524590164,0.0,0.0,0,0.0,0.9803921568627451,0.0,1e-06,0.45661708555352165,Katashi,1e-06,0.9803921568627451,3.0,0
2007-08-27,0.3829214263996873,3.0,0.3278688524590164,2.9114821664224547e-11,0.9999999999698852,1,8.767870181470747e-22,0.9803921568627451,0.3333333333333333,1e-06,0.7571163687425386,Katashi,1e-06,0.9803921568627451,3.0,0
2007-08-28,0.3867038758343106,2.0,0.48780487804878053,0.0,0.0,0,0.0,0.6589521054329958,0.0,1e-06,0.20727304211252917,Utsuroi,1e-06,0.9803921568627451,3.0,0
2007-08-29,0.38220619959750396,3.0,0.3278688524590164,0.0,0.0,0,0.0,0.9803921568627451,0.0,1e-06,0.0011941408365824246,Katashi,1e-06,0.9803921568627451,3.0,0
2007-08-30,0.36988229162142205,3.0,0.3278688524590164,1.4835588312273517e-10,0.9999999998506441,1,2.2157820660016694e-20,0.9803921568627451,0.3333333333333333,1e-06,0.7571163687425386,Katashi,1e-06,0.9803921568627451,3.0,0
2007-08-31,0.38110585067106817,2.0,0.48780487804878053,0.0,0.0,0,0.0,0.6589521054329958,0.0,1e-06,0.20727304211252917,Utsuroi,1e-06,0.9803921568627451,3.0,0
2007-09-04,0.3847645108514674,2.0,0.48780487804878053,0.30822541952989213,0.9075256820507611,2,0.02850293544564479,0.6589521054329958,0.6666666666666666,1e-06,0.4007763584145767,Utsuroi,1e-06,0.9803921568627451,3.0,0
2007-09-05,0.39568547394634357,2.0,0.48780487804878053,0.6671827014656075,0.6134437543664513,2,0.257903640230194,0.6589521054329958,0.6666666666666666,1e-06,0.5104131589759686,Utsuroi,1e-06,0.9803921568627451,3.0,0
2007-09-06,0.4104714126453257,1.5,0.6451612903225806,0.5696866460552211,0.7431966961428531,2,0.14629741287027784,0.49823207971788014,0.6666666666666666,1e-06,0.31188253205599736,Utsuroi,1e-06,0.9803921568627451,3.0,0
2007-09-07,0.40091213134691406,1.0,0.9523809523809523,2.428135470435034e-11,0.9999999999747187,1,6.138650038452413e-22,0.33751205400260365,0.3333333333333333,1e-06,0.31536565706302433,Utsuroi,1e-06,0.9803921568627451,3.0,0
2007-09-10,0.3988214683866858,1.0,0.9523809523809523,1.2842393814953729e-11,0.9999999999861576,1,1.7776918861869782e-22,0.33751205400260365,0.3333333333333333,1e-06,1.0,Utsuroi,1e-06,0.9803921568627451,3.0,0
2007-09-11,0.35677438503525466,1.0,0.9523809523809523,1.628341905742339e-11,0.9999999999827166,1,2.814327950422675e-22,0.33751205400260365,0.3333333333333333,1e-06,1.0,Utsuroi,1e-06,0.9803921568627451,3.0,0
2007-09-12,0.3675715588759067,1.0,0.9523809523809523,0.5671730358419816,0.7455484498086451,2,0.14431805819672913,0.33751205400260365,0.6666666666666666,1e-06,0.19377558878754564,Utsuroi,1e-06,0.9803921568627451,3.0,0
2007-09-13,0.36033676468459086,2.0,0.48780487804878053,1.8560053492357902e-10,0.9999999998133995,1,3.463315499627035e-20,0.6589521054329958,0.3333333333333333,1e-06,0.554424425891598,Utsuroi,1e-06,0.9803921568627451,3.0,0
2007-09-14,0.34937453850497324,2.0,0.48780487804878053,2.3363866396822883e-11,0.9999999999756362,1,5.692336025634217e-22,0.6589521054329958,0.3333333333333333,1e-06,1.0,Utsuroi,1e-06,0.9803921568627451,3.0,0
2007-09-17,0.3234338125642473,2.0,0.48780487804878053,0.6380079357406485,0.6644963423270858,2,0.2140539960653332,0.6589521054329958,0.6666666666666666,1e-06,0.352334157257302,Utsuroi,1e-06,0.9803921568627451,3.0,0
2007-09-18,0.37116144724840383,1.0,0.9523809523809523,0.60819276963392,0.7031254971570605,2,0.1805569261177404,0.33751205400260365,0.6666666666666666,1e-06,0.4338920234779139,Utsuroi,1e-06,0.9803921568627451,3.0,0
2007-09-19,0.3626887605148475,1.0,0.9523809523809523,1.5267898056815793e-11,0.9999999999837321,1,2.4837627137998024e-22,0.33751205400260365,0.3333333333333333,1e-06,0.6473372562145586,Utsuroi,1e-06,0.9803921568627451,3.0,0
2007-09-20,0.37856129377868514,1.0,0.9523809523809523,1.1195611087904058,0.4988500406681275,4,0.5610680041398579,0.33751205400260365,1.3333333333333333,1e-06,0.03809812105192811,Utsuroi,1e-06,0.9803921568627451,3.0,0
2007-09-21,0.38799678582287284,2.0,0.48780487804878053,0.2418833792667931,0.934483727304486,2,0.015847297436555646,0.6589521054329958,0.6666666666666666,1e-06,0.9383597956907799,Utsuroi,1e-06,0.9803921568627451,3.0,0
2007-09-24,0.3784512588860415,2.0,0.48780487804878053,0.6899476000610292,0.5399760340965873,2,0.3173924312456163,0.6589521054329958,0.6666666666666666,1e-06,0.43152021910095417,Utsuroi,1e-06,0.9803921568627451,3.0,0
2007-09-25,0.3783274696318175,2.0,0.48780487804878053,2.20977680595704e-11,0.9999999999769023,1,5.104086324393835e-22,0.6589521054329958,0.3333333333333333,1e-06,0.8616253877569067,Utsuroi,1e-06,0.9803921568627451,3.0,0
2007-09-26,0.3611345176562568,1.0,0.9523809523809523,1.2746048660147011e-10,0.9999999998715395,1,1.637363331269142e-20,0.33751205400260365,0.3333333333333333,1e-06,0.21261921927841487,Utsuroi,1e-06,0.9803921568627451,3.0,0
2007-09-27,0.3538584603801995,1.0,0.9523809523809523,2.0180712654469172e-10,0.9999999997971929,1,4.092791899059927e-20,0.33751205400260365,0.3333333333333333,1e-06,1.0,Utsuroi,1e-06,0.9803921568627451,3.0,0
2007-09-28,0.33097120271033326,1.0,0.9523809523809523,0.0,0.0,0,0.0,0.33751205400260365,0.0,1e-06,1.0,Utsuroi,1e-06,0.9803921568627451,3.0,0
2007-10-01,0.34164458729676134,1.0,0.9523809523809523,0.0,0.0,0,0.0,0.33751205400260365,0.0,1e-06,1.0,Utsuroi,1e-06,0.9803921568627451,3.0,0
2007-10-02,0.3331994092863659,3.0,0.3278688524590164,1.971577345630986e-10,0.9999999998018423,1,3.9068325675018865e-20,0.9803921568627451,0.3333333333333333,1e-06,0.009726405165809804,Katashi,1e-06,0.9803921568627451,3.0,0
2007-10-03,0.3052643009164749,1.0,0.9523809523809523,8.940514994955016e-12,0.9999999999900595,1,8.88731255908373e-23,0.33751205400260365,0.3333333333333333,1e-06,0.2073751341491228,Utsuroi,1e-06,0.9803921568627451,3.0,0
2007-10-04,0.28646208863600175,1.0,0.9523809523809523,7.347455976934947e-12,0.9999999999916526,1,6.13324027718196e-23,0.33751205400260365,0.3333333333333333,1e-06,1.0,Utsuroi,1e-06,0.9803921568627451,3.0,0
2007-10-05,0.28234953452344763,1.0,0.9523809523809523,7.542189095452554e-12,0.9999999999914578,1,6.44266386010911e-23,0.33751205400260365,0.3333333333333333,1e-06,1.0,Utsuroi,1e-06,0.9803921568627451,3.0,0
2007-10-08,0.2920738681608247,2.0,0.48780487804878053,9.397593814188545e-12,0.9999999999896024,1,9.771215542022646e-23,0.6589521054329958,0.3333333333333333,1e-06,0.07051212453160405,Utsuroi,1e-06,0.9803921568627451,3.0,0
2007-10-09,0.2990198207589512,2.0,0.48780487804878053,1.6947998559952298e-11,0.999999999982052,1,3.04182278831938e-22,0.6589521054329958,0.3333333333333333,1e-06,1.0,Utsuroi,1e-06,0.9803921568627451,3.0,0
2007-10-10,0.3008629052107313,2.0,0.48780487804878053,4.264277819648072e-11,0.9999999999563572,1,1.861048367219717e-21,0.6589521054329958,0.3333333333333333,1e-06,1.0,Utsuroi,1e-06,0.9803921568627451,3.0,0
2007-10-11,0.2902032749858838,2.0,0.48780487804878053,2.49138487614631e-11,0.9999999999740862,1,6.456131577416828e-22,0.6589521054329958,0.3333333333333333,1e-06,1.0,Utsuroi,1e-06,0.9803921568627451,3.0,0
2007-10-12,0.27737045563132523,3.0,0.3278688524590164,9.418599233415039e-11,0.999999999904814,1,8.965185061173258e-21,0.9803921568627451,0.3333333333333333,1e-06,0.031102950540297325,Katashi,1e-06,0.9803921568627451,3.0,0
2007-10-15,0.2891166804210283,3.0,0.3278688524590164,0.30048760995841495,0.9108840752320577,2,0.02677823124275289,0.9803921568627451,0.6666666666666666,1e-06,0.5525900507725556,Katashi,1e-06,0.9803921568627451,3.0,0
2007-10-16,0.3035587600804992,3.0,0.3278688524590164,3.085109945238203e-11,0.9999999999681489,1,9.82640754409395e-22,0.9803921568627451,0.3333333333333333,1e-06,0.7616179017242268,Katashi,1e-06,0.9803921568627451,3.0,0
2007-10-17,0.30426023252110207,2.0,0.48780487804878053,6.148326292336989e-11,0.9999999999375168,1,3.841673522632056e-21,0.6589521054329958,0.3333333333333333,1e-06,0.06529797117021863,Utsuroi,1e-06,0.9803921568627451,3.0,0
2007-10-18,0.2645101275536058,1.0,0.9523809523809523,0.6300573489925245,0.675714903546862,2,0.20431820818904922,0.33751205400260365,0.6666666666666666,1e-06,0.6151556352764287,Utsuroi,1e-06,0.9803921568627451,3.0,0
2007-10-19,0.28743864830821353,2.0,0.48780487804878053,0.6589327464000997,0.6300430845087339,2,0.24377672637436953,0.6589521054329958,0.6666666666666666,1e-06,0.2132817605794769,Utsuroi,1e-06,0.9803921568627451,3.0,0
2007-10-22,0.26566549392636357,1.0,0.9523809523809523,0.0,0.0,0,0.0,0.33751205400260365,0.0,1e-06,0.5728152103516657,Utsuroi,1e-06,0.9803921568627451,3.0,0
2007-10-23,0.25739912261651393,2.0,0.48780487804878053,5.356159959852807e-11,0.9999999999454384,1,2.9224053663565536e-21,0.6589521054329958,0.3333333333333333,1e-06,0.04908490860651604,Utsuroi,1e-06,0.9803921568627451,3.0,0
2007-10-24,0.2507007485268355,2.0,0.48780487804878053,3.1831870472304176e-11,0.9999999999671682,1,1.0450991440792654e-21,0.6589521054329958,0.3333333333333333,1e-06,1.0,Utsuroi,1e-06,0.9803921568627451,3.0,0
2007-10-25,0.246024265589483,2.0,0.48780487804878053,6.735612067864785e-11,0.9999999999316439,1,4.604201623679298e-21,0.6589521054329958,0.3333333333333333,1e-06,1.0,Utsuroi,1e-06,0.9803921568627451,3.0,0
2007-10-26,0.2761463174506653,2.0,0.48780487804878053,0.0,0.0,0,0.0,0.6589521054329958,0.0,1e-06,1.0,Utsuroi,1e-06,0.9803921568627451,3.0,0
2007-10-29,0.26125034385903956,1.0,0.9523809523809523,0.0,0.0,0,0.0,0.33751205400260365,0.0,1e-06,0.030846946422049104,Utsuroi,1e-06,0.9803921568627451,3.0,0
2007-10-30,0.2737393041740868,2.0,0.48780487804878053,0.0,0.0,0,0.0,0.6589521054329958,0.0,1e-06,0.00820492412620688,Utsuroi,1e-06,0.9803921568627451,3.0,0
2007-10-31,0.2638636725593248,1.0,0.9523809523809523,0.26823715243968793,0.9242609921714772,2,0.020316015788530196,0.33751205400260365,0.6666666666666666,1e-06,0.6161404916573016,Utsuroi,1e-06,0.9803921568627451,3.0,0
2007-11-01,0.29398572442050713,1.0,0.9523809523809523,0.5503556427890202,0.7606274125297394,2,0.1317400542432662,0.33751205400260365,0.6666666666666666,1e-06,0.6333661161663178,Utsuroi,1e-06,0.9803921568627451,3.0,0
2007-11-02,0.2942333029289551,1.0,0.9523809523809523,1.5382917162165082e-11,0.9999999999836171,1,2.520167172856667e-22,0.33751205400260365,0.3333333333333333,1e-06,0.5795235538628114,Utsuroi,1e-06,0.9803921568627451,3.0,0
2007-11-05,0.29358684793467404,1.0,0.9523809523809523,2.638433915753993e-11,0.9999999999726157,1,7.225171082805481e-22,0.33751205400260365,0.3333333333333333,1e-06,1.0,Utsuroi,1e-06,0.9803921568627451,3.0,0
2007-11-06,0.2836011814272684,1.0,0.9523809523809523,1.156474915823197e-11,0.9999999999874353,1,1.4530791641982197e-22,0.33751205400260365,0.3333333333333333,1e-06,1.0,Utsuroi,1e-06,0.9803921568627451,3.0,0
2007-11-07,0.3018119561597823,1.0,0.9523809523809523,1.8273493829027606e-11,0.9999999999807265,1,3.5219366631080634e-22,0.33751205400260365,0.3333333333333333,1e-06,1.0,Utsuroi,1e-06,0.9803921568627451,3.0,0
2007-11-08,0.27658645702123963,1.0,0.9523809523809523,8.196687772621435e-11,0.9999999999170331,1,6.80053410894413e-21,0.33751205400260365,0.3333333333333333,1e-06,1.0,Utsuroi,1e-06,0.9803921568627451,3.0,0
2007-11-09,0.26049385397211483,2.0,0.48780487804878053,4.927447338916275e-11,0.9999999999497255,1,2.4772471111946077e-21,0.6589521054329958,0.3333333333333333,1e-06,0.07051212453160405,Utsuroi,1e-06,0.9803921568627451,3.0,0
2007-11-12,0.2531447039483117,3.0,0.3278688524590164,0.8876057896977021,0.6273079546152163,3,0.3308036172578128,0.9803921568627451,1.0,1e-06,0.09530175040485234,Katashi,1e-06,0.9803921568627451,3.0,0
2007-11-13,0.2729662540827931,4.0,0.2469135802469136,0.5396771516629149,0.7696680315453305,2,0.1243049006725284,1.3018322082918514,0.6666666666666666,0.2414410214291064,0.7208288152444917,Katashi,1e-06,0.9803921568627451,3.0,0
2007-11-14,0.27052459267392703,4.0,0.2469135802469136,0.6927854322437489,0.5134481354724428,2,0.33707604377572564,1.3018322082918514,0.6666666666666666,0.4756378422153396,0.6021267068690798,Katashi,1e-06,0.9803921568627451,3.0,0
2007-11-15,0.27621925189087887,3.0,0.3278688524590164,1.3544720900321637e-11,0.9999999999854553,1,1.970038855368324e-22,0.9803921568627451,0.3333333333333333,0.46136870694887944,0.4889037787724655,Katashi,1e-06,0.9803921568627451,3.0,0
2007-11-16,0.260518665628686,3.0,0.3278688524590164,1.8123946787613466e-11,0.9999999999808761,1,3.466009930182848e-22,0.9803921568627451,0.3333333333333333,0.44752764574041304,1.0,Katashi,1e-06,0.9803921568627451,3.0,0
2007-11-19,0.26886854986353614,2.0,0.48780487804878053,0.6679980556934502,0.6116637384488787,2,0.25940786767141216,0.6589521054329958,0.6666666666666666,0.4341018163682006,0.7856503809487361,Katashi,1e-06,0.9803921568627451,3.0,0
2007-11-20,0.25642008343010997,2.0,0.48780487804878053,2.6360136295603766e-11,0.9999999999726399,1,7.212163386967064e-22,0.6589521054329958,0.3333333333333333,0.4210787618771546,0.8369501266400265,Katashi,1e-06,0.9803921568627451,3.0,0
2007-11-21,0.2605468347787684,3.0,0.3278688524590164,3.296718453724794e-11,0.9999999999660328,1,1.1198017115783798e-21,0.9803921568627451,0.3333333333333333,0.40844639902083996,0.031102950540297325,Katashi,1e-06,0.9803921568627451,3.0,0
2007-11-23,0.2831060244103722,2.0,0.48780487804878053,0.6624576723507305,0.6232360557635788,2,0.24959016552454003,0.6589521054329958,0.6666666666666666,0.39619300705021476,0.8073742707145959,Katashi,1e-06,0.9803921568627451,3.0,0
2007-11-26,0.2832573223877572,2.0,0.48780487804878053,0.6158790989263367,0.6939799695350656,2,0.18847134061615392,0.6589521054329958,0.6666666666666666,0.38430721683870833,0.6203925016298735,Katashi,1e-06,0.9803921568627451,3.0,0
2007-11-27,0.2788834354051746,1.0,0.9523809523809523,2.1447399411759793e-11,0.9999999999775526,1,4.814378664913398e-22,0.33751205400260365,0.3333333333333333,0.3727780003335471,0.24700880663895752,Katashi,1e-06,0.9803921568627451,3.0,0
2007-11-28,0.2677148938018504,1.0,0.9523809523809523,0.0,0.0,0,0.0,0.33751205400260365,0.0,0.36159466032354065,1.0,Katashi,1e-06,0.9803921568627451,3.0,0
2007-11-29,0.26362984841245707,1.0,0.9523809523809523,0.0,0.0,0,0.0,0.33751205400260365,0.0,0.35074682051383443,1.0,Katashi,1e-06,0.9803921568627451,3.0,0
2007-11-30,0.26262578001708436,1.5,0.6451612903225806,5.169391580119713e-10,0.9999999994820609,1,2.6774302087789154e-19,0.49823207971788014,0.3333333333333333,0.3402244158984194,0.14668112436681646,Katashi,1e-06,0.9803921568627451,3.0,0
2007-12-03,0.2533003228655403,1.5,0.6451612903225806,0.0,0.0,0,0.0,0.49823207971788014,0.0,0.3300176834214668,1.0,Katashi,1e-06,0.9803921568627451,3.0,0
2007-12-04,0.2437960590134503,1.0,0.9523809523809523,1.361047940923562e-10,0.9999999998628952,1,1.866061675942204e-20,0.33751205400260365,0.3333333333333333,0.3201171529188228,0.9430965509893029,Katashi,1e-06,0.9803921568627451,3.0,0
2007-12-05,0.2519523954306563,3.0,0.3278688524590164,0.0,0.0,0,0.0,0.9803921568627451,0.0,0.3105136383312581,0.06836008853919784,Katashi,1e-06,0.9803921568627451,3.0,0
2007-12-06,0.25976487280835114,2.0,0.48780487804878053,0.0,0.0,0,0.0,0.6589521054329958,0.0,0.3011982291813204,0.0026412457123632382,Katashi,1e-06,0.9803921568627451,3.0,0
2007-12-07,0.2736567780046041,1.0,0.9523809523809523,0.0,0.0,0,0.0,0.33751205400260365,0.0,0.29216228230588076,0.030846946422049104,Katashi,1e-06,0.9803921568627451,3.0,0
2007-12-10,0.2696817675078545,1.0,0.9523809523809523,0.0,0.0,0,0.0,0.33751205400260365,0.0,0.2833974138367043,1.0,Katashi,1e-06,0.9803921568627451,3.0,0
2007-12-11,0.291042291042291,1.0,0.9523809523809523,0.0,0.0,0,0.0,0.33751205400260365,0.0,0.2748954914216032,1.0,Katashi,1e-06,0.9803921568627451,3.0,0
2007-12-12,0.2921976574150488,2.0,0.48780487804878053,0.0,0.0,0,0.0,0.6589521054329958,0.0,0.26664862667895506,0.00820492412620688,Katashi,1e-06,0.9803921568627451,3.0,0
2007-12-13,0.31764322633887854,1.0,0.9523809523809523,0.0,0.0,0,0.0,0.33751205400260365,0.0,0.2586491678785864,0.030846946422049104,Katashi,1e-06,0.9803921568627451,3.0,0
2007-12-14,0.3021833239224544,1.0,0.9523809523809523,1.4284962101061147e-10,0.9999999998561504,1,2.0548860685284508e-20,0.33751205400260365,0.3333333333333333,0.2508896928422288,0.41695817530480817,Katashi,1e-06,0.9803921568627451,3.0,0
2007-12-17,0.2965715443976314,1.0,0.9523809523809523,0.0,0.0,0,0.0,0.33751205400260365,0.0,0.2433630020569619,1.0,Katashi,1e-06,0.9803921568627451,3.0,0
2007-12-18,0.28747991139295487,2.0,0.48780487804878053,9.782341602937694e-11,0.9999999999011766,1,9.667241976141335e-21,0.6589521054329958,0.3333333333333333,0.23606211199525304,0.04908490860651604,Katashi,1e-06,0.9803921568627451,3.0,0
2007-12-19,0.3084965758878802,2.0,0.48780487804878053,3.962674632791109e-11,0.9999999999593733,1,1.6099048942854176e-21,0.6589521054329958,0.3333333333333333,0.22898024863539543,1.0,Katashi,1e-06,0.9803921568627451,3.0,0
2007-12-20,0.2940407418668289,1.0,0.9523809523809523,0.0,0.0,0,0.0,0.33751205400260365,0.0,0.22211084117633356,0.22879491661612328,Katashi,1e-06,0.9803921568627451,3.0,0
2007-12-21,0.3151261781696565,1.0,0.9523809523809523,0.0,0.0,0,0.0,0.33751205400260365,0.0,0.21544751594104355,1.0,Katashi,1e-06,0.9803921568627451,3.0,0
2007-12-24,0.314713547322243,1.0,0.9523809523809523,0.0,0.0,0,0.0,0.33751205400260365,0.0,0.20898409046281224,1.0,Katashi,1e-06,0.9803921568627451,3.0,0
2007-12-26,0.29498979281587967,2.0,0.48780487804878053,0.0,0.0,0,0.0,0.6589521054329958,0.0,0.20271456774892788,0.00820492412620688,Katashi,1e-06,0.9803921568627451,3.0,0
2007-12-27,0.2954987041943564,1.0,0.9523809523809523,0.0,0.0,0,0.0,0.33751205400260365,0.0,0.19663313071646005,0.030846946422049104,Katashi,1e-06,0.9803921568627451,3.0,0
2007-12-28,0.3104084321475627,1.0,0.9523809523809523,0.0,0.0,0,0.0,0.33751205400260365,0.0,0.19073413679496623,1.0,Katashi,1e-06,0.9803921568627451,3.0,0
2007-12-31,0.29127611518915875,1.0,0.9523809523809523,0.0,0.0,0,0.0,0.33751205400260365,0.0,0.18501211269111723,1.0,Katashi,1e-06,0.9803921568627451,3.0,0
2008-01-02,0.2887590670199366,1.0,0.9523809523809523,0.0,0.0,0,0.0,0.33751205400260365,0.0,0.1794617493103837,1.0,Katashi,1e-06,0.9803921568627451,3.0,0
2008-01-03,0.3003264851090938,1.0,0.9523809523809523,9.457379323661498e-11,0.9999999999044262,1,9.038774068695519e-21,0.33751205400260365,0.3333333333333333,0.17407789683107217,0.41695817530480817,Katashi,1e-06,0.9803921568627451,3.0,0
2008-01-04,0.31032590597807985,1.0,0.9523809523809523,1.297040252893419e-10,0.999999999869296,1,1.6952835333379275e-20,0.33751205400260365,0.3333333333333333,0.16885555992614,1.0,Katashi,1e-06,0.9803921568627451,3.0,0
2008-01-07,0.30523679219331395,1.0,0.9523809523809523,1.58393298475809e-11,0.9999999999831607,1,2.667233494770641e-22,0.33751205400260365,0.3333333333333333,0.1637898931283558,1.0,Katashi,1e-06,0.9803921568627451,3.0,0
2008-01-08,0.3167491928361494,1.0,0.9523809523809523,6.019607034869909e-11,0.999999999938804,1,3.6837616242462935e-21,0.33751205400260365,0.3333333333333333,0.15887619633450512,1.0,Katashi,1e-06,0.9803921568627451,3.0,0
2008-01-09,0.3236263736263737,1.0,0.9523809523809523,9.497114205709027e-11,0.9999999999040289,1,9.114486865197402e-21,0.33751205400260365,0.3333333333333333,0.15410991044446995,1.0,Katashi,1e-06,0.9803921568627451,3.0,0
2008-01-10,0.3137094789268703,1.0,0.9523809523809523,2.065325688226293e-11,0.9999999999783468,1,4.472098198462672e-22,0.33751205400260365,0.3333333333333333,0.14948661313113584,1.0,Katashi,1e-06,0.9803921568627451,3.0,0
2008-01-11,0.2920601137992443,1.5,0.6451612903225806,1.5453860413437466e-11,0.9999999999835462,1,2.5427532022755637e-22,0.49823207971788014,0.3333333333333333,0.14500201473720176,0.1182711449339966,Katashi,1e-06,0.9803921568627451,3.0,0
2008-01-14,0.294659688137949,1.0,0.9523809523809523,0.6317124138470167,0.6734444998466227,2,0.20628916325690982,0.33751205400260365,0.6666666666666666,0.1406519542950857,0.38634259647436764,Katashi,1e-06,0.9803921568627451,3.0,0
2008-01-15,0.3414932893193763,0.0,20.0,0.6143339110199186,0.6958569817062261,2,0.18684536993781678,0.016072002571568628,0.6666666666666666,0.13643239566623314,0.15365440648590822,Katashi,1e-06,0.9803921568627451,3.0,0
2008-01-16,0.3051680203854117,1.5,0.6451612903225806,1.3723799874191052e-11,0.9999999999852762,1,2.020661792684583e-22,0.49823207971788014,0.3333333333333333,0.13233942379624614,0.8113789935194257,Katashi,1e-06,0.9803921568627451,3.0,0
2008-01-17,0.3021283064761326,1.0,0.9523809523809523,2.753919314772273e-11,0.9999999999714608,1,7.859457431721794e-22,0.33751205400260365,0.3333333333333333,0.12836924108235875,0.21834040820826173,Katashi,1e-06,0.9803921568627451,3.0,0
2008-01-18,0.30915678524374174,2.0,0.48780487804878053,2.8721691691216537e-11,0.9999999999702783,1,8.536566299359602e-22,0.6589521054329958,0.3333333333333333,0.124518163849888,0.07051212453160405,Katashi,1e-06,0.9803921568627451,3.0,0
2008-01-22,0.2939719700589266,1.0,0.9523809523809523,2.364086704146007e-11,0.9999999999753592,1,5.825309385439742e-22,0.33751205400260365,0.3333333333333333,0.12078261893439135,0.21261921927841487,Katashi,1e-06,0.9803921568627451,3.0,0
2008-01-23,0.2847290390768652,2.0,0.48780487804878053,4.722888746639165e-11,0.9999999999517711,1,2.2777956540501515e-21,0.6589521054329958,0.3333333333333333,0.1171591403663596,0.07051212453160405,Katashi,1e-06,0.9803921568627451,3.0,0
2008-01-24,0.2813454661280749,2.0,0.48780487804878053,0.0,0.0,0,0.0,0.6589521054329958,0.0,0.11364436615536881,1.0,Katashi,1e-06,0.9803921568627451,3.0,0
2008-01-25,0.27309284917980564,2.0,0.48780487804878053,0.0,0.0,0,0.0,0.6589521054329958,0.0,0.11023503517070775,1.0,Katashi,1e-06,0.9803921568627451,3.0,0
2008-01-28,0.29043709913275134,3.0,0.3278688524590164,1.4446055461910954e-10,0.9999999998545395,1,2.1013309201292114e-20,0.9803921568627451,0.3333333333333333,0.10692798411558652,0.08250437419014212,Katashi,1e-06,0.9803921568627451,3.0,0
2008-01-29,0.28736987650031126,2.0,0.48780487804878053,1.155275874896557e-10,0.9999999998834724,1,1.346214850378505e-20,0.6589521054329958,0.3333333333333333,0.10372014459211892,0.06529797117021863,Katashi,1e-06,0.9803921568627451,3.0,0
2008-01-30,0.284632758545802,1.0,0.9523809523809523,0.682468665355934,0.5729398742475809,2,0.2914551540489908,0.33751205400260365,0.6666666666666666,0.10060854025435535,0.4551572909081326,Katashi,1e-06,0.9803921568627451,3.0,0
2008-01-31,0.2815792902749425,2.0,0.48780487804878053,0.6924105990464355,0.519188546658607,2,0.3329189464365012,0.6589521054329958,0.6666666666666666,0.09759028404672469,0.24066766018467178,Katashi,1e-06,0.9803921568627451,3.0,0
2008-02-01,0.2818268687833905,1.0,0.9523809523809523,6.805556118411364e-11,0.9999999999309445,1,4.6996134639249046e-21,0.33751205400260365,0.3333333333333333,0.09466257552532295,0.4490102890108374,Katashi,1e-06,0.9803921568627451,3.0,0
2008-02-04,0.3105322214017867,1.5,0.6451612903225806,3.4248470720184685e-10,0.9999999996565153,1,1.1763825181818908e-19,0.49823207971788014,0.3333333333333333,0.09182269825956325,0.1182711449339966,Katashi,1e-06,0.9803921568627451,3.0,0
2008-02-05,0.32823408475582394,1.0,0.9523809523809523,0.6364254842752317,0.6667945575603648,2,0.2120604350677877,0.33751205400260365,0.6666666666666666,0.08906801731177635,0.37865482261492023,Katashi,1e-06,0.9803921568627451,3.0,0
2008-02-06,0.3260608956261131,1.0,0.9523809523809523,0.4875141891676804,0.8091077248628388,2,0.09306269273186692,0.33751205400260365,0.6666666666666666,0.08639597679242306,0.7318182396947678,Katashi,1e-06,0.9803921568627451,3.0,0
2008-02-07,0.318454733672125,1.0,0.9523809523809523,1.1771350560258306e-10,0.9999999998812865,1,1.3974180303656114e-20,0.33751205400260365,0.3333333333333333,0.08380409748865036,0.5175460359979245,Katashi,1e-06,0.9803921568627451,3.0,0
2008-02-08,0.29684663162924035,3.0,0.3278688524590164,1.2019574224074223e-10,0.9999999998788043,1,1.45672095369898e-20,0.9803921568627451,0.3333333333333333,0.08128997456399085,0.032793918433997815,Katashi,1e-06,0.9803921568627451,3.0,0
2008-02-11,0.2886765408504539,3.0,0.3278688524590164,0.0,0.0,0,0.0,0.9803921568627451,0.0,0.07885127532707113,1.0,Katashi,1e-06,0.9803921568627451,3.0,0
2008-02-12,0.28807134894091424,2.0,0.48780487804878053,0.0,0.0,0,0.0,0.6589521054329958,0.0,0.076485737067259,0.0026412457123632382,Katashi,1e-06,0.9803921568627451,3.0,0
2008-02-13,0.28420637333680815,2.0,0.48780487804878053,2.9121327567332417e-10,0.9999999997077867,1,8.509637877435524e-20,0.6589521054329958,0.3333333333333333,0.07419116495524122,0.6511466998765344,Katashi,1e-06,0.9803921568627451,3.0,0
2008-02-14,0.29974880192271497,2.0,0.48780487804878053,0.0,0.0,0,0.0,0.6589521054329958,0.0,0.07196543000658398,1.0,Katashi,1e-06,0.9803921568627451,3.0,0
2008-02-15,0.28196441239919506,2.0,0.48780487804878053,2.25602869693281e-10,0.9999999997733972,1,5.112225269860538e-20,0.6589521054329958,0.3333333333333333,0.06980646710638645,0.6511466998765344,Katashi,1e-06,0.9803921568627451,3.0,0
2008-02-19,0.2874799113929549,2.0,0.48780487804878053,8.984601950899188e-11,0.999999999909154,1,8.162151253941348e-21,0.6589521054329958,0.3333333333333333,0.06771227309319486,1.0,Katashi,1e-06,0.9803921568627451,3.0,0
2008-02-20,0.2932429888951628,2.0,0.48780487804878053,7.853062644297623e-11,0.9999999999204694,1,6.245588178985033e-21,0.6589521054329958,0.3333333333333333,0.065680904900399,1.0,Katashi,1e-06,0.9803921568627451,3.0,0
2008-02-21,0.2803276433711216,2.0,0.48780487804878053,7.256550915442435e-11,0.9999999999264345,1,5.338317022917705e-21,0.6589521054329958,0.3333333333333333,0.06371047775338703,1.0,Katashi,1e-06,0.9803921568627451,3.0,0
2008-02-22,0.2974655779003606,1.0,0.9523809523809523,6.691147635731577e-11,0.9999999999320885,1,4.544055664630253e-21,0.33751205400260365,0.3333333333333333,0.061799163420785425,0.21261921927841487,Katashi,1e-06,0.9803921568627451,3.0,0
2008-02-25,0.28346363781146394,2.0,0.48780487804878053,8.491296554411091e-11,0.9999999999140871,1,7.295122804931949e-21,0.6589521054329958,0.3333333333333333,0.05994518851816186,0.07051212453160405,Katashi,1e-06,0.9803921568627451,3.0,0
2008-02-26,0.2947009512226904,1.0,0.9523809523809523,0.6104883282388126,0.7867007162251157,3,0.13021672316626517,0.33751205400260365,1.0,0.058146832862617,0.42131123833918527,Katashi,1e-06,0.9803921568627451,3.0,0
2008-02-27,0.2848528283310892,1.0,0.9523809523809523,9.724976379260966e-11,0.9999999999017503,1,9.554764170648254e-21,0.33751205400260365,0.3333333333333333,0.05640242787673849,0.47329795115307494,Katashi,1e-06,0.9803921568627451,3.0,0
2008-02-28,0.24944910162301467,1.0,0.9523809523809523,0.6559987051781466,0.6354365940067516,2,0.23915312228690594,0.33751205400260365,0.6666666666666666,0.05471035504043634,0.16330584785595237,Katashi,1e-06,0.9803921568627451,3.0,0
2008-02-29,0.26760485890920677,2.0,0.48780487804878053,6.54665210908632e-11,0.9999999999335335,1,4.351330456743819e-21,0.6589521054329958,0.3333333333333333,0.05306904438922325,0.6367124965704458,Katashi,1e-06,0.9803921568627451,3.0,0
2008-03-03,0.2704107486716183,2.0,0.48780487804878053,0.535784965090516,0.7728701632788041,2,0.12169275163868054,0.6589521054329958,0.6666666666666666,0.051476973057546546,0.39824888782976675,Katashi,1e-06,0.9803921568627451,3.0,0
2008-03-04,0.2713047821743474,1.0,0.9523809523809523,1.11312070671212e-11,0.9999999999878688,1,1.3503473159761627e-22,0.33751205400260365,0.3333333333333333,0.04993266386582015,0.13704689328438735,Katashi,1e-06,0.9803921568627451,3.0,0
2008-03-05,0.2638499181977442,1.0,0.9523809523809523,8.88189521925539e-12,0.9999999999901181,1,8.776976142271617e-23,0.33751205400260365,0.3333333333333333,0.04843468394984554,1.0,Katashi,1e-06,0.9803921568627451,3.0,0
2008-03-06,0.2735329887503801,1.0,0.9523809523809523,7.093325926600337e-12,0.9999999999919067,1,5.740844171123876e-23,0.33751205400260365,0.3333333333333333,0.046981643431350174,1.0,Katashi,1e-06,0.9803921568627451,3.0,0
2008-03-07,0.2345806367545498,0.0,20.0,0.5157101139042126,0.8274921818699521,3,0.08896402653721419,0.016072002571568628,1.0,0.04557219412840967,0.045647894668587985,Katashi,1e-06,0.9803921568627451,3.0,0
2008-03-10,0.25294270946444863,0.5,1.8181818181818181,0.5713290784032181,0.7416451692728478,2,0.14760562734036325,0.1767920282871665,0.6666666666666666,0.04420502830455738,0.7302108653635866,Katashi,1e-06,0.9803921568627451,3.0,0
2008-03-11,0.2718962197223067,0.5,1.8181818181818181,1.1115441900171713e-11,0.9999999999878846,1,1.3466824464438013e-22,0.1767920282871665,0.3333333333333333,0.042878877455420655,0.4791473621119574,Katashi,1e-06,0.9803921568627451,3.0,0
2008-03-12,0.27877340051253097,1.0,0.9523809523809523,0.0,0.0,0,0.0,0.33751205400260365,0.0,0.041592511131758034,0.49555849288338394,Katashi,1e-06,0.9803921568627451,3.0,0
2008-03-13,0.2797774689079037,1.0,0.9523809523809523,1.0983871017974711,0.34304804840697506,3,0.7215875501304552,0.33751205400260365,1.0,0.040344735797805294,0.025459785637036436,Katashi,1e-06,0.9803921568627451,3.0,0
2008-03-14,0.3066672457976806,1.0,0.9523809523809523,0.42414884396032176,0.8491684174606107,2,0.06397504136678783,0.33751205400260365,0.6666666666666666,0.03913439372387113,0.6514755438820697,Katashi,1e-06,0.9803921568627451,3.0,0
2008-03-17,0.2939169526126048,1.0,0.9523809523809523,0.6610083358730933,0.6260813994500558,2,0.2471633119015145,0.33751205400260365,0.6666666666666666,0.037960361912154995,0.4054990312194491,Katashi,1e-06,0.9803921568627451,3.0,0
2008-03-18,0.27944736422997296,2.0,0.48780487804878053,1.36553307847894,0.3074321849944234,4,0.945724260479998,0.6589521054329958,1.3333333333333333,0.03682155105479035,0.015155238956307326,Katashi,1e-06,0.9803921568627451,3.0,0
2008-03-19,0.27929606625258796,1.0,0.9523809523809523,7.000716670575978e-10,0.9999999992989284,1,4.90800395369115e-19,0.33751205400260365,0.3333333333333333,0.03571690452314664,0.6353552374506871,Katashi,1e-06,0.9803921568627451,3.0,0
2008-03-20,0.2914136588049633,2.0,0.48780487804878053,0.45663689077190617,0.8295260720457424,2,0.07784468441870615,0.6589521054329958,0.6666666666666666,0.03464539738745224,0.018226131398881407,Katashi,1e-06,0.9803921568627451,3.0,0
2008-03-24,0.272363868016042,2.0,0.48780487804878053,1.2746248501022519e-11,0.9999999999862538,1,1.7521281738309726e-22,0.6589521054329958,0.3333333333333333,0.033606035465828674,0.6966120585120612,Katashi,1e-06,0.9803921568627451,3.0,0
2008-03-25,0.2723501136544615,1.0,0.9523809523809523,0.1702088801202627,0.9592853029407397,2,0.006930002990892455,0.33751205400260365,0.6666666666666666,0.03259785440185381,0.9433617586344986,Katashi,1e-06,0.9803921568627451,3.0,0
2008-03-26,0.2711259754738015,2.0,0.48780487804878053,0.5665765984417939,0.7461025172765792,2,0.1438523721143699,0.6589521054329958,0.6666666666666666,0.031619918769798194,0.21470640573462885,Katashi,1e-06,0.9803921568627451,3.0,0
2008-03-27,0.2866271409749671,1.0,0.9523809523809523,0.6078495681366143,0.7035230991472641,2,0.18021335614581735,0.33751205400260365,0.6666666666666666,0.03067132120670425,0.6158130338455731,Katashi,1e-06,0.9803921568627451,3.0,0
2008-03-28,0.27632512415121113,1.0,0.9523809523809523,0.5216375302006684,0.7841248087361831,2,0.11260860160245437,0.33751205400260365,0.6666666666666666,0.029751181570503122,0.6807768734565015,Katashi,1e-06,0.9803921568627451,3.0,0
2008-03-31,0.2723776223776224,1.0,0.9523809523809523,0.3519150103768633,0.8874009513043023,2,0.03962529539017139,0.33751205400260365,0.6666666666666666,0.028858646123388027,0.8822924973986817,Katashi,1e-06,0.9803921568627451,3.0,0
2008-04-01,0.27738420999290564,1.0,0.9523809523809523,0.24787224360857146,0.9322146683529008,2,0.016802102239117586,0.33751205400260365,0.6666666666666666,0.027992886739686387,0.9498030839146993,Katashi,1e-06,0.9803921568627451,3.0,0
2008-04-02,0.2868472107602542,1.0,0.9523809523809523,0.5084447692450476,0.8463793760985964,3,0.0781076026708294,0.33751205400260365,1.0,0.027153100137495795,0.1147796806588558,Katashi,1e-06,0.9803921568627451,3.0,0
2008-04-03,0.29007948573165965,1.0,0.9523809523809523,0.399581134767534,0.8629450489297785,2,0.054764572874147946,0.33751205400260365,0.6666666666666666,0.026338507133370923,0.17465501469629252,Katashi,1e-06,0.9803921568627451,3.0,0
2008-04-04,0.2892267153136719,1.0,0.9523809523809523,0.41937877562457515,0.851911638908834,2,0.06210511555866315,0.33751205400260365,0.6666666666666666,0.025548351919369792,0.8173495505000146,Katashi,1e-06,0.9803921568627451,3.0,0
2008-04-07,0.2968878947139817,1.5,0.6451612903225806,0.07162208108579843,0.986477804374707,2,0.0009684877915327639,0.49823207971788014,0.6666666666666666,0.024781901361788698,0.4210764921115352,Katashi,1e-06,0.9803921568627451,3.0,0
2008-04-08,0.28643457991284077,2.0,0.48780487804878053,0.3960014621776783,0.8648819021054506,2,0.05350696433290825,0.6589521054329958,0.6666666666666666,0.024038444320935038,0.25720195967458803,Katashi,1e-06,0.9803921568627451,3.0,0
2008-04-09,0.2948935122848167,1.0,0.9523809523809523,0.2701334392750198,0.9235013507432094,2,0.020664843223630287,0.33751205400260365,0.6666666666666666,0.023317290991306985,0.44492950977553547,Katashi,1e-06,0.9803921568627451,3.0,0
2008-04-10,0.27774182339399733,1.0,0.9523809523809523,5.6982196738666835e-12,0.9999999999933018,1,3.8167801071212177e-23,0.33751205400260365,0.3333333333333333,0.022617772261567776,0.42346619747621106,Katashi,1e-06,0.9803921568627451,3.0,0
2008-04-11,0.28005255613951263,1.0,0.9523809523809523,7.083778008588638e-12,0.9999999999919162,1,5.726353217842605e-23,0.33751205400260365,0.3333333333333333,0.021939239093720742,1.0,Katashi,1e-06,0.9803921568627451,3.0,0
2008-04-14,0.29222516613820965,1.0,0.9523809523809523,3.9114822491277106e-11,0.9999999999598852,1,1.5690832957596908e-21,0.33751205400260365,0.3333333333333333,0.02128106192090912,1.0,Katashi,1e-06,0.9803921568627451,3.0,0
2008-04-15,0.2969154034371426,1.0,0.9523809523809523,1.4667822512015476e-11,0.9999999999843322,1,2.298125152803321e-22,0.33751205400260365,0.3333333333333333,0.020642630063281847,1.0,Katashi,1e-06,0.9803921568627451,3.0,0
2008-04-16,0.2994049428832038,1.0,0.9523809523809523,5.3067328307991795e-11,0.9999999999459327,1,2.8692074881931335e-21,0.33751205400260365,0.3333333333333333,0.02002335116138339,1.0,Katashi,1e-06,0.9803921568627451,3.0,0
2008-04-17,0.32634973721930244,1.0,0.9523809523809523,0.6089860971978627,0.7022030421588284,2,0.1813542071130915,0.33751205400260365,0.6666666666666666,0.019422650626541887,0.18465532811246976,Katashi,1e-06,0.9803921568627451,3.0,0
2008-04-18,0.3324429193994411,2.0,0.48780487804878053,0.592444257946751,0.7759689790019324,3,0.13272589199225315,0.6589521054329958,1.0,0.01883997110774563,0.11964908684125986,Katashi,1e-06,0.9803921568627451,3.0,0
2008-04-21,0.33423098640489945,1.0,0.9523809523809523,8.02258259820364e-12,0.9999999999909774,1,7.238423667019915e-23,0.33751205400260365,0.3333333333333333,0.01827477197451326,0.14745707615159387,Katashi,1e-06,0.9803921568627451,3.0,0
2008-04-22,0.3284404001795307,1.0,0.9523809523809523,1.37247990749132e-11,0.9999999999852752,1,2.0209460510696863e-22,0.33751205400260365,0.3333333333333333,0.01772652881527786,1.0,Katashi,1e-06,0.9803921568627451,3.0,0
2008-04-23,0.3295820121907078,1.0,0.9523809523809523,6.0946803159575926e-12,0.9999999999929053,1,4.323967364501669e-23,0.33751205400260365,0.3333333333333333,0.017194732950819525,1.0,Katashi,1e-06,0.9803921568627451,3.0,0
2008-04-24,0.31124744820397,1.0,0.9523809523809523,3.900102463194207e-12,0.9999999999950999,1,1.9110815409677465e-23,0.33751205400260365,0.3333333333333333,0.01667889096229494,1.0,Katashi,1e-06,0.9803921568627451,3.0,0
2008-04-25,0.31425965339008816,1.0,0.9523809523809523,3.4433567108655514e-12,0.9999999999955567,1,1.5299985976187213e-23,0.33751205400260365,0.3333333333333333,0.01617852423342609,1.0,Katashi,1e-06,0.9803921568627451,3.0,0
2008-04-28,0.2694290522380717,1.0,0.9523809523809523,4.027667088723004e-12,0.9999999999949724,1,2.0249680167430256e-23,0.33751205400260365,0.3333333333333333,0.015693168506423306,1.0,Katashi,1e-06,0.9803921568627451,3.0,0
2008-04-29,0.25733078397124926,2.0,0.48780487804878053,0.12178072774195206,0.9736597467319924,2,0.003207735211885296,0.6589521054329958,0.6666666666666666,0.015222373451230608,0.0053183325246359825,Katashi,1e-06,0.9803921568627451,3.0,0
2008-04-30,0.2474275970149553,1.0,0.9523809523809523,4.670375197675069e-12,0.9999999999943296,1,2.6482676368073275e-23,0.33751205400260365,0.3333333333333333,0.014765702247693689,0.0204351311520945,Katashi,1e-06,0.9803921568627451,3.0,0
2008-05-01,0.24848668674151406,1.0,0.9523809523809523,3.809619286687696e-12,0.9999999999951904,1,1.8322734120901094e-23,0.33751205400260365,0.3333333333333333,0.014322731180262878,1.0,Katashi,1e-06,0.9803921568627451,3.0,0
2008-05-02,0.244009146726887,1.0,0.9523809523809523,0.3483319513848443,0.8891292667675453,2,0.03861981885832944,0.33751205400260365,0.6666666666666666,0.013893049244854992,0.1843359722214286,Katashi,1e-06,0.9803921568627451,3.0,0
2008-05-05,0.23748309258582062,1.0,0.9523809523809523,0.3881568516878413,0.8690667932113708,2,0.0508226213284674,0.33751205400260365,0.6666666666666666,0.013476257767509341,0.8497007758859745,Katashi,1e-06,0.9803921568627451,3.0,0
2008-05-06,0.25138236251332646,1.0,0.9523809523809523,5.863087793022401e-12,0.9999999999931369,1,4.0238756560258633e-23,0.33751205400260365,0.3333333333333333,0.01307197003448406,0.4532894086275626,Katashi,1e-06,0.9803921568627451,3.0,0
2008-05-07,0.26455322623697664,1.0,0.9523809523809523,4.293676525421819e-12,0.9999999999947063,1,2.272923964692783e-23,0.33751205400260365,0.3333333333333333,0.012679810933449538,1.0,Katashi,1e-06,0.9803921568627451,3.0,0
2008-05-08,0.250124294900264,1.0,0.9523809523809523,3.180344876332986e-12,0.9999999999958197,1,1.3294868054077415e-23,0.33751205400260365,0.3333333333333333,0.012299416605446051,1.0,Katashi,1e-06,0.9803921568627451,3.0,0
2008-05-09,0.24863184760474716,2.0,0.48780487804878053,0.1322506641020703,0.9707142119590828,2,0.0038730649171637667,0.6589521054329958,0.6666666666666666,0.011930434107282669,0.0053298300462191195,Katashi,1e-06,0.9803921568627451,3.0,0
2008-05-12,0.25606064802768796,1.0,0.9523809523809523,8.374190230099192e-12,0.9999999999906258,1,7.85010669888592e-23,0.33751205400260365,0.3333333333333333,0.011572521084064188,0.020480113764475005,Katashi,1e-06,0.9803921568627451,3.0,0
2008-05-13,0.2510768774337834,0.5,1.8181818181818181,0.6583344944968084,0.6311617258316153,2,0.2428189587757187,0.1767920282871665,0.6666666666666666,0.011225345451542263,0.20911117049445394,Katashi,1e-06,0.9803921568627451,3.0,0
2008-05-14,0.22664539704989906,1.0,0.9523809523809523,0.5767169922695268,0.7364699079116614,2,0.15198228208169803,0.33751205400260365,0.6666666666666666,0.010888585087995995,0.9535432644922779,Katashi,1e-06,0.9803921568627451,3.0,0
2008-05-15,0.2583435884549527,1.0,0.9523809523809523,6.254330386897545e-12,0.9999999999927457,1,4.5370840618982606e-23,0.33751205400260365,0.3333333333333333,0.010561927535356116,0.609396538532627,Katashi,1e-06,0.9803921568627451,3.0,0
2008-05-16,0.23170646661983718,2.0,0.48780487804878053,5.455080831475373e-12,0.9999999999935449,1,3.5212867033744947e-23,0.6589521054329958,0.3333333333333333,0.010245069709295432,0.07051212453160405,Katashi,1e-06,0.9803921568627451,3.0,0
2008-05-19,0.23264194579592717,1.0,0.9523809523809523,5.118128143503756e-12,0.9999999999938819,1,3.131325061512385e-23,0.33751205400260365,0.3333333333333333,0.009937717618016569,0.21261921927841487,Katashi,1e-06,0.9803921568627451,3.0,0
2008-05-20,0.21737377308068112,1.0,0.9523809523809523,6.499689675337894e-12,0.9999999999925003,1,4.8745511766895577e-23,0.33751205400260365,0.3333333333333333,0.009639586089476071,1.0,Katashi,1e-06,0.9803921568627451,3.0,0
2008-05-21,0.25805479736499853,1.0,0.9523809523809523,4.195865876952856e-12,0.9999999999948042,1,2.1801063514614154e-23,0.33751205400260365,0.3333333333333333,0.009350398506791788,1.0,Katashi,1e-06,0.9803921568627451,3.0,0
2008-05-22,0.25380444712046396,1.0,0.9523809523809523,0.12354346456106488,0.9731701623114148,2,0.0033146511016588433,0.33751205400260365,0.6666666666666666,0.009069886551588035,0.17954878418249998,Katashi,1e-06,0.9803921568627451,3.0,0
2008-05-23,0.26341893622354545,1.0,0.9523809523809523,0.20430821089653292,0.9480187120035736,2,0.010620203950647306,0.33751205400260365,0.6666666666666666,0.008797789955040394,0.9682477084601249,Katashi,1e-06,0.9803921568627451,3.0,0
2008-05-27,0.26852839212829593,0.5,1.8181818181818181,0.08797560194286164,0.9825415907941718,2,0.0015359140588475325,0.1767920282871665,0.6666666666666666,0.008533856256389182,0.7448114937075505,Katashi,1e-06,0.9803921568627451,3.0,0
2008-05-28,0.2719211362702124,1.0,0.9523809523809523,4.550360088713764e-12,0.9999999999944497,1,2.5256036363948374e-23,0.33751205400260365,0.3333333333333333,0.008277840568697506,0.9291850474973169,Katashi,1e-06,0.9803921568627451,3.0,0
2008-05-29,0.26006746876312103,1.0,0.9523809523809523,0.1955103180226626,0.9510168223103543,2,0.009576716647863215,0.33751205400260365,0.6666666666666666,0.00802950535163658,0.17984252458960992,Katashi,1e-06,0.9803921568627451,3.0,0
2008-05-30,0.2716761499370195,1.0,0.9523809523809523,0.6560555373429643,0.7912473618634565,3,0.13695332418443146,0.33751205400260365,1.0,0.007788620191087482,0.1671457434094752,Katashi,1e-06,0.9803921568627451,3.0,0
2008-06-02,0.28065774804905236,0.0,20.0,0.6965876891736709,0.7606425081381571,3,0.16673348214244685,0.016072002571568628,1.0,0.007554961585354857,0.19821700637657658,Katashi,1e-06,0.9803921568627451,3.0,0
2008-06-03,0.27545859937164285,2.0,0.48780487804878053,6.410816322032368e-11,0.9999999999348919,1,4.173963336656989e-21,0.6589521054329958,0.3333333333333333,0.007328312737794211,0.7323696379995949,Katashi,1e-06,0.9803921568627451,3.0,0
2008-06-04,0.27284527067135766,1.0,0.9523809523809523,0.6723742241460806,0.601559623969092,2,0.26790103870225435,0.33751205400260365,0.6666666666666666,0.007108463355660385,0.4941820277785014,Katashi,1e-06,0.9803921568627451,3.0,0
2008-06-05,0.2813454661280749,1.0,0.9523809523809523,0.49748148859019703,0.8020970696881311,2,0.09845304436791057,0.33751205400260365,0.6666666666666666,0.006895209454990573,0.7174930602098943,Katashi,1e-06,0.9803921568627451,3.0,0
2008-06-06,0.27371179545092594,1.0,0.9523809523809523,4.031697198229228e-11,0.999999999958683,1,1.6657743099568547e-21,0.33751205400260365,0.3333333333333333,0.006688353171340856,0.5263638133886537,Katashi,1e-06,0.9803921568627451,3.0,0
2008-06-09,0.2474684735554301,1.0,0.9523809523809523,1.6840639993472968e-11,0.9999999999821594,1,3.0044742284198124e-22,0.33751205400260365,0.3333333333333333,0.00648770257620063,1.0,Katashi,1e-06,0.9803921568627451,3.0,0
2008-06-10,0.23137587050630537,2.0,0.48780487804878053,7.69472263653805e-11,0.9999999999220528,1,5.9978211697192015e-21,0.6589521054329958,0.3333333333333333,0.006293071498914611,0.07051212453160405,Katashi,1e-06,0.9803921568627451,3.0,0
2008-06-11,0.2480324023802285,2.0,0.48780487804878053,0.0,0.0,0,0.0,0.6589521054329958,0.0,0.006104279353947173,1.0,Katashi,1e-06,0.9803921568627451,3.0,0
2008-06-12,0.2288313136139224,3.0,0.3278688524590164,0.0,0.0,0,0.0,0.9803921568627451,0.0,0.005921150973328757,0.0011941408365824246,Katashi,1e-06,0.9803921568627451,3.0,0
2008-06-13,0.23372786633656198,3.0,0.3278688524590164,0.0,0.0,0,0.0,0.9803921568627451,0.0,0.005743516444128894,1.0,Katashi,1e-06,0.9803921568627451,3.0,0
2008-06-16,0.24284700806439938,3.0,0.3278688524590164,6.263309868778809e-10,0.999999999372669,1,3.929168223780235e-19,0.9803921568627451,0.3333333333333333,0.005571210950805027,0.7571163687425386,Katashi,1e-06,0.9803921568627451,3.0,0
2008-06-17,0.19701747527834484,2.0,0.48780487804878053,0.0,0.0,0,0.0,0.6589521054329958,0.0,0.005404074622280876,0.20727304211252917,Katashi,1e-06,0.9803921568627451,3.0,0
2008-06-18,0.19312499095107794,0.5,1.8181818181818181,3.787459235051733e-11,0.9999999999611254,1,1.472358500245851e-21,0.1767920282871665,0.3333333333333333,0.005241952383612449,0.9052990436623695,Katashi,1e-06,0.9803921568627451,3.0,0
2008-06-19,0.1868392477088129,0.5,1.8181818181818181,0.0,0.0,0,0.0,0.1767920282871665,0.0,0.005084693812104075,1.0,Katashi,1e-06,0.9803921568627451,3.0,0
2008-06-20,0.19553200422765643,1.0,0.9523809523809523,0.0,0.0,0,0.0,0.33751205400260365,0.0,0.004932152997740953,0.10882048213754292,Katashi,1e-06,0.9803921568627451,3.0,0
2008-06-23,0.19236850106415324,0.0,20.0,0.0,0.0,0,0.0,0.016072002571568628,0.0,0.004784188407808724,0.042720558398495534,Katashi,1e-06,0.9803921568627451,3.0,0
2008-06-24,0.19602716124455258,1.0,0.9523809523809523,0.0,0.0,0,0.0,0.33751205400260365,0.0,0.004640662755574463,0.884883839592431,Katashi,1e-06,0.9803921568627451,3.0,0
2008-06-25,0.1987917879222227,2.0,0.48780487804878053,0.0,0.0,0,0.0,0.6589521054329958,0.0,0.004501442872907229,0.00820492412620688,Katashi,1e-06,0.9803921568627451,3.0,0
2008-06-26,0.2082410343279908,0.0,20.0,0.0,0.0,0,0.0,0.016072002571568628,0.0,0.004366399586720012,0.13453760498705758,Katashi,1e-06,0.9803921568627451,3.0,0
2008-06-27,0.20411472585385632,1.0,0.9523809523809523,0.0,0.0,0,0.0,0.33751205400260365,0.0,0.004235407599118411,0.884883839592431,Katashi,1e-06,0.9803921568627451,3.0,0
2008-06-30,0.21693379084683434,1.5,0.6451612903225806,0.0,0.0,0,0.0,0.49823207971788014,0.0,0.004108345371144859,0.017580289320236364,Katashi,1e-06,0.9803921568627451,3.0,0
2008-07-01,0.20320693798954675,1.5,0.6451612903225806,0.6462360782305152,0.6519421447384687,2,0.2249275433815363,0.49823207971788014,0.6666666666666666,0.003985095010010513,0.21411638137273858,Katashi,1e-06,0.9803921568627451,3.0,0
2008-07-02,0.19833789399006793,1.0,0.9523809523809523,2.452815728271824e-11,0.9999999999744719,1,6.261581143714317e-22,0.33751205400260365,0.3333333333333333,0.0038655421597101978,0.4593260918156704,Katashi,1e-06,0.9803921568627451,3.0,0
2008-07-03,0.19403277881538752,1.0,0.9523809523809523,5.071187913907164e-11,0.9999999999482881,1,2.6224054431886633e-21,0.33751205400260365,0.3333333333333333,0.003749575894918892,1.0,Katashi,1e-06,0.9803921568627451,3.0,0
2008-07-07,0.18844850801372545,2.0,0.48780487804878053,2.239031182655233e-11,0.9999999999766097,1,5.237158802107035e-22,0.6589521054329958,0.3333333333333333,0.003637088618071325,0.07051212453160405,Katashi,1e-06,0.9803921568627451,3.0,0
2008-07-08,0.21991848730979166,1.0,0.9523809523809523,0.6743494826955,0.5966426790308673,2,0.2720038007369774,0.33751205400260365,0.6666666666666666,0.0035279759595291853,0.48715073108293205,Katashi,1e-06,0.9803921568627451,3.0,0
2008-07-09,0.23825305129652954,1.0,0.9523809523809523,0.9346314668594324,0.5179522466518491,3,0.45053699880807613,0.33751205400260365,1.0,0.0034221366807433095,0.04916383404446667,Katashi,1e-06,0.9803921568627451,3.0,0
2008-07-10,0.24393360262925481,2.0,0.48780487804878053,7.19649895204486e-11,0.999999999927035,1,5.2509231144008986e-21,0.6589521054329958,0.3333333333333333,0.00331947258032101,0.8711739931594369,Katashi,1e-06,0.9803921568627451,3.0,0
2008-07-11,0.257371613893353,1.0,0.9523809523809523,0.5646962213686978,0.7478395473850742,2,0.14239405477026917,0.33751205400260365,0.6666666666666666,0.00321988840291138,0.7477521940353956,Katashi,1e-06,0.9803921568627451,3.0,0
2008-07-14,0.2476610346175564,1.0,0.9523809523809523,2.1113888415169828e-11,0.9999999999778861,1,4.669097053530343e-22,0.33751205400260365,0.3333333333333333,0.003123291750824038,0.5955385574205121,Katashi,1e-06,0.9803921568627451,3.0,0
2008-07-15,0.26475770606205384,2.0,0.48780487804878053,2.7194468898586397e-11,0.9999999999718056,1,7.667330059971346e-22,0.6589521054329958,0.3333333333333333,0.003029592998299317,0.07051212453160405,Katashi,1e-06,0.9803921568627451,3.0,0
2008-07-16,0.24294328859546255,1.0,0.9523809523809523,0.626296073009543,0.6807589306572693,2,0.19993942807271944,0.33751205400260365,0.6666666666666666,0.0029387052083503376,0.624224220089443,Katashi,1e-06,0.9803921568627451,3.0,0
2008-07-17,0.21328888502801555,2.0,0.48780487804878053,1.330363596973132e-10,0.9999999998659637,1,1.783170641941208e-20,0.6589521054329958,0.3333333333333333,0.0028505440520998275,0.6039199456099167,Katashi,1e-06,0.9803921568627451,3.0,0
2008-07-18,0.20954769867813347,2.0,0.48780487804878053,0.0,0.0,0,0.0,0.6589521054329958,0.0,0.0027650277305368326,1.0,Katashi,1e-06,0.9803921568627451,3.0,0
2008-07-21,0.19774645644210864,1.0,0.9523809523809523,3.188826980195328e-11,0.9999999999671118,1,1.0487493153579688e-21,0.33751205400260365,0.3333333333333333,0.0026820768986207276,0.7265441216498114,Katashi,1e-06,0.9803921568627451,3.0,0
2008-07-22,0.19534625818876675,2.0,0.48780487804878053,5.452527318518751e-12,0.9999999999935475,1,3.5182460858539524e-23,0.6589521054329958,0.3333333333333333,0.0026016145916621055,0.07051212453160405,Katashi,1e-06,0.9803921568627451,3.0,0
2008-07-23,0.18914925981228542,2.0,0.48780487804878053,1.0324630039740482e-11,0.9999999999886754,1,1.1692238709933283e-22,0.6589521054329958,0.3333333333333333,0.0025235661539122424,1.0,Katashi,1e-06,0.9803921568627451,3.0,0
2008-07-24,0.18061443564760185,2.0,0.48780487804878053,4.894051830337224e-11,0.9999999999500595,1,2.4441137675186425e-21,0.6589521054329958,0.3333333333333333,0.002447859169294875,1.0,Katashi,1e-06,0.9803921568627451,3.0,0
2008-07-25,0.1761581390414638,2.0,0.48780487804878053,0.0,0.0,0,0.0,0.6589521054329958,0.0,0.002374423394216029,1.0,Katashi,1e-06,0.9803921568627451,3.0,0
2008-07-28,0.16981706756373757,2.0,0.48780487804878053,0.0,0.0,0,0.0,0.6589521054329958,0.0,0.0023031906923895477,1.0,Katashi,1e-06,0.9803921568627451,3.0,0
2008-07-29,0.1735791593389194,2.0,0.48780487804878053,6.531497564801194e-11,0.999999999933685,1,4.3313595748123776e-21,0.6589521054329958,0.3333333333333333,0.002234094971617861,0.6511466998765344,Katashi,1e-06,0.9803921568627451,3.0,0
2008-07-30,0.18683924770881294,1.0,0.9523809523809523,9.381162513028237e-11,0.9999999999051884,1,8.894430559861993e-21,0.33751205400260365,0.3333333333333333,0.0021670721224693254,0.21261921927841487,Katashi,1e-06,0.9803921568627451,3.0,0
2008-07-31,0.18747194834151365,1.0,0.9523809523809523,9.938316835651747e-11,0.9999999998996169,1,9.97639512291046e-21,0.33751205400260365,0.3333333333333333,0.0021020599587952458,1.0,Katashi,1e-06,0.9803921568627451,3.0,0
2008-08-01,0.17968697968697972,1.0,0.9523809523809523,6.051725785322291e-10,0.9999999993938274,1,3.668390091096044e-19,0.33751205400260365,0.3333333333333333,0.0020389981600313885,1.0,Katashi,1e-06,0.9803921568627451,3.0,0
2008-08-04,0.19210716819412474,1.0,0.9523809523809523,6.886446967979933e-11,0.9999999999301356,1,4.8111781307273076e-21,0.33751205400260365,0.3333333333333333,0.001977828215230447,1.0,Katashi,1e-06,0.9803921568627451,3.0,0
2008-08-05,0.19580709145926536,2.5,0.3921568627450981,0.0,0.0,0,0.0,0.8196721311479507,0.0,0.0019184933687735333,0.1125808318809115,Katashi,1e-06,0.9803921568627451,3.0,0
2008-08-06,0.19964455834021053,2.0,0.48780487804878053,0.0,0.0,0,0.0,0.6589521054329958,0.0,0.0018609385677103272,0.003073532174881266,Katashi,1e-06,0.9803921568627451,3.0,0
2008-08-07,0.1831943418899941,3.0,0.3278688524590164,2.656858066529491e-10,0.9999999997333142,1,7.085462779550197e-20,0.9803921568627451,0.3333333333333333,0.0018051104106790174,0.08250437419014212,Katashi,1e-06,0.9803921568627451,3.0,0
2008-08-08,0.1807185568055133,2.0,0.48780487804878053,0.6045363334031948,0.8161221066863582,3,0.11116086741773283,0.6589521054329958,1.0,0.0017509570983586468,0.6964620886793123,Katashi,1e-06,0.9803921568627451,3.0,0
2008-08-11,0.1815438185003403,3.0,0.3278688524590164,2.7418955994159248e-11,0.9999999999715811,1,7.792174972603886e-22,0.9803921568627451,0.3333333333333333,0.0016984283854078873,0.6897139759687929,Katashi,1e-06,0.9803921568627451,3.0,0
2008-08-12,0.15846399976834766,3.0,0.3278688524590164,2.150678523926422e-10,0.9999999997839322,1,4.646924423252529e-20,0.9803921568627451,0.3333333333333333,0.0016474755338456507,1.0,Katashi,1e-06,0.9803921568627451,3.0,0
2008-08-13,0.1632780263215046,2.5,0.3921568627450981,1.7596479828624006e-11,0.9999999999814035,1,3.272321929264275e-22,0.8196721311479507,0.3333333333333333,0.001598051267830281,0.04329483179486493,Katashi,1e-06,0.9803921568627451,3.0,0
2008-08-14,0.15924799837843318,3.0,0.3278688524590164,1.8676726831563607e-11,0.9999999999803233,1,3.674964388146941e-22,0.9803921568627451,0.3333333333333333,0.0015501097297953726,0.030847362697389302,Katashi,1e-06,0.9803921568627451,3.0,0
2008-08-15,0.16679914288609943,2.0,0.48780487804878053,1.1168732605353072e-11,0.9999999999878313,1,1.3590907354447445e-22,0.6589521054329958,0.3333333333333333,0.0015036064379015115,0.06529797117021863,Katashi,1e-06,0.9803921568627451,3.0,0
2008-08-18,0.17008643530382658,1.0,0.9523809523809523,7.859712880492585e-12,0.9999999999911403,1,6.96346255742096e-23,0.33751205400260365,0.3333333333333333,0.0014584982447644662,0.21261921927841487,Katashi,1e-06,0.9803921568627451,3.0,0
2008-08-19,0.1808698547828983,2.0,0.48780487804878053,6.7454930529880295e-12,0.9999999999922545,1,5.224702035918737e-23,0.6589521054329958,0.3333333333333333,0.0014147432974215323,0.07051212453160405,Katashi,1e-06,0.9803921568627451,3.0,0
2008-08-20,0.18965889183280493,2.0,0.48780487804878053,5.104583422603411e-12,0.9999999999938954,1,3.116124241884772e-23,0.6589521054329958,0.3333333333333333,0.0013723009984988863,1.0,Katashi,1e-06,0.9803921568627451,3.0,0
2008-08-21,0.2031519205432249,2.0,0.48780487804878053,7.791767231386126e-12,0.9999999999912083,1,6.850323145249204e-23,0.6589521054329958,0.3333333333333333,0.0013311319685439197,1.0,Katashi,1e-06,0.9803921568627451,3.0,0
2008-08-22,0.20637044115304987,2.0,0.48780487804878053,5.213496301318469e-12,0.9999999999937865,1,3.2393924653771823e-23,0.6589521054329958,0.3333333333333333,0.001291198009487602,1.0,Katashi,1e-06,0.9803921568627451,3.0,0
2008-08-25,0.20643921296095208,2.0,0.48780487804878053,4.069633519053623e-12,0.9999999999949304,1,2.0631460471214954e-23,0.6589521054329958,0.3333333333333333,0.0012524620692029738,1.0,Katashi,1e-06,0.9803921568627451,3.0,0
2008-08-26,0.2104692409040235,1.0,0.9523809523809523,5.282663195752184e-12,0.9999999999937174,1,3.3189076774011765e-23,0.33751205400260365,0.3333333333333333,0.0012148882071268846,0.21261921927841487,Katashi,1e-06,0.9803921568627451,3.0,0
2008-08-27,0.2256678104504192,2.0,0.48780487804878053,3.316569241453914e-12,0.9999999999956835,1,1.431612740662482e-23,0.6589521054329958,0.3333333333333333,0.001178441560913078,0.07051212453160405,Katashi,1e-06,0.9803921568627451,3.0,0
2008-08-28,0.23353530527443567,1.0,0.9523809523809523,6.952216580171612e-12,0.9999999999920478,1,5.52853781630116e-23,0.33751205400260365,0.3333333333333333,0.0011430883140856856,0.21261921927841487,Katashi,1e-06,0.9803921568627451,3.0,0
2008-08-29,0.221060099320969,1.0,0.9523809523809523,3.958167127381816e-12,0.9999999999950419,1,1.9625166574249123e-23,0.33751205400260365,0.3333333333333333,0.001108795664663115,1.0,Katashi,1e-06,0.9803921568627451,3.0,0
2008-09-02,0.21804789413485073,0.5,1.8181818181818181,8.594236433577813e-12,0.9999999999904058,1,8.24549461909123e-23,0.1767920282871665,0.3333333333333333,0.0010755317947232215,0.5751642667252423,Katashi,1e-06,0.9803921568627451,3.0,0
2008-09-03,0.21454053193183625,0.0,20.0,8.131273432313455e-12,0.9999999999908687,1,7.424870118593994e-23,0.016072002571568628,0.3333333333333333,0.0010432658408815248,0.03410601779815692,Katashi,1e-06,0.9803921568627451,3.0,0
2008-09-04,0.22599791512834985,1.0,0.9523809523809523,1.2186029962804208e-11,0.999999999986814,1,1.606850866422752e-22,0.33751205400260365,0.3333333333333333,0.001011967865655079,0.9064747803035297,Katashi,1e-06,0.9803921568627451,3.0,0
2008-09-05,0.23345277910495305,1.0,0.9523809523809523,3.420130845137858e-11,0.9999999999647987,1,1.203930051667118e-21,0.33751205400260365,0.3333333333333333,0.0009816088296854266,1.0,Katashi,1e-06,0.9803921568627451,3.0,0
2008-09-08,0.25915968089881136,0.0,20.0,3.804978554379635e-11,0.9999999999609502,1,1.485835123774975e-21,0.016072002571568628,0.3333333333333333,0.0009521605647948638,0.06294928022592627,Katashi,1e-06,0.9803921568627451,3.0,0
2008-09-09,0.28555430077169214,1.0,0.9523809523809523,6.886002878770115e-11,0.99999999993014,1,4.8105620702964464e-21,0.33751205400260365,0.3333333333333333,0.0009235957478510179,0.9064747803035297,Katashi,1e-06,0.9803921568627451,3.0,0
2008-09-10,0.2854167571558876,2.0,0.48780487804878053,1.1123102439041534e-11,0.9999999999878769,1,1.3484626424710603e-22,0.6589521054329958,0.3333333333333333,0.0008958878754154873,0.07051212453160405,Katashi,1e-06,0.9803921568627451,3.0,0
2008-09-11,0.28284469154034375,1.0,0.9523809523809523,6.8055561186197836e-12,0.9999999999921945,1,5.312099965189915e-23,0.33751205400260365,0.3333333333333333,0.0008690112391530227,0.21261921927841487,Katashi,1e-06,0.9803921568627451,3.0,0
2008-09-12,0.2963514746123441,3.0,0.3278688524590164,2.1954660311699514e-11,0.9999999999770454,1,5.039612840447357e-22,0.9803921568627451,0.3333333333333333,0.0008429409019784321,0.032793918433997815,Katashi,1e-06,0.9803921568627451,3.0,0
2008-09-15,0.3144247057290537,3.0,0.3278688524590164,1.7236534420479968e-10,0.9999999998266347,1,2.988217341661615e-20,0.9803921568627451,0.3333333333333333,0.000817652674919079,1.0,Katashi,1e-06,0.9803921568627451,3.0,0
2008-09-16,0.2915236936976067,2.0,0.48780487804878053,0.0,0.0,0,0.0,0.6589521054329958,0.0,0.0007931230946715067,0.20727304211252917,Katashi,1e-06,0.9803921568627451,3.0,0
2008-09-17,0.3074649987693467,2.5,0.3921568627450981,1.775868341251871e-11,0.9999999999812413,1,3.331291271090774e-22,0.8196721311479507,0.3333333333333333,0.0007693294018313615,0.23619136938261942,Katashi,1e-06,0.9803921568627451,3.0,0
2008-09-18,0.29697042088346437,3.0,0.3278688524590164,0.4526192158322262,0.8320509507842528,2,0.07601696695579944,0.9803921568627451,0.6666666666666666,0.0007462495197764206,0.17036549593619332,Katashi,1e-06,0.9803921568627451,3.0,0
2008-09-19,0.33170018387409694,3.0,0.3278688524590164,5.2395865423969976e-12,0.9999999999937604,1,3.269273776909705e-23,0.9803921568627451,0.3333333333333333,0.000723862034183128,0.7875663991796131,Katashi,1e-06,0.9803921568627451,3.0,0
2008-09-22,0.3309299396255918,3.0,0.3278688524590164,9.724221428029817e-12,0.9999999999892758,1,1.0428448869343356e-22,0.9803921568627451,0.3333333333333333,0.0007021461731576341,1.0,Katashi,1e-06,0.9803921568627451,3.0,0
2008-09-23,0.3320440429136081,2.0,0.48780487804878053,8.638645354562393e-12,0.9999999999903614,1,8.326464781516698e-23,0.6589521054329958,0.3333333333333333,0.000681081787962905,0.06529797117021863,Katashi,1e-06,0.9803921568627451,3.0,0
2008-09-24,0.326212193603498,2.0,0.48780487804878053,3.663203074140438e-11,0.999999999962368,1,1.3785368966429888e-21,0.6589521054329958,0.3333333333333333,0.0006606493343240178,1.0,Katashi,1e-06,0.9803921568627451,3.0,0
2008-09-25,0.3378208747773965,2.0,0.48780487804878053,0.0,0.0,0,0.0,0.6589521054329958,0.0,0.0006408298542942973,1.0,Katashi,1e-06,0.9803921568627451,3.0,0
2008-09-26,0.3244103722364592,1.0,0.9523809523809523,4.368883033023634e-11,0.9999999999553112,1,1.9524017595259415e-21,0.33751205400260365,0.3333333333333333,0.0006216049586654684,0.7265441216498114,Katashi,1e-06,0.9803921568627451,3.0,0
2008-09-29,0.3394989068902112,1.0,0.9523809523809523,1.092805845754033e-10,0.9999999998897194,1,1.205152433290724e-20,0.33751205400260365,0.3333333333333333,0.0006029568099055043,1.0,Katashi,1e-06,0.9803921568627451,3.0,0
2008-09-30,0.341974691974692,2.0,0.48780487804878053,3.2433611351631074e-11,0.9999999999665664,1,1.0843720391911212e-21,0.6589521054329958,0.3333333333333333,0.0005848681056083391,0.07051212453160405,Katashi,1e-06,0.9803921568627451,3.0,0
2008-10-01,0.3446705468444599,2.0,0.48780487804878053,4.0781378273473686e-11,0.9999999999582186,1,1.703901290038964e-21,0.6589521054329958,0.3333333333333333,0.0005673220624400889,1.0,Katashi,1e-06,0.9803921568627451,3.0,0
2008-10-02,0.357613401091662,2.0,0.48780487804878053,0.0,0.0,0,0.0,0.6589521054329958,0.0,0.0005503024005668862,1.0,Katashi,1e-06,0.9803921568627451,3.0,0
2008-10-03,0.3541610563349694,1.0,0.9523809523809523,0.0,0.0,0,0.0,0.33751205400260365,0.0,0.0005337933285498796,0.030846946422049104,Katashi,1e-06,0.9803921568627451,3.0,0
2008-10-06,0.34859053989488775,1.0,0.9523809523809523,0.0,0.0,0,0.0,0.33751205400260365,0.0,0.0005177795286933832,1.0,Katashi,1e-06,0.9803921568627451,3.0,0
2008-10-07,0.35202913028999994,1.0,0.9523809523809523,0.0,0.0,0,0.0,0.33751205400260365,0.0,0.0005022461428325817,1.0,Katashi,1e-06,0.9803921568627451,3.0,0
2008-10-08,0.3411081671951237,1.5,0.6451612903225806,2.5498569918901314e-10,0.9999999997440143,1,6.527268685773094e-20,0.49823207971788014,0.3333333333333333,0.0004871787585476043,0.14668112436681646,Katashi,1e-06,0.9803921568627451,3.0,0
2008-10-09,0.3571319984363463,1.0,0.9523809523809523,0.0,0.0,0,0.0,0.33751205400260365,0.0,0.00047256339579117615,0.4707401049447827,Katashi,1e-06,0.9803921568627451,3.0,0
2008-10-10,0.3437765133417307,3.0,0.3278688524590164,3.718947372204754e-11,0.9999999999618105,1,1.4202456067768836e-21,0.9803921568627451,0.3333333333333333,0.0004583864939174409,0.009726405165809804,Katashi,1e-06,0.9803921568627451,3.0,0
2008-10-13,0.35123137731833387,3.0,0.3278688524590164,3.371658507884418e-11,0.9999999999652834,1,1.1705239486092252e-21,0.9803921568627451,0.3333333333333333,0.00044463489909991763,1.0,Katashi,1e-06,0.9803921568627451,3.0,0
2008-10-14,0.33418972332015817,2.0,0.48780487804878053,1.0015399620243705e-10,0.999999999898846,1,1.0130974736453884e-20,0.6589521054329958,0.3333333333333333,0.0004312958521269201,0.06529797117021863,Katashi,1e-06,0.9803921568627451,3.0,0
2008-10-15,0.336239123195645,2.0,0.48780487804878053,9.860634530626494e-11,0.9999999999003937,1,9.821815499111757e-21,0.6589521054329958,0.3333333333333333,0.0004183569765631125,1.0,Katashi,1e-06,0.9803921568627451,3.0,0
2008-10-16,0.34528949311558005,1.0,0.9523809523809523,0.531882916448703,0.7760332296486494,2,0.11912409900207327,0.33751205400260365,0.6666666666666666,0.0004058062672662191,0.7970090615790114,Katashi,1e-06,0.9803921568627451,3.0,0
2008-10-17,0.34240107718368595,1.0,0.9523809523809523,0.6531130162532598,0.6405293522491851,2,0.2347749590070478,0.33751205400260365,0.6666666666666666,0.00039363207924823253,0.425283659692554,Katashi,1e-06,0.9803921568627451,3.0,0
2008-10-20,0.3639541617802488,1.0,0.9523809523809523,8.443568066586545e-11,0.9999999999145643,1,7.21381798261949e-21,0.33751205400260365,0.3333333333333333,0.00038182311687078556,0.7059120380746082,Katashi,1e-06,0.9803921568627451,3.0,0
2008-10-21,0.3334882508795553,1.0,0.9523809523809523,4.469813408187746e-11,0.9999999999543019,1,2.04262033573041e-21,0.33751205400260365,0.3333333333333333,0.000370368423364662,1.0,Katashi,1e-06,0.9803921568627451,3.0,0
2008-10-22,0.3482879439401179,2.0,0.48780487804878053,3.6049918599306474e-10,0.9999999996385008,1,1.3032015433634836e-19,0.6589521054329958,0.3333333333333333,0.00035925737066372213,0.07051212453160405,Katashi,1e-06,0.9803921568627451,3.0,0
2008-10-23,0.346238544064631,2.0,0.48780487804878053,4.004496734127031e-11,0.999999999958955,1,1.643643490874828e-21,0.6589521054329958,0.3333333333333333,0.00034847964954381046,1.0,Katashi,1e-06,0.9803921568627451,3.0,0
2008-10-24,0.35542645760037067,2.0,0.48780487804878053,1.6489032361580394e-11,0.999999999982511,1,2.8837685581958035e-22,0.6589521054329958,0.3333333333333333,0.00033802526005749614,1.0,Katashi,1e-06,0.9803921568627451,3.0,0
2008-10-27,0.34486310790658625,2.0,0.48780487804878053,1.2330025889096182e-11,0.99999999998667,1,1.6435929155458577e-22,0.6589521054329958,0.3333333333333333,0.00032788450225577123,1.0,Katashi,1e-06,0.9803921568627451,3.0,0
2008-10-28,0.36153339414208974,1.5,0.6451612903225806,0.0,0.0,0,0.0,0.49823207971788014,0.0,0.00031804796718809807,0.4565398168186472,Katashi,1e-06,0.9803921568627451,3.0,0
2008-10-29,0.35344582953278614,3.0,0.3278688524590164,0.0,0.0,0,0.0,0.9803921568627451,0.0,0.0003085065281724551,0.001698662258502015,Katashi,1e-06,0.9803921568627451,3.0,0
2008-10-30,0.3417958852741462,2.0,0.48780487804878053,0.0,0.0,0,0.0,0.6589521054329958,0.0,0.0002992513323272814,0.0026412457123632382,Katashi,1e-06,0.9803921568627451,3.0,0
2008-10-31,0.323144970971058,1.5,0.6451612903225806,0.0,0.0,0,0.0,0.49823207971788014,0.0,0.00029027379235746297,0.008885133535434853,Katashi,1e-06,0.9803921568627451,3.0,0
2008-11-03,0.3260333869029521,1.0,0.9523809523809523,0.0,0.0,0,0.0,0.33751205400260365,0.0,0.00028156557858673907,0.03788891119591109,Katashi,1e-06,0.9803921568627451,3.0,0
2008-11-04,0.3747650899824813,1.5,0.6451612903225806,2.201450133054456e-10,0.999999999778855,1,4.8683967031956896e-20,0.49823207971788014,0.3333333333333333,0.0002731186112291369,0.14668112436681646,Katashi,1e-06,0.9803921568627451,3.0,0
2008-11-05,0.37974416887460366,2.0,0.48780487804878053,7.049283378990197e-11,0.9999999999285072,1,5.0397308902780235e-21,0.6589521054329958,0.3333333333333333,0.0002649250528922628,0.06759245709200823,Katashi,1e-06,0.9803921568627451,3.0,0
2008-11-06,0.39549291288421734,2.0,0.48780487804878053,0.0,0.0,0,0.0,0.6589521054329958,0.0,0.0002569773013054949,1.0,Katashi,1e-06,0.9803921568627451,3.0,0
2008-11-07,0.39517656256786693,2.0,0.48780487804878053,0.0,0.0,0,0.0,0.6589521054329958,0.0,0.0002492679822663301,1.0,Katashi,1e-06,0.9803921568627451,3.0,0
2008-11-10,0.3748201074288031,3.0,0.3278688524590164,0.0,0.0,0,0.0,0.9803921568627451,0.0,0.00024178994279834017,0.0011941408365824246,Katashi,1e-06,0.9803921568627451,3.0,0
2008-11-11,0.40228756750495887,1.0,0.9523809523809523,0.0,0.0,0,0.0,0.33751205400260365,0.0,0.00023453624451438997,0.024392228145056705,Katashi,1e-06,0.9803921568627451,3.0,0
2008-11-12,0.40352546004719914,1.5,0.6451612903225806,0.0,0.0,0,0.0,0.49823207971788014,0.0,0.00022750015717895827,0.017580289320236364,Katashi,1e-06,0.9803921568627451,3.0,0
2008-11-13,0.428819730993644,1.0,0.9523809523809523,0.0,0.0,0,0.0,0.33751205400260365,0.0,0.0002206751524635895,0.03788891119591109,Katashi,1e-06,0.9803921568627451,3.0,0
2008-11-14,0.41736234779713055,1.5,0.6451612903225806,0.0,0.0,0,0.0,0.49823207971788014,0.0,0.0002140548978896818,0.017580289320236364,Katashi,1e-06,0.9803921568627451,3.0,0
2008-11-17,0.4163857881249187,1.0,0.9523809523809523,0.0,0.0,0,0.0,0.33751205400260365,0.0,0.00020763325095299133,0.03788891119591109,Katashi,1e-06,0.9803921568627451,3.0,0
2008-11-18,0.4231254252993384,2.0,0.48780487804878053,0.0,0.0,0,0.0,0.6589521054329958,0.0,0.00020140425342440158,0.00820492412620688,Katashi,1e-06,0.9803921568627451,3.0,0
2008-11-19,0.38840941667028633,1.5,0.6451612903225806,0.0,0.0,0,0.0,0.49823207971788014,0.0,0.00019536212582166952,0.008885133535434853,Katashi,1e-06,0.9803921568627451,3.0,0
2008-11-20,0.39598806990111335,2.0,0.48780487804878053,0.0,0.0,0,0.0,0.6589521054329958,0.0,0.00018950126204701943,0.005089539981662727,Katashi,1e-06,0.9803921568627451,3.0,0
2008-11-21,0.38465447595882385,3.0,0.3278688524590164,0.0,0.0,0,0.0,0.9803921568627451,0.0,0.00018381622418560886,0.0011941408365824246,Katashi,1e-06,0.9803921568627451,3.0,0
2008-11-24,0.38981236155149196,3.0,0.3278688524590164,2.3211643715495714e-10,0.9999999997668836,1,5.411015170615813e-20,0.9803921568627451,0.3333333333333333,0.00017830173746004058,0.7571163687425386,Katashi,1e-06,0.9803921568627451,3.0,0
2008-11-25,0.3969508752117448,1.0,0.9523809523809523,0.6310193563586891,0.6743991544002655,2,0.20546043602018935,0.33751205400260365,0.6666666666666666,0.00017295268533623937,0.9254254857855186,Katashi,1e-06,0.9803921568627451,3.0,0
2008-11-26,0.3889045736871824,1.0,0.9523809523809523,0.6928421410279744,0.5123492615424139,2,0.3378649817068267,0.33751205400260365,0.6666666666666666,0.00016776410477615218,0.289154829594777,Katashi,1e-06,0.9803921568627451,3.0,0
2008-11-28,0.38387047734873825,2.0,0.48780487804878053,2.2976842650447908e-11,0.9999999999760232,1,5.509116325532006e-22,0.6589521054329958,0.3333333333333333,0.0001627311816328676,0.7058261836842894,Katashi,1e-06,0.9803921568627451,3.0,0
2008-12-01,0.39294835599183425,1.0,0.9523809523809523,5.567035721138381e-11,0.9999999999433297,1,3.1548577978197616e-21,0.33751205400260365,0.3333333333333333,0.00015784924618388158,0.21261921927841487,Katashi,1e-06,0.9803921568627451,3.0,0
2008-12-02,0.42074592074592077,2.0,0.48780487804878053,1.5724643809139047e-11,0.9999999999832754,1,2.6298871887945603e-22,0.6589521054329958,0.3333333333333333,0.00015311376879836513,0.07051212453160405,Katashi,1e-06,0.9803921568627451,3.0,0
2008-12-03,0.4302364302364302,2.0,0.48780487804878053,9.949818746631204e-12,0.9999999999890502,1,1.089484917309309e-22,0.6589521054329958,0.3333333333333333,0.00014852035573441417,1.0,Katashi,1e-06,0.9803921568627451,3.0,0
2008-12-04,0.4215436737175868,1.0,0.9523809523809523,1.4603207531983304e-11,0.9999999999843968,1,2.2785655470785767e-22,0.33751205400260365,0.3333333333333333,0.00014406474506238175,0.21261921927841487,Katashi,1e-06,0.9803921568627451,3.0,0
2008-12-05,0.3916141829185308,2.0,0.48780487804878053,1.1151080059261747e-11,0.9999999999878489,1,1.3549741986707225e-22,0.6589521054329958,0.3333333333333333,0.0001397428027105103,0.07051212453160405,Katashi,1e-06,0.9803921568627451,3.0,0
2008-12-08,0.4016686212338387,1.0,0.9523809523809523,0.0,0.0,0,0.0,0.33751205400260365,0.0,0.000135550518629195,0.22879491661612328,Katashi,1e-06,0.9803921568627451,3.0,0
2008-12-09,0.3858786141394837,1.0,0.9523809523809523,0.0,0.0,0,0.0,0.33751205400260365,0.0,0.00013148400307031914,1.0,Katashi,1e-06,0.9803921568627451,3.0,0
2008-12-10,0.39076141250054297,2.0,0.48780487804878053,0.0,0.0,0,0.0,0.6589521054329958,0.0,0.00012753948297820956,0.00820492412620688,Katashi,1e-06,0.9803921568627451,3.0,0
2008-12-11,0.3940899680030115,2.0,0.48780487804878053,0.0,0.0,0,0.0,0.6589521054329958,0.0,0.00012371329848886328,1.0,Katashi,1e-06,0.9803921568627451,3.0,0
2008-12-12,0.3939111613024656,1.0,0.9523809523809523,0.0,0.0,0,0.0,0.33751205400260365,0.0,0.00012000189953419738,0.030846946422049104,Katashi,1e-06,0.9803921568627451,3.0,0
2008-12-15,0.37680073549638765,1.0,0.9523809523809523,0.0,0.0,0,0.0,0.33751205400260365,0.0,0.00011640184254817145,1.0,Katashi,1e-06,0.9803921568627451,3.0,0
2008-12-16,0.4283658370614893,1.0,0.9523809523809523,0.0,0.0,0,0.0,0.33751205400260365,0.0,0.0001129097872717263,1.0,Katashi,1e-06,0.9803921568627451,3.0,0
2008-12-17,0.4226577770056031,2.0,0.48780487804878053,0.0,0.0,0,0.0,0.6589521054329958,0.0,0.0001095224936535745,0.00820492412620688,Katashi,1e-06,0.9803921568627451,3.0,0
2008-12-18,0.41041639519900397,2.0,0.48780487804878053,0.0,0.0,0,0.0,0.6589521054329958,0.0,0.00010623681884396727,1.0,Katashi,1e-06,0.9803921568627451,3.0,0
2008-12-19,0.42374437157045863,1.0,0.9523809523809523,0.0,0.0,0,0.0,0.33751205400260365,0.0,0.00010304971427864825,0.030846946422049104,Katashi,1e-06,0.9803921568627451,3.0,0
2008-12-22,0.4103751321142626,1.0,0.9523809523809523,0.0,0.0,0,0.0,0.33751205400260365,0.0,9.995822285028881e-05,1.0,Katashi,1e-06,0.9803921568627451,3.0,0
2008-12-23,0.3986976791324618,1.5,0.6451612903225806,1.725978249061159e-10,0.9999999998264022,1,2.996260317166821e-20,0.49823207971788014,0.3333333333333333,9.695947616478014e-05,0.14668112436681646,Katashi,1e-06,0.9803921568627451,3.0,0
2008-12-24,0.41715951029827497,2.0,0.48780487804878053,2.3116730751547314e-11,0.9999999999758833,1,5.574994600159437e-22,0.6589521054329958,0.3333333333333333,9.405069187983673e-05,0.06759245709200823,Katashi,1e-06,0.9803921568627451,3.0,0
2008-12-26,0.4106228475643124,2.0,0.48780487804878053,1.275890504350307e-11,0.9999999999862411,1,1.7554828070490603e-22,0.6589521054329958,0.3333333333333333,9.122917112344162e-05,1.0,Katashi,1e-06,0.9803921568627451,3.0,0
2008-12-29,0.3960985602942267,3.0,0.3278688524590164,1.9808155115936202e-11,0.9999999999791919,1,4.121707260267405e-22,0.9803921568627451,0.3333333333333333,8.849229598973837e-05,0.031102950540297325,Katashi,1e-06,0.9803921568627451,3.0,0
2008-12-30,0.4151071035378636,2.0,0.48780487804878053,4.8862136557837614e-11,0.9999999999501379,1,2.436369444700816e-21,0.6589521054329958,0.3333333333333333,8.583752711004622e-05,0.06529797117021863,Katashi,1e-06,0.9803921568627451,3.0,0
2008-12-31,0.4245155258485499,2.0,0.48780487804878053,0.0,0.0,0,0.0,0.6589521054329958,0.0,8.326240129674482e-05,1.0,Katashi,1e-06,0.9803921568627451,3.0,0
2009-01-02,0.4060463542320225,2.0,0.48780487804878053,2.589359837319129e-10,0.999999999740064,1,6.730677393558359e-20,0.6589521054329958,0.3333333333333333,8.076452925784247e-05,0.6511466998765344,Katashi,1e-06,0.9803921568627451,3.0,0
2009-01-05,0.3798834296004039,2.0,0.48780487804878053,2.8333779766423962e-11,0.9999999999706662,1,8.311362288388698e-22,0.6589521054329958,0.3333333333333333,7.834159338010719e-05,1.0,Katashi,1e-06,0.9803921568627451,3.0,0
2009-01-06,0.3606636109327743,2.0,0.48780487804878053,1.684119510498527e-11,0.9999999999821588,1,3.004666751156324e-22,0.6589521054329958,0.3333333333333333,7.599134557870397e-05,1.0,Katashi,1e-06,0.9803921568627451,3.0,0
2009-01-07,0.4034972413652349,2.0,0.48780487804878053,1.1634027074967706e-11,0.999999999987366,1,1.469843556922812e-22,0.6589521054329958,0.3333333333333333,7.371160521134285e-05,1.0,Katashi,1e-06,0.9803921568627451,3.0,0
2009-01-08,0.40858818103619543,2.0,0.48780487804878053,1.1033884916235873e-10,0.9999999998886612,1,1.2284998043434815e-20,0.6589521054329958,0.3333333333333333,7.150025705500256e-05,1.0,Katashi,1e-06,0.9803921568627451,3.0,0
2009-01-09,0.3795515699351882,2.0,0.48780487804878053,1.7181367439724292e-11,0.9999999999818187,1,3.1238037445997173e-22,0.6589521054329958,0.3333333333333333,6.935524934335247e-05,1.0,Katashi,1e-06,0.9803921568627451,3.0,0
2009-01-12,0.41197350605875965,2.0,0.48780487804878053,0.0,0.0,0,0.0,0.6589521054329958,0.0,6.72745918630519e-05,1.0,Katashi,1e-06,0.9803921568627451,3.0,0
2009-01-13,0.40806113802548893,1.5,0.6451612903225806,2.7143398639455077e-11,0.9999999999718566,1,7.639068878918949e-22,0.49823207971788014,0.3333333333333333,6.525635410716034e-05,0.8810311289962568,Katashi,1e-06,0.9803921568627451,3.0,0
2009-01-14,0.4280917812616113,1.0,0.9523809523809523,0.6887573713911688,0.5468154991987292,2,0.3121341655271023,0.33751205400260365,0.6666666666666666,6.329866348394554e-05,0.2658130046864151,Katashi,1e-06,0.9803921568627451,3.0,0
2009-01-15,0.4160356579437135,1.0,0.9523809523809523,3.452715890909454e-11,0.9999999999644729,1,1.2266510974645876e-21,0.33751205400260365,0.3333333333333333,6.139970357942717e-05,0.765463280718795,Katashi,1e-06,0.9803921568627451,3.0,0
2009-01-16,0.3990757958756783,1.0,0.9523809523809523,0.43397184559837443,0.8481694095107266,3,0.06589020157292097,0.33751205400260365,1.0,5.955771247204435e-05,0.09373111505534715,Katashi,1e-06,0.9803921568627451,3.0,0
2009-01-20,0.3516013125374533,1.0,0.9523809523809523,0.0,0.0,0,0.0,0.33751205400260365,0.0,5.777098109788302e-05,1.0,Katashi,1e-06,0.9803921568627451,3.0,0
2009-01-21,0.35928243391673054,0.5,1.8181818181818181,0.0,0.0,0,0.0,0.1767920282871665,0.0,5.6037851664946526e-05,0.34010269420659744,Katashi,1e-06,0.9803921568627451,3.0,0
2009-01-22,0.3613857984403291,1.0,0.9523809523809523,0.5256104930773717,0.7810227160450508,2,0.11509675819230449,0.33751205400260365,0.6666666666666666,5.435671611499813e-05,0.0525200791758057,Katashi,1e-06,0.9803921568627451,3.0,0
2009-01-23,0.3739386715694629,1.0,0.9523809523809523,0.6240621155565709,0.6836829587846026,2,0.19740148192747592,0.33751205400260365,0.6666666666666666,5.272601463154819e-05,0.49153895497755695,Katashi,1e-06,0.9803921568627451,3.0,0
2009-01-26,0.3694696607740086,1.0,0.9523809523809523,1.3826673138791003e-10,0.9999999998607333,1,1.925595268272723e-20,0.33751205400260365,0.3333333333333333,5.114423419260174e-05,0.6673346855115186,Katashi,1e-06,0.9803921568627451,3.0,0
2009-01-27,0.3706112727851858,1.0,0.9523809523809523,0.6931471805622579,0.4999999999929729,2,0.3465735902859997,0.33751205400260365,0.6666666666666666,4.960990716682368e-05,0.12116234120618075,Katashi,1e-06,0.9803921568627451,3.0,0
2009-01-28,0.3886294864555734,1.0,0.9523809523809523,0.6606199202719403,0.6268326183569656,2,0.2465218059091101,0.33751205400260365,0.6666666666666666,4.812160995181897e-05,0.40649806794518484,Katashi,1e-06,0.9803921568627451,3.0,0
2009-01-29,0.4093435549957289,0.5,1.8181818181818181,0.6444111001404293,0.6548209375125942,2,0.2224372194029512,0.1767920282871665,0.6666666666666666,4.66779616532644e-05,0.6530882460291145,Katashi,1e-06,0.9803921568627451,3.0,0
2009-01-30,0.40739043565130534,2.0,0.48780487804878053,0.17331862382779767,0.958297156103991,2,0.007227879513761748,0.6589521054329958,0.6666666666666666,4.527762280366647e-05,0.3931110782634395,Katashi,1e-06,0.9803921568627451,3.0,0
2009-02-02,0.3863049993484776,1.0,0.9523809523809523,2.3722579456070466e-11,0.9999999999752774,1,5.864828307286216e-22,0.33751205400260365,0.3333333333333333,4.391929411955647e-05,0.02083548933032564,Katashi,1e-06,0.9803921568627451,3.0,0
2009-02-03,0.372303059259581,2.0,0.48780487804878053,0.0,0.0,0,0.0,0.6589521054329958,0.0,4.2601715295969775e-05,0.21077749137231983,Katashi,1e-06,0.9803921568627451,3.0,0
2009-02-04,0.37059751842360544,1.0,0.9523809523809523,0.0,0.0,0,0.0,0.33751205400260365,0.0,4.132366383709068e-05,0.030846946422049104,Katashi,1e-06,0.9803921568627451,3.0,0
2009-02-05,0.3818898492811537,1.0,0.9523809523809523,0.0,0.0,0,0.0,0.33751205400260365,0.0,4.008395392197796e-05,1.0,Katashi,1e-06,0.9803921568627451,3.0,0
2009-02-06,0.3871165066817241,1.0,0.9523809523809523,0.0,0.0,0,0.0,0.33751205400260365,0.0,3.8881435304318615e-05,1.0,Katashi,1e-06,0.9803921568627451,3.0,0
2009-02-09,0.36852060982495777,1.0,0.9523809523809523,0.0,0.0,0,0.0,0.33751205400260365,0.0,3.7714992245189054e-05,1.0,Katashi,1e-06,0.9803921568627451,3.0,0
2009-02-10,0.36625114016418375,2.0,0.48780487804878053,0.0,0.0,0,0.0,0.6589521054329958,0.0,3.6583542477833384e-05,0.00820492412620688,Katashi,1e-06,0.9803921568627451,3.0,0
2009-02-11,0.3771445945358989,1.0,0.9523809523809523,0.0,0.0,0,0.0,0.33751205400260365,0.0,3.548603620349838e-05,0.030846946422049104,Katashi,1e-06,0.9803921568627451,3.0,0
2009-02-12,0.34991095860661087,2.0,0.48780487804878053,3.5067837522067644e-11,0.9999999999639322,1,1.264820290258108e-21,0.6589521054329958,0.3333333333333333,3.442145511739343e-05,0.04908490860651604,Katashi,1e-06,0.9803921568627451,3.0,0
2009-02-13,0.3721655156437765,1.0,0.9523809523809523,1.4754752974842263e-11,0.9999999999842453,1,2.3245716192476685e-22,0.33751205400260365,0.3333333333333333,3.338881146387163e-05,0.21261921927841487,Katashi,1e-06,0.9803921568627451,3.0,0
2009-02-17,0.34944331031287557,0.0,20.0,0.0,0.0,0,0.0,0.016072002571568628,0.0,3.238714711995548e-05,0.0633150104575092,Katashi,1e-06,0.9803921568627451,3.0,0
2009-02-18,0.3602584215430939,0.5,1.8181818181818181,0.0,0.0,0,0.0,0.1767920282871665,0.0,3.141553270635681e-05,0.6158920979183521,Katashi,1e-06,0.9803921568627451,3.0,0
2009-02-19,0.38935682820717493,2.0,0.48780487804878053,0.0,0.0,0,0.0,0.6589521054329958,0.0,3.0473066725166107e-05,0.020775610533476985,Katashi,1e-06,0.9803921568627451,3.0,0
2009-02-20,0.35836017202015075,2.0,0.48780487804878053,0.0,0.0,0,0.0,0.6589521054329958,0.0,2.9558874723411123e-05,1.0,Katashi,1e-06,0.9803921568627451,3.0,0
2009-02-23,0.35172344975356906,2.0,0.48780487804878053,0.0,0.0,0,0.0,0.6589521054329958,0.0,2.8672108481708787e-05,1.0,Katashi,1e-06,0.9803921568627451,3.0,0
2009-02-24,0.36430238643636526,3.0,0.3278688524590164,0.0,0.0,0,0.0,0.9803921568627451,0.0,2.7811945227257524e-05,0.0011941408365824246,Katashi,1e-06,0.9803921568627451,3.0,0
2009-02-25,0.3492059470552305,2.0,0.48780487804878053,0.0,0.0,0,0.0,0.6589521054329958,0.0,2.6977586870439797e-05,0.0026412457123632382,Katashi,1e-06,0.9803921568627451,3.0,0
2009-02-26,0.3473624119591982,3.0,0.3278688524590164,3.8922531863419725e-11,0.9999999999600775,1,1.553885157519985e-21,0.9803921568627451,0.3333333333333333,2.6168259264326602e-05,0.08250437419014212,Katashi,1e-06,0.9803921568627451,3.0,0
2009-02-27,0.3478368772183278,2.0,0.48780487804878053,0.189249581437246,0.9531115207508903,2,0.008873625072122998,0.6589521054329958,0.6666666666666666,2.5383211486396803e-05,0.7275351872455056,Katashi,1e-06,0.9803921568627451,3.0,0
2009-03-02,0.3352098954491741,3.0,0.3278688524590164,0.224139758740184,0.9410243053145008,2,0.01321879797834255,0.9803921568627451,0.6666666666666666,2.46217151418049e-05,0.10686065790140675,Katashi,1e-06,0.9803921568627451,3.0,0
2009-03-03,0.3162760824238361,2.0,0.48780487804878053,7.163947212965219e-11,0.9999999999273605,1,5.20385185454548e-21,0.6589521054329958,0.3333333333333333,2.3883063687550752e-05,0.047005896969340655,Katashi,1e-06,0.9803921568627451,3.0,0
2009-03-04,0.3145285636880983,2.0,0.48780487804878053,0.2777116291723826,0.9204325631515783,2,0.022096802516245864,0.6589521054329958,0.6666666666666666,2.316657177692423e-05,0.40348008117079504,Katashi,1e-06,0.9803921568627451,3.0,0
2009-03-05,0.31663915794350583,2.0,0.48780487804878053,0.0,0.0,0,0.0,0.6589521054329958,0.0,2.2471574623616504e-05,1.0,Katashi,1e-06,0.9803921568627451,3.0,0
2009-03-06,0.3167904559208908,1.0,0.9523809523809523,0.0,0.0,0,0.0,0.33751205400260365,0.0,2.1797427384908007e-05,0.030846946422049104,Katashi,1e-06,0.9803921568627451,3.0,0
2009-03-09,0.30155062328975374,1.0,0.9523809523809523,0.0,0.0,0,0.0,0.33751205400260365,0.0,2.1143504563360766e-05,1.0,Katashi,1e-06,0.9803921568627451,3.0,0
2009-03-10,0.3101883623622754,0.0,20.0,0.0,0.0,0,0.0,0.016072002571568628,0.0,2.050919942645994e-05,0.042720558398495534,Katashi,1e-06,0.9803921568627451,3.0,0
2009-03-11,0.30156437765133415,1.0,0.9523809523809523,0.0,0.0,0,0.0,0.33751205400260365,0.0,1.9893923443666143e-05,0.884883839592431,Katashi,1e-06,0.9803921568627451,3.0,0
2009-03-12,0.33156264025829246,1.0,0.9523809523809523,0.0,0.0,0,0.0,0.33751205400260365,0.0,1.9297105740356157e-05,1.0,Katashi,1e-06,0.9803921568627451,3.0,0
2009-03-13,0.3523867436910915,1.0,0.9523809523809523,0.0,0.0,0,0.0,0.33751205400260365,0.0,1.871819256814547e-05,1.0,Katashi,1e-06,0.9803921568627451,3.0,0
2009-03-16,0.3173956478304304,1.0,0.9523809523809523,2.115108088448079e-10,0.9999999997874892,1,4.494832839282266e-20,0.33751205400260365,0.3333333333333333,1.8156646791101106e-05,0.41695817530480817,Katashi,1e-06,0.9803921568627451,3.0,0
2009-03-17,0.32960952091386886,2.0,0.48780487804878053,0.0,0.0,0,0.0,0.6589521054329958,0.0,1.7611947387368074e-05,0.21077749137231983,Katashi,1e-06,0.9803921568627451,3.0,0
2009-03-18,0.37381603903343047,1.5,0.6451612903225806,0.0,0.0,0,0.0,0.49823207971788014,0.0,1.708358896574703e-05,0.008885133535434853,Katashi,1e-06,0.9803921568627451,3.0,0
2009-03-19,0.3666362622884362,1.0,0.9523809523809523,0.0,0.0,0,0.0,0.33751205400260365,0.0,1.657108129677462e-05,0.03788891119591109,Katashi,1e-06,0.9803921568627451,3.0,0
2009-03-20,0.37480635306722265,0.0,20.0,0.0,0.0,0,0.0,0.016072002571568628,0.0,1.607394885787138e-05,0.042720558398495534,Katashi,1e-06,0.9803921568627451,3.0,0
2009-03-23,0.3811883768405508,0.0,20.0,0.0,0.0,0,0.0,0.016072002571568628,0.0,1.559173039213524e-05,1.0,Katashi,1e-06,0.9803921568627451,3.0,0
2009-03-24,0.38591987722422505,1.0,0.9523809523809523,0.0,0.0,0,0.0,0.33751205400260365,0.0,1.5123978480371181e-05,0.884883839592431,Katashi,1e-06,0.9803921568627451,3.0,0
2009-03-25,0.40540980758372064,1.0,0.9523809523809523,2.1203472309001703e-10,0.9999999997869653,1,4.5170753833188786e-20,0.33751205400260365,0.3333333333333333,1.4670259125960046e-05,0.41695817530480817,Katashi,1e-06,0.9803921568627451,3.0,0
2009-03-26,0.4010496749627184,2.0,0.48780487804878053,4.179889767549961e-11,0.9999999999572011,1,1.788945819937132e-21,0.6589521054329958,0.3333333333333333,1.4230151352181243e-05,0.07051212453160405,Katashi,1e-06,0.9803921568627451,3.0,0
2009-03-27,0.40027943071421335,1.0,0.9523809523809523,0.0,0.0,0,0.0,0.33751205400260365,0.0,1.3803246811615806e-05,0.22879491661612328,Katashi,1e-06,0.9803921568627451,3.0,0
2009-03-30,0.4161382096164705,2.0,0.48780487804878053,8.148659524580124e-11,0.9999999999175134,1,6.7215499976523634e-21,0.6589521054329958,0.3333333333333333,1.3389149407267332e-05,0.04908490860651604,Katashi,1e-06,0.9803921568627451,3.0,0
2009-03-31,0.42078718383066205,1.5,0.6451612903225806,3.2109515041653684e-10,0.9999999996779049,1,1.0342318368491379e-19,0.49823207971788014,0.3333333333333333,1.2987474925049311e-05,0.11046717920386218,Katashi,1e-06,0.9803921568627451,3.0,0
2009-04-01,0.41956304565000213,1.0,0.9523809523809523,0.0,0.0,0,0.0,0.33751205400260365,0.0,1.2597850677297831e-05,0.4707401049447827,Katashi,1e-06,0.9803921568627451,3.0,0
2009-04-02,0.40364924930142326,1.0,0.9523809523809523,1.5822743114466665e-10,0.9999999998407726,1,2.5194143899527666e-20,0.33751205400260365,0.3333333333333333,1.2219915156978896e-05,0.41695817530480817,Katashi,1e-06,0.9803921568627451,3.0,0
2009-04-03,0.4129471977298064,2.0,0.48780487804878053,0.0,0.0,0,0.0,0.6589521054329958,0.0,1.1853317702269528e-05,0.21077749137231983,Katashi,1e-06,0.9803921568627451,3.0,0
2009-04-06,0.43119923554706174,1.0,0.9523809523809523,0.0,0.0,0,0.0,0.33751205400260365,0.0,1.1497718171201441e-05,0.030846946422049104,Katashi,1e-06,0.9803921568627451,3.0,0
2009-04-07,0.4314468140555097,2.0,0.48780487804878053,0.0,0.0,0,0.0,0.6589521054329958,0.0,1.1152786626065398e-05,0.00820492412620688,Katashi,1e-06,0.9803921568627451,3.0,0
2009-04-08,0.4290398007789312,2.0,0.48780487804878053,0.0,0.0,0,0.0,0.6589521054329958,0.0,1.0818203027283437e-05,1.0,Katashi,1e-06,0.9803921568627451,3.0,0
2009-04-09,0.43657719092501707,2.0,0.48780487804878053,3.5542901954287494e-11,0.9999999999634571,1,1.298839995039966e-21,0.6589521054329958,0.3333333333333333,1.0493656936464933e-05,0.6511466998765344,Katashi,1e-06,0.9803921568627451,3.0,0
2009-04-13,0.4386153217812348,2.0,0.48780487804878053,0.0,0.0,0,0.0,0.6589521054329958,0.0,1.0178847228370984e-05,1.0,Katashi,1e-06,0.9803921568627451,3.0,0
2009-04-14,0.42329946915687,2.0,0.48780487804878053,0.0,0.0,0,0.0,0.6589521054329958,0.0,9.873481811519854e-06,1.0,Katashi,1e-06,0.9803921568627451,3.0,0
2009-04-15,0.41802255715299197,2.0,0.48780487804878053,0.0,0.0,0,0.0,0.6589521054329958,0.0,9.577277357174257e-06,1.0,Katashi,1e-06,0.9803921568627451,3.0,0
2009-04-16,0.4171285236502628,1.0,0.9523809523809523,0.0,0.0,0,0.0,0.33751205400260365,0.0,9.28995903645903e-06,0.030846946422049104,Katashi,1e-06,0.9803921568627451,3.0,0
2009-04-17,0.42030578117534645,1.0,0.9523809523809523,0.0,0.0,0,0.0,0.33751205400260365,0.0,9.011260265365258e-06,1.0,Katashi,1e-06,0.9803921568627451,3.0,0
2009-04-20,0.39188927015013975,1.0,0.9523809523809523,0.0,0.0,0,0.0,0.33751205400260365,0.0,8.7409224574043e-06,1.0,Katashi,1e-06,0.9803921568627451,3.0,0
2009-04-21,0.4164270512096599,1.0,0.9523809523809523,0.0,0.0,0,0.0,0.33751205400260365,0.0,8.47869478368217e-06,1.0,Katashi,1e-06,0.9803921568627451,3.0,0
2009-04-22,0.3941312310877529,2.0,0.48780487804878053,2.042144231472619e-11,0.9999999999785786,1,4.374562967756595e-22,0.6589521054329958,0.3333333333333333,8.224333940171705e-06,0.04908490860651604,Katashi,1e-06,0.9803921568627451,3.0,0
2009-04-23,0.37825869782391525,1.0,0.9523809523809523,1.0309864073513134e-11,0.9999999999886902,1,1.1660293321655668e-22,0.33751205400260365,0.3333333333333333,7.977603921966553e-06,0.21261921927841487,Katashi,1e-06,0.9803921568627451,3.0,0
2009-04-24,0.3552476508998248,1.5,0.6451612903225806,4.734435066195576e-12,0.9999999999942656,1,2.714920572844589e-23,0.49823207971788014,0.3333333333333333,7.738275804307557e-06,0.1182711449339966,Katashi,1e-06,0.9803921568627451,3.0,0
2009-04-27,0.3832240223544572,1.0,0.9523809523809523,9.689804514266805e-12,0.9999999999893102,1,1.0358190168437746e-22,0.33751205400260365,0.3333333333333333,7.50612753017833e-06,0.21834040820826173,Katashi,1e-06,0.9803921568627451,3.0,0
2009-04-28,0.4063038410864498,2.0,0.48780487804878053,9.236722497922019e-12,0.9999999999897633,1,9.455356066983021e-23,0.6589521054329958,0.3333333333333333,7.280943704272979e-06,0.07051212453160405,Katashi,1e-06,0.9803921568627451,3.0,0
2009-04-29,0.40435072174202613,3.0,0.3278688524590164,1.999400645025457e-11,0.999999999979006,1,4.1975385808565725e-22,0.9803921568627451,0.3333333333333333,7.06251539314479e-06,0.031102950540297325,Katashi,1e-06,0.9803921568627451,3.0,0
2009-04-30,0.3796891514282819,2.5,0.3921568627450981,1.5867751557010826e-11,0.9999999999831323,1,2.6765294001232085e-22,0.8196721311479507,0.3333333333333333,6.8506399313504465e-06,0.04329483179486493,Katashi,1e-06,0.9803921568627451,3.0,0
2009-05-01,0.3575858923685011,2.0,0.48780487804878053,0.0,0.0,0,0.0,0.6589521054329958,0.0,6.645120733409933e-06,0.4537510699989802,Katashi,1e-06,0.9803921568627451,3.0,0
2009-05-04,0.3843243712808931,2.0,0.48780487804878053,1.184670139693064e-10,0.999999999880533,1,1.4152897792924364e-20,0.6589521054329958,0.3333333333333333,6.4457671114076354e-06,0.6511466998765344,Katashi,1e-06,0.9803921568627451,3.0,0
2009-05-05,0.3933747412008282,2.0,0.48780487804878053,0.6914737181513333,0.5289182357604023,2,0.3257406590720444,0.6589521054329958,0.6666666666666666,6.252394098065406e-06,0.2778400122229947,Katashi,1e-06,0.9803921568627451,3.0,0
2009-05-06,0.41468024728894304,2.0,0.48780487804878053,0.39346105917523405,0.8662460255721212,2,0.05262698044729038,0.6589521054329958,0.6666666666666666,6.0648222751234436e-06,0.8861704880651855,Katashi,1e-06,0.9803921568627451,3.0,0
2009-05-07,0.4113241830633135,1.0,0.9523809523809523,0.6851331160804648,0.5632164262005614,2,0.299254890969971,0.33751205400260365,0.6666666666666666,5.88287760686974e-06,0.7049972622021208,Katashi,1e-06,0.9803921568627451,3.0,0
2009-05-08,0.4243083003952569,2.0,0.48780487804878053,0.537122843250173,0.7717748643160159,2,0.12258493377973803,0.6589521054329958,0.6666666666666666,5.706391278663647e-06,0.6316574056793007,Katashi,1e-06,0.9803921568627451,3.0,0
2009-05-11,0.4271141901576684,2.5,0.3921568627450981,3.046098928182617e-10,0.9999999996943901,1,9.309178997130108e-20,0.8196721311479507,0.3333333333333333,5.535199540303737e-06,0.7726116140457987,Katashi,1e-06,0.9803921568627451,3.0,0
2009-05-12,0.403580477493521,2.0,0.48780487804878053,2.2352786288320877e-11,0.9999999999766472,1,5.219993466636683e-22,0.6589521054329958,0.3333333333333333,5.369143554094625e-06,0.06570310024921278,Katashi,1e-06,0.9803921568627451,3.0,0
2009-05-13,0.41439140569575356,2.0,0.48780487804878053,4.2548065062107555e-10,0.9999999995735194,1,1.8145925532988518e-19,0.6589521054329958,0.3333333333333333,5.208069247471786e-06,1.0,Katashi,1e-06,0.9803921568627451,3.0,0
2009-05-14,0.4278569256830126,1.0,0.9523809523809523,3.5643377138012394e-11,0.9999999999633566,1,1.3060929224716958e-21,0.33751205400260365,0.3333333333333333,5.051827170047632e-06,0.21261921927841487,Katashi,1e-06,0.9803921568627451,3.0,0
2009-05-15,0.4406072188680885,1.0,0.9523809523809523,2.4682256238532266e-11,0.9999999999743178,1,6.338954832572604e-22,0.33751205400260365,0.3333333333333333,4.9002723549462025e-06,1.0,Katashi,1e-06,0.9803921568627451,3.0,0
2009-05-18,0.4408272886533756,1.0,0.9523809523809523,2.924382957968209e-11,0.9999999999697562,1,8.84444751154718e-22,0.33751205400260365,0.3333333333333333,4.753264184297816e-06,1.0,Katashi,1e-06,0.9803921568627451,3.0,0
2009-05-19,0.4342389494563408,1.0,0.9523809523809523,0.0,0.0,0,0.0,0.33751205400260365,0.0,4.610666258768881e-06,1.0,Katashi,1e-06,0.9803921568627451,3.0,0
2009-05-20,0.4203607986216683,1.0,0.9523809523809523,1.4366730026812995e-10,0.9999999998553327,1,2.078395728993664e-20,0.33751205400260365,0.3333333333333333,4.472346271005815e-06,0.41695817530480817,Katashi,1e-06,0.9803921568627451,3.0,0
2009-05-21,0.4044607566346696,1.0,0.9523809523809523,0.0,0.0,0,0.0,0.33751205400260365,0.0,4.33817588287564e-06,1.0,Katashi,1e-06,0.9803921568627451,3.0,0
2009-05-22,0.40917850265676353,1.0,0.9523809523809523,0.0,0.0,0,0.0,0.33751205400260365,0.0,4.208030606389371e-06,1.0,Katashi,1e-06,0.9803921568627451,3.0,0
2009-05-26,0.4015310776180341,1.0,0.9523809523809523,0.0,0.0,0,0.0,0.33751205400260365,0.0,4.08178968819769e-06,1.0,Katashi,1e-06,0.9803921568627451,3.0,0
2009-05-27,0.4179400309835093,1.0,0.9523809523809523,0.0,0.0,0,0.0,0.33751205400260365,0.0,3.959335997551759e-06,1.0,Katashi,1e-06,0.9803921568627451,3.0,0
2009-05-28,0.453316248968423,1.0,0.9523809523809523,0.0,0.0,0,0.0,0.33751205400260365,0.0,3.840555917625206e-06,1.0,Katashi,1e-06,0.9803921568627451,3.0,0
2009-05-29,0.44972636059592574,0.5,1.8181818181818181,2.531863607623086e-11,0.9999999999736814,1,6.663514087538246e-22,0.1767920282871665,0.3333333333333333,3.72533924009645e-06,0.609656921231308,Katashi,1e-06,0.9803921568627451,3.0,0
2009-06-01,0.411461726679118,1.0,0.9523809523809523,1.3466006087876854e-11,0.999999999985534,1,1.9479902815679776e-22,0.33751205400260365,0.3333333333333333,3.6135790628935567e-06,0.2759682054892393,Katashi,1e-06,0.9803921568627451,3.0,0
2009-06-02,0.4040068627025148,1.0,0.9523809523809523,1.1527667709209956e-11,0.9999999999874724,1,1.4441453551223194e-22,0.33751205400260365,0.3333333333333333,3.50517169100675e-06,1.0,Katashi,1e-06,0.9803921568627451,3.0,0
2009-06-03,0.4150653694131955,1.0,0.9523809523809523,7.975164972536111e-11,0.9999999999192484,1,6.440075519658362e-21,0.33751205400260365,0.3333333333333333,3.4000165402765473e-06,1.0,Katashi,1e-06,0.9803921568627451,3.0,0
2009-06-04,0.38974358974358975,1.0,0.9523809523809523,0.0,0.0,0,0.0,0.33751205400260365,0.0,3.2980160440682507e-06,1.0,Katashi,1e-06,0.9803921568627451,3.0,0
2009-06-05,0.39814750466924387,1.0,0.9523809523809523,4.2764680684579234e-11,0.9999999999562353,1,1.8715816487512395e-21,0.33751205400260365,0.3333333333333333,3.199075562746203e-06,0.41695817530480817,Katashi,1e-06,0.9803921568627451,3.0,0
2009-06-08,0.38314149618497445,1.0,0.9523809523809523,5.52339285404283e-11,0.9999999999437661,1,3.106019568767364e-21,0.33751205400260365,0.3333333333333333,3.103103295863817e-06,1.0,Katashi,1e-06,0.9803921568627451,3.0,0
2009-06-09,0.37424242424242427,1.0,0.9523809523809523,5.881040099174827e-11,0.9999999999401896,1,3.5174723649199046e-21,0.33751205400260365,0.3333333333333333,3.0100101969879027e-06,1.0,Katashi,1e-06,0.9803921568627451,3.0,0
2009-06-10,0.35570154483197963,1.0,0.9523809523809523,2.6728064205954406e-11,0.999999999972272,1,7.411168891430814e-22,0.33751205400260365,0.3333333333333333,2.9197098910782656e-06,1.0,Katashi,1e-06,0.9803921568627451,3.0,0
2009-06-11,0.3579847688543341,1.0,0.9523809523809523,0.5597318760016958,0.7523560943730137,2,0.13861418787698,0.33751205400260365,0.6666666666666666,2.8321185943459175e-06,0.1946568609491387,Katashi,1e-06,0.9803921568627451,3.0,0
2009-06-12,0.3605293257467171,1.0,0.9523809523809523,4.0601522143491907e-11,0.9999999999583985,1,1.6890842243715601e-21,0.33751205400260365,0.3333333333333333,2.74715503651554e-06,0.5899281316012197,Katashi,1e-06,0.9803921568627451,3.0,0
2009-06-15,0.3561279300409736,1.0,0.9523809523809523,0.6712712473558635,0.6042015905356586,2,0.2656880920225953,0.33751205400260365,0.6666666666666666,2.6647403854200736e-06,0.15249368685598186,Katashi,1e-06,0.9803921568627451,3.0,0
2009-06-16,0.3274363317841579,1.0,0.9523809523809523,1.6622037079928152e-11,0.999999999982378,1,2.92913786060955e-22,0.33751205400260365,0.3333333333333333,2.584798173857471e-06,0.7325664880240856,Katashi,1e-06,0.9803921568627451,3.0,0
2009-06-17,0.3272300163604511,1.0,0.9523809523809523,1.8562817949239302e-11,0.9999999999804372,1,3.6314061752791954e-22,0.33751205400260365,0.3333333333333333,2.507254228641747e-06,1.0,Katashi,1e-06,0.9803921568627451,3.0,0
2009-06-18,0.3130355152094283,1.0,0.9523809523809523,1.5142298525010185e-10,0.999999999847577,1,2.3080340099324672e-20,0.33751205400260365,0.3333333333333333,2.4320366017824944e-06,1.0,Katashi,1e-06,0.9803921568627451,3.0,0
2009-06-19,0.3454270367313847,1.0,0.9523809523809523,2.925204523006407e-11,0.999999999969748,1,8.849335482795915e-22,0.33751205400260365,0.3333333333333333,2.3590755037290194e-06,1.0,Katashi,1e-06,0.9803921568627451,3.0,0
2009-06-22,0.3871852784896264,0.0,20.0,1.5408230247126122e-11,0.9999999999835918,1,2.5282144874108777e-22,0.016072002571568628,0.3333333333333333,2.288303238617149e-06,0.06294928022592627,Katashi,1e-06,0.9803921568627451,3.0,0
2009-06-23,0.4117505682723073,1.0,0.9523809523809523,0.0,0.0,0,0.0,0.33751205400260365,0.0,2.2196541414586346e-06,0.8873603936096834,Katashi,1e-06,0.9803921568627451,3.0,0
2009-06-24,0.4040206170640954,1.0,0.9523809523809523,0.0,0.0,0,0.0,0.33751205400260365,0.0,2.1530645172148754e-06,1.0,Katashi,1e-06,0.9803921568627451,3.0,0
2009-06-25,0.4395945454989645,1.0,0.9523809523809523,0.0,0.0,0,0.0,0.33751205400260365,0.0,2.088472581698429e-06,1.0,Katashi,1e-06,0.9803921568627451,3.0,0
2009-06-26,0.3930430569141082,2.0,0.48780487804878053,0.0,0.0,0,0.0,0.6589521054329958,0.0,2.025818404247476e-06,0.00820492412620688,Katashi,1e-06,0.9803921568627451,3.0,0
2009-06-29,0.35895302520117395,1.5,0.6451612903225806,0.0,0.0,0,0.0,0.49823207971788014,0.0,1.9650438521200517e-06,0.008885133535434853,Utsuroi,1e-06,0.9803921568627451,3.0,0
2009-06-30,0.3451729730864501,1.0,0.9523809523809523,3.711775331465949e-11,0.9999999999618823,1,1.4148445433609716e-21,0.33751205400260365,0.3333333333333333,1.9060925365564501e-06,0.9430965509893029,Utsuroi,1e-06,0.9803921568627451,3.0,0
2009-07-01,0.35992740431611003,1.0,0.9523809523809523,5.3997251113367117e-11,0.9999999999450028,1,2.9696991844829524e-21,0.33751205400260365,0.3333333333333333,1.8489097604597566e-06,1.0,Utsuroi,1e-06,0.9803921568627451,3.0,0
2009-07-02,0.3973210341678009,1.0,0.9523809523809523,3.83980625066076e-11,0.999999999960602,1,1.5128084173665415e-21,0.33751205400260365,0.3333333333333333,1.793442467645964e-06,1.0,Utsuroi,1e-06,0.9803921568627451,3.0,0
2009-07-06,0.38154028625276376,0.5,1.8181818181818181,7.279976621260299e-11,0.9999999999262003,1,5.3726041165644136e-21,0.1767920282871665,0.3333333333333333,1.739639193616585e-06,0.5751642667252423,Utsuroi,1e-06,0.9803921568627451,3.0,0
2009-07-07,0.3848503147045616,1.0,0.9523809523809523,0.0,0.0,0,0.0,0.33751205400260365,0.0,1.6874500178080874e-06,0.49555849288338394,Utsuroi,1e-06,0.9803921568627451,3.0,0
2009-07-08,0.3698557738843831,1.0,0.9523809523809523,0.0,0.0,0,0.0,0.33751205400260365,0.0,1.6368265172738448e-06,1.0,Utsuroi,1e-06,0.9803921568627451,3.0,0
2009-07-09,0.37784897164323444,1.0,0.9523809523809523,0.0,0.0,0,0.0,0.33751205400260365,0.0,1.5877217217556294e-06,1.0,Utsuroi,1e-06,0.9803921568627451,3.0,0
2009-07-10,0.37489263661264705,0.0,20.0,0.0,0.0,0,0.0,0.016072002571568628,0.0,1.5400900701029605e-06,0.042720558398495534,Utsuroi,1e-06,0.9803921568627451,3.0,0
2009-07-13,0.39554145209206115,2.0,0.48780487804878053,0.0,0.0,0,0.0,0.6589521054329958,0.0,1.4938873679998716e-06,0.5492738856735249,Utsuroi,1e-06,0.9803921568627451,3.0,0
2009-07-14,0.3805805769559728,2.0,0.48780487804878053,0.0,0.0,0,0.0,0.6589521054329958,0.0,1.4490707469598753e-06,1.0,Utsuroi,1e-06,0.9803921568627451,3.0,0
2009-07-15,0.3932443785459033,2.0,0.48780487804878053,0.0,0.0,0,0.0,0.6589521054329958,0.0,1.405598624551079e-06,1.0,Utsuroi,1e-06,0.9803921568627451,3.0,0
2009-07-16,0.36755495766347906,2.0,0.48780487804878053,0.0,0.0,0,0.0,0.6589521054329958,0.0,1.3634306658145466e-06,1.0,Utsuroi,1e-06,0.9803921568627451,3.0,0
2009-07-17,0.36287675440366235,2.0,0.48780487804878053,0.0,0.0,0,0.0,0.6589521054329958,0.0,1.3225277458401101e-06,1.0,Utsuroi,1e-06,0.9803921568627451,3.0,0
2009-07-20,0.3506734926968056,2.5,0.3921568627450981,0.0,0.0,0,0.0,0.8196721311479507,0.0,1.2828519134649067e-06,0.0019874985749818164,Utsuroi,1e-06,0.9803921568627451,3.0,0
2009-07-21,0.3607136321898671,1.0,0.9523809523809523,0.0,0.0,0,0.0,0.33751205400260365,0.0,1.2443663560609595e-06,0.026900034776429993,Utsuroi,1e-06,0.9803921568627451,3.0,0
2009-07-22,0.34511842325317216,1.0,0.9523809523809523,0.0,0.0,0,0.0,0.33751205400260365,0.0,1.2070353653791308e-06,1.0,Utsuroi,1e-06,0.9803921568627451,3.0,0
2009-07-23,0.313547080131429,1.0,0.9523809523809523,1.2158689603282379e-09,0.9999999987831311,1,1.479553171653096e-18,0.33751205400260365,0.3333333333333333,1.1708243044177568e-06,0.41695817530480817,Utsuroi,1e-06,0.9803921568627451,3.0,0
2009-07-24,0.30809182058809537,2.0,0.48780487804878053,1.3680689913303268e-10,0.9999999998621931,1,1.8852931524423837e-20,0.6589521054329958,0.3333333333333333,1.135699575285224e-06,0.07051212453160405,Utsuroi,1e-06,0.9803921568627451,3.0,0
2009-07-27,0.30129553227875516,2.0,0.48780487804878053,4.214595339298252e-11,0.9999999999568541,1,1.81842640849466e-21,0.6589521054329958,0.3333333333333333,1.1016285880266673e-06,1.0,Utsuroi,1e-06,0.9803921568627451,3.0,0
2009-07-28,0.2554196877089258,2.0,0.48780487804878053,0.0,0.0,0,0.0,0.6589521054329958,0.0,1.0685797303858671e-06,1.0,Utsuroi,1e-06,0.9803921568627451,3.0,0
2009-07-29,0.25327902604030506,2.0,0.48780487804878053,0.0,0.0,0,0.0,0.6589521054329958,0.0,1.036522338474291e-06,1.0,Utsuroi,1e-06,0.9803921568627451,3.0,0
2009-07-30,0.27948862731471424,2.0,0.48780487804878053,0.8669894166118819,0.5919200587827158,3,0.3538009901669843,0.6589521054329958,1.0,1.0054266683200623e-06,0.17267800703862712,Utsuroi,1e-06,0.9803921568627451,3.0,0
2009-07-31,0.2732991646035125,1.0,0.9523809523809523,0.6922179405471965,0.5215517072125877,2,0.33119049189162464,0.33751205400260365,0.6666666666666666,1e-06,0.2671732030286551,Utsuroi,1e-06,0.9803921568627451,3.0,0
2009-08-03,0.2883739448956841,1.0,0.9523809523809523,0.6812215034770641,0.5770655367322236,2,0.2881120509395398,0.33751205400260365,0.6666666666666666,1e-06,0.34716330225690795,Utsuroi,1e-06,0.9803921568627451,3.0,0
2009-08-04,0.2400961357483097,1.0,0.9523809523809523,0.6929611965973537,0.5096429361417183,2,0.33979841773119984,0.33751205400260365,0.6666666666666666,1e-06,0.2871511858583413,Utsuroi,1e-06,0.9803921568627451,3.0,0
2009-08-05,0.22261434217955958,1.0,0.9523809523809523,4.917305450498739e-10,0.9999999995072695,1,2.4229064866186215e-19,0.33751205400260365,0.3333333333333333,1e-06,0.7817823476020334,Utsuroi,1e-06,0.9803921568627451,3.0,0
2009-08-06,0.2133851655590786,1.0,0.9523809523809523,1.48536738463348e-11,0.9999999999841463,1,2.354849719926689e-22,0.33751205400260365,0.3333333333333333,1e-06,1.0,Utsuroi,1e-06,0.9803921568627451,3.0,0
2009-08-07,0.19733382559469517,1.0,0.9523809523809523,0.1658462604201014,0.9606583318763581,2,0.00652466853699472,0.33751205400260365,0.6666666666666666,1e-06,0.17966419492852725,Utsuroi,1e-06,0.9803921568627451,3.0,0
2009-08-10,0.19942448855492334,1.0,0.9523809523809523,0.7008235524880325,0.7670133178462559,3,0.163282554269387,0.33751205400260365,1.0,1e-06,0.18322579833864316,Utsuroi,1e-06,0.9803921568627451,3.0,0
2009-08-11,0.2223667636711115,1.0,0.9523809523809523,0.6462842217777411,0.7551789385670068,3,0.15822398916302258,0.33751205400260365,1.0,1e-06,0.6706792332538984,Utsuroi,1e-06,0.9803921568627451,3.0,0
2009-08-12,0.18762324631889848,0.0,20.0,0.5410309823546544,0.768542903379847,2,0.12522546035735754,0.016072002571568628,0.6666666666666666,1e-06,0.23667851893299618,Utsuroi,1e-06,0.9803921568627451,3.0,0
2009-08-13,0.2062328975372454,1.0,0.9523809523809523,0.33812929263581515,0.8939720838126496,2,0.03585114430007829,0.33751205400260365,0.6666666666666666,1e-06,0.9496920866098073,Utsuroi,1e-06,0.9803921568627451,3.0,0
2009-08-14,0.199383225470182,1.0,0.9523809523809523,0.34917897215306615,0.8887220088702482,2,0.03885593456594474,0.33751205400260365,0.6666666666666666,1e-06,0.8845471342746463,Utsuroi,1e-06,0.9803921568627451,3.0,0
2009-08-17,0.2359835816357556,1.0,0.9523809523809523,1.0686118656554275e-11,0.9999999999883139,1,1.2487901420390985e-22,0.33751205400260365,0.3333333333333333,1e-06,0.4390376558482927,Utsuroi,1e-06,0.9803921568627451,3.0,0
2009-08-18,0.2438373220981917,1.0,0.9523809523809523,0.15304253885077684,0.9645988781115542,2,0.0054178775719735525,0.33751205400260365,0.6666666666666666,1e-06,0.17961597215103975,Utsuroi,1e-06,0.9803921568627451,3.0,0
2009-08-19,0.25108587065108806,0.0,20.0,0.6461393345629928,0.6520962131722091,2,0.2247943213128541,0.016072002571568628,0.6666666666666666,1e-06,0.10564299068054472,Utsuroi,1e-06,0.9803921568627451,3.0,0
2009-08-20,0.2686776991124818,1.0,0.9523809523809523,2.7058244533468722e-11,0.9999999999719418,1,7.592062432021836e-22,0.33751205400260365,0.3333333333333333,1e-06,0.9727416138385931,Utsuroi,1e-06,0.9803921568627451,3.0,0
2009-08-21,0.2625982712939235,1.0,0.9523809523809523,8.31209545602158e-11,0.9999999999158791,1,6.992212203077236e-21,0.33751205400260365,0.3333333333333333,1e-06,1.0,Utsuroi,1e-06,0.9803921568627451,3.0,0
2009-08-24,0.2706995902648076,1.0,0.9523809523809523,1.2490564138454827e-11,0.9999999999865095,1,1.6850448032367493e-22,0.33751205400260365,0.3333333333333333,1e-06,1.0,Utsuroi,1e-06,0.9803921568627451,3.0,0
2009-08-25,0.26017750365576453,0.0,20.0,0.42168621371362314,0.8505889034664224,2,0.063004599584045,0.016072002571568628,0.6666666666666666,1e-06,0.0557335591620608,Utsuroi,1e-06,0.9803921568627451,3.0,0
2009-08-26,0.2670134213612474,1.0,0.9523809523809523,2.4519053453916546e-11,0.999999999974481,1,6.257024933342667e-22,0.33751205400260365,0.3333333333333333,1e-06,0.971353622974997,Utsuroi,1e-06,0.9803921568627451,3.0,0
2009-08-27,0.26690338646860384,1.5,0.6451612903225806,0.2783027921920205,0.9201909358841193,2,0.022211085385681593,0.49823207971788014,0.6666666666666666,1e-06,0.03191667996951808,Utsuroi,1e-06,0.9803921568627451,3.0,0
2009-08-28,0.26753608710130455,1.0,0.9523809523809523,0.0,0.0,0,0.0,0.33751205400260365,0.0,1e-06,0.6999060796486114,Utsuroi,1e-06,0.9803921568627451,3.0,0
2009-08-31,0.2691728561293779,1.0,0.9523809523809523,0.6804653004472223,0.5794612444700711,2,0.2861620306313741,0.33751205400260365,0.6666666666666666,1e-06,0.09922255528519841,Utsuroi,1e-06,0.9803921568627451,3.0,0
2009-09-01,0.30393012784317136,1.0,0.9523809523809523,0.0,0.0,0,0.0,0.33751205400260365,0.0,1e-06,1.0,Utsuroi,1e-06,0.9803921568627451,3.0,0
2009-09-02,0.3119489206445728,1.5,0.6451612903225806,0.0,0.0,0,0.0,0.49823207971788014,0.0,1e-06,0.017580289320236364,Utsuroi,1e-06,0.9803921568627451,3.0,0
2009-09-03,0.3250843359539012,1.5,0.6451612903225806,0.0,0.0,0,0.0,0.49823207971788014,0.0,1e-06,1.0,Utsuroi,1e-06,0.9803921568627451,3.0,0
2009-09-04,0.336610490958317,3.0,0.3278688524590164,0.0,0.0,0,0.0,0.9803921568627451,0.0,1e-06,0.001698662258502015,Katashi,1e-06,0.9803921568627451,3.0,0
2009-09-08,0.311371237458194,3.0,0.3278688524590164,0.0,0.0,0,0.0,0.9803921568627451,0.0,1e-06,1.0,Katashi,1e-06,0.9803921568627451,3.0,0
2009-09-09,0.32681738551303763,1.0,0.9523809523809523,0.0,0.0,0,0.0,0.33751205400260365,0.0,1e-06,0.024392228145056705,Utsuroi,1e-06,0.9803921568627451,3.0,0
2009-09-10,0.3457846501324763,1.0,0.9523809523809523,1.9011014984271612e-11,0.999999999979989,1,3.804292851639155e-22,0.33751205400260365,0.3333333333333333,1e-06,0.41695817530480817,Utsuroi,1e-06,0.9803921568627451,3.0,0
2009-09-11,0.3250018097844185,1.0,0.9523809523809523,1.7188583889384223e-11,0.9999999999818114,1,3.126356197735756e-22,0.33751205400260365,0.3333333333333333,1e-06,1.0,Utsuroi,1e-06,0.9803921568627451,3.0,0
2009-09-14,0.33365330321852066,2.0,0.48780487804878053,1.7351009517883914e-11,0.999999999981649,1,3.1840815697631866e-22,0.6589521054329958,0.3333333333333333,1e-06,0.07051212453160405,Utsuroi,1e-06,0.9803921568627451,3.0,0
2009-09-15,0.31916996047430835,1.0,0.9523809523809523,0.0,0.0,0,0.0,0.33751205400260365,0.0,1e-06,0.22879491661612328,Utsuroi,1e-06,0.9803921568627451,3.0,0
2009-09-16,0.33538635277765716,1.0,0.9523809523809523,0.0,0.0,0,0.0,0.33751205400260365,0.0,1e-06,1.0,Utsuroi,1e-06,0.9803921568627451,3.0,0
2009-09-17,0.2870122630992196,3.0,0.3278688524590164,0.0,0.0,0,0.0,0.9803921568627451,0.0,1e-06,0.00293730709023865,Katashi,1e-06,0.9803921568627451,3.0,0
2009-09-18,0.29987259117693904,2.0,0.48780487804878053,0.0,0.0,0,0.0,0.6589521054329958,0.0,1e-06,0.0026412457123632382,Utsuroi,1e-06,0.9803921568627451,3.0,0
2009-09-21,0.3076850685546339,1.5,0.6451612903225806,1.1391321218973507e-10,0.9999999998850868,1,1.3090130604369202e-20,0.49823207971788014,0.3333333333333333,1e-06,0.8810311289962568,Utsuroi,1e-06,0.9803921568627451,3.0,0
2009-09-22,0.300022734378839,2.0,0.48780487804878053,0.0,0.0,0,0.0,0.6589521054329958,0.0,1e-06,0.4544585707009565,Utsuroi,1e-06,0.9803921568627451,3.0,0
2009-09-23,0.32763478812804825,2.0,0.48780487804878053,2.4340751636166283e-11,0.9999999999746593,1,6.168124033982056e-22,0.6589521054329958,0.3333333333333333,1e-06,0.6511466998765344,Utsuroi,1e-06,0.9803921568627451,3.0,0
2009-09-24,0.36489721838432027,2.0,0.48780487804878053,0.6927753329129375,0.5136345436117805,2,0.3369419909667015,0.6589521054329958,0.6666666666666666,1e-06,0.27063692771868,Utsuroi,1e-06,0.9803921568627451,3.0,0
2009-09-25,0.3708671590760934,1.0,0.9523809523809523,3.823386052127199e-11,0.9999999999607662,1,1.5000611051119988e-21,0.33751205400260365,0.3333333333333333,1e-06,0.4535335539318487,Utsuroi,1e-06,0.9803921568627451,3.0,0
2009-09-28,0.3986454655873192,1.0,0.9523809523809523,0.6446858442761838,0.6543912120914618,2,0.2228090932220845,0.33751205400260365,0.6666666666666666,1e-06,0.16981516050736367,Utsuroi,1e-06,0.9803921568627451,3.0,0
2009-09-29,0.4118017902068118,2.0,0.48780487804878053,3.1073810191114715e-11,0.9999999999679262,1,9.966548025943751e-22,0.6589521054329958,0.3333333333333333,1e-06,0.6233686224115818,Utsuroi,1e-06,0.9803921568627451,3.0,0
2009-09-30,0.40879626213097514,3.0,0.3278688524590164,3.940359149997048e-11,0.9999999999595964,1,1.5920457429534361e-21,0.9803921568627451,0.3333333333333333,1e-06,0.031102950540297325,Katashi,1e-06,0.9803921568627451,3.0,0
2009-10-01,0.44697280383919225,1.5,0.6451612903225806,5.428375525382582e-10,0.9999999994561625,1,2.952154340700384e-19,0.49823207971788014,0.3333333333333333,1e-06,0.10837842465762004,Utsuroi,1e-06,0.9803921568627451,3.0,0
2009-10-02,0.41103035294041773,1.5,0.6451612903225806,5.368361310892771e-11,0.9999999999453164,1,2.9356127420443368e-21,0.49823207971788014,0.3333333333333333,1e-06,1.0,Utsuroi,1e-06,0.9803921568627451,3.0,0
2009-10-05,0.4522005156547918,1.0,0.9523809523809523,0.0,0.0,0,0.0,0.33751205400260365,0.0,1e-06,0.4707401049447827,Utsuroi,1e-06,0.9803921568627451,3.0,0
2009-10-06,0.4346905140895115,1.0,0.9523809523809523,0.0,0.0,0,0.0,0.33751205400260365,0.0,1e-06,1.0,Utsuroi,1e-06,0.9803921568627451,3.0,0
2009-10-07,0.4417049451328779,2.0,0.48780487804878053,0.0,0.0,0,0.0,0.6589521054329958,0.0,1e-06,0.00820492412620688,Utsuroi,1e-06,0.9803921568627451,3.0,0
2009-10-08,0.44039156872184265,3.0,0.3278688524590164,0.0,0.0,0,0.0,0.9803921568627451,0.0,1e-06,0.0011941408365824246,Katashi,1e-06,0.9803921568627451,3.0,0
2009-10-09,0.4391530992821997,1.0,0.9523809523809523,0.0,0.0,0,0.0,0.33751205400260365,0.0,1e-06,0.024392228145056705,Utsuroi,1e-06,0.9803921568627451,3.0,0
2009-10-12,0.4155410531525063,3.0,0.3278688524590164,0.0,0.0,0,0.0,0.9803921568627451,0.0,1e-06,0.00293730709023865,Katashi,1e-06,0.9803921568627451,3.0,0
2009-10-13,0.4235259553701478,1.0,0.9523809523809523,0.0,0.0,0,0.0,0.33751205400260365,0.0,1e-06,0.024392228145056705,Utsuroi,1e-06,0.9803921568627451,3.0,0
2009-10-14,0.4281281782071518,3.0,0.3278688524590164,0.0,0.0,0,0.0,0.9803921568627451,0.0,1e-06,0.00293730709023865,Katashi,1e-06,0.9803921568627451,3.0,0
2009-10-15,0.4356391377243435,2.0,0.48780487804878053,8.364919867528787e-11,0.9999999999153508,1,7.08083578752856e-21,0.6589521054329958,0.3333333333333333,1e-06,0.4687713520122164,Utsuroi,1e-06,0.9803921568627451,3.0,0
2009-10-16,0.41379599170258047,2.0,0.48780487804878053,4.686329102440015e-11,0.9999999999521367,1,2.2430303000190715e-21,0.6589521054329958,0.3333333333333333,1e-06,1.0,Utsuroi,1e-06,0.9803921568627451,3.0,0
2009-10-19,0.42538225069890107,1.0,0.9523809523809523,5.1965209911505384e-11,0.9999999999470348,1,2.7523471015713565e-21,0.33751205400260365,0.3333333333333333,1e-06,0.21261921927841487,Utsuroi,1e-06,0.9803921568627451,3.0,0
2009-10-20,0.4250597283046206,1.0,0.9523809523809523,5.723799212206447e-11,0.999999999941762,1,3.3334244681817736e-21,0.33751205400260365,0.3333333333333333,1e-06,1.0,Utsuroi,1e-06,0.9803921568627451,3.0,0
2009-10-21,0.42708157672344,2.0,0.48780487804878053,0.0,0.0,0,0.0,0.6589521054329958,0.0,1e-06,0.21077749137231983,Utsuroi,1e-06,0.9803921568627451,3.0,0
2009-10-22,0.41558282166598615,2.0,0.48780487804878053,0.0,0.0,0,0.0,0.6589521054329958,0.0,1e-06,1.0,Utsuroi,1e-06,0.9803921568627451,3.0,0
2009-10-23,0.42601181236129276,2.0,0.48780487804878053,0.0,0.0,0,0.0,0.6589521054329958,0.0,1e-06,1.0,Utsuroi,1e-06,0.9803921568627451,3.0,0
2009-10-26,0.4424971042788636,2.0,0.48780487804878053,0.0,0.0,0,0.0,0.6589521054329958,0.0,1e-06,1.0,Utsuroi,1e-06,0.9803921568627451,3.0,0
2009-10-27,0.4287833690907141,2.0,0.48780487804878053,0.0,0.0,0,0.0,0.6589521054329958,0.0,1e-06,1.0,Utsuroi,1e-06,0.9803921568627451,3.0,0
2009-10-28,0.44066807105047345,1.0,0.9523809523809523,2.9415248014679015e-11,0.9999999999695848,1,8.94671413077464e-22,0.33751205400260365,0.3333333333333333,1e-06,0.7265441216498114,Utsuroi,1e-06,0.9803921568627451,3.0,0
2009-10-29,0.46859995866259313,1.0,0.9523809523809523,0.0,0.0,0,0.0,0.33751205400260365,0.0,1e-06,1.0,Utsuroi,1e-06,0.9803921568627451,3.0,0
2009-10-30,0.46670806490026645,1.0,0.9523809523809523,0.0,0.0,0,0.0,0.33751205400260365,0.0,1e-06,1.0,Utsuroi,1e-06,0.9803921568627451,3.0,0
2009-11-02,0.4397110226577288,1.0,0.9523809523809523,0.0,0.0,0,0.0,0.33751205400260365,0.0,1e-06,1.0,Utsuroi,1e-06,0.9803921568627451,3.0,0
2009-11-03,0.4327647744340892,1.0,0.9523809523809523,0.0,0.0,0,0.0,0.33751205400260365,0.0,1e-06,1.0,Utsuroi,1e-06,0.9803921568627451,3.0,0
2009-11-04,0.40595073988623115,2.0,0.48780487804878053,0.0,0.0,0,0.0,0.6589521054329958,0.0,1e-06,0.00820492412620688,Utsuroi,1e-06,0.9803921568627451,3.0,0
2009-11-05,0.41475496099698017,2.0,0.48780487804878053,0.0,0.0,0,0.0,0.6589521054329958,0.0,1e-06,1.0,Utsuroi,1e-06,0.9803921568627451,3.0,0
2009-11-06,0.4103052089491695,2.0,0.48780487804878053,0.0,0.0,0,0.0,0.6589521054329958,0.0,1e-06,1.0,Utsuroi,1e-06,0.9803921568627451,3.0,0
2009-11-09,0.44147828697140257,2.0,0.48780487804878053,0.0,0.0,0,0.0,0.6589521054329958,0.0,1e-06,1.0,Utsuroi,1e-06,0.9803921568627451,3.0,0
2009-11-10,0.45007468516299515,2.0,0.48780487804878053,0.0,0.0,0,0.0,0.6589521054329958,0.0,1e-06,1.0,Utsuroi,1e-06,0.9803921568627451,3.0,0
2009-11-11,0.4504544393502994,1.5,0.6451612903225806,0.0,0.0,0,0.0,0.49823207971788014,0.0,1e-06,0.008885133535434853,Utsuroi,1e-06,0.9803921568627451,3.0,0
2009-11-12,0.47066455990875095,1.0,0.9523809523809523,0.0,0.0,0,0.0,0.33751205400260365,0.0,1e-06,0.03788891119591109,Utsuroi,1e-06,0.9803921568627451,3.0,0
2009-11-13,0.4739335079898257,2.0,0.48780487804878053,0.0,0.0,0,0.0,0.6589521054329958,0.0,1e-06,0.00820492412620688,Utsuroi,1e-06,0.9803921568627451,3.0,0
2009-11-16,0.5003358141260472,1.0,0.9523809523809523,0.0,0.0,0,0.0,0.33751205400260365,0.0,1e-06,0.030846946422049104,Utsuroi,1e-06,0.9803921568627451,3.0,0
2009-11-17,0.5018163217799629,0.5,1.8181818181818181,0.0,0.0,0,0.0,0.1767920282871665,0.0,1e-06,0.34010269420659744,Utsuroi,1e-06,0.9803921568627451,3.0,0
2009-11-18,0.4899759480747387,2.0,0.48780487804878053,0.0,0.0,0,0.0,0.6589521054329958,0.0,1e-06,0.020775610533476985,Utsuroi,1e-06,0.9803921568627451,3.0,0
2009-11-19,0.5050402881229241,2.0,0.48780487804878053,0.0,0.0,0,0.0,0.6589521054329958,0.0,1e-06,1.0,Utsuroi,1e-06,0.9803921568627451,3.0,0
2009-11-20,0.5131173969290042,2.0,0.48780487804878053,0.0,0.0,0,0.0,0.6589521054329958,0.0,1e-06,1.0,Utsuroi,1e-06,0.9803921568627451,3.0,0
2009-11-23,0.5298475913191532,1.0,0.9523809523809523,0.0,0.0,0,0.0,0.33751205400260365,0.0,1e-06,0.030846946422049104,Utsuroi,1e-06,0.9803921568627451,3.0,0
2009-11-24,0.5033969848391829,2.0,0.48780487804878053,0.0,0.0,0,0.0,0.6589521054329958,0.0,1e-06,0.00820492412620688,Utsuroi,1e-06,0.9803921568627451,3.0,0
2009-11-25,0.4591165628952295,3.0,0.3278688524590164,0.0,0.0,0,0.0,0.9803921568627451,0.0,1e-06,0.0011941408365824246,Katashi,1e-06,0.9803921568627451,3.0,0
2009-11-27,0.5002157287052441,3.0,0.3278688524590164,0.0,0.0,0,0.0,0.9803921568627451,0.0,1e-06,1.0,Katashi,1e-06,0.9803921568627451,3.0,0
2009-11-30,0.46667326858441466,3.0,0.3278688524590164,0.0,0.0,0,0.0,0.9803921568627451,0.0,1e-06,1.0,Katashi,1e-06,0.9803921568627451,3.0,0
2009-12-01,0.4382552618864743,2.0,0.48780487804878053,0.0,0.0,0,0.0,0.6589521054329958,0.0,1e-06,0.0026412457123632382,Utsuroi,1e-06,0.9803921568627451,3.0,0
2009-12-02,0.4336732123320255,1.0,0.9523809523809523,0.0,0.0,0,0.0,0.33751205400260365,0.0,1e-06,0.030846946422049104,Utsuroi,1e-06,0.9803921568627451,3.0,0
2009-12-03,0.4687659439701569,2.0,0.48780487804878053,0.0,0.0,0,0.0,0.6589521054329958,0.0,1e-06,0.00820492412620688,Utsuroi,1e-06,0.9803921568627451,3.0,0
2009-12-04,0.45662059797011867,2.0,0.48780487804878053,0.0,0.0,0,0.0,0.6589521054329958,0.0,1e-06,1.0,Utsuroi,1e-06,0.9803921568627451,3.0,0
2009-12-07,0.4748826772855527,2.0,0.48780487804878053,0.0,0.0,0,0.0,0.6589521054329958,0.0,1e-06,1.0,Utsuroi,1e-06,0.9803921568627451,3.0,0
2009-12-08,0.46428114605749526,2.0,0.48780487804878053,3.6765024351436715e-10,0.9999999996313498,1,1.3553434369161424e-19,0.6589521054329958,0.3333333333333333,1e-06,0.6511466998765344,Utsuroi,1e-06,0.9803921568627451,3.0,0
2009-12-09,0.4486589358934066,2.0,0.48780487804878053,0.0,0.0,0,0.0,0.6589521054329958,0.0,1e-06,1.0,Utsuroi,1e-06,0.9803921568627451,3.0,0
2009-12-10,0.41644545575374015,2.0,0.48780487804878053,0.0,0.0,0,0.0,0.6589521054329958,0.0,1e-06,1.0,Utsuroi,1e-06,0.9803921568627451,3.0,0
2009-12-11,0.4020581526790078,1.0,0.9523809523809523,0.6921426331370537,0.5224077110538269,2,0.33056198443715684,0.33751205400260365,0.6666666666666666,1e-06,0.3098842810533078,Utsuroi,1e-06,0.9803921568627451,3.0,0
2009-12-14,0.3841776496735872,2.0,0.48780487804878053,1.2230272349661828e-10,0.9999999998766973,1,1.5080256193569922e-20,0.6589521054329958,0.3333333333333333,1e-06,0.7013875702414308,Utsuroi,1e-06,0.9803921568627451,3.0,0
2009-12-15,0.3812296399252921,2.0,0.48780487804878053,1.675848348965217e-11,0.9999999999822415,1,2.9760488163874923e-22,0.6589521054329958,0.3333333333333333,1e-06,1.0,Utsuroi,1e-06,0.9803921568627451,3.0,0
2009-12-16,0.36853436418653807,1.0,0.9523809523809523,1.41363587501356e-11,0.9999999999848637,1,2.1397268474371148e-22,0.33751205400260365,0.3333333333333333,1e-06,0.21261921927841487,Utsuroi,1e-06,0.9803921568627451,3.0,0
2009-12-17,0.3330893743937222,1.0,0.9523809523809523,0.0,0.0,0,0.0,0.33751205400260365,0.0,1e-06,1.0,Utsuroi,1e-06,0.9803921568627451,3.0,0
2009-12-18,0.34135574570357186,1.0,0.9523809523809523,3.644760048658265e-10,0.999999999634524,1,1.3320722608932549e-19,0.33751205400260365,0.3333333333333333,1e-06,0.41695817530480817,Utsuroi,1e-06,0.9803921568627451,3.0,0
2009-12-21,0.33540010713923757,1.0,0.9523809523809523,0.0,0.0,0,0.0,0.33751205400260365,0.0,1e-06,1.0,Utsuroi,1e-06,0.9803921568627451,3.0,0
2009-12-22,0.3262259479650784,1.0,0.9523809523809523,6.12757622400804e-11,0.9999999999377243,1,3.815993444936472e-21,0.33751205400260365,0.3333333333333333,1e-06,0.41695817530480817,Utsuroi,1e-06,0.9803921568627451,3.0,0
2009-12-23,0.3189361363274407,1.0,0.9523809523809523,6.665368257101528e-11,0.9999999999323463,1,4.509365608507074e-21,0.33751205400260365,0.3333333333333333,1e-06,1.0,Utsuroi,1e-06,0.9803921568627451,3.0,0
2009-12-24,0.29731427992297554,2.0,0.48780487804878053,5.7671978302365066e-11,0.999999999941328,1,3.3837277839067055e-21,0.6589521054329958,0.3333333333333333,1e-06,0.07051212453160405,Utsuroi,1e-06,0.9803921568627451,3.0,0
2009-12-28,0.2956224934485804,1.0,0.9523809523809523,1.8798296252757664e-11,0.9999999999802017,1,3.7217382241222685e-22,0.33751205400260365,0.3333333333333333,1e-06,0.21261921927841487,Utsuroi,1e-06,0.9803921568627451,3.0,0
2009-12-29,0.3010554662728576,1.0,0.9523809523809523,4.1088688006677037e-11,0.9999999999579113,1,1.7293680612006393e-21,0.33751205400260365,0.3333333333333333,1e-06,1.0,Utsuroi,1e-06,0.9803921568627451,3.0,0
2009-12-30,0.27746673616238837,0.0,20.0,3.4459990416107104e-11,0.99999999996454,1,1.2219501676016852e-21,0.016072002571568628,0.3333333333333333,1e-06,0.06294928022592627,Utsuroi,1e-06,0.9803921568627451,3.0,0
2009-12-31,0.25437316306881524,1.0,0.9523809523809523,0.0,0.0,0,0.0,0.33751205400260365,0.0,1e-06,0.8873603936096834,Utsuroi,1e-06,0.9803921568627451,3.0,0
2010-01-04,0.3324704281226021,2.0,0.48780487804878053,6.596216903836426e-10,0.9999999993393783,1,4.357603816669273e-19,0.6589521054329958,0.3333333333333333,1e-06,0.04908490860651604,Utsuroi,1e-06,0.9803921568627451,3.0,0
2010-01-05,0.35442238920499786,1.0,0.9523809523809523,2.1300483596872737e-10,0.9999999997859952,1,4.558406027487731e-20,0.33751205400260365,0.3333333333333333,1e-06,0.21261921927841487,Utsuroi,1e-06,0.9803921568627451,3.0,0
2010-01-06,0.3318514818514819,1.0,0.9523809523809523,0.0,0.0,0,0.0,0.33751205400260365,0.0,1e-06,1.0,Utsuroi,1e-06,0.9803921568627451,3.0,0
2010-01-07,0.341176939003026,0.5,1.8181818181818181,1.4936207824980215e-10,0.9999999998496379,1,2.2458389194892103e-20,0.1767920282871665,0.3333333333333333,1e-06,0.609656921231308,Utsuroi,1e-06,0.9803921568627451,3.0,0
2010-01-08,0.31698301698301706,1.0,0.9523809523809523,0.0,0.0,0,0.0,0.33751205400260365,0.0,1e-06,0.49555849288338394,Utsuroi,1e-06,0.9803921568627451,3.0,0
2010-01-11,0.299226136182658,1.5,0.6451612903225806,8.187917010727624e-11,0.9999999999171209,1,6.786075856536643e-21,0.49823207971788014,0.3333333333333333,1e-06,0.14668112436681646,Utsuroi,1e-06,0.9803921568627451,3.0,0
2010-01-12,0.3331168831168831,2.0,0.48780487804878053,0.0,0.0,0,0.0,0.6589521054329958,0.0,1e-06,0.4544585707009565,Utsuroi,1e-06,0.9803921568627451,3.0,0
2010-01-13,0.3394713981670504,2.0,0.48780487804878053,0.0,0.0,0,0.0,0.6589521054329958,0.0,1e-06,1.0,Utsuroi,1e-06,0.9803921568627451,3.0,0
2010-01-14,0.34695377086681434,1.5,0.6451612903225806,2.4208857140844145e-11,0.9999999999747912,1,6.102770856727627e-22,0.49823207971788014,0.3333333333333333,1e-06,0.8810311289962568,Utsuroi,1e-06,0.9803921568627451,3.0,0
2010-01-15,0.37381603903343036,2.0,0.48780487804878053,1.1963874335579619e-11,0.9999999999870361,1,1.5509789879264e-22,0.6589521054329958,0.3333333333333333,1e-06,0.06759245709200823,Utsuroi,1e-06,0.9803921568627451,3.0,0
2010-01-19,0.33846732977167765,1.0,0.9523809523809523,0.53621448201198,0.7725191331364415,2,0.1219785351928792,0.33751205400260365,0.6666666666666666,1e-06,0.7910983243294734,Utsuroi,1e-06,0.9803921568627451,3.0,0
2010-01-20,0.3435839522796045,0.0,20.0,0.0,0.0,0,0.0,0.016072002571568628,0.0,1e-06,0.13082025351947024,Utsuroi,1e-06,0.9803921568627451,3.0,0
2010-01-21,0.35073622030143775,0.0,20.0,8.022513761190259e-10,0.9999999991967486,1,6.444095043726203e-19,0.016072002571568628,0.3333333333333333,1e-06,0.7955094109061918,Utsuroi,1e-06,0.9803921568627451,3.0,0
2010-01-22,0.37779104953018,1.0,0.9523809523809523,1.8364021412936224e-10,0.9999999998153598,1,3.39073644003002e-20,0.33751205400260365,0.3333333333333333,1e-06,0.9064747803035297,Utsuroi,1e-06,0.9803921568627451,3.0,0
2010-01-25,0.38402177532612325,1.0,0.9523809523809523,0.3354595455146161,0.8952204574001444,2,0.0351492977397769,0.33751205400260365,0.6666666666666666,1e-06,0.18359361676797026,Utsuroi,1e-06,0.9803921568627451,3.0,0
2010-01-26,0.40364924930142326,1.0,0.9523809523809523,5.35242961049027e-11,0.9999999999454757,1,2.9183733856602414e-21,0.33751205400260365,0.3333333333333333,1e-06,0.43521228728274486,Utsuroi,1e-06,0.9803921568627451,3.0,0
2010-01-27,0.3971159275507102,2.0,0.48780487804878053,4.4151793331484234e-11,0.9999999999548482,1,1.9935316710489485e-21,0.6589521054329958,0.3333333333333333,1e-06,0.07051212453160405,Utsuroi,1e-06,0.9803921568627451,3.0,0
2010-01-28,0.39140786749482404,1.0,0.9523809523809523,0.0,0.0,0,0.0,0.33751205400260365,0.0,1e-06,0.22879491661612328,Utsuroi,1e-06,0.9803921568627451,3.0,0
2010-01-29,0.39208183121226614,1.0,0.9523809523809523,4.056466273907589e-11,0.9999999999584354,1,1.6860556285489514e-21,0.33751205400260365,0.3333333333333333,1e-06,0.41695817530480817,Utsuroi,1e-06,0.9803921568627451,3.0,0
2010-02-01,0.3889733454950846,2.0,0.48780487804878053,7.915823551874671e-11,0.9999999999198418,1,6.3451827350980584e-21,0.6589521054329958,0.3333333333333333,1e-06,0.07051212453160405,Utsuroi,1e-06,0.9803921568627451,3.0,0
2010-02-02,0.4179125222603483,2.0,0.48780487804878053,6.736589064126389e-11,0.9999999999316341,1,4.605527622440007e-21,0.6589521054329958,0.3333333333333333,1e-06,1.0,Utsuroi,1e-06,0.9803921568627451,3.0,0
2010-02-03,0.4193704845878759,2.0,0.48780487804878053,1.488014156224506e-10,0.9999999998501986,1,2.229065941679398e-20,0.6589521054329958,0.3333333333333333,1e-06,1.0,Utsuroi,1e-06,0.9803921568627451,3.0,0
2010-02-04,0.40202623463493026,2.0,0.48780487804878053,0.0,0.0,0,0.0,0.6589521054329958,0.0,1e-06,1.0,Utsuroi,1e-06,0.9803921568627451,3.0,0
2010-02-05,0.3836779162866119,0.5,1.8181818181818181,0.0,0.0,0,0.0,0.1767920282871665,0.0,1e-06,0.2379279650384123,Utsuroi,1e-06,0.9803921568627451,3.0,0
2010-02-08,0.40620756055538676,2.0,0.48780487804878053,0.0,0.0,0,0.0,0.6589521054329958,0.0,1e-06,0.020775610533476985,Utsuroi,1e-06,0.9803921568627451,3.0,0
2010-02-09,0.400637044115305,2.5,0.3921568627450981,7.519118660746623e-11,0.9999999999238088,1,5.728904066906098e-21,0.8196721311479507,0.3333333333333333,1e-06,0.23619136938261942,Utsuroi,1e-06,0.9803921568627451,3.0,0
2010-02-10,0.39752855839812373,3.0,0.3278688524590164,0.0,0.0,0,0.0,0.9803921568627451,0.0,1e-06,0.45270520450111773,Katashi,1e-06,0.9803921568627451,3.0,0
2010-02-11,0.3982025221155656,3.0,0.3278688524590164,0.0,0.0,0,0.0,0.9803921568627451,0.0,1e-06,1.0,Katashi,1e-06,0.9803921568627451,3.0,0
2010-02-12,0.3986426616861399,3.0,0.3278688524590164,0.0,0.0,0,0.0,0.9803921568627451,0.0,1e-06,1.0,Katashi,1e-06,0.9803921568627451,3.0,0
2010-02-16,0.44938250155641457,3.0,0.3278688524590164,2.072675364455833e-10,0.9999999997917325,1,4.31670946200474e-20,0.9803921568627451,0.3333333333333333,1e-06,0.7571163687425386,Katashi,1e-06,0.9803921568627451,3.0,0
2010-02-17,0.4325471629819456,1.0,0.9523809523809523,0.0,0.0,0,0.0,0.33751205400260365,0.0,1e-06,0.08840723391335359,Utsuroi,1e-06,0.9803921568627451,3.0,0
2010-02-18,0.42649524388654836,2.0,0.48780487804878053,0.0,0.0,0,0.0,0.6589521054329958,0.0,1e-06,0.00820492412620688,Utsuroi,1e-06,0.9803921568627451,3.0,0
2010-02-19,0.4225752508361204,1.5,0.6451612903225806,0.0,0.0,0,0.0,0.49823207971788014,0.0,1e-06,0.008885133535434853,Utsuroi,1e-06,0.9803921568627451,3.0,0
2010-02-22,0.41814634640721604,1.0,0.9523809523809523,0.0,0.0,0,0.0,0.33751205400260365,0.0,1e-06,0.03788891119591109,Utsuroi,1e-06,0.9803921568627451,3.0,0
2010-02-23,0.41265835613661705,1.5,0.6451612903225806,0.0,0.0,0,0.0,0.49823207971788014,0.0,1e-06,0.017580289320236364,Utsuroi,1e-06,0.9803921568627451,3.0,0
2010-02-24,0.4044745109962501,1.0,0.9523809523809523,0.0,0.0,0,0.0,0.33751205400260365,0.0,1e-06,0.03788891119591109,Utsuroi,1e-06,0.9803921568627451,3.0,0
2010-02-25,0.39772111946024996,1.0,0.9523809523809523,0.0,0.0,0,0.0,0.33751205400260365,0.0,1e-06,1.0,Utsuroi,1e-06,0.9803921568627451,3.0,0
2010-02-26,0.3816285164111251,1.0,0.9523809523809523,0.0,0.0,0,0.0,0.33751205400260365,0.0,1e-06,1.0,Utsuroi,1e-06,0.9803921568627451,3.0,0
2010-03-01,0.3865525778569257,1.0,0.9523809523809523,0.0,0.0,0,0.0,0.33751205400260365,0.0,1e-06,1.0,Utsuroi,1e-06,0.9803921568627451,3.0,0
2010-03-02,0.39352301578302684,0.0,20.0,2.5889868023829514e-10,0.9999999997401013,1,6.728741959082898e-20,0.016072002571568628,0.3333333333333333,1e-06,0.04091989168630894,Utsuroi,1e-06,0.9803921568627451,3.0,0
2010-03-03,0.40754930717180754,2.0,0.48780487804878053,0.0,0.0,0,0.0,0.6589521054329958,0.0,1e-06,0.5569366885547513,Utsuroi,1e-06,0.9803921568627451,3.0,0
2010-03-04,0.39240600370304524,1.0,0.9523809523809523,0.0,0.0,0,0.0,0.33751205400260365,0.0,1e-06,0.030846946422049104,Utsuroi,1e-06,0.9803921568627451,3.0,0
2010-03-05,0.365240335414761,1.0,0.9523809523809523,0.0,0.0,0,0.0,0.33751205400260365,0.0,1e-06,1.0,Utsuroi,1e-06,0.9803921568627451,3.0,0
2010-03-08,0.3434029457750921,1.0,0.9523809523809523,5.0214943313274996e-11,0.9999999999487851,1,2.5717543644936053e-21,0.33751205400260365,0.3333333333333333,1e-06,0.41695817530480817,Utsuroi,1e-06,0.9803921568627451,3.0,0
2010-03-09,0.29701863496169084,1.0,0.9523809523809523,1.6677548231158427e-11,0.9999999999823225,1,2.9481779430031727e-22,0.33751205400260365,0.3333333333333333,1e-06,1.0,Utsuroi,1e-06,0.9803921568627451,3.0,0
2010-03-10,0.29644136745578603,1.0,0.9523809523809523,2.401534526765684e-11,0.9999999999749847,1,6.0075162233918e-22,0.33751205400260365,0.3333333333333333,1e-06,1.0,Utsuroi,1e-06,0.9803921568627451,3.0,0
2010-03-11,0.2448110943805831,1.0,0.9523809523809523,3.39973604817621e-11,0.9999999999650027,1,1.1898171281493512e-21,0.33751205400260365,0.3333333333333333,1e-06,1.0,Utsuroi,1e-06,0.9803921568627451,3.0,0
2010-03-12,0.2424252623546657,1.0,0.9523809523809523,1.095845636395121e-10,0.9999999998894155,1,1.211835872817274e-20,0.33751205400260365,0.3333333333333333,1e-06,1.0,Utsuroi,1e-06,0.9803921568627451,3.0,0
2010-03-15,0.26235594285498476,1.0,0.9523809523809523,2.924461783418094e-10,0.9999999997065538,1,8.58172069482499e-20,0.33751205400260365,0.3333333333333333,1e-06,1.0,Utsuroi,1e-06,0.9803921568627451,3.0,0
2010-03-16,0.3124873109813635,1.0,0.9523809523809523,0.0,0.0,0,0.0,0.33751205400260365,0.0,1e-06,1.0,Utsuroi,1e-06,0.9803921568627451,3.0,0
2010-03-17,0.31040283255502854,1.0,0.9523809523809523,4.5282666504315714e-11,0.9999999999537174,1,2.0958015505633946e-21,0.33751205400260365,0.3333333333333333,1e-06,0.41695817530480817,Utsuroi,1e-06,0.9803921568627451,3.0,0
2010-03-18,0.26485214224281634,1.0,0.9523809523809523,0.5229511534371151,0.7831040082183782,2,0.11342600907808614,0.33751205400260365,0.6666666666666666,1e-06,0.19648295064036914,Utsuroi,1e-06,0.9803921568627451,3.0,0
2010-03-19,0.3180924312627764,1.0,0.9523809523809523,1.5050294343992778e-11,0.9999999999839497,1,2.415613212483456e-22,0.33751205400260365,0.3333333333333333,1e-06,0.5507087601073065,Utsuroi,1e-06,0.9803921568627451,3.0,0
2010-03-22,0.3160836453966889,1.0,0.9523809523809523,1.3711254354012974e-11,0.9999999999852888,1,2.017094469993982e-22,0.33751205400260365,0.3333333333333333,1e-06,1.0,Utsuroi,1e-06,0.9803921568627451,3.0,0
2010-03-23,0.31088742322550383,0.0,20.0,1.3907985873973637e-11,0.999999999985092,1,2.0733974927759147e-22,0.016072002571568628,0.3333333333333333,1e-06,0.06294928022592627,Utsuroi,1e-06,0.9803921568627451,3.0,0
2010-03-24,0.33957226478337244,1.0,0.9523809523809523,0.0,0.0,0,0.0,0.33751205400260365,0.0,1e-06,0.8873603936096834,Utsuroi,1e-06,0.9803921568627451,3.0,0
2010-03-25,0.32277971474869094,1.0,0.9523809523809523,0.0,0.0,0,0.0,0.33751205400260365,0.0,1e-06,1.0,Utsuroi,1e-06,0.9803921568627451,3.0,0
2010-03-26,0.29042011119615607,1.5,0.6451612903225806,0.0,0.0,0,0.0,0.49823207971788014,0.0,1e-06,0.017580289320236364,Utsuroi,1e-06,0.9803921568627451,3.0,0
2010-03-29,0.27578176274299754,1.0,0.9523809523809523,0.0,0.0,0,0.0,0.33751205400260365,0.0,1e-06,0.03788891119591109,Utsuroi,1e-06,0.9803921568627451,3.0,0
2010-03-30,0.2767287411427747,0.5,1.8181818181818181,0.0,0.0,0,0.0,0.1767920282871665,0.0,1e-06,0.34010269420659744,Utsuroi,1e-06,0.9803921568627451,3.0,0
2010-03-31,0.27954219376451545,1.0,0.9523809523809523,4.148759113940799e-11,0.9999999999575124,1,1.7627068919506385e-21,0.33751205400260365,0.3333333333333333,1e-06,0.10952295460272443,Utsuroi,1e-06,0.9803921568627451,3.0,0
2010-04-01,0.2835589063356659,1.0,0.9523809523809523,1.872223487176475e-10,0.9999999998117777,1,3.523942606970598e-20,0.33751205400260365,0.3333333333333333,1e-06,1.0,Utsuroi,1e-06,0.9803921568627451,3.0,0
2010-04-05,0.28109788761962673,2.0,0.48780487804878053,0.6578946270428425,0.6319778710807007,2,0.24211978124887532,0.6589521054329958,0.6666666666666666,1e-06,0.05836539635121274,Utsuroi,1e-06,0.9803921568627451,3.0,0
2010-04-06,0.2802738943332497,1.0,0.9523809523809523,0.5649271808337915,0.7476269870126948,2,0.14257237474544815,0.33751205400260365,0.6666666666666666,1e-06,0.36423346118516864,Utsuroi,1e-06,0.9803921568627451,3.0,0
2010-04-07,0.25415956643871124,2.0,0.48780487804878053,6.952078910124154e-10,0.9999999993037921,1,4.840092044062337e-19,0.6589521054329958,0.3333333333333333,1e-06,0.5528689914791274,Utsuroi,1e-06,0.9803921568627451,3.0,0
2010-04-08,0.25594116223169283,1.0,0.9523809523809523,6.523603879096632e-11,0.999999999933764,1,4.320975352937106e-21,0.33751205400260365,0.3333333333333333,1e-06,0.21261921927841487,Utsuroi,1e-06,0.9803921568627451,3.0,0
2010-04-09,0.2657892831805876,0.0,20.0,2.9783175925028534e-11,0.9999999999692168,1,9.168200852652421e-22,0.016072002571568628,0.3333333333333333,1e-06,0.06294928022592627,Utsuroi,1e-06,0.9803921568627451,3.0,0
2010-04-12,0.2565050891137848,1.0,0.9523809523809523,0.49867103473751834,0.8012454310397032,2,0.09911314656224063,0.33751205400260365,0.6666666666666666,1e-06,0.7365027553534201,Utsuroi,1e-06,0.9803921568627451,3.0,0
2010-04-13,0.25445568923829803,1.0,0.9523809523809523,1.3470335957672829e-11,0.9999999999855297,1,1.9491998878464795e-22,0.33751205400260365,0.3333333333333333,1e-06,0.5274436948447365,Utsuroi,1e-06,0.9803921568627451,3.0,0
2010-04-14,0.26810001592610294,1.0,0.9523809523809523,9.868550420791282e-11,0.9999999999003145,1,9.837512062375067e-21,0.33751205400260365,0.3333333333333333,1e-06,1.0,Utsuroi,1e-06,0.9803921568627451,3.0,0
2010-04-15,0.2479773849339067,1.0,0.9523809523809523,2.9688740350590426e-10,0.9999999997021126,1,8.843901120949575e-20,0.33751205400260365,0.3333333333333333,1e-06,1.0,Utsuroi,1e-06,0.9803921568627451,3.0,0
2010-04-16,0.2331914462349245,1.0,0.9523809523809523,0.0,0.0,0,0.0,0.33751205400260365,0.0,1e-06,1.0,Utsuroi,1e-06,0.9803921568627451,3.0,0
2010-04-19,0.218886910191258,0.0,20.0,3.2126967752239804e-11,0.999999999966873,1,1.0642683140195192e-21,0.016072002571568628,0.3333333333333333,1e-06,0.04091989168630894,Utsuroi,1e-06,0.9803921568627451,3.0,0
2010-04-20,0.22636928289102207,1.0,0.9523809523809523,2.208055960268911e-11,0.9999999999769195,1,5.096311835165059e-22,0.33751205400260365,0.3333333333333333,1e-06,0.9064747803035297,Utsuroi,1e-06,0.9803921568627451,3.0,0
2010-04-21,0.171998291563509,1.0,0.9523809523809523,0.6413562232754406,0.659515647822287,2,0.21837175819708304,0.33751205400260365,0.6666666666666666,1e-06,0.17154045948422958,Utsuroi,1e-06,0.9803921568627451,3.0,0
2010-04-22,0.17209457209457213,2.0,0.48780487804878053,6.275213681813389e-11,0.9999999999362479,1,4.000581424002213e-21,0.6589521054329958,0.3333333333333333,1e-06,0.6196618163710295,Utsuroi,1e-06,0.9803921568627451,3.0,0
2010-04-23,0.16435086652477957,1.0,0.9523809523809523,0.0,0.0,0,0.0,0.33751205400260365,0.0,1e-06,0.22879491661612328,Utsuroi,1e-06,0.9803921568627451,3.0,0
2010-04-26,0.19648105517670736,1.0,0.9523809523809523,0.3231720419394894,0.9008677933630557,2,0.0320367576408287,0.33751205400260365,0.6666666666666666,1e-06,0.17769823432057275,Utsuroi,1e-06,0.9803921568627451,3.0,0
2010-04-27,0.20631542370672803,2.0,0.48780487804878053,0.0,0.0,0,0.0,0.6589521054329958,0.0,1e-06,0.4580047924748113,Utsuroi,1e-06,0.9803921568627451,3.0,0
2010-04-28,0.21390783129913565,2.0,0.48780487804878053,0.0,0.0,0,0.0,0.6589521054329958,0.0,1e-06,1.0,Utsuroi,1e-06,0.9803921568627451,3.0,0
2010-04-29,0.25177358873011046,2.0,0.48780487804878053,0.5600364439226891,0.7520818280136262,2,0.1388432114230624,0.6589521054329958,0.6666666666666666,1e-06,0.3593230840311792,Utsuroi,1e-06,0.9803921568627451,3.0,0
2010-04-30,0.2472759124933038,2.0,0.48780487804878053,3.0910829451104963e-11,0.9999999999680892,1,9.863895230214078e-22,0.6589521054329958,0.3333333333333333,1e-06,0.7548451403325656,Utsuroi,1e-06,0.9803921568627451,3.0,0
2010-05-03,0.2561612300742736,2.0,0.48780487804878053,2.760174310949997e-10,0.9999999997229826,1,7.646163360398801e-20,0.6589521054329958,0.3333333333333333,1e-06,1.0,Utsuroi,1e-06,0.9803921568627451,3.0,0
2010-05-04,0.28787878787878796,2.0,0.48780487804878053,0.0,0.0,0,0.0,0.6589521054329958,0.0,1e-06,1.0,Utsuroi,1e-06,0.9803921568627451,3.0,0
2010-05-05,0.30592451027233636,3.0,0.3278688524590164,6.684464091113094e-10,0.9999999993305536,1,4.474890336255156e-19,0.9803921568627451,0.3333333333333333,1e-06,0.08250437419014212,Katashi,1e-06,0.9803921568627451,3.0,0
2010-05-06,0.321274377796117,1.5,0.6451612903225806,1.904976176783025e-11,0.9999999999799503,1,3.819427637692386e-22,0.49823207971788014,0.3333333333333333,1e-06,0.10837842465762004,Utsuroi,1e-06,0.9803921568627451,3.0,0
2010-05-07,0.33159014898145334,2.0,0.48780487804878053,4.991562718697255e-12,0.9999999999940085,1,2.990715067151925e-23,0.6589521054329958,0.3333333333333333,1e-06,0.06759245709200823,Utsuroi,1e-06,0.9803921568627451,3.0,0
2010-05-10,0.3424836033531686,2.0,0.48780487804878053,5.0243142979235e-12,0.9999999999939757,1,3.026793731585597e-23,0.6589521054329958,0.3333333333333333,1e-06,1.0,Utsuroi,1e-06,0.9803921568627451,3.0,0
2010-05-11,0.348260435216957,2.0,0.48780487804878053,6.286415832308978e-12,0.9999999999927136,1,4.5805300782846087e-23,0.6589521054329958,0.3333333333333333,1e-06,1.0,Utsuroi,1e-06,0.9803921568627451,3.0,0
2010-05-12,0.3400628357150096,1.0,0.9523809523809523,7.766565168727357e-12,0.9999999999912335,1,6.808592787932994e-23,0.33751205400260365,0.3333333333333333,1e-06,0.21261921927841487,Utsuroi,1e-06,0.9803921568627451,3.0,0
2010-05-13,0.34139700878831314,1.0,0.9523809523809523,5.191624907733489e-12,0.9999999999938084,1,3.214447924275598e-23,0.33751205400260365,0.3333333333333333,1e-06,1.0,Utsuroi,1e-06,0.9803921568627451,3.0,0
2010-05-14,0.34751769969161284,1.0,0.9523809523809523,7.981837413200263e-12,0.9999999999910182,1,7.16913893323084e-23,0.33751205400260365,0.3333333333333333,1e-06,1.0,Utsuroi,1e-06,0.9803921568627451,3.0,0
2010-05-17,0.34722885809842335,0.5,1.8181818181818181,8.631984016414705e-12,0.999999999990368,1,8.314294112211524e-23,0.1767920282871665,0.3333333333333333,1e-06,0.5751642667252423,Utsuroi,1e-06,0.9803921568627451,3.0,0
2010-05-18,0.3310949919645572,1.0,0.9523809523809523,1.2245315872318409e-11,0.9999999999867547,1,1.6219280579878904e-22,0.33751205400260365,0.3333333333333333,1e-06,0.2759682054892393,Utsuroi,1e-06,0.9803921568627451,3.0,0
2010-05-19,0.3238189346884999,1.0,0.9523809523809523,1.579147923522036e-11,0.9999999999832085,1,2.651619463391506e-22,0.33751205400260365,0.3333333333333333,1e-06,1.0,Utsuroi,1e-06,0.9803921568627451,3.0,0
2010-05-20,0.34765524330741726,2.0,0.48780487804878053,0.0,0.0,0,0.0,0.6589521054329958,0.0,1e-06,0.21077749137231983,Utsuroi,1e-06,0.9803921568627451,3.0,0
2010-05-21,0.34890689021123805,2.0,0.48780487804878053,0.0,0.0,0,0.0,0.6589521054329958,0.0,1e-06,1.0,Utsuroi,1e-06,0.9803921568627451,3.0,0
2010-05-24,0.33875617136486713,1.5,0.6451612903225806,0.0,0.0,0,0.0,0.49823207971788014,0.0,1e-06,0.008885133535434853,Utsuroi,1e-06,0.9803921568627451,3.0,0
2010-05-25,0.3408880974098365,1.0,0.9523809523809523,0.0,0.0,0,0.0,0.33751205400260365,0.0,1e-06,0.03788891119591109,Utsuroi,1e-06,0.9803921568627451,3.0,0
2010-05-26,0.3426211469689731,1.0,0.9523809523809523,0.0,0.0,0,0.0,0.33751205400260365,0.0,1e-06,1.0,Utsuroi,1e-06,0.9803921568627451,3.0,0
2010-05-27,0.3510113075330467,0.5,1.8181818181818181,4.826078424609823e-10,0.9999999995163922,1,2.3339292682762477e-19,0.1767920282871665,0.3333333333333333,1e-06,0.609656921231308,Utsuroi,1e-06,0.9803921568627451,3.0,0
2010-05-28,0.34820541777063524,1.0,0.9523809523809523,7.529088463506997e-11,0.9999999999237091,1,5.744006528421678e-21,0.33751205400260365,0.3333333333333333,1e-06,0.2759682054892393,Utsuroi,1e-06,0.9803921568627451,3.0,0
2010-06-01,0.32691366604410077,1.0,0.9523809523809523,0.0,0.0,0,0.0,0.33751205400260365,0.0,1e-06,1.0,Utsuroi,1e-06,0.9803921568627451,3.0,0
2010-06-02,0.35416105633496936,1.5,0.6451612903225806,0.0,0.0,0,0.0,0.49823207971788014,0.0,1e-06,0.017580289320236364,Utsuroi,1e-06,0.9803921568627451,3.0,0
2010-06-03,0.3353038266081745,1.5,0.6451612903225806,0.0,0.0,0,0.0,0.49823207971788014,0.0,1e-06,1.0,Utsuroi,1e-06,0.9803921568627451,3.0,0
2010-06-04,0.3202565550391638,1.0,0.9523809523809523,0.0,0.0,0,0.0,0.33751205400260365,0.0,1e-06,0.03788891119591109,Utsuroi,1e-06,0.9803921568627451,3.0,0
2010-06-07,0.31483733657646695,1.5,0.6451612903225806,0.0,0.0,0,0.0,0.49823207971788014,0.0,1e-06,0.017580289320236364,Utsuroi,1e-06,0.9803921568627451,3.0,0
2010-06-08,0.3048379157074809,1.0,0.9523809523809523,2.7093993714860647e-11,0.999999999971906,1,7.611778897807016e-22,0.33751205400260365,0.3333333333333333,1e-06,0.9430965509893029,Utsuroi,1e-06,0.9803921568627451,3.0,0
2010-06-09,0.3009591857417944,2.0,0.48780487804878053,7.748490737616441e-11,0.9999999999215151,1,6.081394064608118e-21,0.6589521054329958,0.3333333333333333,1e-06,0.07051212453160405,Utsuroi,1e-06,0.9803921568627451,3.0,0
2010-06-10,0.26164922034487254,0.5,1.8181818181818181,1.465348953180153e-10,0.9999999998524651,1,2.1619007201170482e-20,0.1767920282871665,0.3333333333333333,1e-06,0.5093851286574995,Utsuroi,1e-06,0.9803921568627451,3.0,0
2010-06-11,0.27886968104359405,2.0,0.48780487804878053,4.5778936196300075e-11,0.9999999999532211,1,2.1414889228024646e-21,0.6589521054329958,0.3333333333333333,1e-06,0.08229308703696714,Utsuroi,1e-06,0.9803921568627451,3.0,0
2010-06-14,0.2876607595899351,1.0,0.9523809523809523,0.6093717950909718,0.7017528468379424,2,0.18174340310313508,0.33751205400260365,0.6666666666666666,1e-06,0.6626458744839365,Utsuroi,1e-06,0.9803921568627451,3.0,0
2010-06-15,0.3025849139862359,2.0,0.48780487804878053,5.931621860173711e-11,0.9999999999396838,1,3.577728695741881e-21,0.6589521054329958,0.3333333333333333,1e-06,0.5879294275895335,Utsuroi,1e-06,0.9803921568627451,3.0,0
2010-06-16,0.30346937230925375,2.5,0.3921568627450981,0.0,0.0,0,0.0,0.8196721311479507,0.0,1e-06,0.45315599632901893,Utsuroi,1e-06,0.9803921568627451,3.0,0
2010-06-17,0.31449996575659767,2.0,0.48780487804878053,0.0,0.0,0,0.0,0.6589521054329958,0.0,1e-06,0.003073532174881266,Utsuroi,1e-06,0.9803921568627451,3.0,0
2010-06-18,0.3169315003827309,3.0,0.3278688524590164,0.0,0.0,0,0.0,0.9803921568627451,0.0,1e-06,0.0011941408365824246,Katashi,1e-06,0.9803921568627451,3.0,0
2010-06-21,0.32814286099454965,2.5,0.3921568627450981,0.0,0.0,0,0.0,0.8196721311479507,0.0,1e-06,0.001331139266664616,Utsuroi,1e-06,0.9803921568627451,3.0,0
2010-06-22,0.28695447612620817,3.0,0.3278688524590164,0.0,0.0,0,0.0,0.9803921568627451,0.0,1e-06,0.0009306632718918406,Katashi,1e-06,0.9803921568627451,3.0,0
2010-06-23,0.28303099780657315,2.0,0.48780487804878053,0.0,0.0,0,0.0,0.6589521054329958,0.0,1e-06,0.0026412457123632382,Utsuroi,1e-06,0.9803921568627451,3.0,0
2010-06-24,0.3150233472215811,2.0,0.48780487804878053,0.0,0.0,0,0.0,0.6589521054329958,0.0,1e-06,1.0,Utsuroi,1e-06,0.9803921568627451,3.0,0
2010-06-25,0.3365726407270881,2.0,0.48780487804878053,0.0,0.0,0,0.0,0.6589521054329958,0.0,1e-06,1.0,Utsuroi,1e-06,0.9803921568627451,3.0,0
2010-06-28,0.3396605784264801,3.0,0.3278688524590164,0.0,0.0,0,0.0,0.9803921568627451,0.0,1e-06,0.0011941408365824246,Katashi,1e-06,0.9803921568627451,3.0,0
2010-06-29,0.35749370842705724,3.0,0.3278688524590164,0.0,0.0,0,0.0,0.9803921568627451,0.0,1e-06,1.0,Katashi,1e-06,0.9803921568627451,3.0,0
2010-06-30,0.3416606279012233,2.5,0.3921568627450981,0.0,0.0,0,0.0,0.8196721311479507,0.0,1e-06,0.001331139266664616,Utsuroi,1e-06,0.9803921568627451,3.0,0
2010-07-01,0.3333856875522054,3.0,0.3278688524590164,0.0,0.0,0,0.0,0.9803921568627451,0.0,1e-06,0.0009306632718918406,Katashi,1e-06,0.9803921568627451,3.0,0
2010-07-02,0.32955400037790167,2.0,0.48780487804878053,0.0,0.0,0,0.0,0.6589521054329958,0.0,1e-06,0.0026412457123632382,Utsuroi,1e-06,0.9803921568627451,3.0,0
2010-07-06,0.34418470982403865,2.5,0.3921568627450981,0.0,0.0,0,0.0,0.8196721311479507,0.0,1e-06,0.0019874985749818164,Utsuroi,1e-06,0.9803921568627451,3.0,0
2010-07-07,0.3688750024814712,2.0,0.48780487804878053,0.0,0.0,0,0.0,0.6589521054329958,0.0,1e-06,0.003073532174881266,Utsuroi,1e-06,0.9803921568627451,3.0,0
2010-07-08,0.36342461887479366,2.0,0.48780487804878053,0.6073111444741474,0.7041451061983655,2,0.179675974152948,0.6589521054329958,0.6666666666666666,1e-06,0.3351797022186034,Utsuroi,1e-06,0.9803921568627451,3.0,0
2010-07-09,0.3796299018869425,2.5,0.3921568627450981,1.3146406185004855e-10,0.999999999867536,1,1.7414260712905574e-20,0.8196721311479507,0.3333333333333333,1e-06,0.8086257919580444,Utsuroi,1e-06,0.9803921568627451,3.0,0
2010-07-12,0.3806752022529792,3.0,0.3278688524590164,0.0,0.0,0,0.0,0.9803921568627451,0.0,1e-06,0.45270520450111773,Katashi,1e-06,0.9803921568627451,3.0,0
2010-07-13,0.42057067713275853,1.0,0.9523809523809523,0.0,0.0,0,0.0,0.33751205400260365,0.0,1e-06,0.024392228145056705,Utsuroi,1e-06,0.9803921568627451,3.0,0
2010-07-14,0.4025045634387953,1.0,0.9523809523809523,0.0,0.0,0,0.0,0.33751205400260365,0.0,1e-06,1.0,Utsuroi,1e-06,0.9803921568627451,3.0,0
2010-07-15,0.37584495183099215,1.0,0.9523809523809523,0.0,0.0,0,0.0,0.33751205400260365,0.0,1e-06,1.0,Utsuroi,1e-06,0.9803921568627451,3.0,0
2010-07-16,0.3734720971927093,2.0,0.48780487804878053,0.0,0.0,0,0.0,0.6589521054329958,0.0,1e-06,0.00820492412620688,Utsuroi,1e-06,0.9803921568627451,3.0,0
2010-07-19,0.3653313917747696,1.0,0.9523809523809523,0.0,0.0,0,0.0,0.33751205400260365,0.0,1e-06,0.030846946422049104,Utsuroi,1e-06,0.9803921568627451,3.0,0
2010-07-20,0.3731858509370907,1.0,0.9523809523809523,1.8217538588587577e-11,0.9999999999807825,1,3.500958478153299e-22,0.33751205400260365,0.3333333333333333,1e-06,0.41695817530480817,Utsuroi,1e-06,0.9803921568627451,3.0,0
2010-07-21,0.3551101072840203,1.0,0.9523809523809523,6.614686576030804e-11,0.9999999999328532,1,4.441553252539155e-21,0.33751205400260365,0.3333333333333333,1e-06,1.0,Utsuroi,1e-06,0.9803921568627451,3.0,0
2010-07-22,0.35062618540879403,2.0,0.48780487804878053,0.0,0.0,0,0.0,0.6589521054329958,0.0,1e-06,0.21077749137231983,Utsuroi,1e-06,0.9803921568627451,3.0,0
2010-07-23,0.3497046431829041,2.0,0.48780487804878053,0.0,0.0,0,0.0,0.6589521054329958,0.0,1e-06,1.0,Utsuroi,1e-06,0.9803921568627451,3.0,0
2010-07-26,0.35116260551043166,1.0,0.9523809523809523,0.0,0.0,0,0.0,0.33751205400260365,0.0,1e-06,0.030846946422049104,Utsuroi,1e-06,0.9803921568627451,3.0,0
2010-07-27,0.3372844546757591,1.0,0.9523809523809523,0.0,0.0,0,0.0,0.33751205400260365,0.0,1e-06,1.0,Utsuroi,1e-06,0.9803921568627451,3.0,0
2010-07-28,0.32955450346754706,2.0,0.48780487804878053,0.0,0.0,0,0.0,0.6589521054329958,0.0,1e-06,0.00820492412620688,Utsuroi,1e-06,0.9803921568627451,3.0,0
2010-07-29,0.3281790673095021,2.0,0.48780487804878053,0.0,0.0,0,0.0,0.6589521054329958,0.0,1e-06,1.0,Utsuroi,1e-06,0.9803921568627451,3.0,0
2010-07-30,0.29544486968947115,1.0,0.9523809523809523,0.0,0.0,0,0.0,0.33751205400260365,0.0,1e-06,0.030846946422049104,Utsuroi,1e-06,0.9803921568627451,3.0,0
2010-08-02,0.3030029088598166,0.0,20.0,0.0,0.0,0,0.0,0.016072002571568628,0.0,1e-06,0.042720558398495534,Utsuroi,1e-06,0.9803921568627451,3.0,0
2010-08-03,0.29719138613023405,1.0,0.9523809523809523,0.0,0.0,0,0.0,0.33751205400260365,0.0,1e-06,0.884883839592431,Utsuroi,1e-06,0.9803921568627451,3.0,0
2010-08-04,0.2915926578065633,0.0,20.0,0.0,0.0,0,0.0,0.016072002571568628,0.0,1e-06,0.042720558398495534,Utsuroi,1e-06,0.9803921568627451,3.0,0
2010-08-05,0.28351169261025644,0.5,1.8181818181818181,0.0,0.0,0,0.0,0.1767920282871665,0.0,1e-06,0.6158920979183521,Utsuroi,1e-06,0.9803921568627451,3.0,0
2010-08-06,0.2579754946614848,2.0,0.48780487804878053,0.0,0.0,0,0.0,0.6589521054329958,0.0,1e-06,0.020775610533476985,Utsuroi,1e-06,0.9803921568627451,3.0,0
2010-08-09,0.25083602920949233,1.0,0.9523809523809523,0.0,0.0,0,0.0,0.33751205400260365,0.0,1e-06,0.030846946422049104,Utsuroi,1e-06,0.9803921568627451,3.0,0
2010-08-10,0.26099312991646245,1.0,0.9523809523809523,0.0,0.0,0,0.0,0.33751205400260365,0.0,1e-06,1.0,Utsuroi,1e-06,0.9803921568627451,3.0,0
2010-08-11,0.3028298585567267,1.0,0.9523809523809523,0.0,0.0,0,0.0,0.33751205400260365,0.0,1e-06,1.0,Utsuroi,1e-06,0.9803921568627451,3.0,0
2010-08-12,0.2774383358631579,1.0,0.9523809523809523,1.228475099347345e-10,0.9999999998761525,1,1.5214355490443265e-20,0.33751205400260365,0.3333333333333333,1e-06,0.41695817530480817,Utsuroi,1e-06,0.9803921568627451,3.0,0
2010-08-13,0.2766059269894758,1.0,0.9523809523809523,0.0,0.0,0,0.0,0.33751205400260365,0.0,1e-06,1.0,Utsuroi,1e-06,0.9803921568627451,3.0,0
2010-08-16,0.2841561857480945,1.0,0.9523809523809523,0.0,0.0,0,0.0,0.33751205400260365,0.0,1e-06,1.0,Utsuroi,1e-06,0.9803921568627451,3.0,0
2010-08-17,0.25984332958281287,1.0,0.9523809523809523,0.0,0.0,0,0.0,0.33751205400260365,0.0,1e-06,1.0,Utsuroi,1e-06,0.9803921568627451,3.0,0
2010-08-18,0.2713288120018524,0.5,1.8181818181818181,0.0,0.0,0,0.0,0.1767920282871665,0.0,1e-06,0.34010269420659744,Utsuroi,1e-06,0.9803921568627451,3.0,0
2010-08-19,0.2762330402448844,0.5,1.8181818181818181,0.0,0.0,0,0.0,0.1767920282871665,0.0,1e-06,1.0,Utsuroi,1e-06,0.9803921568627451,3.0,0
2010-08-20,0.2711274575497848,1.0,0.9523809523809523,1.241804436979335e-10,0.9999999998748196,1,1.5544960294601446e-20,0.33751205400260365,0.3333333333333333,1e-06,0.10952295460272443,Utsuroi,1e-06,0.9803921568627451,3.0,0
2010-08-23,0.2650691565937883,1.0,0.9523809523809523,1.578615016470225e-11,0.9999999999832139,1,2.6498833797265157e-22,0.33751205400260365,0.3333333333333333,1e-06,1.0,Utsuroi,1e-06,0.9803921568627451,3.0,0
2010-08-24,0.28535750035187135,1.0,0.9523809523809523,1.7175261213088964e-11,0.9999999999818248,1,3.1216447900743386e-22,0.33751205400260365,0.3333333333333333,1e-06,1.0,Utsuroi,1e-06,0.9803921568627451,3.0,0
2010-08-25,0.2826193839872514,1.0,0.9523809523809523,1.3171959070328719e-09,0.9999999986818041,1,1.736322225416949e-18,0.33751205400260365,0.3333333333333333,1e-06,1.0,Utsuroi,1e-06,0.9803921568627451,3.0,0
2010-08-26,0.3155525633786504,0.0,20.0,4.129104834969465e-10,0.9999999995860895,1,1.7090796876625904e-19,0.016072002571568628,0.3333333333333333,1e-06,0.06294928022592627,Utsuroi,1e-06,0.9803921568627451,3.0,0
2010-08-27,0.3027472527472528,1.0,0.9523809523809523,0.0,0.0,0,0.0,0.33751205400260365,0.0,1e-06,0.8873603936096834,Utsuroi,1e-06,0.9803921568627451,3.0,0
2010-08-30,0.32848166326427203,1.0,0.9523809523809523,0.0,0.0,0,0.0,0.33751205400260365,0.0,1e-06,1.0,Utsuroi,1e-06,0.9803921568627451,3.0,0
2010-08-31,0.3346848803370543,2.0,0.48780487804878053,0.0,0.0,0,0.0,0.6589521054329958,0.0,1e-06,0.00820492412620688,Utsuroi,1e-06,0.9803921568627451,3.0,0
2010-09-01,0.3280415236936976,2.0,0.48780487804878053,0.0,0.0,0,0.0,0.6589521054329958,0.0,1e-06,1.0,Utsuroi,1e-06,0.9803921568627451,3.0,0
2010-09-02,0.32969204708335154,1.0,0.9523809523809523,0.0,0.0,0,0.0,0.33751205400260365,0.0,1e-06,0.030846946422049104,Utsuroi,1e-06,0.9803921568627451,3.0,0
2010-09-03,0.3231587253326384,2.0,0.48780487804878053,0.0,0.0,0,0.0,0.6589521054329958,0.0,1e-06,0.00820492412620688,Utsuroi,1e-06,0.9803921568627451,3.0,0
2010-09-07,0.32049037918603146,1.5,0.6451612903225806,0.0,0.0,0,0.0,0.49823207971788014,0.0,1e-06,0.008885133535434853,Utsuroi,1e-06,0.9803921568627451,3.0,0
2010-09-08,0.31350316350316354,1.0,0.9523809523809523,0.0,0.0,0,0.0,0.33751205400260365,0.0,1e-06,0.03788891119591109,Utsuroi,1e-06,0.9803921568627451,3.0,0
2010-09-09,0.3049479506001246,1.0,0.9523809523809523,0.0,0.0,0,0.0,0.33751205400260365,0.0,1e-06,1.0,Utsuroi,1e-06,0.9803921568627451,3.0,0
2010-09-10,0.29171460272162486,2.0,0.48780487804878053,1.1691869693934795e-10,0.9999999998820813,1,1.3786897805304557e-20,0.6589521054329958,0.3333333333333333,1e-06,0.04908490860651604,Utsuroi,1e-06,0.9803921568627451,3.0,0
2010-09-13,0.27272598591749847,1.0,0.9523809523809523,2.1195900587975373e-10,0.999999999787041,1,4.513857449532165e-20,0.33751205400260365,0.3333333333333333,1e-06,0.21261921927841487,Utsuroi,1e-06,0.9803921568627451,3.0,0
2010-09-14,0.2692467501310597,1.0,0.9523809523809523,0.0,0.0,0,0.0,0.33751205400260365,0.0,1e-06,1.0,Utsuroi,1e-06,0.9803921568627451,3.0,0
2010-09-15,0.2708356178127525,1.0,0.9523809523809523,0.0,0.0,0,0.0,0.33751205400260365,0.0,1e-06,1.0,Utsuroi,1e-06,0.9803921568627451,3.0,0
2010-09-16,0.2608276628683763,1.0,0.9523809523809523,0.0,0.0,0,0.0,0.33751205400260365,0.0,1e-06,1.0,Utsuroi,1e-06,0.9803921568627451,3.0,0
2010-09-17,0.26727915384030626,1.0,0.9523809523809523,0.0,0.0,0,0.0,0.33751205400260365,0.0,1e-06,1.0,Utsuroi,1e-06,0.9803921568627451,3.0,0
2010-09-20,0.28729190533442855,2.0,0.48780487804878053,0.0,0.0,0,0.0,0.6589521054329958,0.0,1e-06,0.00820492412620688,Utsuroi,1e-06,0.9803921568627451,3.0,0
2010-09-21,0.273622549507096,1.0,0.9523809523809523,0.0,0.0,0,0.0,0.33751205400260365,0.0,1e-06,0.030846946422049104,Utsuroi,1e-06,0.9803921568627451,3.0,0
2010-09-22,0.2838639037277494,1.5,0.6451612903225806,0.0,0.0,0,0.0,0.49823207971788014,0.0,1e-06,0.017580289320236364,Utsuroi,1e-06,0.9803921568627451,3.0,0
2010-09-23,0.290875275876078,2.0,0.48780487804878053,0.0,0.0,0,0.0,0.6589521054329958,0.0,1e-06,0.005089539981662727,Utsuroi,1e-06,0.9803921568627451,3.0,0
2010-09-24,0.2998023848833263,2.0,0.48780487804878053,0.0,0.0,0,0.0,0.6589521054329958,0.0,1e-06,1.0,Utsuroi,1e-06,0.9803921568627451,3.0,0
2010-09-27,0.2958210119502986,2.0,0.48780487804878053,0.0,0.0,0,0.0,0.6589521054329958,0.0,1e-06,1.0,Utsuroi,1e-06,0.9803921568627451,3.0,0
2010-09-28,0.27873094768852635,2.0,0.48780487804878053,0.0,0.0,0,0.0,0.6589521054329958,0.0,1e-06,1.0,Utsuroi,1e-06,0.9803921568627451,3.0,0
2010-09-29,0.2820448553106385,2.0,0.48780487804878053,0.0,0.0,0,0.0,0.6589521054329958,0.0,1e-06,1.0,Utsuroi,1e-06,0.9803921568627451,3.0,0
2010-09-30,0.27294555455529823,1.0,0.9523809523809523,0.0,0.0,0,0.0,0.33751205400260365,0.0,1e-06,0.030846946422049104,Utsuroi,1e-06,0.9803921568627451,3.0,0
2010-10-01,0.26953423979149227,1.0,0.9523809523809523,0.0,0.0,0,0.0,0.33751205400260365,0.0,1e-06,1.0,Utsuroi,1e-06,0.9803921568627451,3.0,0
2010-10-04,0.2846576556693866,1.0,0.9523809523809523,0.0,0.0,0,0.0,0.33751205400260365,0.0,1e-06,1.0,Utsuroi,1e-06,0.9803921568627451,3.0,0
2010-10-05,0.31154181990168456,1.5,0.6451612903225806,0.0,0.0,0,0.0,0.49823207971788014,0.0,1e-06,0.017580289320236364,Utsuroi,1e-06,0.9803921568627451,3.0,0
2010-10-06,0.31009075223683624,1.0,0.9523809523809523,0.0,0.0,0,0.0,0.33751205400260365,0.0,1e-06,0.03788891119591109,Utsuroi,1e-06,0.9803921568627451,3.0,0
2010-10-07,0.31815567488652335,2.0,0.48780487804878053,0.0,0.0,0,0.0,0.6589521054329958,0.0,1e-06,0.00820492412620688,Utsuroi,1e-06,0.9803921568627451,3.0,0
2010-10-08,0.320177515535614,2.0,0.48780487804878053,0.0,0.0,0,0.0,0.6589521054329958,0.0,1e-06,1.0,Utsuroi,1e-06,0.9803921568627451,3.0,0
2010-10-11,0.3307134924764861,2.0,0.48780487804878053,0.0,0.0,0,0.0,0.6589521054329958,0.0,1e-06,1.0,Utsuroi,1e-06,0.9803921568627451,3.0,0
2010-10-12,0.3226742138151231,2.0,0.48780487804878053,0.0,0.0,0,0.0,0.6589521054329958,0.0,1e-06,1.0,Utsuroi,1e-06,0.9803921568627451,3.0,0
2010-10-13,0.2977842494233708,2.0,0.48780487804878053,1.8552370749028928e-10,0.9999999998134763,1,3.460456564755637e-20,0.6589521054329958,0.3333333333333333,1e-06,0.6511466998765344,Utsuroi,1e-06,0.9803921568627451,3.0,0
2010-10-14,0.3469950339515558,2.0,0.48780487804878053,0.0,0.0,0,0.0,0.6589521054329958,0.0,1e-06,1.0,Utsuroi,1e-06,0.9803921568627451,3.0,0
2010-10-15,0.3477515238384804,2.0,0.48780487804878053,6.552802744642335e-11,0.999999999933472,1,4.359448959017932e-21,0.6589521054329958,0.3333333333333333,1e-06,0.6511466998765344,Utsuroi,1e-06,0.9803921568627451,3.0,0
2010-10-18,0.36505451070668465,1.5,0.6451612903225806,0.0,0.0,0,0.0,0.49823207971788014,0.0,1e-06,0.4565398168186472,Utsuroi,1e-06,0.9803921568627451,3.0,0
2010-10-19,0.36856187290969905,3.0,0.3278688524590164,8.375100612663737e-11,0.999999999915249,1,7.097980180935108e-21,0.9803921568627451,0.3333333333333333,1e-06,0.02675185419213255,Katashi,1e-06,0.9803921568627451,3.0,0
2010-10-20,0.3683005400396705,3.0,0.3278688524590164,5.87951909363118e-11,0.9999999999402048,1,3.515668367627996e-21,0.9803921568627451,0.3333333333333333,1e-06,1.0,Katashi,1e-06,0.9803921568627451,3.0,0
2010-10-21,0.38564478999261614,3.0,0.3278688524590164,2.349653804826235e-11,0.9999999999755035,1,5.755833185249021e-22,0.9803921568627451,0.3333333333333333,1e-06,1.0,Katashi,1e-06,0.9803921568627451,3.0,0
2010-10-22,0.38081700907787863,1.0,0.9523809523809523,0.6891541378465501,0.5446526880299598,2,0.3138044842014571,0.33751205400260365,0.6666666666666666,1e-06,0.6968723945038475,Utsuroi,1e-06,0.9803921568627451,3.0,0
2010-10-25,0.3682455225933487,1.0,0.9523809523809523,1.3023715438569706e-10,0.9999999998687629,1,1.7091950656921195e-20,0.33751205400260365,0.3333333333333333,1e-06,0.7665110141227666,Utsuroi,1e-06,0.9803921568627451,3.0,0
2010-10-26,0.3626062343453648,3.0,0.3278688524590164,0.0,0.0,0,0.0,0.9803921568627451,0.0,1e-06,0.06836008853919784,Katashi,1e-06,0.9803921568627451,3.0,0
2010-10-27,0.3564305259957434,2.5,0.3921568627450981,0.0,0.0,0,0.0,0.8196721311479507,0.0,1e-06,0.001331139266664616,Utsuroi,1e-06,0.9803921568627451,3.0,0
2010-10-28,0.3520068467605438,2.0,0.48780487804878053,5.699299919261776e-10,0.99999999942907,1,3.2539011317395446e-19,0.6589521054329958,0.3333333333333333,1e-06,0.7798914115341952,Utsuroi,1e-06,0.9803921568627451,3.0,0
2010-10-29,0.34317571536178115,1.0,0.9523809523809523,4.201562430418348e-10,0.9999999995788438,1,1.7695141555275428e-19,0.33751205400260365,0.3333333333333333,1e-06,0.21261921927841487,Utsuroi,1e-06,0.9803921568627451,3.0,0
2010-11-01,0.3454861826604925,2.0,0.48780487804878053,0.5216895759754973,0.7840844553034882,2,0.11264088895924174,0.6589521054329958,0.6666666666666666,1e-06,0.028943871901635276,Utsuroi,1e-06,0.9803921568627451,3.0,0
2010-11-02,0.3540652399603551,2.0,0.48780487804878053,0.605282529533336,0.7064696256571207,2,0.17766880747712502,0.6589521054329958,0.6666666666666666,1e-06,0.6392443589802084,Utsuroi,1e-06,0.9803921568627451,3.0,0
2010-11-03,0.33064199639738295,2.0,0.48780487804878053,7.690847958448582e-12,0.9999999999913092,1,6.683982014392187e-23,0.6589521054329958,0.3333333333333333,1e-06,0.7868343287267001,Utsuroi,1e-06,0.9803921568627451,3.0,0
2010-11-04,0.35153713106847745,2.0,0.48780487804878053,0.4374888745498659,0.8413113954307079,2,0.06942449901690832,0.6589521054329958,0.6666666666666666,1e-06,0.4057002073134356,Utsuroi,1e-06,0.9803921568627451,3.0,0
2010-11-05,0.34433435379295835,2.0,0.48780487804878053,6.957656672992232e-12,0.9999999999920424,1,5.536648913710876e-23,0.6589521054329958,0.3333333333333333,1e-06,0.6887529737810755,Utsuroi,1e-06,0.9803921568627451,3.0,0
2010-11-08,0.3321022689426408,3.0,0.3278688524590164,5.673794767325093e-12,0.9999999999933262,1,3.7865616315074345e-23,0.9803921568627451,0.3333333333333333,1e-06,0.031102950540297325,Katashi,1e-06,0.9803921568627451,3.0,0
2010-11-09,0.39914660407959407,2.0,0.48780487804878053,8.411937812936094e-12,0.9999999999905881,1,7.917244949547457e-23,0.6589521054329958,0.3333333333333333,1e-06,0.06529797117021863,Utsuroi,1e-06,0.9803921568627451,3.0,0
2010-11-10,0.41033268843967546,2.5,0.3921568627450981,1.219901957219215e-11,0.999999999986801,1,1.610148282326791e-22,0.8196721311479507,0.3333333333333333,1e-06,0.04392361113019483,Utsuroi,1e-06,0.9803921568627451,3.0,0
2010-11-11,0.4229216664997161,2.0,0.48780487804878053,2.0439427927724734e-11,0.9999999999785606,1,4.382091897897617e-22,0.6589521054329958,0.3333333333333333,1e-06,0.06570310024921278,Utsuroi,1e-06,0.9803921568627451,3.0,0
2010-11-12,0.46599492613398225,2.0,0.48780487804878053,5.300615501933825e-11,0.9999999999459939,1,2.862657452443404e-21,0.6589521054329958,0.3333333333333333,1e-06,1.0,Utsuroi,1e-06,0.9803921568627451,3.0,0
2010-11-15,0.4304836449743223,3.0,0.3278688524590164,3.66682240120058e-11,0.9999999999623318,1,1.3812260650684512e-21,0.9803921568627451,0.3333333333333333,1e-06,0.031102950540297325,Katashi,1e-06,0.9803921568627451,3.0,0
2010-11-16,0.45062556421748984,2.0,0.48780487804878053,3.851102769268481e-10,0.9999999996138897,1,1.4869502718100484e-19,0.6589521054329958,0.3333333333333333,1e-06,0.06529797117021863,Utsuroi,1e-06,0.9803921568627451,3.0,0
2010-11-17,0.4237370935414829,3.0,0.3278688524590164,3.840394668863788e-11,0.9999999999605961,1,1.5132662184208132e-21,0.9803921568627451,0.3333333333333333,1e-06,0.031102950540297325,Katashi,1e-06,0.9803921568627451,3.0,0
2010-11-18,0.4628180802863133,2.0,0.48780487804878053,1.1974721213884792e-10,0.9999999998792528,1,1.4459139379023675e-20,0.6589521054329958,0.3333333333333333,1e-06,0.06529797117021863,Utsuroi,1e-06,0.9803921568627451,3.0,0
2010-11-19,0.439985748789054,2.0,0.48780487804878053,0.5387755650629812,0.7704140425218337,2,0.12369530397082465,0.6589521054329958,0.6666666666666666,1e-06,0.39765484241492044,Utsuroi,1e-06,0.9803921568627451,3.0,0
2010-11-22,0.416223454291047,3.0,0.3278688524590164,5.933187274638338e-11,0.9999999999396681,1,3.579601683924283e-21,0.9803921568627451,0.3333333333333333,1e-06,0.45375133702078585,Katashi,1e-06,0.9803921568627451,3.0,0
2010-11-23,0.42518385967852707,2.0,0.48780487804878053,5.026071779721032e-10,0.9999999994963928,1,2.531165714722536e-19,0.6589521054329958,0.3333333333333333,1e-06,0.06529797117021863,Utsuroi,1e-06,0.9803921568627451,3.0,0
2010-11-24,0.43098539230384303,2.0,0.48780487804878053,0.0,0.0,0,0.0,0.6589521054329958,0.0,1e-06,1.0,Utsuroi,1e-06,0.9803921568627451,3.0,0
2010-11-26,0.43902929013881686,2.0,0.48780487804878053,0.0,0.0,0,0.0,0.6589521054329958,0.0,1e-06,1.0,Utsuroi,1e-06,0.9803921568627451,3.0,0
2010-11-29,0.45051667890762953,2.0,0.48780487804878053,0.0,0.0,0,0.0,0.6589521054329958,0.0,1e-06,1.0,Utsuroi,1e-06,0.9803921568627451,3.0,0
2010-11-30,0.4414033984702843,2.0,0.48780487804878053,0.0,0.0,0,0.0,0.6589521054329958,0.0,1e-06,1.0,Utsuroi,1e-06,0.9803921568627451,3.0,0
2010-12-01,0.4388657983984086,1.0,0.9523809523809523,0.0,0.0,0,0.0,0.33751205400260365,0.0,1e-06,0.030846946422049104,Utsuroi,1e-06,0.9803921568627451,3.0,0
2010-12-02,0.4418006977012344,2.0,0.48780487804878053,0.0,0.0,0,0.0,0.6589521054329958,0.0,1e-06,0.00820492412620688,Utsuroi,1e-06,0.9803921568627451,3.0,0
2010-12-03,0.44149144017563996,1.0,0.9523809523809523,0.0,0.0,0,0.0,0.33751205400260365,0.0,1e-06,0.030846946422049104,Utsuroi,1e-06,0.9803921568627451,3.0,0
2010-12-06,0.44607861882675764,1.5,0.6451612903225806,4.0422332147324844e-11,0.9999999999585777,1,1.6743863741991163e-21,0.49823207971788014,0.3333333333333333,1e-06,0.14668112436681646,Utsuroi,1e-06,0.9803921568627451,3.0,0
2010-12-07,0.38140073905572713,2.0,0.48780487804878053,0.0,0.0,0,0.0,0.6589521054329958,0.0,1e-06,0.4544585707009565,Utsuroi,1e-06,0.9803921568627451,3.0,0
2010-12-08,0.3755272964474148,1.0,0.9523809523809523,0.0,0.0,0,0.0,0.33751205400260365,0.0,1e-06,0.030846946422049104,Utsuroi,1e-06,0.9803921568627451,3.0,0
2010-12-09,0.3827996466736509,2.0,0.48780487804878053,6.739175883773588e-11,0.9999999999316083,1,4.609039427417237e-21,0.6589521054329958,0.3333333333333333,1e-06,0.04908490860651604,Utsuroi,1e-06,0.9803921568627451,3.0,0
2010-12-10,0.3450830427826793,2.0,0.48780487804878053,3.995215269641546e-11,0.9999999999590479,1,1.6361257739972537e-21,0.6589521054329958,0.3333333333333333,1e-06,1.0,Utsuroi,1e-06,0.9803921568627451,3.0,0
2010-12-13,0.33143885100406845,2.0,0.48780487804878053,3.831746031502299e-11,0.9999999999606826,1,1.5065443776898493e-21,0.6589521054329958,0.3333333333333333,1e-06,1.0,Utsuroi,1e-06,0.9803921568627451,3.0,0
2010-12-14,0.336913086913087,2.5,0.3921568627450981,0.0,0.0,0,0.0,0.8196721311479507,0.0,1e-06,0.45315599632901893,Utsuroi,1e-06,0.9803921568627451,3.0,0
2010-12-15,0.3303797651623739,2.0,0.48780487804878053,0.0,0.0,0,0.0,0.6589521054329958,0.0,1e-06,0.003073532174881266,Utsuroi,1e-06,0.9803921568627451,3.0,0
2010-12-16,0.32816879961385464,1.0,0.9523809523809523,0.0,0.0,0,0.0,0.33751205400260365,0.0,1e-06,0.030846946422049104,Utsuroi,1e-06,0.9803921568627451,3.0,0
2010-12-17,0.3328101565806176,2.0,0.48780487804878053,0.0,0.0,0,0.0,0.6589521054329958,0.0,1e-06,0.00820492412620688,Utsuroi,1e-06,0.9803921568627451,3.0,0
2010-12-20,0.32232152545053916,1.0,0.9523809523809523,3.7337133384317034e-11,0.9999999999616629,1,1.431397836808403e-21,0.33751205400260365,0.3333333333333333,1e-06,0.7265441216498114,Utsuroi,1e-06,0.9803921568627451,3.0,0
2010-12-21,0.31965131845395955,2.0,0.48780487804878053,4.401834452393031e-11,0.9999999999549817,1,1.9816320254344407e-21,0.6589521054329958,0.3333333333333333,1e-06,0.07051212453160405,Utsuroi,1e-06,0.9803921568627451,3.0,0
2010-12-22,0.3102841320339648,2.0,0.48780487804878053,0.0,0.0,0,0.0,0.6589521054329958,0.0,1e-06,1.0,Utsuroi,1e-06,0.9803921568627451,3.0,0
2010-12-23,0.3466244179103891,2.0,0.48780487804878053,0.0,0.0,0,0.0,0.6589521054329958,0.0,1e-06,1.0,Utsuroi,1e-06,0.9803921568627451,3.0,0
2010-12-27,0.33702237008477365,1.0,0.9523809523809523,0.0,0.0,0,0.0,0.33751205400260365,0.0,1e-06,0.030846946422049104,Utsuroi,1e-06,0.9803921568627451,3.0,0
2010-12-28,0.3483424544119302,2.0,0.48780487804878053,0.0,0.0,0,0.0,0.6589521054329958,0.0,1e-06,0.00820492412620688,Utsuroi,1e-06,0.9803921568627451,3.0,0
2010-12-29,0.3177368399109126,2.0,0.48780487804878053,0.0,0.0,0,0.0,0.6589521054329958,0.0,1e-06,1.0,Utsuroi,1e-06,0.9803921568627451,3.0,0
2010-12-30,0.3329505274062384,2.0,0.48780487804878053,7.378864186056315e-11,0.9999999999252114,1,5.5185506773616576e-21,0.6589521054329958,0.3333333333333333,1e-06,0.6511466998765344,Utsuroi,1e-06,0.9803921568627451,3.0,0
