date,mean_corr,curv,eta,entropy,dominance,h1_count,v_raw,Oh,Xi,phi,DEF,regime,phi_c,Oh_pre,Xi_c,sps
2022-02-03,0.18784331610418567,0.0,20.0,0.0,0.0,0,0.0,0.01607200257156863,0.0,1e-06,1.0,Utsuroi,1e-06,0.9803921568627452,3.0,0
2022-02-04,0.15942680507897902,0.0,20.0,1.9203194589830362e-11,0.9999999999797968,1,3.8796545224093376e-22,0.01607200257156863,0.3333333333333333,1e-06,0.7309026083355067,Utsuroi,1e-06,0.9803921568627452,3.0,0
2022-02-07,0.12820440429136082,1.0,0.9523809523809523,4.364919536825899e-11,0.9999999999553508,1,1.9489004861129043e-21,0.33751205400260376,0.3333333333333333,1e-06,0.6749983902469886,Utsuroi,1e-06,0.9803921568627452,3.0,0
2022-02-08,0.12263388785127918,1.0,0.9523809523809523,0.5513040891862426,0.7598054404111039,2,0.13242024290164706,0.33751205400260376,0.6666666666666666,1e-06,0.272296259804784,Utsuroi,1e-06,0.9803921568627452,3.0,0
2022-02-09,0.12747542312759708,0.0,20.0,0.1646186635890109,0.9610419049319936,2,0.006413229546068851,0.01607200257156863,0.6666666666666666,1e-06,0.24414959461029662,Utsuroi,1e-06,0.9803921568627452,3.0,0
2022-02-10,0.17468039207169642,0.5,1.8181818181818181,7.031708548511636e-11,0.9999999999286829,1,5.014808041250178e-21,0.17679202828716653,0.3333333333333333,1e-06,0.7546598313197959,Utsuroi,1e-06,0.9803921568627452,3.0,0
2022-02-11,0.15282471152036373,0.0,20.0,1.2070866527805675e-10,0.9999999998782914,1,1.469128786909866e-20,0.01607200257156863,0.3333333333333333,1e-06,0.07592048937556994,Utsuroi,1e-06,0.9803921568627452,3.0,0
2022-02-14,0.1528247115203637,1.0,0.9523809523809523,0.0,0.0,0,0.0,0.33751205400260376,0.0,1e-06,0.6419010641104335,Utsuroi,1e-06,0.9803921568627452,3.0,0
2022-02-15,0.1457412153064327,0.0,20.0,0.6908454795121488,0.5339111674996515,2,0.32199536298396086,0.01607200257156863,0.6666666666666666,1e-06,0.08173129409267299,Utsuroi,1e-06,0.9803921568627452,3.0,0
2022-02-16,0.15856028029941072,1.0,0.9523809523809523,2.8502977755371856e-11,0.999999999970497,1,8.409220881560888e-22,0.33751205400260376,0.3333333333333333,1e-06,0.8210916219695501,Utsuroi,1e-06,0.9803921568627452,3.0,0
2022-02-17,0.15649712606234345,1.0,0.9523809523809523,9.976941494674571e-11,0.9999999998992306,1,1.0053703367198103e-20,0.33751205400260376,0.3333333333333333,1e-06,1.0,Utsuroi,1e-06,0.9803921568627452,3.0,0
2022-02-18,0.1606371888980585,1.0,0.9523809523809523,0.6929182537336913,0.5106983493811061,2,0.3390460452958567,0.33751205400260376,0.6666666666666666,1e-06,0.22499030118034424,Utsuroi,1e-06,0.9803921568627452,3.0,0
2022-02-22,0.14468212946473816,1.0,0.9523809523809523,0.0,0.0,0,0.0,0.33751205400260376,0.0,1e-06,1.0,Utsuroi,1e-06,0.9803921568627452,3.0,0
2022-02-23,0.12618251313903486,2.0,0.48780487804878053,0.6398474331842054,0.6617804696890236,2,0.21640889832224583,0.6589521054329959,0.6666666666666666,1e-06,0.06187805048406758,Utsuroi,1e-06,0.9803921568627452,3.0,0
2022-02-24,0.11786112438286353,1.0,0.9523809523809523,0.672245018974347,0.6018727567273279,2,0.2676390562080419,0.33751205400260376,0.6666666666666666,1e-06,0.4727757700953932,Utsuroi,1e-06,0.9803921568627452,3.0,0
2022-02-25,0.12787429961343005,1.0,0.9523809523809523,1.0635226173476076,0.46604835547544304,4,0.5678696505218161,0.33751205400260376,1.3333333333333333,1e-06,0.06333896175314724,Utsuroi,1e-06,0.9803921568627452,3.0,0
2022-02-28,0.14824450911407433,0.0,20.0,0.22667959675408883,0.9487791647803944,3,0.011610718272987836,0.01607200257156863,1.0,1e-06,0.6082074134718121,Utsuroi,1e-06,0.9803921568627452,3.0,0
2022-03-01,0.16173753782449438,-1.0,0.9523809523809523,1.116064098526798,0.4393458713694439,4,0.625725944655389,0.33751205400260376,1.3333333333333333,1e-06,0.39773840494202506,Utsuroi,1e-06,0.9803921568627452,3.0,0
2022-03-02,0.14814822858301122,-1.0,0.9523809523809523,0.9096154873223377,0.4807069827294196,3,0.4723569709676661,0.33751205400260376,1.0,1e-06,0.09811863138404275,Utsuroi,1e-06,0.9803921568627452,3.0,0
2022-03-03,0.15777628168932514,0.0,20.0,0.6417201909166813,0.6589641054605223,2,0.21884961935331482,0.01607200257156863,0.6666666666666666,1e-06,0.5112897668791861,Utsuroi,1e-06,0.9803921568627452,3.0,0
2022-03-04,0.18276795668100015,0.0,20.0,0.9742970325746564,0.5458511328771197,3,0.4424758935849642,0.01607200257156863,1.0,1e-06,0.2927091223794567,Utsuroi,1e-06,0.9803921568627452,3.0,0
2022-03-07,0.17992080383384731,1.0,0.9523809523809523,0.9425127105126196,0.6064718871613906,3,0.37090524829443383,0.33751205400260376,1.0,1e-06,0.8745036132566653,Utsuroi,1e-06,0.9803921568627452,3.0,0
2022-03-08,0.1471579145492189,0.0,20.0,0.24169365904315585,0.9345550969013676,2,0.01581761809563323,0.01607200257156863,0.6666666666666666,1e-06,0.4441463512955437,Utsuroi,1e-06,0.9803921568627452,3.0,0
2022-03-09,0.14305911479824523,-1.0,0.9523809523809523,0.12000984999224587,0.9741489989465926,2,0.0031023747585688156,0.33751205400260376,0.6666666666666666,1e-06,0.7499071357401876,Utsuroi,1e-06,0.9803921568627452,3.0,0
2022-03-10,0.13852017547669723,1.0,0.9523809523809523,0.7152257825992383,0.7077891238333179,3,0.2089967525903243,0.33751205400260376,1.0,1e-06,0.22643635262160855,Utsuroi,1e-06,0.9803921568627452,3.0,0
2022-03-11,0.14931734931734933,0.0,20.0,0.6342357753765362,0.6699192945472046,2,0.20934899215968777,0.01607200257156863,0.6666666666666666,1e-06,0.4002269907782501,Utsuroi,1e-06,0.9803921568627452,3.0,0
2022-03-14,0.1539113060852191,0.0,20.0,0.642156810740365,0.6582997454698614,2,0.21942514567824478,0.01607200257156863,0.6666666666666666,1e-06,0.7390914514964368,Utsuroi,1e-06,0.9803921568627452,3.0,0
2022-03-15,0.13116159203115726,2.0,0.48780487804878053,0.6361305750328465,0.6672190839016072,2,0.21169211551762807,0.6589521054329959,0.6666666666666666,1e-06,0.4209408105672021,Utsuroi,1e-06,0.9803921568627452,3.0,0
2022-03-16,0.10766914245175116,0.5,1.8181818181818181,0.6392450852550591,0.6626751722191916,2,0.21563323829339098,0.17679202828716653,0.6666666666666666,1e-06,0.6326452782384608,Utsuroi,1e-06,0.9803921568627452,3.0,0
2022-03-17,0.13538418103635497,1.0,0.9523809523809523,0.8711426731086995,0.6319047025537502,3,0.3206635213760679,0.33751205400260376,1.0,1e-06,0.024779822962294862,Utsuroi,1e-06,0.9803921568627452,3.0,0
2022-03-18,0.13051513703687617,1.0,0.9523809523809523,0.36953918594740076,0.9049896738883316,3,0.035110038567903006,0.33751205400260376,1.0,1e-06,0.949646196926771,Utsuroi,1e-06,0.9803921568627452,3.0,0
2022-03-21,0.14415946372468114,1.0,0.9523809523809523,2.2168455957335166e-10,0.9999999997773155,1,4.936572361425686e-20,0.33751205400260376,0.3333333333333333,1e-06,0.5233566225937474,Utsuroi,1e-06,0.9803921568627452,3.0,0
2022-03-22,0.1460850743459439,1.0,0.9523809523809523,0.0,0.0,0,0.0,0.33751205400260376,0.0,1e-06,1.0,Utsuroi,1e-06,0.9803921568627452,3.0,0
2022-03-23,0.1445583402105141,1.0,0.9523809523809523,0.6545112862707244,0.6380863730630669,2,0.23687655348539516,0.33751205400260376,0.6666666666666666,1e-06,0.21433081959796663,Utsuroi,1e-06,0.9803921568627452,3.0,0
2022-03-24,0.1446546207415773,1.0,0.9523809523809523,0.7227894099425937,0.7406022999167333,3,0.1874899105836502,0.33751205400260376,1.0,1e-06,0.26365824073450894,Utsuroi,1e-06,0.9803921568627452,3.0,0
2022-03-25,0.1454661280748237,1.0,0.9523809523809523,0.6361367397820363,0.6672102215896843,2,0.2116998046707245,0.33751205400260376,0.6666666666666666,1e-06,0.3639586326912664,Utsuroi,1e-06,0.9803921568627452,3.0,0
2022-03-28,0.1695087521174478,2.0,0.48780487804878053,0.8549152151585366,0.6160664954851757,3,0.32823059461886206,0.6589521054329959,1.0,1e-06,0.017451955880068315,Utsuroi,1e-06,0.9803921568627452,3.0,0
2022-03-29,0.16261781696564306,2.0,0.48780487804878053,0.6032807803491661,0.7087346406675027,2,0.17571479326678924,0.6589521054329959,0.6666666666666666,1e-06,0.49208484463612157,Utsuroi,1e-06,0.9803921568627452,3.0,0
2022-03-30,0.15505291809639635,1.0,0.9523809523809523,0.2074762119313791,0.9469234465980005,2,0.011012122242220401,0.33751205400260376,0.6666666666666666,1e-06,0.38723849603392646,Utsuroi,1e-06,0.9803921568627452,3.0,0
2022-03-31,0.17121429295342336,2.0,0.48780487804878053,1.3696821454693058e-11,0.9999999999853032,1,2.0129943642065474e-22,0.6589521054329959,0.3333333333333333,1e-06,0.30168962023905377,Utsuroi,1e-06,0.9803921568627452,3.0,0
2022-04-01,0.1804847326586457,1.0,0.9523809523809523,0.0,0.0,0,0.0,0.33751205400260376,0.0,1e-06,0.14130154965142705,Utsuroi,1e-06,0.9803921568627452,3.0,0
2022-04-04,0.17838031533683713,1.0,0.9523809523809523,0.43655664610537526,0.8418695790674943,2,0.06903288620952593,0.33751205400260376,0.6666666666666666,1e-06,0.25813938971593664,Utsuroi,1e-06,0.9803921568627452,3.0,0
2022-04-05,0.16890356020790806,1.0,0.9523809523809523,8.749334590116446e-12,0.9999999999902507,1,8.529999681000496e-23,0.33751205400260376,0.3333333333333333,1e-06,0.5481569235854664,Utsuroi,1e-06,0.9803921568627452,3.0,0
2022-04-06,0.18286423721206332,1.0,0.9523809523809523,8.113398841617155e-12,0.9999999999908866,1,7.39404601227662e-23,0.33751205400260376,0.3333333333333333,1e-06,1.0,Utsuroi,1e-06,0.9803921568627452,3.0,0
2022-04-07,0.21894192763757983,2.0,0.48780487804878053,7.480571717586382e-12,0.9999999999915195,1,6.343935945669103e-23,0.6589521054329959,0.3333333333333333,1e-06,0.03960606250838483,Utsuroi,1e-06,0.9803921568627452,3.0,0
2022-04-08,0.22745587745587748,1.0,0.9523809523809523,0.22686923852597285,0.9400357155686317,2,0.013604051547699364,0.33751205400260376,0.6666666666666666,1e-06,0.7873537129326731,Utsuroi,1e-06,0.9803921568627452,3.0,0
2022-04-11,0.22053743358091188,0.0,20.0,0.9540257546014304,0.5632292292283594,3,0.4166905641732628,0.01607200257156863,1.0,1e-06,0.1518054620598016,Utsuroi,1e-06,0.9803921568627452,3.0,0
2022-04-12,0.20715443976313544,0.0,20.0,0.930703760575992,0.5021587770330157,3,0.4633426983851232,0.01607200257156863,1.0,1e-06,0.5520461795365041,Utsuroi,1e-06,0.9803921568627452,3.0,0
2022-04-13,0.20311065745848358,1.0,0.9523809523809523,1.4026668714418927e-10,0.9999999998587333,1,1.9815007108009195e-20,0.33751205400260376,0.3333333333333333,1e-06,0.9416592882628781,Utsuroi,1e-06,0.9803921568627452,3.0,0
2022-04-14,0.22338458642806466,2.0,0.48780487804878053,0.0,0.0,0,0.0,0.6589521054329959,0.0,1e-06,0.13498861671901508,Utsuroi,1e-06,0.9803921568627452,3.0,0
2022-04-18,0.23321895495808548,2.0,0.48780487804878053,0.0,0.0,0,0.0,0.6589521054329959,0.0,1e-06,1.0,Utsuroi,1e-06,0.9803921568627452,3.0,0
2022-04-19,0.20132259045302528,1.0,0.9523809523809523,9.595002569780784e-11,0.99999999990305,1,9.302355334979063e-21,0.33751205400260376,0.3333333333333333,1e-06,0.48421539144521,Utsuroi,1e-06,0.9803921568627452,3.0,0
2022-04-20,0.1978152282500109,1.0,0.9523809523809523,1.6974865957147745e-11,0.9999999999820252,1,3.0512056470978115e-22,0.33751205400260376,0.3333333333333333,1e-06,1.0,Utsuroi,1e-06,0.9803921568627452,3.0,0
2022-04-21,0.22620423055205668,2.0,0.48780487804878053,4.786309125663879e-10,0.9999999995203691,1,2.2956617084361385e-19,0.6589521054329959,0.3333333333333333,1e-06,0.03960606250838483,Utsuroi,1e-06,0.9803921568627452,3.0,0
2022-04-22,0.25101709884318585,0.0,20.0,0.8769815928318984,0.6317372358901017,3,0.3229596654497763,0.01607200257156863,1.0,1e-06,0.2425536997942903,Utsuroi,1e-06,0.9803921568627452,3.0,0
2022-04-25,0.24514398644833435,1.0,0.9523809523809523,1.1691214662350344e-10,0.9999999998820879,1,1.3785359589253957e-20,0.33751205400260376,0.3333333333333333,1e-06,0.9379236426737375,Utsuroi,1e-06,0.9803921568627452,3.0,0
2022-04-26,0.2390095411834543,1.0,0.9523809523809523,6.375622252154036e-11,0.9999999999352438,1,4.1286107224740455e-21,0.33751205400260376,0.3333333333333333,1e-06,1.0,Utsuroi,1e-06,0.9803921568627452,3.0,0
2022-04-27,0.23588730110469244,1.0,0.9523809523809523,3.250666402664896e-11,0.9999999999664934,1,1.0891891510829902e-21,0.33751205400260376,0.3333333333333333,1e-06,1.0,Utsuroi,1e-06,0.9803921568627452,3.0,0
2022-04-28,0.2209363100667449,1.0,0.9523809523809523,1.612954214621299e-11,0.9999999999828705,1,2.7629131518181537e-22,0.33751205400260376,0.3333333333333333,1e-06,1.0,Utsuroi,1e-06,0.9803921568627452,3.0,0
2022-04-29,0.2649915302089215,0.0,20.0,1.9949952798847365e-10,0.9999999997995005,1,3.9999556786349376e-20,0.01607200257156863,0.3333333333333333,1e-06,0.15315095174615312,Utsuroi,1e-06,0.9803921568627452,3.0,0
2022-05-02,0.23799171842650105,1.0,0.9523809523809523,1.452367115355118e-10,0.9999999998537633,1,2.1238935877851975e-20,0.33751205400260376,0.3333333333333333,1e-06,0.6749983902469886,Utsuroi,1e-06,0.9803921568627452,3.0,0
2022-05-03,0.23712519364693285,0.0,20.0,0.6743341855394573,0.5966817445699609,2,0.2719712872886102,0.01607200257156863,0.6666666666666666,1e-06,0.12011115748196588,Utsuroi,1e-06,0.9803921568627452,3.0,0
2022-05-04,0.3185647685647686,1.0,0.9523809523809523,0.6164634922759382,0.6932647736030904,2,0.18909106886868948,0.33751205400260376,0.6666666666666666,1e-06,0.8014399960138405,Utsuroi,1e-06,0.9803921568627452,3.0,0
2022-05-05,0.33893497806541295,0.5,1.8181818181818181,1.4882761689579517e-11,0.9999999999841173,1,2.363790279679763e-22,0.17679202828716653,0.3333333333333333,1e-06,0.2361416954254586,Utsuroi,1e-06,0.9803921568627452,3.0,0
2022-05-06,0.32780769954683003,1.0,0.9523809523809523,0.9027284389119088,0.602392844498227,3,0.3589312867863201,0.33751205400260376,1.0,1e-06,0.03452187907920834,Utsuroi,1e-06,0.9803921568627452,3.0,0
2022-05-09,0.3794003098350925,1.0,0.9523809523809523,0.690396549174254,0.5370682375341399,2,0.31960649130958524,0.33751205400260376,0.6666666666666666,1e-06,0.27924292670775186,Utsuroi,1e-06,0.9803921568627452,3.0,0
2022-05-10,0.3603505190461712,1.0,0.9523809523809523,0.8571632251061168,0.5489577052903347,3,0.38661686799260025,0.33751205400260376,1.0,1e-06,0.1379304703165386,Utsuroi,1e-06,0.9803921568627452,3.0,0
2022-05-11,0.364421810073984,1.0,0.9523809523809523,0.6793594753432732,0.5828378561440702,2,0.2834030551830395,0.33751205400260376,0.6666666666666666,1e-06,0.20643260099432725,Utsuroi,1e-06,0.9803921568627452,3.0,0
2022-05-12,0.3748888792367054,1.0,0.9523809523809523,4.604117087470423e-11,0.9999999999529589,1,2.1658295679294397e-21,0.33751205400260376,0.3333333333333333,1e-06,0.7259269192416189,Utsuroi,1e-06,0.9803921568627452,3.0,0
2022-05-13,0.37330712765495383,1.0,0.9523809523809523,6.767097992840996e-11,0.999999999931329,1,4.64703100756072e-21,0.33751205400260376,0.3333333333333333,1e-06,1.0,Utsuroi,1e-06,0.9803921568627452,3.0,0
2022-05-16,0.37407737190345897,1.0,0.9523809523809523,0.0,0.0,0,0.0,0.33751205400260376,0.0,1e-06,1.0,Utsuroi,1e-06,0.9803921568627452,3.0,0
2022-05-17,0.36802545280806154,1.0,0.9523809523809523,0.0,0.0,0,0.0,0.33751205400260376,0.0,1e-06,1.0,Utsuroi,1e-06,0.9803921568627452,3.0,0
2022-05-18,0.3745037571124528,1.0,0.9523809523809523,0.0,0.0,0,0.0,0.33751205400260376,0.0,1e-06,1.0,Utsuroi,1e-06,0.9803921568627452,3.0,0
2022-05-19,0.36494447581404105,2.0,0.48780487804878053,3.8335667972626125e-11,0.9999999999606644,1,1.50795825885878e-21,0.6589521054329959,0.3333333333333333,1e-06,0.03273621213116684,Utsuroi,1e-06,0.9803921568627452,3.0,0
2022-05-20,0.363871635610766,1.0,0.9523809523809523,4.0552727834161307e-10,0.9999999995934727,1,1.6485789182004618e-19,0.33751205400260376,0.3333333333333333,1e-06,0.13059780572306545,Utsuroi,1e-06,0.9803921568627452,3.0,0
2022-05-23,0.3685618729096991,1.5,0.6451612903225806,2.0312118651637067e-10,0.9999999997958788,1,4.1461333109176044e-20,0.4982320797178802,0.3333333333333333,1e-06,0.06751652853800605,Utsuroi,1e-06,0.9803921568627452,3.0,0
2022-05-24,0.3547112307981873,2.0,0.48780487804878053,7.798922615769024e-10,0.9999999992191078,1,6.090118149143401e-19,0.6589521054329959,0.3333333333333333,1e-06,0.03865144075781213,Utsuroi,1e-06,0.9803921568627452,3.0,0
2022-05-25,0.3556602817472383,2.0,0.48780487804878053,0.0,0.0,0,0.0,0.6589521054329959,0.0,1e-06,1.0,Utsuroi,1e-06,0.9803921568627452,3.0,0
2022-05-26,0.3542023194197107,1.0,0.9523809523809523,0.4527918258566749,0.8319430592004273,2,0.07609480907252562,0.33751205400260376,0.6666666666666666,1e-06,0.8662657521101349,Utsuroi,1e-06,0.9803921568627452,3.0,0
2022-05-27,0.35721452460582903,1.0,0.9523809523809523,0.4342697423117625,0.8432329919261919,2,0.06807916819919863,0.33751205400260376,0.6666666666666666,1e-06,0.8743409968070364,Utsuroi,1e-06,0.9803921568627452,3.0,0
2022-05-31,0.39567171958476316,2.0,0.48780487804878053,1.1594059046081705e-11,0.999999999987406,1,1.460160077304951e-22,0.6589521054329959,0.3333333333333333,1e-06,0.3114347917461723,Utsuroi,1e-06,0.9803921568627452,3.0,0
2022-06-01,0.3704462204462204,1.0,0.9523809523809523,0.37788983792168995,0.874423821126048,2,0.04745396188150287,0.33751205400260376,0.6666666666666666,1e-06,0.799041064729086,Utsuroi,1e-06,0.9803921568627452,3.0,0
2022-06-02,0.35552273813143387,1.0,0.9523809523809523,0.6473575246489894,0.650143882455257,2,0.22648199023707072,0.33751205400260376,0.6666666666666666,1e-06,0.6116903509614449,Utsuroi,1e-06,0.9803921568627452,3.0,0
2022-06-03,0.35202913028999977,0.0,20.0,1.013967016760592,0.4745799248104728,3,0.532758626186051,0.01607200257156863,1.0,1e-06,0.16097895210337176,Utsuroi,1e-06,0.9803921568627452,3.0,0
2022-06-06,0.2934080412341282,1.0,0.9523809523809523,1.0975577608920366,0.35146974442629125,3,0.71179941517822,0.33751205400260376,1.0,1e-06,0.7041725880136483,Utsuroi,1e-06,0.9803921568627452,3.0,0
2022-06-07,0.28992818775427476,1.0,0.9523809523809523,1.1082188134520763,0.5263940887089007,4,0.5248589810549114,0.33751205400260376,1.3333333333333333,1e-06,0.7879998739576398,Utsuroi,1e-06,0.9803921568627452,3.0,0
2022-06-08,0.32064167716341635,2.0,0.48780487804878053,0.6134490794100784,0.6969228309245281,2,0.18592241035956092,0.6589521054329959,0.6666666666666666,1e-06,0.9552458167903648,Utsuroi,1e-06,0.9803921568627452,3.0,0
2022-06-09,0.2832710767493377,2.0,0.48780487804878053,0.6052685182992092,0.706485577649847,2,0.1776550395153254,0.6589521054329959,0.6666666666666666,1e-06,0.7857671975302508,Utsuroi,1e-06,0.9803921568627452,3.0,0
2022-06-10,0.28522419609376126,2.0,0.48780487804878053,1.2084381183329258,0.4394884743863969,4,0.6773434933164201,0.6589521054329959,1.3333333333333333,1e-06,0.18768234238051384,Utsuroi,1e-06,0.9803921568627452,3.0,0
2022-06-13,0.3442028985507247,3.0,0.3278688524590164,0.12624516866990929,0.9724148020725463,2,0.003482497965144228,0.9803921568627452,0.6666666666666666,1e-06,0.7885540568710757,Katashi,1e-06,0.9803921568627452,3.0,0
2022-06-14,0.36868566216392307,2.0,0.48780487804878053,0.6650711787072867,0.6179242288121753,2,0.2541075834993821,0.6589521054329959,0.6666666666666666,1e-06,0.5034763308407977,Utsuroi,1e-06,0.9803921568627452,3.0,0
2022-06-15,0.35925017011973537,2.0,0.48780487804878053,7.21616655058137e-10,0.9999999992773834,1,5.214521977373553e-19,0.6589521054329959,0.3333333333333333,1e-06,0.8341275335985665,Utsuroi,1e-06,0.9803921568627452,3.0,0
2022-06-16,0.3351937917155309,2.0,0.48780487804878053,1.0933032256690102e-10,0.9999999998896697,1,1.2062447337240105e-20,0.6589521054329959,0.3333333333333333,1e-06,1.0,Utsuroi,1e-06,0.9803921568627452,3.0,0
2022-06-17,0.3545049153744807,3.0,0.3278688524590164,2.7568725080176916e-11,0.9999999999714313,1,7.876027177701688e-22,0.9803921568627452,0.3333333333333333,1e-06,0.01766141585241432,Katashi,1e-06,0.9803921568627452,3.0,0
2022-06-21,0.3520016215668389,2.0,0.48780487804878053,2.2846247113715595e-10,0.9999999997705376,1,5.242355814126463e-20,0.6589521054329959,0.3333333333333333,1e-06,0.03790367361278535,Utsuroi,1e-06,0.9803921568627452,3.0,0
2022-06-22,0.3768695073042899,2.5,0.3921568627450981,0.0,0.0,0,0.0,0.8196721311479509,0.0,1e-06,0.3439562124037283,Utsuroi,1e-06,0.9803921568627452,3.0,0
2022-06-23,0.38953727431988305,2.0,0.48780487804878053,0.0,0.0,0,0.0,0.6589521054329959,0.0,1e-06,0.0009733059547220035,Utsuroi,1e-06,0.9803921568627452,3.0,0
2022-06-24,0.3847782652130479,1.5,0.6451612903225806,1.3591949786957165e-10,0.9999999998630805,1,1.8610026393486946e-20,0.4982320797178802,0.3333333333333333,1e-06,0.6480374191344265,Utsuroi,1e-06,0.9803921568627452,3.0,0
2022-06-27,0.3800055017446321,2.0,0.48780487804878053,5.517625244060239e-10,0.9999999994472375,1,3.049936337416722e-19,0.6589521054329959,0.3333333333333333,1e-06,0.03865144075781213,Utsuroi,1e-06,0.9803921568627452,3.0,0
2022-06-28,0.36411921411921416,2.0,0.48780487804878053,0.0,0.0,0,0.0,0.6589521054329959,0.0,1e-06,1.0,Utsuroi,1e-06,0.9803921568627452,3.0,0
2022-06-29,0.35894757416496553,2.0,0.48780487804878053,0.0,0.0,0,0.0,0.6589521054329959,0.0,1e-06,1.0,Utsuroi,1e-06,0.9803921568627452,3.0,0
2022-06-30,0.3193212584516933,2.0,0.48780487804878053,0.6886367950882144,0.5474531358206075,2,0.3116404221757183,0.6589521054329959,0.6666666666666666,1e-06,0.41933580657547964,Utsuroi,1e-06,0.9803921568627452,3.0,0
2022-07-01,0.3188398557963776,1.0,0.9523809523809523,2.2386037465652515e-10,0.9999999997751396,1,5.0337322769499103e-20,0.33751205400260376,0.3333333333333333,1e-06,0.21894814502374715,Utsuroi,1e-06,0.9803921568627452,3.0,0
2022-07-05,0.35410603888864756,1.0,0.9523809523809523,7.389933109610999e-11,0.9999999999251007,1,5.535008832975527e-21,0.33751205400260376,0.3333333333333333,1e-06,1.0,Utsuroi,1e-06,0.9803921568627452,3.0,0
2022-07-06,0.3389899955117347,0.5,1.8181818181818181,0.8230463574024776,0.6153527971682408,3,0.3165824791757314,0.17679202828716653,1.0,1e-06,0.19077734902020227,Utsuroi,1e-06,0.9803921568627452,3.0,0
2022-07-07,0.3581085581085582,1.0,0.9523809523809523,3.047928576144684e-11,0.9999999999685207,1,9.594654720502402e-22,0.33751205400260376,0.3333333333333333,1e-06,0.9228461483615981,Utsuroi,1e-06,0.9803921568627452,3.0,0
2022-07-08,0.3571044897131853,0.0,20.0,1.3072321003350392e-11,0.9999999999859277,1,1.8395760823704743e-22,0.01607200257156863,0.3333333333333333,1e-06,0.15315095174615312,Utsuroi,1e-06,0.9803921568627452,3.0,0
2022-07-11,0.3176019632541372,0.0,20.0,1.2882916955351987e-11,0.9999999999861171,1,1.788521812427995e-22,0.01607200257156863,0.3333333333333333,1e-06,1.0,Utsuroi,1e-06,0.9803921568627452,3.0,0
2022-07-12,0.3280690324168585,1.0,0.9523809523809523,1.270505922680949e-11,0.999999999986295,1,1.7412330812696894e-22,0.33751205400260376,0.3333333333333333,1e-06,0.6749983902469886,Utsuroi,1e-06,0.9803921568627452,3.0,0
2022-07-13,0.31668042102824717,2.0,0.48780487804878053,0.6545689724604131,0.6379846064237122,2,0.23696404418808273,0.6589521054329959,0.6666666666666666,1e-06,0.03342215273959237,Utsuroi,1e-06,0.9803921568627452,3.0,0
2022-07-14,0.3370643848904719,1.5,0.6451612903225806,0.6220115994250689,0.6863224477566476,2,0.1951110759746282,0.4982320797178802,0.6666666666666666,1e-06,0.18644100643281714,Utsuroi,1e-06,0.9803921568627452,3.0,0
2022-07-15,0.3078363665320188,2.0,0.48780487804878053,1.8596568729187248e-11,0.9999999999804035,1,3.6442852584404506e-22,0.6589521054329959,0.3333333333333333,1e-06,0.6567473434377973,Utsuroi,1e-06,0.9803921568627452,3.0,0
2022-07-18,0.26717847370021275,1.0,0.9523809523809523,0.6916067421118377,0.5277456961059901,2,0.32661426056442994,0.33751205400260376,0.6666666666666666,1e-06,0.8115873612551382,Utsuroi,1e-06,0.9803921568627452,3.0,0
2022-07-19,0.2719237284454676,1.0,0.9523809523809523,0.7548753384342486,0.7368431935022095,3,0.19865058336629568,0.33751205400260376,1.0,1e-06,0.45988480945744126,Utsuroi,1e-06,0.9803921568627452,3.0,0
2022-07-20,0.2790209790209791,3.0,0.3278688524590164,0.6772663110706708,0.5888724435344751,2,0.27844284354690496,0.9803921568627452,0.6666666666666666,1e-06,0.20046801440509443,Katashi,1e-06,0.9803921568627452,3.0,0
2022-07-21,0.2653766523331741,2.5,0.3921568627450981,4.557410004826629e-11,0.9999999999534259,1,2.1225716871295712e-21,0.8196721311479509,0.3333333333333333,1e-06,0.447172306225596,Utsuroi,1e-06,0.9803921568627452,3.0,0
2022-07-22,0.2517735887301105,2.5,0.3921568627450981,9.226452934561269e-11,0.9999999999067355,1,8.605005864064168e-21,0.8196721311479509,0.3333333333333333,1e-06,1.0,Utsuroi,1e-06,0.9803921568627452,3.0,0
2022-07-25,0.2551846704020617,2.0,0.48780487804878053,3.143507675886935e-10,0.9999999996846493,1,9.913074891284013e-20,0.6589521054329959,0.3333333333333333,1e-06,0.03803557194430762,Utsuroi,1e-06,0.9803921568627452,3.0,0
2022-07-26,0.24246188594014684,2.5,0.3921568627450981,0.0,0.0,0,0.0,0.8196721311479509,0.0,1e-06,0.3439562124037283,Utsuroi,1e-06,0.9803921568627452,3.0,0
2022-07-27,0.25104460756634667,2.0,0.48780487804878053,1.2194512066043054e-10,0.9999999998770549,1,1.4992554876833136e-20,0.6589521054329959,0.3333333333333333,1e-06,0.5720789441400154,Utsuroi,1e-06,0.9803921568627452,3.0,0
2022-07-28,0.26247448203969953,3.0,0.3278688524590164,2.1615054188602215e-10,0.9999999997828495,1,4.693720252298135e-20,0.9803921568627452,0.3333333333333333,1e-06,0.01766141585241432,Katashi,1e-06,0.9803921568627452,3.0,0
2022-07-29,0.28758994628559853,2.0,0.48780487804878053,0.0,0.0,0,0.0,0.6589521054329959,0.0,1e-06,0.1336711072696447,Utsuroi,1e-06,0.9803921568627452,3.0,0
2022-08-01,0.2719099740838871,0.5,1.8181818181818181,6.743380296321262e-10,0.999999999324662,1,4.554061014740294e-19,0.17679202828716653,0.3333333333333333,1e-06,0.6438446125391222,Utsuroi,1e-06,0.9803921568627452,3.0,0
2022-08-02,0.2925002533698186,1.0,0.9523809523809523,7.415512648343898e-12,0.9999999999915845,1,6.240517644245575e-23,0.33751205400260376,0.3333333333333333,1e-06,0.1535360993692927,Utsuroi,1e-06,0.9803921568627452,3.0,0
2022-08-03,0.27855333072724375,2.0,0.48780487804878053,7.316147687640777e-12,0.9999999999916839,1,6.084200282949008e-23,0.6589521054329959,0.3333333333333333,1e-06,0.03960606250838483,Utsuroi,1e-06,0.9803921568627452,3.0,0
2022-08-04,0.2249388292866554,2.0,0.48780487804878053,4.952149801323297e-12,0.9999999999940479,1,2.9475827906083004e-23,0.6589521054329959,0.3333333333333333,1e-06,1.0,Utsuroi,1e-06,0.9803921568627452,3.0,0
2022-08-05,0.24887141843663585,0.5,1.8181818181818181,9.970135827981622e-12,0.9999999999890299,1,1.0937352370042497e-22,0.17679202828716653,0.3333333333333333,1e-06,0.3504676000322767,Utsuroi,1e-06,0.9803921568627452,3.0,0
2022-08-08,0.23572224876572706,1.0,0.9523809523809523,3.468247911023407e-11,0.9999999999643175,1,1.237556069128023e-21,0.33751205400260376,0.3333333333333333,1e-06,0.1535360993692927,Utsuroi,1e-06,0.9803921568627452,3.0,0
2022-08-09,0.2310320114667941,1.0,0.9523809523809523,1.3535839116124765e-11,0.9999999999854642,1,1.9675448025911669e-22,0.33751205400260376,0.3333333333333333,1e-06,1.0,Utsuroi,1e-06,0.9803921568627452,3.0,0
2022-08-10,0.2361211252515601,0.0,20.0,7.719169747538389e-11,0.9999999999218083,1,6.035748149229377e-21,0.01607200257156863,0.3333333333333333,1e-06,0.15315095174615312,Utsuroi,1e-06,0.9803921568627452,3.0,0
2022-08-11,0.205393881480838,0.0,20.0,5.2019610839709135e-11,0.9999999999469804,1,2.758058372064311e-21,0.01607200257156863,0.3333333333333333,1e-06,1.0,Utsuroi,1e-06,0.9803921568627452,3.0,0
2022-08-12,0.21758024584111538,1.0,0.9523809523809523,0.0,0.0,0,0.0,0.33751205400260376,0.0,1e-06,0.6419010641104335,Utsuroi,1e-06,0.9803921568627452,3.0,0
2022-08-15,0.17106299497603844,1.0,0.9523809523809523,1.1030809598458005e-10,0.9999999998886919,1,1.2278181696206353e-20,0.33751205400260376,0.3333333333333333,1e-06,0.5214872547852984,Utsuroi,1e-06,0.9803921568627452,3.0,0
2022-08-16,0.16792700053569623,0.0,20.0,3.7377834154111273e-10,0.9999999996252217,1,1.40084018704396e-19,0.01607200257156863,0.3333333333333333,1e-06,0.15315095174615312,Utsuroi,1e-06,0.9803921568627452,3.0,0
2022-08-17,0.1825203781725521,1.0,0.9523809523809523,2.4476753956679407e-11,0.9999999999745233,1,6.2358769675253115e-22,0.33751205400260376,0.3333333333333333,1e-06,0.6749983902469886,Utsuroi,1e-06,0.9803921568627452,3.0,0
2022-08-18,0.1690686125468734,1.0,0.9523809523809523,0.0,0.0,0,0.0,0.33751205400260376,0.0,1e-06,1.0,Utsuroi,1e-06,0.9803921568627452,3.0,0
2022-08-19,0.19843417452113105,1.0,0.9523809523809523,0.0,0.0,0,0.0,0.33751205400260376,0.0,1e-06,1.0,Utsuroi,1e-06,0.9803921568627452,3.0,0
2022-08-22,0.2164798969146795,1.0,0.9523809523809523,0.0,0.0,0,0.0,0.33751205400260376,0.0,1e-06,1.0,Utsuroi,1e-06,0.9803921568627452,3.0,0
2022-08-23,0.21326137630485462,1.0,0.9523809523809523,0.0,0.0,0,0.0,0.33751205400260376,0.0,1e-06,1.0,Utsuroi,1e-06,0.9803921568627452,3.0,0
2022-08-24,0.20734700082526175,1.5,0.6451612903225806,1.2489618220716325e-09,0.9999999987500382,1,1.5611545681610713e-18,0.4982320797178802,0.3333333333333333,1e-06,0.12540697892741504,Utsuroi,1e-06,0.9803921568627452,3.0,0
2022-08-25,0.21009787314135145,2.0,0.48780487804878053,0.0,0.0,0,0.0,0.6589521054329959,0.0,1e-06,0.3444790023308415,Utsuroi,1e-06,0.9803921568627452,3.0,0
2022-08-26,0.23543340717253763,2.0,0.48780487804878053,0.0,0.0,0,0.0,0.6589521054329959,0.0,1e-06,1.0,Utsuroi,1e-06,0.9803921568627452,3.0,0
2022-08-29,0.2252964426877471,2.0,0.48780487804878053,0.0,0.0,0,0.0,0.6589521054329959,0.0,1e-06,1.0,Utsuroi,1e-06,0.9803921568627452,3.0,0
2022-08-30,0.2354884246188594,2.0,0.48780487804878053,5.617891705804259e-10,0.9999999994372109,1,3.161688490132484e-19,0.6589521054329959,0.3333333333333333,1e-06,0.7301473387977173,Utsuroi,1e-06,0.9803921568627452,3.0,0
2022-08-31,0.27189621972230665,2.0,0.48780487804878053,0.0,0.0,0,0.0,0.6589521054329959,0.0,1e-06,1.0,Utsuroi,1e-06,0.9803921568627452,3.0,0
2022-09-01,0.2781819629645717,2.0,0.48780487804878053,3.356714905973481e-11,0.9999999999654329,1,1.1603199025151515e-21,0.6589521054329959,0.3333333333333333,1e-06,0.7301473387977173,Utsuroi,1e-06,0.9803921568627452,3.0,0
2022-09-02,0.27393186523621305,2.0,0.48780487804878053,1.5115131368629847e-11,0.9999999999838849,1,2.435819932888172e-22,0.6589521054329959,0.3333333333333333,1e-06,1.0,Utsuroi,1e-06,0.9803921568627452,3.0,0
2022-09-06,0.29225267486137047,2.0,0.48780487804878053,0.58126711756181,0.7319923509335348,2,0.1557840336573814,0.6589521054329959,0.6666666666666666,1e-06,0.5058680128584174,Utsuroi,1e-06,0.9803921568627452,3.0,0
2022-09-07,0.2863382993817777,2.0,0.48780487804878053,0.0,0.0,0,0.0,0.6589521054329959,0.0,1e-06,1.0,Utsuroi,1e-06,0.9803921568627452,3.0,0
2022-09-08,0.30844155844155846,3.0,0.3278688524590164,3.631985822541588e-10,0.9999999996358014,1,1.32276400723195e-19,0.9803921568627452,0.3333333333333333,1e-06,0.05601420815127023,Katashi,1e-06,0.9803921568627452,3.0,0
2022-09-09,0.3388249431727693,2.0,0.48780487804878053,1.3112255724771904e-10,0.9999999998678775,1,1.732424467691696e-20,0.6589521054329959,0.3333333333333333,1e-06,0.03790367361278535,Utsuroi,1e-06,0.9803921568627452,3.0,0
2022-09-12,0.3226635683157423,2.0,0.48780487804878053,0.0,0.0,0,0.0,0.6589521054329959,0.0,1e-06,1.0,Utsuroi,1e-06,0.9803921568627452,3.0,0
2022-09-13,0.35465621335186553,2.0,0.48780487804878053,0.0,0.0,0,0.0,0.6589521054329959,0.0,1e-06,1.0,Utsuroi,1e-06,0.9803921568627452,3.0,0
2022-09-14,0.37358221488656274,1.0,0.9523809523809523,0.5230158079050097,0.7830536424654209,2,0.113466374457997,0.33751205400260376,0.6666666666666666,1e-06,0.8454759420625959,Utsuroi,1e-06,0.9803921568627452,3.0,0
2022-09-15,0.4155330177069308,2.0,0.48780487804878053,1.6309376070541697e-10,0.9999999998359063,1,2.6762664936022407e-20,0.6589521054329959,0.3333333333333333,1e-06,0.32822049385761987,Utsuroi,1e-06,0.9803921568627452,3.0,0
2022-09-16,0.41142046359437673,2.0,0.48780487804878053,0.0,0.0,0,0.0,0.6589521054329959,0.0,1e-06,1.0,Utsuroi,1e-06,0.9803921568627452,3.0,0
2022-09-19,0.42645398080180685,2.0,0.48780487804878053,0.0,0.0,0,0.0,0.6589521054329959,0.0,1e-06,1.0,Utsuroi,1e-06,0.9803921568627452,3.0,0
2022-09-20,0.4173073303508086,2.0,0.48780487804878053,0.0,0.0,0,0.0,0.6589521054329959,0.0,1e-06,1.0,Utsuroi,1e-06,0.9803921568627452,3.0,0
2022-09-21,0.39696462957332523,1.0,0.9523809523809523,2.0226309514081268e-10,0.9999999997967369,1,4.111261828085291e-20,0.33751205400260376,0.3333333333333333,1e-06,0.48421539144521,Utsuroi,1e-06,0.9803921568627452,3.0,0
2022-09-22,0.40099465751639674,1.0,0.9523809523809523,0.5028845917846658,0.7982022247739076,2,0.10148099181762725,0.33751205400260376,0.6666666666666666,1e-06,0.2710206898113474,Utsuroi,1e-06,0.9803921568627452,3.0,0
2022-09-23,0.4419826550261334,1.0,0.9523809523809523,0.21016865334159354,0.9459860350757222,2,0.011352042269775531,0.33751205400260376,0.6666666666666666,1e-06,0.9788839501618266,Utsuroi,1e-06,0.9803921568627452,3.0,0
2022-09-26,0.4567410850019547,1.0,0.9523809523809523,1.2397138870242274e-10,0.9999999998750286,1,1.549287386401727e-20,0.33751205400260376,0.3333333333333333,1e-06,0.5222716266939229,Utsuroi,1e-06,0.9803921568627452,3.0,0
2022-09-27,0.4212410777628169,1.0,0.9523809523809523,1.8489798579372707e-10,0.999999999814102,1,3.437215904930429e-20,0.33751205400260376,0.3333333333333333,1e-06,1.0,Utsuroi,1e-06,0.9803921568627452,3.0,0
2022-09-28,0.47393403697751524,1.0,0.9523809523809523,0.0,0.0,0,0.0,0.33751205400260376,0.0,1e-06,1.0,Utsuroi,1e-06,0.9803921568627452,3.0,0
2022-09-29,0.4727649162431771,1.0,0.9523809523809523,0.8982113627675288,0.6063807075758482,3,0.35355332105988785,0.33751205400260376,1.0,1e-06,0.11483097171184298,Utsuroi,1e-06,0.9803921568627452,3.0,0
2022-09-30,0.4578964513747123,1.0,0.9523809523809523,0.42403649785372377,0.84923341949328,2,0.06393053279145104,0.33751205400260376,0.6666666666666666,1e-06,0.48952967600999375,Utsuroi,1e-06,0.9803921568627452,3.0,0
2022-10-03,0.4947306316871534,2.0,0.48780487804878053,4.419919985463358e-11,0.9999999999548008,1,1.997767489927273e-21,0.6589521054329959,0.3333333333333333,1e-06,0.3102740403093174,Utsuroi,1e-06,0.9803921568627452,3.0,0
2022-10-04,0.5336829836829836,1.0,0.9523809523809523,1.7852097576374775e-10,0.999999999820479,1,3.2048255817089877e-20,0.33751205400260376,0.3333333333333333,1e-06,0.13059780572306545,Utsuroi,1e-06,0.9803921568627452,3.0,0
2022-10-05,0.5338480360219492,2.0,0.48780487804878053,1.1759293538212306e-10,0.9999999998814071,1,1.3945688786635162e-20,0.6589521054329959,0.3333333333333333,1e-06,0.03960606250838483,Utsuroi,1e-06,0.9803921568627452,3.0,0
2022-10-06,0.523724825898739,2.0,0.48780487804878053,4.570499534286349e-11,0.999999999953295,1,2.1346505836107483e-21,0.6589521054329959,0.3333333333333333,1e-06,1.0,Utsuroi,1e-06,0.9803921568627452,3.0,0
2022-10-07,0.5174941001027957,1.0,0.9523809523809523,4.36316538444707e-11,0.9999999999553684,1,1.9473519058843856e-21,0.33751205400260376,0.3333333333333333,1e-06,0.13059780572306545,Utsuroi,1e-06,0.9803921568627452,3.0,0
2022-10-10,0.5029832486354227,0.0,20.0,0.6179906119033329,0.6913817761588488,2,0.19072316499611283,0.01607200257156863,0.6666666666666666,1e-06,0.12680142061661226,Utsuroi,1e-06,0.9803921568627452,3.0,0
2022-10-11,0.466809277678843,0.5,1.8181818181818181,3.185940400331397e-11,0.9999999999671406,1,1.0468803226820577e-21,0.17679202828716653,0.3333333333333333,1e-06,0.7633839854409707,Utsuroi,1e-06,0.9803921568627452,3.0,0
2022-10-12,0.44298672342150625,1.0,0.9523809523809523,0.6198263067058105,0.6890906679515151,2,0.1927097830039829,0.33751205400260376,0.6666666666666666,1e-06,0.052959662213445724,Utsuroi,1e-06,0.9803921568627452,3.0,0
2022-10-13,0.44400454617845914,2.0,0.48780487804878053,0.6746948848543561,0.5957562468542159,2,0.2727411924817876,0.6589521054329959,0.6666666666666666,1e-06,0.12465482380171711,Utsuroi,1e-06,0.9803921568627452,3.0,0
2022-10-14,0.4502215176128219,0.0,20.0,0.4500141829237764,0.8336729614745184,2,0.07484952634017607,0.01607200257156863,0.6666666666666666,1e-06,0.42972513896048814,Utsuroi,1e-06,0.9803921568627452,3.0,0
2022-10-17,0.4503177981438851,2.0,0.48780487804878053,0.0,0.0,0,0.0,0.6589521054329959,0.0,1e-06,0.3636156711584566,Utsuroi,1e-06,0.9803921568627452,3.0,0
2022-10-18,0.4597120271033317,3.0,0.3278688524590164,0.0,0.0,0,0.0,0.9803921568627452,0.0,1e-06,0.0003779121118435702,Katashi,1e-06,0.9803921568627452,3.0,0
2022-10-19,0.442216479173001,2.0,0.48780487804878053,0.0,0.0,0,0.0,0.6589521054329959,0.0,1e-06,0.0008363258853475442,Utsuroi,1e-06,0.9803921568627452,3.0,0
2022-10-20,0.44474728170380345,2.0,0.48780487804878053,1.0834844132403038e-10,0.9999999998906516,1,1.1847730782464701e-20,0.6589521054329959,0.3333333333333333,1e-06,0.7301473387977173,Utsuroi,1e-06,0.9803921568627452,3.0,0
2022-10-21,0.45909308083221123,2.0,0.48780487804878053,0.3275384887974435,0.8988792815023909,2,0.033120927322818565,0.6589521054329959,0.6666666666666666,1e-06,0.5114270860111201,Utsuroi,1e-06,0.9803921568627452,3.0,0
2022-10-24,0.46232535580361683,1.0,0.9523809523809523,2.6300628341485486e-11,0.9999999999726994,1,7.180230976930839e-22,0.33751205400260376,0.3333333333333333,1e-06,0.011193780672202558,Utsuroi,1e-06,0.9803921568627452,3.0,0
2022-10-25,0.4296174839653101,1.0,0.9523809523809523,2.709714674494634e-10,0.9999999997280286,1,7.369650165483165e-20,0.33751205400260376,0.3333333333333333,1e-06,1.0,Utsuroi,1e-06,0.9803921568627452,3.0,0
2022-10-26,0.4076105054365924,1.0,0.9523809523809523,0.0,0.0,0,0.0,0.33751205400260376,0.0,1e-06,1.0,Utsuroi,1e-06,0.9803921568627452,3.0,0
2022-10-27,0.407197874589179,1.0,0.9523809523809523,0.0,0.0,0,0.0,0.33751205400260376,0.0,1e-06,1.0,Utsuroi,1e-06,0.9803921568627452,3.0,0
2022-10-28,0.3657284744241266,1.0,0.9523809523809523,5.179245920888284e-11,0.9999999999472076,1,2.734250144446537e-21,0.33751205400260376,0.3333333333333333,1e-06,0.5214872547852984,Utsuroi,1e-06,0.9803921568627452,3.0,0
2022-10-31,0.3520291302899999,1.0,0.9523809523809523,2.103317520128136e-11,0.9999999999779668,1,4.634271689641583e-22,0.33751205400260376,0.3333333333333333,1e-06,1.0,Utsuroi,1e-06,0.9803921568627452,3.0,0
2022-11-01,0.3332406723711072,1.5,0.6451612903225806,3.047728736000257e-11,0.9999999999685227,1,9.593416579892378e-22,0.4982320797178802,0.3333333333333333,1e-06,0.06751652853800605,Utsuroi,1e-06,0.9803921568627452,3.0,0
2022-11-02,0.29566375653332183,1.0,0.9523809523809523,0.6493006922702744,0.6469724505832408,2,0.22922103222678025,0.33751205400260376,0.6666666666666666,1e-06,0.6613029533619654,Utsuroi,1e-06,0.9803921568627452,3.0,0
2022-11-03,0.23536463536463537,1.0,0.9523809523809523,0.6769718846186944,0.7525603957521074,3,0.16750965521699973,0.33751205400260376,1.0,1e-06,0.2777342744339071,Utsuroi,1e-06,0.9803921568627452,3.0,0
2022-11-04,0.24265444700227312,2.0,0.48780487804878053,0.6575635653717808,0.6325886581682579,2,0.24159631189291045,0.6589521054329959,0.6666666666666666,1e-06,0.4661122833965432,Utsuroi,1e-06,0.9803921568627452,3.0,0
2022-11-07,0.2509483270352835,2.0,0.48780487804878053,0.5984708152771147,0.7140659751001935,2,0.17112316899725397,0.6589521054329959,0.6666666666666666,1e-06,0.7933012617703635,Utsuroi,1e-06,0.9803921568627452,3.0,0
2022-11-08,0.2440849006066398,1.0,0.9523809523809523,0.35215394171624553,0.8872851835112386,2,0.039692966916340576,0.33751205400260376,0.6666666666666666,1e-06,0.34995835958471466,Utsuroi,1e-06,0.9803921568627452,3.0,0
2022-11-09,0.274482039699431,1.0,0.9523809523809523,5.15835152356594e-11,0.9999999999474165,1,2.7124414182583667e-21,0.33751205400260376,0.3333333333333333,1e-06,0.5308201776850802,Utsuroi,1e-06,0.9803921568627452,3.0,0
2022-11-10,0.2987584878889227,1.0,0.9523809523809523,0.0,0.0,0,0.0,0.33751205400260376,0.0,1e-06,1.0,Utsuroi,1e-06,0.9803921568627452,3.0,0
2022-11-11,0.2690765755983148,2.0,0.48780487804878053,0.0,0.0,0,0.0,0.6589521054329959,0.0,1e-06,0.002604303890301085,Utsuroi,1e-06,0.9803921568627452,3.0,0
2022-11-14,0.28046518698692613,1.0,0.9523809523809523,9.337430828092388e-11,0.9999999999056257,1,8.812133690037391e-21,0.33751205400260376,0.3333333333333333,1e-06,0.48421539144521,Utsuroi,1e-06,0.9803921568627452,3.0,0
2022-11-15,0.22588788023570636,1.0,0.9523809523809523,1.2849721286916155e-11,0.9999999999861503,1,1.7796477418163033e-22,0.33751205400260376,0.3333333333333333,1e-06,1.0,Utsuroi,1e-06,0.9803921568627452,3.0,0
2022-11-16,0.22707075533162493,1.0,0.9523809523809523,4.3742676146928256e-11,0.9999999999552573,1,1.9571634250224976e-21,0.33751205400260376,0.3333333333333333,1e-06,1.0,Utsuroi,1e-06,0.9803921568627452,3.0,0
2022-11-17,0.22394851525286313,2.0,0.48780487804878053,0.11331843448655193,0.9759741064616261,2,0.0027225766429090966,0.6589521054329959,0.6666666666666666,1e-06,0.0020286501174466842,Utsuroi,1e-06,0.9803921568627452,3.0,0
2022-11-18,0.24155409807583725,2.0,0.48780487804878053,1.539712801688005e-11,0.9999999999836029,1,2.5246833857617817e-22,0.6589521054329959,0.3333333333333333,1e-06,0.730172840827398,Utsuroi,1e-06,0.9803921568627452,3.0,0
2022-11-21,0.23013797796406493,2.0,0.48780487804878053,8.545020246568071e-11,0.9999999999135498,1,7.387185413905313e-21,0.6589521054329959,0.3333333333333333,1e-06,1.0,Utsuroi,1e-06,0.9803921568627452,3.0,0
2022-11-22,0.2241960937613112,2.0,0.48780487804878053,3.6878278208256944e-11,0.9999999999621217,1,1.396884866029344e-21,0.6589521054329959,0.3333333333333333,1e-06,1.0,Utsuroi,1e-06,0.9803921568627452,3.0,0
2022-11-23,0.22631426544470024,1.0,0.9523809523809523,0.6930375160990634,0.5074047436267679,2,0.3413869929190861,0.33751205400260376,0.6666666666666666,1e-06,0.7877003944552601,Utsuroi,1e-06,0.9803921568627452,3.0,0
2022-11-25,0.22832240223544575,1.0,0.9523809523809523,0.0,0.0,0,0.0,0.33751205400260376,0.0,1e-06,1.0,Utsuroi,1e-06,0.9803921568627452,3.0,0
2022-11-28,0.25385049732875825,2.0,0.48780487804878053,0.0,0.0,0,0.0,0.6589521054329959,0.0,1e-06,0.002604303890301085,Utsuroi,1e-06,0.9803921568627452,3.0,0
2022-11-29,0.2525988504249374,2.0,0.48780487804878053,0.0,0.0,0,0.0,0.6589521054329959,0.0,1e-06,1.0,Utsuroi,1e-06,0.9803921568627452,3.0,0
2022-11-30,0.28031388900954124,3.0,0.3278688524590164,2.453868219428176e-10,0.9999999997536132,1,6.046007378420844e-20,0.9803921568627452,0.3333333333333333,1e-06,0.05601420815127023,Katashi,1e-06,0.9803921568627452,3.0,0
2022-12-01,0.2791035051904617,3.0,0.3278688524590164,3.199218667705477e-11,0.9999999999670078,1,1.0554914873517712e-21,0.9803921568627452,0.3333333333333333,1e-06,1.0,Katashi,1e-06,0.9803921568627452,3.0,0
2022-12-02,0.2796399252920993,3.0,0.3278688524590164,4.0864978067224464e-11,0.999999999958135,1,1.7108105065341444e-21,0.9803921568627452,0.3333333333333333,1e-06,1.0,Katashi,1e-06,0.9803921568627452,3.0,0
2022-12-05,0.33391463608854915,2.0,0.48780487804878053,4.101929906764089e-11,0.9999999999579807,1,1.7236012876869438e-21,0.6589521054329959,0.3333333333333333,1e-06,0.03790367361278535,Utsuroi,1e-06,0.9803921568627452,3.0,0
2022-12-06,0.36341774167861124,1.0,0.9523809523809523,1.0649747749757601e-10,0.9999999998925025,1,1.1448207835552168e-20,0.33751205400260376,0.3333333333333333,1e-06,0.13059780572306545,Utsuroi,1e-06,0.9803921568627452,3.0,0
2022-12-07,0.367764119938033,2.0,0.48780487804878053,9.46425160418327e-11,0.9999999999043575,1,9.051846265547964e-21,0.6589521054329959,0.3333333333333333,1e-06,0.03960606250838483,Utsuroi,1e-06,0.9803921568627452,3.0,0
2022-12-08,0.36845183801705544,1.0,0.9523809523809523,2.423850009560089e-11,0.9999999999747615,1,6.117428507904375e-22,0.33751205400260376,0.3333333333333333,1e-06,0.13059780572306545,Utsuroi,1e-06,0.9803921568627452,3.0,0
2022-12-09,0.36791541791541793,2.0,0.48780487804878053,7.047717964525588e-11,0.9999999999285228,1,5.0375084714984796e-21,0.6589521054329959,0.3333333333333333,1e-06,0.03960606250838483,Utsuroi,1e-06,0.9803921568627452,3.0,0
2022-12-12,0.320724203332899,2.0,0.48780487804878053,6.127809370843197e-11,0.9999999999377219,1,3.816281506789767e-21,0.6589521054329959,0.3333333333333333,1e-06,1.0,Utsuroi,1e-06,0.9803921568627452,3.0,0
2022-12-13,0.2640012161751293,2.0,0.48780487804878053,2.4190427438635833e-11,0.9999999999748096,1,6.093666719763388e-22,0.6589521054329959,0.3333333333333333,1e-06,1.0,Utsuroi,1e-06,0.9803921568627452,3.0,0
2022-12-14,0.2962689484428615,2.0,0.48780487804878053,0.0,0.0,0,0.0,0.6589521054329959,0.0,1e-06,1.0,Utsuroi,1e-06,0.9803921568627452,3.0,0
2022-12-15,0.30512675730067035,2.0,0.48780487804878053,0.0,0.0,0,0.0,0.6589521054329959,0.0,1e-06,1.0,Utsuroi,1e-06,0.9803921568627452,3.0,0
2022-12-16,0.2922526748613706,2.0,0.48780487804878053,0.0,0.0,0,0.0,0.6589521054329959,0.0,1e-06,1.0,Utsuroi,1e-06,0.9803921568627452,3.0,0
2022-12-19,0.2943020747368574,1.0,0.9523809523809523,6.738987145859415e-11,0.9999999999316102,1,4.6087831560421235e-21,0.33751205400260376,0.3333333333333333,1e-06,0.48421539144521,Utsuroi,1e-06,0.9803921568627452,3.0,0
2022-12-20,0.2989923120357903,2.0,0.48780487804878053,3.813849236346043e-11,0.9999999999608615,1,1.4926822484613277e-21,0.6589521054329959,0.3333333333333333,1e-06,0.03960606250838483,Utsuroi,1e-06,0.9803921568627452,3.0,0
2022-12-21,0.31047720395546485,1.0,0.9523809523809523,1.794764337130635e-11,0.9999999999810524,1,3.400651489253723e-22,0.33751205400260376,0.3333333333333333,1e-06,0.13059780572306545,Utsuroi,1e-06,0.9803921568627452,3.0,0
2022-12-22,0.3636103027407376,1.0,0.9523809523809523,7.267242363168788e-11,0.9999999999263276,1,5.353951972693361e-21,0.33751205400260376,0.3333333333333333,1e-06,1.0,Utsuroi,1e-06,0.9803921568627452,3.0,0
2022-12-23,0.3638441268876052,2.0,0.48780487804878053,4.572808798177462e-11,0.9999999999532719,1,2.136785106916632e-21,0.6589521054329959,0.3333333333333333,1e-06,0.03960606250838483,Utsuroi,1e-06,0.9803921568627452,3.0,0
2022-12-27,0.3710926754405015,2.0,0.48780487804878053,0.0,0.0,0,0.0,0.6589521054329959,0.0,1e-06,1.0,Utsuroi,1e-06,0.9803921568627452,3.0,0
2022-12-28,0.4042681955725434,1.0,0.9523809523809523,0.0,0.0,0,0.0,0.33751205400260376,0.0,1e-06,0.009883389759361316,Utsuroi,1e-06,0.9803921568627452,3.0,0
2022-12-29,0.3955479303305391,1.0,0.9523809523809523,0.0,0.0,0,0.0,0.33751205400260376,0.0,1e-06,1.0,Utsuroi,1e-06,0.9803921568627452,3.0,0
2022-12-30,0.39282456673761024,1.0,0.9523809523809523,0.0,0.0,0,0.0,0.33751205400260376,0.0,1e-06,1.0,Utsuroi,1e-06,0.9803921568627452,3.0,0
2023-01-03,0.36576973750886804,1.0,0.9523809523809523,0.0,0.0,0,0.0,0.33751205400260376,0.0,1e-06,1.0,Utsuroi,1e-06,0.9803921568627452,3.0,0
2023-01-04,0.3444642314207532,1.0,0.9523809523809523,1.852309416787502e-10,0.9999999998137691,1,3.449572860246025e-20,0.33751205400260376,0.3333333333333333,1e-06,0.5214872547852984,Utsuroi,1e-06,0.9803921568627452,3.0,0
2023-01-05,0.35058492232405275,2.5,0.3921568627450981,0.0,0.0,0,0.0,0.8196721311479509,0.0,1e-06,0.06747083220069394,Utsuroi,1e-06,0.9803921568627452,3.0,0
2023-01-06,0.31064225629443026,2.0,0.48780487804878053,3.835409767483417e-11,0.9999999999606459,1,1.5093900576966211e-21,0.6589521054329959,0.3333333333333333,1e-06,0.5720789441400154,Utsuroi,1e-06,0.9803921568627452,3.0,0
2023-01-09,0.2831335331335332,2.0,0.48780487804878053,0.4034972431827462,0.8608062282798093,2,0.05616430315730543,0.6589521054329959,0.6666666666666666,1e-06,0.5118714132055022,Utsuroi,1e-06,0.9803921568627452,3.0,0
2023-01-10,0.2896531005226658,2.0,0.48780487804878053,0.4619691445451772,0.8261304430702503,2,0.08032237047728545,0.6589521054329959,0.6666666666666666,1e-06,0.901321575266222,Utsuroi,1e-06,0.9803921568627452,3.0,0
2023-01-11,0.29972129319955415,1.0,0.9523809523809523,1.0318021691505397,0.510089088413566,4,0.5054911412654008,0.33751205400260376,1.3333333333333333,1e-06,0.4058135317913987,Utsuroi,1e-06,0.9803921568627452,3.0,0
2023-01-12,0.3039576365663323,1.0,0.9523809523809523,0.6730493654649106,0.5999069797063791,2,0.2692823534355612,0.33751205400260376,0.6666666666666666,1e-06,0.2047555299403918,Utsuroi,1e-06,0.9803921568627452,3.0,0
2023-01-13,0.2853342309864049,2.0,0.48780487804878053,0.5502145276909662,0.7607494361273966,2,0.1316391360009618,0.6589521054329959,0.6666666666666666,1e-06,0.26181519155302047,Utsuroi,1e-06,0.9803921568627452,3.0,0
2023-01-17,0.2742619699141439,2.0,0.48780487804878053,0.6921234669347051,0.5226203917799523,2,0.3304056294851906,0.6589521054329959,0.6666666666666666,1e-06,0.6223088037719506,Utsuroi,1e-06,0.9803921568627452,3.0,0
2023-01-18,0.3011379924423403,2.0,0.48780487804878053,1.410384031684969e-10,0.9999999998579616,1,2.0032866452898538e-20,0.6589521054329959,0.3333333333333333,1e-06,0.8612767373840865,Utsuroi,1e-06,0.9803921568627452,3.0,0
2023-01-19,0.281716833890747,1.0,0.9523809523809523,2.822952982441471e-11,0.9999999999707705,1,8.2513525945822145e-22,0.33751205400260376,0.3333333333333333,1e-06,0.13059780572306545,Utsuroi,1e-06,0.9803921568627452,3.0,0
2023-01-20,0.2863107906586168,1.0,0.9523809523809523,1.9283907803718976e-11,0.9999999999797161,1,3.9115258139679872e-22,0.33751205400260376,0.3333333333333333,1e-06,1.0,Utsuroi,1e-06,0.9803921568627452,3.0,0
2023-01-23,0.26561047648004177,1.0,0.9523809523809523,1.0125824254914721,0.5087533601903996,3,0.49742771405294073,0.33751205400260376,1.0,1e-06,0.11290107329877785,Utsuroi,1e-06,0.9803921568627452,3.0,0
2023-01-24,0.2613466243901028,1.0,0.9523809523809523,2.1276869155181185e-11,0.9999999999777232,1,4.739815595262059e-22,0.33751205400260376,0.3333333333333333,1e-06,0.7019486309840255,Utsuroi,1e-06,0.9803921568627452,3.0,0
2023-01-25,0.2335765683591771,1.0,0.9523809523809523,0.6386338899558971,0.6635776277768927,2,0.2148507282410338,0.33751205400260376,0.6666666666666666,1e-06,0.2633653175980373,Utsuroi,1e-06,0.9803921568627452,3.0,0
2023-01-26,0.18092487222922007,0.0,20.0,0.515599254285473,0.7887567334017842,2,0.10891687073086743,0.01607200257156863,0.6666666666666666,1e-06,0.2649855287576751,Utsuroi,1e-06,0.9803921568627452,3.0,0
2023-01-27,0.18271293923467838,1.0,0.9523809523809523,0.6537648326411872,0.6393961581610147,2,0.2357501103096334,0.33751205400260376,0.6666666666666666,1e-06,0.7076715081920801,Utsuroi,1e-06,0.9803921568627452,3.0,0
2023-01-30,0.19346884999058914,1.0,0.9523809523809523,0.0,0.0,0,0.0,0.33751205400260376,0.0,1e-06,1.0,Utsuroi,1e-06,0.9803921568627452,3.0,0
2023-01-31,0.1872793872793873,0.0,20.0,4.990861056512716e-10,0.9999999994999139,1,2.495860159815673e-19,0.01607200257156863,0.3333333333333333,1e-06,0.11262699414937782,Utsuroi,1e-06,0.9803921568627452,3.0,0
2023-02-01,0.1595643486947835,1.5,0.6451612903225806,1.0493738192084092,0.48252626825821476,3,0.543023386217905,0.4982320797178802,1.0,1e-06,0.249665529166041,Utsuroi,1e-06,0.9803921568627452,3.0,0
2023-02-02,0.17403393707741538,1.5,0.6451612903225806,0.5327353366667513,0.7753461943860066,2,0.11968102076723768,0.4982320797178802,0.6666666666666666,1e-06,0.5913941388378527,Utsuroi,1e-06,0.9803921568627452,3.0,0
2023-02-03,0.1962747397530006,1.0,0.9523809523809523,1.458710929812649e-11,0.9999999999844129,1,2.273705442834303e-22,0.33751205400260376,0.3333333333333333,1e-06,0.15305840127364323,Utsuroi,1e-06,0.9803921568627452,3.0,0
2023-02-06,0.1930699735047561,1.0,0.9523809523809523,2.65651944882464e-11,0.9999999999724348,1,7.3227416502888525e-22,0.33751205400260376,0.3333333333333333,1e-06,1.0,Utsuroi,1e-06,0.9803921568627452,3.0,0
2023-02-07,0.19511937338024293,1.0,0.9523809523809523,4.0467185157517846e-11,0.9999999999585328,1,1.6780593645613782e-21,0.33751205400260376,0.3333333333333333,1e-06,1.0,Utsuroi,1e-06,0.9803921568627452,3.0,0
2023-02-08,0.17708740534827494,1.0,0.9523809523809523,0.6589914304524633,0.6299328103628523,2,0.24387110666250697,0.33751205400260376,0.6666666666666666,1e-06,0.25626991404121335,Utsuroi,1e-06,0.9803921568627452,3.0,0
2023-02-09,0.1949543210412776,1.0,0.9523809523809523,0.6487954997706902,0.7551720296533918,3,0.15884328537887138,0.33751205400260376,1.0,1e-06,0.32351076897707065,Utsuroi,1e-06,0.9803921568627452,3.0,0
2023-02-10,0.20811724507376686,0.0,20.0,0.3483384087821144,0.906974468666419,3,0.03240436556085035,0.01607200257156863,1.0,1e-06,0.34149889795223765,Utsuroi,1e-06,0.9803921568627452,3.0,0
2023-02-13,0.19798028058897627,0.0,20.0,0.9794137314375327,0.5332972844776789,3,0.45709504808174584,0.01607200257156863,1.0,1e-06,0.556893891205041,Utsuroi,1e-06,0.9803921568627452,3.0,0
2023-02-14,0.19762266718788463,0.0,20.0,1.2024501772508718,0.492553347783221,4,0.6101793169034274,0.01607200257156863,1.3333333333333333,1e-06,0.18416678293140343,Utsuroi,1e-06,0.9803921568627452,3.0,0
2023-02-15,0.23177474699213838,0.0,20.0,0.9610305002477422,0.5780757325797522,3,0.4054820897855429,0.01607200257156863,1.0,1e-06,0.3023331348007139,Utsuroi,1e-06,0.9803921568627452,3.0,0
2023-02-16,0.24639563335215514,0.0,20.0,0.8941318240922209,0.7176403104312845,5,0.25246678428418884,0.01607200257156863,1.6666666666666667,1e-06,0.33046520122836653,Utsuroi,1e-06,0.9803921568627452,3.0,0
2023-02-17,0.20879120879120877,0.0,20.0,0.9497044235941574,0.5050702768991122,4,0.4700369473971446,0.01607200257156863,1.3333333333333333,1e-06,0.8403545889220371,Utsuroi,1e-06,0.9803921568627452,3.0,0
2023-02-21,0.23909206735293692,0.0,20.0,1.0001061449150948,0.6275125759861331,4,0.3725269616598627,0.01607200257156863,1.3333333333333333,1e-06,0.6692355008466948,Utsuroi,1e-06,0.9803921568627452,3.0,0
2023-02-22,0.2267131419305332,1.0,0.9523809523809523,0.848343179437962,0.5769714539447268,3,0.35887338175354877,0.33751205400260376,1.0,1e-06,0.9663700659889822,Utsuroi,1e-06,0.9803921568627452,3.0,0
2023-02-23,0.22304072738855346,0.0,20.0,0.8434136739690479,0.6471687870915102,3,0.29758266957010476,0.01607200257156863,1.0,1e-06,0.3853168936067256,Utsuroi,1e-06,0.9803921568627452,3.0,0
2023-02-24,0.20822727996641044,0.0,20.0,0.6465011658742789,0.7890816365787708,3,0.1363589678561195,0.01607200257156863,1.0,1e-06,0.8541256454179147,Utsuroi,1e-06,0.9803921568627452,3.0,0
2023-02-27,0.19744386048733872,0.0,20.0,0.5055722176573797,0.7962390448903355,2,0.10301587794677888,0.01607200257156863,0.6666666666666666,1e-06,0.5018859972577578,Utsuroi,1e-06,0.9803921568627452,3.0,0
2023-02-28,0.1878158073810248,0.0,20.0,0.8788793056586379,0.6382133317343802,3,0.3179668158018399,0.01607200257156863,1.0,1e-06,0.34926052403054864,Utsuroi,1e-06,0.9803921568627452,3.0,0
2023-03-01,0.1825891499804544,0.0,20.0,0.6984998504552682,0.8038635055161035,4,0.13700131206582222,0.01607200257156863,1.3333333333333333,1e-06,0.5406394154141743,Utsuroi,1e-06,0.9803921568627452,3.0,0
2023-03-02,0.19909438387699255,0.0,20.0,0.9193789799399005,0.5574946989477361,3,0.40683007229942897,0.01607200257156863,1.0,1e-06,0.9767494323670685,Utsuroi,1e-06,0.9803921568627452,3.0,0
2023-03-03,0.18781580738102477,0.0,20.0,0.8638048048340545,0.5774620209407453,3,0.36499033653625534,0.01607200257156863,1.0,1e-06,0.63287766892948,Utsuroi,1e-06,0.9803921568627452,3.0,0
2023-03-06,0.1983654027132288,-1.0,0.9523809523809523,1.0699542858192155,0.4683057210723698,4,0.5688885724841753,0.33751205400260376,1.3333333333333333,1e-06,0.5550204745622053,Utsuroi,1e-06,0.9803921568627452,3.0,0
2023-03-07,0.23275130666435018,0.0,20.0,0.5185074286735996,0.7865381193542172,2,0.11068157085347562,0.01607200257156863,0.6666666666666666,1e-06,0.6670919558491344,Utsuroi,1e-06,0.9803921568627452,3.0,0
2023-03-08,0.21592972245146164,1.0,0.9523809523809523,0.3875770043895165,0.8693729300567264,2,0.05062804846079381,0.33751205400260376,0.6666666666666666,1e-06,0.7590623997769308,Utsuroi,1e-06,0.9803921568627452,3.0,0
2023-03-09,0.2321736234779713,1.0,0.9523809523809523,0.053318226043152284,0.9905801748332436,2,0.0005022483675280943,0.33751205400260376,0.6666666666666666,1e-06,0.999065554734732,Utsuroi,1e-06,0.9803921568627452,3.0,0
2023-03-10,0.20584777541299287,0.5,1.8181818181818181,0.973861948410781,0.5767979508913321,3,0.4121403721164023,0.17679202828716653,1.0,1e-06,0.30074560839979325,Utsuroi,1e-06,0.9803921568627452,3.0,0
2023-03-13,0.1940740419001289,-1.0,0.9523809523809523,0.8156646537224745,0.5796778947913203,3,0.3428418843969393,0.33751205400260376,1.0,1e-06,0.7430401551646367,Utsuroi,1e-06,0.9803921568627452,3.0,0
2023-03-14,0.18238283455674761,-1.0,0.9523809523809523,0.40210581506575105,0.8615685759116068,2,0.05566408061377597,0.33751205400260376,0.6666666666666666,1e-06,0.49913519822285357,Utsuroi,1e-06,0.9803921568627452,3.0,0
2023-03-15,0.16714300192561063,1.0,0.9523809523809523,0.0,0.0,0,0.0,0.33751205400260376,0.0,1e-06,1.0,Utsuroi,1e-06,0.9803921568627452,3.0,0
2023-03-16,0.17897175288479636,0.5,1.8181818181818181,0.0,0.0,0,0.0,0.17679202828716653,0.0,1e-06,0.12424705177396411,Utsuroi,1e-06,0.9803921568627452,3.0,0
2023-03-17,0.17337372772155382,0.0,20.0,4.777167550310456e-11,0.9999999999512283,1,2.3299035991421823e-21,0.01607200257156863,0.3333333333333333,1e-06,0.03754997107390079,Utsuroi,1e-06,0.9803921568627452,3.0,0
2023-03-20,0.18579391622869884,1.0,0.9523809523809523,1.522826309483732e-11,0.9999999999837718,1,2.471279231070451e-22,0.33751205400260376,0.3333333333333333,1e-06,0.6749983902469886,Utsuroi,1e-06,0.9803921568627452,3.0,0
2023-03-21,0.17309864048994486,2.0,0.48780487804878053,0.5723845645561768,0.7406417799229638,2,0.14845264186285947,0.6589521054329959,0.6666666666666666,1e-06,0.017302951614154294,Utsuroi,1e-06,0.9803921568627452,3.0,0
2023-03-22,0.1843634626243322,2.0,0.48780487804878053,0.9155704451255444,0.698537079975465,4,0.2760105398757099,0.6589521054329959,1.3333333333333333,1e-06,0.23540876209869266,Utsuroi,1e-06,0.9803921568627452,3.0,0
2023-03-23,0.1837307619916316,2.0,0.48780487804878053,0.5303507487908883,0.7772626628243938,2,0.11812891355477129,0.6589521054329959,0.6666666666666666,1e-06,0.49713912526837034,Utsuroi,1e-06,0.9803921568627452,3.0,0
2023-03-24,0.1869355282398761,2.0,0.48780487804878053,0.0,0.0,0,0.0,0.6589521054329959,0.0,1e-06,1.0,Utsuroi,1e-06,0.9803921568627452,3.0,0
2023-03-27,0.18078732861341557,1.0,0.9523809523809523,0.6914339844138662,0.5292593367615546,2,0.3254860924085843,0.33751205400260376,0.6666666666666666,1e-06,0.6428184127056272,Utsuroi,1e-06,0.9803921568627452,3.0,0
2023-03-28,0.17466663771011598,0.0,20.0,0.6575978205535047,0.6325255966573278,2,0.24165036674734078,0.01607200257156863,0.6666666666666666,1e-06,0.30016345357643415,Utsuroi,1e-06,0.9803921568627452,3.0,0
2023-03-29,0.17173695869348046,1.0,0.9523809523809523,0.678194125014592,0.5862507226667586,2,0.2806023291164374,0.33751205400260376,0.6666666666666666,1e-06,0.75471193576308,Utsuroi,1e-06,0.9803921568627452,3.0,0
2023-03-30,0.17494172494172494,1.0,0.9523809523809523,0.6837658727761649,0.568381044777693,2,0.29512631162431713,0.33751205400260376,0.6666666666666666,1e-06,0.5186938456122613,Utsuroi,1e-06,0.9803921568627452,3.0,0
2023-03-31,0.18418465592378638,1.0,0.9523809523809523,0.3953919850949914,0.8652099574511577,2,0.05329490249442511,0.33751205400260376,0.6666666666666666,1e-06,0.9013273870896337,Utsuroi,1e-06,0.9803921568627452,3.0,0
2023-04-03,0.1989018228148663,1.0,0.9523809523809523,0.6064490935595511,0.7051365431861529,2,0.1788196761085934,0.33751205400260376,0.6666666666666666,1e-06,0.6843144289712173,Utsuroi,1e-06,0.9803921568627452,3.0,0
2023-04-04,0.17788515831994092,1.0,0.9523809523809523,0.5912347228421782,0.7218110310845547,2,0.16447497793447463,0.33751205400260376,0.6666666666666666,1e-06,0.7073842026727835,Utsuroi,1e-06,0.9803921568627452,3.0,0
2023-04-05,0.17667477450086153,1.0,0.9523809523809523,0.47609224541868156,0.8168796103146858,2,0.08718219750722521,0.33751205400260376,0.6666666666666666,1e-06,0.839887963905235,Utsuroi,1e-06,0.9803921568627452,3.0,0
2023-04-06,0.16212265994874692,2.0,0.48780487804878053,1.735822596754385e-11,0.9999999999816418,1,3.1866585071695713e-22,0.6589521054329959,0.3333333333333333,1e-06,0.3176208394443748,Utsuroi,1e-06,0.9803921568627452,3.0,0
2023-04-10,0.15195818674079545,2.0,0.48780487804878053,0.6767704755243231,0.5902416452575685,2,0.27731235658909964,0.6589521054329959,0.6666666666666666,1e-06,0.46759034708901237,Utsuroi,1e-06,0.9803921568627452,3.0,0
2023-04-11,0.11795740491392664,1.0,0.9523809523809523,0.5544502960497757,0.7570554966741351,2,0.13470065179269153,0.33751205400260376,0.6666666666666666,1e-06,0.3070793830288795,Utsuroi,1e-06,0.9803921568627452,3.0,0
2023-04-12,0.11688456471065166,1.0,0.9523809523809523,0.5583739976369858,0.7535744785678167,2,0.13759760352186692,0.33751205400260376,0.6666666666666666,1e-06,0.7519941445984122,Utsuroi,1e-06,0.9803921568627452,3.0,0
2023-04-13,0.12340413209978426,2.0,0.48780487804878053,1.849764785769508e-11,0.9999999999805024,1,3.6066021492870436e-22,0.6589521054329959,0.3333333333333333,1e-06,0.3398079673612734,Utsuroi,1e-06,0.9803921568627452,3.0,0
2023-04-14,0.15144927536231884,2.0,0.48780487804878053,1.4039880369297131e-11,0.9999999999849601,1,2.1115781056874888e-22,0.6589521054329959,0.3333333333333333,1e-06,1.0,Utsuroi,1e-06,0.9803921568627452,3.0,0
2023-04-17,0.12902966598618773,2.0,0.48780487804878053,0.5028575457378768,0.79822189237527,2,0.1014656439838049,0.6589521054329959,0.6666666666666666,1e-06,0.5115569754602884,Utsuroi,1e-06,0.9803921568627452,3.0,0
2023-04-18,0.1272003358959881,1.0,0.9523809523809523,1.0050864824990857,0.5395053658840345,3,0.4628369320133192,0.33751205400260376,1.0,1e-06,0.64219883565409,Utsuroi,1e-06,0.9803921568627452,3.0,0
2023-04-19,0.14886345538519455,0.0,20.0,1.150219641471004,0.4309551406052488,4,0.6545265741539487,0.01607200257156863,1.3333333333333333,1e-06,0.2503061869343459,Utsuroi,1e-06,0.9803921568627452,3.0,0
2023-04-20,0.15059650494433105,0.0,20.0,0.4300491879891296,0.845727470061158,2,0.06634477622922769,0.01607200257156863,0.6666666666666666,1e-06,0.6608933151293668,Utsuroi,1e-06,0.9803921568627452,3.0,0
2023-04-21,0.16924741924741926,0.0,20.0,0.0,0.0,0,0.0,0.01607200257156863,0.0,1e-06,1.0,Utsuroi,1e-06,0.9803921568627452,3.0,0
2023-04-24,0.1767160375856028,1.0,0.9523809523809523,0.17153605348509,0.9588645431650098,2,0.00705621392378049,0.33751205400260376,0.6666666666666666,1e-06,0.43685955001405197,Utsuroi,1e-06,0.9803921568627452,3.0,0
2023-04-25,0.2094926812318117,0.0,20.0,0.6645424665662518,0.6190187221214952,2,0.2531782381169442,0.01607200257156863,0.6666666666666666,1e-06,0.21110567265038527,Utsuroi,1e-06,0.9803921568627452,3.0,0
2023-04-26,0.27213004386917433,1.0,0.9523809523809523,0.6894072524276476,0.5432161049157671,2,0.31491013006321983,0.33751205400260376,0.6666666666666666,1e-06,0.7437597449190649,Utsuroi,1e-06,0.9803921568627452,3.0,0
2023-04-27,0.2871498067150241,1.5,0.6451612903225806,6.33687546859712e-11,0.9999999999356313,1,4.07896642344216e-21,0.4982320797178802,0.3333333333333333,1e-06,0.7751996906517467,Utsuroi,1e-06,0.9803921568627452,3.0,0
2023-04-28,0.30384760167368874,1.5,0.6451612903225806,0.0,0.0,0,0.0,0.4982320797178802,0.0,1e-06,1.0,Utsuroi,1e-06,0.9803921568627452,3.0,0
2023-05-01,0.3093355919442876,2.0,0.48780487804878053,1.812061611853966e-11,0.9999999999808794,1,3.4647694377812405e-22,0.6589521054329959,0.3333333333333333,1e-06,0.1652596705039221,Utsuroi,1e-06,0.9803921568627452,3.0,0
2023-05-02,0.3004640287248984,2.0,0.48780487804878053,1.1073308935835915e-10,0.9999999998882669,1,1.2372547719289458e-20,0.6589521054329959,0.3333333333333333,1e-06,1.0,Utsuroi,1e-06,0.9803921568627452,3.0,0
2023-05-03,0.2829822351561482,1.0,0.9523809523809523,0.0,0.0,0,0.0,0.33751205400260376,0.0,1e-06,0.14130154965142705,Utsuroi,1e-06,0.9803921568627452,3.0,0
2023-05-04,0.2559411602889864,1.0,0.9523809523809523,0.0,0.0,0,0.0,0.33751205400260376,0.0,1e-06,1.0,Utsuroi,1e-06,0.9803921568627452,3.0,0
2023-05-05,0.2681687877340051,1.0,0.9523809523809523,0.0,0.0,0,0.0,0.33751205400260376,0.0,1e-06,1.0,Utsuroi,1e-06,0.9803921568627452,3.0,0
2023-05-08,0.26936541719150414,2.0,0.48780487804878053,0.0,0.0,0,0.0,0.6589521054329959,0.0,1e-06,0.002604303890301085,Utsuroi,1e-06,0.9803921568627452,3.0,0
2023-05-09,0.2738906021514717,2.0,0.48780487804878053,0.0,0.0,0,0.0,0.6589521054329959,0.0,1e-06,1.0,Utsuroi,1e-06,0.9803921568627452,3.0,0
2023-05-10,0.27596751075011955,1.0,0.9523809523809523,0.0,0.0,0,0.0,0.33751205400260376,0.0,1e-06,0.009883389759361316,Utsuroi,1e-06,0.9803921568627452,3.0,0
2023-05-11,0.2943433378215987,1.0,0.9523809523809523,3.842615114912951e-11,0.9999999999605739,1,1.5149943932621614e-21,0.33751205400260376,0.3333333333333333,1e-06,0.5214872547852984,Utsuroi,1e-06,0.9803921568627452,3.0,0
2023-05-12,0.2956500021717415,1.5,0.6451612903225806,7.385680955427003e-11,0.9999999999251432,1,5.528683493457205e-21,0.4982320797178802,0.3333333333333333,1e-06,0.06751652853800605,Utsuroi,1e-06,0.9803921568627452,3.0,0
2023-05-15,0.3038063385889473,1.0,0.9523809523809523,0.6519134421254766,0.6425899772471511,2,0.23300039818295468,0.33751205400260376,0.6666666666666666,1e-06,0.6560755163099614,Utsuroi,1e-06,0.9803921568627452,3.0,0
2023-05-16,0.3258408258408259,2.0,0.48780487804878053,0.6785181648919886,0.5853157056626559,2,0.28137082640330396,0.6589521054329959,0.6666666666666666,1e-06,0.14052273697361162,Utsuroi,1e-06,0.9803921568627452,3.0,0
2023-05-17,0.3608044129783261,1.0,0.9523809523809523,3.1822233731893795e-10,0.9999999996807777,1,1.0158367128263512e-19,0.33751205400260376,0.3333333333333333,1e-06,0.18995585001172433,Utsuroi,1e-06,0.9803921568627452,3.0,0
2023-05-18,0.33297933950107866,2.0,0.48780487804878053,1.3598588920643516e-10,0.9999999998630141,1,1.862814494550534e-20,0.6589521054329959,0.3333333333333333,1e-06,0.03960606250838483,Utsuroi,1e-06,0.9803921568627452,3.0,0
2023-05-19,0.3350837568228873,2.0,0.48780487804878053,0.0,0.0,0,0.0,0.6589521054329959,0.0,1e-06,1.0,Utsuroi,1e-06,0.9803921568627452,3.0,0
2023-05-22,0.32823408475582394,2.0,0.48780487804878053,6.567937302971816e-10,0.9999999993422063,1,4.320347835006716e-19,0.6589521054329959,0.3333333333333333,1e-06,0.7301473387977173,Utsuroi,1e-06,0.9803921568627452,3.0,0
2023-05-23,0.3104359408707235,1.0,0.9523809523809523,6.928246864854142e-11,0.9999999999297176,1,4.869341398208365e-21,0.33751205400260376,0.3333333333333333,1e-06,0.13059780572306545,Utsuroi,1e-06,0.9803921568627452,3.0,0
2023-05-24,0.2951548451548452,2.0,0.48780487804878053,0.49415410326936554,0.8044620753225333,2,0.09662586782414628,0.6589521054329959,0.6666666666666666,1e-06,0.009092740091819151,Utsuroi,1e-06,0.9803921568627452,3.0,0
2023-05-25,0.2980295067251589,2.0,0.48780487804878053,1.1616574368413566e-10,0.9999999998828343,1,1.3610643180383665e-20,0.6589521054329959,0.3333333333333333,1e-06,0.7574796478801619,Utsuroi,1e-06,0.9803921568627452,3.0,0
2023-05-26,0.2799150125237082,2.0,0.48780487804878053,0.0,0.0,0,0.0,0.6589521054329959,0.0,1e-06,1.0,Utsuroi,1e-06,0.9803921568627452,3.0,0
2023-05-30,0.26638072072854685,2.0,0.48780487804878053,0.32919857149117304,0.8981180045308724,2,0.03353940736910696,0.6589521054329959,0.6666666666666666,1e-06,0.5097352960153557,Utsuroi,1e-06,0.9803921568627452,3.0,0
2023-05-31,0.23367284889024026,1.0,0.9523809523809523,0.660177160678809,0.6276833078802494,2,0.24579497667694328,0.33751205400260376,0.6666666666666666,1e-06,0.6994752119829717,Utsuroi,1e-06,0.9803921568627452,3.0,0
2023-06-01,0.26200683374596423,2.0,0.48780487804878053,7.940870180470621e-10,0.999999999204913,1,6.313682619333473e-19,0.6589521054329959,0.3333333333333333,1e-06,0.4057308142338525,Utsuroi,1e-06,0.9803921568627452,3.0,0
2023-06-02,0.2721025351460134,2.0,0.48780487804878053,1.9466939169849623e-10,0.9999999998043306,1,3.8090837153265754e-20,0.6589521054329959,0.3333333333333333,1e-06,1.0,Utsuroi,1e-06,0.9803921568627452,3.0,0
2023-06-05,0.27845705019618067,2.0,0.48780487804878053,2.025495326811077e-10,0.9999999997964505,1,4.122885824546811e-20,0.6589521054329959,0.3333333333333333,1e-06,1.0,Utsuroi,1e-06,0.9803921568627452,3.0,0
2023-06-06,0.29266530570878396,1.0,0.9523809523809523,7.949696456353264e-11,0.9999999999195031,1,6.399262581027017e-21,0.33751205400260376,0.3333333333333333,1e-06,0.13059780572306545,Utsuroi,1e-06,0.9803921568627452,3.0,0
2023-06-07,0.2834498834498834,2.0,0.48780487804878053,0.0,0.0,0,0.0,0.6589521054329959,0.0,1e-06,0.13498861671901508,Utsuroi,1e-06,0.9803921568627452,3.0,0
2023-06-08,0.2965027725897291,3.0,0.3278688524590164,0.0,0.0,0,0.0,0.9803921568627452,0.0,1e-06,0.0003779121118435702,Katashi,1e-06,0.9803921568627452,3.0,0
2023-06-09,0.3037513211426255,3.0,0.3278688524590164,0.0,0.0,0,0.0,0.9803921568627452,0.0,1e-06,1.0,Katashi,1e-06,0.9803921568627452,3.0,0
2023-06-12,0.30575945793337095,3.0,0.3278688524590164,0.0,0.0,0,0.0,0.9803921568627452,0.0,1e-06,1.0,Katashi,1e-06,0.9803921568627452,3.0,0
2023-06-13,0.27767305158609507,2.0,0.48780487804878053,0.0,0.0,0,0.0,0.6589521054329959,0.0,1e-06,0.0008363258853475442,Utsuroi,1e-06,0.9803921568627452,3.0,0
2023-06-14,0.2862145101275537,2.5,0.3921568627450981,7.952584143594121e-10,0.9999999992037416,1,6.33231186683429e-19,0.8196721311479509,0.3333333333333333,1e-06,0.19417497613171797,Utsuroi,1e-06,0.9803921568627452,3.0,0
2023-06-15,0.324094021920109,3.0,0.3278688524590164,0.689387885780391,0.5433277142733839,2,0.3148243415515705,0.9803921568627452,0.6666666666666666,1e-06,0.2500281377613104,Katashi,1e-06,0.9803921568627452,3.0,0
2023-06-16,0.27446828533785056,2.0,0.48780487804878053,6.096412263708747e-11,0.9999999999380359,1,3.777587023032677e-21,0.6589521054329959,0.3333333333333333,1e-06,0.24070274279852222,Utsuroi,1e-06,0.9803921568627452,3.0,0
2023-06-20,0.2876312093703398,2.0,0.48780487804878053,0.6762957115177293,0.5915330455758098,2,0.27624444957378763,0.6589521054329959,0.6666666666666666,1e-06,0.4680467798524641,Utsuroi,1e-06,0.9803921568627452,3.0,0
2023-06-21,0.2988135053352445,2.5,0.3921568627450981,0.36010845715162326,0.8833936215577181,2,0.041990943034888456,0.8196721311479509,0.6666666666666666,1e-06,0.4956810589096595,Utsuroi,1e-06,0.9803921568627452,3.0,0
2023-06-22,0.3332269180095267,2.5,0.3921568627450981,1.5888290682966046e-11,0.9999999999831117,1,2.6832572003532985e-22,0.8196721311479509,0.3333333333333333,1e-06,0.784955872745794,Utsuroi,1e-06,0.9803921568627452,3.0,0
2023-06-23,0.3240940219201089,3.0,0.3278688524590164,2.09718908903234e-11,0.9999999999780281,1,4.607916344767041e-22,0.9803921568627452,0.3333333333333333,1e-06,0.017579440597423668,Katashi,1e-06,0.9803921568627452,3.0,0
2023-06-26,0.3208892556718644,2.0,0.48780487804878053,0.0,0.0,0,0.0,0.6589521054329959,0.0,1e-06,0.1336711072696447,Utsuroi,1e-06,0.9803921568627452,3.0,0
2023-06-27,0.321246869072956,2.0,0.48780487804878053,0.0,0.0,0,0.0,0.6589521054329959,0.0,1e-06,1.0,Utsuroi,1e-06,0.9803921568627452,3.0,0
2023-06-28,0.27900722465939853,2.0,0.48780487804878053,0.0,0.0,0,0.0,0.6589521054329959,0.0,1e-06,1.0,Utsuroi,1e-06,0.9803921568627452,3.0,0
2023-06-29,0.25876080441297833,1.0,0.9523809523809523,5.5832116706062516e-11,0.9999999999431679,1,3.173056137573126e-21,0.33751205400260376,0.3333333333333333,1e-06,0.48421539144521,Utsuroi,1e-06,0.9803921568627452,3.0,0
2023-06-30,0.2811253963427877,1.0,0.9523809523809523,8.048117727769789e-12,0.9999999999909519,1,7.282013864992967e-23,0.33751205400260376,0.3333333333333333,1e-06,1.0,Utsuroi,1e-06,0.9803921568627452,3.0,0
2023-07-03,0.2771916489307794,1.0,0.9523809523809523,9.596656802501747e-12,0.9999999999894034,1,1.016922662934829e-22,0.33751205400260376,0.3333333333333333,1e-06,1.0,Utsuroi,1e-06,0.9803921568627452,3.0,0
2023-07-05,0.2563125280516585,1.0,0.9523809523809523,9.653278176757029e-12,0.9999999999893467,1,1.028388441880354e-22,0.33751205400260376,0.3333333333333333,1e-06,1.0,Utsuroi,1e-06,0.9803921568627452,3.0,0
2023-07-06,0.2872735959692481,3.0,0.3278688524590164,0.0853610951114275,0.983187247946851,2,0.001435154927093702,0.9803921568627452,0.6666666666666666,1e-06,0.0040914397011792,Katashi,1e-06,0.9803921568627452,3.0,0
2023-07-07,0.26745356093182177,2.0,0.48780487804878053,0.693111165163947,0.504243522798749,2,0.3436143495505328,0.6589521054329959,0.6666666666666666,1e-06,0.705779007151452,Utsuroi,1e-06,0.9803921568627452,3.0,0
2023-07-10,0.2592009439835527,0.0,20.0,0.6730057842523696,0.6000145075801686,2,0.26919255001557885,0.01607200257156863,0.6666666666666666,1e-06,0.4531905395636685,Utsuroi,1e-06,0.9803921568627452,3.0,0
2023-07-11,0.3152637217854609,1.0,0.9523809523809523,0.2836597230581648,0.9179864920453037,2,0.02326392895345775,0.33751205400260376,0.6666666666666666,1e-06,0.7755677650051861,Utsuroi,1e-06,0.9803921568627452,3.0,0
2023-07-12,0.28754868320085714,1.0,0.9523809523809523,0.0,0.0,0,0.0,0.33751205400260376,0.0,1e-06,1.0,Utsuroi,1e-06,0.9803921568627452,3.0,0
2023-07-13,0.28190939495287337,2.0,0.48780487804878053,3.426847694436604e-11,0.9999999999647315,1,1.2085962309745522e-21,0.6589521054329959,0.3333333333333333,1e-06,0.03273621213116684,Utsuroi,1e-06,0.9803921568627452,3.0,0
2023-07-14,0.3059382646339169,1.0,0.9523809523809523,0.0,0.0,0,0.0,0.33751205400260376,0.0,1e-06,0.14130154965142705,Utsuroi,1e-06,0.9803921568627452,3.0,0
2023-07-17,0.31852350548002734,1.5,0.6451612903225806,8.78352945892739e-11,0.9999999999111647,1,7.802872327452542e-21,0.4982320797178802,0.3333333333333333,1e-06,0.12540697892741504,Utsuroi,1e-06,0.9803921568627452,3.0,0
2023-07-18,0.2940269875052484,3.0,0.3278688524590164,2.0403567724030107e-11,0.9999999999785965,1,4.367086922357619e-22,0.9803921568627452,0.3333333333333333,1e-06,0.017818461902809002,Katashi,1e-06,0.9803921568627452,3.0,0
2023-07-19,0.24942159289985374,3.0,0.3278688524590164,2.732214454641468e-11,0.9999999999716779,1,7.738211227597019e-22,0.9803921568627452,0.3333333333333333,1e-06,1.0,Katashi,1e-06,0.9803921568627452,3.0,0
2023-07-20,0.2339479361218492,2.0,0.48780487804878053,0.5170355306762064,0.7876638198513636,2,0.1097853495849088,0.6589521054329959,0.6666666666666666,1e-06,0.5465944853307092,Utsuroi,1e-06,0.9803921568627452,3.0,0
2023-07-21,0.20604033647511913,2.5,0.3921568627450981,4.367983752373728e-11,0.9999999999553202,1,1.9516070773942604e-21,0.8196721311479509,0.3333333333333333,1e-06,0.562549829855322,Utsuroi,1e-06,0.9803921568627452,3.0,0
2023-07-24,0.20643921296095213,1.5,0.6451612903225806,0.6729481029892728,0.6001566420818075,2,0.26907382920390843,0.4982320797178802,0.6666666666666666,1e-06,0.9041978526702479,Utsuroi,1e-06,0.9803921568627452,3.0,0
2023-07-25,0.1633880612141482,2.0,0.48780487804878053,0.8269547970771723,0.6831594765444705,3,0.26201279077999245,0.6589521054329959,1.0,1e-06,0.05805846685782634,Utsuroi,1e-06,0.9803921568627452,3.0,0
2023-07-26,0.15807887764409506,3.0,0.3278688524590164,0.4870708977841086,0.8094144550161645,2,0.09282867249995037,0.9803921568627452,0.6666666666666666,1e-06,0.44962890486194484,Katashi,1e-06,0.9803921568627452,3.0,0
2023-07-27,0.228913839783405,2.0,0.48780487804878053,3.211886312416031e-11,0.9999999999668812,1,1.0637395210058036e-21,0.6589521054329959,0.3333333333333333,1e-06,0.056750527997993516,Utsuroi,1e-06,0.9803921568627452,3.0,0
2023-07-28,0.2543318999840739,2.0,0.48780487804878053,2.3117396885362076e-11,0.9999999999758826,1,5.575309242508379e-22,0.6589521054329959,0.3333333333333333,1e-06,1.0,Utsuroi,1e-06,0.9803921568627452,3.0,0
2023-07-31,0.255253442209964,2.0,0.48780487804878053,0.3351791716856936,0.895351112488603,2,0.03507612743389937,0.6589521054329959,0.6666666666666666,1e-06,0.5114648469167797,Utsuroi,1e-06,0.9803921568627452,3.0,0
2023-08-01,0.2702869594173942,2.0,0.48780487804878053,4.359779204222114e-11,0.9999999999554022,1,1.944364298584164e-21,0.6589521054329959,0.3333333333333333,1e-06,0.7342837483118434,Utsuroi,1e-06,0.9803921568627452,3.0,0
2023-08-02,0.2938206720815416,1.0,0.9523809523809523,0.0,0.0,0,0.0,0.33751205400260376,0.0,1e-06,0.14130154965142705,Utsuroi,1e-06,0.9803921568627452,3.0,0
2023-08-03,0.2792135400831053,1.0,0.9523809523809523,7.754841213316798e-11,0.9999999999214516,1,6.0913029212437665e-21,0.33751205400260376,0.3333333333333333,1e-06,0.5214872547852984,Utsuroi,1e-06,0.9803921568627452,3.0,0
2023-08-04,0.27085088824219267,1.0,0.9523809523809523,0.0,0.0,0,0.0,0.33751205400260376,0.0,1e-06,1.0,Utsuroi,1e-06,0.9803921568627452,3.0,0
2023-08-07,0.24412616369138115,1.5,0.6451612903225806,0.14248890507713644,0.9677469225200723,2,0.004595705695482941,0.4982320797178802,0.6666666666666666,1e-06,0.13502937687861793,Utsuroi,1e-06,0.9803921568627452,3.0,0
2023-08-08,0.2464644051600574,0.0,20.0,0.4830838590611132,0.8121544548906504,2,0.09074515083886302,0.01607200257156863,0.6666666666666666,1e-06,0.3124389665083305,Utsuroi,1e-06,0.9803921568627452,3.0,0
2023-08-09,0.24287451678756028,0.0,20.0,1.08280994772169,0.4183580473491582,3,0.6298076923425997,0.01607200257156863,1.0,1e-06,0.28854423436791365,Utsuroi,1e-06,0.9803921568627452,3.0,0
2023-08-10,0.2203311181572051,1.0,0.9523809523809523,0.6535261636292415,0.6398122139522378,2,0.23539214200190411,0.33751205400260376,0.6666666666666666,1e-06,0.8651778646015148,Utsuroi,1e-06,0.9803921568627452,3.0,0
2023-08-11,0.23332898985072903,0.0,20.0,0.8406928576319453,0.6845421434995522,3,0.26520316684380957,0.01607200257156863,1.0,1e-06,0.20723380502591393,Utsuroi,1e-06,0.9803921568627452,3.0,0
2023-08-14,0.2421455356237965,0.0,20.0,2.2306712032800006e-11,0.9999999999766933,1,5.198956202902715e-22,0.01607200257156863,0.3333333333333333,1e-06,0.7764042740394741,Utsuroi,1e-06,0.9803921568627452,3.0,0
2023-08-15,0.2618417814069988,0.0,20.0,1.3340883953003401e-11,0.9999999999856591,1,1.9131977347857126e-22,0.01607200257156863,0.3333333333333333,1e-06,1.0,Utsuroi,1e-06,0.9803921568627452,3.0,0
2023-08-16,0.2735054800272192,0.0,20.0,1.081429234810104,0.37669075099326127,3,0.674064844203418,0.01607200257156863,1.0,1e-06,0.22916625851449168,Utsuroi,1e-06,0.9803921568627452,3.0,0
2023-08-17,0.27680652680652684,2.0,0.48780487804878053,0.6603467774277296,0.7855578213548843,3,0.14160620161288368,0.6589521054329959,1.0,1e-06,0.615321387741938,Utsuroi,1e-06,0.9803921568627452,3.0,0
2023-08-18,0.29174376348289394,2.0,0.48780487804878053,0.6917636974181482,0.7541485429479723,3,0.17007111294594976,0.6589521054329959,1.0,1e-06,0.8188166272337928,Utsuroi,1e-06,0.9803921568627452,3.0,0
2023-08-21,0.3004640287248983,0.0,20.0,1.2340467073118138,0.40184892608641254,4,0.7381463632380879,0.01607200257156863,1.3333333333333333,1e-06,0.28959312291442285,Utsuroi,1e-06,0.9803921568627452,3.0,0
2023-08-22,0.30072536159492685,-1.0,0.9523809523809523,1.0521730529994988,0.4405410308345097,3,0.5886476516148064,0.33751205400260376,1.0,1e-06,0.8573019121331459,Utsuroi,1e-06,0.9803921568627452,3.0,0
2023-08-23,0.297080455776108,0.0,20.0,0.9243841079573089,0.6484092753404923,4,0.3250048783804428,0.01607200257156863,1.3333333333333333,1e-06,0.40840282184936516,Utsuroi,1e-06,0.9803921568627452,3.0,0
2023-08-24,0.3072861920688008,1.0,0.9523809523809523,0.4913580498122083,0.8064301690731847,2,0.09511209462667888,0.33751205400260376,0.6666666666666666,1e-06,0.8410410968731363,Utsuroi,1e-06,0.9803921568627452,3.0,0
2023-08-25,0.3117563595824465,0.0,20.0,7.805311952286434e-12,0.9999999999911947,1,6.87280339581641e-23,0.01607200257156863,0.3333333333333333,1e-06,0.2541971226783406,Utsuroi,1e-06,0.9803921568627452,3.0,0
2023-08-28,0.2818543775065515,1.0,0.9523809523809523,0.6555976303704214,0.6361564420268138,2,0.23853497443276395,0.33751205400260376,0.6666666666666666,1e-06,0.5072075860652954,Utsuroi,1e-06,0.9803921568627452,3.0,0
2023-08-29,0.24559788038048916,1.0,0.9523809523809523,1.5039636202956548e-11,0.9999999999839604,1,2.412299606195421e-22,0.33751205400260376,0.3333333333333333,1e-06,0.6943551443940896,Utsuroi,1e-06,0.9803921568627452,3.0,0
2023-08-30,0.25796305144131243,1.0,0.9523809523809523,1.7504331317581824e-11,0.9999999999814957,1,3.2390555897032746e-22,0.33751205400260376,0.3333333333333333,1e-06,1.0,Utsuroi,1e-06,0.9803921568627452,3.0,0
2023-08-31,0.2656104764800417,2.0,0.48780487804878053,0.5099934114337299,0.7929711564027264,2,0.10558334621135367,0.6589521054329959,0.6666666666666666,1e-06,0.010356312961426806,Utsuroi,1e-06,0.9803921568627452,3.0,0
2023-09-01,0.2110331697288219,2.0,0.48780487804878053,5.269584768397224e-11,0.9999999999463042,1,2.8295470451695212e-21,0.6589521054329959,0.3333333333333333,1e-06,0.761880918308386,Utsuroi,1e-06,0.9803921568627452,3.0,0
2023-09-05,0.2575641749554794,2.0,0.48780487804878053,6.325617807128146e-11,0.9999999999357438,1,4.064598843052039e-21,0.6589521054329959,0.3333333333333333,1e-06,1.0,Utsuroi,1e-06,0.9803921568627452,3.0,0
2023-09-06,0.2880025771330119,2.0,0.48780487804878053,2.026145917688112e-11,0.9999999999787386,1,4.3078773893954155e-22,0.6589521054329959,0.3333333333333333,1e-06,1.0,Utsuroi,1e-06,0.9803921568627452,3.0,0
2023-09-07,0.2958975806801894,2.0,0.48780487804878053,1.6606271912978753e-11,0.9999999999823938,1,2.9237417140403173e-22,0.6589521054329959,0.3333333333333333,1e-06,1.0,Utsuroi,1e-06,0.9803921568627452,3.0,0
2023-09-08,0.29584256323386765,2.0,0.48780487804878053,0.5892214775919461,0.7239110054832825,2,0.16267756529601501,0.6589521054329959,0.6666666666666666,1e-06,0.504610044125575,Utsuroi,1e-06,0.9803921568627452,3.0,0
2023-09-11,0.27631136978963067,2.0,0.48780487804878053,2.2656432285548716e-11,0.9999999999763436,1,5.359698550022773e-22,0.6589521054329959,0.3333333333333333,1e-06,0.7914869619912366,Utsuroi,1e-06,0.9803921568627452,3.0,0
2023-09-12,0.25233751755490885,0.0,20.0,0.6087111848847684,0.7025232376541598,2,0.18107743248322103,0.01607200257156863,0.6666666666666666,1e-06,0.3004045414444678,Utsuroi,1e-06,0.9803921568627452,3.0,0
2023-09-13,0.24434623347666828,2.0,0.48780487804878053,0.5738205814071393,0.7392685690744296,2,0.14961306128482618,0.6589521054329959,0.6666666666666666,1e-06,0.4155515460982958,Utsuroi,1e-06,0.9803921568627452,3.0,0
2023-09-14,0.23746905268644403,1.0,0.9523809523809523,1.3325760151788886,0.5050490672473142,5,0.659559741676648,0.33751205400260376,1.6666666666666667,1e-06,0.24790253671306994,Utsuroi,1e-06,0.9803921568627452,3.0,0
2023-09-15,0.16638651203868599,0.5,1.8181818181818181,0.600338546119076,0.8020282568593381,3,0.11885006844972412,0.17679202828716653,1.0,1e-06,0.2528730994541025,Utsuroi,1e-06,0.9803921568627452,3.0,0
2023-09-18,0.15274218535088102,2.0,0.48780487804878053,0.9131747964860255,0.4637747164851773,3,0.48966741414430953,0.6589521054329959,1.0,1e-06,0.18106050309879684,Utsuroi,1e-06,0.9803921568627452,3.0,0
2023-09-19,0.17377260420738683,-1.5,0.6451612903225806,0.18075617563852425,0.963036064137308,3,0.006681459683087897,0.4982320797178802,1.0,1e-06,0.7679256833389327,Utsuroi,1e-06,0.9803921568627452,3.0,0
2023-09-20,0.16242525590351678,2.0,0.48780487804878053,0.4315904716905109,0.8448197665790613,2,0.0669743101391865,0.6589521054329959,0.6666666666666666,1e-06,0.7843382629538672,Utsuroi,1e-06,0.9803921568627452,3.0,0
2023-09-21,0.20938264633916814,1.0,0.9523809523809523,1.7627788117917854e-11,0.9999999999813722,1,3.283663120941781e-22,0.33751205400260376,0.3333333333333333,1e-06,0.021544961262625617,Utsuroi,1e-06,0.9803921568627452,3.0,0
2023-09-22,0.20870868262172615,1.5,0.6451612903225806,1.622824097310047e-11,0.9999999999827718,1,2.795836870599127e-22,0.4982320797178802,0.3333333333333333,1e-06,0.06751652853800605,Utsuroi,1e-06,0.9803921568627452,3.0,0
2023-09-25,0.20370209500644285,0.0,20.0,0.6194922776716,0.6895098547647894,2,0.19234624726634647,0.01607200257156863,0.6666666666666666,1e-06,0.21289442106994327,Utsuroi,1e-06,0.9803921568627452,3.0,0
2023-09-26,0.20716819412471588,1.0,0.9523809523809523,0.8715394382808355,0.5342772603692616,3,0.40589573489238556,0.33751205400260376,1.0,1e-06,0.5319717509955137,Utsuroi,1e-06,0.9803921568627452,3.0,0
2023-09-27,0.20027725897291118,-1.0,0.9523809523809523,0.781987738398068,0.5701397241474605,3,0.336145464941097,0.33751205400260376,1.0,1e-06,0.5652919584451114,Utsuroi,1e-06,0.9803921568627452,3.0,0
2023-09-28,0.1918458353240962,0.0,20.0,0.6355743125035569,0.6680166719490326,2,0.21100007548863642,0.01607200257156863,0.6666666666666666,1e-06,0.44783776754948834,Utsuroi,1e-06,0.9803921568627452,3.0,0
2023-09-29,0.19184583532409624,-1.0,0.9523809523809523,1.1475868455668676,0.4896623667549268,4,0.5856567547097745,0.33751205400260376,1.3333333333333333,1e-06,0.3520600812896585,Utsuroi,1e-06,0.9803921568627452,3.0,0
2023-10-02,0.19418407679277247,1.0,0.9523809523809523,0.616560593724222,0.7700184868123291,3,0.14179753831658537,0.33751205400260376,1.0,1e-06,0.4772114123510772,Utsuroi,1e-06,0.9803921568627452,3.0,0
2023-10-03,0.189631383109644,0.0,20.0,1.0146274493356893,0.6533638100932839,4,0.3517065932124929,0.01607200257156863,1.3333333333333333,1e-06,0.22568764313539902,Utsuroi,1e-06,0.9803921568627452,3.0,0
2023-10-04,0.16248027334983856,1.0,0.9523809523809523,1.3241612899008877,0.3590471796039279,4,0.8487249134212749,0.33751205400260376,1.3333333333333333,1e-06,0.5248618998990249,Utsuroi,1e-06,0.9803921568627452,3.0,0
2023-10-05,0.1410922410922411,1.0,0.9523809523809523,1.4742084795720682,0.3700916976644547,6,0.9286161606559069,0.33751205400260376,2.0,1e-06,0.13076991296582907,Utsuroi,1e-06,0.9803921568627452,3.0,0
2023-10-06,0.17576698663655188,0.0,20.0,1.3799399998672583,0.2794809611881793,4,0.994273042322341,0.01607200257156863,1.3333333333333333,1e-06,0.8207158742960923,Utsuroi,1e-06,0.9803921568627452,3.0,0
2023-10-09,0.24983422374726721,1.0,0.9523809523809523,1.1809256814312081,0.36902666220281954,4,0.7451326189030592,0.33751205400260376,1.3333333333333333,1e-06,0.9084279163945662,Utsuroi,1e-06,0.9803921568627452,3.0,0
2023-10-10,0.25068699416525503,1.0,0.9523809523809523,1.2566708849130142,0.48108626887090333,4,0.6521037776915158,0.33751205400260376,1.3333333333333333,1e-06,0.4008748939537805,Utsuroi,1e-06,0.9803921568627452,3.0,0
2023-10-11,0.2647714604236343,1.0,0.9523809523809523,1.2326498219483384,0.49383428634460047,4,0.6239250768136818,0.33751205400260376,1.3333333333333333,1e-06,0.41786176548223153,Utsuroi,1e-06,0.9803921568627452,3.0,0
2023-10-12,0.28009381922425397,2.0,0.48780487804878053,1.2659743448325833,0.361773726730441,5,0.8079780881573712,0.6589521054329959,1.6666666666666667,1e-06,0.0814412840626515,Utsuroi,1e-06,0.9803921568627452,3.0,0
2023-10-13,0.289996959562177,0.0,20.0,0.6486187269884081,0.6480937104491501,2,0.22825300954768638,0.01607200257156863,0.6666666666666666,1e-06,0.8979426823757282,Utsuroi,1e-06,0.9803921568627452,3.0,0
2023-10-16,0.2734504625808974,0.0,20.0,0.8858888948929364,0.6009471383939656,3,0.3535164985720337,0.01607200257156863,1.0,1e-06,0.3020119215403364,Utsuroi,1e-06,0.9803921568627452,3.0,0
2023-10-17,0.2786633656198874,1.0,0.9523809523809523,0.8942630187670754,0.5687077967897876,3,0.3856886676134675,0.33751205400260376,1.0,1e-06,0.8106473185879753,Utsuroi,1e-06,0.9803921568627452,3.0,0
2023-10-18,0.2630080050039644,1.0,0.9523809523809523,0.2962262649726042,0.9127084491468092,2,0.025858050072906865,0.33751205400260376,0.6666666666666666,1e-06,0.6030545675699734,Utsuroi,1e-06,0.9803921568627452,3.0,0
2023-10-19,0.26447271436932995,1.0,0.9523809523809523,0.781772742909422,0.696620953866683,3,0.23717346903688732,0.33751205400260376,1.0,1e-06,0.21258720389414298,Utsuroi,1e-06,0.9803921568627452,3.0,0
2023-10-20,0.27542944832226,2.0,0.48780487804878053,9.763079233891279e-12,0.9999999999892369,1,1.0508057938558469e-22,0.6589521054329959,0.3333333333333333,1e-06,0.6105543703360079,Utsuroi,1e-06,0.9803921568627452,3.0,0
2023-10-23,0.23635855843731002,2.0,0.48780487804878053,0.44883425838100766,0.8676919130699655,3,0.05938440207505192,0.6589521054329959,1.0,1e-06,0.355379976233389,Utsuroi,1e-06,0.9803921568627452,3.0,0
2023-10-24,0.23038888191630563,1.5,0.6451612903225806,0.6064934841154489,0.7050856223738063,2,0.1788636484022494,0.4982320797178802,0.6666666666666666,1e-06,0.25047803585423667,Utsuroi,1e-06,0.9803921568627452,3.0,0
2023-10-25,0.23148925415192692,2.0,0.48780487804878053,0.691837343732421,0.5255857854702793,2,0.32821747000914486,0.6589521054329959,0.6666666666666666,1e-06,0.14404594138154136,Utsuroi,1e-06,0.9803921568627452,3.0,0
2023-10-26,0.2220652515934656,2.0,0.48780487804878053,0.799592797630645,0.6656813219381453,3,0.2673188070916573,0.6589521054329959,1.0,1e-06,0.4909383613207875,Utsuroi,1e-06,0.9803921568627452,3.0,0
2023-10-27,0.215792990772284,2.5,0.3921568627450981,0.2302600702687472,0.9387987575305994,2,0.014092202391538822,0.8196721311479509,0.6666666666666666,1e-06,0.8027822805108231,Utsuroi,1e-06,0.9803921568627452,3.0,0
2023-10-30,0.2055378885393908,2.0,0.48780487804878053,0.5769118683659906,0.7362801943270032,2,0.15214308581592456,0.6589521054329959,0.6666666666666666,1e-06,0.4469781331011742,Utsuroi,1e-06,0.9803921568627452,3.0,0
2023-10-31,0.20524976564608644,2.0,0.48780487804878053,5.979661210607235e-12,0.9999999999930204,1,4.173587712399896e-23,0.6589521054329959,0.3333333333333333,1e-06,0.7860141145692121,Utsuroi,1e-06,0.9803921568627452,3.0,0
2023-11-01,0.18002893514301152,3.0,0.3278688524590164,1.4275802762026402e-11,0.9999999999847242,1,2.1807403145865233e-22,0.9803921568627452,0.3333333333333333,1e-06,0.01766141585241432,Katashi,1e-06,0.9803921568627452,3.0,0
2023-11-02,0.20312514994427028,2.5,0.3921568627450981,0.5964074127369741,0.7163070718397533,2,0.169196565295829,0.8196721311479509,0.6666666666666666,1e-06,0.8550541009478457,Utsuroi,1e-06,0.9803921568627452,3.0,0
2023-11-03,0.19104319616456492,1.0,0.9523809523809523,0.5666402127344081,0.779641350269539,3,0.12486407216113538,0.33751205400260376,1.0,1e-06,0.811164283137654,Utsuroi,1e-06,0.9803921568627452,3.0,0
2023-11-06,0.21129344688712934,1.5,0.6451612903225806,0.3401252607292271,0.8930337033221946,2,0.03638193954677844,0.4982320797178802,0.6666666666666666,1e-06,0.9451855104298941,Utsuroi,1e-06,0.9803921568627452,3.0,0
2023-11-07,0.19684373832563698,2.0,0.48780487804878053,0.3030828158938981,0.909764296557948,2,0.02734889109338384,0.6589521054329959,0.6666666666666666,1e-06,0.13254108631654138,Utsuroi,1e-06,0.9803921568627452,3.0,0
2023-11-08,0.13198918464453036,2.0,0.48780487804878053,0.558621812708284,0.7533526547923006,2,0.1377825870796109,0.6589521054329959,0.6666666666666666,1e-06,0.8323084927352662,Utsuroi,1e-06,0.9803921568627452,3.0,0
2023-11-09,0.13854307772221833,2.0,0.48780487804878053,0.6679817640375245,0.7729698264658255,3,0.15165201580710322,0.6589521054329959,1.0,1e-06,0.3552095351263188,Utsuroi,1e-06,0.9803921568627452,3.0,0
2023-11-10,0.13013001491262363,2.0,0.48780487804878053,0.849024862173724,0.647196337185672,3,0.2995390811953198,0.6589521054329959,1.0,1e-06,0.6913604500241479,Utsuroi,1e-06,0.9803921568627452,3.0,0
2023-11-13,0.14296283426718207,2.0,0.48780487804878053,0.48451992351538425,0.8111714234342361,2,0.0914912074751628,0.6589521054329959,0.6666666666666666,1e-06,0.5837422499039449,Utsuroi,1e-06,0.9803921568627452,3.0,0
2023-11-14,0.14758429975821283,1.0,0.9523809523809523,0.2823935036619756,0.9185099866528409,2,0.023012250382565415,0.33751205400260376,0.6666666666666666,1e-06,0.3357029613950143,Utsuroi,1e-06,0.9803921568627452,3.0,0
2023-11-15,0.14475090127264045,2.0,0.48780487804878053,1.0854539489387929e-11,0.9999999999881455,1,1.286753268957425e-22,0.6589521054329959,0.3333333333333333,1e-06,0.3025882449501405,Utsuroi,1e-06,0.9803921568627452,3.0,0
2023-11-16,0.1382863513298296,2.0,0.48780487804878053,0.6853671111674433,0.6517464043567978,3,0.23868156079965644,0.6589521054329959,1.0,1e-06,0.33716633283674136,Utsuroi,1e-06,0.9803921568627452,3.0,0
2023-11-17,0.13861645600776037,1.0,0.9523809523809523,0.925772790904045,0.5494573905125845,3,0.4171000890063559,0.33751205400260376,1.0,1e-06,0.8423717978763472,Utsuroi,1e-06,0.9803921568627452,3.0,0
2023-11-20,0.15153180153180157,0.0,20.0,0.869192769052533,0.5626309232190989,3,0.38015803894514133,0.01607200257156863,1.0,1e-06,0.3959985078619468,Utsuroi,1e-06,0.9803921568627452,3.0,0
2023-11-21,0.13252327382762166,1.0,0.9523809523809523,0.788793412906727,0.5415206953824918,3,0.3616454554363472,0.33751205400260376,1.0,1e-06,0.8399110091825274,Utsuroi,1e-06,0.9803921568627452,3.0,0
2023-11-22,0.13521912869738958,1.0,0.9523809523809523,1.1388994523307856,0.4403681800246797,5,0.6373643732767731,0.33751205400260376,1.6666666666666667,1e-06,0.04508926229601551,Utsuroi,1e-06,0.9803921568627452,3.0,0
2023-11-24,0.1453148300974388,0.5,1.8181818181818181,0.6913515200829734,0.5299548445103406,2,0.32496643275541365,0.17679202828716653,0.6666666666666666,1e-06,0.03680364107733047,Utsuroi,1e-06,0.9803921568627452,3.0,0
2023-11-27,0.15538302277432717,1.0,0.9523809523809523,1.363938834095951,0.31222983455043046,4,0.9380764375892653,0.33751205400260376,1.3333333333333333,1e-06,0.011348394002459683,Utsuroi,1e-06,0.9803921568627452,3.0,0
2023-11-28,0.16155873112394856,1.0,0.9523809523809523,1.253423705462315,0.4563420356632282,4,0.6814337801630956,0.33751205400260376,1.3333333333333333,1e-06,0.38401373972949604,Utsuroi,1e-06,0.9803921568627452,3.0,0
2023-11-29,0.16166876601659214,1.0,0.9523809523809523,1.1600245247004788,0.4546900454371982,4,0.6325729208561538,0.33751205400260376,1.3333333333333333,1e-06,0.4125649135933589,Utsuroi,1e-06,0.9803921568627452,3.0,0
2023-11-30,0.16494230407273885,1.0,0.9523809523809523,2.26157981228484e-11,0.9999999999763842,1,5.340896225622203e-22,0.33751205400260376,0.3333333333333333,1e-06,0.6724248761801805,Utsuroi,1e-06,0.9803921568627452,3.0,0
2023-12-01,0.19198337893990067,1.0,0.9523809523809523,0.6442012809155557,0.6551482570129242,2,0.22215393455823623,0.33751205400260376,0.6666666666666666,1e-06,0.2617402664499766,Utsuroi,1e-06,0.9803921568627452,3.0,0
2023-12-04,0.20008469791078484,0.5,1.8181818181818181,0.6109588745140538,0.6998883484197294,2,0.18335587687803603,0.17679202828716653,0.6666666666666666,1e-06,0.5609085038333117,Utsuroi,1e-06,0.9803921568627452,3.0,0
2023-12-05,0.16847717499891418,0.5,1.8181818181818181,0.28233482575515206,0.9185342093452217,2,0.023000629809522534,0.17679202828716653,0.6666666666666666,1e-06,0.9482369921111686,Utsuroi,1e-06,0.9803921568627452,3.0,0
2023-12-06,0.16840840319101189,1.0,0.9523809523809523,0.3443284964199228,0.8910432979570315,2,0.03751689738932887,0.33751205400260376,0.6666666666666666,1e-06,0.34633130802510537,Utsuroi,1e-06,0.9803921568627452,3.0,0
2023-12-07,0.1519169236560541,1.0,0.9523809523809523,0.7558527969214892,0.7384540429488594,3,0.19769024316061232,0.33751205400260376,1.0,1e-06,0.19021247497897642,Utsuroi,1e-06,0.9803921568627452,3.0,0
2023-12-08,0.12759921238182106,0.0,20.0,0.5089764264872634,0.7937271479116794,2,0.10498801913724926,0.01607200257156863,0.6666666666666666,1e-06,0.40517252338099696,Utsuroi,1e-06,0.9803921568627452,3.0,0
2023-12-11,0.1169533365185539,0.0,20.0,3.1736502314492e-11,0.9999999999672635,1,1.038941379423216e-21,0.01607200257156863,0.3333333333333333,1e-06,0.7622512782877247,Utsuroi,1e-06,0.9803921568627452,3.0,0
2023-12-12,0.10600486470051688,1.0,0.9523809523809523,3.818745319884448e-11,0.9999999999608126,1,1.4964681902699327e-21,0.33751205400260376,0.3333333333333333,1e-06,0.6749983902469886,Utsuroi,1e-06,0.9803921568627452,3.0,0
2023-12-13,0.17264474655779008,1.0,0.9523809523809523,0.07516572900376053,0.985645812698537,2,0.0010789429527709874,0.33751205400260376,0.6666666666666666,1e-06,0.26315700929665586,Utsuroi,1e-06,0.9803921568627452,3.0,0
2023-12-14,0.1622326948413905,0.0,20.0,0.9451535648376582,0.6450444104604351,4,0.3354875408123723,0.01607200257156863,1.3333333333333333,1e-06,0.1222945068649477,Utsuroi,1e-06,0.9803921568627452,3.0,0
2023-12-15,0.1641032880163315,2.0,0.48780487804878053,0.687172396975579,0.5546025398960142,2,0.3060648402664908,0.6589521054329959,0.6666666666666666,1e-06,0.6613610123396162,Utsuroi,1e-06,0.9803921568627452,3.0,0
2023-12-18,0.1737588498458064,0.0,20.0,7.772371634874252e-11,0.9999999999212763,1,6.118698080267031e-21,0.01607200257156863,0.3333333333333333,1e-06,0.4278699197592727,Utsuroi,1e-06,0.9803921568627452,3.0,0
2023-12-19,0.1959446350750699,0.0,20.0,1.2242822350361962,0.49179645307190395,4,0.6221845742864519,0.01607200257156863,1.3333333333333333,1e-06,0.1904789944780374,Utsuroi,1e-06,0.9803921568627452,3.0,0
2023-12-20,0.23039931083409337,1.0,0.9523809523809523,0.4185807856789139,0.852367247608221,2,0.0617962334880914,0.33751205400260376,0.6666666666666666,1e-06,0.8380292667835897,Utsuroi,1e-06,0.9803921568627452,3.0,0
2023-12-21,0.2534653752045057,0.5,1.8181818181818181,0.37224962040185094,0.8773104904275337,2,0.045671123365639825,0.17679202828716653,0.6666666666666666,1e-06,0.599313521002971,Utsuroi,1e-06,0.9803921568627452,3.0,0
2023-12-22,0.2642900577683186,1.0,0.9523809523809523,0.23525544539638105,0.9369585470647157,2,0.0148308450887253,0.33751205400260376,0.6666666666666666,1e-06,0.3632028132763391,Utsuroi,1e-06,0.9803921568627452,3.0,0
2023-12-26,0.2782919978572153,1.0,0.9523809523809523,0.5543069644677586,0.7571815638259947,2,0.13459595027242108,0.33751205400260376,0.6666666666666666,1e-06,0.7570817268473229,Utsuroi,1e-06,0.9803921568627452,3.0,0
2023-12-27,0.2841376015289059,2.0,0.48780487804878053,0.651829876066833,0.6427323547127256,2,0.2328777249502933,0.6589521054329959,0.6666666666666666,1e-06,0.12011550203291999,Utsuroi,1e-06,0.9803921568627452,3.0,0
2023-12-28,0.28087781783433957,2.0,0.48780487804878053,0.5954905014835672,0.71729443369475,2,0.16834847945130918,0.6589521054329959,0.6666666666666666,1e-06,0.7965129216600848,Utsuroi,1e-06,0.9803921568627452,3.0,0
2023-12-29,0.28922671531367183,2.0,0.48780487804878053,0.0,0.0,0,0.0,0.6589521054329959,0.0,1e-06,1.0,Utsuroi,1e-06,0.9803921568627452,3.0,0
2024-01-02,0.27290028811767947,1.0,0.9523809523809523,0.6111817478161573,0.6996249481846478,2,0.18358374916887577,0.33751205400260376,0.6666666666666666,1e-06,0.7897515950203435,Utsuroi,1e-06,0.9803921568627452,3.0,0
2024-01-03,0.25966859227728795,0.0,20.0,3.8700265213898616e-11,0.9999999999602998,1,1.5364099367540327e-21,0.01607200257156863,0.3333333333333333,1e-06,0.26854681780861966,Utsuroi,1e-06,0.9803921568627452,3.0,0
2024-01-04,0.24596924814316118,0.0,20.0,2.3328117215430822e-11,0.9999999999756719,1,5.675286539811225e-22,0.01607200257156863,0.3333333333333333,1e-06,1.0,Utsuroi,1e-06,0.9803921568627452,3.0,0
2024-01-05,0.25229625447016757,1.0,0.9523809523809523,2.5079716081337787e-11,0.9999999999739203,1,6.540713200039075e-22,0.33751205400260376,0.3333333333333333,1e-06,0.6749983902469886,Utsuroi,1e-06,0.9803921568627452,3.0,0
2024-01-08,0.22141771272206057,1.0,0.9523809523809523,0.6611519143922603,0.6258025231950012,2,0.24740137815037838,0.33751205400260376,0.6666666666666666,1e-06,0.25529903425951983,Utsuroi,1e-06,0.9803921568627452,3.0,0
2024-01-09,0.23353530527443575,1.0,0.9523809523809523,0.6580487216520178,0.7454091734971556,3,0.16753316792452738,0.33751205400260376,1.0,1e-06,0.3182969576676338,Utsuroi,1e-06,0.9803921568627452,3.0,0
2024-01-10,0.23400295356817097,1.0,0.9523809523809523,1.0721653403373714,0.42485918178840093,3,0.6166460510997535,0.33751205400260376,1.0,1e-06,0.3370549719066641,Utsuroi,1e-06,0.9803921568627452,3.0,0
2024-01-11,0.24321837582707148,1.0,0.9523809523809523,0.5491016677294193,0.7617092682793002,2,0.1308458381922999,0.33751205400260376,0.6666666666666666,1e-06,0.5107243881326968,Utsuroi,1e-06,0.9803921568627452,3.0,0
2024-01-12,0.282638376116637,0.5,1.8181818181818181,0.8735165325223213,0.6362170610173924,3,0.3177704114508666,0.17679202828716653,1.0,1e-06,0.3566480153503697,Utsuroi,1e-06,0.9803921568627452,3.0,0
2024-01-16,0.3452069669460974,0.0,20.0,0.652426979139416,0.6417117035887849,2,0.23375695088857673,0.01607200257156863,0.6666666666666666,1e-06,0.39967999054727044,Utsuroi,1e-06,0.9803921568627452,3.0,0
2024-01-17,0.3112336938423895,1.0,0.9523809523809523,0.5631057347950976,0.7492973810260847,2,0.14117208247236196,0.33751205400260376,0.6666666666666666,1e-06,0.7905804137116292,Utsuroi,1e-06,0.9803921568627452,3.0,0
2024-01-18,0.34413412674282245,1.0,0.9523809523809523,1.3515411012471957e-11,0.9999999999854846,1,1.9618144686579754e-22,0.33751205400260376,0.3333333333333333,1e-06,0.6103659479652992,Utsuroi,1e-06,0.9803921568627452,3.0,0
2024-01-19,0.33566144000926607,1.0,0.9523809523809523,0.36934390072381734,0.8787824374863109,2,0.044770967375039106,0.33751205400260376,0.6666666666666666,1e-06,0.2654704424151042,Utsuroi,1e-06,0.9803921568627452,3.0,0
2024-01-22,0.3164465968813796,0.0,20.0,1.9841572828976724e-11,0.9999999999791584,1,4.1352914623114264e-22,0.01607200257156863,0.3333333333333333,1e-06,0.2499413554821639,Utsuroi,1e-06,0.9803921568627452,3.0,0
2024-01-23,0.2872323328845069,0.0,20.0,0.685602042650435,0.561343876513067,2,0.3007435342837627,0.01607200257156863,0.6666666666666666,1e-06,0.4583198635496706,Utsuroi,1e-06,0.9803921568627452,3.0,0
2024-01-24,0.2516773081990474,-1.0,0.9523809523809523,1.2288637644286784,0.41189993128848745,4,0.7226948642975938,0.33751205400260376,1.3333333333333333,1e-06,0.33243685815765667,Utsuroi,1e-06,0.9803921568627452,3.0,0
2024-01-25,0.22702949224688362,-1.0,0.9523809523809523,1.2132358838720954,0.3911323857888321,4,0.7387000380885803,0.33751205400260376,1.3333333333333333,1e-06,0.35338708921944073,Utsuroi,1e-06,0.9803921568627452,3.0,0
2024-01-26,0.22002852220243532,0.0,20.0,1.0224276714521916,0.5233719243031809,3,0.48731773358343766,0.01607200257156863,1.0,1e-06,0.7301344717762389,Utsuroi,1e-06,0.9803921568627452,3.0,0
2024-01-29,0.18890240194588023,0.0,20.0,0.6149467175905854,0.6951149898692492,2,0.18748803622247756,0.01607200257156863,0.6666666666666666,1e-06,0.5503039370738438,Utsuroi,1e-06,0.9803921568627452,3.0,0
2024-01-30,0.20797970145796235,-1.0,0.9523809523809523,0.7728290272322265,0.5473345400161849,3,0.3498330071009202,0.33751205400260376,1.0,1e-06,0.5566415620009654,Utsuroi,1e-06,0.9803921568627452,3.0,0
2024-01-31,0.2122160448247405,0.0,20.0,1.0600962130110139,0.4095812107291031,3,0.6259007225966257,0.01607200257156863,1.0,1e-06,0.2837720634693732,Utsuroi,1e-06,0.9803921568627452,3.0,0
2024-02-01,0.2090938047459787,1.0,0.9523809523809523,1.1639689212393223e-11,0.9999999999873603,1,1.4712179668447331e-22,0.33751205400260376,0.3333333333333333,1e-06,0.9464573384393278,Utsuroi,1e-06,0.9803921568627452,3.0,0
2024-02-02,0.2248425487555923,1.0,0.9523809523809523,0.30106811462385735,0.9106341743540124,2,0.026905200639041848,0.33751205400260376,0.6666666666666666,1e-06,0.2640461980038048,Utsuroi,1e-06,0.9803921568627452,3.0,0
2024-02-05,0.24779857823336085,0.0,20.0,0.08835904693783778,0.982446385288956,2,0.0015510206661818562,0.01607200257156863,0.6666666666666666,1e-06,0.23292493919648483,Utsuroi,1e-06,0.9803921568627452,3.0,0
2024-02-06,0.251360957882697,-1.0,0.9523809523809523,0.6854377033384271,0.5620066317015769,2,0.300217168443933,0.33751205400260376,0.6666666666666666,1e-06,0.617926051147009,Utsuroi,1e-06,0.9803921568627452,3.0,0
2024-02-07,0.24722089504698205,0.0,20.0,0.6927836949873312,0.5134803846361032,2,0.33705285681561553,0.01607200257156863,0.6666666666666666,1e-06,0.2733110976693913,Utsuroi,1e-06,0.9803921568627452,3.0,0
2024-02-08,0.2457904414426154,1.0,0.9523809523809523,1.086468155190388,0.39491368606424027,3,0.6574070112327369,0.33751205400260376,1.0,1e-06,0.4691520724184177,Utsuroi,1e-06,0.9803921568627452,3.0,0
2024-02-09,0.23634119503684717,-1.0,0.9523809523809523,1.3715755547535893,0.306575227718366,4,0.9510844667220635,0.33751205400260376,1.3333333333333333,1e-06,0.04540257266277614,Utsuroi,1e-06,0.9803921568627452,3.0,0
2024-02-12,0.2341404971839755,1.0,0.9523809523809523,8.773681780699839e-11,0.9999999999112632,1,7.785484076161486e-21,0.33751205400260376,0.3333333333333333,1e-06,0.7465010937928807,Utsuroi,1e-06,0.9803921568627452,3.0,0
2024-02-13,0.2806852567722133,1.0,0.9523809523809523,1.8615220476000582e-11,0.9999999999803848,1,3.6514124204898646e-22,0.33751205400260376,0.3333333333333333,1e-06,1.0,Utsuroi,1e-06,0.9803921568627452,3.0,0
2024-02-14,0.23976603107037883,1.0,0.9523809523809523,0.39324138828667066,0.8663635799835893,2,0.05255137133291398,0.33751205400260376,0.6666666666666666,1e-06,0.2662277871220131,Utsuroi,1e-06,0.9803921568627452,3.0,0
2024-02-15,0.21594347681304207,1.0,0.9523809523809523,1.097261691389995,0.34756720015692566,3,0.7158895174741219,0.33751205400260376,1.0,1e-06,0.1429986457924286,Utsuroi,1e-06,0.9803921568627452,3.0,0
2024-02-16,0.1918733440472571,0.0,20.0,0.6189474677658068,0.6901913602736921,2,0.19175527305056742,0.01607200257156863,0.6666666666666666,1e-06,0.6269900101698557,Utsuroi,1e-06,0.9803921568627452,3.0,0
2024-02-20,0.194019024453807,0.0,20.0,0.7337085321246448,0.5497260158584599,3,0.33036986395840495,0.01607200257156863,1.0,1e-06,0.3114852828572745,Utsuroi,1e-06,0.9803921568627452,3.0,0
2024-02-21,0.19881929664538367,0.0,20.0,1.0685848549028436,0.4955791905532847,4,0.5390164374725932,0.01607200257156863,1.3333333333333333,1e-06,0.2143923790047777,Utsuroi,1e-06,0.9803921568627452,3.0,0
2024-02-22,0.19978210195601503,0.0,20.0,0.9567733728845846,0.49523303281840936,3,0.48294759371105295,0.01607200257156863,1.0,1e-06,0.32600931325019755,Utsuroi,1e-06,0.9803921568627452,3.0,0
2024-02-23,0.20004343482604353,1.0,0.9523809523809523,1.2315466168880622,0.37932675264581306,4,0.7643880379719763,0.33751205400260376,1.3333333333333333,1e-06,0.508740755077413,Utsuroi,1e-06,0.9803921568627452,3.0,0
2024-02-26,0.21246362333318855,2.0,0.48780487804878053,1.071967482960701,0.48060164188138454,4,0.5567781506063331,0.6589521054329959,1.3333333333333333,1e-06,0.7357538202616638,Utsuroi,1e-06,0.9803921568627452,3.0,0
2024-02-27,0.21425169033864686,2.0,0.48780487804878053,0.9949451656455708,0.5421908203924394,3,0.4554950300387073,0.6589521054329959,1.0,1e-06,0.28471123245712304,Utsuroi,1e-06,0.9803921568627452,3.0,0
2024-02-28,0.21346769172856134,1.0,0.9523809523809523,1.0836449821694512,0.3823380894923408,3,0.6693262299988214,0.33751205400260376,1.0,1e-06,0.9515057391032959,Utsuroi,1e-06,0.9803921568627452,3.0,0
2024-02-29,0.21954711954711953,1.0,0.9523809523809523,0.891434305272259,0.5566707197142176,3,0.395198928978407,0.33751205400260376,1.0,1e-06,0.5064370874341557,Utsuroi,1e-06,0.9803921568627452,3.0,0
2024-03-01,0.19542196933501282,0.0,20.0,1.3574314980773785,0.33590466606226405,4,0.9014639240132979,0.01607200257156863,1.3333333333333333,1e-06,0.16484081412886953,Utsuroi,1e-06,0.9803921568627452,3.0,0
2024-03-04,0.18532626793496357,0.0,20.0,0.6364506895681759,0.6667582198973276,2,0.21209196073927225,0.01607200257156863,0.6666666666666666,1e-06,0.5457282275090563,Utsuroi,1e-06,0.9803921568627452,3.0,0
2024-03-05,0.18166760775456428,1.0,0.9523809523809523,0.9051585621550362,0.6173687492018969,3,0.34634195280799407,0.33751205400260376,1.0,1e-06,0.5694928258606051,Utsuroi,1e-06,0.9803921568627452,3.0,0
2024-03-06,0.17626214365344803,2.0,0.48780487804878053,0.6772625069015793,0.5888830304289254,2,0.2784341094414863,0.6589521054329959,0.6666666666666666,1e-06,0.5782057893095975,Utsuroi,1e-06,0.9803921568627452,3.0,0
2024-03-07,0.14680030114812723,1.0,0.9523809523809523,0.9870812553632045,0.45156898875404516,3,0.5413459710607688,0.33751205400260376,1.0,1e-06,0.676974948086146,Utsuroi,1e-06,0.9803921568627452,3.0,0
2024-03-08,0.1275717036586602,1.0,0.9523809523809523,1.1328529187765606,0.42994543179769756,4,0.6457879814498901,0.33751205400260376,1.3333333333333333,1e-06,0.07631625080103355,Utsuroi,1e-06,0.9803921568627452,3.0,0
2024-03-11,0.127227844619149,0.0,20.0,1.040885418720138,0.4802708067401133,3,0.5409785389473966,0.01607200257156863,1.0,1e-06,0.6481752547450244,Utsuroi,1e-06,0.9803921568627452,3.0,0
2024-03-12,0.13416004285569505,0.0,20.0,1.1982712974091791,0.5642590117798978,5,0.5221359192888597,0.01607200257156863,1.6666666666666667,1e-06,0.27224061853655546,Utsuroi,1e-06,0.9803921568627452,3.0,0
2024-03-13,0.13620944273118185,1.0,0.9523809523809523,0.5524565872960678,0.7588022801480278,2,0.1332512691730136,0.33751205400260376,0.6666666666666666,1e-06,0.677926926682087,Utsuroi,1e-06,0.9803921568627452,3.0,0
2024-03-14,0.14121603034646515,0.0,20.0,0.5164731475689188,0.8587863502634979,4,0.07293305815910606,0.01607200257156863,1.3333333333333333,1e-06,0.14415525025767328,Utsuroi,1e-06,0.9803921568627452,3.0,0
2024-03-15,0.06419160549595333,0.0,20.0,1.2654122413655848,0.524081757551289,5,0.6022327698837932,0.01607200257156863,1.6666666666666667,1e-06,0.3293761310015909,Utsuroi,1e-06,0.9803921568627452,3.0,0
2024-03-18,0.06402655315698795,0.0,20.0,1.1894119203980846,0.4075259395268004,4,0.7046957100534793,0.01607200257156863,1.3333333333333333,1e-06,0.7023062395129693,Utsuroi,1e-06,0.9803921568627452,3.0,0
2024-03-19,0.03496358713750018,-1.0,0.9523809523809523,1.2669035956788093,0.409821386274559,4,0.7476994078214962,0.33751205400260376,1.3333333333333333,1e-06,0.8461598359541431,Utsuroi,1e-06,0.9803921568627452,3.0,0
2024-03-20,0.042294661859879255,0.0,20.0,0.9701668313174348,0.6129332706443036,4,0.3755193023274191,0.01607200257156863,1.3333333333333333,1e-06,0.6506862860948459,Utsuroi,1e-06,0.9803921568627452,3.0,0
2024-03-21,0.038512212425255904,0.0,20.0,1.2011188038821148,0.5399954225256022,6,0.5525201478763463,0.01607200257156863,2.0,1e-06,0.12051848514878638,Utsuroi,1e-06,0.9803921568627452,3.0,0
2024-03-22,0.03191011886664062,-1.0,0.9523809523809523,1.2284442749900588,0.37853860357781155,4,0.7634306945621648,0.33751205400260376,1.3333333333333333,1e-06,0.9502241233979304,Utsuroi,1e-06,0.9803921568627452,3.0,0
2024-03-25,0.0357063226628444,0.0,20.0,1.238626656153124,0.3757194981477572,4,0.7732504705108377,0.01607200257156863,1.3333333333333333,1e-06,0.5182994141272781,Utsuroi,1e-06,0.9803921568627452,3.0,0
2024-03-26,0.04446785098959013,1.0,0.9523809523809523,1.0863945013508138,0.525228472356766,4,0.5157891770295354,0.33751205400260376,1.3333333333333333,1e-06,0.9618745621499619,Utsuroi,1e-06,0.9803921568627452,3.0,0
2024-03-27,0.0733382559469516,-1.0,0.9523809523809523,0.7336723311176074,0.5974084573042313,3,0.2953702756178384,0.33751205400260376,1.0,1e-06,0.1846807868934247,Utsuroi,1e-06,0.9803921568627452,3.0,0
2024-03-28,0.07786344090691917,0.0,20.0,0.9867509672141495,0.5427299705340258,3,0.45121164385359264,0.01607200257156863,1.0,1e-06,0.31845165358412386,Utsuroi,1e-06,0.9803921568627452,3.0,0
2024-04-01,0.07142639968726926,-1.0,0.9523809523809523,1.4820244262989977,0.39098034685418565,6,0.90258200205824,0.33751205400260376,2.0,1e-06,0.25588049264520407,Utsuroi,1e-06,0.9803921568627452,3.0,0
2024-04-02,0.06470051687442993,-1.0,0.9523809523809523,1.465697745569653,0.37558006675830363,5,0.9152108884411077,0.33751205400260376,1.6666666666666667,1e-06,0.33411580178795397,Utsuroi,1e-06,0.9803921568627452,3.0,0
2024-04-03,0.06527820006080877,0.0,20.0,1.053035917496913,0.4254675433110578,3,0.6050033126611958,0.01607200257156863,1.0,1e-06,0.9510426373297232,Utsuroi,1e-06,0.9803921568627452,3.0,0
2024-04-04,0.0702985420376725,0.0,20.0,0.8194247547054883,0.6995137745902958,3,0.24622585154872487,0.01607200257156863,1.0,1e-06,0.742707804315424,Utsuroi,1e-06,0.9803921568627452,3.0,0
2024-04-05,0.07621291751726532,1.5,0.6451612903225806,1.0252042430300716,0.5567622314851796,4,0.4544092409525746,0.4982320797178802,1.3333333333333333,1e-06,0.46578021434997097,Utsuroi,1e-06,0.9803921568627452,3.0,0
2024-04-08,0.07083496213930997,1.0,0.9523809523809523,1.2592190131888938,0.5272203879886057,5,0.595333076492816,0.33751205400260376,1.6666666666666667,1e-06,0.39622705814725956,Utsuroi,1e-06,0.9803921568627452,3.0,0
2024-04-09,0.07080745341614908,0.0,20.0,0.901328159638092,0.6317426890606661,3,0.33192068434222244,0.01607200257156863,1.0,1e-06,0.8299713883430491,Utsuroi,1e-06,0.9803921568627452,3.0,0
2024-04-10,0.07827607175433264,0.0,20.0,1.0112839916942562,0.5574102250505131,4,0.4475839542939797,0.01607200257156863,1.3333333333333333,1e-06,0.21119415449042167,Utsuroi,1e-06,0.9803921568627452,3.0,0
2024-04-11,0.07503004242134678,1.0,0.9523809523809523,0.9951009823221679,0.5216555905339508,3,0.4760009917479828,0.33751205400260376,1.0,1e-06,0.9966585050983325,Utsuroi,1e-06,0.9803921568627452,3.0,0
2024-04-12,0.10281385281385283,1.0,0.9523809523809523,0.5423883553891796,0.7674088464254952,2,0.12615473326534776,0.33751205400260376,0.6666666666666666,1e-06,0.44778367412025455,Utsuroi,1e-06,0.9803921568627452,3.0,0
2024-04-15,0.1120155207111729,2.0,0.48780487804878053,0.45605017654314645,0.8298965700020164,2,0.07757569928117515,0.6589521054329959,0.6666666666666666,1e-06,0.15567046019338393,Utsuroi,1e-06,0.9803921568627452,3.0,0
2024-04-16,0.12010308532047663,2.0,0.48780487804878053,0.5042884349365495,0.7971789584581499,2,0.10228030561134048,0.6589521054329959,0.6666666666666666,1e-06,0.8747240858213432,Utsuroi,1e-06,0.9803921568627452,3.0,0
2024-04-17,0.12127220605481479,1.0,0.9523809523809523,0.39615290325191377,0.864800310863975,2,0.05355974936999252,0.33751205400260376,0.6666666666666666,1e-06,0.32659695548662826,Utsuroi,1e-06,0.9803921568627452,3.0,0
2024-04-18,0.1280806150371368,1.0,0.9523809523809523,0.7922730488351064,0.6982979317620948,3,0.2390304174427025,0.33751205400260376,1.0,1e-06,0.18917468900301815,Utsuroi,1e-06,0.9803921568627452,3.0,0
2024-04-19,0.11938785851829334,1.0,0.9523809523809523,0.671790638824709,0.7368149792052593,3,0.1768052332487932,0.33751205400260376,1.0,1e-06,0.753916465375946,Utsuroi,1e-06,0.9803921568627452,3.0,0
2024-04-22,0.11252443208964952,1.0,0.9523809523809523,0.3248735772290481,0.9000952773372839,2,0.03245640463351253,0.33751205400260376,0.6666666666666666,1e-06,0.3701414186664018,Utsuroi,1e-06,0.9803921568627452,3.0,0
2024-04-23,0.12277143146708365,1.0,0.9523809523809523,0.6752121503194726,0.5944127885680519,2,0.27385741317304424,0.33751205400260376,0.6666666666666666,1e-06,0.5460143597984924,Utsuroi,1e-06,0.9803921568627452,3.0,0
2024-04-24,0.13935919153310455,0.0,20.0,1.0225666098720845,0.5168245620955062,3,0.4940790695114581,0.01607200257156863,1.0,1e-06,0.18094337558263685,Utsuroi,1e-06,0.9803921568627452,3.0,0
2024-04-25,0.1449159536116058,0.0,20.0,0.8896619375164899,0.6153781702470523,3,0.34218340226914495,0.01607200257156863,1.0,1e-06,0.6529748989901568,Utsuroi,1e-06,0.9803921568627452,3.0,0
2024-04-26,0.14169743300178086,1.0,0.9523809523809523,0.6278243191665722,0.6787282954032821,2,0.20170218920591856,0.33751205400260376,0.6666666666666666,1e-06,0.9893628408765085,Utsuroi,1e-06,0.9803921568627452,3.0,0
2024-04-29,0.12339037773820384,1.0,0.9523809523809523,0.38749010547985907,0.8694187718158352,2,0.050598933882771584,0.33751205400260376,0.6666666666666666,1e-06,0.9062738212234124,Utsuroi,1e-06,0.9803921568627452,3.0,0
2024-04-30,0.1756569517439083,1.0,0.9523809523809523,0.0,0.0,0,0.0,0.33751205400260376,0.0,1e-06,1.0,Utsuroi,1e-06,0.9803921568627452,3.0,0
2024-05-01,0.18208023860197775,1.0,0.9523809523809523,0.822613240556392,0.5427726040192944,3,0.37612130987884884,0.33751205400260376,1.0,1e-06,0.111622293006847,Utsuroi,1e-06,0.9803921568627452,3.0,0
2024-05-02,0.19538070625027149,1.0,0.9523809523809523,0.5677691151699154,0.7449932068931956,2,0.14478498128456802,0.33751205400260376,0.6666666666666666,1e-06,0.3397350384446197,Utsuroi,1e-06,0.9803921568627452,3.0,0
2024-05-03,0.20095122269035318,1.5,0.6451612903225806,0.6477090857264134,0.6495754019378523,2,0.22697319602687954,0.4982320797178802,0.6666666666666666,1e-06,0.17841560585556482,Utsuroi,1e-06,0.9803921568627452,3.0,0
2024-05-06,0.23136211614472485,2.0,0.48780487804878053,1.9680768124350358e-10,0.9999999998021923,1,3.8930066727813806e-20,0.6589521054329959,0.3333333333333333,1e-06,0.6764780155671486,Utsuroi,1e-06,0.9803921568627452,3.0,0
2024-05-07,0.23254499124064346,1.0,0.9523809523809523,4.459754787585101e-11,0.9999999999544025,1,2.0335378378865413e-21,0.33751205400260376,0.3333333333333333,1e-06,0.13059780572306545,Utsuroi,1e-06,0.9803921568627452,3.0,0
2024-05-08,0.23843185799707547,1.0,0.9523809523809523,2.6289526111239538e-11,0.9999999999727105,1,7.174281277050221e-22,0.33751205400260376,0.3333333333333333,1e-06,1.0,Utsuroi,1e-06,0.9803921568627452,3.0,0
2024-05-09,0.28595317725752506,1.0,0.9523809523809523,3.090527833598201e-11,0.9999999999680947,1,9.860408236982978e-22,0.33751205400260376,0.3333333333333333,1e-06,1.0,Utsuroi,1e-06,0.9803921568627452,3.0,0
2024-05-10,0.2901482575395619,1.0,0.9523809523809523,3.907119072641109e-11,0.9999999999599288,1,1.5656282712154054e-21,0.33751205400260376,0.3333333333333333,1e-06,1.0,Utsuroi,1e-06,0.9803921568627452,3.0,0
2024-05-13,0.2952786344090692,2.0,0.48780487804878053,5.339961805924409e-11,0.9999999999456004,1,2.9049176457199722e-21,0.6589521054329959,0.3333333333333333,1e-06,0.03960606250838483,Utsuroi,1e-06,0.9803921568627452,3.0,0
2024-05-14,0.26620191402800103,1.0,0.9523809523809523,9.44377909201247e-12,0.9999999999895562,1,9.862853371861669e-23,0.33751205400260376,0.3333333333333333,1e-06,0.13059780572306545,Utsuroi,1e-06,0.9803921568627452,3.0,0
2024-05-15,0.26704093008440843,2.0,0.48780487804878053,0.21772023548391456,0.9433245297091811,2,0.01233939673787869,0.6589521054329959,0.6666666666666666,1e-06,0.0021459313886711406,Utsuroi,1e-06,0.9803921568627452,3.0,0
2024-05-16,0.26519784563262827,1.0,0.9523809523809523,0.5477812162872395,0.762842509804567,2,0.12991041843088336,0.33751205400260376,0.6666666666666666,1e-06,0.45993084129253026,Utsuroi,1e-06,0.9803921568627452,3.0,0
2024-05-17,0.2702456963326529,1.0,0.9523809523809523,5.530909063919119e-11,0.9999999999436909,1,3.1144033745288914e-21,0.33751205400260376,0.3333333333333333,1e-06,0.5999028112978473,Utsuroi,1e-06,0.9803921568627452,3.0,0
2024-05-20,0.261786763960677,2.0,0.48780487804878053,0.0,0.0,0,0.0,0.6589521054329959,0.0,1e-06,0.13498861671901508,Utsuroi,1e-06,0.9803921568627452,3.0,0
2024-05-21,0.2540155496677236,1.0,0.9523809523809523,0.67996707018927,0.5810003169871398,2,0.2849059868684874,0.33751205400260376,0.6666666666666666,1e-06,0.6866201377591621,Utsuroi,1e-06,0.9803921568627452,3.0,0
2024-05-22,0.2626670431018258,2.0,0.48780487804878053,0.6924340036131141,0.5188813058373584,2,0.33314294361215135,0.6589521054329959,0.6666666666666666,1e-06,0.15042692604779773,Utsuroi,1e-06,0.9803921568627452,3.0,0
2024-05-23,0.3114125005429354,2.0,0.48780487804878053,0.4628688141299878,0.8255524115780234,2,0.08074634838071651,0.6589521054329959,0.6666666666666666,1e-06,0.9008058175459387,Utsuroi,1e-06,0.9803921568627452,3.0,0
2024-05-24,0.2981395416178025,2.0,0.48780487804878053,1.0977774245119853e-11,0.9999999999880222,1,1.3148905877546916e-22,0.6589521054329959,0.3333333333333333,1e-06,0.7501229613560734,Utsuroi,1e-06,0.9803921568627452,3.0,0
2024-05-28,0.28566433566433563,3.0,0.3278688524590164,4.956179910792126e-11,0.9999999999494382,1,2.5059326335929445e-21,0.9803921568627452,0.3333333333333333,1e-06,0.01766141585241432,Katashi,1e-06,0.9803921568627452,3.0,0
2024-05-29,0.3552476508998248,3.0,0.3278688524590164,9.170518784578401e-10,0.9999999990819481,1,8.419011797612e-19,0.9803921568627452,0.3333333333333333,1e-06,1.0,Katashi,1e-06,0.9803921568627452,3.0,0
2024-05-30,0.3291968900664553,3.0,0.3278688524590164,5.763667321018406e-11,0.9999999999413633,1,3.3796214970244356e-21,0.9803921568627452,0.3333333333333333,1e-06,1.0,Katashi,1e-06,0.9803921568627452,3.0,0
2024-05-31,0.2774529818008079,2.0,0.48780487804878053,0.39096355850150255,0.8675787833146378,2,0.051771870096407754,0.6589521054329959,0.6666666666666666,1e-06,0.5014407257754635,Utsuroi,1e-06,0.9803921568627452,3.0,0
2024-06-03,0.26518409127104775,1.0,0.9523809523809523,1.75905956465936e-11,0.9999999999814094,1,3.270192617173486e-22,0.33751205400260376,0.3333333333333333,1e-06,0.016071142267077843,Utsuroi,1e-06,0.9803921568627452,3.0,0
2024-06-04,0.2737117954509259,2.0,0.48780487804878053,0.24389107816853642,0.9337265433940173,2,0.016163504785588836,0.6589521054329959,0.6666666666666666,1e-06,0.002234018464324583,Utsuroi,1e-06,0.9803921568627452,3.0,0
2024-06-05,0.288649032127293,1.0,0.9523809523809523,2.8147817409804683e-11,0.9999999999708522,1,8.204468196793126e-22,0.33751205400260376,0.3333333333333333,1e-06,0.008589916532747655,Utsuroi,1e-06,0.9803921568627452,3.0,0
2024-06-06,0.2745095484225919,2.0,0.48780487804878053,1.2416845329620708e-11,0.9999999999865832,1,1.6659461858847849e-22,0.6589521054329959,0.3333333333333333,1e-06,0.03960606250838483,Utsuroi,1e-06,0.9803921568627452,3.0,0
2024-06-07,0.2791172595520422,0.5,1.8181818181818181,9.964806757463479e-12,0.9999999999890352,1,1.0926196003298118e-22,0.17679202828716653,0.3333333333333333,1e-06,0.3504676000322767,Utsuroi,1e-06,0.9803921568627452,3.0,0
2024-06-10,0.2559274059274059,3.0,0.3278688524590164,0.6585828049021218,0.6306986410852736,2,0.24321552480822572,0.9803921568627452,0.6666666666666666,1e-06,0.012297658049434279,Katashi,1e-06,0.9803921568627452,3.0,0
2024-06-11,0.20390841043014957,3.0,0.3278688524590164,1.320843434616751e-11,0.9999999999857916,1,1.8767088003122387e-22,0.9803921568627452,0.3333333333333333,1e-06,0.8830997316101483,Katashi,1e-06,0.9803921568627452,3.0,0
2024-06-12,0.20001592610288263,2.0,0.48780487804878053,0.6388441748330216,0.6632677402253303,2,0.21511944263540753,0.6589521054329959,0.6666666666666666,1e-06,0.6868794511471452,Utsuroi,1e-06,0.9803921568627452,3.0,0
2024-06-13,0.20759457933370976,1.0,0.9523809523809523,1.298590124235593e-10,0.999999999869141,1,1.6993219248452754e-20,0.33751205400260376,0.3333333333333333,1e-06,0.1272344780719875,Utsuroi,1e-06,0.9803921568627452,3.0,0
2024-06-14,0.20374335809118418,1.0,0.9523809523809523,0.6929051252184903,0.5110008139885343,2,0.3388300422150145,0.33751205400260376,0.6666666666666666,1e-06,0.22506860326513944,Utsuroi,1e-06,0.9803921568627452,3.0,0
2024-06-17,0.1987917879222227,1.0,0.9523809523809523,1.049771380927757e-11,0.9999999999885023,1,1.2069947680397638e-22,0.33751205400260376,0.3333333333333333,1e-06,0.7585550311494054,Utsuroi,1e-06,0.9803921568627452,3.0,0
2024-06-18,0.20074490726664646,2.0,0.48780487804878053,8.47211190087021e-12,0.9999999999905279,1,8.024860454442437e-23,0.6589521054329959,0.3333333333333333,1e-06,0.03960606250838483,Utsuroi,1e-06,0.9803921568627452,3.0,0
2024-06-20,0.1877882986578639,2.0,0.48780487804878053,0.27372042439746697,0.9220554079702997,2,0.02133502680985698,0.6589521054329959,0.6666666666666666,1e-06,0.5112267231203254,Utsuroi,1e-06,0.9803921568627452,3.0,0
2024-06-21,0.18899868247694337,1.0,0.9523809523809523,6.710076938502761e-12,0.99999999999229,1,5.1735061020881406e-23,0.33751205400260376,0.3333333333333333,1e-06,0.009195949978938467,Utsuroi,1e-06,0.9803921568627452,3.0,0
2024-06-24,0.18529875921180272,1.0,0.9523809523809523,0.4942579994191484,0.8043886082213738,2,0.09668249516409903,0.33751205400260376,0.6666666666666666,1e-06,0.2706469357581539,Utsuroi,1e-06,0.9803921568627452,3.0,0
2024-06-25,0.19914940132331438,2.0,0.48780487804878053,0.768581914497557,0.5250385622193966,3,0.36504677116192846,0.6589521054329959,1.0,1e-06,0.036956272489901076,Utsuroi,1e-06,0.9803921568627452,3.0,0
2024-06-26,0.17733498385672297,2.0,0.48780487804878053,1.0152012447237047,0.5290389683498897,3,0.478120225547552,0.6589521054329959,1.0,1e-06,0.5400931980305017,Utsuroi,1e-06,0.9803921568627452,3.0,0
2024-06-27,0.17162692380083686,2.0,0.48780487804878053,1.094198877953271,0.4117966709273261,4,0.6436114226796984,0.6589521054329959,1.3333333333333333,1e-06,0.17789198898863035,Utsuroi,1e-06,0.9803921568627452,3.0,0
2024-06-28,0.18879236705323663,2.0,0.48780487804878053,0.9852114359802111,0.4516705407372374,3,0.540220453950519,0.6589521054329959,1.0,1e-06,0.2738911983864908,Utsuroi,1e-06,0.9803921568627452,3.0,0
2024-07-01,0.11175418784114438,0.5,1.8181818181818181,1.2636890023881282,0.38306597664181785,4,0.7796127405167954,0.17679202828716653,1.3333333333333333,1e-06,0.6361121289302882,Utsuroi,1e-06,0.9803921568627452,3.0,0
2024-07-02,0.11786112438286352,0.0,20.0,1.1143752138534637,0.5691424804003862,4,0.4801369405441926,0.01607200257156863,1.3333333333333333,1e-06,0.6368129131392751,Utsuroi,1e-06,0.9803921568627452,3.0,0
2024-07-03,0.127626721104982,0.0,20.0,1.2578573271826392,0.43241888211624846,5,0.7139360679005902,0.01607200257156863,1.6666666666666667,1e-06,0.16067477869590818,Utsuroi,1e-06,0.9803921568627452,3.0,0
2024-07-05,0.12890587673196366,0.0,20.0,1.376878518049968,0.47942245702193675,5,0.7167720359057292,0.01607200257156863,1.6666666666666667,1e-06,0.4927034856425915,Utsuroi,1e-06,0.9803921568627452,3.0,0
2024-07-08,0.14558991732904777,-1.0,0.9523809523809523,1.5677722750897058,0.30054542126430056,5,1.0965854962263792,0.33751205400260376,1.6666666666666667,1e-06,0.5979810404137831,Utsuroi,1e-06,0.9803921568627452,3.0,0
2024-07-09,0.14139483704701097,-1.0,0.9523809523809523,1.1630112658428475,0.5534096678056617,5,0.5193895875585152,0.33751205400260376,1.6666666666666667,1e-06,0.5582035660177954,Utsuroi,1e-06,0.9803921568627452,3.0,0
2024-07-10,0.14645644210861605,-1.0,0.9523809523809523,1.5040970192794996,0.37119939159978826,6,0.9457771208158944,0.33751205400260376,2.0,1e-06,0.1301545937360773,Utsuroi,1e-06,0.9803921568627452,3.0,0
2024-07-11,0.16461219939480812,0.0,20.0,1.6379223071720936,0.41981118648710647,7,0.9503042000244781,0.01607200257156863,2.3333333333333335,1e-06,0.47427013493861025,Utsuroi,1e-06,0.9803921568627452,3.0,0
2024-07-12,0.1781877542747108,-1.0,0.9523809523809523,1.5193926899225874,0.3367676108744673,6,1.0077104437572273,0.33751205400260376,2.0,1e-06,0.9398769016161956,Utsuroi,1e-06,0.9803921568627452,3.0,0
2024-07-15,0.17809147374364764,0.0,20.0,0.6126001634748428,0.8123390735893314,3,0.114961114197016,0.01607200257156863,1.0,1e-06,0.9864223844831066,Utsuroi,1e-06,0.9803921568627452,3.0,0
2024-07-16,0.21249113205634942,0.0,20.0,0.9204336056740943,0.611439697808248,3,0.35764395996816994,0.01607200257156863,1.0,1e-06,0.6392969954285481,Utsuroi,1e-06,0.9803921568627452,3.0,0
2024-07-17,0.18606900346030783,1.0,0.9523809523809523,0.7933418134040451,0.5030575396687891,3,0.39424523263663064,0.33751205400260376,1.0,1e-06,0.8083563028328078,Utsuroi,1e-06,0.9803921568627452,3.0,0
2024-07-18,0.21041422345770172,1.0,0.9523809523809523,1.6474810403413805e-10,0.9999999998342519,1,2.7306682244628794e-20,0.33751205400260376,0.3333333333333333,1e-06,0.660872351975414,Utsuroi,1e-06,0.9803921568627452,3.0,0
2024-07-19,0.24320462146549104,1.0,0.9523809523809523,1.1768419571473645e-10,0.9999999998813158,1,1.3967251514191073e-20,0.33751205400260376,0.3333333333333333,1e-06,1.0,Utsuroi,1e-06,0.9803921568627452,3.0,0
2024-07-22,0.23039931083409343,0.0,20.0,1.6634715825623933e-10,0.9999999998326529,1,2.78377205406265e-20,0.01607200257156863,0.3333333333333333,1e-06,0.15315095174615312,Utsuroi,1e-06,0.9803921568627452,3.0,0
2024-07-23,0.21238109716370587,1.0,0.9523809523809523,0.789874482133731,0.5628867170818596,3,0.34526462797874125,0.33751205400260376,1.0,1e-06,0.36318137248054627,Utsuroi,1e-06,0.9803921568627452,3.0,0
2024-07-24,0.21220229046316,1.0,0.9523809523809523,9.155898261730132e-12,0.9999999999898441,1,9.298616869713178e-23,0.33751205400260376,0.3333333333333333,1e-06,0.6393092342504125,Utsuroi,1e-06,0.9803921568627452,3.0,0
2024-07-25,0.1938539721148417,2.0,0.48780487804878053,0.6922596862388646,0.5210621905986338,2,0.3315493376641189,0.6589521054329959,0.6666666666666666,1e-06,0.04799664799667058,Utsuroi,1e-06,0.9803921568627452,3.0,0
2024-07-26,0.1902503293807642,1.5,0.6451612903225806,0.0,0.0,0,0.0,0.4982320797178802,0.0,1e-06,0.6843181284808268,Utsuroi,1e-06,0.9803921568627452,3.0,0
2024-07-29,0.17279604453517497,1.0,0.9523809523809523,2.9630187192239886e-11,0.9999999999693698,1,9.07577524782593e-22,0.33751205400260376,0.3333333333333333,1e-06,0.7906943207470735,Utsuroi,1e-06,0.9803921568627452,3.0,0
2024-07-30,0.19311123658949747,2.0,0.48780487804878053,2.2748469774287964e-11,0.9999999999762516,1,5.402408436171031e-22,0.6589521054329959,0.3333333333333333,1e-06,0.03960606250838483,Utsuroi,1e-06,0.9803921568627452,3.0,0
2024-07-31,0.21053801271192576,2.0,0.48780487804878053,0.25620193527329244,0.9290062430951681,2,0.018188737911339597,0.6589521054329959,0.6666666666666666,1e-06,0.511184256080036,Utsuroi,1e-06,0.9803921568627452,3.0,0
2024-08-01,0.21238109716370587,1.0,0.9523809523809523,0.5101638566766179,0.7928441993116531,2,0.10568340221209985,0.33751205400260376,0.6666666666666666,1e-06,0.4107862652795874,Utsuroi,1e-06,0.9803921568627452,3.0,0
2024-08-02,0.21656242308416224,2.0,0.48780487804878053,0.5257849114315978,0.780885512204885,2,0.11520709155873445,0.6589521054329959,0.6666666666666666,1e-06,0.13506234089666747,Utsuroi,1e-06,0.9803921568627452,3.0,0
2024-08-05,0.23652000173739304,1.0,0.9523809523809523,0.2831782298836464,0.93086681720714,3,0.019577012329504644,0.33751205400260376,1.0,1e-06,0.9707093907762341,Utsuroi,1e-06,0.9803921568627452,3.0,0
2024-08-06,0.24647815952163776,2.0,0.48780487804878053,0.2492576201391385,0.931685300350085,2,0.017027959455257848,0.6589521054329959,0.6666666666666666,1e-06,0.48910126945602084,Utsuroi,1e-06,0.9803921568627452,3.0,0
2024-08-07,0.24536405623362142,1.0,0.9523809523809523,2.4161228573088925e-11,0.9999999999748388,1,6.079256602538373e-22,0.33751205400260376,0.3333333333333333,1e-06,0.008679653622170602,Utsuroi,1e-06,0.9803921568627452,3.0,0
2024-08-08,0.268471383688775,1.0,0.9523809523809523,5.142097858486281e-11,0.999999999947579,1,2.6955368797599116e-21,0.33751205400260376,0.3333333333333333,1e-06,1.0,Utsuroi,1e-06,0.9803921568627452,3.0,0
2024-08-09,0.2727489901402945,1.0,0.9523809523809523,0.6883287186114653,0.5490444582967227,2,0.3104056501713561,0.33751205400260376,0.6666666666666666,1e-06,0.23520592114759475,Utsuroi,1e-06,0.9803921568627452,3.0,0
2024-08-12,0.2711259754738015,0.0,20.0,0.6828137892140508,0.5717556583555301,2,0.292411141627737,0.01607200257156863,0.6666666666666666,1e-06,0.28609112890575394,Utsuroi,1e-06,0.9803921568627452,3.0,0
2024-08-13,0.2721300438691744,1.0,0.9523809523809523,4.2995829118296046e-11,0.9999999999560042,1,1.8916361995879027e-21,0.33751205400260376,0.3333333333333333,1e-06,0.8187796405679573,Utsuroi,1e-06,0.9803921568627452,3.0,0
2024-08-14,0.2704245030331987,1.0,0.9523809523809523,0.38013452865912245,0.9048393494648385,3,0.0361738490380791,0.33751205400260376,1.0,1e-06,0.14689328386454936,Utsuroi,1e-06,0.9803921568627452,3.0,0
2024-08-15,0.2526263591480982,2.0,0.48780487804878053,1.4230872035309175e-10,0.9999999998566913,1,2.0394077462235135e-20,0.6589521054329959,0.3333333333333333,1e-06,0.5736974620739823,Utsuroi,1e-06,0.9803921568627452,3.0,0
2024-08-16,0.25697273740752,2.0,0.48780487804878053,0.0,0.0,0,0.0,0.6589521054329959,0.0,1e-06,1.0,Utsuroi,1e-06,0.9803921568627452,3.0,0
2024-08-19,0.23936715458454594,2.0,0.48780487804878053,1.864283172105847e-10,0.9999999998125717,1,3.4941941654340384e-20,0.6589521054329959,0.3333333333333333,1e-06,0.7301473387977173,Utsuroi,1e-06,0.9803921568627452,3.0,0
2024-08-20,0.20177648438518006,1.0,0.9523809523809523,0.0,0.0,0,0.0,0.33751205400260376,0.0,1e-06,0.14130154965142705,Utsuroi,1e-06,0.9803921568627452,3.0,0
2024-08-21,0.21002910133344918,3.0,0.3278688524590164,0.0,0.0,0,0.0,0.9803921568627452,0.0,1e-06,0.0009305450069737597,Katashi,1e-06,0.9803921568627452,3.0,0
2024-08-22,0.22554402119619518,2.0,0.48780487804878053,0.0,0.0,0,0.0,0.6589521054329959,0.0,1e-06,0.0008363258853475442,Utsuroi,1e-06,0.9803921568627452,3.0,0
2024-08-23,0.20788342092689924,2.0,0.48780487804878053,0.0,0.0,0,0.0,0.6589521054329959,0.0,1e-06,1.0,Utsuroi,1e-06,0.9803921568627452,3.0,0
2024-08-26,0.22286192068800764,1.0,0.9523809523809523,0.6895188025191734,0.542567520117275,2,0.3154082957621124,0.33751205400260376,0.6666666666666666,1e-06,0.6536920474945589,Utsuroi,1e-06,0.9803921568627452,3.0,0
2024-08-27,0.22053743358091188,2.0,0.48780487804878053,0.661198683163992,0.6257115434457713,2,0.24747903459713905,0.6589521054329959,0.6666666666666666,1e-06,0.24005196101760706,Utsuroi,1e-06,0.9803921568627452,3.0,0
2024-08-28,0.2083648235822149,0.0,20.0,0.6832657488988196,0.5701742152152618,2,0.293685236736967,0.01607200257156863,0.6666666666666666,1e-06,0.41747480042030727,Utsuroi,1e-06,0.9803921568627452,3.0,0
2024-08-29,0.19826912218216572,0.0,20.0,1.0163478872990472,0.4945042495189585,3,0.5137595380400529,0.01607200257156863,1.0,1e-06,0.26338004870179754,Utsuroi,1e-06,0.9803921568627452,3.0,0
2024-08-30,0.1854363028276072,0.0,20.0,1.1492285605918098,0.5008724848666186,4,0.5736115957685026,0.01607200257156863,1.3333333333333333,1e-06,0.2348185607583252,Utsuroi,1e-06,0.9803921568627452,3.0,0
2024-09-03,0.19386772647642217,-1.0,0.9523809523809523,0.9436001824406108,0.6033090683713618,4,0.3743176354573189,0.33751205400260376,1.3333333333333333,1e-06,0.9632567879185643,Utsuroi,1e-06,0.9803921568627452,3.0,0
2024-09-04,0.18080108297499609,0.0,20.0,5.373812506073333e-12,0.9999999999936262,1,3.425155447863371e-23,0.01607200257156863,0.3333333333333333,1e-06,0.5336212642173622,Utsuroi,1e-06,0.9803921568627452,3.0,0
2024-09-05,0.1213134691395561,0.0,20.0,1.568261447259434,0.3491757756431428,6,1.0206625400013833,0.01607200257156863,2.0,1e-06,0.09268311727388001,Utsuroi,1e-06,0.9803921568627452,3.0,0
2024-09-06,0.1612148720844373,0.5,1.8181818181818181,1.0529563273417648,0.465432119374902,3,0.5628766322978741,0.17679202828716653,1.0,1e-06,0.26735076584794626,Utsuroi,1e-06,0.9803921568627452,3.0,0
2024-09-09,0.1767297919471833,0.0,20.0,1.4465193301551929,0.4176285184393763,5,0.8424116054085606,0.01607200257156863,1.6666666666666667,1e-06,0.11433350334141656,Utsuroi,1e-06,0.9803921568627452,3.0,0
2024-09-10,0.1495099103794756,1.0,0.9523809523809523,0.8825221958234608,0.5795585044858751,3,0.3710489518364253,0.33751205400260376,1.0,1e-06,0.5998230306811249,Utsuroi,1e-06,0.9803921568627452,3.0,0
2024-09-11,0.1423026249113206,1.0,0.9523809523809523,0.6837880809888146,0.5683003124049866,2,0.29519110094406503,0.33751205400260376,0.6666666666666666,1e-06,0.22468227097078364,Utsuroi,1e-06,0.9803921568627452,3.0,0
2024-09-12,0.151944432379215,1.0,0.9523809523809523,0.7999935153539627,0.7012964290684726,3,0.23896091975829437,0.33751205400260376,1.0,1e-06,0.3124622051666417,Utsuroi,1e-06,0.9803921568627452,3.0,0
2024-09-13,0.16045838219751266,1.0,0.9523809523809523,0.4637317821247682,0.8483205346814641,3,0.07033858876389663,0.33751205400260376,1.0,1e-06,0.8995056249706092,Utsuroi,1e-06,0.9803921568627452,3.0,0
2024-09-16,0.16850468372207508,1.0,0.9523809523809523,0.9719742432628498,0.47121909338729023,3,0.5139614215567323,0.33751205400260376,1.0,1e-06,0.406173934326845,Utsuroi,1e-06,0.9803921568627452,3.0,0
2024-09-17,0.17389639346161087,1.0,0.9523809523809523,6.6389116426248344e-12,0.9999999999923611,1,5.071391257724952e-23,0.33751205400260376,0.3333333333333333,1e-06,0.7079277972565874,Utsuroi,1e-06,0.9803921568627452,3.0,0
2024-09-18,0.19301495605843433,2.0,0.48780487804878053,0.37598917130715825,0.8754009713811548,2,0.0468478855160765,0.6589521054329959,0.6666666666666666,1e-06,0.003773041607619154,Utsuroi,1e-06,0.9803921568627452,3.0,0
2024-09-19,0.2135227091748831,1.0,0.9523809523809523,0.9691701094288228,0.557008717262935,3,0.42933390996629583,0.33751205400260376,1.0,1e-06,0.6505903228689758,Utsuroi,1e-06,0.9803921568627452,3.0,0
2024-09-20,0.21279372801111932,1.0,0.9523809523809523,0.6722554136123116,0.6018476016258757,2,0.2676601052497308,0.33751205400260376,0.6666666666666666,1e-06,0.20715545616745323,Utsuroi,1e-06,0.9803921568627452,3.0,0
2024-09-23,0.22189911537737628,1.0,0.9523809523809523,0.662726274366167,0.6227011707293731,2,0.25004584744523906,0.33751205400260376,0.6666666666666666,1e-06,0.578194496074881,Utsuroi,1e-06,0.9803921568627452,3.0,0
2024-09-24,0.21044173218086262,1.0,0.9523809523809523,4.101607942086961e-11,0.9999999999579839,1,1.723333943169907e-21,0.33751205400260376,0.3333333333333333,1e-06,0.7029233818421825,Utsuroi,1e-06,0.9803921568627452,3.0,0
2024-09-25,0.23276506102593061,0.0,20.0,1.464361965007903e-11,0.9999999999843564,1,2.2907889216598873e-22,0.01607200257156863,0.3333333333333333,1e-06,0.15315095174615312,Utsuroi,1e-06,0.9803921568627452,3.0,0
2024-09-26,0.2303580477493521,0.0,20.0,0.5309279676998734,0.8395281438026065,3,0.08519899648390844,0.01607200257156863,1.0,1e-06,0.35533371287790094,Utsuroi,1e-06,0.9803921568627452,3.0,0
2024-09-27,0.22169279995366947,0.0,20.0,0.42682886339131565,0.847612108237346,2,0.06504355063565244,0.01607200257156863,0.6666666666666666,1e-06,0.5081600190497906,Utsuroi,1e-06,0.9803921568627452,3.0,0
2024-09-30,0.22531019704932753,-1.0,0.9523809523809523,1.2170892892096834,0.4715510285064333,4,0.6431695830986934,0.33751205400260376,1.3333333333333333,1e-06,0.2955614355679804,Utsuroi,1e-06,0.9803921568627452,3.0,0
2024-10-01,0.22202290463160032,1.0,0.9523809523809523,0.6929365909918841,0.5102609645230817,2,0.3393580977190292,0.33751205400260376,0.6666666666666666,1e-06,0.18070537641004636,Utsuroi,1e-06,0.9803921568627452,3.0,0
2024-10-02,0.22123890602151475,1.0,0.9523809523809523,0.34657823327066667,0.8899699145018033,2,0.03813403263858542,0.33751205400260376,0.6666666666666666,1e-06,0.929228577926533,Utsuroi,1e-06,0.9803921568627452,3.0,0
2024-10-03,0.20341325341325345,2.0,0.48780487804878053,3.779976331930347e-12,0.99999999999522,1,1.8068113782346756e-23,0.6589521054329959,0.3333333333333333,1e-06,0.3046105395951546,Utsuroi,1e-06,0.9803921568627452,3.0,0
2024-10-04,0.20507753116448774,1.0,0.9523809523809523,0.5382135255393977,0.7708777860007108,2,0.1233166745759498,0.33751205400260376,0.6666666666666666,1e-06,0.8672693297939574,Utsuroi,1e-06,0.9803921568627452,3.0,0
2024-10-07,0.21811666594275295,3.0,0.3278688524590164,0.70191206295642,0.7164507618709738,3,0.19902663068486595,0.9803921568627452,1.0,1e-06,0.029381677340573176,Katashi,1e-06,0.9803921568627452,3.0,0
2024-10-08,0.18124122254557037,2.0,0.48780487804878053,0.5387908993530238,0.7704013760001385,2,0.12370564911510215,0.6589521054329959,0.6666666666666666,1e-06,0.0013080509613541125,Utsuroi,1e-06,0.9803921568627452,3.0,0
2024-10-09,0.17458411154063333,1.0,0.9523809523809523,0.6876630966004824,0.6521126051705078,3,0.23922932319672324,0.33751205400260376,1.0,1e-06,0.9306163175690677,Utsuroi,1e-06,0.9803921568627452,3.0,0
2024-10-10,0.1730023599588817,1.0,0.9523809523809523,0.6216145775838107,0.6868287509749884,2,0.19467181367407696,0.33751205400260376,0.6666666666666666,1e-06,0.2493392913023742,Utsuroi,1e-06,0.9803921568627452,3.0,0
2024-10-11,0.18752696578783537,1.0,0.9523809523809523,0.4972334172939774,0.802274262058756,2,0.09831584436349822,0.33751205400260376,0.6666666666666666,1e-06,0.8200663754683942,Utsuroi,1e-06,0.9803921568627452,3.0,0
2024-10-14,0.16287914983567156,0.0,20.0,0.6743758639103323,0.716816591408753,3,0.19097205581379484,0.01607200257156863,1.0,1e-06,0.18418901447919545,Utsuroi,1e-06,0.9803921568627452,3.0,0
2024-10-15,0.1669366865019039,1.0,0.9523809523809523,0.6273919407195192,0.6793053714259264,2,0.2012012253994134,0.33751205400260376,0.6666666666666666,1e-06,0.9431890741477701,Utsuroi,1e-06,0.9803921568627452,3.0,0
2024-10-16,0.15902792859314596,1.0,0.9523809523809523,0.4859196610491595,0.8102090754646956,2,0.09222314172040175,0.33751205400260376,0.6666666666666666,1e-06,0.830887881447971,Utsuroi,1e-06,0.9803921568627452,3.0,0
2024-10-17,0.165437461089635,0.0,20.0,0.44178319749850264,0.8387218994461539,2,0.07124995494916314,0.01607200257156863,0.6666666666666666,1e-06,0.2380809695902245,Utsuroi,1e-06,0.9803921568627452,3.0,0
2024-10-18,0.1387402452619844,1.0,0.9523809523809523,0.031849201090609666,0.9949299821898288,2,0.00016147601676911647,0.33751205400260376,0.6666666666666666,1e-06,0.75089316229048,Utsuroi,1e-06,0.9803921568627452,3.0,0
2024-10-21,0.10806801893758415,1.0,0.9523809523809523,0.32337877857413444,0.9007740938960059,2,0.03208755231882135,0.33751205400260376,0.6666666666666666,1e-06,0.9404064077771664,Utsuroi,1e-06,0.9803921568627452,3.0,0
2024-10-22,0.09967785837351055,0.0,20.0,0.6654764296982082,0.6170781147368571,2,0.2548254890582232,0.01607200257156863,0.6666666666666666,1e-06,0.2129256697327817,Utsuroi,1e-06,0.9803921568627452,3.0,0
2024-10-23,0.10132838176316437,0.0,20.0,0.8388544364741425,0.6571414433054273,3,0.28760842136636355,0.01607200257156863,1.0,1e-06,0.34632533751913464,Utsuroi,1e-06,0.9803921568627452,3.0,0
2024-10-24,0.10403799099451273,1.0,0.9523809523809523,1.0652229469438457,0.42638251868730853,3,0.6110305038624116,0.33751205400260376,1.0,1e-06,0.6075519133412683,Utsuroi,1e-06,0.9803921568627452,3.0,0
2024-10-25,0.08959591133504174,2.0,0.48780487804878053,1.0707616567587601,0.4099669807406475,3,0.6317847332445177,0.6589521054329959,1.0,1e-06,0.3372087322690688,Utsuroi,1e-06,0.9803921568627452,3.0,0
2024-10-28,0.09293822119909077,0.5,1.8181818181818181,1.0795731419115941,0.4161296704444327,3,0.6303307261472617,0.17679202828716653,1.0,1e-06,0.7922923880122051,Utsuroi,1e-06,0.9803921568627452,3.0,0
2024-10-29,0.08901822814866292,1.0,0.9523809523809523,0.9119985338084855,0.5000381134746906,3,0.45596450747120654,0.33751205400260376,1.0,1e-06,0.9114615320756967,Utsuroi,1e-06,0.9803921568627452,3.0,0
2024-10-30,0.08601977732412515,0.0,20.0,0.9426274945215574,0.5992406068996707,4,0.3777668226241433,0.01607200257156863,1.3333333333333333,1e-06,0.32473917710864986,Utsuroi,1e-06,0.9803921568627452,3.0,0
2024-10-31,0.059240035326991854,1.0,0.9523809523809523,1.3436847892590205,0.37012583107033653,4,0.8463523399379554,0.33751205400260376,1.3333333333333333,1e-06,0.5393808431742285,Utsuroi,1e-06,0.9803921568627452,3.0,0
2024-11-01,0.07412225455703716,1.0,0.9523809523809523,1.2116253731267568,0.44376811697336105,4,0.6739446628171499,0.33751205400260376,1.3333333333333333,1e-06,0.3882411988485768,Utsuroi,1e-06,0.9803921568627452,3.0,0
2024-11-04,0.09077878643096035,2.0,0.48780487804878053,1.2246949466689632,0.5070509691805161,4,0.603712187009985,0.6589521054329959,1.3333333333333333,1e-06,0.5331002928188758,Utsuroi,1e-06,0.9803921568627452,3.0,0
2024-11-05,0.12057073361421192,1.5,0.6451612903225806,1.2690622630240962,0.4311760070623666,4,0.7218730637398356,0.4982320797178802,1.3333333333333333,1e-06,0.9736627499998498,Utsuroi,1e-06,0.9803921568627452,3.0,0
2024-11-06,0.11004864700516875,1.0,0.9523809523809523,9.492850949700388e-12,0.9999999999895072,1,9.960686010525393e-23,0.33751205400260376,0.3333333333333333,1e-06,0.543482163921575,Utsuroi,1e-06,0.9803921568627452,3.0,0
2024-11-07,0.1005994005994006,2.0,0.48780487804878053,1.924727044390709e-11,0.9999999999797528,1,3.897042642060122e-22,0.6589521054329959,0.3333333333333333,1e-06,0.03960606250838483,Utsuroi,1e-06,0.9803921568627452,3.0,0
2024-11-08,0.09435492044187697,2.0,0.48780487804878053,0.5394808223979621,0.7698307043648871,2,0.12417192089999038,0.6589521054329959,0.6666666666666666,1e-06,0.5100526041467947,Utsuroi,1e-06,0.9803921568627452,3.0,0
2024-11-11,0.10189231058796279,1.0,0.9523809523809523,0.8828320768090383,0.6551817216433803,3,0.3044166368032916,0.33751205400260376,1.0,1e-06,0.8541883754432421,Utsuroi,1e-06,0.9803921568627452,3.0,0
2024-11-12,0.10673384586428067,1.0,0.9523809523809523,0.6498355675073648,0.6460866303338246,2,0.22998549542546287,0.33751205400260376,0.6666666666666666,1e-06,0.22747028094670985,Utsuroi,1e-06,0.9803921568627452,3.0,0
2024-11-13,0.10539967279097713,2.0,0.48780487804878053,1.0753323216755186,0.39168665873280833,3,0.6541389975710413,0.6589521054329959,1.0,1e-06,0.029919153996742165,Utsuroi,1e-06,0.9803921568627452,3.0,0
2024-11-14,0.10146592537896887,2.0,0.48780487804878053,0.8211588544381082,0.6018044501916122,3,0.3269818015230084,0.6589521054329959,1.0,1e-06,0.6661175465309643,Utsuroi,1e-06,0.9803921568627452,3.0,0
2024-11-15,0.09432741171871609,3.0,0.3278688524590164,0.7650784589551994,0.6269194228350818,3,0.28543591304345195,0.9803921568627452,1.0,1e-06,0.18674423621059455,Katashi,1e-06,0.9803921568627452,3.0,0
2024-11-18,0.122812694551825,1.0,0.9523809523809523,0.8574982802353517,0.6328092504935448,3,0.3148654362201152,0.33751205400260376,1.0,1e-06,0.5462542945200113,Utsuroi,1e-06,0.9803921568627452,3.0,0
2024-11-19,0.12129971477797567,2.0,0.48780487804878053,0.8047872981724637,0.6824143870703195,3,0.2555888673681234,0.6589521054329959,1.0,1e-06,0.32006613291876784,Utsuroi,1e-06,0.9803921568627452,3.0,0
2024-11-20,0.12545353197527112,1.0,0.9523809523809523,0.5328975539254164,0.7752152021558268,2,0.11978726893077908,0.33751205400260376,0.6666666666666666,1e-06,0.054634546930207195,Utsuroi,1e-06,0.9803921568627452,3.0,0
2024-11-21,0.15459902416424157,3.0,0.3278688524590164,0.924868836214018,0.6168904325055943,3,0.3543260998310068,0.9803921568627452,1.0,1e-06,0.026199043089134788,Katashi,1e-06,0.9803921568627452,3.0,0
2024-11-22,0.15243958939611116,3.0,0.3278688524590164,0.7349534816520682,0.7938934465782082,4,0.15147872902865392,0.9803921568627452,1.3333333333333333,1e-06,0.6641566619229451,Katashi,1e-06,0.9803921568627452,3.0,0
2024-11-25,0.15549305766697072,3.0,0.3278688524590164,0.3961974828216611,0.8647762870793444,2,0.05357529467696268,0.9803921568627452,0.6666666666666666,1e-06,0.6466438969579142,Katashi,1e-06,0.9803921568627452,3.0,0
2024-11-26,0.15447523491001752,3.0,0.3278688524590164,1.0953433136051545,0.5573453418327324,4,0.48485882005969183,0.9803921568627452,1.3333333333333333,1e-06,0.36338946876471967,Katashi,1e-06,0.9803921568627452,3.0,0
2024-11-27,0.1504452069669461,2.0,0.48780487804878053,0.5301958619912026,0.777386558106426,2,0.11802872571559198,0.6589521054329959,0.6666666666666666,1e-06,0.1541305837999688,Utsuroi,1e-06,0.9803921568627452,3.0,0
2024-11-29,0.16682665160926033,2.0,0.48780487804878053,1.5016210497137332e-11,0.9999999999839838,1,2.405024560089873e-22,0.6589521054329959,0.3333333333333333,1e-06,0.7681995467102958,Utsuroi,1e-06,0.9803921568627452,3.0,0
2024-12-02,0.18721061547148507,2.5,0.3921568627450981,2.1332713373318583e-11,0.9999999999776673,1,4.764169013304786e-22,0.8196721311479509,0.3333333333333333,1e-06,0.025074633231588983,Utsuroi,1e-06,0.9803921568627452,3.0,0
2024-12-03,0.18557384644341168,2.5,0.3921568627450981,0.26951929344871906,0.9237477339421595,2,0.02055145687177292,0.8196721311479509,0.6666666666666666,1e-06,0.5892105904431075,Utsuroi,1e-06,0.9803921568627452,3.0,0
2024-12-04,0.16626272278446194,2.0,0.48780487804878053,7.797318346509204e-12,0.9999999999912027,1,6.85953192535219e-23,0.6589521054329959,0.3333333333333333,1e-06,0.16749241810011384,Utsuroi,1e-06,0.9803921568627452,3.0,0
2024-12-05,0.17428151558586344,2.0,0.48780487804878053,0.5612713852600782,0.7509660084484651,2,0.13977565341497664,0.6589521054329959,0.6666666666666666,1e-06,0.5083084169949817,Utsuroi,1e-06,0.9803921568627452,3.0,0
2024-12-06,0.17177822177822177,2.0,0.48780487804878053,0.487698709284625,0.8089799239636206,2,0.09316024453039315,0.6589521054329959,0.6666666666666666,1e-06,0.8857417374534908,Utsuroi,1e-06,0.9803921568627452,3.0,0
2024-12-09,0.1800583474496518,1.0,0.9523809523809523,0.882817914918269,0.6540467124130452,3,0.30541376000663567,0.33751205400260376,1.0,1e-06,0.829801166064755,Utsuroi,1e-06,0.9803921568627452,3.0,0
2024-12-10,0.17534060142755795,0.0,20.0,0.8297857180649609,0.6843846528544554,3,0.26189310746348765,0.01607200257156863,1.0,1e-06,0.36832648106669197,Utsuroi,1e-06,0.9803921568627452,3.0,0
2024-12-11,0.17788515831994092,-1.0,0.9523809523809523,0.6926020474601572,0.5165080894594692,2,0.33486748717079473,0.33751205400260376,0.6666666666666666,1e-06,0.9038008080217204,Utsuroi,1e-06,0.9803921568627452,3.0,0
2024-12-12,0.2062879149835672,0.0,20.0,0.8637859638057738,0.532284023283968,3,0.40400649573501657,0.01607200257156863,1.0,1e-06,0.22139195893832853,Utsuroi,1e-06,0.9803921568627452,3.0,0
2024-12-13,0.18622030143769275,1.0,0.9523809523809523,1.254077509938406,0.4394825304015063,5,0.7029323525510551,0.33751205400260376,1.6666666666666667,1e-06,0.3865867570328696,Utsuroi,1e-06,0.9803921568627452,3.0,0
2024-12-16,0.18408837539272324,0.5,1.8181818181818181,0.9982268499408331,0.45311456809843415,4,0.5459157219656321,0.17679202828716653,1.3333333333333333,1e-06,0.09534640042469866,Utsuroi,1e-06,0.9803921568627452,3.0,0
2024-12-17,0.19229972925625105,0.0,20.0,1.3957939514650854,0.3838679897917297,5,0.8599933331527281,0.01607200257156863,1.6666666666666667,1e-06,0.19169866208329023,Utsuroi,1e-06,0.9803921568627452,3.0,0
2024-12-18,0.23711143928535236,0.0,20.0,0.8329048860083763,0.4953616797564776,3,0.4203157225978895,0.01607200257156863,1.0,1e-06,0.3011562801893364,Utsuroi,1e-06,0.9803921568627452,3.0,0
2024-12-19,0.23635494939842766,0.0,20.0,1.442335032091016,0.3895476514708915,5,0.8804768077057678,0.01607200257156863,1.6666666666666667,1e-06,0.12604227605249907,Utsuroi,1e-06,0.9803921568627452,3.0,0
2024-12-20,0.2623782015086363,1.0,0.9523809523809523,1.082276965405656,0.46772247492180136,4,0.5760717045952658,0.33751205400260376,1.3333333333333333,1e-06,0.7376052312339471,Utsuroi,1e-06,0.9803921568627452,3.0,0
2024-12-23,0.266600790513834,0.0,20.0,1.4571997514832884,0.4184391057844564,5,0.8474503905232891,0.01607200257156863,1.6666666666666667,1e-06,0.2694796873672076,Utsuroi,1e-06,0.9803921568627452,3.0,0
2024-12-24,0.2741519350215002,-1.0,0.9523809523809523,1.0923846033165308,0.44889947048489814,4,0.6020137333218847,0.33751205400260376,1.3333333333333333,1e-06,0.7668031916511235,Utsuroi,1e-06,0.9803921568627452,3.0,0
2024-12-26,0.26825131390348783,0.0,20.0,1.4444606576866261,0.3432101067001902,6,0.9487071612377722,0.01607200257156863,2.0,1e-06,0.17831823891544119,Utsuroi,1e-06,0.9803921568627452,3.0,0
2024-12-27,0.2699018372931417,0.0,20.0,1.221342781409552,0.4231510139564882,4,0.7045303450676625,0.01607200257156863,1.3333333333333333,1e-06,0.18129814257060217,Utsuroi,1e-06,0.9803921568627452,3.0,0
2024-12-30,0.2573853682549334,0.0,20.0,1.0982329187979247,0.580435168917216,4,0.4607799090650041,0.01607200257156863,1.3333333333333333,1e-06,0.6022441462106727,Utsuroi,1e-06,0.9803921568627452,3.0,0
2024-12-31,0.25353414701240784,1.0,0.9523809523809523,1.4075078136421715,0.44369463736725956,5,0.7830041446766238,0.33751205400260376,1.6666666666666667,1e-06,0.5053096144093309,Utsuroi,1e-06,0.9803921568627452,3.0,0
2025-01-02,0.20716819412471593,1.0,0.9523809523809523,1.4217107420202355,0.4243737781489593,5,0.8183739829941477,0.33751205400260376,1.6666666666666667,1e-06,0.38696061869280673,Utsuroi,1e-06,0.9803921568627452,3.0,0
2025-01-03,0.1902503293807642,0.0,20.0,1.5422055083171842,0.28623718512801377,5,1.1007689447275557,0.01607200257156863,1.6666666666666667,1e-06,0.41004386679629934,Utsuroi,1e-06,0.9803921568627452,3.0,0
2025-01-06,0.18271293923467838,-1.0,0.9523809523809523,1.0588829133607245,0.5032383217224854,4,0.5260124531404576,0.33751205400260376,1.3333333333333333,1e-06,0.6386715814857246,Utsuroi,1e-06,0.9803921568627452,3.0,0
2025-01-07,0.18238283455674761,-1.0,0.9523809523809523,0.7315090355860396,0.7395763664379764,3,0.19050224103076804,0.33751205400260376,1.0,1e-06,0.35453020802329294,Utsuroi,1e-06,0.9803921568627452,3.0,0
2025-01-08,0.19355137616007184,1.0,0.9523809523809523,0.9216661980955603,0.6217757866432178,3,0.34859647275222955,0.33751205400260376,1.0,1e-06,0.5523700988057739,Utsuroi,1e-06,0.9803921568627452,3.0,0
2025-01-10,0.17663351141612013,1.0,0.9523809523809523,1.2620298232270797,0.35687936129103326,4,0.8116374259835639,0.33751205400260376,1.3333333333333333,1e-06,0.11182154117650378,Utsuroi,1e-06,0.9803921568627452,3.0,0
2025-01-13,0.18666044100826712,1.0,0.9523809523809523,1.3548268002370867,0.3445499338631693,4,0.8880213158193493,0.33751205400260376,1.3333333333333333,1e-06,0.2862670084549548,Utsuroi,1e-06,0.9803921568627452,3.0,0
2025-01-14,0.1947342512559904,0.0,20.0,0.9280893771885309,0.5536499889434504,3,0.41425270376956697,0.01607200257156863,1.0,1e-06,0.829364369621488,Utsuroi,1e-06,0.9803921568627452,3.0,0
2025-01-15,0.231857273161621,1.5,0.6451612903225806,0.8293101807991429,0.7053610596528515,4,0.24434707288976162,0.4982320797178802,1.3333333333333333,1e-06,0.5755447523479293,Utsuroi,1e-06,0.9803921568627452,3.0,0
2025-01-16,0.21015289058767322,0.0,20.0,0.9633057892459094,0.6146336009998131,4,0.371225683137729,0.01607200257156863,1.3333333333333333,1e-06,0.4637701405199697,Utsuroi,1e-06,0.9803921568627452,3.0,0
2025-01-17,0.19594463507506987,1.0,0.9523809523809523,0.6836175383254646,0.5689178213174206,2,0.29469533780696294,0.33751205400260376,0.6666666666666666,1e-06,0.852700232852131,Utsuroi,1e-06,0.9803921568627452,3.0,0
2025-01-21,0.19960329525546916,1.0,0.9523809523809523,1.1961287163435987,0.4933368988117844,4,0.6060342848429273,0.33751205400260376,1.3333333333333333,1e-06,0.06050107178958386,Utsuroi,1e-06,0.9803921568627452,3.0,0
2025-01-22,0.20158392332305378,0.0,20.0,1.1552948477291631,0.5484392547666199,4,0.5216858024048653,0.01607200257156863,1.3333333333333333,1e-06,0.525653818659569,Utsuroi,1e-06,0.9803921568627452,3.0,0
2025-01-23,0.12688398557963776,0.0,20.0,1.008533371711028,0.5122685423860184,3,0.4918934514369633,0.01607200257156863,1.0,1e-06,0.3692970491609817,Utsuroi,1e-06,0.9803921568627452,3.0,0
2025-01-24,0.11407867494824019,-0.5,1.8181818181818181,1.3303600698210167,0.35810670267929445,4,0.8539492118412165,0.17679202828716653,1.3333333333333333,1e-06,0.5066426548637252,Utsuroi,1e-06,0.9803921568627452,3.0,0
2025-01-27,0.09419872073716973,1.0,0.9523809523809523,0.9527762528170213,0.6024161693693474,4,0.3788084323289104,0.33751205400260376,1.3333333333333333,1e-06,0.7533178330427498,Utsuroi,1e-06,0.9803921568627452,3.0,0
2025-01-28,0.09389004982607596,0.0,20.0,1.2488742849823278,0.45837003113740754,4,0.6764277400882707,0.01607200257156863,1.3333333333333333,1e-06,0.34330793573709073,Utsuroi,1e-06,0.9803921568627452,3.0,0
2025-01-29,0.09658592023530085,1.0,0.9523809523809523,1.2976406356233792,0.39310998537357267,5,0.787525144333319,0.33751205400260376,1.6666666666666667,1e-06,0.629763544702157,Utsuroi,1e-06,0.9803921568627452,3.0,0
2025-01-30,0.11138080092041876,1.0,0.9523809523809523,1.2997459528349724,0.355418061257048,4,0.837792766151672,0.33751205400260376,1.3333333333333333,1e-06,0.5354314105781526,Utsuroi,1e-06,0.9803921568627452,3.0,0
2025-01-31,0.10981342916339085,1.0,0.9523809523809523,1.5185140302403457,0.3686663486461384,5,0.9586890073437058,0.33751205400260376,1.6666666666666667,1e-06,0.05659621444361673,Utsuroi,1e-06,0.9803921568627452,3.0,0
2025-02-03,0.10614701576531434,0.0,20.0,1.1973417977560188,0.42234960014246353,4,0.6916449682399057,0.01607200257156863,1.3333333333333333,1e-06,0.8755201499975903,Utsuroi,1e-06,0.9803921568627452,3.0,0
2025-02-04,0.10773791425965341,1.0,0.9523809523809523,1.220382866107514,0.45824528901151246,4,0.6611481669233783,0.33751205400260376,1.3333333333333333,1e-06,0.901455693087637,Utsuroi,1e-06,0.9803921568627452,3.0,0
2025-02-05,0.10286887026017463,0.0,20.0,1.1796245773402572,0.4551925453716235,4,0.64266826339782,0.01607200257156863,1.3333333333333333,1e-06,0.5110416763376681,Utsuroi,1e-06,0.9803921568627452,3.0,0
2025-02-06,0.1197867350041263,0.0,20.0,0.840782792129813,0.63811366643933,3,0.304267801964761,0.01607200257156863,1.0,1e-06,0.42206604501817613,Utsuroi,1e-06,0.9803921568627452,3.0,0
2025-02-07,0.1298686820425951,0.0,20.0,0.9936456132202188,0.5259821847090284,3,0.47100572275210595,0.01607200257156863,1.0,1e-06,0.5461537547764387,Utsuroi,1e-06,0.9803921568627452,3.0,0
2025-02-10,0.1596468748642662,1.5,0.6451612903225806,1.1921489116754553,0.42883941145145854,4,0.6809084740300563,0.4982320797178802,1.3333333333333333,1e-06,0.47299131561736485,Utsuroi,1e-06,0.9803921568627452,3.0,0
2025-02-11,0.16011452315800143,1.0,0.9523809523809523,1.3508550097814973,0.3219544349112187,4,0.9159412484603066,0.33751205400260376,1.3333333333333333,1e-06,0.5841718983564013,Utsuroi,1e-06,0.9803921568627452,3.0,0
2025-02-12,0.19514688210340386,0.0,20.0,0.3963181480785206,0.8828255304536857,3,0.04643836877267828,0.01607200257156863,1.0,1e-06,0.7100711647027415,Utsuroi,1e-06,0.9803921568627452,3.0,0
2025-02-13,0.19535319752711056,1.0,0.9523809523809523,2.6876756372387704e-10,0.9999999997302325,1,7.250476493797094e-20,0.33751205400260376,0.3333333333333333,1e-06,0.933739704439444,Utsuroi,1e-06,0.9803921568627452,3.0,0
2025-02-14,0.19375769158377856,1.0,0.9523809523809523,3.028099992925501e-11,0.999999999968719,1,9.472192867917912e-22,0.33751205400260376,0.3333333333333333,1e-06,1.0,Utsuroi,1e-06,0.9803921568627452,3.0,0
2025-02-18,0.18968640055596578,2.0,0.48780487804878053,0.6732046628221391,0.5995228440726126,2,0.2696030887240661,0.6589521054329959,0.6666666666666666,1e-06,0.03899129883224828,Utsuroi,1e-06,0.9803921568627452,3.0,0
2025-02-19,0.17671603758560286,0.0,20.0,0.6206190969875341,0.6880916143899849,2,0.19357630062012715,0.01607200257156863,0.6666666666666666,1e-06,0.4331888430352058,Utsuroi,1e-06,0.9803921568627452,3.0,0
2025-02-20,0.17857287639896338,0.0,20.0,0.771838974643299,0.7291197771532621,3,0.20907591345317447,0.01607200257156863,1.0,1e-06,0.35812844616680617,Utsuroi,1e-06,0.9803921568627452,3.0,0
2025-02-21,0.16726679117983467,1.0,0.9523809523809523,0.8305036919824129,0.5907756369690391,3,0.33986234434636425,0.33751205400260376,1.0,1e-06,0.7543585918473635,Utsuroi,1e-06,0.9803921568627452,3.0,0
2025-02-24,0.15992196209587517,1.0,0.9523809523809523,0.6929864029909127,0.5089657390019474,2,0.3402800662743415,0.33751205400260376,0.6666666666666666,1e-06,0.37856373274579624,Utsuroi,1e-06,0.9803921568627452,3.0,0
2025-02-25,0.15114667940754897,1.5,0.6451612903225806,0.9328499577245621,0.4793357028960417,4,0.4857016675421164,0.4982320797178802,1.3333333333333333,1e-06,0.025681218376160886,Utsuroi,1e-06,0.9803921568627452,3.0,0
2025-02-26,0.15513544426587908,2.0,0.48780487804878053,0.6892666869675974,0.5440197204584902,2,0.31429201660213535,0.6589521054329959,0.6666666666666666,1e-06,0.7792732271228503,Utsuroi,1e-06,0.9803921568627452,3.0,0
2025-02-27,0.14923482314786662,0.0,20.0,0.7388503835472156,0.6551612348998154,3,0.25478425385621956,0.01607200257156863,1.0,1e-06,0.39360725084561654,Utsuroi,1e-06,0.9803921568627452,3.0,0
2025-02-28,0.1576662467966816,2.5,0.3921568627450981,4.852696022671993e-11,0.9999999999504731,1,2.403391755632038e-21,0.8196721311479509,0.3333333333333333,1e-06,0.3826192287336153,Utsuroi,1e-06,0.9803921568627452,3.0,0
2025-03-03,0.14283904501295805,1.0,0.9523809523809523,0.5627004535576794,0.7496672127291034,2,0.14086237293769158,0.33751205400260376,0.6666666666666666,1e-06,0.7226611971314009,Utsuroi,1e-06,0.9803921568627452,3.0,0
2025-03-04,0.13604439039221644,1.0,0.9523809523809523,0.6169628791079329,0.692651265014458,2,0.18962276042686108,0.33751205400260376,0.6666666666666666,1e-06,0.6673000350426816,Utsuroi,1e-06,0.9803921568627452,3.0,0
2025-03-05,0.12660889834802877,-0.5,1.8181818181818181,1.2957105602678427,0.44329842946883635,4,0.721324103854922,0.17679202828716653,1.3333333333333333,1e-06,0.1080588969706806,Utsuroi,1e-06,0.9803921568627452,3.0,0
2025-03-06,0.136181934008021,0.5,1.8181818181818181,6.748046565944649e-12,0.999999999992252,1,5.2284029743903685e-23,0.17679202828716653,0.3333333333333333,1e-06,0.5528974460765077,Utsuroi,1e-06,0.9803921568627452,3.0,0
2025-03-07,0.15791382530512965,0.0,20.0,0.5164781734102115,0.7880885794759566,2,0.10944762339702116,0.01607200257156863,0.6666666666666666,1e-06,0.05723143889577076,Utsuroi,1e-06,0.9803921568627452,3.0,0
2025-03-10,0.1556168469211948,1.0,0.9523809523809523,0.875404331075907,0.6040016358607645,3,0.3466586830664609,0.33751205400260376,1.0,1e-06,0.5259038921400881,Utsuroi,1e-06,0.9803921568627452,3.0,0
2025-03-11,0.14988127814214772,1.0,0.9523809523809523,0.8104308802533231,0.5525167344695807,3,0.3626542567824492,0.33751205400260376,1.0,1e-06,0.5381105466844354,Utsuroi,1e-06,0.9803921568627452,3.0,0
2025-03-12,0.13458642806468893,1.0,0.9523809523809523,0.43655541847642576,0.8418703132553532,2,0.0690323715703554,0.33751205400260376,0.6666666666666666,1e-06,0.485745073175755,Utsuroi,1e-06,0.9803921568627452,3.0,0
2025-03-13,0.09890761412500544,1.0,0.9523809523809523,9.342082662957862e-12,0.9999999999896579,1,9.661638448205265e-23,0.33751205400260376,0.3333333333333333,1e-06,0.5481565585685189,Utsuroi,1e-06,0.9803921568627452,3.0,0
2025-03-14,0.09464376203506639,1.0,0.9523809523809523,0.4907657630104999,0.8068448463172603,2,0.09479393637652013,0.33751205400260376,0.6666666666666666,1e-06,0.27048973350430705,Utsuroi,1e-06,0.9803921568627452,3.0,0
2025-03-17,0.08791787922222706,0.0,20.0,1.0259384658100466,0.4586059939522777,3,0.5554369359633552,0.01607200257156863,1.0,1e-06,0.13718150179954458,Utsuroi,1e-06,0.9803921568627452,3.0,0
2025-03-18,0.09036615558354688,1.0,0.9523809523809523,0.505083119134075,0.7965976064209017,2,0.10273511538826771,0.33751205400260376,0.6666666666666666,1e-06,0.9534698268608095,Utsuroi,1e-06,0.9803921568627452,3.0,0
2025-03-19,0.08706510880423925,1.0,0.9523809523809523,0.3711908087541049,0.8778480389535023,2,0.0453416852117494,0.33751205400260376,0.6666666666666666,1e-06,0.9159392373594691,Utsuroi,1e-06,0.9803921568627452,3.0,0
2025-03-20,0.08215480172001913,2.0,0.48780487804878053,9.804601575011814e-12,0.9999999999891954,1,1.0593459672565139e-22,0.6589521054329959,0.3333333333333333,1e-06,0.30591703787705327,Utsuroi,1e-06,0.9803921568627452,3.0,0
2025-03-21,0.10420304333347812,3.0,0.3278688524590164,0.5156517660209876,0.7887168710847599,2,0.10894851855558357,0.9803921568627452,0.6666666666666666,1e-06,0.02729299781732386,Katashi,1e-06,0.9803921568627452,3.0,0
2025-03-24,0.10365286887026016,2.0,0.48780487804878053,0.6601061821240126,0.6278191308054792,2,0.24567889262359163,0.6589521054329959,0.6666666666666666,1e-06,0.3317617057325889,Utsuroi,1e-06,0.9803921568627452,3.0,0
2025-03-25,0.10522086609043133,1.0,0.9523809523809523,1.1897705043312814e-11,0.9999999999871023,1,1.5345282714426657e-22,0.33751205400260376,0.3333333333333333,1e-06,0.15581695579188737,Utsuroi,1e-06,0.9803921568627452,3.0,0
2025-03-26,0.10850815850815852,1.0,0.9523809523809523,0.0,0.0,0,0.0,0.33751205400260376,0.0,1e-06,1.0,Utsuroi,1e-06,0.9803921568627452,3.0,0
2025-03-27,0.1207357859531773,1.0,0.9523809523809523,0.0,0.0,0,0.0,0.33751205400260376,0.0,1e-06,1.0,Utsuroi,1e-06,0.9803921568627452,3.0,0
2025-03-28,0.11267573006703444,1.0,0.9523809523809523,0.5954642232378677,0.7480279586554994,3,0.15004033587686294,0.33751205400260376,1.0,1e-06,0.13988124354074938,Utsuroi,1e-06,0.9803921568627452,3.0,0
2025-03-31,0.13642951251646906,1.0,0.9523809523809523,1.391864401500988e-11,0.9999999999850814,1,2.076469873287748e-22,0.33751205400260376,0.3333333333333333,1e-06,0.5525235509099267,Utsuroi,1e-06,0.9803921568627452,3.0,0
2025-04-01,0.14151862630123505,0.0,20.0,0.9618829347800442,0.5561816487131708,3,0.4269012982450159,0.01607200257156863,1.0,1e-06,0.0859366562524092,Utsuroi,1e-06,0.9803921568627452,3.0,0
2025-04-02,0.15803761455935367,0.0,20.0,1.0978415073167893,0.35020839400620846,3,0.7133681961660214,0.01607200257156863,1.0,1e-06,0.3892107545184086,Utsuroi,1e-06,0.9803921568627452,3.0,0
2025-04-03,0.1794669099016925,0.5,1.8181818181818181,1.5359602478648335e-11,0.9999999999836404,1,2.5127665100196893e-22,0.17679202828716653,0.3333333333333333,1e-06,0.7058799469203292,Utsuroi,1e-06,0.9803921568627452,3.0,0
2025-04-04,0.25891210239036333,2.0,0.48780487804878053,0.0,0.0,0,0.0,0.6589521054329959,0.0,1e-06,0.07190823846643812,Utsuroi,1e-06,0.9803921568627452,3.0,0
2025-04-07,0.27080962515745116,1.5,0.6451612903225806,0.0,0.0,0,0.0,0.4982320797178802,0.0,1e-06,0.002819551897117467,Utsuroi,1e-06,0.9803921568627452,3.0,0
2025-04-08,0.236396212483169,1.0,0.9523809523809523,0.5996596269131379,0.7127624894310286,2,0.1722447384232479,0.33751205400260376,0.6666666666666666,1e-06,0.5255332097450154,Utsuroi,1e-06,0.9803921568627452,3.0,0
2025-04-09,0.32765640156944503,2.0,0.48780487804878053,4.197364677956812e-11,0.9999999999570264,1,1.8037597422649866e-21,0.6589521054329959,0.3333333333333333,1e-06,0.35894629362050223,Utsuroi,1e-06,0.9803921568627452,3.0,0
2025-04-10,0.3369130869130869,1.0,0.9523809523809523,0.25490822633470767,0.9295085879984483,2,0.017968840805144676,0.33751205400260376,0.6666666666666666,1e-06,0.7881403867954196,Utsuroi,1e-06,0.9803921568627452,3.0,0
2025-04-11,0.39105025409373245,2.0,0.48780487804878053,4.4670711573170464e-11,0.9999999999543293,1,2.040142195880142e-21,0.6589521054329959,0.3333333333333333,1e-06,0.3021337849274539,Utsuroi,1e-06,0.9803921568627452,3.0,0
2025-04-14,0.39565796522318264,2.0,0.48780487804878053,0.5788966268078009,0.7343376460096762,2,0.15379104059481835,0.6589521054329959,0.6666666666666666,1e-06,0.5062084353189285,Utsuroi,1e-06,0.9803921568627452,3.0,0
2025-04-15,0.4059874907700995,2.0,0.48780487804878053,0.6307615347592597,0.6747528407757527,2,0.20515339732837554,0.6589521054329959,0.6666666666666666,1e-06,0.7544791680499117,Utsuroi,1e-06,0.9803921568627452,3.0,0
2025-04-16,0.3966345248953944,2.0,0.48780487804878053,0.6542305843562346,0.6385804465186172,2,0.23645172567189443,0.6589521054329959,0.6666666666666666,1e-06,0.7197823425967771,Utsuroi,1e-06,0.9803921568627452,3.0,0
2025-04-17,0.3916004285569504,2.5,0.3921568627450981,0.5803666078646109,0.7328865695896988,2,0.15502371552230632,0.8196721311479509,0.6666666666666666,1e-06,0.2545179124070981,Utsuroi,1e-06,0.9803921568627452,3.0,0
2025-04-21,0.3997705193357367,1.0,0.9523809523809523,0.24398490057423636,0.9336910731953175,2,0.01617837691362477,0.33751205400260376,0.6666666666666666,1e-06,0.34517171797045687,Utsuroi,1e-06,0.9803921568627452,3.0,0
2025-04-22,0.38117462247897027,3.0,0.3278688524590164,0.0,0.0,0,0.0,0.9803921568627452,0.0,1e-06,0.13385040354093425,Katashi,1e-06,0.9803921568627452,3.0,0
2025-04-23,0.3508187464709204,2.0,0.48780487804878053,0.9136487236398201,0.5595558566260473,3,0.40241122942824575,0.6589521054329959,1.0,1e-06,0.6612435059051798,Utsuroi,1e-06,0.9803921568627452,3.0,0
2025-04-24,0.3590555986406372,1.0,0.9523809523809523,0.26147165938719796,0.9269445611124225,2,0.019101926833194918,0.33751205400260376,0.6666666666666666,1e-06,0.2936203560310129,Utsuroi,1e-06,0.9803921568627452,3.0,0
2025-04-25,0.3482905555402428,-0.5,1.8181818181818181,0.869657112242789,0.6756749611193482,4,0.28205157674097786,0.17679202828716653,1.3333333333333333,1e-06,0.18418570966225012,Utsuroi,1e-06,0.9803921568627452,3.0,0
2025-04-28,0.34636476233036056,0.0,20.0,0.9640682893791184,0.5870872575086173,3,0.3980760813165077,0.01607200257156863,1.0,1e-06,0.4620141246129783,Utsuroi,1e-06,0.9803921568627452,3.0,0
2025-04-29,0.34301617938191126,0.0,20.0,1.0781098657078774,0.4607538878284734,4,0.5813665535767395,0.01607200257156863,1.3333333333333333,1e-06,0.1942036067005335,Utsuroi,1e-06,0.9803921568627452,3.0,0
2025-04-30,0.350409142904106,0.0,20.0,1.3256670216736564,0.34344933865924043,4,0.8703675597974742,0.01607200257156863,1.3333333333333333,1e-06,0.3664356165184628,Utsuroi,1e-06,0.9803921568627452,3.0,0
2025-05-01,0.342418122996634,1.0,0.9523809523809523,1.2806539725178812,0.36743751904237887,4,0.810093654104144,0.33751205400260376,1.3333333333333333,1e-06,0.9413120561041263,Utsuroi,1e-06,0.9803921568627452,3.0,0
2025-05-02,0.34184676728275487,1.0,0.9523809523809523,1.2778412457896964,0.3613215379409129,4,0.8161296816166311,0.33751205400260376,1.3333333333333333,1e-06,0.31644195214839854,Utsuroi,1e-06,0.9803921568627452,3.0,0
2025-05-05,0.34106845514256884,0.0,20.0,1.2673444572928974,0.3434355949535739,4,0.8320932595913969,0.01607200257156863,1.3333333333333333,1e-06,0.5254545160782624,Utsuroi,1e-06,0.9803921568627452,3.0,0
2025-05-06,0.32562661443081825,1.0,0.9523809523809523,1.066448185316784,0.39779922281457925,3,0.642215926025749,0.33751205400260376,1.0,1e-06,0.8196388693210255,Utsuroi,1e-06,0.9803921568627452,3.0,0
2025-05-07,0.27912632585383373,0.0,20.0,1.2694697160162736,0.4151718187219248,4,0.7424216652053918,0.01607200257156863,1.3333333333333333,1e-06,0.3128027241332302,Utsuroi,1e-06,0.9803921568627452,3.0,0
2025-05-08,0.2441424121358059,0.0,20.0,0.3708514069106432,0.8780200613042501,2,0.04523643188019284,0.01607200257156863,0.6666666666666666,1e-06,0.7110576196794303,Utsuroi,1e-06,0.9803921568627452,3.0,0
2025-05-09,0.257247824639129,0.0,20.0,7.252420886027821e-12,0.9999999999917476,1,5.984986915833866e-23,0.01607200257156863,0.3333333333333333,1e-06,0.7376608071910244,Utsuroi,1e-06,0.9803921568627452,3.0,0
2025-05-12,0.15153180153180154,1.0,0.9523809523809523,0.07002854073905043,0.9868480667715084,2,0.0009210106918886964,0.33751205400260376,0.6666666666666666,1e-06,0.5715809567991414,Utsuroi,1e-06,0.9803921568627452,3.0,0
2025-05-13,0.13182180138701882,0.0,20.0,0.6059246949833426,0.705737006245385,2,0.1783012147356503,0.01607200257156863,0.6666666666666666,1e-06,0.2211381662005395,Utsuroi,1e-06,0.9803921568627452,3.0,0
2025-05-14,0.12627879367009803,0.0,20.0,1.046787415361437,0.4374751877987398,3,0.5888438942408349,0.01607200257156863,1.0,1e-06,0.28082110235940383,Utsuroi,1e-06,0.9803921568627452,3.0,0
2025-05-15,0.13270208052816748,1.0,0.9523809523809523,1.1563703713798534,0.3744322791206604,4,0.7233879777164903,0.33751205400260376,1.3333333333333333,1e-06,0.6043273577677005,Utsuroi,1e-06,0.9803921568627452,3.0,0
2025-05-16,0.13154671415540983,0.5,1.8181818181818181,1.0863781296096904,0.3918356900368993,3,0.6606964055530813,0.17679202828716653,1.0,1e-06,0.2329808570972639,Utsuroi,1e-06,0.9803921568627452,3.0,0
2025-05-19,0.12703528355702273,0.0,20.0,1.199845218589704,0.5633845058222852,5,0.5238710130513119,0.01607200257156863,1.6666666666666667,1e-06,0.2586595222632263,Utsuroi,1e-06,0.9803921568627452,3.0,0
2025-05-20,0.13065268065268065,0.0,20.0,0.9611598881988673,0.6440514120083848,4,0.3421235050385656,0.01607200257156863,1.3333333333333333,1e-06,0.27018603748029857,Utsuroi,1e-06,0.9803921568627452,3.0,0
2025-05-21,0.12121718860849295,1.0,0.9523809523809523,0.7093852801343312,0.7143327116430932,3,0.2026481693762791,0.33751205400260376,1.0,1e-06,0.9237315532649089,Utsuroi,1e-06,0.9803921568627452,3.0,0
2025-05-22,0.14054206662902313,1.0,0.9523809523809523,1.1364899142112068,0.4997410255490475,4,0.5685392789571493,0.33751205400260376,1.3333333333333333,1e-06,0.15713417695462972,Utsuroi,1e-06,0.9803921568627452,3.0,0
2025-05-23,0.13819007079876647,1.0,0.9523809523809523,0.7895554070030029,0.5760665140971806,3,0.33471897600420236,0.33751205400260376,1.0,1e-06,0.1725193050604521,Utsuroi,1e-06,0.9803921568627452,3.0,0
2025-05-27,0.14131231087752827,1.0,0.9523809523809523,0.6490135431791411,0.6823398802523086,3,0.2061657198441594,0.33751205400260376,1.0,1e-06,0.7161265961658319,Utsuroi,1e-06,0.9803921568627452,3.0,0
2025-05-28,0.15514919862745952,1.0,0.9523809523809523,0.562130625303692,0.7501860774408149,2,0.1404280564977628,0.33751205400260376,0.6666666666666666,1e-06,0.24375136112447382,Utsuroi,1e-06,0.9803921568627452,3.0,0
2025-05-29,0.1674043347956391,0.0,20.0,0.6630906473165996,0.621971661904762,2,0.2506670554115897,0.01607200257156863,0.6666666666666666,1e-06,0.23175722924161324,Utsuroi,1e-06,0.9803921568627452,3.0,0
2025-05-30,0.16143494186972449,1.0,0.9523809523809523,0.6757774436860489,0.5929218280705187,2,0.2750942464068947,0.33751205400260376,0.6666666666666666,1e-06,0.7626856624261581,Utsuroi,1e-06,0.9803921568627452,3.0,0
2025-06-02,0.16569879395966353,2.5,0.3921568627450981,0.6434818914586331,0.6562649407013851,2,0.22118728611811814,0.8196721311479509,0.6666666666666666,1e-06,0.140673302550552,Utsuroi,1e-06,0.9803921568627452,3.0,0
2025-06-03,0.15986694464955334,1.0,0.9523809523809523,0.599240811830641,0.713222744392545,2,0.1718486354647746,0.33751205400260376,0.6666666666666666,1e-06,0.3355656333124033,Utsuroi,1e-06,0.9803921568627452,3.0,0
2025-06-04,0.15421390203998903,2.0,0.48780487804878053,0.9737452872207224,0.5676163798838046,3,0.42103151235958036,0.6589521054329959,1.0,1e-06,0.022180428058554136,Utsuroi,1e-06,0.9803921568627452,3.0,0
2025-06-05,0.15212323907976083,1.0,0.9523809523809523,1.0496364679947057,0.4276879884062071,3,0.6007195584402539,0.33751205400260376,1.0,1e-06,0.9547969422745765,Utsuroi,1e-06,0.9803921568627452,3.0,0
2025-06-06,0.15688224818659605,2.0,0.48780487804878053,0.9780998265691426,0.4793885859442246,3,0.50920993379787,0.6589521054329959,1.0,1e-06,0.4777164751421573,Utsuroi,1e-06,0.9803921568627452,3.0,0
2025-06-09,0.1584227366836063,1.0,0.9523809523809523,1.208213914064435,0.5070042100432978,4,0.5956443730008752,0.33751205400260376,1.3333333333333333,1e-06,0.8039842713173146,Utsuroi,1e-06,0.9803921568627452,3.0,0
2025-06-10,0.16172378346291394,2.0,0.48780487804878053,1.2705052285996712,0.3838371205980752,4,0.7828381599491742,0.6589521054329959,1.3333333333333333,1e-06,0.24725345710546742,Utsuroi,1e-06,0.9803921568627452,3.0,0
2025-06-11,0.15215074780292173,1.0,0.9523809523809523,0.7532178287304216,0.7388391068738509,3,0.19671104086977573,0.33751205400260376,1.0,1e-06,0.30343923069267154,Utsuroi,1e-06,0.9803921568627452,3.0,0
2025-06-12,0.17965947096381882,1.0,0.9523809523809523,0.9187543773539871,0.6117394560403557,3,0.35671607431676333,0.33751205400260376,1.0,1e-06,0.5440912922695957,Utsuroi,1e-06,0.9803921568627452,3.0,0
2025-06-13,0.1901402944881206,1.0,0.9523809523809523,0.7544060654968575,0.6927081460436713,3,0.2318228385024289,0.33751205400260376,1.0,1e-06,0.6841457811486698,Utsuroi,1e-06,0.9803921568627452,3.0,0
2025-06-16,0.15345741215306438,0.5,1.8181818181818181,0.9173793409962857,0.5742918211528069,3,0.390535888567567,0.17679202828716653,1.0,1e-06,0.8205726564309811,Utsuroi,1e-06,0.9803921568627452,3.0,0
2025-06-17,0.155410531497488,-1.0,0.9523809523809523,0.9706791870990542,0.631653263960838,4,0.3575465103090837,0.33751205400260376,1.3333333333333333,1e-06,0.1774085565410728,Utsuroi,1e-06,0.9803921568627452,3.0,0
2025-06-18,0.16905485818529298,-1.0,0.9523809523809523,0.9084147092391707,0.5990278946520071,3,0.36424895849271505,0.33751205400260376,1.0,1e-06,0.26020340864947844,Utsuroi,1e-06,0.9803921568627452,3.0,0
2025-06-20,0.1743640417553461,0.0,20.0,0.9847707352466989,0.5647456470469304,3,0.42862574917692053,0.01607200257156863,1.0,1e-06,0.35520676047497746,Utsuroi,1e-06,0.9803921568627452,3.0,0
2025-06-23,0.16949499775586732,0.0,20.0,1.0882587199520513,0.36802079451710035,3,0.6877568811951348,0.01607200257156863,1.0,1e-06,0.4032375882995769,Utsuroi,1e-06,0.9803921568627452,3.0,0
2025-06-24,0.15392506044679957,1.0,0.9523809523809523,1.3191056276611666,0.38277776855597556,4,0.8141813190153957,0.33751205400260376,1.3333333333333333,1e-06,0.6176897164345977,Utsuroi,1e-06,0.9803921568627452,3.0,0
2025-06-25,0.1370759675107501,1.0,0.9523809523809523,1.0559263064552535,0.44017186740746966,3,0.5911372522981725,0.33751205400260376,1.0,1e-06,0.08428139696348591,Utsuroi,1e-06,0.9803921568627452,3.0,0
2025-06-26,0.14982626069582597,0.0,20.0,1.2964583768403999,0.3391119635827886,4,0.8568138309666969,0.01607200257156863,1.3333333333333333,1e-06,0.2412216759134329,Utsuroi,1e-06,0.9803921568627452,3.0,0
2025-06-27,0.1378049486745139,0.5,1.8181818181818181,1.2825556764356394,0.4407238567333476,5,0.7173027922416769,0.17679202828716653,1.6666666666666667,1e-06,0.9008347539948581,Utsuroi,1e-06,0.9803921568627452,3.0,0
2025-06-30,0.09585414585414588,1.0,0.9523809523809523,1.0845316541584755,0.4792411925433732,4,0.5647794108685305,0.33751205400260376,1.3333333333333333,1e-06,0.42658235087508334,Utsuroi,1e-06,0.9803921568627452,3.0,0
2025-07-01,0.08789037049906617,1.0,0.9523809523809523,1.2371159538617493,0.45374189389576675,4,0.6757846179878513,0.33751205400260376,1.3333333333333333,1e-06,0.3871976823770622,Utsuroi,1e-06,0.9803921568627452,3.0,0
2025-07-02,0.08849556240860589,0.5,1.8181818181818181,0.8567254360166228,0.6742424413660585,3,0.2790847864563741,0.17679202828716653,1.0,1e-06,0.2080751781928889,Utsuroi,1e-06,0.9803921568627452,3.0,0
2025-07-03,0.08204476682737552,0.0,20.0,1.381768489582331,0.36085576558864124,5,0.8831493634078385,0.01607200257156863,1.6666666666666667,1e-06,0.06737445065460479,Utsuroi,1e-06,0.9803921568627452,3.0,0
2025-07-07,0.08322764192329411,0.0,20.0,1.4373021768339618,0.44508715161338513,5,0.7975774449392157,0.01607200257156863,1.6666666666666667,1e-06,0.4520568036535727,Utsuroi,1e-06,0.9803921568627452,3.0,0
2025-07-08,0.08245739767478898,1.0,0.9523809523809523,1.0724555391204087,0.4140868993193049,3,0.628365750268225,0.33751205400260376,1.0,1e-06,0.7067748651084726,Utsuroi,1e-06,0.9803921568627452,3.0,0
2025-07-09,0.07633670677148939,1.0,0.9523809523809523,1.0836181546336758,0.39913806902132265,3,0.6511048968367414,0.33751205400260376,1.0,1e-06,0.3170384329656608,Utsuroi,1e-06,0.9803921568627452,3.0,0
2025-07-10,0.07542891890717977,1.0,0.9523809523809523,0.40093433328529066,0.862208357496289,2,0.055245400319510495,0.33751205400260376,0.6666666666666666,1e-06,0.6718111700526802,Utsuroi,1e-06,0.9803921568627452,3.0,0
2025-07-11,0.07127510170988434,0.0,20.0,0.930617000446886,0.6822963384465175,4,0.2956604285458945,0.01607200257156863,1.3333333333333333,1e-06,0.12536590577949536,Utsuroi,1e-06,0.9803921568627452,3.0,0
2025-07-14,0.06974836757445455,0.0,20.0,0.5300606552932103,0.8277443828395976,3,0.09130592530997926,0.01607200257156863,1.0,1e-06,0.48456958876195466,Utsuroi,1e-06,0.9803921568627452,3.0,0
2025-07-15,0.115729198337894,0.0,20.0,0.9492524843345393,0.5627556163302714,3,0.4150553174598144,0.01607200257156863,1.0,1e-06,0.5905310546102045,Utsuroi,1e-06,0.9803921568627452,3.0,0
2025-07-16,0.0964318290405247,0.0,20.0,0.48502046014582,0.8108277706699832,2,0.09175240171645532,0.01607200257156863,0.6666666666666666,1e-06,0.6510614400883703,Utsuroi,1e-06,0.9803921568627452,3.0,0
2025-07-17,0.10132838176316437,0.0,20.0,1.0235856207800846,0.5610500615668066,4,0.44930284522252023,0.01607200257156863,1.3333333333333333,1e-06,0.229579480559011,Utsuroi,1e-06,0.9803921568627452,3.0,0
2025-07-18,0.11097018923105878,-1.0,0.9523809523809523,0.9036135838659521,0.4764202761773547,3,0.47311375068292594,0.33751205400260376,1.0,1e-06,0.9932231665734799,Utsuroi,1e-06,0.9803921568627452,3.0,0
2025-07-21,0.09639056595578337,-1.0,0.9523809523809523,1.4973901936070215,0.33943853272711905,5,0.9891182633690775,0.33751205400260376,1.6666666666666667,1e-06,0.04042127747434665,Utsuroi,1e-06,0.9803921568627452,3.0,0
2025-07-22,0.08091690917777876,-1.0,0.9523809523809523,1.5410780582440933,0.3019494288899767,5,1.0757504186824152,0.33751205400260376,1.6666666666666667,1e-06,0.2859335733500511,Utsuroi,1e-06,0.9803921568627452,3.0,0
2025-07-23,0.08809668592277288,0.0,20.0,1.390468547265248,0.4079469706397581,5,0.8232311156385249,0.01607200257156863,1.6666666666666667,1e-06,0.7748642366337515,Utsuroi,1e-06,0.9803921568627452,3.0,0
2025-07-24,0.10256627430540476,-1.0,0.9523809523809523,1.2834555764701145,0.41300425567437893,5,0.753382961418944,0.33751205400260376,1.6666666666666667,1e-06,0.9500311050277396,Utsuroi,1e-06,0.9803921568627452,3.0,0
2025-07-25,0.08872938655547354,0.0,20.0,1.3464984641114146,0.3728114427182373,5,0.8445084290881475,0.01607200257156863,1.6666666666666667,1e-06,0.5144111504261824,Utsuroi,1e-06,0.9803921568627452,3.0,0
2025-07-28,0.08585472498515978,0.0,20.0,1.4787571259008452,0.3772982976446642,5,0.92082457966854,0.01607200257156863,1.6666666666666667,1e-06,0.3968142125116241,Utsuroi,1e-06,0.9803921568627452,3.0,0
2025-07-29,0.07896378983335506,0.0,20.0,1.5479468979266646,0.3365059601376215,5,1.0270535407977996,0.01607200257156863,1.6666666666666667,1e-06,0.35524359454671917,Utsuroi,1e-06,0.9803921568627452,3.0,0
2025-07-30,0.10985608594304248,0.0,20.0,1.3387721567399027,0.37662210123399115,4,0.8345609739949583,0.01607200257156863,1.3333333333333333,1e-06,0.14925058099334887,Utsuroi,1e-06,0.9803921568627452,3.0,0
2025-07-31,0.10936092892614632,0.0,20.0,1.027837800527002,0.6049523656677351,4,0.40604489157547047,0.01607200257156863,1.3333333333333333,1e-06,0.6431274140293476,Utsuroi,1e-06,0.9803921568627452,3.0,0
2025-08-01,0.10120459250894036,0.0,20.0,1.3932649068136422,0.34463967039089694,5,0.9130905485621849,0.01607200257156863,1.6666666666666667,1e-06,0.20450061101715444,Utsuroi,1e-06,0.9803921568627452,3.0,0
2025-08-04,0.10292388770649641,-1.0,0.9523809523809523,1.1969182180616584,0.5149029416539608,4,0.5806215066624936,0.33751205400260376,1.3333333333333333,1e-06,0.721643067257152,Utsuroi,1e-06,0.9803921568627452,3.0,0
2025-08-05,0.10377665812448421,1.0,0.9523809523809523,1.2417766977366922,0.3840698897081051,4,0.7648476583948658,0.33751205400260376,1.3333333333333333,1e-06,0.34036058726865415,Utsuroi,1e-06,0.9803921568627452,3.0,0
2025-08-06,0.10103954016997498,1.0,0.9523809523809523,1.174574326855463,0.4437658856423744,5,0.6533383104456527,0.33751205400260376,1.6666666666666667,1e-06,0.5630116976869921,Utsuroi,1e-06,0.9803921568627452,3.0,0
2025-08-07,0.10729777468907906,-2.0,0.48780487804878053,1.0655719346882426,0.4569942082535913,3,0.5786117320581416,0.6589521054329959,1.0,1e-06,0.9387570576189828,Utsuroi,1e-06,0.9803921568627452,3.0,0
2025-08-08,0.10004922613618267,0.0,20.0,1.2552066866557041,0.4194486962843438,4,0.7287118783705782,0.01607200257156863,1.3333333333333333,1e-06,0.42671758931730874,Utsuroi,1e-06,0.9803921568627452,3.0,0
2025-08-11,0.09139773270208053,0.0,20.0,1.3254812731466858,0.369360024391676,4,0.8359014777665164,0.01607200257156863,1.3333333333333333,1e-06,0.3818164947708962,Utsuroi,1e-06,0.9803921568627452,3.0,0
2025-08-12,0.0921267138658443,1.0,0.9523809523809523,0.7782178681077009,0.6802704440676557,3,0.2488192533886909,0.33751205400260376,1.0,1e-06,0.7764333010912092,Utsuroi,1e-06,0.9803921568627452,3.0,0
2025-08-13,0.12187739796435451,0.0,20.0,1.2652938419950432,0.4102871426976309,4,0.7461600468899893,0.01607200257156863,1.3333333333333333,1e-06,0.1698574867272975,Utsuroi,1e-06,0.9803921568627452,3.0,0
2025-08-14,0.09253934471325777,0.0,20.0,1.1280098613693212,0.5433291359469226,4,0.51512923805192,0.01607200257156863,1.3333333333333333,1e-06,0.5638637361743795,Utsuroi,1e-06,0.9803921568627452,3.0,0
2025-08-15,0.09352990446485061,1.0,0.9523809523809523,1.5533957613123885,0.3142930597038429,6,1.0651742545585374,0.33751205400260376,2.0,1e-06,0.30375269131857596,Utsuroi,1e-06,0.9803921568627452,3.0,0
2025-08-18,0.08914200671964743,0.0,20.0,1.447954148578164,0.4361637722351905,5,0.8164090051107185,0.01607200257156863,1.6666666666666667,1e-06,0.9393981151357058,Utsuroi,1e-06,0.9803921568627452,3.0,0
2025-08-19,0.08311737102528485,0.0,20.0,1.5183888388869062,0.35802274105300336,5,0.9747711048043289,0.01607200257156863,1.6666666666666667,1e-06,0.37504068595033013,Utsuroi,1e-06,0.9803921568627452,3.0,0
2025-08-20,0.11705317655661748,-0.5,1.8181818181818181,1.3862017022995858,0.3796348575433758,6,0.8599512165206976,0.17679202828716653,2.0,1e-06,0.877628031178446,Utsuroi,1e-06,0.9803921568627452,3.0,0
2025-08-21,0.12215598254513595,0.0,20.0,1.2896752168332386,0.49912754191274317,5,0.6459627959894801,0.01607200257156863,1.6666666666666667,1e-06,0.8812593431499683,Utsuroi,1e-06,0.9803921568627452,3.0,0
2025-08-22,0.12924165428304343,0.0,20.0,1.4930419628162486,0.35840070178061667,6,0.9579346755549957,0.01607200257156863,2.0,1e-06,0.14098866830573176,Utsuroi,1e-06,0.9803921568627452,3.0,0
2025-08-25,0.1278178195159948,0.0,20.0,1.5384645305652123,0.36968000419386593,6,0.9697249564537506,0.01607200257156863,2.0,1e-06,0.42601691097856054,Utsuroi,1e-06,0.9803921568627452,3.0,0
2025-08-26,0.13257267440678547,-1.5,0.6451612903225806,1.5161998750474508,0.2704770637590884,5,1.1061025847727195,0.4982320797178802,1.6666666666666667,1e-06,0.8470656036975749,Utsuroi,1e-06,0.9803921568627452,3.0,0
2025-08-27,0.13522404542964295,-1.0,0.9523809523809523,1.558167804458184,0.2986257229735304,6,1.0928588173377802,0.33751205400260376,2.0,1e-06,0.6350741472437111,Utsuroi,1e-06,0.9803921568627452,3.0,0
2025-08-28,0.15261782042245933,0.0,20.0,1.523767962386589,0.4457093548853892,7,0.8446103268762384,0.01607200257156863,2.3333333333333335,1e-06,0.630964935196097,Utsuroi,1e-06,0.9803921568627452,3.0,0
2025-08-29,0.12306094212068021,-1.0,0.9523809523809523,1.362338777378985,0.4237907690931727,5,0.7849921791480924,0.33751205400260376,1.6666666666666667,1e-06,0.7008901874629607,Utsuroi,1e-06,0.9803921568627452,3.0,0
2025-09-02,0.10766175182711676,-1.0,0.9523809523809523,1.5781525160680299,0.348872707446289,6,1.0275781750242032,0.33751205400260376,2.0,1e-06,0.04029276258882586,Utsuroi,1e-06,0.9803921568627452,3.0,0
2025-09-03,0.11137790337260543,0.0,20.0,1.3634427233433464,0.3259259112912901,5,0.9190614112441878,0.01607200257156863,1.6666666666666667,1e-06,0.8537752605588291,Utsuroi,1e-06,0.9803921568627452,3.0,0
2025-09-04,0.10629653808373263,0.0,20.0,1.3269166640568746,0.5338281984021618,5,0.6185711318535867,0.01607200257156863,1.6666666666666667,1e-06,0.5470774471273299,Utsuroi,1e-06,0.9803921568627452,3.0,0
2025-09-05,0.09524968523756562,-1.0,0.9523809523809523,1.3297181601617414,0.4212090976376164,5,0.7696287738076628,0.33751205400260376,1.6666666666666667,1e-06,0.7837218754280577,Utsuroi,1e-06,0.9803921568627452,3.0,0
2025-09-08,0.0940803508685656,-1.0,0.9523809523809523,1.5261057036530459,0.3007833201821406,6,1.0670785631593809,0.33751205400260376,2.0,1e-06,0.05563979394696439,Utsuroi,1e-06,0.9803921568627452,3.0,0
2025-09-09,0.11217575776118253,-1.0,0.9523809523809523,1.5123409387953672,0.4006398645283278,6,0.9064368699557472,0.33751205400260376,2.0,1e-06,0.41062180276886073,Utsuroi,1e-06,0.9803921568627452,3.0,0
2025-09-10,0.13292471918007293,-1.0,0.9523809523809523,1.592054529087152,0.33845523172695463,6,1.0532153445230121,0.33751205400260376,2.0,1e-06,0.3533734189980182,Utsuroi,1e-06,0.9803921568627452,3.0,0
2025-09-11,0.12089605019723657,-1.0,0.9523809523809523,1.5652322151910545,0.4042046349423907,6,0.9325580990496848,0.33751205400260376,2.0,1e-06,0.39970246948410093,Utsuroi,1e-06,0.9803921568627452,3.0,0
2025-09-12,0.13365851660414568,0.0,20.0,0.7580269565245257,0.6945977777857752,3,0.23150311702087567,0.01607200257156863,1.0,1e-06,0.9620813769038463,Utsuroi,1e-06,0.9803921568627452,3.0,0
2025-09-15,0.11617542937560241,1.0,0.9523809523809523,0.6399414798942171,0.6616402951168943,2,0.21653041027946526,0.33751205400260376,0.6666666666666666,1e-06,0.9554167193758076,Utsuroi,1e-06,0.9803921568627452,3.0,0
2025-09-16,0.11795499726944876,1.0,0.9523809523809523,0.748980224432412,0.5727093846293879,3,0.32003222099814443,0.33751205400260376,1.0,1e-06,0.11961304097990322,Utsuroi,1e-06,0.9803921568627452,3.0,0
2025-09-17,0.14062459279850584,1.0,0.9523809523809523,0.6835751581261855,0.5690704062010228,2,0.29457276522238873,0.33751205400260376,0.6666666666666666,1e-06,0.29782412026956373,Utsuroi,1e-06,0.9803921568627452,3.0,0
2025-09-18,0.14392563957781354,1.0,0.9523809523809523,0.9401867196520627,0.508820470480525,3,0.46180047061915863,0.33751205400260376,1.0,1e-06,0.10024509214410382,Utsuroi,1e-06,0.9803921568627452,3.0,0
2025-09-19,0.13605814475379693,1.0,0.9523809523809523,0.6343946065742314,0.7644890986380677,3,0.14940684561344567,0.33751205400260376,1.0,1e-06,0.7902265238026223,Utsuroi,1e-06,0.9803921568627452,3.0,0
2025-09-22,0.1159217594000203,1.0,0.9523809523809523,1.2827446712858048,0.3764532506343295,4,0.7998512700463992,0.33751205400260376,1.3333333333333333,1e-06,0.15809892403005876,Utsuroi,1e-06,0.9803921568627452,3.0,0
2025-09-23,0.12114841680059073,0.0,20.0,1.3626274345613603,0.30322115339325717,4,0.9494499722083696,0.01607200257156863,1.3333333333333333,1e-06,0.44197784114526484,Utsuroi,1e-06,0.9803921568627452,3.0,0
2025-09-24,0.11120401337792643,1.0,0.9523809523809523,1.4230288308452335,0.41616876470005076,5,0.8308086801798152,0.33751205400260376,1.6666666666666667,1e-06,0.8124958520194546,Utsuroi,1e-06,0.9803921568627452,3.0,0
2025-09-25,0.10226367835063488,0.0,20.0,1.3305517966915559,0.39898620470954194,4,0.79967998516013,0.01607200257156863,1.3333333333333333,1e-06,0.7214122203738181,Utsuroi,1e-06,0.9803921568627452,3.0,0
2025-09-26,0.12634756547800022,0.0,20.0,1.2523076469687653,0.43524029393815106,4,0.7072528986010856,0.01607200257156863,1.3333333333333333,1e-06,0.44601856690923614,Utsuroi,1e-06,0.9803921568627452,3.0,0
2025-09-29,0.119071508201943,1.5,0.6451612903225806,1.116854632716249,0.5490956691421955,4,0.5035945908303592,0.4982320797178802,1.3333333333333333,1e-06,0.8344380529118137,Utsuroi,1e-06,0.9803921568627452,3.0,0
2025-09-30,0.09930649061083842,1.0,0.9523809523809523,0.6676002023588093,0.6125359416163692,2,0.2586710837836775,0.33751205400260376,0.6666666666666666,1e-06,0.047469135119574846,Utsuroi,1e-06,0.9803921568627452,3.0,0
2025-10-01,0.09903140337922946,1.0,0.9523809523809523,0.9974979716838794,0.45006081958391075,3,0.548563217014544,0.33751205400260376,1.0,1e-06,0.11104614276307534,Utsuroi,1e-06,0.9803921568627452,3.0,0
2025-10-02,0.1225926247665378,1.5,0.6451612903225806,1.0300576420076453,0.4186948421719641,3,0.5987778201592288,0.4982320797178802,1.0,1e-06,0.3213846172412812,Utsuroi,1e-06,0.9803921568627452,3.0,0
2025-10-03,0.12699402047228137,1.0,0.9523809523809523,1.2646873918845887,0.43618309131982463,5,0.7130521357391624,0.33751205400260376,1.6666666666666667,1e-06,0.2764724993523522,Utsuroi,1e-06,0.9803921568627452,3.0,0
2025-10-06,0.14754303667347143,2.0,0.48780487804878053,1.0018098311513728,0.4734446618569163,3,0.5275083143969767,0.6589521054329959,1.0,1e-06,0.8479756529205376,Utsuroi,1e-06,0.9803921568627452,3.0,0
2025-10-07,0.1522057652492435,3.0,0.3278688524590164,1.0793746755260272,0.6074176925071217,4,0.4237434007673845,0.9803921568627452,1.3333333333333333,1e-06,0.1637571954033985,Katashi,1e-06,0.9803921568627452,3.0,0
2025-10-08,0.15364997321519064,1.5,0.6451612903225806,1.1632905889513767,0.5554104390092695,4,0.5171868522465409,0.4982320797178802,1.3333333333333333,1e-06,0.6015289723886847,Utsuroi,1e-06,0.9803921568627452,3.0,0
2025-10-09,0.18408837539272324,2.0,0.48780487804878053,0.9400288449942344,0.5802509017828101,3,0.3945762599844765,0.6589521054329959,1.0,1e-06,0.8473229651217457,Utsuroi,1e-06,0.9803921568627452,3.0,0
2025-10-10,0.1951468821034039,3.0,0.3278688524590164,2.903622897251973e-10,0.9999999997086377,1,8.460061517319587e-20,0.9803921568627452,0.3333333333333333,1e-06,0.5961757816336805,Katashi,1e-06,0.9803921568627452,3.0,0
2025-10-13,0.2113357656835918,1.0,0.9523809523809523,0.6356219724717458,0.801075355642237,3,0.12644087481992186,0.33751205400260376,1.0,1e-06,0.9953112737825641,Utsuroi,1e-06,0.9803921568627452,3.0,0
2025-10-14,0.1913644326687805,1.0,0.9523809523809523,0.7975635381120063,0.7131693592339177,3,0.22876566068833049,0.33751205400260376,1.0,1e-06,0.6879029603856356,Utsuroi,1e-06,0.9803921568627452,3.0,0
2025-10-15,0.1800858561728127,1.0,0.9523809523809523,0.41887317951552755,0.8522004158473313,2,0.061909281745101116,0.33751205400260376,0.6666666666666666,1e-06,0.3664907889612625,Utsuroi,1e-06,0.9803921568627452,3.0,0
2025-10-16,0.18034718904284125,2.0,0.48780487804878053,0.9692429021495278,0.6484038274506345,4,0.3407820946664131,0.6589521054329959,1.3333333333333333,1e-06,0.016720233218349367,Utsuroi,1e-06,0.9803921568627452,3.0,0
2025-10-17,0.16021080368906454,1.0,0.9523809523809523,0.4327101705290848,0.8740807437517998,3,0.05448654284405424,0.33751205400260376,1.0,1e-06,0.24823881189987418,Utsuroi,1e-06,0.9803921568627452,3.0,0
2025-10-20,0.19368891977587627,0.0,20.0,0.6894796224583777,0.5427964498710954,2,0.31523253112950705,0.01607200257156863,0.6666666666666666,1e-06,0.33793220958050063,Utsuroi,1e-06,0.9803921568627452,3.0,0
2025-10-21,0.1811586963760877,0.0,20.0,0.563563517741076,0.7488788384971763,2,0.1415227251557562,0.01607200257156863,0.6666666666666666,1e-06,0.828273537293259,Utsuroi,1e-06,0.9803921568627452,3.0,0
2025-10-22,0.17498298802646625,0.0,20.0,0.6316837052338995,0.6734841583319238,2,0.20625473668245567,0.01607200257156863,0.6666666666666666,1e-06,0.7537739836155435,Utsuroi,1e-06,0.9803921568627452,3.0,0
2025-10-23,0.18148880105401846,0.0,20.0,0.4115109780251983,0.8563630991594005,2,0.059108161545423546,0.01607200257156863,0.6666666666666666,1e-06,0.9273876434952848,Utsuroi,1e-06,0.9803921568627452,3.0,0
2025-10-24,0.18635784505349726,-1.0,0.9523809523809523,0.7889117204917284,0.7168671521289348,3,0.22336682214168485,0.33751205400260376,1.0,1e-06,0.5621360033989605,Utsuroi,1e-06,0.9803921568627452,3.0,0
2025-10-27,0.18342816603686168,0.0,20.0,0.7354711118617054,0.7393878213550805,3,0.19167272879268032,0.01607200257156863,1.0,1e-06,0.3492181624955698,Utsuroi,1e-06,0.9803921568627452,3.0,0
2025-10-28,0.1893975589627764,0.0,20.0,0.05052950754387672,0.9911750334586702,2,0.000445921213424584,0.01607200257156863,0.6666666666666666,1e-06,0.6487173472511397,Utsuroi,1e-06,0.9803921568627452,3.0,0
2025-10-29,0.2011162750293185,0.0,20.0,0.15400779038427181,0.96430643953215,2,0.005497086378600973,0.01607200257156863,0.6666666666666666,1e-06,0.9932292989944266,Utsuroi,1e-06,0.9803921568627452,3.0,0
2025-10-30,0.20613661700618224,0.0,20.0,0.06009418550231945,0.989100712184188,2,0.0006549838238465737,0.01607200257156863,0.6666666666666666,1e-06,0.9991932453779664,Utsuroi,1e-06,0.9803921568627452,3.0,0
2025-10-31,0.20660426529991746,1.0,0.9523809523809523,0.686570874508901,0.5572794789896929,2,0.30395901527308283,0.33751205400260376,0.6666666666666666,1e-06,0.6148445745376958,Utsuroi,1e-06,0.9803921568627452,3.0,0
2025-11-03,0.1984479288827115,1.0,0.9523809523809523,0.6723491176427024,0.601620548050524,2,0.2678500730052136,0.33751205400260376,0.6666666666666666,1e-06,0.5539741159091698,Utsuroi,1e-06,0.9803921568627452,3.0,0
2025-11-04,0.20869492826014566,0.0,20.0,0.2510441574937761,0.9310001481512687,2,0.01732200967456011,0.01607200257156863,0.6666666666666666,1e-06,0.27809917247225646,Utsuroi,1e-06,0.9803921568627452,3.0,0
2025-11-05,0.19331755201320416,0.0,20.0,7.505218668732852e-12,0.9999999999914948,1,6.383335990614983e-23,0.01607200257156863,0.3333333333333333,1e-06,0.7319263059684058,Utsuroi,1e-06,0.9803921568627452,3.0,0
2025-11-06,0.19450042710912277,0.0,20.0,0.49494315498122965,0.8039035121109465,2,0.09705661439654664,0.01607200257156863,0.6666666666666666,1e-06,0.5128289138683305,Utsuroi,1e-06,0.9803921568627452,3.0,0
2025-11-07,0.1833593942289595,1.0,0.9523809523809523,0.4221393337327352,0.8901761273018626,3,0.04636097644874046,0.33751205400260376,1.0,1e-06,0.6034541721242942,Utsuroi,1e-06,0.9803921568627452,3.0,0
2025-11-10,0.16791324617411574,1.0,0.9523809523809523,0.3085249629726988,0.9073944765534847,2,0.028571115692403524,0.33751205400260376,0.6666666666666666,1e-06,0.26239613749036894,Utsuroi,1e-06,0.9803921568627452,3.0,0
2025-11-11,0.1774175100262057,1.0,0.9523809523809523,0.6867854330133372,0.5563393532471879,2,0.3046996693911073,0.33751205400260376,0.6666666666666666,1e-06,0.5068328865941425,Utsuroi,1e-06,0.9803921568627452,3.0,0
2025-11-12,0.1540075866162823,1.0,0.9523809523809523,8.629874592667938e-12,0.9999999999903701,1,8.310441917056894e-23,0.33751205400260376,0.3333333333333333,1e-06,0.7392477990959484,Utsuroi,1e-06,0.9803921568627452,3.0,0
2025-11-13,0.17148938018503235,2.0,0.48780487804878053,0.0,0.0,0,0.0,0.6589521054329959,0.0,1e-06,0.13498861671901508,Utsuroi,1e-06,0.9803921568627452,3.0,0
2025-11-14,0.16899984073897117,2.0,0.48780487804878053,0.3469128581651396,0.8898097774998652,2,0.03822640502937443,0.6589521054329959,0.6666666666666666,1e-06,0.509339164603807,Utsuroi,1e-06,0.9803921568627452,3.0,0
2025-11-17,0.17780263215045822,1.0,0.9523809523809523,0.6917018037130533,0.5268763868700655,2,0.3272604565812125,0.33751205400260376,0.6666666666666666,1e-06,0.8957545023190541,Utsuroi,1e-06,0.9803921568627452,3.0,0
2025-11-18,0.1760695825913217,-1.0,0.9523809523809523,1.0276610672573345,0.4335890694108439,3,0.5820784614354721,0.33751205400260376,1.0,1e-06,0.09197469210738751,Utsuroi,1e-06,0.9803921568627452,3.0,0
2025-11-19,0.12230378317334842,1.0,0.9523809523809523,0.6856289381300679,0.5612347211007548,2,0.30083017226003256,0.33751205400260376,0.6666666666666666,1e-06,0.23048533686703365,Utsuroi,1e-06,0.9803921568627452,3.0,0
2025-11-20,0.15066527675223332,0.0,20.0,2.9076185899164336e-10,0.9999999997082382,1,8.483321408349088e-20,0.01607200257156863,0.3333333333333333,1e-06,0.29868273200227813,Utsuroi,1e-06,0.9803921568627452,3.0,0
2025-11-21,0.15155931025496247,1.0,0.9523809523809523,0.6835321349925602,0.5692249574635725,2,0.2944485845264352,0.33751205400260376,0.6666666666666666,1e-06,0.4792154031313033,Utsuroi,1e-06,0.9803921568627452,3.0,0
2025-11-24,0.13528790050529182,0.0,20.0,0.6736661339714884,0.7780070264271007,3,0.14954914827568985,0.01607200257156863,1.0,1e-06,0.2385067714980832,Utsuroi,1e-06,0.9803921568627452,3.0,0
2025-11-25,0.13530165486687226,0.0,20.0,0.7280809989290893,0.7447496710628823,3,0.1858429144695153,0.01607200257156863,1.0,1e-06,0.8029779846339814,Utsuroi,1e-06,0.9803921568627452,3.0,0
2025-11-26,0.16281037802776935,0.0,20.0,0.8302346874699068,0.6796478490709539,3,0.265967467906889,0.01607200257156863,1.0,1e-06,0.7236005770602814,Utsuroi,1e-06,0.9803921568627452,3.0,0
2025-11-28,0.18864106907585168,0.0,20.0,1.0598113667704752,0.529786288855201,4,0.4983378358825869,0.01607200257156863,1.3333333333333333,1e-06,0.23924320955112566,Utsuroi,1e-06,0.9803921568627452,3.0,0
2025-12-01,0.1796319622406579,0.0,20.0,0.7599732370145144,0.54579229352058,3,0.3451857009701032,0.01607200257156863,1.0,1e-06,0.3099985561224089,Utsuroi,1e-06,0.9803921568627452,3.0,0
2025-12-02,0.17450158537115057,0.0,20.0,0.9983003285357195,0.551589236409055,3,0.44764861261179323,0.01607200257156863,1.0,1e-06,0.5642980333187049,Utsuroi,1e-06,0.9803921568627452,3.0,0
2025-12-03,0.19205215074780296,-0.5,1.8181818181818181,1.2348797352507224,0.38000039405440617,4,0.7656249492456472,0.17679202828716653,1.3333333333333333,1e-06,0.542835628264407,Utsuroi,1e-06,0.9803921568627452,3.0,0
2025-12-04,0.18390956869217745,-1.0,0.9523809523809523,1.4563066932150142,0.3719485677303766,5,0.9146355044975286,0.33751205400260376,1.6666666666666667,1e-06,0.07054665386282688,Utsuroi,1e-06,0.9803921568627452,3.0,0
2025-12-05,0.17556067121284513,-0.5,1.8181818181818181,1.0744249942933668,0.42629808818337883,3,0.6163996733296667,0.17679202828716653,1.0,1e-06,0.02691510287139698,Utsuroi,1e-06,0.9803921568627452,3.0,0
2025-12-08,0.17846284150631983,1.0,0.9523809523809523,1.2370566087294592,0.41439538185766317,4,0.7244260629754692,0.33751205400260376,1.3333333333333333,1e-06,0.0838403854585662,Utsuroi,1e-06,0.9803921568627452,3.0,0
2025-12-09,0.18513370687283734,1.0,0.9523809523809523,1.0699380975322912,0.4481747731062063,3,0.5904188334330707,0.33751205400260376,1.0,1e-06,0.09867490531968004,Utsuroi,1e-06,0.9803921568627452,3.0,0
2025-12-10,0.20868117389856528,0.0,20.0,0.8130110521348319,0.6158095051737583,4,0.31235111841888447,0.01607200257156863,1.3333333333333333,1e-06,0.4111001267777753,Utsuroi,1e-06,0.9803921568627452,3.0,0
2025-12-11,0.19813157856636116,0.0,20.0,0.5993442640159994,0.7131091618160349,2,0.17194637826430173,0.01607200257156863,0.6666666666666666,1e-06,0.48097227408270604,Utsuroi,1e-06,0.9803921568627452,3.0,0
2025-12-12,0.16893106893106893,1.0,0.9523809523809523,5.220934795583411e-12,0.9999999999937791,1,3.2478979439357103e-23,0.33751205400260376,0.3333333333333333,1e-06,0.8110592777370609,Utsuroi,1e-06,0.9803921568627452,3.0,0
2025-12-15,0.1671430019256106,0.0,20.0,0.9345762673271587,0.5110926106778793,4,0.4569212429813336,0.01607200257156863,1.3333333333333333,1e-06,0.0660745510455305,Utsuroi,1e-06,0.9803921568627452,3.0,0
2025-12-16,0.1712968191229061,1.0,0.9523809523809523,0.6541904100835347,0.6386510067948905,2,0.23639104604812297,0.33751205400260376,0.6666666666666666,1e-06,0.7934518278701121,Utsuroi,1e-06,0.9803921568627452,3.0,0
2025-12-17,0.1650660933269629,1.0,0.9523809523809523,0.3175944931834778,0.9033789914263309,2,0.030686300248830893,0.33751205400260376,0.6666666666666666,1e-06,0.9430001912537195,Utsuroi,1e-06,0.9803921568627452,3.0,0
2025-12-18,0.15242583503453072,3.0,0.3278688524590164,0.9941034689924764,0.5511649148828863,3,0.4461885151204561,0.9803921568627452,1.0,1e-06,0.03748256353046708,Katashi,1e-06,0.9803921568627452,3.0,0
2025-12-19,0.1691924018010975,4.0,0.2469135802469136,0.4769954720322695,0.8162747688874064,2,0.0876361033387894,1.3018322082918516,0.6666666666666666,0.2414410214291064,0.5230930923147299,Katashi,1e-06,0.9803921568627452,3.0,0
2025-12-22,0.18346942912160305,3.0,0.3278688524590164,0.5597986656425389,0.7522959807988461,2,0.1386643794230998,0.9803921568627452,0.6666666666666666,0.2341977907862332,0.09942283303646104,Katashi,1e-06,0.9803921568627452,3.0,0
2025-12-23,0.16690917777874298,3.0,0.3278688524590164,1.011008331363378,0.5046273425287935,3,0.5008258838330066,0.9803921568627452,1.0,0.2271718570626462,0.44575204511093236,Katashi,1e-06,0.9803921568627452,3.0,0
2025-12-24,0.1825891499804544,4.0,0.2469135802469136,1.0430585130206842,0.48036026155186123,3,0.542014652892173,1.3018322082918516,1.0,0.4617967527798732,0.09983380995110158,Katashi,1e-06,0.9803921568627452,3.0,0
2025-12-26,0.18469356730226294,4.0,0.2469135802469136,0.0,0.0,0,0.0,1.3018322082918516,0.0,0.6893829016255835,1.0,Katashi,1e-06,0.9803921568627452,3.0,0
2025-12-29,0.18071855680551335,3.0,0.3278688524590164,3.938871451144111e-11,0.9999999999596113,1,1.5908586740612405e-21,0.9803921568627452,0.3333333333333333,0.668701414576816,0.24037067030086734,Katashi,1e-06,0.9803921568627452,3.0,0
2025-12-30,0.17293358815097948,3.0,0.3278688524590164,0.34015033564705865,0.8930218869168491,2,0.036388641072122765,0.9803921568627452,0.6666666666666666,0.6486403721395115,0.6475214446943319,Katashi,1e-06,0.9803921568627452,3.0,0
2025-12-31,0.1955044955044955,3.0,0.3278688524590164,0.5601388571994849,0.7519895221305561,2,0.1389203056472884,0.9803921568627452,0.6666666666666666,0.6291811609753262,0.877247833778249,Katashi,1e-06,0.9803921568627452,3.0,0
2026-01-02,0.22085378389726218,0.0,20.0,0.4733791631763451,0.8186866410575769,2,0.08582996612885652,0.01607200257156863,0.6666666666666666,0.6103057261460664,0.5372645560634903,Katashi,1e-06,0.9803921568627452,3.0,0
2026-01-05,0.25236502627806984,1.0,0.9523809523809523,0.0,0.0,0,0.0,0.33751205400260376,0.0,0.5919965543616844,0.6736225342362646,Katashi,1e-06,0.9803921568627452,3.0,0
2026-01-06,0.23872069959026476,2.0,0.48780487804878053,1.1884815353361462e-10,0.9999999998801519,1,1.4243729123611143e-20,0.6589521054329959,0.3333333333333333,0.5742366577308339,0.03273621213116684,Katashi,1e-06,0.9803921568627452,3.0,0
2026-01-07,0.2511133793742489,1.0,0.9523809523809523,0.0,0.0,0,0.0,0.33751205400260376,0.0,0.5570095579989088,0.14130154965142705,Katashi,1e-06,0.9803921568627452,3.0,0
2026-01-08,0.2489126815213772,1.0,0.9523809523809523,0.6254550940803439,0.8012903381357035,3,0.1242839702560069,0.33751205400260376,1.0,0.5402992712589415,0.14201963868064305,Katashi,1e-06,0.9803921568627452,3.0,0
2026-01-09,0.24167788733006126,0.5,1.8181818181818181,0.6908592296603266,0.5338098023416405,2,0.32207180082944964,0.17679202828716653,0.6666666666666666,0.5240902931211733,0.749167364319973,Katashi,1e-06,0.9803921568627452,3.0,0
2026-01-12,0.25027436331784164,1.0,0.9523809523809523,0.2849959343258463,0.9174324214804315,2,0.02353142418520711,0.33751205400260376,0.6666666666666666,0.508367584327538,0.708477346648428,Katashi,1e-06,0.9803921568627452,3.0,0
2026-01-13,0.2352683548335722,1.0,0.9523809523809523,0.7735707873874267,0.7061829630996405,3,0.22728827658285172,0.33751205400260376,1.0,0.4931165567977119,0.21229684138680582,Katashi,1e-06,0.9803921568627452,3.0,0
2026-01-14,0.23507579377144588,2.0,0.48780487804878053,0.400287355293072,0.8625608881512953,2,0.05501513859574673,0.6589521054329959,0.6666666666666666,0.4783230600937805,0.5589559060190931,Katashi,1e-06,0.9803921568627452,3.0,0
2026-01-15,0.22887257669866365,1.0,0.9523809523809523,5.1682769174055666e-11,0.9999999999473173,1,2.7227902554327154e-21,0.33751205400260376,0.3333333333333333,0.4639733682909671,0.017128432653924608,Katashi,1e-06,0.9803921568627452,3.0,0
2026-01-16,0.23561221387308345,1.0,0.9523809523809523,0.0,0.0,0,0.0,0.33751205400260376,0.0,0.45005416724223807,1.0,Katashi,1e-06,0.9803921568627452,3.0,0
2026-01-20,0.19954827780914736,1.0,0.9523809523809523,0.0,0.0,0,0.0,0.33751205400260376,0.0,0.4365525422249709,1.0,Katashi,1e-06,0.9803921568627452,3.0,0
2026-01-21,0.24730342121646468,1.0,0.9523809523809523,5.841949146480106e-11,0.9999999999405805,1,3.471255182234225e-21,0.33751205400260376,0.3333333333333333,0.42345596595822177,0.5214872547852984,Katashi,1e-06,0.9803921568627452,3.0,0
2026-01-22,0.24590047633525897,1.0,0.9523809523809523,0.6930978497604178,0.5049663873648664,2,0.34310673247654266,0.33751205400260376,0.6666666666666666,0.4107522869794751,0.2235158095146279,Katashi,1e-06,0.9803921568627452,3.0,0
2026-01-23,0.24485514485514484,2.0,0.48780487804878053,2.6830648813426924e-11,0.9999999999721694,1,7.467137710331482e-22,0.6589521054329959,0.3333333333333333,0.39842971837009084,0.4710277753367016,Katashi,1e-06,0.9803921568627452,3.0,0
2026-01-26,0.2307569242351851,1.0,0.9523809523809523,0.7291784079951931,0.7517646713273485,3,0.18100784176968754,0.33751205400260376,1.0,0.3864768268189881,0.6399332487353497,Katashi,1e-06,0.9803921568627452,3.0,0
2026-01-27,0.23749656140960496,1.0,0.9523809523809523,3.226974243320186e-11,0.9999999999667303,1,1.0736053052940234e-21,0.33751205400260376,0.3333333333333333,0.37488252201441846,0.5647884441735835,Katashi,1e-06,0.9803921568627452,3.0,0
2026-01-28,0.22028985507246382,1.0,0.9523809523809523,0.0,0.0,0,0.0,0.33751205400260376,0.0,0.3636360463539859,1.0,Katashi,1e-06,0.9803921568627452,3.0,0
2026-01-29,0.21751147403321314,1.5,0.6451612903225806,4.272995290015416e-10,0.9999999995717005,1,1.8301217760053202e-19,0.4982320797178802,0.3333333333333333,0.3527269649633663,0.12540697892741504,Katashi,1e-06,0.9803921568627452,3.0,0
2026-01-30,0.21588845936672021,1.0,0.9523809523809523,6.262212970195857e-11,0.9999999999363779,1,3.9841518729283624e-21,0.33751205400260376,0.3333333333333333,0.3421451560144653,0.13259183493474136,Katashi,1e-06,0.9803921568627452,3.0,0
2026-02-02,0.2387069452286844,0.0,20.0,0.6263020637412566,0.6807510194177169,2,0.19994629538597627,0.01607200257156863,0.6666666666666666,0.33188080133403136,0.12612803576040188,Katashi,1e-06,0.9803921568627452,3.0,0
2026-02-03,0.1875682288725767,0.0,20.0,0.38514452571986185,0.8706524580704217,2,0.049817497689497385,0.01607200257156863,0.6666666666666666,0.3219243772940104,0.9387541205468396,Katashi,1e-06,0.9803921568627452,3.0,0
2026-02-04,0.18481735655648704,0.0,20.0,0.5769328302228616,0.7362597770166067,2,0.1521603932894177,0.01607200257156863,0.6666666666666666,0.3122666459751901,0.8157887708706132,Katashi,1e-06,0.9803921568627452,3.0,0
2026-02-05,0.18411588411588412,2.0,0.48780487804878053,7.998679496195771e-11,0.9999999999190132,1,6.477872394065e-21,0.6589521054329959,0.3333333333333333,0.3028986465959344,0.4107629653232012,Katashi,1e-06,0.9803921568627452,3.0,0
2026-02-06,0.21145955493781585,1.0,0.9523809523809523,3.362443656780349e-11,0.9999999999653756,1,1.1642264272598076e-21,0.33751205400260376,0.3333333333333333,0.2938116871980564,0.13059780572306545,Katashi,1e-06,0.9803921568627452,3.0,0
2026-02-09,0.1770874053482749,1.0,0.9523809523809523,0.0742587928357275,0.9858598713821636,2,0.0010500288817024569,0.33751205400260376,0.6666666666666666,0.2849973365821147,0.2631569308007059,Katashi,1e-06,0.9803921568627452,3.0,0
2026-02-10,0.19381270903010034,1.0,0.9523809523809523,1.0653674733083127,0.45523301964129315,3,0.5803770214065548,0.33751205400260376,1.0,0.2764474164846512,0.18223481026811483,Katashi,1e-06,0.9803921568627452,3.0,0
2026-02-11,0.18584893367502064,0.0,20.0,5.83483261689268e-11,0.9999999999406517,1,3.462874202221783e-21,0.01607200257156863,0.3333333333333333,0.26815399399011164,0.4821973213174471,Katashi,1e-06,0.9803921568627452,3.0,0
2026-02-12,0.1751755490885926,1.0,0.9523809523809523,0.9002341885300216,0.6690735404639654,4,0.29791131276353516,0.33751205400260376,1.3333333333333333,0.2601093741704083,0.28763865545814926,Katashi,1e-06,0.9803921568627452,3.0,0
2026-02-13,0.1676106502193459,1.0,0.9523809523809523,0.79679162629734,0.6648859575215357,3,0.2670160629014915,0.33751205400260376,1.0,0.25230609294529605,0.15780817960282723,Katashi,1e-06,0.9803921568627452,3.0,0
2026-02-17,0.17179197613980227,2.0,0.48780487804878053,1.0301175980786335,0.649001379815739,4,0.3615698555531255,0.6589521054329959,1.3333333333333333,0.24473691015693716,0.05300888406865212,Katashi,1e-06,0.9803921568627452,3.0,0
2026-02-18,0.16997640041118306,1.0,0.9523809523809523,1.4008457502767548,0.3977933016264305,5,0.8435986942048103,0.33751205400260376,1.6666666666666667,0.23739480285222903,0.4329755584374585,Katashi,1e-06,0.9803921568627452,3.0,0
2026-02-19,0.16671661671661675,0.0,20.0,1.3825521375627146,0.457077755086237,5,0.7506183102358706,0.01607200257156863,1.6666666666666667,0.23027295876666215,0.6314995006006088,Katashi,1e-06,0.9803921568627452,3.0,0
2026-02-20,0.15930301582475498,1.0,0.9523809523809523,2.504896290355647e-11,0.9999999999739511,1,6.524989513296439e-22,0.33751205400260376,0.3333333333333333,0.22336477000366228,0.9000521704605803,Katashi,1e-06,0.9803921568627452,3.0,0
2026-02-23,0.13215190606494953,1.0,0.9523809523809523,0.6665908416994566,0.6147179439766072,2,0.2568254900163306,0.33751205400260376,0.6666666666666666,0.2166638269035524,0.25260806654828283,Katashi,1e-06,0.9803921568627452,3.0,0
2026-02-24,0.13798375537505975,1.0,0.9523809523809523,0.8912326913283308,0.5512659675631401,3,0.3999264394193172,0.33751205400260376,1.0,0.21016391209644583,0.10872330428903776,Katashi,1e-06,0.9803921568627452,3.0,0
2026-02-25,0.1486433855999074,1.0,0.9523809523809523,1.344613309573635e-11,0.9999999999855539,1,1.9424433087379602e-22,0.33751205400260376,0.3333333333333333,0.20385899473355246,0.663296012290117,Katashi,1e-06,0.9803921568627452,3.0,0
2026-02-26,0.15462653288740244,2.0,0.48780487804878053,1.4411916104843357e-11,0.9999999999845881,1,2.221149231032166e-22,0.6589521054329959,0.3333333333333333,0.1977432248915459,0.03960606250838483,Katashi,1e-06,0.9803921568627452,3.0,0
2026-02-27,0.1637869376999812,2.0,0.48780487804878053,4.517586304935172e-11,0.9999999999538242,1,2.0860334659834743e-21,0.6589521054329959,0.3333333333333333,0.1918109281447995,1.0,Katashi,1e-06,0.9803921568627452,3.0,0
2026-03-02,0.16847717499891418,2.0,0.48780487804878053,0.0,0.0,0,0.0,0.6589521054329959,0.0,0.1860566003004555,1.0,Katashi,1e-06,0.9803921568627452,3.0,0
2026-03-03,0.17986578638752557,2.0,0.48780487804878053,0.0,0.0,0,0.0,0.6589521054329959,0.0,0.18047490229144184,1.0,Katashi,1e-06,0.9803921568627452,3.0,0
2026-03-04,0.18188767753985152,2.0,0.48780487804878053,0.0,0.0,0,0.0,0.6589521054329959,0.0,0.17506065522269856,1.0,Katashi,1e-06,0.9803921568627452,3.0,0
2026-03-05,0.17428151558586347,1.5,0.6451612903225806,0.0,0.0,0,0.0,0.4982320797178802,0.0,0.1698088355660176,0.002819551897117467,Katashi,1e-06,0.9803921568627452,3.0,0
2026-03-06,0.1593167701863354,1.0,0.9523809523809523,0.0,0.0,0,0.0,0.33751205400260376,0.0,0.16471457049903707,0.012154285159421074,Katashi,1e-06,0.9803921568627452,3.0,0
2026-03-09,0.16624896842288145,1.0,0.9523809523809523,4.055511482106451e-11,0.9999999999584449,1,1.6852715558568864e-21,0.33751205400260376,0.3333333333333333,0.15977313338406596,0.5214872547852984,Katashi,1e-06,0.9803921568627452,3.0,0
2026-03-10,0.16729429990299557,2.0,0.48780487804878053,0.6847089219407319,0.5648633064360249,2,0.297941976347044,0.6589521054329959,0.6666666666666666,0.15497993938254398,0.04339711871635288,Katashi,1e-06,0.9803921568627452,3.0,0
2026-03-11,0.13014376927420404,1.0,0.9523809523809523,0.6450878865446061,0.6537600654657714,2,0.22335518760602835,0.33751205400260376,0.6666666666666666,0.15033054120106765,0.314731204490862,Katashi,1e-06,0.9803921568627452,3.0,0
2026-03-12,0.1295935948109861,1.0,0.9523809523809523,0.5761954490939173,0.7369767490973417,2,0.15155280017599929,0.33751205400260376,0.6666666666666666,0.14582062496503562,0.728614279561862,Katashi,1e-06,0.9803921568627452,3.0,0
2026-03-13,0.14283904501295808,0.0,20.0,0.5644915851267348,0.7480276975701793,2,0.1422362444066425,0.01607200257156863,0.6666666666666666,0.14144600621608455,0.246124367873796,Katashi,1e-06,0.9803921568627452,3.0,0
