date,mean_corr,curv,eta,entropy,dominance,h1_count,v_raw,Oh,Xi,phi,DEF,regime,phi_c,Oh_pre,Xi_c,sps
2021-02-04,0.4566603927473493,1.0,0.9523809523809523,0.0,0.0,0,0.0,0.33751205400260376,0.0,1e-06,1.0,Utsuroi,1e-06,0.9803921568627452,1.0,0
2021-02-05,0.4621437982307547,1.0,0.9523809523809523,0.0,0.0,0,0.0,0.33751205400260376,0.0,1e-06,1.0,Utsuroi,1e-06,0.9803921568627452,1.0,0
2021-02-08,0.44321412886630296,0.0,20.0,0.0,0.0,0,0.0,0.01607200257156863,0.0,1e-06,0.03871716593438601,Utsuroi,1e-06,0.9803921568627452,1.0,0
2021-02-09,0.4391373360938579,0.5,1.8181818181818181,0.0,0.0,0,0.0,0.17679202828716653,0.0,1e-06,0.5877058839380089,Utsuroi,1e-06,0.9803921568627452,1.0,0
2021-02-10,0.4352274295752556,1.0,0.9523809523809523,0.0,0.0,0,0.0,0.33751205400260376,0.0,1e-06,0.1198987318823046,Utsuroi,1e-06,0.9803921568627452,1.0,0
2021-02-11,0.41224480833176486,1.0,0.9523809523809523,0.0,0.0,0,0.0,0.33751205400260376,0.0,1e-06,1.0,Utsuroi,1e-06,0.9803921568627452,1.0,0
2021-02-12,0.4108381956208043,1.0,0.9523809523809523,0.0,0.0,0,0.0,0.33751205400260376,0.0,1e-06,1.0,Utsuroi,1e-06,0.9803921568627452,1.0,0
2021-02-16,0.3947455925716795,1.0,0.9523809523809523,3.9087622027174875e-11,0.9999999999599124,1,1.5669289531124144e-21,0.33751205400260376,1.0,1e-06,0.3086149790086915,Utsuroi,1e-06,0.9803921568627452,1.0,0
2021-02-17,0.3312334525378004,1.0,0.9523809523809523,1.646183189747755e-11,0.9999999999825382,1,2.8745337715675046e-22,0.33751205400260376,1.0,1e-06,1.0,Utsuroi,1e-06,0.9803921568627452,1.0,0
2021-02-18,0.34942405420666295,1.0,0.9523809523809523,0.49802625098092135,0.8017074601123142,2,0.09875489023774897,0.33751205400260376,2.0,1e-06,0.14008927945393745,Utsuroi,1e-06,0.9803921568627452,1.0,0
2021-02-19,0.35128364389233957,1.0,0.9523809523809523,2.7604252216963903e-11,0.9999999999713958,1,7.895983820324579e-22,0.33751205400260376,1.0,1e-06,0.5296906947966346,Utsuroi,1e-06,0.9803921568627452,1.0,0
2021-02-22,0.35669552669552673,1.0,0.9523809523809523,3.0771940550728777e-11,0.9999999999682281,1,9.776835850955743e-22,0.33751205400260376,1.0,1e-06,1.0,Utsuroi,1e-06,0.9803921568627452,1.0,0
2021-02-23,0.3423909906518602,0.0,20.0,0.9889957252234403,0.5582785677725977,3,0.4368606082124765,0.01607200257156863,3.0,1e-06,0.02228079986820375,Utsuroi,1e-06,0.9803921568627452,1.0,0
2021-02-24,0.3390771064684109,0.0,20.0,0.6787250119326116,0.5847133435843948,2,0.281865440831136,0.01607200257156863,2.0,1e-06,0.30376716720396313,Utsuroi,1e-06,0.9803921568627452,1.0,0
2021-02-25,0.40125415647154783,0.0,20.0,0.6605040138165277,0.6270558890322114,2,0.24633108222346084,0.01607200257156863,2.0,1e-06,0.46753078001036685,Utsuroi,1e-06,0.9803921568627452,1.0,0
2021-02-26,0.4079057657318528,0.0,20.0,0.5907710588602109,0.7222967096389351,2,0.1640590668955709,0.01607200257156863,2.0,1e-06,0.6135815480820974,Utsuroi,1e-06,0.9803921568627452,1.0,0
2021-03-01,0.422377188029362,1.0,0.9523809523809523,1.0040916725910778,0.45049056683122835,3,0.551757845855007,0.33751205400260376,3.0,1e-06,0.26029962497449854,Utsuroi,1e-06,0.9803921568627452,1.0,0
2021-03-02,0.4748986762030241,1.0,0.9523809523809523,0.5958247810712884,0.7169350684745146,2,0.16865710085513158,0.33751205400260376,2.0,1e-06,0.22553456321904397,Utsuroi,1e-06,0.9803921568627452,1.0,0
2021-03-03,0.5008614091222786,0.0,20.0,0.9718717386674971,0.5732660460685731,3,0.4147306697557914,0.01607200257156863,3.0,1e-06,0.07755368709328325,Utsuroi,1e-06,0.9803921568627452,1.0,0
2021-03-04,0.4620484346571304,1.0,0.9523809523809523,0.2188016542690952,0.9429394742498273,2,0.012484937427602098,0.33751205400260376,2.0,1e-06,0.8308196365655285,Utsuroi,1e-06,0.9803921568627452,1.0,0
2021-03-05,0.4652192734801431,1.0,0.9523809523809523,0.27135079280781593,0.9230119510183865,2,0.020890768127887788,0.33751205400260376,2.0,1e-06,0.8994967104711823,Utsuroi,1e-06,0.9803921568627452,1.0,0
2021-03-08,0.5189089654307046,2.0,0.48780487804878053,1.4402812276041571e-11,0.9999999999845972,1,2.218434951216545e-22,0.6589521054329959,1.0,1e-06,0.6987023368558691,Utsuroi,1e-06,0.9803921568627452,1.0,0
2021-03-09,0.579893970763536,2.0,0.48780487804878053,3.829625505525348e-11,0.9999999999607038,1,1.5048985591627941e-21,0.6589521054329959,1.0,1e-06,1.0,Utsuroi,1e-06,0.9803921568627452,1.0,0
2021-03-10,0.5830648095865487,2.0,0.48780487804878053,8.813727525544075e-12,0.9999999999901863,1,8.649532544568384e-23,0.6589521054329959,1.0,1e-06,1.0,Utsuroi,1e-06,0.9803921568627452,1.0,0
2021-03-11,0.6108632912980739,2.0,0.48780487804878053,1.0417888773807934e-11,0.9999999999885821,1,1.1895006481629548e-22,0.6589521054329959,1.0,1e-06,1.0,Utsuroi,1e-06,0.9803921568627452,1.0,0
2021-03-12,0.6142248572683355,2.0,0.48780487804878053,1.1865397553296639e-11,0.9999999999871346,1,1.5265279416904673e-22,0.6589521054329959,1.0,1e-06,1.0,Utsuroi,1e-06,0.9803921568627452,1.0,0
2021-03-15,0.6300552104899931,1.0,0.9523809523809523,1.7897905379804082e-11,0.9999999999811021,1,3.3823252643495745e-22,0.33751205400260376,1.0,1e-06,0.3021905927762979,Utsuroi,1e-06,0.9803921568627452,1.0,0
2021-03-16,0.6327969132316958,1.0,0.9523809523809523,1.3363843364348656e-10,0.9999999998653616,1,1.7992866425227216e-20,0.33751205400260376,1.0,1e-06,1.0,Utsuroi,1e-06,0.9803921568627452,1.0,0
2021-03-17,0.6419279754062364,3.0,0.3278688524590164,1.9742540935182222e-11,0.9999999999792575,1,4.0951002677780013e-22,0.9803921568627452,1.0,1e-06,0.05469849521380543,Katashi,1e-06,0.9803921568627452,1.0,0
2021-03-18,0.6800734048560136,2.0,0.48780487804878053,0.27715976581215507,0.9206578338871328,2,0.021990456178871364,0.6589521054329959,2.0,1e-06,0.9777584914677613,Utsuroi,1e-06,0.9803921568627452,1.0,0
2021-03-19,0.6862005144613841,2.0,0.48780487804878053,1.5258239116501713e-11,0.9999999999837418,1,2.4807176251635835e-22,0.6589521054329959,1.0,1e-06,0.5671903215263994,Utsuroi,1e-06,0.9803921568627452,1.0,0
2021-03-22,0.6944017817930861,1.0,0.9523809523809523,1.5594636692957606e-11,0.9999999999834054,1,2.587869853002485e-22,0.33751205400260376,1.0,1e-06,0.3021905927762979,Utsuroi,1e-06,0.9803921568627452,1.0,0
2021-03-23,0.6865104460756635,2.0,0.48780487804878053,6.952038944270184e-11,0.9999999999294796,1,4.902603399969865e-21,0.6589521054329959,1.0,1e-06,0.1126639271240617,Utsuroi,1e-06,0.9803921568627452,1.0,0
2021-03-24,0.676735679779158,1.0,0.9523809523809523,3.145661508999312e-11,0.9999999999675434,1,1.0209745521520938e-21,0.33751205400260376,1.0,1e-06,0.3021905927762979,Utsuroi,1e-06,0.9803921568627452,1.0,0
2021-03-25,0.6835064935064935,1.0,0.9523809523809523,7.350775543535396e-11,0.9999999999254923,1,5.476896238665169e-21,0.33751205400260376,1.0,1e-06,1.0,Utsuroi,1e-06,0.9803921568627452,1.0,0
2021-03-26,0.6828151075977164,1.0,0.9523809523809523,1.0539391581121662e-10,0.9999999998936061,1,1.1213269074934785e-20,0.33751205400260376,1.0,1e-06,1.0,Utsuroi,1e-06,0.9803921568627452,1.0,0
2021-03-29,0.6302697785306481,2.0,0.48780487804878053,5.256051149727768e-11,0.9999999999464395,1,2.815166717699177e-21,0.6589521054329959,1.0,1e-06,0.1126639271240617,Utsuroi,1e-06,0.9803921568627452,1.0,0
2021-03-30,0.6393054771315642,1.5,0.6451612903225806,0.6330077410487838,0.671644728347356,2,0.2078514287702999,0.4982320797178802,2.0,1e-06,0.25178498572278407,Utsuroi,1e-06,0.9803921568627452,1.0,0
2021-03-31,0.6473398582094235,2.0,0.48780487804878053,0.0,0.0,0,0.0,0.6589521054329959,0.0,1e-06,0.8405974656995641,Utsuroi,1e-06,0.9803921568627452,1.0,0
2021-04-01,0.6415942028985506,2.0,0.48780487804878053,0.3936805549792921,0.8661285010664505,2,0.0527026059960695,0.6589521054329959,2.0,1e-06,0.2810520971195113,Utsuroi,1e-06,0.9803921568627452,1.0,0
2021-04-05,0.6099096555618295,2.0,0.48780487804878053,7.093559073209074e-11,0.9999999999280644,1,5.102792054208983e-21,0.6589521054329959,1.0,1e-06,0.6141533974774365,Utsuroi,1e-06,0.9803921568627452,1.0,0
2021-04-06,0.6001348892653241,2.0,0.48780487804878053,0.0,0.0,0,0.0,0.6589521054329959,0.0,1e-06,1.0,Utsuroi,1e-06,0.9803921568627452,1.0,0
2021-04-07,0.6047838634795155,2.0,0.48780487804878053,0.0,0.0,0,0.0,0.6589521054329959,0.0,1e-06,1.0,Utsuroi,1e-06,0.9803921568627452,1.0,0
2021-04-08,0.5590093481397829,2.0,0.48780487804878053,1.742515021010066e-10,0.9999999998247485,1,3.053783363449097e-20,0.6589521054329959,1.0,1e-06,0.554905640002036,Utsuroi,1e-06,0.9803921568627452,1.0,0
2021-04-09,0.49480582219712677,2.0,0.48780487804878053,5.413147707703691e-11,0.9999999999448685,1,2.984347090219662e-21,0.6589521054329959,1.0,1e-06,1.0,Utsuroi,1e-06,0.9803921568627452,1.0,0
2021-04-12,0.4733728590250329,1.0,0.9523809523809523,5.0736637112519506e-11,0.9999999999482634,1,2.6249418602862024e-21,0.33751205400260376,1.0,1e-06,0.3021905927762979,Utsuroi,1e-06,0.9803921568627452,1.0,0
2021-04-13,0.45575443879791705,2.0,0.48780487804878053,7.317202399273226e-11,0.999999999925828,1,5.427315500695923e-21,0.6589521054329959,1.0,1e-06,0.1126639271240617,Utsuroi,1e-06,0.9803921568627452,1.0,0
2021-04-14,0.4621914800175671,2.0,0.48780487804878053,8.952860674628034e-11,0.9999999999094714,1,8.10489805251643e-21,0.6589521054329959,1.0,1e-06,1.0,Utsuroi,1e-06,0.9803921568627452,1.0,0
2021-04-15,0.486699918439049,2.0,0.48780487804878053,2.0454316016601932e-10,0.9999999997944569,1,4.2042443010341975e-20,0.6589521054329959,1.0,1e-06,1.0,Utsuroi,1e-06,0.9803921568627452,1.0,0
2021-04-16,0.5077752682100509,1.0,0.9523809523809523,6.149591946584983e-11,0.9999999999375041,1,3.843242670140681e-21,0.33751205400260376,1.0,1e-06,0.3021905927762979,Utsuroi,1e-06,0.9803921568627452,1.0,0
2021-04-19,0.5338810464897422,2.0,0.48780487804878053,4.061000423997842e-10,0.9999999995929,1,1.6532333552952617e-19,0.6589521054329959,1.0,1e-06,0.1126639271240617,Utsuroi,1e-06,0.9803921568627452,1.0,0
2021-04-20,0.4711556559382647,1.0,0.9523809523809523,7.389555633782655e-11,0.9999999999251045,1,5.534447168325124e-21,0.33751205400260376,1.0,1e-06,0.3021905927762979,Utsuroi,1e-06,0.9803921568627452,1.0,0
2021-04-21,0.47711587928979227,2.0,0.48780487804878053,0.0,0.0,0,0.0,0.6589521054329959,0.0,1e-06,0.30489283168892733,Utsuroi,1e-06,0.9803921568627452,1.0,0
2021-04-22,0.48157412635673513,1.5,0.6451612903225806,4.0375702780292514e-11,0.9999999999586243,1,1.670572184637357e-21,0.4982320797178802,1.0,1e-06,0.8726234300785367,Utsuroi,1e-06,0.9803921568627452,1.0,0
2021-04-23,0.491038961038961,2.0,0.48780487804878053,7.710854177084595e-11,0.9999999999218915,1,6.02283405025874e-21,0.6589521054329959,1.0,1e-06,0.10957158470543027,Utsuroi,1e-06,0.9803921568627452,1.0,0
2021-04-26,0.46536231884057977,2.0,0.48780487804878053,1.7550516595405378e-11,0.9999999999814495,1,3.255707611163998e-22,0.6589521054329959,1.0,1e-06,1.0,Utsuroi,1e-06,0.9803921568627452,1.0,0
2021-04-27,0.48329067068197495,1.5,0.6451612903225806,2.727107428728337e-11,0.999999999971729,1,7.709819637976233e-22,0.4982320797178802,1.0,1e-06,0.17208219089896304,Utsuroi,1e-06,0.9803921568627452,1.0,0
2021-04-28,0.48979923458184327,1.5,0.6451612903225806,0.0,0.0,0,0.0,0.4982320797178802,0.0,1e-06,1.0,Utsuroi,1e-06,0.9803921568627452,1.0,0
2021-04-29,0.4834337160424117,2.0,0.48780487804878053,0.0,0.0,0,0.0,0.6589521054329959,0.0,1e-06,0.005645283121509914,Utsuroi,1e-06,0.9803921568627452,1.0,0
2021-04-30,0.4811688311688313,2.0,0.48780487804878053,0.0,0.0,0,0.0,0.6589521054329959,0.0,1e-06,1.0,Utsuroi,1e-06,0.9803921568627452,1.0,0
2021-05-03,0.4841966246314072,2.0,0.48780487804878053,0.0,0.0,0,0.0,0.6589521054329959,0.0,1e-06,1.0,Utsuroi,1e-06,0.9803921568627452,1.0,0
2021-05-04,0.47406424493381016,1.0,0.9523809523809523,0.0,0.0,0,0.0,0.33751205400260376,0.0,1e-06,0.03415579322857831,Utsuroi,1e-06,0.9803921568627452,1.0,0
2021-05-05,0.46347888826149697,0.0,20.0,0.0,0.0,0,0.0,0.01607200257156863,0.0,1e-06,0.03871716593438601,Utsuroi,1e-06,0.9803921568627452,1.0,0
2021-05-06,0.46335968379446646,0.0,20.0,0.0,0.0,0,0.0,0.01607200257156863,0.0,1e-06,1.0,Utsuroi,1e-06,0.9803921568627452,1.0,0
2021-05-07,0.46653052261747924,2.0,0.48780487804878053,4.693623267711453e-11,0.9999999999520638,1,2.2499451323410487e-21,0.6589521054329959,1.0,1e-06,0.5226718345295918,Utsuroi,1e-06,0.9803921568627452,1.0,0
2021-05-10,0.5126626513583036,2.0,0.48780487804878053,3.210276489030378e-11,0.9999999999668973,1,1.0626895683416178e-21,0.6589521054329959,1.0,1e-06,1.0,Utsuroi,1e-06,0.9803921568627452,1.0,0
2021-05-11,0.5111845159671247,1.0,0.9523809523809523,7.482150451956248e-10,0.999999999250785,1,5.605739525604775e-19,0.33751205400260376,1.0,1e-06,0.3021905927762979,Utsuroi,1e-06,0.9803921568627452,1.0,0
2021-05-12,0.5798939707635361,1.5,0.6451612903225806,4.2891135087078495e-11,0.9999999999561089,1,1.8825396553607004e-21,0.4982320797178802,1.0,1e-06,0.18013626548573736,Utsuroi,1e-06,0.9803921568627452,1.0,0
2021-05-13,0.5588901436727524,1.0,0.9523809523809523,0.0,0.0,0,0.0,0.33751205400260376,0.0,1e-06,0.5759416055256603,Utsuroi,1e-06,0.9803921568627452,1.0,0
2021-05-14,0.5792979484283832,2.0,0.48780487804878053,0.0,0.0,0,0.0,0.6589521054329959,0.0,1e-06,0.00909854810873778,Utsuroi,1e-06,0.9803921568627452,1.0,0
2021-05-17,0.5279923458184328,2.0,0.48780487804878053,0.0,0.0,0,0.0,0.6589521054329959,0.0,1e-06,1.0,Utsuroi,1e-06,0.9803921568627452,1.0,0
2021-05-18,0.5371949306731915,2.0,0.48780487804878053,7.568737855804541e-10,0.9999999992421262,1,5.736147845584811e-19,0.6589521054329959,1.0,1e-06,0.554905640002036,Utsuroi,1e-06,0.9803921568627452,1.0,0
2021-05-19,0.5323790702051573,2.0,0.48780487804878053,0.0,0.0,0,0.0,0.6589521054329959,0.0,1e-06,1.0,Utsuroi,1e-06,0.9803921568627452,1.0,0
2021-05-20,0.5752688374427506,1.0,0.9523809523809523,0.0,0.0,0,0.0,0.33751205400260376,0.0,1e-06,0.03415579322857831,Utsuroi,1e-06,0.9803921568627452,1.0,0
2021-05-21,0.5625139594704812,2.0,0.48780487804878053,0.0,0.0,0,0.0,0.6589521054329959,0.0,1e-06,0.00909854810873778,Utsuroi,1e-06,0.9803921568627452,1.0,0
2021-05-24,0.5860210803689063,1.0,0.9523809523809523,2.1492030377348723e-11,0.999999999977508,1,4.833989246829737e-22,0.33751205400260376,1.0,1e-06,0.9967701255613131,Utsuroi,1e-06,0.9803921568627452,1.0,0
2021-05-25,0.5705006587615284,2.0,0.48780487804878053,0.655810569020389,0.6357747605015238,2,0.23886276156708314,0.6589521054329959,2.0,1e-06,0.056815823837869206,Utsuroi,1e-06,0.9803921568627452,1.0,0
2021-05-26,0.5678543195934499,2.0,0.48780487804878053,5.393829827076276e-11,0.9999999999450617,1,2.963277125489965e-21,0.6589521054329959,1.0,1e-06,0.8405565063889553,Utsuroi,1e-06,0.9803921568627452,1.0,0
2021-05-27,0.5632053453792584,2.0,0.48780487804878053,6.8413497087228e-11,0.9999999999305865,1,4.748818567531929e-21,0.6589521054329959,1.0,1e-06,1.0,Utsuroi,1e-06,0.9803921568627452,1.0,0
2021-05-28,0.5755310872702177,2.0,0.48780487804878053,0.0,0.0,0,0.0,0.6589521054329959,0.0,1e-06,1.0,Utsuroi,1e-06,0.9803921568627452,1.0,0
2021-06-01,0.5826595143986449,1.0,0.9523809523809523,4.686839805031318e-11,0.9999999999521316,1,2.2435140970970023e-21,0.33751205400260376,1.0,1e-06,0.9967701255613131,Utsuroi,1e-06,0.9803921568627452,1.0,0
2021-06-02,0.5926965305226175,2.0,0.48780487804878053,0.0,0.0,0,0.0,0.6589521054329959,0.0,1e-06,0.30489283168892733,Utsuroi,1e-06,0.9803921568627452,1.0,0
2021-06-03,0.6116738816738816,2.0,0.48780487804878053,0.0,0.0,0,0.0,0.6589521054329959,0.0,1e-06,1.0,Utsuroi,1e-06,0.9803921568627452,1.0,0
2021-06-04,0.6379227053140097,2.0,0.48780487804878053,0.0,0.0,0,0.0,0.6589521054329959,0.0,1e-06,1.0,Utsuroi,1e-06,0.9803921568627452,1.0,0
2021-06-07,0.6380895915678525,2.5,0.3921568627450981,0.0,0.0,0,0.0,0.8196721311479509,0.0,1e-06,0.002204912230265643,Katashi,1e-06,0.9803921568627452,1.0,0
2021-06-08,0.6152023338979862,2.0,0.48780487804878053,0.0,0.0,0,0.0,0.6589521054329959,0.0,1e-06,0.0034095401927766167,Utsuroi,1e-06,0.9803921568627452,1.0,0
2021-06-09,0.6055229311751051,2.0,0.48780487804878053,0.0,0.0,0,0.0,0.6589521054329959,0.0,1e-06,1.0,Utsuroi,1e-06,0.9803921568627452,1.0,0
2021-06-10,0.5590808708200015,2.0,0.48780487804878053,0.0,0.0,0,0.0,0.6589521054329959,0.0,1e-06,1.0,Utsuroi,1e-06,0.9803921568627452,1.0,0
2021-06-11,0.5649695714913107,2.0,0.48780487804878053,2.250011288368518e-11,0.9999999999764999,1,5.287546949272628e-22,0.6589521054329959,1.0,1e-06,0.554905640002036,Utsuroi,1e-06,0.9803921568627452,1.0,0
2021-06-14,0.49854884246188597,2.0,0.48780487804878053,7.192313411242328e-11,0.9999999999270769,1,5.244858763793804e-21,0.6589521054329959,1.0,1e-06,1.0,Utsuroi,1e-06,0.9803921568627452,1.0,0
2021-06-15,0.5232003262438046,2.0,0.48780487804878053,0.0,0.0,0,0.0,0.6589521054329959,0.0,1e-06,1.0,Utsuroi,1e-06,0.9803921568627452,1.0,0
2021-06-16,0.45968818620992524,1.0,0.9523809523809523,0.0,0.0,0,0.0,0.33751205400260376,0.0,1e-06,0.03415579322857831,Utsuroi,1e-06,0.9803921568627452,1.0,0
2021-06-17,0.5036269527573876,2.0,0.48780487804878053,4.07813671637594e-10,0.9999999995911864,1,1.6671979545871148e-19,0.6589521054329959,1.0,1e-06,0.06033321480977483,Utsuroi,1e-06,0.9803921568627452,1.0,0
2021-06-18,0.46238220716481593,2.0,0.48780487804878053,0.0,0.0,0,0.0,0.6589521054329959,0.0,1e-06,1.0,Utsuroi,1e-06,0.9803921568627452,1.0,0
2021-06-21,0.44144990275425045,1.5,0.6451612903225806,0.0,0.0,0,0.0,0.4982320797178802,0.0,1e-06,0.009853204579840735,Utsuroi,1e-06,0.9803921568627452,1.0,0
2021-06-22,0.4198738942217203,2.0,0.48780487804878053,0.0,0.0,0,0.0,0.6589521054329959,0.0,1e-06,0.005645283121509914,Utsuroi,1e-06,0.9803921568627452,1.0,0
2021-06-23,0.40611769872639436,2.0,0.48780487804878053,0.0,0.0,0,0.0,0.6589521054329959,0.0,1e-06,1.0,Utsuroi,1e-06,0.9803921568627452,1.0,0
2021-06-24,0.3490902816989774,2.0,0.48780487804878053,0.0,0.0,0,0.0,0.6589521054329959,0.0,1e-06,1.0,Utsuroi,1e-06,0.9803921568627452,1.0,0
2021-06-25,0.36251270468661784,1.0,0.9523809523809523,0.0,0.0,0,0.0,0.33751205400260376,0.0,1e-06,0.03415579322857831,Utsuroi,1e-06,0.9803921568627452,1.0,0
2021-06-28,0.40099190664408063,1.0,0.9523809523809523,0.0,0.0,0,0.0,0.33751205400260376,0.0,1e-06,1.0,Utsuroi,1e-06,0.9803921568627452,1.0,0
2021-06-29,0.4013495200451723,2.0,0.48780487804878053,7.148193148246932e-11,0.9999999999275181,1,5.181146878831359e-21,0.6589521054329959,1.0,1e-06,0.06033321480977483,Utsuroi,1e-06,0.9803921568627452,1.0,0
2021-06-30,0.40959846916368664,1.5,0.6451612903225806,3.973965600951088e-11,0.9999999999592604,1,1.6189790366871756e-21,0.4982320797178802,1.0,1e-06,0.17208219089896304,Utsuroi,1e-06,0.9803921568627452,1.0,0
2021-07-01,0.4036859275989711,2.0,0.48780487804878053,5.097555710740645e-11,0.9999999999480245,1,2.6494818519196838e-21,0.6589521054329959,1.0,1e-06,0.10957158470543027,Utsuroi,1e-06,0.9803921568627452,1.0,0
2021-07-02,0.4282658887006713,2.0,0.48780487804878053,3.881894805522633e-11,0.9999999999601811,1,1.545728817458437e-21,0.6589521054329959,1.0,1e-06,1.0,Utsuroi,1e-06,0.9803921568627452,1.0,0
2021-07-06,0.38568605307735737,1.0,0.9523809523809523,0.0,0.0,0,0.0,0.33751205400260376,0.0,1e-06,0.32247023120497953,Utsuroi,1e-06,0.9803921568627452,1.0,0
2021-07-07,0.32584541062801936,2.0,0.48780487804878053,0.0,0.0,0,0.0,0.6589521054329959,0.0,1e-06,0.00909854810873778,Utsuroi,1e-06,0.9803921568627452,1.0,0
2021-07-08,0.3504015308363135,2.0,0.48780487804878053,3.217570654301924e-11,0.9999999999668243,1,1.067451086321226e-21,0.6589521054329959,1.0,1e-06,0.554905640002036,Utsuroi,1e-06,0.9803921568627452,1.0,0
2021-07-09,0.33945856076290865,2.0,0.48780487804878053,1.7747248115365285e-11,0.9999999999812528,1,3.3271167118715605e-22,0.6589521054329959,1.0,1e-06,1.0,Utsuroi,1e-06,0.9803921568627452,1.0,0
2021-07-12,0.3268228872576699,2.0,0.48780487804878053,0.0,0.0,0,0.0,0.6589521054329959,0.0,1e-06,1.0,Utsuroi,1e-06,0.9803921568627452,1.0,0
2021-07-13,0.32672752368404545,1.0,0.9523809523809523,3.8456349215398124e-11,0.9999999999605437,1,1.517346293501371e-21,0.33751205400260376,1.0,1e-06,0.9967701255613131,Utsuroi,1e-06,0.9803921568627452,1.0,0
2021-07-14,0.3132574189095928,1.0,0.9523809523809523,0.6778655370911542,0.5871884181733905,2,0.2798307446323436,0.33751205400260376,2.0,1e-06,0.07178079727057063,Utsuroi,1e-06,0.9803921568627452,1.0,0
2021-07-15,0.32160173160173167,1.0,0.9523809523809523,0.6333142418346288,0.6712158527211716,2,0.20822368296113616,0.33751205400260376,2.0,1e-06,0.2904872215685438,Utsuroi,1e-06,0.9803921568627452,1.0,0
2021-07-16,0.3314480205784554,1.0,0.9523809523809523,3.061328968051486e-11,0.9999999999683867,1,9.677861175402885e-22,0.33751205400260376,1.0,1e-06,0.7214757737741817,Utsuroi,1e-06,0.9803921568627452,1.0,0
2021-07-19,0.3116600790513834,1.0,0.9523809523809523,0.0,0.0,0,0.0,0.33751205400260376,0.0,1e-06,1.0,Utsuroi,1e-06,0.9803921568627452,1.0,0
2021-07-20,0.28688939080243436,2.0,0.48780487804878053,0.0,0.0,0,0.0,0.6589521054329959,0.0,1e-06,0.00909854810873778,Utsuroi,1e-06,0.9803921568627452,1.0,0
2021-07-21,0.28438609699479267,1.0,0.9523809523809523,0.0,0.0,0,0.0,0.33751205400260376,0.0,1e-06,0.03415579322857831,Utsuroi,1e-06,0.9803921568627452,1.0,0
2021-07-22,0.30503231068448466,1.0,0.9523809523809523,0.0,0.0,0,0.0,0.33751205400260376,0.0,1e-06,1.0,Utsuroi,1e-06,0.9803921568627452,1.0,0
2021-07-23,0.2815013488926533,2.0,0.48780487804878053,0.0,0.0,0,0.0,0.6589521054329959,0.0,1e-06,0.00909854810873778,Utsuroi,1e-06,0.9803921568627452,1.0,0
2021-07-26,0.2774722379070206,2.0,0.48780487804878053,0.0,0.0,0,0.0,0.6589521054329959,0.0,1e-06,1.0,Utsuroi,1e-06,0.9803921568627452,1.0,0
2021-07-27,0.3026243804504674,2.0,0.48780487804878053,3.528132230186361e-10,0.9999999996461868,1,1.248299757770642e-19,0.6589521054329959,1.0,1e-06,0.554905640002036,Utsuroi,1e-06,0.9803921568627452,1.0,0
2021-07-28,0.2730139908400778,1.0,0.9523809523809523,0.0,0.0,0,0.0,0.33751205400260376,0.0,1e-06,0.32247023120497953,Utsuroi,1e-06,0.9803921568627452,1.0,0
2021-07-29,0.23713344626388108,3.0,0.3278688524590164,0.0,0.0,0,0.0,0.9803921568627452,0.0,1e-06,0.003258211101229813,Katashi,1e-06,0.9803921568627452,1.0,0
2021-07-30,0.24719430328125983,3.0,0.3278688524590164,0.0,0.0,0,0.0,0.9803921568627452,0.0,1e-06,1.0,Katashi,1e-06,0.9803921568627452,1.0,0
2021-08-02,0.24183010226488494,2.0,0.48780487804878053,0.0,0.0,0,0.0,0.6589521054329959,0.0,1e-06,0.002930043307809771,Utsuroi,1e-06,0.9803921568627452,1.0,0
2021-08-03,0.24810025723069198,2.0,0.48780487804878053,0.0,0.0,0,0.0,0.6589521054329959,0.0,1e-06,1.0,Utsuroi,1e-06,0.9803921568627452,1.0,0
2021-08-04,0.212577326055587,1.5,0.6451612903225806,3.7080005731823677e-11,0.99999999996192,1,1.4120060105572574e-21,0.4982320797178802,1.0,1e-06,0.8726234300785367,Utsuroi,1e-06,0.9803921568627452,1.0,0
2021-08-05,0.21457996110170025,1.0,0.9523809523809523,7.18093362524075e-11,0.9999999999271907,1,5.228388520907996e-21,0.33751205400260376,1.0,1e-06,0.30781824346055553,Utsuroi,1e-06,0.9803921568627452,1.0,0
2021-08-06,0.24576384967689321,1.0,0.9523809523809523,6.46287467965364e-11,0.9999999999343713,1,4.241502229727452e-21,0.33751205400260376,1.0,1e-06,1.0,Utsuroi,1e-06,0.9803921568627452,1.0,0
2021-08-09,0.25162870945479643,1.5,0.6451612903225806,2.3310242624734793e-11,0.9999999999756898,1,5.666771381929507e-22,0.4982320797178802,1.0,1e-06,0.18013626548573736,Utsuroi,1e-06,0.9803921568627452,1.0,0
2021-08-10,0.2614988393249263,1.5,0.6451612903225806,0.0,0.0,0,0.0,0.4982320797178802,0.0,1e-06,1.0,Utsuroi,1e-06,0.9803921568627452,1.0,0
2021-08-11,0.26009222661396575,1.0,0.9523809523809523,0.0,0.0,0,0.0,0.33751205400260376,0.0,1e-06,0.041945074592308895,Utsuroi,1e-06,0.9803921568627452,1.0,0
2021-08-12,0.27525503482025226,2.0,0.48780487804878053,3.2124303216980794e-11,0.9999999999668757,1,1.0640944497662661e-21,0.6589521054329959,1.0,1e-06,0.06033321480977483,Utsuroi,1e-06,0.9803921568627452,1.0,0
2021-08-13,0.29253968253968254,2.0,0.48780487804878053,0.0,0.0,0,0.0,0.6589521054329959,0.0,1e-06,1.0,Utsuroi,1e-06,0.9803921568627452,1.0,0
2021-08-16,0.2758987389422172,2.0,0.48780487804878053,1.0635781144109317e-10,0.9999999998926422,1,1.1418339513775357e-20,0.6589521054329959,1.0,1e-06,0.554905640002036,Utsuroi,1e-06,0.9803921568627452,1.0,0
2021-08-17,0.28762845849802376,2.0,0.48780487804878053,1.9403945115444696e-10,0.9999999998049606,1,3.7845343766677593e-20,0.6589521054329959,1.0,1e-06,1.0,Utsuroi,1e-06,0.9803921568627452,1.0,0
2021-08-18,0.3060574691009474,1.0,0.9523809523809523,0.0,0.0,0,0.0,0.33751205400260376,0.0,1e-06,0.32247023120497953,Utsuroi,1e-06,0.9803921568627452,1.0,0
2021-08-19,0.2998826777087647,1.0,0.9523809523809523,0.0,0.0,0,0.0,0.33751205400260376,0.0,1e-06,1.0,Utsuroi,1e-06,0.9803921568627452,1.0,0
2021-08-20,0.33798042537172973,1.0,0.9523809523809523,0.0,0.0,0,0.0,0.33751205400260376,0.0,1e-06,1.0,Utsuroi,1e-06,0.9803921568627452,1.0,0
2021-08-23,0.3491379634857896,1.5,0.6451612903225806,0.0,0.0,0,0.0,0.4982320797178802,0.0,1e-06,0.01948546040826471,Utsuroi,1e-06,0.9803921568627452,1.0,0
2021-08-24,0.34282012673317025,1.0,0.9523809523809523,0.0,0.0,0,0.0,0.33751205400260376,0.0,1e-06,0.041945074592308895,Utsuroi,1e-06,0.9803921568627452,1.0,0
2021-08-25,0.3452042160737813,2.0,0.48780487804878053,0.0,0.0,0,0.0,0.6589521054329959,0.0,1e-06,0.00909854810873778,Utsuroi,1e-06,0.9803921568627452,1.0,0
2021-08-26,0.32799109103456936,1.0,0.9523809523809523,0.0,0.0,0,0.0,0.33751205400260376,0.0,1e-06,0.03415579322857831,Utsuroi,1e-06,0.9803921568627452,1.0,0
2021-08-27,0.38666352970700807,0.5,1.8181818181818181,0.0,0.0,0,0.0,0.17679202828716653,0.0,1e-06,0.36954395654469974,Utsuroi,1e-06,0.9803921568627452,1.0,0
2021-08-30,0.41408055712403535,1.0,0.9523809523809523,0.0,0.0,0,0.0,0.33751205400260376,0.0,1e-06,0.1198987318823046,Utsuroi,1e-06,0.9803921568627452,1.0,0
2021-08-31,0.419134826526131,2.0,0.48780487804878053,0.0,0.0,0,0.0,0.6589521054329959,0.0,1e-06,0.00909854810873778,Utsuroi,1e-06,0.9803921568627452,1.0,0
2021-09-01,0.4344883618796663,2.0,0.48780487804878053,0.0,0.0,0,0.0,0.6589521054329959,0.0,1e-06,1.0,Utsuroi,1e-06,0.9803921568627452,1.0,0
2021-09-02,0.430769182508313,2.0,0.48780487804878053,0.0,0.0,0,0.0,0.6589521054329959,0.0,1e-06,1.0,Utsuroi,1e-06,0.9803921568627452,1.0,0
2021-09-03,0.438732040905954,1.0,0.9523809523809523,0.0,0.0,0,0.0,0.33751205400260376,0.0,1e-06,0.03415579322857831,Utsuroi,1e-06,0.9803921568627452,1.0,0
2021-09-07,0.41670305539870767,2.5,0.3921568627450981,0.0,0.0,0,0.0,0.8196721311479509,0.0,1e-06,0.005135657231528978,Katashi,1e-06,0.9803921568627452,1.0,0
2021-09-08,0.3879747788443441,3.0,0.3278688524590164,0.0,0.0,0,0.0,0.9803921568627452,0.0,1e-06,0.0010325306389251665,Katashi,1e-06,0.9803921568627452,1.0,0
2021-09-09,0.39202773072338293,2.0,0.48780487804878053,0.0,0.0,0,0.0,0.6589521054329959,0.0,1e-06,0.002930043307809771,Utsuroi,1e-06,0.9803921568627452,1.0,0
2021-09-10,0.3923376623376623,2.0,0.48780487804878053,0.0,0.0,0,0.0,0.6589521054329959,0.0,1e-06,1.0,Utsuroi,1e-06,0.9803921568627452,1.0,0
2021-09-13,0.38370725892465024,2.0,0.48780487804878053,0.0,0.0,0,0.0,0.6589521054329959,0.0,1e-06,1.0,Utsuroi,1e-06,0.9803921568627452,1.0,0
2021-09-14,0.3688067005458309,2.0,0.48780487804878053,0.0,0.0,0,0.0,0.6589521054329959,0.0,1e-06,1.0,Utsuroi,1e-06,0.9803921568627452,1.0,0
2021-09-15,0.3702371541501976,1.5,0.6451612903225806,0.0,0.0,0,0.0,0.4982320797178802,0.0,1e-06,0.009853204579840735,Utsuroi,1e-06,0.9803921568627452,1.0,0
2021-09-16,0.3888330510069641,1.0,0.9523809523809523,0.0,0.0,0,0.0,0.33751205400260376,0.0,1e-06,0.041945074592308895,Utsuroi,1e-06,0.9803921568627452,1.0,0
2021-09-17,0.3944833427442123,1.0,0.9523809523809523,0.0,0.0,0,0.0,0.33751205400260376,0.0,1e-06,1.0,Utsuroi,1e-06,0.9803921568627452,1.0,0
2021-09-20,0.4220434155216764,1.0,0.9523809523809523,0.0,0.0,0,0.0,0.33751205400260376,0.0,1e-06,1.0,Utsuroi,1e-06,0.9803921568627452,1.0,0
2021-09-21,0.4374923144488362,2.0,0.48780487804878053,0.0,0.0,0,0.0,0.6589521054329959,0.0,1e-06,0.00909854810873778,Utsuroi,1e-06,0.9803921568627452,1.0,0
2021-09-22,0.41882489491185154,1.0,0.9523809523809523,0.0,0.0,0,0.0,0.33751205400260376,0.0,1e-06,0.03415579322857831,Utsuroi,1e-06,0.9803921568627452,1.0,0
2021-09-23,0.3871641884685364,2.0,0.48780487804878053,0.0,0.0,0,0.0,0.6589521054329959,0.0,1e-06,0.00909854810873778,Utsuroi,1e-06,0.9803921568627452,1.0,0
2021-09-24,0.38358805445761973,3.0,0.3278688524590164,0.0,0.0,0,0.0,0.9803921568627452,0.0,1e-06,0.0013248229092196473,Katashi,1e-06,0.9803921568627452,1.0,0
2021-09-27,0.3913125039211995,2.0,0.48780487804878053,0.0,0.0,0,0.0,0.6589521054329959,0.0,1e-06,0.002930043307809771,Utsuroi,1e-06,0.9803921568627452,1.0,0
2021-09-28,0.45050944224857276,2.0,0.48780487804878053,0.0,0.0,0,0.0,0.6589521054329959,0.0,1e-06,1.0,Utsuroi,1e-06,0.9803921568627452,1.0,0
2021-09-29,0.4090978104021582,2.5,0.3921568627450981,0.0,0.0,0,0.0,0.8196721311479509,0.0,1e-06,0.002204912230265643,Katashi,1e-06,0.9803921568627452,1.0,0
2021-09-30,0.3742185833490182,2.5,0.3921568627450981,0.0,0.0,0,0.0,0.8196721311479509,0.0,1e-06,1.0,Katashi,1e-06,0.9803921568627452,1.0,0
2021-10-01,0.39300520735303346,2.0,0.48780487804878053,0.0,0.0,0,0.0,0.6589521054329959,0.0,1e-06,0.0034095401927766167,Utsuroi,1e-06,0.9803921568627452,1.0,0
2021-10-04,0.4207560072777466,2.0,0.48780487804878053,0.0,0.0,0,0.0,0.6589521054329959,0.0,1e-06,1.0,Utsuroi,1e-06,0.9803921568627452,1.0,0
2021-10-05,0.4248804818370036,1.0,0.9523809523809523,0.0,0.0,0,0.0,0.33751205400260376,0.0,1e-06,0.03415579322857831,Utsuroi,1e-06,0.9803921568627452,1.0,0
2021-10-06,0.4416406299014996,2.0,0.48780487804878053,0.0,0.0,0,0.0,0.6589521054329959,0.0,1e-06,0.00909854810873778,Utsuroi,1e-06,0.9803921568627452,1.0,0
2021-10-07,0.4425227429575257,2.0,0.48780487804878053,0.0,0.0,0,0.0,0.6589521054329959,0.0,1e-06,1.0,Utsuroi,1e-06,0.9803921568627452,1.0,0
2021-10-08,0.44946044293870396,2.0,0.48780487804878053,0.0,0.0,0,0.0,0.6589521054329959,0.0,1e-06,1.0,Utsuroi,1e-06,0.9803921568627452,1.0,0
2021-10-11,0.46128552606813483,2.0,0.48780487804878053,0.0,0.0,0,0.0,0.6589521054329959,0.0,1e-06,1.0,Utsuroi,1e-06,0.9803921568627452,1.0,0
2021-10-12,0.4519875776397517,2.0,0.48780487804878053,0.0,0.0,0,0.0,0.6589521054329959,0.0,1e-06,1.0,Utsuroi,1e-06,0.9803921568627452,1.0,0
2021-10-13,0.4572087332956899,2.0,0.48780487804878053,0.0,0.0,0,0.0,0.6589521054329959,0.0,1e-06,1.0,Utsuroi,1e-06,0.9803921568627452,1.0,0
2021-10-14,0.4929700734048561,1.0,0.9523809523809523,0.0,0.0,0,0.0,0.33751205400260376,0.0,1e-06,0.03415579322857831,Utsuroi,1e-06,0.9803921568627452,1.0,0
2021-10-15,0.48975155279503113,2.0,0.48780487804878053,0.0,0.0,0,0.0,0.6589521054329959,0.0,1e-06,0.00909854810873778,Utsuroi,1e-06,0.9803921568627452,1.0,0
2021-10-18,0.509086517347387,2.0,0.48780487804878053,0.0,0.0,0,0.0,0.6589521054329959,0.0,1e-06,1.0,Utsuroi,1e-06,0.9803921568627452,1.0,0
2021-10-19,0.47692515214254355,2.0,0.48780487804878053,0.0,0.0,0,0.0,0.6589521054329959,0.0,1e-06,1.0,Utsuroi,1e-06,0.9803921568627452,1.0,0
2021-10-20,0.46221532091097317,3.0,0.3278688524590164,1.30501165428582e-11,0.9999999999859499,1,1.833553696352953e-22,0.9803921568627452,1.0,1e-06,0.11039832009281714,Katashi,1e-06,0.9803921568627452,1.0,0
2021-10-21,0.4583769370725893,3.0,0.3278688524590164,1.2073009258898851e-11,0.999999999986927,1,1.5783029474965e-22,0.9803921568627452,1.0,1e-06,1.0,Katashi,1e-06,0.9803921568627452,1.0,0
2021-10-22,0.4483399209486166,3.0,0.3278688524590164,1.76793024662595e-11,0.9999999999813207,1,3.30236647066243e-22,0.9803921568627452,1.0,1e-06,1.0,Katashi,1e-06,0.9803921568627452,1.0,0
2021-10-25,0.45308425873643277,2.0,0.48780487804878053,2.6369351146707902e-11,0.9999999999726307,1,7.217114477195506e-22,0.6589521054329959,1.0,1e-06,0.1071401317808165,Utsuroi,1e-06,0.9803921568627452,1.0,0
2021-10-26,0.44030553987075727,2.0,0.48780487804878053,9.615319651129454e-11,0.9999999999028468,1,9.341588269230549e-21,0.6589521054329959,1.0,1e-06,1.0,Utsuroi,1e-06,0.9803921568627452,1.0,0
2021-10-27,0.4087401970010666,2.0,0.48780487804878053,1.0129674876618492e-11,0.9999999999888703,1,1.1273976389740414e-22,0.6589521054329959,1.0,1e-06,1.0,Utsuroi,1e-06,0.9803921568627452,1.0,0
2021-10-28,0.34069828722002643,2.0,0.48780487804878053,7.282285885389993e-12,0.9999999999917177,1,6.031381250549622e-23,0.6589521054329959,1.0,1e-06,1.0,Utsuroi,1e-06,0.9803921568627452,1.0,0
2021-10-29,0.3170242800677584,2.0,0.48780487804878053,1.3209433546889659e-11,0.9999999999857906,1,1.876982759625186e-22,0.6589521054329959,1.0,1e-06,1.0,Utsuroi,1e-06,0.9803921568627452,1.0,0
2021-11-01,0.2800708952882866,2.0,0.48780487804878053,8.02624633418487e-12,0.9999999999909738,1,7.244669899714886e-23,0.6589521054329959,1.0,1e-06,1.0,Utsuroi,1e-06,0.9803921568627452,1.0,0
2021-11-02,0.27959407742016434,1.0,0.9523809523809523,2.4462099012754726e-11,0.9999999999745379,1,6.2285584598677995e-22,0.33751205400260376,1.0,1e-06,0.3021905927762979,Utsuroi,1e-06,0.9803921568627452,1.0,0
2021-11-03,0.2248077043729218,1.0,0.9523809523809523,0.0,0.0,0,0.0,0.33751205400260376,0.0,1e-06,1.0,Utsuroi,1e-06,0.9803921568627452,1.0,0
2021-11-04,0.22144613840266017,2.0,0.48780487804878053,1.7768941871845245e-10,0.9999999998213106,1,3.1751215015261095e-20,0.6589521054329959,1.0,1e-06,0.06033321480977483,Utsuroi,1e-06,0.9803921568627452,1.0,0
2021-11-05,0.21572432398519353,2.0,0.48780487804878053,0.0,0.0,0,0.0,0.6589521054329959,0.0,1e-06,1.0,Utsuroi,1e-06,0.9803921568627452,1.0,0
2021-11-08,0.23658510571554048,2.0,0.48780487804878053,0.0,0.0,0,0.0,0.6589521054329959,0.0,1e-06,1.0,Utsuroi,1e-06,0.9803921568627452,1.0,0
2021-11-09,0.2095972143798231,2.0,0.48780487804878053,0.0,0.0,0,0.0,0.6589521054329959,0.0,1e-06,1.0,Utsuroi,1e-06,0.9803921568627452,1.0,0
2021-11-10,0.2224236150323107,2.0,0.48780487804878053,0.0,0.0,0,0.0,0.6589521054329959,0.0,1e-06,1.0,Utsuroi,1e-06,0.9803921568627452,1.0,0
2021-11-11,0.21827529957964742,2.0,0.48780487804878053,0.0,0.0,0,0.0,0.6589521054329959,0.0,1e-06,1.0,Utsuroi,1e-06,0.9803921568627452,1.0,0
2021-11-12,0.21734550473680908,1.0,0.9523809523809523,0.0,0.0,0,0.0,0.33751205400260376,0.0,1e-06,0.03415579322857831,Utsuroi,1e-06,0.9803921568627452,1.0,0
2021-11-15,0.21400777965995357,1.0,0.9523809523809523,8.456912947341398e-11,0.9999999999144309,1,7.236504918859426e-21,0.33751205400260376,1.0,1e-06,0.3086149790086915,Utsuroi,1e-06,0.9803921568627452,1.0,0
2021-11-16,0.20931112365894977,1.0,0.9523809523809523,1.2665646309435836e-11,0.9999999999863344,1,1.7308396256045494e-22,0.33751205400260376,1.0,1e-06,1.0,Utsuroi,1e-06,0.9803921568627452,1.0,0
2021-11-17,0.1892847731978167,1.5,0.6451612903225806,0.5837278115858562,0.7295279248621539,2,0.15788207251530018,0.4982320797178802,2.0,1e-06,0.0879101437135783,Utsuroi,1e-06,0.9803921568627452,1.0,0
2021-11-18,0.20578267143484533,1.0,0.9523809523809523,0.6633942676297282,0.6213602952199814,2,0.25118740964807695,0.33751205400260376,2.0,1e-06,0.42836495435087096,Utsuroi,1e-06,0.9803921568627452,1.0,0
2021-11-19,0.18151264194742459,1.5,0.6451612903225806,5.2087223423126105e-12,0.9999999999937913,1,3.233939555581912e-23,0.4982320797178802,1.0,1e-06,0.9514028322425238,Utsuroi,1e-06,0.9803921568627452,1.0,0
2021-11-22,0.22459313633226685,2.0,0.48780487804878053,6.376676964210342e-12,0.9999999999926233,1,4.7038545007208357e-23,0.6589521054329959,1.0,1e-06,0.10957158470543027,Utsuroi,1e-06,0.9803921568627452,1.0,0
2021-11-23,0.24044733044733044,1.0,0.9523809523809523,1.2108758440291313e-11,0.9999999999868913,1,1.5873052154008652e-22,0.33751205400260376,1.0,1e-06,0.3021905927762979,Utsuroi,1e-06,0.9803921568627452,1.0,0
2021-11-24,0.24926846100759148,1.0,0.9523809523809523,1.1412537581557761e-11,0.9999999999875875,1,1.4165829916793725e-22,0.33751205400260376,1.0,1e-06,1.0,Utsuroi,1e-06,0.9803921568627452,1.0,0
2021-11-26,0.2944707949055775,1.0,0.9523809523809523,1.9599655231915918e-11,0.9999999999794004,1,4.037457068679461e-22,0.33751205400260376,1.0,1e-06,1.0,Utsuroi,1e-06,0.9803921568627452,1.0,0
2021-11-29,0.3447273982056591,1.0,0.9523809523809523,2.229887385600876e-10,0.9999999997760113,1,4.994696133587838e-20,0.33751205400260376,1.0,1e-06,1.0,Utsuroi,1e-06,0.9803921568627452,1.0,0
2021-11-30,0.33058974841583544,2.0,0.48780487804878053,1.3692158517146064e-10,0.9999999998620784,1,1.888443904339824e-20,0.6589521054329959,1.0,1e-06,0.1126639271240617,Utsuroi,1e-06,0.9803921568627452,1.0,0
2021-12-01,0.36871133697220654,2.0,0.48780487804878053,0.0,0.0,0,0.0,0.6589521054329959,0.0,1e-06,1.0,Utsuroi,1e-06,0.9803921568627452,1.0,0
2021-12-02,0.37228747098312326,2.0,0.48780487804878053,0.0,0.0,0,0.0,0.6589521054329959,0.0,1e-06,1.0,Utsuroi,1e-06,0.9803921568627452,1.0,0
2021-12-03,0.4000859526946485,1.0,0.9523809523809523,0.0,0.0,0,0.0,0.33751205400260376,0.0,1e-06,0.03415579322857831,Utsuroi,1e-06,0.9803921568627452,1.0,0
2021-12-06,0.3897151640629903,1.0,0.9523809523809523,0.0,0.0,0,0.0,0.33751205400260376,0.0,1e-06,1.0,Utsuroi,1e-06,0.9803921568627452,1.0,0
2021-12-07,0.4138421481899743,1.0,0.9523809523809523,0.0,0.0,0,0.0,0.33751205400260376,0.0,1e-06,1.0,Utsuroi,1e-06,0.9803921568627452,1.0,0
2021-12-08,0.40337599598469176,1.0,0.9523809523809523,0.0,0.0,0,0.0,0.33751205400260376,0.0,1e-06,1.0,Utsuroi,1e-06,0.9803921568627452,1.0,0
2021-12-09,0.4147481021394066,3.0,0.3278688524590164,0.0,0.0,0,0.0,0.9803921568627452,0.0,1e-06,0.003258211101229813,Katashi,1e-06,0.9803921568627452,1.0,0
2021-12-10,0.4143189660580965,2.0,0.48780487804878053,0.0,0.0,0,0.0,0.6589521054329959,0.0,1e-06,0.002930043307809771,Utsuroi,1e-06,0.9803921568627452,1.0,0
2021-12-13,0.3981786812221595,2.0,0.48780487804878053,0.0,0.0,0,0.0,0.6589521054329959,0.0,1e-06,1.0,Utsuroi,1e-06,0.9803921568627452,1.0,0
2021-12-14,0.39794027228809853,2.0,0.48780487804878053,0.0,0.0,0,0.0,0.6589521054329959,0.0,1e-06,1.0,Utsuroi,1e-06,0.9803921568627452,1.0,0
2021-12-15,0.41956396260744094,2.0,0.48780487804878053,0.0,0.0,0,0.0,0.6589521054329959,0.0,1e-06,1.0,Utsuroi,1e-06,0.9803921568627452,1.0,0
2021-12-16,0.4457174226739445,2.0,0.48780487804878053,0.0,0.0,0,0.0,0.6589521054329959,0.0,1e-06,1.0,Utsuroi,1e-06,0.9803921568627452,1.0,0
2021-12-17,0.44500219587176093,1.0,0.9523809523809523,0.0,0.0,0,0.0,0.33751205400260376,0.0,1e-06,0.03415579322857831,Utsuroi,1e-06,0.9803921568627452,1.0,0
2021-12-20,0.44013865361691445,1.0,0.9523809523809523,1.7819612450680072e-10,0.9999999998208039,1,3.193205097460619e-20,0.33751205400260376,1.0,1e-06,0.3086149790086915,Utsuroi,1e-06,0.9803921568627452,1.0,0
2021-12-21,0.45308425873643265,1.0,0.9523809523809523,7.900102793847238e-11,0.999999999919999,1,6.3201616958879065e-21,0.33751205400260376,1.0,1e-06,1.0,Utsuroi,1e-06,0.9803921568627452,1.0,0
2021-12-22,0.45353723571114873,0.5,1.8181818181818181,8.924416760739708e-11,0.9999999999097559,1,8.05376364567344e-21,0.17679202828716653,1.0,1e-06,0.660461129954794,Utsuroi,1e-06,0.9803921568627452,1.0,0
2021-12-23,0.4548723257418909,1.0,0.9523809523809523,0.0,0.0,0,0.0,0.33751205400260376,0.0,1e-06,0.5959829584550049,Utsuroi,1e-06,0.9803921568627452,1.0,0
2021-12-27,0.4524643955078738,2.0,0.48780487804878053,0.0,0.0,0,0.0,0.6589521054329959,0.0,1e-06,0.00909854810873778,Utsuroi,1e-06,0.9803921568627452,1.0,0
2021-12-28,0.43737310998180573,1.0,0.9523809523809523,0.0,0.0,0,0.0,0.33751205400260376,0.0,1e-06,0.03415579322857831,Utsuroi,1e-06,0.9803921568627452,1.0,0
2021-12-29,0.43997176736307175,1.0,0.9523809523809523,0.0,0.0,0,0.0,0.33751205400260376,0.0,1e-06,1.0,Utsuroi,1e-06,0.9803921568627452,1.0,0
2021-12-30,0.42735993475123907,1.0,0.9523809523809523,0.0,0.0,0,0.0,0.33751205400260376,0.0,1e-06,1.0,Utsuroi,1e-06,0.9803921568627452,1.0,0
2021-12-31,0.45108162369031946,0.0,20.0,0.0,0.0,0,0.0,0.01607200257156863,0.0,1e-06,0.03871716593438601,Utsuroi,1e-06,0.9803921568627452,1.0,0
2022-01-03,0.451415396198005,1.0,0.9523809523809523,0.0,0.0,0,0.0,0.33751205400260376,0.0,1e-06,0.906842744088725,Utsuroi,1e-06,0.9803921568627452,1.0,0
2022-01-04,0.4679132944350336,1.0,0.9523809523809523,0.0,0.0,0,0.0,0.33751205400260376,0.0,1e-06,1.0,Utsuroi,1e-06,0.9803921568627452,1.0,0
2022-01-05,0.5007898864420604,1.0,0.9523809523809523,0.0,0.0,0,0.0,0.33751205400260376,0.0,1e-06,1.0,Utsuroi,1e-06,0.9803921568627452,1.0,0
2022-01-06,0.5007422046552481,1.0,0.9523809523809523,0.0,0.0,0,0.0,0.33751205400260376,0.0,1e-06,1.0,Utsuroi,1e-06,0.9803921568627452,1.0,0
2022-01-07,0.4844588744588745,1.0,0.9523809523809523,0.0,0.0,0,0.0,0.33751205400260376,0.0,1e-06,1.0,Utsuroi,1e-06,0.9803921568627452,1.0,0
2022-01-10,0.48259928477319797,1.0,0.9523809523809523,0.0,0.0,0,0.0,0.33751205400260376,0.0,1e-06,1.0,Utsuroi,1e-06,0.9803921568627452,1.0,0
2022-01-11,0.5143076730033251,2.0,0.48780487804878053,0.0,0.0,0,0.0,0.6589521054329959,0.0,1e-06,0.00909854810873778,Utsuroi,1e-06,0.9803921568627452,1.0,0
2022-01-12,0.5273248008030618,1.0,0.9523809523809523,0.0,0.0,0,0.0,0.33751205400260376,0.0,1e-06,0.03415579322857831,Utsuroi,1e-06,0.9803921568627452,1.0,0
2022-01-13,0.5457299705125793,1.0,0.9523809523809523,0.0,0.0,0,0.0,0.33751205400260376,0.0,1e-06,1.0,Utsuroi,1e-06,0.9803921568627452,1.0,0
2022-01-14,0.548257105213627,1.0,0.9523809523809523,0.0,0.0,0,0.0,0.33751205400260376,0.0,1e-06,1.0,Utsuroi,1e-06,0.9803921568627452,1.0,0
2022-01-18,0.5821588556371166,1.5,0.6451612903225806,0.0,0.0,0,0.0,0.4982320797178802,0.0,1e-06,0.01948546040826471,Utsuroi,1e-06,0.9803921568627452,1.0,0
2022-01-19,0.5511895351025786,1.0,0.9523809523809523,0.0,0.0,0,0.0,0.33751205400260376,0.0,1e-06,0.041945074592308895,Utsuroi,1e-06,0.9803921568627452,1.0,0
2022-01-20,0.5623470732166385,1.0,0.9523809523809523,0.0,0.0,0,0.0,0.33751205400260376,0.0,1e-06,1.0,Utsuroi,1e-06,0.9803921568627452,1.0,0
2022-01-21,0.549759081498212,0.0,20.0,0.0,0.0,0,0.0,0.01607200257156863,0.0,1e-06,0.03871716593438601,Utsuroi,1e-06,0.9803921568627452,1.0,0
2022-01-24,0.5182891022021457,0.0,20.0,0.0,0.0,0,0.0,0.01607200257156863,0.0,1e-06,1.0,Utsuroi,1e-06,0.9803921568627452,1.0,0
2022-01-25,0.5258228245184767,1.0,0.9523809523809523,0.0,0.0,0,0.0,0.33751205400260376,0.0,1e-06,0.906842744088725,Utsuroi,1e-06,0.9803921568627452,1.0,0
2022-01-26,0.5046044293870382,1.0,0.9523809523809523,0.0,0.0,0,0.0,0.33751205400260376,0.0,1e-06,1.0,Utsuroi,1e-06,0.9803921568627452,1.0,0
2022-01-27,0.46941527071961864,1.0,0.9523809523809523,0.0,0.0,0,0.0,0.33751205400260376,0.0,1e-06,1.0,Utsuroi,1e-06,0.9803921568627452,1.0,0
2022-01-28,0.5053434970826275,2.0,0.48780487804878053,0.0,0.0,0,0.0,0.6589521054329959,0.0,1e-06,0.00909854810873778,Utsuroi,1e-06,0.9803921568627452,1.0,0
2022-01-31,0.52610891523935,1.0,0.9523809523809523,0.0,0.0,0,0.0,0.33751205400260376,0.0,1e-06,0.03415579322857831,Utsuroi,1e-06,0.9803921568627452,1.0,0
2022-02-01,0.5250360750360751,2.0,0.48780487804878053,0.0,0.0,0,0.0,0.6589521054329959,0.0,1e-06,0.00909854810873778,Utsuroi,1e-06,0.9803921568627452,1.0,0
2022-02-02,0.5217221908526257,1.0,0.9523809523809523,0.0,0.0,0,0.0,0.33751205400260376,0.0,1e-06,0.03415579322857831,Utsuroi,1e-06,0.9803921568627452,1.0,0
2022-02-03,0.5558861911035824,1.0,0.9523809523809523,0.0,0.0,0,0.0,0.33751205400260376,0.0,1e-06,1.0,Utsuroi,1e-06,0.9803921568627452,1.0,0
2022-02-04,0.5317592069765984,1.0,0.9523809523809523,1.3664069874626915e-10,0.9999999998623593,1,1.8807318231181914e-20,0.33751205400260376,1.0,1e-06,0.3086149790086915,Utsuroi,1e-06,0.9803921568627452,1.0,0
2022-02-07,0.4849356923269966,1.0,0.9523809523809523,0.0,0.0,0,0.0,0.33751205400260376,0.0,1e-06,1.0,Utsuroi,1e-06,0.9803921568627452,1.0,0
2022-02-08,0.496164753121275,2.0,0.48780487804878053,1.411811778494434e-10,0.9999999998578188,1,2.007330303506206e-20,0.6589521054329959,1.0,1e-06,0.06033321480977483,Utsuroi,1e-06,0.9803921568627452,1.0,0
2022-02-09,0.49926406926406935,2.0,0.48780487804878053,7.099126839409274e-10,0.9999999992890873,1,5.046859159790558e-19,0.6589521054329959,1.0,1e-06,1.0,Utsuroi,1e-06,0.9803921568627452,1.0,0
2022-02-10,0.5318307296568167,2.0,0.48780487804878053,1.6850609794956181e-10,0.9999999998304939,1,2.8562807418912846e-20,0.6589521054329959,1.0,1e-06,1.0,Utsuroi,1e-06,0.9803921568627452,1.0,0
2022-02-11,0.5221513269339356,2.0,0.48780487804878053,2.1731694219543934e-10,0.9999999997816831,1,4.74439655051256e-20,0.6589521054329959,1.0,1e-06,1.0,Utsuroi,1e-06,0.9803921568627452,1.0,0
2022-02-14,0.5237009850053329,2.0,0.48780487804878053,0.0,0.0,0,0.0,0.6589521054329959,0.0,1e-06,1.0,Utsuroi,1e-06,0.9803921568627452,1.0,0
2022-02-15,0.5318307296568167,2.0,0.48780487804878053,0.0,0.0,0,0.0,0.6589521054329959,0.0,1e-06,1.0,Utsuroi,1e-06,0.9803921568627452,1.0,0
2022-02-16,0.530161867118389,2.0,0.48780487804878053,0.0,0.0,0,0.0,0.6589521054329959,0.0,1e-06,1.0,Utsuroi,1e-06,0.9803921568627452,1.0,0
2022-02-17,0.5065117008595269,2.0,0.48780487804878053,0.0,0.0,0,0.0,0.6589521054329959,0.0,1e-06,1.0,Utsuroi,1e-06,0.9803921568627452,1.0,0
2022-02-18,0.5163579898362507,2.5,0.3921568627450981,0.0,0.0,0,0.0,0.8196721311479509,0.0,1e-06,0.002204912230265643,Katashi,1e-06,0.9803921568627452,1.0,0
2022-02-22,0.518360624882364,3.0,0.3278688524590164,0.0,0.0,0,0.0,0.9803921568627452,0.0,1e-06,0.0010325306389251665,Katashi,1e-06,0.9803921568627452,1.0,0
2022-02-23,0.5429167450906582,3.0,0.3278688524590164,0.0,0.0,0,0.0,0.9803921568627452,0.0,1e-06,1.0,Katashi,1e-06,0.9803921568627452,1.0,0
2022-02-24,0.5668291611769873,2.0,0.48780487804878053,7.33120231161271e-11,0.999999999925688,1,5.4479631349100124e-21,0.6589521054329959,1.0,1e-06,0.6925430354956429,Utsuroi,1e-06,0.9803921568627452,1.0,0
2022-02-25,0.5548610326871197,1.5,0.6451612903225806,1.0539391581121662e-10,0.9999999998936061,1,1.1213269074934785e-20,0.4982320797178802,1.0,1e-06,0.17208219089896304,Utsuroi,1e-06,0.9803921568627452,1.0,0
2022-02-28,0.569547023025284,1.0,0.9523809523809523,0.0,0.0,0,0.0,0.33751205400260376,0.0,1e-06,0.5759416055256603,Utsuroi,1e-06,0.9803921568627452,1.0,0
2022-03-01,0.5837085137085137,2.0,0.48780487804878053,0.0,0.0,0,0.0,0.6589521054329959,0.0,1e-06,0.00909854810873778,Utsuroi,1e-06,0.9803921568627452,1.0,0
2022-03-02,0.5602013928100885,2.0,0.48780487804878053,0.0,0.0,0,0.0,0.6589521054329959,0.0,1e-06,1.0,Utsuroi,1e-06,0.9803921568627452,1.0,0
2022-03-03,0.5575550536420102,1.0,0.9523809523809523,0.0,0.0,0,0.0,0.33751205400260376,0.0,1e-06,0.03415579322857831,Utsuroi,1e-06,0.9803921568627452,1.0,0
2022-03-04,0.5640874584352846,1.0,0.9523809523809523,8.306078047228617e-11,0.9999999999159392,1,6.982152195983684e-21,0.33751205400260376,1.0,1e-06,0.3086149790086915,Utsuroi,1e-06,0.9803921568627452,1.0,0
2022-03-07,0.5965825961478135,2.0,0.48780487804878053,0.0,0.0,0,0.0,0.6589521054329959,0.0,1e-06,0.30489283168892733,Utsuroi,1e-06,0.9803921568627452,1.0,0
2022-03-08,0.57386222473179,2.0,0.48780487804878053,0.0,0.0,0,0.0,0.6589521054329959,0.0,1e-06,1.0,Utsuroi,1e-06,0.9803921568627452,1.0,0
2022-03-09,0.5892634418721375,3.0,0.3278688524590164,0.0,0.0,0,0.0,0.9803921568627452,0.0,1e-06,0.0013248229092196473,Katashi,1e-06,0.9803921568627452,1.0,0
2022-03-10,0.585925716795282,1.0,0.9523809523809523,0.0,0.0,0,0.0,0.33751205400260376,0.0,1e-06,0.027010664714325783,Utsuroi,1e-06,0.9803921568627452,1.0,0
2022-03-11,0.5911707133446265,2.0,0.48780487804878053,0.0,0.0,0,0.0,0.6589521054329959,0.0,1e-06,0.00909854810873778,Utsuroi,1e-06,0.9803921568627452,1.0,0
2022-03-14,0.5880952380952381,1.0,0.9523809523809523,0.0,0.0,0,0.0,0.33751205400260376,0.0,1e-06,0.03415579322857831,Utsuroi,1e-06,0.9803921568627452,1.0,0
2022-03-15,0.5898833051006964,2.0,0.48780487804878053,0.0,0.0,0,0.0,0.6589521054329959,0.0,1e-06,0.00909854810873778,Utsuroi,1e-06,0.9803921568627452,1.0,0
2022-03-16,0.6131996988518729,2.0,0.48780487804878053,0.0,0.0,0,0.0,0.6589521054329959,0.0,1e-06,1.0,Utsuroi,1e-06,0.9803921568627452,1.0,0
2022-03-17,0.6153215383650167,2.0,0.48780487804878053,0.0,0.0,0,0.0,0.6589521054329959,0.0,1e-06,1.0,Utsuroi,1e-06,0.9803921568627452,1.0,0
2022-03-18,0.6396154087458435,2.0,0.48780487804878053,0.0,0.0,0,0.0,0.6589521054329959,0.0,1e-06,1.0,Utsuroi,1e-06,0.9803921568627452,1.0,0
2022-03-21,0.6382326369282891,2.0,0.48780487804878053,0.0,0.0,0,0.0,0.6589521054329959,0.0,1e-06,1.0,Utsuroi,1e-06,0.9803921568627452,1.0,0
2022-03-22,0.631533345881172,3.0,0.3278688524590164,0.0,0.0,0,0.0,0.9803921568627452,0.0,1e-06,0.0013248229092196473,Katashi,1e-06,0.9803921568627452,1.0,0
2022-03-23,0.6257876905702994,2.0,0.48780487804878053,0.0,0.0,0,0.0,0.6589521054329959,0.0,1e-06,0.002930043307809771,Utsuroi,1e-06,0.9803921568627452,1.0,0
2022-03-24,0.6252393500219587,2.0,0.48780487804878053,0.0,0.0,0,0.0,0.6589521054329959,0.0,1e-06,1.0,Utsuroi,1e-06,0.9803921568627452,1.0,0
2022-03-25,0.6048553861597341,2.0,0.48780487804878053,0.0,0.0,0,0.0,0.6589521054329959,0.0,1e-06,1.0,Utsuroi,1e-06,0.9803921568627452,1.0,0
2022-03-28,0.5921720308676831,2.0,0.48780487804878053,0.0,0.0,0,0.0,0.6589521054329959,0.0,1e-06,1.0,Utsuroi,1e-06,0.9803921568627452,1.0,0
2022-03-29,0.5958673693456302,2.0,0.48780487804878053,0.0,0.0,0,0.0,0.6589521054329959,0.0,1e-06,1.0,Utsuroi,1e-06,0.9803921568627452,1.0,0
2022-03-30,0.5974647092038398,2.0,0.48780487804878053,0.0,0.0,0,0.0,0.6589521054329959,0.0,1e-06,1.0,Utsuroi,1e-06,0.9803921568627452,1.0,0
2022-03-31,0.6046408181190791,1.5,0.6451612903225806,0.0,0.0,0,0.0,0.4982320797178802,0.0,1e-06,0.009853204579840735,Utsuroi,1e-06,0.9803921568627452,1.0,0
2022-04-01,0.6122222222222223,1.5,0.6451612903225806,0.0,0.0,0,0.0,0.4982320797178802,0.0,1e-06,1.0,Utsuroi,1e-06,0.9803921568627452,1.0,0
2022-04-04,0.627027417027417,2.5,0.3921568627450981,0.0,0.0,0,0.0,0.8196721311479509,0.0,1e-06,0.0030621994115465068,Katashi,1e-06,0.9803921568627452,1.0,0
2022-04-05,0.6602616224355354,1.0,0.9523809523809523,0.0,0.0,0,0.0,0.33751205400260376,0.0,1e-06,0.02978725239506541,Utsuroi,1e-06,0.9803921568627452,1.0,0
2022-04-06,0.6595702365267584,2.0,0.48780487804878053,0.0,0.0,0,0.0,0.6589521054329959,0.0,1e-06,0.00909854810873778,Utsuroi,1e-06,0.9803921568627452,1.0,0
2022-04-07,0.6669370725892466,1.0,0.9523809523809523,0.0,0.0,0,0.0,0.33751205400260376,0.0,1e-06,0.03415579322857831,Utsuroi,1e-06,0.9803921568627452,1.0,0
2022-04-08,0.6816945856076292,2.0,0.48780487804878053,0.0,0.0,0,0.0,0.6589521054329959,0.0,1e-06,0.00909854810873778,Utsuroi,1e-06,0.9803921568627452,1.0,0
2022-04-11,0.724941966246314,0.0,20.0,0.0,0.0,0,0.0,0.01607200257156863,0.0,1e-06,0.1234595322318508,Utsuroi,1e-06,0.9803921568627452,1.0,0
2022-04-12,0.7249419662463141,2.0,0.48780487804878053,0.0,0.0,0,0.0,0.6589521054329959,0.0,1e-06,0.5709856531405589,Utsuroi,1e-06,0.9803921568627452,1.0,0
2022-04-13,0.7067275236840455,1.0,0.9523809523809523,0.0,0.0,0,0.0,0.33751205400260376,0.0,1e-06,0.03415579322857831,Utsuroi,1e-06,0.9803921568627452,1.0,0
2022-04-14,0.7211751050881487,1.0,0.9523809523809523,0.0,0.0,0,0.0,0.33751205400260376,0.0,1e-06,1.0,Utsuroi,1e-06,0.9803921568627452,1.0,0
2022-04-18,0.689419035071209,2.0,0.48780487804878053,0.0,0.0,0,0.0,0.6589521054329959,0.0,1e-06,0.00909854810873778,Utsuroi,1e-06,0.9803921568627452,1.0,0
2022-04-19,0.6972626890018195,2.0,0.48780487804878053,0.0,0.0,0,0.0,0.6589521054329959,0.0,1e-06,1.0,Utsuroi,1e-06,0.9803921568627452,1.0,0
2022-04-20,0.6576868059476756,1.0,0.9523809523809523,0.0,0.0,0,0.0,0.33751205400260376,0.0,1e-06,0.03415579322857831,Utsuroi,1e-06,0.9803921568627452,1.0,0
2022-04-21,0.6548020578455361,1.0,0.9523809523809523,0.0,0.0,0,0.0,0.33751205400260376,0.0,1e-06,1.0,Utsuroi,1e-06,0.9803921568627452,1.0,0
2022-04-22,0.6569477382520861,1.0,0.9523809523809523,0.0,0.0,0,0.0,0.33751205400260376,0.0,1e-06,1.0,Utsuroi,1e-06,0.9803921568627452,1.0,0
2022-04-25,0.670274797666102,2.0,0.48780487804878053,5.191018724628187e-10,0.9999999994798981,1,2.6998584445365077e-19,0.6589521054329959,1.0,1e-06,0.06033321480977483,Utsuroi,1e-06,0.9803921568627452,1.0,0
2022-04-26,0.6609291674509066,2.0,0.48780487804878053,0.0,0.0,0,0.0,0.6589521054329959,0.0,1e-06,1.0,Utsuroi,1e-06,0.9803921568627452,1.0,0
2022-04-27,0.6379465462074159,1.0,0.9523809523809523,0.0,0.0,0,0.0,0.33751205400260376,0.0,1e-06,0.03415579322857831,Utsuroi,1e-06,0.9803921568627452,1.0,0
2022-04-28,0.6286724386724387,1.0,0.9523809523809523,0.0,0.0,0,0.0,0.33751205400260376,0.0,1e-06,1.0,Utsuroi,1e-06,0.9803921568627452,1.0,0
2022-04-29,0.6395200451722192,1.0,0.9523809523809523,0.0,0.0,0,0.0,0.33751205400260376,0.0,1e-06,1.0,Utsuroi,1e-06,0.9803921568627452,1.0,0
2022-05-02,0.6317955957086393,1.0,0.9523809523809523,0.0,0.0,0,0.0,0.33751205400260376,0.0,1e-06,1.0,Utsuroi,1e-06,0.9803921568627452,1.0,0
2022-05-03,0.6438590877721313,2.0,0.48780487804878053,0.0,0.0,0,0.0,0.6589521054329959,0.0,1e-06,0.00909854810873778,Utsuroi,1e-06,0.9803921568627452,1.0,0
2022-05-04,0.6652920509442248,2.0,0.48780487804878053,0.0,0.0,0,0.0,0.6589521054329959,0.0,1e-06,1.0,Utsuroi,1e-06,0.9803921568627452,1.0,0
2022-05-05,0.6912309429700734,2.0,0.48780487804878053,0.0,0.0,0,0.0,0.6589521054329959,0.0,1e-06,1.0,Utsuroi,1e-06,0.9803921568627452,1.0,0
2022-05-06,0.6871541501976285,2.0,0.48780487804878053,0.0,0.0,0,0.0,0.6589521054329959,0.0,1e-06,1.0,Utsuroi,1e-06,0.9803921568627452,1.0,0
2022-05-09,0.6675092540309931,2.0,0.48780487804878053,0.0,0.0,0,0.0,0.6589521054329959,0.0,1e-06,1.0,Utsuroi,1e-06,0.9803921568627452,1.0,0
2022-05-10,0.6686774578078927,2.0,0.48780487804878053,0.0,0.0,0,0.0,0.6589521054329959,0.0,1e-06,1.0,Utsuroi,1e-06,0.9803921568627452,1.0,0
2022-05-11,0.6453610640567164,2.0,0.48780487804878053,0.0,0.0,0,0.0,0.6589521054329959,0.0,1e-06,1.0,Utsuroi,1e-06,0.9803921568627452,1.0,0
2022-05-12,0.6292923019009977,2.0,0.48780487804878053,0.0,0.0,0,0.0,0.6589521054329959,0.0,1e-06,1.0,Utsuroi,1e-06,0.9803921568627452,1.0,0
2022-05-13,0.6238088964175921,2.5,0.3921568627450981,0.0,0.0,0,0.0,0.8196721311479509,0.0,1e-06,0.002204912230265643,Katashi,1e-06,0.9803921568627452,1.0,0
2022-05-16,0.6178725139594705,2.5,0.3921568627450981,0.0,0.0,0,0.0,0.8196721311479509,0.0,1e-06,1.0,Katashi,1e-06,0.9803921568627452,1.0,0
2022-05-17,0.6018275926971579,2.5,0.3921568627450981,0.0,0.0,0,0.0,0.8196721311479509,0.0,1e-06,1.0,Katashi,1e-06,0.9803921568627452,1.0,0
2022-05-18,0.5937216889390803,1.0,0.9523809523809523,0.0,0.0,0,0.0,0.33751205400260376,0.0,1e-06,0.02978725239506541,Utsuroi,1e-06,0.9803921568627452,1.0,0
2022-05-19,0.5885720559633603,2.0,0.48780487804878053,0.0,0.0,0,0.0,0.6589521054329959,0.0,1e-06,0.00909854810873778,Utsuroi,1e-06,0.9803921568627452,1.0,0
2022-05-20,0.5954382332643202,1.0,0.9523809523809523,0.0,0.0,0,0.0,0.33751205400260376,0.0,1e-06,0.03415579322857831,Utsuroi,1e-06,0.9803921568627452,1.0,0
2022-05-23,0.5926250078423991,2.0,0.48780487804878053,0.0,0.0,0,0.0,0.6589521054329959,0.0,1e-06,0.00909854810873778,Utsuroi,1e-06,0.9803921568627452,1.0,0
2022-05-24,0.5775575632097373,1.0,0.9523809523809523,0.0,0.0,0,0.0,0.33751205400260376,0.0,1e-06,0.03415579322857831,Utsuroi,1e-06,0.9803921568627452,1.0,0
2022-05-25,0.57514963297572,1.0,0.9523809523809523,0.0,0.0,0,0.0,0.33751205400260376,0.0,1e-06,1.0,Utsuroi,1e-06,0.9803921568627452,1.0,0
2022-05-26,0.5789164941338855,1.0,0.9523809523809523,0.0,0.0,0,0.0,0.33751205400260376,0.0,1e-06,1.0,Utsuroi,1e-06,0.9803921568627452,1.0,0
2022-05-27,0.6016368655499092,2.0,0.48780487804878053,0.0,0.0,0,0.0,0.6589521054329959,0.0,1e-06,0.00909854810873778,Utsuroi,1e-06,0.9803921568627452,1.0,0
2022-05-31,0.5968210050818747,3.0,0.3278688524590164,0.0,0.0,0,0.0,0.9803921568627452,0.0,1e-06,0.0013248229092196473,Katashi,1e-06,0.9803921568627452,1.0,0
2022-06-01,0.5745297697471611,3.0,0.3278688524590164,5.757350152008659e-11,0.9999999999414265,1,3.372280305277347e-21,0.9803921568627452,1.0,1e-06,0.6828983759336005,Katashi,1e-06,0.9803921568627452,1.0,0
2022-06-02,0.5888581466842338,2.0,0.48780487804878053,2.513181884503985e-10,0.9999999997476818,1,6.341214448284967e-20,0.6589521054329959,1.0,1e-06,0.1071401317808165,Utsuroi,1e-06,0.9803921568627452,1.0,0
2022-06-03,0.6090513833992094,1.5,0.6451612903225806,0.0,0.0,0,0.0,0.4982320797178802,0.0,1e-06,0.5635383496527522,Utsuroi,1e-06,0.9803921568627452,1.0,0
2022-06-06,0.6015176610828785,2.0,0.48780487804878053,0.0,0.0,0,0.0,0.6589521054329959,0.0,1e-06,0.005645283121509914,Utsuroi,1e-06,0.9803921568627452,1.0,0
2022-06-07,0.556863667733233,2.0,0.48780487804878053,0.0,0.0,0,0.0,0.6589521054329959,0.0,1e-06,1.0,Utsuroi,1e-06,0.9803921568627452,1.0,0
2022-06-08,0.5537881924838448,2.0,0.48780487804878053,0.0,0.0,0,0.0,0.6589521054329959,0.0,1e-06,1.0,Utsuroi,1e-06,0.9803921568627452,1.0,0
2022-06-09,0.5514041031432337,2.0,0.48780487804878053,0.0,0.0,0,0.0,0.6589521054329959,0.0,1e-06,1.0,Utsuroi,1e-06,0.9803921568627452,1.0,0
2022-06-10,0.5682119329945418,2.0,0.48780487804878053,0.0,0.0,0,0.0,0.6589521054329959,0.0,1e-06,1.0,Utsuroi,1e-06,0.9803921568627452,1.0,0
2022-06-13,0.6142963799485539,1.0,0.9523809523809523,0.0,0.0,0,0.0,0.33751205400260376,0.0,1e-06,0.03415579322857831,Utsuroi,1e-06,0.9803921568627452,1.0,0
2022-06-14,0.6170857644770689,1.0,0.9523809523809523,0.0,0.0,0,0.0,0.33751205400260376,0.0,1e-06,1.0,Utsuroi,1e-06,0.9803921568627452,1.0,0
2022-06-15,0.6374935692326997,1.0,0.9523809523809523,0.0,0.0,0,0.0,0.33751205400260376,0.0,1e-06,1.0,Utsuroi,1e-06,0.9803921568627452,1.0,0
2022-06-16,0.6342035259426565,1.0,0.9523809523809523,0.0,0.0,0,0.0,0.33751205400260376,0.0,1e-06,1.0,Utsuroi,1e-06,0.9803921568627452,1.0,0
2022-06-17,0.6443120647468475,2.0,0.48780487804878053,0.0,0.0,0,0.0,0.6589521054329959,0.0,1e-06,0.00909854810873778,Utsuroi,1e-06,0.9803921568627452,1.0,0
2022-06-21,0.6329876403789447,2.0,0.48780487804878053,0.0,0.0,0,0.0,0.6589521054329959,0.0,1e-06,1.0,Utsuroi,1e-06,0.9803921568627452,1.0,0
2022-06-22,0.629816801555932,2.0,0.48780487804878053,0.0,0.0,0,0.0,0.6589521054329959,0.0,1e-06,1.0,Utsuroi,1e-06,0.9803921568627452,1.0,0
2022-06-23,0.6308896417592069,2.0,0.48780487804878053,0.0,0.0,0,0.0,0.6589521054329959,0.0,1e-06,1.0,Utsuroi,1e-06,0.9803921568627452,1.0,0
2022-06-24,0.6395438860656252,2.0,0.48780487804878053,0.0,0.0,0,0.0,0.6589521054329959,0.0,1e-06,1.0,Utsuroi,1e-06,0.9803921568627452,1.0,0
2022-06-27,0.6557080117949684,1.0,0.9523809523809523,0.0,0.0,0,0.0,0.33751205400260376,0.0,1e-06,0.03415579322857831,Utsuroi,1e-06,0.9803921568627452,1.0,0
2022-06-28,0.6621212121212122,1.0,0.9523809523809523,0.0,0.0,0,0.0,0.33751205400260376,0.0,1e-06,1.0,Utsuroi,1e-06,0.9803921568627452,1.0,0
2022-06-29,0.6563278750235273,2.0,0.48780487804878053,0.0,0.0,0,0.0,0.6589521054329959,0.0,1e-06,0.00909854810873778,Utsuroi,1e-06,0.9803921568627452,1.0,0
2022-06-30,0.6517027417027419,2.0,0.48780487804878053,0.0,0.0,0,0.0,0.6589521054329959,0.0,1e-06,1.0,Utsuroi,1e-06,0.9803921568627452,1.0,0
2022-07-01,0.6563755568103394,2.0,0.48780487804878053,0.0,0.0,0,0.0,0.6589521054329959,0.0,1e-06,1.0,Utsuroi,1e-06,0.9803921568627452,1.0,0
2022-07-05,0.6616443942530899,0.0,20.0,0.0,0.0,0,0.0,0.01607200257156863,0.0,1e-06,0.1234595322318508,Utsuroi,1e-06,0.9803921568627452,1.0,0
2022-07-06,0.6534192860279818,2.0,0.48780487804878053,0.0,0.0,0,0.0,0.6589521054329959,0.0,1e-06,0.5709856531405589,Utsuroi,1e-06,0.9803921568627452,1.0,0
2022-07-07,0.6270274170274169,2.0,0.48780487804878053,0.0,0.0,0,0.0,0.6589521054329959,0.0,1e-06,1.0,Utsuroi,1e-06,0.9803921568627452,1.0,0
2022-07-08,0.6304366647844908,2.0,0.48780487804878053,0.0,0.0,0,0.0,0.6589521054329959,0.0,1e-06,1.0,Utsuroi,1e-06,0.9803921568627452,1.0,0
2022-07-11,0.6365399334964553,2.0,0.48780487804878053,0.0,0.0,0,0.0,0.6589521054329959,0.0,1e-06,1.0,Utsuroi,1e-06,0.9803921568627452,1.0,0
2022-07-12,0.6342512077294687,2.0,0.48780487804878053,0.0,0.0,0,0.0,0.6589521054329959,0.0,1e-06,1.0,Utsuroi,1e-06,0.9803921568627452,1.0,0
2022-07-13,0.6202327624066755,2.0,0.48780487804878053,0.0,0.0,0,0.0,0.6589521054329959,0.0,1e-06,1.0,Utsuroi,1e-06,0.9803921568627452,1.0,0
2022-07-14,0.5865932618106532,2.0,0.48780487804878053,0.0,0.0,0,0.0,0.6589521054329959,0.0,1e-06,1.0,Utsuroi,1e-06,0.9803921568627452,1.0,0
2022-07-15,0.5312823891084761,2.0,0.48780487804878053,0.0,0.0,0,0.0,0.6589521054329959,0.0,1e-06,1.0,Utsuroi,1e-06,0.9803921568627452,1.0,0
2022-07-18,0.5331658196875589,2.0,0.48780487804878053,0.0,0.0,0,0.0,0.6589521054329959,0.0,1e-06,1.0,Utsuroi,1e-06,0.9803921568627452,1.0,0
2022-07-19,0.5134732417341114,1.0,0.9523809523809523,0.0,0.0,0,0.0,0.33751205400260376,0.0,1e-06,0.03415579322857831,Utsuroi,1e-06,0.9803921568627452,1.0,0
2022-07-20,0.48817805383022794,2.0,0.48780487804878053,0.0,0.0,0,0.0,0.6589521054329959,0.0,1e-06,0.00909854810873778,Utsuroi,1e-06,0.9803921568627452,1.0,0
2022-07-21,0.49075287031808773,2.0,0.48780487804878053,0.0,0.0,0,0.0,0.6589521054329959,0.0,1e-06,1.0,Utsuroi,1e-06,0.9803921568627452,1.0,0
2022-07-22,0.5120666290231508,1.0,0.9523809523809523,0.0,0.0,0,0.0,0.33751205400260376,0.0,1e-06,0.03415579322857831,Utsuroi,1e-06,0.9803921568627452,1.0,0
2022-07-25,0.5272532781228433,1.0,0.9523809523809523,0.0,0.0,0,0.0,0.33751205400260376,0.0,1e-06,1.0,Utsuroi,1e-06,0.9803921568627452,1.0,0
2022-07-26,0.5507842399146747,1.0,0.9523809523809523,5.749256626159616e-11,0.9999999999415075,1,3.3628864698694843e-21,0.33751205400260376,1.0,1e-06,0.3086149790086915,Utsuroi,1e-06,0.9803921568627452,1.0,0
2022-07-27,0.5662808206286467,1.0,0.9523809523809523,4.4800718689348125e-11,0.9999999999541993,1,2.0519041227494613e-21,0.33751205400260376,1.0,1e-06,1.0,Utsuroi,1e-06,0.9803921568627452,1.0,0
2022-07-28,0.5400558378819248,0.0,20.0,1.393335446921232e-10,0.9999999998596665,1,1.955316714023825e-20,0.01607200257156863,1.0,1e-06,0.07075667291050292,Utsuroi,1e-06,0.9803921568627452,1.0,0
2022-07-29,0.5067501097935881,1.0,0.9523809523809523,0.0,0.0,0,0.0,0.33751205400260376,0.0,1e-06,0.9100254261094419,Utsuroi,1e-06,0.9803921568627452,1.0,0
2022-08-01,0.515761967501098,2.0,0.48780487804878053,0.0,0.0,0,0.0,0.6589521054329959,0.0,1e-06,0.00909854810873778,Utsuroi,1e-06,0.9803921568627452,1.0,0
2022-08-02,0.5161672626890019,0.5,1.8181818181818181,1.7823986729396311e-10,0.9999999998207602,1,3.194768622015414e-20,0.17679202828716653,1.0,1e-06,0.8624281565876557,Utsuroi,1e-06,0.9803921568627452,1.0,0
2022-08-03,0.5548371917937135,1.0,0.9523809523809523,0.0,0.0,0,0.0,0.33751205400260376,0.0,1e-06,0.5959829584550049,Utsuroi,1e-06,0.9803921568627452,1.0,0
2022-08-04,0.5398174289478638,1.0,0.9523809523809523,0.0,0.0,0,0.0,0.33751205400260376,0.0,1e-06,1.0,Utsuroi,1e-06,0.9803921568627452,1.0,0
2022-08-05,0.5557669866365519,2.0,0.48780487804878053,0.0,0.0,0,0.0,0.6589521054329959,0.0,1e-06,0.00909854810873778,Utsuroi,1e-06,0.9803921568627452,1.0,0
2022-08-08,0.5319976159106594,2.0,0.48780487804878053,0.0,0.0,0,0.0,0.6589521054329959,0.0,1e-06,1.0,Utsuroi,1e-06,0.9803921568627452,1.0,0
2022-08-09,0.5367896354852877,2.0,0.48780487804878053,0.0,0.0,0,0.0,0.6589521054329959,0.0,1e-06,1.0,Utsuroi,1e-06,0.9803921568627452,1.0,0
2022-08-10,0.5490200138026227,2.0,0.48780487804878053,0.0,0.0,0,0.0,0.6589521054329959,0.0,1e-06,1.0,Utsuroi,1e-06,0.9803921568627452,1.0,0
2022-08-11,0.5676874333396073,2.0,0.48780487804878053,9.782341602937694e-11,0.9999999999011766,1,9.667241976141335e-21,0.6589521054329959,1.0,1e-06,0.554905640002036,Utsuroi,1e-06,0.9803921568627452,1.0,0
2022-08-12,0.5957004830917875,1.0,0.9523809523809523,6.229572413273949e-11,0.9999999999367043,1,3.943051591391305e-21,0.33751205400260376,1.0,1e-06,0.3021905927762979,Utsuroi,1e-06,0.9803921568627452,1.0,0
2022-08-15,0.5976554363510885,2.0,0.48780487804878053,0.0,0.0,0,0.0,0.6589521054329959,0.0,1e-06,0.30489283168892733,Utsuroi,1e-06,0.9803921568627452,1.0,0
2022-08-16,0.588953510257858,2.0,0.48780487804878053,0.0,0.0,0,0.0,0.6589521054329959,0.0,1e-06,1.0,Utsuroi,1e-06,0.9803921568627452,1.0,0
2022-08-17,0.6093613150134889,2.0,0.48780487804878053,0.0,0.0,0,0.0,0.6589521054329959,0.0,1e-06,1.0,Utsuroi,1e-06,0.9803921568627452,1.0,0
2022-08-18,0.5969402095489051,2.0,0.48780487804878053,0.0,0.0,0,0.0,0.6589521054329959,0.0,1e-06,1.0,Utsuroi,1e-06,0.9803921568627452,1.0,0
2022-08-19,0.6180632411067195,2.0,0.48780487804878053,0.0,0.0,0,0.0,0.6589521054329959,0.0,1e-06,1.0,Utsuroi,1e-06,0.9803921568627452,1.0,0
2022-08-22,0.61989898989899,2.0,0.48780487804878053,0.0,0.0,0,0.0,0.6589521054329959,0.0,1e-06,1.0,Utsuroi,1e-06,0.9803921568627452,1.0,0
2022-08-23,0.6283386661647532,2.0,0.48780487804878053,0.0,0.0,0,0.0,0.6589521054329959,0.0,1e-06,1.0,Utsuroi,1e-06,0.9803921568627452,1.0,0
2022-08-24,0.6201373988330512,1.0,0.9523809523809523,0.0,0.0,0,0.0,0.33751205400260376,0.0,1e-06,0.03415579322857831,Utsuroi,1e-06,0.9803921568627452,1.0,0
2022-08-25,0.6273850304285088,2.0,0.48780487804878053,0.0,0.0,0,0.0,0.6589521054329959,0.0,1e-06,0.00909854810873778,Utsuroi,1e-06,0.9803921568627452,1.0,0
2022-08-26,0.6232128740824393,2.0,0.48780487804878053,0.0,0.0,0,0.0,0.6589521054329959,0.0,1e-06,1.0,Utsuroi,1e-06,0.9803921568627452,1.0,0
2022-08-29,0.6514404918752745,2.0,0.48780487804878053,0.0,0.0,0,0.0,0.6589521054329959,0.0,1e-06,1.0,Utsuroi,1e-06,0.9803921568627452,1.0,0
2022-08-30,0.6429054520358869,2.5,0.3921568627450981,0.0,0.0,0,0.0,0.8196721311479509,0.0,1e-06,0.002204912230265643,Katashi,1e-06,0.9803921568627452,1.0,0
2022-08-31,0.6505822197126546,1.0,0.9523809523809523,0.0,0.0,0,0.0,0.33751205400260376,0.0,1e-06,0.02978725239506541,Utsuroi,1e-06,0.9803921568627452,1.0,0
2022-09-01,0.6401399084007781,2.0,0.48780487804878053,0.0,0.0,0,0.0,0.6589521054329959,0.0,1e-06,0.00909854810873778,Utsuroi,1e-06,0.9803921568627452,1.0,0
2022-09-02,0.5928395758830541,1.0,0.9523809523809523,0.0,0.0,0,0.0,0.33751205400260376,0.0,1e-06,0.03415579322857831,Utsuroi,1e-06,0.9803921568627452,1.0,0
2022-09-06,0.5833032185206098,1.0,0.9523809523809523,0.0,0.0,0,0.0,0.33751205400260376,0.0,1e-06,1.0,Utsuroi,1e-06,0.9803921568627452,1.0,0
2022-09-07,0.6249771001944917,2.0,0.48780487804878053,0.0,0.0,0,0.0,0.6589521054329959,0.0,1e-06,0.00909854810873778,Utsuroi,1e-06,0.9803921568627452,1.0,0
2022-09-08,0.6352763661459314,1.0,0.9523809523809523,0.0,0.0,0,0.0,0.33751205400260376,0.0,1e-06,0.03415579322857831,Utsuroi,1e-06,0.9803921568627452,1.0,0
2022-09-09,0.6759250894033504,2.0,0.48780487804878053,0.0,0.0,0,0.0,0.6589521054329959,0.0,1e-06,0.00909854810873778,Utsuroi,1e-06,0.9803921568627452,1.0,0
2022-09-12,0.6633132567915176,2.0,0.48780487804878053,0.0,0.0,0,0.0,0.6589521054329959,0.0,1e-06,1.0,Utsuroi,1e-06,0.9803921568627452,1.0,0
2022-09-13,0.6695357299705127,2.0,0.48780487804878053,0.0,0.0,0,0.0,0.6589521054329959,0.0,1e-06,1.0,Utsuroi,1e-06,0.9803921568627452,1.0,0
2022-09-14,0.6455517912039651,2.0,0.48780487804878053,0.0,0.0,0,0.0,0.6589521054329959,0.0,1e-06,1.0,Utsuroi,1e-06,0.9803921568627452,1.0,0
2022-09-15,0.6431677018633539,2.0,0.48780487804878053,0.0,0.0,0,0.0,0.6589521054329959,0.0,1e-06,1.0,Utsuroi,1e-06,0.9803921568627452,1.0,0
2022-09-16,0.6262645084384215,2.0,0.48780487804878053,0.0,0.0,0,0.0,0.6589521054329959,0.0,1e-06,1.0,Utsuroi,1e-06,0.9803921568627452,1.0,0
2022-09-19,0.637970387100822,2.0,0.48780487804878053,0.0,0.0,0,0.0,0.6589521054329959,0.0,1e-06,1.0,Utsuroi,1e-06,0.9803921568627452,1.0,0
2022-09-20,0.6292923019009976,2.0,0.48780487804878053,0.0,0.0,0,0.0,0.6589521054329959,0.0,1e-06,1.0,Utsuroi,1e-06,0.9803921568627452,1.0,0
2022-09-21,0.5936024844720498,2.0,0.48780487804878053,0.0,0.0,0,0.0,0.6589521054329959,0.0,1e-06,1.0,Utsuroi,1e-06,0.9803921568627452,1.0,0
2022-09-22,0.5524531024531024,2.0,0.48780487804878053,0.0,0.0,0,0.0,0.6589521054329959,0.0,1e-06,1.0,Utsuroi,1e-06,0.9803921568627452,1.0,0
2022-09-23,0.5463021519543259,2.0,0.48780487804878053,0.0,0.0,0,0.0,0.6589521054329959,0.0,1e-06,1.0,Utsuroi,1e-06,0.9803921568627452,1.0,0
2022-09-26,0.5336903193424933,2.0,0.48780487804878053,0.0,0.0,0,0.0,0.6589521054329959,0.0,1e-06,1.0,Utsuroi,1e-06,0.9803921568627452,1.0,0
2022-09-27,0.5012190225233705,2.0,0.48780487804878053,0.0,0.0,0,0.0,0.6589521054329959,0.0,1e-06,1.0,Utsuroi,1e-06,0.9803921568627452,1.0,0
2022-09-28,0.5151421042725393,1.0,0.9523809523809523,0.0,0.0,0,0.0,0.33751205400260376,0.0,1e-06,0.03415579322857831,Utsuroi,1e-06,0.9803921568627452,1.0,0
2022-09-29,0.540079678775331,1.0,0.9523809523809523,0.0,0.0,0,0.0,0.33751205400260376,0.0,1e-06,1.0,Utsuroi,1e-06,0.9803921568627452,1.0,0
2022-09-30,0.5489246502289982,2.0,0.48780487804878053,0.0,0.0,0,0.0,0.6589521054329959,0.0,1e-06,0.00909854810873778,Utsuroi,1e-06,0.9803921568627452,1.0,0
2022-10-03,0.5590570299265951,2.0,0.48780487804878053,1.0408662819985874e-10,0.9999999998949134,1,1.0938110496214904e-20,0.6589521054329959,1.0,1e-06,0.554905640002036,Utsuroi,1e-06,0.9803921568627452,1.0,0
2022-10-04,0.5921958717610892,2.0,0.48780487804878053,9.787082255252376e-11,0.9999999999011292,1,9.676566565067489e-21,0.6589521054329959,1.0,1e-06,1.0,Utsuroi,1e-06,0.9803921568627452,1.0,0
2022-10-05,0.5942223477006086,1.5,0.6451612903225806,0.0,0.0,0,0.0,0.4982320797178802,0.0,1e-06,0.5635383496527522,Utsuroi,1e-06,0.9803921568627452,1.0,0
2022-10-06,0.588047556308426,2.0,0.48780487804878053,0.0,0.0,0,0.0,0.6589521054329959,0.0,1e-06,0.005645283121509914,Utsuroi,1e-06,0.9803921568627452,1.0,0
2022-10-07,0.5941031432335779,2.0,0.48780487804878053,0.0,0.0,0,0.0,0.6589521054329959,0.0,1e-06,1.0,Utsuroi,1e-06,0.9803921568627452,1.0,0
2022-10-10,0.5900740322479453,2.0,0.48780487804878053,1.2744483245682492e-10,0.9999999998715552,1,1.6369627334157316e-20,0.6589521054329959,1.0,1e-06,0.554905640002036,Utsuroi,1e-06,0.9803921568627452,1.0,0
2022-10-11,0.5489961729092162,2.0,0.48780487804878053,0.0,0.0,0,0.0,0.6589521054329959,0.0,1e-06,1.0,Utsuroi,1e-06,0.9803921568627452,1.0,0
2022-10-12,0.541367087019261,2.5,0.3921568627450981,0.0,0.0,0,0.0,0.8196721311479509,0.0,1e-06,0.002204912230265643,Katashi,1e-06,0.9803921568627452,1.0,0
2022-10-13,0.5360982495765106,2.0,0.48780487804878053,0.0,0.0,0,0.0,0.6589521054329959,0.0,1e-06,0.0034095401927766167,Utsuroi,1e-06,0.9803921568627452,1.0,0
2022-10-14,0.5496637179245875,2.0,0.48780487804878053,0.0,0.0,0,0.0,0.6589521054329959,0.0,1e-06,1.0,Utsuroi,1e-06,0.9803921568627452,1.0,0
2022-10-17,0.5931256666039277,2.5,0.3921568627450981,0.0,0.0,0,0.0,0.8196721311479509,0.0,1e-06,0.002204912230265643,Katashi,1e-06,0.9803921568627452,1.0,0
2022-10-18,0.6109348139782922,1.0,0.9523809523809523,0.0,0.0,0,0.0,0.33751205400260376,0.0,1e-06,0.02978725239506541,Utsuroi,1e-06,0.9803921568627452,1.0,0
2022-10-19,0.5877137838007404,2.0,0.48780487804878053,0.6901167314467725,0.5389062120595955,2,0.3182085378238432,0.6589521054329959,2.0,1e-06,0.02605770533847518,Utsuroi,1e-06,0.9803921568627452,1.0,0
2022-10-20,0.5817774013426188,1.0,0.9523809523809523,0.0,0.0,0,0.0,0.33751205400260376,0.0,1e-06,0.7695888566619846,Utsuroi,1e-06,0.9803921568627452,1.0,0
2022-10-21,0.5910991906644081,2.0,0.48780487804878053,5.136973067817398e-10,0.9999999994853027,1,2.6439860900576894e-19,0.6589521054329959,1.0,1e-06,0.06033321480977483,Utsuroi,1e-06,0.9803921568627452,1.0,0
2022-10-24,0.6030673191542759,1.5,0.6451612903225806,0.0,0.0,0,0.0,0.4982320797178802,0.0,1e-06,0.5635383496527522,Utsuroi,1e-06,0.9803921568627452,1.0,0
2022-10-25,0.6272658259614782,2.0,0.48780487804878053,0.0,0.0,0,0.0,0.6589521054329959,0.0,1e-06,0.005645283121509914,Utsuroi,1e-06,0.9803921568627452,1.0,0
2022-10-26,0.6209241483154527,2.0,0.48780487804878053,0.0,0.0,0,0.0,0.6589521054329959,0.0,1e-06,1.0,Utsuroi,1e-06,0.9803921568627452,1.0,0
2022-10-27,0.6072871572871574,2.0,0.48780487804878053,0.0,0.0,0,0.0,0.6589521054329959,0.0,1e-06,1.0,Utsuroi,1e-06,0.9803921568627452,1.0,0
2022-10-28,0.5764847230064621,2.0,0.48780487804878053,0.0,0.0,0,0.0,0.6589521054329959,0.0,1e-06,1.0,Utsuroi,1e-06,0.9803921568627452,1.0,0
2022-10-31,0.5707629085889956,2.0,0.48780487804878053,0.0,0.0,0,0.0,0.6589521054329959,0.0,1e-06,1.0,Utsuroi,1e-06,0.9803921568627452,1.0,0
2022-11-01,0.5407710646841083,2.0,0.48780487804878053,0.0,0.0,0,0.0,0.6589521054329959,0.0,1e-06,1.0,Utsuroi,1e-06,0.9803921568627452,1.0,0
2022-11-02,0.5490200138026226,2.0,0.48780487804878053,0.0,0.0,0,0.0,0.6589521054329959,0.0,1e-06,1.0,Utsuroi,1e-06,0.9803921568627452,1.0,0
2022-11-03,0.5082997678649853,2.0,0.48780487804878053,0.0,0.0,0,0.0,0.6589521054329959,0.0,1e-06,1.0,Utsuroi,1e-06,0.9803921568627452,1.0,0
2022-11-04,0.4976190476190477,2.0,0.48780487804878053,0.0,0.0,0,0.0,0.6589521054329959,0.0,1e-06,1.0,Utsuroi,1e-06,0.9803921568627452,1.0,0
2022-11-07,0.4904667795972145,2.0,0.48780487804878053,0.0,0.0,0,0.0,0.6589521054329959,0.0,1e-06,1.0,Utsuroi,1e-06,0.9803921568627452,1.0,0
2022-11-08,0.4691291799987453,2.0,0.48780487804878053,0.0,0.0,0,0.0,0.6589521054329959,0.0,1e-06,1.0,Utsuroi,1e-06,0.9803921568627452,1.0,0
2022-11-09,0.4628828659263442,1.5,0.6451612903225806,0.0,0.0,0,0.0,0.4982320797178802,0.0,1e-06,0.009853204579840735,Utsuroi,1e-06,0.9803921568627452,1.0,0
2022-11-10,0.526752619361315,1.5,0.6451612903225806,0.0,0.0,0,0.0,0.4982320797178802,0.0,1e-06,1.0,Utsuroi,1e-06,0.9803921568627452,1.0,0
2022-11-11,0.537290294246816,2.0,0.48780487804878053,0.0,0.0,0,0.0,0.6589521054329959,0.0,1e-06,0.005645283121509914,Utsuroi,1e-06,0.9803921568627452,1.0,0
2022-11-14,0.5298519355041096,2.0,0.48780487804878053,0.0,0.0,0,0.0,0.6589521054329959,0.0,1e-06,1.0,Utsuroi,1e-06,0.9803921568627452,1.0,0
2022-11-15,0.5276824142041534,2.0,0.48780487804878053,0.0,0.0,0,0.0,0.6589521054329959,0.0,1e-06,1.0,Utsuroi,1e-06,0.9803921568627452,1.0,0
2022-11-16,0.4967846163498336,2.0,0.48780487804878053,0.0,0.0,0,0.0,0.6589521054329959,0.0,1e-06,1.0,Utsuroi,1e-06,0.9803921568627452,1.0,0
2022-11-17,0.4939475500345064,2.0,0.48780487804878053,0.0,0.0,0,0.0,0.6589521054329959,0.0,1e-06,1.0,Utsuroi,1e-06,0.9803921568627452,1.0,0
2022-11-18,0.49018068887634114,2.0,0.48780487804878053,4.5632497779358854e-11,0.9999999999533675,1,2.1279563419427984e-21,0.6589521054329959,1.0,1e-06,0.554905640002036,Utsuroi,1e-06,0.9803921568627452,1.0,0
2022-11-21,0.4867952820126733,1.0,0.9523809523809523,5.401806778194691e-10,0.9999999994588193,1,2.9233533349669763e-19,0.33751205400260376,1.0,1e-06,0.3021905927762979,Utsuroi,1e-06,0.9803921568627452,1.0,0
2022-11-22,0.5160003764351591,1.0,0.9523809523809523,6.58842980150018e-11,0.9999999999331157,1,4.4066235656179046e-21,0.33751205400260376,1.0,1e-06,1.0,Utsuroi,1e-06,0.9803921568627452,1.0,0
2022-11-23,0.5419631093544137,1.0,0.9523809523809523,0.0,0.0,0,0.0,0.33751205400260376,0.0,1e-06,1.0,Utsuroi,1e-06,0.9803921568627452,1.0,0
2022-11-25,0.502434908087082,1.0,0.9523809523809523,5.279867652796283e-10,0.9999999994710133,1,2.7929799946962176e-19,0.33751205400260376,1.0,1e-06,0.3086149790086915,Utsuroi,1e-06,0.9803921568627452,1.0,0
2022-11-28,0.5012428634167764,1.0,0.9523809523809523,0.0,0.0,0,0.0,0.33751205400260376,0.0,1e-06,1.0,Utsuroi,1e-06,0.9803921568627452,1.0,0
2022-11-29,0.5078944726770814,1.0,0.9523809523809523,0.0,0.0,0,0.0,0.33751205400260376,0.0,1e-06,1.0,Utsuroi,1e-06,0.9803921568627452,1.0,0
2022-11-30,0.5732662023966372,2.0,0.48780487804878053,0.0,0.0,0,0.0,0.6589521054329959,0.0,1e-06,0.00909854810873778,Utsuroi,1e-06,0.9803921568627452,1.0,0
2022-12-01,0.5747443377878161,1.5,0.6451612903225806,0.0,0.0,0,0.0,0.4982320797178802,0.0,1e-06,0.009853204579840735,Utsuroi,1e-06,0.9803921568627452,1.0,0
2022-12-02,0.5883574879227054,2.0,0.48780487804878053,0.0,0.0,0,0.0,0.6589521054329959,0.0,1e-06,0.005645283121509914,Utsuroi,1e-06,0.9803921568627452,1.0,0
2022-12-05,0.5750781102955018,3.0,0.3278688524590164,0.0,0.0,0,0.0,0.9803921568627452,0.0,1e-06,0.0013248229092196473,Katashi,1e-06,0.9803921568627452,1.0,0
2022-12-06,0.5789164941338855,2.0,0.48780487804878053,0.0,0.0,0,0.0,0.6589521054329959,0.0,1e-06,0.002930043307809771,Utsuroi,1e-06,0.9803921568627452,1.0,0
2022-12-07,0.5874515339732731,2.0,0.48780487804878053,0.0,0.0,0,0.0,0.6589521054329959,0.0,1e-06,1.0,Utsuroi,1e-06,0.9803921568627452,1.0,0
2022-12-08,0.587380011293055,1.0,0.9523809523809523,0.0,0.0,0,0.0,0.33751205400260376,0.0,1e-06,0.03415579322857831,Utsuroi,1e-06,0.9803921568627452,1.0,0
2022-12-09,0.57643704121965,1.0,0.9523809523809523,0.0,0.0,0,0.0,0.33751205400260376,0.0,1e-06,1.0,Utsuroi,1e-06,0.9803921568627452,1.0,0
2022-12-12,0.5722648848735805,2.0,0.48780487804878053,5.5995097446068216e-11,0.9999999999430049,1,3.1914447968237897e-21,0.6589521054329959,1.0,1e-06,0.06033321480977483,Utsuroi,1e-06,0.9803921568627452,1.0,0
2022-12-13,0.5142838321099191,2.0,0.48780487804878053,0.0,0.0,0,0.0,0.6589521054329959,0.0,1e-06,1.0,Utsuroi,1e-06,0.9803921568627452,1.0,0
2022-12-14,0.4941621180751617,2.0,0.48780487804878053,0.0,0.0,0,0.0,0.6589521054329959,0.0,1e-06,1.0,Utsuroi,1e-06,0.9803921568627452,1.0,0
2022-12-15,0.510826902566033,2.0,0.48780487804878053,0.0,0.0,0,0.0,0.6589521054329959,0.0,1e-06,1.0,Utsuroi,1e-06,0.9803921568627452,1.0,0
2022-12-16,0.4785701737875652,2.0,0.48780487804878053,0.0,0.0,0,0.0,0.6589521054329959,0.0,1e-06,1.0,Utsuroi,1e-06,0.9803921568627452,1.0,0
2022-12-19,0.5137593324549846,2.0,0.48780487804878053,0.0,0.0,0,0.0,0.6589521054329959,0.0,1e-06,1.0,Utsuroi,1e-06,0.9803921568627452,1.0,0
2022-12-20,0.5115659702616225,2.0,0.48780487804878053,0.0,0.0,0,0.0,0.6589521054329959,0.0,1e-06,1.0,Utsuroi,1e-06,0.9803921568627452,1.0,0
2022-12-21,0.5283499592195244,2.0,0.48780487804878053,0.0,0.0,0,0.0,0.6589521054329959,0.0,1e-06,1.0,Utsuroi,1e-06,0.9803921568627452,1.0,0
2022-12-22,0.5561246000376435,2.0,0.48780487804878053,0.0,0.0,0,0.0,0.6589521054329959,0.0,1e-06,1.0,Utsuroi,1e-06,0.9803921568627452,1.0,0
2022-12-23,0.5208639186900057,2.0,0.48780487804878053,0.0,0.0,0,0.0,0.6589521054329959,0.0,1e-06,1.0,Utsuroi,1e-06,0.9803921568627452,1.0,0
2022-12-27,0.5120666290231508,2.5,0.3921568627450981,0.0,0.0,0,0.0,0.8196721311479509,0.0,1e-06,0.002204912230265643,Katashi,1e-06,0.9803921568627452,1.0,0
2022-12-28,0.5104692891649413,2.5,0.3921568627450981,0.0,0.0,0,0.0,0.8196721311479509,0.0,1e-06,1.0,Katashi,1e-06,0.9803921568627452,1.0,0
2022-12-29,0.5715258171779911,3.0,0.3278688524590164,0.0,0.0,0,0.0,0.9803921568627452,0.0,1e-06,0.0010325306389251665,Katashi,1e-06,0.9803921568627452,1.0,0
2022-12-30,0.571907271472489,1.5,0.6451612903225806,0.0,0.0,0,0.0,0.4982320797178802,0.0,1e-06,0.007272863444101718,Utsuroi,1e-06,0.9803921568627452,1.0,0
2023-01-03,0.4944958905828472,2.0,0.48780487804878053,0.0,0.0,0,0.0,0.6589521054329959,0.0,1e-06,0.005645283121509914,Utsuroi,1e-06,0.9803921568627452,1.0,0
2023-01-04,0.4738019951063431,1.5,0.6451612903225806,0.0,0.0,0,0.0,0.4982320797178802,0.0,1e-06,0.009853204579840735,Utsuroi,1e-06,0.9803921568627452,1.0,0
2023-01-05,0.4726099504360374,1.0,0.9523809523809523,0.0,0.0,0,0.0,0.33751205400260376,0.0,1e-06,0.041945074592308895,Utsuroi,1e-06,0.9803921568627452,1.0,0
2023-01-06,0.505224292615597,1.0,0.9523809523809523,0.0,0.0,0,0.0,0.33751205400260376,0.0,1e-06,1.0,Utsuroi,1e-06,0.9803921568627452,1.0,0
2023-01-09,0.5190043290043291,2.0,0.48780487804878053,0.0,0.0,0,0.0,0.6589521054329959,0.0,1e-06,0.00909854810873778,Utsuroi,1e-06,0.9803921568627452,1.0,0
2023-01-10,0.5265857331074723,2.0,0.48780487804878053,0.0,0.0,0,0.0,0.6589521054329959,0.0,1e-06,1.0,Utsuroi,1e-06,0.9803921568627452,1.0,0
2023-01-11,0.5550040780475564,2.0,0.48780487804878053,0.0,0.0,0,0.0,0.6589521054329959,0.0,1e-06,1.0,Utsuroi,1e-06,0.9803921568627452,1.0,0
2023-01-12,0.5581987577639752,2.0,0.48780487804878053,0.0,0.0,0,0.0,0.6589521054329959,0.0,1e-06,1.0,Utsuroi,1e-06,0.9803921568627452,1.0,0
2023-01-13,0.5680450467406988,2.0,0.48780487804878053,0.0,0.0,0,0.0,0.6589521054329959,0.0,1e-06,1.0,Utsuroi,1e-06,0.9803921568627452,1.0,0
2023-01-17,0.543059790451095,2.0,0.48780487804878053,0.0,0.0,0,0.0,0.6589521054329959,0.0,1e-06,1.0,Utsuroi,1e-06,0.9803921568627452,1.0,0
2023-01-18,0.53040027605245,2.0,0.48780487804878053,0.0,0.0,0,0.0,0.6589521054329959,0.0,1e-06,1.0,Utsuroi,1e-06,0.9803921568627452,1.0,0
2023-01-19,0.5066070644331515,2.0,0.48780487804878053,0.0,0.0,0,0.0,0.6589521054329959,0.0,1e-06,1.0,Utsuroi,1e-06,0.9803921568627452,1.0,0
2023-01-20,0.5213407365581278,2.0,0.48780487804878053,0.0,0.0,0,0.0,0.6589521054329959,0.0,1e-06,1.0,Utsuroi,1e-06,0.9803921568627452,1.0,0
2023-01-23,0.5045090658134137,2.0,0.48780487804878053,0.0,0.0,0,0.0,0.6589521054329959,0.0,1e-06,1.0,Utsuroi,1e-06,0.9803921568627452,1.0,0
2023-01-24,0.5029117259552043,2.0,0.48780487804878053,0.0,0.0,0,0.0,0.6589521054329959,0.0,1e-06,1.0,Utsuroi,1e-06,0.9803921568627452,1.0,0
2023-01-25,0.49864420603551046,1.0,0.9523809523809523,0.0,0.0,0,0.0,0.33751205400260376,0.0,1e-06,0.03415579322857831,Utsuroi,1e-06,0.9803921568627452,1.0,0
2023-01-26,0.4883449400840706,1.0,0.9523809523809523,0.0,0.0,0,0.0,0.33751205400260376,0.0,1e-06,1.0,Utsuroi,1e-06,0.9803921568627452,1.0,0
2023-01-27,0.49525879917184273,1.0,0.9523809523809523,0.0,0.0,0,0.0,0.33751205400260376,0.0,1e-06,1.0,Utsuroi,1e-06,0.9803921568627452,1.0,0
2023-01-30,0.4854601919819311,1.0,0.9523809523809523,0.0,0.0,0,0.0,0.33751205400260376,0.0,1e-06,1.0,Utsuroi,1e-06,0.9803921568627452,1.0,0
2023-01-31,0.4706788380701425,1.0,0.9523809523809523,3.3892444405938686e-11,0.9999999999651076,1,1.1825894824770287e-21,0.33751205400260376,1.0,1e-06,0.3086149790086915,Utsuroi,1e-06,0.9803921568627452,1.0,0
2023-02-01,0.44578894535416286,2.0,0.48780487804878053,3.9205749756990255e-11,0.9999999999597943,1,1.5762956964977767e-21,0.6589521054329959,1.0,1e-06,0.1126639271240617,Utsuroi,1e-06,0.9803921568627452,1.0,0
2023-02-02,0.44366710584101887,2.0,0.48780487804878053,4.732658709255395e-11,0.9999999999516734,1,2.2871313860313748e-21,0.6589521054329959,1.0,1e-06,1.0,Utsuroi,1e-06,0.9803921568627452,1.0,0
2023-02-03,0.47258610954263136,2.0,0.48780487804878053,0.0,0.0,0,0.0,0.6589521054329959,0.0,1e-06,1.0,Utsuroi,1e-06,0.9803921568627452,1.0,0
2023-02-06,0.5123765606374302,0.0,20.0,0.0,0.0,0,0.0,0.01607200257156863,0.0,1e-06,0.1234595322318508,Utsuroi,1e-06,0.9803921568627452,1.0,0
2023-02-07,0.4785940146809713,0.0,20.0,0.0,0.0,0,0.0,0.01607200257156863,0.0,1e-06,1.0,Utsuroi,1e-06,0.9803921568627452,1.0,0
2023-02-08,0.482623125666604,1.0,0.9523809523809523,0.0,0.0,0,0.0,0.33751205400260376,0.0,1e-06,0.906842744088725,Utsuroi,1e-06,0.9803921568627452,1.0,0
2023-02-09,0.5055103833364705,3.0,0.3278688524590164,0.0,0.0,0,0.0,0.9803921568627452,0.0,1e-06,0.003258211101229813,Katashi,1e-06,0.9803921568627452,1.0,0
2023-02-10,0.5226281448020579,2.0,0.48780487804878053,0.0,0.0,0,0.0,0.6589521054329959,0.0,1e-06,0.002930043307809771,Utsuroi,1e-06,0.9803921568627452,1.0,0
2023-02-13,0.5108030616726269,1.0,0.9523809523809523,0.0,0.0,0,0.0,0.33751205400260376,0.0,1e-06,0.03415579322857831,Utsuroi,1e-06,0.9803921568627452,1.0,0
2023-02-14,0.5141407867494824,1.0,0.9523809523809523,0.0,0.0,0,0.0,0.33751205400260376,0.0,1e-06,1.0,Utsuroi,1e-06,0.9803921568627452,1.0,0
2023-02-15,0.5063924963924964,2.0,0.48780487804878053,0.0,0.0,0,0.0,0.6589521054329959,0.0,1e-06,0.00909854810873778,Utsuroi,1e-06,0.9803921568627452,1.0,0
2023-02-16,0.5515709893970764,3.0,0.3278688524590164,0.0,0.0,0,0.0,0.9803921568627452,0.0,1e-06,0.0013248229092196473,Katashi,1e-06,0.9803921568627452,1.0,0
2023-02-17,0.5570305539870758,2.0,0.48780487804878053,0.0,0.0,0,0.0,0.6589521054329959,0.0,1e-06,0.002930043307809771,Utsuroi,1e-06,0.9803921568627452,1.0,0
2023-02-21,0.5959627329192547,2.0,0.48780487804878053,0.0,0.0,0,0.0,0.6589521054329959,0.0,1e-06,1.0,Utsuroi,1e-06,0.9803921568627452,1.0,0
2023-02-22,0.6019944789510008,1.0,0.9523809523809523,0.0,0.0,0,0.0,0.33751205400260376,0.0,1e-06,0.03415579322857831,Utsuroi,1e-06,0.9803921568627452,1.0,0
2023-02-23,0.5980607315389925,2.0,0.48780487804878053,0.0,0.0,0,0.0,0.6589521054329959,0.0,1e-06,0.00909854810873778,Utsuroi,1e-06,0.9803921568627452,1.0,0
2023-02-24,0.6277426438296002,0.0,20.0,0.0,0.0,0,0.0,0.01607200257156863,0.0,1e-06,0.1234595322318508,Utsuroi,1e-06,0.9803921568627452,1.0,0
2023-02-27,0.6341320032624381,2.0,0.48780487804878053,0.0,0.0,0,0.0,0.6589521054329959,0.0,1e-06,0.5709856531405589,Utsuroi,1e-06,0.9803921568627452,1.0,0
2023-02-28,0.6165851057155405,2.0,0.48780487804878053,0.0,0.0,0,0.0,0.6589521054329959,0.0,1e-06,1.0,Utsuroi,1e-06,0.9803921568627452,1.0,0
2023-03-01,0.61946985381768,1.0,0.9523809523809523,2.028355261321929e-10,0.9999999997961645,1,4.1345081704598655e-20,0.33751205400260376,1.0,1e-06,0.9967701255613131,Utsuroi,1e-06,0.9803921568627452,1.0,0
2023-03-02,0.5883574879227054,2.0,0.48780487804878053,5.71542813060126e-11,0.9999999999418457,1,3.323764888658436e-21,0.6589521054329959,1.0,1e-06,0.1126639271240617,Utsuroi,1e-06,0.9803921568627452,1.0,0
2023-03-03,0.5983706631532719,2.0,0.48780487804878053,1.3527023944485957e-10,0.9999999998637298,1,1.843330492776001e-20,0.6589521054329959,1.0,1e-06,1.0,Utsuroi,1e-06,0.9803921568627452,1.0,0
2023-03-06,0.568474182822009,2.5,0.3921568627450981,0.0,0.0,0,0.0,0.8196721311479509,0.0,1e-06,0.5605760429433411,Katashi,1e-06,0.9803921568627452,1.0,0
2023-03-07,0.5303049124788255,2.5,0.3921568627450981,0.0,0.0,0,0.0,0.8196721311479509,0.0,1e-06,1.0,Katashi,1e-06,0.9803921568627452,1.0,0
2023-03-08,0.5369088399523182,2.0,0.48780487804878053,0.0,0.0,0,0.0,0.6589521054329959,0.0,1e-06,0.0034095401927766167,Utsuroi,1e-06,0.9803921568627452,1.0,0
2023-03-09,0.5542411694585608,2.0,0.48780487804878053,0.0,0.0,0,0.0,0.6589521054329959,0.0,1e-06,1.0,Utsuroi,1e-06,0.9803921568627452,1.0,0
2023-03-10,0.536241294936947,2.0,0.48780487804878053,5.440758954324592e-11,0.9999999999445924,1,3.014592185943589e-21,0.6589521054329959,1.0,1e-06,0.554905640002036,Utsuroi,1e-06,0.9803921568627452,1.0,0
2023-03-13,0.5528822385344125,2.0,0.48780487804878053,0.0,0.0,0,0.0,0.6589521054329959,0.0,1e-06,1.0,Utsuroi,1e-06,0.9803921568627452,1.0,0
2023-03-14,0.558174916870569,2.0,0.48780487804878053,0.0,0.0,0,0.0,0.6589521054329959,0.0,1e-06,1.0,Utsuroi,1e-06,0.9803921568627452,1.0,0
2023-03-15,0.5513087395696092,2.0,0.48780487804878053,0.0,0.0,0,0.0,0.6589521054329959,0.0,1e-06,1.0,Utsuroi,1e-06,0.9803921568627452,1.0,0
2023-03-16,0.558794780099128,2.0,0.48780487804878053,0.0,0.0,0,0.0,0.6589521054329959,0.0,1e-06,1.0,Utsuroi,1e-06,0.9803921568627452,1.0,0
2023-03-17,0.5590808708200012,0.0,20.0,0.0,0.0,0,0.0,0.01607200257156863,0.0,1e-06,0.1234595322318508,Utsuroi,1e-06,0.9803921568627452,1.0,0
2023-03-20,0.5570543948804818,0.0,20.0,0.0,0.0,0,0.0,0.01607200257156863,0.0,1e-06,1.0,Utsuroi,1e-06,0.9803921568627452,1.0,0
2023-03-21,0.5267049375745028,1.0,0.9523809523809523,0.0,0.0,0,0.0,0.33751205400260376,0.0,1e-06,0.906842744088725,Utsuroi,1e-06,0.9803921568627452,1.0,0
2023-03-22,0.5306386849865111,1.0,0.9523809523809523,0.0,0.0,0,0.0,0.33751205400260376,0.0,1e-06,1.0,Utsuroi,1e-06,0.9803921568627452,1.0,0
2023-03-23,0.48426814731162554,1.0,0.9523809523809523,0.0,0.0,0,0.0,0.33751205400260376,0.0,1e-06,1.0,Utsuroi,1e-06,0.9803921568627452,1.0,0
2023-03-24,0.477688060731539,1.0,0.9523809523809523,0.0,0.0,0,0.0,0.33751205400260376,0.0,1e-06,1.0,Utsuroi,1e-06,0.9803921568627452,1.0,0
2023-03-27,0.4852217830478699,1.0,0.9523809523809523,0.0,0.0,0,0.0,0.33751205400260376,0.0,1e-06,1.0,Utsuroi,1e-06,0.9803921568627452,1.0,0
2023-03-28,0.45375180375180374,2.0,0.48780487804878053,0.0,0.0,0,0.0,0.6589521054329959,0.0,1e-06,0.00909854810873778,Utsuroi,1e-06,0.9803921568627452,1.0,0
2023-03-29,0.4666020452976975,1.0,0.9523809523809523,0.0,0.0,0,0.0,0.33751205400260376,0.0,1e-06,0.03415579322857831,Utsuroi,1e-06,0.9803921568627452,1.0,0
2023-03-30,0.47938076416337283,3.0,0.3278688524590164,0.0,0.0,0,0.0,0.9803921568627452,0.0,1e-06,0.003258211101229813,Katashi,1e-06,0.9803921568627452,1.0,0
2023-03-31,0.4824562394127612,2.5,0.3921568627450981,0.0,0.0,0,0.0,0.8196721311479509,0.0,1e-06,0.0014768085321711366,Katashi,1e-06,0.9803921568627452,1.0,0
2023-04-03,0.49044293870380834,2.0,0.48780487804878053,0.0,0.0,0,0.0,0.6589521054329959,0.0,1e-06,0.0034095401927766167,Utsuroi,1e-06,0.9803921568627452,1.0,0
2023-04-04,0.44710019449149885,1.0,0.9523809523809523,0.0,0.0,0,0.0,0.33751205400260376,0.0,1e-06,0.03415579322857831,Utsuroi,1e-06,0.9803921568627452,1.0,0
2023-04-05,0.4653146370537675,1.0,0.9523809523809523,0.0,0.0,0,0.0,0.33751205400260376,0.0,1e-06,1.0,Utsuroi,1e-06,0.9803921568627452,1.0,0
2023-04-06,0.4552299391429827,2.0,0.48780487804878053,0.0,0.0,0,0.0,0.6589521054329959,0.0,1e-06,0.00909854810873778,Utsuroi,1e-06,0.9803921568627452,1.0,0
2023-04-10,0.4623106844845975,2.0,0.48780487804878053,0.0,0.0,0,0.0,0.6589521054329959,0.0,1e-06,1.0,Utsuroi,1e-06,0.9803921568627452,1.0,0
2023-04-11,0.4352989522554741,2.0,0.48780487804878053,0.0,0.0,0,0.0,0.6589521054329959,0.0,1e-06,1.0,Utsuroi,1e-06,0.9803921568627452,1.0,0
2023-04-12,0.4506524876090094,1.0,0.9523809523809523,0.0,0.0,0,0.0,0.33751205400260376,0.0,1e-06,0.03415579322857831,Utsuroi,1e-06,0.9803921568627452,1.0,0
2023-04-13,0.4614762532153838,1.0,0.9523809523809523,0.0,0.0,0,0.0,0.33751205400260376,0.0,1e-06,1.0,Utsuroi,1e-06,0.9803921568627452,1.0,0
2023-04-14,0.4491981931112367,2.0,0.48780487804878053,0.0,0.0,0,0.0,0.6589521054329959,0.0,1e-06,0.00909854810873778,Utsuroi,1e-06,0.9803921568627452,1.0,0
2023-04-17,0.4526551226551227,3.0,0.3278688524590164,0.0,0.0,0,0.0,0.9803921568627452,0.0,1e-06,0.0013248229092196473,Katashi,1e-06,0.9803921568627452,1.0,0
2023-04-18,0.4070474935692327,1.0,0.9523809523809523,0.0,0.0,0,0.0,0.33751205400260376,0.0,1e-06,0.027010664714325783,Utsuroi,1e-06,0.9803921568627452,1.0,0
2023-04-19,0.4158686241294937,2.0,0.48780487804878053,0.0,0.0,0,0.0,0.6589521054329959,0.0,1e-06,0.00909854810873778,Utsuroi,1e-06,0.9803921568627452,1.0,0
2023-04-20,0.42073216638434036,2.0,0.48780487804878053,0.0,0.0,0,0.0,0.6589521054329959,0.0,1e-06,1.0,Utsuroi,1e-06,0.9803921568627452,1.0,0
2023-04-21,0.39109793588054464,2.0,0.48780487804878053,0.0,0.0,0,0.0,0.6589521054329959,0.0,1e-06,1.0,Utsuroi,1e-06,0.9803921568627452,1.0,0
2023-04-24,0.388833051006964,2.0,0.48780487804878053,0.0,0.0,0,0.0,0.6589521054329959,0.0,1e-06,1.0,Utsuroi,1e-06,0.9803921568627452,1.0,0
2023-04-25,0.39004893657067574,2.0,0.48780487804878053,0.0,0.0,0,0.0,0.6589521054329959,0.0,1e-06,1.0,Utsuroi,1e-06,0.9803921568627452,1.0,0
2023-04-26,0.36809147374364765,1.5,0.6451612903225806,0.0,0.0,0,0.0,0.4982320797178802,0.0,1e-06,0.009853204579840735,Utsuroi,1e-06,0.9803921568627452,1.0,0
2023-04-27,0.38001192044670307,1.0,0.9523809523809523,0.0,0.0,0,0.0,0.33751205400260376,0.0,1e-06,0.041945074592308895,Utsuroi,1e-06,0.9803921568627452,1.0,0
2023-04-28,0.3740755379885815,2.0,0.48780487804878053,0.0,0.0,0,0.0,0.6589521054329959,0.0,1e-06,0.00909854810873778,Utsuroi,1e-06,0.9803921568627452,1.0,0
2023-05-01,0.3406506054332142,2.0,0.48780487804878053,0.0,0.0,0,0.0,0.6589521054329959,0.0,1e-06,1.0,Utsuroi,1e-06,0.9803921568627452,1.0,0
2023-05-02,0.31754877972269274,2.0,0.48780487804878053,0.0,0.0,0,0.0,0.6589521054329959,0.0,1e-06,1.0,Utsuroi,1e-06,0.9803921568627452,1.0,0
2023-05-03,0.2578750235271975,1.0,0.9523809523809523,0.0,0.0,0,0.0,0.33751205400260376,0.0,1e-06,0.03415579322857831,Utsuroi,1e-06,0.9803921568627452,1.0,0
2023-05-04,0.2706060606060606,1.5,0.6451612903225806,0.0,0.0,0,0.0,0.4982320797178802,0.0,1e-06,0.01948546040826471,Utsuroi,1e-06,0.9803921568627452,1.0,0
2023-05-05,0.30398331137461576,1.5,0.6451612903225806,0.0,0.0,0,0.0,0.4982320797178802,0.0,1e-06,1.0,Utsuroi,1e-06,0.9803921568627452,1.0,0
2023-05-08,0.2944707949055775,1.5,0.6451612903225806,0.0,0.0,0,0.0,0.4982320797178802,0.0,1e-06,1.0,Utsuroi,1e-06,0.9803921568627452,1.0,0
2023-05-09,0.2705822197126545,1.0,0.9523809523809523,0.0,0.0,0,0.0,0.33751205400260376,0.0,1e-06,0.041945074592308895,Utsuroi,1e-06,0.9803921568627452,1.0,0
2023-05-10,0.305318401405358,1.0,0.9523809523809523,0.0,0.0,0,0.0,0.33751205400260376,0.0,1e-06,1.0,Utsuroi,1e-06,0.9803921568627452,1.0,0
2023-05-11,0.31106405671623066,1.5,0.6451612903225806,0.0,0.0,0,0.0,0.4982320797178802,0.0,1e-06,0.01948546040826471,Utsuroi,1e-06,0.9803921568627452,1.0,0
2023-05-12,0.31695275738754003,1.0,0.9523809523809523,0.0,0.0,0,0.0,0.33751205400260376,0.0,1e-06,0.041945074592308895,Utsuroi,1e-06,0.9803921568627452,1.0,0
2023-05-15,0.2782828282828283,2.0,0.48780487804878053,0.0,0.0,0,0.0,0.6589521054329959,0.0,1e-06,0.00909854810873778,Utsuroi,1e-06,0.9803921568627452,1.0,0
2023-05-16,0.2858880732793776,1.0,0.9523809523809523,0.0,0.0,0,0.0,0.33751205400260376,0.0,1e-06,0.03415579322857831,Utsuroi,1e-06,0.9803921568627452,1.0,0
2023-05-17,0.32234079929732107,1.0,0.9523809523809523,0.0,0.0,0,0.0,0.33751205400260376,0.0,1e-06,1.0,Utsuroi,1e-06,0.9803921568627452,1.0,0
2023-05-18,0.36084384214819004,1.5,0.6451612903225806,0.0,0.0,0,0.0,0.4982320797178802,0.0,1e-06,0.01948546040826471,Utsuroi,1e-06,0.9803921568627452,1.0,0
2023-05-19,0.366231884057971,0.0,20.0,0.0,0.0,0,0.0,0.01607200257156863,0.0,1e-06,0.07725213873492509,Utsuroi,1e-06,0.9803921568627452,1.0,0
2023-05-22,0.3571008218834306,2.0,0.48780487804878053,0.0,0.0,0,0.0,0.6589521054329959,0.0,1e-06,0.5709856531405589,Utsuroi,1e-06,0.9803921568627452,1.0,0
2023-05-23,0.38523307610264124,2.0,0.48780487804878053,0.0,0.0,0,0.0,0.6589521054329959,0.0,1e-06,1.0,Utsuroi,1e-06,0.9803921568627452,1.0,0
2023-05-24,0.38792709705753187,1.0,0.9523809523809523,0.0,0.0,0,0.0,0.33751205400260376,0.0,1e-06,0.03415579322857831,Utsuroi,1e-06,0.9803921568627452,1.0,0
2023-05-25,0.37312190225233716,2.0,0.48780487804878053,0.0,0.0,0,0.0,0.6589521054329959,0.0,1e-06,0.00909854810873778,Utsuroi,1e-06,0.9803921568627452,1.0,0
2023-05-26,0.43191354539180643,2.0,0.48780487804878053,0.0,0.0,0,0.0,0.6589521054329959,0.0,1e-06,1.0,Utsuroi,1e-06,0.9803921568627452,1.0,0
2023-05-30,0.4099799234581844,2.0,0.48780487804878053,4.2733150350681256e-11,0.9999999999562669,1,1.868854343954663e-21,0.6589521054329959,1.0,1e-06,0.554905640002036,Utsuroi,1e-06,0.9803921568627452,1.0,0
2023-05-31,0.4009680657506745,1.5,0.6451612903225806,0.0,0.0,0,0.0,0.4982320797178802,0.0,1e-06,0.5635383496527522,Utsuroi,1e-06,0.9803921568627452,1.0,0
2023-06-01,0.43227115879289807,1.5,0.6451612903225806,0.0,0.0,0,0.0,0.4982320797178802,0.0,1e-06,1.0,Utsuroi,1e-06,0.9803921568627452,1.0,0
2023-06-02,0.4286235021017631,2.5,0.3921568627450981,0.0,0.0,0,0.0,0.8196721311479509,0.0,1e-06,0.0030621994115465068,Katashi,1e-06,0.9803921568627452,1.0,0
2023-06-05,0.42354539180626144,2.0,0.48780487804878053,0.0,0.0,0,0.0,0.6589521054329959,0.0,1e-06,0.0034095401927766167,Utsuroi,1e-06,0.9803921568627452,1.0,0
2023-06-06,0.3972965681661334,2.5,0.3921568627450981,0.0,0.0,0,0.0,0.8196721311479509,0.0,1e-06,0.002204912230265643,Katashi,1e-06,0.9803921568627452,1.0,0
2023-06-07,0.44392935566848607,2.0,0.48780487804878053,0.0,0.0,0,0.0,0.6589521054329959,0.0,1e-06,0.0034095401927766167,Utsuroi,1e-06,0.9803921568627452,1.0,0
2023-06-08,0.46507622811970645,2.5,0.3921568627450981,0.0,0.0,0,0.0,0.8196721311479509,0.0,1e-06,0.002204912230265643,Katashi,1e-06,0.9803921568627452,1.0,0
2023-06-09,0.44440617353660833,2.0,0.48780487804878053,0.0,0.0,0,0.0,0.6589521054329959,0.0,1e-06,0.0034095401927766167,Utsuroi,1e-06,0.9803921568627452,1.0,0
2023-06-12,0.46743647656691134,2.0,0.48780487804878053,0.0,0.0,0,0.0,0.6589521054329959,0.0,1e-06,1.0,Utsuroi,1e-06,0.9803921568627452,1.0,0
2023-06-13,0.46850931677018626,2.0,0.48780487804878053,0.0,0.0,0,0.0,0.6589521054329959,0.0,1e-06,1.0,Utsuroi,1e-06,0.9803921568627452,1.0,0
2023-06-14,0.43713470104774443,2.0,0.48780487804878053,0.0,0.0,0,0.0,0.6589521054329959,0.0,1e-06,1.0,Utsuroi,1e-06,0.9803921568627452,1.0,0
2023-06-15,0.42786059351276745,3.0,0.3278688524590164,1.4144319048321766e-10,0.9999999998575568,1,2.0147616197023214e-20,0.9803921568627452,1.0,1e-06,0.11039832009281714,Katashi,1e-06,0.9803921568627452,1.0,0
2023-06-16,0.4622868435911914,2.0,0.48780487804878053,5.652023293668584e-11,0.9999999999424798,1,3.251055713922611e-21,0.6589521054329959,1.0,1e-06,0.1071401317808165,Utsuroi,1e-06,0.9803921568627452,1.0,0
2023-06-20,0.4350128615346008,2.0,0.48780487804878053,4.195499503275522e-11,0.999999999957045,1,1.8021756751532973e-21,0.6589521054329959,1.0,1e-06,1.0,Utsuroi,1e-06,0.9803921568627452,1.0,0
2023-06-21,0.4656007277746409,2.0,0.48780487804878053,1.4300516325633907e-10,0.9999999998559949,1,2.0593478719191044e-20,0.6589521054329959,1.0,1e-06,1.0,Utsuroi,1e-06,0.9803921568627452,1.0,0
2023-06-22,0.4483637618420228,2.0,0.48780487804878053,8.562073272224839e-11,0.9999999999133793,1,7.416528710860227e-21,0.6589521054329959,1.0,1e-06,1.0,Utsuroi,1e-06,0.9803921568627452,1.0,0
2023-06-23,0.45997427693079873,2.0,0.48780487804878053,0.0,0.0,0,0.0,0.6589521054329959,0.0,1e-06,1.0,Utsuroi,1e-06,0.9803921568627452,1.0,0
2023-06-26,0.4654576824142042,2.0,0.48780487804878053,6.285161280113397e-11,0.9999999999361484,1,4.013175454247106e-21,0.6589521054329959,1.0,1e-06,0.554905640002036,Utsuroi,1e-06,0.9803921568627452,1.0,0
2023-06-27,0.4640987514900559,2.0,0.48780487804878053,8.877254486657878e-11,0.9999999999102275,1,7.969335303511597e-21,0.6589521054329959,1.0,1e-06,1.0,Utsuroi,1e-06,0.9803921568627452,1.0,0
2023-06-28,0.48248008030616724,2.0,0.48780487804878053,1.2824996619417932e-10,0.9999999998707501,1,1.6576300958963638e-20,0.6589521054329959,1.0,1e-06,1.0,Utsuroi,1e-06,0.9803921568627452,1.0,0
2023-06-29,0.46912917999874515,2.0,0.48780487804878053,0.0,0.0,0,0.0,0.6589521054329959,0.0,1e-06,1.0,Utsuroi,1e-06,0.9803921568627452,1.0,0
2023-06-30,0.48681912290607954,2.0,0.48780487804878053,0.0,0.0,0,0.0,0.6589521054329959,0.0,1e-06,1.0,Utsuroi,1e-06,0.9803921568627452,1.0,0
2023-07-03,0.47382583599974903,2.0,0.48780487804878053,0.0,0.0,0,0.0,0.6589521054329959,0.0,1e-06,1.0,Utsuroi,1e-06,0.9803921568627452,1.0,0
2023-07-05,0.4469571491310624,3.0,0.3278688524590164,0.0,0.0,0,0.0,0.9803921568627452,0.0,1e-06,0.0013248229092196473,Katashi,1e-06,0.9803921568627452,1.0,0
2023-07-06,0.4694391116130248,2.0,0.48780487804878053,0.0,0.0,0,0.0,0.6589521054329959,0.0,1e-06,0.002930043307809771,Utsuroi,1e-06,0.9803921568627452,1.0,0
2023-07-07,0.48550787376874344,1.0,0.9523809523809523,0.0,0.0,0,0.0,0.33751205400260376,0.0,1e-06,0.03415579322857831,Utsuroi,1e-06,0.9803921568627452,1.0,0
2023-07-10,0.48503105590062123,1.0,0.9523809523809523,0.0,0.0,0,0.0,0.33751205400260376,0.0,1e-06,1.0,Utsuroi,1e-06,0.9803921568627452,1.0,0
2023-07-11,0.44738628521237217,2.0,0.48780487804878053,0.0,0.0,0,0.0,0.6589521054329959,0.0,1e-06,0.00909854810873778,Utsuroi,1e-06,0.9803921568627452,1.0,0
2023-07-12,0.461762343936257,2.0,0.48780487804878053,0.0,0.0,0,0.0,0.6589521054329959,0.0,1e-06,1.0,Utsuroi,1e-06,0.9803921568627452,1.0,0
2023-07-13,0.4961170713344627,2.0,0.48780487804878053,0.0,0.0,0,0.0,0.6589521054329959,0.0,1e-06,1.0,Utsuroi,1e-06,0.9803921568627452,1.0,0
2023-07-14,0.4666020452976975,2.0,0.48780487804878053,0.0,0.0,0,0.0,0.6589521054329959,0.0,1e-06,1.0,Utsuroi,1e-06,0.9803921568627452,1.0,0
2023-07-17,0.468676203024029,2.0,0.48780487804878053,8.415734775361565e-11,0.9999999999148427,1,7.166614667276423e-21,0.6589521054329959,1.0,1e-06,0.554905640002036,Utsuroi,1e-06,0.9803921568627452,1.0,0
2023-07-18,0.46347888826149697,1.0,0.9523809523809523,0.0,0.0,0,0.0,0.33751205400260376,0.0,1e-06,0.32247023120497953,Utsuroi,1e-06,0.9803921568627452,1.0,0
2023-07-19,0.4503425559947299,2.0,0.48780487804878053,0.0,0.0,0,0.0,0.6589521054329959,0.0,1e-06,0.00909854810873778,Utsuroi,1e-06,0.9803921568627452,1.0,0
2023-07-20,0.5069885187276492,1.0,0.9523809523809523,0.0,0.0,0,0.0,0.33751205400260376,0.0,1e-06,0.03415579322857831,Utsuroi,1e-06,0.9803921568627452,1.0,0
2023-07-21,0.5218890771064685,1.0,0.9523809523809523,2.2081891870318627e-11,0.9999999999769181,1,5.09691351959202e-22,0.33751205400260376,1.0,1e-06,0.3086149790086915,Utsuroi,1e-06,0.9803921568627452,1.0,0
2023-07-24,0.49361377752682106,2.0,0.48780487804878053,2.146804956001736e-11,0.999999999977532,1,4.823447265666028e-22,0.6589521054329959,1.0,1e-06,0.1126639271240617,Utsuroi,1e-06,0.9803921568627452,1.0,0
2023-07-25,0.49111048371917937,0.5,1.8181818181818181,2.115285724333331e-11,0.9999999999778472,1,4.685957588677639e-22,0.17679202828716653,1.0,1e-06,0.6008314229155782,Utsuroi,1e-06,0.9803921568627452,1.0,0
2023-07-26,0.47272915490306805,2.0,0.48780487804878053,1.3474776849771266e-11,0.9999999999855252,1,1.950440899170656e-22,0.6589521054329959,1.0,1e-06,0.12511921569065354,Utsuroi,1e-06,0.9803921568627452,1.0,0
2023-07-27,0.4214950749733358,1.0,0.9523809523809523,1.0802470029533624e-11,0.9999999999881976,1,1.2749558980003417e-22,0.33751205400260376,1.0,1e-06,0.3021905927762979,Utsuroi,1e-06,0.9803921568627452,1.0,0
2023-07-28,0.45382332643202206,0.0,20.0,0.6785620237812015,0.5851883464405457,2,0.2814754351273299,0.01607200257156863,2.0,1e-06,0.038205910514727104,Utsuroi,1e-06,0.9803921568627452,1.0,0
2023-07-31,0.46855699855699856,1.0,0.9523809523809523,0.5444860794245512,0.765644278464371,2,0.1276034280096465,0.33751205400260376,2.0,1e-06,0.8177931141605894,Utsuroi,1e-06,0.9803921568627452,1.0,0
2023-08-01,0.47871321914800175,1.0,0.9523809523809523,1.2900680523745742e-11,0.9999999999860993,1,1.7932795311549448e-22,0.33751205400260376,1.0,1e-06,0.5966754382003748,Utsuroi,1e-06,0.9803921568627452,1.0,0
2023-08-02,0.501576635924462,1.0,0.9523809523809523,1.0219713963914588e-11,0.9999999999887803,1,1.146620413911315e-22,0.33751205400260376,1.0,1e-06,1.0,Utsuroi,1e-06,0.9803921568627452,1.0,0
2023-08-03,0.5010998180563397,1.0,0.9523809523809523,3.1837976698939414e-11,0.999999999967162,1,1.0454940326874886e-21,0.33751205400260376,1.0,1e-06,1.0,Utsuroi,1e-06,0.9803921568627452,1.0,0
2023-08-04,0.4795238095238095,1.0,0.9523809523809523,0.28533344810293476,0.9172922018603619,2,0.023599301228184443,0.33751205400260376,2.0,1e-06,0.1189500740482482,Utsuroi,1e-06,0.9803921568627452,1.0,0
2023-08-07,0.45859150511324437,0.0,20.0,0.6794901136635639,0.5824462883608572,2,0.2837236189823241,0.01607200257156863,2.0,1e-06,0.09726227980131474,Utsuroi,1e-06,0.9803921568627452,1.0,0
2023-08-08,0.445812786247569,1.0,0.9523809523809523,0.6930464976924524,0.5070950507530184,2,0.3416060487708966,0.33751205400260376,2.0,1e-06,0.8350417035323177,Utsuroi,1e-06,0.9803921568627452,1.0,0
2023-08-09,0.4656960913482654,1.0,0.9523809523809523,9.747869178454079e-12,0.9999999999892522,1,1.0476860705963348e-22,0.33751205400260376,1.0,1e-06,0.8208457205497656,Utsuroi,1e-06,0.9803921568627452,1.0,0
2023-08-10,0.4563743020264761,2.0,0.48780487804878053,2.4445778734293157e-11,0.9999999999745542,1,6.220413358855392e-22,0.6589521054329959,1.0,1e-06,0.1126639271240617,Utsuroi,1e-06,0.9803921568627452,1.0,0
2023-08-11,0.4265731852688376,2.0,0.48780487804878053,5.765028452950917e-10,0.9999999994224972,1,3.3293202082153124e-19,0.6589521054329959,1.0,1e-06,1.0,Utsuroi,1e-06,0.9803921568627452,1.0,0
2023-08-14,0.40411506368028116,2.0,0.48780487804878053,0.0,0.0,0,0.0,0.6589521054329959,0.0,1e-06,1.0,Utsuroi,1e-06,0.9803921568627452,1.0,0
2023-08-15,0.42972018319844413,1.0,0.9523809523809523,1.4537893110494547e-10,0.9999999998536211,1,2.128040932584683e-20,0.33751205400260376,1.0,1e-06,0.9967701255613131,Utsuroi,1e-06,0.9803921568627452,1.0,0
2023-08-16,0.45003262438045066,2.0,0.48780487804878053,5.675564461231837e-10,0.9999999994314436,1,3.226878635185096e-19,0.6589521054329959,1.0,1e-06,0.1126639271240617,Utsuroi,1e-06,0.9803921568627452,1.0,0
2023-08-17,0.44829223916180444,1.0,0.9523809523809523,3.540001625102345e-11,0.9999999999636,1,1.2885603837379302e-21,0.33751205400260376,1.0,1e-06,0.3021905927762979,Utsuroi,1e-06,0.9803921568627452,1.0,0
2023-08-18,0.4619530710835059,2.0,0.48780487804878053,0.0,0.0,0,0.0,0.6589521054329959,0.0,1e-06,0.30489283168892733,Utsuroi,1e-06,0.9803921568627452,1.0,0
2023-08-21,0.437849927849928,1.0,0.9523809523809523,0.0,0.0,0,0.0,0.33751205400260376,0.0,1e-06,0.03415579322857831,Utsuroi,1e-06,0.9803921568627452,1.0,0
2023-08-22,0.4447161051508878,1.0,0.9523809523809523,0.0,0.0,0,0.0,0.33751205400260376,0.0,1e-06,1.0,Utsuroi,1e-06,0.9803921568627452,1.0,0
2023-08-23,0.484601919819311,1.0,0.9523809523809523,0.0,0.0,0,0.0,0.33751205400260376,0.0,1e-06,1.0,Utsuroi,1e-06,0.9803921568627452,1.0,0
2023-08-24,0.491897233201581,2.0,0.48780487804878053,0.0,0.0,0,0.0,0.6589521054329959,0.0,1e-06,0.00909854810873778,Utsuroi,1e-06,0.9803921568627452,1.0,0
2023-08-25,0.511470606687998,1.0,0.9523809523809523,0.0,0.0,0,0.0,0.33751205400260376,0.0,1e-06,0.03415579322857831,Utsuroi,1e-06,0.9803921568627452,1.0,0
2023-08-28,0.5473273103707886,1.0,0.9523809523809523,0.0,0.0,0,0.0,0.33751205400260376,0.0,1e-06,1.0,Utsuroi,1e-06,0.9803921568627452,1.0,0
2023-08-29,0.5526915113871635,2.0,0.48780487804878053,0.0,0.0,0,0.0,0.6589521054329959,0.0,1e-06,0.00909854810873778,Utsuroi,1e-06,0.9803921568627452,1.0,0
2023-08-30,0.569547023025284,2.0,0.48780487804878053,0.0,0.0,0,0.0,0.6589521054329959,0.0,1e-06,1.0,Utsuroi,1e-06,0.9803921568627452,1.0,0
2023-08-31,0.5631815044858524,2.0,0.48780487804878053,0.0,0.0,0,0.0,0.6589521054329959,0.0,1e-06,1.0,Utsuroi,1e-06,0.9803921568627452,1.0,0
2023-09-01,0.5117328565154652,1.0,0.9523809523809523,0.0,0.0,0,0.0,0.33751205400260376,0.0,1e-06,0.03415579322857831,Utsuroi,1e-06,0.9803921568627452,1.0,0
2023-09-05,0.5035315891837631,1.0,0.9523809523809523,0.0,0.0,0,0.0,0.33751205400260376,0.0,1e-06,1.0,Utsuroi,1e-06,0.9803921568627452,1.0,0
2023-09-06,0.52868373172721,2.0,0.48780487804878053,0.0,0.0,0,0.0,0.6589521054329959,0.0,1e-06,0.00909854810873778,Utsuroi,1e-06,0.9803921568627452,1.0,0
2023-09-07,0.5237009850053328,1.0,0.9523809523809523,0.0,0.0,0,0.0,0.33751205400260376,0.0,1e-06,0.03415579322857831,Utsuroi,1e-06,0.9803921568627452,1.0,0
2023-09-08,0.5271102327624066,2.0,0.48780487804878053,0.0,0.0,0,0.0,0.6589521054329959,0.0,1e-06,0.00909854810873778,Utsuroi,1e-06,0.9803921568627452,1.0,0
2023-09-11,0.5009329318024971,2.0,0.48780487804878053,0.0,0.0,0,0.0,0.6589521054329959,0.0,1e-06,1.0,Utsuroi,1e-06,0.9803921568627452,1.0,0
2023-09-12,0.5081567225045486,2.0,0.48780487804878053,0.0,0.0,0,0.0,0.6589521054329959,0.0,1e-06,1.0,Utsuroi,1e-06,0.9803921568627452,1.0,0
2023-09-13,0.4956164125729343,2.0,0.48780487804878053,0.0,0.0,0,0.0,0.6589521054329959,0.0,1e-06,1.0,Utsuroi,1e-06,0.9803921568627452,1.0,0
2023-09-14,0.4897515527950312,2.0,0.48780487804878053,0.0,0.0,0,0.0,0.6589521054329959,0.0,1e-06,1.0,Utsuroi,1e-06,0.9803921568627452,1.0,0
2023-09-15,0.5057249513771253,2.0,0.48780487804878053,0.0,0.0,0,0.0,0.6589521054329959,0.0,1e-06,1.0,Utsuroi,1e-06,0.9803921568627452,1.0,0
2023-09-18,0.4749701988832423,2.0,0.48780487804878053,0.0,0.0,0,0.0,0.6589521054329959,0.0,1e-06,1.0,Utsuroi,1e-06,0.9803921568627452,1.0,0
2023-09-19,0.4721331325679152,2.0,0.48780487804878053,0.0,0.0,0,0.0,0.6589521054329959,0.0,1e-06,1.0,Utsuroi,1e-06,0.9803921568627452,1.0,0
2023-09-20,0.4980243428069516,2.0,0.48780487804878053,0.0,0.0,0,0.0,0.6589521054329959,0.0,1e-06,1.0,Utsuroi,1e-06,0.9803921568627452,1.0,0
2023-09-21,0.5398889516280821,2.0,0.48780487804878053,0.0,0.0,0,0.0,0.6589521054329959,0.0,1e-06,1.0,Utsuroi,1e-06,0.9803921568627452,1.0,0
2023-09-22,0.5314492753623189,2.0,0.48780487804878053,0.0,0.0,0,0.0,0.6589521054329959,0.0,1e-06,1.0,Utsuroi,1e-06,0.9803921568627452,1.0,0
2023-09-25,0.4808112177677395,2.0,0.48780487804878053,0.0,0.0,0,0.0,0.6589521054329959,0.0,1e-06,1.0,Utsuroi,1e-06,0.9803921568627452,1.0,0
2023-09-26,0.47785494698538183,2.0,0.48780487804878053,0.0,0.0,0,0.0,0.6589521054329959,0.0,1e-06,1.0,Utsuroi,1e-06,0.9803921568627452,1.0,0
2023-09-27,0.469105339105339,2.0,0.48780487804878053,0.0,0.0,0,0.0,0.6589521054329959,0.0,1e-06,1.0,Utsuroi,1e-06,0.9803921568627452,1.0,0
2023-09-28,0.47188683334579284,2.0,0.48780487804878053,0.0,0.0,0,0.0,0.6589521054329959,0.0,1e-06,1.0,Utsuroi,1e-06,0.9803921568627452,1.0,0
2023-09-29,0.40057663370106183,2.0,0.48780487804878053,0.0,0.0,0,0.0,0.6589521054329959,0.0,1e-06,1.0,Utsuroi,1e-06,0.9803921568627452,1.0,0
2023-10-02,0.4127844640078108,2.0,0.48780487804878053,0.0,0.0,0,0.0,0.6589521054329959,0.0,1e-06,1.0,Utsuroi,1e-06,0.9803921568627452,1.0,0
2023-10-03,0.4471537615891247,2.0,0.48780487804878053,0.0,0.0,0,0.0,0.6589521054329959,0.0,1e-06,1.0,Utsuroi,1e-06,0.9803921568627452,1.0,0
2023-10-04,0.5003571629483256,2.0,0.48780487804878053,0.0,0.0,0,0.0,0.6589521054329959,0.0,1e-06,1.0,Utsuroi,1e-06,0.9803921568627452,1.0,0
2023-10-05,0.5017997558467475,3.0,0.3278688524590164,0.0,0.0,0,0.0,0.9803921568627452,0.0,1e-06,0.0013248229092196473,Katashi,1e-06,0.9803921568627452,1.0,0
2023-10-06,0.4970185153457075,3.0,0.3278688524590164,0.0,0.0,0,0.0,0.9803921568627452,0.0,1e-06,1.0,Katashi,1e-06,0.9803921568627452,1.0,0
2023-10-09,0.5088226800356074,2.0,0.48780487804878053,0.0,0.0,0,0.0,0.6589521054329959,0.0,1e-06,0.002930043307809771,Utsuroi,1e-06,0.9803921568627452,1.0,0
2023-10-10,0.5109327910143419,2.0,0.48780487804878053,0.0,0.0,0,0.0,0.6589521054329959,0.0,1e-06,1.0,Utsuroi,1e-06,0.9803921568627452,1.0,0
2023-10-11,0.5432861493141957,2.0,0.48780487804878053,0.0,0.0,0,0.0,0.6589521054329959,0.0,1e-06,1.0,Utsuroi,1e-06,0.9803921568627452,1.0,0
2023-10-12,0.540899474207944,2.0,0.48780487804878053,0.0,0.0,0,0.0,0.6589521054329959,0.0,1e-06,1.0,Utsuroi,1e-06,0.9803921568627452,1.0,0
2023-10-13,0.5585915180498613,2.0,0.48780487804878053,2.3771207222005026e-10,0.999999999761288,1,5.674473609954323e-20,0.6589521054329959,1.0,1e-06,0.554905640002036,Utsuroi,1e-06,0.9803921568627452,1.0,0
2023-10-16,0.556637345907264,1.0,0.9523809523809523,0.0,0.0,0,0.0,0.33751205400260376,0.0,1e-06,0.32247023120497953,Utsuroi,1e-06,0.9803921568627452,1.0,0
2023-10-17,0.5327833704800414,2.0,0.48780487804878053,0.0,0.0,0,0.0,0.6589521054329959,0.0,1e-06,0.00909854810873778,Utsuroi,1e-06,0.9803921568627452,1.0,0
2023-10-18,0.5675571080611437,2.0,0.48780487804878053,0.0,0.0,0,0.0,0.6589521054329959,0.0,1e-06,1.0,Utsuroi,1e-06,0.9803921568627452,1.0,0
2023-10-19,0.5731234213371776,2.0,0.48780487804878053,6.665368257101528e-11,0.9999999999323463,1,4.509365608507074e-21,0.6589521054329959,1.0,1e-06,0.554905640002036,Utsuroi,1e-06,0.9803921568627452,1.0,0
2023-10-20,0.5762348767740276,1.0,0.9523809523809523,1.4909051769801965e-10,0.9999999998499095,1,2.2377069688702043e-20,0.33751205400260376,1.0,1e-06,0.3021905927762979,Utsuroi,1e-06,0.9803921568627452,1.0,0
2023-10-23,0.5528815197057452,2.5,0.3921568627450981,2.1207313680666087e-10,0.9999999997869269,1,4.5187083805214756e-20,0.8196721311479509,1.0,1e-06,0.07623684946062081,Katashi,1e-06,0.9803921568627452,1.0,0
2023-10-24,0.5662927595939158,2.0,0.48780487804878053,1.5667633855720862e-10,0.9999999998423237,1,2.4704147938247706e-20,0.6589521054329959,1.0,1e-06,0.10756951341311771,Utsuroi,1e-06,0.9803921568627452,1.0,0
2023-10-25,0.5742807180989598,2.5,0.3921568627450981,0.0,0.0,0,0.0,0.8196721311479509,0.0,1e-06,0.5605760429433411,Katashi,1e-06,0.9803921568627452,1.0,0
2023-10-26,0.5676288866244202,2.0,0.48780487804878053,0.0,0.0,0,0.0,0.6589521054329959,0.0,1e-06,0.0034095401927766167,Utsuroi,1e-06,0.9803921568627452,1.0,0
2023-10-27,0.5602490745969007,2.0,0.48780487804878053,0.0,0.0,0,0.0,0.6589521054329959,0.0,1e-06,1.0,Utsuroi,1e-06,0.9803921568627452,1.0,0
2023-10-30,0.5479233327059414,2.0,0.48780487804878053,0.0,0.0,0,0.0,0.6589521054329959,0.0,1e-06,1.0,Utsuroi,1e-06,0.9803921568627452,1.0,0
2023-10-31,0.5453961980048936,2.0,0.48780487804878053,0.0,0.0,0,0.0,0.6589521054329959,0.0,1e-06,1.0,Utsuroi,1e-06,0.9803921568627452,1.0,0
2023-11-01,0.5936978480456742,2.0,0.48780487804878053,0.0,0.0,0,0.0,0.6589521054329959,0.0,1e-06,1.0,Utsuroi,1e-06,0.9803921568627452,1.0,0
2023-11-02,0.5714781353911789,2.0,0.48780487804878053,0.0,0.0,0,0.0,0.6589521054329959,0.0,1e-06,1.0,Utsuroi,1e-06,0.9803921568627452,1.0,0
2023-11-03,0.559223916180438,2.0,0.48780487804878053,0.0,0.0,0,0.0,0.6589521054329959,0.0,1e-06,1.0,Utsuroi,1e-06,0.9803921568627452,1.0,0
2023-11-06,0.5470412196499154,2.0,0.48780487804878053,0.0,0.0,0,0.0,0.6589521054329959,0.0,1e-06,1.0,Utsuroi,1e-06,0.9803921568627452,1.0,0
2023-11-07,0.5507842399146747,2.0,0.48780487804878053,0.0,0.0,0,0.0,0.6589521054329959,0.0,1e-06,1.0,Utsuroi,1e-06,0.9803921568627452,1.0,0
2023-11-08,0.5542411694585607,2.0,0.48780487804878053,2.2569524024890888e-10,0.9999999997733048,1,5.116403172429388e-20,0.6589521054329959,1.0,1e-06,0.554905640002036,Utsuroi,1e-06,0.9803921568627452,1.0,0
2023-11-09,0.5789880168141037,1.0,0.9523809523809523,0.0,0.0,0,0.0,0.33751205400260376,0.0,1e-06,0.32247023120497953,Utsuroi,1e-06,0.9803921568627452,1.0,0
2023-11-10,0.5852343308865049,2.0,0.48780487804878053,0.0,0.0,0,0.0,0.6589521054329959,0.0,1e-06,0.00909854810873778,Utsuroi,1e-06,0.9803921568627452,1.0,0
2023-11-13,0.5612503921199573,2.0,0.48780487804878053,0.0,0.0,0,0.0,0.6589521054329959,0.0,1e-06,1.0,Utsuroi,1e-06,0.9803921568627452,1.0,0
2023-11-14,0.5752926783361568,2.0,0.48780487804878053,1.3817169629701535e-10,0.9999999998608283,1,1.9229586298634106e-20,0.6589521054329959,1.0,1e-06,0.554905640002036,Utsuroi,1e-06,0.9803921568627452,1.0,0
2023-11-15,0.5792025848547588,2.0,0.48780487804878053,0.0,0.0,0,0.0,0.6589521054329959,0.0,1e-06,1.0,Utsuroi,1e-06,0.9803921568627452,1.0,0
2023-11-16,0.562657004830918,1.0,0.9523809523809523,0.0,0.0,0,0.0,0.33751205400260376,0.0,1e-06,0.03415579322857831,Utsuroi,1e-06,0.9803921568627452,1.0,0
2023-11-17,0.5263234832800052,1.0,0.9523809523809523,2.4328716815916156e-10,0.9999999997557129,1,5.943192798439178e-20,0.33751205400260376,1.0,1e-06,0.3086149790086915,Utsuroi,1e-06,0.9803921568627452,1.0,0
2023-11-20,0.5001700232135013,1.0,0.9523809523809523,8.415734775361565e-11,0.9999999999148427,1,7.166614667276423e-21,0.33751205400260376,1.0,1e-06,1.0,Utsuroi,1e-06,0.9803921568627452,1.0,0
2023-11-21,0.4738258359997491,2.0,0.48780487804878053,4.450761981086047e-11,0.9999999999544924,1,2.025434856499915e-21,0.6589521054329959,1.0,1e-06,0.1126639271240617,Utsuroi,1e-06,0.9803921568627452,1.0,0
2023-11-22,0.4786655373611897,2.0,0.48780487804878053,0.0,0.0,0,0.0,0.6589521054329959,0.0,1e-06,1.0,Utsuroi,1e-06,0.9803921568627452,1.0,0
2023-11-24,0.5077752682100509,2.0,0.48780487804878053,0.0,0.0,0,0.0,0.6589521054329959,0.0,1e-06,1.0,Utsuroi,1e-06,0.9803921568627452,1.0,0
2023-11-27,0.5003130685739382,2.0,0.48780487804878053,0.0,0.0,0,0.0,0.6589521054329959,0.0,1e-06,1.0,Utsuroi,1e-06,0.9803921568627452,1.0,0
2023-11-28,0.4721808143547274,0.0,20.0,1.2293110972847845e-10,0.9999999998760689,1,1.5234986130300066e-20,0.01607200257156863,1.0,1e-06,0.11633888099173462,Utsuroi,1e-06,0.9803921568627452,1.0,0
2023-11-29,0.500289227680532,1.0,0.9523809523809523,0.0,0.0,0,0.0,0.33751205400260376,0.0,1e-06,0.9100254261094419,Utsuroi,1e-06,0.9803921568627452,1.0,0
2023-11-30,0.5144268774703558,0.0,20.0,0.0,0.0,0,0.0,0.01607200257156863,0.0,1e-06,0.03871716593438601,Utsuroi,1e-06,0.9803921568627452,1.0,0
2023-12-01,0.5068931551540247,1.0,0.9523809523809523,0.0,0.0,0,0.0,0.33751205400260376,0.0,1e-06,0.906842744088725,Utsuroi,1e-06,0.9803921568627452,1.0,0
2023-12-04,0.49759520672564156,1.0,0.9523809523809523,0.0,0.0,0,0.0,0.33751205400260376,0.0,1e-06,1.0,Utsuroi,1e-06,0.9803921568627452,1.0,0
2023-12-05,0.47694899303594956,1.0,0.9523809523809523,3.2625235845674946e-11,0.9999999999663748,1,1.0970305281236798e-21,0.33751205400260376,1.0,1e-06,0.3086149790086915,Utsuroi,1e-06,0.9803921568627452,1.0,0
2023-12-06,0.47671058410188843,2.0,0.48780487804878053,0.6927262357648125,0.5145066497195303,2,0.33631398102863735,0.6589521054329959,2.0,1e-06,0.043586259537296224,Utsuroi,1e-06,0.9803921568627452,1.0,0
2023-12-07,0.48650919129180015,2.0,0.48780487804878053,0.0,0.0,0,0.0,0.6589521054329959,0.0,1e-06,1.0,Utsuroi,1e-06,0.9803921568627452,1.0,0
2023-12-08,0.4756854256854257,2.0,0.48780487804878053,0.0,0.0,0,0.0,0.6589521054329959,0.0,1e-06,1.0,Utsuroi,1e-06,0.9803921568627452,1.0,0
2023-12-11,0.45885375494071157,1.0,0.9523809523809523,0.0,0.0,0,0.0,0.33751205400260376,0.0,1e-06,0.03415579322857831,Utsuroi,1e-06,0.9803921568627452,1.0,0
2023-12-12,0.4489836250705816,1.5,0.6451612903225806,0.0,0.0,0,0.0,0.4982320797178802,0.0,1e-06,0.01948546040826471,Utsuroi,1e-06,0.9803921568627452,1.0,0
2023-12-13,0.4194209172470042,2.0,0.48780487804878053,0.0,0.0,0,0.0,0.6589521054329959,0.0,1e-06,0.005645283121509914,Utsuroi,1e-06,0.9803921568627452,1.0,0
2023-12-14,0.4092170148691887,2.0,0.48780487804878053,0.0,0.0,0,0.0,0.6589521054329959,0.0,1e-06,1.0,Utsuroi,1e-06,0.9803921568627452,1.0,0
2023-12-15,0.3438214442562269,2.0,0.48780487804878053,6.859479650713669e-11,0.9999999999304052,1,4.773839387093821e-21,0.6589521054329959,1.0,1e-06,0.554905640002036,Utsuroi,1e-06,0.9803921568627452,1.0,0
2023-12-18,0.34005458309806136,1.0,0.9523809523809523,0.6577857261772936,0.6321791130269077,2,0.24194732924077178,0.33751205400260376,2.0,1e-06,0.23183086412462695,Utsuroi,1e-06,0.9803921568627452,1.0,0
2023-12-19,0.3525233703494573,2.0,0.48780487804878053,5.910838485153979e-11,0.9999999999398916,1,3.552908237136882e-21,0.6589521054329959,1.0,1e-06,0.8567371301993896,Utsuroi,1e-06,0.9803921568627452,1.0,0
2023-12-20,0.3595087521174478,2.0,0.48780487804878053,2.0782819909233873e-11,0.9999999999782172,1,4.527079635420766e-22,0.6589521054329959,1.0,1e-06,1.0,Utsuroi,1e-06,0.9803921568627452,1.0,0
2023-12-21,0.343201581027668,0.0,20.0,3.0657920646103385e-11,0.9999999999683421,1,9.705653407982833e-22,0.01607200257156863,1.0,1e-06,0.15267458053675942,Utsuroi,1e-06,0.9803921568627452,1.0,0
2023-12-22,0.345132693393563,1.5,0.6451612903225806,0.5486584944599572,0.7620902882590681,2,0.1305311842611821,0.4982320797178802,2.0,1e-06,0.5324465540132883,Utsuroi,1e-06,0.9803921568627452,1.0,0
2023-12-26,0.36618420227115883,2.0,0.48780487804878053,0.20300562318804014,0.9484666371645263,2,0.010461562437390728,0.6589521054329959,2.0,1e-06,0.7903244413895381,Utsuroi,1e-06,0.9803921568627452,1.0,0
2023-12-27,0.34072212811343244,2.0,0.48780487804878053,0.42163125285435804,0.8506205019461007,2,0.0629830649152207,0.6589521054329959,2.0,1e-06,0.7645611141112013,Utsuroi,1e-06,0.9803921568627452,1.0,0
2023-12-28,0.3416757638496769,0.5,1.8181818181818181,0.649122460721576,0.6472663674984261,2,0.22896732350868168,0.17679202828716653,2.0,1e-06,0.5014104121793234,Utsuroi,1e-06,0.9803921568627452,1.0,0
2023-12-29,0.37629274107534977,1.0,0.9523809523809523,0.0,0.0,0,0.0,0.33751205400260376,0.0,1e-06,0.8597135889197168,Utsuroi,1e-06,0.9803921568627452,1.0,0
2024-01-02,0.40125415647154783,1.0,0.9523809523809523,0.0,0.0,0,0.0,0.33751205400260376,0.0,1e-06,1.0,Utsuroi,1e-06,0.9803921568627452,1.0,0
2024-01-03,0.39493631971892845,3.0,0.3278688524590164,0.0,0.0,0,0.0,0.9803921568627452,0.0,1e-06,0.003258211101229813,Katashi,1e-06,0.9803921568627452,1.0,0
2024-01-04,0.419373235460192,1.0,0.9523809523809523,0.0,0.0,0,0.0,0.33751205400260376,0.0,1e-06,0.027010664714325783,Utsuroi,1e-06,0.9803921568627452,1.0,0
2024-01-05,0.38003576134010925,1.0,0.9523809523809523,1.0620959666732161e-10,0.9999999998927904,1,1.1386685671973812e-20,0.33751205400260376,1.0,1e-06,0.3086149790086915,Utsuroi,1e-06,0.9803921568627452,1.0,0
2024-01-08,0.4296009787314137,1.0,0.9523809523809523,0.0,0.0,0,0.0,0.33751205400260376,0.0,1e-06,1.0,Utsuroi,1e-06,0.9803921568627452,1.0,0
2024-01-09,0.4162739193173976,2.0,0.48780487804878053,6.357947501603147e-11,0.9999999999354205,1,4.1059277119753975e-21,0.6589521054329959,1.0,1e-06,0.06033321480977483,Utsuroi,1e-06,0.9803921568627452,1.0,0
2024-01-10,0.39670054583098063,2.0,0.48780487804878053,4.133382525050393e-11,0.9999999999576662,1,1.749818020751404e-21,0.6589521054329959,1.0,1e-06,1.0,Utsuroi,1e-06,0.9803921568627452,1.0,0
2024-01-11,0.39975218018696285,2.5,0.3921568627450981,0.22941310198425932,0.9391086464954587,2,0.013969274291496928,0.8196721311479509,2.0,1e-06,0.09901650229595493,Katashi,1e-06,0.9803921568627452,1.0,0
2024-01-12,0.39016814103770625,2.0,0.48780487804878053,0.0,0.0,0,0.0,0.6589521054329959,0.0,1e-06,0.7632572454261984,Utsuroi,1e-06,0.9803921568627452,1.0,0
2024-01-16,0.3879032561641258,2.0,0.48780487804878053,0.0,0.0,0,0.0,0.6589521054329959,0.0,1e-06,1.0,Utsuroi,1e-06,0.9803921568627452,1.0,0
2024-01-17,0.39488863793211615,2.0,0.48780487804878053,0.0,0.0,0,0.0,0.6589521054329959,0.0,1e-06,1.0,Utsuroi,1e-06,0.9803921568627452,1.0,0
2024-01-18,0.4229732103645147,1.0,0.9523809523809523,0.0,0.0,0,0.0,0.33751205400260376,0.0,1e-06,0.03415579322857831,Utsuroi,1e-06,0.9803921568627452,1.0,0
2024-01-19,0.4591636865549909,2.0,0.48780487804878053,0.0,0.0,0,0.0,0.6589521054329959,0.0,1e-06,0.00909854810873778,Utsuroi,1e-06,0.9803921568627452,1.0,0
2024-01-22,0.4581623690319343,2.0,0.48780487804878053,0.0,0.0,0,0.0,0.6589521054329959,0.0,1e-06,1.0,Utsuroi,1e-06,0.9803921568627452,1.0,0
2024-01-23,0.4656722504548592,2.0,0.48780487804878053,0.0,0.0,0,0.0,0.6589521054329959,0.0,1e-06,1.0,Utsuroi,1e-06,0.9803921568627452,1.0,0
2024-01-24,0.471251019511889,2.0,0.48780487804878053,0.0,0.0,0,0.0,0.6589521054329959,0.0,1e-06,1.0,Utsuroi,1e-06,0.9803921568627452,1.0,0
2024-01-25,0.4487452161365205,1.0,0.9523809523809523,0.0,0.0,0,0.0,0.33751205400260376,0.0,1e-06,0.03415579322857831,Utsuroi,1e-06,0.9803921568627452,1.0,0
2024-01-26,0.438732040905954,1.0,0.9523809523809523,1.835898100192209e-11,0.999999999980641,1,3.5541075830204995e-22,0.33751205400260376,1.0,1e-06,0.3086149790086915,Utsuroi,1e-06,0.9803921568627452,1.0,0
2024-01-29,0.47110797415145245,1.5,0.6451612903225806,3.290900885075955e-11,0.999999999966091,1,1.1159111444051503e-21,0.4982320797178802,1.0,1e-06,0.18013626548573736,Utsuroi,1e-06,0.9803921568627452,1.0,0
2024-01-30,0.46574377313507753,3.0,0.3278688524590164,2.4802937481305912e-11,0.9999999999741971,1,6.399880965074789e-22,0.9803921568627452,1.0,1e-06,0.053395657725736734,Katashi,1e-06,0.9803921568627452,1.0,0
2024-01-31,0.4818125352907961,2.0,0.48780487804878053,3.834021988702691e-11,0.9999999999606598,1,1.5083118327506361e-21,0.6589521054329959,1.0,1e-06,0.1071401317808165,Utsuroi,1e-06,0.9803921568627452,1.0,0
2024-02-01,0.5061779283518414,3.0,0.3278688524590164,0.0,0.0,0,0.0,0.9803921568627452,0.0,1e-06,0.30068996291298,Katashi,1e-06,0.9803921568627452,1.0,0
2024-02-02,0.4706788380701425,1.0,0.9523809523809523,0.0,0.0,0,0.0,0.33751205400260376,0.0,1e-06,0.027010664714325783,Utsuroi,1e-06,0.9803921568627452,1.0,0
2024-02-05,0.43806449589058283,2.0,0.48780487804878053,0.0,0.0,0,0.0,0.6589521054329959,0.0,1e-06,0.00909854810873778,Utsuroi,1e-06,0.9803921568627452,1.0,0
2024-02-06,0.41081435472739836,2.0,0.48780487804878053,1.7064527567304468e-10,0.9999999998283547,1,2.9290451612749125e-20,0.6589521054329959,1.0,1e-06,0.554905640002036,Utsuroi,1e-06,0.9803921568627452,1.0,0
2024-02-07,0.40957462827028046,2.0,0.48780487804878053,0.0,0.0,0,0.0,0.6589521054329959,0.0,1e-06,1.0,Utsuroi,1e-06,0.9803921568627452,1.0,0
2024-02-08,0.3511644394253089,2.0,0.48780487804878053,0.0,0.0,0,0.0,0.6589521054329959,0.0,1e-06,1.0,Utsuroi,1e-06,0.9803921568627452,1.0,0
2024-02-09,0.36246502289980553,2.0,0.48780487804878053,0.0,0.0,0,0.0,0.6589521054329959,0.0,1e-06,1.0,Utsuroi,1e-06,0.9803921568627452,1.0,0
2024-02-12,0.3774132630654369,2.0,0.48780487804878053,0.0,0.0,0,0.0,0.6589521054329959,0.0,1e-06,1.0,Utsuroi,1e-06,0.9803921568627452,1.0,0
2024-02-13,0.4274076165380513,2.0,0.48780487804878053,0.0,0.0,0,0.0,0.6589521054329959,0.0,1e-06,1.0,Utsuroi,1e-06,0.9803921568627452,1.0,0
2024-02-14,0.44223665223665226,2.0,0.48780487804878053,2.801482379015697e-10,0.9999999997188518,1,7.876317725096706e-20,0.6589521054329959,1.0,1e-06,0.554905640002036,Utsuroi,1e-06,0.9803921568627452,1.0,0
2024-02-15,0.41758516845473365,2.0,0.48780487804878053,8.56310577963765e-11,0.999999999913369,1,7.418307223137741e-21,0.6589521054329959,1.0,1e-06,1.0,Utsuroi,1e-06,0.9803921568627452,1.0,0
2024-02-16,0.4229732103645147,2.0,0.48780487804878053,7.64276419898963e-11,0.9999999999225724,1,5.917610411643805e-21,0.6589521054329959,1.0,1e-06,1.0,Utsuroi,1e-06,0.9803921568627452,1.0,0
2024-02-20,0.4383744275048623,1.0,0.9523809523809523,1.774291824556933e-11,0.9999999999812571,1,3.3255367361376243e-22,0.33751205400260376,1.0,1e-06,0.3021905927762979,Utsuroi,1e-06,0.9803921568627452,1.0,0
2024-02-21,0.4054501537110233,1.0,0.9523809523809523,1.3499157346571658e-10,0.9999999998640084,1,1.8357713495218047e-20,0.33751205400260376,1.0,1e-06,1.0,Utsuroi,1e-06,0.9803921568627452,1.0,0
2024-02-22,0.4502233515276994,1.0,0.9523809523809523,0.0,0.0,0,0.0,0.33751205400260376,0.0,1e-06,1.0,Utsuroi,1e-06,0.9803921568627452,1.0,0
2024-02-23,0.44752933057280886,1.0,0.9523809523809523,0.0,0.0,0,0.0,0.33751205400260376,0.0,1e-06,1.0,Utsuroi,1e-06,0.9803921568627452,1.0,0
2024-02-26,0.44283267457180503,1.0,0.9523809523809523,9.240663789275144e-11,0.9999999999065934,1,8.631391320744126e-21,0.33751205400260376,1.0,1e-06,0.3086149790086915,Utsuroi,1e-06,0.9803921568627452,1.0,0
2024-02-27,0.44121149382018954,1.0,0.9523809523809523,8.256506589183259e-11,0.999999999916435,1,6.899553345421449e-21,0.33751205400260376,1.0,1e-06,1.0,Utsuroi,1e-06,0.9803921568627452,1.0,0
2024-02-28,0.4337016123972645,1.0,0.9523809523809523,1.3883372228650697e-10,0.9999999998601663,1,1.9413633096329973e-20,0.33751205400260376,1.0,1e-06,1.0,Utsuroi,1e-06,0.9803921568627452,1.0,0
2024-02-29,0.4215904385469603,1.0,0.9523809523809523,0.6929373815295952,0.5102416884804044,2,0.33937184196674436,0.33751205400260376,2.0,1e-06,0.055350816698532146,Utsuroi,1e-06,0.9803921568627452,1.0,0
2024-03-01,0.4256433904259992,1.0,0.9523809523809523,2.6129431951092943e-11,0.9999999999728706,1,7.088760680195118e-22,0.33751205400260376,1.0,1e-06,0.8197462075674751,Utsuroi,1e-06,0.9803921568627452,1.0,0
2024-03-04,0.4050448585231193,2.0,0.48780487804878053,3.974232054476987e-11,0.9999999999592577,1,1.6191934836924803e-21,0.6589521054329959,1.0,1e-06,0.1126639271240617,Utsuroi,1e-06,0.9803921568627452,1.0,0
2024-03-05,0.3801311249137336,1.0,0.9523809523809523,3.3815839017242226e-11,0.9999999999651842,1,1.1773260594132353e-21,0.33751205400260376,1.0,1e-06,0.3021905927762979,Utsuroi,1e-06,0.9803921568627452,1.0,0
2024-03-06,0.3841840767927725,1.0,0.9523809523809523,1.6193935081640143e-11,0.9999999999828061,1,2.7843711027470153e-22,0.33751205400260376,1.0,1e-06,1.0,Utsuroi,1e-06,0.9803921568627452,1.0,0
2024-03-07,0.43231884057971015,1.0,0.9523809523809523,5.748057585293091e-11,0.9999999999415194,1,3.3614959047665254e-21,0.33751205400260376,1.0,1e-06,1.0,Utsuroi,1e-06,0.9803921568627452,1.0,0
2024-03-08,0.44485915051132446,1.0,0.9523809523809523,9.32157239850001e-10,0.9999999990668428,1,8.698492568295533e-19,0.33751205400260376,1.0,1e-06,1.0,Utsuroi,1e-06,0.9803921568627452,1.0,0
2024-03-11,0.40149256540560896,1.0,0.9523809523809523,9.172773651704263e-12,0.9999999999898272,1,9.33123472000428e-23,0.33751205400260376,1.0,1e-06,1.0,Utsuroi,1e-06,0.9803921568627452,1.0,0
2024-03-12,0.404758767802246,1.0,0.9523809523809523,1.8372636745124716e-11,0.9999999999806274,1,3.5592601128254207e-22,0.33751205400260376,1.0,1e-06,1.0,Utsuroi,1e-06,0.9803921568627452,1.0,0
2024-03-13,0.39209925340360124,2.0,0.48780487804878053,0.26936979557893925,0.9238076573365435,2,0.020523915767935778,0.6589521054329959,2.0,1e-06,0.007671734734583269,Utsuroi,1e-06,0.9803921568627452,1.0,0
2024-03-14,0.3614637053767488,2.0,0.48780487804878053,3.198874498567854e-11,0.9999999999670113,1,1.055267843115779e-21,0.6589521054329959,1.0,1e-06,0.5656633580662862,Utsuroi,1e-06,0.9803921568627452,1.0,0
2024-03-15,0.3198851872764917,2.0,0.48780487804878053,1.3214540572802863e-11,0.9999999999857855,1,1.878383307960162e-22,0.6589521054329959,1.0,1e-06,1.0,Utsuroi,1e-06,0.9803921568627452,1.0,0
2024-03-18,0.31866930171278,1.0,0.9523809523809523,1.1383671782917866e-11,0.9999999999876164,1,1.4097140321858433e-22,0.33751205400260376,1.0,1e-06,0.3021905927762979,Utsuroi,1e-06,0.9803921568627452,1.0,0
2024-03-19,0.3486849865110735,2.0,0.48780487804878053,4.264411046411021e-11,0.9999999999563559,1,1.8611633244188608e-21,0.6589521054329959,1.0,1e-06,0.1126639271240617,Utsuroi,1e-06,0.9803921568627452,1.0,0
2024-03-20,0.358483593700985,2.0,0.48780487804878053,2.7444047034515062e-11,0.999999999971556,1,7.806191575687508e-22,0.6589521054329959,1.0,1e-06,1.0,Utsuroi,1e-06,0.9803921568627452,1.0,0
2024-03-21,0.3475406236275802,2.0,0.48780487804878053,2.6184610035415317e-11,0.9999999999728154,1,7.118178335032353e-22,0.6589521054329959,1.0,1e-06,1.0,Utsuroi,1e-06,0.9803921568627452,1.0,0
2024-03-22,0.3470161239726457,1.0,0.9523809523809523,9.48052747412718e-12,0.9999999999895195,1,9.936071893674801e-23,0.33751205400260376,1.0,1e-06,0.3021905927762979,Utsuroi,1e-06,0.9803921568627452,1.0,0
2024-03-25,0.3064389233954451,2.0,0.48780487804878053,1.4618528609722895e-11,0.9999999999843815,1,2.2831958393778687e-22,0.6589521054329959,1.0,1e-06,0.1126639271240617,Utsuroi,1e-06,0.9803921568627452,1.0,0
2024-03-26,0.30047870004391747,2.0,0.48780487804878053,3.449107666079551e-11,0.999999999964509,1,1.224124682901429e-21,0.6589521054329959,1.0,1e-06,1.0,Utsuroi,1e-06,0.9803921568627452,1.0,0
2024-03-27,0.29611581655059915,1.0,0.9523809523809523,0.6892699455480035,0.5440012581144791,2,0.3143062279893911,0.33751205400260376,2.0,1e-06,0.16066004203348316,Utsuroi,1e-06,0.9803921568627452,1.0,0
2024-03-28,0.3097051257920823,2.0,0.48780487804878053,0.5838702719291384,0.7293842960776661,2,0.15800446463742832,0.6589521054329959,2.0,1e-06,0.8503924619213875,Utsuroi,1e-06,0.9803921568627452,1.0,0
2024-04-01,0.3044362883493318,1.0,0.9523809523809523,0.6635754906952448,0.6209938529092499,2,0.2514991900322586,0.33751205400260376,2.0,1e-06,0.6414099649428304,Utsuroi,1e-06,0.9803921568627452,1.0,0
2024-04-02,0.3020045172219086,2.0,0.48780487804878053,0.6928977572902142,0.5111669721236619,2,0.3387113087048994,0.6589521054329959,2.0,1e-06,0.14100346857633284,Utsuroi,1e-06,0.9803921568627452,1.0,0
2024-04-03,0.2955674760022587,2.0,0.48780487804878053,0.5537043477577193,0.7577107650087488,2,0.13415660282954753,0.6589521054329959,2.0,1e-06,0.5414476140729314,Utsuroi,1e-06,0.9803921568627452,1.0,0
2024-04-04,0.28054771315640886,2.0,0.48780487804878053,0.2932636668660127,0.9139664034566053,2,0.025230527995987045,0.6589521054329959,2.0,1e-06,0.9034107871765343,Utsuroi,1e-06,0.9803921568627452,1.0,0
2024-04-05,0.267888198757764,2.0,0.48780487804878053,0.0,0.0,0,0.0,0.6589521054329959,0.0,1e-06,1.0,Utsuroi,1e-06,0.9803921568627452,1.0,0
2024-04-08,0.2693424932555368,2.0,0.48780487804878053,0.0,0.0,0,0.0,0.6589521054329959,0.0,1e-06,1.0,Utsuroi,1e-06,0.9803921568627452,1.0,0
2024-04-09,0.24645523558567048,2.0,0.48780487804878053,3.892997035768441e-11,0.99999999996007,1,1.5544717012409784e-21,0.6589521054329959,1.0,1e-06,0.554905640002036,Utsuroi,1e-06,0.9803921568627452,1.0,0
2024-04-10,0.24492941840767932,1.0,0.9523809523809523,0.0,0.0,0,0.0,0.33751205400260376,0.0,1e-06,0.32247023120497953,Utsuroi,1e-06,0.9803921568627452,1.0,0
2024-04-11,0.28581655059915934,1.5,0.6451612903225806,0.0,0.0,0,0.0,0.4982320797178802,0.0,1e-06,0.01948546040826471,Utsuroi,1e-06,0.9803921568627452,1.0,0
2024-04-12,0.2894403663968882,2.0,0.48780487804878053,3.556541727153402e-10,0.9999999996433458,1,1.2684553689748614e-19,0.6589521054329959,1.0,1e-06,0.20797672288531321,Utsuroi,1e-06,0.9803921568627452,1.0,0
2024-04-15,0.3512121212121212,2.0,0.48780487804878053,2.90398816100646e-11,0.9999999999699601,1,8.723539631375875e-22,0.6589521054329959,1.0,1e-06,1.0,Utsuroi,1e-06,0.9803921568627452,1.0,0
2024-04-16,0.36649413388543817,2.0,0.48780487804878053,1.3891998662419274e-11,0.999999999985108,1,2.0687931818570529e-22,0.6589521054329959,1.0,1e-06,1.0,Utsuroi,1e-06,0.9803921568627452,1.0,0
2024-04-17,0.3568147311625573,2.0,0.48780487804878053,1.0170420061621782e-11,0.9999999999888296,1,1.1360763930490391e-22,0.6589521054329959,1.0,1e-06,1.0,Utsuroi,1e-06,0.9803921568627452,1.0,0
2024-04-18,0.34763598720120464,2.0,0.48780487804878053,3.488742628057254e-11,0.9999999999641126,1,1.2520191670155245e-21,0.6589521054329959,1.0,1e-06,1.0,Utsuroi,1e-06,0.9803921568627452,1.0,0
2024-04-19,0.37016563146997944,1.0,0.9523809523809523,0.0,0.0,0,0.0,0.33751205400260376,0.0,1e-06,0.32247023120497953,Utsuroi,1e-06,0.9803921568627452,1.0,0
2024-04-22,0.33960160612334533,2.0,0.48780487804878053,0.0,0.0,0,0.0,0.6589521054329959,0.0,1e-06,0.00909854810873778,Utsuroi,1e-06,0.9803921568627452,1.0,0
2024-04-23,0.39500784239914677,1.0,0.9523809523809523,0.0,0.0,0,0.0,0.33751205400260376,0.0,1e-06,0.03415579322857831,Utsuroi,1e-06,0.9803921568627452,1.0,0
2024-04-24,0.3707616538051321,1.0,0.9523809523809523,0.0,0.0,0,0.0,0.33751205400260376,0.0,1e-06,1.0,Utsuroi,1e-06,0.9803921568627452,1.0,0
2024-04-25,0.3482081686429513,2.0,0.48780487804878053,0.0,0.0,0,0.0,0.6589521054329959,0.0,1e-06,0.00909854810873778,Utsuroi,1e-06,0.9803921568627452,1.0,0
2024-04-26,0.37095238095238103,2.0,0.48780487804878053,0.0,0.0,0,0.0,0.6589521054329959,0.0,1e-06,1.0,Utsuroi,1e-06,0.9803921568627452,1.0,0
2024-04-29,0.3502108036890646,2.0,0.48780487804878053,0.0,0.0,0,0.0,0.6589521054329959,0.0,1e-06,1.0,Utsuroi,1e-06,0.9803921568627452,1.0,0
2024-04-30,0.39093104962670183,2.0,0.48780487804878053,0.0,0.0,0,0.0,0.6589521054329959,0.0,1e-06,1.0,Utsuroi,1e-06,0.9803921568627452,1.0,0
2024-05-01,0.38859464207290306,2.0,0.48780487804878053,0.0,0.0,0,0.0,0.6589521054329959,0.0,1e-06,1.0,Utsuroi,1e-06,0.9803921568627452,1.0,0
2024-05-02,0.4010395884308927,1.5,0.6451612903225806,0.0,0.0,0,0.0,0.4982320797178802,0.0,1e-06,0.009853204579840735,Utsuroi,1e-06,0.9803921568627452,1.0,0
2024-05-03,0.42552418595896857,1.5,0.6451612903225806,0.0,0.0,0,0.0,0.4982320797178802,0.0,1e-06,1.0,Utsuroi,1e-06,0.9803921568627452,1.0,0
2024-05-06,0.4405677896982246,1.0,0.9523809523809523,0.0,0.0,0,0.0,0.33751205400260376,0.0,1e-06,0.041945074592308895,Utsuroi,1e-06,0.9803921568627452,1.0,0
2024-05-07,0.44710019449149885,1.0,0.9523809523809523,5.6396998180959536e-11,0.999999999942603,1,3.2370171544983725e-21,0.33751205400260376,1.0,1e-06,0.3086149790086915,Utsuroi,1e-06,0.9803921568627452,1.0,0
2024-05-08,0.4571372106154716,1.0,0.9523809523809523,6.760592085917139e-11,0.9999999999313941,1,4.638164960675526e-21,0.33751205400260376,1.0,1e-06,1.0,Utsuroi,1e-06,0.9803921568627452,1.0,0
2024-05-09,0.46126168517472876,1.0,0.9523809523809523,1.2893353051035244e-10,0.9999999998700665,1,1.675278596923117e-20,0.33751205400260376,1.0,1e-06,1.0,Utsuroi,1e-06,0.9803921568627452,1.0,0
2024-05-10,0.4592113683418033,1.0,0.9523809523809523,0.0,0.0,0,0.0,0.33751205400260376,0.0,1e-06,1.0,Utsuroi,1e-06,0.9803921568627452,1.0,0
2024-05-13,0.4337969759708891,1.0,0.9523809523809523,2.1277535288995944e-11,0.9999999999777225,1,4.740105725730523e-22,0.33751205400260376,1.0,1e-06,0.3086149790086915,Utsuroi,1e-06,0.9803921568627452,1.0,0
2024-05-14,0.44822071648158607,2.0,0.48780487804878053,0.0,0.0,0,0.0,0.6589521054329959,0.0,1e-06,0.30489283168892733,Utsuroi,1e-06,0.9803921568627452,1.0,0
2024-05-15,0.40115879289792333,1.0,0.9523809523809523,0.0,0.0,0,0.0,0.33751205400260376,0.0,1e-06,0.03415579322857831,Utsuroi,1e-06,0.9803921568627452,1.0,0
2024-05-16,0.38802246063115636,1.0,0.9523809523809523,0.0,0.0,0,0.0,0.33751205400260376,0.0,1e-06,1.0,Utsuroi,1e-06,0.9803921568627452,1.0,0
2024-05-17,0.3898582094234268,1.0,0.9523809523809523,0.0,0.0,0,0.0,0.33751205400260376,0.0,1e-06,1.0,Utsuroi,1e-06,0.9803921568627452,1.0,0
2024-05-20,0.378080808080808,2.0,0.48780487804878053,0.0,0.0,0,0.0,0.6589521054329959,0.0,1e-06,0.00909854810873778,Utsuroi,1e-06,0.9803921568627452,1.0,0
2024-05-21,0.321458686241295,2.0,0.48780487804878053,0.0,0.0,0,0.0,0.6589521054329959,0.0,1e-06,1.0,Utsuroi,1e-06,0.9803921568627452,1.0,0
2024-05-22,0.3372890394629525,1.0,0.9523809523809523,1.472812982573604e-10,0.9999999998517187,1,2.1839058858134338e-20,0.33751205400260376,1.0,1e-06,0.9967701255613131,Utsuroi,1e-06,0.9803921568627452,1.0,0
2024-05-23,0.33063743020264763,2.0,0.48780487804878053,8.954768034175713e-10,0.9999999991035232,1,8.027741628127157e-19,0.6589521054329959,1.0,1e-06,0.1126639271240617,Utsuroi,1e-06,0.9803921568627452,1.0,0
2024-05-24,0.35841207102076666,1.5,0.6451612903225806,0.0,0.0,0,0.0,0.4982320797178802,0.0,1e-06,0.5635383496527522,Utsuroi,1e-06,0.9803921568627452,1.0,0
2024-05-28,0.35028232636928297,1.0,0.9523809523809523,0.0,0.0,0,0.0,0.33751205400260376,0.0,1e-06,0.041945074592308895,Utsuroi,1e-06,0.9803921568627452,1.0,0
2024-05-29,0.34882803187151024,1.0,0.9523809523809523,0.0,0.0,0,0.0,0.33751205400260376,0.0,1e-06,1.0,Utsuroi,1e-06,0.9803921568627452,1.0,0
2024-05-30,0.3713576761402848,0.0,20.0,0.0,0.0,0,0.0,0.01607200257156863,0.0,1e-06,0.03871716593438601,Utsuroi,1e-06,0.9803921568627452,1.0,0
2024-05-31,0.30567601480644957,1.0,0.9523809523809523,2.147548805428218e-11,0.9999999999775245,1,4.826716001545759e-22,0.33751205400260376,1.0,1e-06,0.755817765545387,Utsuroi,1e-06,0.9803921568627452,1.0,0
2024-06-03,0.3314480205784554,1.0,0.9523809523809523,0.0,0.0,0,0.0,0.33751205400260376,0.0,1e-06,1.0,Utsuroi,1e-06,0.9803921568627452,1.0,0
2024-06-04,0.30696342305037955,1.0,0.9523809523809523,0.0,0.0,0,0.0,0.33751205400260376,0.0,1e-06,1.0,Utsuroi,1e-06,0.9803921568627452,1.0,0
2024-06-05,0.3068919003701613,1.0,0.9523809523809523,0.0,0.0,0,0.0,0.33751205400260376,0.0,1e-06,1.0,Utsuroi,1e-06,0.9803921568627452,1.0,0
2024-06-06,0.2844099378881988,1.0,0.9523809523809523,1.045177610578082e-09,0.9999999989538224,1,1.0934413927151267e-18,0.33751205400260376,1.0,1e-06,0.3086149790086915,Utsuroi,1e-06,0.9803921568627452,1.0,0
2024-06-07,0.2951383399209487,1.0,0.9523809523809523,5.5222493244647595e-12,0.9999999999934778,1,3.6017364764476945e-23,0.33751205400260376,1.0,1e-06,1.0,Utsuroi,1e-06,0.9803921568627452,1.0,0
2024-06-10,0.2776629650542694,1.0,0.9523809523809523,6.519784712083458e-12,0.9999999999924802,1,4.9027233175329065e-23,0.33751205400260376,1.0,1e-06,1.0,Utsuroi,1e-06,0.9803921568627452,1.0,0
2024-06-11,0.28471986950247824,1.0,0.9523809523809523,0.6198354702756174,0.6890791536734375,2,0.19271976900131782,0.33751205400260376,2.0,1e-06,0.10585429724899698,Utsuroi,1e-06,0.9803921568627452,1.0,0
2024-06-12,0.2983330196373676,2.0,0.48780487804878053,0.0,0.0,0,0.0,0.6589521054329959,0.0,1e-06,0.681720045318817,Utsuroi,1e-06,0.9803921568627452,1.0,0
2024-06-13,0.29017943409247765,2.0,0.48780487804878053,0.0,0.0,0,0.0,0.6589521054329959,0.0,1e-06,1.0,Utsuroi,1e-06,0.9803921568627452,1.0,0
2024-06-14,0.2659332454984629,2.0,0.48780487804878053,0.0,0.0,0,0.0,0.6589521054329959,0.0,1e-06,1.0,Utsuroi,1e-06,0.9803921568627452,1.0,0
2024-06-17,0.2477903256164126,1.0,0.9523809523809523,1.667732618655351e-11,0.9999999999823227,1,2.94810165990712e-22,0.33751205400260376,1.0,1e-06,0.9967701255613131,Utsuroi,1e-06,0.9803921568627452,1.0,0
2024-06-18,0.24824330259112873,2.0,0.48780487804878053,0.0,0.0,0,0.0,0.6589521054329959,0.0,1e-06,0.30489283168892733,Utsuroi,1e-06,0.9803921568627452,1.0,0
2024-06-20,0.2527969132316959,2.0,0.48780487804878053,3.073769016616855e-10,0.9999999996916231,1,9.478792979170843e-20,0.6589521054329959,1.0,1e-06,0.554905640002036,Utsuroi,1e-06,0.9803921568627452,1.0,0
2024-06-21,0.24054269402095493,2.0,0.48780487804878053,0.0,0.0,0,0.0,0.6589521054329959,0.0,1e-06,1.0,Utsuroi,1e-06,0.9803921568627452,1.0,0
2024-06-24,0.24938766547462196,2.0,0.48780487804878053,6.021405596169692e-11,0.999999999938786,1,3.685945259394357e-21,0.6589521054329959,1.0,1e-06,0.554905640002036,Utsuroi,1e-06,0.9803921568627452,1.0,0
2024-06-25,0.2673160173160173,2.0,0.48780487804878053,1.1874279337493525e-11,0.9999999999871257,1,1.5287252644381318e-22,0.6589521054329959,1.0,1e-06,1.0,Utsuroi,1e-06,0.9803921568627452,1.0,0
2024-06-26,0.24309366961540882,2.0,0.48780487804878053,1.7229884185899526e-11,0.9999999999817701,1,3.140984120935888e-22,0.6589521054329959,1.0,1e-06,1.0,Utsuroi,1e-06,0.9803921568627452,1.0,0
2024-06-27,0.2253322040278562,2.0,0.48780487804878053,1.1609158079216416e-11,0.9999999999873909,1,1.463814525738234e-22,0.6589521054329959,1.0,1e-06,1.0,Utsuroi,1e-06,0.9803921568627452,1.0,0
2024-06-28,0.27768680594767553,2.0,0.48780487804878053,1.8655743616398606e-11,0.9999999999803443,1,3.666921008036515e-22,0.6589521054329959,1.0,1e-06,1.0,Utsuroi,1e-06,0.9803921568627452,1.0,0
2024-07-01,0.26447895100069013,2.0,0.48780487804878053,1.2231327062208316e-11,0.9999999999867687,1,1.618364181879884e-22,0.6589521054329959,1.0,1e-06,1.0,Utsuroi,1e-06,0.9803921568627452,1.0,0
2024-07-02,0.25861409122278695,1.0,0.9523809523809523,1.3085865724250627e-11,0.9999999999859142,1,1.8432545799680056e-22,0.33751205400260376,1.0,1e-06,0.3021905927762979,Utsuroi,1e-06,0.9803921568627452,1.0,0
2024-07-03,0.26073593073593077,1.0,0.9523809523809523,9.813816426116102e-12,0.9999999999891862,1,1.0612459217369092e-22,0.33751205400260376,1.0,1e-06,1.0,Utsuroi,1e-06,0.9803921568627452,1.0,0
2024-07-05,0.278878850617981,1.0,0.9523809523809523,4.228972727466526e-11,0.9999999999567103,1,1.830709824758326e-21,0.33751205400260376,1.0,1e-06,1.0,Utsuroi,1e-06,0.9803921568627452,1.0,0
2024-07-08,0.29301650040780475,1.0,0.9523809523809523,0.0,0.0,0,0.0,0.33751205400260376,0.0,1e-06,1.0,Utsuroi,1e-06,0.9803921568627452,1.0,0
2024-07-09,0.2774960788004266,2.0,0.48780487804878053,0.0,0.0,0,0.0,0.6589521054329959,0.0,1e-06,0.00909854810873778,Utsuroi,1e-06,0.9803921568627452,1.0,0
2024-07-10,0.29129995608256476,2.0,0.48780487804878053,0.0,0.0,0,0.0,0.6589521054329959,0.0,1e-06,1.0,Utsuroi,1e-06,0.9803921568627452,1.0,0
2024-07-11,0.31480707698099003,2.0,0.48780487804878053,0.0,0.0,0,0.0,0.6589521054329959,0.0,1e-06,1.0,Utsuroi,1e-06,0.9803921568627452,1.0,0
2024-07-12,0.3280149319279754,3.0,0.3278688524590164,0.0,0.0,0,0.0,0.9803921568627452,0.0,1e-06,0.0013248229092196473,Katashi,1e-06,0.9803921568627452,1.0,0
2024-07-15,0.33473806386849875,2.0,0.48780487804878053,0.0,0.0,0,0.0,0.6589521054329959,0.0,1e-06,0.002930043307809771,Utsuroi,1e-06,0.9803921568627452,1.0,0
2024-07-16,0.3181209611644395,2.0,0.48780487804878053,0.0,0.0,0,0.0,0.6589521054329959,0.0,1e-06,1.0,Utsuroi,1e-06,0.9803921568627452,1.0,0
2024-07-17,0.3835880544576196,2.0,0.48780487804878053,6.237232952143377e-11,0.9999999999366277,1,3.952678439793749e-21,0.6589521054329959,1.0,1e-06,0.554905640002036,Utsuroi,1e-06,0.9803921568627452,1.0,0
2024-07-18,0.3911217767739507,1.0,0.9523809523809523,0.0,0.0,0,0.0,0.33751205400260376,0.0,1e-06,0.32247023120497953,Utsuroi,1e-06,0.9803921568627452,1.0,0
2024-07-19,0.4136037392559131,3.0,0.3278688524590164,0.0,0.0,0,0.0,0.9803921568627452,0.0,1e-06,0.003258211101229813,Katashi,1e-06,0.9803921568627452,1.0,0
2024-07-22,0.42087521174477704,2.0,0.48780487804878053,0.0,0.0,0,0.0,0.6589521054329959,0.0,1e-06,0.002930043307809771,Utsuroi,1e-06,0.9803921568627452,1.0,0
2024-07-23,0.4129600351339482,2.0,0.48780487804878053,0.0,0.0,0,0.0,0.6589521054329959,0.0,1e-06,1.0,Utsuroi,1e-06,0.9803921568627452,1.0,0
2024-07-24,0.48700985005332825,2.0,0.48780487804878053,0.0,0.0,0,0.0,0.6589521054329959,0.0,1e-06,1.0,Utsuroi,1e-06,0.9803921568627452,1.0,0
2024-07-25,0.48438735177865616,2.0,0.48780487804878053,0.0,0.0,0,0.0,0.6589521054329959,0.0,1e-06,1.0,Utsuroi,1e-06,0.9803921568627452,1.0,0
2024-07-26,0.4632881611142481,2.0,0.48780487804878053,0.0,0.0,0,0.0,0.6589521054329959,0.0,1e-06,1.0,Utsuroi,1e-06,0.9803921568627452,1.0,0
2024-07-29,0.4679371353284396,2.0,0.48780487804878053,0.0,0.0,0,0.0,0.6589521054329959,0.0,1e-06,1.0,Utsuroi,1e-06,0.9803921568627452,1.0,0
2024-07-30,0.4764721751678274,2.0,0.48780487804878053,0.0,0.0,0,0.0,0.6589521054329959,0.0,1e-06,1.0,Utsuroi,1e-06,0.9803921568627452,1.0,0
2024-07-31,0.4633835246878726,2.0,0.48780487804878053,0.0,0.0,0,0.0,0.6589521054329959,0.0,1e-06,1.0,Utsuroi,1e-06,0.9803921568627452,1.0,0
2024-08-01,0.46791329443503366,1.5,0.6451612903225806,0.0,0.0,0,0.0,0.4982320797178802,0.0,1e-06,0.009853204579840735,Utsuroi,1e-06,0.9803921568627452,1.0,0
2024-08-02,0.4489597841771755,1.0,0.9523809523809523,0.0,0.0,0,0.0,0.33751205400260376,0.0,1e-06,0.041945074592308895,Utsuroi,1e-06,0.9803921568627452,1.0,0
2024-08-05,0.4765198569546396,2.0,0.48780487804878053,0.0,0.0,0,0.0,0.6589521054329959,0.0,1e-06,0.00909854810873778,Utsuroi,1e-06,0.9803921568627452,1.0,0
2024-08-06,0.44516908212560397,2.0,0.48780487804878053,0.0,0.0,0,0.0,0.6589521054329959,0.0,1e-06,1.0,Utsuroi,1e-06,0.9803921568627452,1.0,0
2024-08-07,0.44206976598280956,1.0,0.9523809523809523,0.0,0.0,0,0.0,0.33751205400260376,0.0,1e-06,0.03415579322857831,Utsuroi,1e-06,0.9803921568627452,1.0,0
2024-08-08,0.4686046803438107,1.0,0.9523809523809523,0.0,0.0,0,0.0,0.33751205400260376,0.0,1e-06,1.0,Utsuroi,1e-06,0.9803921568627452,1.0,0
2024-08-09,0.4773542882238535,1.0,0.9523809523809523,0.0,0.0,0,0.0,0.33751205400260376,0.0,1e-06,1.0,Utsuroi,1e-06,0.9803921568627452,1.0,0
2024-08-12,0.45301273605621434,2.0,0.48780487804878053,0.0,0.0,0,0.0,0.6589521054329959,0.0,1e-06,0.00909854810873778,Utsuroi,1e-06,0.9803921568627452,1.0,0
2024-08-13,0.4936614593136332,1.0,0.9523809523809523,0.0,0.0,0,0.0,0.33751205400260376,0.0,1e-06,0.03415579322857831,Utsuroi,1e-06,0.9803921568627452,1.0,0
2024-08-14,0.5012428634167765,2.0,0.48780487804878053,0.0,0.0,0,0.0,0.6589521054329959,0.0,1e-06,0.00909854810873778,Utsuroi,1e-06,0.9803921568627452,1.0,0
2024-08-15,0.5118282200890897,2.0,0.48780487804878053,0.0,0.0,0,0.0,0.6589521054329959,0.0,1e-06,1.0,Utsuroi,1e-06,0.9803921568627452,1.0,0
2024-08-16,0.4774973335842902,1.0,0.9523809523809523,0.0,0.0,0,0.0,0.33751205400260376,0.0,1e-06,0.03415579322857831,Utsuroi,1e-06,0.9803921568627452,1.0,0
2024-08-19,0.4857939644896167,1.0,0.9523809523809523,0.0,0.0,0,0.0,0.33751205400260376,0.0,1e-06,1.0,Utsuroi,1e-06,0.9803921568627452,1.0,0
2024-08-20,0.47053579270970575,1.0,0.9523809523809523,0.0,0.0,0,0.0,0.33751205400260376,0.0,1e-06,1.0,Utsuroi,1e-06,0.9803921568627452,1.0,0
2024-08-21,0.47666290231507624,1.0,0.9523809523809523,0.0,0.0,0,0.0,0.33751205400260376,0.0,1e-06,1.0,Utsuroi,1e-06,0.9803921568627452,1.0,0
2024-08-22,0.5210069640504424,1.0,0.9523809523809523,0.0,0.0,0,0.0,0.33751205400260376,0.0,1e-06,1.0,Utsuroi,1e-06,0.9803921568627452,1.0,0
2024-08-23,0.4633358429010603,1.0,0.9523809523809523,0.0,0.0,0,0.0,0.33751205400260376,0.0,1e-06,1.0,Utsuroi,1e-06,0.9803921568627452,1.0,0
2024-08-26,0.474874835309618,1.0,0.9523809523809523,0.0,0.0,0,0.0,0.33751205400260376,0.0,1e-06,1.0,Utsuroi,1e-06,0.9803921568627452,1.0,0
2024-08-27,0.48073969508752123,2.0,0.48780487804878053,0.0,0.0,0,0.0,0.6589521054329959,0.0,1e-06,0.00909854810873778,Utsuroi,1e-06,0.9803921568627452,1.0,0
2024-08-28,0.5013382269904009,2.0,0.48780487804878053,0.0,0.0,0,0.0,0.6589521054329959,0.0,1e-06,1.0,Utsuroi,1e-06,0.9803921568627452,1.0,0
2024-08-29,0.48796348578957277,1.0,0.9523809523809523,0.0,0.0,0,0.0,0.33751205400260376,0.0,1e-06,0.03415579322857831,Utsuroi,1e-06,0.9803921568627452,1.0,0
2024-08-30,0.4668642951251647,2.0,0.48780487804878053,0.0,0.0,0,0.0,0.6589521054329959,0.0,1e-06,0.00909854810873778,Utsuroi,1e-06,0.9803921568627452,1.0,0
2024-09-03,0.497261434217956,1.0,0.9523809523809523,0.0,0.0,0,0.0,0.33751205400260376,0.0,1e-06,0.03415579322857831,Utsuroi,1e-06,0.9803921568627452,1.0,0
2024-09-04,0.49173034694773843,2.0,0.48780487804878053,0.0,0.0,0,0.0,0.6589521054329959,0.0,1e-06,0.00909854810873778,Utsuroi,1e-06,0.9803921568627452,1.0,0
2024-09-05,0.45363259928477323,1.0,0.9523809523809523,0.0,0.0,0,0.0,0.33751205400260376,0.0,1e-06,0.03415579322857831,Utsuroi,1e-06,0.9803921568627452,1.0,0
2024-09-06,0.5094202898550726,0.5,1.8181818181818181,0.0,0.0,0,0.0,0.17679202828716653,0.0,1e-06,0.36954395654469974,Utsuroi,1e-06,0.9803921568627452,1.0,0
2024-09-09,0.5005991592948115,2.0,0.48780487804878053,6.913134506893392e-10,0.9999999993076866,1,4.7860558542732015e-19,0.6589521054329959,1.0,1e-06,0.025453138911475715,Utsuroi,1e-06,0.9803921568627452,1.0,0
2024-09-10,0.4874389861346385,1.0,0.9523809523809523,0.0,0.0,0,0.0,0.33751205400260376,0.0,1e-06,0.32247023120497953,Utsuroi,1e-06,0.9803921568627452,1.0,0
2024-09-11,0.49299391429826217,1.0,0.9523809523809523,0.0,0.0,0,0.0,0.33751205400260376,0.0,1e-06,1.0,Utsuroi,1e-06,0.9803921568627452,1.0,0
2024-09-12,0.4838628521237217,2.0,0.48780487804878053,0.0,0.0,0,0.0,0.6589521054329959,0.0,1e-06,0.00909854810873778,Utsuroi,1e-06,0.9803921568627452,1.0,0
2024-09-13,0.44321412886630285,2.0,0.48780487804878053,0.0,0.0,0,0.0,0.6589521054329959,0.0,1e-06,1.0,Utsuroi,1e-06,0.9803921568627452,1.0,0
2024-09-16,0.44175983436852995,1.0,0.9523809523809523,0.0,0.0,0,0.0,0.33751205400260376,0.0,1e-06,0.03415579322857831,Utsuroi,1e-06,0.9803921568627452,1.0,0
2024-09-17,0.42471359558316085,1.0,0.9523809523809523,0.0,0.0,0,0.0,0.33751205400260376,0.0,1e-06,1.0,Utsuroi,1e-06,0.9803921568627452,1.0,0
2024-09-18,0.43086454608193747,1.0,0.9523809523809523,0.0,0.0,0,0.0,0.33751205400260376,0.0,1e-06,1.0,Utsuroi,1e-06,0.9803921568627452,1.0,0
2024-09-19,0.449508124725516,1.0,0.9523809523809523,0.0,0.0,0,0.0,0.33751205400260376,0.0,1e-06,1.0,Utsuroi,1e-06,0.9803921568627452,1.0,0
2024-09-20,0.4589968003011481,2.0,0.48780487804878053,0.0,0.0,0,0.0,0.6589521054329959,0.0,1e-06,0.00909854810873778,Utsuroi,1e-06,0.9803921568627452,1.0,0
2024-09-23,0.4547531212748605,2.0,0.48780487804878053,0.0,0.0,0,0.0,0.6589521054329959,0.0,1e-06,1.0,Utsuroi,1e-06,0.9803921568627452,1.0,0
2024-09-24,0.3951508877595834,1.0,0.9523809523809523,0.0,0.0,0,0.0,0.33751205400260376,0.0,1e-06,0.03415579322857831,Utsuroi,1e-06,0.9803921568627452,1.0,0
2024-09-25,0.38826086956521744,1.0,0.9523809523809523,0.0,0.0,0,0.0,0.33751205400260376,0.0,1e-06,1.0,Utsuroi,1e-06,0.9803921568627452,1.0,0
2024-09-26,0.3781523307610265,1.0,0.9523809523809523,2.276223653746145e-10,0.9999999997713777,1,5.203955855465945e-20,0.33751205400260376,1.0,1e-06,0.3086149790086915,Utsuroi,1e-06,0.9803921568627452,1.0,0
2024-09-27,0.3735510383336471,1.0,0.9523809523809523,0.0,0.0,0,0.0,0.33751205400260376,0.0,1e-06,1.0,Utsuroi,1e-06,0.9803921568627452,1.0,0
2024-09-30,0.3340705188531276,2.0,0.48780487804878053,0.0,0.0,0,0.0,0.6589521054329959,0.0,1e-06,0.00909854810873778,Utsuroi,1e-06,0.9803921568627452,1.0,0
2024-10-01,0.34088901436727526,1.0,0.9523809523809523,2.068523130537144e-11,0.9999999999783148,1,4.485635678740458e-22,0.33751205400260376,1.0,1e-06,0.9967701255613131,Utsuroi,1e-06,0.9803921568627452,1.0,0
2024-10-02,0.34143735491561583,2.0,0.48780487804878053,0.3012790475640612,0.910543288071009,2,0.02695143296817899,0.6589521054329959,2.0,1e-06,0.00979463608901232,Utsuroi,1e-06,0.9803921568627452,1.0,0
2024-10-03,0.3107302842085451,2.0,0.48780487804878053,7.305445137443317e-11,0.9999999999259456,1,5.410005701104007e-21,0.6589521054329959,1.0,1e-06,0.5729867423163795,Utsuroi,1e-06,0.9803921568627452,1.0,0
2024-10-04,0.32577388794780104,1.0,0.9523809523809523,1.0321521414792166e-10,0.9999999998957848,1,1.0756593363011617e-20,0.33751205400260376,1.0,1e-06,0.3021905927762979,Utsuroi,1e-06,0.9803921568627452,1.0,0
2024-10-07,0.3710715854194115,1.0,0.9523809523809523,0.0,0.0,0,0.0,0.33751205400260376,0.0,1e-06,1.0,Utsuroi,1e-06,0.9803921568627452,1.0,0
2024-10-08,0.35602798168015554,2.0,0.48780487804878053,0.0,0.0,0,0.0,0.6589521054329959,0.0,1e-06,0.00909854810873778,Utsuroi,1e-06,0.9803921568627452,1.0,0
2024-10-09,0.34656314699792967,1.0,0.9523809523809523,0.18825336288214642,0.9534418687165853,2,0.008764724783611278,0.33751205400260376,2.0,1e-06,0.4015502324651331,Utsuroi,1e-06,0.9803921568627452,1.0,0
2024-10-10,0.3602478198130372,1.0,0.9523809523809523,0.0,0.0,0,0.0,0.33751205400260376,0.0,1e-06,1.0,Utsuroi,1e-06,0.9803921568627452,1.0,0
2024-10-11,0.31204153334588125,1.0,0.9523809523809523,0.0,0.0,0,0.0,0.33751205400260376,0.0,1e-06,1.0,Utsuroi,1e-06,0.9803921568627452,1.0,0
2024-10-14,0.2950906581341365,1.5,0.6451612903225806,0.0,0.0,0,0.0,0.4982320797178802,0.0,1e-06,0.01948546040826471,Utsuroi,1e-06,0.9803921568627452,1.0,0
2024-10-15,0.2900840705188531,1.0,0.9523809523809523,2.5837998407136704e-11,0.999999999973162,1,6.934395885226586e-22,0.33751205400260376,1.0,1e-06,0.6864065715439316,Utsuroi,1e-06,0.9803921568627452,1.0,0
2024-10-16,0.2890350712089843,2.0,0.48780487804878053,1.2317258324313161e-11,0.9999999999866828,1,1.640318384743198e-22,0.6589521054329959,1.0,1e-06,0.1126639271240617,Utsuroi,1e-06,0.9803921568627452,1.0,0
2024-10-17,0.2861503231068449,2.0,0.48780487804878053,1.1291967361084959e-11,0.999999999987708,1,1.388002444479988e-22,0.6589521054329959,1.0,1e-06,1.0,Utsuroi,1e-06,0.9803921568627452,1.0,0
2024-10-18,0.28896354852876593,2.0,0.48780487804878053,1.0419665130647315e-11,0.9999999999885804,1,1.1898885606523326e-22,0.6589521054329959,1.0,1e-06,1.0,Utsuroi,1e-06,0.9803921568627452,1.0,0
2024-10-21,0.20997866867432083,1.0,0.9523809523809523,0.6928361347292037,0.5124702361683535,2,0.3377782371385595,0.33751205400260376,2.0,1e-06,0.14390296348128195,Utsuroi,1e-06,0.9803921568627452,1.0,0
2024-10-22,0.20757073844030366,1.0,0.9523809523809523,1.27172716800802e-11,0.9999999999862828,1,1.7444598933831533e-22,0.33751205400260376,1.0,1e-06,0.8189539739760315,Utsuroi,1e-06,0.9803921568627452,1.0,0
2024-10-23,0.27272790011920445,2.0,0.48780487804878053,3.308131546417552e-11,0.9999999999659187,1,1.127454016508068e-21,0.6589521054329959,1.0,1e-06,0.1126639271240617,Utsuroi,1e-06,0.9803921568627452,1.0,0
2024-10-24,0.274992784992785,2.0,0.48780487804878053,2.5438540162887216e-11,0.9999999999735615,1,6.725573030463253e-22,0.6589521054329959,1.0,1e-06,1.0,Utsuroi,1e-06,0.9803921568627452,1.0,0
2024-10-25,0.28812911725955204,2.0,0.48780487804878053,0.5313761214681497,0.7764406636171509,2,0.11879409308511175,0.6589521054329959,2.0,1e-06,0.2792637128800375,Utsuroi,1e-06,0.9803921568627452,1.0,0
2024-10-28,0.2882483217265826,1.0,0.9523809523809523,0.6153561037411603,0.694617539800999,2,0.1879189608589472,0.33751205400260376,2.0,1e-06,0.853719776008673,Utsuroi,1e-06,0.9803921568627452,1.0,0
2024-10-29,0.29942970073404857,2.0,0.48780487804878053,0.0,0.0,0,0.0,0.6589521054329959,0.0,1e-06,0.6779678424186208,Utsuroi,1e-06,0.9803921568627452,1.0,0
2024-10-30,0.29258736432649474,2.5,0.3921568627450981,0.0,0.0,0,0.0,0.8196721311479509,0.0,1e-06,0.002204912230265643,Katashi,1e-06,0.9803921568627452,1.0,0
2024-10-31,0.3374082439299831,1.0,0.9523809523809523,0.0,0.0,0,0.0,0.33751205400260376,0.0,1e-06,0.02978725239506541,Utsuroi,1e-06,0.9803921568627452,1.0,0
2024-11-01,0.32100570926657895,1.0,0.9523809523809523,0.0,0.0,0,0.0,0.33751205400260376,0.0,1e-06,1.0,Utsuroi,1e-06,0.9803921568627452,1.0,0
2024-11-04,0.33950624254972084,1.0,0.9523809523809523,0.0,0.0,0,0.0,0.33751205400260376,0.0,1e-06,1.0,Utsuroi,1e-06,0.9803921568627452,1.0,0
2024-11-05,0.3725497208105905,1.0,0.9523809523809523,0.0,0.0,0,0.0,0.33751205400260376,0.0,1e-06,1.0,Utsuroi,1e-06,0.9803921568627452,1.0,0
2024-11-06,0.3324016563146998,1.0,0.9523809523809523,0.0,0.0,0,0.0,0.33751205400260376,0.0,1e-06,1.0,Utsuroi,1e-06,0.9803921568627452,1.0,0
2024-11-07,0.34732605558692514,1.5,0.6451612903225806,0.0,0.0,0,0.0,0.4982320797178802,0.0,1e-06,0.01948546040826471,Utsuroi,1e-06,0.9803921568627452,1.0,0
2024-11-08,0.34811280506932685,1.0,0.9523809523809523,0.0,0.0,0,0.0,0.33751205400260376,0.0,1e-06,0.041945074592308895,Utsuroi,1e-06,0.9803921568627452,1.0,0
2024-11-11,0.34122278687496077,2.0,0.48780487804878053,0.0,0.0,0,0.0,0.6589521054329959,0.0,1e-06,0.00909854810873778,Utsuroi,1e-06,0.9803921568627452,1.0,0
2024-11-12,0.33578706317836754,2.0,0.48780487804878053,0.0,0.0,0,0.0,0.6589521054329959,0.0,1e-06,1.0,Utsuroi,1e-06,0.9803921568627452,1.0,0
2024-11-13,0.3233421168203777,2.0,0.48780487804878053,0.0,0.0,0,0.0,0.6589521054329959,0.0,1e-06,1.0,Utsuroi,1e-06,0.9803921568627452,1.0,0
2024-11-14,0.32844406800928544,1.5,0.6451612903225806,2.1925572468455e-11,0.9999999999770744,1,5.026558155123001e-22,0.4982320797178802,1.0,1e-06,0.8726234300785367,Utsuroi,1e-06,0.9803921568627452,1.0,0
2024-11-15,0.36437229437229435,2.0,0.48780487804878053,0.6492266448160358,0.6470946360390256,2,0.22911556538196534,0.6589521054329959,2.0,1e-06,0.10791226149788058,Utsuroi,1e-06,0.9803921568627452,1.0,0
2024-11-18,0.3694980864546082,2.0,0.48780487804878053,0.6900068428927941,0.5396046023097048,2,0.31767597484265303,0.6589521054329959,2.0,1e-06,0.2261342792734219,Utsuroi,1e-06,0.9803921568627452,1.0,0
2024-11-19,0.3837310998180565,2.0,0.48780487804878053,1.952538131157002e-11,0.9999999999794746,1,4.0076546474286035e-22,0.6589521054329959,1.0,1e-06,0.8766233425642681,Utsuroi,1e-06,0.9803921568627452,1.0,0
2024-11-20,0.39400652487609017,2.0,0.48780487804878053,1.069140331763705e-10,0.999999999892086,1,1.153752215871458e-20,0.6589521054329959,1.0,1e-06,1.0,Utsuroi,1e-06,0.9803921568627452,1.0,0
2024-11-21,0.396342932429889,2.0,0.48780487804878053,0.46737387597833147,0.8226352766439476,2,0.08289563821674269,0.6589521054329959,2.0,1e-06,0.2980793688701826,Utsuroi,1e-06,0.9803921568627452,1.0,0
2024-11-22,0.34177112742330135,1.0,0.9523809523809523,2.099920237672858e-11,0.9999999999780008,1,4.61965238302125e-22,0.33751205400260376,1.0,1e-06,0.1744197804964327,Utsuroi,1e-06,0.9803921568627452,1.0,0
2024-11-25,0.32715665976535546,1.0,0.9523809523809523,2.1276091999063964e-11,0.9999999999777239,1,4.739477120932133e-22,0.33751205400260376,1.0,1e-06,1.0,Utsuroi,1e-06,0.9803921568627452,1.0,0
2024-11-26,0.33502415458937207,1.0,0.9523809523809523,8.517825330317326e-10,0.9999999991472175,1,7.263852475778154e-19,0.33751205400260376,1.0,1e-06,1.0,Utsuroi,1e-06,0.9803921568627452,1.0,0
2024-11-27,0.34923332705941407,1.0,0.9523809523809523,1.651261349739602e-10,0.9999999998338739,1,2.7431762935816823e-20,0.33751205400260376,1.0,1e-06,1.0,Utsuroi,1e-06,0.9803921568627452,1.0,0
2024-11-29,0.3621312503921201,1.0,0.9523809523809523,0.0,0.0,0,0.0,0.33751205400260376,0.0,1e-06,1.0,Utsuroi,1e-06,0.9803921568627452,1.0,0
2024-12-02,0.3745761967501098,1.0,0.9523809523809523,4.7725379202979945e-11,0.9999999999512746,1,2.3254361435603595e-21,0.33751205400260376,1.0,1e-06,0.3086149790086915,Utsuroi,1e-06,0.9803921568627452,1.0,0
2024-12-03,0.3082746721877157,1.0,0.9523809523809523,0.0,0.0,0,0.0,0.33751205400260376,0.0,1e-06,1.0,Utsuroi,1e-06,0.9803921568627452,1.0,0
2024-12-04,0.3332122466905076,1.0,0.9523809523809523,0.0,0.0,0,0.0,0.33751205400260376,0.0,1e-06,1.0,Utsuroi,1e-06,0.9803921568627452,1.0,0
2024-12-05,0.32453416149068326,1.0,0.9523809523809523,2.2773116725434058e-11,0.9999999999762269,1,5.413874583415878e-22,0.33751205400260376,1.0,1e-06,0.3086149790086915,Utsuroi,1e-06,0.9803921568627452,1.0,0
2024-12-06,0.2991436100131753,0.0,20.0,1.53037582605106e-11,0.9999999999836963,1,2.4950843661322633e-22,0.01607200257156863,1.0,1e-06,0.07075667291050292,Utsuroi,1e-06,0.9803921568627452,1.0,0
2024-12-09,0.30028797289666864,1.0,0.9523809523809523,3.872258069669269e-11,0.9999999999602774,1,1.538159979929008e-21,0.33751205400260376,1.0,1e-06,0.9326951395781183,Utsuroi,1e-06,0.9803921568627452,1.0,0
2024-12-10,0.23839701361440493,1.0,0.9523809523809523,0.0,0.0,0,0.0,0.33751205400260376,0.0,1e-06,1.0,Utsuroi,1e-06,0.9803921568627452,1.0,0
2024-12-11,0.2519386410690759,1.0,0.9523809523809523,1.0099698854953948e-11,0.9999999999889003,1,1.1210339239361775e-22,0.33751205400260376,1.0,1e-06,0.3086149790086915,Utsuroi,1e-06,0.9803921568627452,1.0,0
2024-12-12,0.2686511073467595,1.0,0.9523809523809523,0.5472582989165207,0.7632896145780603,2,0.12954172286188467,0.33751205400260376,2.0,1e-06,0.13283170988031356,Utsuroi,1e-06,0.9803921568627452,1.0,0
2024-12-13,0.27463517159169337,2.0,0.48780487804878053,0.0,0.0,0,0.0,0.6589521054329959,0.0,1e-06,0.6304754002136606,Utsuroi,1e-06,0.9803921568627452,1.0,0
2024-12-16,0.29144300144300145,2.0,0.48780487804878053,0.0,0.0,0,0.0,0.6589521054329959,0.0,1e-06,1.0,Utsuroi,1e-06,0.9803921568627452,1.0,0
2024-12-17,0.299310496267018,2.0,0.48780487804878053,0.0,0.0,0,0.0,0.6589521054329959,0.0,1e-06,1.0,Utsuroi,1e-06,0.9803921568627452,1.0,0
2024-12-18,0.3179779158040028,2.0,0.48780487804878053,0.0,0.0,0,0.0,0.6589521054329959,0.0,1e-06,1.0,Utsuroi,1e-06,0.9803921568627452,1.0,0
2024-12-19,0.3236758893280633,2.0,0.48780487804878053,0.0,0.0,0,0.0,0.6589521054329959,0.0,1e-06,1.0,Utsuroi,1e-06,0.9803921568627452,1.0,0
2024-12-20,0.30493694711086017,1.0,0.9523809523809523,0.0,0.0,0,0.0,0.33751205400260376,0.0,1e-06,0.03415579322857831,Utsuroi,1e-06,0.9803921568627452,1.0,0
2024-12-23,0.29165756948365645,1.0,0.9523809523809523,1.6336509921259076e-10,0.9999999998356349,1,2.6851517128241857e-20,0.33751205400260376,1.0,1e-06,0.3086149790086915,Utsuroi,1e-06,0.9803921568627452,1.0,0
2024-12-24,0.3114455110107284,2.0,0.48780487804878053,0.0,0.0,0,0.0,0.6589521054329959,0.0,1e-06,0.30489283168892733,Utsuroi,1e-06,0.9803921568627452,1.0,0
2024-12-26,0.33264006524876094,1.0,0.9523809523809523,0.0,0.0,0,0.0,0.33751205400260376,0.0,1e-06,0.03415579322857831,Utsuroi,1e-06,0.9803921568627452,1.0,0
2024-12-27,0.3988939080243429,2.0,0.48780487804878053,0.0,0.0,0,0.0,0.6589521054329959,0.0,1e-06,0.00909854810873778,Utsuroi,1e-06,0.9803921568627452,1.0,0
2024-12-30,0.4094315829098437,2.0,0.48780487804878053,0.0,0.0,0,0.0,0.6589521054329959,0.0,1e-06,1.0,Utsuroi,1e-06,0.9803921568627452,1.0,0
2024-12-31,0.4451214003387918,1.0,0.9523809523809523,0.0,0.0,0,0.0,0.33751205400260376,0.0,1e-06,0.03415579322857831,Utsuroi,1e-06,0.9803921568627452,1.0,0
2025-01-02,0.42349771001944914,2.0,0.48780487804878053,9.653511323172839e-11,0.9999999999024649,1,9.41556106483072e-21,0.6589521054329959,1.0,1e-06,0.06033321480977483,Utsuroi,1e-06,0.9803921568627452,1.0,0
2025-01-03,0.41560637430202657,2.0,0.48780487804878053,2.383371278083269e-11,0.9999999999751663,1,5.91879050464674e-22,0.6589521054329959,1.0,1e-06,1.0,Utsuroi,1e-06,0.9803921568627452,1.0,0
2025-01-06,0.434440680092854,1.0,0.9523809523809523,0.0,0.0,0,0.0,0.33751205400260376,0.0,1e-06,0.32247023120497953,Utsuroi,1e-06,0.9803921568627452,1.0,0
2025-01-07,0.4696775205470858,2.0,0.48780487804878053,3.661726477517742e-11,0.9999999999623828,1,1.377440534379633e-21,0.6589521054329959,1.0,1e-06,0.06033321480977483,Utsuroi,1e-06,0.9803921568627452,1.0,0
2025-01-08,0.4802151954325868,2.0,0.48780487804878053,3.345597132101583e-10,0.9999999996644403,1,1.1226475403427277e-19,0.6589521054329959,1.0,1e-06,1.0,Utsuroi,1e-06,0.9803921568627452,1.0,0
2025-01-10,0.4925886191103582,2.0,0.48780487804878053,0.0,0.0,0,0.0,0.6589521054329959,0.0,1e-06,1.0,Utsuroi,1e-06,0.9803921568627452,1.0,0
2025-01-13,0.5038653616914486,1.0,0.9523809523809523,0.0,0.0,0,0.0,0.33751205400260376,0.0,1e-06,0.03415579322857831,Utsuroi,1e-06,0.9803921568627452,1.0,0
2025-01-14,0.5164771943032812,2.0,0.48780487804878053,0.0,0.0,0,0.0,0.6589521054329959,0.0,1e-06,0.00909854810873778,Utsuroi,1e-06,0.9803921568627452,1.0,0
2025-01-15,0.5674251835121401,2.0,0.48780487804878053,0.0,0.0,0,0.0,0.6589521054329959,0.0,1e-06,1.0,Utsuroi,1e-06,0.9803921568627452,1.0,0
2025-01-16,0.5706913859087773,2.0,0.48780487804878053,0.0,0.0,0,0.0,0.6589521054329959,0.0,1e-06,1.0,Utsuroi,1e-06,0.9803921568627452,1.0,0
2025-01-17,0.595390551477508,2.0,0.48780487804878053,0.0,0.0,0,0.0,0.6589521054329959,0.0,1e-06,1.0,Utsuroi,1e-06,0.9803921568627452,1.0,0
2025-01-21,0.582278060104147,2.0,0.48780487804878053,0.0,0.0,0,0.0,0.6589521054329959,0.0,1e-06,1.0,Utsuroi,1e-06,0.9803921568627452,1.0,0
2025-01-22,0.5946276428885126,2.0,0.48780487804878053,0.0,0.0,0,0.0,0.6589521054329959,0.0,1e-06,1.0,Utsuroi,1e-06,0.9803921568627452,1.0,0
2025-01-23,0.556458372545329,2.0,0.48780487804878053,0.0,0.0,0,0.0,0.6589521054329959,0.0,1e-06,1.0,Utsuroi,1e-06,0.9803921568627452,1.0,0
2025-01-24,0.5485431959345003,2.0,0.48780487804878053,0.0,0.0,0,0.0,0.6589521054329959,0.0,1e-06,1.0,Utsuroi,1e-06,0.9803921568627452,1.0,0
2025-01-27,0.5149513771252902,2.5,0.3921568627450981,0.0,0.0,0,0.0,0.8196721311479509,0.0,1e-06,0.002204912230265643,Katashi,1e-06,0.9803921568627452,1.0,0
2025-01-28,0.5326413200326244,1.5,0.6451612903225806,0.0,0.0,0,0.0,0.4982320797178802,0.0,1e-06,0.00826386554320846,Utsuroi,1e-06,0.9803921568627452,1.0,0
2025-01-29,0.5104216073781291,2.0,0.48780487804878053,0.0,0.0,0,0.0,0.6589521054329959,0.0,1e-06,0.005645283121509914,Utsuroi,1e-06,0.9803921568627452,1.0,0
2025-01-30,0.4930892778718866,1.0,0.9523809523809523,0.0,0.0,0,0.0,0.33751205400260376,0.0,1e-06,0.03415579322857831,Utsuroi,1e-06,0.9803921568627452,1.0,0
2025-01-31,0.45632662023966375,1.5,0.6451612903225806,0.0,0.0,0,0.0,0.4982320797178802,0.0,1e-06,0.01948546040826471,Utsuroi,1e-06,0.9803921568627452,1.0,0
2025-02-03,0.4473386034255599,1.0,0.9523809523809523,0.0,0.0,0,0.0,0.33751205400260376,0.0,1e-06,0.041945074592308895,Utsuroi,1e-06,0.9803921568627452,1.0,0
2025-02-04,0.44175983436852995,1.0,0.9523809523809523,0.0,0.0,0,0.0,0.33751205400260376,0.0,1e-06,1.0,Utsuroi,1e-06,0.9803921568627452,1.0,0
2025-02-05,0.4342499529456052,1.0,0.9523809523809523,2.0636270469986535e-11,0.9999999999783638,1,4.46491472875445e-22,0.33751205400260376,1.0,1e-06,0.3086149790086915,Utsuroi,1e-06,0.9803921568627452,1.0,0
2025-02-06,0.43823138214442564,1.0,0.9523809523809523,2.734523718532623e-11,0.9999999999716548,1,7.751066289943626e-22,0.33751205400260376,1.0,1e-06,1.0,Utsuroi,1e-06,0.9803921568627452,1.0,0
2025-02-07,0.4358711336972207,2.0,0.48780487804878053,0.0,0.0,0,0.0,0.6589521054329959,0.0,1e-06,0.30489283168892733,Utsuroi,1e-06,0.9803921568627452,1.0,0
2025-02-10,0.3952224104398018,2.0,0.48780487804878053,0.0,0.0,0,0.0,0.6589521054329959,0.0,1e-06,1.0,Utsuroi,1e-06,0.9803921568627452,1.0,0
2025-02-11,0.39202773072338304,1.0,0.9523809523809523,5.269196190338626e-11,0.9999999999463081,1,2.8291336455703855e-21,0.33751205400260376,1.0,1e-06,0.9967701255613131,Utsuroi,1e-06,0.9803921568627452,1.0,0
2025-02-12,0.3725020390237782,1.0,0.9523809523809523,3.885114452293917e-11,0.9999999999601489,1,1.5482617158419305e-21,0.33751205400260376,1.0,1e-06,1.0,Utsuroi,1e-06,0.9803921568627452,1.0,0
2025-02-13,0.4018263379132944,1.0,0.9523809523809523,0.3753029122505952,0.8757526835870005,2,0.04663037968911987,0.33751205400260376,2.0,1e-06,0.1296601832828681,Utsuroi,1e-06,0.9803921568627452,1.0,0
2025-02-14,0.38225296442687734,2.0,0.48780487804878053,0.3139599998033346,0.9049981590404882,2,0.029826777968964754,0.6589521054329959,2.0,1e-06,0.3345087967954674,Utsuroi,1e-06,0.9803921568627452,1.0,0
2025-02-18,0.3202428006775833,1.0,0.9523809523809523,0.9778407525600747,0.5718748510391104,3,0.41863821784981037,0.33751205400260376,3.0,1e-06,0.13984196271259874,Utsuroi,1e-06,0.9803921568627452,1.0,0
2025-02-19,0.29358868184955145,1.0,0.9523809523809523,0.681510344092056,0.5761302413342901,2,0.2888716250784847,0.33751205400260376,2.0,1e-06,0.038199251314034455,Utsuroi,1e-06,0.9803921568627452,1.0,0
2025-02-20,0.27313319530710833,1.0,0.9523809523809523,2.7203683749690527e-11,0.9999999999717963,1,7.672434915213946e-22,0.33751205400260376,1.0,1e-06,0.7909188333866842,Utsuroi,1e-06,0.9803921568627452,1.0,0
2025-02-21,0.2991912917999875,2.0,0.48780487804878053,3.555566951907022e-11,0.9999999999634444,1,1.2997605179395784e-21,0.6589521054329959,1.0,1e-06,0.1126639271240617,Utsuroi,1e-06,0.9803921568627452,1.0,0
2025-02-24,0.29559131689566476,2.0,0.48780487804878053,0.49816004623837506,0.8016116661955778,2,0.09882914154116516,0.6589521054329959,2.0,1e-06,0.29136629444633244,Utsuroi,1e-06,0.9803921568627452,1.0,0
2025-02-25,0.29296881862099255,1.0,0.9523809523809523,1.2178746899095313e-10,0.9999999998772126,1,1.4953972378983042e-20,0.33751205400260376,1.0,1e-06,0.22118286308002288,Utsuroi,1e-06,0.9803921568627452,1.0,0
2025-02-26,0.2872231633101198,1.0,0.9523809523809523,0.6735048840191051,0.5987758804853995,2,0.27022640407934856,0.33751205400260376,2.0,1e-06,0.0749421502262827,Utsuroi,1e-06,0.9803921568627452,1.0,0
2025-02-27,0.3705470857644771,2.0,0.48780487804878053,0.0,0.0,0,0.0,0.6589521054329959,0.0,1e-06,0.7361288986573504,Utsuroi,1e-06,0.9803921568627452,1.0,0
2025-02-28,0.3890476190476192,2.0,0.48780487804878053,3.049871466437717e-11,0.9999999999685013,1,9.60669636174557e-22,0.6589521054329959,1.0,1e-06,0.554905640002036,Utsuroi,1e-06,0.9803921568627452,1.0,0
2025-03-03,0.40790576573185267,2.0,0.48780487804878053,0.0,0.0,0,0.0,0.6589521054329959,0.0,1e-06,1.0,Utsuroi,1e-06,0.9803921568627452,1.0,0
2025-03-04,0.4198262124349081,1.0,0.9523809523809523,4.596067970542269e-11,0.9999999999530393,1,2.1583437420112384e-21,0.33751205400260376,1.0,1e-06,0.9967701255613131,Utsuroi,1e-06,0.9803921568627452,1.0,0
2025-03-05,0.4339638622247318,2.0,0.48780487804878053,0.0,0.0,0,0.0,0.6589521054329959,0.0,1e-06,0.30489283168892733,Utsuroi,1e-06,0.9803921568627452,1.0,0
2025-03-06,0.46693581780538296,2.0,0.48780487804878053,0.0,0.0,0,0.0,0.6589521054329959,0.0,1e-06,1.0,Utsuroi,1e-06,0.9803921568627452,1.0,0
2025-03-07,0.447577012359621,2.0,0.48780487804878053,0.0,0.0,0,0.0,0.6589521054329959,0.0,1e-06,1.0,Utsuroi,1e-06,0.9803921568627452,1.0,0
2025-03-10,0.49268398268398284,3.0,0.3278688524590164,0.0,0.0,0,0.0,0.9803921568627452,0.0,1e-06,0.0013248229092196473,Katashi,1e-06,0.9803921568627452,1.0,0
2025-03-11,0.46266829788568914,1.0,0.9523809523809523,0.0,0.0,0,0.0,0.33751205400260376,0.0,1e-06,0.027010664714325783,Utsuroi,1e-06,0.9803921568627452,1.0,0
2025-03-12,0.4516061233452538,2.0,0.48780487804878053,9.41748901039052e-11,0.9999999999048251,1,8.963082733302448e-21,0.6589521054329959,1.0,1e-06,0.06033321480977483,Utsuroi,1e-06,0.9803921568627452,1.0,0
2025-03-13,0.45854382332643207,2.0,0.48780487804878053,0.0,0.0,0,0.0,0.6589521054329959,0.0,1e-06,1.0,Utsuroi,1e-06,0.9803921568627452,1.0,0
2025-03-14,0.49378066378066376,2.0,0.48780487804878053,0.0,0.0,0,0.0,0.6589521054329959,0.0,1e-06,1.0,Utsuroi,1e-06,0.9803921568627452,1.0,0
2025-03-17,0.4910151201455549,2.0,0.48780487804878053,0.0,0.0,0,0.0,0.6589521054329959,0.0,1e-06,1.0,Utsuroi,1e-06,0.9803921568627452,1.0,0
2025-03-18,0.4702735428822386,2.0,0.48780487804878053,0.0,0.0,0,0.0,0.6589521054329959,0.0,1e-06,1.0,Utsuroi,1e-06,0.9803921568627452,1.0,0
2025-03-19,0.4935422548466027,2.0,0.48780487804878053,0.0,0.0,0,0.0,0.6589521054329959,0.0,1e-06,1.0,Utsuroi,1e-06,0.9803921568627452,1.0,0
2025-03-20,0.491444256226865,2.0,0.48780487804878053,0.0,0.0,0,0.0,0.6589521054329959,0.0,1e-06,1.0,Utsuroi,1e-06,0.9803921568627452,1.0,0
2025-03-21,0.48674760022586105,2.0,0.48780487804878053,0.0,0.0,0,0.0,0.6589521054329959,0.0,1e-06,1.0,Utsuroi,1e-06,0.9803921568627452,1.0,0
2025-03-24,0.48727209988079556,2.5,0.3921568627450981,0.0,0.0,0,0.0,0.8196721311479509,0.0,1e-06,0.002204912230265643,Katashi,1e-06,0.9803921568627452,1.0,0
2025-03-25,0.4873436225610138,2.0,0.48780487804878053,0.0,0.0,0,0.0,0.6589521054329959,0.0,1e-06,0.0034095401927766167,Utsuroi,1e-06,0.9803921568627452,1.0,0
2025-03-26,0.5059156785243742,2.0,0.48780487804878053,0.0,0.0,0,0.0,0.6589521054329959,0.0,1e-06,1.0,Utsuroi,1e-06,0.9803921568627452,1.0,0
2025-03-27,0.5148798544450719,2.5,0.3921568627450981,0.0,0.0,0,0.0,0.8196721311479509,0.0,1e-06,0.002204912230265643,Katashi,1e-06,0.9803921568627452,1.0,0
2025-03-28,0.5217698726394379,2.0,0.48780487804878053,0.0,0.0,0,0.0,0.6589521054329959,0.0,1e-06,0.0034095401927766167,Utsuroi,1e-06,0.9803921568627452,1.0,0
2025-03-31,0.5029832486354225,2.0,0.48780487804878053,0.0,0.0,0,0.0,0.6589521054329959,0.0,1e-06,1.0,Utsuroi,1e-06,0.9803921568627452,1.0,0
2025-04-01,0.48126419474245546,2.0,0.48780487804878053,0.0,0.0,0,0.0,0.6589521054329959,0.0,1e-06,1.0,Utsuroi,1e-06,0.9803921568627452,1.0,0
2025-04-02,0.46681661333835245,2.0,0.48780487804878053,0.0,0.0,0,0.0,0.6589521054329959,0.0,1e-06,1.0,Utsuroi,1e-06,0.9803921568627452,1.0,0
2025-04-03,0.4987872513959471,2.0,0.48780487804878053,7.824441094725059e-11,0.9999999999207556,1,6.200430524774153e-21,0.6589521054329959,1.0,1e-06,0.554905640002036,Utsuroi,1e-06,0.9803921568627452,1.0,0
2025-04-04,0.5157619675010979,2.0,0.48780487804878053,0.0,0.0,0,0.0,0.6589521054329959,0.0,1e-06,1.0,Utsuroi,1e-06,0.9803921568627452,1.0,0
2025-04-07,0.48715289541376505,1.0,0.9523809523809523,1.5301993004847798e-10,0.9999999998459801,1,2.3568115538840408e-20,0.33751205400260376,1.0,1e-06,0.9967701255613131,Utsuroi,1e-06,0.9803921568627452,1.0,0
2025-04-08,0.5264188468536295,2.0,0.48780487804878053,0.0,0.0,0,0.0,0.6589521054329959,0.0,1e-06,0.30489283168892733,Utsuroi,1e-06,0.9803921568627452,1.0,0
2025-04-09,0.5645642763034068,2.0,0.48780487804878053,0.0,0.0,0,0.0,0.6589521054329959,0.0,1e-06,1.0,Utsuroi,1e-06,0.9803921568627452,1.0,0
2025-04-10,0.6102672689629212,2.0,0.48780487804878053,0.0,0.0,0,0.0,0.6589521054329959,0.0,1e-06,1.0,Utsuroi,1e-06,0.9803921568627452,1.0,0
2025-04-11,0.6245002823263693,2.0,0.48780487804878053,0.0,0.0,0,0.0,0.6589521054329959,0.0,1e-06,1.0,Utsuroi,1e-06,0.9803921568627452,1.0,0
2025-04-14,0.6208764665286404,2.0,0.48780487804878053,0.0,0.0,0,0.0,0.6589521054329959,0.0,1e-06,1.0,Utsuroi,1e-06,0.9803921568627452,1.0,0
2025-04-15,0.61818244557375,2.0,0.48780487804878053,0.0,0.0,0,0.0,0.6589521054329959,0.0,1e-06,1.0,Utsuroi,1e-06,0.9803921568627452,1.0,0
2025-04-16,0.6281002572306921,2.0,0.48780487804878053,0.0,0.0,0,0.0,0.6589521054329959,0.0,1e-06,1.0,Utsuroi,1e-06,0.9803921568627452,1.0,0
2025-04-17,0.6094328376937074,2.0,0.48780487804878053,0.0,0.0,0,0.0,0.6589521054329959,0.0,1e-06,1.0,Utsuroi,1e-06,0.9803921568627452,1.0,0
2025-04-21,0.6281240981240982,2.0,0.48780487804878053,0.0,0.0,0,0.0,0.6589521054329959,0.0,1e-06,1.0,Utsuroi,1e-06,0.9803921568627452,1.0,0
2025-04-22,0.6545159671246629,2.0,0.48780487804878053,0.0,0.0,0,0.0,0.6589521054329959,0.0,1e-06,1.0,Utsuroi,1e-06,0.9803921568627452,1.0,0
2025-04-23,0.6830773574251835,2.0,0.48780487804878053,0.0,0.0,0,0.0,0.6589521054329959,0.0,1e-06,1.0,Utsuroi,1e-06,0.9803921568627452,1.0,0
2025-04-24,0.7043672752368404,2.0,0.48780487804878053,0.0,0.0,0,0.0,0.6589521054329959,0.0,1e-06,1.0,Utsuroi,1e-06,0.9803921568627452,1.0,0
2025-04-25,0.7091354539180625,2.0,0.48780487804878053,0.0,0.0,0,0.0,0.6589521054329959,0.0,1e-06,1.0,Utsuroi,1e-06,0.9803921568627452,1.0,0
2025-04-28,0.6913024656502919,2.0,0.48780487804878053,0.0,0.0,0,0.0,0.6589521054329959,0.0,1e-06,1.0,Utsuroi,1e-06,0.9803921568627452,1.0,0
2025-04-29,0.6964044168391995,2.0,0.48780487804878053,0.0,0.0,0,0.0,0.6589521054329959,0.0,1e-06,1.0,Utsuroi,1e-06,0.9803921568627452,1.0,0
2025-04-30,0.7128069515026036,2.0,0.48780487804878053,0.0,0.0,0,0.0,0.6589521054329959,0.0,1e-06,1.0,Utsuroi,1e-06,0.9803921568627452,1.0,0
2025-05-01,0.7103036576949622,2.0,0.48780487804878053,0.0,0.0,0,0.0,0.6589521054329959,0.0,1e-06,1.0,Utsuroi,1e-06,0.9803921568627452,1.0,0
2025-05-02,0.6916839199447895,1.0,0.9523809523809523,4.557365595905646e-11,0.9999999999534264,1,2.122530765315241e-21,0.33751205400260376,1.0,1e-06,0.9967701255613131,Utsuroi,1e-06,0.9803921568627452,1.0,0
2025-05-05,0.70124411820064,1.0,0.9523809523809523,3.152478278370289e-11,0.9999999999674752,1,1.0253360149775899e-21,0.33751205400260376,1.0,1e-06,1.0,Utsuroi,1e-06,0.9803921568627452,1.0,0
2025-05-06,0.6908494886755757,2.0,0.48780487804878053,2.2825963341404958e-11,0.9999999999761741,1,5.438500608614628e-22,0.6589521054329959,1.0,1e-06,0.1126639271240617,Utsuroi,1e-06,0.9803921568627452,1.0,0
2025-05-07,0.6877740134261874,0.0,20.0,0.41357862939063816,0.8552019516183658,2,0.0598853783881156,0.01607200257156863,2.0,1e-06,0.13452381475107045,Utsuroi,1e-06,0.9803921568627452,1.0,0
2025-05-08,0.7018878223226049,2.5,0.3921568627450981,0.0,0.0,0,0.0,0.8196721311479509,0.0,1e-06,0.5236096979034848,Katashi,1e-06,0.9803921568627452,1.0,0
2025-05-09,0.663575506618985,3.0,0.3278688524590164,0.0,0.0,0,0.0,0.9803921568627452,0.0,1e-06,0.0010325306389251665,Katashi,1e-06,0.9803921568627452,1.0,0
2025-05-12,0.6330830039525692,3.0,0.3278688524590164,0.0,0.0,0,0.0,0.9803921568627452,0.0,1e-06,1.0,Katashi,1e-06,0.9803921568627452,1.0,0
2025-05-13,0.5771045862350211,2.0,0.48780487804878053,0.0,0.0,0,0.0,0.6589521054329959,0.0,1e-06,0.002930043307809771,Utsuroi,1e-06,0.9803921568627452,1.0,0
2025-05-14,0.5640874584352845,3.0,0.3278688524590164,4.142597376154391e-11,0.999999999957574,1,1.757536359477133e-21,0.9803921568627452,1.0,1e-06,0.11039832009281714,Katashi,1e-06,0.9803921568627452,1.0,0
2025-05-15,0.5715496580713973,2.0,0.48780487804878053,0.0,0.0,0,0.0,0.6589521054329959,0.0,1e-06,0.301813998797942,Utsuroi,1e-06,0.9803921568627452,1.0,0
2025-05-16,0.5707390676955895,2.0,0.48780487804878053,0.0,0.0,0,0.0,0.6589521054329959,0.0,1e-06,1.0,Utsuroi,1e-06,0.9803921568627452,1.0,0
2025-05-19,0.5459206976598281,2.0,0.48780487804878053,0.0,0.0,0,0.0,0.6589521054329959,0.0,1e-06,1.0,Utsuroi,1e-06,0.9803921568627452,1.0,0
2025-05-20,0.5626570048309179,2.0,0.48780487804878053,0.0,0.0,0,0.0,0.6589521054329959,0.0,1e-06,1.0,Utsuroi,1e-06,0.9803921568627452,1.0,0
2025-05-21,0.5132586736934563,3.0,0.3278688524590164,0.0,0.0,0,0.0,0.9803921568627452,0.0,1e-06,0.0013248229092196473,Katashi,1e-06,0.9803921568627452,1.0,0
2025-05-22,0.49282702804441947,3.0,0.3278688524590164,0.0,0.0,0,0.0,0.9803921568627452,0.0,1e-06,1.0,Katashi,1e-06,0.9803921568627452,1.0,0
2025-05-23,0.46302591128678083,3.5,0.28169014084507044,0.0,0.0,0,0.0,1.141112182577379,0.0,0.08072099571463366,0.0005463729814196849,Katashi,1e-06,0.9803921568627452,1.0,0
2025-05-27,0.46691197691197694,3.5,0.28169014084507044,0.0,0.0,0,0.0,1.141112182577379,0.0,0.1590193915578283,1.0,Katashi,1e-06,0.9803921568627452,1.0,0
2025-05-28,0.4406154714850367,2.5,0.3921568627450981,0.0,0.0,0,0.0,0.8196721311479509,0.0,0.15424880981109343,0.001293542254108715,Katashi,1e-06,0.9803921568627452,1.0,0
2025-05-29,0.4471478762783111,2.0,0.48780487804878053,0.0,0.0,0,0.0,0.6589521054329959,0.0,0.14962134551676062,0.0034095401927766167,Katashi,1e-06,0.9803921568627452,1.0,0
2025-05-30,0.4241652550348202,2.0,0.48780487804878053,0.0,0.0,0,0.0,0.6589521054329959,0.0,0.1451327051512578,1.0,Katashi,1e-06,0.9803921568627452,1.0,0
2025-06-02,0.41620239663717934,3.0,0.3278688524590164,0.0,0.0,0,0.0,0.9803921568627452,0.0,0.14077872399672006,0.0013248229092196473,Katashi,1e-06,0.9803921568627452,1.0,0
2025-06-03,0.3977972269276618,2.0,0.48780487804878053,0.0,0.0,0,0.0,0.6589521054329959,0.0,0.13655536227681844,0.002930043307809771,Katashi,1e-06,0.9803921568627452,1.0,0
2025-06-04,0.3970820001254784,2.0,0.48780487804878053,0.0,0.0,0,0.0,0.6589521054329959,0.0,0.13245870140851387,1.0,Katashi,1e-06,0.9803921568627452,1.0,0
2025-06-05,0.38637743898613464,1.0,0.9523809523809523,0.0,0.0,0,0.0,0.33751205400260376,0.0,0.12848494036625846,0.03415579322857831,Katashi,1e-06,0.9803921568627452,1.0,0
2025-06-06,0.3941972520233389,1.0,0.9523809523809523,1.7343670942337666e-10,0.9999999998255633,1,3.025372505095242e-20,0.33751205400260376,1.0,0.1246303921552707,0.3086149790086915,Katashi,1e-06,0.9803921568627452,1.0,0
2025-06-09,0.3954846602672691,1.0,0.9523809523809523,0.0,0.0,0,0.0,0.33751205400260376,0.0,0.12089148039061258,1.0,Katashi,1e-06,0.9803921568627452,1.0,0
2025-06-10,0.39319593450028234,1.5,0.6451612903225806,1.6616019669892376e-10,0.9999999998328398,1,2.777536749029597e-20,0.4982320797178802,1.0,0.1172647359788942,0.14527281646780077,Katashi,1e-06,0.9803921568627452,1.0,0
2025-06-11,0.40614153961980065,1.0,0.9523809523809523,2.4603430403785903e-11,0.9999999999743966,1,6.299316737755729e-22,0.33751205400260376,1.0,0.11374679389952737,0.30781824346055553,Katashi,1e-06,0.9803921568627452,1.0,0
2025-06-12,0.36306104523495836,1.0,0.9523809523809523,2.8287816533205824e-11,0.9999999999707122,1,8.284877549864766e-22,0.33751205400260376,1.0,0.11033439008254155,1.0,Katashi,1e-06,0.9803921568627452,1.0,0
2025-06-13,0.383015873015873,1.0,0.9523809523809523,0.693124376991548,0.5033766401087401,2,0.3442217569240789,0.33751205400260376,2.0,0.1070243583800653,0.054229130023194294,Katashi,1e-06,0.9803921568627452,1.0,0
2025-06-16,0.39379195683543505,1.0,0.9523809523809523,1.5681678178086774e-11,0.9999999999833183,1,2.615963617556481e-22,0.33751205400260376,1.0,0.10381362762866334,0.8221166573116143,Katashi,1e-06,0.9803921568627452,1.0,0
2025-06-17,0.41067130936696156,2.0,0.48780487804878053,6.510803007623552e-11,0.999999999933892,1,4.304162170324842e-21,0.6589521054329959,1.0,0.10069921879980344,0.1126639271240617,Katashi,1e-06,0.9803921568627452,1.0,0
2025-06-18,0.402779973649539,2.0,0.48780487804878053,0.0,0.0,0,0.0,0.6589521054329959,0.0,0.09767824223580933,1.0,Katashi,1e-06,0.9803921568627452,1.0,0
2025-06-20,0.40347135955831614,2.0,0.48780487804878053,0.0,0.0,0,0.0,0.6589521054329959,0.0,0.09474789496873505,1.0,Katashi,1e-06,0.9803921568627452,1.0,0
2025-06-23,0.3936965932618107,2.0,0.48780487804878053,0.0,0.0,0,0.0,0.6589521054329959,0.0,0.09190545811967299,1.0,Katashi,1e-06,0.9803921568627452,1.0,0
2025-06-24,0.3823960097873142,3.0,0.3278688524590164,0.0,0.0,0,0.0,0.9803921568627452,0.0,0.08914829437608279,0.0013248229092196473,Katashi,1e-06,0.9803921568627452,1.0,0
2025-06-25,0.36518288474810207,2.0,0.48780487804878053,0.0,0.0,0,0.0,0.6589521054329959,0.0,0.08647384554480031,0.002930043307809771,Katashi,1e-06,0.9803921568627452,1.0,0
2025-06-26,0.34327310370788633,1.0,0.9523809523809523,0.0,0.0,0,0.0,0.33751205400260376,0.0,0.0838796301784563,0.03415579322857831,Katashi,1e-06,0.9803921568627452,1.0,0
2025-06-27,0.2568498651107347,2.0,0.48780487804878053,0.0,0.0,0,0.0,0.6589521054329959,0.0,0.08136324127310261,0.00909854810873778,Katashi,1e-06,0.9803921568627452,1.0,0
2025-06-30,0.22635736244431898,2.0,0.48780487804878053,0.0,0.0,0,0.0,0.6589521054329959,0.0,0.07892234403490954,1.0,Katashi,1e-06,0.9803921568627452,1.0,0
2025-07-01,0.23305665349143614,2.0,0.48780487804878053,0.0,0.0,0,0.0,0.6589521054329959,0.0,0.07655467371386225,1.0,Katashi,1e-06,0.9803921568627452,1.0,0
2025-07-02,0.2194196624631407,2.0,0.48780487804878053,0.0,0.0,0,0.0,0.6589521054329959,0.0,0.07425803350244638,1.0,Katashi,1e-06,0.9803921568627452,1.0,0
2025-07-03,0.23241294936947116,2.0,0.48780487804878053,0.0,0.0,0,0.0,0.6589521054329959,0.0,0.07203029249737299,1.0,Katashi,1e-06,0.9803921568627452,1.0,0
2025-07-07,0.28226425748164885,1.5,0.6451612903225806,1.2716494523962973e-11,0.9999999999862835,1,1.7442544619240035e-22,0.4982320797178802,1.0,0.0698693837224518,0.8726234300785367,Katashi,1e-06,0.9803921568627452,1.0,0
2025-07-08,0.2847913921826966,0.0,20.0,0.0,0.0,0,0.0,0.01607200257156863,0.0,0.06777330221077825,0.10563161658382803,Katashi,1e-06,0.9803921568627452,1.0,0
2025-07-09,0.2899648660518226,1.0,0.9523809523809523,4.832079181105723e-11,0.9999999999506792,1,2.3832186441783073e-21,0.33751205400260376,1.0,0.0657401031444549,0.755817765545387,Katashi,1e-06,0.9803921568627452,1.0,0
2025-07-10,0.27818746470920386,1.5,0.6451612903225806,1.2467804566450316e-11,0.9999999999865322,1,1.6791367946549102e-22,0.4982320797178802,1.0,0.06376790005012126,0.18013626548573736,Katashi,1e-06,0.9803921568627452,1.0,0
2025-07-11,0.27263253654558006,1.5,0.6451612903225806,7.933764756234425e-12,0.9999999999910663,1,7.087821245529111e-23,0.4982320797178802,1.0,0.06185486304861762,1.0,Katashi,1e-06,0.9803921568627452,1.0,0
2025-07-14,0.2690564025346634,0.5,1.8181818181818181,9.388601007689175e-12,0.9999999999896114,1,9.753422219776947e-23,0.17679202828716653,1.0,0.05999921715715909,0.6205416307743312,Katashi,1e-06,0.9803921568627452,1.0,0
2025-07-15,0.25575318401405367,1.0,0.9523809523809523,3.717748331338204e-11,0.9999999999618225,1,1.4193419264273765e-21,0.33751205400260376,1.0,0.05819924064244432,0.3641387090212349,Katashi,1e-06,0.9803921568627452,1.0,0
2025-07-16,0.26092665788317965,1.0,0.9523809523809523,5.032624316009067e-10,0.9999999994957376,1,2.537763264234122e-19,0.33751205400260376,1.0,0.05645326342317099,1.0,Katashi,1e-06,0.9803921568627452,1.0,0
2025-07-17,0.23103017755191677,1.0,0.9523809523809523,2.7665647550223917e-11,0.9999999999713344,1,7.930530899230753e-22,0.33751205400260376,1.0,0.054759665520475856,1.0,Katashi,1e-06,0.9803921568627452,1.0,0
2025-07-18,0.21686868686868693,1.0,0.9523809523809523,0.687492025942601,0.5531247884666811,2,0.30722314452056976,0.33751205400260376,2.0,0.05311687555486158,0.06357570479176378,Katashi,1e-06,0.9803921568627452,1.0,0
2025-07-21,0.20001317523056655,1.0,0.9523809523809523,0.6725854767667886,0.6010454965291022,2,0.2683310049252312,0.33751205400260376,2.0,0.051523369288215735,0.2079478331522946,Katashi,1e-06,0.9803921568627452,1.0,0
2025-07-22,0.19696154087458428,0.0,20.0,0.6838935693615149,0.5679155088269653,2,0.2954998049340807,0.01607200257156863,2.0,0.04997766820956926,0.2763071180150125,Katashi,1e-06,0.9803921568627452,1.0,0
2025-07-23,0.17581466842336407,0.0,20.0,0.6886488212699575,0.5473899259081494,2,0.31168939401826107,0.01607200257156863,2.0,0.04847833816328218,0.3772297833293312,Katashi,1e-06,0.9803921568627452,1.0,0
2025-07-24,0.1758861911035824,1.0,0.9523809523809523,3.147359039558145e-10,0.9999999996842641,1,9.937341819602763e-20,0.33751205400260376,1.0,0.047023988018383714,0.9143481955407993,Katashi,1e-06,0.9803921568627452,1.0,0
2025-07-25,0.1583392935566849,1.0,0.9523809523809523,1.0238321301335391e-10,0.9999999998966168,1,1.0584703255605462e-20,0.33751205400260376,1.0,0.0456132683778322,1.0,Katashi,1e-06,0.9803921568627452,1.0,0
2025-07-28,0.16074722379070205,1.0,0.9523809523809523,0.4588722816563294,0.828108820780696,2,0.07887609760495905,0.33751205400260376,2.0,0.04424487032649724,0.13986816410670422,Katashi,1e-06,0.9803921568627452,1.0,0
2025-07-29,0.15040027605244996,1.0,0.9523809523809523,0.6603132090511303,0.6274225454771237,2,0.246017814616102,0.33751205400260376,2.0,0.04291752421670232,0.23453134267168974,Katashi,1e-06,0.9803921568627452,1.0,0
2025-07-30,0.15197377501725332,0.0,20.0,0.968322544696566,0.5539484385852674,3,0.4319217830149904,0.01607200257156863,3.0,0.04162999849020125,0.1125486402138367,Katashi,1e-06,0.9803921568627452,1.0,0
2025-07-31,0.14284271284271285,1.5,0.6451612903225806,0.5184208660783604,0.786604482343451,2,0.11062868908074815,0.4982320797178802,2.0,0.04038109853549521,0.7032756648601405,Katashi,1e-06,0.9803921568627452,1.0,0
2025-08-01,0.1886410690758517,1.0,0.9523809523809523,1.6092904786400985e-11,0.9999999999829071,1,2.75074133250176e-22,0.33751205400260376,1.0,0.03916966557943035,0.3713891533102113,Katashi,1e-06,0.9803921568627452,1.0,0
2025-08-04,0.2137693707258925,4.0,0.2469135802469136,6.545874952969134e-11,0.9999999999335413,1,4.350305191604947e-21,1.3018322082918516,1.0,0.27943462704115385,0.031852063325706226,Katashi,1e-06,0.9803921568627452,1.0,0
2025-08-05,0.2209216387477257,3.0,0.3278688524590164,0.0,0.0,0,0.0,0.9803921568627452,0.0,0.2710515882299192,0.30034881859638274,Katashi,1e-06,0.9803921568627452,1.0,0
2025-08-06,0.18420666290231508,2.5,0.3921568627450981,4.7916781652415984e-11,0.9999999999510832,1,2.343933685633397e-21,0.8196721311479509,1.0,0.2629200405830216,0.9251418651093213,Katashi,1e-06,0.9803921568627452,1.0,0
2025-08-07,0.17786498525628958,3.0,0.3278688524590164,7.216893749240109e-12,0.9999999999917831,1,5.930028948719743e-23,0.9803921568627452,1.0,0.25503243936553094,0.05258767863761438,Katashi,1e-06,0.9803921568627452,1.0,0
2025-08-08,0.16124788255223038,3.0,0.3278688524590164,1.0132450434180026e-11,0.9999999999888676,1,1.1279877808868517e-22,0.9803921568627452,1.0,0.247381466184565,1.0,Katashi,1e-06,0.9803921568627452,1.0,0
2025-08-11,0.17531400966183575,2.0,0.48780487804878053,1.3398504527980618e-11,0.9999999999856015,1,1.929181317177127e-22,0.6589521054329959,1.0,0.23996002219902804,0.1071401317808165,Katashi,1e-06,0.9803921568627452,1.0,0
2025-08-12,0.1824424367902629,1.0,0.9523809523809523,1.2583378783312233e-11,0.9999999999864166,1,1.7092452202279563e-22,0.33751205400260376,1.0,0.2327612215330572,0.3021905927762979,Katashi,1e-06,0.9803921568627452,1.0,0
2025-08-13,0.18117886943973904,2.5,0.3921568627450981,9.447220783388774e-12,0.9999999999895528,1,9.86969923252183e-23,0.8196721311479509,1.0,0.22577838488706548,0.07623684946062081,Katashi,1e-06,0.9803921568627452,1.0,0
2025-08-14,0.18821193299454175,2.5,0.3921568627450981,6.772493676740304e-11,0.9999999999312751,1,4.6543904988839496e-21,0.8196721311479509,1.0,0.21900503334045351,1.0,Katashi,1e-06,0.9803921568627452,1.0,0
2025-08-15,0.21996800301148123,2.0,0.48780487804878053,1.0766498803536194e-11,0.9999999999882335,1,1.2668375711734918e-22,0.6589521054329959,1.0,0.2124348823402399,0.10756951341311771,Katashi,1e-06,0.9803921568627452,1.0,0
2025-08-18,0.22311500094108794,1.0,0.9523809523809523,1.0406009387444582e-11,0.999999999988594,1,1.1869081056087378e-22,0.33751205400260376,1.0,0.2060618358700327,0.3021905927762979,Katashi,1e-06,0.9803921568627452,1.0,0
2025-08-19,0.2576366145931363,2.0,0.48780487804878053,1.1781797759543437e-11,0.9999999999872182,1,1.5059229557365016e-22,0.6589521054329959,1.0,0.1998799807939317,0.1126639271240617,Katashi,1e-06,0.9803921568627452,1.0,0
2025-08-20,0.2685557437731351,2.5,0.3921568627450981,3.559641470407247e-11,0.9999999999634036,1,1.3027003670582751e-21,0.8196721311479509,1.0,0.19388358137011374,0.07351555961294087,Katashi,1e-06,0.9803921568627452,1.0,0
2025-08-21,0.288987389422172,1.0,0.9523809523809523,9.216449825110328e-11,0.9999999999068355,1,8.586457197691419e-21,0.33751205400260376,1.0,0.18806707392901031,0.2990343809689545,Katashi,1e-06,0.9803921568627452,1.0,0
2025-08-22,0.3438691260430391,2.0,0.48780487804878053,2.096034457086755e-11,0.9999999999780397,1,4.602959254265318e-22,0.6589521054329959,1.0,0.18242506171114,0.1126639271240617,Katashi,1e-06,0.9803921568627452,1.0,0
2025-08-25,0.34553798858146695,2.0,0.48780487804878053,0.0,0.0,0,0.0,0.6589521054329959,0.0,0.1769523098598058,1.0,Katashi,1e-06,0.9803921568627452,1.0,0
2025-08-26,0.33080431645649044,2.0,0.48780487804878053,0.0,0.0,0,0.0,0.6589521054329959,0.0,0.17164374056401163,1.0,Katashi,1e-06,0.9803921568627452,1.0,0
2025-08-27,0.33171027040592255,2.0,0.48780487804878053,0.0,0.0,0,0.0,0.6589521054329959,0.0,0.16649442834709127,1.0,Katashi,1e-06,0.9803921568627452,1.0,0
2025-08-28,0.34932869063303845,2.0,0.48780487804878053,0.0,0.0,0,0.0,0.6589521054329959,0.0,0.16149959549667853,1.0,Katashi,1e-06,0.9803921568627452,1.0,0
2025-08-29,0.3773894221720309,2.0,0.48780487804878053,0.0,0.0,0,0.0,0.6589521054329959,0.0,0.15665460763177816,1.0,Katashi,1e-06,0.9803921568627452,1.0,0
2025-09-02,0.44412008281573506,2.0,0.48780487804878053,0.0,0.0,0,0.0,0.6589521054329959,0.0,0.1519549694028248,1.0,Katashi,1e-06,0.9803921568627452,1.0,0
2025-09-03,0.44242737938390125,1.5,0.6451612903225806,0.0,0.0,0,0.0,0.4982320797178802,0.0,0.14739632032074004,0.009853204579840735,Katashi,1e-06,0.9803921568627452,1.0,0
2025-09-04,0.45689880168141045,2.5,0.3921568627450981,0.0,0.0,0,0.0,0.8196721311479509,0.0,0.14297443071111784,0.0030621994115465068,Katashi,1e-06,0.9803921568627452,1.0,0
2025-09-05,0.44211744776962175,1.0,0.9523809523809523,0.0,0.0,0,0.0,0.33751205400260376,0.0,0.1386851977897843,0.02978725239506541,Katashi,1e-06,0.9803921568627452,1.0,0
2025-09-08,0.4269546395633353,0.0,20.0,0.0,0.0,0,0.0,0.01607200257156863,0.0,0.13452464185609078,0.03871716593438601,Katashi,1e-06,0.9803921568627452,1.0,0
2025-09-09,0.43546583850931686,2.0,0.48780487804878053,0.0,0.0,0,0.0,0.6589521054329959,0.0,0.13048890260040805,0.5709856531405589,Katashi,1e-06,0.9803921568627452,1.0,0
2025-09-10,0.4010395884308929,1.0,0.9523809523809523,0.0,0.0,0,0.0,0.33751205400260376,0.0,0.1265742355223958,0.03415579322857831,Katashi,1e-06,0.9803921568627452,1.0,0
2025-09-11,0.41281698977351156,1.0,0.9523809523809523,0.0,0.0,0,0.0,0.33751205400260376,0.0,0.12277700845672393,1.0,Katashi,1e-06,0.9803921568627452,1.0,0
2025-09-12,0.40041972520233393,2.0,0.48780487804878053,4.5228598643018976e-11,0.9999999999537714,1,2.0908537333682223e-21,0.6589521054329959,1.0,0.11909369820302221,0.06033321480977483,Katashi,1e-06,0.9803921568627452,1.0,0
2025-09-15,0.44350021958717606,1.5,0.6451612903225806,0.0,0.0,0,0.0,0.4982320797178802,0.0,0.11552088725693153,0.5635383496527522,Katashi,1e-06,0.9803921568627452,1.0,0
2025-09-16,0.4368247694334651,1.5,0.6451612903225806,0.0,0.0,0,0.0,0.4982320797178802,0.0,0.11205526063922358,1.0,Katashi,1e-06,0.9803921568627452,1.0,0
2025-09-17,0.44085388041909784,2.0,0.48780487804878053,6.087885750880154e-11,0.9999999999381212,1,3.767112802457238e-21,0.6589521054329959,1.0,0.10869360282004686,0.20797672288531321,Katashi,1e-06,0.9803921568627452,1.0,0
2025-09-18,0.4258817993600602,2.0,0.48780487804878053,1.1125322885090757e-11,0.9999999999878747,1,1.3489788607214804e-22,0.6589521054329959,1.0,0.10543279473544545,1.0,Katashi,1e-06,0.9803921568627452,1.0,0
2025-09-19,0.3978925905012863,1.0,0.9523809523809523,8.91575702150612e-12,0.9999999999900843,1,8.840628305659416e-23,0.33751205400260376,1.0,0.10226981089338208,0.3021905927762979,Katashi,1e-06,0.9803921568627452,1.0,0
2025-09-22,0.3361208356860531,1.0,0.9523809523809523,0.6500715651389559,0.6456939704070042,2,0.23032427519568804,0.33751205400260376,2.0,0.09920171656658061,0.08972565699391244,Katashi,1e-06,0.9803921568627452,1.0,0
2025-09-23,0.3376466528640442,1.0,0.9523809523809523,1.5760170945926458e-11,0.9999999999832399,1,2.6414281055086584e-22,0.33751205400260376,1.0,0.09622566506958319,0.7443832985722645,Katashi,1e-06,0.9803921568627452,1.0,0
2025-09-24,0.28226425748164885,1.0,0.9523809523809523,6.289968545987753e-12,0.99999999999271,1,4.585353371074328e-23,0.33751205400260376,1.0,0.09333889511749568,1.0,Katashi,1e-06,0.9803921568627452,1.0,0
2025-09-25,0.28865361691448654,1.0,0.9523809523809523,1.6524115409157932e-11,0.9999999999824759,1,2.895701399250012e-22,0.33751205400260376,1.0,0.09053872826397082,1.0,Katashi,1e-06,0.9803921568627452,1.0,0
2025-09-26,0.28977413890457376,1.0,0.9523809523809523,1.0826339824562784e-11,0.9999999999881737,1,1.2803573432496905e-22,0.33751205400260376,1.0,0.08782256641605168,1.0,Katashi,1e-06,0.9803921568627452,1.0,0
2025-09-29,0.27465901248509944,1.0,0.9523809523809523,1.3080314609127578e-11,0.9999999999859197,1,1.8417465552511515e-22,0.33751205400260376,1.0,0.08518788942357013,1.0,Katashi,1e-06,0.9803921568627452,1.0,0
2025-09-30,0.2660524499654935,1.0,0.9523809523809523,1.667410653978215e-11,0.9999999999823259,1,2.9469956658246584e-22,0.33751205400260376,1.0,0.08263225274086303,1.0,Katashi,1e-06,0.9803921568627452,1.0,0
2025-10-01,0.2235202961289918,1.0,0.9523809523809523,1.0432943397531873e-10,0.9999999998946706,1,1.0988957920217847e-20,0.33751205400260376,1.0,0.08015328515863714,1.0,Katashi,1e-06,0.9803921568627452,1.0,0
2025-10-02,0.15490620490620494,1.0,0.9523809523809523,5.540379266318638e-11,0.9999999999435962,1,3.124982808589439e-21,0.33751205400260376,1.0,0.07774868660387801,1.0,Katashi,1e-06,0.9803921568627452,1.0,0
2025-10-03,0.16680281071585423,1.0,0.9523809523809523,0.0,0.0,0,0.0,0.33751205400260376,0.0,0.07541622600576167,1.0,Katashi,1e-06,0.9803921568627452,1.0,0
2025-10-06,0.13371165066817242,1.5,0.6451612903225806,2.711908475521647e-11,0.9999999999718809,1,7.625632428057357e-22,0.4982320797178802,1.0,0.07315373922558882,0.14527281646780077,Katashi,1e-06,0.9803921568627452,1.0,0
2025-10-07,0.1568373172720999,2.0,0.48780487804878053,1.3530376818019868e-10,0.9999999998636963,1,1.8442410460045867e-20,0.6589521054329959,1.0,0.07095912704882115,0.10957158470543027,Katashi,1e-06,0.9803921568627452,1.0,0
2025-10-08,0.16241608632912985,2.0,0.48780487804878053,0.0,0.0,0,0.0,0.6589521054329959,0.0,0.06883035323735652,1.0,Katashi,1e-06,0.9803921568627452,1.0,0
2025-10-09,0.1651816299642387,1.0,0.9523809523809523,0.0,0.0,0,0.0,0.33751205400260376,0.0,0.06676544264023582,0.03415579322857831,Katashi,1e-06,0.9803921568627452,1.0,0
2025-10-10,0.2242832047179873,1.0,0.9523809523809523,0.0,0.0,0,0.0,0.33751205400260376,0.0,0.06476247936102875,1.0,Katashi,1e-06,0.9803921568627452,1.0,0
2025-10-13,0.25982997678649855,1.0,0.9523809523809523,0.0,0.0,0,0.0,0.33751205400260376,0.0,0.06281960498019788,1.0,Katashi,1e-06,0.9803921568627452,1.0,0
2025-10-14,0.26624317711274237,1.0,0.9523809523809523,0.0,0.0,0,0.0,0.33751205400260376,0.0,0.060935016830791944,1.0,Katashi,1e-06,0.9803921568627452,1.0,0
2025-10-15,0.23884999058912101,1.0,0.9523809523809523,0.0,0.0,0,0.0,0.33751205400260376,0.0,0.059106966325868183,1.0,Katashi,1e-06,0.9803921568627452,1.0,0
2025-10-16,0.2502936194240542,1.0,0.9523809523809523,0.0,0.0,0,0.0,0.33751205400260376,0.0,0.05733375733609214,1.0,Katashi,1e-06,0.9803921568627452,1.0,0
2025-10-17,0.2493161427944037,1.0,0.9523809523809523,0.0,0.0,0,0.0,0.33751205400260376,0.0,0.055613744616009375,1.0,Katashi,1e-06,0.9803921568627452,1.0,0
2025-10-20,0.2836231884057971,1.0,0.9523809523809523,0.0,0.0,0,0.0,0.33751205400260376,0.0,0.053945332277529096,1.0,Katashi,1e-06,0.9803921568627452,1.0,0
2025-10-21,0.2700100382709079,2.0,0.48780487804878053,0.0,0.0,0,0.0,0.6589521054329959,0.0,0.05232697230920322,0.00909854810873778,Katashi,1e-06,0.9803921568627452,1.0,0
2025-10-22,0.29053704749356923,1.0,0.9523809523809523,0.0,0.0,0,0.0,0.33751205400260376,0.0,0.05075716313992712,0.03415579322857831,Katashi,1e-06,0.9803921568627452,1.0,0
2025-10-23,0.2745874898048811,2.0,0.48780487804878053,0.0,0.0,0,0.0,0.6589521054329959,0.0,0.049234448245729305,0.00909854810873778,Katashi,1e-06,0.9803921568627452,1.0,0
2025-10-24,0.2853874145178494,2.0,0.48780487804878053,0.0,0.0,0,0.0,0.6589521054329959,0.0,0.04775741479835743,1.0,Katashi,1e-06,0.9803921568627452,1.0,0
2025-10-27,0.338266516092603,2.5,0.3921568627450981,0.0,0.0,0,0.0,0.8196721311479509,0.0,0.046324692354406706,0.002204912230265643,Katashi,1e-06,0.9803921568627452,1.0,0
2025-10-28,0.33945856076290865,2.0,0.48780487804878053,0.0,0.0,0,0.0,0.6589521054329959,0.0,0.0449349515837745,0.0034095401927766167,Katashi,1e-06,0.9803921568627452,1.0,0
2025-10-29,0.34229562707823585,2.5,0.3921568627450981,0.0,0.0,0,0.0,0.8196721311479509,0.0,0.04358690303626127,0.002204912230265643,Katashi,1e-06,0.9803921568627452,1.0,0
2025-10-30,0.36627956584478333,1.0,0.9523809523809523,0.0,0.0,0,0.0,0.33751205400260376,0.0,0.04227929594517343,0.02978725239506541,Katashi,1e-06,0.9803921568627452,1.0,0
2025-10-31,0.35614718614718616,1.0,0.9523809523809523,0.0,0.0,0,0.0,0.33751205400260376,0.0,0.041010917066818225,1.0,Katashi,1e-06,0.9803921568627452,1.0,0
2025-11-03,0.3550505050505051,0.5,1.8181818181818181,0.0,0.0,0,0.0,0.17679202828716653,0.0,0.03978058955481368,0.36954395654469974,Katashi,1e-06,0.9803921568627452,1.0,0
2025-11-04,0.3665656565656566,1.0,0.9523809523809523,0.0,0.0,0,0.0,0.33751205400260376,0.0,0.03858717186816927,0.1198987318823046,Katashi,1e-06,0.9803921568627452,1.0,0
2025-11-05,0.3723828345567477,1.0,0.9523809523809523,0.0,0.0,0,0.0,0.33751205400260376,0.0,0.03742955671212419,1.0,Katashi,1e-06,0.9803921568627452,1.0,0
2025-11-06,0.38001192044670307,1.0,0.9523809523809523,0.0,0.0,0,0.0,0.33751205400260376,0.0,0.03630667001076046,1.0,Katashi,1e-06,0.9803921568627452,1.0,0
2025-11-07,0.3823006462136897,1.0,0.9523809523809523,0.0,0.0,0,0.0,0.33751205400260376,0.0,0.03521746991043764,1.0,Katashi,1e-06,0.9803921568627452,1.0,0
2025-11-10,0.4187533722316332,1.0,0.9523809523809523,0.0,0.0,0,0.0,0.33751205400260376,0.0,0.03416094581312451,1.0,Katashi,1e-06,0.9803921568627452,1.0,0
2025-11-11,0.3882608695652175,1.0,0.9523809523809523,0.0,0.0,0,0.0,0.33751205400260376,0.0,0.033136117438730774,1.0,Katashi,1e-06,0.9803921568627452,1.0,0
2025-11-12,0.3548120961164441,1.0,0.9523809523809523,0.0,0.0,0,0.0,0.33751205400260376,0.0,0.03214203391556885,1.0,Katashi,1e-06,0.9803921568627452,1.0,0
2025-11-13,0.3874264382960035,1.0,0.9523809523809523,0.0,0.0,0,0.0,0.33751205400260376,0.0,0.031177772898101783,1.0,Katashi,1e-06,0.9803921568627452,1.0,0
2025-11-14,0.38187151013237974,1.0,0.9523809523809523,0.0,0.0,0,0.0,0.33751205400260376,0.0,0.03024243971115873,1.0,Katashi,1e-06,0.9803921568627452,1.0,0
2025-11-17,0.3855668486103269,2.0,0.48780487804878053,0.0,0.0,0,0.0,0.6589521054329959,0.0,0.029335166519823964,0.00909854810873778,Katashi,1e-06,0.9803921568627452,1.0,0
2025-11-18,0.3909072087332957,2.0,0.48780487804878053,0.0,0.0,0,0.0,0.6589521054329959,0.0,0.028455111524229245,1.0,Katashi,1e-06,0.9803921568627452,1.0,0
2025-11-19,0.3614398644833428,2.0,0.48780487804878053,0.0,0.0,0,0.0,0.6589521054329959,0.0,0.027601458178502368,1.0,Katashi,1e-06,0.9803921568627452,1.0,0
2025-11-20,0.37924901185770765,2.0,0.48780487804878053,0.0,0.0,0,0.0,0.6589521054329959,0.0,0.026773414433147295,1.0,Katashi,1e-06,0.9803921568627452,1.0,0
2025-11-21,0.3943402973837757,2.0,0.48780487804878053,0.0,0.0,0,0.0,0.6589521054329959,0.0,0.025970212000152874,1.0,Katashi,1e-06,0.9803921568627452,1.0,0
2025-11-24,0.43701549658071387,1.0,0.9523809523809523,0.0,0.0,0,0.0,0.33751205400260376,0.0,0.025191105640148287,0.03415579322857831,Katashi,1e-06,0.9803921568627452,1.0,0
2025-11-25,0.43157977288412075,2.0,0.48780487804878053,0.0,0.0,0,0.0,0.6589521054329959,0.0,0.024435372470943836,0.00909854810873778,Katashi,1e-06,0.9803921568627452,1.0,0
2025-11-26,0.38404103143233576,2.0,0.48780487804878053,3.902723699001387e-10,0.9999999996087277,1,1.5270278647374869e-19,0.6589521054329959,1.0,0.02370231129681552,0.554905640002036,Katashi,1e-06,0.9803921568627452,1.0,0
2025-11-28,0.3757205596336032,2.0,0.48780487804878053,0.0,0.0,0,0.0,0.6589521054329959,0.0,0.022991241957911055,1.0,Katashi,1e-06,0.9803921568627452,1.0,0
2025-12-01,0.37355103833364695,2.0,0.48780487804878053,0.0,0.0,0,0.0,0.6589521054329959,0.0,0.022301504699173722,1.0,Katashi,1e-06,0.9803921568627452,1.0,0
2025-12-02,0.3722159483029048,2.0,0.48780487804878053,0.0,0.0,0,0.0,0.6589521054329959,0.0,0.02163245955819851,1.0,Katashi,1e-06,0.9803921568627452,1.0,0
2025-12-03,0.3778185582533408,2.0,0.48780487804878053,9.563505542575216e-11,0.999999999903365,1,9.241696766547e-21,0.6589521054329959,1.0,0.020983485771452554,0.554905640002036,Katashi,1e-06,0.9803921568627452,1.0,0
2025-12-04,0.3785814668423363,2.0,0.48780487804878053,0.0,0.0,0,0.0,0.6589521054329959,0.0,0.020353981198308977,1.0,Katashi,1e-06,0.9803921568627452,1.0,0
2025-12-05,0.3528333019637368,2.0,0.48780487804878053,0.0,0.0,0,0.0,0.6589521054329959,0.0,0.019743361762359708,1.0,Katashi,1e-06,0.9803921568627452,1.0,0
2025-12-08,0.3483273731099819,2.0,0.48780487804878053,2.7848379154351823e-10,0.9999999997205162,1,7.783169979433295e-20,0.6589521054329959,1.0,0.019151060909488916,0.554905640002036,Katashi,1e-06,0.9803921568627452,1.0,0
2025-12-09,0.33347449651797473,0.0,20.0,2.650368813268386e-11,0.9999999999724963,1,7.289485864700912e-22,0.01607200257156863,1.0,0.018576529082204248,0.15267458053675942,Katashi,1e-06,0.9803921568627452,1.0,0
2025-12-10,0.3202428006775833,2.0,0.48780487804878053,1.2421308425485342e-10,0.9999999998747869,1,1.5553100637524743e-20,0.6589521054329959,1.0,0.018019233209738122,0.6158246564044125,Katashi,1e-06,0.9803921568627452,1.0,0
2025-12-11,0.27601794340924773,2.0,0.48780487804878053,0.47409588451105866,0.8182106901822497,2,0.08618556363270122,0.6589521054329959,2.0,0.01747865621344598,0.29694256211720793,Katashi,1e-06,0.9803921568627452,1.0,0
2025-12-12,0.29726017943409255,0.5,1.8181818181818181,1.0759099161347123e-09,0.9999999989230901,1,1.1586580343760449e-18,0.17679202828716653,1.0,0.016954296527042598,0.2906412134286118,Katashi,1e-06,0.9803921568627452,1.0,0
2025-12-15,0.29134763786937706,1.0,0.9523809523809523,2.0787849217590708e-10,0.9999999997911215,1,4.3421341407409533e-20,0.33751205400260376,1.0,0.016445667631231318,0.3641387090212349,Katashi,1e-06,0.9803921568627452,1.0,0
2025-12-16,0.25510947989208865,2.0,0.48780487804878053,5.064926256048602e-11,0.9999999999483508,1,2.6159959401002578e-21,0.6589521054329959,1.0,0.015952297602294378,0.1126639271240617,Katashi,1e-06,0.9803921568627452,1.0,0
2025-12-17,0.2951144990275425,2.0,0.48780487804878053,0.0,0.0,0,0.0,0.6589521054329959,0.0,0.015473728674225546,1.0,Katashi,1e-06,0.9803921568627452,1.0,0
2025-12-18,0.3499723947550034,2.0,0.48780487804878053,0.0,0.0,0,0.0,0.6589521054329959,0.0,0.015009516813998779,1.0,Katashi,1e-06,0.9803921568627452,1.0,0
2025-12-19,0.31545078110295505,1.0,0.9523809523809523,0.0,0.0,0,0.0,0.33751205400260376,0.0,0.014559231309578815,0.03415579322857831,Katashi,1e-06,0.9803921568627452,1.0,0
2025-12-22,0.32389045736871824,1.0,0.9523809523809523,1.887915379403561e-10,0.9999999998102085,1,3.5831032162831826e-20,0.33751205400260376,1.0,0.01412245437029145,0.3086149790086915,Katashi,1e-06,0.9803921568627452,1.0,0
2025-12-23,0.30398331137461576,2.0,0.48780487804878053,0.0,0.0,0,0.0,0.6589521054329959,0.0,0.013698780739182705,0.30489283168892733,Katashi,1e-06,0.9803921568627452,1.0,0
2025-12-24,0.3086322855888073,1.0,0.9523809523809523,0.0,0.0,0,0.0,0.33751205400260376,0.0,0.013287817317007223,0.03415579322857831,Katashi,1e-06,0.9803921568627452,1.0,0
2025-12-26,0.2563968881360186,1.0,0.9523809523809523,0.0,0.0,0,0.0,0.33751205400260376,0.0,0.012889182797497007,1.0,Katashi,1e-06,0.9803921568627452,1.0,0
2025-12-29,0.2582326369282891,2.0,0.48780487804878053,0.0,0.0,0,0.0,0.6589521054329959,0.0,0.012502507313572097,0.00909854810873778,Katashi,1e-06,0.9803921568627452,1.0,0
2025-12-30,0.25878097747662965,2.0,0.48780487804878053,0.0,0.0,0,0.0,0.6589521054329959,0.0,0.012127432094164933,1.0,Katashi,1e-06,0.9803921568627452,1.0,0
2025-12-31,0.29237279628583984,2.0,0.48780487804878053,0.0,0.0,0,0.0,0.6589521054329959,0.0,0.011763609131339985,1.0,Katashi,1e-06,0.9803921568627452,1.0,0
2026-01-02,0.3072018319844408,1.0,0.9523809523809523,0.0,0.0,0,0.0,0.33751205400260376,0.0,0.011410700857399786,0.03415579322857831,Katashi,1e-06,0.9803921568627452,1.0,0
2026-01-05,0.2947330447330448,1.0,0.9523809523809523,6.980493960389317e-11,0.9999999999291951,1,4.942532988676671e-21,0.33751205400260376,1.0,0.011068379831677792,0.3086149790086915,Katashi,1e-06,0.9803921568627452,1.0,0
2026-01-06,0.28710395884308926,0.0,20.0,0.3199891969296228,0.9023047539508963,2,0.03126142332709461,0.01607200257156863,2.0,0.010736328436727458,0.0578721179583801,Katashi,1e-06,0.9803921568627452,1.0,0
2026-01-07,0.2891542756760148,1.0,0.9523809523809523,0.6930932469239358,0.5051929120533107,2,0.3429474511859483,0.33751205400260376,2.0,0.010414238583625633,0.40631200256974986,Katashi,1e-06,0.9803921568627452,1.0,0
2026-01-08,0.2862218457870632,1.0,0.9523809523809523,0.6884600085662063,0.5483727413475711,2,0.31092730636058347,0.33751205400260376,2.0,0.010101811426116864,0.1673621087333398,Katashi,1e-06,0.9803921568627452,1.0,0
2026-01-09,0.31423489553924344,1.5,0.6451612903225806,0.6899398822990094,0.5400241669079534,2,0.3173556721439154,0.4982320797178802,2.0,0.009798757083333358,0.5403601981707831,Katashi,1e-06,0.9803921568627452,1.0,0
2026-01-12,0.31092101135579403,2.0,0.48780487804878053,0.0,0.0,0,0.0,0.6589521054329959,0.0,0.009504794370833356,0.8787949850131827,Katashi,1e-06,0.9803921568627452,1.0,0
2026-01-13,0.3095620804316456,1.0,0.9523809523809523,0.0,0.0,0,0.0,0.33751205400260376,0.0,0.009219650539708356,0.03415579322857831,Katashi,1e-06,0.9803921568627452,1.0,0
2026-01-14,0.32708513708513715,2.0,0.48780487804878053,0.0,0.0,0,0.0,0.6589521054329959,0.0,0.008943061023517105,0.00909854810873778,Katashi,1e-06,0.9803921568627452,1.0,0
2026-01-15,0.2985714285714286,1.5,0.6451612903225806,3.7336245205897366e-11,0.9999999999616638,1,1.431330625366242e-21,0.4982320797178802,1.0,0.008674769192811592,0.8726234300785367,Katashi,1e-06,0.9803921568627452,1.0,0
2026-01-16,0.3083700357613401,2.0,0.48780487804878053,7.444245219971579e-11,0.9999999999245576,1,5.616119495123403e-21,0.6589521054329959,1.0,0.008414526117027244,0.10957158470543027,Katashi,1e-06,0.9803921568627452,1.0,0
2026-01-20,0.3949124788255223,2.0,0.48780487804878053,2.233224716236579e-11,0.9999999999766678,1,5.210610164617068e-22,0.6589521054329959,1.0,0.008162090333516427,1.0,Katashi,1e-06,0.9803921568627452,1.0,0
2026-01-21,0.3812993286906331,2.0,0.48780487804878053,3.139011273082023e-11,0.9999999999676099,1,1.0167285955975843e-21,0.6589521054329959,1.0,0.007917227623510933,1.0,Katashi,1e-06,0.9803921568627452,1.0,0
2026-01-22,0.3547644143296317,2.0,0.48780487804878053,4.401645714478853e-11,0.9999999999549836,1,1.981463983048625e-21,0.6589521054329959,1.0,0.007679710794805604,1.0,Katashi,1e-06,0.9803921568627452,1.0,0
2026-01-23,0.3593895476504173,2.0,0.48780487804878053,1.3316237001857077e-11,0.9999999999856838,1,1.9063811031477452e-22,0.6589521054329959,1.0,0.007449319470961436,1.0,Katashi,1e-06,0.9803921568627452,1.0,0
2026-01-26,0.35371541501976284,1.5,0.6451612903225806,3.4042213491955385e-11,0.9999999999649578,1,1.1929137598723895e-21,0.4982320797178802,1.0,0.007225839886832593,0.17208219089896304,Katashi,1e-06,0.9803921568627452,1.0,0
2026-01-27,0.3406506054332142,1.0,0.9523809523809523,6.713896105504599e-11,0.9999999999318611,1,4.5747775675325484e-21,0.33751205400260376,1.0,0.007009064690227615,0.30781824346055553,Katashi,1e-06,0.9803921568627452,1.0,0
2026-01-28,0.3312096116443942,2.0,0.48780487804878053,0.3400130055153951,0.8930865943236955,2,0.03635194839388699,0.6589521054329959,2.0,0.006798792749520786,0.01368206752907175,Katashi,1e-06,0.9803921568627452,1.0,0
2026-01-29,0.3099435347261434,1.0,0.9523809523809523,0.36690502985253143,0.8800100183856149,2,0.04402492778623067,0.33751205400260376,2.0,0.0065948289670351625,0.5817493769587931,Katashi,1e-06,0.9803921568627452,1.0,0
2026-01-30,0.2995727460944853,1.0,0.9523809523809523,1.30105926031821e-11,0.9999999999859894,1,1.8228582467374112e-22,0.33751205400260376,1.0,0.006396984098024108,0.3767896518238746,Katashi,1e-06,0.9803921568627452,1.0,0
2026-02-02,0.27778216952129997,1.0,0.9523809523809523,0.0,0.0,0,0.0,0.33751205400260376,0.0,0.006205074575083384,1.0,Katashi,1e-06,0.9803921568627452,1.0,0
2026-02-03,0.2774722379070205,1.5,0.6451612903225806,8.287159846890593e-11,0.9999999999161284,1,6.950571598289606e-21,0.4982320797178802,1.0,0.0060189223378308825,0.14527281646780077,Katashi,1e-06,0.9803921568627452,1.0,0
2026-02-04,0.2963303845912542,1.0,0.9523809523809523,8.554701391341966e-11,0.999999999913453,1,7.403836711289484e-21,0.33751205400260376,1.0,0.005838354667695956,0.30781824346055553,Katashi,1e-06,0.9803921568627452,1.0,0
2026-02-05,0.2980946107033064,1.0,0.9523809523809523,1.7166823518101968e-11,0.9999999999818332,1,3.1186627346291975e-22,0.33751205400260376,1.0,0.0056632040276650775,1.0,Katashi,1e-06,0.9803921568627452,1.0,0
2026-02-06,0.29065625196059985,1.0,0.9523809523809523,3.8840486381903196e-11,0.9999999999601595,1,1.5474230095771473e-21,0.33751205400260376,1.0,0.0054933079068351254,1.0,Katashi,1e-06,0.9803921568627452,1.0,0
2026-02-09,0.2961873392308175,2.0,0.48780487804878053,0.0,0.0,0,0.0,0.6589521054329959,0.0,0.005328508669630072,0.30489283168892733,Katashi,1e-06,0.9803921568627452,1.0,0
2026-02-10,0.30250517598343685,2.0,0.48780487804878053,1.659794524029421e-11,0.9999999999824021,1,2.9208936426756197e-22,0.6589521054329959,1.0,0.00516865340954117,0.554905640002036,Katashi,1e-06,0.9803921568627452,1.0,0
2026-02-11,0.286174164000251,2.0,0.48780487804878053,3.844402573982527e-11,0.999999999960556,1,1.5163862904060822e-21,0.6589521054329959,1.0,0.005013593807254934,1.0,Katashi,1e-06,0.9803921568627452,1.0,0
2026-02-12,0.29160988769684426,2.0,0.48780487804878053,0.0,0.0,0,0.0,0.6589521054329959,0.0,0.004863185993037286,1.0,Katashi,1e-06,0.9803921568627452,1.0,0
2026-02-13,0.29253968253968254,2.0,0.48780487804878053,0.0,0.0,0,0.0,0.6589521054329959,0.0,0.004717290413246167,1.0,Katashi,1e-06,0.9803921568627452,1.0,0
2026-02-17,0.2797132818871949,2.0,0.48780487804878053,4.639510997493802e-11,0.9999999999526049,1,2.1989003132739788e-21,0.6589521054329959,1.0,0.004575771700848782,0.554905640002036,Katashi,1e-06,0.9803921568627452,1.0,0
2026-02-18,0.2899887069452287,2.0,0.48780487804878053,7.016220937319217e-11,0.9999999999288378,1,4.9928962815697065e-21,0.6589521054329959,1.0,0.004438498549823319,1.0,Katashi,1e-06,0.9803921568627452,1.0,0
2026-02-19,0.2919198193111237,2.0,0.48780487804878053,4.472167080999843e-11,0.9999999999542784,1,2.0447485215743014e-21,0.6589521054329959,1.0,0.004305343593328619,1.0,Katashi,1e-06,0.9803921568627452,1.0,0
2026-02-20,0.22294811468724515,2.0,0.48780487804878053,1.7805867891064395e-11,0.9999999999811942,1,3.3485440535181605e-22,0.6589521054329959,1.0,0.00417618328552876,1.0,Katashi,1e-06,0.9803921568627452,1.0,0
2026-02-23,0.21689252776209303,2.0,0.48780487804878053,0.0,0.0,0,0.0,0.6589521054329959,0.0,0.004050897786962897,1.0,Katashi,1e-06,0.9803921568627452,1.0,0
2026-02-24,0.21105150887759588,2.0,0.48780487804878053,0.0,0.0,0,0.0,0.6589521054329959,0.0,0.0039293708533540105,1.0,Katashi,1e-06,0.9803921568627452,1.0,0
2026-02-25,0.23708576447706886,2.0,0.48780487804878053,4.7047810091084e-11,0.9999999999519522,1,2.2605432037335858e-21,0.6589521054329959,1.0,0.00381148972775339,0.554905640002036,Katashi,1e-06,0.9803921568627452,1.0,0
2026-02-26,0.22704874835309619,1.5,0.6451612903225806,0.0,0.0,0,0.0,0.4982320797178802,0.0,0.0036971450359207883,0.5635383496527522,Katashi,1e-06,0.9803921568627452,1.0,0
2026-02-27,0.21405546144676582,1.0,0.9523809523809523,0.0,0.0,0,0.0,0.33751205400260376,0.0,0.0035862306848431645,0.041945074592308895,Katashi,1e-06,0.9803921568627452,1.0,0
2026-03-02,0.21045548654244303,1.0,0.9523809523809523,0.0,0.0,0,0.0,0.33751205400260376,0.0,0.0034786437642978694,1.0,Katashi,1e-06,0.9803921568627452,1.0,0
2026-03-03,0.2220421607378129,1.0,0.9523809523809523,5.482159170910562e-11,0.9999999999441784,1,3.060227296566461e-21,0.33751205400260376,1.0,0.003374284451368933,0.3086149790086915,Katashi,1e-06,0.9803921568627452,1.0,0
2026-03-04,0.22993349645523556,0.0,20.0,0.0,0.0,0,0.0,0.01607200257156863,0.0,0.003273055917827865,0.07155902632278455,Katashi,1e-06,0.9803921568627452,1.0,0
2026-03-05,0.242283079239601,1.0,0.9523809523809523,0.0,0.0,0,0.0,0.33751205400260376,0.0,0.003174864240293029,0.906842744088725,Katashi,1e-06,0.9803921568627452,1.0,0
2026-03-06,0.27062990149946675,2.0,0.48780487804878053,0.0,0.0,0,0.0,0.6589521054329959,0.0,0.003079618313084238,0.00909854810873778,Katashi,1e-06,0.9803921568627452,1.0,0
2026-03-09,0.2949714536671059,1.0,0.9523809523809523,1.2780776436352817e-10,0.9999999998711923,1,1.6462629569699273e-20,0.33751205400260376,1.0,0.0029872297636917107,0.9967701255613131,Katashi,1e-06,0.9803921568627452,1.0,0
2026-03-10,0.29323106844845975,2.0,0.48780487804878053,6.667899565597503e-11,0.999999999932321,1,4.5127659824441076e-21,0.6589521054329959,1.0,0.0028976128707809594,0.1126639271240617,Katashi,1e-06,0.9803921568627452,1.0,0
2026-03-11,0.3210772319467972,2.0,0.48780487804878053,0.0,0.0,0,0.0,0.6589521054329959,0.0,0.0028106844846575306,1.0,Katashi,1e-06,0.9803921568627452,1.0,0
2026-03-12,0.351164439425309,2.0,0.48780487804878053,0.0,0.0,0,0.0,0.6589521054329959,0.0,0.0027263639501178046,1.0,Katashi,1e-06,0.9803921568627452,1.0,0
2026-03-13,0.37927285275111355,2.0,0.48780487804878053,0.0,0.0,0,0.0,0.6589521054329959,0.0,0.0026445730316142706,1.0,Katashi,1e-06,0.9803921568627452,1.0,0
