date,mean_corr,curv,eta,entropy,dominance,h1_count,v_raw,Oh,Xi,phi,DEF,regime,phi_c,Oh_pre,Xi_c
2016-02-04,0.2751835121400339,2.0,0.48780487804878053,6.7439387407535664e-12,0.9999999999922561,1,5.2224499292463865e-23,0.6589521054329959,1.0,1e-06,1.0,Katashi,0.23460114208392602,0.8196721311479508,1.0
2016-02-05,0.2651703369094674,2.0,0.48780487804878053,1.1130429911003971e-11,0.9999999999878696,1,1.3501665369133384e-22,0.6589521054329959,1.0,1e-06,1.0,Katashi,0.23460114208392602,0.8196721311479508,1.0
2016-02-08,0.26631469979296063,2.0,0.48780487804878053,1.3332113191108987e-11,0.9999999999856679,1,1.9107706040373722e-22,0.6589521054329959,1.0,1e-06,1.0,Katashi,0.23460114208392602,0.8196721311479508,1.0
2016-02-09,0.2671968128489868,1.5,0.6451612903225806,1.370703550651946e-11,0.999999999985293,1,2.01589554661777e-22,0.49823207971788014,1.0,1e-06,0.14857959043984192,Utsuroi,0.23460114208392602,0.8196721311479508,1.0
2016-02-10,0.26874647092038395,2.0,0.48780487804878053,1.1670997501687257e-11,0.999999999987329,1,1.4788292200446826e-22,0.6589521054329959,1.0,1e-06,0.09306531693657372,Katashi,0.23460114208392602,0.8196721311479508,1.0
2016-02-11,0.2641213375995985,1.0,0.9523809523809523,0.0,0.0,0,0.0,0.33751205400260376,0.0,1e-06,0.29257939037860414,Utsuroi,0.23460114208392602,0.8196721311479508,1.0
2016-02-12,0.26142731664470803,2.0,0.48780487804878053,0.0,0.0,0,0.0,0.6589521054329959,0.0,1e-06,0.011806891800632657,Katashi,0.23460114208392602,0.8196721311479508,1.0
2016-02-16,0.26235711148754626,1.0,0.9523809523809523,2.55003795853572e-11,0.9999999999734996,1,6.757691744793405e-22,0.33751205400260376,1.0,1e-06,0.8983418051370832,Utsuroi,0.23460114208392602,0.8196721311479508,1.0
2016-02-17,0.26447895100069013,1.0,0.9523809523809523,1.852606956712493e-11,0.999999999980474,1,3.617409133480739e-22,0.33751205400260376,1.0,1e-06,1.0,Utsuroi,0.23460114208392602,0.8196721311479508,1.0
2016-02-18,0.2590909090909091,2.0,0.48780487804878053,0.0,0.0,0,0.0,0.6589521054329959,0.0,1e-06,0.2686618444260084,Katashi,0.23460114208392602,0.8196721311479508,1.0
2016-02-19,0.26986699291047117,2.0,0.48780487804878053,0.0,0.0,0,0.0,0.6589521054329959,0.0,1e-06,1.0,Katashi,0.23460114208392602,0.8196721311479508,1.0
2016-02-22,0.28772382207164815,0.5,1.8181818181818181,1.8624024543024846e-10,0.9999999998127598,1,3.487166514665944e-20,0.17679202828716653,1.0,1e-06,0.9378739320414541,Utsuroi,0.23460114208392602,0.8196721311479508,1.0
2016-02-23,0.2832894158981115,2.0,0.48780487804878053,0.0,0.0,0,0.0,0.6589521054329959,0.0,1e-06,0.16717366943509437,Katashi,0.23460114208392602,0.8196721311479508,1.0
2016-02-24,0.285101323796976,2.0,0.48780487804878053,0.0,0.0,0,0.0,0.6589521054329959,0.0,1e-06,1.0,Katashi,0.23460114208392602,0.8196721311479508,1.0
2016-02-25,0.28371855197942153,1.5,0.6451612903225806,0.0,0.0,0,0.0,0.49823207971788014,0.0,1e-06,0.012787609472986183,Utsuroi,0.23460114208392602,0.8196721311479508,1.0
2016-02-26,0.2878668674320848,2.0,0.48780487804878053,0.0,0.0,0,0.0,0.6589521054329959,0.0,1e-06,0.007331309825758914,Katashi,0.23460114208392602,0.8196721311479508,1.0
2016-02-29,0.2884628897672376,1.0,0.9523809523809523,0.0,0.0,0,0.0,0.33751205400260376,0.0,1e-06,0.04412457397714464,Utsuroi,0.23460114208392602,0.8196721311479508,1.0
2016-03-01,0.282717234456365,2.0,0.48780487804878053,0.0,0.0,0,0.0,0.6589521054329959,0.0,1e-06,0.011806891800632657,Katashi,0.23460114208392602,0.8196721311479508,1.0
2016-03-02,0.24590689503732988,2.0,0.48780487804878053,0.0,0.0,0,0.0,0.6589521054329959,0.0,1e-06,1.0,Katashi,0.23460114208392602,0.8196721311479508,1.0
2016-03-03,0.23579835623313883,2.0,0.48780487804878053,2.1821433546604756e-10,0.9999999997807857,1,4.783570571632136e-20,0.6589521054329959,1.0,1e-06,0.5934596063203189,Katashi,0.23460114208392602,0.8196721311479508,1.0
2016-03-04,0.21584352845222413,1.0,0.9523809523809523,1.0036405039867486e-10,0.999999999898636,1,1.0173304443116541e-20,0.33751205400260376,1.0,1e-06,0.27282689717922226,Utsuroi,0.23460114208392602,0.8196721311479508,1.0
2016-03-07,0.23432022084196005,2.0,0.48780487804878053,5.5652260576083445e-11,0.9999999999433478,1,3.1528251367699222e-21,0.6589521054329959,1.0,1e-06,0.09715435546482021,Katashi,0.23460114208392602,0.8196721311479508,1.0
2016-03-08,0.2392552857770249,2.0,0.48780487804878053,9.431566638341426e-11,0.9999999999046844,1,8.989758505734524e-21,0.6589521054329959,1.0,1e-06,1.0,Katashi,0.23460114208392602,0.8196721311479508,1.0
2016-03-09,0.24612146307798485,1.5,0.6451612903225806,3.5613956227860906e-11,0.9999999999633861,1,1.3039670466097354e-21,0.49823207971788014,1.0,1e-06,0.14857959043984192,Utsuroi,0.23460114208392602,0.8196721311479508,1.0
2016-03-10,0.23753874145178488,2.0,0.48780487804878053,1.7501777804625238e-11,0.9999999999814982,1,3.238136169606544e-22,0.6589521054329959,1.0,1e-06,0.09306531693657372,Katashi,0.23460114208392602,0.8196721311479508,1.0
2016-03-11,0.2030409686931426,2.0,0.48780487804878053,1.6262213797653414e-11,0.9999999999827378,1,2.807214516525151e-22,0.6589521054329959,1.0,1e-06,1.0,Katashi,0.23460114208392602,0.8196721311479508,1.0
2016-03-14,0.2054727398205659,2.0,0.48780487804878053,8.40416625176379e-12,0.9999999999905959,1,7.903399072480298e-23,0.6589521054329959,1.0,1e-06,1.0,Katashi,0.23460114208392602,0.8196721311479508,1.0
2016-03-15,0.20289792333270595,2.0,0.48780487804878053,7.209677299580105e-12,0.9999999999917903,1,5.918896457343675e-23,0.6589521054329959,1.0,1e-06,1.0,Katashi,0.23460114208392602,0.8196721311479508,1.0
2016-03-16,0.21088462262375307,2.0,0.48780487804878053,3.96005450652367e-12,0.99999999999504,1,1.964199859799137e-23,0.6589521054329959,1.0,1e-06,1.0,Katashi,0.23460114208392602,0.8196721311479508,1.0
2016-03-17,0.22104084321475628,2.0,0.48780487804878053,9.188982907863625e-12,0.999999999989811,1,9.362618651323777e-23,0.6589521054329959,1.0,1e-06,1.0,Katashi,0.23460114208392602,0.8196721311479508,1.0
2016-03-18,0.22745404354100007,2.0,0.48780487804878053,7.2108985449071825e-12,0.9999999999917891,1,5.920779685261174e-23,0.6589521054329959,1.0,1e-06,1.0,Katashi,0.23460114208392602,0.8196721311479508,1.0
2016-03-21,0.2439042599912165,2.0,0.48780487804878053,1.124678128398327e-11,0.9999999999877532,1,1.3773662173642958e-22,0.6589521054329959,1.0,1e-06,1.0,Katashi,0.23460114208392602,0.8196721311479508,1.0
2016-03-22,0.22895601982558508,2.0,0.48780487804878053,8.421818797855166e-12,0.9999999999905782,1,7.934866435701302e-23,0.6589521054329959,1.0,1e-06,1.0,Katashi,0.23460114208392602,0.8196721311479508,1.0
2016-03-23,0.22249513771252905,2.0,0.48780487804878053,8.90232332290829e-12,0.9999999999900977,1,8.815348693423222e-23,0.6589521054329959,1.0,1e-06,1.0,Katashi,0.23460114208392602,0.8196721311479508,1.0
2016-03-24,0.22609511261685175,2.0,0.48780487804878053,1.5426993016241977e-11,0.999999999983573,1,2.534187652698726e-22,0.6589521054329959,1.0,1e-06,1.0,Katashi,0.23460114208392602,0.8196721311479508,1.0
2016-03-28,0.23148315452663276,2.0,0.48780487804878053,9.995448912493206e-11,0.9999999998990455,1,1.009085217469517e-20,0.6589521054329959,1.0,1e-06,1.0,Katashi,0.23460114208392602,0.8196721311479508,1.0
2016-03-29,0.24545391806261369,2.0,0.48780487804878053,0.0,0.0,0,0.0,0.6589521054329959,0.0,1e-06,1.0,Katashi,0.23460114208392602,0.8196721311479508,1.0
2016-03-30,0.227215634606939,2.0,0.48780487804878053,0.0,0.0,0,0.0,0.6589521054329959,0.0,1e-06,1.0,Katashi,0.23460114208392602,0.8196721311479508,1.0
2016-03-31,0.2294328376937073,2.0,0.48780487804878053,0.0,0.0,0,0.0,0.6589521054329959,0.0,1e-06,1.0,Katashi,0.23460114208392602,0.8196721311479508,1.0
2016-04-01,0.2202302528389485,2.0,0.48780487804878053,0.0,0.0,0,0.0,0.6589521054329959,0.0,1e-06,1.0,Katashi,0.23460114208392602,0.8196721311479508,1.0
2016-04-04,0.22833615659702616,2.0,0.48780487804878053,0.0,0.0,0,0.0,0.6589521054329959,0.0,1e-06,1.0,Katashi,0.23460114208392602,0.8196721311479508,1.0
2016-04-05,0.21133759959846923,1.0,0.9523809523809523,0.0,0.0,0,0.0,0.33751205400260376,0.0,1e-06,0.04412457397714464,Utsuroi,0.23460114208392602,0.8196721311479508,1.0
2016-04-06,0.20227806010414706,2.0,0.48780487804878053,0.0,0.0,0,0.0,0.6589521054329959,0.0,1e-06,0.011806891800632657,Katashi,0.23460114208392602,0.8196721311479508,1.0
2016-04-07,0.19431520170650604,2.0,0.48780487804878053,0.0,0.0,0,0.0,0.6589521054329959,0.0,1e-06,1.0,Katashi,0.23460114208392602,0.8196721311479508,1.0
2016-04-08,0.19128740824393,2.0,0.48780487804878053,0.0,0.0,0,0.0,0.6589521054329959,0.0,1e-06,1.0,Katashi,0.23460114208392602,0.8196721311479508,1.0
2016-04-11,0.1879496831670745,1.0,0.9523809523809523,0.0,0.0,0,0.0,0.33751205400260376,0.0,1e-06,0.04412457397714464,Utsuroi,0.23460114208392602,0.8196721311479508,1.0
2016-04-12,0.19011920446703062,2.0,0.48780487804878053,0.0,0.0,0,0.0,0.6589521054329959,0.0,1e-06,0.011806891800632657,Katashi,0.23460114208392602,0.8196721311479508,1.0
2016-04-13,0.22406863667733237,2.0,0.48780487804878053,7.866829409801879e-11,0.9999999999203317,1,6.267367050362028e-21,0.6589521054329959,1.0,1e-06,0.5934596063203189,Katashi,0.23460114208392602,0.8196721311479508,1.0
2016-04-14,0.23083945040466783,2.0,0.48780487804878053,1.495369383761543e-10,0.9999999998494631,1,2.2510829570969908e-20,0.6589521054329959,1.0,1e-06,1.0,Katashi,0.23460114208392602,0.8196721311479508,1.0
2016-04-15,0.22428320471798735,2.0,0.48780487804878053,1.825739559517085e-11,0.9999999999807426,1,3.5158948563211556e-22,0.6589521054329959,1.0,1e-06,1.0,Katashi,0.23460114208392602,0.8196721311479508,1.0
2016-04-18,0.20454294497772763,2.0,0.48780487804878053,3.898392719667904e-11,0.9999999999600161,1,1.5587296445122666e-21,0.6589521054329959,1.0,1e-06,1.0,Katashi,0.23460114208392602,0.8196721311479508,1.0
2016-04-19,0.20392308174916873,0.0,20.0,3.578748408660345e-11,0.9999999999632125,1,1.31653070967899e-21,0.016072002571568628,1.0,1e-06,0.11767716819036311,Utsuroi,0.23460114208392602,0.8196721311479508,1.0
2016-04-20,0.21088462262375304,2.0,0.48780487804878053,1.597655341342225e-11,0.9999999999830235,1,2.7122645895880755e-22,0.6589521054329959,1.0,1e-06,0.6571675604500578,Katashi,0.23460114208392602,0.8196721311479508,1.0
2016-04-21,0.2097085689604297,2.0,0.48780487804878053,1.892208612000091e-11,0.9999999999800779,1,3.769670106673843e-22,0.6589521054329959,1.0,1e-06,1.0,Katashi,0.23460114208392602,0.8196721311479508,1.0
2016-04-22,0.21148422732124503,2.0,0.48780487804878053,1.7403856133855106e-11,0.9999999999815962,1,3.202976794614853e-22,0.6589521054329959,1.0,1e-06,1.0,Katashi,0.23460114208392602,0.8196721311479508,1.0
2016-04-25,0.21130507980243496,2.0,0.48780487804878053,2.2759905071441332e-11,0.9999999999762401,1,5.407726804506252e-22,0.6589521054329959,1.0,1e-06,1.0,Katashi,0.23460114208392602,0.8196721311479508,1.0
2016-04-26,0.21058872501573636,2.0,0.48780487804878053,1.807065608243248e-11,0.9999999999809294,1,3.4461886758126716e-22,0.6589521054329959,1.0,1e-06,1.0,Katashi,0.23460114208392602,0.8196721311479508,1.0
2016-04-27,0.2199953278197959,2.0,0.48780487804878053,2.5302426820071758e-11,0.9999999999736976,1,6.655146700806936e-22,0.6589521054329959,1.0,1e-06,1.0,Katashi,0.23460114208392602,0.8196721311479508,1.0
2016-04-28,0.20129813697444515,1.0,0.9523809523809523,5.704881012014389e-12,0.9999999999932951,1,3.825042217160102e-23,0.33751205400260376,1.0,1e-06,0.27282689717922226,Utsuroi,0.23460114208392602,0.8196721311479508,1.0
2016-04-29,0.20187293474719015,2.0,0.48780487804878053,5.073941267123944e-12,0.9999999999939261,1,3.081870900512971e-23,0.6589521054329959,1.0,1e-06,0.09715435546482021,Katashi,0.23460114208392602,0.8196721311479508,1.0
2016-05-02,0.208226421713782,1.0,0.9523809523809523,5.499489752460091e-12,0.9999999999935005,1,3.5743755631813935e-23,0.33751205400260376,1.0,1e-06,0.27282689717922226,Utsuroi,0.23460114208392602,0.8196721311479508,1.0
2016-05-03,0.21313601278041622,2.0,0.48780487804878053,5.410227821280805e-12,0.9999999999935898,1,3.4680673216004446e-23,0.6589521054329959,1.0,1e-06,0.09715435546482021,Katashi,0.23460114208392602,0.8196721311479508,1.0
2016-05-04,0.20232372990036415,2.0,0.48780487804878053,9.02522501173307e-12,0.9999999999899748,1,9.047971187109255e-23,0.6589521054329959,1.0,1e-06,1.0,Katashi,0.23460114208392602,0.8196721311479508,1.0
2016-05-05,0.2165232849121182,2.0,0.48780487804878053,5.109468403911732e-12,0.9999999999938906,1,3.121602274434684e-23,0.6589521054329959,1.0,1e-06,1.0,Katashi,0.23460114208392602,0.8196721311479508,1.0
2016-05-06,0.23562077651419505,1.0,0.9523809523809523,4.586886426223728e-12,0.9999999999944131,1,2.562631204355075e-23,0.33751205400260376,1.0,1e-06,0.27282689717922226,Utsuroi,0.23460114208392602,0.8196721311479508,1.0
2016-05-09,0.2527267858705401,2.0,0.48780487804878053,3.908762202786241e-12,0.9999999999950913,1,1.9187097692218255e-23,0.6589521054329959,1.0,1e-06,0.09715435546482021,Katashi,0.23460114208392602,0.8196721311479508,1.0
2016-05-10,0.28081463436599746,1.0,0.9523809523809523,5.741407349524311e-12,0.9999999999932586,1,3.870503869301719e-23,0.33751205400260376,1.0,1e-06,0.27282689717922226,Utsuroi,0.23460114208392602,0.8196721311479508,1.0
2016-05-11,0.2683353711726378,2.0,0.48780487804878053,8.341993762385365e-12,0.999999999990658,1,7.793066915517028e-23,0.6589521054329959,1.0,1e-06,0.09715435546482021,Katashi,0.23460114208392602,0.8196721311479508,1.0
2016-05-12,0.2615221886539855,2.0,0.48780487804878053,1.2746692590232362e-11,0.9999999999862533,1,1.75224582602549e-22,0.6589521054329959,1.0,1e-06,1.0,Katashi,0.23460114208392602,0.8196721311479508,1.0
2016-05-13,0.2203705104212793,1.0,0.9523809523809523,5.37858646507919e-12,0.9999999999936214,1,3.430765984393455e-23,0.33751205400260376,1.0,1e-06,0.27282689717922226,Utsuroi,0.23460114208392602,0.8196721311479508,1.0
2016-05-16,0.22628344927811142,2.0,0.48780487804878053,3.4882097210602074e-12,0.9999999999955118,1,1.565573961399335e-23,0.6589521054329959,1.0,1e-06,0.09715435546482021,Katashi,0.23460114208392602,0.8196721311479508,1.0
2016-05-17,0.2171506881574325,2.0,0.48780487804878053,4.433786671128762e-12,0.9999999999945662,1,2.4092152833283253e-23,0.6589521054329959,1.0,1e-06,1.0,Katashi,0.23460114208392602,0.8196721311479508,1.0
2016-05-18,0.2231307830677544,2.0,0.48780487804878053,5.997646823606037e-12,0.9999999999930024,1,4.196928156619705e-23,0.6589521054329959,1.0,1e-06,1.0,Katashi,0.23460114208392602,0.8196721311479508,1.0
2016-05-19,0.20110194904263565,2.0,0.48780487804878053,5.602074359934784e-12,0.999999999993398,1,3.69851875667717e-23,0.6589521054329959,1.0,1e-06,1.0,Katashi,0.23460114208392602,0.8196721311479508,1.0
2016-05-20,0.2097799042891427,2.0,0.48780487804878053,0.0804076874965831,0.9843936183379872,2,0.0012548730596315288,0.6589521054329959,2.0,1e-06,0.3352069764012876,Katashi,0.23460114208392602,0.8196721311479508,1.0
2016-05-23,0.19608322215041432,2.0,0.48780487804878053,3.2441827002486635e-12,0.9999999999957558,1,1.3768832325967252e-23,0.6589521054329959,1.0,1e-06,0.5935173454947633,Katashi,0.23460114208392602,0.8196721311479508,1.0
2016-05-24,0.19537696149998526,2.0,0.48780487804878053,3.1231683905650275e-12,0.9999999999958769,1,1.2877280096557529e-23,0.6589521054329959,1.0,1e-06,1.0,Katashi,0.23460114208392602,0.8196721311479508,1.0
2016-05-25,0.18931920630260324,2.0,0.48780487804878053,3.9366288007041945e-12,0.9999999999950634,1,1.943358803028339e-23,0.6589521054329959,1.0,1e-06,1.0,Katashi,0.23460114208392602,0.8196721311479508,1.0
2016-05-26,0.18305002099891132,2.0,0.48780487804878053,4.049760526912933e-12,0.9999999999949503,1,2.0450231264635727e-23,0.6589521054329959,1.0,1e-06,1.0,Katashi,0.23460114208392602,0.8196721311479508,1.0
2016-05-27,0.1640262876774199,1.0,0.9523809523809523,3.558819905426048e-12,0.9999999999954412,1,1.6223940297500004e-23,0.33751205400260376,1.0,1e-06,0.27282689717922226,Utsuroi,0.23460114208392602,0.8196721311479508,1.0
2016-05-31,0.15184012325808238,2.0,0.48780487804878053,4.139688591907113e-12,0.9999999999948603,1,2.1276618652893196e-23,0.6589521054329959,1.0,1e-06,0.09715435546482021,Katashi,0.23460114208392602,0.8196721311479508,1.0
2016-06-01,0.1656057376065294,2.0,0.48780487804878053,5.014322290701934e-12,0.9999999999939857,1,3.015763940038609e-23,0.6589521054329959,1.0,1e-06,1.0,Katashi,0.23460114208392602,0.8196721311479508,1.0
2016-06-02,0.16937111733646337,2.0,0.48780487804878053,4.619749027752448e-12,0.9999999999943803,1,2.5961727910447755e-23,0.6589521054329959,1.0,1e-06,1.0,Katashi,0.23460114208392602,0.8196721311479508,1.0
2016-06-03,0.17870265546584352,2.5,0.3921568627450981,9.422018720730043e-12,0.999999999989578,1,9.819624706376332e-23,0.8196721311479508,1.0,1e-06,0.061213029860135215,Katashi,0.23460114208392602,0.8196721311479508,1.0
2016-06-06,0.18076803202855798,2.0,0.48780487804878053,1.3003820242731981e-11,0.9999999999859962,1,1.8210287348241465e-22,0.6589521054329959,1.0,1e-06,0.09041404682626175,Katashi,0.23460114208392602,0.8196721311479508,1.0
2016-06-07,0.1891794983670161,2.0,0.48780487804878053,5.828271198817534e-11,0.9999999999407173,1,3.4551559394733176e-21,0.6589521054329959,1.0,1e-06,1.0,Katashi,0.23460114208392602,0.8196721311479508,1.0
2016-06-08,0.20681876589023698,2.0,0.48780487804878053,4.951150600490828e-11,0.9999999999494885,1,2.5008996376624355e-21,0.6589521054329959,1.0,1e-06,1.0,Katashi,0.23460114208392602,0.8196721311479508,1.0
2016-06-09,0.18426786978518145,1.0,0.9523809523809523,1.4530376901569027e-11,0.9999999999844696,1,2.2566190836803373e-22,0.33751205400260376,1.0,1e-06,0.27282689717922226,Utsuroi,0.23460114208392602,0.8196721311479508,1.0
2016-06-10,0.16546611597859012,1.0,0.9523809523809523,1.610056532527077e-11,0.9999999999828995,1,2.7532841294872836e-22,0.33751205400260376,1.0,1e-06,1.0,Utsuroi,0.23460114208392602,0.8196721311479508,1.0
2016-06-13,0.17164360430527834,1.5,0.6451612903225806,1.3180345703644893e-11,0.9999999999858197,1,1.8690156700063508e-22,0.49823207971788014,1.0,1e-06,0.15932618274669408,Utsuroi,0.23460114208392602,0.8196721311479508,1.0
2016-06-14,0.16163145390982392,2.0,0.48780487804878053,7.277711766290231e-11,0.9999999999262229,1,5.3692843632258306e-21,0.6589521054329959,1.0,1e-06,0.09306531693657372,Katashi,0.23460114208392602,0.8196721311479508,1.0
2016-06-15,0.16668715268720735,1.0,0.9523809523809523,5.498379529299429e-11,0.9999999999440162,1,3.0782003238649015e-21,0.33751205400260376,1.0,1e-06,0.27282689717922226,Utsuroi,0.23460114208392602,0.8196721311479508,1.0
2016-06-16,0.17307872360633958,1.5,0.6451612903225806,0.0,0.0,0,0.0,0.49823207971788014,0.0,1e-06,0.5287158711736486,Utsuroi,0.23460114208392602,0.8196721311479508,1.0
2016-06-17,0.16700845820149973,2.0,0.48780487804878053,5.3949622545613315e-11,0.9999999999450504,1,2.9645102019827335e-21,0.6589521054329959,1.0,1e-06,0.2073173360607481,Katashi,0.23460114208392602,0.8196721311479508,1.0
2016-06-20,0.13614776507334472,2.0,0.48780487804878053,4.1889824942002155e-12,0.999999999994811,1,2.1736464163472045e-23,0.6589521054329959,1.0,1e-06,1.0,Katashi,0.23460114208392602,0.8196721311479508,1.0
2016-06-21,0.12655284584402957,2.0,0.48780487804878053,4.603872838500397e-12,0.9999999999943961,1,2.5799416106065682e-23,0.6589521054329959,1.0,1e-06,1.0,Katashi,0.23460114208392602,0.8196721311479508,1.0
2016-06-22,0.1188349331827593,1.0,0.9523809523809523,4.687805699161586e-12,0.9999999999943122,1,2.6663224270001253e-23,0.33751205400260376,1.0,1e-06,0.27282689717922226,Utsuroi,0.23460114208392602,0.8196721311479508,1.0
2016-06-23,0.12019386410690759,2.0,0.48780487804878053,3.2135405447691388e-12,0.9999999999957865,1,1.354031228862666e-23,0.6589521054329959,1.0,1e-06,0.09715435546482021,Katashi,0.23460114208392602,0.8196721311479508,1.0
2016-06-24,0.1217196812848987,1.5,0.6451612903225806,5.6640248047084565e-12,0.999999999993336,1,3.774507649521257e-23,0.49823207971788014,1.0,1e-06,0.14857959043984192,Utsuroi,0.23460114208392602,0.8196721311479508,1.0
2016-06-27,0.12491436100131754,1.5,0.6451612903225806,5.426326055137767e-12,0.9999999999935737,1,3.487122047224782e-23,0.49823207971788014,1.0,1e-06,1.0,Utsuroi,0.23460114208392602,0.8196721311479508,1.0
2016-06-28,0.12567726959031306,1.5,0.6451612903225806,6.746825320617569e-12,0.9999999999922532,1,5.226632797636156e-23,0.49823207971788014,1.0,1e-06,1.0,Utsuroi,0.23460114208392602,0.8196721311479508,1.0
2016-06-29,0.13883744275048623,2.0,0.48780487804878053,7.170486426811158e-12,0.9999999999918295,1,5.858620340063609e-23,0.6589521054329959,1.0,1e-06,0.09306531693657372,Katashi,0.23460114208392602,0.8196721311479508,1.0
2016-06-30,0.15681347637869378,1.5,0.6451612903225806,9.929279620675863e-12,0.9999999999890707,1,1.0851965375408816e-22,0.49823207971788014,1.0,1e-06,0.14857959043984192,Utsuroi,0.23460114208392602,0.8196721311479508,1.0
2016-07-01,0.16139092791266704,1.0,0.9523809523809523,1.5310197554053323e-11,0.9999999999836898,1,2.4971200801231716e-22,0.33751205400260376,1.0,1e-06,0.2804580418802347,Utsuroi,0.23460114208392602,0.8196721311479508,1.0
2016-07-05,0.1599366334148943,2.0,0.48780487804878053,0.5875582786694197,0.7256287460829419,2,0.16120910166787691,0.6589521054329959,2.0,1e-06,0.062011124402947315,Katashi,0.23460114208392602,0.8196721311479508,1.0
2016-07-06,0.15616977225672876,2.0,0.48780487804878053,0.0,0.0,0,0.0,0.6589521054329959,0.0,1e-06,1.0,Katashi,0.23460114208392602,0.8196721311479508,1.0
2016-07-07,0.16537235711148757,2.0,0.48780487804878053,0.0,0.0,0,0.0,0.6589521054329959,0.0,1e-06,1.0,Katashi,0.23460114208392602,0.8196721311479508,1.0
2016-07-08,0.1982727900119204,2.0,0.48780487804878053,0.0,0.0,0,0.0,0.6589521054329959,0.0,1e-06,1.0,Katashi,0.23460114208392602,0.8196721311479508,1.0
2016-07-11,0.18415898111550288,2.0,0.48780487804878053,0.0,0.0,0,0.0,0.6589521054329959,0.0,1e-06,1.0,Katashi,0.23460114208392602,0.8196721311479508,1.0
2016-07-12,0.1898092728527511,2.0,0.48780487804878053,0.0,0.0,0,0.0,0.6589521054329959,0.0,1e-06,1.0,Katashi,0.23460114208392602,0.8196721311479508,1.0
2016-07-13,0.1825139594704812,1.0,0.9523809523809523,1.9587109710011462e-10,0.9999999998031289,1,3.856135344709277e-20,0.33751205400260376,1.0,1e-06,0.8983418051370832,Utsuroi,0.23460114208392602,0.8196721311479508,1.0
2016-07-14,0.17526632787502353,1.0,0.9523809523809523,0.0,0.0,0,0.0,0.33751205400260376,0.0,1e-06,1.0,Utsuroi,0.23460114208392602,0.8196721311479508,1.0
2016-07-15,0.17719744024091852,2.0,0.48780487804878053,7.864846548696544e-10,0.9999999992125154,1,6.193445798457775e-19,0.6589521054329959,1.0,1e-06,0.05841767180693058,Katashi,0.23460114208392602,0.8196721311479508,1.0
2016-07-18,0.17848484848484852,1.0,0.9523809523809523,0.0,0.0,0,0.0,0.33751205400260376,0.0,1e-06,0.29257939037860414,Utsuroi,0.23460114208392602,0.8196721311479508,1.0
2016-07-19,0.17529016876842968,2.0,0.48780487804878053,0.0,0.0,0,0.0,0.6589521054329959,0.0,1e-06,0.011806891800632657,Katashi,0.23460114208392602,0.8196721311479508,1.0
2016-07-20,0.17810339419035073,2.0,0.48780487804878053,0.0,0.0,0,0.0,0.6589521054329959,0.0,1e-06,1.0,Katashi,0.23460114208392602,0.8196721311479508,1.0
2016-07-21,0.17996298387602738,1.0,0.9523809523809523,0.0,0.0,0,0.0,0.33751205400260376,0.0,1e-06,0.04412457397714464,Utsuroi,0.23460114208392602,0.8196721311479508,1.0
2016-07-22,0.17903318903318904,1.5,0.6451612903225806,0.0,0.0,0,0.0,0.49823207971788014,0.0,1e-06,0.02524816240564065,Utsuroi,0.23460114208392602,0.8196721311479508,1.0
2016-07-25,0.202254219210741,2.0,0.48780487804878053,0.0,0.0,0,0.0,0.6589521054329959,0.0,1e-06,0.007331309825758914,Katashi,0.23460114208392602,0.8196721311479508,1.0
2016-07-26,0.21136144049187527,1.0,0.9523809523809523,0.0,0.0,0,0.0,0.33751205400260376,0.0,1e-06,0.04412457397714464,Utsuroi,0.23460114208392602,0.8196721311479508,1.0
2016-07-27,0.22940899680030113,1.0,0.9523809523809523,3.540412407621441e-11,0.9999999999635959,1,1.2888553425035174e-21,0.33751205400260376,1.0,1e-06,0.3509437882530295,Utsuroi,0.23460114208392602,0.8196721311479508,1.0
2016-07-28,0.25279691323169584,2.0,0.48780487804878053,2.245292840513972e-11,0.9999999999765471,1,5.265864256802355e-22,0.6589521054329959,1.0,1e-06,0.09715435546482021,Katashi,0.23460114208392602,0.8196721311479508,1.0
2016-07-29,0.24914925654056091,2.0,0.48780487804878053,2.7077895481004035e-11,0.9999999999719221,1,7.602897201622176e-22,0.6589521054329959,1.0,1e-06,1.0,Katashi,0.23460114208392602,0.8196721311479508,1.0
2016-08-01,0.2425691699604743,2.0,0.48780487804878053,0.0,0.0,0,0.0,0.6589521054329959,0.0,1e-06,1.0,Katashi,0.23460114208392602,0.8196721311479508,1.0
2016-08-02,0.2465744400527009,1.0,0.9523809523809523,6.966927035029358e-11,0.9999999999293308,1,4.923474960462423e-21,0.33751205400260376,1.0,1e-06,0.8983418051370832,Utsuroi,0.23460114208392602,0.8196721311479508,1.0
2016-08-03,0.22356797791580402,1.0,0.9523809523809523,5.516187506613418e-11,0.9999999999438381,1,3.0979931156893348e-21,0.33751205400260376,1.0,1e-06,1.0,Utsuroi,0.23460114208392602,0.8196721311479508,1.0
2016-08-04,0.24314135140222096,1.0,0.9523809523809523,0.0,0.0,0,0.0,0.33751205400260376,0.0,1e-06,1.0,Utsuroi,0.23460114208392602,0.8196721311479508,1.0
2016-08-05,0.24593073593073594,2.0,0.48780487804878053,4.7480908092969376e-11,0.9999999999515191,1,2.3019164911223896e-21,0.6589521054329959,1.0,1e-06,0.05841767180693058,Katashi,0.23460114208392602,0.8196721311479508,1.0
2016-08-08,0.24485789572746097,1.0,0.9523809523809523,0.0,0.0,0,0.0,0.33751205400260376,0.0,1e-06,0.29257939037860414,Utsuroi,0.23460114208392602,0.8196721311479508,1.0
2016-08-09,0.20258799171842645,1.0,0.9523809523809523,0.0,0.0,0,0.0,0.33751205400260376,0.0,1e-06,1.0,Utsuroi,0.23460114208392602,0.8196721311479508,1.0
2016-08-10,0.20664094359746532,2.0,0.48780487804878053,0.0,0.0,0,0.0,0.6589521054329959,0.0,1e-06,0.011806891800632657,Katashi,0.23460114208392602,0.8196721311479508,1.0
2016-08-11,0.20718928414580592,2.0,0.48780487804878053,0.0,0.0,0,0.0,0.6589521054329959,0.0,1e-06,1.0,Katashi,0.23460114208392602,0.8196721311479508,1.0
2016-08-12,0.21610577827969135,2.0,0.48780487804878053,0.0,0.0,0,0.0,0.6589521054329959,0.0,1e-06,1.0,Katashi,0.23460114208392602,0.8196721311479508,1.0
2016-08-15,0.22640504423113117,2.0,0.48780487804878053,2.3832158468598255e-11,0.9999999999751679,1,5.918034085399742e-22,0.6589521054329959,1.0,1e-06,0.5934596063203189,Katashi,0.23460114208392602,0.8196721311479508,1.0
2016-08-16,0.24616914486479707,2.0,0.48780487804878053,6.732780999152183e-11,0.9999999999316722,1,4.6003603189961525e-21,0.6589521054329959,1.0,1e-06,1.0,Katashi,0.23460114208392602,0.8196721311479508,1.0
2016-08-17,0.2406857393813916,2.0,0.48780487804878053,2.4326984870661276e-11,0.999999999974673,1,6.161286396210834e-22,0.6589521054329959,1.0,1e-06,1.0,Katashi,0.23460114208392602,0.8196721311479508,1.0
2016-08-18,0.23820628646715597,1.5,0.6451612903225806,3.2304825480778854e-11,0.9999999999666952,1,1.0759058602039497e-21,0.49823207971788014,1.0,1e-06,0.14857959043984192,Utsuroi,0.23460114208392602,0.8196721311479508,1.0
2016-08-19,0.2583280005019135,2.5,0.3921568627450981,1.8125279055242994e-11,0.9999999999808747,1,3.4665061892662876e-22,0.8196721311479508,1.0,1e-06,0.06226111882639984,Katashi,0.23460114208392602,0.8196721311479508,1.0
2016-08-22,0.2671014492753623,2.5,0.3921568627450981,2.1864621224404472e-11,0.9999999999771354,1,4.999257988337562e-22,0.8196721311479508,1.0,1e-06,1.0,Katashi,0.23460114208392602,0.8196721311479508,1.0
2016-08-23,0.25572934312064743,2.0,0.48780487804878053,1.0001766081502686e-10,0.9999999998989824,1,1.0103547923672355e-20,0.6589521054329959,1.0,1e-06,0.09041404682626175,Katashi,0.23460114208392602,0.8196721311479508,1.0
2016-08-24,0.20969257795344756,0.5,1.8181818181818181,6.320188816538077e-11,0.9999999999357981,1,4.057679157830421e-21,0.17679202828716653,1.0,1e-06,0.5928051972583753,Utsuroi,0.23460114208392602,0.8196721311479508,1.0
2016-08-25,0.20499592195244373,1.5,0.6451612903225806,3.017552874191891e-11,0.9999999999688245,1,9.407373960763408e-22,0.49823207971788014,1.0,1e-06,0.1878299062864024,Utsuroi,0.23460114208392602,0.8196721311479508,1.0
2016-08-26,0.21264884873580528,0.5,1.8181818181818181,1.9988011245921723e-11,0.999999999979012,1,4.195081626482167e-22,0.17679202828716653,1.0,1e-06,0.6195865003114482,Utsuroi,0.23460114208392602,0.8196721311479508,1.0
2016-08-29,0.23718112805069327,2.0,0.48780487804878053,1.2212009181580092e-11,0.999999999986788,1,1.6134490728298709e-22,0.6589521054329959,1.0,1e-06,0.1135349275361135,Katashi,0.23460114208392602,0.8196721311479508,1.0
2016-08-30,0.23701424179685052,2.0,0.48780487804878053,7.210787522604721e-12,0.9999999999917892,1,5.920608470397267e-23,0.6589521054329959,1.0,1e-06,1.0,Katashi,0.23460114208392602,0.8196721311479508,1.0
2016-08-31,0.2591147499843152,2.0,0.48780487804878053,1.3580137014806662e-11,0.9999999999854199,1,1.9799995794117505e-22,0.6589521054329959,1.0,1e-06,1.0,Katashi,0.23460114208392602,0.8196721311479508,1.0
2016-09-01,0.24638371290545208,2.0,0.48780487804878053,1.1539480481592599e-10,0.9999999998836052,1,1.3431353231371619e-20,0.6589521054329959,1.0,1e-06,1.0,Katashi,0.23460114208392602,0.8196721311479508,1.0
2016-09-02,0.27332392245435727,2.0,0.48780487804878053,0.0,0.0,0,0.0,0.6589521054329959,0.0,1e-06,1.0,Katashi,0.23460114208392602,0.8196721311479508,1.0
2016-09-06,0.283384779471736,2.0,0.48780487804878053,0.0,0.0,0,0.0,0.6589521054329959,0.0,1e-06,1.0,Katashi,0.23460114208392602,0.8196721311479508,1.0
2016-09-07,0.2888205031683293,2.5,0.3921568627450981,0.0,0.0,0,0.0,0.8196721311479508,0.0,1e-06,0.0028649806068291594,Katashi,0.23460114208392602,0.8196721311479508,1.0
2016-09-08,0.27637555681033943,2.0,0.48780487804878053,0.0,0.0,0,0.0,0.6589521054329959,0.0,1e-06,0.004429410850176896,Katashi,0.23460114208392602,0.8196721311479508,1.0
2016-09-09,0.2954005897484159,2.0,0.48780487804878053,0.0,0.0,0,0.0,0.6589521054329959,0.0,1e-06,1.0,Katashi,0.23460114208392602,0.8196721311479508,1.0
2016-09-12,0.30600978731413514,3.0,0.3278688524590164,0.0,0.0,0,0.0,0.9803921568627452,0.0,0.08072099571479442,0.0017216396294629233,Katashi,0.23460114208392602,0.8196721311479508,1.0
2016-09-13,0.34551414768806077,1.0,0.9523809523809523,0.0,0.0,0,0.0,0.33751205400260376,0.0,0.0782993658433506,0.03490178301612756,Utsuroi,0.23460114208392602,0.8196721311479508,1.0
2016-09-14,0.3468492377188029,2.0,0.48780487804878053,0.0,0.0,0,0.0,0.6589521054329959,0.0,0.07595038486805007,0.011806891800632657,Katashi,0.23460114208392602,0.8196721311479508,1.0
2016-09-15,0.3359777903256165,2.0,0.48780487804878053,0.0,0.0,0,0.0,0.6589521054329959,0.0,0.07367187332200857,1.0,Katashi,0.23460114208392602,0.8196721311479508,1.0
2016-09-16,0.32737122780601047,2.0,0.48780487804878053,0.0,0.0,0,0.0,0.6589521054329959,0.0,0.0714617171223483,1.0,Katashi,0.23460114208392602,0.8196721311479508,1.0
2016-09-19,0.3374320848233892,2.0,0.48780487804878053,0.0,0.0,0,0.0,0.6589521054329959,0.0,0.06931786560867785,1.0,Katashi,0.23460114208392602,0.8196721311479508,1.0
2016-09-20,0.34448898927159805,2.0,0.48780487804878053,0.0,0.0,0,0.0,0.6589521054329959,0.0,0.06723832964041751,1.0,Katashi,0.23460114208392602,0.8196721311479508,1.0
2016-09-21,0.3680914737436477,1.5,0.6451612903225806,0.0,0.0,0,0.0,0.49823207971788014,0.0,0.06522117975120498,0.012787609472986183,Utsuroi,0.23460114208392602,0.8196721311479508,1.0
2016-09-22,0.3745523558567037,2.0,0.48780487804878053,3.3386515773634535e-11,0.9999999999656135,1,1.148045212729346e-21,0.6589521054329959,1.0,0.06326454435866882,0.2073173360607481,Katashi,0.23460114208392602,0.8196721311479508,1.0
2016-09-23,0.39681975029801114,2.0,0.48780487804878053,5.093381272168271e-11,0.9999999999480662,1,2.6451859644142422e-21,0.6589521054329959,1.0,0.061366608027908755,1.0,Katashi,0.23460114208392602,0.8196721311479508,1.0
2016-09-26,0.42175732480080314,2.0,0.48780487804878053,5.136973067817398e-10,0.9999999994853027,1,2.6439860900576894e-19,0.6589521054329959,1.0,0.05952560978707149,1.0,Katashi,0.23460114208392602,0.8196721311479508,1.0
2016-09-27,0.4183957588305415,2.0,0.48780487804878053,2.1443402608871233e-11,0.9999999999775566,1,4.812624436954557e-22,0.6589521054329959,1.0,0.05773984149345934,1.0,Katashi,0.23460114208392602,0.8196721311479508,1.0
2016-09-28,0.4009680657506745,2.0,0.48780487804878053,0.5437999203110098,0.7662230756952164,2,0.12712787280749427,0.6589521054329959,2.0,0.05600764624865556,0.28186676785338904,Katashi,0.23460114208392602,0.8196721311479508,1.0
2016-09-29,0.4001813162682728,2.0,0.48780487804878053,0.66975768521865,0.607718527698668,2,0.2627335308427041,0.6589521054329959,2.0,0.054327416861195896,0.2389869880640444,Katashi,0.23460114208392602,0.8196721311479508,1.0
2016-09-30,0.3902635046113309,1.5,0.6451612903225806,1.0195533305970753e-10,0.9999999998970447,1,1.0496843017488558e-20,0.49823207971788014,1.0,0.05269759435536002,0.7375696327028798,Utsuroi,0.23460114208392602,0.8196721311479508,1.0
2016-10-03,0.3728358115314637,2.0,0.48780487804878053,1.2915757351669267e-10,0.9999999998698424,1,1.6810833514142836e-20,0.6589521054329959,1.0,0.05111666652469922,0.09306531693657372,Katashi,0.23460114208392602,0.8196721311479508,1.0
2016-10-04,0.3870449840015057,2.0,0.48780487804878053,0.0,0.0,0,0.0,0.6589521054329959,0.0,0.04958316652895824,1.0,Katashi,0.23460114208392602,0.8196721311479508,1.0
2016-10-05,0.3703801995106343,2.0,0.48780487804878053,0.0,0.0,0,0.0,0.6589521054329959,0.0,0.048095671533089496,1.0,Katashi,0.23460114208392602,0.8196721311479508,1.0
2016-10-06,0.36174979609762226,2.0,0.48780487804878053,0.0,0.0,0,0.0,0.6589521054329959,0.0,0.04665280138709681,1.0,Katashi,0.23460114208392602,0.8196721311479508,1.0
2016-10-07,0.36468753219362426,2.0,0.48780487804878053,0.0,0.0,0,0.0,0.6589521054329959,0.0,0.045253217345483904,1.0,Katashi,0.23460114208392602,0.8196721311479508,1.0
2016-10-10,0.3777406401808222,3.0,0.3278688524590164,0.0,0.0,0,0.0,0.9803921568627452,0.0,0.1246156465399138,0.0017216396294629233,Katashi,0.23460114208392602,0.8196721311479508,1.0
2016-10-11,0.3476043974287957,3.0,0.3278688524590164,0.0,0.0,0,0.0,0.9803921568627452,0.0,0.2015972028585108,1.0,Katashi,0.23460114208392602,0.8196721311479508,1.0
2016-10-12,0.35678326933167753,2.0,0.48780487804878053,0.0,0.0,0,0.0,0.6589521054329959,0.0,0.19554928677275546,0.003806676760774619,Katashi,0.23460114208392602,0.8196721311479508,1.0
2016-10-13,0.324441053728705,1.0,0.9523809523809523,0.0,0.0,0,0.0,0.33751205400260376,0.0,0.18968280816957278,0.04412457397714464,Utsuroi,0.23460114208392602,0.8196721311479508,1.0
2016-10-14,0.3196850076077737,2.0,0.48780487804878053,0.0,0.0,0,0.0,0.6589521054329959,0.0,0.18399232392448558,0.011806891800632657,Katashi,0.23460114208392602,0.8196721311479508,1.0
2016-10-17,0.33900851297630763,2.0,0.48780487804878053,0.0,0.0,0,0.0,0.6589521054329959,0.0,0.178472554206751,1.0,Katashi,0.23460114208392602,0.8196721311479508,1.0
2016-10-18,0.37002639742083204,2.0,0.48780487804878053,0.0,0.0,0,0.0,0.6589521054329959,0.0,0.1731183775805485,1.0,Katashi,0.23460114208392602,0.8196721311479508,1.0
2016-10-19,0.3866221574581848,3.0,0.3278688524590164,0.0,0.0,0,0.0,0.9803921568627452,0.0,0.24864485196792646,0.0017216396294629233,Katashi,0.23460114208392602,0.8196721311479508,1.0
2016-10-20,0.37824220800058356,2.0,0.48780487804878053,0.0,0.0,0,0.0,0.6589521054329959,0.0,0.24118550640888867,0.003806676760774619,Katashi,0.23460114208392602,0.8196721311479508,1.0
2016-10-21,0.3484627840654154,2.0,0.48780487804878053,0.0,0.0,0,0.0,0.6589521054329959,0.0,0.233949941216622,1.0,Katashi,0.23460114208392602,0.8196721311479508,1.0
2016-10-24,0.33569717415591066,2.0,0.48780487804878053,5.365841104627009e-11,0.9999999999453416,1,2.9328823001205257e-21,0.6589521054329959,1.0,0.22693144298012333,0.5934596063203189,Katashi,0.23460114208392602,0.8196721311479508,1.0
2016-10-25,0.3154551715180077,2.0,0.48780487804878053,0.6498949450448915,0.6459879417335818,2,0.23007064715228281,0.6589521054329959,2.0,0.22012349969071962,0.17549314654120896,Katashi,0.23460114208392602,0.8196721311479508,1.0
2016-10-26,0.34542392871113414,2.0,0.48780487804878053,3.37893046869546e-11,0.9999999999652107,1,1.1755056684576961e-21,0.6589521054329959,1.0,0.21351979469999802,0.8748377202322897,Katashi,0.23460114208392602,0.8196721311479508,1.0
2016-10-27,0.3331804616389226,2.0,0.48780487804878053,0.0,0.0,0,0.0,0.6589521054329959,0.0,0.20711420085899807,1.0,Katashi,0.23460114208392602,0.8196721311479508,1.0
2016-10-28,0.3198636358635552,2.0,0.48780487804878053,2.8410496177423305e-11,0.9999999999705895,1,8.355661607480355e-22,0.6589521054329959,1.0,0.20090077483322813,0.5934596063203189,Katashi,0.23460114208392602,0.8196721311479508,1.0
2016-10-31,0.3250492355592074,2.0,0.48780487804878053,1.316002862229454e-11,0.99999999998584,1,1.8634609084074885e-22,0.6589521054329959,1.0,0.19487375158823128,1.0,Katashi,0.23460114208392602,0.8196721311479508,1.0
2016-11-01,0.3276482902325901,2.0,0.48780487804878053,2.6663227181318097e-11,0.9999999999723368,1,7.375903210776377e-22,0.6589521054329959,1.0,0.18902753904058434,1.0,Katashi,0.23460114208392602,0.8196721311479508,1.0
2016-11-02,0.33233013363448144,1.0,0.9523809523809523,1.4382384172388782e-11,0.9999999999846176,1,2.2123504049318514e-22,0.33751205400260376,1.0,0.1833567128693668,0.27282689717922226,Utsuroi,0.23460114208392602,0.8196721311479508,1.0
2016-11-03,0.33180563397954704,2.0,0.48780487804878053,2.2229662554892813e-11,0.9999999999767704,1,5.163870681069097e-22,0.6589521054329959,1.0,0.1778560114832858,0.09715435546482021,Katashi,0.23460114208392602,0.8196721311479508,1.0
2016-11-04,0.3202666415709894,2.0,0.48780487804878053,1.749111966358903e-11,0.9999999999815089,1,3.234299998189076e-22,0.6589521054329959,1.0,0.17252033113878723,1.0,Katashi,0.23460114208392602,0.8196721311479508,1.0
2016-11-07,0.3350479954827781,2.0,0.48780487804878053,1.54599666400728e-11,0.99999999998354,1,2.5447019315326816e-22,0.6589521054329959,1.0,0.1673447212046236,1.0,Katashi,0.23460114208392602,0.8196721311479508,1.0
2016-11-08,0.33340297383775647,2.0,0.48780487804878053,1.9455215216415148e-11,0.9999999999795448,1,3.979601839546812e-22,0.6589521054329959,1.0,0.1623243795684849,1.0,Katashi,0.23460114208392602,0.8196721311479508,1.0
2016-11-09,0.30534224229876405,1.0,0.9523809523809523,7.540168489291911e-11,0.9999999999235983,1,5.7608141017890445e-21,0.33751205400260376,1.0,0.15745464818143035,0.27282689717922226,Utsuroi,0.23460114208392602,0.8196721311479508,1.0
2016-11-10,0.3135673505238723,1.0,0.9523809523809523,0.0,0.0,0,0.0,0.33751205400260376,0.0,0.15273100873598744,1.0,Utsuroi,0.23460114208392602,0.8196721311479508,1.0
2016-11-11,0.3290877721312504,1.0,0.9523809523809523,0.0,0.0,0,0.0,0.33751205400260376,0.0,0.14814907847390782,1.0,Utsuroi,0.23460114208392602,0.8196721311479508,1.0
2016-11-14,0.3293977037455299,2.0,0.48780487804878053,0.0,0.0,0,0.0,0.6589521054329959,0.0,0.14370460611969058,0.011806891800632657,Katashi,0.23460114208392602,0.8196721311479508,1.0
2016-11-15,0.37486228747098316,2.0,0.48780487804878053,0.0,0.0,0,0.0,0.6589521054329959,0.0,0.13939346793609986,1.0,Katashi,0.23460114208392602,0.8196721311479508,1.0
2016-11-16,0.3698318589622938,3.0,0.3278688524590164,4.020783705897613e-11,0.9999999999587922,1,1.6568771085877503e-21,0.9803921568627452,1.0,0.21593168961281128,0.10032437353374613,Katashi,0.23460114208392602,0.8196721311479508,1.0
2016-11-17,0.3302559759081498,0.0,20.0,2.242761532017886e-11,0.9999999999765724,1,5.254250481388148e-22,0.016072002571568628,1.0,0.20945373892442695,0.2023583827307862,Utsuroi,0.23460114208392602,0.8196721311479508,1.0
2016-11-18,0.30999121651295564,1.0,0.9523809523809523,1.6671330982220636e-11,0.9999999999823287,1,2.94604238905047e-22,0.33751205400260376,1.0,0.20317012675669413,0.9709382428460903,Utsuroi,0.23460114208392602,0.8196721311479508,1.0
2016-11-21,0.3294692264257482,1.0,0.9523809523809523,3.8166247939074976e-11,0.9999999999608338,1,1.494827885412219e-21,0.33751205400260376,1.0,0.1970750229539933,1.0,Utsuroi,0.23460114208392602,0.8196721311479508,1.0
2016-11-22,0.3266560010038271,1.5,0.6451612903225806,3.8116687576719676e-10,0.9999999996178331,1,1.4566934565366067e-19,0.49823207971788014,1.0,0.19116277226537348,0.15932618274669408,Utsuroi,0.23460114208392602,0.8196721311479508,1.0
2016-11-23,0.3087991718426502,2.0,0.48780487804878053,3.1858071735684464e-11,0.999999999967142,1,1.0467941017135373e-21,0.6589521054329959,1.0,0.18542788909741229,0.09306531693657372,Katashi,0.23460114208392602,0.8196721311479508,1.0
2016-11-25,0.3056998556998557,2.0,0.48780487804878053,0.0,0.0,0,0.0,0.6589521054329959,0.0,0.1798650524244899,1.0,Katashi,0.23460114208392602,0.8196721311479508,1.0
2016-11-28,0.29504297634732424,1.5,0.6451612903225806,9.47101286240259e-11,0.9999999999042899,1,9.064716497886344e-21,0.49823207971788014,1.0,0.1744691008517552,0.9658273350358348,Utsuroi,0.23460114208392602,0.8196721311479508,1.0
2016-11-29,0.2960919756571931,2.0,0.48780487804878053,0.0,0.0,0,0.0,0.6589521054329959,0.0,0.16923502782620256,0.5224904407507622,Katashi,0.23460114208392602,0.8196721311479508,1.0
2016-11-30,0.2931833866616475,1.0,0.9523809523809523,2.8875823949968494e-10,0.9999999997102418,1,8.367007274275003e-20,0.33751205400260376,1.0,0.1641579769914165,0.8983418051370832,Utsuroi,0.23460114208392602,0.8196721311479508,1.0
2016-12-01,0.3033157663592447,1.0,0.9523809523809523,0.683076826739148,0.5708396222099418,2,0.2931495090230069,0.33751205400260376,2.0,0.159233237681674,0.05702122266621268,Utsuroi,0.23460114208392602,0.8196721311479508,1.0
2016-12-02,0.2983807014241797,2.0,0.48780487804878053,0.0,0.0,0,0.0,0.6589521054329959,0.0,0.15445624055122378,0.761076088654012,Katashi,0.23460114208392602,0.8196721311479508,1.0
2016-12-05,0.2982138151703369,2.0,0.48780487804878053,0.0,0.0,0,0.0,0.6589521054329959,0.0,0.14982255333468705,1.0,Katashi,0.23460114208392602,0.8196721311479508,1.0
2016-12-06,0.31744213204360383,2.0,0.48780487804878053,0.0,0.0,0,0.0,0.6589521054329959,0.0,0.14532787673464645,1.0,Katashi,0.23460114208392602,0.8196721311479508,1.0
2016-12-07,0.3479486796594819,2.0,0.48780487804878053,0.0,0.0,0,0.0,0.6589521054329959,0.0,0.14096804043260705,1.0,Katashi,0.23460114208392602,0.8196721311479508,1.0
2016-12-08,0.3392483483019711,2.0,0.48780487804878053,0.0,0.0,0,0.0,0.6589521054329959,0.0,0.13673899921962884,1.0,Katashi,0.23460114208392602,0.8196721311479508,1.0
2016-12-09,0.32925556188864363,2.0,0.48780487804878053,0.0,0.0,0,0.0,0.6589521054329959,0.0,0.13263682924303996,1.0,Katashi,0.23460114208392602,0.8196721311479508,1.0
2016-12-12,0.33719083065391586,1.0,0.9523809523809523,0.0,0.0,0,0.0,0.33751205400260376,0.0,0.12865772436574877,0.04412457397714464,Utsuroi,0.23460114208392602,0.8196721311479508,1.0
2016-12-13,0.3215971603282358,2.0,0.48780487804878053,1.0809142469385773e-10,0.9999999998909086,1,1.179184512651667e-20,0.6589521054329959,1.0,0.1247979926347763,0.05841767180693058,Katashi,0.23460114208392602,0.8196721311479508,1.0
2016-12-14,0.32283834312998655,2.0,0.48780487804878053,1.0809142469385773e-10,0.9999999998909086,1,1.179184512651667e-20,0.6589521054329959,1.0,0.12105405285573301,1.0,Katashi,0.23460114208392602,0.8196721311479508,1.0
2016-12-15,0.32402383424944375,2.0,0.48780487804878053,5.1907700358832845e-11,0.9999999999470923,1,2.7463159086862134e-21,0.6589521054329959,1.0,0.11742243127006101,1.0,Katashi,0.23460114208392602,0.8196721311479508,1.0
2016-12-16,0.2883740662826574,2.0,0.48780487804878053,2.8658742045722158e-11,0.9999999999703413,1,8.49981603720885e-22,0.6589521054329959,1.0,0.11389975833195917,1.0,Katashi,0.23460114208392602,0.8196721311479508,1.0
2016-12-19,0.27399291035255713,2.0,0.48780487804878053,1.2018497307740468e-10,0.999999999878815,1,1.4564610068878e-20,0.6589521054329959,1.0,0.11048276558200039,1.0,Katashi,0.23460114208392602,0.8196721311479508,1.0
2016-12-20,0.27904765887585214,1.0,0.9523809523809523,4.3758807678858585e-10,0.999999999561412,1,1.9192090338620782e-19,0.33751205400260376,1.0,0.10716828261454038,0.27282689717922226,Utsuroi,0.23460114208392602,0.8196721311479508,1.0
2016-12-21,0.27092965752915416,2.0,0.48780487804878053,0.0,0.0,0,0.0,0.6589521054329959,0.0,0.10395323413610416,0.2686618444260084,Katashi,0.23460114208392602,0.8196721311479508,1.0
2016-12-22,0.2732189888054336,1.0,0.9523809523809523,0.0,0.0,0,0.0,0.33751205400260376,0.0,0.10083463711202104,0.04412457397714464,Utsuroi,0.23460114208392602,0.8196721311479508,1.0
2016-12-23,0.2798428794842681,2.0,0.48780487804878053,0.0,0.0,0,0.0,0.6589521054329959,0.0,0.0978095979986604,0.011806891800632657,Katashi,0.23460114208392602,0.8196721311479508,1.0
2016-12-27,0.2718410958269012,2.0,0.48780487804878053,0.0,0.0,0,0.0,0.6589521054329959,0.0,0.09487531005870059,1.0,Katashi,0.23460114208392602,0.8196721311479508,1.0
2016-12-28,0.2674528766093331,1.0,0.9523809523809523,0.0,0.0,0,0.0,0.33751205400260376,0.0,0.09202905075693957,0.04412457397714464,Utsuroi,0.23460114208392602,0.8196721311479508,1.0
2016-12-29,0.290090448791827,2.0,0.48780487804878053,0.0,0.0,0,0.0,0.6589521054329959,0.0,0.08926817923423137,0.011806891800632657,Katashi,0.23460114208392602,0.8196721311479508,1.0
2016-12-30,0.31712720856553905,1.0,0.9523809523809523,1.4512058221662997e-11,0.999999999984488,1,2.251115710206479e-22,0.33751205400260376,1.0,0.08659013385720443,0.8983418051370832,Utsuroi,0.23460114208392602,0.8196721311479508,1.0
2017-01-03,0.3537852791157514,1.0,0.9523809523809523,4.151656796034948e-11,0.9999999999574835,1,1.7651410647862722e-21,0.33751205400260376,1.0,0.0839924298414883,1.0,Utsuroi,0.23460114208392602,0.8196721311479508,1.0
2017-01-04,0.3316880186814585,1.0,0.9523809523809523,4.252198593140676e-11,0.999999999956478,1,1.85064033286294e-21,0.33751205400260376,1.0,0.08147265694624366,1.0,Utsuroi,0.23460114208392602,0.8196721311479508,1.0
2017-01-05,0.33922312815331546,2.0,0.48780487804878053,0.0,0.0,0,0.0,0.6589521054329959,0.0,0.07902847723785635,0.2686618444260084,Katashi,0.23460114208392602,0.8196721311479508,1.0
2017-01-06,0.3424775346778963,3.0,0.3278688524590164,0.0,0.0,0,0.0,0.9803921568627452,0.0,0.15737764863551507,0.0017216396294629233,Katashi,0.23460114208392602,0.8196721311479508,1.0
2017-01-09,0.32973147625321547,2.0,0.48780487804878053,0.0,0.0,0,0.0,0.6589521054329959,0.0,0.15265631917644962,0.003806676760774619,Katashi,0.23460114208392602,0.8196721311479508,1.0
2017-01-10,0.30057406361754196,2.0,0.48780487804878053,0.0,0.0,0,0.0,0.6589521054329959,0.0,0.1480766296011561,1.0,Katashi,0.23460114208392602,0.8196721311479508,1.0
2017-01-11,0.31187464709203844,2.0,0.48780487804878053,0.0,0.0,0,0.0,0.6589521054329959,0.0,0.14363433071312143,1.0,Katashi,0.23460114208392602,0.8196721311479508,1.0
2017-01-12,0.31251835121400345,2.0,0.48780487804878053,0.0,0.0,0,0.0,0.6589521054329959,0.0,0.13932530079172778,1.0,Katashi,0.23460114208392602,0.8196721311479508,1.0
2017-01-13,0.30877533094924403,2.0,0.48780487804878053,0.0,0.0,0,0.0,0.6589521054329959,0.0,0.13514554176797594,1.0,Katashi,0.23460114208392602,0.8196721311479508,1.0
2017-01-17,0.2929926595143987,2.0,0.48780487804878053,0.0,0.0,0,0.0,0.6589521054329959,0.0,0.13109117551493665,1.0,Katashi,0.23460114208392602,0.8196721311479508,1.0
2017-01-18,0.2496499153020892,1.0,0.9523809523809523,0.0,0.0,0,0.0,0.33751205400260376,0.0,0.12715844024948855,0.04412457397714464,Utsuroi,0.23460114208392602,0.8196721311479508,1.0
2017-01-19,0.2646935190413452,2.0,0.48780487804878053,0.0,0.0,0,0.0,0.6589521054329959,0.0,0.1233436870420039,0.011806891800632657,Katashi,0.23460114208392602,0.8196721311479508,1.0
2017-01-20,0.24993640331555464,2.0,0.48780487804878053,0.0,0.0,0,0.0,0.6589521054329959,0.0,0.11964337643074377,1.0,Katashi,0.23460114208392602,0.8196721311479508,1.0
2017-01-23,0.2791553070057387,1.0,0.9523809523809523,0.0,0.0,0,0.0,0.33751205400260376,0.0,0.11605407513782146,0.04412457397714464,Utsuroi,0.23460114208392602,0.8196721311479508,1.0
2017-01-24,0.2722510822510823,2.0,0.48780487804878053,0.0,0.0,0,0.0,0.6589521054329959,0.0,0.11257245288368681,0.011806891800632657,Katashi,0.23460114208392602,0.8196721311479508,1.0
2017-01-25,0.24638371290545205,2.0,0.48780487804878053,0.0,0.0,0,0.0,0.6589521054329959,0.0,0.1091952792971762,1.0,Katashi,0.23460114208392602,0.8196721311479508,1.0
2017-01-26,0.24750423489553924,2.0,0.48780487804878053,0.0,0.0,0,0.0,0.6589521054329959,0.0,0.10591942091826091,1.0,Katashi,0.23460114208392602,0.8196721311479508,1.0
2017-01-27,0.24903005207353038,1.0,0.9523809523809523,0.0,0.0,0,0.0,0.33751205400260376,0.0,0.10274183829071308,0.04412457397714464,Utsuroi,0.23460114208392602,0.8196721311479508,1.0
2017-01-30,0.2538220716481586,1.0,0.9523809523809523,5.069458185278414e-10,0.9999999994920542,1,2.575009975922755e-19,0.33751205400260376,1.0,0.09965958314199169,0.3509437882530295,Utsuroi,0.23460114208392602,0.8196721311479508,1.0
2017-01-31,0.24609762218457876,1.0,0.9523809523809523,0.0,0.0,0,0.0,0.33751205400260376,0.0,0.09666979564773194,1.0,Utsuroi,0.23460114208392602,0.8196721311479508,1.0
2017-02-01,0.23954137649789828,1.5,0.6451612903225806,0.0,0.0,0,0.0,0.49823207971788014,0.0,0.09376970177829998,0.02524816240564065,Utsuroi,0.23460114208392602,0.8196721311479508,1.0
2017-02-02,0.21145680406549971,1.5,0.6451612903225806,0.0,0.0,0,0.0,0.49823207971788014,0.0,0.09095661072495098,1.0,Utsuroi,0.23460114208392602,0.8196721311479508,1.0
2017-02-03,0.17247694334650857,2.0,0.48780487804878053,0.0,0.0,0,0.0,0.6589521054329959,0.0,0.08822791240320245,0.007331309825758914,Katashi,0.23460114208392602,0.8196721311479508,1.0
2017-02-06,0.16623062927410756,2.0,0.48780487804878053,0.0,0.0,0,0.0,0.6589521054329959,0.0,0.08558107503110637,1.0,Katashi,0.23460114208392602,0.8196721311479508,1.0
2017-02-07,0.13945730597904513,1.0,0.9523809523809523,0.0,0.0,0,0.0,0.33751205400260376,0.0,0.08301364278017317,0.04412457397714464,Utsuroi,0.23460114208392602,0.8196721311479508,1.0
2017-02-08,0.13871823828345567,1.0,0.9523809523809523,0.0,0.0,0,0.0,0.33751205400260376,0.0,0.08052323349676797,1.0,Utsuroi,0.23460114208392602,0.8196721311479508,1.0
2017-02-09,0.1378838070142418,2.0,0.48780487804878053,3.0488611634853393e-11,0.9999999999685114,1,9.600433766103376e-22,0.6589521054329959,1.0,0.07810753649186493,0.05841767180693058,Katashi,0.23460114208392602,0.8196721311479508,1.0
2017-02-10,0.165682288725767,2.0,0.48780487804878053,2.9672819756384187e-11,0.9999999999693272,1,9.101483956513776e-22,0.6589521054329959,1.0,0.07576431039710899,1.0,Katashi,0.23460114208392602,0.8196721311479508,1.0
2017-02-13,0.1535711148754627,2.0,0.48780487804878053,6.443223732119062e-11,0.9999999999345678,1,4.215944018321397e-21,0.6589521054329959,1.0,0.07349138108519572,1.0,Katashi,0.23460114208392602,0.8196721311479508,1.0
2017-02-14,0.15714724888637932,2.0,0.48780487804878053,0.0,0.0,0,0.0,0.6589521054329959,0.0,0.07128663965263984,1.0,Katashi,0.23460114208392602,0.8196721311479508,1.0
2017-02-15,0.1634889265324048,2.0,0.48780487804878053,0.0,0.0,0,0.0,0.6589521054329959,0.0,0.06914804046306065,1.0,Katashi,0.23460114208392602,0.8196721311479508,1.0
2017-02-16,0.18592320722755507,1.0,0.9523809523809523,0.0,0.0,0,0.0,0.33751205400260376,0.0,0.06707359924916884,0.04412457397714464,Utsuroi,0.23460114208392602,0.8196721311479508,1.0
2017-02-17,0.16782796913231698,1.0,0.9523809523809523,0.0,0.0,0,0.0,0.33751205400260376,0.0,0.06506139127169377,1.0,Utsuroi,0.23460114208392602,0.8196721311479508,1.0
2017-02-21,0.16818558253340865,1.0,0.9523809523809523,3.988465113652101e-11,0.9999999999591154,1,1.6306691651347327e-21,0.33751205400260376,1.0,0.06310954953354296,0.3509437882530295,Utsuroi,0.23460114208392602,0.8196721311479508,1.0
2017-02-22,0.16754187841144363,2.0,0.48780487804878053,6.035072441601989e-11,0.9999999999386493,1,3.702559327006112e-21,0.6589521054329959,1.0,0.06121626304753667,0.09715435546482021,Katashi,0.23460114208392602,0.8196721311479508,1.0
2017-02-23,0.15156847982934943,2.0,0.48780487804878053,6.5847327590235396e-12,0.9999999999924153,1,4.9943292601352234e-23,0.6589521054329959,1.0,0.059379775156110565,1.0,Katashi,0.23460114208392602,0.8196721311479508,1.0
2017-02-24,0.15199761591065938,2.0,0.48780487804878053,4.15434353583209e-12,0.9999999999948457,1,2.141282184837008e-23,0.6589521054329959,1.0,0.05759838190142725,1.0,Katashi,0.23460114208392602,0.8196721311479508,1.0
2017-02-27,0.16911537737624696,1.0,0.9523809523809523,1.541622385290329e-11,0.9999999999835838,1,2.530758407044078e-22,0.33751205400260376,1.0,0.05587043044438443,0.27282689717922226,Utsuroi,0.23460114208392602,0.8196721311479508,1.0
2017-02-28,0.18969006838572058,2.0,0.48780487804878053,2.6104118866132177e-11,0.9999999999728959,1,7.0752856318485385e-22,0.6589521054329959,1.0,0.054194317531052895,0.09715435546482021,Katashi,0.23460114208392602,0.8196721311479508,1.0
2017-03-01,0.20859589685676644,2.0,0.48780487804878053,4.94246421444734e-10,0.9999999995047536,1,2.447737606594008e-19,0.6589521054329959,1.0,0.05256848800512131,1.0,Katashi,0.23460114208392602,0.8196721311479508,1.0
2017-03-02,0.2378248321726583,2.0,0.48780487804878053,3.7515912591632055e-10,0.9999999996238409,1,1.4111952061159032e-19,0.6589521054329959,1.0,0.05099143336496767,1.0,Katashi,0.23460114208392602,0.8196721311479508,1.0
2017-03-03,0.23069640504423114,2.0,0.48780487804878053,0.0,0.0,0,0.0,0.6589521054329959,0.0,0.04946169036401864,1.0,Katashi,0.23460114208392602,0.8196721311479508,1.0
2017-03-06,0.22928979233327065,1.0,0.9523809523809523,0.0,0.0,0,0.0,0.33751205400260376,0.0,0.04797783965309808,0.04412457397714464,Utsuroi,0.23460114208392602,0.8196721311479508,1.0
2017-03-07,0.23334274421230944,2.0,0.48780487804878053,0.0,0.0,0,0.0,0.6589521054329959,0.0,0.04653850446350513,0.011806891800632657,Katashi,0.23460114208392602,0.8196721311479508,1.0
2017-03-08,0.25124725516029867,2.0,0.48780487804878053,0.0,0.0,0,0.0,0.6589521054329959,0.0,0.04514234932959998,1.0,Katashi,0.23460114208392602,0.8196721311479508,1.0
2017-03-09,0.2859119141727838,2.0,0.48780487804878053,0.0,0.0,0,0.0,0.6589521054329959,0.0,0.043788078849711976,1.0,Katashi,0.23460114208392602,0.8196721311479508,1.0
2017-03-10,0.2940893406110797,2.0,0.48780487804878053,0.0,0.0,0,0.0,0.6589521054329959,0.0,0.04247443648422061,1.0,Katashi,0.23460114208392602,0.8196721311479508,1.0
2017-03-13,0.2781636238157978,1.0,0.9523809523809523,0.0,0.0,0,0.0,0.33751205400260376,0.0,0.04120020338969399,0.04412457397714464,Utsuroi,0.23460114208392602,0.8196721311479508,1.0
2017-03-14,0.28533973273103713,1.0,0.9523809523809523,0.0,0.0,0,0.0,0.33751205400260376,0.0,0.03996419728800317,1.0,Utsuroi,0.23460114208392602,0.8196721311479508,1.0
2017-03-15,0.3121607378129117,1.0,0.9523809523809523,0.0,0.0,0,0.0,0.33751205400260376,0.0,0.03876527136936307,1.0,Utsuroi,0.23460114208392602,0.8196721311479508,1.0
2017-03-16,0.3008839952318214,0.0,20.0,1.0490097678833539e-10,0.999999999894099,1,1.1109113587933347e-20,0.016072002571568628,1.0,0.037602313228282176,0.02887238008232873,Utsuroi,0.23460114208392602,0.8196721311479508,1.0
2017-03-17,0.2927542505803376,1.0,0.9523809523809523,5.432658765809255e-10,0.9999999994557341,1,2.9568106659631095e-19,0.33751205400260376,1.0,0.03647424383143371,0.9709382428460903,Utsuroi,0.23460114208392602,0.8196721311479508,1.0
2017-03-20,0.2985475876780225,1.0,0.9523809523809523,1.8084922446826851e-10,0.9999999998181508,1,3.2887287217536683e-20,0.33751205400260376,1.0,0.0353800165164907,1.0,Utsuroi,0.23460114208392602,0.8196721311479508,1.0
2017-03-21,0.3023382897295941,2.0,0.48780487804878053,0.0,0.0,0,0.0,0.6589521054329959,0.0,0.03431861602099598,0.2686618444260084,Katashi,0.23460114208392602,0.8196721311479508,1.0
2017-03-22,0.3149501223414267,1.0,0.9523809523809523,0.0,0.0,0,0.0,0.33751205400260376,0.0,0.033289057540366096,0.04412457397714464,Utsuroi,0.23460114208392602,0.8196721311479508,1.0
2017-03-23,0.28588807327937765,1.0,0.9523809523809523,0.0,0.0,0,0.0,0.33751205400260376,0.0,0.03229038581415511,1.0,Utsuroi,0.23460114208392602,0.8196721311479508,1.0
2017-03-24,0.2907992973210365,2.0,0.48780487804878053,0.0,0.0,0,0.0,0.6589521054329959,0.0,0.03132167423973046,0.011806891800632657,Katashi,0.23460114208392602,0.8196721311479508,1.0
2017-03-27,0.2897741389045737,2.0,0.48780487804878053,0.0,0.0,0,0.0,0.6589521054329959,0.0,0.030382024012538544,1.0,Katashi,0.23460114208392602,0.8196721311479508,1.0
2017-03-28,0.31592759897107725,2.0,0.48780487804878053,0.0,0.0,0,0.0,0.6589521054329959,0.0,0.029470563292162386,1.0,Katashi,0.23460114208392602,0.8196721311479508,1.0
2017-03-29,0.30670117322291235,2.0,0.48780487804878053,0.0,0.0,0,0.0,0.6589521054329959,0.0,0.028586446393397514,1.0,Katashi,0.23460114208392602,0.8196721311479508,1.0
2017-03-30,0.30658196875588184,2.0,0.48780487804878053,0.0,0.0,0,0.0,0.6589521054329959,0.0,0.02772885300159559,1.0,Katashi,0.23460114208392602,0.8196721311479508,1.0
2017-03-31,0.3051991969383274,3.0,0.3278688524590164,0.0,0.0,0,0.0,0.9803921568627452,0.0,0.10761701312634214,0.0017216396294629233,Katashi,0.23460114208392602,0.8196721311479508,1.0
2017-04-03,0.28526821005081876,2.0,0.48780487804878053,1.7373336101550472e-10,0.9999999998252667,1,3.035701025013052e-20,0.6589521054329959,1.0,0.10438850273255187,0.6018962508462976,Katashi,0.23460114208392602,0.8196721311479508,1.0
2017-04-04,0.29106154714850363,3.0,0.3278688524590164,5.889133625023859e-11,0.9999999999401087,1,3.527079518916837e-21,0.9803921568627452,1.0,0.18197687336536972,0.04366587736761063,Katashi,0.23460114208392602,0.8196721311479508,1.0
2017-04-05,0.29497145366710587,1.0,0.9523809523809523,0.0,0.0,0,0.0,0.33751205400260376,0.0,0.1765175671644086,0.12177214052913443,Utsuroi,0.23460114208392602,0.8196721311479508,1.0
2017-04-06,0.2986191103582408,2.0,0.48780487804878053,0.0,0.0,0,0.0,0.6589521054329959,0.0,0.17122204014947634,0.011806891800632657,Katashi,0.23460114208392602,0.8196721311479508,1.0
2017-04-07,0.27706694271911664,2.0,0.48780487804878053,1.1596723581340773e-11,0.9999999999874033,1,1.460804648648068e-22,0.6589521054329959,1.0,0.16608537894499203,0.5934596063203189,Katashi,0.23460114208392602,0.8196721311479508,1.0
2017-04-10,0.24697858208363957,2.0,0.48780487804878053,5.594213980779661e-11,0.9999999999430579,1,3.1854639086371645e-21,0.6589521054329959,1.0,0.16110281757664227,1.0,Katashi,0.23460114208392602,0.8196721311479508,1.0
2017-04-11,0.23425725340977904,2.0,0.48780487804878053,4.8394510619888705e-11,0.9999999999506055,1,2.3904220982476026e-21,0.6589521054329959,1.0,0.156269733049343,1.0,Katashi,0.23460114208392602,0.8196721311479508,1.0
2017-04-12,0.222611310302246,1.0,0.9523809523809523,1.607525224030975e-11,0.9999999999829248,1,2.7448863121999785e-22,0.33751205400260376,1.0,0.1515816410578627,0.27282689717922226,Utsuroi,0.23460114208392602,0.8196721311479508,1.0
2017-04-13,0.21507526483709727,2.0,0.48780487804878053,0.0,0.0,0,0.0,0.6589521054329959,0.0,0.14703419182612681,0.2686618444260084,Katashi,0.23460114208392602,0.8196721311479508,1.0
2017-04-17,0.16048384605764943,2.0,0.48780487804878053,0.0,0.0,0,0.0,0.6589521054329959,0.0,0.142623166071343,1.0,Katashi,0.23460114208392602,0.8196721311479508,1.0
2017-04-18,0.18076980671049164,2.0,0.48780487804878053,0.0,0.0,0,0.0,0.6589521054329959,0.0,0.13834447108920273,1.0,Katashi,0.23460114208392602,0.8196721311479508,1.0
2017-04-19,0.2146271546905725,2.0,0.48780487804878053,0.0,0.0,0,0.0,0.6589521054329959,0.0,0.13419413695652663,1.0,Katashi,0.23460114208392602,0.8196721311479508,1.0
2017-04-20,0.2007860851433288,0.5,1.8181818181818181,0.0,0.0,0,0.0,0.17679202828716653,0.0,0.1301683128478308,0.31781049331519695,Utsuroi,0.23460114208392602,0.8196721311479508,1.0
2017-04-21,0.18196792523654665,2.0,0.48780487804878053,0.0,0.0,0,0.0,0.6589521054329959,0.0,0.12626326346239589,0.029735945927652163,Katashi,0.23460114208392602,0.8196721311479508,1.0
2017-04-24,0.16404853435227357,2.0,0.48780487804878053,0.0,0.0,0,0.0,0.6589521054329959,0.0,0.12247536555852401,1.0,Katashi,0.23460114208392602,0.8196721311479508,1.0
2017-04-25,0.1544741228028435,1.5,0.6451612903225806,2.84704482207513e-11,0.9999999999705296,1,8.39036240308294e-22,0.49823207971788014,1.0,0.11880110459176828,0.9658273350358348,Utsuroi,0.23460114208392602,0.8196721311479508,1.0
2017-04-26,0.14667870282774975,1.0,0.9523809523809523,0.0,0.0,0,0.0,0.33751205400260376,0.0,0.11523707145401522,0.5426924559435222,Utsuroi,0.23460114208392602,0.8196721311479508,1.0
2017-04-27,0.14857455551900484,2.0,0.48780487804878053,0.0,0.0,0,0.0,0.6589521054329959,0.0,0.11177995931039476,0.011806891800632657,Katashi,0.23460114208392602,0.8196721311479508,1.0
2017-04-28,0.14844470665367984,1.0,0.9523809523809523,1.3414824805632564e-10,0.9999999998648518,1,1.8129897738272847e-20,0.33751205400260376,1.0,0.10842656053108292,0.8983418051370832,Utsuroi,0.23460114208392602,0.8196721311479508,1.0
2017-05-01,0.13400636229105117,1.0,0.9523809523809523,5.79921333008235e-10,0.9999999994190787,1,3.3688866108005157e-19,0.33751205400260376,1.0,0.10517376371515043,1.0,Utsuroi,0.23460114208392602,0.8196721311479508,1.0
2017-05-02,0.12887745247568635,1.0,0.9523809523809523,2.4405255593895366e-11,0.9999999999745948,1,6.200212163188864e-22,0.33751205400260376,1.0,0.10201855080369591,1.0,Utsuroi,0.23460114208392602,0.8196721311479508,1.0
2017-05-03,0.13225418793411348,1.0,0.9523809523809523,0.0,0.0,0,0.0,0.33751205400260376,0.0,0.09895799427958503,1.0,Utsuroi,0.23460114208392602,0.8196721311479508,1.0
2017-05-04,0.14661981774017388,1.0,0.9523809523809523,0.0,0.0,0,0.0,0.33751205400260376,0.0,0.09598925445119748,1.0,Utsuroi,0.23460114208392602,0.8196721311479508,1.0
2017-05-05,0.1681252193844835,1.0,0.9523809523809523,0.0,0.0,0,0.0,0.33751205400260376,0.0,0.09310957681766155,1.0,Utsuroi,0.23460114208392602,0.8196721311479508,1.0
2017-05-08,0.17505175983436855,1.0,0.9523809523809523,0.0,0.0,0,0.0,0.33751205400260376,0.0,0.0903162895131317,1.0,Utsuroi,0.23460114208392602,0.8196721311479508,1.0
2017-05-09,0.18201330070895289,2.0,0.48780487804878053,8.837486297919365e-11,0.9999999999106252,1,7.898489314919381e-21,0.6589521054329959,1.0,0.08760680082773774,0.05841767180693058,Katashi,0.23460114208392602,0.8196721311479508,1.0
2017-05-10,0.181608005521049,2.0,0.48780487804878053,8.81892336894929e-11,0.9999999999108108,1,7.865528221882653e-21,0.6589521054329959,1.0,0.0849785968029056,1.0,Katashi,0.23460114208392602,0.8196721311479508,1.0
2017-05-11,0.17527031594692294,1.0,0.9523809523809523,5.749211105528204e-10,0.9999999994240789,1,3.311091918469434e-19,0.33751205400260376,1.0,0.08242923889881844,0.27282689717922226,Utsuroi,0.23460114208392602,0.8196721311479508,1.0
2017-05-12,0.16960988484373185,2.0,0.48780487804878053,1.0045353437445056e-10,0.9999999998985465,1,1.0191363881005323e-20,0.6589521054329959,1.0,0.07995636173185389,0.09715435546482021,Katashi,0.23460114208392602,0.8196721311479508,1.0
2017-05-15,0.180421504422286,1.0,0.9523809523809523,8.345968360500037e-11,0.9999999999155403,1,7.048976625077642e-21,0.33751205400260376,1.0,0.07755767087989827,0.27282689717922226,Utsuroi,0.23460114208392602,0.8196721311479508,1.0
2017-05-16,0.18580964733853741,2.0,0.48780487804878053,1.2793532898904116e-10,0.9999999998710647,1,1.649538090343705e-20,0.6589521054329959,1.0,0.07523094075350133,0.09715435546482021,Katashi,0.23460114208392602,0.8196721311479508,1.0
2017-05-17,0.19225445090519486,2.0,0.48780487804878053,0.0,0.0,0,0.0,0.6589521054329959,0.0,0.07297401253089629,1.0,Katashi,0.23460114208392602,0.8196721311479508,1.0
2017-05-18,0.17553283512497767,2.0,0.48780487804878053,6.360134640961517e-11,0.9999999999353987,1,4.108731204686982e-21,0.6589521054329959,1.0,0.0707847921549694,0.5934596063203189,Katashi,0.23460114208392602,0.8196721311479508,1.0
2017-05-19,0.17469774394682427,2.5,0.3921568627450981,4.663525121515303e-11,0.9999999999523648,1,2.221480875516497e-21,0.8196721311479508,1.0,0.06866124839032031,0.061213029860135215,Katashi,0.23460114208392602,0.8196721311479508,1.0
2017-05-22,0.16838135495361306,2.5,0.3921568627450981,6.014755360252593e-11,0.9999999999388525,1,3.677874427516325e-21,0.8196721311479508,1.0,0.0666014109386107,1.0,Katashi,0.23460114208392602,0.8196721311479508,1.0
2017-05-23,0.17219085262563524,2.0,0.48780487804878053,0.0,0.0,0,0.0,0.6589521054329959,0.0,0.06460336861045238,0.5216464475434059,Katashi,0.23460114208392602,0.8196721311479508,1.0
2017-05-24,0.181608005521049,2.0,0.48780487804878053,0.0,0.0,0,0.0,0.6589521054329959,0.0,0.0626652675521388,1.0,Katashi,0.23460114208392602,0.8196721311479508,1.0
2017-05-25,0.1931231570362005,3.0,0.3278688524590164,0.0,0.0,0,0.0,0.9803921568627452,0.0,0.14150533524036907,0.0017216396294629233,Katashi,0.23460114208392602,0.8196721311479508,1.0
2017-05-26,0.2027548779722693,2.0,0.48780487804878053,0.0,0.0,0,0.0,0.6589521054329959,0.0,0.137260175183158,0.003806676760774619,Katashi,0.23460114208392602,0.8196721311479508,1.0
2017-05-30,0.20156283330196376,2.0,0.48780487804878053,0.0,0.0,0,0.0,0.6589521054329959,0.0,0.13314236992766326,1.0,Katashi,0.23460114208392602,0.8196721311479508,1.0
2017-05-31,0.20885814668423366,2.0,0.48780487804878053,0.0,0.0,0,0.0,0.6589521054329959,0.0,0.12914809882983336,1.0,Katashi,0.23460114208392602,0.8196721311479508,1.0
2017-06-01,0.20625395751527553,2.0,0.48780487804878053,0.0,0.0,0,0.0,0.6589521054329959,0.0,0.12527365586493835,1.0,Katashi,0.23460114208392602,0.8196721311479508,1.0
2017-06-02,0.21295268965992342,2.0,0.48780487804878053,0.0,0.0,0,0.0,0.6589521054329959,0.0,0.1215154461889902,1.0,Katashi,0.23460114208392602,0.8196721311479508,1.0
2017-06-05,0.18986492236639393,2.0,0.48780487804878053,0.0,0.0,0,0.0,0.6589521054329959,0.0,0.11786998280332049,1.0,Katashi,0.23460114208392602,0.8196721311479508,1.0
2017-06-06,0.13152205433247485,2.0,0.48780487804878053,0.0,0.0,0,0.0,0.6589521054329959,0.0,0.11433388331922087,1.0,Katashi,0.23460114208392602,0.8196721311479508,1.0
2017-06-07,0.14044959015677144,2.0,0.48780487804878053,5.084233034445834e-11,0.9999999999481577,1,2.635783760547983e-21,0.6589521054329959,1.0,0.11090386681964425,0.5934596063203189,Katashi,0.23460114208392602,0.8196721311479508,1.0
2017-06-08,0.13850901180140257,2.0,0.48780487804878053,0.0,0.0,0,0.0,0.6589521054329959,0.0,0.10757675081505491,1.0,Katashi,0.23460114208392602,0.8196721311479508,1.0
2017-06-09,0.15636089164553313,1.0,0.9523809523809523,2.364478612622106e-10,0.9999999997625522,1,5.614403373276792e-20,0.33751205400260376,1.0,0.10434944829060326,0.8983418051370832,Utsuroi,0.23460114208392602,0.8196721311479508,1.0
2017-06-12,0.17858089385190998,2.0,0.48780487804878053,0.0,0.0,0,0.0,0.6589521054329959,0.0,0.10121896484188517,0.2686618444260084,Katashi,0.23460114208392602,0.8196721311479508,1.0
2017-06-13,0.19008886944527661,2.0,0.48780487804878053,0.0,0.0,0,0.0,0.6589521054329959,0.0,0.09818239589662861,1.0,Katashi,0.23460114208392602,0.8196721311479508,1.0
2017-06-14,0.19646728485486903,2.0,0.48780487804878053,0.0,0.0,0,0.0,0.6589521054329959,0.0,0.09523692401972975,1.0,Katashi,0.23460114208392602,0.8196721311479508,1.0
2017-06-15,0.2088517030524642,2.0,0.48780487804878053,0.0,0.0,0,0.0,0.6589521054329959,0.0,0.09237981629913786,1.0,Katashi,0.23460114208392602,0.8196721311479508,1.0
2017-06-16,0.2084563923025633,2.0,0.48780487804878053,0.0,0.0,0,0.0,0.6589521054329959,0.0,0.08960842181016372,1.0,Katashi,0.23460114208392602,0.8196721311479508,1.0
2017-06-19,0.19745070557431862,1.0,0.9523809523809523,0.0,0.0,0,0.0,0.33751205400260376,0.0,0.0869201691558588,0.04412457397714464,Utsuroi,0.23460114208392602,0.8196721311479508,1.0
2017-06-20,0.20881149398470097,2.0,0.48780487804878053,0.0,0.0,0,0.0,0.6589521054329959,0.0,0.08431256408118304,0.011806891800632657,Katashi,0.23460114208392602,0.8196721311479508,1.0
2017-06-21,0.1781185761556183,2.0,0.48780487804878053,0.0,0.0,0,0.0,0.6589521054329959,0.0,0.08178318715874755,1.0,Katashi,0.23460114208392602,0.8196721311479508,1.0
2017-06-22,0.19236376255231652,2.0,0.48780487804878053,0.0,0.0,0,0.0,0.6589521054329959,0.0,0.07932969154398511,1.0,Katashi,0.23460114208392602,0.8196721311479508,1.0
2017-06-23,0.1939238932606076,2.0,0.48780487804878053,3.465356889726995e-10,0.9999999996524643,1,1.20433511775718e-19,0.6589521054329959,1.0,0.07694980079766556,0.5934596063203189,Katashi,0.23460114208392602,0.8196721311479508,1.0
2017-06-26,0.20170201774225582,2.0,0.48780487804878053,1.142597128015556e-11,0.999999999987574,1,1.4197853821383285e-22,0.6589521054329959,1.0,0.0746413067737356,1.0,Katashi,0.23460114208392602,0.8196721311479508,1.0
2017-06-27,0.2585902503293808,2.0,0.48780487804878053,0.0,0.0,0,0.0,0.6589521054329959,0.0,0.07240206757052352,1.0,Katashi,0.23460114208392602,0.8196721311479508,1.0
2017-06-28,0.24841018884497146,2.0,0.48780487804878053,0.0,0.0,0,0.0,0.6589521054329959,0.0,0.07023000554340782,1.0,Katashi,0.23460114208392602,0.8196721311479508,1.0
2017-06-29,0.30848924022837065,2.0,0.48780487804878053,0.0,0.0,0,0.0,0.6589521054329959,0.0,0.06812310537710559,1.0,Katashi,0.23460114208392602,0.8196721311479508,1.0
2017-06-30,0.30431708388230133,2.0,0.48780487804878053,0.0,0.0,0,0.0,0.6589521054329959,0.0,0.06607941221579242,1.0,Katashi,0.23460114208392602,0.8196721311479508,1.0
2017-07-03,0.2895834117573248,2.0,0.48780487804878053,0.0,0.0,0,0.0,0.6589521054329959,0.0,0.06409702984931864,1.0,Katashi,0.23460114208392602,0.8196721311479508,1.0
2017-07-05,0.28541125541125545,2.0,0.48780487804878053,0.0,0.0,0,0.0,0.6589521054329959,0.0,0.062174118953839085,1.0,Katashi,0.23460114208392602,0.8196721311479508,1.0
2017-07-06,0.34370223978919634,2.0,0.48780487804878053,8.62643511805412e-10,0.9999999991363565,1,7.450164532103349e-19,0.6589521054329959,1.0,0.06030889538522391,0.5934596063203189,Katashi,0.23460114208392602,0.8196721311479508,1.0
2017-07-07,0.3423671497584541,2.0,0.48780487804878053,0.0,0.0,0,0.0,0.6589521054329959,0.0,0.05849962852366719,1.0,Katashi,0.23460114208392602,0.8196721311479508,1.0
2017-07-10,0.3522134387351779,2.0,0.48780487804878053,4.35913527486786e-11,0.9999999999554087,1,1.9437964229360192e-21,0.6589521054329959,1.0,0.056744639667957175,0.5934596063203189,Katashi,0.23460114208392602,0.8196721311479508,1.0
2017-07-11,0.3615113871635611,1.0,0.9523809523809523,1.75900405350813e-11,0.99999999998141,1,3.269991774419615e-22,0.33751205400260376,1.0,0.05504230047791846,0.27282689717922226,Utsuroi,0.23460114208392602,0.8196721311479508,1.0
2017-07-12,0.38907145994102516,1.0,0.9523809523809523,1.7831625065235214e-11,0.9999999999811684,1,3.3579808306929383e-22,0.33751205400260376,1.0,0.0533910314635809,1.0,Utsuroi,0.23460114208392602,0.8196721311479508,1.0
2017-07-13,0.36620804316456484,1.0,0.9523809523809523,1.433542173844786e-11,0.9999999999846646,1,2.198394210351023e-22,0.33751205400260376,1.0,0.051789300519673474,1.0,Utsuroi,0.23460114208392602,0.8196721311479508,1.0
2017-07-14,0.3715722441809399,1.0,0.9523809523809523,8.461120692926525e-12,0.9999999999905389,1,8.005149689902653e-23,0.33751205400260376,1.0,0.05023562150408327,1.0,Utsuroi,0.23460114208392602,0.8196721311479508,1.0
2017-07-17,0.3784770648732959,1.0,0.9523809523809523,0.6640224078730097,0.6200851872929283,2,0.2522719487203733,0.33751205400260376,2.0,0.04872855285896077,0.07052291942777189,Utsuroi,0.23460114208392602,0.8196721311479508,1.0
2017-07-18,0.35479438631578725,1.5,0.6451612903225806,0.6719373379550595,0.6026144741852938,2,0.2670181723578053,0.49823207971788014,2.0,0.047266696273191945,0.3760430412303959,Utsuroi,0.23460114208392602,0.8196721311479508,1.0
2017-07-19,0.35244605494840303,1.5,0.6451612903225806,0.6205103073358009,0.6882290561548546,2,0.19345708418372387,0.49823207971788014,2.0,0.04584869538499618,0.2968152393335449,Utsuroi,0.23460114208392602,0.8196721311479508,1.0
2017-07-20,0.37414228474643196,1.5,0.6451612903225806,0.5894015326966868,0.7237241250985608,2,0.1628374241140264,0.49823207971788014,2.0,0.044473234523446294,0.3602103401007395,Utsuroi,0.23460114208392602,0.8196721311479508,1.0
2017-07-21,0.3673511249495639,1.0,0.9523809523809523,8.92740326067568e-11,0.999999999909726,1,8.05912495594759e-21,0.33751205400260376,1.0,0.04313903748774291,0.5759120083923674,Utsuroi,0.23460114208392602,0.8196721311479508,1.0
2017-07-24,0.3674212335391975,1.0,0.9523809523809523,2.74001044038232e-10,0.999999999724999,1,7.535056712706559e-20,0.33751205400260376,1.0,0.04184486636311062,1.0,Utsuroi,0.23460114208392602,0.8196721311479508,1.0
2017-07-25,0.3791720735474757,0.0,20.0,6.402189889131593e-11,0.9999999999349781,1,4.162824020401972e-21,0.016072002571568628,1.0,0.0405895203722173,0.050470117105045675,Utsuroi,0.23460114208392602,0.8196721311479508,1.0
2017-07-26,0.37440229223025767,1.0,0.9523809523809523,1.08489106581235e-10,0.9999999998905109,1,1.1878372954060371e-20,0.33751205400260376,1.0,0.03937183476105078,0.9709382428460903,Utsuroi,0.23460114208392602,0.8196721311479508,1.0
2017-07-27,0.39097881558557257,2.0,0.48780487804878053,0.0,0.0,0,0.0,0.6589521054329959,0.0,0.03819067971821925,0.2686618444260084,Katashi,0.23460114208392602,0.8196721311479508,1.0
2017-07-28,0.3386438055536407,1.0,0.9523809523809523,0.0,0.0,0,0.0,0.33751205400260376,0.0,0.03704495932667268,0.04412457397714464,Utsuroi,0.23460114208392602,0.8196721311479508,1.0
2017-07-31,0.33345951894210296,1.0,0.9523809523809523,0.0,0.0,0,0.0,0.33751205400260376,0.0,0.035933610546872496,1.0,Utsuroi,0.23460114208392602,0.8196721311479508,1.0
2017-08-01,0.2685865827312566,2.0,0.48780487804878053,0.0,0.0,0,0.0,0.6589521054329959,0.0,0.03485560223046632,0.011806891800632657,Katashi,0.23460114208392602,0.8196721311479508,1.0
2017-08-02,0.2656539508293643,1.0,0.9523809523809523,3.2106206581680005e-11,0.9999999999668938,1,1.0629139974202548e-21,0.33751205400260376,1.0,0.03380993416355233,0.8983418051370832,Utsuroi,0.23460114208392602,0.8196721311479508,1.0
2017-08-03,0.2707685463446791,0.0,20.0,5.253819601448391e-11,0.9999999999464618,1,2.8127990743108193e-21,0.016072002571568628,1.0,0.03279563613864576,0.050470117105045675,Utsuroi,0.23460114208392602,0.8196721311479508,1.0
2017-08-04,0.26305676814256507,0.5,1.8181818181818181,2.5773827516315092e-11,0.9999999999732262,1,6.900634422049022e-22,0.17679202828716653,1.0,0.031811767054486385,0.7121960881604116,Utsuroi,0.23460114208392602,0.8196721311479508,1.0
2017-08-07,0.1957747165551163,1.0,0.9523809523809523,0.3473342566310912,0.8896079361663128,2,0.0383429454296457,0.33751205400260376,2.0,0.03085741404285179,0.05464068800943245,Utsuroi,0.23460114208392602,0.8196721311479508,1.0
2017-08-08,0.19820552475418907,2.0,0.48780487804878053,0.573000826953811,0.7400536179596119,2,0.1489494918727937,0.6589521054329959,2.0,0.029931691621566236,0.18915081076818585,Katashi,0.23460114208392602,0.8196721311479508,1.0
2017-08-09,0.18568896817703992,2.0,0.48780487804878053,1.8321233419085566e-11,0.9999999999806788,1,3.5398842212191596e-22,0.6589521054329959,1.0,0.02903374087291925,0.8182411575395707,Katashi,0.23460114208392602,0.8196721311479508,1.0
2017-08-10,0.20850691857527065,2.0,0.48780487804878053,3.5885294735069323e-11,0.9999999999631147,1,1.3236388791378102e-21,0.6589521054329959,1.0,0.02816272864673167,1.0,Katashi,0.23460114208392602,0.8196721311479508,1.0
2017-08-11,0.1528797289666855,2.0,0.48780487804878053,3.991762476035103e-11,0.9999999999590824,1,1.6333335082554138e-21,0.6589521054329959,1.0,0.02731784678732972,1.0,Katashi,0.23460114208392602,0.8196721311479508,1.0
2017-08-14,0.15438170525127048,2.0,0.48780487804878053,1.8064216788889777e-11,0.9999999999809358,1,3.4437974537662263e-22,0.6589521054329959,1.0,0.026498311383709828,1.0,Katashi,0.23460114208392602,0.8196721311479508,1.0
2017-08-15,0.1296825396825397,1.5,0.6451612903225806,3.791322811177277e-11,0.9999999999610868,1,1.4753252552899548e-21,0.49823207971788014,1.0,0.025703362042198533,0.14857959043984192,Utsuroi,0.23460114208392602,0.8196721311479508,1.0
2017-08-16,0.14265198569546397,2.0,0.48780487804878053,2.003663901439928e-11,0.9999999999789634,1,4.215030987672497e-22,0.6589521054329959,1.0,0.024932261180932575,0.09306531693657372,Katashi,0.23460114208392602,0.8196721311479508,1.0
2017-08-17,0.14203212246690508,2.0,0.48780487804878053,0.0,0.0,0,0.0,0.6589521054329959,0.0,0.024184293345504596,1.0,Katashi,0.23460114208392602,0.8196721311479508,1.0
2017-08-18,0.13085074345943914,3.0,0.3278688524590164,0.0,0.0,0,0.0,0.9803921568627452,0.0,0.10417879025993387,0.0017216396294629233,Katashi,0.23460114208392602,0.8196721311479508,1.0
2017-08-21,0.13113683418031247,1.5,0.6451612903225806,0.0,0.0,0,0.0,0.49823207971788014,0.0,0.10105342655213585,0.009440820156253915,Utsuroi,0.23460114208392602,0.8196721311479508,1.0
2017-08-22,0.15676579459188153,2.0,0.48780487804878053,0.0,0.0,0,0.0,0.6589521054329959,0.0,0.09802182375557178,0.007331309825758914,Katashi,0.23460114208392602,0.8196721311479508,1.0
2017-08-23,0.15121086642825773,2.0,0.48780487804878053,0.0,0.0,0,0.0,0.6589521054329959,0.0,0.09508116904290462,1.0,Katashi,0.23460114208392602,0.8196721311479508,1.0
2017-08-24,0.13452224104398017,2.0,0.48780487804878053,0.0,0.0,0,0.0,0.6589521054329959,0.0,0.09222873397161747,1.0,Katashi,0.23460114208392602,0.8196721311479508,1.0
2017-08-25,0.12324549846288978,2.0,0.48780487804878053,0.0,0.0,0,0.0,0.6589521054329959,0.0,0.08946187195246895,1.0,Katashi,0.23460114208392602,0.8196721311479508,1.0
2017-08-28,0.11783361565970261,2.0,0.48780487804878053,0.0,0.0,0,0.0,0.6589521054329959,0.0,0.08677801579389488,1.0,Katashi,0.23460114208392602,0.8196721311479508,1.0
2017-08-29,0.12357927097057533,2.0,0.48780487804878053,0.0,0.0,0,0.0,0.6589521054329959,0.0,0.08417467532007804,1.0,Katashi,0.23460114208392602,0.8196721311479508,1.0
2017-08-30,0.11635548026852376,2.0,0.48780487804878053,0.0,0.0,0,0.0,0.6589521054329959,0.0,0.0816494350604757,1.0,Katashi,0.23460114208392602,0.8196721311479508,1.0
2017-08-31,0.10932241671372106,2.0,0.48780487804878053,0.0,0.0,0,0.0,0.6589521054329959,0.0,0.07919995200866142,1.0,Katashi,0.23460114208392602,0.8196721311479508,1.0
2017-09-01,0.11273166447079491,2.0,0.48780487804878053,0.0,0.0,0,0.0,0.6589521054329959,0.0,0.07682395344840158,1.0,Katashi,0.23460114208392602,0.8196721311479508,1.0
2017-09-05,0.11409059539494323,2.0,0.48780487804878053,0.0,0.0,0,0.0,0.6589521054329959,0.0,0.07451923484494953,1.0,Katashi,0.23460114208392602,0.8196721311479508,1.0
2017-09-06,0.11280318715101324,2.0,0.48780487804878053,3.450062457880694e-11,0.9999999999644994,1,1.2247929577151468e-21,0.6589521054329959,1.0,0.07228365779960104,0.5934596063203189,Katashi,0.23460114208392602,0.8196721311479508,1.0
2017-09-07,0.11583098061358932,2.0,0.48780487804878053,2.0042856263337052e-11,0.9999999999789572,1,4.217585000780971e-22,0.6589521054329959,1.0,0.070115148065613,1.0,Katashi,0.23460114208392602,0.8196721311479508,1.0
2017-09-08,0.13714473931865234,2.0,0.48780487804878053,1.6472712083118686e-11,0.9999999999825273,1,2.87822591054223e-22,0.6589521054329959,1.0,0.0680116936236446,1.0,Katashi,0.23460114208392602,0.8196721311479508,1.0
2017-09-11,0.14553673379760337,1.0,0.9523809523809523,1.701405682991631e-11,0.999999999981986,1,3.0649181026408685e-22,0.33751205400260376,1.0,0.06597134281493526,0.27282689717922226,Utsuroi,0.23460114208392602,0.8196721311479508,1.0
2017-09-12,0.1506386849865111,2.0,0.48780487804878053,3.213918020551028e-11,0.9999999999668608,1,1.0650653735314562e-21,0.6589521054329959,1.0,0.06399220253048721,0.09715435546482021,Katashi,0.23460114208392602,0.8196721311479508,1.0
2017-09-13,0.16928226363008975,2.0,0.48780487804878053,2.3400836823542e-11,0.9999999999755992,1,5.709994832057731e-22,0.6589521054329959,1.0,0.06207243645457259,1.0,Katashi,0.23460114208392602,0.8196721311479508,1.0
2017-09-14,0.1677026470400664,2.0,0.48780487804878053,1.1765899365208045e-10,0.999999999881341,1,1.396129517888132e-20,0.6589521054329959,1.0,0.060210263360935413,1.0,Katashi,0.23460114208392602,0.8196721311479508,1.0
2017-09-15,0.157880562580042,2.0,0.48780487804878053,0.0,0.0,0,0.0,0.6589521054329959,0.0,0.05840395546010735,1.0,Katashi,0.23460114208392602,0.8196721311479508,1.0
2017-09-18,0.14175389846639203,1.0,0.9523809523809523,0.0,0.0,0,0.0,0.33751205400260376,0.0,0.056651836796304124,0.04412457397714464,Utsuroi,0.23460114208392602,0.8196721311479508,1.0
2017-09-19,0.13776134677198412,1.0,0.9523809523809523,0.0,0.0,0,0.0,0.33751205400260376,0.0,0.054952281692415,1.0,Utsuroi,0.23460114208392602,0.8196721311479508,1.0
2017-09-20,0.14369703565234274,2.0,0.48780487804878053,4.7107318045201054e-11,0.9999999999518927,1,2.2662056894165073e-21,0.6589521054329959,1.0,0.05330371324164255,0.05841767180693058,Katashi,0.23460114208392602,0.8196721311479508,1.0
2017-09-21,0.1493718483932307,2.0,0.48780487804878053,0.0,0.0,0,0.0,0.6589521054329959,0.0,0.05170460184439327,1.0,Katashi,0.23460114208392602,0.8196721311479508,1.0
2017-09-22,0.12316273236524537,2.0,0.48780487804878053,0.0,0.0,0,0.0,0.6589521054329959,0.0,0.05015346378906147,1.0,Katashi,0.23460114208392602,0.8196721311479508,1.0
2017-09-25,0.1251877127753049,1.0,0.9523809523809523,0.0,0.0,0,0.0,0.33751205400260376,0.0,0.048648859875389625,0.04412457397714464,Utsuroi,0.23460114208392602,0.8196721311479508,1.0
2017-09-26,0.13065672547276502,2.0,0.48780487804878053,0.0,0.0,0,0.0,0.6589521054329959,0.0,0.047189394079127936,0.011806891800632657,Katashi,0.23460114208392602,0.8196721311479508,1.0
2017-09-27,0.1264882607940111,2.0,0.48780487804878053,0.0,0.0,0,0.0,0.6589521054329959,0.0,0.0457737122567541,1.0,Katashi,0.23460114208392602,0.8196721311479508,1.0
2017-09-28,0.12626670293671763,2.0,0.48780487804878053,0.0,0.0,0,0.0,0.6589521054329959,0.0,0.044400500889051474,1.0,Katashi,0.23460114208392602,0.8196721311479508,1.0
2017-09-29,0.1544352134277422,2.0,0.48780487804878053,0.0,0.0,0,0.0,0.6589521054329959,0.0,0.04306848586237993,1.0,Katashi,0.23460114208392602,0.8196721311479508,1.0
2017-10-02,0.1545651094294201,2.0,0.48780487804878053,0.0,0.0,0,0.0,0.6589521054329959,0.0,0.04177643128650853,1.0,Katashi,0.23460114208392602,0.8196721311479508,1.0
2017-10-03,0.17680988852249485,2.0,0.48780487804878053,0.0,0.0,0,0.0,0.6589521054329959,0.0,0.04052313834791327,1.0,Katashi,0.23460114208392602,0.8196721311479508,1.0
2017-10-04,0.18350908529690635,2.0,0.48780487804878053,0.0,0.0,0,0.0,0.6589521054329959,0.0,0.039307444197475866,1.0,Katashi,0.23460114208392602,0.8196721311479508,1.0
2017-10-05,0.18073021722515675,2.0,0.48780487804878053,0.0,0.0,0,0.0,0.6589521054329959,0.0,0.03812822087155159,1.0,Katashi,0.23460114208392602,0.8196721311479508,1.0
2017-10-06,0.19426751991969382,2.0,0.48780487804878053,0.0,0.0,0,0.0,0.6589521054329959,0.0,0.036984374245405044,1.0,Katashi,0.23460114208392602,0.8196721311479508,1.0
2017-10-09,0.17831796223100574,2.0,0.48780487804878053,0.0,0.0,0,0.0,0.6589521054329959,0.0,0.03587484301804289,1.0,Katashi,0.23460114208392602,0.8196721311479508,1.0
2017-10-10,0.1562412949369471,1.0,0.9523809523809523,0.0,0.0,0,0.0,0.33751205400260376,0.0,0.0347985977275016,0.04412457397714464,Utsuroi,0.23460114208392602,0.8196721311479508,1.0
2017-10-11,0.1496135265700483,2.0,0.48780487804878053,0.0,0.0,0,0.0,0.6589521054329959,0.0,0.033754639795676555,0.011806891800632657,Katashi,0.23460114208392602,0.8196721311479508,1.0
2017-10-12,0.14322416713721065,2.0,0.48780487804878053,0.0,0.0,0,0.0,0.6589521054329959,0.0,0.03274200060180626,1.0,Katashi,0.23460114208392602,0.8196721311479508,1.0
2017-10-13,0.1534995921952444,2.0,0.48780487804878053,2.9247382293360784e-11,0.9999999999697526,1,8.84656106318314e-22,0.6589521054329959,1.0,0.03175974058375207,0.5934596063203189,Katashi,0.23460114208392602,0.8196721311479508,1.0
2017-10-16,0.16789949181253527,2.0,0.48780487804878053,6.508382721430028e-11,0.9999999999339162,1,4.300986952451064e-21,0.6589521054329959,1.0,0.030806948366239505,1.0,Katashi,0.23460114208392602,0.8196721311479508,1.0
2017-10-17,0.15795783926218712,1.0,0.9523809523809523,0.0,0.0,0,0.0,0.33751205400260376,0.0,0.02988273991525232,0.29257939037860414,Utsuroi,0.23460114208392602,0.8196721311479508,1.0
2017-10-18,0.16332204027856204,2.0,0.48780487804878053,0.6670139454130309,0.613808568809823,2,0.257595070202865,0.6589521054329959,2.0,0.02898625771779475,0.031051562546677403,Katashi,0.23460114208392602,0.8196721311479508,1.0
2017-10-19,0.15535918188092104,2.0,0.48780487804878053,0.6926217138838853,0.5162076314367114,2,0.3350850994782492,0.6589521054329959,2.0,0.028116669986260907,0.16861557277294614,Katashi,0.23460114208392602,0.8196721311479508,1.0
2017-10-20,0.15996047430830043,3.0,0.3278688524590164,0.0,0.0,0,0.0,0.9803921568627452,0.0,0.1079931956014675,0.7832654705020506,Katashi,0.23460114208392602,0.8196721311479508,1.0
2017-10-23,0.17133258046301528,3.0,0.3278688524590164,0.0,0.0,0,0.0,0.9803921568627452,0.0,0.18547342544821788,1.0,Katashi,0.23460114208392602,0.8196721311479508,1.0
2017-10-24,0.1844689127297823,2.5,0.3921568627450981,2.919686714574187e-11,0.9999999999698032,1,8.816532724002163e-22,0.8196721311479508,1.0,0.17990922268477133,0.8443030619308893,Katashi,0.23460114208392602,0.8196721311479508,1.0
2017-10-25,0.21107534977100192,2.5,0.3921568627450981,0.21378418045323658,0.9447177249235684,2,0.01181847587080531,0.8196721311479508,2.0,0.17451194600422817,0.41840852538205175,Katashi,0.23460114208392602,0.8196721311479508,1.0
2017-10-26,0.21579584666541188,2.0,0.48780487804878053,0.5894709148244144,0.7236520644908662,2,0.1628990703544074,0.6589521054329959,2.0,0.16927658762410133,0.5888963565294478,Katashi,0.23460114208392602,0.8196721311479508,1.0
2017-10-27,0.2812152581717799,2.0,0.48780487804878053,0.6469995602617161,0.650720370999514,2,0.22598376637168982,0.6589521054329959,2.0,0.16419828999537828,0.289737283172793,Katashi,0.23460114208392602,0.8196721311479508,1.0
2017-10-30,0.28133446263881046,2.0,0.48780487804878053,0.0,0.0,0,0.0,0.6589521054329959,0.0,0.15927234129551693,1.0,Katashi,0.23460114208392602,0.8196721311479508,1.0
2017-10-31,0.2670060857017379,2.0,0.48780487804878053,1.1681711153260674e-10,0.9999999998821829,1,1.3763052074969343e-20,0.6589521054329959,1.0,0.15449417105665142,0.5934596063203189,Katashi,0.23460114208392602,0.8196721311479508,1.0
2017-11-01,0.264884246188594,1.5,0.6451612903225806,0.0,0.0,0,0.0,0.49823207971788014,0.0,0.14985934592495187,0.5251151183148566,Utsuroi,0.23460114208392602,0.8196721311479508,1.0
2017-11-02,0.24963656056350744,1.0,0.9523809523809523,0.0,0.0,0,0.0,0.33751205400260376,0.0,0.1453635655472033,0.05415578066483229,Utsuroi,0.23460114208392602,0.8196721311479508,1.0
2017-11-03,0.23810877818947812,1.0,0.9523809523809523,8.207390322577934e-11,0.9999999999169261,1,6.818197678607621e-21,0.33751205400260376,1.0,0.1410026585807872,0.3509437882530295,Utsuroi,0.23460114208392602,0.8196721311479508,1.0
2017-11-06,0.26268624106447874,1.5,0.6451612903225806,0.5805854983056163,0.7326695807094497,2,0.15520816469605353,0.49823207971788014,2.0,0.13677257882336358,0.08901998430889035,Utsuroi,0.23460114208392602,0.8196721311479508,1.0
2017-11-07,0.24573381035309083,1.5,0.6451612903225806,5.6910032240609236e-11,0.99999999994209,1,3.295660543015384e-21,0.49823207971788014,1.0,0.13266940145866266,0.7810990643931479,Utsuroi,0.23460114208392602,0.8196721311479508,1.0
2017-11-08,0.24630461810684087,1.5,0.6451612903225806,0.0,0.0,0,0.0,0.49823207971788014,0.0,0.12868931941490278,1.0,Utsuroi,0.23460114208392602,0.8196721311479508,1.0
2017-11-09,0.2554181354579595,2.0,0.48780487804878053,0.0,0.0,0,0.0,0.6589521054329959,0.0,0.12482863983245569,0.007331309825758914,Katashi,0.23460114208392602,0.8196721311479508,1.0
2017-11-10,0.2716338552913991,1.0,0.9523809523809523,0.0,0.0,0,0.0,0.33751205400260376,0.0,0.12108378063748201,0.04412457397714464,Utsuroi,0.23460114208392602,0.8196721311479508,1.0
2017-11-13,0.2709779782065552,2.0,0.48780487804878053,3.386146918355273e-11,0.9999999999651386,1,1.180459815398859e-21,0.6589521054329959,1.0,0.11745126721835755,0.05841767180693058,Katashi,0.23460114208392602,0.8196721311479508,1.0
2017-11-14,0.24631219022523376,2.0,0.48780487804878053,1.8951396007850433e-11,0.9999999999800486,1,3.781063874205037e-22,0.6589521054329959,1.0,0.11392772920180683,1.0,Katashi,0.23460114208392602,0.8196721311479508,1.0
2017-11-15,0.23746721877156657,3.0,0.3278688524590164,2.8862023881524976e-11,0.999999999970138,1,8.618778079544828e-22,0.9803921568627452,1.0,0.19122992304054703,0.04366587736761063,Katashi,0.23460114208392602,0.8196721311479508,1.0
2017-11-16,0.2606167262689002,2.0,0.48780487804878053,0.0,0.0,0,0.0,0.6589521054329959,0.0,0.18549302534933063,0.26426299882494997,Katashi,0.23460114208392602,0.8196721311479508,1.0
2017-11-17,0.2547995482778092,2.0,0.48780487804878053,0.0,0.0,0,0.0,0.6589521054329959,0.0,0.1799282345888507,1.0,Katashi,0.23460114208392602,0.8196721311479508,1.0
2017-11-20,0.25558629776021086,3.0,0.3278688524590164,0.0,0.0,0,0.0,0.9803921568627452,0.0,0.25525041326597964,0.0017216396294629233,Katashi,0.23460114208392602,0.8196721311479508,1.0
2017-11-21,0.27732919254658384,2.0,0.48780487804878053,0.0,0.0,0,0.0,0.6589521054329959,0.0,0.24759290086800023,0.003806676760774619,Katashi,0.23460114208392602,0.8196721311479508,1.0
2017-11-22,0.2685557437731351,2.0,0.48780487804878053,0.0,0.0,0,0.0,0.6589521054329959,0.0,0.2401651138419602,1.0,Katashi,0.23460114208392602,0.8196721311479508,1.0
2017-11-24,0.27659012485099443,2.0,0.48780487804878053,0.0,0.0,0,0.0,0.6589521054329959,0.0,0.2329601604267014,1.0,Katashi,0.23460114208392602,0.8196721311479508,1.0
2017-11-27,0.27580337536859273,2.0,0.48780487804878053,0.0,0.0,0,0.0,0.6589521054329959,0.0,0.22597135561390036,1.0,Katashi,0.23460114208392602,0.8196721311479508,1.0
2017-11-28,0.29366020452976976,2.0,0.48780487804878053,0.0,0.0,0,0.0,0.6589521054329959,0.0,0.21919221494548335,1.0,Katashi,0.23460114208392602,0.8196721311479508,1.0
2017-11-29,0.2723702867181128,3.0,0.3278688524590164,2.2011614752861473e-11,0.9999999999769884,1,5.065223118522863e-22,0.9803921568627452,1.0,0.2933364742119133,0.10032437353374613,Katashi,0.23460114208392602,0.8196721311479508,1.0
2017-11-30,0.2925396825396826,3.0,0.3278688524590164,6.601685864413317e-11,0.9999999999329832,1,4.42424102362534e-21,0.9803921568627452,1.0,0.3652564057003503,1.0,Katashi,0.23460114208392602,0.8196721311479508,1.0
2017-12-01,0.2810960537047494,2.0,0.48780487804878053,0.0,0.0,0,0.0,0.6589521054329959,0.0,0.3542987135293398,0.26426299882494997,Katashi,0.23460114208392602,0.8196721311479508,1.0
2017-12-04,0.2772576698663655,1.5,0.6451612903225806,0.0,0.0,0,0.0,0.49823207971788014,0.0,0.34366975212345957,0.012787609472986183,Utsuroi,0.23460114208392602,0.8196721311479508,1.0
2017-12-05,0.27132128740824396,1.0,0.9523809523809523,0.0,0.0,0,0.0,0.33751205400260376,0.0,0.33335965955975577,0.05415578066483229,Utsuroi,0.23460114208392602,0.8196721311479508,1.0
2017-12-06,0.2590909090909091,2.0,0.48780487804878053,1.183882546848779e-09,0.9999999988151175,1,1.4027617419215352e-18,0.6589521054329959,1.0,0.3233588697729631,0.05841767180693058,Katashi,0.23460114208392602,0.8196721311479508,1.0
2017-12-07,0.23441558441558444,2.0,0.48780487804878053,2.3988588892764043e-11,0.9999999999750114,1,5.9944045529743445e-22,0.6589521054329959,1.0,0.31365810367977415,1.0,Katashi,0.23460114208392602,0.8196721311479508,1.0
2017-12-08,0.2609266578831796,2.0,0.48780487804878053,0.6238221121715004,0.6839940581049211,2,0.19713149413173256,0.6589521054329959,2.0,0.3042483605693809,0.20560044141875666,Katashi,0.23460114208392602,0.8196721311479508,1.0
2017-12-11,0.2549664345316519,2.0,0.48780487804878053,0.4929919410349494,0.8052822153061026,2,0.09599429863026987,0.6589521054329959,2.0,0.2951209097522995,0.6060574097860489,Katashi,0.23460114208392602,0.8196721311479508,1.0
2017-12-12,0.24445260053955709,2.0,0.48780487804878053,0.6130371823619611,0.6974167970284428,2,0.1854947541797408,0.6589521054329959,2.0,0.2862672824597305,0.3621477790645059,Katashi,0.23460114208392602,0.8196721311479508,1.0
2017-12-13,0.2252129995608257,1.0,0.9523809523809523,0.5397213054050145,0.7696314299738674,2,0.12433482533879081,0.33751205400260376,2.0,0.27767926398593856,0.3360894259097029,Utsuroi,0.23460114208392602,0.8196721311479508,1.0
2017-12-14,0.23920760399021274,1.0,0.9523809523809523,0.7661808384510478,0.7270692476489468,3,0.20911431267540526,0.33751205400260376,3.0,0.26934888606636037,0.042929328158249014,Utsuroi,0.23460114208392602,0.8196721311479508,1.0
2017-12-15,0.24767112114938203,1.0,0.9523809523809523,0.36167716567520797,0.8826174968935577,2,0.042454571023399335,0.33751205400260376,2.0,0.2612684194843696,0.44019358445372725,Utsuroi,0.23460114208392602,0.8196721311479508,1.0
2017-12-18,0.2547995482778092,1.0,0.9523809523809523,0.4279104472142733,0.846980914677294,2,0.06547846523275817,0.33751205400260376,2.0,0.2534303668998385,0.6452673109721021,Utsuroi,0.23460114208392602,0.8196721311479508,1.0
2017-12-19,0.26986699291047117,2.0,0.48780487804878053,6.889822046188171e-12,0.9999999999921102,1,5.435931745982474e-23,0.6589521054329959,1.0,0.24582745589284333,0.6602219667945601,Katashi,0.23460114208392602,0.8196721311479508,1.0
2017-12-20,0.2708683104335278,2.0,0.48780487804878053,0.685067229902809,0.5634750550708714,2,0.2990489348060744,0.6589521054329959,2.0,0.23845263221605803,0.12702745614679223,Katashi,0.23460114208392602,0.8196721311479508,1.0
2017-12-21,0.2618802936194241,2.0,0.48780487804878053,3.181954699673124e-11,0.9999999999671805,1,1.044302414187927e-21,0.6589521054329959,1.0,0.23129905324957628,0.9017892268098644,Katashi,0.23460114208392602,0.8196721311479508,1.0
2017-12-22,0.24218771566597652,2.0,0.48780487804878053,1.7226553516825712e-11,0.9999999999817735,1,3.1398031850674326e-22,0.6589521054329959,1.0,0.22436008165208898,1.0,Katashi,0.23460114208392602,0.8196721311479508,1.0
2017-12-26,0.23575067444632672,2.0,0.48780487804878053,0.6380847038552482,0.664383967691463,2,0.21415145658466622,0.6589521054329959,2.0,0.2176292792025263,0.18945450130270824,Katashi,0.23460114208392602,0.8196721311479508,1.0
2017-12-27,0.23079176861785555,1.0,0.9523809523809523,1.3529732889489413e-11,0.9999999999854703,1,1.9658310565087805e-22,0.33751205400260376,1.0,0.2111004008264505,0.5524314985860957,Utsuroi,0.23460114208392602,0.8196721311479508,1.0
2017-12-28,0.2176077545642763,2.0,0.48780487804878053,8.61399840341595e-12,0.999999999990386,1,8.281477634140047e-23,0.6589521054329959,1.0,0.20476738880165699,0.09715435546482021,Katashi,0.23460114208392602,0.8196721311479508,1.0
2017-12-29,0.18787816048685618,2.0,0.48780487804878053,1.01563202292092e-11,0.9999999999888437,1,1.1330693615280661e-22,0.6589521054329959,1.0,0.19862436713760728,1.0,Katashi,0.23460114208392602,0.8196721311479508,1.0
2018-01-02,0.17743584917497962,1.0,0.9523809523809523,0.6816978888965074,0.5755166507249266,2,0.2893694030725363,0.33751205400260376,2.0,0.19266563612347906,0.15711136474408594,Utsuroi,0.23460114208392602,0.8196721311479508,1.0
2018-01-03,0.17915239350021958,1.0,0.9523809523809523,0.6827271732881264,0.5720547170192968,2,0.2921698733714028,0.33751205400260376,2.0,0.1868856670397747,0.13899028201766506,Utsuroi,0.23460114208392602,0.8196721311479508,1.0
2018-01-04,0.1788424618859401,1.0,0.9523809523809523,0.9387818611150303,0.5178137225771339,3,0.45266773092316653,0.33751205400260376,3.0,0.18127909702858144,0.014899636322308396,Utsuroi,0.23460114208392602,0.8196721311479508,1.0
2018-01-05,0.18096430139908407,1.0,0.9523809523809523,0.7057457789940008,0.751770470377099,3,0.17518694275302868,0.33751205400260376,3.0,0.175840724117724,0.41007334943866336,Utsuroi,0.23460114208392602,0.8196721311479508,1.0
2018-01-08,0.181393437480394,1.0,0.9523809523809523,0.6518490703121544,0.6426996654069258,2,0.23290589092671712,0.33751205400260376,2.0,0.17056550239419227,0.9136501578159701,Utsuroi,0.23460114208392602,0.8196721311479508,1.0
2018-01-09,0.20263567350523873,0.0,20.0,0.682264795461043,0.5736303334585717,2,0.2908970133336807,0.016072002571568628,2.0,0.1654485373223665,0.1954256374366401,Utsuroi,0.23460114208392602,0.8196721311479508,1.0
2018-01-10,0.22049250266641574,1.5,0.6451612903225806,1.94774196769072e-11,0.9999999999795226,1,3.98846866077326e-22,0.49823207971788014,1.0,0.1604850812026955,0.915371721476737,Utsuroi,0.23460114208392602,0.8196721311479508,1.0
2018-01-11,0.22285275111362068,2.0,0.48780487804878053,5.4988791296604823e-11,0.9999999999440112,1,3.0787547431976766e-21,0.6589521054329959,1.0,0.15567052876661464,0.09306531693657372,Katashi,0.23460114208392602,0.8196721311479508,1.0
2018-01-12,0.23374803940021344,1.0,0.9523809523809523,3.13069570262785e-11,0.9999999999676931,1,1.0114318227241084e-21,0.33751205400260376,1.0,0.15100041290361618,0.27282689717922226,Utsuroi,0.23460114208392602,0.8196721311479508,1.0
2018-01-16,0.2387307861220905,1.0,0.9523809523809523,0.0,0.0,0,0.0,0.33751205400260376,0.0,0.1464704005165077,1.0,Utsuroi,0.23460114208392602,0.8196721311479508,1.0
2018-01-17,0.24657444005270096,1.5,0.6451612903225806,2.1743495892420634e-11,0.9999999999772565,1,4.945226285182157e-22,0.49823207971788014,1.0,0.14207628850101248,0.15048886912894366,Utsuroi,0.23460114208392602,0.8196721311479508,1.0
2018-01-18,0.23668046928916497,0.0,20.0,0.0,0.0,0,0.0,0.016072002571568628,0.0,0.1378139998459821,0.07961536160112015,Utsuroi,0.23460114208392602,0.8196721311479508,1.0
2018-01-19,0.25425120772946863,2.0,0.48780487804878053,0.0,0.0,0,0.0,0.6589521054329959,0.0,0.13367957985060264,0.6247590536864708,Katashi,0.23460114208392602,0.8196721311479508,1.0
2018-01-22,0.2390407177363699,1.5,0.6451612903225806,5.849152271923878e-10,0.9999999994140848,1,3.4271072538978353e-19,0.49823207971788014,1.0,0.12966919245508454,0.9658273350358348,Utsuroi,0.23460114208392602,0.8196721311479508,1.0
2018-01-23,0.18547023025283899,1.0,0.9523809523809523,0.0,0.0,0,0.0,0.33751205400260376,0.0,0.125779116681432,0.5426924559435222,Utsuroi,0.23460114208392602,0.8196721311479508,1.0
2018-01-24,0.15278436539306106,2.0,0.48780487804878053,0.0,0.0,0,0.0,0.6589521054329959,0.0,0.12200574318098903,0.011806891800632657,Katashi,0.23460114208392602,0.8196721311479508,1.0
2018-01-25,0.16267833615659705,1.0,0.9523809523809523,5.848421746713284e-11,0.9999999999405158,1,3.478886616541969e-21,0.33751205400260376,1.0,0.11834557088555936,0.8983418051370832,Utsuroi,0.23460114208392602,0.8196721311479508,1.0
2018-01-26,0.15795783926218712,1.0,0.9523809523809523,2.3935187165280907e-11,0.9999999999750648,1,5.968278423222263e-22,0.33751205400260376,1.0,0.11479520375899258,1.0,Utsuroi,0.23460114208392602,0.8196721311479508,1.0
2018-01-29,0.2036846728151077,1.0,0.9523809523809523,0.0,0.0,0,0.0,0.33751205400260376,0.0,0.1113513476462228,1.0,Utsuroi,0.23460114208392602,0.8196721311479508,1.0
2018-01-30,0.25961540874584355,1.0,0.9523809523809523,0.0,0.0,0,0.0,0.33751205400260376,0.0,0.10801080721683612,1.0,Utsuroi,0.23460114208392602,0.8196721311479508,1.0
2018-01-31,0.27439676265763224,1.0,0.9523809523809523,0.0,0.0,0,0.0,0.33751205400260376,0.0,0.10477048300033104,1.0,Utsuroi,0.23460114208392602,0.8196721311479508,1.0
2018-02-01,0.2901317523056654,1.0,0.9523809523809523,0.0,0.0,0,0.0,0.33751205400260376,0.0,0.1016273685103211,1.0,Utsuroi,0.23460114208392602,0.8196721311479508,1.0
2018-02-02,0.3192653240479328,0.0,20.0,0.0,0.0,0,0.0,0.016072002571568628,0.0,0.09857854745501146,0.0301394781325387,Utsuroi,0.23460114208392602,0.8196721311479508,1.0
2018-02-05,0.29532906706819745,1.0,0.9523809523809523,0.0,0.0,0,0.0,0.33751205400260376,0.0,0.09562119103136112,0.9617980651474771,Utsuroi,0.23460114208392602,0.8196721311479508,1.0
2018-02-06,0.2959727711901626,1.0,0.9523809523809523,3.918573242894722e-10,0.9999999996071427,1,1.539440112852748e-19,0.33751205400260376,1.0,0.09275255530042029,0.3509437882530295,Utsuroi,0.23460114208392602,0.8196721311479508,1.0
2018-02-07,0.3171673254281951,1.0,0.9523809523809523,0.0,0.0,0,0.0,0.33751205400260376,0.0,0.08996997864140767,1.0,Utsuroi,0.23460114208392602,0.8196721311479508,1.0
2018-02-08,0.324915615785181,1.0,0.9523809523809523,0.0,0.0,0,0.0,0.33751205400260376,0.0,0.08727087928216544,1.0,Utsuroi,0.23460114208392602,0.8196721311479508,1.0
2018-02-09,0.31897923332705946,2.0,0.48780487804878053,0.0,0.0,0,0.0,0.6589521054329959,0.0,0.08465275290370047,0.011806891800632657,Katashi,0.23460114208392602,0.8196721311479508,1.0
2018-02-12,0.31955141476880605,2.0,0.48780487804878053,0.0,0.0,0,0.0,0.6589521054329959,0.0,0.08211317031658946,1.0,Katashi,0.23460114208392602,0.8196721311479508,1.0
2018-02-13,0.321697095175356,1.0,0.9523809523809523,0.0,0.0,0,0.0,0.33751205400260376,0.0,0.07964977520709178,0.04412457397714464,Utsuroi,0.23460114208392602,0.8196721311479508,1.0
2018-02-14,0.3108971704623879,2.0,0.48780487804878053,0.0,0.0,0,0.0,0.6589521054329959,0.0,0.07726028195087903,0.011806891800632657,Katashi,0.23460114208392602,0.8196721311479508,1.0
2018-02-15,0.31146935190413455,1.5,0.6451612903225806,0.0,0.0,0,0.0,0.49823207971788014,0.0,0.07494247349235265,0.012787609472986183,Utsuroi,0.23460114208392602,0.8196721311479508,1.0
2018-02-16,0.3229368216324738,1.0,0.9523809523809523,0.0,0.0,0,0.0,0.33751205400260376,0.0,0.07269419928758207,0.05415578066483229,Utsuroi,0.23460114208392602,0.8196721311479508,1.0
2018-02-20,0.32546395633352154,2.0,0.48780487804878053,0.0,0.0,0,0.0,0.6589521054329959,0.0,0.0705133733089546,0.011806891800632657,Katashi,0.23460114208392602,0.8196721311479508,1.0
2018-02-21,0.3257500470543949,1.5,0.6451612903225806,0.0,0.0,0,0.0,0.49823207971788014,0.0,0.06839797210968596,0.012787609472986183,Utsuroi,0.23460114208392602,0.8196721311479508,1.0
2018-02-22,0.3290400903444382,1.0,0.9523809523809523,0.0,0.0,0,0.0,0.33751205400260376,0.0,0.06634603294639538,0.05415578066483229,Utsuroi,0.23460114208392602,0.8196721311479508,1.0
2018-02-23,0.34060292364640193,2.0,0.48780487804878053,0.0,0.0,0,0.0,0.6589521054329959,0.0,0.06435565195800351,0.011806891800632657,Katashi,0.23460114208392602,0.8196721311479508,1.0
2018-02-26,0.3504492126231257,2.0,0.48780487804878053,0.0,0.0,0,0.0,0.6589521054329959,0.0,0.062424982399263404,1.0,Katashi,0.23460114208392602,0.8196721311479508,1.0
2018-02-27,0.3573153899240857,2.0,0.48780487804878053,0.0,0.0,0,0.0,0.6589521054329959,0.0,0.0605522329272855,1.0,Katashi,0.23460114208392602,0.8196721311479508,1.0
2018-02-28,0.3545975280757889,1.5,0.6451612903225806,0.0,0.0,0,0.0,0.49823207971788014,0.0,0.058735665939466934,0.012787609472986183,Utsuroi,0.23460114208392602,0.8196721311479508,1.0
2018-03-01,0.34107974151452414,2.0,0.48780487804878053,0.0,0.0,0,0.0,0.6589521054329959,0.0,0.05697359596128292,0.007331309825758914,Katashi,0.23460114208392602,0.8196721311479508,1.0
2018-03-02,0.32602755390944405,2.0,0.48780487804878053,0.0,0.0,0,0.0,0.6589521054329959,0.0,0.05526438808244443,1.0,Katashi,0.23460114208392602,0.8196721311479508,1.0
2018-03-05,0.3183005650258512,1.0,0.9523809523809523,0.0,0.0,0,0.0,0.33751205400260376,0.0,0.0536064564399711,0.04412457397714464,Utsuroi,0.23460114208392602,0.8196721311479508,1.0
2018-03-06,0.3197406394259084,2.0,0.48780487804878053,0.0,0.0,0,0.0,0.6589521054329959,0.0,0.05199826274677196,0.011806891800632657,Katashi,0.23460114208392602,0.8196721311479508,1.0
2018-03-07,0.3048301235707718,1.5,0.6451612903225806,0.0,0.0,0,0.0,0.49823207971788014,0.0,0.0504383148643688,0.012787609472986183,Utsuroi,0.23460114208392602,0.8196721311479508,1.0
2018-03-08,0.31764661732910715,2.0,0.48780487804878053,0.0,0.0,0,0.0,0.6589521054329959,0.0,0.04892516541843773,0.007331309825758914,Katashi,0.23460114208392602,0.8196721311479508,1.0
2018-03-09,0.32607235630576215,1.0,0.9523809523809523,0.0,0.0,0,0.0,0.33751205400260376,0.0,0.04745741045588459,0.04412457397714464,Utsuroi,0.23460114208392602,0.8196721311479508,1.0
2018-03-12,0.2990259571292493,1.0,0.9523809523809523,0.0,0.0,0,0.0,0.33751205400260376,0.0,0.046033688142208054,1.0,Utsuroi,0.23460114208392602,0.8196721311479508,1.0
2018-03-13,0.2908234345005643,1.0,0.9523809523809523,0.0,0.0,0,0.0,0.33751205400260376,0.0,0.044652677497941815,1.0,Utsuroi,0.23460114208392602,0.8196721311479508,1.0
2018-03-14,0.29183736268120464,2.0,0.48780487804878053,0.0,0.0,0,0.0,0.6589521054329959,0.0,0.04331309717300356,0.011806891800632657,Katashi,0.23460114208392602,0.8196721311479508,1.0
2018-03-15,0.2843970040103854,2.0,0.48780487804878053,0.0,0.0,0,0.0,0.6589521054329959,0.0,0.04201370425781345,1.0,Katashi,0.23460114208392602,0.8196721311479508,1.0
2018-03-16,0.2837423928728277,1.0,0.9523809523809523,0.0,0.0,0,0.0,0.33751205400260376,0.0,0.04075329313007905,0.04412457397714464,Utsuroi,0.23460114208392602,0.8196721311479508,1.0
2018-03-19,0.305318401405358,2.0,0.48780487804878053,0.0,0.0,0,0.0,0.6589521054329959,0.0,0.039530694336176675,0.011806891800632657,Katashi,0.23460114208392602,0.8196721311479508,1.0
2018-03-20,0.29337411380889644,2.0,0.48780487804878053,0.0,0.0,0,0.0,0.6589521054329959,0.0,0.038344773506091376,1.0,Katashi,0.23460114208392602,0.8196721311479508,1.0
2018-03-21,0.2869847543760588,2.0,0.48780487804878053,0.0,0.0,0,0.0,0.6589521054329959,0.0,0.03719443030090863,1.0,Katashi,0.23460114208392602,0.8196721311479508,1.0
2018-03-22,0.28855825334086205,2.0,0.48780487804878053,8.67539373667713e-12,0.9999999999903246,1,8.393765830882344e-23,0.6589521054329959,1.0,0.03607859739188137,0.5934596063203189,Katashi,0.23460114208392602,0.8196721311479508,1.0
2018-03-23,0.2998588368153585,2.0,0.48780487804878053,0.12793246364027228,0.9719400028384073,2,0.0035897845666216,0.6589521054329959,2.0,0.03499623947012493,0.3352814759466557,Katashi,0.23460114208392602,0.8196721311479508,1.0
2018-03-26,0.3020045172219085,2.0,0.48780487804878053,1.3209544569192121e-11,0.9999999999857905,1,1.8770132007814424e-22,0.6589521054329959,1.0,0.033946352286021185,0.5939313909397694,Katashi,0.23460114208392602,0.8196721311479508,1.0
2018-03-27,0.2800470543948805,2.0,0.48780487804878053,7.429390436151595e-12,0.9999999999915706,1,6.262506833829671e-23,0.6589521054329959,1.0,0.03292796171744055,1.0,Katashi,0.23460114208392602,0.8196721311479508,1.0
2018-03-28,0.26531338226990403,2.0,0.48780487804878053,8.620215652353791e-12,0.9999999999903798,1,8.292814285183562e-23,0.6589521054329959,1.0,0.03194012286591733,1.0,Katashi,0.23460114208392602,0.8196721311479508,1.0
2018-03-29,0.2677689942907335,1.0,0.9523809523809523,1.6896595233913074e-11,0.9999999999821034,1,3.023911519535538e-22,0.33751205400260376,1.0,0.03098191917993981,0.27282689717922226,Utsuroi,0.23460114208392602,0.8196721311479508,1.0
2018-04-02,0.2633822699040091,2.0,0.48780487804878053,1.1045719894226096e-11,0.9999999999879543,1,1.3305340352640006e-22,0.6589521054329959,1.0,0.030052461604541614,0.09715435546482021,Katashi,0.23460114208392602,0.8196721311479508,1.0
2018-04-03,0.25451345755693583,1.0,0.9523809523809523,8.78530581611395e-12,0.9999999999902147,1,8.596670975309933e-23,0.33751205400260376,1.0,0.029150887756405366,0.27282689717922226,Utsuroi,0.23460114208392602,0.8196721311479508,1.0
2018-04-04,0.24688437166698035,3.0,0.3278688524590164,5.307310146898707e-12,0.9999999999936927,1,3.347473373554593e-23,0.9803921568627452,1.0,0.10899638683850763,0.04607074443943837,Katashi,0.23460114208392602,0.8196721311479508,1.0
2018-04-05,0.2503413012108664,2.0,0.48780487804878053,0.20073244144126445,0.949244959522853,2,0.01018818319042791,0.6589521054329959,2.0,0.1057264952333524,0.9033098094601268,Katashi,0.23460114208392602,0.8196721311479508,1.0
2018-04-06,0.24199698851872767,2.0,0.48780487804878053,0.18902486753159237,0.9531861073052704,2,0.008848989865259437,0.6589521054329959,2.0,0.10255470037635182,0.9605212708225949,Katashi,0.23460114208392602,0.8196721311479508,1.0
2018-04-09,0.23129242737938394,2.0,0.48780487804878053,0.2662096458963323,0.9250695705437707,2,0.01994720309240291,0.6589521054329959,2.0,0.09947805936506127,0.9112895930103027,Katashi,0.23460114208392602,0.8196721311479508,1.0
2018-04-10,0.2373718551979422,2.0,0.48780487804878053,0.23859019227319317,0.9357181310881846,2,0.01533702346335024,0.6589521054329959,2.0,0.09649371758410942,0.9316822766282751,Katashi,0.23460114208392602,0.8196721311479508,1.0
2018-04-11,0.23513081121776777,2.0,0.48780487804878053,0.1309392004339062,0.971088111096328,2,0.0037856996160807394,0.6589521054329959,2.0,0.09359890605658613,0.9830997826148258,Katashi,0.23460114208392602,0.8196721311479508,1.0
2018-04-12,0.23076792772444948,2.0,0.48780487804878053,0.33508846841434503,0.8953933623409142,2,0.03505247799915742,0.6589521054329959,2.0,0.09079093887488855,0.8453776546999824,Katashi,0.23460114208392602,0.8196721311479508,1.0
2018-04-13,0.22158918376309683,2.0,0.48780487804878053,7.72015784629843e-12,0.9999999999912799,1,6.732082423518014e-23,0.6589521054329959,1.0,0.08806721070864189,0.6321888382724656,Katashi,0.23460114208392602,0.8196721311479508,1.0
2018-04-16,0.22061170713344624,2.0,0.48780487804878053,8.237743820374032e-12,0.9999999999907623,1,7.609798483776872e-23,0.6589521054329959,1.0,0.08542519438738264,1.0,Katashi,0.23460114208392602,0.8196721311479508,1.0
2018-04-17,0.22487137211663036,2.0,0.48780487804878053,1.8014589819689976e-11,0.9999999999809854,1,3.425396376809012e-22,0.6589521054329959,1.0,0.08286243855576116,1.0,Katashi,0.23460114208392602,0.8196721311479508,1.0
2018-04-18,0.22101063554683667,2.0,0.48780487804878053,9.873879491747672e-12,0.9999999999891261,1,1.0736715728268312e-22,0.6589521054329959,1.0,0.08037656539908831,1.0,Katashi,0.23460114208392602,0.8196721311479508,1.0
2018-04-19,0.20741739378677515,2.0,0.48780487804878053,8.519962512904445e-11,0.9999999999138004,1,7.344173862812976e-21,0.6589521054329959,1.0,0.07796526843711567,1.0,Katashi,0.23460114208392602,0.8196721311479508,1.0
2018-04-20,0.2256877518463918,2.0,0.48780487804878053,7.228018183711662e-11,0.9999999999267198,1,5.296703269475843e-21,0.6589521054329959,1.0,0.0756263103840022,1.0,Katashi,0.23460114208392602,0.8196721311479508,1.0
2018-04-23,0.22567684483127443,2.0,0.48780487804878053,2.444999758178662e-11,0.99999999997455,1,6.222518384630607e-22,0.6589521054329959,1.0,0.07335752107248213,1.0,Katashi,0.23460114208392602,0.8196721311479508,1.0
2018-04-24,0.21784650860354005,2.0,0.48780487804878053,0.0,0.0,0,0.0,0.6589521054329959,0.0,0.07115679544030766,1.0,Katashi,0.23460114208392602,0.8196721311479508,1.0
2018-04-25,0.2130847859189758,0.0,20.0,0.0,0.0,0,0.0,0.016072002571568628,0.0,0.06902209157709843,0.09878551741257913,Utsuroi,0.23460114208392602,0.8196721311479508,1.0
2018-04-26,0.22285368879011594,2.0,0.48780487804878053,0.0,0.0,0,0.0,0.6589521054329959,0.0,0.06695142882978548,0.6247590536864708,Katashi,0.23460114208392602,0.8196721311479508,1.0
2018-04-27,0.22862451827980318,1.5,0.6451612903225806,0.0,0.0,0,0.0,0.49823207971788014,0.0,0.06494288596489192,0.012787609472986183,Utsuroi,0.23460114208392602,0.8196721311479508,1.0
2018-04-30,0.22967301929108505,2.0,0.48780487804878053,0.0,0.0,0,0.0,0.6589521054329959,0.0,0.06299459938594516,0.007331309825758914,Katashi,0.23460114208392602,0.8196721311479508,1.0
2018-05-01,0.20187493487167651,2.0,0.48780487804878053,0.0,0.0,0,0.0,0.6589521054329959,0.0,0.061104761404366804,1.0,Katashi,0.23460114208392602,0.8196721311479508,1.0
2018-05-02,0.19866429781662356,2.0,0.48780487804878053,0.0,0.0,0,0.0,0.6589521054329959,0.0,0.0592716185622358,1.0,Katashi,0.23460114208392602,0.8196721311479508,1.0
2018-05-03,0.20311161766715485,1.0,0.9523809523809523,0.0,0.0,0,0.0,0.33751205400260376,0.0,0.057493470005368724,0.04412457397714464,Utsuroi,0.23460114208392602,0.8196721311479508,1.0
2018-05-04,0.21119359299288548,2.0,0.48780487804878053,0.0,0.0,0,0.0,0.6589521054329959,0.0,0.05576866590520766,0.011806891800632657,Katashi,0.23460114208392602,0.8196721311479508,1.0
2018-05-07,0.21091888738442235,2.0,0.48780487804878053,0.0,0.0,0,0.0,0.6589521054329959,0.0,0.05409560592805143,1.0,Katashi,0.23460114208392602,0.8196721311479508,1.0
2018-05-08,0.21546824228570607,2.0,0.48780487804878053,1.720812381461727e-11,0.9999999999817919,1,3.1332726836336043e-22,0.6589521054329959,1.0,0.052472737750209886,0.5934596063203189,Katashi,0.23460114208392602,0.8196721311479508,1.0
2018-05-09,0.21958853094097677,3.0,0.3278688524590164,6.474487612490455e-11,0.9999999999342551,1,4.256642428426006e-21,0.9803921568627452,1.0,0.131618581332498,0.04366587736761063,Katashi,0.23460114208392602,0.8196721311479508,1.0
2018-05-10,0.24182518033654402,2.5,0.3921568627450981,0.0,0.0,0,0.0,0.8196721311479508,0.0,0.12767002389252308,0.5206183565164626,Katashi,0.23460114208392602,0.8196721311479508,1.0
2018-05-11,0.23429148498955807,2.0,0.48780487804878053,1.4997303398016135e-10,0.999999999849027,1,2.2641880639242387e-20,0.6589521054329959,1.0,0.12383992317574738,0.9194983347745274,Katashi,0.23460114208392602,0.8196721311479508,1.0
2018-05-14,0.2356738792362817,2.0,0.48780487804878053,0.0,0.0,0,0.0,0.6589521054329959,0.0,0.12012472548047495,1.0,Katashi,0.23460114208392602,0.8196721311479508,1.0
2018-05-15,0.2750654254774663,1.0,0.9523809523809523,0.0,0.0,0,0.0,0.33751205400260376,0.0,0.1165209837160607,0.04412457397714464,Utsuroi,0.23460114208392602,0.8196721311479508,1.0
2018-05-16,0.2927437677919202,1.0,0.9523809523809523,4.552480614597523e-11,0.9999999999534752,1,2.1180317737368266e-21,0.33751205400260376,1.0,0.11302535420457888,0.3509437882530295,Utsuroi,0.23460114208392602,0.8196721311479508,1.0
2018-05-17,0.3090852625635234,1.0,0.9523809523809523,0.0,0.0,0,0.0,0.33751205400260376,0.0,0.1096345935784415,1.0,Utsuroi,0.23460114208392602,0.8196721311479508,1.0
2018-05-18,0.2942562268649226,1.0,0.9523809523809523,3.3778324576107056e-10,0.9999999996612168,1,1.1443529690968265e-19,0.33751205400260376,1.0,0.10634555577108826,0.3509437882530295,Utsuroi,0.23460114208392602,0.8196721311479508,1.0
2018-05-21,0.3065581278624757,1.0,0.9523809523809523,0.0,0.0,0,0.0,0.33751205400260376,0.0,0.10315518909795561,1.0,Utsuroi,0.23460114208392602,0.8196721311479508,1.0
2018-05-22,0.2796894409937889,2.0,0.48780487804878053,1.0724422455433262e-09,0.9999999989265578,1,1.1512047891651635e-18,0.6589521054329959,1.0,0.10006053342501695,0.05841767180693058,Katashi,0.23460114208392602,0.8196721311479508,1.0
2018-05-23,0.26178493004579967,2.0,0.48780487804878053,0.0,0.0,0,0.0,0.6589521054329959,0.0,0.09705871742226643,1.0,Katashi,0.23460114208392602,0.8196721311479508,1.0
2018-05-24,0.2601875901875902,0.0,20.0,0.0,0.0,0,0.0,0.016072002571568628,0.0,0.09414695589959844,0.09878551741257913,Utsuroi,0.23460114208392602,0.8196721311479508,1.0
2018-05-25,0.2562300018821759,1.0,0.9523809523809523,4.835210010035012e-11,0.9999999999506479,1,2.3862766146418618e-21,0.33751205400260376,1.0,0.09132254722261049,0.8366818677819854,Utsuroi,0.23460114208392602,0.8196721311479508,1.0
2018-05-29,0.2306248823640128,2.0,0.48780487804878053,0.0,0.0,0,0.0,0.6589521054329959,0.0,0.08858287080593218,0.2686618444260084,Katashi,0.23460114208392602,0.8196721311479508,1.0
2018-05-30,0.21577200577200584,1.0,0.9523809523809523,3.98289179406871e-11,0.9999999999591711,1,1.6261707412156761e-21,0.33751205400260376,1.0,0.0859253846817542,0.8983418051370832,Utsuroi,0.23460114208392602,0.8196721311479508,1.0
2018-05-31,0.22647656691134957,2.0,0.48780487804878053,1.5792478435942507e-11,0.9999999999832075,1,2.6519450423108236e-22,0.6589521054329959,1.0,0.08334762314130158,0.09715435546482021,Katashi,0.23460114208392602,0.8196721311479508,1.0
2018-06-01,0.2235441370223979,1.0,0.9523809523809523,9.727996186313502e-12,0.999999999989272,1,1.0436169078778949e-22,0.33751205400260376,1.0,0.08084719444706252,0.27282689717922226,Utsuroi,0.23460114208392602,0.8196721311479508,1.0
2018-06-04,0.21906204906204907,1.0,0.9523809523809523,1.0931477944993538e-11,0.9999999999880685,1,1.3042844618455068e-22,0.33751205400260376,1.0,0.07842177861365064,1.0,Utsuroi,0.23460114208392602,0.8196721311479508,1.0
2018-06-05,0.22361565970261635,2.0,0.48780487804878053,8.14492917551622e-12,0.9999999999908551,1,7.448462027018444e-23,0.6589521054329959,1.0,0.07606912525524112,0.09715435546482021,Katashi,0.23460114208392602,0.8196721311479508,1.0
2018-06-06,0.21126607691825078,2.0,0.48780487804878053,2.2005031128146602e-10,0.9999999997789497,1,4.8642184943836234e-20,0.6589521054329959,1.0,0.07378705149758388,1.0,Katashi,0.23460114208392602,0.8196721311479508,1.0
2018-06-07,0.2183706631532719,1.0,0.9523809523809523,0.0,0.0,0,0.0,0.33751205400260376,0.0,0.07157343995265636,0.29257939037860414,Utsuroi,0.23460114208392602,0.8196721311479508,1.0
2018-06-08,0.1956741326306544,2.0,0.48780487804878053,1.0408529593222932e-10,0.9999999998949147,1,1.0937831823260849e-20,0.6589521054329959,1.0,0.06942623675407666,0.05841767180693058,Katashi,0.23460114208392602,0.8196721311479508,1.0
2018-06-11,0.19891649413388549,1.0,0.9523809523809523,0.0,0.0,0,0.0,0.33751205400260376,0.0,0.06734344965145436,0.29257939037860414,Utsuroi,0.23460114208392602,0.8196721311479508,1.0
2018-06-12,0.157290294246816,2.0,0.48780487804878053,1.4755308086354565e-11,0.9999999999842447,1,2.3247409839862316e-22,0.6589521054329959,1.0,0.06532314616191073,0.05841767180693058,Katashi,0.23460114208392602,0.8196721311479508,1.0
2018-06-13,0.15924524750611707,2.0,0.48780487804878053,1.0850875753406708e-11,0.9999999999881491,1,1.2859214032999634e-22,0.6589521054329959,1.0,0.06336345177705341,1.0,Katashi,0.23460114208392602,0.8196721311479508,1.0
2018-06-14,0.15228370663153273,0.0,20.0,6.3210547906770294e-12,0.999999999992679,1,4.627664862497934e-23,0.016072002571568628,1.0,0.0614625482237418,0.11767716819036311,Utsuroi,0.23460114208392602,0.8196721311479508,1.0
2018-06-15,0.11254093732354606,1.0,0.9523809523809523,4.300781952779382e-12,0.9999999999946992,1,2.279741221749583e-23,0.33751205400260376,1.0,0.05961867177702954,0.9709382428460903,Utsuroi,0.23460114208392602,0.8196721311479508,1.0
2018-06-18,0.1118018696279566,1.0,0.9523809523809523,5.374034550678256e-12,0.999999999993626,1,3.425416301978013e-23,0.33751205400260376,1.0,0.05783011162371866,1.0,Utsuroi,0.23460114208392602,0.8196721311479508,1.0
2018-06-19,0.08991592948114686,1.0,0.9523809523809523,3.979927498664361e-12,0.9999999999950201,1,1.981966235049425e-23,0.33751205400260376,1.0,0.056095208275007094,1.0,Utsuroi,0.23460114208392602,0.8196721311479508,1.0
2018-06-20,0.09041658824267523,1.0,0.9523809523809523,2.604139126554772e-12,0.9999999999963959,1,9.38562210898692e-24,0.33751205400260376,1.0,0.05441235202675688,1.0,Utsuroi,0.23460114208392602,0.8196721311479508,1.0
2018-06-21,0.11783361565970261,1.0,0.9523809523809523,3.2801539262463655e-12,0.9999999999957199,1,1.4039491143497106e-23,0.33751205400260376,1.0,0.05277998146595417,1.0,Utsuroi,0.23460114208392602,0.8196721311479508,1.0
2018-06-22,0.13066001631219024,1.0,0.9523809523809523,4.519717933234279e-12,0.9999999999944803,1,2.4947468145365264e-23,0.33751205400260376,1.0,0.051196582021975544,1.0,Utsuroi,0.23460114208392602,0.8196721311479508,1.0
2018-06-25,0.11749984315201707,1.0,0.9523809523809523,3.942401960432217e-12,0.9999999999950576,1,1.9484847965385412e-23,0.33751205400260376,1.0,0.049660684561316275,1.0,Utsuroi,0.23460114208392602,0.8196721311479508,1.0
2018-06-26,0.11769057029926595,1.5,0.6451612903225806,4.240052753332706e-12,0.99999999999476,1,2.221800630717275e-23,0.49823207971788014,1.0,0.04817086402447678,0.15932618274669408,Utsuroi,0.23460114208392602,0.8196721311479508,1.0
2018-06-27,0.13168517472865296,1.5,0.6451612903225806,3.981925900108676e-12,0.9999999999950181,1,1.9837571687062086e-23,0.49823207971788014,1.0,0.046725738103742476,1.0,Utsuroi,0.23460114208392602,0.8196721311479508,1.0
2018-06-28,0.14388498175477504,2.0,0.48780487804878053,5.3141935296513396e-12,0.9999999999936858,1,3.3554728841240846e-23,0.6589521054329959,1.0,0.0453239659606302,0.09306531693657372,Katashi,0.23460114208392602,0.8196721311479508,1.0
2018-06-29,0.1430262584299209,2.0,0.48780487804878053,6.364242466334632e-12,0.9999999999926358,1,4.686768384881051e-23,0.6589521054329959,1.0,0.04396424698181129,1.0,Katashi,0.23460114208392602,0.8196721311479508,1.0
2018-07-02,0.14944926816763773,2.0,0.48780487804878053,5.5201399007179846e-12,0.9999999999934799,1,3.5991962309341406e-23,0.6589521054329959,1.0,0.04264531957235695,1.0,Katashi,0.23460114208392602,0.8196721311479508,1.0
2018-07-03,0.14726432823022265,1.0,0.9523809523809523,6.706746269428912e-12,0.9999999999922933,1,5.168704342735945e-23,0.33751205400260376,1.0,0.04136595998518624,0.27282689717922226,Utsuroi,0.23460114208392602,0.8196721311479508,1.0
2018-07-05,0.14579616386086935,1.0,0.9523809523809523,5.2653437165681405e-12,0.9999999999937347,1,3.298907169181241e-23,0.33751205400260376,1.0,0.040124981185630654,1.0,Utsuroi,0.23460114208392602,0.8196721311479508,1.0
2018-07-06,0.1708608937231107,1.0,0.9523809523809523,4.049316437629299e-11,0.9999999999585069,1,1.6801886298381656e-21,0.33751205400260376,1.0,0.038921231750061736,1.0,Utsuroi,0.23460114208392602,0.8196721311479508,1.0
2018-07-09,0.18558573956625868,1.0,0.9523809523809523,1.0285772233879041e-11,0.9999999999887142,1,1.160826551427914e-22,0.33751205400260376,1.0,0.03775359479755988,1.0,Utsuroi,0.23460114208392602,0.8196721311479508,1.0
2018-07-10,0.18849339256851247,1.0,0.9523809523809523,5.8034688166004375e-12,0.9999999999931966,1,3.948359073927263e-23,0.33751205400260376,1.0,0.03662098695363308,1.0,Utsuroi,0.23460114208392602,0.8196721311479508,1.0
2018-07-11,0.20701468941459764,1.0,0.9523809523809523,5.961009463793662e-12,0.999999999993039,1,4.1494511423589715e-23,0.33751205400260376,1.0,0.03552235734502409,1.0,Utsuroi,0.23460114208392602,0.8196721311479508,1.0
2018-07-12,0.22393180658122824,1.0,0.9523809523809523,5.847100581467908e-12,0.9999999999931529,1,4.003555644348181e-23,0.33751205400260376,1.0,0.03445668662467337,1.0,Utsuroi,0.23460114208392602,0.8196721311479508,1.0
2018-07-13,0.22343176059228662,1.0,0.9523809523809523,5.447198248000585e-12,0.9999999999935528,1,3.5119046499736625e-23,0.33751205400260376,1.0,0.03342298602593317,1.0,Utsuroi,0.23460114208392602,0.8196721311479508,1.0
2018-07-16,0.22092805602499893,1.0,0.9523809523809523,5.489830812145916e-12,0.9999999999935102,1,3.562795171374472e-23,0.33751205400260376,1.0,0.03242029644515517,1.0,Utsuroi,0.23460114208392602,0.8196721311479508,1.0
2018-07-17,0.21683928556885107,1.5,0.6451612903225806,7.394973522388504e-12,0.999999999991605,1,6.208044332993787e-23,0.49823207971788014,1.0,0.03144768755180052,0.15932618274669408,Utsuroi,0.23460114208392602,0.8196721311479508,1.0
2018-07-18,0.2151093764043823,1.0,0.9523809523809523,0.3328627240621271,0.8964273457686409,2,0.03447547582579498,0.33751205400260376,2.0,0.0305042569252465,0.4501994534478613,Utsuroi,0.23460114208392602,0.8196721311479508,1.0
2018-07-19,0.19925026664157103,1.0,0.9523809523809523,0.4223892477478154,0.8501843114215676,2,0.06328053599946505,0.33751205400260376,2.0,0.029589129217489105,0.6557419961856515,Utsuroi,0.23460114208392602,0.8196721311479508,1.0
2018-07-20,0.19412447455925716,1.0,0.9523809523809523,0.11982473648335805,0.97419999119889,2,0.0030914792558613237,0.33751205400260376,2.0,0.02870145534096443,0.982089704482931,Utsuroi,0.23460114208392602,0.8196721311479508,1.0
2018-07-23,0.2056157851810026,1.0,0.9523809523809523,0.35849384547470375,0.884189452529512,2,0.04151736850922598,0.33751205400260376,2.0,0.027840411680735498,0.7661059093002287,Utsuroi,0.23460114208392602,0.8196721311479508,1.0
2018-07-24,0.21107534977100192,1.5,0.6451612903225806,7.1269656842462065e-12,0.9999999999918731,1,5.792044788816082e-23,0.49823207971788014,1.0,0.027005199330313433,0.9671149695250452,Utsuroi,0.23460114208392602,0.8196721311479508,1.0
2018-07-25,0.21946734424995296,1.5,0.6451612903225806,0.3116360187292308,0.9060264528127907,2,0.02928554211128541,0.49823207971788014,2.0,0.02619504335040403,0.24524641995772212,Utsuroi,0.23460114208392602,0.8196721311479508,1.0
2018-07-26,0.23060104147060667,1.0,0.9523809523809523,4.766835813821275e-10,0.9999999995223164,1,2.2770390984999767e-19,0.33751205400260376,1.0,0.025409192049891907,0.13386581726652702,Utsuroi,0.23460114208392602,0.8196721311479508,1.0
2018-07-27,0.22621431708388226,1.0,0.9523809523809523,9.608414063916955e-11,0.9999999999029159,1,9.32824409791318e-21,0.33751205400260376,1.0,0.02464691628839515,1.0,Utsuroi,0.23460114208392602,0.8196721311479508,1.0
2018-07-30,0.23393876654746223,1.0,0.9523809523809523,0.6260269771631926,0.6811139015723187,2,0.19963130025804565,0.33751205400260376,2.0,0.023907508799743293,0.09402769652424381,Utsuroi,0.23460114208392602,0.8196721311479508,1.0
2018-07-31,0.2287414517849301,2.0,0.48780487804878053,3.7045255751154234e-11,0.9999999999619548,1,1.4093954099415922e-21,0.6589521054329959,1.0,0.023190283535750995,0.8085568853595195,Katashi,0.23460114208392602,0.8196721311479508,1.0
2018-08-01,0.2530830039525691,1.0,0.9523809523809523,0.0,0.0,0,0.0,0.33751205400260376,0.0,0.022494575029678464,0.29257939037860414,Utsuroi,0.23460114208392602,0.8196721311479508,1.0
2018-08-02,0.24214003387916433,1.0,0.9523809523809523,0.0,0.0,0,0.0,0.33751205400260376,0.0,0.02181973777878811,1.0,Utsuroi,0.23460114208392602,0.8196721311479508,1.0
2018-08-03,0.2828841207102077,2.0,0.48780487804878053,0.0,0.0,0,0.0,0.6589521054329959,0.0,0.021165145645424464,0.011806891800632657,Katashi,0.23460114208392602,0.8196721311479508,1.0
2018-08-06,0.29599661208356864,2.0,0.48780487804878053,0.0,0.0,0,0.0,0.6589521054329959,0.0,0.02053019127606173,1.0,Katashi,0.23460114208392602,0.8196721311479508,1.0
2018-08-07,0.270033879164314,2.0,0.48780487804878053,0.0,0.0,0,0.0,0.6589521054329959,0.0,0.019914285537779877,1.0,Katashi,0.23460114208392602,0.8196721311479508,1.0
2018-08-08,0.2709636740071523,3.0,0.3278688524590164,0.0,0.0,0,0.0,0.9803921568627452,0.0,0.1000368826864409,0.0017216396294629233,Katashi,0.23460114208392602,0.8196721311479508,1.0
2018-08-09,0.25653993349645526,2.0,0.48780487804878053,0.0,0.0,0,0.0,0.6589521054329959,0.0,0.09703577620584766,0.003806676760774619,Katashi,0.23460114208392602,0.8196721311479508,1.0
2018-08-10,0.24364201016374937,1.0,0.9523809523809523,0.0,0.0,0,0.0,0.33751205400260376,0.0,0.09412470291967223,0.04412457397714464,Utsuroi,0.23460114208392602,0.8196721311479508,1.0
2018-08-13,0.24795721187025535,2.0,0.48780487804878053,0.0,0.0,0,0.0,0.6589521054329959,0.0,0.09130096183208206,0.011806891800632657,Katashi,0.23460114208392602,0.8196721311479508,1.0
2018-08-14,0.2671252901687685,1.0,0.9523809523809523,3.0138447292897586e-11,0.9999999999688616,1,9.384637858199636e-22,0.33751205400260376,1.0,0.08856193297711959,0.8983418051370832,Utsuroi,0.23460114208392602,0.8196721311479508,1.0
2018-08-15,0.28922579835623324,1.0,0.9523809523809523,1.0319300969222341e-11,0.9999999999886807,1,1.1680704518258354e-22,0.33751205400260376,1.0,0.085905074987806,1.0,Utsuroi,0.23460114208392602,0.8196721311479508,1.0
2018-08-16,0.28255034820252206,2.0,0.48780487804878053,9.888312391067641e-12,0.9999999999891117,1,1.0766681558851153e-22,0.6589521054329959,1.0,0.08332792273817181,0.09715435546482021,Katashi,0.23460114208392602,0.8196721311479508,1.0
2018-08-17,0.27523119392684614,1.0,0.9523809523809523,1.0816125772736352e-11,0.9999999999881839,1,1.2780446323383044e-22,0.33751205400260376,1.0,0.08082808505602666,0.27282689717922226,Utsuroi,0.23460114208392602,0.8196721311479508,1.0
2018-08-20,0.28154903067946546,1.0,0.9523809523809523,2.939570808944621e-11,0.9999999999696043,1,8.935027118993168e-22,0.33751205400260376,1.0,0.07840324250434585,1.0,Utsuroi,0.23460114208392602,0.8196721311479508,1.0
2018-08-21,0.27129744651483784,2.0,0.48780487804878053,3.8744563112579395e-11,0.9999999999602555,1,1.5398848768314278e-21,0.6589521054329959,1.0,0.07605114522921548,0.09715435546482021,Katashi,0.23460114208392602,0.8196721311479508,1.0
2018-08-22,0.2623809523809524,2.0,0.48780487804878053,1.4651724278158667e-11,0.9999999999843483,1,2.293244244817863e-22,0.6589521054329959,1.0,0.07376961087233902,1.0,Katashi,0.23460114208392602,0.8196721311479508,1.0
2018-08-23,0.2513903005207353,2.0,0.48780487804878053,3.5844438527764623e-11,0.9999999999631556,1,1.3206674189821363e-21,0.6589521054329959,1.0,0.07155652254616884,1.0,Katashi,0.23460114208392602,0.8196721311479508,1.0
2018-08-24,0.25770813727335473,2.0,0.48780487804878053,9.088896301822946e-11,0.9999999999081111,1,8.351690551310779e-21,0.6589521054329959,1.0,0.06940982686978378,1.0,Katashi,0.23460114208392602,0.8196721311479508,1.0
2018-08-27,0.24538239538239542,2.0,0.48780487804878053,1.173272590185563e-11,0.9999999999872673,1,1.493893234427962e-22,0.6589521054329959,1.0,0.06732753206369027,1.0,Katashi,0.23460114208392602,0.8196721311479508,1.0
2018-08-28,0.25641180847441525,2.0,0.48780487804878053,0.0,0.0,0,0.0,0.6589521054329959,0.0,0.06530770610177956,1.0,Katashi,0.23460114208392602,0.8196721311479508,1.0
2018-08-29,0.24782695224480886,1.0,0.9523809523809523,0.0,0.0,0,0.0,0.33751205400260376,0.0,0.06334847491872618,0.04412457397714464,Utsuroi,0.23460114208392602,0.8196721311479508,1.0
2018-08-30,0.25998389549275364,1.5,0.6451612903225806,0.0,0.0,0,0.0,0.49823207971788014,0.0,0.061448020671164394,0.02524816240564065,Utsuroi,0.23460114208392602,0.8196721311479508,1.0
2018-08-31,0.2447627274325371,1.5,0.6451612903225806,0.0,0.0,0,0.0,0.49823207971788014,0.0,0.05960458005102946,1.0,Utsuroi,0.23460114208392602,0.8196721311479508,1.0
2018-09-04,0.28228663041387725,1.5,0.6451612903225806,0.0,0.0,0,0.0,0.49823207971788014,0.0,0.057816442649498576,1.0,Utsuroi,0.23460114208392602,0.8196721311479508,1.0
2018-09-05,0.2770543589961164,2.0,0.48780487804878053,0.0,0.0,0,0.0,0.6589521054329959,0.0,0.056081949370013616,0.007331309825758914,Katashi,0.23460114208392602,0.8196721311479508,1.0
2018-09-06,0.26583263635673415,2.0,0.48780487804878053,0.0,0.0,0,0.0,0.6589521054329959,0.0,0.05439949088891321,1.0,Katashi,0.23460114208392602,0.8196721311479508,1.0
2018-09-07,0.28998526832324306,1.0,0.9523809523809523,0.0,0.0,0,0.0,0.33751205400260376,0.0,0.05276750616224581,0.04412457397714464,Utsuroi,0.23460114208392602,0.8196721311479508,1.0
2018-09-10,0.2873894427232079,1.0,0.9523809523809523,0.0,0.0,0,0.0,0.33751205400260376,0.0,0.05118448097737844,1.0,Utsuroi,0.23460114208392602,0.8196721311479508,1.0
2018-09-11,0.28834108272791814,1.0,0.9523809523809523,0.0,0.0,0,0.0,0.33751205400260376,0.0,0.049648946548057085,1.0,Utsuroi,0.23460114208392602,0.8196721311479508,1.0
2018-09-12,0.2917285662311551,2.0,0.48780487804878053,0.0,0.0,0,0.0,0.6589521054329959,0.0,0.04815947815161537,0.011806891800632657,Katashi,0.23460114208392602,0.8196721311479508,1.0
2018-09-13,0.2687949213030392,1.0,0.9523809523809523,0.0,0.0,0,0.0,0.33751205400260376,0.0,0.04671469380706691,0.04412457397714464,Utsuroi,0.23460114208392602,0.8196721311479508,1.0
2018-09-14,0.24951945110300705,1.0,0.9523809523809523,0.0,0.0,0,0.0,0.33751205400260376,0.0,0.0453132529928549,1.0,Utsuroi,0.23460114208392602,0.8196721311479508,1.0
2018-09-17,0.23352200544149643,2.5,0.3921568627450981,0.0,0.0,0,0.0,0.8196721311479508,0.0,0.04395385540306925,0.006668432231987098,Katashi,0.23460114208392602,0.8196721311479508,1.0
2018-09-18,0.22999516932091738,2.0,0.48780487804878053,0.0,0.0,0,0.0,0.6589521054329959,0.0,0.042635239740977174,0.004429410850176896,Katashi,0.23460114208392602,0.8196721311479508,1.0
2018-09-19,0.22183077776738042,2.0,0.48780487804878053,0.0,0.0,0,0.0,0.6589521054329959,0.0,0.04135618254874786,1.0,Katashi,0.23460114208392602,0.8196721311479508,1.0
2018-09-20,0.21729991041657507,1.5,0.6451612903225806,0.0,0.0,0,0.0,0.49823207971788014,0.0,0.04011549707228542,0.012787609472986183,Utsuroi,0.23460114208392602,0.8196721311479508,1.0
2018-09-21,0.22311958663436576,1.0,0.9523809523809523,1.747675337627618e-10,0.9999999998242325,1,3.0718454527821946e-20,0.33751205400260376,1.0,0.038912032160116856,0.7797415687752542,Utsuroi,0.23460114208392602,0.8196721311479508,1.0
2018-09-24,0.2367236876265022,1.0,0.9523809523809523,0.0,0.0,0,0.0,0.33751205400260376,0.0,0.03774467119531335,1.0,Utsuroi,0.23460114208392602,0.8196721311479508,1.0
2018-09-25,0.2343997129407738,1.0,0.9523809523809523,0.0,0.0,0,0.0,0.33751205400260376,0.0,0.03661233105945395,1.0,Utsuroi,0.23460114208392602,0.8196721311479508,1.0
2018-09-26,0.22003568254478367,3.0,0.3278688524590164,0.0,0.0,0,0.0,0.9803921568627452,0.0,0.11623398684246475,0.0042319827203954885,Katashi,0.23460114208392602,0.8196721311479508,1.0
2018-09-27,0.21595983370703845,2.0,0.48780487804878053,0.0,0.0,0,0.0,0.6589521054329959,0.0,0.1127469672371908,0.003806676760774619,Katashi,0.23460114208392602,0.8196721311479508,1.0
2018-09-28,0.20967346584605662,2.0,0.48780487804878053,6.065303814560673e-11,0.999999999938347,1,3.739442732803741e-21,0.6589521054329959,1.0,0.10936455822007507,0.5934596063203189,Katashi,0.23460114208392602,0.8196721311479508,1.0
2018-10-01,0.19205718695611185,2.0,0.48780487804878053,0.0,0.0,0,0.0,0.6589521054329959,0.0,0.10608362147347282,1.0,Katashi,0.23460114208392602,0.8196721311479508,1.0
2018-10-02,0.14083526652172923,1.0,0.9523809523809523,0.6332392922152563,0.6713208348844583,2,0.20813256188366702,0.33751205400260376,2.0,0.10290111282926863,0.19263314646133356,Utsuroi,0.23460114208392602,0.8196721311479508,1.0
2018-10-03,0.13506236976628244,1.5,0.6451612903225806,5.545341963376812e-12,0.9999999999934547,1,3.6296036781777724e-23,0.49823207971788014,1.0,0.09981407944439057,0.986157584663499,Utsuroi,0.23460114208392602,0.8196721311479508,1.0
2018-10-04,0.15346019462220317,1.0,0.9523809523809523,6.194156298963295e-12,0.9999999999928059,1,4.456159152971512e-23,0.33751205400260376,1.0,0.09681965706105884,0.2804580418802347,Utsuroi,0.23460114208392602,0.8196721311479508,1.0
2018-10-05,0.13763995383142963,2.0,0.48780487804878053,5.261457935981977e-12,0.9999999999937386,1,3.2944281155690314e-23,0.6589521054329959,1.0,0.09391506734922707,0.09715435546482021,Katashi,0.23460114208392602,0.8196721311479508,1.0
2018-10-08,0.14258046301524566,2.0,0.48780487804878053,0.12171840865546556,0.9736770081966349,2,0.0032039926733564584,0.6589521054329959,2.0,0.09109761532875026,0.33526427779420775,Katashi,0.23460114208392602,0.8196721311479508,1.0
2018-10-09,0.13466528640441686,2.0,0.48780487804878053,1.579103514601052e-11,0.999999999983209,1,2.6514747680590824e-22,0.6589521054329959,1.0,0.08836468686888775,0.5938355681622027,Katashi,0.23460114208392602,0.8196721311479508,1.0
2018-10-10,0.18396825396825398,2.0,0.48780487804878053,2.1912582859067184e-11,0.9999999999770874,1,5.02073385676268e-22,0.6589521054329959,1.0,0.08571374626282112,1.0,Katashi,0.23460114208392602,0.8196721311479508,1.0
2018-10-11,0.19288474810213943,2.0,0.48780487804878053,1.4164480698446085e-10,0.9999999998573552,1,2.020489302066384e-20,0.6589521054329959,1.0,0.08314233387493648,1.0,Katashi,0.23460114208392602,0.8196721311479508,1.0
2018-10-12,0.20690319342493255,2.0,0.48780487804878053,5.909339684070824e-11,0.9999999999399066,1,3.551121639873219e-21,0.6589521054329959,1.0,0.08064806385868839,1.0,Katashi,0.23460114208392602,0.8196721311479508,1.0
2018-10-15,0.2148422109291675,1.5,0.6451612903225806,2.3448354368994796e-11,0.9999999999755517,1,5.732731582720156e-22,0.49823207971788014,1.0,0.07822862194292773,0.14857959043984192,Utsuroi,0.23460114208392602,0.8196721311479508,1.0
2018-10-16,0.24669364451973147,1.5,0.6451612903225806,4.3532366590855093e-10,0.9999999995636764,1,1.8994200817729782e-19,0.49823207971788014,1.0,0.0758817632846399,1.0,Utsuroi,0.23460114208392602,0.8196721311479508,1.0
2018-10-17,0.24566848610326872,1.5,0.6451612903225806,0.0,0.0,0,0.0,0.49823207971788014,0.0,0.0736053103861007,1.0,Utsuroi,0.23460114208392602,0.8196721311479508,1.0
2018-10-18,0.2532737310998181,2.0,0.48780487804878053,0.0,0.0,0,0.0,0.6589521054329959,0.0,0.07139715107451768,0.007331309825758914,Katashi,0.23460114208392602,0.8196721311479508,1.0
2018-10-19,0.24748039400213312,2.0,0.48780487804878053,0.0,0.0,0,0.0,0.6589521054329959,0.0,0.06925523654228215,1.0,Katashi,0.23460114208392602,0.8196721311479508,1.0
2018-10-22,0.22914674697283396,3.0,0.3278688524590164,0.0,0.0,0,0.0,0.9803921568627452,0.0,0.1478976051608081,0.0017216396294629233,Katashi,0.23460114208392602,0.8196721311479508,1.0
2018-10-23,0.23269904009034445,3.0,0.3278688524590164,0.0,0.0,0,0.0,0.9803921568627452,0.0,0.22418070272077828,1.0,Katashi,0.23460114208392602,0.8196721311479508,1.0
2018-10-24,0.21622498274672186,3.0,0.3278688524590164,0.0,0.0,0,0.0,0.9803921568627452,0.0,0.29817530735394937,1.0,Katashi,0.23460114208392602,0.8196721311479508,1.0
2018-10-25,0.22239977413890458,3.0,0.3278688524590164,0.0,0.0,0,0.0,0.9803921568627452,0.0,0.3699500738481253,1.0,Katashi,0.23460114208392602,0.8196721311479508,1.0
2018-10-26,0.21653491436100133,2.0,0.48780487804878053,3.498679123576458e-10,0.9999999996491321,1,1.2275741629171057e-19,0.6589521054329959,1.0,0.3588515716326815,0.6018962508462976,Katashi,0.23460114208392602,0.8196721311479508,1.0
2018-10-29,0.21096547325126916,2.0,0.48780487804878053,0.0,0.0,0,0.0,0.6589521054329959,0.0,0.348086024483701,1.0,Katashi,0.23460114208392602,0.8196721311479508,1.0
2018-10-30,0.20851097230161347,2.0,0.48780487804878053,0.0,0.0,0,0.0,0.6589521054329959,0.0,0.33764344374919,1.0,Katashi,0.23460114208392602,0.8196721311479508,1.0
2018-10-31,0.21029882382660173,2.0,0.48780487804878053,0.0,0.0,0,0.0,0.6589521054329959,0.0,0.3275141404367143,1.0,Katashi,0.23460114208392602,0.8196721311479508,1.0
2018-11-01,0.23927236260380091,2.0,0.48780487804878053,0.0,0.0,0,0.0,0.6589521054329959,0.0,0.31768871622361283,1.0,Katashi,0.23460114208392602,0.8196721311479508,1.0
2018-11-02,0.23703182365597814,3.0,0.3278688524590164,0.0,0.0,0,0.0,0.9803921568627452,0.0,0.38887808045169886,0.0017216396294629233,Katashi,0.23460114208392602,0.8196721311479508,1.0
2018-11-05,0.21167718502828486,3.0,0.3278688524590164,0.0,0.0,0,0.0,0.9803921568627452,0.0,0.4579317637529423,1.0,Katashi,0.23460114208392602,0.8196721311479508,1.0
2018-11-06,0.21339309637964404,2.0,0.48780487804878053,0.0,0.0,0,0.0,0.6589521054329959,0.0,0.44419381084035403,0.003806676760774619,Katashi,0.23460114208392602,0.8196721311479508,1.0
2018-11-07,0.2224277647145626,2.0,0.48780487804878053,0.0,0.0,0,0.0,0.6589521054329959,0.0,0.4308679965151434,1.0,Katashi,0.23460114208392602,0.8196721311479508,1.0
2018-11-08,0.22029068164184168,3.0,0.3278688524590164,0.0,0.0,0,0.0,0.9803921568627452,0.0,0.4986619823344835,0.0017216396294629233,Katashi,0.23460114208392602,0.8196721311479508,1.0
2018-11-09,0.1990235205874759,3.0,0.3278688524590164,0.0,0.0,0,0.0,0.9803921568627452,0.0,0.5644221485792433,1.0,Katashi,0.23460114208392602,0.8196721311479508,1.0
2018-11-12,0.2050994670496899,2.0,0.48780487804878053,1.2880363442395384e-11,0.9999999999861197,1,1.7878384091603006e-22,0.6589521054329959,1.0,0.547489484121866,0.6018962508462976,Katashi,0.23460114208392602,0.8196721311479508,1.0
2018-11-13,0.19689646914046277,2.0,0.48780487804878053,2.9043656368348213e-11,0.9999999999699564,1,8.725769891284975e-22,0.6589521054329959,1.0,0.5310647995982101,1.0,Katashi,0.23460114208392602,0.8196721311479508,1.0
2018-11-14,0.2005068325600217,2.0,0.48780487804878053,6.231304361192254e-11,0.999999999936687,1,3.9452270694464336e-21,0.6589521054329959,1.0,0.5151328556102638,1.0,Katashi,0.23460114208392602,0.8196721311479508,1.0
2018-11-15,0.18894422147229276,2.0,0.48780487804878053,3.595279629496404e-11,0.9999999999630472,1,1.3285555624089757e-21,0.6589521054329959,1.0,0.49967886994195587,1.0,Katashi,0.23460114208392602,0.8196721311479508,1.0
2018-11-16,0.18676321405345603,2.0,0.48780487804878053,2.5117796731081435e-11,0.9999999999738822,1,6.560209537146916e-22,0.6589521054329959,1.0,0.48468850384369716,1.0,Katashi,0.23460114208392602,0.8196721311479508,1.0
2018-11-19,0.1838576417844912,2.0,0.48780487804878053,1.995781317965255e-11,0.9999999999790422,1,4.182716785967812e-22,0.6589521054329959,1.0,0.4701478487283862,1.0,Katashi,0.23460114208392602,0.8196721311479508,1.0
2018-11-20,0.1840458572375111,2.0,0.48780487804878053,1.982813913037904e-11,0.9999999999791719,1,4.1298280187579407e-22,0.6589521054329959,1.0,0.45604341326653464,1.0,Katashi,0.23460114208392602,0.8196721311479508,1.0
2018-11-21,0.19569235924751333,2.0,0.48780487804878053,1.462097110037703e-11,0.999999999984379,1,2.283934435791833e-22,0.6589521054329959,1.0,0.4423621108685386,1.0,Katashi,0.23460114208392602,0.8196721311479508,1.0
2018-11-23,0.20531146279223367,2.0,0.48780487804878053,2.0550894319394702e-11,0.9999999999784491,1,4.428896970299538e-22,0.6589521054329959,1.0,0.42909124754248246,1.0,Katashi,0.23460114208392602,0.8196721311479508,1.0
2018-11-26,0.19925852897036905,1.0,0.9523809523809523,0.0,0.0,0,0.0,0.33751205400260376,0.0,0.416218510116208,0.29257939037860414,Katashi,0.23460114208392602,0.8196721311479508,1.0
2018-11-27,0.18802120584729282,1.0,0.9523809523809523,4.5633496980080965e-11,0.9999999999533665,1,2.1280485341692878e-21,0.33751205400260376,1.0,0.4037319548127217,0.3509437882530295,Katashi,0.23460114208392602,0.8196721311479508,1.0
2018-11-28,0.21455612020829412,1.0,0.9523809523809523,0.0,0.0,0,0.0,0.33751205400260376,0.0,0.3916199961683401,1.0,Katashi,0.23460114208392602,0.8196721311479508,1.0
2018-11-29,0.19472049689440998,1.0,0.9523809523809523,8.116962657229687e-11,0.9999999999178304,1,6.669676109120638e-21,0.33751205400260376,1.0,0.37987139628328986,0.3509437882530295,Utsuroi,0.23460114208392602,0.8196721311479508,1.0
2018-11-30,0.19517347386912604,2.0,0.48780487804878053,0.0,0.0,0,0.0,0.6589521054329959,0.0,0.3684752543947912,0.2686618444260084,Katashi,0.23460114208392602,0.8196721311479508,1.0
2018-12-03,0.23000501913545396,2.0,0.48780487804878053,0.0,0.0,0,0.0,0.6589521054329959,0.0,0.3574209967629474,1.0,Katashi,0.23460114208392602,0.8196721311479508,1.0
2018-12-04,0.20988330510069642,1.0,0.9523809523809523,0.0,0.0,0,0.0,0.33751205400260376,0.0,0.346698366860059,0.04412457397714464,Utsuroi,0.23460114208392602,0.8196721311479508,1.0
2018-12-06,0.21052700922266143,1.0,0.9523809523809523,0.0,0.0,0,0.0,0.33751205400260376,0.0,0.3362974158542572,1.0,Utsuroi,0.23460114208392602,0.8196721311479508,1.0
2018-12-07,0.21155216763912416,2.0,0.48780487804878053,3.1583069492493815e-11,0.999999999967417,1,1.0290726494051128e-21,0.6589521054329959,1.0,0.3262084933786295,0.05841767180693058,Katashi,0.23460114208392602,0.8196721311479508,1.0
2018-12-10,0.20878662400401535,2.0,0.48780487804878053,6.721068146446466e-12,0.999999999992279,1,5.189367649423232e-23,0.6589521054329959,1.0,0.3164222385772706,1.0,Katashi,0.23460114208392602,0.8196721311479508,1.0
2018-12-11,0.2042330133634482,1.0,0.9523809523809523,4.592992652859132e-12,0.999999999994407,1,2.5688472557248654e-23,0.33751205400260376,1.0,0.3069295714199525,0.27282689717922226,Utsuroi,0.23460114208392602,0.8196721311479508,1.0
2018-12-12,0.1903576134010917,1.0,0.9523809523809523,7.468248242013148e-12,0.9999999999915318,1,6.324281483611225e-23,0.33751205400260376,1.0,0.2977216842773539,1.0,Utsuroi,0.23460114208392602,0.8196721311479508,1.0
2018-12-13,0.1990839477071656,1.5,0.6451612903225806,4.891642646481584e-12,0.9999999999941084,1,2.8819702215891833e-23,0.49823207971788014,1.0,0.2887900337490333,0.15932618274669408,Utsuroi,0.23460114208392602,0.8196721311479508,1.0
2018-12-14,0.19766582194226565,1.5,0.6451612903225806,4.078293258645655e-12,0.9999999999949217,1,2.071067894334876e-23,0.49823207971788014,1.0,0.2801263327365623,1.0,Utsuroi,0.23460114208392602,0.8196721311479508,1.0
2018-12-17,0.21086254765989892,2.0,0.48780487804878053,3.5942360199114284e-12,0.9999999999954058,1,1.6512689076093025e-23,0.6589521054329959,1.0,0.2717225427544654,0.09306531693657372,Katashi,0.23460114208392602,0.8196721311479508,1.0
2018-12-18,0.22850602085806496,1.5,0.6451612903225806,6.847633571252748e-12,0.9999999999921524,1,5.373756761617449e-23,0.49823207971788014,1.0,0.2635708664718314,0.14857959043984192,Utsuroi,0.23460114208392602,0.8196721311479508,1.0
2018-12-19,0.2315444452514061,2.0,0.48780487804878053,5.115463608244672e-12,0.9999999999938846,1,3.1283318372759136e-23,0.6589521054329959,1.0,0.2556637404776765,0.09306531693657372,Katashi,0.23460114208392602,0.8196721311479508,1.0
2018-12-20,0.21862354968093903,1.0,0.9523809523809523,3.72102348932303e-12,0.999999999995279,1,1.756695698201618e-23,0.33751205400260376,1.0,0.24799382826334618,0.27282689717922226,Utsuroi,0.23460114208392602,0.8196721311479508,1.0
2018-12-21,0.20853638047851328,2.0,0.48780487804878053,3.700595385670024e-12,0.9999999999952994,1,1.7394919730615924e-23,0.6589521054329959,1.0,0.24055401341544577,0.09715435546482021,Katashi,0.23460114208392602,0.8196721311479508,1.0
2018-12-24,0.1997786264268757,1.0,0.9523809523809523,2.45814479881708e-12,0.9999999999965419,1,8.500566272390753e-24,0.33751205400260376,1.0,0.2333373930129824,0.27282689717922226,Utsuroi,0.23460114208392602,0.8196721311479508,1.0
2018-12-26,0.20459062676453987,2.0,0.48780487804878053,3.055333763760708e-12,0.9999999999959447,1,1.2390330582522078e-23,0.6589521054329959,1.0,0.22633727122259292,0.09715435546482021,Katashi,0.23460114208392602,0.8196721311479508,1.0
2018-12-27,0.1907867494824017,1.0,0.9523809523809523,2.3968604878579812e-12,0.9999999999966032,1,8.141747663448528e-24,0.33751205400260376,1.0,0.21954715308591513,0.27282689717922226,Utsuroi,0.23460114208392602,0.8196721311479508,1.0
2018-12-28,0.2173931865236213,2.0,0.48780487804878053,3.137490267582633e-12,0.9999999999958625,1,1.2981266040102077e-23,0.6589521054329959,1.0,0.21296073849333766,0.09715435546482021,Katashi,0.23460114208392602,0.8196721311479508,1.0
2018-12-31,0.22418784114436288,2.0,0.48780487804878053,3.0133673334300462e-12,0.9999999999959867,1,1.2093683358767342e-23,0.6589521054329959,1.0,0.20657191633853753,1.0,Katashi,0.23460114208392602,0.8196721311479508,1.0
2019-01-02,0.2230434782608696,1.0,0.9523809523809523,6.814548925119178e-12,0.9999999999921855,1,5.32524752286227e-23,0.33751205400260376,1.0,0.2003747588483814,0.27282689717922226,Utsuroi,0.23460114208392602,0.8196721311479508,1.0
2019-01-03,0.22280506932680846,2.0,0.48780487804878053,1.0117906512557598e-11,0.9999999999888821,1,1.1248971488453722e-22,0.6589521054329959,1.0,0.19436351608292995,0.09715435546482021,Katashi,0.23460114208392602,0.8196721311479508,1.0
2019-01-04,0.21968191229060793,2.0,0.48780487804878053,5.543121517327576e-12,0.9999999999934569,1,3.626919504992062e-23,0.6589521054329959,1.0,0.18853261060044205,1.0,Katashi,0.23460114208392602,0.8196721311479508,1.0
2019-01-07,0.17972457494196625,2.0,0.48780487804878053,3.369970968938152e-12,0.99999999999563,1,1.4726600750899998e-23,0.6589521054329959,1.0,0.18287663228242879,1.0,Katashi,0.23460114208392602,0.8196721311479508,1.0
2019-01-08,0.1696637179245875,1.0,0.9523809523809523,4.2746917117008284e-12,0.9999999999947253,1,2.2547586378308265e-23,0.33751205400260376,1.0,0.17739033331395593,0.27282689717922226,Utsuroi,0.23460114208392602,0.8196721311479508,1.0
2019-01-09,0.16928226363008975,1.0,0.9523809523809523,2.9704017023772243e-12,0.9999999999960296,1,1.1793622265489556e-23,0.33751205400260376,1.0,0.17206862331453723,1.0,Utsuroi,0.23460114208392602,0.8196721311479508,1.0
2019-01-10,0.15895915678524375,2.0,0.48780487804878053,4.482192395002155e-12,0.9999999999945178,1,2.4572141907076726e-23,0.6589521054329959,1.0,0.16690656461510112,0.09715435546482021,Katashi,0.23460114208392602,0.8196721311479508,1.0
2019-01-11,0.16308363134450093,1.0,0.9523809523809523,5.740297126499694e-12,0.9999999999932597,1,3.869118124188142e-23,0.33751205400260376,1.0,0.1618993676766481,0.27282689717922226,Utsuroi,0.23460114208392602,0.8196721311479508,1.0
2019-01-14,0.1711920484800111,1.0,0.9523809523809523,5.547007297913738e-12,0.999999999993453,1,3.631617455179516e-23,0.33751205400260376,1.0,0.15704238664634865,1.0,Utsuroi,0.23460114208392602,0.8196721311479508,1.0
2019-01-15,0.17213593540866465,2.0,0.48780487804878053,1.6564860594160964e-11,0.9999999999824352,1,2.9095910065748476e-22,0.6589521054329959,1.0,0.15233111504695818,0.09715435546482021,Katashi,0.23460114208392602,0.8196721311479508,1.0
2019-01-16,0.17996298387602738,1.0,0.9523809523809523,1.370592528349485e-11,0.9999999999852941,1,2.0155800996307032e-22,0.33751205400260376,1.0,0.14776118159554943,0.27282689717922226,Utsuroi,0.23460114208392602,0.8196721311479508,1.0
2019-01-17,0.15844249018184617,1.5,0.6451612903225806,1.7348233960322403e-11,0.9999999999816518,1,3.1830907173254124e-22,0.49823207971788014,1.0,0.14332834614768294,0.15932618274669408,Utsuroi,0.23460114208392602,0.8196721311479508,1.0
2019-01-18,0.1484642177363909,1.5,0.6451612903225806,0.0,0.0,0,0.0,0.49823207971788014,0.0,0.13902849576325246,1.0,Utsuroi,0.23460114208392602,0.8196721311479508,1.0
2019-01-22,0.15448425614772943,1.0,0.9523809523809523,1.6630918864124995e-11,0.9999999999823691,1,2.9321801322727767e-22,0.33751205400260376,1.0,0.13485764089035487,0.7797415687752542,Utsuroi,0.23460114208392602,0.8196721311479508,1.0
2019-01-23,0.1392460686448817,1.0,0.9523809523809523,0.0,0.0,0,0.0,0.33751205400260376,0.0,0.13081191166364423,1.0,Utsuroi,0.23460114208392602,0.8196721311479508,1.0
2019-01-24,0.14714589970599679,1.0,0.9523809523809523,0.0,0.0,0,0.0,0.33751205400260376,0.0,0.12688755431373488,1.0,Utsuroi,0.23460114208392602,0.8196721311479508,1.0
2019-01-25,0.12867074456892907,2.0,0.48780487804878053,2.923050690338699e-11,0.9999999999697695,1,8.83652394116591e-22,0.6589521054329959,1.0,0.12308092768432284,0.05841767180693058,Katashi,0.23460114208392602,0.8196721311479508,1.0
2019-01-28,0.13812746147829338,1.0,0.9523809523809523,0.0,0.0,0,0.0,0.33751205400260376,0.0,0.11938849985379316,0.29257939037860414,Utsuroi,0.23460114208392602,0.8196721311479508,1.0
2019-01-29,0.12875052361827072,2.0,0.48780487804878053,2.0314194770549692e-11,0.9999999999786858,1,4.329802545660511e-22,0.6589521054329959,1.0,0.11580684485817935,0.05841767180693058,Katashi,0.23460114208392602,0.8196721311479508,1.0
2019-01-30,0.13742213141533058,1.0,0.9523809523809523,0.47001011374772395,0.8209104518282887,2,0.08417389890721451,0.33751205400260376,2.0,0.11233263951243397,0.5754407919415595,Utsuroi,0.23460114208392602,0.8196721311479508,1.0
2019-01-31,0.14686376468352705,2.0,0.48780487804878053,0.5174608162393801,0.7873391571411626,2,0.11004365332788853,0.6589521054329959,2.0,0.10896266032706095,0.23541938684118402,Katashi,0.23460114208392602,0.8196721311479508,1.0
2019-02-01,0.18224530164536235,2.0,0.48780487804878053,0.4273879755899443,0.8472860444324424,2,0.06526810831435116,0.6589521054329959,2.0,0.10569378051724912,0.7202242885730386,Katashi,0.23460114208392602,0.8196721311479508,1.0
2019-02-04,0.19811398456578053,2.0,0.48780487804878053,8.791301020446867e-12,0.9999999999902087,1,8.607808017427333e-23,0.6589521054329959,1.0,0.10252296710173164,0.6943033029864352,Katashi,0.23460114208392602,0.8196721311479508,1.0
2019-02-05,0.2075100916716857,1.0,0.9523809523809523,0.5801948377062963,0.7330566808152386,2,0.15487913575118273,0.33751205400260376,2.0,0.09944727808867969,0.36030963674181715,Utsuroi,0.23460114208392602,0.8196721311479508,1.0
2019-02-06,0.23931453037201475,1.0,0.9523809523809523,1.2672418669885957e-11,0.9999999999863276,1,1.7326233328023917e-22,0.33751205400260376,1.0,0.0964638597460193,0.7188067303238107,Utsuroi,0.23460114208392602,0.8196721311479508,1.0
2019-02-07,0.25343990986463355,2.0,0.48780487804878053,8.083422819952547e-12,0.9999999999909166,1,7.342496848719434e-23,0.6589521054329959,1.0,0.09356994395363873,0.09715435546482021,Katashi,0.23460114208392602,0.8196721311479508,1.0
2019-02-08,0.2637352171370721,1.0,0.9523809523809523,6.8797190166641624e-12,0.9999999999921203,1,5.421010057390622e-23,0.33751205400260376,1.0,0.09076284563502957,0.27282689717922226,Utsuroi,0.23460114208392602,0.8196721311479508,1.0
2019-02-11,0.26611539914017385,2.0,0.48780487804878053,2.2628454665328825e-11,0.9999999999763716,1,5.3467491463213525e-22,0.6589521054329959,1.0,0.08803996026597867,0.09715435546482021,Katashi,0.23460114208392602,0.8196721311479508,1.0
2019-02-12,0.25918922918618853,2.0,0.48780487804878053,1.800237736641933e-11,0.9999999999809976,1,3.4208756996907397e-22,0.6589521054329959,1.0,0.08539876145799931,1.0,Katashi,0.23460114208392602,0.8196721311479508,1.0
2019-02-13,0.25916614185806125,1.0,0.9523809523809523,3.966849071363531e-11,0.9999999999593315,1,1.6132567687089414e-21,0.33751205400260376,1.0,0.08283679861425933,0.27282689717922226,Utsuroi,0.23460114208392602,0.8196721311479508,1.0
2019-02-14,0.24962456877223016,1.0,0.9523809523809523,2.069189264351905e-11,0.9999999999783081,1,4.488458560790368e-22,0.33751205400260376,1.0,0.08035169465583154,1.0,Utsuroi,0.23460114208392602,0.8196721311479508,1.0
2019-02-15,0.23966307353226338,2.0,0.48780487804878053,1.5998313784704534e-11,0.9999999999830017,1,2.71944003830655e-22,0.6589521054329959,1.0,0.07794114381615659,0.09715435546482021,Katashi,0.23460114208392602,0.8196721311479508,1.0
2019-02-19,0.23546976643369305,1.0,0.9523809523809523,0.0,0.0,0,0.0,0.33751205400260376,0.0,0.0756029095016719,0.29257939037860414,Utsuroi,0.23460114208392602,0.8196721311479508,1.0
2019-02-20,0.23641416986978794,2.0,0.48780487804878053,0.0,0.0,0,0.0,0.6589521054329959,0.0,0.07333482221662174,0.011806891800632657,Katashi,0.23460114208392602,0.8196721311479508,1.0
2019-02-21,0.24948757212162093,1.0,0.9523809523809523,0.0,0.0,0,0.0,0.33751205400260376,0.0,0.07113477755012308,0.04412457397714464,Utsuroi,0.23460114208392602,0.8196721311479508,1.0
2019-02-22,0.2574900089323129,1.5,0.6451612903225806,0.0,0.0,0,0.0,0.49823207971788014,0.0,0.06900073422361938,0.02524816240564065,Utsuroi,0.23460114208392602,0.8196721311479508,1.0
2019-02-25,0.24933453713405013,1.5,0.6451612903225806,0.0,0.0,0,0.0,0.49823207971788014,0.0,0.0669307121969108,1.0,Utsuroi,0.23460114208392602,0.8196721311479508,1.0
2019-02-26,0.24275803443537197,1.5,0.6451612903225806,0.0,0.0,0,0.0,0.49823207971788014,0.0,0.06492279083100347,1.0,Utsuroi,0.23460114208392602,0.8196721311479508,1.0
2019-02-27,0.257535628326472,2.0,0.48780487804878053,0.0,0.0,0,0.0,0.6589521054329959,0.0,0.06297510710607336,0.007331309825758914,Katashi,0.23460114208392602,0.8196721311479508,1.0
2019-02-28,0.28452914235522936,1.0,0.9523809523809523,0.0,0.0,0,0.0,0.33751205400260376,0.0,0.06108585389289116,0.04412457397714464,Utsuroi,0.23460114208392602,0.8196721311479508,1.0
2019-03-01,0.2907516155342242,3.0,0.3278688524590164,9.589196103362557e-11,0.9999999999031081,1,9.291158031062938e-21,0.9803921568627452,1.0,0.13997330399089886,0.013008833053110624,Katashi,0.23460114208392602,0.8196721311479508,1.0
2019-03-04,0.2783066691762344,3.0,0.3278688524590164,0.0,0.0,0,0.0,0.9803921568627452,0.0,0.2164941305859663,1.0,Katashi,0.23460114208392602,0.8196721311479508,1.0
2019-03-05,0.25978229499968636,2.0,0.48780487804878053,0.0,0.0,0,0.0,0.6589521054329959,0.0,0.20999930666838731,0.003806676760774619,Katashi,0.23460114208392602,0.8196721311479508,1.0
2019-03-06,0.2603067946546207,4.0,0.2469135802469136,0.0,0.0,0,0.0,1.3018322082918514,0.0,0.6058594046122363,0.000792564198314416,Katashi,0.23460114208392602,0.8196721311479508,1.0
2019-03-07,0.25170023213501475,2.0,0.48780487804878053,0.0,0.0,0,0.0,0.6589521054329959,0.0,0.5876836224738692,0.003089088550077168,Katashi,0.23460114208392602,0.8196721311479508,1.0
2019-03-08,0.19963172093606874,2.0,0.48780487804878053,7.012945779396806e-11,0.9999999999288706,1,4.988268757063049e-21,0.6589521054329959,1.0,0.5700531137996531,0.5934596063203189,Katashi,0.23460114208392602,0.8196721311479508,1.0
2019-03-11,0.20091912917999874,2.0,0.48780487804878053,1.5622281246270317e-11,0.9999999999833777,1,2.5967760699425655e-22,0.6589521054329959,1.0,0.5529515203856634,1.0,Katashi,0.23460114208392602,0.8196721311479508,1.0
2019-03-12,0.22578518100257233,2.0,0.48780487804878053,0.0,0.0,0,0.0,0.6589521054329959,0.0,0.5363629747740934,1.0,Katashi,0.23460114208392602,0.8196721311479508,1.0
2019-03-13,0.22866992910471176,2.0,0.48780487804878053,0.0,0.0,0,0.0,0.6589521054329959,0.0,0.5202720855308707,1.0,Katashi,0.23460114208392602,0.8196721311479508,1.0
2019-03-14,0.23069640504423114,2.0,0.48780487804878053,0.0,0.0,0,0.0,0.6589521054329959,0.0,0.5046639229649446,1.0,Katashi,0.23460114208392602,0.8196721311479508,1.0
2019-03-15,0.2560392747349269,2.0,0.48780487804878053,0.0,0.0,0,0.0,0.6589521054329959,0.0,0.4895240052759962,1.0,Katashi,0.23460114208392602,0.8196721311479508,1.0
2019-03-18,0.26092665788317965,2.0,0.48780487804878053,0.0,0.0,0,0.0,0.6589521054329959,0.0,0.4748382851177163,1.0,Katashi,0.23460114208392602,0.8196721311479508,1.0
2019-03-19,0.27809210113557936,2.5,0.3921568627450981,0.0,0.0,0,0.0,0.8196721311479508,0.0,0.4605931365641848,0.0028649806068291594,Katashi,0.23460114208392602,0.8196721311479508,1.0
2019-03-20,0.26800740322479455,2.0,0.48780487804878053,0.0,0.0,0,0.0,0.6589521054329959,0.0,0.44677534246725925,0.004429410850176896,Katashi,0.23460114208392602,0.8196721311479508,1.0
2019-03-21,0.26264320220841963,3.0,0.3278688524590164,0.0,0.0,0,0.0,0.9803921568627452,0.0,0.5140921079080358,0.0017216396294629233,Katashi,0.23460114208392602,0.8196721311479508,1.0
2019-03-22,0.2604021582282452,2.0,0.48780487804878053,0.0,0.0,0,0.0,0.6589521054329959,0.0,0.49866934467079477,0.003806676760774619,Katashi,0.23460114208392602,0.8196721311479508,1.0
2019-03-25,0.2539708811106937,2.0,0.48780487804878053,3.1962832375687347e-10,0.9999999996793717,1,1.0248188661708642e-19,0.6589521054329959,1.0,0.4837092643306709,0.5934596063203189,Katashi,0.23460114208392602,0.8196721311479508,1.0
2019-03-26,0.2323018388871214,2.0,0.48780487804878053,0.0,0.0,0,0.0,0.6589521054329959,0.0,0.4691979864007508,1.0,Katashi,0.23460114208392602,0.8196721311479508,1.0
2019-03-27,0.2484189023360037,1.0,0.9523809523809523,9.081602136551829e-11,0.999999999908184,1,8.338363749403939e-21,0.33751205400260376,1.0,0.45512204680872825,0.8983418051370832,Katashi,0.23460114208392602,0.8196721311479508,1.0
2019-03-28,0.24503477488762687,2.0,0.48780487804878053,4.0294545477195775e-11,0.9999999999587055,1,1.6639440493406725e-21,0.6589521054329959,1.0,0.44146838540446637,0.09715435546482021,Katashi,0.23460114208392602,0.8196721311479508,1.0
2019-03-29,0.23263757765409615,1.0,0.9523809523809523,1.4542478332537254e-11,0.9999999999844575,1,2.2602583268196645e-22,0.33751205400260376,1.0,0.4282243338423324,0.27282689717922226,Katashi,0.23460114208392602,0.8196721311479508,1.0
2019-04-01,0.18437041290501624,1.0,0.9523809523809523,5.945355319146557e-12,0.9999999999930547,1,4.1292473668704845e-23,0.33751205400260376,1.0,0.4153776038270624,1.0,Katashi,0.23460114208392602,0.8196721311479508,1.0
2019-04-02,0.19147505974391948,0.0,20.0,8.325673483923529e-12,0.9999999999906743,1,7.76423282669701e-23,0.016072002571568628,1.0,0.4029162757122505,0.050470117105045675,Katashi,0.23460114208392602,0.8196721311479508,1.0
2019-04-03,0.18549152073263137,0.0,20.0,7.808087509847972e-12,0.9999999999911919,1,6.877414534326428e-23,0.016072002571568628,1.0,0.390828787440883,1.0,Katashi,0.23460114208392602,0.8196721311479508,1.0
2019-04-04,0.19504882621188793,1.0,0.9523809523809523,7.427392034707287e-12,0.9999999999915726,1,6.259338016551276e-23,0.33751205400260376,1.0,0.3791039238176565,0.9709382428460903,Utsuroi,0.23460114208392602,0.8196721311479508,1.0
2019-04-05,0.17850624670487597,2.0,0.48780487804878053,9.309109039126836e-12,0.9999999999896909,1,9.596841420846508e-23,0.6589521054329959,1.0,0.3677308061031268,0.09715435546482021,Katashi,0.23460114208392602,0.8196721311479508,1.0
2019-04-08,0.18511597194976595,1.0,0.9523809523809523,5.7138738185137924e-12,0.9999999999932861,1,3.836210143181968e-23,0.33751205400260376,1.0,0.356698881920033,0.27282689717922226,Utsuroi,0.23460114208392602,0.8196721311479508,1.0
2019-04-09,0.1925517381930672,1.0,0.9523809523809523,8.296141551468774e-12,0.9999999999907039,1,7.712192266890831e-23,0.33751205400260376,1.0,0.345997915462432,1.0,Utsuroi,0.23460114208392602,0.8196721311479508,1.0
2019-04-10,0.19642724022514504,1.0,0.9523809523809523,0.11363226742882147,0.9758893439978901,2,0.0027397485107160755,0.33751205400260376,2.0,0.3356179779985591,0.13734616150487966,Utsuroi,0.23460114208392602,0.8196721311479508,1.0
2019-04-11,0.22852683155736098,1.0,0.9523809523809523,1.0110912107502537e-11,0.9999999999888891,1,1.1234123208299516e-22,0.33751205400260376,1.0,0.3255494386586023,0.35138284703436307,Utsuroi,0.23460114208392602,0.8196721311479508,1.0
2019-04-12,0.2148289622471418,0.0,20.0,1.632483037624119e-11,0.9999999999826752,1,2.828245560584014e-22,0.016072002571568628,1.0,0.3157829554988442,0.050470117105045675,Utsuroi,0.23460114208392602,0.8196721311479508,1.0
2019-04-15,0.1974399024580238,0.5,1.8181818181818181,8.323786104781682e-12,0.9999999999906762,1,7.760901708682937e-23,0.17679202828716653,1.0,0.3063094668338789,0.7121960881604116,Utsuroi,0.23460114208392602,0.8196721311479508,1.0
2019-04-16,0.16856076432609857,2.0,0.48780487804878053,5.677791570213717e-12,0.9999999999933222,1,3.791498308261139e-23,0.6589521054329959,1.0,0.2971201828288625,0.1135349275361135,Katashi,0.23460114208392602,0.8196721311479508,1.0
2019-04-17,0.16113531926038668,2.0,0.48780487804878053,5.063505170692531e-12,0.9999999999939365,1,3.070247777096886e-23,0.6589521054329959,1.0,0.28820657734399663,1.0,Katashi,0.23460114208392602,0.8196721311479508,1.0
2019-04-18,0.1521351362171687,2.0,0.48780487804878053,4.884204152216639e-12,0.9999999999941158,1,2.873954630583174e-23,0.6589521054329959,1.0,0.2795603800236767,1.0,Katashi,0.23460114208392602,0.8196721311479508,1.0
2019-04-22,0.18615920210697515,2.0,0.48780487804878053,1.187472342670337e-11,0.9999999999871253,1,1.5288351719907127e-22,0.6589521054329959,1.0,0.27117356862296643,1.0,Katashi,0.23460114208392602,0.8196721311479508,1.0
2019-04-23,0.18838810005932946,2.0,0.48780487804878053,7.0314865041292145e-12,0.9999999999919685,1,5.647313341352728e-23,0.6589521054329959,1.0,0.26303836156427746,1.0,Katashi,0.23460114208392602,0.8196721311479508,1.0
2019-04-24,0.17747946713480198,2.0,0.48780487804878053,7.256528711218901e-12,0.9999999999917435,1,5.991357712130964e-23,0.6589521054329959,1.0,0.25514721071734914,1.0,Katashi,0.23460114208392602,0.8196721311479508,1.0
2019-04-25,0.17488030472118427,2.0,0.48780487804878053,0.2755939967536849,0.9212954415148542,2,0.021690503835655472,0.6589521054329959,2.0,0.24749279439582866,0.33774325382301684,Katashi,0.23460114208392602,0.8196721311479508,1.0
2019-04-26,0.17690558878435372,2.0,0.48780487804878053,0.07998384466484577,0.9844958062855824,2,0.001240085021707654,0.6589521054329959,2.0,0.2400680105639538,0.9944632747256315,Katashi,0.23460114208392602,0.8196721311479508,1.0
2019-04-29,0.1710439948823246,0.0,20.0,0.5900593729643233,0.7230398014938283,2,0.16342296106662618,0.016072002571568628,2.0,0.23286597024703518,0.14262384049368249,Utsuroi,0.23460114208392602,0.8196721311479508,1.0
2019-04-30,0.1708290160820236,0.0,20.0,5.489786403089311e-11,0.9999999999441022,1,3.0686721248358755e-21,0.016072002571568628,1.0,0.22587999113962412,0.9155614668136461,Utsuroi,0.23460114208392602,0.8196721311479508,1.0
2019-05-01,0.17169019386410692,2.0,0.48780487804878053,2.0546120360388914e-11,0.9999999999784539,1,4.426887277132115e-22,0.6589521054329959,1.0,0.2191035914054354,0.6571675604500578,Katashi,0.23460114208392602,0.8196721311479508,1.0
2019-05-02,0.1657061296191731,0.0,20.0,2.0841328660675717e-10,0.9999999997905867,1,4.3644506714946435e-20,0.016072002571568628,1.0,0.21253048366327232,0.11767716819036311,Utsuroi,0.23460114208392602,0.8196721311479508,1.0
2019-05-03,0.1847073216638434,0.5,1.8181818181818181,1.6892542918589157e-10,0.9999999998300746,1,2.8704722320341235e-20,0.17679202828716653,1.0,0.20615456915337416,0.7121960881604116,Utsuroi,0.23460114208392602,0.8196721311479508,1.0
2019-05-06,0.2069508752117448,1.0,0.9523809523809523,9.741907280384835e-11,0.999999999901581,1,9.587892664159657e-21,0.33751205400260376,1.0,0.19996993207877292,0.35537381558163395,Utsuroi,0.23460114208392602,0.8196721311479508,1.0
2019-05-07,0.181393437480394,2.0,0.48780487804878053,0.0,0.0,0,0.0,0.6589521054329959,0.0,0.19397083411640972,0.2686618444260084,Katashi,0.23460114208392602,0.8196721311479508,1.0
2019-05-08,0.16034192860279817,2.0,0.48780487804878053,0.0,0.0,0,0.0,0.6589521054329959,0.0,0.18815170909291742,1.0,Katashi,0.23460114208392602,0.8196721311479508,1.0
2019-05-09,0.17369282891022025,2.0,0.48780487804878053,2.6570412536461996e-11,0.9999999999724296,1,7.325566471210943e-22,0.6589521054329959,1.0,0.18250715782012988,0.5934596063203189,Katashi,0.23460114208392602,0.8196721311479508,1.0
2019-05-10,0.18129807390676958,2.0,0.48780487804878053,4.13838963089124e-11,0.9999999999576161,1,1.754009854569904e-21,0.6589521054329959,1.0,0.17703194308552597,1.0,Katashi,0.23460114208392602,0.8196721311479508,1.0
2019-05-13,0.16973524060480583,1.0,0.9523809523809523,1.200628485511975e-11,0.9999999999869937,1,1.5615689527873386e-22,0.33751205400260376,1.0,0.1717209847929602,0.27282689717922226,Utsuroi,0.23460114208392602,0.8196721311479508,1.0
2019-05-14,0.17376435159043857,1.0,0.9523809523809523,8.764655667856123e-12,0.9999999999902354,1,8.558365075509241e-23,0.33751205400260376,1.0,0.16656935524917138,1.0,Utsuroi,0.23460114208392602,0.8196721311479508,1.0
2019-05-15,0.19388606562519609,1.0,0.9523809523809523,4.846567591682067e-12,0.9999999999941535,1,2.8335677798093576e-23,0.33751205400260376,1.0,0.16157227459169624,1.0,Utsuroi,0.23460114208392602,0.8196721311479508,1.0
2019-05-16,0.19078674948240165,2.0,0.48780487804878053,5.2163828811824764e-12,0.9999999999937836,1,3.2426917849012106e-23,0.6589521054329959,1.0,0.15672510635394535,0.09715435546482021,Katashi,0.23460114208392602,0.8196721311479508,1.0
2019-05-17,0.20916807829851305,1.0,0.9523809523809523,4.1254777371919845e-12,0.9999999999948745,1,2.1144953034646936e-23,0.33751205400260376,1.0,0.152023353163327,0.27282689717922226,Utsuroi,0.23460114208392602,0.8196721311479508,1.0
2019-05-20,0.21396009787314135,2.0,0.48780487804878053,4.008571252699548e-12,0.9999999999949915,1,2.0077126064225704e-23,0.6589521054329959,1.0,0.14746265256842717,0.09715435546482021,Katashi,0.23460114208392602,0.8196721311479508,1.0
2019-05-21,0.21839450404667798,1.5,0.6451612903225806,3.956279748239963e-12,0.9999999999950437,1,1.960834167490693e-23,0.49823207971788014,1.0,0.14303877299137435,0.14857959043984192,Utsuroi,0.23460114208392602,0.8196721311479508,1.0
2019-05-22,0.20711776146558758,2.0,0.48780487804878053,5.178191209135608e-12,0.9999999999938218,1,3.1991740857104465e-23,0.6589521054329959,1.0,0.13874760980163311,0.09306531693657372,Katashi,0.23460114208392602,0.8196721311479508,1.0
2019-05-23,0.20449526319091535,2.0,0.48780487804878053,5.901834576581553e-12,0.9999999999930982,1,4.073335538732001e-23,0.6589521054329959,1.0,0.1345851815075841,1.0,Katashi,0.23460114208392602,0.8196721311479508,1.0
2019-05-24,0.2062356484095615,2.0,0.48780487804878053,2.6430524435363075e-11,0.9999999999725695,1,7.250025616849537e-22,0.6589521054329959,1.0,0.1305476260623566,1.0,Katashi,0.23460114208392602,0.8196721311479508,1.0
2019-05-28,0.2005138339920949,2.0,0.48780487804878053,1.499211865750335e-11,0.9999999999840079,1,2.397554088486201e-22,0.6589521054329959,1.0,0.12663119728048589,1.0,Katashi,0.23460114208392602,0.8196721311479508,1.0
2019-05-29,0.18804504674069894,2.0,0.48780487804878053,0.33165814367410756,0.8969847250297295,2,0.03416585486671768,0.6589521054329959,2.0,0.1228322613620713,0.33979613741397197,Katashi,0.23460114208392602,0.8196721311479508,1.0
2019-05-30,0.22120772946859898,1.5,0.6451612903225806,7.879918939261165e-11,0.9999999999202008,1,6.288109695402533e-21,0.49823207971788014,1.0,0.11914729352120916,0.2083693678411419,Utsuroi,0.23460114208392602,0.8196721311479508,1.0
2019-05-31,0.21200514461384026,2.0,0.48780487804878053,2.8174018673185074e-11,0.999999999970826,1,8.219487236243862e-22,0.6589521054329959,1.0,0.11557287471557288,0.09306531693657372,Katashi,0.23460114208392602,0.8196721311479508,1.0
2019-06-03,0.2053773762469415,2.0,0.48780487804878053,0.0,0.0,0,0.0,0.6589521054329959,0.0,0.1121056884741057,1.0,Katashi,0.23460114208392602,0.8196721311479508,1.0
2019-06-04,0.1925271347010478,2.0,0.48780487804878053,4.369060668707566e-11,0.9999999999553094,1,1.9525587529040518e-21,0.6589521054329959,1.0,0.10874251781988252,0.5934596063203189,Katashi,0.23460114208392602,0.8196721311479508,1.0
2019-06-05,0.18477884434406175,2.0,0.48780487804878053,0.6876585295754816,0.5523383313130089,2,0.3078383648366027,0.6589521054329959,2.0,0.10548024228528605,0.12209385094695124,Katashi,0.23460114208392602,0.8196721311479508,1.0
2019-06-06,0.16973524060480585,1.0,0.9523809523809523,0.6114142453914893,0.6993497568466659,2,0.18382184154436354,0.33751205400260376,2.0,0.10231583501672746,0.2093654370660003,Utsuroi,0.23460114208392602,0.8196721311479508,1.0
2019-06-07,0.18101198318589623,1.0,0.9523809523809523,7.129963286183906e-11,0.9999999999277004,1,5.154935702010671e-21,0.33751205400260376,1.0,0.09924635996622563,0.7563543138359003,Utsuroi,0.23460114208392602,0.8196721311479508,1.0
2019-06-10,0.1703074220465525,1.5,0.6451612903225806,0.5753331994935355,0.7378118823059452,2,0.15084552862210818,0.49823207971788014,2.0,0.09626896916723886,0.09004259506443812,Utsuroi,0.23460114208392602,0.8196721311479508,1.0
2019-06-11,0.14927975406236274,1.5,0.6451612903225806,0.408175401412474,0.8582234368319184,2,0.057869705582012695,0.49823207971788014,2.0,0.09338090009222169,0.7163108016981108,Utsuroi,0.23460114208392602,0.8196721311479508,1.0
2019-06-12,0.14978041282389107,2.0,0.48780487804878053,0.4747213537654461,0.8177945079017599,2,0.08649683787237583,0.6589521054329959,2.0,0.09057947308945503,0.22675554156077704,Katashi,0.23460114208392602,0.8196721311479508,1.0
2019-06-13,0.12946797164188467,1.5,0.6451612903225806,1.8730017536744568e-11,0.99999999998027,1,3.69543160126934e-22,0.49823207971788014,1.0,0.08786208889677138,0.4022053106048715,Utsuroi,0.23460114208392602,0.8196721311479508,1.0
2019-06-14,0.13189974276930802,2.0,0.48780487804878053,1.7361556636617663e-11,0.9999999999816385,1,3.1878482141852166e-22,0.6589521054329959,1.0,0.08522622622986824,0.09306531693657372,Katashi,0.23460114208392602,0.8196721311479508,1.0
2019-06-17,0.13018319844406803,2.0,0.48780487804878053,0.2628121920299726,0.9264161228683557,2,0.0193387400470316,0.6589521054329959,2.0,0.08266943944297218,0.33730794705541556,Katashi,0.23460114208392602,0.8196721311479508,1.0
2019-06-18,0.1801775519166824,1.0,0.9523809523809523,2.6945889963379803e-11,0.9999999999720541,1,7.530262798030245e-22,0.33751205400260376,1.0,0.08018935625968301,0.03987188761874361,Utsuroi,0.23460114208392602,0.8196721311479508,1.0
2019-06-19,0.15938829286655373,1.0,0.9523809523809523,2.6304958211281404e-11,0.9999999999726951,1,7.182552028074118e-22,0.33751205400260376,1.0,0.07778367557189252,1.0,Utsuroi,0.23460114208392602,0.8196721311479508,1.0
2019-06-20,0.1811073467595207,1.5,0.6451612903225806,1.8892221120639088e-11,0.9999999999801078,1,3.7580782206706103e-22,0.49823207971788014,1.0,0.07545016530473574,0.15932618274669408,Utsuroi,0.23460114208392602,0.8196721311479508,1.0
2019-06-21,0.19739067695589432,2.0,0.48780487804878053,0.45307186253074055,0.8317679087455941,2,0.07622122692207517,0.6589521054329959,2.0,0.07318666034559367,0.12288216952079944,Katashi,0.23460114208392602,0.8196721311479508,1.0
2019-06-24,0.19410063366585106,2.0,0.48780487804878053,1.7575607635761438e-11,0.9999999999814244,1,3.264772026023476e-22,0.6589521054329959,1.0,0.07099106053522586,0.7159347179279671,Katashi,0.23460114208392602,0.8196721311479508,1.0
2019-06-25,0.20060919756571932,1.0,0.9523809523809523,0.6884957378221809,0.5481883091603026,2,0.31107042344136454,0.33751205400260376,2.0,0.06886132871916908,0.1399747011118626,Utsuroi,0.23460114208392602,0.8196721311479508,1.0
2019-06-26,0.18670995670995674,1.5,0.6451612903225806,0.6836217371940734,0.5689026851580353,2,0.29470749527196427,0.49823207971788014,2.0,0.06679548885759401,0.9832321133696478,Utsuroi,0.23460114208392602,0.8196721311479508,1.0
2019-06-27,0.19154965807139723,1.5,0.6451612903225806,0.5723111915918118,0.7407116929682085,2,0.14839359996318816,0.49823207971788014,2.0,0.06479162419186618,0.3956123513763704,Utsuroi,0.23460114208392602,0.8196721311479508,1.0
2019-06-28,0.2134117573248008,1.0,0.9523809523809523,0.6838854421977507,0.5679452337921296,2,0.2954759648417153,0.33751205400260376,2.0,0.06284787546611019,0.23333321036056887,Utsuroi,0.23460114208392602,0.8196721311479508,1.0
2019-07-01,0.19960788004266267,2.0,0.48780487804878053,0.6717584888965573,0.6030430956191905,2,0.26665917024390784,0.6589521054329959,2.0,0.060962439202126885,0.8062037256102379,Katashi,0.23460114208392602,0.8196721311479508,1.0
2019-07-02,0.2072369659326181,1.5,0.6451612903225806,2.0483836848708787e-11,0.9999999999785162,1,4.400709557602399e-22,0.49823207971788014,1.0,0.059133566026063074,0.741074884886805,Utsuroi,0.23460114208392602,0.8196721311479508,1.0
2019-07-03,0.20748681553241047,1.0,0.9523809523809523,4.976674627825668e-11,0.9999999999492333,1,2.526494680540705e-21,0.33751205400260376,1.0,0.05735955904528118,0.2804580418802347,Utsuroi,0.23460114208392602,0.8196721311479508,1.0
2019-07-05,0.2162229710342833,1.5,0.6451612903225806,0.0,0.0,0,0.0,0.49823207971788014,0.0,0.05563877227392274,0.5287158711736486,Utsuroi,0.23460114208392602,0.8196721311479508,1.0
2019-07-08,0.21255088087844964,2.0,0.48780487804878053,0.0,0.0,0,0.0,0.6589521054329959,0.0,0.05396960910570506,0.007331309825758914,Katashi,0.23460114208392602,0.8196721311479508,1.0
2019-07-09,0.2142433486285194,2.0,0.48780487804878053,0.0,0.0,0,0.0,0.6589521054329959,0.0,0.05235052083253391,1.0,Katashi,0.23460114208392602,0.8196721311479508,1.0
2019-07-10,0.20203774046411774,1.0,0.9523809523809523,0.0,0.0,0,0.0,0.33751205400260376,0.0,0.05078000520755789,0.04412457397714464,Utsuroi,0.23460114208392602,0.8196721311479508,1.0
2019-07-11,0.2069653712118437,1.0,0.9523809523809523,0.0,0.0,0,0.0,0.33751205400260376,0.0,0.04925660505133115,1.0,Utsuroi,0.23460114208392602,0.8196721311479508,1.0
2019-07-12,0.20550689646558742,1.0,0.9523809523809523,1.3324974456261753e-10,0.9999999998657503,1,1.7888741224052594e-20,0.33751205400260376,1.0,0.04777890689979122,0.3509437882530295,Utsuroi,0.23460114208392602,0.8196721311479508,1.0
2019-07-15,0.19424021345020262,1.0,0.9523809523809523,4.775868589371708e-11,0.9999999999512413,1,2.328649707740912e-21,0.33751205400260376,1.0,0.04634553969279748,1.0,Utsuroi,0.23460114208392602,0.8196721311479508,1.0
2019-07-16,0.20031011616455735,1.0,0.9523809523809523,0.0,0.0,0,0.0,0.33751205400260376,0.0,0.04495517350201355,1.0,Utsuroi,0.23460114208392602,0.8196721311479508,1.0
2019-07-17,0.1838373046708867,2.0,0.48780487804878053,3.644384793873748e-11,0.9999999999625562,1,1.3645970943454831e-21,0.6589521054329959,1.0,0.04360651829695314,0.05841767180693058,Katashi,0.23460114208392602,0.8196721311479508,1.0
2019-07-18,0.1864773185752878,2.0,0.48780487804878053,0.0,0.0,0,0.0,0.6589521054329959,0.0,0.04229832274804454,1.0,Katashi,0.23460114208392602,0.8196721311479508,1.0
2019-07-19,0.1439842960879747,2.0,0.48780487804878053,3.787947733182549e-11,0.9999999999611205,1,1.4727334423335211e-21,0.6589521054329959,1.0,0.041029373065603204,0.5934596063203189,Katashi,0.23460114208392602,0.8196721311479508,1.0
2019-07-22,0.12333107624393302,1.0,0.9523809523809523,0.0,0.0,0,0.0,0.33751205400260376,0.0,0.03979849187363511,0.29257939037860414,Utsuroi,0.23460114208392602,0.8196721311479508,1.0
2019-07-23,0.07066062065426729,1.0,0.9523809523809523,4.703959444070217e-11,0.9999999999519604,1,2.2597619990439533e-21,0.33751205400260376,1.0,0.03860453711742605,0.3509437882530295,Utsuroi,0.23460114208392602,0.8196721311479508,1.0
2019-07-24,0.054930613209739854,1.0,0.9523809523809523,2.087130468429457e-11,0.9999999999781287,1,4.564822022047716e-22,0.33751205400260376,1.0,0.037446401003903264,1.0,Utsuroi,0.23460114208392602,0.8196721311479508,1.0
2019-07-25,0.08465633433541896,1.0,0.9523809523809523,0.0,0.0,0,0.0,0.33751205400260376,0.0,0.03632300897378617,1.0,Utsuroi,0.23460114208392602,0.8196721311479508,1.0
2019-07-26,0.0826523577124206,1.0,0.9523809523809523,6.657263629022311e-11,0.9999999999324274,1,4.498487066371281e-21,0.33751205400260376,1.0,0.03523331870457258,0.3509437882530295,Utsuroi,0.23460114208392602,0.8196721311479508,1.0
2019-07-29,0.07998434079810741,1.0,0.9523809523809523,0.684552122295657,0.5654614577368309,2,0.29746428132551345,0.33751205400260376,2.0,0.0341763191434354,0.055797030081582655,Utsuroi,0.23460114208392602,0.8196721311479508,1.0
2019-07-30,0.0818549264976195,1.0,0.9523809523809523,1.4531931213803478e-11,0.9999999999844681,1,2.2570863454694977e-22,0.33751205400260376,1.0,0.03315102956913234,0.8424168285941988,Utsuroi,0.23460114208392602,0.8196721311479508,1.0
2019-07-31,0.10004301464991523,2.0,0.48780487804878053,0.0,0.0,0,0.0,0.6589521054329959,0.0,0.03215649868205837,0.2686618444260084,Katashi,0.23460114208392602,0.8196721311479508,1.0
2019-08-01,0.10013985202672503,2.0,0.48780487804878053,0.0,0.0,0,0.0,0.6589521054329959,0.0,0.031191803721596616,1.0,Katashi,0.23460114208392602,0.8196721311479508,1.0
2019-08-02,0.12789511474326157,2.0,0.48780487804878053,0.0,0.0,0,0.0,0.6589521054329959,0.0,0.030256049609948717,1.0,Katashi,0.23460114208392602,0.8196721311479508,1.0
2019-08-05,0.1654880011368291,2.0,0.48780487804878053,0.0,0.0,0,0.0,0.6589521054329959,0.0,0.029348368121650256,1.0,Katashi,0.23460114208392602,0.8196721311479508,1.0
2019-08-06,0.21709733464642625,2.0,0.48780487804878053,0.0,0.0,0,0.0,0.6589521054329959,0.0,0.028467917078000747,1.0,Katashi,0.23460114208392602,0.8196721311479508,1.0
2019-08-07,0.23577114475887306,2.0,0.48780487804878053,0.0,0.0,0,0.0,0.6589521054329959,0.0,0.027613879565660724,1.0,Katashi,0.23460114208392602,0.8196721311479508,1.0
2019-08-08,0.2607157581386911,2.0,0.48780487804878053,2.531249654002159e-10,0.9999999997458751,1,6.43253674828743e-20,0.6589521054329959,1.0,0.0267854631786909,0.5934596063203189,Katashi,0.23460114208392602,0.8196721311479508,1.0
2019-08-09,0.28391138808977745,2.0,0.48780487804878053,0.0,0.0,0,0.0,0.6589521054329959,0.0,0.025981899283330175,1.0,Katashi,0.23460114208392602,0.8196721311479508,1.0
2019-08-12,0.28074628639003596,2.0,0.48780487804878053,0.0,0.0,0,0.0,0.6589521054329959,0.0,0.025202442304830267,1.0,Katashi,0.23460114208392602,0.8196721311479508,1.0
2019-08-13,0.28446827050276213,2.0,0.48780487804878053,0.0,0.0,0,0.0,0.6589521054329959,0.0,0.02444636903568536,1.0,Katashi,0.23460114208392602,0.8196721311479508,1.0
2019-08-14,0.27894705986184304,2.0,0.48780487804878053,0.0,0.0,0,0.0,0.6589521054329959,0.0,0.023712977964614797,1.0,Katashi,0.23460114208392602,0.8196721311479508,1.0
2019-08-15,0.28840365115701555,2.0,0.48780487804878053,0.0,0.0,0,0.0,0.6589521054329959,0.0,0.023001588625676354,1.0,Katashi,0.23460114208392602,0.8196721311479508,1.0
2019-08-16,0.28314643450843946,2.0,0.48780487804878053,2.577338342710525e-11,0.9999999999732266,1,6.900401065653387e-22,0.6589521054329959,1.0,0.022311540966906063,0.5934596063203189,Katashi,0.23460114208392602,0.8196721311479508,1.0
2019-08-19,0.2772120519784305,3.0,0.3278688524590164,0.0,0.0,0,0.0,0.9803921568627452,0.0,0.1023622204526933,0.2627230979537598,Katashi,0.23460114208392602,0.8196721311479508,1.0
2019-08-20,0.274483229244899,1.5,0.6451612903225806,0.0,0.0,0,0.0,0.49823207971788014,0.0,0.0992913538391125,0.009440820156253915,Utsuroi,0.23460114208392602,0.8196721311479508,1.0
2019-08-21,0.27733304762686833,2.5,0.3921568627450981,0.0,0.0,0,0.0,0.8196721311479508,0.0,0.09631261322393912,0.003978211025383427,Katashi,0.23460114208392602,0.8196721311479508,1.0
2019-08-22,0.3040624331082856,2.0,0.48780487804878053,5.454325879684759e-11,0.9999999999444568,1,3.0295091324701412e-21,0.6589521054329959,1.0,0.09342323482722095,0.9194983347745274,Katashi,0.23460114208392602,0.8196721311479508,1.0
2019-08-23,0.29580588493631976,2.0,0.48780487804878053,5.6414539704747605e-11,0.9999999999425855,1,3.2390135819095883e-21,0.6589521054329959,1.0,0.09062053778240432,1.0,Katashi,0.23460114208392602,0.8196721311479508,1.0
2019-08-26,0.28567350523872265,2.0,0.48780487804878053,4.775224660017457e-11,0.9999999999512478,1,2.3280282456589482e-21,0.6589521054329959,1.0,0.0879019216489322,1.0,Katashi,0.23460114208392602,0.8196721311479508,1.0
2019-08-27,0.28760461760461764,2.5,0.3921568627450981,0.0,0.0,0,0.0,0.8196721311479508,0.0,0.08526486399946423,0.5208947672782075,Katashi,0.23460114208392602,0.8196721311479508,1.0
2019-08-28,0.28920195746282706,2.5,0.3921568627450981,1.295549223371542e-10,0.9999999998694451,1,1.6914029959249522e-20,0.8196721311479508,1.0,0.0827069180794803,0.6629431731256716,Katashi,0.23460114208392602,0.8196721311479508,1.0
2019-08-29,0.2812152581717799,2.5,0.3921568627450981,1.9601897880696556e-10,0.999999999802981,1,3.861945469885988e-20,0.8196721311479508,1.0,0.08022571053709589,1.0,Katashi,0.23460114208392602,0.8196721311479508,1.0
2019-08-30,0.2802377815421294,2.0,0.48780487804878053,2.9311086886645716e-10,0.9999999997058892,1,8.620708584507637e-20,0.6589521054329959,1.0,0.07781893922098301,0.09041404682626175,Katashi,0.23460114208392602,0.8196721311479508,1.0
2019-09-03,0.28030930422234773,2.0,0.48780487804878053,0.0,0.0,0,0.0,0.6589521054329959,0.0,0.07548437104435352,1.0,Katashi,0.23460114208392602,0.8196721311479508,1.0
2019-09-04,0.2590909090909091,2.0,0.48780487804878053,2.3604673770858186e-11,0.9999999999753953,1,5.80784775430645e-22,0.6589521054329959,1.0,0.0732198399130229,0.5934596063203189,Katashi,0.23460114208392602,0.8196721311479508,1.0
2019-09-05,0.24953071083505868,2.0,0.48780487804878053,3.187172747888691e-11,0.9999999999671283,1,1.04767803492709e-21,0.6589521054329959,1.0,0.07102324471563222,1.0,Katashi,0.23460114208392602,0.8196721311479508,1.0
2019-09-06,0.24163937511763597,2.0,0.48780487804878053,5.7772564508390205e-11,0.9999999999412275,1,3.395440496455745e-21,0.6589521054329959,1.0,0.06889254737416325,1.0,Katashi,0.23460114208392602,0.8196721311479508,1.0
2019-09-09,0.2546326620239664,2.0,0.48780487804878053,0.0,0.0,0,0.0,0.6589521054329959,0.0,0.06682577095293836,1.0,Katashi,0.23460114208392602,0.8196721311479508,1.0
2019-09-10,0.2553955706129619,1.5,0.6451612903225806,0.0,0.0,0,0.0,0.49823207971788014,0.0,0.0648209978243502,0.012787609472986183,Utsuroi,0.23460114208392602,0.8196721311479508,1.0
2019-09-11,0.24409498713846547,1.5,0.6451612903225806,0.0,0.0,0,0.0,0.49823207971788014,0.0,0.0628763678896197,1.0,Utsuroi,0.23460114208392602,0.8196721311479508,1.0
2019-09-12,0.24180626137147881,1.0,0.9523809523809523,0.0,0.0,0,0.0,0.33751205400260376,0.0,0.060990076852931105,0.05415578066483229,Utsuroi,0.23460114208392602,0.8196721311479508,1.0
2019-09-13,0.22366334148942843,2.0,0.48780487804878053,0.0,0.0,0,0.0,0.6589521054329959,0.0,0.05916037454734317,0.011806891800632657,Katashi,0.23460114208392602,0.8196721311479508,1.0
2019-09-16,0.21918125352907963,2.0,0.48780487804878053,0.0,0.0,0,0.0,0.6589521054329959,0.0,0.05738556331092288,1.0,Katashi,0.23460114208392602,0.8196721311479508,1.0
2019-09-17,0.21457996110170025,2.0,0.48780487804878053,0.0,0.0,0,0.0,0.6589521054329959,0.0,0.05566399641159519,1.0,Katashi,0.23460114208392602,0.8196721311479508,1.0
2019-09-18,0.20907271472488864,2.0,0.48780487804878053,0.0,0.0,0,0.0,0.6589521054329959,0.0,0.053994076519247335,1.0,Katashi,0.23460114208392602,0.8196721311479508,1.0
2019-09-19,0.2167494824016563,2.0,0.48780487804878053,0.0,0.0,0,0.0,0.6589521054329959,0.0,0.05237425422366991,1.0,Katashi,0.23460114208392602,0.8196721311479508,1.0
2019-09-20,0.21846602672689636,2.0,0.48780487804878053,0.0,0.0,0,0.0,0.6589521054329959,0.0,0.05080302659695981,1.0,Katashi,0.23460114208392602,0.8196721311479508,1.0
2019-09-23,0.21164753121274857,1.5,0.6451612903225806,0.0,0.0,0,0.0,0.49823207971788014,0.0,0.049278935799051016,0.012787609472986183,Utsuroi,0.23460114208392602,0.8196721311479508,1.0
2019-09-24,0.1907867494824017,2.0,0.48780487804878053,0.0,0.0,0,0.0,0.6589521054329959,0.0,0.047800567725079485,0.007331309825758914,Katashi,0.23460114208392602,0.8196721311479508,1.0
2019-09-25,0.1828238910847607,1.0,0.9523809523809523,0.0,0.0,0,0.0,0.33751205400260376,0.0,0.0463665506933271,0.04412457397714464,Utsuroi,0.23460114208392602,0.8196721311479508,1.0
2019-09-26,0.18549407114624508,2.0,0.48780487804878053,0.0,0.0,0,0.0,0.6589521054329959,0.0,0.044975554172527285,0.011806891800632657,Katashi,0.23460114208392602,0.8196721311479508,1.0
2019-09-27,0.21431771127423305,1.0,0.9523809523809523,0.0,0.0,0,0.0,0.33751205400260376,0.0,0.04362628754735146,0.04412457397714464,Utsuroi,0.23460114208392602,0.8196721311479508,1.0
2019-09-30,0.2088581466842336,2.0,0.48780487804878053,0.0,0.0,0,0.0,0.6589521054329959,0.0,0.04231749892093092,0.011806891800632657,Katashi,0.23460114208392602,0.8196721311479508,1.0
2019-10-01,0.20413764978982374,2.0,0.48780487804878053,0.0,0.0,0,0.0,0.6589521054329959,0.0,0.04104797395330299,1.0,Katashi,0.23460114208392602,0.8196721311479508,1.0
2019-10-02,0.2069031934249326,2.0,0.48780487804878053,2.2339907701235526e-11,0.9999999999766601,1,5.214108896098458e-22,0.6589521054329959,1.0,0.039816534734703896,0.5934596063203189,Katashi,0.23460114208392602,0.8196721311479508,1.0
2019-10-03,0.24697973524060485,2.0,0.48780487804878053,3.3988700742170327e-11,0.9999999999650113,1,1.1892197270152425e-21,0.6589521054329959,1.0,0.03862203869266278,1.0,Katashi,0.23460114208392602,0.8196721311479508,1.0
2019-10-04,0.24357048748353102,2.0,0.48780487804878053,0.0,0.0,0,0.0,0.6589521054329959,0.0,0.03746337753188289,1.0,Katashi,0.23460114208392602,0.8196721311479508,1.0
2019-10-07,0.2734908087082,2.0,0.48780487804878053,5.270139879909506e-11,0.9999999999462986,1,2.830137668410724e-21,0.6589521054329959,1.0,0.0363394762059264,0.5934596063203189,Katashi,0.23460114208392602,0.8196721311479508,1.0
2019-10-08,0.25384591254156474,2.0,0.48780487804878053,0.0,0.0,0,0.0,0.6589521054329959,0.0,0.03524929191974861,1.0,Katashi,0.23460114208392602,0.8196721311479508,1.0
2019-10-09,0.2557531840140536,1.0,0.9523809523809523,0.0,0.0,0,0.0,0.33751205400260376,0.0,0.03419181316215615,0.04412457397714464,Utsuroi,0.23460114208392602,0.8196721311479508,1.0
2019-10-10,0.24295062425497208,1.0,0.9523809523809523,0.0,0.0,0,0.0,0.33751205400260376,0.0,0.033166058767291465,1.0,Utsuroi,0.23460114208392602,0.8196721311479508,1.0
2019-10-11,0.21536671058410187,1.0,0.9523809523809523,4.9696691205406384e-11,0.9999999999493033,1,2.519456708658468e-21,0.33751205400260376,1.0,0.03217107700427272,0.3509437882530295,Utsuroi,0.23460114208392602,0.8196721311479508,1.0
2019-10-14,0.2129408432851074,1.0,0.9523809523809523,0.0,0.0,0,0.0,0.33751205400260376,0.0,0.031205944694144536,1.0,Utsuroi,0.23460114208392602,0.8196721311479508,1.0
2019-10-15,0.20978149731473997,2.0,0.48780487804878053,0.0,0.0,0,0.0,0.6589521054329959,0.0,0.0302697663533202,0.011806891800632657,Katashi,0.23460114208392602,0.8196721311479508,1.0
2019-10-16,0.21323841339109664,2.0,0.48780487804878053,1.5195622537913868e-11,0.9999999999838044,1,2.4610223070134623e-22,0.6589521054329959,1.0,0.02936167336272059,0.5934596063203189,Katashi,0.23460114208392602,0.8196721311479508,1.0
2019-10-17,0.2107823636755625,0.0,20.0,0.0,0.0,0,0.0,0.016072002571568628,0.0,0.02848082316183897,0.11515311192407018,Utsuroi,0.23460114208392602,0.8196721311479508,1.0
2019-10-18,0.2241666314697467,0.0,20.0,3.258115999159881e-11,0.9999999999664189,1,1.0941124256568096e-21,0.016072002571568628,1.0,0.027626398466983802,0.796320231780395,Utsuroi,0.23460114208392602,0.8196721311479508,1.0
2019-10-21,0.2243937091615151,0.0,20.0,2.0160539903944834e-11,0.9999999999788395,1,4.266074631411791e-22,0.016072002571568628,1.0,0.026797606512974286,1.0,Utsuroi,0.23460114208392602,0.8196721311479508,1.0
2019-10-22,0.2207456821133222,2.0,0.48780487804878053,4.099987016471076e-11,0.9999999999580002,1,1.7219883167363388e-21,0.6589521054329959,1.0,0.025993678317585058,0.6571675604500578,Katashi,0.23460114208392602,0.8196721311479508,1.0
2019-10-23,0.22432203833847358,2.0,0.48780487804878053,3.6987213285272793e-10,0.9999999996291279,1,1.3717525863710798e-19,0.6589521054329959,1.0,0.025213867968057507,1.0,Katashi,0.23460114208392602,0.8196721311479508,1.0
2019-10-24,0.22142366278028242,2.0,0.48780487804878053,2.3390289704808316e-11,0.9999999999756097,1,5.704954247531734e-22,0.6589521054329959,1.0,0.02445745192901578,1.0,Katashi,0.23460114208392602,0.8196721311479508,1.0
2019-10-25,0.21689379876041576,2.0,0.48780487804878053,1.0027645380656573e-11,0.9999999999889724,1,1.105810954326998e-22,0.6589521054329959,1.0,0.023723728371145305,1.0,Katashi,0.23460114208392602,0.8196721311479508,1.0
2019-10-28,0.20971779085164677,2.0,0.48780487804878053,1.1627920848332345e-11,0.9999999999873721,1,1.4683620687472505e-22,0.6589521054329959,1.0,0.023012016520010944,1.0,Katashi,0.23460114208392602,0.8196721311479508,1.0
2019-10-29,0.20675154904746348,2.0,0.48780487804878053,1.2353784661822843e-11,0.9999999999866462,1,1.6496950684664076e-22,0.6589521054329959,1.0,0.022321656024410615,1.0,Katashi,0.23460114208392602,0.8196721311479508,1.0
2019-10-30,0.20413764978982374,2.0,0.48780487804878053,0.0,0.0,0,0.0,0.6589521054329959,0.0,0.021652006343678296,1.0,Katashi,0.23460114208392602,0.8196721311479508,1.0
2019-10-31,0.19423631228819335,2.0,0.48780487804878053,6.893533519407185e-10,0.9999999993096467,1,4.758973820984312e-19,0.6589521054329959,1.0,0.021002446153367948,0.5934596063203189,Katashi,0.23460114208392602,0.8196721311479508,1.0
2019-11-01,0.20396624518035003,2.0,0.48780487804878053,2.75613309914148e-10,0.9999999997233867,1,7.623830382524996e-20,0.6589521054329959,1.0,0.020372372768766907,1.0,Katashi,0.23460114208392602,0.8196721311479508,1.0
2019-11-04,0.16629548552775916,2.0,0.48780487804878053,2.0697110691734672e-11,0.9999999999783029,1,4.490670438268237e-22,0.6589521054329959,1.0,0.0197612015857039,1.0,Katashi,0.23460114208392602,0.8196721311479508,1.0
2019-11-05,0.15257595033012836,1.0,0.9523809523809523,8.013589791704257e-12,0.9999999999909864,1,7.223103386734192e-23,0.33751205400260376,1.0,0.019168365538132785,0.27282689717922226,Utsuroi,0.23460114208392602,0.8196721311479508,1.0
2019-11-06,0.1103994167003704,2.0,0.48780487804878053,6.492373305415989e-11,0.9999999999340763,1,4.280013410658367e-21,0.6589521054329959,1.0,0.0185933145719888,0.09715435546482021,Katashi,0.23460114208392602,0.8196721311479508,1.0
2019-11-07,0.11581161599049794,2.0,0.48780487804878053,1.664957061093837e-11,0.9999999999823505,1,2.9385740382500476e-22,0.6589521054329959,1.0,0.018035515134829136,1.0,Katashi,0.23460114208392602,0.8196721311479508,1.0
2019-11-08,0.1416205110081983,2.0,0.48780487804878053,8.430811604354544e-12,0.9999999999905692,1,7.950920940878978e-23,0.6589521054329959,1.0,0.01749444968078426,1.0,Katashi,0.23460114208392602,0.8196721311479508,1.0
2019-11-11,0.1532315917332081,1.0,0.9523809523809523,3.657851799161946e-11,0.9999999999624215,1,1.3745656873009194e-21,0.33751205400260376,1.0,0.016969616190360734,0.27282689717922226,Utsuroi,0.23460114208392602,0.8196721311479508,1.0
2019-11-12,0.15398791943137566,1.0,0.9523809523809523,0.0,0.0,0,0.0,0.33751205400260376,0.0,0.01646052770464991,1.0,Utsuroi,0.23460114208392602,0.8196721311479508,1.0
2019-11-13,0.15566310024380858,2.0,0.48780487804878053,0.0,0.0,0,0.0,0.6589521054329959,0.0,0.01596671187351041,0.011806891800632657,Katashi,0.23460114208392602,0.8196721311479508,1.0
2019-11-14,0.16927700456034298,2.0,0.48780487804878053,0.0,0.0,0,0.0,0.6589521054329959,0.0,0.015487710517305098,1.0,Katashi,0.23460114208392602,0.8196721311479508,1.0
2019-11-15,0.17152330761026413,2.0,0.48780487804878053,0.0,0.0,0,0.0,0.6589521054329959,0.0,0.015023079201785946,1.0,Katashi,0.23460114208392602,0.8196721311479508,1.0
2019-11-18,0.17073655812786248,2.0,0.48780487804878053,1.7234591530187213e-10,0.9999999998266541,1,2.9875456626543157e-20,0.6589521054329959,1.0,0.014572386825732368,0.5934596063203189,Katashi,0.23460114208392602,0.8196721311479508,1.0
2019-11-19,0.15016186711838886,2.0,0.48780487804878053,9.877199058152248e-11,0.999999999900228,1,9.854675929503119e-21,0.6589521054329959,1.0,0.014135215220960395,1.0,Katashi,0.23460114208392602,0.8196721311479508,1.0
2019-11-20,0.1530900783037628,2.0,0.48780487804878053,3.376832147178992e-11,0.9999999999652317,1,1.1740671095009745e-21,0.6589521054329959,1.0,0.013711158764331583,1.0,Katashi,0.23460114208392602,0.8196721311479508,1.0
2019-11-21,0.15578234847983422,2.0,0.48780487804878053,0.0,0.0,0,0.0,0.6589521054329959,0.0,0.013299824001401636,1.0,Katashi,0.23460114208392602,0.8196721311479508,1.0
2019-11-22,0.16481813480180038,2.0,0.48780487804878053,0.0,0.0,0,0.0,0.6589521054329959,0.0,0.012900829281359586,1.0,Katashi,0.23460114208392602,0.8196721311479508,1.0
2019-11-25,0.1586916781894955,1.0,0.9523809523809523,0.0,0.0,0,0.0,0.33751205400260376,0.0,0.012513804402918797,0.04412457397714464,Utsuroi,0.23460114208392602,0.8196721311479508,1.0
2019-11-26,0.15467457182262442,1.0,0.9523809523809523,0.0,0.0,0,0.0,0.33751205400260376,0.0,0.012138390270831233,1.0,Utsuroi,0.23460114208392602,0.8196721311479508,1.0
2019-11-27,0.16018243097202273,1.5,0.6451612903225806,0.0,0.0,0,0.0,0.49823207971788014,0.0,0.011774238562706296,0.02524816240564065,Utsuroi,0.23460114208392602,0.8196721311479508,1.0
2019-11-29,0.14961010245070394,1.0,0.9523809523809523,8.897049763185164e-11,0.9999999999100295,1,8.004717978670773e-21,0.33751205400260376,1.0,0.011421011405825106,0.7797415687752542,Utsuroi,0.23460114208392602,0.8196721311479508,1.0
2019-12-02,0.1420929367780644,2.0,0.48780487804878053,0.0,0.0,0,0.0,0.6589521054329959,0.0,0.011078381063650352,0.2686618444260084,Katashi,0.23460114208392602,0.8196721311479508,1.0
2019-12-03,0.13316349529836083,1.0,0.9523809523809523,0.0,0.0,0,0.0,0.33751205400260376,0.0,0.010746029631740841,0.04412457397714464,Utsuroi,0.23460114208392602,0.8196721311479508,1.0
2019-12-04,0.11006125209442873,2.0,0.48780487804878053,0.0,0.0,0,0.0,0.6589521054329959,0.0,0.010423648742788616,0.011806891800632657,Katashi,0.23460114208392602,0.8196721311479508,1.0
2019-12-05,0.10419289075888716,2.0,0.48780487804878053,0.0,0.0,0,0.0,0.6589521054329959,0.0,0.010110939280504957,1.0,Katashi,0.23460114208392602,0.8196721311479508,1.0
2019-12-06,0.11904087495370161,1.5,0.6451612903225806,6.61919408151048e-11,0.9999999999328081,1,4.44756350555524e-21,0.49823207971788014,1.0,0.009807611102089808,0.9658273350358348,Utsuroi,0.23460114208392602,0.8196721311479508,1.0
2019-12-09,0.1268747332579898,0.5,1.8181818181818181,2.8638313942069663e-11,0.9999999999703617,1,8.487907058704095e-22,0.17679202828716653,1.0,0.009513382769027114,0.6195865003114482,Utsuroi,0.23460114208392602,0.8196721311479508,1.0
2019-12-10,0.12072307571392091,1.0,0.9523809523809523,3.11238812495237e-11,0.9999999999678761,1,9.998191767862302e-22,0.33751205400260376,1.0,0.0092279812859563,0.35537381558163395,Utsuroi,0.23460114208392602,0.8196721311479508,1.0
2019-12-11,0.13961795676726127,1.0,0.9523809523809523,0.6209601756450762,0.6876599824416384,2,0.1939507121640264,0.33751205400260376,2.0,0.00895114184737761,0.09702647889011329,Utsuroi,0.23460114208392602,0.8196721311479508,1.0
2019-12-12,0.15292198333963375,2.0,0.48780487804878053,0.1563023470277657,0.9636082332494442,2,0.005688118555598874,0.6589521054329959,2.0,0.008682607591956281,0.7288144210410218,Katashi,0.23460114208392602,0.8196721311479508,1.0
2019-12-13,0.1516785496512073,2.0,0.48780487804878053,8.790856930889265e-11,0.9999999999110915,1,7.815823182903913e-21,0.6589521054329959,1.0,0.008422129364197593,0.5946410267025295,Katashi,0.23460114208392602,0.8196721311479508,1.0
2019-12-16,0.1495314348291535,2.0,0.48780487804878053,2.1727397658563934e-11,0.9999999999772726,1,4.938067260301241e-22,0.6589521054329959,1.0,0.008169465483271665,1.0,Katashi,0.23460114208392602,0.8196721311479508,1.0
2019-12-17,0.15165527769530102,2.0,0.48780487804878053,2.5026536398459625e-11,0.9999999999739735,1,6.51353506880314e-22,0.6589521054329959,1.0,0.007924381518773515,1.0,Katashi,0.23460114208392602,0.8196721311479508,1.0
2019-12-18,0.15829834027811704,2.0,0.48780487804878053,0.048004306749458596,0.9917063970275743,2,0.00039812866114654255,0.6589521054329959,2.0,0.007686650073210309,0.3351975989325021,Katashi,0.23460114208392602,0.8196721311479508,1.0
2019-12-19,0.1546171138507057,2.0,0.48780487804878053,1.7104984095631468e-11,0.999999999981895,1,3.0968508661856093e-22,0.6589521054329959,1.0,0.007456050571014,0.5934654193304482,Katashi,0.23460114208392602,0.8196721311479508,1.0
2019-12-20,0.15162374421318653,2.0,0.48780487804878053,1.5344947534723522e-11,0.9999999999836551,1,2.5081202292354845e-22,0.6589521054329959,1.0,0.00723236905388358,1.0,Katashi,0.23460114208392602,0.8196721311479508,1.0
2019-12-23,0.15077536671726685,2.0,0.48780487804878053,3.400946191273009e-11,0.9999999999649906,1,1.1906522091791957e-21,0.6589521054329959,1.0,0.007015397982267072,1.0,Katashi,0.23460114208392602,0.8196721311479508,1.0
2019-12-24,0.1430210196724324,3.0,0.3278688524590164,0.0,0.0,0,0.0,0.9803921568627452,0.0,0.08752496175759347,0.2627230979537598,Katashi,0.23460114208392602,0.8196721311479508,1.0
2019-12-26,0.166341615588847,2.0,0.48780487804878053,3.912814516757207e-11,0.9999999999598719,1,1.5701390238717732e-21,0.6589521054329959,1.0,0.08489921290486567,0.6018962508462976,Katashi,0.23460114208392602,0.8196721311479508,1.0
2019-12-27,0.1642626982970786,2.0,0.48780487804878053,1.7233436899578262e-11,0.9999999999817666,1,3.1422440304091217e-22,0.6589521054329959,1.0,0.0823522365177197,1.0,Katashi,0.23460114208392602,0.8196721311479508,1.0
2019-12-30,0.19940637420506163,2.0,0.48780487804878053,2.183564440346242e-11,0.9999999999771644,1,4.986305278815904e-22,0.6589521054329959,1.0,0.0798816694221881,1.0,Katashi,0.23460114208392602,0.8196721311479508,1.0
2019-12-31,0.19913806071958232,2.0,0.48780487804878053,1.0633494085187656e-11,0.9999999999883665,1,1.237044553144427e-22,0.6589521054329959,1.0,0.07748521933952246,1.0,Katashi,0.23460114208392602,0.8196721311479508,1.0
2020-01-02,0.24629270488867686,1.0,0.9523809523809523,1.3195333714477121e-11,0.9999999999858047,1,1.8731187364873722e-22,0.33751205400260376,1.0,0.07516066275933678,0.27282689717922226,Utsuroi,0.23460114208392602,0.8196721311479508,1.0
2020-01-03,0.2104893195781921,2.0,0.48780487804878053,3.939015780137306e-11,0.9999999999596099,1,1.5909738180725077e-21,0.6589521054329959,1.0,0.07290584287655667,0.09715435546482021,Katashi,0.23460114208392602,0.8196721311479508,1.0
2020-01-06,0.2164305834877688,2.0,0.48780487804878053,7.321920847368781e-12,0.9999999999916781,1,6.093228376926849e-23,0.6589521054329959,1.0,0.07071866759025996,1.0,Katashi,0.23460114208392602,0.8196721311479508,1.0
2020-01-07,0.21685454145482816,2.0,0.48780487804878053,6.256883899854164e-12,0.9999999999927431,1,4.540534162323557e-23,0.6589521054329959,1.0,0.06859710756255216,1.0,Katashi,0.23460114208392602,0.8196721311479508,1.0
2020-01-08,0.21182333083513213,1.0,0.9523809523809523,9.845901871527422e-12,0.9999999999891541,1,1.0678746772756325e-22,0.33751205400260376,1.0,0.0665391943356756,0.27282689717922226,Utsuroi,0.23460114208392602,0.8196721311479508,1.0
2020-01-09,0.21356234061718044,1.0,0.9523809523809523,0.5707420362671178,0.7422010865397568,2,0.14713667681574968,0.33751205400260376,2.0,0.06454301850560533,0.12469088289111885,Utsuroi,0.23460114208392602,0.8196721311479508,1.0
2020-01-10,0.1956303748835477,2.0,0.48780487804878053,1.4661605263077676e-11,0.9999999999843384,1,2.296239498152473e-22,0.6589521054329959,1.0,0.06260672795043717,0.7626633197091838,Katashi,0.23460114208392602,0.8196721311479508,1.0
2020-01-13,0.20913658563965576,2.0,0.48780487804878053,0.6540434015116035,0.6389088836819675,2,0.236169261972268,0.6589521054329959,2.0,0.06072852611192406,0.17043655820314874,Katashi,0.23460114208392602,0.8196721311479508,1.0
2020-01-14,0.19597353636171178,1.0,0.9523809523809523,9.293987801142896e-11,0.9999999999060601,1,8.730758747210792e-21,0.33751205400260376,1.0,0.058906670328566335,0.5863306383190997,Utsuroi,0.23460114208392602,0.8196721311479508,1.0
2020-01-15,0.19389762115176082,2.0,0.48780487804878053,0.0,0.0,0,0.0,0.6589521054329959,0.0,0.05713947021870934,0.2686618444260084,Katashi,0.23460114208392602,0.8196721311479508,1.0
2020-01-16,0.21264932070696652,2.0,0.48780487804878053,2.6728286250559328e-11,0.9999999999722717,1,7.411289808769921e-22,0.6589521054329959,1.0,0.05542528611214806,0.5934596063203189,Katashi,0.23460114208392602,0.8196721311479508,1.0
2020-01-17,0.21716358308834355,2.0,0.48780487804878053,1.6329715357549457e-11,0.9999999999826703,1,2.8298895777718713e-22,0.6589521054329959,1.0,0.05376252752878362,1.0,Katashi,0.23460114208392602,0.8196721311479508,1.0
2020-01-21,0.24129159205043973,2.0,0.48780487804878053,1.2189915743390346e-11,0.9999999999868101,1,1.60783691913496e-22,0.6589521054329959,1.0,0.05214965170292011,1.0,Katashi,0.23460114208392602,0.8196721311479508,1.0
2020-01-22,0.24569503742347568,2.0,0.48780487804878053,1.7437495891500628e-11,0.9999999999815625,1,3.215033731131533e-22,0.6589521054329959,1.0,0.05058516215183251,1.0,Katashi,0.23460114208392602,0.8196721311479508,1.0
2020-01-23,0.23506486746159427,2.0,0.48780487804878053,1.8607781981735742e-11,0.9999999999803922,1,3.648569206289677e-22,0.6589521054329959,1.0,0.049067607287277534,1.0,Katashi,0.23460114208392602,0.8196721311479508,1.0
2020-01-24,0.23914094645498224,2.0,0.48780487804878053,4.610795078006555e-10,0.9999999995379205,1,2.130553818708476e-19,0.6589521054329959,1.0,0.04759557906865921,1.0,Katashi,0.23460114208392602,0.8196721311479508,1.0
2020-01-27,0.2379837574334351,2.0,0.48780487804878053,0.0,0.0,0,0.0,0.6589521054329959,0.0,0.04616771169659943,1.0,Katashi,0.23460114208392602,0.8196721311479508,1.0
2020-01-28,0.23178509821278756,2.0,0.48780487804878053,0.0,0.0,0,0.0,0.6589521054329959,0.0,0.044782680345701445,1.0,Katashi,0.23460114208392602,0.8196721311479508,1.0
2020-01-29,0.21913946715325267,2.0,0.48780487804878053,0.0,0.0,0,0.0,0.6589521054329959,0.0,0.0434391999353304,1.0,Katashi,0.23460114208392602,0.8196721311479508,1.0
2020-01-30,0.237321323345463,2.0,0.48780487804878053,0.0,0.0,0,0.0,0.6589521054329959,0.0,0.042136023937270485,1.0,Katashi,0.23460114208392602,0.8196721311479508,1.0
2020-01-31,0.24658520397555636,2.0,0.48780487804878053,0.0,0.0,0,0.0,0.6589521054329959,0.0,0.04087194321915237,1.0,Katashi,0.23460114208392602,0.8196721311479508,1.0
2020-02-03,0.25846054118991074,1.0,0.9523809523809523,0.0,0.0,0,0.0,0.33751205400260376,0.0,0.039645784922577795,0.04412457397714464,Utsuroi,0.23460114208392602,0.8196721311479508,1.0
2020-02-04,0.19042574731446799,2.0,0.48780487804878053,0.0,0.0,0,0.0,0.6589521054329959,0.0,0.03845641137490046,0.011806891800632657,Katashi,0.23460114208392602,0.8196721311479508,1.0
2020-02-05,0.19027119563385664,2.0,0.48780487804878053,0.0,0.0,0,0.0,0.6589521054329959,0.0,0.037302719033653446,1.0,Katashi,0.23460114208392602,0.8196721311479508,1.0
2020-02-06,0.17751521332417836,2.0,0.48780487804878053,0.0,0.0,0,0.0,0.6589521054329959,0.0,0.036183637462643845,1.0,Katashi,0.23460114208392602,0.8196721311479508,1.0
2020-02-07,0.17978022613928799,2.0,0.48780487804878053,0.0,0.0,0,0.0,0.6589521054329959,0.0,0.03509812833876453,1.0,Katashi,0.23460114208392602,0.8196721311479508,1.0
2020-02-10,0.17423689856854446,2.0,0.48780487804878053,0.0,0.0,0,0.0,0.6589521054329959,0.0,0.034045184488601596,1.0,Katashi,0.23460114208392602,0.8196721311479508,1.0
2020-02-11,0.164614872569949,2.0,0.48780487804878053,4.799962648414161e-10,0.9999999995190038,1,2.308763999637344e-19,0.6589521054329959,1.0,0.03302382895394355,0.5934596063203189,Katashi,0.23460114208392602,0.8196721311479508,1.0
2020-02-12,0.16453305564720005,2.0,0.48780487804878053,0.0,0.0,0,0.0,0.6589521054329959,0.0,0.03203311408532524,1.0,Katashi,0.23460114208392602,0.8196721311479508,1.0
2020-02-13,0.17793650793650792,3.0,0.3278688524590164,0.0,0.0,0,0.0,0.9803921568627452,0.0,0.11179214637755991,0.0017216396294629233,Katashi,0.23460114208392602,0.8196721311479508,1.0
2020-02-14,0.17240542066629022,2.0,0.48780487804878053,4.799962648414161e-10,0.9999999995190038,1,2.308763999637344e-19,0.6589521054329959,1.0,0.10843838198623311,0.6018962508462976,Katashi,0.23460114208392602,0.8196721311479508,1.0
2020-02-18,0.16763724198506808,2.0,0.48780487804878053,4.799962648414161e-10,0.9999999995190038,1,2.308763999637344e-19,0.6589521054329959,1.0,0.10518523052664612,1.0,Katashi,0.23460114208392602,0.8196721311479508,1.0
2020-02-19,0.17946232511449906,2.0,0.48780487804878053,0.0,0.0,0,0.0,0.6589521054329959,0.0,0.10202967361084674,1.0,Katashi,0.23460114208392602,0.8196721311479508,1.0
2020-02-20,0.1810835058661146,2.0,0.48780487804878053,0.0,0.0,0,0.0,0.6589521054329959,0.0,0.09896878340252133,1.0,Katashi,0.23460114208392602,0.8196721311479508,1.0
2020-02-21,0.16887696844218583,2.0,0.48780487804878053,0.0,0.0,0,0.0,0.6589521054329959,0.0,0.09599971990044569,1.0,Katashi,0.23460114208392602,0.8196721311479508,1.0
2020-02-24,0.18744902440554617,2.0,0.48780487804878053,0.0,0.0,0,0.0,0.6589521054329959,0.0,0.09311972830343232,1.0,Katashi,0.23460114208392602,0.8196721311479508,1.0
2020-02-25,0.21236275801493193,1.0,0.9523809523809523,0.0,0.0,0,0.0,0.33751205400260376,0.0,0.09032613645432935,0.04412457397714464,Utsuroi,0.23460114208392602,0.8196721311479508,1.0
2020-02-26,0.20516280820628646,1.0,0.9523809523809523,0.0,0.0,0,0.0,0.33751205400260376,0.0,0.08761635236069946,1.0,Utsuroi,0.23460114208392602,0.8196721311479508,1.0
2020-02-27,0.23134010916619616,1.0,0.9523809523809523,0.0,0.0,0,0.0,0.33751205400260376,0.0,0.08498786178987848,1.0,Utsuroi,0.23460114208392602,0.8196721311479508,1.0
2020-02-28,0.24111487546270155,1.5,0.6451612903225806,0.0,0.0,0,0.0,0.49823207971788014,0.0,0.08243822593618212,0.02524816240564065,Utsuroi,0.23460114208392602,0.8196721311479508,1.0
2020-03-02,0.23527385657820443,1.0,0.9523809523809523,0.0,0.0,0,0.0,0.33751205400260376,0.0,0.07996507915809666,0.05415578066483229,Utsuroi,0.23460114208392602,0.8196721311479508,1.0
2020-03-03,0.23324170239184866,2.0,0.48780487804878053,0.0,0.0,0,0.0,0.6589521054329959,0.0,0.07756612678335376,0.011806891800632657,Katashi,0.23460114208392602,0.8196721311479508,1.0
2020-03-04,0.2297666102013928,1.0,0.9523809523809523,0.0,0.0,0,0.0,0.33751205400260376,0.0,0.07523914297985314,0.04412457397714464,Utsuroi,0.23460114208392602,0.8196721311479508,1.0
2020-03-05,0.22871761089152395,2.0,0.48780487804878053,0.0,0.0,0,0.0,0.6589521054329959,0.0,0.07298196869045755,0.011806891800632657,Katashi,0.23460114208392602,0.8196721311479508,1.0
2020-03-06,0.24941150636802817,2.0,0.48780487804878053,0.0,0.0,0,0.0,0.6589521054329959,0.0,0.07079250962974382,1.0,Katashi,0.23460114208392602,0.8196721311479508,1.0
2020-03-09,0.27914110044544826,2.0,0.48780487804878053,0.0,0.0,0,0.0,0.6589521054329959,0.0,0.0686687343408515,1.0,Katashi,0.23460114208392602,0.8196721311479508,1.0
2020-03-10,0.28369471108601546,1.0,0.9523809523809523,0.0,0.0,0,0.0,0.33751205400260376,0.0,0.06660867231062595,0.04412457397714464,Utsuroi,0.23460114208392602,0.8196721311479508,1.0
2020-03-11,0.32808645460819374,1.0,0.9523809523809523,0.0,0.0,0,0.0,0.33751205400260376,0.0,0.06461041214130717,1.0,Utsuroi,0.23460114208392602,0.8196721311479508,1.0
2020-03-12,0.3383380387728214,1.0,0.9523809523809523,0.0,0.0,0,0.0,0.33751205400260376,0.0,0.06267209977706795,1.0,Utsuroi,0.23460114208392602,0.8196721311479508,1.0
2020-03-13,0.34770750988142296,1.0,0.9523809523809523,0.0,0.0,0,0.0,0.33751205400260376,0.0,0.060791936783755905,1.0,Utsuroi,0.23460114208392602,0.8196721311479508,1.0
2020-03-16,0.3698318589622938,1.0,0.9523809523809523,0.0,0.0,0,0.0,0.33751205400260376,0.0,0.058968178680243226,1.0,Utsuroi,0.23460114208392602,0.8196721311479508,1.0
2020-03-17,0.3956277056277057,1.0,0.9523809523809523,0.0,0.0,0,0.0,0.33751205400260376,0.0,0.05719913331983593,1.0,Utsuroi,0.23460114208392602,0.8196721311479508,1.0
2020-03-18,0.4149149883932493,1.0,0.9523809523809523,0.0,0.0,0,0.0,0.33751205400260376,0.0,0.05548315932024085,1.0,Utsuroi,0.23460114208392602,0.8196721311479508,1.0
2020-03-19,0.4110766045548655,1.0,0.9523809523809523,0.0,0.0,0,0.0,0.33751205400260376,0.0,0.05381866454063362,1.0,Utsuroi,0.23460114208392602,0.8196721311479508,1.0
2020-03-20,0.4042104272539055,3.0,0.3278688524590164,0.0,0.0,0,0.0,0.9803921568627452,0.0,0.13292413031920902,0.0042319827203954885,Katashi,0.23460114208392602,0.8196721311479508,1.0
2020-03-23,0.396128364389234,2.0,0.48780487804878053,0.0,0.0,0,0.0,0.6589521054329959,0.0,0.12893640640963275,0.003806676760774619,Katashi,0.23460114208392602,0.8196721311479508,1.0
2020-03-24,0.394840956145304,3.0,0.3278688524590164,0.0,0.0,0,0.0,0.9803921568627452,0.0,0.2057883399321382,0.0017216396294629233,Katashi,0.23460114208392602,0.8196721311479508,1.0
2020-03-25,0.38003576134010914,2.0,0.48780487804878053,0.0,0.0,0,0.0,0.6589521054329959,0.0,0.19961468973417404,0.003806676760774619,Katashi,0.23460114208392602,0.8196721311479508,1.0
2020-03-26,0.3770318087709393,2.0,0.48780487804878053,0.0,0.0,0,0.0,0.6589521054329959,0.0,0.1936262490421488,1.0,Katashi,0.23460114208392602,0.8196721311479508,1.0
2020-03-27,0.38566221218395136,2.0,0.48780487804878053,0.0,0.0,0,0.0,0.6589521054329959,0.0,0.18781746157088433,1.0,Katashi,0.23460114208392602,0.8196721311479508,1.0
2020-03-30,0.37853378505552426,2.0,0.48780487804878053,0.0,0.0,0,0.0,0.6589521054329959,0.0,0.1821829377237578,1.0,Katashi,0.23460114208392602,0.8196721311479508,1.0
2020-03-31,0.37912980739067703,2.0,0.48780487804878053,0.0,0.0,0,0.0,0.6589521054329959,0.0,0.17671744959204505,1.0,Katashi,0.23460114208392602,0.8196721311479508,1.0
2020-04-01,0.37936821632473805,2.0,0.48780487804878053,0.0,0.0,0,0.0,0.6589521054329959,0.0,0.1714159261042837,1.0,Katashi,0.23460114208392602,0.8196721311479508,1.0
2020-04-02,0.38783173348390737,2.0,0.48780487804878053,0.0,0.0,0,0.0,0.6589521054329959,0.0,0.16627344832115518,1.0,Katashi,0.23460114208392602,0.8196721311479508,1.0
2020-04-03,0.38721187025534853,2.0,0.48780487804878053,0.0,0.0,0,0.0,0.6589521054329959,0.0,0.16128524487152052,1.0,Katashi,0.23460114208392602,0.8196721311479508,1.0
2020-04-06,0.39798795407491067,3.0,0.3278688524590164,0.0,0.0,0,0.0,0.9803921568627452,0.0,0.2371667132401693,0.0017216396294629233,Katashi,0.23460114208392602,0.8196721311479508,1.0
2020-04-07,0.392909843779409,2.0,0.48780487804878053,0.0,0.0,0,0.0,0.6589521054329959,0.0,0.23005171184296422,0.003806676760774619,Katashi,0.23460114208392602,0.8196721311479508,1.0
2020-04-08,0.3800119204467031,2.0,0.48780487804878053,0.0,0.0,0,0.0,0.6589521054329959,0.0,0.22315016048767528,1.0,Katashi,0.23460114208392602,0.8196721311479508,1.0
2020-04-09,0.38115628333019635,2.0,0.48780487804878053,4.680444920409783e-11,0.9999999999521956,1,2.237459879161603e-21,0.6589521054329959,1.0,0.216455655673045,0.5934596063203189,Katashi,0.23460114208392602,0.8196721311479508,1.0
2020-04-13,0.35681473116255724,2.0,0.48780487804878053,1.5487833237990437e-11,0.9999999999835122,1,2.5536046903037697e-22,0.6589521054329959,1.0,0.20996198600285365,1.0,Katashi,0.23460114208392602,0.8196721311479508,1.0
2020-04-14,0.3469684421858335,1.0,0.9523809523809523,0.0,0.0,0,0.0,0.33751205400260376,0.0,0.20366312642276804,0.29257939037860414,Utsuroi,0.23460114208392602,0.8196721311479508,1.0
2020-04-15,0.3474452600539557,1.0,0.9523809523809523,2.8084423675100435e-11,0.9999999999709156,1,8.168186555737462e-22,0.33751205400260376,1.0,0.197553232630085,0.3509437882530295,Utsuroi,0.23460114208392602,0.8196721311479508,1.0
2020-04-16,0.31454482715352283,1.0,0.9523809523809523,0.16129483262114602,0.9620743309359435,2,0.006117214443731965,0.33751205400260376,2.0,0.19162663565118246,0.13777425017947265,Utsuroi,0.23460114208392602,0.8196721311479508,1.0
2020-04-17,0.2869609134826526,1.0,0.9523809523809523,1.2607681564605657e-10,0.9999999998729232,1,1.6021437471077674e-20,0.33751205400260376,1.0,0.18587783658164697,0.3531237918617185,Utsuroi,0.23460114208392602,0.8196721311479508,1.0
2020-04-20,0.242926783361566,1.0,0.9523809523809523,0.0,0.0,0,0.0,0.33751205400260376,0.0,0.18030150148419755,1.0,Utsuroi,0.23460114208392602,0.8196721311479508,1.0
2020-04-21,0.2522247317899492,2.0,0.48780487804878053,0.0,0.0,0,0.0,0.6589521054329959,0.0,0.1748924564396716,0.011806891800632657,Katashi,0.23460114208392602,0.8196721311479508,1.0
2020-04-22,0.2650511324424368,2.0,0.48780487804878053,2.784855679003571e-10,0.9999999997205145,1,7.78326909469814e-20,0.6589521054329959,1.0,0.16964568274648145,0.5934596063203189,Katashi,0.23460114208392602,0.8196721311479508,1.0
2020-04-23,0.2735623313884184,2.0,0.48780487804878053,0.0,0.0,0,0.0,0.6589521054329959,0.0,0.164556312264087,1.0,Katashi,0.23460114208392602,0.8196721311479508,1.0
2020-04-24,0.26972394755003454,3.0,0.3278688524590164,0.0,0.0,0,0.0,0.9803921568627452,0.0,0.24033964861095883,0.0017216396294629233,Katashi,0.23460114208392602,0.8196721311479508,1.0
2020-04-27,0.2793556684861033,2.0,0.48780487804878053,0.0,0.0,0,0.0,0.6589521054329959,0.0,0.23312945915263006,0.003806676760774619,Katashi,0.23460114208392602,0.8196721311479508,1.0
2020-04-28,0.2602114310809963,2.0,0.48780487804878053,0.0,0.0,0,0.0,0.6589521054329959,0.0,0.22613557537805115,1.0,Katashi,0.23460114208392602,0.8196721311479508,1.0
2020-04-29,0.23317585795846665,2.0,0.48780487804878053,0.0,0.0,0,0.0,0.6589521054329959,0.0,0.21935150811670961,1.0,Katashi,0.23460114208392602,0.8196721311479508,1.0
2020-04-30,0.2802377815421294,2.0,0.48780487804878053,0.0,0.0,0,0.0,0.6589521054329959,0.0,0.21277096287320832,1.0,Katashi,0.23460114208392602,0.8196721311479508,1.0
2020-05-01,0.28264571177614656,2.0,0.48780487804878053,0.0,0.0,0,0.0,0.6589521054329959,0.0,0.20638783398701208,1.0,Katashi,0.23460114208392602,0.8196721311479508,1.0
2020-05-04,0.30410251584164627,2.0,0.48780487804878053,0.0,0.0,0,0.0,0.6589521054329959,0.0,0.2001961989674017,1.0,Katashi,0.23460114208392602,0.8196721311479508,1.0
2020-05-05,0.2803831904544473,2.0,0.48780487804878053,0.0,0.0,0,0.0,0.6589521054329959,0.0,0.19419031299837966,1.0,Katashi,0.23460114208392602,0.8196721311479508,1.0
2020-05-06,0.2999573383238035,2.0,0.48780487804878053,0.0,0.0,0,0.0,0.6589521054329959,0.0,0.18836460360842827,1.0,Katashi,0.23460114208392602,0.8196721311479508,1.0
2020-05-07,0.26309767407937207,1.0,0.9523809523809523,7.60793650270983e-11,0.9999999999229207,1,5.8641474651731094e-21,0.33751205400260376,1.0,0.18271366550017543,0.8983418051370832,Utsuroi,0.23460114208392602,0.8196721311479508,1.0
2020-05-08,0.25486017741091493,1.0,0.9523809523809523,1.6063594898551382e-11,0.9999999999829364,1,2.7410232061129742e-22,0.33751205400260376,1.0,0.17723225553517016,1.0,Utsuroi,0.23460114208392602,0.8196721311479508,1.0
2020-05-11,0.2731826682758033,1.0,0.9523809523809523,0.0,0.0,0,0.0,0.33751205400260376,0.0,0.17191528786911506,1.0,Utsuroi,0.23460114208392602,0.8196721311479508,1.0
2020-05-12,0.2856166874173817,2.0,0.48780487804878053,0.0,0.0,0,0.0,0.6589521054329959,0.0,0.1667578292330416,0.011806891800632657,Katashi,0.23460114208392602,0.8196721311479508,1.0
2020-05-13,0.2787979360201759,1.0,0.9523809523809523,0.0,0.0,0,0.0,0.33751205400260376,0.0,0.16175509435605034,0.04412457397714464,Utsuroi,0.23460114208392602,0.8196721311479508,1.0
2020-05-14,0.28149180883224323,1.0,0.9523809523809523,0.0,0.0,0,0.0,0.33751205400260376,0.0,0.15690244152536884,1.0,Utsuroi,0.23460114208392602,0.8196721311479508,1.0
2020-05-15,0.2868321352863885,2.0,0.48780487804878053,0.0,0.0,0,0.0,0.6589521054329959,0.0,0.15219536827960778,0.011806891800632657,Katashi,0.23460114208392602,0.8196721311479508,1.0
2020-05-18,0.2565886994198578,2.0,0.48780487804878053,0.0,0.0,0,0.0,0.6589521054329959,0.0,0.14762950723121954,1.0,Katashi,0.23460114208392602,0.8196721311479508,1.0
2020-05-19,0.2719784237075601,2.0,0.48780487804878053,0.0,0.0,0,0.0,0.6589521054329959,0.0,0.14320062201428294,1.0,Katashi,0.23460114208392602,0.8196721311479508,1.0
2020-05-20,0.2766395574171012,2.0,0.48780487804878053,0.0,0.0,0,0.0,0.6589521054329959,0.0,0.13890460335385443,1.0,Katashi,0.23460114208392602,0.8196721311479508,1.0
2020-05-21,0.2700472574715476,2.0,0.48780487804878053,4.426137234400979e-11,0.9999999999547386,1,2.0033294750267074e-21,0.6589521054329959,1.0,0.1347374652532388,0.5934596063203189,Katashi,0.23460114208392602,0.8196721311479508,1.0
2020-05-22,0.23766912228499587,2.0,0.48780487804878053,3.359201805548556e-11,0.999999999965408,1,1.162014952002413e-21,0.6589521054329959,1.0,0.13069534129564161,1.0,Katashi,0.23460114208392602,0.8196721311479508,1.0
2020-05-26,0.22425936382458123,2.0,0.48780487804878053,0.0,0.0,0,0.0,0.6589521054329959,0.0,0.12677448105677236,1.0,Katashi,0.23460114208392602,0.8196721311479508,1.0
2020-05-27,0.22945667858711338,2.0,0.48780487804878053,8.584055688110511e-11,0.9999999999131595,1,7.454439863922202e-21,0.6589521054329959,1.0,0.12297124662506918,0.5934596063203189,Katashi,0.23460114208392602,0.8196721311479508,1.0
2020-05-28,0.24633603111863983,2.0,0.48780487804878053,3.554684324033867e-10,0.9999999996435316,1,1.2671326702673577e-19,0.6589521054329959,1.0,0.1192821092263171,1.0,Katashi,0.23460114208392602,0.8196721311479508,1.0
2020-05-29,0.25386975343497087,2.0,0.48780487804878053,0.0,0.0,0,0.0,0.6589521054329959,0.0,0.11570364594952759,1.0,Katashi,0.23460114208392602,0.8196721311479508,1.0
2020-06-01,0.24271221532091097,2.0,0.48780487804878053,1.858790898959534e-11,0.9999999999804121,1,3.6409785840211093e-22,0.6589521054329959,1.0,0.11223253657104176,0.5934596063203189,Katashi,0.23460114208392602,0.8196721311479508,1.0
2020-06-02,0.1806305288913985,2.0,0.48780487804878053,2.4056645564171862e-11,0.9999999999749434,1,6.027783091975212e-22,0.6589521054329959,1.0,0.10886556047391051,1.0,Katashi,0.23460114208392602,0.8196721311479508,1.0
2020-06-03,0.16532467532467535,2.0,0.48780487804878053,1.364415247356788e-10,0.9999999998625585,1,1.8752728179899938e-20,0.6589521054329959,1.0,0.1055995936596932,1.0,Katashi,0.23460114208392602,0.8196721311479508,1.0
2020-06-04,0.17581466842336407,2.0,0.48780487804878053,0.0,0.0,0,0.0,0.6589521054329959,0.0,0.1024316058499024,1.0,Katashi,0.23460114208392602,0.8196721311479508,1.0
2020-06-05,0.17757889453541628,2.0,0.48780487804878053,0.0,0.0,0,0.0,0.6589521054329959,0.0,0.09935865767440531,1.0,Katashi,0.23460114208392602,0.8196721311479508,1.0
2020-06-08,0.1758146684233641,2.0,0.48780487804878053,1.8080204000444072e-11,0.9999999999809198,1,3.449735807361873e-22,0.6589521054329959,1.0,0.09637789794417315,0.5934596063203189,Katashi,0.23460114208392602,0.8196721311479508,1.0
2020-06-09,0.1716186711838886,1.0,0.9523809523809523,2.3171353724357553e-11,0.9999999999758287,1,5.600824745602116e-22,0.33751205400260376,1.0,0.09348656100584794,0.27282689717922226,Utsuroi,0.23460114208392602,0.8196721311479508,1.0
2020-06-10,0.16470481209611645,2.0,0.48780487804878053,8.852474309103112e-12,0.9999999999901475,1,8.721857987089992e-23,0.6589521054329959,1.0,0.09068196417567251,0.09715435546482021,Katashi,0.23460114208392602,0.8196721311479508,1.0
2020-06-11,0.16489553924336536,1.5,0.6451612903225806,1.291633466839274e-11,0.9999999999860837,1,1.7974775020402064e-22,0.49823207971788014,1.0,0.08796150525040233,0.14857959043984192,Utsuroi,0.23460114208392602,0.8196721311479508,1.0
2020-06-12,0.16115251897860597,1.5,0.6451612903225806,1.9091284108950398e-11,0.9999999999799087,1,3.8356799070941223e-22,0.49823207971788014,1.0,0.08532266009289026,1.0,Utsuroi,0.23460114208392602,0.8196721311479508,1.0
2020-06-15,0.1749802371541502,1.0,0.9523809523809523,2.2039925439988762e-11,0.9999999999769601,1,5.0779775128502935e-22,0.33751205400260376,1.0,0.08276298029010355,0.2804580418802347,Utsuroi,0.23460114208392602,0.8196721311479508,1.0
2020-06-16,0.16363197189284145,2.0,0.48780487804878053,1.5779599848857072e-11,0.9999999999832204,1,2.6477502216922924e-22,0.6589521054329959,1.0,0.08028009088140044,0.09715435546482021,Katashi,0.23460114208392602,0.8196721311479508,1.0
2020-06-17,0.1626306543697848,3.0,0.3278688524590164,1.6666446000912373e-11,0.9999999999823336,1,2.9443649961437907e-22,0.9803921568627452,1.0,0.15859171386975285,0.04366587736761063,Katashi,0.23460114208392602,0.8196721311479508,1.0
2020-06-18,0.17526632787502355,1.5,0.6451612903225806,2.1700419239066157e-11,0.9999999999772996,1,4.926081343452781e-22,0.49823207971788014,1.0,0.15383396245366027,0.1456931551011985,Utsuroi,0.23460114208392602,0.8196721311479508,1.0
2020-06-19,0.16999749043227305,2.0,0.48780487804878053,1.4323723308281694e-09,0.9999999985666277,1,2.0531228362378554e-18,0.6589521054329959,1.0,0.14921894358005044,0.09306531693657372,Katashi,0.23460114208392602,0.8196721311479508,1.0
2020-06-22,0.16041345128301657,1.0,0.9523809523809523,6.162992338491371e-11,0.9999999999373701,1,3.8598760165761714e-21,0.33751205400260376,1.0,0.14474237527264894,0.27282689717922226,Utsuroi,0.23460114208392602,0.8196721311479508,1.0
2020-06-23,0.16499090281698978,2.0,0.48780487804878053,0.0,0.0,0,0.0,0.6589521054329959,0.0,0.14040010401446948,0.2686618444260084,Katashi,0.23460114208392602,0.8196721311479508,1.0
2020-06-24,0.1773643264947613,2.0,0.48780487804878053,2.2037816016242026e-11,0.9999999999769622,1,5.077026632734147e-22,0.6589521054329959,1.0,0.13618810089403538,0.5934596063203189,Katashi,0.23460114208392602,0.8196721311479508,1.0
2020-06-25,0.1924556120208294,1.0,0.9523809523809523,4.938716102725412e-12,0.9999999999940613,1,2.932952359323393e-23,0.33751205400260376,1.0,0.1321024578672143,0.27282689717922226,Utsuroi,0.23460114208392602,0.8196721311479508,1.0
2020-06-26,0.20275487797226927,1.0,0.9523809523809523,5.7344129444692205e-12,0.9999999999932656,1,3.861777790721432e-23,0.33751205400260376,1.0,0.12813938413119788,1.0,Utsuroi,0.23460114208392602,0.8196721311479508,1.0
2020-06-29,0.18372984503419287,1.0,0.9523809523809523,4.6523895846762436e-12,0.9999999999943476,1,2.6297015513491942e-23,0.33751205400260376,1.0,0.12429520260726194,1.0,Utsuroi,0.23460114208392602,0.8196721311479508,1.0
