date,mean_corr,curv,eta,entropy,dominance,h1_count,v_raw,Oh,Xi,phi,DEF,regime,phi_c,Oh_pre,Xi_c
2012-02-03,0.10862232800086499,2.0,0.48780487804878053,0.5690912755984846,0.7437561934382158,2,0.14582611474045715,0.397980974569239,1.0,1e-06,1.0,Utsuroi,1e-06,0.9803921568627452,2.0
2012-02-06,0.10213911242242919,2.0,0.48780487804878053,1.0882744651670242,0.39748371306452296,3,0.6557030899191275,0.397980974569239,1.5,1e-06,0.07318369071419539,Utsuroi,1e-06,0.9803921568627452,2.0
2012-02-07,0.10637969221787234,2.0,0.48780487804878053,0.6928492872785091,0.5122037637968356,2,0.33796927459050174,0.397980974569239,1.0,1e-06,0.12971233356697343,Utsuroi,1e-06,0.9803921568627452,2.0
2012-02-08,0.10476246699684547,2.0,0.48780487804878053,0.3621780735199251,0.8823690622247814,2,0.04260334642977086,0.397980974569239,1.0,1e-06,0.8718005812877454,Utsuroi,1e-06,0.9803921568627452,2.0
2012-02-09,0.1346684789100364,2.0,0.48780487804878053,1.578936981147361e-11,0.9999999999832107,1,2.6509321956914542e-22,0.397980974569239,0.5,1e-06,0.4898067451256981,Utsuroi,1e-06,0.9803921568627452,2.0
2012-02-10,0.1212939815156798,2.0,0.48780487804878053,3.365818734775093e-11,0.9999999999653418,1,1.1665310183272493e-21,0.397980974569239,0.5,1e-06,1.0,Utsuroi,1e-06,0.9803921568627452,2.0
2012-02-13,0.13176784483801704,2.0,0.48780487804878053,0.5298946645248798,0.7776272856356456,2,0.11783411487758647,0.397980974569239,1.0,1e-06,0.2255932492379229,Utsuroi,1e-06,0.9803921568627452,2.0
2012-02-14,0.11741264887327356,2.0,0.48780487804878053,0.6843801020589643,0.5661113751136148,2,0.29694474138196797,0.397980974569239,1.0,1e-06,0.3306319950133405,Utsuroi,1e-06,0.9803921568627452,2.0
2012-02-15,0.13398028043901997,2.0,0.48780487804878053,0.6875989936472744,0.5526209012855047,2,0.3076174180549116,0.397980974569239,1.0,1e-06,0.3176691754632729,Utsuroi,1e-06,0.9803921568627452,2.0
2012-02-16,0.11208693168812896,2.0,0.48780487804878053,0.5073454332654163,0.7949341899644597,2,0.10403920224040472,0.397980974569239,1.0,1e-06,0.6989693773877816,Utsuroi,1e-06,0.9803921568627452,2.0
2012-02-17,0.1251918494717924,4.0,0.2469135802469136,0.0,0.0,0,0.0,0.7862550960986313,0.0,1e-06,0.4343013636326428,Utsuroi,1e-06,0.9803921568627452,2.0
2012-02-21,0.12140707066981538,3.0,0.3278688524590164,0.47272115586637337,0.8191227123481754,2,0.08550452048874504,0.5921180353341293,1.0,1e-06,0.6075316049154158,Utsuroi,1e-06,0.9803921568627452,2.0
2012-02-22,0.12751572905877914,3.0,0.3278688524590164,0.8674567433058002,0.48432999618917094,3,0.4473214221262314,0.5921180353341293,1.5,1e-06,0.16731485965466852,Utsuroi,1e-06,0.9803921568627452,2.0
2012-02-23,0.1340474578968153,3.0,0.3278688524590164,1.0945526022897543,0.37329774012965494,3,0.6859585894019561,0.5921180353341293,1.5,1e-06,0.18606867449060915,Utsuroi,1e-06,0.9803921568627452,2.0
2012-02-24,0.1501300028524516,4.0,0.2469135802469136,0.6402638266915288,0.6611588481374348,2,0.21694773253209146,0.7862550960986313,1.0,1e-06,0.6222896607624693,Utsuroi,1e-06,0.9803921568627452,2.0
2012-02-27,0.0986158463581707,4.0,0.2469135802469136,0.6143303288325199,0.6958613098164974,2,0.18684162155112305,0.7862550960986313,1.0,1e-06,0.6316392635562081,Utsuroi,1e-06,0.9803921568627452,2.0
2012-02-28,0.08259214996279389,3.5,0.28169014084507044,0.4408527252410749,0.8392855370069141,2,0.07085140899615779,0.6891865657164288,1.0,1e-06,0.5480682278459481,Utsuroi,1e-06,0.9803921568627452,2.0
2012-02-29,0.09478388907955256,3.5,0.28169014084507044,4.754407978306748e-11,0.9999999999514559,1,2.3079825505009224e-21,0.6891865657164288,0.5,1e-06,0.6919531364445279,Utsuroi,1e-06,0.9803921568627452,2.0
2012-03-01,0.0843832333896171,4.0,0.2469135802469136,1.1371192875539365e-10,0.9999999998852881,1,1.3044112155271753e-20,0.7862550960986313,0.5,1e-06,0.05653855510280359,Utsuroi,1e-06,0.9803921568627452,2.0
2012-03-02,0.05583641067308474,4.0,0.2469135802469136,0.4157649421920662,0.853967461376356,2,0.06071520997902001,0.7862550960986313,1.0,1e-06,0.45214850356416103,Utsuroi,1e-06,0.9803921568627452,2.0
2012-03-05,0.07190027140472129,4.0,0.2469135802469136,6.698530619046748e-12,0.9999999999923015,1,5.156869489052913e-23,0.7862550960986313,0.5,1e-06,0.71700373187748,Utsuroi,1e-06,0.9803921568627452,2.0
2012-03-06,0.07127746895405741,3.0,0.3278688524590164,1.9920398663723466e-11,0.9999999999790796,1,4.167422409162644e-22,0.5921180353341293,0.5,1e-06,0.09610141315680376,Utsuroi,1e-06,0.9803921568627452,2.0
2012-03-07,0.08389668176606482,3.0,0.3278688524590164,1.2843170971070957e-11,0.9999999999861569,1,1.7778992745142115e-22,0.5921180353341293,0.5,1e-06,1.0,Utsuroi,1e-06,0.9803921568627452,2.0
2012-03-08,0.08639996541045529,2.0,0.48780487804878053,0.0,0.0,0,0.0,0.397980974569239,0.0,1e-06,0.4333893968275033,Utsuroi,1e-06,0.9803921568627452,2.0
2012-03-09,0.09168964509511913,2.0,0.48780487804878053,0.0,0.0,0,0.0,0.397980974569239,0.0,1e-06,1.0,Utsuroi,1e-06,0.9803921568627452,2.0
2012-03-12,0.08462913193631004,2.0,0.48780487804878053,3.99303923251337e-11,0.9999999999590696,1,1.634365740268694e-21,0.397980974569239,0.5,1e-06,0.4629471702071445,Utsuroi,1e-06,0.9803921568627452,2.0
2012-03-13,0.042467001061607015,3.0,0.3278688524590164,4.390399155239906e-11,0.999999999955096,1,1.971463494597955e-21,0.5921180353341293,0.5,1e-06,0.10900710300655303,Utsuroi,1e-06,0.9803921568627452,2.0
2012-03-14,0.11680089488943082,3.0,0.3278688524590164,1.3274958909009092e-10,0.9999999998662504,1,1.775520005721613e-20,0.5921180353341293,0.5,1e-06,1.0,Utsuroi,1e-06,0.9803921568627452,2.0
2012-03-15,0.1032718676531743,3.0,0.3278688524590164,1.643640779021408e-11,0.9999999999825636,1,2.8659154523730154e-22,0.5921180353341293,0.5,1e-06,1.0,Utsuroi,1e-06,0.9803921568627452,2.0
2012-03-16,0.10278863637545957,3.0,0.3278688524590164,1.4643841694683948e-11,0.9999999999843562,1,2.290856173284651e-22,0.5921180353341293,0.5,1e-06,1.0,Utsuroi,1e-06,0.9803921568627452,2.0
2012-03-19,0.10996375168434391,3.0,0.3278688524590164,0.6805621956724186,0.5791583908376653,2,0.28640888956183236,0.5921180353341293,1.0,1e-06,0.24573758767447007,Utsuroi,1e-06,0.9803921568627452,2.0
2012-03-20,0.11716371165624054,2.0,0.48780487804878053,0.6690037610619796,0.6094268780726716,2,0.2612948875391018,0.397980974569239,1.0,1e-06,0.40579030025131013,Utsuroi,1e-06,0.9803921568627452,2.0
2012-03-21,0.10676664869231871,2.0,0.48780487804878053,0.6804380698141963,0.57954614482666,2,0.2860928096600851,0.397980974569239,1.0,1e-06,0.3444704901515666,Utsuroi,1e-06,0.9803921568627452,2.0
2012-03-22,0.10162916258438406,2.0,0.48780487804878053,0.690223955077091,0.5382124060650053,2,0.3187368594913457,0.397980974569239,1.0,1e-06,0.3048154601006233,Utsuroi,1e-06,0.9803921568627452,2.0
2012-03-23,0.09893668616329024,2.0,0.48780487804878053,0.6930821869847493,0.50570053365991,2,0.3425901551563841,0.397980974569239,1.0,1e-06,0.2793404892508917,Utsuroi,1e-06,0.9803921568627452,2.0
2012-03-26,0.11709692066268965,2.0,0.48780487804878053,0.845402419830889,0.6153627610875695,3,0.32517325253364054,0.397980974569239,1.5,1e-06,0.3738165858288498,Utsuroi,1e-06,0.9803921568627452,2.0
2012-03-27,0.11479761288821676,2.0,0.48780487804878053,0.5668803877103368,0.7458204966833523,2,0.1440893753881621,0.397980974569239,1.0,1e-06,0.25486421203453236,Utsuroi,1e-06,0.9803921568627452,2.0
2012-03-28,0.13969616799449652,3.0,0.3278688524590164,0.8212746042094013,0.6821261892720502,3,0.26106168809413116,0.5921180353341293,1.5,1e-06,0.016368803355296335,Utsuroi,1e-06,0.9803921568627452,2.0
2012-03-29,0.1492234777200001,4.0,0.2469135802469136,0.641183442164682,0.6597767577106819,2,0.2181455095954936,0.7862550960986313,1.0,1e-06,0.9437370137878046,Utsuroi,1e-06,0.9803921568627452,2.0
2012-03-30,0.13868294891831914,4.0,0.2469135802469136,0.6039339170486322,0.7079986827545797,2,0.17634949930738703,0.7862550960986313,1.0,1e-06,0.6497208712190342,Utsuroi,1e-06,0.9803921568627452,2.0
2012-04-02,0.1792429969996873,3.0,0.3278688524590164,0.7343615882596215,0.6981575901462191,3,0.22166147150433413,0.5921180353341293,1.5,1e-06,0.6477913318514168,Utsuroi,1e-06,0.9803921568627452,2.0
2012-04-03,0.23571080030015346,2.0,0.48780487804878053,0.982362783421199,0.4715346850940497,3,0.5191446576925698,0.397980974569239,1.5,1e-06,0.362787246618429,Utsuroi,1e-06,0.9803921568627452,2.0
2012-04-04,0.21902665976267666,4.0,0.2469135802469136,0.6661789167335803,0.6155961693419998,2,0.25608172749598523,0.7862550960986313,1.0,1e-06,0.8677810606144348,Utsuroi,1e-06,0.9803921568627452,2.0
2012-04-05,0.2081429198820504,4.0,0.2469135802469136,0.5532506581194954,0.7581083015609057,2,0.13382674135507144,0.7862550960986313,1.0,1e-06,0.7269845791103742,Utsuroi,1e-06,0.9803921568627452,2.0
2012-04-09,0.18306230001882173,4.0,0.2469135802469136,9.935940958823542e-12,0.9999999999890641,1,1.0865864389653495e-22,0.7862550960986313,0.5,1e-06,0.7825941513393694,Utsuroi,1e-06,0.9803921568627452,2.0
2012-04-10,0.18632850241545895,4.0,0.2469135802469136,0.0,0.0,0,0.0,0.7862550960986313,0.0,1e-06,1.0,Utsuroi,1e-06,0.9803921568627452,2.0
2012-04-11,0.1840636175418784,4.5,0.21978021978021978,0.0,0.0,0,0.0,0.8833236264807367,0.0,1e-06,0.004200375048107441,Utsuroi,1e-06,0.9803921568627452,2.0
2012-04-12,0.19562645084384214,4.5,0.21978021978021978,0.0,0.0,0,0.0,0.8833236264807367,0.0,1e-06,1.0,Utsuroi,1e-06,0.9803921568627452,2.0
2012-04-13,0.19324236150323115,3.0,0.3278688524590164,3.074560605633169e-10,0.999999999691544,1,9.48366784508467e-20,0.5921180353341293,0.5,1e-06,0.5882233803114338,Utsuroi,1e-06,0.9803921568627452,2.0
2012-04-16,0.13714473931865237,3.5,0.28169014084507044,1.5870216250992066e-10,0.9999999998402979,1,2.5345075039094117e-20,0.6891865657164288,0.5,1e-06,0.0746325814139065,Utsuroi,1e-06,0.9803921568627452,2.0
2012-04-17,0.15380330686151236,4.5,0.21978021978021978,0.0,0.0,0,0.0,0.8833236264807367,0.0,1e-06,0.40262652625847006,Utsuroi,1e-06,0.9803921568627452,2.0
2012-04-18,0.16375742866038578,3.5,0.28169014084507044,0.0,0.0,0,0.0,0.6891865657164288,0.0,1e-06,0.00795091777848711,Utsuroi,1e-06,0.9803921568627452,2.0
2012-04-19,0.15323051264717896,2.0,0.48780487804878053,0.0,0.0,0,0.0,0.397980974569239,0.0,1e-06,0.05461827187677015,Utsuroi,1e-06,0.9803921568627452,2.0
2012-04-20,0.1377258341289398,2.0,0.48780487804878053,1.076169153731846e-10,0.9999999998913831,1,1.1689015009775837e-20,0.397980974569239,0.5,1e-06,0.4629471702071445,Utsuroi,1e-06,0.9803921568627452,2.0
2012-04-23,0.14589840608512583,2.0,0.48780487804878053,3.2044589203815344e-11,0.9999999999669554,1,1.05889957758114e-21,0.397980974569239,0.5,1e-06,1.0,Utsuroi,1e-06,0.9803921568627452,2.0
2012-04-24,0.13857784940350695,2.0,0.48780487804878053,0.0,0.0,0,0.0,0.397980974569239,0.0,1e-06,1.0,Utsuroi,1e-06,0.9803921568627452,2.0
2012-04-25,0.142109537949018,2.0,0.48780487804878053,0.0,0.0,0,0.0,0.397980974569239,0.0,1e-06,1.0,Utsuroi,1e-06,0.9803921568627452,2.0
2012-04-26,0.14653914357913475,4.5,0.21978021978021978,0.0,0.0,0,0.0,0.8833236264807367,0.0,1e-06,0.009616290285344498,Utsuroi,1e-06,0.9803921568627452,2.0
2012-04-27,0.14413113243708242,3.5,0.28169014084507044,0.0,0.0,0,0.0,0.6891865657164288,0.0,1e-06,0.00795091777848711,Utsuroi,1e-06,0.9803921568627452,2.0
2012-04-30,0.10801755526777418,4.5,0.21978021978021978,0.0,0.0,0,0.0,0.8833236264807367,0.0,1e-06,0.00484783363789254,Utsuroi,1e-06,0.9803921568627452,2.0
2012-05-01,0.11140535667703265,4.5,0.21978021978021978,0.0,0.0,0,0.0,0.8833236264807367,0.0,1e-06,1.0,Utsuroi,1e-06,0.9803921568627452,2.0
2012-05-02,0.09932399152885492,4.5,0.21978021978021978,0.0,0.0,0,0.0,0.8833236264807367,0.0,1e-06,1.0,Utsuroi,1e-06,0.9803921568627452,2.0
2012-05-03,0.07334787108214802,4.5,0.21978021978021978,0.0,0.0,0,0.0,0.8833236264807367,0.0,1e-06,1.0,Utsuroi,1e-06,0.9803921568627452,2.0
2012-05-04,0.012825112295669818,4.5,0.21978021978021978,0.0,0.0,0,0.0,0.8833236264807367,0.0,1e-06,1.0,Utsuroi,1e-06,0.9803921568627452,2.0
2012-05-07,0.018394104478631455,4.5,0.21978021978021978,0.0,0.0,0,0.0,0.8833236264807367,0.0,1e-06,1.0,Utsuroi,1e-06,0.9803921568627452,2.0
2012-05-08,0.024751831035632603,4.5,0.21978021978021978,0.0,0.0,0,0.0,0.8833236264807367,0.0,1e-06,1.0,Utsuroi,1e-06,0.9803921568627452,2.0
2012-05-09,0.06276154227715645,2.0,0.48780487804878053,0.0,0.0,0,0.0,0.397980974569239,0.0,1e-06,0.04625483007448705,Utsuroi,1e-06,0.9803921568627452,2.0
2012-05-10,0.06462691561905252,2.0,0.48780487804878053,0.0,0.0,0,0.0,0.397980974569239,0.0,1e-06,1.0,Utsuroi,1e-06,0.9803921568627452,2.0
2012-05-11,0.0711986895095031,4.5,0.21978021978021978,0.0,0.0,0,0.0,0.8833236264807367,0.0,1e-06,0.009616290285344498,Utsuroi,1e-06,0.9803921568627452,2.0
2012-05-14,0.07915891027863275,4.5,0.21978021978021978,0.0,0.0,0,0.0,0.8833236264807367,0.0,1e-06,1.0,Utsuroi,1e-06,0.9803921568627452,2.0
2012-05-15,0.11999338155104991,4.5,0.21978021978021978,0.0,0.0,0,0.0,0.8833236264807367,0.0,1e-06,1.0,Utsuroi,1e-06,0.9803921568627452,2.0
2012-05-16,0.1428841331867676,4.5,0.21978021978021978,0.0,0.0,0,0.0,0.8833236264807367,0.0,1e-06,1.0,Utsuroi,1e-06,0.9803921568627452,2.0
2012-05-17,0.15112525228049353,3.0,0.3278688524590164,2.3339552512584187e-11,0.9999999999756605,1,5.6807374769611215e-22,0.5921180353341293,0.5,1e-06,0.5882233803114338,Utsuroi,1e-06,0.9803921568627452,2.0
2012-05-18,0.16642173400362137,2.5,0.3921568627450981,2.1439405805982673e-11,0.9999999999775606,1,4.810870528484384e-22,0.4950495049517326,0.5,1e-06,0.1400739823194872,Utsuroi,1e-06,0.9803921568627452,2.0
2012-05-21,0.165723484400339,2.5,0.3921568627450981,2.739930504662394e-11,0.9999999999716007,1,7.781206159758536e-22,0.4950495049517326,0.5,1e-06,1.0,Utsuroi,1e-06,0.9803921568627452,2.0
2012-05-22,0.15774916152817217,2.5,0.3921568627450981,5.804678959545646e-11,0.9999999999409532,1,3.4274752879409775e-21,0.4950495049517326,0.5,1e-06,1.0,Utsuroi,1e-06,0.9803921568627452,2.0
2012-05-23,0.1560024548611609,3.0,0.3278688524590164,0.0,0.0,0,0.0,0.5921180353341293,0.0,1e-06,0.6548754892884374,Utsuroi,1e-06,0.9803921568627452,2.0
2012-05-24,0.16759152729296198,2.5,0.3921568627450981,0.0,0.0,0,0.0,0.4950495049517326,0.0,1e-06,0.03139080778487946,Utsuroi,1e-06,0.9803921568627452,2.0
2012-05-25,0.15904194646200687,3.0,0.3278688524590164,0.0,0.0,0,0.0,0.5921180353341293,0.0,1e-06,0.022048128993046312,Utsuroi,1e-06,0.9803921568627452,2.0
2012-05-29,0.11621489040673293,3.0,0.3278688524590164,0.0,0.0,0,0.0,0.5921180353341293,0.0,1e-06,1.0,Utsuroi,1e-06,0.9803921568627452,2.0
2012-05-30,0.10768170987424135,2.0,0.48780487804878053,8.178169252572223e-11,0.9999999999172183,1,6.770025116025957e-21,0.397980974569239,0.5,1e-06,0.9502281263568018,Utsuroi,1e-06,0.9803921568627452,2.0
2012-05-31,0.12508809502951723,2.5,0.3921568627450981,0.0,0.0,0,0.0,0.4950495049517326,0.0,1e-06,0.6611874351728724,Utsuroi,1e-06,0.9803921568627452,2.0
2012-06-01,0.1174584567367883,2.5,0.3921568627450981,3.1423308399255444e-11,0.9999999999675767,1,1.018846924032841e-21,0.4950495049517326,0.5,1e-06,0.539760133420637,Utsuroi,1e-06,0.9803921568627452,2.0
2012-06-04,0.09747597513600656,2.0,0.48780487804878053,0.4369790355170608,0.8416168414043427,2,0.06921011988527602,0.397980974569239,1.0,1e-06,0.443038523725101,Utsuroi,1e-06,0.9803921568627452,2.0
2012-06-05,0.09698019056727845,2.5,0.3921568627450981,7.890499364684999e-11,0.999999999920095,1,6.304901270793959e-21,0.4950495049517326,0.5,1e-06,0.884216451291661,Utsuroi,1e-06,0.9803921568627452,2.0
2012-06-06,0.08905134609780979,3.0,0.3278688524590164,0.0,0.0,0,0.0,0.5921180353341293,0.0,1e-06,0.6548754892884374,Utsuroi,1e-06,0.9803921568627452,2.0
2012-06-07,0.09555947230297329,2.0,0.48780487804878053,0.0,0.0,0,0.0,0.397980974569239,0.0,1e-06,0.061257161326152776,Utsuroi,1e-06,0.9803921568627452,2.0
2012-06-08,0.10298610251127041,2.5,0.3921568627450981,0.0,0.0,0,0.0,0.4950495049517326,0.0,1e-06,0.046510978449113005,Utsuroi,1e-06,0.9803921568627452,2.0
2012-06-11,0.09709034413761175,3.0,0.3278688524590164,0.0,0.0,0,0.0,0.5921180353341293,0.0,1e-06,0.022048128993046312,Utsuroi,1e-06,0.9803921568627452,2.0
2012-06-12,0.09510581521802355,2.0,0.48780487804878053,0.0,0.0,0,0.0,0.397980974569239,0.0,1e-06,0.061257161326152776,Utsuroi,1e-06,0.9803921568627452,2.0
2012-06-13,0.09087228902520804,2.5,0.3921568627450981,0.0,0.0,0,0.0,0.4950495049517326,0.0,1e-06,0.046510978449113005,Utsuroi,1e-06,0.9803921568627452,2.0
2012-06-14,0.09199362580082263,2.5,0.3921568627450981,0.0,0.0,0,0.0,0.4950495049517326,0.0,1e-06,1.0,Utsuroi,1e-06,0.9803921568627452,2.0
2012-06-15,0.10789638382587276,2.5,0.3921568627450981,0.0,0.0,0,0.0,0.4950495049517326,0.0,1e-06,1.0,Utsuroi,1e-06,0.9803921568627452,2.0
2012-06-18,0.09636797521172746,2.0,0.48780487804878053,0.0,0.0,0,0.0,0.397980974569239,0.0,1e-06,0.07104180043974173,Utsuroi,1e-06,0.9803921568627452,2.0
2012-06-19,0.06206865154475344,3.5,0.28169014084507044,0.0,0.0,0,0.0,0.6891865657164288,0.0,1e-06,0.018598729660739166,Utsuroi,1e-06,0.9803921568627452,2.0
2012-06-20,0.04689589925170016,3.5,0.28169014084507044,0.0,0.0,0,0.0,0.6891865657164288,0.0,1e-06,1.0,Utsuroi,1e-06,0.9803921568627452,2.0
2012-06-21,0.04862252907276542,4.5,0.21978021978021978,0.0,0.0,0,0.0,0.8833236264807367,0.0,1e-06,0.00484783363789254,Utsuroi,1e-06,0.9803921568627452,2.0
2012-06-22,0.04856220295954606,4.5,0.21978021978021978,0.0,0.0,0,0.0,0.8833236264807367,0.0,1e-06,1.0,Utsuroi,1e-06,0.9803921568627452,2.0
2012-06-25,0.048738297080877006,4.5,0.21978021978021978,0.0,0.0,0,0.0,0.8833236264807367,0.0,1e-06,1.0,Utsuroi,1e-06,0.9803921568627452,2.0
2012-06-26,0.04563590643274628,4.5,0.21978021978021978,0.0,0.0,0,0.0,0.8833236264807367,0.0,1e-06,1.0,Utsuroi,1e-06,0.9803921568627452,2.0
2012-06-27,0.050337771813703844,4.5,0.21978021978021978,0.0,0.0,0,0.0,0.8833236264807367,0.0,1e-06,1.0,Utsuroi,1e-06,0.9803921568627452,2.0
2012-06-28,0.05108887735372957,4.5,0.21978021978021978,6.459643930652193e-11,0.9999999999344036,1,4.237294981542285e-21,0.8833236264807367,0.5,1e-06,0.7188216082416173,Utsuroi,1e-06,0.9803921568627452,2.0
2012-06-29,0.059928400113336354,4.5,0.21978021978021978,4.3377945670427245e-10,0.9999999995652206,1,1.8859838696040942e-19,0.8833236264807367,0.5,1e-06,1.0,Utsuroi,1e-06,0.9803921568627452,2.0
2012-07-02,0.08203414985994809,4.0,0.2469135802469136,0.0,0.0,0,0.0,0.7862550960986313,0.0,1e-06,0.6506193842169293,Utsuroi,1e-06,0.9803921568627452,2.0
2012-07-03,0.09138346460628151,4.5,0.21978021978021978,0.0,0.0,0,0.0,0.8833236264807367,0.0,1e-06,0.004200375048107441,Utsuroi,1e-06,0.9803921568627452,2.0
2012-07-05,0.08338209913803477,4.5,0.21978021978021978,0.0,0.0,0,0.0,0.8833236264807367,0.0,1e-06,1.0,Utsuroi,1e-06,0.9803921568627452,2.0
2012-07-06,0.08970025646392793,3.5,0.28169014084507044,1.2497791689642163e-10,0.9999999998740221,1,1.5744454864930457e-20,0.6891865657164288,0.5,1e-06,0.7231807284402424,Utsuroi,1e-06,0.9803921568627452,2.0
2012-07-09,0.10866054815547523,4.5,0.21978021978021978,0.0,0.0,0,0.0,0.8833236264807367,0.0,1e-06,0.40262652625847006,Utsuroi,1e-06,0.9803921568627452,2.0
2012-07-10,0.12867805923814687,3.5,0.28169014084507044,5.947675685108821e-11,0.9999999999395233,1,3.596960046755124e-21,0.6891865657164288,0.5,1e-06,0.7231807284402424,Utsuroi,1e-06,0.9803921568627452,2.0
2012-07-11,0.12792799709241132,2.0,0.48780487804878053,0.0,0.0,0,0.0,0.397980974569239,0.0,1e-06,0.2913264725172975,Utsuroi,1e-06,0.9803921568627452,2.0
2012-07-12,0.11355791999322497,2.0,0.48780487804878053,0.0,0.0,0,0.0,0.397980974569239,0.0,1e-06,1.0,Utsuroi,1e-06,0.9803921568627452,2.0
2012-07-13,0.13221557078174068,3.0,0.3278688524590164,0.0,0.0,0,0.0,0.5921180353341293,0.0,1e-06,0.02818157684374567,Utsuroi,1e-06,0.9803921568627452,2.0
2012-07-16,0.1356684952212149,3.0,0.3278688524590164,0.0,0.0,0,0.0,0.5921180353341293,0.0,1e-06,1.0,Utsuroi,1e-06,0.9803921568627452,2.0
2012-07-17,0.13762447036911865,2.0,0.48780487804878053,8.002232209874283e-11,0.9999999999189777,1,6.4835925862048935e-21,0.397980974569239,0.5,1e-06,0.9502281263568018,Utsuroi,1e-06,0.9803921568627452,2.0
2012-07-18,0.08935887951051937,3.5,0.28169014084507044,0.0,0.0,0,0.0,0.6891865657164288,0.0,1e-06,0.2643256375305444,Utsuroi,1e-06,0.9803921568627452,2.0
2012-07-19,0.08851197349991209,2.0,0.48780487804878053,0.0,0.0,0,0.0,0.397980974569239,0.0,1e-06,0.05461827187677015,Utsuroi,1e-06,0.9803921568627452,2.0
2012-07-20,0.09454750491598674,2.0,0.48780487804878053,0.0,0.0,0,0.0,0.397980974569239,0.0,1e-06,1.0,Utsuroi,1e-06,0.9803921568627452,2.0
2012-07-23,0.11998349882340825,3.5,0.28169014084507044,0.0,0.0,0,0.0,0.6891865657164288,0.0,1e-06,0.018598729660739166,Utsuroi,1e-06,0.9803921568627452,2.0
2012-07-24,0.11230682962174278,3.0,0.3278688524590164,8.637013326380518e-11,0.9999999999126299,1,7.546168142944968e-21,0.5921180353341293,0.5,1e-06,0.943808937628531,Utsuroi,1e-06,0.9803921568627452,2.0
2012-07-25,0.11260660196804953,3.5,0.28169014084507044,3.309608143040253e-11,0.9999999999659039,1,1.1284459553552085e-21,0.6891865657164288,0.5,1e-06,0.0746325814139065,Utsuroi,1e-06,0.9803921568627452,2.0
2012-07-26,0.11189089212001627,4.5,0.21978021978021978,0.0,0.0,0,0.0,0.8833236264807367,0.0,1e-06,0.40262652625847006,Utsuroi,1e-06,0.9803921568627452,2.0
2012-07-27,0.09508629450485725,3.5,0.28169014084507044,0.0,0.0,0,0.0,0.6891865657164288,0.0,1e-06,0.00795091777848711,Utsuroi,1e-06,0.9803921568627452,2.0
2012-07-30,0.11390047773172737,3.5,0.28169014084507044,0.0,0.0,0,0.0,0.6891865657164288,0.0,1e-06,1.0,Utsuroi,1e-06,0.9803921568627452,2.0
2012-07-31,0.11352197945452064,4.5,0.21978021978021978,1.4589107699570787e-11,0.9999999999844109,1,2.2743084843485446e-22,0.8833236264807367,0.5,1e-06,0.2018443544603764,Utsuroi,1e-06,0.9803921568627452,2.0
2012-08-01,0.12619174089830368,2.0,0.48780487804878053,2.927732500447679e-10,0.9999999997062268,1,8.600894272780648e-20,0.397980974569239,0.5,1e-06,0.19546958728841024,Utsuroi,1e-06,0.9803921568627452,2.0
2012-08-02,0.08019040665047794,2.0,0.48780487804878053,3.2392433174927385e-10,0.9999999996750757,1,1.0525088988229862e-19,0.397980974569239,0.5,1e-06,1.0,Utsuroi,1e-06,0.9803921568627452,2.0
2012-08-03,0.0739508731061547,2.0,0.48780487804878053,0.0,0.0,0,0.0,0.397980974569239,0.0,1e-06,1.0,Utsuroi,1e-06,0.9803921568627452,2.0
2012-08-06,0.07563633099901941,2.0,0.48780487804878053,0.0,0.0,0,0.0,0.397980974569239,0.0,1e-06,1.0,Utsuroi,1e-06,0.9803921568627452,2.0
2012-08-07,0.11526594091234797,2.0,0.48780487804878053,0.0,0.0,0,0.0,0.397980974569239,0.0,1e-06,1.0,Utsuroi,1e-06,0.9803921568627452,2.0
2012-08-08,0.12713986697218754,2.0,0.48780487804878053,0.0,0.0,0,0.0,0.397980974569239,0.0,1e-06,1.0,Utsuroi,1e-06,0.9803921568627452,2.0
2012-08-09,0.11401400677899792,2.0,0.48780487804878053,0.0,0.0,0,0.0,0.397980974569239,0.0,1e-06,1.0,Utsuroi,1e-06,0.9803921568627452,2.0
2012-08-10,0.11543211552965263,2.0,0.48780487804878053,0.0,0.0,0,0.0,0.397980974569239,0.0,1e-06,1.0,Utsuroi,1e-06,0.9803921568627452,2.0
2012-08-13,0.1212486063855864,2.0,0.48780487804878053,0.0,0.0,0,0.0,0.397980974569239,0.0,1e-06,1.0,Utsuroi,1e-06,0.9803921568627452,2.0
2012-08-14,0.11683534233724198,2.0,0.48780487804878053,0.0,0.0,0,0.0,0.397980974569239,0.0,1e-06,1.0,Utsuroi,1e-06,0.9803921568627452,2.0
2012-08-15,0.13982174880049242,2.0,0.48780487804878053,9.67526059264437e-12,0.9999999999893248,1,1.0328571409536101e-22,0.397980974569239,0.5,1e-06,0.4629471702071445,Utsuroi,1e-06,0.9803921568627452,2.0
2012-08-16,0.13144193806726376,2.0,0.48780487804878053,2.9637292619597274e-11,0.9999999999693627,1,9.080057508252344e-22,0.397980974569239,0.5,1e-06,1.0,Utsuroi,1e-06,0.9803921568627452,2.0
2012-08-17,0.12281444642723814,2.0,0.48780487804878053,2.8798963213728147e-11,0.9999999999702011,1,8.581786083295631e-22,0.397980974569239,0.5,1e-06,1.0,Utsuroi,1e-06,0.9803921568627452,2.0
2012-08-20,0.12171409984557988,2.0,0.48780487804878053,0.6653848579548738,0.6172698597646463,2,0.25466283999554973,0.397980974569239,1.0,1e-06,0.17281922788194615,Utsuroi,1e-06,0.9803921568627452,2.0
2012-08-21,0.12245577187646983,2.0,0.48780487804878053,0.47409572796906785,0.8182107942562599,2,0.08618548583399713,0.397980974569239,1.0,1e-06,0.7470053006035555,Utsuroi,1e-06,0.9803921568627452,2.0
2012-08-22,0.1264133875571118,4.0,0.2469135802469136,0.6551983503136108,0.6368691106733461,2,0.23792275963473805,0.7862550960986313,1.0,1e-06,0.14234779878434722,Utsuroi,1e-06,0.9803921568627452,2.0
2012-08-23,0.1222385568469937,3.0,0.3278688524590164,2.4442448065219362e-11,0.9999999999745576,1,6.218751747850687e-22,0.5921180353341293,0.5,1e-06,0.5145332364491019,Utsuroi,1e-06,0.9803921568627452,2.0
2012-08-24,0.1282358546397552,4.0,0.2469135802469136,1.2588352581749386e-10,0.9999999998731165,1,1.5972542814314275e-20,0.7862550960986313,0.5,1e-06,0.057709421716189535,Utsuroi,1e-06,0.9803921568627452,2.0
2012-08-27,0.10462640719499729,4.0,0.2469135802469136,1.0316303367055887e-11,0.9999999999886837,1,1.1674219031446415e-22,0.7862550960986313,0.5,1e-06,1.0,Utsuroi,1e-06,0.9803921568627452,2.0
2012-08-28,0.11768255120008489,3.5,0.28169014084507044,0.990526481008716,0.4464336021017406,3,0.5483221761148336,0.6891865657164288,1.5,1e-06,0.16335747372812526,Utsuroi,1e-06,0.9803921568627452,2.0
2012-08-29,0.09935479768072505,2.0,0.48780487804878053,0.8699290228504786,0.606790256884668,3,0.3420645676036084,0.397980974569239,1.5,1e-06,0.29859822972102834,Utsuroi,1e-06,0.9803921568627452,2.0
2012-08-30,0.10250165299155163,3.5,0.28169014084507044,6.98485713709533e-12,0.9999999999920152,1,5.577293184589141e-23,0.6891865657164288,0.5,1e-06,0.9032525900294845,Utsuroi,1e-06,0.9803921568627452,2.0
2012-08-31,0.1582300507610006,5.0,0.19801980198019803,0.2823886939171886,0.9185119722550008,2,0.02301129772479795,0.9803921568627451,1.0,1e-06,0.03380683598210188,Katashi,1e-06,0.9803921568627452,2.0
2012-09-04,0.15361232183820497,5.0,0.19801980198019803,0.5965223560761543,0.7161829310415495,2,0.16930322666972325,0.9803921568627451,1.0,1e-06,0.7082302537976304,Katashi,1e-06,0.9803921568627452,2.0
2012-09-05,0.1683775682339958,3.0,0.3278688524590164,3.086475519558448e-11,0.9999999999681353,1,9.834971857131217e-22,0.5921180353341293,0.5,1e-06,0.21001404558410997,Utsuroi,1e-06,0.9803921568627452,2.0
2012-09-06,0.14043192220569237,5.0,0.19801980198019803,0.6814398446108418,0.5763595995683309,2,0.2886854486410314,0.9803921568627451,1.0,1e-06,0.0877272974808817,Katashi,1e-06,0.9803921568627452,2.0
2012-09-07,0.13442498736405567,5.0,0.19801980198019803,8.293254971604775e-12,0.9999999999907068,1,7.707114953494068e-23,0.9803921568627451,0.5,1e-06,0.8954323782072093,Katashi,1e-06,0.9803921568627452,2.0
2012-09-10,0.136652785481087,5.0,0.19801980198019803,1.0447198661657704e-11,0.9999999999885528,1,1.1959092742847465e-22,0.9803921568627451,0.5,1e-06,1.0,Katashi,1e-06,0.9803921568627452,2.0
2012-09-11,0.1379178519707354,4.0,0.2469135802469136,4.866784752853787e-11,0.9999999999503322,1,2.417226154033051e-21,0.7862550960986313,0.5,1e-06,0.054662018532053436,Utsuroi,1e-06,0.9803921568627452,2.0
2012-09-12,0.12782317654364486,5.0,0.19801980198019803,7.781908450655031e-11,0.9999999999211809,1,6.133627276693845e-21,0.9803921568627451,0.5,1e-06,0.03614175727688984,Katashi,1e-06,0.9803921568627452,2.0
2012-09-13,0.1640088704955362,5.0,0.19801980198019803,0.0,0.0,0,0.0,0.9803921568627451,0.0,1e-06,1.0,Katashi,1e-06,0.9803921568627452,2.0
2012-09-14,0.1428949316770788,3.0,0.3278688524590164,8.566036768422407e-11,0.9999999999133397,1,7.423357064847617e-21,0.5921180353341293,0.5,1e-06,0.4673000840094379,Utsuroi,1e-06,0.9803921568627452,2.0
2012-09-17,0.11794815413464092,2.5,0.3921568627450981,0.0,0.0,0,0.0,0.4950495049517326,0.0,1e-06,0.658172571222998,Utsuroi,1e-06,0.9803921568627452,2.0
2012-09-18,0.1306137237042471,2.0,0.48780487804878053,0.0,0.0,0,0.0,0.397980974569239,0.0,1e-06,0.07104180043974173,Utsuroi,1e-06,0.9803921568627452,2.0
2012-09-19,0.1278802488903006,1.5,0.6451612903225806,1.2652611172979505e-09,0.9999999987337389,1,1.6021509290879738e-18,0.3009124441866482,0.5,1e-06,0.6428440282490563,Utsuroi,1e-06,0.9803921568627452,2.0
2012-09-20,0.139370334614515,1.0,0.9523809523809523,1.5809797915126372e-11,0.9999999999831902,1,2.6575915829456164e-22,0.2038439138039604,0.5,1e-06,0.7316385917442174,Utsuroi,1e-06,0.9803921568627452,2.0
2012-09-21,0.13824005592917474,1.0,0.9523809523809523,1.510191971463702e-11,0.9999999999838981,1,2.4316956470348826e-22,0.2038439138039604,0.5,1e-06,1.0,Utsuroi,1e-06,0.9803921568627452,2.0
2012-09-24,0.12057368305519559,2.0,0.48780487804878053,1.1430412172254005e-11,0.9999999999875696,1,1.4208448174036493e-22,0.397980974569239,0.5,1e-06,0.30550516818006357,Utsuroi,1e-06,0.9803921568627452,2.0
2012-09-25,0.1204923549004244,2.0,0.48780487804878053,7.440048577187906e-12,0.99999999999156,1,6.279420682169265e-23,0.397980974569239,0.5,1e-06,1.0,Utsuroi,1e-06,0.9803921568627452,2.0
2012-09-26,0.11850054525875768,2.0,0.48780487804878053,1.1557421686269535e-11,0.9999999999874426,1,1.4513116205138048e-22,0.397980974569239,0.5,1e-06,1.0,Utsuroi,1e-06,0.9803921568627452,2.0
2012-09-27,0.11399364480144238,3.5,0.28169014084507044,1.1431466883539332e-10,0.9999999998846854,1,1.3182155651703919e-20,0.6891865657164288,0.5,1e-06,0.08106764359177565,Utsuroi,1e-06,0.9803921568627452,2.0
2012-09-28,0.10823803599680358,4.0,0.2469135802469136,0.0,0.0,0,0.0,0.7862550960986313,0.0,1e-06,0.6509131612229644,Utsuroi,1e-06,0.9803921568627452,2.0
2012-10-01,0.10405349160913266,4.0,0.2469135802469136,0.0,0.0,0,0.0,0.7862550960986313,0.0,1e-06,1.0,Utsuroi,1e-06,0.9803921568627452,2.0
2012-10-02,0.09416379598749822,4.0,0.2469135802469136,9.762857189286357e-12,0.9999999999892372,1,1.0507602171705292e-22,0.7862550960986313,0.5,1e-06,0.6874876052933079,Utsuroi,1e-06,0.9803921568627452,2.0
2012-10-03,0.05730848416807716,4.0,0.2469135802469136,6.8808292396887795e-12,0.9999999999921192,1,5.422648804987643e-23,0.7862550960986313,0.5,1e-06,1.0,Utsuroi,1e-06,0.9803921568627452,2.0
2012-10-04,0.05882996410292244,4.0,0.2469135802469136,1.1973200208986349e-11,0.9999999999870268,1,1.5533045858667469e-22,0.7862550960986313,0.5,1e-06,1.0,Utsuroi,1e-06,0.9803921568627452,2.0
2012-10-05,0.06440963967281234,4.0,0.2469135802469136,1.2573608820695664e-11,0.9999999999864264,1,1.7066896944786824e-22,0.7862550960986313,0.5,1e-06,1.0,Utsuroi,1e-06,0.9803921568627452,2.0
2012-10-08,0.06461256059694515,5.0,0.19801980198019803,0.0,0.0,0,0.0,0.9803921568627451,0.0,1e-06,0.4017981888039842,Katashi,1e-06,0.9803921568627452,2.0
2012-10-09,0.07405639602018627,5.0,0.19801980198019803,0.0,0.0,0,0.0,0.9803921568627451,0.0,1e-06,1.0,Katashi,1e-06,0.9803921568627452,2.0
2012-10-10,0.060565137775992345,5.0,0.19801980198019803,1.7796653039960177e-11,0.9999999999812034,1,3.3451711877524133e-22,0.9803921568627451,0.5,1e-06,0.7446789736520034,Katashi,1e-06,0.9803921568627452,2.0
2012-10-11,0.07215769768130835,4.0,0.2469135802469136,2.844680047032748e-11,0.9999999999705532,1,8.37666628189112e-22,0.7862550960986313,0.5,1e-06,0.054662018532053436,Utsuroi,1e-06,0.9803921568627452,2.0
2012-10-12,0.06935726867902585,4.0,0.2469135802469136,0.0,0.0,0,0.0,0.7862550960986313,0.0,1e-06,1.0,Utsuroi,1e-06,0.9803921568627452,2.0
2012-10-15,0.04192258528354246,3.5,0.28169014084507044,2.1375456959765695e-11,0.9999999999776246,1,4.782851443420253e-22,0.6891865657164288,0.5,1e-06,0.9975196073921866,Utsuroi,1e-06,0.9803921568627452,2.0
2012-10-16,0.039885088661901075,2.0,0.48780487804878053,0.0,0.0,0,0.0,0.397980974569239,0.0,1e-06,0.2913264725172975,Utsuroi,1e-06,0.9803921568627452,2.0
2012-10-17,0.046665075742508604,3.0,0.3278688524590164,1.552250550196464e-10,0.999999999843775,1,2.425003932892083e-20,0.5921180353341293,0.5,1e-06,0.1438678715332734,Utsuroi,1e-06,0.9803921568627452,2.0
2012-10-18,0.043038993433059294,4.5,0.21978021978021978,0.0,0.0,0,0.0,0.8833236264807367,0.0,1e-06,0.25648957804281336,Utsuroi,1e-06,0.9803921568627452,2.0
2012-10-19,0.046355396527060694,4.5,0.21978021978021978,0.0,0.0,0,0.0,0.8833236264807367,0.0,1e-06,1.0,Utsuroi,1e-06,0.9803921568627452,2.0
2012-10-22,0.055783631357846974,4.5,0.21978021978021978,0.0,0.0,0,0.0,0.8833236264807367,0.0,1e-06,1.0,Utsuroi,1e-06,0.9803921568627452,2.0
2012-10-23,0.04421539405291456,4.5,0.21978021978021978,0.0,0.0,0,0.0,0.8833236264807367,0.0,1e-06,1.0,Utsuroi,1e-06,0.9803921568627452,2.0
2012-10-24,0.0769487236613975,4.5,0.21978021978021978,0.0,0.0,0,0.0,0.8833236264807367,0.0,1e-06,1.0,Utsuroi,1e-06,0.9803921568627452,2.0
2012-10-25,0.0726533399203724,4.0,0.2469135802469136,3.11977110806589e-11,0.9999999999678023,1,1.0044941976220489e-21,0.7862550960986313,0.5,1e-06,0.960719184651547,Utsuroi,1e-06,0.9803921568627452,2.0
2012-10-26,0.06557318861102011,4.5,0.21978021978021978,1.0585321507645509e-10,0.9999999998931468,1,1.1310754016047758e-20,0.8833236264807367,0.5,1e-06,0.04437539572547333,Utsuroi,1e-06,0.9803921568627452,2.0
2012-10-31,0.07438759253147757,2.0,0.48780487804878053,0.0,0.0,0,0.0,0.397980974569239,0.0,1e-06,0.15775655552587708,Utsuroi,1e-06,0.9803921568627452,2.0
2012-11-01,0.07049680870796952,3.0,0.3278688524590164,0.0,0.0,0,0.0,0.5921180353341293,0.0,1e-06,0.02818157684374567,Utsuroi,1e-06,0.9803921568627452,2.0
2012-11-02,0.0798534205692266,2.0,0.48780487804878053,0.0,0.0,0,0.0,0.397980974569239,0.0,1e-06,0.061257161326152776,Utsuroi,1e-06,0.9803921568627452,2.0
2012-11-05,0.06259298218063244,3.0,0.3278688524590164,1.7840839916339428e-11,0.9999999999811592,1,3.361360141698799e-22,0.5921180353341293,0.5,1e-06,0.1438678715332734,Utsuroi,1e-06,0.9803921568627452,2.0
2012-11-06,0.04944899614008297,2.0,0.48780487804878053,1.3592460490379822e-11,0.9999999999854076,1,1.9834714198574994e-22,0.397980974569239,0.5,1e-06,0.20812478296765147,Utsuroi,1e-06,0.9803921568627452,2.0
2012-11-07,0.03939382190459655,4.0,0.2469135802469136,1.4309442519672029e-11,0.9999999999846906,1,2.1906927119565706e-22,0.7862550960986313,0.5,1e-06,0.06249499961156901,Utsuroi,1e-06,0.9803921568627452,2.0
2012-11-08,0.03442443136999748,4.0,0.2469135802469136,1.2953749184322085e-11,0.9999999999860463,1,1.807530805566878e-22,0.7862550960986313,0.5,1e-06,1.0,Utsuroi,1e-06,0.9803921568627452,2.0
2012-11-09,0.03746943410900749,4.0,0.2469135802469136,1.2566248041331904e-10,0.9999999998733375,1,1.5916718685178847e-20,0.7862550960986313,0.5,1e-06,1.0,Utsuroi,1e-06,0.9803921568627452,2.0
2012-11-12,0.02869378468492295,4.0,0.2469135802469136,0.0,0.0,0,0.0,0.7862550960986313,0.0,1e-06,1.0,Utsuroi,1e-06,0.9803921568627452,2.0
2012-11-13,0.028183543149163454,4.0,0.2469135802469136,0.0,0.0,0,0.0,0.7862550960986313,0.0,1e-06,1.0,Utsuroi,1e-06,0.9803921568627452,2.0
2012-11-14,0.009878152300984724,4.0,0.2469135802469136,0.0,0.0,0,0.0,0.7862550960986313,0.0,1e-06,1.0,Utsuroi,1e-06,0.9803921568627452,2.0
2012-11-15,0.01009770823436842,4.0,0.2469135802469136,0.0,0.0,0,0.0,0.7862550960986313,0.0,1e-06,1.0,Utsuroi,1e-06,0.9803921568627452,2.0
2012-11-16,-0.0038311632441634072,4.0,0.2469135802469136,0.0,0.0,0,0.0,0.7862550960986313,0.0,1e-06,1.0,Utsuroi,1e-06,0.9803921568627452,2.0
2012-11-19,0.018205041914028903,4.0,0.2469135802469136,1.8971268999990823e-11,0.9999999999800288,1,3.7887989679667433e-22,0.7862550960986313,0.5,1e-06,0.6874876052933079,Utsuroi,1e-06,0.9803921568627452,2.0
2012-11-20,0.025908831778533977,3.0,0.3278688524590164,8.682832230942047e-12,0.9999999999903172,1,8.40742157028463e-23,0.5921180353341293,0.5,1e-06,0.09610141315680376,Utsuroi,1e-06,0.9803921568627452,2.0
2012-11-21,0.025564121771178887,3.0,0.3278688524590164,1.723043929741183e-11,0.9999999999817696,1,3.1411809651510464e-22,0.5921180353341293,0.5,1e-06,1.0,Utsuroi,1e-06,0.9803921568627452,2.0
2012-11-23,0.05266589194857533,3.0,0.3278688524590164,1.8284707081576103e-11,0.9999999999807153,1,3.5261481565483375e-22,0.5921180353341293,0.5,1e-06,1.0,Utsuroi,1e-06,0.9803921568627452,2.0
2012-11-26,0.056198633428248525,3.0,0.3278688524590164,6.691092124580349e-11,0.9999999999320891,1,4.543980823177507e-21,0.5921180353341293,0.5,1e-06,1.0,Utsuroi,1e-06,0.9803921568627452,2.0
2012-11-27,0.06441370893251046,2.0,0.48780487804878053,2.5108470857674826e-11,0.9999999999738916,1,6.555432242343609e-22,0.397980974569239,0.5,1e-06,0.20812478296765147,Utsuroi,1e-06,0.9803921568627452,2.0
2012-11-28,0.06345312317205788,2.0,0.48780487804878053,4.905664763174222e-11,0.9999999999499434,1,2.4556102393406682e-21,0.397980974569239,0.5,1e-06,1.0,Utsuroi,1e-06,0.9803921568627452,2.0
2012-11-29,0.09019002161923112,3.0,0.3278688524590164,0.0,0.0,0,0.0,0.5921180353341293,0.0,1e-06,0.4134254875418306,Utsuroi,1e-06,0.9803921568627452,2.0
2012-11-30,0.09571585271549385,2.0,0.48780487804878053,0.0,0.0,0,0.0,0.397980974569239,0.0,1e-06,0.061257161326152776,Utsuroi,1e-06,0.9803921568627452,2.0
2012-12-03,0.07182222018112933,2.0,0.48780487804878053,0.0,0.0,0,0.0,0.397980974569239,0.0,1e-06,1.0,Utsuroi,1e-06,0.9803921568627452,2.0
2012-12-04,0.0694858878320436,2.0,0.48780487804878053,0.0,0.0,0,0.0,0.397980974569239,0.0,1e-06,1.0,Utsuroi,1e-06,0.9803921568627452,2.0
2012-12-05,0.06802260080726401,2.5,0.3921568627450981,0.5993382895637628,0.7131157231790838,2,0.17194073177258495,0.4950495049517326,1.0,1e-06,0.1367015364704749,Utsuroi,1e-06,0.9803921568627452,2.0
2012-12-06,0.08437434685037977,2.0,0.48780487804878053,0.44336967206613376,0.8377575887338649,2,0.07193336467828515,0.397980974569239,1.0,1e-06,0.5609859009139428,Utsuroi,1e-06,0.9803921568627452,2.0
2012-12-07,0.09779107719074766,2.0,0.48780487804878053,0.8555410817593023,0.6709274748720969,3,0.2815350641251914,0.397980974569239,1.5,1e-06,0.1485929431597518,Utsuroi,1e-06,0.9803921568627452,2.0
2012-12-10,0.12215870435366172,1.5,0.6451612903225806,0.6905748352407322,0.5358478654017423,2,0.3205317838768259,0.3009124441866482,1.0,1e-06,0.5675051864894649,Utsuroi,1e-06,0.9803921568627452,2.0
2012-12-11,0.127071467952212,1.0,0.9523809523809523,0.5302117728682672,0.7773738341312931,2,0.11803901409211198,0.2038439138039604,1.0,1e-06,0.5953123640334892,Utsuroi,1e-06,0.9803921568627452,2.0
2012-12-12,0.13790710639803364,2.0,0.48780487804878053,0.1990858207546056,0.9498060843464159,2,0.009992896894781238,0.397980974569239,1.0,1e-06,0.667182504463216,Utsuroi,1e-06,0.9803921568627452,2.0
2012-12-13,0.16427265406842004,2.0,0.48780487804878053,0.6831123404633253,0.570715022839875,2,0.29324986547359816,0.397980974569239,1.0,1e-06,0.3352677602626456,Utsuroi,1e-06,0.9803921568627452,2.0
2012-12-14,0.164672718025033,2.0,0.48780487804878053,0.0,0.0,0,0.0,0.397980974569239,0.0,1e-06,1.0,Utsuroi,1e-06,0.9803921568627452,2.0
2012-12-17,0.15855299738601872,2.0,0.48780487804878053,0.0,0.0,0,0.0,0.397980974569239,0.0,1e-06,1.0,Utsuroi,1e-06,0.9803921568627452,2.0
2012-12-18,0.12756263999796813,4.0,0.2469135802469136,0.0,0.0,0,0.0,0.7862550960986313,0.0,1e-06,0.013062956978802664,Utsuroi,1e-06,0.9803921568627452,2.0
2012-12-19,0.11842842457420301,4.0,0.2469135802469136,0.0,0.0,0,0.0,0.7862550960986313,0.0,1e-06,1.0,Utsuroi,1e-06,0.9803921568627452,2.0
2012-12-20,0.11631838997814277,5.0,0.19801980198019803,0.0,0.0,0,0.0,0.9803921568627451,0.0,1e-06,0.003100866872283947,Katashi,1e-06,0.9803921568627452,2.0
2012-12-21,0.09942553028073572,5.0,0.19801980198019803,0.0,0.0,0,0.0,0.9803921568627451,0.0,1e-06,1.0,Katashi,1e-06,0.9803921568627452,2.0
2012-12-24,0.10459554238854686,5.0,0.19801980198019803,0.0,0.0,0,0.0,0.9803921568627451,0.0,1e-06,1.0,Katashi,1e-06,0.9803921568627452,2.0
2012-12-26,0.08941380487199385,5.0,0.19801980198019803,0.0,0.0,0,0.0,0.9803921568627451,0.0,1e-06,1.0,Katashi,1e-06,0.9803921568627452,2.0
2012-12-27,0.10652428517685804,5.0,0.19801980198019803,0.0,0.0,0,0.0,0.9803921568627451,0.0,1e-06,1.0,Katashi,1e-06,0.9803921568627452,2.0
2012-12-28,0.10549879478773282,5.0,0.19801980198019803,0.0,0.0,0,0.0,0.9803921568627451,0.0,1e-06,1.0,Katashi,1e-06,0.9803921568627452,2.0
2012-12-31,0.08622056644567039,5.0,0.19801980198019803,0.0,0.0,0,0.0,0.9803921568627451,0.0,1e-06,1.0,Katashi,1e-06,0.9803921568627452,2.0
2013-01-02,0.07413454159912977,5.0,0.19801980198019803,0.0,0.0,0,0.0,0.9803921568627451,0.0,1e-06,1.0,Katashi,1e-06,0.9803921568627452,2.0
2013-01-03,0.09757225006369777,5.0,0.19801980198019803,0.0,0.0,0,0.0,0.9803921568627451,0.0,1e-06,1.0,Katashi,1e-06,0.9803921568627452,2.0
2013-01-04,0.09906990859622102,5.0,0.19801980198019803,0.0,0.0,0,0.0,0.9803921568627451,0.0,1e-06,1.0,Katashi,1e-06,0.9803921568627452,2.0
2013-01-07,0.10070979872122988,5.0,0.19801980198019803,0.0,0.0,0,0.0,0.9803921568627451,0.0,1e-06,1.0,Katashi,1e-06,0.9803921568627452,2.0
2013-01-08,0.07834049405035673,4.0,0.2469135802469136,0.0,0.0,0,0.0,0.7862550960986313,0.0,1e-06,0.004816964497210585,Utsuroi,1e-06,0.9803921568627452,2.0
2013-01-09,0.06979984249019676,5.0,0.19801980198019803,0.0,0.0,0,0.0,0.9803921568627451,0.0,1e-06,0.003100866872283947,Katashi,1e-06,0.9803921568627452,2.0
2013-01-10,0.06483887907863689,5.0,0.19801980198019803,0.0,0.0,0,0.0,0.9803921568627451,0.0,1e-06,1.0,Katashi,1e-06,0.9803921568627452,2.0
2013-01-11,0.04981128402752754,4.0,0.2469135802469136,0.0,0.0,0,0.0,0.7862550960986313,0.0,1e-06,0.004816964497210585,Utsuroi,1e-06,0.9803921568627452,2.0
2013-01-14,0.05290490656234829,4.0,0.2469135802469136,1.9842016918186565e-11,0.999999999979158,1,4.135472133645432e-22,0.7862550960986313,0.5,1e-06,0.6874876052933079,Utsuroi,1e-06,0.9803921568627452,2.0
2013-01-15,0.05869061948977951,4.0,0.2469135802469136,8.533063144921551e-12,0.999999999990467,1,8.134604101448883e-23,0.7862550960986313,0.5,1e-06,1.0,Utsuroi,1e-06,0.9803921568627452,2.0
2013-01-16,0.04013265352955857,4.0,0.2469135802469136,1.287758788483386e-11,0.9999999999861224,1,1.7870957274329224e-22,0.7862550960986313,0.5,1e-06,1.0,Utsuroi,1e-06,0.9803921568627452,2.0
2013-01-17,0.03782788398274728,4.0,0.2469135802469136,1.543531968892653e-11,0.9999999999835647,1,2.536840721345443e-22,0.7862550960986313,0.5,1e-06,1.0,Utsuroi,1e-06,0.9803921568627452,2.0
2013-01-18,0.06933636445446764,4.0,0.2469135802469136,1.01563202292092e-11,0.9999999999888437,1,1.1330693615280661e-22,0.7862550960986313,0.5,1e-06,1.0,Utsuroi,1e-06,0.9803921568627452,2.0
2013-01-22,0.07558635389021719,4.0,0.2469135802469136,1.1367462526758537e-11,0.9999999999876326,1,1.405864153570573e-22,0.7862550960986313,0.5,1e-06,1.0,Utsuroi,1e-06,0.9803921568627452,2.0
2013-01-23,0.08453273754873505,3.0,0.3278688524590164,0.3427971351607395,0.8917707177300151,2,0.03710068790265383,0.5921180353341293,1.0,1e-06,0.9029269784331384,Utsuroi,1e-06,0.9803921568627452,2.0
2013-01-24,0.07772272505933658,3.0,0.3278688524590164,0.5845398047794077,0.7287078556740817,2,0.15858105708245918,0.5921180353341293,1.0,1e-06,0.627144535450002,Utsuroi,1e-06,0.9803921568627452,2.0
2013-01-25,0.094415862499049,4.0,0.2469135802469136,9.357625785302455e-12,0.9999999999896424,1,9.692257911677847e-23,0.7862550960986313,0.5,1e-06,0.7739772346321501,Utsuroi,1e-06,0.9803921568627452,2.0
2013-01-28,0.10821516391117461,4.0,0.2469135802469136,1.4349299526255461e-11,0.9999999999846507,1,2.2025137899094575e-22,0.7862550960986313,0.5,1e-06,1.0,Utsuroi,1e-06,0.9803921568627452,2.0
2013-01-29,0.11612251190572304,4.0,0.2469135802469136,1.6926571255577417e-11,0.9999999999820735,1,3.034350112835565e-22,0.7862550960986313,0.5,1e-06,1.0,Utsuroi,1e-06,0.9803921568627452,2.0
2013-01-30,0.11308925394684251,2.0,0.48780487804878053,0.5134418123602609,0.7903882510798368,2,0.10762343625757255,0.397980974569239,1.0,1e-06,0.9174043212753991,Utsuroi,1e-06,0.9803921568627452,2.0
2013-01-31,0.11711148936254079,3.0,0.3278688524590164,1.0794254379151495e-11,0.9999999999882058,1,1.273099431942538e-22,0.5921180353341293,0.5,1e-06,0.8170244637351594,Utsuroi,1e-06,0.9803921568627452,2.0
2013-02-01,0.12161815147089992,2.0,0.48780487804878053,2.7051916262228536e-11,0.9999999999719481,1,7.5885749129656315e-22,0.397980974569239,0.5,1e-06,0.20812478296765147,Utsuroi,1e-06,0.9803921568627452,2.0
2013-02-04,0.09320535772403497,2.5,0.3921568627450981,1.3901657602733369e-11,0.9999999999850984,1,2.0715743417932567e-22,0.4950495049517326,0.5,1e-06,0.15349758830056315,Utsuroi,1e-06,0.9803921568627452,2.0
2013-02-05,0.05591405943431519,2.0,0.48780487804878053,1.7299051080332413e-11,0.999999999981701,1,3.1655583667840373e-22,0.397980974569239,0.5,1e-06,0.21637860169462275,Utsuroi,1e-06,0.9803921568627452,2.0
2013-02-06,0.06467666636557388,2.0,0.48780487804878053,3.189581931852048e-11,0.9999999999671042,1,1.0492384037450785e-21,0.397980974569239,0.5,1e-06,1.0,Utsuroi,1e-06,0.9803921568627452,2.0
2013-02-07,0.07352274287911675,3.5,0.28169014084507044,4.324951507941171e-11,0.9999999999557505,1,1.913769112972324e-21,0.6891865657164288,0.5,1e-06,0.08106764359177565,Utsuroi,1e-06,0.9803921568627452,2.0
2013-02-08,0.0983811707982561,3.5,0.28169014084507044,3.8391956279972404e-11,0.9999999999606081,1,1.5123334140169407e-21,0.6891865657164288,0.5,1e-06,1.0,Utsuroi,1e-06,0.9803921568627452,2.0
2013-02-11,0.10135132733808662,3.0,0.3278688524590164,6.341172031702143e-11,0.9999999999355883,1,4.084456591236352e-21,0.5921180353341293,0.5,1e-06,0.0977035775928039,Utsuroi,1e-06,0.9803921568627452,2.0
2013-02-12,0.10432828701968941,3.0,0.3278688524590164,9.040013182053181e-11,0.9999999999085999,1,8.2625819655612e-21,0.5921180353341293,0.5,1e-06,1.0,Utsuroi,1e-06,0.9803921568627452,2.0
2013-02-13,0.11888238948227464,3.0,0.3278688524590164,3.7298941712271395e-11,0.9999999999617011,1,1.4285091694782775e-21,0.5921180353341293,0.5,1e-06,1.0,Utsuroi,1e-06,0.9803921568627452,2.0
2013-02-14,0.10975571073634155,3.0,0.3278688524590164,5.48864287337401e-11,0.9999999999441136,1,3.0674052737811423e-21,0.5921180353341293,0.5,1e-06,1.0,Utsuroi,1e-06,0.9803921568627452,2.0
2013-02-15,0.10694448367294491,3.0,0.3278688524590164,3.935785031135777e-11,0.9999999999596422,1,1.588397360811286e-21,0.5921180353341293,0.5,1e-06,1.0,Utsuroi,1e-06,0.9803921568627452,2.0
2013-02-19,0.10917650671060661,4.0,0.2469135802469136,0.0,0.0,0,0.0,0.7862550960986313,0.0,1e-06,0.40412083475848304,Utsuroi,1e-06,0.9803921568627452,2.0
2013-02-20,0.11703235862419346,3.5,0.28169014084507044,2.673194998654049e-11,0.9999999999722681,1,7.413285087229925e-22,0.6891865657164288,0.5,1e-06,0.9975196073921866,Utsuroi,1e-06,0.9803921568627452,2.0
2013-02-21,0.07076720598622631,4.5,0.21978021978021978,0.0,0.0,0,0.0,0.8833236264807367,0.0,1e-06,0.40262652625847006,Utsuroi,1e-06,0.9803921568627452,2.0
2013-02-22,0.08567414080124897,4.5,0.21978021978021978,0.0,0.0,0,0.0,0.8833236264807367,0.0,1e-06,1.0,Utsuroi,1e-06,0.9803921568627452,2.0
2013-02-25,0.07002902305134996,4.0,0.2469135802469136,0.0,0.0,0,0.0,0.7862550960986313,0.0,1e-06,0.005298588138547111,Utsuroi,1e-06,0.9803921568627452,2.0
2013-02-26,0.0791620261414506,4.5,0.21978021978021978,0.0,0.0,0,0.0,0.8833236264807367,0.0,1e-06,0.004200375048107441,Utsuroi,1e-06,0.9803921568627452,2.0
2013-02-27,0.07712244292110976,4.5,0.21978021978021978,0.0,0.0,0,0.0,0.8833236264807367,0.0,1e-06,1.0,Utsuroi,1e-06,0.9803921568627452,2.0
2013-02-28,0.04912911466955277,4.5,0.21978021978021978,0.0,0.0,0,0.0,0.8833236264807367,0.0,1e-06,1.0,Utsuroi,1e-06,0.9803921568627452,2.0
2013-03-01,0.06311421169757267,4.5,0.21978021978021978,0.0,0.0,0,0.0,0.8833236264807367,0.0,1e-06,1.0,Utsuroi,1e-06,0.9803921568627452,2.0
2013-03-04,0.040211146197193515,4.5,0.21978021978021978,0.0,0.0,0,0.0,0.8833236264807367,0.0,1e-06,1.0,Utsuroi,1e-06,0.9803921568627452,2.0
2013-03-05,0.044214312967825506,4.5,0.21978021978021978,0.0,0.0,0,0.0,0.8833236264807367,0.0,1e-06,1.0,Utsuroi,1e-06,0.9803921568627452,2.0
2013-03-06,0.07251785355901093,4.5,0.21978021978021978,0.0,0.0,0,0.0,0.8833236264807367,0.0,1e-06,1.0,Utsuroi,1e-06,0.9803921568627452,2.0
2013-03-07,0.11715386340792264,4.5,0.21978021978021978,0.0,0.0,0,0.0,0.8833236264807367,0.0,1e-06,1.0,Utsuroi,1e-06,0.9803921568627452,2.0
2013-03-08,0.12026174097222496,4.0,0.2469135802469136,0.0,0.0,0,0.0,0.7862550960986313,0.0,1e-06,0.005298588138547111,Utsuroi,1e-06,0.9803921568627452,2.0
2013-03-11,0.12129728331511078,4.5,0.21978021978021978,4.0582537329771605e-11,0.9999999999584175,1,1.6875239757316104e-21,0.8833236264807367,0.5,1e-06,0.4010817281545668,Utsuroi,1e-06,0.9803921568627452,2.0
2013-03-12,0.11071545235125328,4.0,0.2469135802469136,0.0,0.0,0,0.0,0.7862550960986313,0.0,1e-06,0.6506193842169293,Utsuroi,1e-06,0.9803921568627452,2.0
2013-03-13,0.08858065564969562,4.0,0.2469135802469136,0.0,0.0,0,0.0,0.7862550960986313,0.0,1e-06,1.0,Utsuroi,1e-06,0.9803921568627452,2.0
2013-03-14,0.093556240568247,4.0,0.2469135802469136,0.0,0.0,0,0.0,0.7862550960986313,0.0,1e-06,1.0,Utsuroi,1e-06,0.9803921568627452,2.0
2013-03-15,0.09722457677411668,4.0,0.2469135802469136,0.0,0.0,0,0.0,0.7862550960986313,0.0,1e-06,1.0,Utsuroi,1e-06,0.9803921568627452,2.0
2013-03-18,0.06451208146011203,4.5,0.21978021978021978,0.0,0.0,0,0.0,0.8833236264807367,0.0,1e-06,0.004200375048107441,Utsuroi,1e-06,0.9803921568627452,2.0
2013-03-19,0.0634803432360813,3.0,0.3278688524590164,4.681144360915263e-11,0.9999999999521886,1,2.238121660885856e-21,0.5921180353341293,0.5,1e-06,0.5882233803114338,Utsuroi,1e-06,0.9803921568627452,2.0
2013-03-20,0.06154619538447896,3.0,0.3278688524590164,0.0,0.0,0,0.0,0.5921180353341293,0.0,1e-06,1.0,Utsuroi,1e-06,0.9803921568627452,2.0
2013-03-21,0.05178242394320195,4.5,0.21978021978021978,0.0,0.0,0,0.0,0.8833236264807367,0.0,1e-06,0.005778214174558038,Utsuroi,1e-06,0.9803921568627452,2.0
2013-03-22,0.05110700727470385,3.0,0.3278688524590164,1.930233750592738e-11,0.9999999999796977,1,3.9188214370171856e-22,0.5921180353341293,0.5,1e-06,0.5882233803114338,Utsuroi,1e-06,0.9803921568627452,2.0
2013-03-25,0.06318189391896659,4.0,0.2469135802469136,3.192268671571553e-11,0.9999999999670773,1,1.0509799076979796e-21,0.7862550960986313,0.5,1e-06,0.057709421716189535,Utsuroi,1e-06,0.9803921568627452,2.0
2013-03-26,0.08309782386842096,4.0,0.2469135802469136,0.0,0.0,0,0.0,0.7862550960986313,0.0,1e-06,1.0,Utsuroi,1e-06,0.9803921568627452,2.0
2013-03-27,0.10977338788544101,4.5,0.21978021978021978,0.0,0.0,0,0.0,0.8833236264807367,0.0,1e-06,0.004200375048107441,Utsuroi,1e-06,0.9803921568627452,2.0
2013-03-28,0.10671905200832758,4.5,0.21978021978021978,0.0,0.0,0,0.0,0.8833236264807367,0.0,1e-06,1.0,Utsuroi,1e-06,0.9803921568627452,2.0
2013-04-01,0.08990037170384402,4.5,0.21978021978021978,0.0,0.0,0,0.0,0.8833236264807367,0.0,1e-06,1.0,Utsuroi,1e-06,0.9803921568627452,2.0
2013-04-02,0.0895421543063311,4.5,0.21978021978021978,0.0,0.0,0,0.0,0.8833236264807367,0.0,1e-06,1.0,Utsuroi,1e-06,0.9803921568627452,2.0
2013-04-03,0.07575390529335992,4.0,0.2469135802469136,0.0,0.0,0,0.0,0.7862550960986313,0.0,1e-06,0.005298588138547111,Utsuroi,1e-06,0.9803921568627452,2.0
2013-04-04,0.12583375947886596,4.0,0.2469135802469136,0.0,0.0,0,0.0,0.7862550960986313,0.0,1e-06,1.0,Utsuroi,1e-06,0.9803921568627452,2.0
2013-04-05,0.13327235346646873,4.0,0.2469135802469136,0.0,0.0,0,0.0,0.7862550960986313,0.0,1e-06,1.0,Utsuroi,1e-06,0.9803921568627452,2.0
2013-04-08,0.11575817276541601,4.0,0.2469135802469136,0.0,0.0,0,0.0,0.7862550960986313,0.0,1e-06,1.0,Utsuroi,1e-06,0.9803921568627452,2.0
2013-04-09,0.08604668173138454,3.0,0.3278688524590164,6.474262235330249e-10,0.9999999993515738,1,4.198081269556926e-19,0.5921180353341293,0.5,1e-06,0.7762396082090378,Utsuroi,1e-06,0.9803921568627452,2.0
2013-04-10,0.07970229900600646,4.0,0.2469135802469136,0.0,0.0,0,0.0,0.7862550960986313,0.0,1e-06,0.40412083475848304,Utsuroi,1e-06,0.9803921568627452,2.0
2013-04-11,0.07053532409876674,3.0,0.3278688524590164,2.2498447549148285e-11,0.9999999999765016,1,5.286780919727652e-22,0.5921180353341293,0.5,1e-06,0.7762396082090378,Utsuroi,1e-06,0.9803921568627452,2.0
2013-04-12,0.0799833383848835,3.0,0.3278688524590164,1.0301426378526078e-11,0.9999999999886986,1,1.164205839261005e-22,0.5921180353341293,0.5,1e-06,1.0,Utsuroi,1e-06,0.9803921568627452,2.0
2013-04-15,0.08854615447457491,3.0,0.3278688524590164,8.825384867302525e-12,0.9999999999901746,1,8.671260769104252e-23,0.5921180353341293,0.5,1e-06,1.0,Utsuroi,1e-06,0.9803921568627452,2.0
2013-04-16,0.07950869404918412,3.0,0.3278688524590164,5.7569504718689585e-12,0.9999999999932431,1,3.8899301853902634e-23,0.5921180353341293,0.5,1e-06,1.0,Utsuroi,1e-06,0.9803921568627452,2.0
2013-04-17,0.09887832452422841,3.5,0.28169014084507044,6.394218487999289e-12,0.9999999999926058,1,4.728010710933102e-23,0.6891865657164288,0.5,1e-06,0.0746325814139065,Utsuroi,1e-06,0.9803921568627452,2.0
2013-04-18,0.10446741910352074,3.0,0.3278688524590164,5.4404258875504145e-12,0.9999999999935596,1,3.5038539374010416e-23,0.5921180353341293,0.5,1e-06,0.0977035775928039,Utsuroi,1e-06,0.9803921568627452,2.0
2013-04-19,0.10351185903042875,3.0,0.3278688524590164,6.655231921086699e-12,0.9999999999923448,1,5.094719661955184e-23,0.5921180353341293,0.5,1e-06,1.0,Utsuroi,1e-06,0.9803921568627452,2.0
2013-04-22,0.1038378517345207,3.0,0.3278688524590164,8.378076010685343e-12,0.999999999990622,1,7.857004831441815e-23,0.5921180353341293,0.5,1e-06,1.0,Utsuroi,1e-06,0.9803921568627452,2.0
2013-04-23,0.09255753496666133,3.0,0.3278688524590164,6.252443007755695e-12,0.9999999999927476,1,4.534534825835579e-23,0.5921180353341293,0.5,1e-06,1.0,Utsuroi,1e-06,0.9803921568627452,2.0
2013-04-24,0.08961426543240698,3.0,0.3278688524590164,7.237321852893044e-12,0.9999999999917627,1,5.96159893534897e-23,0.5921180353341293,0.5,1e-06,1.0,Utsuroi,1e-06,0.9803921568627452,2.0
2013-04-25,0.076601717377719,3.0,0.3278688524590164,6.819989017939798e-12,0.99999999999218,1,5.333208835307608e-23,0.5921180353341293,0.5,1e-06,1.0,Utsuroi,1e-06,0.9803921568627452,2.0
2013-04-26,0.06941797920574887,3.0,0.3278688524590164,9.659606447997322e-12,0.9999999999893404,1,1.0296738949162242e-22,0.5921180353341293,0.5,1e-06,1.0,Utsuroi,1e-06,0.9803921568627452,2.0
2013-04-29,0.0752405994797051,3.0,0.3278688524590164,6.526335027928697e-12,0.9999999999924737,1,4.9119239551122443e-23,0.5921180353341293,0.5,1e-06,1.0,Utsuroi,1e-06,0.9803921568627452,2.0
2013-04-30,0.06941899456159237,3.0,0.3278688524590164,1.4529599745451803e-11,0.9999999999844704,1,2.256385470904906e-22,0.5921180353341293,0.5,1e-06,1.0,Utsuroi,1e-06,0.9803921568627452,2.0
2013-05-01,0.07110663082074417,3.0,0.3278688524590164,1.0696998842195474e-11,0.999999999988303,1,1.2512254643683869e-22,0.5921180353341293,0.5,1e-06,1.0,Utsuroi,1e-06,0.9803921568627452,2.0
2013-05-02,0.05363189390270098,3.0,0.3278688524590164,9.909850717745135e-12,0.9999999999890902,1,1.0811477274337968e-22,0.5921180353341293,0.5,1e-06,1.0,Utsuroi,1e-06,0.9803921568627452,2.0
2013-05-03,0.0734582061307587,3.0,0.3278688524590164,3.920708202461975e-11,0.9999999999597929,1,1.5764014956134573e-21,0.5921180353341293,0.5,1e-06,1.0,Utsuroi,1e-06,0.9803921568627452,2.0
2013-05-06,0.05320450988462354,3.0,0.3278688524590164,0.0,0.0,0,0.0,0.5921180353341293,0.0,1e-06,1.0,Utsuroi,1e-06,0.9803921568627452,2.0
2013-05-07,0.04882692665765958,2.0,0.48780487804878053,2.74302802690101e-11,0.9999999999715697,1,7.79849949111544e-22,0.397980974569239,0.5,1e-06,0.9502281263568018,Utsuroi,1e-06,0.9803921568627452,2.0
2013-05-08,0.05563109692611677,4.0,0.2469135802469136,0.0,0.0,0,0.0,0.7862550960986313,0.0,1e-06,0.17756428921573253,Utsuroi,1e-06,0.9803921568627452,2.0
2013-05-09,0.08924574151972293,3.0,0.3278688524590164,1.7625678694171102e-11,0.9999999999813743,1,3.282898382170457e-22,0.5921180353341293,0.5,1e-06,0.7762396082090378,Utsuroi,1e-06,0.9803921568627452,2.0
2013-05-10,0.12926016401486792,3.0,0.3278688524590164,2.0971591128127625e-10,0.9999999997892841,1,4.4190474721196424e-20,0.5921180353341293,0.5,1e-06,1.0,Utsuroi,1e-06,0.9803921568627452,2.0
2013-05-13,0.1669345718797462,4.0,0.2469135802469136,0.0,0.0,0,0.0,0.7862550960986313,0.0,1e-06,0.40412083475848304,Utsuroi,1e-06,0.9803921568627452,2.0
2013-05-14,0.1619453795494743,4.0,0.2469135802469136,0.0,0.0,0,0.0,0.7862550960986313,0.0,1e-06,1.0,Utsuroi,1e-06,0.9803921568627452,2.0
2013-05-15,0.17571985007883706,3.5,0.28169014084507044,1.3313794511202934e-11,0.9999999999856862,1,1.9057062427506163e-22,0.6891865657164288,0.5,1e-06,0.9975196073921866,Utsuroi,1e-06,0.9803921568627452,2.0
2013-05-16,0.1707643778253011,3.0,0.3278688524590164,5.6930793411168525e-11,0.9999999999420692,1,3.2980447725247408e-21,0.5921180353341293,0.5,1e-06,0.0977035775928039,Utsuroi,1e-06,0.9803921568627452,2.0
2013-05-17,0.17233986156319336,4.0,0.2469135802469136,2.695577094829869e-11,0.9999999999720443,1,7.535687620679416e-22,0.7862550960986313,0.5,1e-06,0.057709421716189535,Utsuroi,1e-06,0.9803921568627452,2.0
2013-05-20,0.18296984590918466,4.0,0.2469135802469136,0.0,0.0,0,0.0,0.7862550960986313,0.0,1e-06,1.0,Utsuroi,1e-06,0.9803921568627452,2.0
2013-05-21,0.1696553158200262,4.0,0.2469135802469136,0.0,0.0,0,0.0,0.7862550960986313,0.0,1e-06,1.0,Utsuroi,1e-06,0.9803921568627452,2.0
2013-05-22,0.2409138275892743,3.0,0.3278688524590164,3.833433570499663e-11,0.9999999999606657,1,1.5078547816565663e-21,0.5921180353341293,0.5,1e-06,0.7762396082090378,Utsuroi,1e-06,0.9803921568627452,2.0
2013-05-23,0.2215942638298604,2.0,0.48780487804878053,1.1074723354449904e-09,0.9999999988915277,1,1.2276024222926143e-18,0.397980974569239,0.5,1e-06,0.20812478296765147,Utsuroi,1e-06,0.9803921568627452,2.0
2013-05-24,0.2323829204168529,3.0,0.3278688524590164,3.2151281636478293e-11,0.9999999999668487,1,1.065855481280622e-21,0.5921180353341293,0.5,1e-06,0.10900710300655303,Utsuroi,1e-06,0.9803921568627452,2.0
2013-05-28,0.26401987388878817,4.0,0.2469135802469136,5.788147738709952e-11,0.9999999999411185,1,3.408145621562879e-21,0.7862550960986313,0.5,1e-06,0.057709421716189535,Utsuroi,1e-06,0.9803921568627452,2.0
2013-05-29,0.2691870278968676,3.0,0.3278688524590164,1.0415213135830474e-10,0.9999999998948479,1,1.0951816294387322e-20,0.5921180353341293,0.5,1e-06,0.09610141315680376,Utsuroi,1e-06,0.9803921568627452,2.0
2013-05-30,0.23909699603177034,3.0,0.3278688524590164,4.859890267871208e-11,0.9999999999504011,1,2.4104511692220706e-21,0.5921180353341293,0.5,1e-06,1.0,Utsuroi,1e-06,0.9803921568627452,2.0
2013-05-31,0.26744867921747145,3.0,0.3278688524590164,0.0,0.0,0,0.0,0.5921180353341293,0.0,1e-06,1.0,Utsuroi,1e-06,0.9803921568627452,2.0
2013-06-03,0.3011174247098687,3.0,0.3278688524590164,0.0,0.0,0,0.0,0.5921180353341293,0.0,1e-06,1.0,Utsuroi,1e-06,0.9803921568627452,2.0
2013-06-04,0.2848263313023573,3.0,0.3278688524590164,0.0,0.0,0,0.0,0.5921180353341293,0.0,1e-06,1.0,Utsuroi,1e-06,0.9803921568627452,2.0
2013-06-05,0.29018845293243745,3.0,0.3278688524590164,0.0,0.0,0,0.0,0.5921180353341293,0.0,1e-06,1.0,Utsuroi,1e-06,0.9803921568627452,2.0
2013-06-06,0.3263119224282026,3.0,0.3278688524590164,0.0,0.0,0,0.0,0.5921180353341293,0.0,1e-06,1.0,Utsuroi,1e-06,0.9803921568627452,2.0
2013-06-07,0.316057872701295,3.0,0.3278688524590164,0.0,0.0,0,0.0,0.5921180353341293,0.0,1e-06,1.0,Utsuroi,1e-06,0.9803921568627452,2.0
2013-06-10,0.3161765516055421,3.0,0.3278688524590164,1.7037149468828095e-11,0.9999999999819629,1,3.0730123460372825e-22,0.5921180353341293,0.5,1e-06,0.6007236593723491,Utsuroi,1e-06,0.9803921568627452,2.0
2013-06-11,0.3045421024633703,2.0,0.48780487804878053,4.844152855441964e-10,0.9999999995145847,1,2.351425734953808e-19,0.397980974569239,0.5,1e-06,0.20812478296765147,Utsuroi,1e-06,0.9803921568627452,2.0
2013-06-12,0.2989199264412539,2.0,0.48780487804878053,1.7976786724247965e-10,0.9999999998192322,1,3.2496249986314874e-20,0.397980974569239,0.5,1e-06,1.0,Utsuroi,1e-06,0.9803921568627452,2.0
2013-06-13,0.38449884687357133,2.0,0.48780487804878053,0.0,0.0,0,0.0,0.397980974569239,0.0,1e-06,1.0,Utsuroi,1e-06,0.9803921568627452,2.0
2013-06-14,0.3838685208336041,2.0,0.48780487804878053,1.5378665006916573e-10,0.9999999998452134,1,2.3804116989382167e-20,0.397980974569239,0.5,1e-06,0.4629471702071445,Utsuroi,1e-06,0.9803921568627452,2.0
2013-06-17,0.36491475433849646,2.0,0.48780487804878053,1.9228107992838706e-10,0.9999999998067189,1,3.7164290528358406e-20,0.397980974569239,0.5,1e-06,1.0,Utsuroi,1e-06,0.9803921568627452,2.0
2013-06-18,0.35327120855066463,2.0,0.48780487804878053,0.0,0.0,0,0.0,0.397980974569239,0.0,1e-06,1.0,Utsuroi,1e-06,0.9803921568627452,2.0
2013-06-19,0.4346361496357598,2.0,0.48780487804878053,0.0,0.0,0,0.0,0.397980974569239,0.0,1e-06,1.0,Utsuroi,1e-06,0.9803921568627452,2.0
2013-06-20,0.47972375945306517,1.5,0.6451612903225806,0.0,0.0,0,0.0,0.3009124441866482,0.0,1e-06,0.19247492233559527,Utsuroi,1e-06,0.9803921568627452,2.0
2013-06-21,0.43511150396958215,1.0,0.9523809523809523,0.0,0.0,0,0.0,0.2038439138039604,0.0,1e-06,0.6229632972803975,Utsuroi,1e-06,0.9803921568627452,2.0
2013-06-24,0.42638276277989745,1.0,0.9523809523809523,0.2493472276014333,0.931651002142632,2,0.017042633125071024,0.2038439138039604,1.0,1e-06,0.10756695804108118,Utsuroi,1e-06,0.9803921568627452,2.0
2013-06-25,0.4461585945449546,1.0,0.9523809523809523,4.2053360792732773e-11,0.9999999999569467,1,1.810537584502763e-21,0.2038439138039604,0.5,1e-06,0.30357772858412024,Utsuroi,1e-06,0.9803921568627452,2.0
2013-06-26,0.4976889924461591,1.0,0.9523809523809523,5.3158033529098766e-11,0.999999999945842,1,2.8789333863406793e-21,0.2038439138039604,0.5,1e-06,1.0,Utsuroi,1e-06,0.9803921568627452,2.0
2013-06-27,0.5276920572080006,2.0,0.48780487804878053,2.9547830844346877e-10,0.9999999997035217,1,8.760290254555473e-20,0.397980974569239,0.5,1e-06,0.30550516818006357,Utsuroi,1e-06,0.9803921568627452,2.0
2013-06-28,0.5383225321468469,2.0,0.48780487804878053,1.93215554648033e-10,0.9999999998057845,1,3.752546184197855e-20,0.397980974569239,0.5,1e-06,1.0,Utsuroi,1e-06,0.9803921568627452,2.0
2013-07-01,0.5329581153757115,2.0,0.48780487804878053,5.058653495959794e-11,0.9999999999484135,1,2.6095829351843383e-21,0.397980974569239,0.5,1e-06,1.0,Utsuroi,1e-06,0.9803921568627452,2.0
2013-07-02,0.5121418060801152,1.0,0.9523809523809523,1.6311174633038536e-11,0.9999999999826888,1,2.8236523171371415e-22,0.2038439138039604,0.5,1e-06,0.6617043306942811,Utsuroi,1e-06,0.9803921568627452,2.0
2013-07-03,0.5086798602380489,0.5,1.8181818181818181,1.7564394383212934e-11,0.9999999999814356,1,3.2607195588065623e-22,0.1067753834211755,0.5,1e-06,0.5087975632429746,Utsuroi,1e-06,0.9803921568627452,2.0
2013-07-05,0.5030682438955802,3.0,0.3278688524590164,1.9991674981902905e-11,0.9999999999790083,1,4.196583013181014e-22,0.5921180353341293,0.5,1e-06,0.2360137092671044,Utsuroi,1e-06,0.9803921568627452,2.0
2013-07-08,0.537926168684602,2.0,0.48780487804878053,4.1516012848837184e-11,0.999999999957484,1,1.7650944173455363e-21,0.397980974569239,0.5,1e-06,0.20812478296765147,Utsuroi,1e-06,0.9803921568627452,2.0
2013-07-09,0.5338617845568,2.0,0.48780487804878053,4.1515779694246006e-10,0.9999999995838422,1,1.7277114501100458e-19,0.397980974569239,0.5,1e-06,1.0,Utsuroi,1e-06,0.9803921568627452,2.0
2013-07-10,0.545390305241113,2.0,0.48780487804878053,0.0,0.0,0,0.0,0.397980974569239,0.0,1e-06,1.0,Utsuroi,1e-06,0.9803921568627452,2.0
2013-07-11,0.5859520523912197,2.0,0.48780487804878053,0.0,0.0,0,0.0,0.397980974569239,0.0,1e-06,1.0,Utsuroi,1e-06,0.9803921568627452,2.0
2013-07-12,0.5978718518299937,3.0,0.3278688524590164,0.0,0.0,0,0.0,0.5921180353341293,0.0,1e-06,0.02818157684374567,Utsuroi,1e-06,0.9803921568627452,2.0
2013-07-15,0.6163304747661652,2.0,0.48780487804878053,0.0,0.0,0,0.0,0.397980974569239,0.0,1e-06,0.061257161326152776,Utsuroi,1e-06,0.9803921568627452,2.0
2013-07-16,0.5678075682871562,2.5,0.3921568627450981,2.8326041508331906e-10,0.9999999997157396,1,8.051971691349406e-20,0.4950495049517326,0.5,1e-06,0.26900070323807,Utsuroi,1e-06,0.9803921568627452,2.0
2013-07-17,0.5812397272083615,2.0,0.48780487804878053,7.882035021550241e-10,0.9999999992107965,1,6.220529471206456e-19,0.397980974569239,0.5,1e-06,0.21637860169462275,Utsuroi,1e-06,0.9803921568627452,2.0
2013-07-18,0.5731315203724197,2.0,0.48780487804878053,3.5643155093407475e-11,0.9999999999633569,1,1.3060768716421172e-21,0.397980974569239,0.5,1e-06,1.0,Utsuroi,1e-06,0.9803921568627452,2.0
2013-07-19,0.5743152017065061,1.0,0.9523809523809523,2.2370105767504622e-11,0.9999999999766299,1,5.22791242957727e-22,0.2038439138039604,0.5,1e-06,0.6617043306942811,Utsuroi,1e-06,0.9803921568627452,2.0
2013-07-22,0.5245772885065867,1.0,0.9523809523809523,1.544853134291935e-11,0.9999999999835515,1,2.5410531025007637e-22,0.2038439138039604,0.5,1e-06,1.0,Utsuroi,1e-06,0.9803921568627452,2.0
2013-07-23,0.47219838779736223,1.0,0.9523809523809523,2.6279090014808346e-11,0.9999999999727209,1,7.168690806922983e-22,0.2038439138039604,0.5,1e-06,1.0,Utsuroi,1e-06,0.9803921568627452,2.0
2013-07-24,0.5345571770555672,1.5,0.6451612903225806,0.0,0.0,0,0.0,0.3009124441866482,0.0,1e-06,0.7432004310414668,Utsuroi,1e-06,0.9803921568627452,2.0
2013-07-25,0.5112617017439218,1.5,0.6451612903225806,0.0,0.0,0,0.0,0.3009124441866482,0.0,1e-06,1.0,Utsuroi,1e-06,0.9803921568627452,2.0
2013-07-26,0.5360727605949099,2.0,0.48780487804878053,7.529088463506997e-11,0.9999999999237091,1,5.744006528421678e-21,0.397980974569239,0.5,1e-06,0.22869633421283786,Utsuroi,1e-06,0.9803921568627452,2.0
2013-07-29,0.512790959875669,2.0,0.48780487804878053,1.8509305199453417e-11,0.9999999999804907,1,3.611032747118106e-22,0.397980974569239,0.5,1e-06,1.0,Utsuroi,1e-06,0.9803921568627452,2.0
2013-07-30,0.487609405750003,1.5,0.6451612903225806,1.3084200389713713e-11,0.9999999999859158,1,1.8428021078417033e-22,0.3009124441866482,0.5,1e-06,0.3715151828384714,Utsuroi,1e-06,0.9803921568627452,2.0
2013-07-31,0.49852999815199944,1.0,0.9523809523809523,1.737709975896213e-11,0.9999999999816229,1,3.1934031138347204e-22,0.2038439138039604,0.5,1e-06,0.7316385917442174,Utsuroi,1e-06,0.9803921568627452,2.0
2013-08-01,0.4814572203936852,2.0,0.48780487804878053,1.3025469591711868e-11,0.9999999999859746,1,1.8268803953180426e-22,0.397980974569239,0.5,1e-06,0.30550516818006357,Utsuroi,1e-06,0.9803921568627452,2.0
2013-08-02,0.49408443036662997,2.0,0.48780487804878053,0.0,0.0,0,0.0,0.397980974569239,0.0,1e-06,1.0,Utsuroi,1e-06,0.9803921568627452,2.0
2013-08-05,0.5080126721929168,1.5,0.6451612903225806,0.0,0.0,0,0.0,0.3009124441866482,0.0,1e-06,0.19247492233559527,Utsuroi,1e-06,0.9803921568627452,2.0
2013-08-06,0.5007505063862028,2.0,0.48780487804878053,3.058053810128946e-11,0.9999999999684195,1,9.65749172186835e-22,0.397980974569239,0.5,1e-06,0.22869633421283786,Utsuroi,1e-06,0.9803921568627452,2.0
2013-08-07,0.4462840107370207,2.0,0.48780487804878053,0.5781482552472398,0.7350723326604027,2,0.15316746863910932,0.397980974569239,1.0,1e-06,0.21758915996552952,Utsuroi,1e-06,0.9803921568627452,2.0
2013-08-08,0.4524568833157713,2.0,0.48780487804878053,0.6902734578893415,0.5378877872995017,2,0.3189837949936678,0.397980974569239,1.0,1e-06,0.30453732138921397,Utsuroi,1e-06,0.9803921568627452,2.0
2013-08-09,0.4493766508252156,0.0,20.0,0.47458621153290187,0.8706713436273827,3,0.06137759707052091,0.009706853038293536,1.5,1e-06,0.033692988837530025,Utsuroi,1e-06,0.9803921568627452,2.0
2013-08-12,0.3760186645087808,2.0,0.48780487804878053,0.746590914692552,0.6863638876200263,3,0.2341578720223806,0.397980974569239,1.5,1e-06,0.991456574417734,Utsuroi,1e-06,0.9803921568627452,2.0
2013-08-13,0.3642876803783323,2.0,0.48780487804878053,1.064195909762658,0.4592309656986971,3,0.5754841944297492,0.397980974569239,1.5,1e-06,0.2048355478890438,Utsuroi,1e-06,0.9803921568627452,2.0
2013-08-14,0.31288723596445384,2.0,0.48780487804878053,1.0722722703861705,0.43611981311714526,3,0.6046330882146567,0.397980974569239,1.5,1e-06,0.19071171485441396,Utsuroi,1e-06,0.9803921568627452,2.0
2013-08-15,0.3808054494248552,1.0,0.9523809523809523,0.9367253436716317,0.48937925932798954,3,0.47831138879185214,0.2038439138039604,1.5,1e-06,0.35338330279906627,Utsuroi,1e-06,0.9803921568627452,2.0
2013-08-16,0.37837661312303117,2.5,0.3921568627450981,0.8237820003223165,0.6280609152946802,3,0.30639672319659983,0.4950495049517326,1.5,1e-06,0.8572388007407572,Utsuroi,1e-06,0.9803921568627452,2.0
2013-08-19,0.45451380220099996,2.0,0.48780487804878053,0.882859949693447,0.6544000312780615,3,0.3051163709999075,0.397980974569239,1.5,1e-06,0.6315044498105523,Utsuroi,1e-06,0.9803921568627452,2.0
2013-08-20,0.4645351067020278,2.0,0.48780487804878053,0.9816267534830013,0.4769756415324206,3,0.5134147029950594,0.397980974569239,1.5,1e-06,0.23986294939554098,Utsuroi,1e-06,0.9803921568627452,2.0
2013-08-21,0.47600376375487635,1.0,0.9523809523809523,0.5447027009515492,0.7654612233102756,2,0.12775390514076515,0.2038439138039604,1.0,1e-06,0.3295671237864648,Utsuroi,1e-06,0.9803921568627452,2.0
2013-08-22,0.483256434907382,0.0,20.0,0.3753920463351353,0.8757070346791521,2,0.04665859059685509,0.009706853038293536,1.0,1e-06,0.015632384377621378,Utsuroi,1e-06,0.9803921568627452,2.0
2013-08-23,0.47890444928875536,0.0,20.0,0.6563098094403026,0.634875440057974,2,0.23963483035752542,0.009706853038293536,1.0,1e-06,0.8648497605861221,Utsuroi,1e-06,0.9803921568627452,2.0
2013-08-26,0.46745626843143273,2.0,0.48780487804878053,8.93063401003595e-12,0.9999999999900694,1,8.868666027069656e-23,0.397980974569239,0.5,1e-06,0.8801718377740284,Utsuroi,1e-06,0.9803921568627452,2.0
2013-08-27,0.4178530010981916,2.0,0.48780487804878053,5.025979632460427e-12,0.999999999993974,1,3.028633971514145e-23,0.397980974569239,0.5,1e-06,1.0,Utsuroi,1e-06,0.9803921568627452,2.0
2013-08-28,0.3949303076453769,1.0,0.9523809523809523,5.905831379470175e-12,0.9999999999930942,1,4.0784545015193775e-23,0.2038439138039604,0.5,1e-06,0.6617043306942811,Utsuroi,1e-06,0.9803921568627452,2.0
2013-08-29,0.4079184898194003,1.0,0.9523809523809523,0.19469594229537207,0.9512911148652343,2,0.009483422289470245,0.2038439138039604,1.0,1e-06,0.10843093134068016,Utsuroi,1e-06,0.9803921568627452,2.0
2013-08-30,0.41256768342191547,2.0,0.48780487804878053,6.005751451685744e-12,0.9999999999929943,1,4.2074669093702813e-23,0.397980974569239,0.5,1e-06,0.979410097250654,Utsuroi,1e-06,0.9803921568627452,2.0
2013-09-03,0.4562541274680167,1.0,0.9523809523809523,5.877864861324588e-11,0.9999999999402214,1,3.513706881232857e-21,0.2038439138039604,0.5,1e-06,0.6617043306942811,Utsuroi,1e-06,0.9803921568627452,2.0
2013-09-04,0.4399155946474013,1.0,0.9523809523809523,1.4032774941939637e-11,0.9999999999849672,1,2.1095123708552739e-22,0.2038439138039604,0.5,1e-06,1.0,Utsuroi,1e-06,0.9803921568627452,2.0
2013-09-05,0.41634522497636606,2.0,0.48780487804878053,2.6408430997173638e-11,0.9999999999725916,1,7.238130745396418e-22,0.397980974569239,0.5,1e-06,0.30550516818006357,Utsuroi,1e-06,0.9803921568627452,2.0
2013-09-06,0.44530027204459144,2.0,0.48780487804878053,0.6383650753943824,0.6639728481274928,2,0.21450799813965263,0.397980974569239,1.0,1e-06,0.19225065195553825,Utsuroi,1e-06,0.9803921568627452,2.0
2013-09-09,0.4724295801264588,2.0,0.48780487804878053,0.6623030382051394,0.623542893934392,2,0.24932868510116657,0.397980974569239,1.0,1e-06,0.39668387782514336,Utsuroi,1e-06,0.9803921568627452,2.0
2013-09-10,0.4461108891512791,2.0,0.48780487804878053,1.6205814468003428e-11,0.9999999999827942,1,2.7883387854125135e-22,0.397980974569239,0.5,1e-06,0.7523060415967406,Utsuroi,1e-06,0.9803921568627452,2.0
2013-09-11,0.44847906926156106,3.0,0.3278688524590164,2.104427743152737e-11,0.9999999999779557,1,4.639054245161067e-22,0.5921180353341293,0.5,1e-06,0.10900710300655303,Utsuroi,1e-06,0.9803921568627452,2.0
2013-09-12,0.4445700527313458,4.0,0.2469135802469136,0.0,0.0,0,0.0,0.7862550960986313,0.0,1e-06,0.40412083475848304,Utsuroi,1e-06,0.9803921568627452,2.0
2013-09-13,0.4474943198779302,4.0,0.2469135802469136,0.0,0.0,0,0.0,0.7862550960986313,0.0,1e-06,1.0,Utsuroi,1e-06,0.9803921568627452,2.0
2013-09-16,0.45523216413681794,3.0,0.3278688524590164,0.0,0.0,0,0.0,0.5921180353341293,0.0,1e-06,0.014105160295590946,Utsuroi,1e-06,0.9803921568627452,2.0
2013-09-17,0.42440402807790795,3.0,0.3278688524590164,0.0,0.0,0,0.0,0.5921180353341293,0.0,1e-06,1.0,Utsuroi,1e-06,0.9803921568627452,2.0
2013-09-18,0.46867346566599716,3.0,0.3278688524590164,0.0,0.0,0,0.0,0.5921180353341293,0.0,1e-06,1.0,Utsuroi,1e-06,0.9803921568627452,2.0
2013-09-19,0.4464051003282677,4.0,0.2469135802469136,0.0,0.0,0,0.0,0.7862550960986313,0.0,1e-06,0.008025048812706048,Utsuroi,1e-06,0.9803921568627452,2.0
2013-09-20,0.4510284267029344,4.0,0.2469135802469136,0.0,0.0,0,0.0,0.7862550960986313,0.0,1e-06,1.0,Utsuroi,1e-06,0.9803921568627452,2.0
2013-09-23,0.3938477429333047,3.0,0.3278688524590164,8.352265542355964e-10,0.9999999991637735,1,6.984386052698812e-19,0.5921180353341293,0.5,1e-06,0.7762396082090378,Utsuroi,1e-06,0.9803921568627452,2.0
2013-09-24,0.3742091575934125,3.0,0.3278688524590164,0.0,0.0,0,0.0,0.5921180353341293,0.0,1e-06,1.0,Utsuroi,1e-06,0.9803921568627452,2.0
2013-09-25,0.33225782310426993,3.0,0.3278688524590164,0.0,0.0,0,0.0,0.5921180353341293,0.0,1e-06,1.0,Utsuroi,1e-06,0.9803921568627452,2.0
2013-09-26,0.3362870957002552,3.0,0.3278688524590164,0.0,0.0,0,0.0,0.5921180353341293,0.0,1e-06,1.0,Utsuroi,1e-06,0.9803921568627452,2.0
2013-09-27,0.3617121863395814,4.0,0.2469135802469136,0.0,0.0,0,0.0,0.7862550960986313,0.0,1e-06,0.008025048812706048,Utsuroi,1e-06,0.9803921568627452,2.0
2013-09-30,0.3785797699341102,1.0,0.9523809523809523,4.653943896813244e-11,0.9999999999524606,1,2.2124577889567796e-21,0.2038439138039604,0.5,1e-06,0.8690462168742688,Utsuroi,1e-06,0.9803921568627452,2.0
2013-10-01,0.37240368565910725,4.0,0.2469135802469136,0.0,0.0,0,0.0,0.7862550960986313,0.0,1e-06,0.11434030943307771,Utsuroi,1e-06,0.9803921568627452,2.0
2013-10-02,0.37063913632635,3.0,0.3278688524590164,0.0,0.0,0,0.0,0.5921180353341293,0.0,1e-06,0.014105160295590946,Utsuroi,1e-06,0.9803921568627452,2.0
2013-10-03,0.35417522874631874,3.0,0.3278688524590164,1.4778223088599686e-10,0.9999999998512178,1,2.1987366728966522e-20,0.5921180353341293,0.5,1e-06,0.6007236593723491,Utsuroi,1e-06,0.9803921568627452,2.0
2013-10-04,0.3665296390434491,3.0,0.3278688524590164,0.0,0.0,0,0.0,0.5921180353341293,0.0,1e-06,1.0,Utsuroi,1e-06,0.9803921568627452,2.0
2013-10-07,0.3500492511048126,4.0,0.2469135802469136,0.0,0.0,0,0.0,0.7862550960986313,0.0,1e-06,0.008025048812706048,Utsuroi,1e-06,0.9803921568627452,2.0
2013-10-08,0.30873471998913954,3.0,0.3278688524590164,9.286638124720568e-11,0.9999999999061336,1,8.717029093243536e-21,0.5921180353341293,0.5,1e-06,0.7762396082090378,Utsuroi,1e-06,0.9803921568627452,2.0
2013-10-09,0.2770611602330475,3.0,0.3278688524590164,2.762934325731971e-11,0.9999999999713707,1,7.910093408908285e-22,0.5921180353341293,0.5,1e-06,1.0,Utsuroi,1e-06,0.9803921568627452,2.0
2013-10-10,0.29914297421049724,2.0,0.48780487804878053,0.0,0.0,0,0.0,0.397980974569239,0.0,1e-06,0.4333893968275033,Utsuroi,1e-06,0.9803921568627452,2.0
2013-10-11,0.2860472217898717,3.0,0.3278688524590164,0.0,0.0,0,0.0,0.5921180353341293,0.0,1e-06,0.02818157684374567,Utsuroi,1e-06,0.9803921568627452,2.0
2013-10-14,0.2890568096059602,3.5,0.28169014084507044,0.0,0.0,0,0.0,0.6891865657164288,0.0,1e-06,0.011726212709918693,Utsuroi,1e-06,0.9803921568627452,2.0
2013-10-15,0.2905644406146865,2.0,0.48780487804878053,0.0,0.0,0,0.0,0.397980974569239,0.0,1e-06,0.05461827187677015,Utsuroi,1e-06,0.9803921568627452,2.0
2013-10-16,0.33896599182045406,2.0,0.48780487804878053,0.0,0.0,0,0.0,0.397980974569239,0.0,1e-06,1.0,Utsuroi,1e-06,0.9803921568627452,2.0
2013-10-17,0.3707889167784148,3.0,0.3278688524590164,0.0,0.0,0,0.0,0.5921180353341293,0.0,1e-06,0.02818157684374567,Utsuroi,1e-06,0.9803921568627452,2.0
2013-10-18,0.28183524109993874,2.0,0.48780487804878053,0.0,0.0,0,0.0,0.397980974569239,0.0,1e-06,0.061257161326152776,Utsuroi,1e-06,0.9803921568627452,2.0
2013-10-21,0.2644196927430615,2.0,0.48780487804878053,0.0,0.0,0,0.0,0.397980974569239,0.0,1e-06,1.0,Utsuroi,1e-06,0.9803921568627452,2.0
2013-10-22,0.32595251020851695,2.0,0.48780487804878053,0.0,0.0,0,0.0,0.397980974569239,0.0,1e-06,1.0,Utsuroi,1e-06,0.9803921568627452,2.0
2013-10-23,0.32512937022259697,2.0,0.48780487804878053,1.8031354187361496e-11,0.9999999999809687,1,3.431606891361261e-22,0.397980974569239,0.5,1e-06,0.4629471702071445,Utsuroi,1e-06,0.9803921568627452,2.0
2013-10-24,0.3394678640348024,2.0,0.48780487804878053,1.7976509169946057e-11,0.9999999999810235,1,3.4113099343902383e-22,0.397980974569239,0.5,1e-06,1.0,Utsuroi,1e-06,0.9803921568627452,2.0
2013-10-25,0.3679398524063465,3.0,0.3278688524590164,0.4739915902074813,0.8182800115335881,2,0.08613374630567974,0.5921180353341293,1.0,1e-06,0.06623965461854675,Utsuroi,1e-06,0.9803921568627452,2.0
2013-10-28,0.35965639743194877,2.0,0.48780487804878053,0.0,0.0,0,0.0,0.397980974569239,0.0,1e-06,0.6826518269685931,Utsuroi,1e-06,0.9803921568627452,2.0
2013-10-29,0.37231587017887385,3.0,0.3278688524590164,0.0,0.0,0,0.0,0.5921180353341293,0.0,1e-06,0.02818157684374567,Utsuroi,1e-06,0.9803921568627452,2.0
2013-10-30,0.4027054449172687,2.0,0.48780487804878053,4.2225334339239785e-11,0.9999999999567747,1,1.8252032603422207e-21,0.397980974569239,0.5,1e-06,0.9502281263568018,Utsuroi,1e-06,0.9803921568627452,2.0
2013-10-31,0.4065699015287224,1.0,0.9523809523809523,1.1517586883549537e-10,0.9999999998838242,1,1.3380654083735591e-20,0.2038439138039604,0.5,1e-06,0.6617043306942811,Utsuroi,1e-06,0.9803921568627452,2.0
2013-11-01,0.41269083525530875,2.0,0.48780487804878053,1.7730872324337644e-10,0.9999999998216913,1,3.1615688141884277e-20,0.397980974569239,0.5,1e-06,0.30550516818006357,Utsuroi,1e-06,0.9803921568627452,2.0
2013-11-04,0.42605013479064735,2.0,0.48780487804878053,7.554601388610934e-11,0.999999999923454,1,5.782744556979844e-21,0.397980974569239,0.5,1e-06,1.0,Utsuroi,1e-06,0.9803921568627452,2.0
2013-11-05,0.48656007462127626,3.0,0.3278688524590164,2.1505908165156224e-11,0.9999999999774941,1,4.840095184310438e-22,0.5921180353341293,0.5,1e-06,0.10900710300655303,Utsuroi,1e-06,0.9803921568627452,2.0
2013-11-06,0.5161532709621758,3.0,0.3278688524590164,3.861577724172799e-11,0.9999999999603842,1,1.5297931750073516e-21,0.5921180353341293,0.5,1e-06,1.0,Utsuroi,1e-06,0.9803921568627452,2.0
2013-11-07,0.5010111938620705,2.0,0.48780487804878053,0.0,0.0,0,0.0,0.397980974569239,0.0,1e-06,0.4333893968275033,Utsuroi,1e-06,0.9803921568627452,2.0
2013-11-08,0.5217908983285533,3.0,0.3278688524590164,0.0,0.0,0,0.0,0.5921180353341293,0.0,1e-06,0.02818157684374567,Utsuroi,1e-06,0.9803921568627452,2.0
2013-11-11,0.5215610680436779,1.0,0.9523809523809523,0.0,0.0,0,0.0,0.2038439138039604,0.0,1e-06,0.4215900257299775,Utsuroi,1e-06,0.9803921568627452,2.0
2013-11-12,0.5021533856329065,3.0,0.3278688524590164,0.0,0.0,0,0.0,0.5921180353341293,0.0,1e-06,0.06704060856914573,Utsuroi,1e-06,0.9803921568627452,2.0
2013-11-13,0.538642959120206,3.0,0.3278688524590164,2.6220026149899897e-11,0.99999999997278,1,7.137092174289546e-22,0.5921180353341293,0.5,1e-06,0.6007236593723491,Utsuroi,1e-06,0.9803921568627452,2.0
2013-11-14,0.5922793573003792,2.0,0.48780487804878053,0.6803649678701595,0.5797736093702938,2,0.2859073147589732,0.397980974569239,1.0,1e-06,0.3268985705042188,Utsuroi,1e-06,0.9803921568627452,2.0
2013-11-15,0.5369697671624435,1.0,0.9523809523809523,4.007083553774302e-11,0.9999999999589292,1,1.645741809828559e-21,0.2038439138039604,0.5,1e-06,0.6175508766916944,Utsuroi,1e-06,0.9803921568627452,2.0
2013-11-18,0.46110014468356497,1.0,0.9523809523809523,1.4141243731443878e-11,0.9999999999848588,1,2.141157051765226e-22,0.2038439138039604,0.5,1e-06,1.0,Utsuroi,1e-06,0.9803921568627452,2.0
2013-11-19,0.4846207809616629,3.0,0.3278688524590164,0.08972594022714926,0.9821059367175394,2,0.0016055616525028835,0.5921180353341293,1.0,1e-06,0.05308357771385519,Utsuroi,1e-06,0.9803921568627452,2.0
2013-11-20,0.4900229582472994,2.0,0.48780487804878053,0.4789817492534556,0.8149388854676219,2,0.08864089635751253,0.397980974569239,1.0,1e-06,0.7535018629502076,Utsuroi,1e-06,0.9803921568627452,2.0
2013-11-21,0.4510387116818413,1.0,0.9523809523809523,0.4787158006451866,0.8151182143441751,2,0.08850583204494,0.2038439138039604,1.0,1e-06,0.7941365499032026,Utsuroi,1e-06,0.9803921568627452,2.0
2013-11-22,0.4677533643555103,2.0,0.48780487804878053,8.089640068890392e-12,0.9999999999909104,1,7.353173755666399e-23,0.397980974569239,0.5,1e-06,0.9817800058256687,Utsuroi,1e-06,0.9803921568627452,2.0
2013-11-25,0.4434553846699642,3.5,0.28169014084507044,2.739397597610589e-11,0.999999999971606,1,7.77823289764732e-22,0.6891865657164288,0.5,1e-06,0.08106764359177565,Utsuroi,1e-06,0.9803921568627452,2.0
2013-11-26,0.43156290611791415,3.5,0.28169014084507044,0.6223966558768584,0.6858299464810527,2,0.19553839068684647,0.6891865657164288,1.0,1e-06,0.3543539196046481,Utsuroi,1e-06,0.9803921568627452,2.0
2013-11-27,0.42255385172213694,3.5,0.28169014084507044,8.803402451415163e-12,0.9999999999901966,1,8.630310242701115e-23,0.6891865657164288,0.5,1e-06,0.8060456325294838,Utsuroi,1e-06,0.9803921568627452,2.0
2013-11-29,0.4278240970294113,3.5,0.28169014084507044,4.6290860032930656e-11,0.9999999999527092,1,2.1891335586395973e-21,0.6891865657164288,0.5,1e-06,1.0,Utsuroi,1e-06,0.9803921568627452,2.0
2013-12-02,0.43177373633883737,3.5,0.28169014084507044,8.265832462896787e-12,0.9999999999907342,1,7.658963591349354e-23,0.6891865657164288,0.5,1e-06,1.0,Utsuroi,1e-06,0.9803921568627452,2.0
2013-12-03,0.4193780287956686,2.0,0.48780487804878053,6.51922960057115e-12,0.9999999999924808,1,4.901943996914263e-23,0.397980974569239,0.5,1e-06,0.20252455699840688,Utsuroi,1e-06,0.9803921568627452,2.0
2013-12-04,0.42908583621291646,2.0,0.48780487804878053,8.902545367513212e-12,0.9999999999900975,1,8.815766244895922e-23,0.397980974569239,0.5,1e-06,1.0,Utsuroi,1e-06,0.9803921568627452,2.0
2013-12-05,0.41276183018312623,2.0,0.48780487804878053,8.659628569727604e-12,0.9999999999903404,1,8.364860396989026e-23,0.397980974569239,0.5,1e-06,1.0,Utsuroi,1e-06,0.9803921568627452,2.0
2013-12-06,0.39367432763118065,3.0,0.3278688524590164,1.4341305920478283e-11,0.9999999999846587,1,2.2001404417254843e-22,0.5921180353341293,0.5,1e-06,0.10900710300655303,Utsuroi,1e-06,0.9803921568627452,2.0
2013-12-09,0.3818476032817933,2.0,0.48780487804878053,9.40125755016977e-12,0.9999999999895988,1,9.778469310330939e-23,0.397980974569239,0.5,1e-06,0.20812478296765147,Utsuroi,1e-06,0.9803921568627452,2.0
2013-12-10,0.3838840448794551,2.0,0.48780487804878053,0.6914808950107971,0.5288561938020367,2,0.3257869407885612,0.397980974569239,1.0,1e-06,0.14004235043896407,Utsuroi,1e-06,0.9803921568627452,2.0
2013-12-11,0.4310327662088977,4.0,0.2469135802469136,0.0,0.0,0,0.0,0.7862550960986313,0.0,1e-06,0.5807228475929762,Utsuroi,1e-06,0.9803921568627452,2.0
2013-12-12,0.44689818009329796,2.0,0.48780487804878053,2.989308800446304e-11,0.9999999999691069,1,9.234891371747583e-22,0.397980974569239,0.5,1e-06,0.6289666977238532,Utsuroi,1e-06,0.9803921568627452,2.0
2013-12-13,0.4434331095003794,2.0,0.48780487804878053,4.334477221492032e-11,0.9999999999556552,1,1.9221130917599252e-21,0.397980974569239,0.5,1e-06,1.0,Utsuroi,1e-06,0.9803921568627452,2.0
2013-12-16,0.43193950519958246,4.0,0.2469135802469136,0.0,0.0,0,0.0,0.7862550960986313,0.0,1e-06,0.17756428921573253,Utsuroi,1e-06,0.9803921568627452,2.0
2013-12-17,0.36153857037157633,4.0,0.2469135802469136,0.0,0.0,0,0.0,0.7862550960986313,0.0,1e-06,1.0,Utsuroi,1e-06,0.9803921568627452,2.0
2013-12-18,0.3460783927822235,4.0,0.2469135802469136,0.0,0.0,0,0.0,0.7862550960986313,0.0,1e-06,1.0,Utsuroi,1e-06,0.9803921568627452,2.0
2013-12-19,0.40512965971826326,3.0,0.3278688524590164,1.3803491682040056e-10,0.9999999998609651,1,1.9191670126199593e-20,0.5921180353341293,0.5,1e-06,0.7762396082090378,Utsuroi,1e-06,0.9803921568627452,2.0
2013-12-20,0.3718927314988283,4.0,0.2469135802469136,0.0,0.0,0,0.0,0.7862550960986313,0.0,1e-06,0.40412083475848304,Utsuroi,1e-06,0.9803921568627452,2.0
2013-12-23,0.3271941468612459,3.0,0.3278688524590164,0.0,0.0,0,0.0,0.5921180353341293,0.0,1e-06,0.014105160295590946,Utsuroi,1e-06,0.9803921568627452,2.0
2013-12-24,0.31822699950331035,4.0,0.2469135802469136,0.0,0.0,0,0.0,0.7862550960986313,0.0,1e-06,0.008025048812706048,Utsuroi,1e-06,0.9803921568627452,2.0
2013-12-26,0.32309706688632417,3.0,0.3278688524590164,1.31925581561324e-10,0.9999999998670744,1,1.7536281734599526e-20,0.5921180353341293,0.5,1e-06,0.7762396082090378,Utsuroi,1e-06,0.9803921568627452,2.0
2013-12-27,0.32591778910339214,3.0,0.3278688524590164,0.36834533904295513,0.8792859182434563,2,0.04446446937187311,0.5921180353341293,1.0,1e-06,0.3463275419460943,Utsuroi,1e-06,0.9803921568627452,2.0
2013-12-30,0.3327073296644746,3.0,0.3278688524590164,2.8346880398114154e-11,0.9999999999706531,1,8.318918816335406e-22,0.5921180353341293,0.5,1e-06,0.6223332046344412,Utsuroi,1e-06,0.9803921568627452,2.0
2013-12-31,0.33515431160282805,3.0,0.3278688524590164,0.5775024605387157,0.7357041422162955,2,0.1526315081802798,0.5921180353341293,1.0,1e-06,0.3285446369830335,Utsuroi,1e-06,0.9803921568627452,2.0
2014-01-02,0.3123668339195718,3.0,0.3278688524590164,3.059097419772061e-11,0.999999999968409,1,9.663979998536085e-22,0.5921180353341293,0.5,1e-06,0.741567869663994,Utsuroi,1e-06,0.9803921568627452,2.0
2014-01-03,0.27320099803400055,1.5,0.6451612903225806,5.427458482490319e-11,0.9999999999447254,1,3.0000039421762245e-21,0.3009124441866482,0.5,1e-06,0.33383908695110553,Utsuroi,1e-06,0.9803921568627452,2.0
2014-01-06,0.2776371579592374,2.5,0.3921568627450981,2.253841557803385e-11,0.9999999999764616,1,5.305180937639039e-22,0.4950495049517326,0.5,1e-06,0.1688915200383353,Utsuroi,1e-06,0.9803921568627452,2.0
2014-01-07,0.2803021985423886,3.0,0.3278688524590164,1.2373546631660907e-11,0.9999999999866265,1,1.654779291545127e-22,0.5921180353341293,0.5,1e-06,0.10338377015049927,Utsuroi,1e-06,0.9803921568627452,2.0
2014-01-08,0.31751867533483824,3.0,0.3278688524590164,1.3198075964564052e-10,0.9999999998670193,1,1.755089875781145e-20,0.5921180353341293,0.5,1e-06,1.0,Utsuroi,1e-06,0.9803921568627452,2.0
2014-01-09,0.2841970395855503,2.0,0.48780487804878053,0.0,0.0,0,0.0,0.397980974569239,0.0,1e-06,0.4333893968275033,Utsuroi,1e-06,0.9803921568627452,2.0
2014-01-10,0.3550561806949005,3.0,0.3278688524590164,6.981792921328036e-11,0.9999999999291821,1,4.944359624526258e-21,0.5921180353341293,0.5,1e-06,0.1438678715332734,Utsuroi,1e-06,0.9803921568627452,2.0
2014-01-13,0.36041728166220105,3.0,0.3278688524590164,2.6550317499716833e-11,0.9999999999724497,1,7.314690895068567e-22,0.5921180353341293,0.5,1e-06,1.0,Utsuroi,1e-06,0.9803921568627452,2.0
2014-01-14,0.2806844072589533,2.0,0.48780487804878053,6.195599588895297e-12,0.9999999999928044,1,4.458091679765208e-23,0.397980974569239,0.5,1e-06,0.20812478296765147,Utsuroi,1e-06,0.9803921568627452,2.0
2014-01-15,0.2628829534728084,2.0,0.48780487804878053,1.3385625940895152e-11,0.9999999999856144,1,1.92560311658768e-22,0.397980974569239,0.5,1e-06,1.0,Utsuroi,1e-06,0.9803921568627452,2.0
2014-01-16,0.2554878246856748,1.5,0.6451612903225806,0.2008546217677822,0.9492032344398195,2,0.010202765133616766,0.3009124441866482,1.0,1e-06,0.3618264070452343,Utsuroi,1e-06,0.9803921568627452,2.0
2014-01-17,0.2525420747212594,3.0,0.3278688524590164,0.4451445332737149,0.8769050189120664,3,0.05479505790472496,0.5921180353341293,1.5,1e-06,0.04297448658037206,Utsuroi,1e-06,0.9803921568627452,2.0
2014-01-21,0.2502657584278923,1.5,0.6451612903225806,0.9381359501392124,0.5857499773498994,3,0.38862283859404234,0.3009124441866482,1.5,1e-06,0.47729927948363404,Utsuroi,1e-06,0.9803921568627452,2.0
2014-01-22,0.2601455671627996,2.0,0.48780487804878053,0.5252812766145053,0.8494048868442253,3,0.0791047932903712,0.397980974569239,1.5,1e-06,0.8899149600116283,Utsuroi,1e-06,0.9803921568627452,2.0
2014-01-23,0.19342693138244443,2.0,0.48780487804878053,0.6366399835475618,0.7897544816981734,3,0.13385070331262347,0.397980974569239,1.5,1e-06,0.7082739119821841,Utsuroi,1e-06,0.9803921568627452,2.0
2014-01-24,0.17120852563207176,4.0,0.2469135802469136,0.0,0.0,0,0.0,0.7862550960986313,0.0,1e-06,0.5764551855958329,Utsuroi,1e-06,0.9803921568627452,2.0
2014-01-27,0.19621868720091384,4.0,0.2469135802469136,0.0,0.0,0,0.0,0.7862550960986313,0.0,1e-06,1.0,Utsuroi,1e-06,0.9803921568627452,2.0
2014-01-28,0.22540712293953205,4.0,0.2469135802469136,0.0,0.0,0,0.0,0.7862550960986313,0.0,1e-06,1.0,Utsuroi,1e-06,0.9803921568627452,2.0
2014-01-29,0.21296315294311588,3.0,0.3278688524590164,0.0,0.0,0,0.0,0.5921180353341293,0.0,1e-06,0.014105160295590946,Utsuroi,1e-06,0.9803921568627452,2.0
2014-01-30,0.20927914470697256,4.0,0.2469135802469136,0.0,0.0,0,0.0,0.7862550960986313,0.0,1e-06,0.008025048812706048,Utsuroi,1e-06,0.9803921568627452,2.0
2014-01-31,0.20497840975973436,4.0,0.2469135802469136,0.0,0.0,0,0.0,0.7862550960986313,0.0,1e-06,1.0,Utsuroi,1e-06,0.9803921568627452,2.0
2014-02-03,0.18160445250543478,4.5,0.21978021978021978,0.0,0.0,0,0.0,0.8833236264807367,0.0,1e-06,0.004200375048107441,Utsuroi,1e-06,0.9803921568627452,2.0
2014-02-04,0.1721508131610358,2.0,0.48780487804878053,0.0,0.0,0,0.0,0.397980974569239,0.0,1e-06,0.04625483007448705,Utsuroi,1e-06,0.9803921568627452,2.0
2014-02-05,0.18050731501007128,4.5,0.21978021978021978,0.0,0.0,0,0.0,0.8833236264807367,0.0,1e-06,0.009616290285344498,Utsuroi,1e-06,0.9803921568627452,2.0
2014-02-06,0.18184272860439768,4.5,0.21978021978021978,0.0,0.0,0,0.0,0.8833236264807367,0.0,1e-06,1.0,Utsuroi,1e-06,0.9803921568627452,2.0
2014-02-07,0.20148703973172918,4.5,0.21978021978021978,0.0,0.0,0,0.0,0.8833236264807367,0.0,1e-06,1.0,Utsuroi,1e-06,0.9803921568627452,2.0
2014-02-10,0.16190853724312113,4.5,0.21978021978021978,0.0,0.0,0,0.0,0.8833236264807367,0.0,1e-06,1.0,Utsuroi,1e-06,0.9803921568627452,2.0
2014-02-11,0.15041665425137715,3.0,0.3278688524590164,0.0,0.0,0,0.0,0.5921180353341293,0.0,1e-06,0.012810425666868741,Utsuroi,1e-06,0.9803921568627452,2.0
2014-02-12,0.09959624462914324,3.0,0.3278688524590164,0.0,0.0,0,0.0,0.5921180353341293,0.0,1e-06,1.0,Utsuroi,1e-06,0.9803921568627452,2.0
2014-02-13,0.1330600596245531,4.5,0.21978021978021978,0.0,0.0,0,0.0,0.8833236264807367,0.0,1e-06,0.005778214174558038,Utsuroi,1e-06,0.9803921568627452,2.0
2014-02-14,0.14197835910040565,3.5,0.28169014084507044,0.0,0.0,0,0.0,0.6891865657164288,0.0,1e-06,0.00795091777848711,Utsuroi,1e-06,0.9803921568627452,2.0
2014-02-18,0.14462518371669494,2.0,0.48780487804878053,0.0,0.0,0,0.0,0.397980974569239,0.0,1e-06,0.05461827187677015,Utsuroi,1e-06,0.9803921568627452,2.0
2014-02-19,0.17996895759357992,2.0,0.48780487804878053,0.0,0.0,0,0.0,0.397980974569239,0.0,1e-06,1.0,Utsuroi,1e-06,0.9803921568627452,2.0
2014-02-20,0.1805973106259846,2.0,0.48780487804878053,0.0,0.0,0,0.0,0.397980974569239,0.0,1e-06,1.0,Utsuroi,1e-06,0.9803921568627452,2.0
2014-02-21,0.1832553075126176,3.5,0.28169014084507044,0.0,0.0,0,0.0,0.6891865657164288,0.0,1e-06,0.018598729660739166,Utsuroi,1e-06,0.9803921568627452,2.0
2014-02-24,0.17992260715148561,4.5,0.21978021978021978,0.0,0.0,0,0.0,0.8833236264807367,0.0,1e-06,0.00484783363789254,Utsuroi,1e-06,0.9803921568627452,2.0
2014-02-25,0.19404808524190867,2.0,0.48780487804878053,0.0,0.0,0,0.0,0.397980974569239,0.0,1e-06,0.04625483007448705,Utsuroi,1e-06,0.9803921568627452,2.0
2014-02-26,0.20004661793836948,2.0,0.48780487804878053,0.0,0.0,0,0.0,0.397980974569239,0.0,1e-06,1.0,Utsuroi,1e-06,0.9803921568627452,2.0
2014-02-27,0.15753051429060558,3.5,0.28169014084507044,2.7498403550396434e-10,0.999999999724016,1,7.589119774490186e-20,0.6891865657164288,0.5,1e-06,0.07878619561770939,Utsuroi,1e-06,0.9803921568627452,2.0
2014-02-28,0.14091695281594105,2.0,0.48780487804878053,0.0,0.0,0,0.0,0.397980974569239,0.0,1e-06,0.2913264725172975,Utsuroi,1e-06,0.9803921568627452,2.0
2014-03-03,0.14491315230797752,2.0,0.48780487804878053,0.0,0.0,0,0.0,0.397980974569239,0.0,1e-06,1.0,Utsuroi,1e-06,0.9803921568627452,2.0
2014-03-04,0.12468541728541713,2.0,0.48780487804878053,0.0,0.0,0,0.0,0.397980974569239,0.0,1e-06,1.0,Utsuroi,1e-06,0.9803921568627452,2.0
2014-03-05,0.13015034261624073,2.0,0.48780487804878053,0.0,0.0,0,0.0,0.397980974569239,0.0,1e-06,1.0,Utsuroi,1e-06,0.9803921568627452,2.0
2014-03-06,0.18342283917971092,2.0,0.48780487804878053,0.0,0.0,0,0.0,0.397980974569239,0.0,1e-06,1.0,Utsuroi,1e-06,0.9803921568627452,2.0
2014-03-07,0.2548458085556809,2.0,0.48780487804878053,0.0,0.0,0,0.0,0.397980974569239,0.0,1e-06,1.0,Utsuroi,1e-06,0.9803921568627452,2.0
2014-03-10,0.23789132297029367,2.0,0.48780487804878053,5.621703102867811e-11,0.999999999942783,1,3.2165703651826024e-21,0.397980974569239,0.5,1e-06,0.4629471702071445,Utsuroi,1e-06,0.9803921568627452,2.0
2014-03-11,0.2343610858833434,2.0,0.48780487804878053,5.7584492728029734e-11,0.9999999999414155,1,3.373557021703298e-21,0.397980974569239,0.5,1e-06,1.0,Utsuroi,1e-06,0.9803921568627452,2.0
2014-03-12,0.22026834646385537,2.0,0.48780487804878053,9.442957526572995e-11,0.9999999999045704,1,9.011372171617179e-21,0.397980974569239,0.5,1e-06,1.0,Utsuroi,1e-06,0.9803921568627452,2.0
2014-03-13,0.19647181250063842,2.0,0.48780487804878053,5.293845360668911e-10,0.9999999994696155,1,2.8077735992638756e-19,0.397980974569239,0.5,1e-06,1.0,Utsuroi,1e-06,0.9803921568627452,2.0
2014-03-14,0.21227691548614078,2.0,0.48780487804878053,0.0,0.0,0,0.0,0.397980974569239,0.0,1e-06,1.0,Utsuroi,1e-06,0.9803921568627452,2.0
2014-03-17,0.18547217043575326,3.0,0.3278688524590164,4.311020428592469e-10,0.999999999567898,1,1.8628006390380223e-19,0.5921180353341293,0.5,1e-06,0.1438678715332734,Utsuroi,1e-06,0.9803921568627452,2.0
2014-03-18,0.17343655467059418,3.0,0.3278688524590164,0.0,0.0,0,0.0,0.5921180353341293,0.0,1e-06,1.0,Utsuroi,1e-06,0.9803921568627452,2.0
2014-03-19,0.25213375075014177,3.0,0.3278688524590164,0.0,0.0,0,0.0,0.5921180353341293,0.0,1e-06,1.0,Utsuroi,1e-06,0.9803921568627452,2.0
2014-03-20,0.24869823485860681,3.0,0.3278688524590164,0.0,0.0,0,0.0,0.5921180353341293,0.0,1e-06,1.0,Utsuroi,1e-06,0.9803921568627452,2.0
2014-03-21,0.21211435695377337,2.0,0.48780487804878053,0.0,0.0,0,0.0,0.397980974569239,0.0,1e-06,0.061257161326152776,Utsuroi,1e-06,0.9803921568627452,2.0
2014-03-24,0.2124000431344709,2.5,0.3921568627450981,0.0,0.0,0,0.0,0.4950495049517326,0.0,1e-06,0.046510978449113005,Utsuroi,1e-06,0.9803921568627452,2.0
2014-03-25,0.21266434263216233,3.0,0.3278688524590164,0.0,0.0,0,0.0,0.5921180353341293,0.0,1e-06,0.022048128993046312,Utsuroi,1e-06,0.9803921568627452,2.0
2014-03-26,0.20070175147626498,3.0,0.3278688524590164,0.0,0.0,0,0.0,0.5921180353341293,0.0,1e-06,1.0,Utsuroi,1e-06,0.9803921568627452,2.0
2014-03-27,0.20049982776201708,3.0,0.3278688524590164,2.015928535009825e-10,0.9999999997974072,1,4.084126698072586e-20,0.5921180353341293,0.5,1e-06,0.6007236593723491,Utsuroi,1e-06,0.9803921568627452,2.0
2014-03-28,0.20105382754338638,2.0,0.48780487804878053,1.1964029759717733e-09,0.999999998802597,1,1.4325764582812804e-18,0.397980974569239,0.5,1e-06,0.20812478296765147,Utsuroi,1e-06,0.9803921568627452,2.0
2014-03-31,0.2051158141530187,3.5,0.28169014084507044,6.027345289351072e-11,0.9999999999387266,1,3.693161243360427e-21,0.6891865657164288,0.5,1e-06,0.08106764359177565,Utsuroi,1e-06,0.9803921568627452,2.0
2014-04-01,0.19430330314477592,4.0,0.2469135802469136,0.0,0.0,0,0.0,0.7862550960986313,0.0,1e-06,0.6509131612229644,Utsuroi,1e-06,0.9803921568627452,2.0
2014-04-02,0.23207078659145847,5.0,0.19801980198019803,6.14437389836957e-11,0.9999999999375563,1,3.836775440158786e-21,0.9803921568627451,0.5,1e-06,0.21737994183042175,Katashi,1e-06,0.9803921568627452,2.0
2014-04-03,0.2535182728103074,5.0,0.19801980198019803,1.0992984300557035e-11,0.999999999988007,1,1.3183844494991353e-22,0.9803921568627451,0.5,1e-06,1.0,Katashi,1e-06,0.9803921568627452,2.0
2014-04-04,0.26018410209795667,4.0,0.2469135802469136,0.6414552749085001,0.6593657519184634,2,0.2185016352463923,0.7862550960986313,1.0,1e-06,0.6942538213570786,Utsuroi,1e-06,0.9803921568627452,2.0
2014-04-07,0.23244261328612978,4.0,0.2469135802469136,6.772249427881288e-12,0.9999999999922278,1,5.263546192771445e-23,0.7862550960986313,0.5,1e-06,0.8405735661190608,Utsuroi,1e-06,0.9803921568627452,2.0
2014-04-08,0.21523938519733185,3.0,0.3278688524590164,0.5838625252390823,0.7293921090192396,2,0.15799780657764909,0.5921180353341293,1.0,1e-06,0.6883886817470874,Utsuroi,1e-06,0.9803921568627452,2.0
2014-04-09,0.1945206791653063,4.0,0.2469135802469136,0.5330604148388554,0.7750836101002443,2,0.11989402410402152,0.7862550960986313,1.0,1e-06,0.34188321108260855,Utsuroi,1e-06,0.9803921568627452,2.0
2014-04-10,0.17285839764100638,3.0,0.3278688524590164,0.6289626118355749,0.6771992168188141,2,0.20302962369220778,0.5921180353341293,1.0,1e-06,0.7942640247233272,Utsuroi,1e-06,0.9803921568627452,2.0
2014-04-11,0.17135642135642143,2.0,0.48780487804878053,2.7086666242898328e-11,0.9999999999719134,1,7.607735552040867e-22,0.397980974569239,0.5,1e-06,0.4336639621342724,Utsuroi,1e-06,0.9803921568627452,2.0
2014-04-14,0.1828000501913546,2.0,0.48780487804878053,0.8943497769856802,0.4866222882890477,3,0.45913924197810907,0.397980974569239,1.5,1e-06,0.06956515875959979,Utsuroi,1e-06,0.9803921568627452,2.0
2014-04-15,0.16477743743054027,2.0,0.48780487804878053,0.6204570582100459,0.6882962890801172,2,0.19339876751050505,0.397980974569239,1.0,1e-06,0.2477827724743944,Utsuroi,1e-06,0.9803921568627452,2.0
2014-04-16,0.16397784160879084,2.0,0.48780487804878053,0.6360058034323337,0.6673983437065888,2,0.21153658363381592,0.397980974569239,1.0,1e-06,0.45984864293417904,Utsuroi,1e-06,0.9803921568627452,2.0
2014-04-17,0.17946340083364581,1.0,0.9523809523809523,0.6812184062524735,0.5770755033717515,2,0.28810395155822505,0.2038439138039604,1.0,1e-06,0.7089292596509259,Utsuroi,1e-06,0.9803921568627452,2.0
2014-04-21,0.10396750664434044,1.0,0.9523809523809523,0.6056758637559958,0.7060212375740181,2,0.17805584085827525,0.2038439138039604,1.0,1e-06,0.477512758035038,Utsuroi,1e-06,0.9803921568627452,2.0
2014-04-22,0.10470816553128814,2.0,0.48780487804878053,0.5940209922189394,0.7188661682261349,2,0.16699939769662375,0.397980974569239,1.0,1e-06,0.5961406267183197,Utsuroi,1e-06,0.9803921568627452,2.0
2014-04-23,0.09707522302498979,2.0,0.48780487804878053,2.0636159447684072e-11,0.9999999999783639,1,4.464867796954008e-22,0.397980974569239,0.5,1e-06,0.6707384578358855,Utsuroi,1e-06,0.9803921568627452,2.0
2014-04-24,0.10523409456151053,2.0,0.48780487804878053,0.6194506281515995,0.6895620503665779,2,0.1923009829025179,0.397980974569239,1.0,1e-06,0.2024551960103944,Utsuroi,1e-06,0.9803921568627452,2.0
2014-04-25,0.10225071959499497,1.0,0.9523809523809523,1.0727850404084394,0.41871936633327445,3,0.6235891680768014,0.2038439138039604,1.5,1e-06,0.0940207476761411,Utsuroi,1e-06,0.9803921568627452,2.0
2014-04-28,0.11251537629151678,2.0,0.48780487804878053,1.636601965045407e-11,0.999999999982634,1,2.842122568074562e-22,0.397980974569239,0.5,1e-06,0.9031979092078863,Utsuroi,1e-06,0.9803921568627452,2.0
2014-04-29,0.11396136670311086,2.0,0.48780487804878053,0.6848988021310507,0.5641314072079623,2,0.2985258770898134,0.397980974569239,1.0,1e-06,0.1520771427630414,Utsuroi,1e-06,0.9803921568627452,2.0
2014-04-30,0.1169408901816428,2.0,0.48780487804878053,0.6921777407097685,0.5220127978416351,2,0.33085210167816037,0.397980974569239,1.0,1e-06,0.2915311641552425,Utsuroi,1e-06,0.9803921568627452,2.0
2014-05-01,0.10527449462515782,2.0,0.48780487804878053,0.5796633775856679,0.733582083198526,2,0.15443270950247986,0.397980974569239,1.0,1e-06,0.5756952409116887,Utsuroi,1e-06,0.9803921568627452,2.0
2014-05-02,0.10918583051904793,2.0,0.48780487804878053,7.624900710786418e-12,0.9999999999913751,1,6.576384288449795e-23,0.397980974569239,0.5,1e-06,0.6547649964740658,Utsuroi,1e-06,0.9803921568627452,2.0
2014-05-05,0.08392562184045553,1.0,0.9523809523809523,0.9849310680275646,0.5042667812082715,3,0.4882630486412795,0.2038439138039604,1.5,1e-06,0.07326805297346795,Utsuroi,1e-06,0.9803921568627452,2.0
2014-05-06,0.08409660743474669,3.0,0.3278688524590164,0.496306991256139,0.8029347432399409,2,0.09780486466370346,0.5921180353341293,1.0,1e-06,0.9152600637874017,Utsuroi,1e-06,0.9803921568627452,2.0
2014-05-07,0.08278220288403916,1.0,0.9523809523809523,0.6136522520945382,0.6966786650734829,2,0.18613382028597897,0.2038439138039604,1.0,1e-06,0.9852396928546296,Utsuroi,1e-06,0.9803921568627452,2.0
2014-05-08,0.09260074041232379,1.0,0.9523809523809523,0.6930830761195916,0.5056614075025839,2,0.3426177123327384,0.2038439138039604,1.0,1e-06,0.23734093267973133,Utsuroi,1e-06,0.9803921568627452,2.0
2014-05-09,0.052104393901107895,1.0,0.9523809523809523,1.0168610532385045,0.4225838287602101,3,0.5871520160438374,0.2038439138039604,1.5,1e-06,0.021620273501696374,Utsuroi,1e-06,0.9803921568627452,2.0
2014-05-12,0.05286525281987923,1.0,0.9523809523809523,0.4873975686128209,0.8091884599517761,2,0.09300108068277221,0.2038439138039604,1.0,1e-06,0.48961091460498674,Utsuroi,1e-06,0.9803921568627452,2.0
2014-05-13,0.06674669391552811,3.0,0.3278688524590164,1.260818849455347,0.4457683432586837,4,0.6987857197843172,0.5921180353341293,2.0,1e-06,0.03152939118261466,Utsuroi,1e-06,0.9803921568627452,2.0
2014-05-14,0.08053077570601845,1.0,0.9523809523809523,1.0490015598520581,0.4357494874194447,3,0.5918996678443258,0.2038439138039604,1.5,1e-06,0.31778311635251055,Utsuroi,1e-06,0.9803921568627452,2.0
2014-05-15,0.08785117057156702,1.0,0.9523809523809523,0.5226270457288291,0.7833563125190246,2,0.1132238503639819,0.2038439138039604,1.0,1e-06,0.4323302075040816,Utsuroi,1e-06,0.9803921568627452,2.0
2014-05-16,0.08280214324035719,1.0,0.9523809523809523,0.5418694202599948,0.7678431182896396,2,0.1257987149017612,0.2038439138039604,1.0,1e-06,0.6026975271249184,Utsuroi,1e-06,0.9803921568627452,2.0
2014-05-19,0.08739354545108727,2.0,0.48780487804878053,0.30884064613774614,0.9072561043276737,2,0.028643084664772982,0.397980974569239,1.0,1e-06,0.6866235630211168,Utsuroi,1e-06,0.9803921568627452,2.0
2014-05-20,0.0698089640742618,2.0,0.48780487804878053,5.2862159094309626e-12,0.9999999999937138,1,3.323017761046493e-23,0.397980974569239,0.5,1e-06,0.47560190062423213,Utsuroi,1e-06,0.9803921568627452,2.0
2014-05-21,0.07352881008831934,2.0,0.48780487804878053,7.014278047247662e-12,0.9999999999919857,1,5.621421940367407e-23,0.397980974569239,0.5,1e-06,1.0,Utsuroi,1e-06,0.9803921568627452,2.0
2014-05-22,0.0669127769895946,2.0,0.48780487804878053,2.334288318165798e-11,0.9999999999756571,1,5.682325620363649e-22,0.397980974569239,0.5,1e-06,1.0,Utsuroi,1e-06,0.9803921568627452,2.0
2014-05-23,0.07170437233704746,2.0,0.48780487804878053,0.22784811843356717,0.9396796318264625,2,0.013743882391560543,0.397980974569239,1.0,1e-06,0.21421305564130289,Utsuroi,1e-06,0.9803921568627452,2.0
2014-05-27,0.08120675617390755,1.0,0.9523809523809523,0.3064163913291445,0.9083161641540872,2,0.028093430123118254,0.2038439138039604,1.0,1e-06,0.8011584069565841,Utsuroi,1e-06,0.9803921568627452,2.0
2014-05-28,0.08288814856474276,1.0,0.9523809523809523,0.493978099356899,0.8045864759850837,2,0.0965300011815221,0.2038439138039604,1.0,1e-06,0.6847319973405849,Utsuroi,1e-06,0.9803921568627452,2.0
2014-05-29,0.07942593638245812,0.5,1.8181818181818181,1.0603402035203935,0.4193377008425209,3,0.615699580465261,0.1067753834211755,1.5,1e-06,0.06406639939937164,Utsuroi,1e-06,0.9803921568627452,2.0
2014-05-30,0.08011732229123535,1.0,0.9523809523809523,1.3213075077624743e-10,0.9999999998668693,1,1.7590663129682433e-20,0.2038439138039604,0.5,1e-06,0.7196485097325684,Utsuroi,1e-06,0.9803921568627452,2.0
2014-06-02,0.10252776209297948,1.0,0.9523809523809523,5.0472959145331015e-12,0.9999999999939527,1,3.0522380308617814e-23,0.2038439138039604,0.5,1e-06,1.0,Utsuroi,1e-06,0.9803921568627452,2.0
2014-06-03,0.1259395194177803,2.0,0.48780487804878053,6.79989398119424e-12,0.9999999999922001,1,5.303830171152783e-23,0.397980974569239,0.5,1e-06,0.30550516818006357,Utsuroi,1e-06,0.9803921568627452,2.0
2014-06-04,0.1329964238659891,1.0,0.9523809523809523,1.595878984502855e-11,0.9999999999830412,1,2.706414101292194e-22,0.2038439138039604,0.5,1e-06,0.6617043306942811,Utsuroi,1e-06,0.9803921568627452,2.0
2014-06-05,0.17543321412886634,2.5,0.3921568627450981,7.453371253483296e-12,0.9999999999915467,1,6.30059494146042e-23,0.4950495049517326,0.5,1e-06,0.2041526783235802,Utsuroi,1e-06,0.9803921568627452,2.0
2014-06-06,0.17536169144864797,2.0,0.48780487804878053,2.2559842882408612e-11,0.9999999999764402,1,5.315058547050907e-22,0.397980974569239,0.5,1e-06,0.21637860169462275,Utsuroi,1e-06,0.9803921568627452,2.0
2014-06-09,0.16007967877533097,1.0,0.9523809523809523,0.6898918800240434,0.5403222436887805,2,0.31712795150678136,0.2038439138039604,1.0,1e-06,0.1721998600543022,Utsuroi,1e-06,0.9803921568627452,2.0
2014-06-10,0.2020634920634921,1.0,0.9523809523809523,0.6407039134371716,0.66049903858689,2,0.21751959459306178,0.2038439138039604,1.0,1e-06,0.4007186659965296,Utsuroi,1e-06,0.9803921568627452,2.0
2014-06-11,0.19882113056026107,1.0,0.9523809523809523,0.27871923092437256,0.9200205286023931,2,0.022291816757678835,0.2038439138039604,1.0,1e-06,0.9235070671788533,Utsuroi,1e-06,0.9803921568627452,2.0
2014-06-12,0.20068072024593764,1.0,0.9523809523809523,0.5772387577213156,0.7359615586744213,2,0.15241322186144957,0.2038439138039604,1.0,1e-06,0.5354903573062736,Utsuroi,1e-06,0.9803921568627452,2.0
2014-06-13,0.18780663780663784,2.0,0.48780487804878053,1.1466494420553872e-11,0.9999999999875335,1,1.429467350594519e-22,0.397980974569239,0.5,1e-06,0.984771016598011,Utsuroi,1e-06,0.9803921568627452,2.0
2014-06-16,0.16015120145554929,2.0,0.48780487804878053,0.48260713570898084,0.8124798328204582,2,0.0904985707701879,0.397980974569239,1.0,1e-06,0.2266104000960233,Utsuroi,1e-06,0.9803921568627452,2.0
2014-06-17,0.19085827216262,2.0,0.48780487804878053,9.495626507261922e-12,0.9999999999895044,1,9.966233921360347e-23,0.397980974569239,0.5,1e-06,0.5596762012287153,Utsuroi,1e-06,0.9803921568627452,2.0
2014-06-18,0.2769477382520861,2.0,0.48780487804878053,9.101719378128973e-12,0.9999999999898983,1,9.194281367110857e-23,0.397980974569239,0.5,1e-06,1.0,Utsuroi,1e-06,0.9803921568627452,2.0
2014-06-19,0.27971328188719496,1.5,0.6451612903225806,0.2746644802977545,0.9216728815894469,2,0.021513677271455235,0.3009124441866482,1.0,1e-06,0.3605089148967626,Utsuroi,1e-06,0.9803921568627452,2.0
2014-06-20,0.2896946703824978,1.0,0.9523809523809523,1.3368306461711249e-11,0.9999999999856317,1,1.9207962838738116e-22,0.2038439138039604,0.5,1e-06,0.2572404296350925,Utsuroi,1e-06,0.9803921568627452,2.0
2014-06-23,0.28809676488805436,2.0,0.48780487804878053,1.510092051391487e-11,0.9999999999838991,1,2.431383868251025e-22,0.397980974569239,0.5,1e-06,0.30550516818006357,Utsuroi,1e-06,0.9803921568627452,2.0
2014-06-24,0.266342074229625,1.0,0.9523809523809523,8.977485421674665e-12,0.9999999999900225,1,8.957253132107829e-23,0.2038439138039604,0.5,1e-06,0.6617043306942811,Utsuroi,1e-06,0.9803921568627452,2.0
2014-06-25,0.2784190456063457,1.0,0.9523809523809523,4.165723321756349e-11,0.9999999999573428,1,1.776981391068264e-21,0.2038439138039604,0.5,1e-06,1.0,Utsuroi,1e-06,0.9803921568627452,2.0
2014-06-26,0.25413559067581387,1.0,0.9523809523809523,2.8507751714377606e-11,0.9999999999704923,1,8.411990288948688e-22,0.2038439138039604,0.5,1e-06,1.0,Utsuroi,1e-06,0.9803921568627452,2.0
2014-06-27,0.2518502292582833,1.0,0.9523809523809523,4.2576497881913484e-11,0.9999999999564235,1,1.8553337279455302e-21,0.2038439138039604,0.5,1e-06,1.0,Utsuroi,1e-06,0.9803921568627452,2.0
2014-06-30,0.25196848084530743,1.0,0.9523809523809523,1.4513290568272454e-10,0.9999999998538671,1,2.120869000855339e-20,0.2038439138039604,0.5,1e-06,1.0,Utsuroi,1e-06,0.9803921568627452,2.0
2014-07-01,0.24108367197311772,1.5,0.6451612903225806,8.547607066544e-12,0.9999999999904524,1,8.160900454319102e-23,0.3009124441866482,0.5,1e-06,0.49162697920052933,Utsuroi,1e-06,0.9803921568627452,2.0
2014-07-02,0.24804340435354896,3.0,0.3278688524590164,8.917644400647966e-12,0.9999999999900824,1,8.84418287838565e-23,0.5921180353341293,0.5,1e-06,0.11960698785004942,Utsuroi,1e-06,0.9803921568627452,2.0
2014-07-03,0.25777343178087686,4.0,0.2469135802469136,5.6579185780730585e-12,0.9999999999933421,1,3.766983605140864e-23,0.7862550960986313,0.5,1e-06,0.057709421716189535,Utsuroi,1e-06,0.9803921568627452,2.0
2014-07-07,0.24629806414679223,2.5,0.3921568627450981,9.603429162951889e-12,0.9999999999893966,1,1.0182906840694962e-22,0.4950495049517326,0.5,1e-06,0.13421048442156436,Utsuroi,1e-06,0.9803921568627452,2.0
2014-07-08,0.19301078872920985,3.0,0.3278688524590164,1.3520962127595002e-11,0.9999999999854791,1,1.9633707987793215e-22,0.5921180353341293,0.5,1e-06,0.10338377015049927,Utsuroi,1e-06,0.9803921568627452,2.0
2014-07-09,0.19273825813054524,2.5,0.3921568627450981,0.7652041293455984,0.7256048662361043,3,0.20996828942847082,0.4950495049517326,1.5,1e-06,0.222795670773416,Utsuroi,1e-06,0.9803921568627452,2.0
2014-07-10,0.18164870072886954,2.5,0.3921568627450981,0.5070291175429671,0.7951675223652709,2,0.10385603037927625,0.4950495049517326,1.0,1e-06,0.28934938314381664,Utsuroi,1e-06,0.9803921568627452,2.0
2014-07-11,0.17877463402744675,2.5,0.3921568627450981,0.6819019579223016,0.5748431938512402,2,0.28991525853683175,0.4950495049517326,1.0,1e-06,0.3729025583300646,Utsuroi,1e-06,0.9803921568627452,2.0
2014-07-14,0.17546390462701864,3.0,0.3278688524590164,0.10187525870306051,0.9790079566401635,2,0.002138569847989208,0.5921180353341293,1.0,1e-06,0.8818508263835216,Utsuroi,1e-06,0.9803921568627452,2.0
2014-07-15,0.19459951772710124,3.0,0.3278688524590164,8.909539772568283e-12,0.9999999999900905,1,8.82892416376321e-23,0.5921180353341293,0.5,1e-06,0.6007780085286853,Utsuroi,1e-06,0.9803921568627452,2.0
2014-07-16,0.19598383488564305,3.0,0.3278688524590164,0.5365941473360177,0.7722083668008192,2,0.12223165718679335,0.5921180353341293,1.0,1e-06,0.34058889725027797,Utsuroi,1e-06,0.9803921568627452,2.0
2014-07-17,0.17164438238067478,2.0,0.48780487804878053,4.1678882567324466e-12,0.9999999999948321,1,2.1539088576536737e-23,0.397980974569239,0.5,1e-06,0.2757611439394727,Utsuroi,1e-06,0.9803921568627452,2.0
2014-07-18,0.16273496374979865,2.0,0.48780487804878053,7.862599460356586e-12,0.9999999999911374,1,6.968289580043643e-23,0.397980974569239,0.5,1e-06,1.0,Utsuroi,1e-06,0.9803921568627452,2.0
2014-07-21,0.06330060218733426,2.0,0.48780487804878053,5.596301200206771e-12,0.9999999999934037,1,3.6914764523952603e-23,0.397980974569239,0.5,1e-06,1.0,Utsuroi,1e-06,0.9803921568627452,2.0
2014-07-22,0.07085380022419244,2.0,0.48780487804878053,5.66424684931338e-12,0.9999999999933358,1,3.774781391650938e-23,0.397980974569239,0.5,1e-06,1.0,Utsuroi,1e-06,0.9803921568627452,2.0
2014-07-23,0.07207440785031154,2.0,0.48780487804878053,4.48596715328586e-12,0.999999999994514,1,2.4609769216400923e-23,0.397980974569239,0.5,1e-06,1.0,Utsuroi,1e-06,0.9803921568627452,2.0
2014-07-24,0.06397703745529834,2.0,0.48780487804878053,1.0679679363011523e-11,0.9999999999883203,1,1.2473499440759098e-22,0.397980974569239,0.5,1e-06,1.0,Utsuroi,1e-06,0.9803921568627452,2.0
2014-07-25,0.05582345191040843,2.0,0.48780487804878053,0.5757524281355846,0.7374062734444129,2,0.15118897567755102,0.397980974569239,1.0,1e-06,0.21820727909451265,Utsuroi,1e-06,0.9803921568627452,2.0
2014-07-28,0.04416525503482025,2.0,0.48780487804878053,8.460121492204372e-12,0.9999999999905399,1,8.003359000299718e-23,0.397980974569239,0.5,1e-06,0.6504761995851229,Utsuroi,1e-06,0.9803921568627452,2.0
2014-07-29,0.050197001066566285,2.0,0.48780487804878053,9.092504527024678e-12,0.9999999999899075,1,9.176594195960712e-23,0.397980974569239,0.5,1e-06,1.0,Utsuroi,1e-06,0.9803921568627452,2.0
2014-07-30,0.09272915490306796,2.0,0.48780487804878053,5.234146449576368e-12,0.9999999999937659,1,3.263031971696553e-23,0.397980974569239,0.5,1e-06,1.0,Utsuroi,1e-06,0.9803921568627452,2.0
2014-07-31,0.13757387539996235,2.0,0.48780487804878053,8.418821195688705e-12,0.9999999999905812,1,7.929518528222908e-23,0.397980974569239,0.5,1e-06,1.0,Utsuroi,1e-06,0.9803921568627452,2.0
2014-08-01,0.1373593073593074,3.0,0.3278688524590164,0.0,0.0,0,0.0,0.5921180353341293,0.0,1e-06,0.4134254875418306,Utsuroi,1e-06,0.9803921568627452,2.0
2014-08-04,0.14156583788996,3.0,0.3278688524590164,0.0,0.0,0,0.0,0.5921180353341293,0.0,1e-06,1.0,Utsuroi,1e-06,0.9803921568627452,2.0
2014-08-05,0.15489982665609936,2.0,0.48780487804878053,3.8094416509384533e-11,0.9999999999609056,1,1.4892781430149255e-21,0.397980974569239,0.5,1e-06,0.9502281263568018,Utsuroi,1e-06,0.9803921568627452,2.0
2014-08-06,0.15668967363833133,3.5,0.28169014084507044,0.0,0.0,0,0.0,0.6891865657164288,0.0,1e-06,0.2643256375305444,Utsuroi,1e-06,0.9803921568627452,2.0
2014-08-07,0.14617554298344085,4.5,0.21978021978021978,0.0,0.0,0,0.0,0.8833236264807367,0.0,1e-06,0.00484783363789254,Utsuroi,1e-06,0.9803921568627452,2.0
2014-08-08,0.14187358321773416,4.5,0.21978021978021978,0.0,0.0,0,0.0,0.8833236264807367,0.0,1e-06,1.0,Utsuroi,1e-06,0.9803921568627452,2.0
2014-08-11,0.15297847562450936,3.5,0.28169014084507044,0.0,0.0,0,0.0,0.6891865657164288,0.0,1e-06,0.00795091777848711,Utsuroi,1e-06,0.9803921568627452,2.0
2014-08-12,0.14797921635049666,3.5,0.28169014084507044,0.0,0.0,0,0.0,0.6891865657164288,0.0,1e-06,1.0,Utsuroi,1e-06,0.9803921568627452,2.0
2014-08-13,0.1834286973070524,2.0,0.48780487804878053,0.0,0.0,0,0.0,0.397980974569239,0.0,1e-06,0.05461827187677015,Utsuroi,1e-06,0.9803921568627452,2.0
2014-08-14,0.2025291089657398,4.5,0.21978021978021978,0.0,0.0,0,0.0,0.8833236264807367,0.0,1e-06,0.009616290285344498,Utsuroi,1e-06,0.9803921568627452,2.0
2014-08-15,0.2014219873620116,4.5,0.21978021978021978,0.0,0.0,0,0.0,0.8833236264807367,0.0,1e-06,1.0,Utsuroi,1e-06,0.9803921568627452,2.0
2014-08-18,0.21321099435520066,4.5,0.21978021978021978,0.0,0.0,0,0.0,0.8833236264807367,0.0,1e-06,1.0,Utsuroi,1e-06,0.9803921568627452,2.0
2014-08-19,0.2233582374849009,2.0,0.48780487804878053,0.0,0.0,0,0.0,0.397980974569239,0.0,1e-06,0.04625483007448705,Utsuroi,1e-06,0.9803921568627452,2.0
2014-08-20,0.23166905071511065,3.0,0.3278688524590164,0.0,0.0,0,0.0,0.5921180353341293,0.0,1e-06,0.02818157684374567,Utsuroi,1e-06,0.9803921568627452,2.0
2014-08-21,0.23177310987066382,3.0,0.3278688524590164,0.0,0.0,0,0.0,0.5921180353341293,0.0,1e-06,1.0,Utsuroi,1e-06,0.9803921568627452,2.0
2014-08-22,0.23048628796578366,3.5,0.28169014084507044,0.0,0.0,0,0.0,0.6891865657164288,0.0,1e-06,0.011726212709918693,Utsuroi,1e-06,0.9803921568627452,2.0
2014-08-25,0.2227068007676014,2.0,0.48780487804878053,3.046098928182617e-10,0.9999999996943901,1,9.309178997130108e-20,0.397980974569239,0.5,1e-06,0.7576600260183785,Utsuroi,1e-06,0.9803921568627452,2.0
2014-08-26,0.22943061855099392,3.0,0.3278688524590164,0.0,0.0,0,0.0,0.5921180353341293,0.0,1e-06,0.4134254875418306,Utsuroi,1e-06,0.9803921568627452,2.0
2014-08-27,0.24912995542931504,4.0,0.2469135802469136,0.0,0.0,0,0.0,0.7862550960986313,0.0,1e-06,0.008025048812706048,Utsuroi,1e-06,0.9803921568627452,2.0
2014-08-28,0.23470915729773414,5.0,0.19801980198019803,0.0,0.0,0,0.0,0.9803921568627451,0.0,1e-06,0.003100866872283947,Katashi,1e-06,0.9803921568627452,2.0
2014-08-29,0.17623168884026075,4.0,0.2469135802469136,0.0,0.0,0,0.0,0.7862550960986313,0.0,1e-06,0.004816964497210585,Utsuroi,1e-06,0.9803921568627452,2.0
2014-09-02,0.16995069382361008,5.0,0.19801980198019803,0.0,0.0,0,0.0,0.9803921568627451,0.0,1e-06,0.003100866872283947,Katashi,1e-06,0.9803921568627452,2.0
2014-09-03,0.1872544417085193,3.0,0.3278688524590164,1.0270617689118393e-10,0.9999999998962938,1,1.0651262677009299e-20,0.5921180353341293,0.5,1e-06,0.4673000840094379,Utsuroi,1e-06,0.9803921568627452,2.0
2014-09-04,0.2384049320891171,3.0,0.3278688524590164,2.6671220787095175e-11,0.9999999999723288,1,7.380246490579891e-22,0.5921180353341293,0.5,1e-06,1.0,Utsuroi,1e-06,0.9803921568627452,2.0
2014-09-05,0.21945625730463697,2.0,0.48780487804878053,0.555976369242355,0.755708501445403,2,0.13582030040315884,0.397980974569239,1.0,1e-06,0.5591086781082678,Utsuroi,1e-06,0.9803921568627452,2.0
2014-09-08,0.2650989403337548,3.0,0.3278688524590164,0.6872333136572559,0.5543240266258717,2,0.3062833759993252,0.5921180353341293,1.0,1e-06,0.17982814117570323,Utsuroi,1e-06,0.9803921568627452,2.0
2014-09-09,0.34728532563961195,1.0,0.9523809523809523,0.3554188458291195,0.8856967288207154,2,0.0406255367170342,0.2038439138039604,1.0,1e-06,0.7331675718531279,Utsuroi,1e-06,0.9803921568627452,2.0
2014-09-10,0.35821066253504497,2.0,0.48780487804878053,1.923505799063646e-11,0.999999999979765,1,3.8922208838514294e-22,0.397980974569239,0.5,1e-06,0.9799619196596387,Utsuroi,1e-06,0.9803921568627452,2.0
2014-09-11,0.3558998503898869,1.0,0.9523809523809523,0.5754980175089683,0.7376525169430952,2,0.15098045639771637,0.2038439138039604,1.0,1e-06,0.32395892064791554,Utsuroi,1e-06,0.9803921568627452,2.0
2014-09-12,0.40501656992549323,1.0,0.9523809523809523,1.9439561071768256e-11,0.9999999999795605,1,3.9733566570229765e-22,0.2038439138039604,0.5,1e-06,0.5424899044585727,Utsuroi,1e-06,0.9803921568627452,2.0
2014-09-15,0.3584181897422508,1.0,0.9523809523809523,0.0,0.0,0,0.0,0.2038439138039604,0.0,1e-06,1.0,Utsuroi,1e-06,0.9803921568627452,2.0
2014-09-16,0.3455626521771792,4.0,0.2469135802469136,2.5269342173938798e-11,0.9999999999737307,1,6.638084370849318e-22,0.7862550960986313,0.5,1e-06,0.03397522543720233,Utsuroi,1e-06,0.9803921568627452,2.0
2014-09-17,0.3406424298486016,2.0,0.48780487804878053,0.5505619972432766,0.7604488483849545,2,0.1318877604751064,0.397980974569239,1.0,1e-06,0.861778692839102,Utsuroi,1e-06,0.9803921568627452,2.0
2014-09-18,0.34464840221964094,1.0,0.9523809523809523,0.4553813941081909,0.8303181454240801,2,0.07726995949164571,0.2038439138039604,1.0,1e-06,0.6973256172608387,Utsuroi,1e-06,0.9803921568627452,2.0
2014-09-19,0.34500424830848836,1.0,0.9523809523809523,0.3249255459976889,0.9000716353114692,2,0.03246927845707706,0.2038439138039604,1.0,1e-06,0.8889475530801617,Utsuroi,1e-06,0.9803921568627452,2.0
2014-09-22,0.3283848696033758,2.0,0.48780487804878053,0.6036025400918907,0.7083724492759045,2,0.17602713037784076,0.397980974569239,1.0,1e-06,0.3548792690091621,Utsuroi,1e-06,0.9803921568627452,2.0
2014-09-23,0.31109763876288676,4.0,0.2469135802469136,0.6772356819128873,0.5889576471137485,2,0.2783725481519982,0.7862550960986313,1.0,1e-06,0.1351823688283006,Utsuroi,1e-06,0.9803921568627452,2.0
2014-09-24,0.30406353776872896,4.0,0.2469135802469136,0.8551422570940674,0.6745924348908372,3,0.27826975970293416,0.7862550960986313,1.5,1e-06,0.3727554367160276,Utsuroi,1e-06,0.9803921568627452,2.0
2014-09-25,0.2738204415662485,4.0,0.2469135802469136,7.639955334737545e-11,0.9999999999226005,1,5.913289615165111e-21,0.7862550960986313,0.5,1e-06,0.7869950272067894,Utsuroi,1e-06,0.9803921568627452,2.0
2014-09-26,0.2730799861271062,4.0,0.2469135802469136,5.870848251809376e-11,0.9999999999402915,1,3.505393103467417e-21,0.7862550960986313,0.5,1e-06,1.0,Utsuroi,1e-06,0.9803921568627452,2.0
2014-09-29,0.23311906489705614,2.0,0.48780487804878053,0.5233939209485412,0.7827588597262891,2,0.11370269219918959,0.397980974569239,1.0,1e-06,0.9038695149465085,Utsuroi,1e-06,0.9803921568627452,2.0
2014-09-30,0.23162832866063615,2.0,0.48780487804878053,0.6670215256004265,0.6137922080597696,2,0.2576089105787446,0.397980974569239,1.0,1e-06,0.384169624886063,Utsuroi,1e-06,0.9803921568627452,2.0
2014-10-01,0.22026841915401107,4.0,0.2469135802469136,6.079015068913948e-11,0.9999999999382099,1,3.7562312268307436e-21,0.7862550960986313,0.5,1e-06,0.5904395288316742,Utsuroi,1e-06,0.9803921568627452,2.0
2014-10-02,0.21286435990504968,4.0,0.2469135802469136,0.0,0.0,0,0.0,0.7862550960986313,0.0,1e-06,1.0,Utsuroi,1e-06,0.9803921568627452,2.0
2014-10-03,0.21874695770081437,5.0,0.19801980198019803,0.0,0.0,0,0.0,0.9803921568627451,0.0,1e-06,0.003100866872283947,Katashi,1e-06,0.9803921568627452,2.0
2014-10-06,0.22432808357548548,5.0,0.19801980198019803,0.0,0.0,0,0.0,0.9803921568627451,0.0,1e-06,1.0,Katashi,1e-06,0.9803921568627452,2.0
2014-10-07,0.20487247353045557,5.0,0.19801980198019803,0.0,0.0,0,0.0,0.9803921568627451,0.0,1e-06,1.0,Katashi,1e-06,0.9803921568627452,2.0
2014-10-08,0.25601482611949533,5.0,0.19801980198019803,0.6461113204604729,0.65214079573635,2,0.22475576980111628,0.9803921568627451,1.0,1e-06,0.42706080502703203,Katashi,1e-06,0.9803921568627452,2.0
2014-10-09,0.25004106285085687,5.0,0.19801980198019803,1.9686918761649652e-11,0.9999999999793131,1,4.0726125358513848e-22,0.9803921568627451,0.5,1e-06,0.8724597819249091,Katashi,1e-06,0.9803921568627452,2.0
2014-10-10,0.2299096555618295,4.0,0.2469135802469136,0.5203149748402952,0.7851477515000306,2,0.11179084227264244,0.7862550960986313,1.0,1e-06,0.9163712120178401,Utsuroi,1e-06,0.9803921568627452,2.0
2014-10-13,0.22089779785431962,2.0,0.48780487804878053,1.2469802967894616e-11,0.9999999999865302,1,1.6796551317364176e-22,0.397980974569239,0.5,1e-06,0.12914731337313745,Utsuroi,1e-06,0.9803921568627452,2.0
2014-10-14,0.20544889892715978,2.0,0.48780487804878053,1.5192291868840044e-11,0.9999999999838077,1,2.4599768801921873e-22,0.397980974569239,0.5,1e-06,1.0,Utsuroi,1e-06,0.9803921568627452,2.0
2014-10-15,0.19410063366585104,3.5,0.28169014084507044,0.31525516761052325,0.904422706944211,2,0.03013123554206286,0.6891865657164288,1.0,1e-06,0.017589419741722234,Utsuroi,1e-06,0.9803921568627452,2.0
2014-10-16,0.17941464332768678,2.0,0.48780487804878053,0.32605949731578787,0.899555064912819,2,0.03275102504244318,0.397980974569239,1.0,1e-06,0.42080941030861496,Utsuroi,1e-06,0.9803921568627452,2.0
2014-10-17,0.15895915678524375,2.0,0.48780487804878053,2.806754828512662e-11,0.9999999999709325,1,8.158541941324367e-22,0.397980974569239,0.5,1e-06,0.47931578509835426,Utsuroi,1e-06,0.9803921568627452,2.0
2014-10-20,0.1814172783738001,2.0,0.48780487804878053,0.0,0.0,0,0.0,0.397980974569239,0.0,1e-06,1.0,Utsuroi,1e-06,0.9803921568627452,2.0
2014-10-21,0.1585538615973399,3.0,0.3278688524590164,9.279732537508047e-11,0.9999999999062027,1,8.70413886971534e-21,0.5921180353341293,0.5,1e-06,0.1438678715332734,Utsuroi,1e-06,0.9803921568627452,2.0
2014-10-22,0.1645379258422737,4.0,0.2469135802469136,5.5312088241357516e-11,0.9999999999436879,1,3.114737970350213e-21,0.7862550960986313,0.5,1e-06,0.057709421716189535,Utsuroi,1e-06,0.9803921568627452,2.0
2014-10-23,0.16692201518288477,4.0,0.2469135802469136,0.0,0.0,0,0.0,0.7862550960986313,0.0,1e-06,1.0,Utsuroi,1e-06,0.9803921568627452,2.0
2014-10-24,0.17400276052449964,3.0,0.3278688524590164,0.0,0.0,0,0.0,0.5921180353341293,0.0,1e-06,0.014105160295590946,Utsuroi,1e-06,0.9803921568627452,2.0
2014-10-27,0.18812525934424845,2.0,0.48780487804878053,0.0,0.0,0,0.0,0.397980974569239,0.0,1e-06,0.061257161326152776,Utsuroi,1e-06,0.9803921568627452,2.0
2014-10-28,0.1783495435869219,4.0,0.2469135802469136,0.0,0.0,0,0.0,0.7862550960986313,0.0,1e-06,0.013062956978802664,Utsuroi,1e-06,0.9803921568627452,2.0
2014-10-29,0.21486443403584468,4.0,0.2469135802469136,0.0,0.0,0,0.0,0.7862550960986313,0.0,1e-06,1.0,Utsuroi,1e-06,0.9803921568627452,2.0
2014-10-30,0.22262563806982544,4.5,0.21978021978021978,0.0,0.0,0,0.0,0.8833236264807367,0.0,1e-06,0.004200375048107441,Utsuroi,1e-06,0.9803921568627452,2.0
2014-10-31,0.23280543693741187,2.0,0.48780487804878053,7.596667739010751e-11,0.9999999999230333,1,5.8469010707941744e-21,0.397980974569239,0.5,1e-06,0.5415131936394643,Utsuroi,1e-06,0.9803921568627452,2.0
2014-11-03,0.21956181728343502,4.0,0.2469135802469136,4.732565449513457e-10,0.9999999995257435,1,2.2444500346820966e-19,0.7862550960986313,0.5,1e-06,0.06249499961156901,Utsuroi,1e-06,0.9803921568627452,2.0
2014-11-04,0.22258046124347755,4.5,0.21978021978021978,3.818934057798627e-11,0.9999999999608107,1,1.4966142295748176e-21,0.8833236264807367,0.5,1e-06,0.04437539572547333,Utsuroi,1e-06,0.9803921568627452,2.0
2014-11-05,0.21756182187307974,4.5,0.21978021978021978,0.0,0.0,0,0.0,0.8833236264807367,0.0,1e-06,1.0,Utsuroi,1e-06,0.9803921568627452,2.0
2014-11-06,0.26435277035391713,2.0,0.48780487804878053,2.7325475215488462e-11,0.9999999999716745,1,7.740064664921961e-22,0.397980974569239,0.5,1e-06,0.5415131936394643,Utsuroi,1e-06,0.9803921568627452,2.0
2014-11-07,0.22734959611928549,3.0,0.3278688524590164,1.1849854430952087e-11,0.9999999999871502,1,1.5226864232751608e-22,0.5921180353341293,0.5,1e-06,0.10900710300655303,Utsuroi,1e-06,0.9803921568627452,2.0
2014-11-10,0.200323106844846,2.0,0.48780487804878053,4.409916876011938e-11,0.9999999999549009,1,1.9888348785889647e-21,0.397980974569239,0.5,1e-06,0.20812478296765147,Utsuroi,1e-06,0.9803921568627452,2.0
2014-11-11,0.22270970575318402,2.0,0.48780487804878053,4.203393188980267e-11,0.9999999999569661,1,1.8088844321823965e-21,0.397980974569239,0.5,1e-06,1.0,Utsuroi,1e-06,0.9803921568627452,2.0
2014-11-12,0.24814793901750423,4.0,0.2469135802469136,8.946088314178433e-11,0.9999999999095391,1,8.09270851698715e-21,0.7862550960986313,0.5,1e-06,0.06249499961156901,Utsuroi,1e-06,0.9803921568627452,2.0
2014-11-13,0.19195495325930112,4.0,0.2469135802469136,2.7793989331866895e-11,0.999999999971206,1,8.002992174724526e-22,0.7862550960986313,0.5,1e-06,1.0,Utsuroi,1e-06,0.9803921568627452,2.0
2014-11-14,0.1952211556559383,4.0,0.2469135802469136,1.0962086600498755,0.3655912245771702,3,0.6954443936301427,0.7862550960986313,1.5,1e-06,0.11405635493917543,Utsuroi,1e-06,0.9803921568627452,2.0
2014-11-17,0.18387289039462956,3.0,0.3278688524590164,2.4497714964683176e-10,0.9999999997540229,1,6.025877558682811e-20,0.5921180353341293,0.5,1e-06,0.7441528419856143,Utsuroi,1e-06,0.9803921568627452,2.0
2014-11-18,0.20051383399209485,3.0,0.3278688524590164,0.6875180026548627,0.5530028650364879,2,0.30731857742255997,0.5921180353341293,1.0,1e-06,0.23251745553423142,Utsuroi,1e-06,0.9803921568627452,2.0
2014-11-19,0.14391555304598785,4.0,0.2469135802469136,8.785638883021333e-12,0.9999999999902144,1,8.597289511284948e-23,0.7862550960986313,0.5,1e-06,0.8524803299953931,Utsuroi,1e-06,0.9803921568627452,2.0
2014-11-20,0.16022272413576763,4.0,0.2469135802469136,0.0,0.0,0,0.0,0.7862550960986313,0.0,1e-06,1.0,Utsuroi,1e-06,0.9803921568627452,2.0
2014-11-21,0.21188594014680973,3.0,0.3278688524590164,0.0,0.0,0,0.0,0.5921180353341293,0.0,1e-06,0.014105160295590946,Utsuroi,1e-06,0.9803921568627452,2.0
2014-11-24,0.22416400025095673,2.0,0.48780487804878053,2.4934276865115672e-11,0.9999999999740657,1,6.466518880706369e-22,0.397980974569239,0.5,1e-06,0.9502281263568018,Utsuroi,1e-06,0.9803921568627452,2.0
2014-11-25,0.20764226112052198,2.0,0.48780487804878053,1.242016489577012e-10,0.9999999998747984,1,1.555024850618902e-20,0.397980974569239,0.5,1e-06,1.0,Utsuroi,1e-06,0.9803921568627452,2.0
2014-11-26,0.23892151326933941,3.0,0.3278688524590164,0.0,0.0,0,0.0,0.5921180353341293,0.0,1e-06,0.4134254875418306,Utsuroi,1e-06,0.9803921568627452,2.0
2014-11-28,0.23024342806951503,1.0,0.9523809523809523,1.0497380742370186e-11,0.9999999999885026,1,1.2069215097322438e-22,0.2038439138039604,0.5,1e-06,0.9666177496093179,Utsuroi,1e-06,0.9803921568627452,2.0
2014-12-01,0.24957839262187093,2.0,0.48780487804878053,1.5671908215470235e-11,0.9999999999833281,1,2.6128026864219654e-22,0.397980974569239,0.5,1e-06,0.30550516818006357,Utsuroi,1e-06,0.9803921568627452,2.0
2014-12-02,0.2065455800238409,2.5,0.3921568627450981,1.4112599977408982e-11,0.9999999999848874,1,2.132777659063906e-22,0.4950495049517326,0.5,1e-06,0.15349758830056315,Utsuroi,1e-06,0.9803921568627452,2.0
2014-12-03,0.20938264633916812,2.0,0.48780487804878053,1.263962268102006e-10,0.9999999998726038,1,1.6102399583589543e-20,0.397980974569239,0.5,1e-06,0.21637860169462275,Utsuroi,1e-06,0.9803921568627452,2.0
2014-12-04,0.2249984315201707,2.0,0.48780487804878053,6.474720759325613e-11,0.9999999999342528,1,4.2569466665377635e-21,0.397980974569239,0.5,1e-06,1.0,Utsuroi,1e-06,0.9803921568627452,2.0
2014-12-05,0.2458830541439237,2.0,0.48780487804878053,0.6802974844680406,0.5799830070788025,2,0.2857365037181215,0.397980974569239,1.0,1e-06,0.1579791766107187,Utsuroi,1e-06,0.9803921568627452,2.0
2014-12-08,0.2201587301587302,1.0,0.9523809523809523,0.6304700535646721,0.7791629199018912,3,0.13923116571852043,0.2038439138039604,1.5,1e-06,0.7565978983072869,Utsuroi,1e-06,0.9803921568627452,2.0
2014-12-09,0.2081667607754565,2.0,0.48780487804878053,0.5516383283353399,0.7595150041749523,2,0.13266074108666048,0.397980974569239,1.0,1e-06,0.7162801009682236,Utsuroi,1e-06,0.9803921568627452,2.0
2014-12-10,0.165253152644457,1.0,0.9523809523809523,0.5869767579409813,0.7262257553907345,2,0.1606991185084878,0.2038439138039604,1.0,1e-06,0.9430301498903215,Utsuroi,1e-06,0.9803921568627452,2.0
2014-12-11,0.17776962168266522,2.0,0.48780487804878053,0.23695234570658286,0.9363285558736021,2,0.015087098040275613,0.397980974569239,1.0,1e-06,0.7396336469902873,Utsuroi,1e-06,0.9803921568627452,2.0
2014-12-12,0.15605056778969822,1.0,0.9523809523809523,6.237232952143377e-11,0.9999999999366277,1,3.952678439793749e-21,0.2038439138039604,0.5,1e-06,0.2444931759625183,Utsuroi,1e-06,0.9803921568627452,2.0
2014-12-15,0.18630466152205286,4.0,0.2469135802469136,0.0,0.0,0,0.0,0.7862550960986313,0.0,1e-06,0.11434030943307771,Utsuroi,1e-06,0.9803921568627452,2.0
2014-12-16,0.17266767049375747,4.0,0.2469135802469136,0.0,0.0,0,0.0,0.7862550960986313,0.0,1e-06,1.0,Utsuroi,1e-06,0.9803921568627452,2.0
2014-12-17,0.1651101072840203,4.0,0.2469135802469136,0.0,0.0,0,0.0,0.7862550960986313,0.0,1e-06,1.0,Utsuroi,1e-06,0.9803921568627452,2.0
2014-12-18,0.15123470732166386,4.0,0.2469135802469136,0.0,0.0,0,0.0,0.7862550960986313,0.0,1e-06,1.0,Utsuroi,1e-06,0.9803921568627452,2.0
2014-12-19,0.14784930045799613,4.0,0.2469135802469136,0.0,0.0,0,0.0,0.7862550960986313,0.0,1e-06,1.0,Utsuroi,1e-06,0.9803921568627452,2.0
2014-12-22,0.14272350837568232,3.0,0.3278688524590164,0.0,0.0,0,0.0,0.5921180353341293,0.0,1e-06,0.014105160295590946,Utsuroi,1e-06,0.9803921568627452,2.0
2014-12-23,0.15996047430830043,4.0,0.2469135802469136,0.0,0.0,0,0.0,0.7862550960986313,0.0,1e-06,0.008025048812706048,Utsuroi,1e-06,0.9803921568627452,2.0
2014-12-24,0.13492753623188405,4.0,0.2469135802469136,0.0,0.0,0,0.0,0.7862550960986313,0.0,1e-06,1.0,Utsuroi,1e-06,0.9803921568627452,2.0
2014-12-26,0.1340692640692641,4.5,0.21978021978021978,0.0,0.0,0,0.0,0.8833236264807367,0.0,1e-06,0.004200375048107441,Utsuroi,1e-06,0.9803921568627452,2.0
2014-12-29,0.13993412384716733,4.0,0.2469135802469136,0.0,0.0,0,0.0,0.7862550960986313,0.0,1e-06,0.005298588138547111,Utsuroi,1e-06,0.9803921568627452,2.0
2014-12-30,0.12462827028044422,2.0,0.48780487804878053,0.0,0.0,0,0.0,0.397980974569239,0.0,1e-06,0.049842933460131245,Utsuroi,1e-06,0.9803921568627452,2.0
2014-12-31,0.14510759771629342,4.0,0.2469135802469136,0.0,0.0,0,0.0,0.7862550960986313,0.0,1e-06,0.013062956978802664,Utsuroi,1e-06,0.9803921568627452,2.0
2015-01-02,0.12946797164188473,4.5,0.21978021978021978,0.0,0.0,0,0.0,0.8833236264807367,0.0,1e-06,0.004200375048107441,Utsuroi,1e-06,0.9803921568627452,2.0
2015-01-05,0.12276868059476762,4.0,0.2469135802469136,0.0,0.0,0,0.0,0.7862550960986313,0.0,1e-06,0.005298588138547111,Utsuroi,1e-06,0.9803921568627452,2.0
2015-01-06,0.1226256352343309,4.0,0.2469135802469136,0.0,0.0,0,0.0,0.7862550960986313,0.0,1e-06,1.0,Utsuroi,1e-06,0.9803921568627452,2.0
2015-01-07,0.12925340360122967,4.0,0.2469135802469136,0.0,0.0,0,0.0,0.7862550960986313,0.0,1e-06,1.0,Utsuroi,1e-06,0.9803921568627452,2.0
2015-01-08,0.10364828408306671,4.5,0.21978021978021978,0.0,0.0,0,0.0,0.8833236264807367,0.0,1e-06,0.004200375048107441,Utsuroi,1e-06,0.9803921568627452,2.0
2015-01-09,0.11099127925214881,4.5,0.21978021978021978,0.0,0.0,0,0.0,0.8833236264807367,0.0,1e-06,1.0,Utsuroi,1e-06,0.9803921568627452,2.0
2015-01-12,0.10710521362695277,4.5,0.21978021978021978,0.0,0.0,0,0.0,0.8833236264807367,0.0,1e-06,1.0,Utsuroi,1e-06,0.9803921568627452,2.0
2015-01-13,0.09709829743066464,4.5,0.21978021978021978,0.0,0.0,0,0.0,0.8833236264807367,0.0,1e-06,1.0,Utsuroi,1e-06,0.9803921568627452,2.0
2015-01-14,0.09242431738177578,4.5,0.21978021978021978,0.0,0.0,0,0.0,0.8833236264807367,0.0,1e-06,1.0,Utsuroi,1e-06,0.9803921568627452,2.0
2015-01-15,0.09991917745935833,4.0,0.2469135802469136,0.0,0.0,0,0.0,0.7862550960986313,0.0,1e-06,0.005298588138547111,Utsuroi,1e-06,0.9803921568627452,2.0
2015-01-16,0.06620838313111706,4.0,0.2469135802469136,0.0,0.0,0,0.0,0.7862550960986313,0.0,1e-06,1.0,Utsuroi,1e-06,0.9803921568627452,2.0
2015-01-20,0.06182111330945289,4.5,0.21978021978021978,0.0,0.0,0,0.0,0.8833236264807367,0.0,1e-06,0.004200375048107441,Utsuroi,1e-06,0.9803921568627452,2.0
2015-01-21,0.0622062808310772,4.0,0.2469135802469136,0.0,0.0,0,0.0,0.7862550960986313,0.0,1e-06,0.005298588138547111,Utsuroi,1e-06,0.9803921568627452,2.0
2015-01-22,0.05740302777641831,4.0,0.2469135802469136,4.7231663023953075e-11,0.9999999999517684,1,2.2780606102414925e-21,0.7862550960986313,0.5,1e-06,0.6874876052933079,Utsuroi,1e-06,0.9803921568627452,2.0
2015-01-23,0.05975021622473884,3.0,0.3278688524590164,0.6399934859945173,0.6615627249270387,2,0.21659765146442986,0.5921180353341293,1.0,1e-06,0.5735598266623796,Utsuroi,1e-06,0.9803921568627452,2.0
2015-01-26,0.06282291894450727,2.0,0.48780487804878053,0.578328248733173,0.7348958786819866,2,0.15331720221379333,0.397980974569239,1.0,1e-06,0.3295943855002845,Utsuroi,1e-06,0.9803921568627452,2.0
2015-01-27,0.032274159291682966,2.0,0.48780487804878053,0.0,0.0,0,0.0,0.397980974569239,0.0,1e-06,1.0,Utsuroi,1e-06,0.9803921568627452,2.0
2015-01-28,0.027361303774203698,4.0,0.2469135802469136,0.0,0.0,0,0.0,0.7862550960986313,0.0,1e-06,0.013062956978802664,Utsuroi,1e-06,0.9803921568627452,2.0
2015-01-29,0.022880010489690565,4.0,0.2469135802469136,0.0,0.0,0,0.0,0.7862550960986313,0.0,1e-06,1.0,Utsuroi,1e-06,0.9803921568627452,2.0
2015-01-30,0.011898000604518195,4.0,0.2469135802469136,1.7392665084405815e-10,0.9999999998250734,1,3.0424402679779217e-20,0.7862550960986313,0.5,1e-06,0.6874876052933079,Utsuroi,1e-06,0.9803921568627452,2.0
2015-02-02,0.010418456256513556,4.0,0.2469135802469136,6.191747114827357e-11,0.9999999999370826,1,3.8956893349471184e-21,0.7862550960986313,0.5,1e-06,1.0,Utsuroi,1e-06,0.9803921568627452,2.0
2015-02-03,-0.023325755875159063,4.5,0.21978021978021978,0.0,0.0,0,0.0,0.8833236264807367,0.0,1e-06,0.6502336459831001,Utsuroi,1e-06,0.9803921568627452,2.0
2015-02-04,-0.011562918190097027,4.0,0.2469135802469136,0.0,0.0,0,0.0,0.7862550960986313,0.0,1e-06,0.005298588138547111,Utsuroi,1e-06,0.9803921568627452,2.0
2015-02-05,-0.017524059984430115,4.0,0.2469135802469136,0.0,0.0,0,0.0,0.7862550960986313,0.0,1e-06,1.0,Utsuroi,1e-06,0.9803921568627452,2.0
2015-02-06,0.053868582823165964,4.0,0.2469135802469136,0.0,0.0,0,0.0,0.7862550960986313,0.0,1e-06,1.0,Utsuroi,1e-06,0.9803921568627452,2.0
2015-02-09,0.031146460628323238,4.0,0.2469135802469136,0.0,0.0,0,0.0,0.7862550960986313,0.0,1e-06,1.0,Utsuroi,1e-06,0.9803921568627452,2.0
2015-02-10,0.02628203625030238,5.0,0.19801980198019803,0.0,0.0,0,0.0,0.9803921568627451,0.0,1e-06,0.003100866872283947,Katashi,1e-06,0.9803921568627452,2.0
2015-02-11,0.030882217606508045,5.0,0.19801980198019803,0.0,0.0,0,0.0,0.9803921568627451,0.0,1e-06,1.0,Katashi,1e-06,0.9803921568627452,2.0
2015-02-12,0.04673582588404381,5.0,0.19801980198019803,0.0,0.0,0,0.0,0.9803921568627451,0.0,1e-06,1.0,Katashi,1e-06,0.9803921568627452,2.0
2015-02-13,0.05052252302930431,5.0,0.19801980198019803,0.0,0.0,0,0.0,0.9803921568627451,0.0,1e-06,1.0,Katashi,1e-06,0.9803921568627452,2.0
2015-02-17,0.0780002805854324,5.0,0.19801980198019803,0.0,0.0,0,0.0,0.9803921568627451,0.0,1e-06,1.0,Katashi,1e-06,0.9803921568627452,2.0
2015-02-18,0.09681191042414505,5.0,0.19801980198019803,0.0,0.0,0,0.0,0.9803921568627451,0.0,1e-06,1.0,Katashi,1e-06,0.9803921568627452,2.0
2015-02-19,0.12876135395785626,5.0,0.19801980198019803,0.0,0.0,0,0.0,0.9803921568627451,0.0,1e-06,1.0,Katashi,1e-06,0.9803921568627452,2.0
2015-02-20,0.14449604732024313,4.0,0.2469135802469136,2.034850066200988e-11,0.9999999999786515,1,4.3440952971461665e-22,0.7862550960986313,0.5,1e-06,0.6827333633181544,Utsuroi,1e-06,0.9803921568627452,2.0
2015-02-23,0.14782545956459,4.0,0.2469135802469136,2.6775581751407048e-11,0.9999999999722244,1,7.437067675660786e-22,0.7862550960986313,0.5,1e-06,1.0,Utsuroi,1e-06,0.9803921568627452,2.0
2015-02-24,0.17309680657506743,4.0,0.2469135802469136,0.0,0.0,0,0.0,0.7862550960986313,0.0,1e-06,1.0,Utsuroi,1e-06,0.9803921568627452,2.0
2015-02-25,0.18185686862478978,4.0,0.2469135802469136,0.0,0.0,0,0.0,0.7862550960986313,0.0,1e-06,1.0,Utsuroi,1e-06,0.9803921568627452,2.0
2015-02-26,0.21642887103705558,4.0,0.2469135802469136,4.5049297624550285e-11,0.9999999999539507,1,2.07448751756965e-21,0.7862550960986313,0.5,1e-06,0.6874876052933079,Utsuroi,1e-06,0.9803921568627452,2.0
2015-02-27,0.23026931434418316,4.0,0.2469135802469136,0.0,0.0,0,0.0,0.7862550960986313,0.0,1e-06,1.0,Utsuroi,1e-06,0.9803921568627452,2.0
2015-03-02,0.2651032366294463,4.5,0.21978021978021978,1.5107437522042262e-10,0.9999999998479256,1,2.2974537883183263e-20,0.8833236264807367,0.5,1e-06,0.4010817281545668,Utsuroi,1e-06,0.9803921568627452,2.0
2015-03-03,0.26411454996526734,4.5,0.21978021978021978,0.0,0.0,0,0.0,0.8833236264807367,0.0,1e-06,1.0,Utsuroi,1e-06,0.9803921568627452,2.0
2015-03-04,0.29693299086506936,4.0,0.2469135802469136,0.0,0.0,0,0.0,0.7862550960986313,0.0,1e-06,0.005298588138547111,Utsuroi,1e-06,0.9803921568627452,2.0
2015-03-05,0.30451628042232554,4.0,0.2469135802469136,0.0,0.0,0,0.0,0.7862550960986313,0.0,1e-06,1.0,Utsuroi,1e-06,0.9803921568627452,2.0
2015-03-06,0.4129275834396593,2.0,0.48780487804878053,3.365582256761134e-10,0.9999999996624418,1,1.1360799006985743e-19,0.397980974569239,0.5,1e-06,0.6289666977238532,Utsuroi,1e-06,0.9803921568627452,2.0
2015-03-09,0.42232238360366303,2.0,0.48780487804878053,1.409772298887923e-11,0.9999999999849023,1,2.128432045957705e-22,0.397980974569239,0.5,1e-06,1.0,Utsuroi,1e-06,0.9803921568627452,2.0
2015-03-10,0.4132815335271808,2.0,0.48780487804878053,5.282552173449723e-12,0.9999999999937175,1,3.318779277962901e-23,0.397980974569239,0.5,1e-06,1.0,Utsuroi,1e-06,0.9803921568627452,2.0
2015-03-11,0.37724954880690664,2.0,0.48780487804878053,6.8998140534097194e-12,0.9999999999921002,1,5.450709538949645e-23,0.397980974569239,0.5,1e-06,1.0,Utsuroi,1e-06,0.9803921568627452,2.0
2015-03-12,0.3767856125763232,2.0,0.48780487804878053,0.3483615601776094,0.8891150441167005,2,0.0386280562317316,0.397980974569239,1.0,1e-06,0.21818172373585742,Utsuroi,1e-06,0.9803921568627452,2.0
2015-03-13,0.4208810818196283,3.5,0.28169014084507044,0.3870307780064755,0.8696609186565734,2,0.05044523605699571,0.6891865657164288,1.0,1e-06,0.21334123913876557,Utsuroi,1e-06,0.9803921568627452,2.0
2015-03-16,0.4157754544973488,3.5,0.28169014084507044,0.5056458515591703,0.796185012975831,2,0.10305820267435718,0.6891865657164288,1.0,1e-06,0.7679727807764192,Utsuroi,1e-06,0.9803921568627452,2.0
2015-03-17,0.3990666963867719,2.0,0.48780487804878053,0.14922027133206067,0.9657494721938102,2,0.005110873052505924,0.397980974569239,1.0,1e-06,0.5057525342209293,Utsuroi,1e-06,0.9803921568627452,2.0
2015-03-18,0.4911217001939348,1.0,0.9523809523809523,0.44050582140532957,0.8394953114099869,2,0.07070324968675035,0.2038439138039604,1.0,1e-06,0.9480086751544803,Utsuroi,1e-06,0.9803921568627452,2.0
2015-03-19,0.5256704826292685,2.0,0.48780487804878053,0.8407033683009266,0.6491063892158695,3,0.29499744050149285,0.397980974569239,1.5,1e-06,0.09240037286796943,Utsuroi,1e-06,0.9803921568627452,2.0
2015-03-20,0.5449362284251685,2.0,0.48780487804878053,0.6369639573766601,0.6660163859839094,2,0.21273552448264801,0.397980974569239,1.0,1e-06,0.15150443067995178,Utsuroi,1e-06,0.9803921568627452,2.0
2015-03-23,0.522046033589336,2.0,0.48780487804878053,0.6480736906260534,0.7654221434619075,3,0.1520237372257905,0.397980974569239,1.5,1e-06,0.38079250803211684,Utsuroi,1e-06,0.9803921568627452,2.0
2015-03-24,0.5066339267050212,1.0,0.9523809523809523,0.6655082227125063,0.6170114660100257,2,0.25488201857493614,0.2038439138039604,1.0,1e-06,0.8160397393390253,Utsuroi,1e-06,0.9803921568627452,2.0
2015-03-25,0.5171365206489511,1.0,0.9523809523809523,0.6312951383407828,0.6740199614458007,2,0.20578961353540695,0.2038439138039604,1.0,1e-06,0.4220394537428628,Utsuroi,1e-06,0.9803921568627452,2.0
2015-03-26,0.5240619970355629,2.0,0.48780487804878053,0.6912615916819118,0.5306953044537811,2,0.3244123108270743,0.397980974569239,1.0,1e-06,0.2346842448727442,Utsuroi,1e-06,0.9803921568627452,2.0
2015-03-27,0.544297087703314,0.0,20.0,0.5695100042230574,0.7433628556928743,2,0.14615742113814456,0.009706853038293536,1.0,1e-06,0.03498643397990675,Utsuroi,1e-06,0.9803921568627452,2.0
2015-03-30,0.5351397470125502,1.0,0.9523809523809523,0.4867248285824895,0.8096536206754075,2,0.09264630884805983,0.2038439138039604,1.0,1e-06,0.7390827045033471,Utsuroi,1e-06,0.9803921568627452,2.0
2015-03-31,0.5177095826410423,2.0,0.48780487804878053,0.5259603247111313,0.7807474383178886,2,0.11531814853607064,0.397980974569239,1.0,1e-06,0.461209322447902,Utsuroi,1e-06,0.9803921568627452,2.0
2015-04-01,0.5302501417219501,2.0,0.48780487804878053,0.0,0.0,0,0.0,0.397980974569239,0.0,1e-06,1.0,Utsuroi,1e-06,0.9803921568627452,2.0
2015-04-02,0.5127136394240536,2.0,0.48780487804878053,6.265110652289944e-11,0.9999999999363489,1,3.987810869243231e-21,0.397980974569239,0.5,1e-06,0.4629471702071445,Utsuroi,1e-06,0.9803921568627452,2.0
2015-04-06,0.4952587991718426,2.0,0.48780487804878053,0.0,0.0,0,0.0,0.397980974569239,0.0,1e-06,1.0,Utsuroi,1e-06,0.9803921568627452,2.0
2015-04-07,0.4818840579710146,1.0,0.9523809523809523,9.109268894696348e-12,0.9999999999898908,1,9.208784717834269e-23,0.2038439138039604,0.5,1e-06,0.6677636448484572,Utsuroi,1e-06,0.9803921568627452,2.0
2015-04-08,0.4089782355785453,2.0,0.48780487804878053,6.0146332358826834e-12,0.9999999999929854,1,4.219031314417917e-23,0.397980974569239,0.5,1e-06,0.30550516818006357,Utsuroi,1e-06,0.9803921568627452,2.0
2015-04-09,0.4216504683750088,2.0,0.48780487804878053,6.5111249724914474e-12,0.9999999999924889,1,4.890572934278929e-23,0.397980974569239,0.5,1e-06,1.0,Utsuroi,1e-06,0.9803921568627452,2.0
2015-04-10,0.44135598020674505,1.0,0.9523809523809523,0.9808414693775023,0.5216641484495737,3,0.469171639490659,0.2038439138039604,1.5,1e-06,0.07678946058169578,Utsuroi,1e-06,0.9803921568627452,2.0
2015-04-13,0.447124035384905,2.0,0.48780487804878053,4.792277685674866e-11,0.9999999999510772,1,2.344514258441543e-21,0.397980974569239,0.5,1e-06,0.8788794581460145,Utsuroi,1e-06,0.9803921568627452,2.0
2015-04-14,0.45844845975280774,2.0,0.48780487804878053,1.6990076012584835e-11,0.99999999998201,1,3.0565238307902995e-22,0.397980974569239,0.5,1e-06,1.0,Utsuroi,1e-06,0.9803921568627452,2.0
2015-04-15,0.43340464159680814,1.0,0.9523809523809523,0.6330719535026801,0.7166755077470025,3,0.17936478978576006,0.2038439138039604,1.5,1e-06,0.1507732740286074,Utsuroi,1e-06,0.9803921568627452,2.0
2015-04-16,0.43943586239490834,1.0,0.9523809523809523,0.5513676174629555,0.7597502685700918,2,0.13246592201462343,0.2038439138039604,1.0,1e-06,0.09561107038228944,Utsuroi,1e-06,0.9803921568627452,2.0
2015-04-17,0.4378871335830382,1.0,0.9523809523809523,1.0628720126181821e-11,0.9999999999883713,1,1.235981765220258e-22,0.2038439138039604,0.5,1e-06,0.5087768266286083,Utsuroi,1e-06,0.9803921568627452,2.0
2015-04-20,0.34354409227871646,1.0,0.9523809523809523,0.47355434749135716,0.8185704004157596,2,0.08591677564673318,0.2038439138039604,1.0,1e-06,0.13034137815227553,Utsuroi,1e-06,0.9803921568627452,2.0
2015-04-21,0.3012110070402345,1.5,0.6451612903225806,1.0898615343465024e-11,0.9999999999881014,1,1.2967819065292397e-22,0.3009124441866482,0.5,1e-06,0.6776749256522097,Utsuroi,1e-06,0.9803921568627452,2.0
2015-04-22,0.22830168308965146,3.0,0.3278688524590164,0.2871575832223176,0.916532499861061,2,0.02396832561750618,0.5921180353341293,1.0,1e-06,0.024186308717754512,Utsuroi,1e-06,0.9803921568627452,2.0
2015-04-23,0.2393167078106851,2.0,0.48780487804878053,0.6507873273287976,0.6444961383099285,2,0.23135740800434818,0.397980974569239,1.0,1e-06,0.6835768883943292,Utsuroi,1e-06,0.9803921568627452,2.0
2015-04-24,0.2543010224364838,2.0,0.48780487804878053,0.6880520425295358,0.5504305396375913,2,0.30932718546125654,0.397980974569239,1.0,1e-06,0.3156502386916773,Utsuroi,1e-06,0.9803921568627452,2.0
2015-04-27,0.22460455153443368,2.0,0.48780487804878053,0.6904394554633942,0.5367782564065164,2,0.31982656840548884,0.397980974569239,1.0,1e-06,0.3035904029634513,Utsuroi,1e-06,0.9803921568627452,2.0
2015-04-28,0.18703994323956122,2.0,0.48780487804878053,0.4870968611543492,0.8093965016064338,2,0.09284236579254411,0.397980974569239,1.0,1e-06,0.7288529505395761,Utsuroi,1e-06,0.9803921568627452,2.0
2015-04-29,0.22489418908435838,2.0,0.48780487804878053,0.87502236201936,0.6600802747380593,3,0.29743736089567524,0.397980974569239,1.5,1e-06,0.1336188339111738,Utsuroi,1e-06,0.9803921568627452,2.0
2015-04-30,0.23371957354756925,2.0,0.48780487804878053,0.5538705070911059,0.7575649821239531,2,0.13427760628764743,0.397980974569239,1.0,1e-06,0.25155095137384953,Utsuroi,1e-06,0.9803921568627452,2.0
2015-05-01,0.21829615320657567,2.0,0.48780487804878053,0.5107402954567704,0.7924142930143657,2,0.1060223853184454,0.397980974569239,1.0,1e-06,0.6937647276273369,Utsuroi,1e-06,0.9803921568627452,2.0
2015-05-04,0.20183548193061085,3.0,0.3278688524590164,0.4541563329905544,0.8310883236740518,2,0.07671230751948006,0.5921180353341293,1.0,1e-06,0.36536080763739043,Utsuroi,1e-06,0.9803921568627452,2.0
2015-05-05,0.2395891173349979,2.0,0.48780487804878053,0.59948677223693,0.7129525852008105,2,0.17208112817692128,0.397980974569239,1.0,1e-06,0.9540550748030066,Utsuroi,1e-06,0.9803921568627452,2.0
2015-05-06,0.22656085995716368,2.0,0.48780487804878053,0.4872987322083474,0.8092568604077345,2,0.09294889010075083,0.397980974569239,1.0,1e-06,0.7285647544079239,Utsuroi,1e-06,0.9803921568627452,2.0
2015-05-07,0.24086080926561412,3.0,0.3278688524590164,0.6163730591456565,0.6933756409364236,2,0.18899499420459281,0.5921180353341293,1.0,1e-06,0.22555044511334277,Utsuroi,1e-06,0.9803921568627452,2.0
2015-05-08,0.30442744653950105,3.0,0.3278688524590164,1.8848256288864805e-11,0.9999999999801518,1,3.7410460446744934e-22,0.5921180353341293,0.5,1e-06,0.7741940221232385,Utsuroi,1e-06,0.9803921568627452,2.0
2015-05-11,0.37672130791519276,2.0,0.48780487804878053,0.6902318707442123,0.5381606846693748,2,0.3187762146038836,0.397980974569239,1.0,1e-06,0.29017223505157363,Utsuroi,1e-06,0.9803921568627452,2.0
2015-05-12,0.3710720536172997,3.0,0.3278688524590164,0.0,0.0,0,0.0,0.5921180353341293,0.0,1e-06,0.7742778957817182,Utsuroi,1e-06,0.9803921568627452,2.0
2015-05-13,0.37454169179233376,3.0,0.3278688524590164,5.261431289259094e-10,0.9999999994728569,1,2.77352723678783e-19,0.5921180353341293,0.5,1e-06,0.6007236593723491,Utsuroi,1e-06,0.9803921568627452,2.0
2015-05-14,0.41153550638901265,3.0,0.3278688524590164,2.000566379021187e-10,0.9999999997989434,1,4.022271058504802e-20,0.5921180353341293,0.5,1e-06,1.0,Utsuroi,1e-06,0.9803921568627452,2.0
2015-05-15,0.43823657944898414,3.0,0.3278688524590164,0.0,0.0,0,0.0,0.5921180353341293,0.0,1e-06,1.0,Utsuroi,1e-06,0.9803921568627452,2.0
2015-05-18,0.4604838381374394,3.0,0.3278688524590164,0.0,0.0,0,0.0,0.5921180353341293,0.0,1e-06,1.0,Utsuroi,1e-06,0.9803921568627452,2.0
2015-05-19,0.4882137073882359,3.0,0.3278688524590164,0.0,0.0,0,0.0,0.5921180353341293,0.0,1e-06,1.0,Utsuroi,1e-06,0.9803921568627452,2.0
2015-05-20,0.5035788265425813,3.0,0.3278688524590164,0.0,0.0,0,0.0,0.5921180353341293,0.0,1e-06,1.0,Utsuroi,1e-06,0.9803921568627452,2.0
2015-05-21,0.49912094309893174,2.0,0.48780487804878053,0.0,0.0,0,0.0,0.397980974569239,0.0,1e-06,0.061257161326152776,Utsuroi,1e-06,0.9803921568627452,2.0
2015-05-22,0.5270870315771216,3.0,0.3278688524590164,0.0,0.0,0,0.0,0.5921180353341293,0.0,1e-06,0.02818157684374567,Utsuroi,1e-06,0.9803921568627452,2.0
2015-05-26,0.46953221937595374,2.5,0.3921568627450981,0.0,0.0,0,0.0,0.4950495049517326,0.0,1e-06,0.03139080778487946,Utsuroi,1e-06,0.9803921568627452,2.0
2015-05-27,0.44905143744693177,3.0,0.3278688524590164,0.0,0.0,0,0.0,0.5921180353341293,0.0,1e-06,0.022048128993046312,Utsuroi,1e-06,0.9803921568627452,2.0
2015-05-28,0.44609353709351923,3.0,0.3278688524590164,0.0,0.0,0,0.0,0.5921180353341293,0.0,1e-06,1.0,Utsuroi,1e-06,0.9803921568627452,2.0
2015-05-29,0.4557728320761653,2.5,0.3921568627450981,0.0,0.0,0,0.0,0.4950495049517326,0.0,1e-06,0.03139080778487946,Utsuroi,1e-06,0.9803921568627452,2.0
2015-06-01,0.42559241582872936,3.0,0.3278688524590164,5.419953374844267e-11,0.9999999999448005,1,2.991787793392648e-21,0.5921180353341293,0.5,1e-06,0.3099927750410969,Utsuroi,1e-06,0.9803921568627452,2.0
2015-06-02,0.42642674609147296,2.0,0.48780487804878053,2.4366619832639393e-11,0.9999999999746334,1,6.180982428772978e-22,0.397980974569239,0.5,1e-06,0.20812478296765147,Utsuroi,1e-06,0.9803921568627452,2.0
2015-06-03,0.46467017875063277,2.0,0.48780487804878053,0.6917194612751598,0.5267117923564401,2,0.3273826640190893,0.397980974569239,1.0,1e-06,0.13936314890971468,Utsuroi,1e-06,0.9803921568627452,2.0
2015-06-04,0.4377545642763035,2.0,0.48780487804878053,3.641453805088848e-11,0.9999999999625855,1,1.3624323139837432e-21,0.397980974569239,0.5,1e-06,0.8023241975238693,Utsuroi,1e-06,0.9803921568627452,2.0
2015-06-05,0.45787627831106104,2.0,0.48780487804878053,0.6620642452086813,0.6240151719160636,2,0.24892611141530718,0.397980974569239,1.0,1e-06,0.175607352921189,Utsuroi,1e-06,0.9803921568627452,2.0
2015-06-08,0.44435849174979614,2.5,0.3921568627450981,0.6835911448837444,0.5690128879878519,2,0.2946189733305229,0.4950495049517326,1.0,1e-06,0.19377917634676955,Utsuroi,1e-06,0.9803921568627452,2.0
2015-06-09,0.4509147374364765,2.5,0.3921568627450981,7.100975363013035e-11,0.9999999999279903,1,5.113393293568116e-21,0.4950495049517326,0.5,1e-06,0.8146825718850133,Utsuroi,1e-06,0.9803921568627452,2.0
2015-06-10,0.3851377125290169,4.0,0.2469135802469136,2.461997272685239e-11,0.99999999997438,1,6.307624851697297e-22,0.7862550960986313,0.5,1e-06,0.05949780970132945,Utsuroi,1e-06,0.9803921568627452,2.0
2015-06-11,0.3683775644645209,4.0,0.2469135802469136,0.0,0.0,0,0.0,0.7862550960986313,0.0,1e-06,1.0,Utsuroi,1e-06,0.9803921568627452,2.0
2015-06-12,0.373474128642153,3.0,0.3278688524590164,0.0,0.0,0,0.0,0.5921180353341293,0.0,1e-06,0.014105160295590946,Utsuroi,1e-06,0.9803921568627452,2.0
2015-06-15,0.36786976117913306,4.0,0.2469135802469136,5.995892671065364e-11,0.9999999999390411,1,3.655030492720966e-21,0.7862550960986313,0.5,1e-06,0.18412048654383584,Utsuroi,1e-06,0.9803921568627452,2.0
2015-06-16,0.34250029648527336,4.0,0.2469135802469136,6.022293774589336e-11,0.9999999999387771,1,3.687023836369503e-21,0.7862550960986313,0.5,1e-06,1.0,Utsuroi,1e-06,0.9803921568627452,2.0
2015-06-17,0.31239215036593637,5.0,0.19801980198019803,6.861911039137428e-11,0.9999999999303809,1,4.777199903488488e-21,0.9803921568627451,0.5,1e-06,0.03614175727688984,Katashi,1e-06,0.9803921568627452,2.0
2015-06-18,0.3226084950572182,5.0,0.19801980198019803,0.6333758662900182,0.6711294827105463,2,0.20829864878545415,0.9803921568627451,1.0,1e-06,0.47067851228591495,Katashi,1e-06,0.9803921568627452,2.0
2015-06-19,0.30243816997612144,5.0,0.19801980198019803,0.6925857127128918,0.5167535482569233,2,0.33468958819645483,0.9803921568627451,1.0,1e-06,0.48359892478150623,Katashi,1e-06,0.9803921568627452,2.0
2015-06-22,0.28217307389269275,4.0,0.2469135802469136,3.2237768010093724e-11,0.9999999999667623,1,1.0715107411456258e-21,0.7862550960986313,0.5,1e-06,0.6439230019318625,Utsuroi,1e-06,0.9803921568627452,2.0
2015-06-23,0.26301681840129476,3.0,0.3278688524590164,1.950739569857146e-11,0.9999999999794926,1,4.0004545110616006e-22,0.5921180353341293,0.5,1e-06,0.09610141315680376,Utsuroi,1e-06,0.9803921568627452,2.0
2015-06-24,0.25181198905877467,3.0,0.3278688524590164,1.702948892995832e-11,0.9999999999819705,1,3.0703260542670267e-22,0.5921180353341293,0.5,1e-06,1.0,Utsuroi,1e-06,0.9803921568627452,2.0
2015-06-25,0.26949113269122654,3.0,0.3278688524590164,1.4571122086572137e-11,0.9999999999844289,1,2.26888398611837e-22,0.5921180353341293,0.5,1e-06,1.0,Utsuroi,1e-06,0.9803921568627452,2.0
2015-06-26,0.25169382832527093,3.0,0.3278688524590164,1.5961010291077762e-11,0.999999999983039,1,2.707145067202533e-22,0.5921180353341293,0.5,1e-06,1.0,Utsuroi,1e-06,0.9803921568627452,2.0
2015-06-29,0.22525212273319353,3.0,0.3278688524590164,0.0,0.0,0,0.0,0.5921180353341293,0.0,1e-06,1.0,Utsuroi,1e-06,0.9803921568627452,2.0
2015-06-30,0.24504073090296974,4.0,0.2469135802469136,0.0,0.0,0,0.0,0.7862550960986313,0.0,1e-06,0.008025048812706048,Utsuroi,1e-06,0.9803921568627452,2.0
2015-07-01,0.2436323943482488,4.0,0.2469135802469136,5.052303020259265e-11,0.999999999948477,1,2.6030984934653826e-21,0.7862550960986313,0.5,1e-06,0.6874876052933079,Utsuroi,1e-06,0.9803921568627452,2.0
2015-07-02,0.2476389303882369,2.0,0.48780487804878053,5.7312266042407556e-11,0.9999999999416878,1,3.3420068372096123e-21,0.397980974569239,0.5,1e-06,0.19849632691313568,Utsuroi,1e-06,0.9803921568627452,2.0
2015-07-06,0.19406629483377016,2.0,0.48780487804878053,6.218981994102311e-10,0.9999999993771018,1,3.873792549922885e-19,0.397980974569239,0.5,1e-06,1.0,Utsuroi,1e-06,0.9803921568627452,2.0
2015-07-07,0.2083467745035605,4.5,0.21978021978021978,0.0,0.0,0,0.0,0.8833236264807367,0.0,1e-06,0.12540140351507345,Utsuroi,1e-06,0.9803921568627452,2.0
2015-07-08,0.14706957092528278,3.5,0.28169014084507044,0.0,0.0,0,0.0,0.6891865657164288,0.0,1e-06,0.00795091777848711,Utsuroi,1e-06,0.9803921568627452,2.0
2015-07-09,0.14361385345904076,4.5,0.21978021978021978,0.0,0.0,0,0.0,0.8833236264807367,0.0,1e-06,0.00484783363789254,Utsuroi,1e-06,0.9803921568627452,2.0
2015-07-10,0.10762209571082043,4.5,0.21978021978021978,0.0,0.0,0,0.0,0.8833236264807367,0.0,1e-06,1.0,Utsuroi,1e-06,0.9803921568627452,2.0
2015-07-13,0.11223100570926661,4.5,0.21978021978021978,0.0,0.0,0,0.0,0.8833236264807367,0.0,1e-06,1.0,Utsuroi,1e-06,0.9803921568627452,2.0
2015-07-14,0.08417027417027419,4.5,0.21978021978021978,0.0,0.0,0,0.0,0.8833236264807367,0.0,1e-06,1.0,Utsuroi,1e-06,0.9803921568627452,2.0
2015-07-15,0.07437166698036264,4.5,0.21978021978021978,0.0,0.0,0,0.0,0.8833236264807367,0.0,1e-06,1.0,Utsuroi,1e-06,0.9803921568627452,2.0
2015-07-16,0.08214379823075477,4.5,0.21978021978021978,0.0,0.0,0,0.0,0.8833236264807367,0.0,1e-06,1.0,Utsuroi,1e-06,0.9803921568627452,2.0
2015-07-17,0.07592132505175982,4.5,0.21978021978021978,0.0,0.0,0,0.0,0.8833236264807367,0.0,1e-06,1.0,Utsuroi,1e-06,0.9803921568627452,2.0
2015-07-20,0.0829067068197503,4.5,0.21978021978021978,0.0,0.0,0,0.0,0.8833236264807367,0.0,1e-06,1.0,Utsuroi,1e-06,0.9803921568627452,2.0
2015-07-21,0.06023401719053895,4.0,0.2469135802469136,0.0,0.0,0,0.0,0.7862550960986313,0.0,1e-06,0.005298588138547111,Utsuroi,1e-06,0.9803921568627452,2.0
2015-07-22,0.0650021958717611,4.0,0.2469135802469136,0.0,0.0,0,0.0,0.7862550960986313,0.0,1e-06,1.0,Utsuroi,1e-06,0.9803921568627452,2.0
2015-07-23,0.05768326717720216,4.5,0.21978021978021978,0.0,0.0,0,0.0,0.8833236264807367,0.0,1e-06,0.004200375048107441,Utsuroi,1e-06,0.9803921568627452,2.0
2015-07-24,0.05589413623692297,4.5,0.21978021978021978,0.0,0.0,0,0.0,0.8833236264807367,0.0,1e-06,1.0,Utsuroi,1e-06,0.9803921568627452,2.0
2015-07-27,0.05799171736325001,4.5,0.21978021978021978,0.0,0.0,0,0.0,0.8833236264807367,0.0,1e-06,1.0,Utsuroi,1e-06,0.9803921568627452,2.0
2015-07-28,0.03604488546698708,4.5,0.21978021978021978,0.0,0.0,0,0.0,0.8833236264807367,0.0,1e-06,1.0,Utsuroi,1e-06,0.9803921568627452,2.0
2015-07-29,0.03366761587335225,4.5,0.21978021978021978,0.0,0.0,0,0.0,0.8833236264807367,0.0,1e-06,1.0,Utsuroi,1e-06,0.9803921568627452,2.0
2015-07-30,0.041359369158553864,4.5,0.21978021978021978,0.0,0.0,0,0.0,0.8833236264807367,0.0,1e-06,1.0,Utsuroi,1e-06,0.9803921568627452,2.0
2015-07-31,0.07084358527031362,4.5,0.21978021978021978,2.38941089133708e-11,0.9999999999751059,1,5.948220211059986e-22,0.8833236264807367,0.5,1e-06,0.7188216082416173,Utsuroi,1e-06,0.9803921568627452,2.0
2015-08-03,0.0812519878123579,3.0,0.3278688524590164,1.914512992564364e-11,0.9999999999798549,1,3.856807062760885e-22,0.5921180353341293,0.5,1e-06,0.09491436079167548,Utsuroi,1e-06,0.9803921568627452,2.0
2015-08-04,0.08240877638899341,2.5,0.3921568627450981,0.0,0.0,0,0.0,0.4950495049517326,0.0,1e-06,0.658172571222998,Utsuroi,1e-06,0.9803921568627452,2.0
2015-08-05,0.09563930005764608,2.5,0.3921568627450981,0.0,0.0,0,0.0,0.4950495049517326,0.0,1e-06,1.0,Utsuroi,1e-06,0.9803921568627452,2.0
2015-08-06,0.08031114154669187,2.0,0.48780487804878053,0.0,0.0,0,0.0,0.397980974569239,0.0,1e-06,0.07104180043974173,Utsuroi,1e-06,0.9803921568627452,2.0
2015-08-07,0.08792862361104616,3.5,0.28169014084507044,2.1339063846970197e-10,0.9999999997856094,1,4.5748950509312734e-20,0.6891865657164288,0.5,1e-06,0.07878619561770939,Utsuroi,1e-06,0.9803921568627452,2.0
2015-08-10,0.07886641641552529,2.0,0.48780487804878053,6.924461004340436e-11,0.9999999999297554,1,4.8640590984674595e-21,0.397980974569239,0.5,1e-06,0.20252455699840688,Utsuroi,1e-06,0.9803921568627452,2.0
2015-08-11,0.08982620445778346,2.0,0.48780487804878053,9.938838640473269e-11,0.9999999998996116,1,9.977437540399879e-21,0.397980974569239,0.5,1e-06,1.0,Utsuroi,1e-06,0.9803921568627452,2.0
2015-08-12,0.07765433897025874,2.0,0.48780487804878053,3.747402388324806e-11,0.999999999961526,1,1.4417756609233427e-21,0.397980974569239,0.5,1e-06,1.0,Utsuroi,1e-06,0.9803921568627452,2.0
2015-08-13,0.08540602602333978,3.5,0.28169014084507044,0.0,0.0,0,0.0,0.6891865657164288,0.0,1e-06,0.2643256375305444,Utsuroi,1e-06,0.9803921568627452,2.0
2015-08-14,0.08667711444679056,3.5,0.28169014084507044,0.0,0.0,0,0.0,0.6891865657164288,0.0,1e-06,1.0,Utsuroi,1e-06,0.9803921568627452,2.0
2015-08-17,0.07827578858207325,2.0,0.48780487804878053,9.428591240635715e-11,0.9999999999047141,1,8.984117105367026e-21,0.397980974569239,0.5,1e-06,0.7576600260183785,Utsuroi,1e-06,0.9803921568627452,2.0
2015-08-18,0.09221637182781851,2.0,0.48780487804878053,5.121991719511371e-11,0.9999999999477801,1,2.674698701666557e-21,0.397980974569239,0.5,1e-06,1.0,Utsuroi,1e-06,0.9803921568627452,2.0
2015-08-19,0.06525660937521097,4.0,0.2469135802469136,3.4623748306838877e-10,0.9999999996527625,1,1.2022662452610591e-19,0.7862550960986313,0.5,1e-06,0.06249499961156901,Utsuroi,1e-06,0.9803921568627452,2.0
2015-08-20,0.09017255086423334,4.0,0.2469135802469136,0.0,0.0,0,0.0,0.7862550960986313,0.0,1e-06,1.0,Utsuroi,1e-06,0.9803921568627452,2.0
2015-08-21,0.10184971132093497,3.0,0.3278688524590164,0.0,0.0,0,0.0,0.5921180353341293,0.0,1e-06,0.014105160295590946,Utsuroi,1e-06,0.9803921568627452,2.0
2015-08-24,0.1482781064449658,3.0,0.3278688524590164,0.0,0.0,0,0.0,0.5921180353341293,0.0,1e-06,1.0,Utsuroi,1e-06,0.9803921568627452,2.0
2015-08-25,0.13743206284083723,4.0,0.2469135802469136,0.0,0.0,0,0.0,0.7862550960986313,0.0,1e-06,0.008025048812706048,Utsuroi,1e-06,0.9803921568627452,2.0
2015-08-26,0.12856058279256527,3.0,0.3278688524590164,0.0,0.0,0,0.0,0.5921180353341293,0.0,1e-06,0.014105160295590946,Utsuroi,1e-06,0.9803921568627452,2.0
2015-08-27,0.16204744171506805,3.0,0.3278688524590164,0.0,0.0,0,0.0,0.5921180353341293,0.0,1e-06,1.0,Utsuroi,1e-06,0.9803921568627452,2.0
2015-08-28,0.1502211459941831,2.0,0.48780487804878053,0.0,0.0,0,0.0,0.397980974569239,0.0,1e-06,0.061257161326152776,Utsuroi,1e-06,0.9803921568627452,2.0
2015-08-31,0.1546589204773141,3.0,0.3278688524590164,0.0,0.0,0,0.0,0.5921180353341293,0.0,1e-06,0.02818157684374567,Utsuroi,1e-06,0.9803921568627452,2.0
2015-09-01,0.11883131561825488,2.0,0.48780487804878053,0.0,0.0,0,0.0,0.397980974569239,0.0,1e-06,0.061257161326152776,Utsuroi,1e-06,0.9803921568627452,2.0
2015-09-02,0.1207516056063746,1.0,0.9523809523809523,1.2726009127267288e-09,0.9999999987263991,1,1.6207856568656252e-18,0.2038439138039604,0.5,1e-06,0.6677636448484572,Utsuroi,1e-06,0.9803921568627452,2.0
2015-09-03,0.1366565726534699,1.0,0.9523809523809523,1.2486456313263768e-11,0.9999999999865136,1,1.6839777135554582e-22,0.2038439138039604,0.5,1e-06,1.0,Utsuroi,1e-06,0.9803921568627452,2.0
2015-09-04,0.13400011737938014,1.0,0.9523809523809523,1.2418621686460084e-11,0.9999999999865814,1,1.6664051155771538e-22,0.2038439138039604,0.5,1e-06,1.0,Utsuroi,1e-06,0.9803921568627452,2.0
2015-09-08,0.12290034343214971,3.0,0.3278688524590164,0.0,0.0,0,0.0,0.5921180353341293,0.0,1e-06,0.21512203780488182,Utsuroi,1e-06,0.9803921568627452,2.0
2015-09-09,0.12167233661489965,3.0,0.3278688524590164,0.0,0.0,0,0.0,0.5921180353341293,0.0,1e-06,1.0,Utsuroi,1e-06,0.9803921568627452,2.0
2015-09-10,0.12633270561356982,3.0,0.3278688524590164,0.0,0.0,0,0.0,0.5921180353341293,0.0,1e-06,1.0,Utsuroi,1e-06,0.9803921568627452,2.0
2015-09-11,0.13923052120604076,3.0,0.3278688524590164,0.0,0.0,0,0.0,0.5921180353341293,0.0,1e-06,1.0,Utsuroi,1e-06,0.9803921568627452,2.0
2015-09-14,0.14255662212183953,3.0,0.3278688524590164,0.0,0.0,0,0.0,0.5921180353341293,0.0,1e-06,1.0,Utsuroi,1e-06,0.9803921568627452,2.0
2015-09-15,0.12090909090909092,3.0,0.3278688524590164,0.0,0.0,0,0.0,0.5921180353341293,0.0,1e-06,1.0,Utsuroi,1e-06,0.9803921568627452,2.0
2015-09-16,0.12534349708262751,3.0,0.3278688524590164,0.0,0.0,0,0.0,0.5921180353341293,0.0,1e-06,1.0,Utsuroi,1e-06,0.9803921568627452,2.0
2015-09-17,0.15814856640943598,3.0,0.3278688524590164,0.0,0.0,0,0.0,0.5921180353341293,0.0,1e-06,1.0,Utsuroi,1e-06,0.9803921568627452,2.0
2015-09-18,0.14703871008218838,3.0,0.3278688524590164,0.0,0.0,0,0.0,0.5921180353341293,0.0,1e-06,1.0,Utsuroi,1e-06,0.9803921568627452,2.0
2015-09-21,0.1512108664282577,4.0,0.2469135802469136,0.0,0.0,0,0.0,0.7862550960986313,0.0,1e-06,0.008025048812706048,Utsuroi,1e-06,0.9803921568627452,2.0
2015-09-22,0.13666792145053014,4.0,0.2469135802469136,0.0,0.0,0,0.0,0.7862550960986313,0.0,1e-06,1.0,Utsuroi,1e-06,0.9803921568627452,2.0
2015-09-23,0.14017253278122843,4.0,0.2469135802469136,0.0,0.0,0,0.0,0.7862550960986313,0.0,1e-06,1.0,Utsuroi,1e-06,0.9803921568627452,2.0
2015-09-24,0.10894096241922327,4.0,0.2469135802469136,0.0,0.0,0,0.0,0.7862550960986313,0.0,1e-06,1.0,Utsuroi,1e-06,0.9803921568627452,2.0
2015-09-25,0.1149250266641571,5.0,0.19801980198019803,0.0,0.0,0,0.0,0.9803921568627451,0.0,1e-06,0.003100866872283947,Katashi,1e-06,0.9803921568627452,2.0
2015-09-28,0.1170707070707071,4.0,0.2469135802469136,0.0,0.0,0,0.0,0.7862550960986313,0.0,1e-06,0.004816964497210585,Utsuroi,1e-06,0.9803921568627452,2.0
2015-09-29,0.09392119957337347,5.0,0.19801980198019803,0.0,0.0,0,0.0,0.9803921568627451,0.0,1e-06,0.003100866872283947,Katashi,1e-06,0.9803921568627452,2.0
2015-09-30,0.11053830227743276,4.0,0.2469135802469136,0.0,0.0,0,0.0,0.7862550960986313,0.0,1e-06,0.004816964497210585,Utsuroi,1e-06,0.9803921568627452,2.0
2015-10-01,0.08707886316581973,4.0,0.2469135802469136,0.0,0.0,0,0.0,0.7862550960986313,0.0,1e-06,1.0,Utsuroi,1e-06,0.9803921568627452,2.0
2015-10-02,0.1519976159106594,3.0,0.3278688524590164,2.959987810366855e-11,0.9999999999694001,1,9.057520070693295e-22,0.5921180353341293,0.5,1e-06,0.7762396082090378,Utsuroi,1e-06,0.9803921568627452,2.0
2015-10-05,0.15388104648974218,4.5,0.21978021978021978,0.0,0.0,0,0.0,0.8833236264807367,0.0,1e-06,0.25648957804281336,Utsuroi,1e-06,0.9803921568627452,2.0
2015-10-06,0.14219900872074787,4.0,0.2469135802469136,0.0,0.0,0,0.0,0.7862550960986313,0.0,1e-06,0.005298588138547111,Utsuroi,1e-06,0.9803921568627452,2.0
2015-10-07,0.14663341489428447,4.0,0.2469135802469136,0.0,0.0,0,0.0,0.7862550960986313,0.0,1e-06,1.0,Utsuroi,1e-06,0.9803921568627452,2.0
2015-10-08,0.15874458874458877,4.0,0.2469135802469136,0.0,0.0,0,0.0,0.7862550960986313,0.0,1e-06,1.0,Utsuroi,1e-06,0.9803921568627452,2.0
2015-10-09,0.15667043101825712,4.0,0.2469135802469136,1.588763565024565e-10,0.9999999998401237,1,2.5400569499410215e-20,0.7862550960986313,0.5,1e-06,0.6874876052933079,Utsuroi,1e-06,0.9803921568627452,2.0
2015-10-12,0.16067570111048374,4.0,0.2469135802469136,2.5641710976388227e-11,0.9999999999733583,1,6.831384855433502e-22,0.7862550960986313,0.5,1e-06,1.0,Utsuroi,1e-06,0.9803921568627452,2.0
2015-10-13,0.1605803375368593,4.0,0.2469135802469136,0.0,0.0,0,0.0,0.7862550960986313,0.0,1e-06,1.0,Utsuroi,1e-06,0.9803921568627452,2.0
2015-10-14,0.16129556433904257,4.0,0.2469135802469136,5.78485037632701e-11,0.9999999999411515,1,3.404296611804075e-21,0.7862550960986313,0.5,1e-06,0.6874876052933079,Utsuroi,1e-06,0.9803921568627452,2.0
2015-10-15,0.15349959219524442,4.0,0.2469135802469136,3.900613165717066e-11,0.9999999999599939,1,1.560483575662169e-21,0.7862550960986313,0.5,1e-06,1.0,Utsuroi,1e-06,0.9803921568627452,2.0
2015-10-16,0.14558441558441557,4.0,0.2469135802469136,1.9045576225395197e-10,0.9999999998085443,1,3.6463848928269274e-20,0.7862550960986313,0.5,1e-06,1.0,Utsuroi,1e-06,0.9803921568627452,2.0
2015-10-19,0.10700985005332833,4.0,0.2469135802469136,8.442713194857656e-11,0.9999999999145729,1,7.212365873645572e-21,0.7862550960986313,0.5,1e-06,1.0,Utsuroi,1e-06,0.9803921568627452,2.0
2015-10-20,0.13435535479013738,4.0,0.2469135802469136,6.56928955655692e-11,0.9999999999333071,1,4.3812479702605676e-21,0.7862550960986313,0.5,1e-06,1.0,Utsuroi,1e-06,0.9803921568627452,2.0
2015-10-21,0.113184641445511,3.0,0.3278688524590164,2.710820456957545e-11,0.9999999999718918,1,7.6196235988610735e-22,0.5921180353341293,0.5,1e-06,0.09610141315680376,Utsuroi,1e-06,0.9803921568627452,2.0
2015-10-22,0.14851684547336724,3.0,0.3278688524590164,2.3752777522339524e-11,0.9999999999752472,1,5.879466921030656e-22,0.5921180353341293,0.5,1e-06,1.0,Utsuroi,1e-06,0.9803921568627452,2.0
2015-10-23,0.1480161867118389,3.0,0.3278688524590164,2.835320866935433e-11,0.9999999999706468,1,8.322570233077577e-22,0.5921180353341293,0.5,1e-06,1.0,Utsuroi,1e-06,0.9803921568627452,2.0
2015-10-26,0.15172900772612227,2.0,0.48780487804878053,3.421370963729561e-10,0.9999999996568629,1,1.1739992226237126e-19,0.397980974569239,0.5,1e-06,0.20812478296765147,Utsuroi,1e-06,0.9803921568627452,2.0
2015-10-27,0.12886279643731607,2.0,0.48780487804878053,0.0,0.0,0,0.0,0.397980974569239,0.0,1e-06,1.0,Utsuroi,1e-06,0.9803921568627452,2.0
2015-10-28,0.1645217042036132,2.0,0.48780487804878053,0.6812367229323015,0.5770165425852862,2,0.2881518643837743,0.397980974569239,1.0,1e-06,0.11468150862556215,Utsuroi,1e-06,0.9803921568627452,2.0
2015-10-29,0.20942875074183967,2.0,0.48780487804878053,0.6599794632674975,0.6280612423938321,2,0.24547194161329852,0.397980974569239,1.0,1e-06,0.40266971546094954,Utsuroi,1e-06,0.9803921568627452,2.0
2015-10-30,0.1805919492661652,2.0,0.48780487804878053,3.7429503939962305e-11,0.9999999999615705,1,1.4383964411542252e-21,0.397980974569239,0.5,1e-06,0.7492575514108152,Utsuroi,1e-06,0.9803921568627452,2.0
2015-11-02,0.17673099209359283,2.0,0.48780487804878053,1.3873902027118152e-11,0.9999999999851261,1,2.0635875257214143e-22,0.397980974569239,0.5,1e-06,1.0,Utsuroi,1e-06,0.9803921568627452,2.0
2015-11-03,0.11549034441520994,2.0,0.48780487804878053,1.545785721632605e-11,0.9999999999835422,1,2.544028649843441e-22,0.397980974569239,0.5,1e-06,1.0,Utsuroi,1e-06,0.9803921568627452,2.0
2015-11-04,0.13092856348935064,2.0,0.48780487804878053,3.210265386800132e-11,0.9999999999668974,1,1.0626823290883503e-21,0.397980974569239,0.5,1e-06,1.0,Utsuroi,1e-06,0.9803921568627452,2.0
2015-11-05,0.1377552441143965,2.0,0.48780487804878053,1.5388734729748361e-10,0.9999999998451127,1,2.3835199603146804e-20,0.397980974569239,0.5,1e-06,1.0,Utsuroi,1e-06,0.9803921568627452,2.0
2015-11-06,0.2104313755061676,2.0,0.48780487804878053,1.4284351479315883e-11,0.9999999999847157,1,2.1832673267118554e-22,0.397980974569239,0.5,1e-06,1.0,Utsuroi,1e-06,0.9803921568627452,2.0
2015-11-09,0.2485184634028714,4.0,0.2469135802469136,2.3465562825876063e-11,0.9999999999755345,1,5.740976824694105e-22,0.7862550960986313,0.5,1e-06,0.06249499961156901,Utsuroi,1e-06,0.9803921568627452,2.0
2015-11-10,0.26201054204850033,3.0,0.3278688524590164,8.848866083920756e-11,0.9999999999105114,1,7.918729800788398e-21,0.5921180353341293,0.5,1e-06,0.09610141315680376,Utsuroi,1e-06,0.9803921568627452,2.0
2015-11-11,0.2503796111731403,4.0,0.2469135802469136,3.735018960080846e-10,0.9999999996254981,1,1.3987715998132968e-19,0.7862550960986313,0.5,1e-06,0.057709421716189535,Utsuroi,1e-06,0.9803921568627452,2.0
2015-11-12,0.2359060852667167,2.0,0.48780487804878053,0.6925335817991474,0.5175138980612691,2,0.33413782834393785,0.397980974569239,1.0,1e-06,0.43910210051023113,Utsuroi,1e-06,0.9803921568627452,2.0
2015-11-13,0.21961226399511655,4.0,0.2469135802469136,0.0,0.0,0,0.0,0.7862550960986313,0.0,1e-06,0.5860810428499942,Utsuroi,1e-06,0.9803921568627452,2.0
2015-11-16,0.24366573643183595,4.0,0.2469135802469136,4.02794464440615e-11,0.9999999999587206,1,1.6627123612677368e-21,0.7862550960986313,0.5,1e-06,0.6874876052933079,Utsuroi,1e-06,0.9803921568627452,2.0
2015-11-17,0.22837636600967373,4.0,0.2469135802469136,2.919198216443367e-11,0.999999999969808,1,8.813631590894781e-22,0.7862550960986313,0.5,1e-06,1.0,Utsuroi,1e-06,0.9803921568627452,2.0
2015-11-18,0.25043087213517057,4.0,0.2469135802469136,2.402333887343394e-11,0.9999999999749767,1,6.011436180712066e-22,0.7862550960986313,0.5,1e-06,1.0,Utsuroi,1e-06,0.9803921568627452,2.0
2015-11-19,0.24014644670921753,4.0,0.2469135802469136,0.0,0.0,0,0.0,0.7862550960986313,0.0,1e-06,1.0,Utsuroi,1e-06,0.9803921568627452,2.0
2015-11-20,0.2643567481527056,4.0,0.2469135802469136,0.0,0.0,0,0.0,0.7862550960986313,0.0,1e-06,1.0,Utsuroi,1e-06,0.9803921568627452,2.0
2015-11-23,0.22174739609445016,4.0,0.2469135802469136,0.0,0.0,0,0.0,0.7862550960986313,0.0,1e-06,1.0,Utsuroi,1e-06,0.9803921568627452,2.0
2015-11-24,0.22571941750891472,4.0,0.2469135802469136,0.0,0.0,0,0.0,0.7862550960986313,0.0,1e-06,1.0,Utsuroi,1e-06,0.9803921568627452,2.0
2015-11-25,0.22960688053075048,4.0,0.2469135802469136,0.0,0.0,0,0.0,0.7862550960986313,0.0,1e-06,1.0,Utsuroi,1e-06,0.9803921568627452,2.0
2015-11-27,0.23468355186459489,4.0,0.2469135802469136,0.0,0.0,0,0.0,0.7862550960986313,0.0,1e-06,1.0,Utsuroi,1e-06,0.9803921568627452,2.0
2015-11-30,0.2208353325272683,3.0,0.3278688524590164,0.39258445595700814,0.8667147493229641,2,0.05232571762413759,0.5921180353341293,1.0,1e-06,0.6313719521023271,Utsuroi,1e-06,0.9803921568627452,2.0
2015-12-01,0.27258478880158754,2.5,0.3921568627450981,1.0544588303531768,0.4571952609368622,3,0.5723652502626777,0.4950495049517326,1.5,1e-06,0.1508604219012618,Utsuroi,1e-06,0.9803921568627452,2.0
2015-12-02,0.3218157896071754,3.0,0.3278688524590164,0.0,0.0,0,0.0,0.5921180353341293,0.0,1e-06,0.931084085290899,Utsuroi,1e-06,0.9803921568627452,2.0
2015-12-03,0.3762031228553638,3.0,0.3278688524590164,0.6297862303594515,0.6760837774295236,2,0.2039979767649334,0.5921180353341293,1.0,1e-06,0.2575212589223923,Utsuroi,1e-06,0.9803921568627452,2.0
2015-12-04,0.42254870671421213,1.0,0.9523809523809523,0.0,0.0,0,0.0,0.2038439138039604,0.0,1e-06,0.6982711196670968,Utsuroi,1e-06,0.9803921568627452,2.0
2015-12-07,0.3949220802195533,2.0,0.48780487804878053,0.0,0.0,0,0.0,0.397980974569239,0.0,1e-06,0.17669850521369357,Utsuroi,1e-06,0.9803921568627452,2.0
2015-12-08,0.40815596701603785,1.0,0.9523809523809523,0.0,0.0,0,0.0,0.2038439138039604,0.0,1e-06,0.5247085468497094,Utsuroi,1e-06,0.9803921568627452,2.0
2015-12-09,0.35314147633362275,1.0,0.9523809523809523,1.4614442988031217e-10,0.9999999998528556,1,2.1504335583537665e-20,0.2038439138039604,0.5,1e-06,0.2975820050980066,Utsuroi,1e-06,0.9803921568627452,2.0
2015-12-10,0.3292974161011436,2.0,0.48780487804878053,0.6594350257888402,0.6290960502515897,2,0.24458705566752564,0.397980974569239,1.0,1e-06,0.08629693827567708,Utsuroi,1e-06,0.9803921568627452,2.0
2015-12-11,0.2806076569147775,2.5,0.3921568627450981,1.046218865457043,0.46849757299341177,3,0.5560678661704975,0.4950495049517326,1.5,1e-06,0.045433777342922754,Utsuroi,1e-06,0.9803921568627452,2.0
2015-12-14,0.2584292044723316,2.0,0.48780487804878053,0.6867424980804888,0.728063269203282,3,0.1867505098271795,0.397980974569239,1.5,1e-06,0.5594575503069743,Utsuroi,1e-06,0.9803921568627452,2.0
2015-12-15,0.2594541026699503,3.0,0.3278688524590164,3.438194173747872e-11,0.9999999999646181,1,1.2164990988106715e-21,0.5921180353341293,0.5,1e-06,0.9518981830284249,Utsuroi,1e-06,0.9803921568627452,2.0
2015-12-16,0.25793995919107765,2.0,0.48780487804878053,0.8930810925073847,0.577236483948111,3,0.37756210278788427,0.397980974569239,1.5,1e-06,0.1717372268740439,Utsuroi,1e-06,0.9803921568627452,2.0
2015-12-17,0.23481543154780396,3.5,0.28169014084507044,4.8872350609663655e-11,0.9999999999501277,1,2.4373779236438478e-21,0.6891865657164288,0.5,1e-06,0.9087517206427883,Utsuroi,1e-06,0.9803921568627452,2.0
2015-12-18,0.22938137741280384,3.0,0.3278688524590164,2.2310930880293484e-11,0.9999999999766891,1,5.20088074075409e-22,0.5921180353341293,0.5,1e-06,0.0977035775928039,Utsuroi,1e-06,0.9803921568627452,2.0
2015-12-21,0.21833603635583773,3.0,0.3278688524590164,1.1569967206447642e-11,0.99999999998743,1,1.454338524180534e-22,0.5921180353341293,0.5,1e-06,1.0,Utsuroi,1e-06,0.9803921568627452,2.0
2015-12-22,0.20791260065119554,3.0,0.3278688524590164,1.4183298978710795e-10,0.999999999857167,1,2.0258426845593988e-20,0.5921180353341293,0.5,1e-06,1.0,Utsuroi,1e-06,0.9803921568627452,2.0
2015-12-23,0.20858077582512943,4.5,0.21978021978021978,0.0,0.0,0,0.0,0.8833236264807367,0.0,1e-06,0.25648957804281336,Utsuroi,1e-06,0.9803921568627452,2.0
2015-12-24,0.22254290719884523,3.0,0.3278688524590164,0.0,0.0,0,0.0,0.5921180353341293,0.0,1e-06,0.012810425666868741,Utsuroi,1e-06,0.9803921568627452,2.0
2015-12-28,0.22415141624821514,3.0,0.3278688524590164,0.0,0.0,0,0.0,0.5921180353341293,0.0,1e-06,1.0,Utsuroi,1e-06,0.9803921568627452,2.0
2015-12-29,0.21967877639532712,3.0,0.3278688524590164,0.0,0.0,0,0.0,0.5921180353341293,0.0,1e-06,1.0,Utsuroi,1e-06,0.9803921568627452,2.0
2015-12-30,0.21491464778879912,2.0,0.48780487804878053,0.0,0.0,0,0.0,0.397980974569239,0.0,1e-06,0.061257161326152776,Utsuroi,1e-06,0.9803921568627452,2.0
