date,mean_corr,curv,eta,entropy,dominance,h1_count,v_raw,Oh,Xi,phi,DEF,regime,phi_c,Oh_pre,Xi_c,sps
2004-12-21,0.45476791619795937,3.0,0.3278688524590164,5.341992402552178e-10,0.9999999994648008,1,2.859030157886083e-19,0.8423087544881317,0.5,1e-06,1.0,Katashi,1e-06,0.9207401270369098,2.0,0
2004-12-22,0.4538732514047907,3.0,0.3278688524590164,0.0,0.0,0,0.0,0.8423087544881317,0.0,1e-06,1.0,Katashi,1e-06,0.9207401270369098,2.0,0
2004-12-23,0.45423079746823536,3.0,0.3278688524590164,1.611279998183363e-10,0.999999999837872,1,2.6123356762965182e-20,0.8423087544881317,0.5,1e-06,0.6808661729415678,Katashi,1e-06,0.9207401270369098,2.0,0
2004-12-27,0.45007396674944083,3.0,0.3278688524590164,5.584669392034018e-10,0.9999999994405331,1,3.124437768555708e-19,0.8423087544881317,0.5,1e-06,1.0,Katashi,1e-06,0.9207401270369098,2.0,0
2004-12-28,0.4393896982304317,3.0,0.3278688524590164,2.0925039478685247e-11,0.999999999978075,1,4.587818537703735e-22,0.8423087544881317,0.5,1e-06,1.0,Katashi,1e-06,0.9207401270369098,2.0,0
2004-12-29,0.4391204781149097,3.0,0.3278688524590164,3.284816862901216e-11,0.9999999999661519,1,1.1118496242698385e-21,0.8423087544881317,0.5,1e-06,1.0,Katashi,1e-06,0.9207401270369098,2.0,0
2004-12-30,0.4322140825746297,3.0,0.3278688524590164,4.731248726014188e-11,0.9999999999516875,1,2.2857828914228208e-21,0.8423087544881317,0.5,1e-06,1.0,Katashi,1e-06,0.9207401270369098,2.0,0
2004-12-31,0.4016050907686742,3.0,0.3278688524590164,0.0,0.0,0,0.0,0.8423087544881317,0.0,1e-06,1.0,Katashi,1e-06,0.9207401270369098,2.0,0
2005-01-03,0.39112853357392047,2.0,0.48780487804878053,1.4922020274930662e-09,0.999999998506798,1,2.22815906153538e-18,0.5661419497384907,0.5,1e-06,0.7226449239319699,Utsuroi,1e-06,0.9207401270369098,2.0,0
2005-01-04,0.45079773446580546,3.0,0.3278688524590164,1.7579404597114928e-10,0.999999999823206,1,3.107933675875824e-20,0.8423087544881317,0.5,1e-06,0.07552869980368371,Katashi,1e-06,0.9207401270369098,2.0,0
2005-01-05,0.4269394742255261,3.0,0.3278688524590164,4.9328097161249444e-11,0.9999999999496719,1,2.482588175551003e-21,0.8423087544881317,0.5,1e-06,1.0,Katashi,1e-06,0.9207401270369098,2.0,0
2005-01-06,0.42462940368747204,2.0,0.48780487804878053,1.5232182181070096e-10,0.9999999998466782,1,2.3354255853711205e-20,0.5661419497384907,0.5,1e-06,0.1511281419935363,Utsuroi,1e-06,0.9207401270369098,2.0,0
2005-01-07,0.40993399777142003,3.0,0.3278688524590164,0.0,0.0,0,0.0,0.8423087544881317,0.0,1e-06,0.3178232330226517,Katashi,1e-06,0.9207401270369098,2.0,0
2005-01-10,0.43297185190788867,3.0,0.3278688524590164,9.117151477797055e-11,0.9999999999078285,1,8.403414605204174e-21,0.8423087544881317,0.5,1e-06,0.6808661729415678,Katashi,1e-06,0.9207401270369098,2.0,0
2005-01-11,0.4269231722594291,2.0,0.48780487804878053,0.0,0.0,0,0.0,0.5661419497384907,0.0,1e-06,0.3380362030924259,Utsuroi,1e-06,0.9207401270369098,2.0,0
2005-01-12,0.44450634035529535,2.0,0.48780487804878053,5.748057585293091e-11,0.9999999999415194,1,3.3614959047665254e-21,0.5661419497384907,0.5,1e-06,0.5575265728273981,Utsuroi,1e-06,0.9207401270369098,2.0,0
2005-01-13,0.3954185687305889,2.0,0.48780487804878053,4.62824223379439e-11,0.9999999999527176,1,2.188344016010671e-21,0.5661419497384907,0.5,1e-06,1.0,Utsuroi,1e-06,0.9207401270369098,2.0,0
2005-01-14,0.39851880237735104,2.0,0.48780487804878053,2.1211588041334677e-11,0.9999999999777884,1,4.711425860450348e-22,0.5661419497384907,0.5,1e-06,1.0,Utsuroi,1e-06,0.9207401270369098,2.0,0
2005-01-18,0.36011448626953735,2.0,0.48780487804878053,2.0748958106983542e-11,0.9999999999782511,1,4.512677616345944e-22,0.5661419497384907,0.5,1e-06,1.0,Utsuroi,1e-06,0.9207401270369098,2.0,0
2005-01-19,0.3237992388452079,3.0,0.3278688524590164,0.0,0.0,0,0.0,0.8423087544881317,0.0,1e-06,0.3178232330226517,Katashi,1e-06,0.9207401270369098,2.0,0
2005-01-20,0.3382278868246625,3.0,0.3278688524590164,1.4367940169909663e-10,0.9999999998553206,1,2.078744669737764e-20,0.8423087544881317,0.5,1e-06,0.6808661729415678,Katashi,1e-06,0.9207401270369098,2.0,0
2005-01-21,0.31897434105289757,2.0,0.48780487804878053,2.8271052165534476e-11,0.999999999970729,1,8.275228173196996e-22,0.5661419497384907,0.5,1e-06,0.1511281419935363,Utsuroi,1e-06,0.9207401270369098,2.0,0
2005-01-24,0.31016954625118204,3.0,0.3278688524590164,6.611122760121998e-11,0.9999999999328888,1,4.4368041801963026e-21,0.8423087544881317,0.5,1e-06,0.07552869980368371,Katashi,1e-06,0.9207401270369098,2.0,0
2005-01-25,0.30490953135844584,3.0,0.3278688524590164,2.303379709160981e-11,0.9999999999759662,1,5.535890960084907e-22,0.8423087544881317,0.5,1e-06,1.0,Katashi,1e-06,0.9207401270369098,2.0,0
2005-01-26,0.3240147491754765,3.0,0.3278688524590164,3.7281067121575615e-11,0.999999999961719,1,1.427158208150967e-21,0.8423087544881317,0.5,1e-06,1.0,Katashi,1e-06,0.9207401270369098,2.0,0
2005-01-27,0.3246834350051532,2.0,0.48780487804878053,3.73292508008425e-11,0.9999999999616708,1,1.4308013903932064e-21,0.5661419497384907,0.5,1e-06,0.1511281419935363,Utsuroi,1e-06,0.9207401270369098,2.0,0
2005-01-28,0.3382891013108999,2.0,0.48780487804878053,5.596190177763381e-11,0.9999999999430381,1,3.1876951144644e-21,0.5661419497384907,0.5,1e-06,1.0,Utsuroi,1e-06,0.9207401270369098,2.0,0
2005-01-31,0.3343916593992944,1.0,0.9523809523809523,1.9279022822410725e-11,0.999999999979721,1,3.909593173282517e-22,0.2899751449882974,0.5,1e-06,0.5858930983628514,Utsuroi,1e-06,0.9207401270369098,2.0,0
2005-02-01,0.3358194108357068,1.0,0.9523809523809523,0.0,0.0,0,0.0,0.2899751449882974,0.0,1e-06,1.0,Utsuroi,1e-06,0.9207401270369098,2.0,0
2005-02-02,0.3530919441382577,1.0,0.9523809523809523,0.0,0.0,0,0.0,0.2899751449882974,0.0,1e-06,1.0,Utsuroi,1e-06,0.9207401270369098,2.0,0
2005-02-03,0.37875305405037796,1.0,0.9523809523809523,7.810849741713251e-10,0.999999999217915,1,6.108748048103254e-19,0.2899751449882974,0.5,1e-06,0.3833213252045574,Utsuroi,1e-06,0.9207401270369098,2.0,0
2005-02-04,0.3291264254205008,1.0,0.9523809523809523,0.0,0.0,0,0.0,0.2899751449882974,0.0,1e-06,1.0,Utsuroi,1e-06,0.9207401270369098,2.0,0
2005-02-07,0.3388272444832842,3.0,0.3278688524590164,0.0,0.0,0,0.0,0.8423087544881317,0.0,1e-06,0.058589972001791724,Katashi,1e-06,0.9207401270369098,2.0,0
2005-02-08,0.3335066340363997,2.0,0.48780487804878053,0.0,0.0,0,0.0,0.5661419497384907,0.0,1e-06,0.05342410777452744,Utsuroi,1e-06,0.9207401270369098,2.0,0
2005-02-09,0.3228509967138558,2.0,0.48780487804878053,0.0,0.0,0,0.0,0.5661419497384907,0.0,1e-06,1.0,Utsuroi,1e-06,0.9207401270369098,2.0,0
2005-02-10,0.33052750317076435,2.0,0.48780487804878053,0.0,0.0,0,0.0,0.5661419497384907,0.0,1e-06,1.0,Utsuroi,1e-06,0.9207401270369098,2.0,0
2005-02-11,0.34439105792299596,2.0,0.48780487804878053,0.0,0.0,0,0.0,0.5661419497384907,0.0,1e-06,1.0,Utsuroi,1e-06,0.9207401270369098,2.0,0
2005-02-14,0.34306426434669374,2.0,0.48780487804878053,0.0,0.0,0,0.0,0.5661419497384907,0.0,1e-06,1.0,Utsuroi,1e-06,0.9207401270369098,2.0,0
2005-02-15,0.34384234333677877,2.0,0.48780487804878053,0.0,0.0,0,0.0,0.5661419497384907,0.0,1e-06,1.0,Utsuroi,1e-06,0.9207401270369098,2.0,0
2005-02-16,0.3774303903961612,3.0,0.3278688524590164,0.0,0.0,0,0.0,0.8423087544881317,0.0,1e-06,0.024520547991189856,Katashi,1e-06,0.9207401270369098,2.0,0
2005-02-17,0.38967838845016906,3.0,0.3278688524590164,0.0,0.0,0,0.0,0.8423087544881317,0.0,1e-06,1.0,Katashi,1e-06,0.9207401270369098,2.0,0
2005-02-18,0.3650449919806495,2.0,0.48780487804878053,0.0,0.0,0,0.0,0.5661419497384907,0.0,1e-06,0.05342410777452744,Utsuroi,1e-06,0.9207401270369098,2.0,0
2005-02-22,0.35872759292273493,2.0,0.48780487804878053,0.0,0.0,0,0.0,0.5661419497384907,0.0,1e-06,1.0,Utsuroi,1e-06,0.9207401270369098,2.0,0
2005-02-23,0.3589135928356393,3.5,0.28169014084507044,0.0,0.0,0,0.0,0.9803921568627451,0.0,1e-06,0.016172920475686747,Katashi,1e-06,0.9207401270369098,2.0,0
2005-02-24,0.3509606297146443,3.5,0.28169014084507044,0.0,0.0,0,0.0,0.9803921568627451,0.0,1e-06,1.0,Katashi,1e-06,0.9207401270369098,2.0,0
2005-02-25,0.3916167166893425,3.5,0.28169014084507044,0.0,0.0,0,0.0,0.9803921568627451,0.0,1e-06,1.0,Katashi,1e-06,0.9207401270369098,2.0,0
2005-02-28,0.396525971184368,3.0,0.3278688524590164,1.1889578210136535e-10,0.9999999998801042,1,1.4255100154272003e-20,0.8423087544881317,0.5,1e-06,0.8782335606227453,Katashi,1e-06,0.9207401270369098,2.0,0
2005-03-01,0.38591947272069715,3.0,0.3278688524590164,0.0,0.0,0,0.0,0.8423087544881317,0.0,1e-06,1.0,Katashi,1e-06,0.9207401270369098,2.0,0
2005-03-02,0.39832182338105787,3.0,0.3278688524590164,0.0,0.0,0,0.0,0.8423087544881317,0.0,1e-06,1.0,Katashi,1e-06,0.9207401270369098,2.0,0
2005-03-03,0.3978739649091072,3.0,0.3278688524590164,0.0,0.0,0,0.0,0.8423087544881317,0.0,1e-06,1.0,Katashi,1e-06,0.9207401270369098,2.0,0
2005-03-04,0.4577623097674713,3.5,0.28169014084507044,0.0,0.0,0,0.0,0.9803921568627451,0.0,1e-06,0.010190487869546572,Katashi,1e-06,0.9207401270369098,2.0,0
2005-03-07,0.4344707716038082,3.0,0.3278688524590164,0.0,0.0,0,0.0,0.8423087544881317,0.0,1e-06,0.013780305207015897,Katashi,1e-06,0.9207401270369098,2.0,0
2005-03-08,0.39285195907728465,3.0,0.3278688524590164,0.0,0.0,0,0.0,0.8423087544881317,0.0,1e-06,1.0,Katashi,1e-06,0.9207401270369098,2.0,0
2005-03-09,0.40495207945308953,3.0,0.3278688524590164,0.0,0.0,0,0.0,0.8423087544881317,0.0,1e-06,1.0,Katashi,1e-06,0.9207401270369098,2.0,0
2005-03-10,0.40390938547201244,2.5,0.3921568627450981,0.0,0.0,0,0.0,0.7042253521133802,0.0,1e-06,0.02731572574003016,Utsuroi,1e-06,0.9207401270369098,2.0,0
2005-03-11,0.40663655380379143,3.0,0.3278688524590164,0.0,0.0,0,0.0,0.8423087544881317,0.0,1e-06,0.019173896990426154,Katashi,1e-06,0.9207401270369098,2.0,0
2005-03-14,0.3979947686452514,3.0,0.3278688524590164,0.0,0.0,0,0.0,0.8423087544881317,0.0,1e-06,1.0,Katashi,1e-06,0.9207401270369098,2.0,0
2005-03-15,0.3868622123767927,2.5,0.3921568627450981,0.0,0.0,0,0.0,0.7042253521133802,0.0,1e-06,0.02731572574003016,Utsuroi,1e-06,0.9207401270369098,2.0,0
2005-03-16,0.32943231234983117,2.0,0.48780487804878053,5.7101212645438605e-11,0.9999999999418988,1,3.3176484351443426e-21,0.5661419497384907,0.5,1e-06,0.9735731642833151,Utsuroi,1e-06,0.9207401270369098,2.0,0
2005-03-17,0.29706583330971836,2.0,0.48780487804878053,9.480045632885869e-10,0.9999999990509955,1,8.99660636034672e-19,0.5661419497384907,0.5,1e-06,1.0,Utsuroi,1e-06,0.9207401270369098,2.0,0
2005-03-18,0.2679930300047789,2.0,0.48780487804878053,0.0,0.0,0,0.0,0.5661419497384907,0.0,1e-06,1.0,Utsuroi,1e-06,0.9207401270369098,2.0,0
2005-03-21,0.30408279685430695,2.0,0.48780487804878053,0.0,0.0,0,0.0,0.5661419497384907,0.0,1e-06,1.0,Utsuroi,1e-06,0.9207401270369098,2.0,0
2005-03-22,0.367682782213773,3.0,0.3278688524590164,0.0,0.0,0,0.0,0.8423087544881317,0.0,1e-06,0.024520547991189856,Katashi,1e-06,0.9207401270369098,2.0,0
2005-03-23,0.36467201086625367,3.0,0.3278688524590164,2.5990543050716097e-11,0.9999999999730095,1,7.014982961757776e-22,0.8423087544881317,0.5,1e-06,0.6808661729415678,Katashi,1e-06,0.9207401270369098,2.0,0
2005-03-24,0.3855933964776134,2.0,0.48780487804878053,0.3651303445742115,0.880898808573906,2,0.043487459064608824,0.5661419497384907,1.0,1e-06,0.9200496245313418,Utsuroi,1e-06,0.9207401270369098,2.0,0
2005-03-28,0.3864211529025792,2.0,0.48780487804878053,5.678780777332347e-10,0.9999999994311219,1,3.2305337677717586e-19,0.5661419497384907,0.5,1e-06,0.5989205241803943,Utsuroi,1e-06,0.9207401270369098,2.0,0
2005-03-29,0.3560798283006657,1.0,0.9523809523809523,9.489862224860282e-10,0.9999999990500138,1,9.015238161257971e-19,0.2899751449882974,0.5,1e-06,0.5858930983628514,Utsuroi,1e-06,0.9207401270369098,2.0,0
2005-03-30,0.34342871974447603,1.0,0.9523809523809523,0.0,0.0,0,0.0,0.2899751449882974,0.0,1e-06,1.0,Utsuroi,1e-06,0.9207401270369098,2.0,0
2005-03-31,0.3498077916685477,2.0,0.48780487804878053,0.547187100756974,0.7633504173801321,2,0.1294915990091135,0.5661419497384907,1.0,1e-06,0.08102899219802928,Utsuroi,1e-06,0.9207401270369098,2.0,0
2005-04-01,0.35688761490531995,3.0,0.3278688524590164,0.6880476470660792,0.5504522505640985,2,0.30931027124322336,0.8423087544881317,1.0,1e-06,0.12549464777825892,Katashi,1e-06,0.9207401270369098,2.0,0
2005-04-04,0.34776861626998223,3.0,0.3278688524590164,0.6521189117260213,0.6422392626133515,2,0.23330254272288012,0.8423087544881317,1.0,1e-06,0.42757498506883573,Katashi,1e-06,0.9207401270369098,2.0,0
2005-04-05,0.37547103956759853,3.0,0.3278688524590164,0.0,0.0,0,0.0,0.8423087544881317,0.0,1e-06,1.0,Katashi,1e-06,0.9207401270369098,2.0,0
2005-04-06,0.3072184690126264,2.5,0.3921568627450981,1.7104540005105082e-10,0.9999999998279546,1,2.942757049738795e-20,0.7042253521133802,0.5,1e-06,0.9389048049303697,Utsuroi,1e-06,0.9207401270369098,2.0,0
2005-04-07,0.3170551101882297,2.0,0.48780487804878053,4.588684987428858e-11,0.9999999999531132,1,2.1514888262141517e-21,0.5661419497384907,0.5,1e-06,0.15880616864133812,Utsuroi,1e-06,0.9207401270369098,2.0,0
2005-04-08,0.32693561552698613,2.0,0.48780487804878053,0.44633830205088804,0.8359418883224649,2,0.07322541900382601,0.5661419497384907,1.0,1e-06,0.30327268049165257,Utsuroi,1e-06,0.9207401270369098,2.0,0
2005-04-11,0.32366007676584535,2.0,0.48780487804878053,0.10192520710154943,0.9789949562847748,2,0.0021409434308514233,0.5661419497384907,1.0,1e-06,0.9919448742008112,Utsuroi,1e-06,0.9207401270369098,2.0,0
2005-04-12,0.343103760892929,3.0,0.3278688524590164,1.2506484735923882e-10,0.9999999998739352,1,1.5766278126693116e-20,0.8423087544881317,0.5,1e-06,0.5816689263943904,Katashi,1e-06,0.9207401270369098,2.0,0
2005-04-13,0.384158498588552,1.0,0.9523809523809523,1.3941181542409433e-11,0.9999999999850588,1,2.082974159394598e-22,0.2899751449882974,0.5,1e-06,0.5119069683569215,Utsuroi,1e-06,0.9207401270369098,2.0,0
2005-04-14,0.4265089830329133,2.0,0.48780487804878053,3.108824309043438e-11,0.9999999999679118,1,9.975664138309523e-22,0.5661419497384907,0.5,1e-06,0.24272688780630247,Utsuroi,1e-06,0.9207401270369098,2.0,0
2005-04-15,0.42093963367084386,2.0,0.48780487804878053,0.0,0.0,0,0.0,0.5661419497384907,0.0,1e-06,1.0,Utsuroi,1e-06,0.9207401270369098,2.0,0
2005-04-18,0.42674962252652765,2.0,0.48780487804878053,1.6495582677425566e-11,0.9999999999825044,1,2.885994656370611e-22,0.5661419497384907,0.5,1e-06,0.5575265728273981,Utsuroi,1e-06,0.9207401270369098,2.0,0
2005-04-19,0.4469822492389406,1.0,0.9523809523809523,3.108824309043438e-11,0.9999999999679118,1,9.975664138309523e-22,0.2899751449882974,0.5,1e-06,0.5858930983628514,Utsuroi,1e-06,0.9207401270369098,2.0,0
2005-04-20,0.4458795910844963,1.0,0.9523809523809523,2.720268454896839e-11,0.9999999999717973,1,7.671881294602826e-22,0.2899751449882974,0.5,1e-06,1.0,Utsuroi,1e-06,0.9207401270369098,2.0,0
2005-04-21,0.3933524166674739,3.0,0.3278688524590164,1.3655210294891626e-10,0.9999999998624479,1,1.878302590324469e-20,0.8423087544881317,0.5,1e-06,0.1078166220629998,Katashi,1e-06,0.9207401270369098,2.0,0
2005-04-22,0.3284556492429489,3.0,0.3278688524590164,0.0,0.0,0,0.0,0.8423087544881317,0.0,1e-06,1.0,Katashi,1e-06,0.9207401270369098,2.0,0
2005-04-25,0.3296003513394818,3.0,0.3278688524590164,0.0,0.0,0,0.0,0.8423087544881317,0.0,1e-06,1.0,Katashi,1e-06,0.9207401270369098,2.0,0
2005-04-26,0.349209486166008,3.0,0.3278688524590164,0.6929986524357159,0.5086174467385921,2,0.34052744724057704,0.8423087544881317,1.0,1e-06,0.18606858052615238,Katashi,1e-06,0.9207401270369098,2.0,0
2005-04-27,0.36524248698161743,2.0,0.48780487804878053,4.550537724304519e-11,0.9999999999534946,1,2.1162437286668667e-21,0.5661419497384907,0.5,1e-06,0.674206550643057,Utsuroi,1e-06,0.9207401270369098,2.0,0
2005-04-28,0.390096618357488,2.0,0.48780487804878053,0.0,0.0,0,0.0,0.5661419497384907,0.0,1e-06,1.0,Utsuroi,1e-06,0.9207401270369098,2.0,0
2005-04-29,0.39644425622686497,2.0,0.48780487804878053,0.0,0.0,0,0.0,0.5661419497384907,0.0,1e-06,1.0,Utsuroi,1e-06,0.9207401270369098,2.0,0
2005-05-02,0.3872394525973543,2.0,0.48780487804878053,4.478872828068272e-11,0.9999999999542113,1,2.0508179185247294e-21,0.5661419497384907,0.5,1e-06,0.5575265728273981,Utsuroi,1e-06,0.9207401270369098,2.0,0
2005-05-03,0.38302211058681146,2.0,0.48780487804878053,1.9403811890376053e-11,0.9999999999795962,1,3.959112985258086e-22,0.5661419497384907,0.5,1e-06,1.0,Utsuroi,1e-06,0.9207401270369098,2.0,0
2005-05-04,0.38583505866114565,2.0,0.48780487804878053,1.904920665631795e-11,0.9999999999799508,1,3.81921059494027e-22,0.5661419497384907,0.5,1e-06,1.0,Utsuroi,1e-06,0.9207401270369098,2.0,0
2005-05-05,0.39665286404416844,3.0,0.3278688524590164,2.7280955272202254e-11,0.9999999999717191,1,7.715308723453412e-22,0.8423087544881317,0.5,1e-06,0.07552869980368371,Katashi,1e-06,0.9207401270369098,2.0,0
2005-05-06,0.3976064997804129,3.0,0.3278688524590164,6.283351616583373e-11,0.9999999999361665,1,4.010882880070446e-21,0.8423087544881317,0.5,1e-06,1.0,Katashi,1e-06,0.9207401270369098,2.0,0
2005-05-09,0.40681504485852316,2.5,0.3921568627450981,0.0,0.0,0,0.0,0.7042253521133802,0.0,1e-06,0.5736553021610853,Utsuroi,1e-06,0.9207401270369098,2.0,0
2005-05-10,0.4005866114561767,1.0,0.9523809523809523,8.166289866209716e-11,0.9999999999173371,1,6.750490110313226e-21,0.2899751449882974,0.5,1e-06,0.9551500407729117,Utsuroi,1e-06,0.9207401270369098,2.0,0
2005-05-11,0.40064621368969194,3.0,0.3278688524590164,1.3013801146961106e-10,0.999999999868862,1,1.70660371629765e-20,0.8423087544881317,0.5,1e-06,0.1078166220629998,Katashi,1e-06,0.9207401270369098,2.0,0
2005-05-12,0.3986495388669302,3.0,0.3278688524590164,4.4696801814247967e-11,0.9999999999543032,1,2.042499905512914e-21,0.8423087544881317,0.5,1e-06,1.0,Katashi,1e-06,0.9207401270369098,2.0,0
2005-05-13,0.37760995043603734,2.0,0.48780487804878053,5.943601166608692e-11,0.999999999939564,1,3.592074179719008e-21,0.5661419497384907,0.5,1e-06,0.1511281419935363,Utsuroi,1e-06,0.9207401270369098,2.0,0
2005-05-16,0.35397766484723003,3.0,0.3278688524590164,0.0,0.0,0,0.0,0.8423087544881317,0.0,1e-06,0.3178232330226517,Katashi,1e-06,0.9207401270369098,2.0,0
2005-05-17,0.35150417215634616,3.0,0.3278688524590164,0.0,0.0,0,0.0,0.8423087544881317,0.0,1e-06,1.0,Katashi,1e-06,0.9207401270369098,2.0,0
2005-05-18,0.40255348516218087,3.0,0.3278688524590164,0.0,0.0,0,0.0,0.8423087544881317,0.0,1e-06,1.0,Katashi,1e-06,0.9207401270369098,2.0,0
2005-05-19,0.37921921074094994,2.0,0.48780487804878053,0.0,0.0,0,0.0,0.5661419497384907,0.0,1e-06,0.05342410777452744,Utsuroi,1e-06,0.9207401270369098,2.0,0
2005-05-20,0.37817617165443257,2.0,0.48780487804878053,0.0,0.0,0,0.0,0.5661419497384907,0.0,1e-06,1.0,Utsuroi,1e-06,0.9207401270369098,2.0,0
2005-05-23,0.41077859338728906,2.0,0.48780487804878053,0.0,0.0,0,0.0,0.5661419497384907,0.0,1e-06,1.0,Utsuroi,1e-06,0.9207401270369098,2.0,0
2005-05-24,0.4270798042537172,2.0,0.48780487804878053,0.0,0.0,0,0.0,0.5661419497384907,0.0,1e-06,1.0,Utsuroi,1e-06,0.9207401270369098,2.0,0
2005-05-25,0.41378850617981056,2.0,0.48780487804878053,0.0,0.0,0,0.0,0.5661419497384907,0.0,1e-06,1.0,Utsuroi,1e-06,0.9207401270369098,2.0,0
2005-05-26,0.4166406237222146,3.0,0.3278688524590164,0.0,0.0,0,0.0,0.8423087544881317,0.0,1e-06,0.024520547991189856,Katashi,1e-06,0.9207401270369098,2.0,0
2005-05-27,0.4152384224687271,2.0,0.48780487804878053,0.0,0.0,0,0.0,0.5661419497384907,0.0,1e-06,0.05342410777452744,Utsuroi,1e-06,0.9207401270369098,2.0,0
2005-05-31,0.41234760471956,1.0,0.9523809523809523,0.0,0.0,0,0.0,0.2899751449882974,0.0,1e-06,0.4739595708973481,Utsuroi,1e-06,0.9207401270369098,2.0,0
2005-06-01,0.3846905368956108,3.0,0.3278688524590164,0.0,0.0,0,0.0,0.8423087544881317,0.0,1e-06,0.058589972001791724,Katashi,1e-06,0.9207401270369098,2.0,0
2005-06-02,0.41848656743398654,2.0,0.48780487804878053,0.0,0.0,0,0.0,0.5661419497384907,0.0,1e-06,0.05342410777452744,Utsuroi,1e-06,0.9207401270369098,2.0,0
2005-06-03,0.44007891165849505,2.0,0.48780487804878053,0.0,0.0,0,0.0,0.5661419497384907,0.0,1e-06,1.0,Utsuroi,1e-06,0.9207401270369098,2.0,0
2005-06-06,0.439079795655572,2.0,0.48780487804878053,0.0,0.0,0,0.0,0.5661419497384907,0.0,1e-06,1.0,Utsuroi,1e-06,0.9207401270369098,2.0,0
2005-06-07,0.44152421110940243,3.0,0.3278688524590164,0.0,0.0,0,0.0,0.8423087544881317,0.0,1e-06,0.024520547991189856,Katashi,1e-06,0.9207401270369098,2.0,0
2005-06-08,0.43706871268097425,2.0,0.48780487804878053,0.0,0.0,0,0.0,0.5661419497384907,0.0,1e-06,0.05342410777452744,Utsuroi,1e-06,0.9207401270369098,2.0,0
2005-06-09,0.43533927993035726,2.0,0.48780487804878053,0.0,0.0,0,0.0,0.5661419497384907,0.0,1e-06,1.0,Utsuroi,1e-06,0.9207401270369098,2.0,0
2005-06-10,0.4396308848424271,2.0,0.48780487804878053,0.0,0.0,0,0.0,0.5661419497384907,0.0,1e-06,1.0,Utsuroi,1e-06,0.9207401270369098,2.0,0
2005-06-13,0.4409317784722963,2.0,0.48780487804878053,0.0,0.0,0,0.0,0.5661419497384907,0.0,1e-06,1.0,Utsuroi,1e-06,0.9207401270369098,2.0,0
2005-06-14,0.4208595053237989,3.0,0.3278688524590164,0.0,0.0,0,0.0,0.8423087544881317,0.0,1e-06,0.024520547991189856,Katashi,1e-06,0.9207401270369098,2.0,0
2005-06-15,0.4050159492099765,3.0,0.3278688524590164,0.0,0.0,0,0.0,0.8423087544881317,0.0,1e-06,1.0,Katashi,1e-06,0.9207401270369098,2.0,0
2005-06-16,0.41140809095015224,3.0,0.3278688524590164,1.7798584826597435e-10,0.9999999998210142,1,3.185694409672218e-20,0.8423087544881317,0.5,1e-06,0.6808661729415678,Katashi,1e-06,0.9207401270369098,2.0,0
2005-06-17,0.45109950436037394,2.0,0.48780487804878053,2.5324631280563677e-11,0.9999999999736754,1,6.666610205614247e-22,0.5661419497384907,0.5,1e-06,0.1511281419935363,Utsuroi,1e-06,0.9207401270369098,2.0,0
2005-06-20,0.42165600100382716,3.0,0.3278688524590164,4.0721981341658715e-11,0.999999999958278,1,1.6990008449272077e-21,0.8423087544881317,0.5,1e-06,0.07552869980368371,Katashi,1e-06,0.9207401270369098,2.0,0
2005-06-21,0.42955329694460137,2.0,0.48780487804878053,2.7976398974807544e-11,0.9999999999710236,1,8.106546796980829e-22,0.5661419497384907,0.5,1e-06,0.1511281419935363,Utsuroi,1e-06,0.9207401270369098,2.0,0
2005-06-22,0.4064574314574315,3.0,0.3278688524590164,1.8727908112997822e-11,0.9999999999802721,1,3.694620361119807e-22,0.8423087544881317,0.5,1e-06,0.07552869980368371,Katashi,1e-06,0.9207401270369098,2.0,0
2005-06-23,0.421506995420039,3.0,0.3278688524590164,0.0,0.0,0,0.0,0.8423087544881317,0.0,1e-06,1.0,Katashi,1e-06,0.9207401270369098,2.0,0
2005-06-24,0.418944099378882,3.0,0.3278688524590164,0.0,0.0,0,0.0,0.8423087544881317,0.0,1e-06,1.0,Katashi,1e-06,0.9207401270369098,2.0,0
2005-06-27,0.4287188656753874,3.0,0.3278688524590164,1.0702161378744507e-10,0.9999999998919784,1,1.1560645064578657e-20,0.8423087544881317,0.5,1e-06,0.6808661729415678,Katashi,1e-06,0.9207401270369098,2.0,0
2005-06-28,0.4190633038459126,3.0,0.3278688524590164,1.6889867281100265e-10,0.9999999998301013,1,2.869565661623755e-20,0.8423087544881317,0.5,1e-06,1.0,Katashi,1e-06,0.9207401270369098,2.0,0
2005-06-29,0.3969210740949871,2.0,0.48780487804878053,1.651261349739602e-10,0.9999999998338739,1,2.7431762935816823e-20,0.5661419497384907,0.5,1e-06,0.1511281419935363,Utsuroi,1e-06,0.9207401270369098,2.0,0
2005-06-30,0.3554081184515967,2.0,0.48780487804878053,0.0,0.0,0,0.0,0.5661419497384907,0.0,1e-06,1.0,Utsuroi,1e-06,0.9207401270369098,2.0,0
2005-07-01,0.37142517497589495,2.0,0.48780487804878053,0.0,0.0,0,0.0,0.5661419497384907,0.0,1e-06,1.0,Utsuroi,1e-06,0.9207401270369098,2.0,0
2005-07-05,0.3305167251579746,3.0,0.3278688524590164,0.0,0.0,0,0.0,0.8423087544881317,0.0,1e-06,0.024520547991189856,Katashi,1e-06,0.9207401270369098,2.0,0
2005-07-06,0.28186144221525194,3.0,0.3278688524590164,0.0,0.0,0,0.0,0.8423087544881317,0.0,1e-06,1.0,Katashi,1e-06,0.9207401270369098,2.0,0
2005-07-07,0.25442495860111924,3.0,0.3278688524590164,0.0,0.0,0,0.0,0.8423087544881317,0.0,1e-06,1.0,Katashi,1e-06,0.9207401270369098,2.0,0
2005-07-08,0.2846033638970783,2.0,0.48780487804878053,2.8429369968841377e-11,0.9999999999705707,1,8.366578178998326e-22,0.5661419497384907,0.5,1e-06,0.7226449239319699,Utsuroi,1e-06,0.9207401270369098,2.0,0
2005-07-11,0.3194304739424614,2.0,0.48780487804878053,0.0,0.0,0,0.0,0.5661419497384907,0.0,1e-06,1.0,Utsuroi,1e-06,0.9207401270369098,2.0,0
2005-07-12,0.32677770391854316,2.0,0.48780487804878053,0.0,0.0,0,0.0,0.5661419497384907,0.0,1e-06,1.0,Utsuroi,1e-06,0.9207401270369098,2.0,0
2005-07-13,0.33877607773312746,2.0,0.48780487804878053,0.0,0.0,0,0.0,0.5661419497384907,0.0,1e-06,1.0,Utsuroi,1e-06,0.9207401270369098,2.0,0
2005-07-14,0.331150009410879,2.0,0.48780487804878053,0.0,0.0,0,0.0,0.5661419497384907,0.0,1e-06,1.0,Utsuroi,1e-06,0.9207401270369098,2.0,0
2005-07-15,0.3146103896103896,2.0,0.48780487804878053,0.0,0.0,0,0.0,0.5661419497384907,0.0,1e-06,1.0,Utsuroi,1e-06,0.9207401270369098,2.0,0
2005-07-18,0.3233719179371353,2.0,0.48780487804878053,0.0,0.0,0,0.0,0.5661419497384907,0.0,1e-06,1.0,Utsuroi,1e-06,0.9207401270369098,2.0,0
2005-07-19,0.31603975318719146,3.0,0.3278688524590164,0.0,0.0,0,0.0,0.8423087544881317,0.0,1e-06,0.024520547991189856,Katashi,1e-06,0.9207401270369098,2.0,0
2005-07-20,0.3091692448130151,2.0,0.48780487804878053,7.364286957744076e-11,0.9999999999253572,1,5.496913480275557e-21,0.5661419497384907,0.5,1e-06,0.7226449239319699,Utsuroi,1e-06,0.9207401270369098,2.0,0
2005-07-21,0.2917348087096514,1.0,0.9523809523809523,1.9536250393263385e-10,0.9999999998036375,1,3.836186612877269e-20,0.2899751449882974,0.5,1e-06,0.5858930983628514,Utsuroi,1e-06,0.9207401270369098,2.0,0
2005-07-22,0.26929363348129914,2.0,0.48780487804878053,0.503818987027859,0.7975216673193967,2,0.1020124284662314,0.5661419497384907,1.0,1e-06,0.09890662449760057,Utsuroi,1e-06,0.9207401270369098,2.0,0
2005-07-25,0.2735260233513233,2.0,0.48780487804878053,0.2339072941573864,0.9374572936156209,2,0.014629195219650008,0.5661419497384907,1.0,1e-06,0.9450402487382331,Utsuroi,1e-06,0.9207401270369098,2.0,0
2005-07-26,0.27319804272287207,1.0,0.9523809523809523,9.9443786538106e-12,0.9999999999890556,1,1.0883482547800376e-22,0.2899751449882974,0.5,1e-06,0.27831427468889813,Utsuroi,1e-06,0.9207401270369098,2.0,0
2005-07-27,0.28909727940990965,3.0,0.3278688524590164,1.6041057371151876e-11,0.999999999982959,1,2.733562241022773e-22,0.8423087544881317,0.5,1e-06,0.1078166220629998,Katashi,1e-06,0.9207401270369098,2.0,0
2005-07-28,0.3541268345671268,3.0,0.3278688524590164,9.347966844988316e-12,0.999999999989652,1,9.673224418737869e-23,0.8423087544881317,0.5,1e-06,1.0,Katashi,1e-06,0.9207401270369098,2.0,0
2005-07-29,0.3678506486512978,2.0,0.48780487804878053,0.0,0.0,0,0.0,0.5661419497384907,0.0,1e-06,0.3380362030924259,Utsuroi,1e-06,0.9207401270369098,2.0,0
2005-08-01,0.3827813448351091,2.5,0.3921568627450981,0.0,0.0,0,0.0,0.7042253521133802,0.0,1e-06,0.04051495018318063,Utsuroi,1e-06,0.9207401270369098,2.0,0
2005-08-02,0.4060590219653173,3.0,0.3278688524590164,6.710632049812422e-11,0.9999999999318937,1,4.570363086943453e-21,0.8423087544881317,0.5,1e-06,0.3057230047891961,Katashi,1e-06,0.9207401270369098,2.0,0
2005-08-03,0.38851952861337735,2.0,0.48780487804878053,6.41170450045201e-11,0.999999999934883,1,4.175111086872756e-21,0.5661419497384907,0.5,1e-06,0.1511281419935363,Utsuroi,1e-06,0.9207401270369098,2.0,0
2005-08-04,0.400857897996332,3.0,0.3278688524590164,3.5517810913931883e-11,0.9999999999634822,1,1.297031917340343e-21,0.8423087544881317,0.5,1e-06,0.07552869980368371,Katashi,1e-06,0.9207401270369098,2.0,0
2005-08-05,0.42763542610652305,2.0,0.48780487804878053,1.7404744312274786e-11,0.9999999999815953,1,3.2032948386799295e-22,0.5661419497384907,0.5,1e-06,0.1511281419935363,Utsuroi,1e-06,0.9207401270369098,2.0,0
2005-08-08,0.4432207199598874,2.0,0.48780487804878053,0.0,0.0,0,0.0,0.5661419497384907,0.0,1e-06,1.0,Utsuroi,1e-06,0.9207401270369098,2.0,0
2005-08-09,0.4677612704419367,2.5,0.3921568627450981,0.0,0.0,0,0.0,0.7042253521133802,0.0,1e-06,0.04051495018318063,Utsuroi,1e-06,0.9207401270369098,2.0,0
2005-08-10,0.45987994825328865,2.5,0.3921568627450981,0.0,0.0,0,0.0,0.7042253521133802,0.0,1e-06,1.0,Utsuroi,1e-06,0.9207401270369098,2.0,0
2005-08-11,0.45882205490302463,2.0,0.48780487804878053,0.0,0.0,0,0.0,0.5661419497384907,0.0,1e-06,0.0619858651895302,Utsuroi,1e-06,0.9207401270369098,2.0,0
2005-08-12,0.44134309809445066,2.0,0.48780487804878053,0.0,0.0,0,0.0,0.5661419497384907,0.0,1e-06,1.0,Utsuroi,1e-06,0.9207401270369098,2.0,0
2005-08-15,0.43941746659137965,2.0,0.48780487804878053,3.58402196802712e-11,0.9999999999631598,1,1.3203607735873648e-21,0.5661419497384907,0.5,1e-06,0.5575265728273981,Utsuroi,1e-06,0.9207401270369098,2.0,0
2005-08-16,0.41888449714536674,2.0,0.48780487804878053,0.65863227502997,0.6306061764382037,2,0.24329469439452522,0.5661419497384907,1.0,1e-06,0.1840034678811161,Utsuroi,1e-06,0.9207401270369098,2.0,0
2005-08-17,0.41441432963172103,2.0,0.48780487804878053,9.892497931430055e-11,0.999999999900075,1,9.885074323752221e-21,0.5661419497384907,0.5,1e-06,0.841508128570928,Utsuroi,1e-06,0.9207401270369098,2.0,0
2005-08-18,0.4289572746094486,3.0,0.3278688524590164,1.9678703111267594e-11,0.9999999999793213,1,4.069296239301155e-22,0.8423087544881317,0.5,1e-06,0.07552869980368371,Katashi,1e-06,0.9207401270369098,2.0,0
2005-08-19,0.4086031118639815,3.0,0.3278688524590164,0.0,0.0,0,0.0,0.8423087544881317,0.0,1e-06,1.0,Katashi,1e-06,0.9207401270369098,2.0,0
2005-08-22,0.4217752054708577,3.0,0.3278688524590164,1.4711898366092404e-11,0.9999999999842881,1,2.311515264496352e-22,0.8423087544881317,0.5,1e-06,0.6808661729415678,Katashi,1e-06,0.9207401270369098,2.0,0
2005-08-23,0.4430830039525692,2.0,0.48780487804878053,2.7255531164939058e-11,0.9999999999717445,1,7.701189073195374e-22,0.5661419497384907,0.5,1e-06,0.1511281419935363,Utsuroi,1e-06,0.9207401270369098,2.0,0
2005-08-24,0.43771880293619425,2.0,0.48780487804878053,0.0,0.0,0,0.0,0.5661419497384907,0.0,1e-06,1.0,Utsuroi,1e-06,0.9207401270369098,2.0,0
2005-08-25,0.44636112679590945,2.0,0.48780487804878053,0.0,0.0,0,0.0,0.5661419497384907,0.0,1e-06,1.0,Utsuroi,1e-06,0.9207401270369098,2.0,0
2005-08-26,0.4468081435472741,2.0,0.48780487804878053,1.0156597784501149e-10,0.999999999897434,1,1.0417211587178416e-20,0.5661419497384907,0.5,1e-06,0.5575265728273981,Utsuroi,1e-06,0.9207401270369098,2.0,0
2005-08-29,0.4127752682100508,1.0,0.9523809523809523,5.469003028069487e-11,0.99999999994431,1,3.0456882326312537e-21,0.2899751449882974,0.5,1e-06,0.5858930983628514,Utsuroi,1e-06,0.9207401270369098,2.0,0
2005-08-30,0.4093481397829224,2.0,0.48780487804878053,0.0,0.0,0,0.0,0.5661419497384907,0.0,1e-06,0.39131995075039905,Utsuroi,1e-06,0.9207401270369098,2.0,0
2005-08-31,0.47336093857832995,2.5,0.3921568627450981,0.0,0.0,0,0.0,0.7042253521133802,0.0,1e-06,0.04051495018318063,Utsuroi,1e-06,0.9207401270369098,2.0,0
2005-09-01,0.47485099441621187,2.0,0.48780487804878053,4.526568009203974e-11,0.9999999999537343,1,2.0942464729806396e-21,0.5661419497384907,0.5,1e-06,0.9735731642833151,Utsuroi,1e-06,0.9207401270369098,2.0,0
2005-09-02,0.46844375431331947,3.0,0.3278688524590164,3.3439473411907326e-11,0.9999999999655605,1,1.1516371157587066e-21,0.8423087544881317,0.5,1e-06,0.07552869980368371,Katashi,1e-06,0.9207401270369098,2.0,0
2005-09-06,0.4589968003011481,2.0,0.48780487804878053,0.0,0.0,0,0.0,0.5661419497384907,0.0,1e-06,0.3380362030924259,Utsuroi,1e-06,0.9207401270369098,2.0,0
2005-09-07,0.4363777526821005,3.5,0.28169014084507044,0.0,0.0,0,0.0,0.9803921568627451,0.0,1e-06,0.016172920475686747,Katashi,1e-06,0.9207401270369098,2.0,0
2005-09-08,0.4370631783675262,3.5,0.28169014084507044,0.0,0.0,0,0.0,0.9803921568627451,0.0,1e-06,1.0,Katashi,1e-06,0.9207401270369098,2.0,0
2005-09-09,0.4462121212121213,3.5,0.28169014084507044,0.0,0.0,0,0.0,0.9803921568627451,0.0,1e-06,1.0,Katashi,1e-06,0.9207401270369098,2.0,0
2005-09-12,0.459503419286028,3.0,0.3278688524590164,0.0,0.0,0,0.0,0.8423087544881317,0.0,1e-06,0.013780305207015897,Katashi,1e-06,0.9207401270369098,2.0,0
2005-09-13,0.4463229147870863,3.0,0.3278688524590164,0.0,0.0,0,0.0,0.8423087544881317,0.0,1e-06,1.0,Katashi,1e-06,0.9207401270369098,2.0,0
2005-09-14,0.4511348482077855,2.0,0.48780487804878053,0.0,0.0,0,0.0,0.5661419497384907,0.0,1e-06,0.05342410777452744,Utsuroi,1e-06,0.9207401270369098,2.0,0
2005-09-15,0.44686774578078936,2.0,0.48780487804878053,0.0,0.0,0,0.0,0.5661419497384907,0.0,1e-06,1.0,Utsuroi,1e-06,0.9207401270369098,2.0,0
2005-09-16,0.48414894284459503,2.0,0.48780487804878053,0.0,0.0,0,0.0,0.5661419497384907,0.0,1e-06,1.0,Utsuroi,1e-06,0.9207401270369098,2.0,0
2005-09-19,0.4547054394880482,2.0,0.48780487804878053,0.0,0.0,0,0.0,0.5661419497384907,0.0,1e-06,1.0,Utsuroi,1e-06,0.9207401270369098,2.0,0
2005-09-20,0.45324518476692405,2.0,0.48780487804878053,0.0,0.0,0,0.0,0.5661419497384907,0.0,1e-06,1.0,Utsuroi,1e-06,0.9207401270369098,2.0,0
2005-09-21,0.45551006964050456,2.0,0.48780487804878053,0.0,0.0,0,0.0,0.5661419497384907,0.0,1e-06,1.0,Utsuroi,1e-06,0.9207401270369098,2.0,0
2005-09-22,0.4410267268962922,2.0,0.48780487804878053,0.0,0.0,0,0.0,0.5661419497384907,0.0,1e-06,1.0,Utsuroi,1e-06,0.9207401270369098,2.0,0
2005-09-23,0.45300677583286286,2.0,0.48780487804878053,0.0,0.0,0,0.0,0.5661419497384907,0.0,1e-06,1.0,Utsuroi,1e-06,0.9207401270369098,2.0,0
2005-09-26,0.45908620365142105,2.0,0.48780487804878053,0.5614600567329876,0.7507950040701581,2,0.139918651152913,0.5661419497384907,1.0,1e-06,0.22327454903216792,Utsuroi,1e-06,0.9207401270369098,2.0,0
2005-09-27,0.44835780161867117,1.0,0.9523809523809523,7.286804492861239e-11,0.999999999926132,1,5.3826184048791565e-21,0.2899751449882974,0.5,1e-06,0.4966013903631422,Utsuroi,1e-06,0.9207401270369098,2.0,0
2005-09-28,0.46239412761151893,3.0,0.3278688524590164,1.6954992965007314e-11,0.999999999982045,1,3.0442640433757026e-22,0.8423087544881317,0.5,1e-06,0.1078166220629998,Katashi,1e-06,0.9207401270369098,2.0,0
2005-09-29,0.46164909969257795,3.0,0.3278688524590164,0.6180637113091837,0.6912911242590736,2,0.1908017534545226,0.8423087544881317,1.0,1e-06,0.3414436213735158,Katashi,1e-06,0.9207401270369098,2.0,0
2005-09-30,0.45160612334525385,3.0,0.3278688524590164,2.1590507159630754e-11,0.9999999999774095,1,4.877400289560393e-22,0.8423087544881317,0.5,1e-06,0.8597609370575999,Katashi,1e-06,0.9207401270369098,2.0,0
2005-10-03,0.4034773197816676,3.0,0.3278688524590164,0.6838997003477496,0.5678930761357697,2,0.295517795748935,0.8423087544881317,1.0,1e-06,0.24228930097569545,Katashi,1e-06,0.9207401270369098,2.0,0
2005-10-04,0.38705690444820884,3.0,0.3278688524590164,2.5594304453237993e-11,0.9999999999734057,1,6.806621587172744e-22,0.8423087544881317,0.5,1e-06,0.9038809693549127,Katashi,1e-06,0.9207401270369098,2.0,0
2005-10-05,0.3819609134826527,3.0,0.3278688524590164,3.971645234829716e-11,0.9999999999592836,1,1.6171121609195148e-21,0.8423087544881317,0.5,1e-06,1.0,Katashi,1e-06,0.9207401270369098,2.0,0
2005-10-06,0.3498055085011607,2.0,0.48780487804878053,1.068567456734443e-11,0.9999999999883143,1,1.2486907914175814e-22,0.5661419497384907,0.5,1e-06,0.1511281419935363,Utsuroi,1e-06,0.9207401270369098,2.0,0
2005-10-07,0.361815358554489,2.0,0.48780487804878053,8.188449918081128e-12,0.9999999999908116,1,7.523898083674821e-23,0.5661419497384907,0.5,1e-06,1.0,Utsuroi,1e-06,0.9207401270369098,2.0,0
2005-10-10,0.36434845347888833,2.0,0.48780487804878053,9.848566406786493e-12,0.9999999999891515,1,1.0684260880901489e-22,0.5661419497384907,0.5,1e-06,1.0,Utsuroi,1e-06,0.9207401270369098,2.0,0
2005-10-11,0.3245622833754658,2.0,0.48780487804878053,8.7658769131832e-12,0.9999999999902341,1,8.560628105439935e-23,0.5661419497384907,0.5,1e-06,1.0,Utsuroi,1e-06,0.9207401270369098,2.0,0
2005-10-12,0.35871567626383394,2.0,0.48780487804878053,0.4699639108328708,0.820940795955414,2,0.08415136380341462,0.5661419497384907,1.0,1e-06,0.30052979305206584,Utsuroi,1e-06,0.9207401270369098,2.0,0
2005-10-13,0.34445496229729144,2.0,0.48780487804878053,0.0,0.0,0,0.0,0.5661419497384907,0.0,1e-06,1.0,Utsuroi,1e-06,0.9207401270369098,2.0,0
2005-10-14,0.3548717446451858,3.0,0.3278688524590164,0.0,0.0,0,0.0,0.8423087544881317,0.0,1e-06,0.024520547991189856,Katashi,1e-06,0.9207401270369098,2.0,0
2005-10-17,0.3329655922622978,1.5,0.6451612903225806,0.0,0.0,0,0.0,0.42805854736346316,0.0,1e-06,0.1265235643799717,Utsuroi,1e-06,0.9207401270369098,2.0,0
2005-10-18,0.3418917379851059,1.5,0.6451612903225806,0.0,0.0,0,0.0,0.42805854736346316,0.0,1e-06,1.0,Utsuroi,1e-06,0.9207401270369098,2.0,0
2005-10-19,0.3618009630290561,2.0,0.48780487804878053,6.547362651822034e-11,0.9999999999335264,1,4.352267947721007e-21,0.5661419497384907,0.5,1e-06,0.24298760675473297,Utsuroi,1e-06,0.9207401270369098,2.0,0
2005-10-20,0.39888794780099135,2.0,0.48780487804878053,0.0,0.0,0,0.0,0.5661419497384907,0.0,1e-06,1.0,Utsuroi,1e-06,0.9207401270369098,2.0,0
2005-10-21,0.43461948679339985,2.0,0.48780487804878053,0.0,0.0,0,0.0,0.5661419497384907,0.0,1e-06,1.0,Utsuroi,1e-06,0.9207401270369098,2.0,0
2005-10-24,0.44284459501850815,2.0,0.48780487804878053,0.0,0.0,0,0.0,0.5661419497384907,0.0,1e-06,1.0,Utsuroi,1e-06,0.9207401270369098,2.0,0
2005-10-25,0.4328612209046992,3.0,0.3278688524590164,0.0,0.0,0,0.0,0.8423087544881317,0.0,1e-06,0.024520547991189856,Katashi,1e-06,0.9207401270369098,2.0,0
2005-10-26,0.4293148880105402,3.0,0.3278688524590164,0.0,0.0,0,0.0,0.8423087544881317,0.0,1e-06,1.0,Katashi,1e-06,0.9207401270369098,2.0,0
2005-10-27,0.4266923897358681,3.0,0.3278688524590164,0.0,0.0,0,0.0,0.8423087544881317,0.0,1e-06,1.0,Katashi,1e-06,0.9207401270369098,2.0,0
2005-10-28,0.4044309555179121,3.0,0.3278688524590164,0.0,0.0,0,0.0,0.8423087544881317,0.0,1e-06,1.0,Katashi,1e-06,0.9207401270369098,2.0,0
2005-10-31,0.38699730221469353,2.0,0.48780487804878053,0.0,0.0,0,0.0,0.5661419497384907,0.0,1e-06,0.05342410777452744,Utsuroi,1e-06,0.9207401270369098,2.0,0
2005-11-01,0.3756132756132756,2.0,0.48780487804878053,0.6840510642731472,0.5673368505371384,2,0.2959636878618422,0.5661419497384907,1.0,1e-06,0.12032641427786861,Utsuroi,1e-06,0.9207401270369098,2.0,0
2005-11-02,0.38494102515841644,3.0,0.3278688524590164,0.682516216452149,0.5727778740826873,2,0.29158602896572783,0.8423087544881317,1.0,1e-06,0.4225261258625652,Katashi,1e-06,0.9207401270369098,2.0,0
2005-11-03,0.38243773135077486,3.0,0.3278688524590164,0.0,0.0,0,0.0,0.8423087544881317,0.0,1e-06,1.0,Katashi,1e-06,0.9207401270369098,2.0,0
2005-11-04,0.4005568103394191,2.0,0.48780487804878053,3.4279201693495753e-10,0.999999999656208,1,1.1784915132837974e-19,0.5661419497384907,0.5,1e-06,0.7226449239319699,Utsuroi,1e-06,0.9207401270369098,2.0,0
2005-11-07,0.43571008940564077,2.0,0.48780487804878053,6.327038892599575e-11,0.9999999999357296,1,4.066411104253568e-21,0.5661419497384907,0.5,1e-06,1.0,Utsuroi,1e-06,0.9207401270369098,2.0,0
2005-11-08,0.4247042012396688,1.5,0.6451612903225806,0.0,0.0,0,0.0,0.42805854736346316,0.0,1e-06,0.6277566581488669,Utsuroi,1e-06,0.9207401270369098,2.0,0
2005-11-09,0.41857948251422356,2.0,0.48780487804878053,0.0,0.0,0,0.0,0.5661419497384907,0.0,1e-06,0.10058566977542016,Utsuroi,1e-06,0.9207401270369098,2.0,0
2005-11-10,0.4193985965733685,3.0,0.3278688524590164,0.0,0.0,0,0.0,0.8423087544881317,0.0,1e-06,0.024520547991189856,Katashi,1e-06,0.9207401270369098,2.0,0
2005-11-11,0.37478274745567336,2.0,0.48780487804878053,2.901068274451783e-11,0.9999999999699893,1,8.70629754294428e-22,0.5661419497384907,0.5,1e-06,0.7226449239319699,Utsuroi,1e-06,0.9207401270369098,2.0,0
2005-11-14,0.37795438622824923,2.0,0.48780487804878053,0.0,0.0,0,0.0,0.5661419497384907,0.0,1e-06,1.0,Utsuroi,1e-06,0.9207401270369098,2.0,0
2005-11-15,0.37258751692671,2.0,0.48780487804878053,2.269484600219984e-11,0.9999999999763052,1,5.37750379023094e-22,0.5661419497384907,0.5,1e-06,0.5575265728273981,Utsuroi,1e-06,0.9207401270369098,2.0,0
2005-11-16,0.36899399917589093,2.0,0.48780487804878053,0.0,0.0,0,0.0,0.5661419497384907,0.0,1e-06,1.0,Utsuroi,1e-06,0.9207401270369098,2.0,0
2005-11-17,0.3662968255637367,2.0,0.48780487804878053,1.9197121668227402e-10,0.9999999998070288,1,3.7044915007995553e-20,0.5661419497384907,0.5,1e-06,0.5575265728273981,Utsuroi,1e-06,0.9207401270369098,2.0,0
2005-11-18,0.3734249725820312,2.0,0.48780487804878053,0.6226458368722597,0.7671780636109015,3,0.14496560942521028,0.5661419497384907,1.5,1e-06,0.15674081740139711,Utsuroi,1e-06,0.9207401270369098,2.0,0
2005-11-21,0.34141671298183207,2.0,0.48780487804878053,0.6663328323933438,0.7292115965836476,3,0.1804352038276895,0.5661419497384907,1.5,1e-06,0.528998834206152,Utsuroi,1e-06,0.9207401270369098,2.0,0
2005-11-22,0.34782432344178227,2.0,0.48780487804878053,4.645783757582637e-11,0.9999999999525422,1,2.2047874821227045e-21,0.5661419497384907,0.5,1e-06,0.6818471707358349,Utsuroi,1e-06,0.9207401270369098,2.0,0
2005-11-23,0.33484483023125994,1.0,0.9523809523809523,1.066717976001372,0.41030260701383836,3,0.629040809499484,0.2899751449882974,1.5,1e-06,0.046646013662344554,Utsuroi,1e-06,0.9207401270369098,2.0,0
2005-11-25,0.34284791571752044,2.0,0.48780487804878053,1.030278354801899,0.4614158203483387,3,0.5548916225338439,0.5661419497384907,1.5,1e-06,0.6769370128334009,Utsuroi,1e-06,0.9207401270369098,2.0,0
2005-11-28,0.31224009817478376,2.0,0.48780487804878053,0.46069654366014356,0.826945539808138,2,0.07972559167536272,0.5661419497384907,1.0,1e-06,0.5883855215195198,Utsuroi,1e-06,0.9207401270369098,2.0,0
2005-11-29,0.32574028183378745,1.0,0.9523809523809523,1.8479995311603884e-11,0.99999999998052,1,3.5998981322271835e-22,0.2899751449882974,0.5,1e-06,0.3753323109750417,Utsuroi,1e-06,0.9207401270369098,2.0,0
2005-11-30,0.3291663665273892,1.5,0.6451612903225806,1.3569256829165495e-11,0.9999999999854308,1,1.9769368755115142e-22,0.42805854736346316,0.5,1e-06,0.41458702084125076,Utsuroi,1e-06,0.9207401270369098,2.0,0
2005-12-01,0.3780276248089581,1.5,0.6451612903225806,2.1704749108862098e-11,0.9999999999772953,1,4.928004028467106e-22,0.42805854736346316,0.5,1e-06,1.0,Utsuroi,1e-06,0.9207401270369098,2.0,0
2005-12-02,0.3895313188237289,0.0,20.0,0.6931120001536537,0.5041940430796601,2,0.34364905848915306,0.013808340237551781,1.0,1e-06,0.006014653561819294,Utsuroi,1e-06,0.9207401270369098,2.0,0
2005-12-05,0.34695712819934754,1.0,0.9523809523809523,0.6249332575919856,0.7960292671898688,3,0.1274680945084598,0.2899751449882974,1.5,1e-06,0.800398945946739,Utsuroi,1e-06,0.9207401270369098,2.0,0
2005-12-06,0.3681927975406236,1.0,0.9523809523809523,0.6546929033709563,0.6377657066114432,2,0.23715222123908108,0.2899751449882974,1.0,1e-06,0.8162561068631019,Utsuroi,1e-06,0.9207401270369098,2.0,0
2005-12-07,0.3496565029173725,0.0,20.0,0.6803634368706144,0.5797783661841167,2,0.28590343503035914,0.013808340237551781,1.0,1e-06,0.02107729996190466,Utsuroi,1e-06,0.9207401270369098,2.0,0
2005-12-08,0.35347104586235023,1.0,0.9523809523809523,0.0,0.0,0,0.0,0.2899751449882974,0.0,1e-06,0.4631169987672056,Utsuroi,1e-06,0.9207401270369098,2.0,0
2005-12-09,0.3560637430202649,1.0,0.9523809523809523,0.5866171696831824,0.7265940035780476,2,0.16038465179545602,0.2899751449882974,1.0,1e-06,0.09993327168384969,Utsuroi,1e-06,0.9207401270369098,2.0,0
2005-12-12,0.37099410251584164,1.0,0.9523809523809523,2.9728774996823576e-11,0.9999999999692712,1,9.13528180170967e-22,0.2899751449882974,0.5,1e-06,0.6898123546783419,Utsuroi,1e-06,0.9207401270369098,2.0,0
2005-12-13,0.3849410251584165,1.0,0.9523809523809523,0.687535676656307,0.5529197491952521,2,0.30738362275671377,0.2899751449882974,1.0,1e-06,0.08048400207668083,Utsuroi,1e-06,0.9207401270369098,2.0,0
2005-12-14,0.3655404981491938,2.0,0.48780487804878053,1.3401502130147064e-11,0.9999999999855985,1,1.9300146501158706e-22,0.5661419497384907,0.5,1e-06,0.9040286135198216,Utsuroi,1e-06,0.9207401270369098,2.0,0
2005-12-15,0.3731397829223917,3.0,0.3278688524590164,2.0832113811526157e-11,0.9999999999781679,1,4.54808618830668e-22,0.8423087544881317,0.5,1e-06,0.07552869980368371,Katashi,1e-06,0.9207401270369098,2.0,0
2005-12-16,0.36703055398707574,2.0,0.48780487804878053,2.4637736295245938e-11,0.9999999999743623,1,6.316552410283031e-22,0.5661419497384907,0.5,1e-06,0.1511281419935363,Utsuroi,1e-06,0.9207401270369098,2.0,0
2005-12-19,0.40553359683794477,3.0,0.3278688524590164,5.969646998764822e-11,0.9999999999393036,1,3.623363678495164e-21,0.8423087544881317,0.5,1e-06,0.07552869980368371,Katashi,1e-06,0.9207401270369098,2.0,0
2005-12-20,0.35043133195307113,3.0,0.3278688524590164,1.2521206293934066e-11,0.9999999999864788,1,1.6930153635970524e-22,0.8423087544881317,0.5,1e-06,1.0,Katashi,1e-06,0.9207401270369098,2.0,0
2005-12-21,0.35862663906142167,2.0,0.48780487804878053,1.1749268224922335e-11,0.9999999999872508,1,1.4979431213301767e-22,0.5661419497384907,0.5,1e-06,0.1511281419935363,Utsuroi,1e-06,0.9207401270369098,2.0,0
2005-12-22,0.3659279126670431,3.0,0.3278688524590164,1.1247003328588191e-11,0.999999999987753,1,1.3774183839964005e-22,0.8423087544881317,0.5,1e-06,0.07552869980368371,Katashi,1e-06,0.9207401270369098,2.0,0
2005-12-23,0.3490902816989774,3.0,0.3278688524590164,1.5895162962351407e-10,0.9999999998400484,1,2.5424568675344115e-20,0.8423087544881317,0.5,1e-06,1.0,Katashi,1e-06,0.9207401270369098,2.0,0
2005-12-27,0.361487546270155,3.0,0.3278688524590164,0.0,0.0,0,0.0,0.8423087544881317,0.0,1e-06,1.0,Katashi,1e-06,0.9207401270369098,2.0,0
2005-12-28,0.366434531651923,3.0,0.3278688524590164,0.0,0.0,0,0.0,0.8423087544881317,0.0,1e-06,1.0,Katashi,1e-06,0.9207401270369098,2.0,0
2005-12-29,0.3762092979484285,3.0,0.3278688524590164,0.0,0.0,0,0.0,0.8423087544881317,0.0,1e-06,1.0,Katashi,1e-06,0.9207401270369098,2.0,0
2005-12-30,0.3886363636363636,3.0,0.3278688524590164,0.0,0.0,0,0.0,0.8423087544881317,0.0,1e-06,1.0,Katashi,1e-06,0.9207401270369098,2.0,0
2006-01-03,0.4205533596837945,2.0,0.48780487804878053,0.0,0.0,0,0.0,0.5661419497384907,0.0,1e-06,0.05342410777452744,Utsuroi,1e-06,0.9207401270369098,2.0,0
2006-01-04,0.3969508752117448,3.0,0.3278688524590164,0.0,0.0,0,0.0,0.8423087544881317,0.0,1e-06,0.024520547991189856,Katashi,1e-06,0.9207401270369098,2.0,0
2006-01-05,0.4120302402911099,3.0,0.3278688524590164,0.0,0.0,0,0.0,0.8423087544881317,0.0,1e-06,1.0,Katashi,1e-06,0.9207401270369098,2.0,0
2006-01-06,0.457119329945417,2.0,0.48780487804878053,0.0,0.0,0,0.0,0.5661419497384907,0.0,1e-06,0.05342410777452744,Utsuroi,1e-06,0.9207401270369098,2.0,0
2006-01-09,0.4357817303469477,3.0,0.3278688524590164,0.0,0.0,0,0.0,0.8423087544881317,0.0,1e-06,0.024520547991189856,Katashi,1e-06,0.9207401270369098,2.0,0
2006-01-10,0.4271990087207478,3.0,0.3278688524590164,0.0,0.0,0,0.0,0.8423087544881317,0.0,1e-06,1.0,Katashi,1e-06,0.9207401270369098,2.0,0
2006-01-11,0.4494604429387039,3.0,0.3278688524590164,0.0,0.0,0,0.0,0.8423087544881317,0.0,1e-06,1.0,Katashi,1e-06,0.9207401270369098,2.0,0
2006-01-12,0.45261936131501357,2.0,0.48780487804878053,0.0,0.0,0,0.0,0.5661419497384907,0.0,1e-06,0.05342410777452744,Utsuroi,1e-06,0.9207401270369098,2.0,0
2006-01-13,0.4536922015182885,3.0,0.3278688524590164,0.0,0.0,0,0.0,0.8423087544881317,0.0,1e-06,0.024520547991189856,Katashi,1e-06,0.9207401270369098,2.0,0
2006-01-17,0.4585199824330259,3.0,0.3278688524590164,0.0,0.0,0,0.0,0.8423087544881317,0.0,1e-06,1.0,Katashi,1e-06,0.9207401270369098,2.0,0
2006-01-18,0.4756556245686681,3.0,0.3278688524590164,5.2778559299302366e-11,0.9999999999462215,1,2.838353713533056e-21,0.8423087544881317,0.5,1e-06,0.6808661729415678,Katashi,1e-06,0.9207401270369098,2.0,0
2006-01-19,0.4499670619235837,2.0,0.48780487804878053,0.0,0.0,0,0.0,0.5661419497384907,0.0,1e-06,0.3380362030924259,Utsuroi,1e-06,0.9207401270369098,2.0,0
2006-01-20,0.4835231193926846,3.0,0.3278688524590164,5.183464768381637e-11,0.9999999999471654,1,2.7386642015899398e-21,0.8423087544881317,0.5,1e-06,0.12537627121086836,Katashi,1e-06,0.9207401270369098,2.0,0
2006-01-23,0.49821506995420034,2.0,0.48780487804878053,2.1731694219543934e-10,0.9999999997816831,1,4.74439655051256e-20,0.5661419497384907,0.5,1e-06,0.1511281419935363,Utsuroi,1e-06,0.9207401270369098,2.0,0
2006-01-24,0.5126033761340084,2.5,0.3921568627450981,0.0,0.0,0,0.0,0.7042253521133802,0.0,1e-06,0.577112075732903,Utsuroi,1e-06,0.9207401270369098,2.0,0
2006-01-25,0.5008673693456304,2.0,0.48780487804878053,0.0,0.0,0,0.0,0.5661419497384907,0.0,1e-06,0.0619858651895302,Utsuroi,1e-06,0.9207401270369098,2.0,0
2006-01-26,0.4769072714724888,2.5,0.3921568627450981,0.0,0.0,0,0.0,0.7042253521133802,0.0,1e-06,0.04051495018318063,Utsuroi,1e-06,0.9207401270369098,2.0,0
2006-01-27,0.4691887822322606,3.0,0.3278688524590164,0.0,0.0,0,0.0,0.8423087544881317,0.0,1e-06,0.019173896990426154,Katashi,1e-06,0.9207401270369098,2.0,0
2006-01-30,0.4719900872074785,3.0,0.3278688524590164,0.0,0.0,0,0.0,0.8423087544881317,0.0,1e-06,1.0,Katashi,1e-06,0.9207401270369098,2.0,0
2006-01-31,0.46406299014994684,3.0,0.3278688524590164,0.0,0.0,0,0.0,0.8423087544881317,0.0,1e-06,1.0,Katashi,1e-06,0.9207401270369098,2.0,0
2006-02-01,0.4661788694397391,3.0,0.3278688524590164,0.0,0.0,0,0.0,0.8423087544881317,0.0,1e-06,1.0,Katashi,1e-06,0.9207401270369098,2.0,0
2006-02-02,0.45375180375180385,3.0,0.3278688524590164,0.0,0.0,0,0.0,0.8423087544881317,0.0,1e-06,1.0,Katashi,1e-06,0.9207401270369098,2.0,0
2006-02-03,0.42439770374552993,3.0,0.3278688524590164,0.0,0.0,0,0.0,0.8423087544881317,0.0,1e-06,1.0,Katashi,1e-06,0.9207401270369098,2.0,0
2006-02-06,0.4042819499341239,2.0,0.48780487804878053,0.0,0.0,0,0.0,0.5661419497384907,0.0,1e-06,0.05342410777452744,Utsuroi,1e-06,0.9207401270369098,2.0,0
2006-02-07,0.4426657883179622,2.0,0.48780487804878053,0.0,0.0,0,0.0,0.5661419497384907,0.0,1e-06,1.0,Utsuroi,1e-06,0.9207401270369098,2.0,0
2006-02-08,0.42159639877031185,2.0,0.48780487804878053,0.0,0.0,0,0.0,0.5661419497384907,0.0,1e-06,1.0,Utsuroi,1e-06,0.9207401270369098,2.0,0
2006-02-09,0.4479405859840642,1.0,0.9523809523809523,4.810718490112986e-11,0.9999999999508928,1,2.362407359856928e-21,0.2899751449882974,0.5,1e-06,0.8710564842833222,Utsuroi,1e-06,0.9207401270369098,2.0,0
2006-02-10,0.4396558755254408,2.5,0.3921568627450981,2.3884227928451882e-11,0.9999999999751158,1,5.943400433138701e-22,0.7042253521133802,0.5,1e-06,0.15610236215883566,Utsuroi,1e-06,0.9207401270369098,2.0,0
2006-02-13,0.4416227492314449,1.0,0.9523809523809523,1.2768452961514715e-11,0.9999999999862316,1,1.7580156153298968e-22,0.2899751449882974,0.5,1e-06,0.5415770366648064,Utsuroi,1e-06,0.9207401270369098,2.0,0
2006-02-14,0.4463313256791518,1.0,0.9523809523809523,0.2258107075623072,0.9404198560447705,2,0.01345383446319449,0.2899751449882974,1.0,1e-06,0.15857376375939958,Utsuroi,1e-06,0.9207401270369098,2.0,0
2006-02-15,0.44111613024656504,2.0,0.48780487804878053,1.0025313912304884e-11,0.9999999999889747,1,1.1053201117597457e-22,0.5661419497384907,0.5,1e-06,0.7620225674251022,Utsuroi,1e-06,0.9207401270369098,2.0,0
2006-02-16,0.4510697032436164,1.0,0.9523809523809523,1.2653211811560205e-11,0.9999999999863468,1,1.7275670105012957e-22,0.2899751449882974,0.5,1e-06,0.5858930983628514,Utsuroi,1e-06,0.9207401270369098,2.0,0
2006-02-17,0.4418015559319908,2.0,0.48780487804878053,0.0,0.0,0,0.0,0.5661419497384907,0.0,1e-06,0.39131995075039905,Utsuroi,1e-06,0.9207401270369098,2.0,0
2006-02-21,0.4363777526821006,2.5,0.3921568627450981,0.0,0.0,0,0.0,0.7042253521133802,0.0,1e-06,0.04051495018318063,Utsuroi,1e-06,0.9207401270369098,2.0,0
2006-02-22,0.4178712591756071,3.0,0.3278688524590164,0.0,0.0,0,0.0,0.8423087544881317,0.0,1e-06,0.019173896990426154,Katashi,1e-06,0.9207401270369098,2.0,0
2006-02-23,0.39924556120208293,3.0,0.3278688524590164,0.0,0.0,0,0.0,0.8423087544881317,0.0,1e-06,1.0,Katashi,1e-06,0.9207401270369098,2.0,0
2006-02-24,0.39285584782639255,3.0,0.3278688524590164,3.67963437490427e-11,0.9999999999622037,1,1.3907664430746035e-21,0.8423087544881317,0.5,1e-06,0.6808661729415678,Katashi,1e-06,0.9207401270369098,2.0,0
2006-02-27,0.3947632960602044,3.0,0.3278688524590164,0.0,0.0,0,0.0,0.8423087544881317,0.0,1e-06,1.0,Katashi,1e-06,0.9207401270369098,2.0,0
2006-02-28,0.39099366101190675,3.0,0.3278688524590164,0.4782229122003103,0.8154501886844542,2,0.08825594821333811,0.8423087544881317,1.0,1e-06,0.4025920371292969,Katashi,1e-06,0.9207401270369098,2.0,0
2006-03-01,0.39522576469693177,3.0,0.3278688524590164,0.0,0.0,0,0.0,0.8423087544881317,0.0,1e-06,1.0,Katashi,1e-06,0.9207401270369098,2.0,0
2006-03-02,0.40051521461383977,2.0,0.48780487804878053,0.0,0.0,0,0.0,0.5661419497384907,0.0,1e-06,0.05342410777452744,Utsuroi,1e-06,0.9207401270369098,2.0,0
2006-03-03,0.4159978501222981,2.5,0.3921568627450981,5.878952879888656e-11,0.9999999999402105,1,3.514996924773547e-21,0.7042253521133802,0.5,1e-06,0.2733443582817551,Utsuroi,1e-06,0.9207401270369098,2.0,0
2006-03-06,0.4352645877513312,2.0,0.48780487804878053,0.0,0.0,0,0.0,0.5661419497384907,0.0,1e-06,0.5865752671405063,Utsuroi,1e-06,0.9207401270369098,2.0,0
2006-03-07,0.437872097086963,2.5,0.3921568627450981,0.0,0.0,0,0.0,0.7042253521133802,0.0,1e-06,0.04051495018318063,Utsuroi,1e-06,0.9207401270369098,2.0,0
2006-03-08,0.4296765963828777,2.5,0.3921568627450981,0.0,0.0,0,0.0,0.7042253521133802,0.0,1e-06,1.0,Utsuroi,1e-06,0.9207401270369098,2.0,0
2006-03-09,0.43585387309684376,3.0,0.3278688524590164,2.1199264565761612e-11,0.9999999999778008,1,4.7060761373593295e-22,0.8423087544881317,0.5,1e-06,0.3057230047891961,Katashi,1e-06,0.9207401270369098,2.0,0
2006-03-10,0.3943223848683679,3.0,0.3278688524590164,2.0409895995270335e-11,0.9999999999785901,1,4.369732990356831e-22,0.8423087544881317,0.5,1e-06,1.0,Katashi,1e-06,0.9207401270369098,2.0,0
2006-03-13,0.4109266490488015,3.0,0.3278688524590164,1.1605472138168616e-10,0.9999999998829453,1,1.3584750509827444e-20,0.8423087544881317,0.5,1e-06,1.0,Katashi,1e-06,0.9207401270369098,2.0,0
2006-03-14,0.4514606290510151,2.0,0.48780487804878053,6.831876173553977e-10,0.9999999993158124,1,4.674284931717195e-19,0.5661419497384907,0.5,1e-06,0.1511281419935363,Utsuroi,1e-06,0.9207401270369098,2.0,0
2006-03-15,0.45700643559943416,2.0,0.48780487804878053,0.0,0.0,0,0.0,0.5661419497384907,0.0,1e-06,1.0,Utsuroi,1e-06,0.9207401270369098,2.0,0
2006-03-16,0.4554789365600571,3.0,0.3278688524590164,0.0,0.0,0,0.0,0.8423087544881317,0.0,1e-06,0.024520547991189856,Katashi,1e-06,0.9207401270369098,2.0,0
2006-03-17,0.45144164711302054,3.0,0.3278688524590164,0.0,0.0,0,0.0,0.8423087544881317,0.0,1e-06,1.0,Katashi,1e-06,0.9207401270369098,2.0,0
2006-03-20,0.44714803044833373,2.0,0.48780487804878053,2.461764125850074e-11,0.9999999999743824,1,6.306453578142342e-22,0.5661419497384907,0.5,1e-06,0.7226449239319699,Utsuroi,1e-06,0.9207401270369098,2.0,0
2006-03-21,0.4579357989638901,1.0,0.9523809523809523,1.983302411168729e-11,0.999999999979167,1,4.1318143079014214e-22,0.2899751449882974,0.5,1e-06,0.5858930983628514,Utsuroi,1e-06,0.9207401270369098,2.0,0
2006-03-22,0.48028792857678465,1.0,0.9523809523809523,2.4642399231949247e-11,0.9999999999743576,1,6.318896940145524e-22,0.2899751449882974,0.5,1e-06,1.0,Utsuroi,1e-06,0.9207401270369098,2.0,0
2006-03-23,0.507811658783549,1.0,0.9523809523809523,0.18983013727370018,0.9529186325526625,2,0.008937462445561595,0.2899751449882974,1.0,1e-06,0.15774392219497557,Utsuroi,1e-06,0.9207401270369098,2.0,0
2006-03-24,0.5185240805190695,1.0,0.9523809523809523,0.4924575127039504,0.8056583503671216,2,0.09570500539298987,0.2899751449882974,1.0,1e-06,0.6033124621960425,Utsuroi,1e-06,0.9207401270369098,2.0,0
2006-03-27,0.49596411304555027,1.0,0.9523809523809523,1.3027323663399265e-10,0.9999999998687268,1,1.7101386538984568e-20,0.2899751449882974,0.5,1e-06,0.5694301697251574,Utsuroi,1e-06,0.9207401270369098,2.0,0
2006-03-28,0.5289016057699167,1.5,0.6451612903225806,0.6913957232540716,0.5295840713152367,2,0.3252435612432377,0.42805854736346316,1.0,1e-06,0.06944088580832508,Utsuroi,1e-06,0.9207401270369098,2.0,0
2006-03-29,0.5414771044290091,2.0,0.48780487804878053,0.0,0.0,0,0.0,0.5661419497384907,0.0,1e-06,0.8886423868027264,Utsuroi,1e-06,0.9207401270369098,2.0,0
2006-03-30,0.5429663855556842,2.0,0.48780487804878053,0.0,0.0,0,0.0,0.5661419497384907,0.0,1e-06,1.0,Utsuroi,1e-06,0.9207401270369098,2.0,0
2006-03-31,0.552249206064791,2.0,0.48780487804878053,0.0,0.0,0,0.0,0.5661419497384907,0.0,1e-06,1.0,Utsuroi,1e-06,0.9207401270369098,2.0,0
2006-04-03,0.565412470125599,2.0,0.48780487804878053,0.0,0.0,0,0.0,0.5661419497384907,0.0,1e-06,1.0,Utsuroi,1e-06,0.9207401270369098,2.0,0
2006-04-04,0.5449395406078061,2.0,0.48780487804878053,2.7976398974807544e-11,0.9999999999710236,1,8.106546796980829e-22,0.5661419497384907,0.5,1e-06,0.5575265728273981,Utsuroi,1e-06,0.9207401270369098,2.0,0
2006-04-05,0.5211431174036707,3.0,0.3278688524590164,2.6450952539015615e-11,0.9999999999725491,1,7.261032576296561e-22,0.8423087544881317,0.5,1e-06,0.07552869980368371,Katashi,1e-06,0.9207401270369098,2.0,0
2006-04-06,0.5212176412385794,3.0,0.3278688524590164,6.713329891762078e-11,0.9999999999318667,1,4.574011637531982e-21,0.8423087544881317,0.5,1e-06,1.0,Katashi,1e-06,0.9207401270369098,2.0,0
2006-04-07,0.5792866365464958,2.0,0.48780487804878053,0.0,0.0,0,0.0,0.5661419497384907,0.0,1e-06,0.3380362030924259,Utsuroi,1e-06,0.9207401270369098,2.0,0
2006-04-10,0.5743837930956748,3.0,0.3278688524590164,7.381951713835372e-10,0.9999999992608049,1,5.456702900968845e-19,0.8423087544881317,0.5,1e-06,0.12537627121086836,Katashi,1e-06,0.9207401270369098,2.0,0
2006-04-11,0.603336996324908,3.0,0.3278688524590164,0.0,0.0,0,0.0,0.8423087544881317,0.0,1e-06,1.0,Katashi,1e-06,0.9207401270369098,2.0,0
2006-04-12,0.6080460020501139,3.0,0.3278688524590164,0.0,0.0,0,0.0,0.8423087544881317,0.0,1e-06,1.0,Katashi,1e-06,0.9207401270369098,2.0,0
2006-04-13,0.5819826149225501,3.0,0.3278688524590164,0.0,0.0,0,0.0,0.8423087544881317,0.0,1e-06,1.0,Katashi,1e-06,0.9207401270369098,2.0,0
2006-04-17,0.6025463534639947,2.5,0.3921568627450981,0.0,0.0,0,0.0,0.7042253521133802,0.0,1e-06,0.02731572574003016,Utsuroi,1e-06,0.9207401270369098,2.0,0
2006-04-18,0.6350462346928274,3.0,0.3278688524590164,0.0,0.0,0,0.0,0.8423087544881317,0.0,1e-06,0.019173896990426154,Katashi,1e-06,0.9207401270369098,2.0,0
2006-04-19,0.6250770414662961,3.0,0.3278688524590164,0.0,0.0,0,0.0,0.8423087544881317,0.0,1e-06,1.0,Katashi,1e-06,0.9207401270369098,2.0,0
2006-04-20,0.6133337516914378,3.0,0.3278688524590164,0.0,0.0,0,0.0,0.8423087544881317,0.0,1e-06,1.0,Katashi,1e-06,0.9207401270369098,2.0,0
2006-04-21,0.5908476012287583,3.0,0.3278688524590164,0.0,0.0,0,0.0,0.8423087544881317,0.0,1e-06,1.0,Katashi,1e-06,0.9207401270369098,2.0,0
2006-04-24,0.57179402722881,1.0,0.9523809523809523,4.759281857384616e-11,0.9999999999514072,1,2.3126681455980353e-21,0.2899751449882974,0.5,1e-06,0.8385850100581349,Utsuroi,1e-06,0.9207401270369098,2.0,0
2006-04-25,0.5621384653993351,2.0,0.48780487804878053,4.149869336965377e-11,0.9999999999575013,1,1.763639326773175e-21,0.5661419497384907,0.5,1e-06,0.24272688780630247,Utsuroi,1e-06,0.9207401270369098,2.0,0
2006-04-26,0.5482511449902754,2.0,0.48780487804878053,7.760936337721512e-11,0.9999999999213907,1,6.100820930580971e-21,0.5661419497384907,0.5,1e-06,1.0,Utsuroi,1e-06,0.9207401270369098,2.0,0
2006-04-27,0.5358538804190979,3.0,0.3278688524590164,0.0,0.0,0,0.0,0.8423087544881317,0.0,1e-06,0.3178232330226517,Katashi,1e-06,0.9207401270369098,2.0,0
2006-04-28,0.4710960537047495,3.0,0.3278688524590164,0.0,0.0,0,0.0,0.8423087544881317,0.0,1e-06,1.0,Katashi,1e-06,0.9207401270369098,2.0,0
2006-05-01,0.5014037894472677,2.0,0.48780487804878053,0.0,0.0,0,0.0,0.5661419497384907,0.0,1e-06,0.05342410777452744,Utsuroi,1e-06,0.9207401270369098,2.0,0
2006-05-02,0.549681598594642,3.0,0.3278688524590164,0.0,0.0,0,0.0,0.8423087544881317,0.0,1e-06,0.024520547991189856,Katashi,1e-06,0.9207401270369098,2.0,0
2006-05-03,0.5673536608319217,3.0,0.3278688524590164,0.0,0.0,0,0.0,0.8423087544881317,0.0,1e-06,1.0,Katashi,1e-06,0.9207401270369098,2.0,0
2006-05-04,0.573522492000753,2.0,0.48780487804878053,0.0,0.0,0,0.0,0.5661419497384907,0.0,1e-06,0.05342410777452744,Utsuroi,1e-06,0.9207401270369098,2.0,0
2006-05-05,0.605916305916306,3.0,0.3278688524590164,0.0,0.0,0,0.0,0.8423087544881317,0.0,1e-06,0.024520547991189856,Katashi,1e-06,0.9207401270369098,2.0,0
2006-05-08,0.6068103394190351,3.0,0.3278688524590164,0.0,0.0,0,0.0,0.8423087544881317,0.0,1e-06,1.0,Katashi,1e-06,0.9207401270369098,2.0,0
2006-05-09,0.5909263441872139,3.0,0.3278688524590164,0.0,0.0,0,0.0,0.8423087544881317,0.0,1e-06,1.0,Katashi,1e-06,0.9207401270369098,2.0,0
2006-05-10,0.5424101261057783,1.5,0.6451612903225806,0.0,0.0,0,0.0,0.42805854736346316,0.0,1e-06,0.1265235643799717,Utsuroi,1e-06,0.9207401270369098,2.0,0
2006-05-11,0.5703039713909279,2.5,0.3921568627450981,0.0,0.0,0,0.0,0.7042253521133802,0.0,1e-06,0.05570537061879011,Utsuroi,1e-06,0.9207401270369098,2.0,0
2006-05-12,0.6120553359683795,3.0,0.3278688524590164,0.0,0.0,0,0.0,0.8423087544881317,0.0,1e-06,0.019173896990426154,Katashi,1e-06,0.9207401270369098,2.0,0
2006-05-15,0.5933104335278249,1.5,0.6451612903225806,0.0,0.0,0,0.0,0.42805854736346316,0.0,1e-06,0.1265235643799717,Utsuroi,1e-06,0.9207401270369098,2.0,0
2006-05-16,0.58342593633008,3.0,0.3278688524590164,0.0,0.0,0,0.0,0.8423087544881317,0.0,1e-06,0.03462026152625508,Katashi,1e-06,0.9207401270369098,2.0,0
2006-05-17,0.6187269036867785,3.0,0.3278688524590164,0.0,0.0,0,0.0,0.8423087544881317,0.0,1e-06,1.0,Katashi,1e-06,0.9207401270369098,2.0,0
2006-05-18,0.5891331489999758,3.0,0.3278688524590164,0.0,0.0,0,0.0,0.8423087544881317,0.0,1e-06,1.0,Katashi,1e-06,0.9207401270369098,2.0,0
2006-05-19,0.5788510398388866,1.5,0.6451612903225806,0.0,0.0,0,0.0,0.42805854736346316,0.0,1e-06,0.1265235643799717,Utsuroi,1e-06,0.9207401270369098,2.0,0
2006-05-22,0.5975100404868066,3.0,0.3278688524590164,0.0,0.0,0,0.0,0.8423087544881317,0.0,1e-06,0.03462026152625508,Katashi,1e-06,0.9207401270369098,2.0,0
2006-05-23,0.5671748541313758,2.0,0.48780487804878053,0.0,0.0,0,0.0,0.5661419497384907,0.0,1e-06,0.05342410777452744,Utsuroi,1e-06,0.9207401270369098,2.0,0
2006-05-24,0.5686351088525002,3.0,0.3278688524590164,0.0,0.0,0,0.0,0.8423087544881317,0.0,1e-06,0.024520547991189856,Katashi,1e-06,0.9207401270369098,2.0,0
2006-05-25,0.5779330572808834,3.0,0.3278688524590164,0.0,0.0,0,0.0,0.8423087544881317,0.0,1e-06,1.0,Katashi,1e-06,0.9207401270369098,2.0,0
2006-05-26,0.579274107534977,3.0,0.3278688524590164,0.0,0.0,0,0.0,0.8423087544881317,0.0,1e-06,1.0,Katashi,1e-06,0.9207401270369098,2.0,0
2006-05-30,0.6020123596210554,3.0,0.3278688524590164,0.0,0.0,0,0.0,0.8423087544881317,0.0,1e-06,1.0,Katashi,1e-06,0.9207401270369098,2.0,0
2006-05-31,0.5775754438797918,3.0,0.3278688524590164,0.0,0.0,0,0.0,0.8423087544881317,0.0,1e-06,1.0,Katashi,1e-06,0.9207401270369098,2.0,0
2006-06-01,0.5591881548403288,3.0,0.3278688524590164,0.0,0.0,0,0.0,0.8423087544881317,0.0,1e-06,1.0,Katashi,1e-06,0.9207401270369098,2.0,0
2006-06-02,0.5451816299642387,2.0,0.48780487804878053,0.0,0.0,0,0.0,0.5661419497384907,0.0,1e-06,0.05342410777452744,Utsuroi,1e-06,0.9207401270369098,2.0,0
2006-06-05,0.5557610264132004,2.0,0.48780487804878053,0.0,0.0,0,0.0,0.5661419497384907,0.0,1e-06,1.0,Utsuroi,1e-06,0.9207401270369098,2.0,0
2006-06-06,0.5580855135202961,2.0,0.48780487804878053,0.0,0.0,0,0.0,0.5661419497384907,0.0,1e-06,1.0,Utsuroi,1e-06,0.9207401270369098,2.0,0
2006-06-07,0.5351982558504298,3.0,0.3278688524590164,0.0,0.0,0,0.0,0.8423087544881317,0.0,1e-06,0.024520547991189856,Katashi,1e-06,0.9207401270369098,2.0,0
2006-06-08,0.5324863542254847,3.0,0.3278688524590164,0.0,0.0,0,0.0,0.8423087544881317,0.0,1e-06,1.0,Katashi,1e-06,0.9207401270369098,2.0,0
2006-06-09,0.5290592257983563,3.0,0.3278688524590164,0.0,0.0,0,0.0,0.8423087544881317,0.0,1e-06,1.0,Katashi,1e-06,0.9207401270369098,2.0,0
2006-06-12,0.5123109981805635,3.0,0.3278688524590164,0.0,0.0,0,0.0,0.8423087544881317,0.0,1e-06,1.0,Katashi,1e-06,0.9207401270369098,2.0,0
2006-06-13,0.5299532593010856,2.0,0.48780487804878053,0.0,0.0,0,0.0,0.5661419497384907,0.0,1e-06,0.05342410777452744,Utsuroi,1e-06,0.9207401270369098,2.0,0
2006-06-14,0.502357425183512,2.0,0.48780487804878053,0.0,0.0,0,0.0,0.5661419497384907,0.0,1e-06,1.0,Utsuroi,1e-06,0.9207401270369098,2.0,0
2006-06-15,0.5106123345253779,2.0,0.48780487804878053,1.4565715299487577e-10,0.9999999998533429,1,2.1361660150947096e-20,0.5661419497384907,0.5,1e-06,0.5575265728273981,Utsuroi,1e-06,0.9207401270369098,2.0,0
2006-06-16,0.4915992220340047,2.0,0.48780487804878053,0.0,0.0,0,0.0,0.5661419497384907,0.0,1e-06,1.0,Utsuroi,1e-06,0.9207401270369098,2.0,0
2006-06-19,0.46152989522554744,2.0,0.48780487804878053,0.0,0.0,0,0.0,0.5661419497384907,0.0,1e-06,1.0,Utsuroi,1e-06,0.9207401270369098,2.0,0
2006-06-20,0.45869878913357187,2.0,0.48780487804878053,0.0,0.0,0,0.0,0.5661419497384907,0.0,1e-06,1.0,Utsuroi,1e-06,0.9207401270369098,2.0,0
2006-06-21,0.4779801116757639,2.0,0.48780487804878053,0.0,0.0,0,0.0,0.5661419497384907,0.0,1e-06,1.0,Utsuroi,1e-06,0.9207401270369098,2.0,0
2006-06-22,0.4862648221343875,2.0,0.48780487804878053,0.0,0.0,0,0.0,0.5661419497384907,0.0,1e-06,1.0,Utsuroi,1e-06,0.9207401270369098,2.0,0
2006-06-23,0.5000925403099317,2.0,0.48780487804878053,9.441625258943571e-11,0.9999999999045838,1,9.008842917401394e-21,0.5661419497384907,0.5,1e-06,0.5575265728273981,Utsuroi,1e-06,0.9207401270369098,2.0,0
2006-06-26,0.5140096618357488,2.0,0.48780487804878053,0.0,0.0,0,0.0,0.5661419497384907,0.0,1e-06,1.0,Utsuroi,1e-06,0.9207401270369098,2.0,0
2006-06-27,0.5045031055900622,2.0,0.48780487804878053,0.0,0.0,0,0.0,0.5661419497384907,0.0,1e-06,1.0,Utsuroi,1e-06,0.9207401270369098,2.0,0
2006-06-28,0.4943409247757073,2.0,0.48780487804878053,0.0,0.0,0,0.0,0.5661419497384907,0.0,1e-06,1.0,Utsuroi,1e-06,0.9207401270369098,2.0,0
2006-06-29,0.544168391994479,2.0,0.48780487804878053,0.0,0.0,0,0.0,0.5661419497384907,0.0,1e-06,1.0,Utsuroi,1e-06,0.9207401270369098,2.0,0
2006-06-30,0.5863071710897798,2.0,0.48780487804878053,4.458396983931568e-10,0.9999999995531603,1,1.9921886654346235e-19,0.5661419497384907,0.5,1e-06,0.5575265728273981,Utsuroi,1e-06,0.9207401270369098,2.0,0
2006-07-03,0.6001050881485664,2.0,0.48780487804878053,5.297459136612149e-10,0.9999999994692541,1,2.811604673101378e-19,0.5661419497384907,0.5,1e-06,1.0,Utsuroi,1e-06,0.9207401270369098,2.0,0
2006-07-05,0.5801681410377064,2.0,0.48780487804878053,0.6773938237355568,0.588516830809612,2,0.27873615738070195,0.5661419497384907,1.0,1e-06,0.15981224682247241,Utsuroi,1e-06,0.9207401270369098,2.0,0
2006-07-06,0.5997474747474748,2.0,0.48780487804878053,5.018663262614851e-11,0.9999999999488134,1,2.5688836168292227e-21,0.5661419497384907,0.5,1e-06,0.8594973883943113,Utsuroi,1e-06,0.9207401270369098,2.0,0
2006-07-07,0.6015653428696908,3.0,0.3278688524590164,5.489109167044327e-11,0.9999999999441089,1,3.06792182224379e-21,0.8423087544881317,0.5,1e-06,0.07552869980368371,Katashi,1e-06,0.9207401270369098,2.0,0
2006-07-10,0.606333521550913,2.0,0.48780487804878053,7.556499869982897e-11,0.999999999923435,1,5.785632355798681e-21,0.5661419497384907,0.5,1e-06,0.1511281419935363,Utsuroi,1e-06,0.9207401270369098,2.0,0
2006-07-11,0.6099394566785873,2.0,0.48780487804878053,0.814230451567002,0.6763044623191966,3,0.2635627638160641,0.5661419497384907,1.5,1e-06,0.12047954015804407,Utsuroi,1e-06,0.9207401270369098,2.0,0
2006-07-12,0.5964991530208922,2.0,0.48780487804878053,0.0,0.0,0,0.0,0.5661419497384907,0.0,1e-06,1.0,Utsuroi,1e-06,0.9207401270369098,2.0,0
2006-07-13,0.5782608695652176,3.0,0.3278688524590164,0.0,0.0,0,0.0,0.8423087544881317,0.0,1e-06,0.024520547991189856,Katashi,1e-06,0.9207401270369098,2.0,0
2006-07-14,0.5645821569734614,2.0,0.48780487804878053,2.3211643715495714e-10,0.9999999997668836,1,5.411015170615813e-20,0.5661419497384907,0.5,1e-06,0.7226449239319699,Utsuroi,1e-06,0.9207401270369098,2.0,0
2006-07-17,0.58416149068323,3.0,0.3278688524590164,1.0779899194920333e-10,0.999999999891201,1,1.1728419273152445e-20,0.8423087544881317,0.5,1e-06,0.07552869980368371,Katashi,1e-06,0.9207401270369098,2.0,0
2006-07-18,0.5666980362632538,3.0,0.3278688524590164,0.0,0.0,0,0.0,0.8423087544881317,0.0,1e-06,1.0,Katashi,1e-06,0.9207401270369098,2.0,0
2006-07-19,0.606065311500094,3.0,0.3278688524590164,0.0,0.0,0,0.0,0.8423087544881317,0.0,1e-06,1.0,Katashi,1e-06,0.9207401270369098,2.0,0
2006-07-20,0.6003732981993852,3.0,0.3278688524590164,0.0,0.0,0,0.0,0.8423087544881317,0.0,1e-06,1.0,Katashi,1e-06,0.9207401270369098,2.0,0
2006-07-21,0.6012375305853567,3.0,0.3278688524590164,7.051526029499778e-11,0.9999999999284848,1,5.042915635027724e-21,0.8423087544881317,0.5,1e-06,0.6808661729415678,Katashi,1e-06,0.9207401270369098,2.0,0
2006-07-24,0.5790953008344314,3.0,0.3278688524590164,0.0,0.0,0,0.0,0.8423087544881317,0.0,1e-06,1.0,Katashi,1e-06,0.9207401270369098,2.0,0
2006-07-25,0.5628536922015184,3.0,0.3278688524590164,0.0,0.0,0,0.0,0.8423087544881317,0.0,1e-06,1.0,Katashi,1e-06,0.9207401270369098,2.0,0
2006-07-26,0.5622278687496078,2.5,0.3921568627450981,3.0930369372032644e-10,0.9999999996896963,1,9.59780718153191e-20,0.7042253521133802,0.5,1e-06,0.9389048049303697,Utsuroi,1e-06,0.9207401270369098,2.0,0
2006-07-27,0.5702741702741703,3.0,0.3278688524590164,2.0105628271328972e-10,0.9999999997979437,1,4.062468065759289e-20,0.8423087544881317,0.5,1e-06,0.07046162699944047,Katashi,1e-06,0.9207401270369098,2.0,0
2006-07-28,0.5846085074345945,2.5,0.3921568627450981,0.0,0.0,0,0.0,0.7042253521133802,0.0,1e-06,0.5736553021610853,Utsuroi,1e-06,0.9207401270369098,2.0,0
2006-07-31,0.602280569671874,3.0,0.3278688524590164,0.0,0.0,0,0.0,0.8423087544881317,0.0,1e-06,0.019173896990426154,Katashi,1e-06,0.9207401270369098,2.0,0
2006-08-01,0.5501109223804748,3.0,0.3278688524590164,0.0,0.0,0,0.0,0.8423087544881317,0.0,1e-06,1.0,Katashi,1e-06,0.9207401270369098,2.0,0
2006-08-02,0.5480396479679516,2.0,0.48780487804878053,6.907496796525354e-11,0.999999999929925,1,4.8404246394785094e-21,0.5661419497384907,0.5,1e-06,0.7226449239319699,Utsuroi,1e-06,0.9207401270369098,2.0,0
2006-08-03,0.5415122017505313,3.0,0.3278688524590164,0.0,0.0,0,0.0,0.8423087544881317,0.0,1e-06,0.3178232330226517,Katashi,1e-06,0.9207401270369098,2.0,0
2006-08-04,0.5221852053459257,3.0,0.3278688524590164,3.0323665795952156e-10,0.9999999996957634,1,9.225570069433654e-20,0.8423087544881317,0.5,1e-06,0.6808661729415678,Katashi,1e-06,0.9207401270369098,2.0,0
2006-08-07,0.4990579394728844,3.0,0.3278688524590164,2.317301905889445e-11,0.999999999975827,1,5.6016131874249665e-22,0.8423087544881317,0.5,1e-06,1.0,Katashi,1e-06,0.9207401270369098,2.0,0
2006-08-08,0.5067765297195832,2.5,0.3921568627450981,2.821931577258846e-11,0.9999999999707807,1,8.245484741978749e-22,0.7042253521133802,0.5,1e-06,0.09722863946469085,Utsuroi,1e-06,0.9207401270369098,2.0,0
2006-08-09,0.49342497287010406,2.5,0.3921568627450981,0.2847541343853477,0.9175328106884908,2,0.0234828731075914,0.7042253521133802,1.0,1e-06,0.3758934610716691,Utsuroi,1e-06,0.9207401270369098,2.0,0
2006-08-10,0.4772946859903382,2.0,0.48780487804878053,3.239808421484425e-11,0.9999999999666019,1,1.0820332283236859e-21,0.5661419497384907,0.5,1e-06,0.25093300978204935,Utsuroi,1e-06,0.9207401270369098,2.0,0
2006-08-11,0.5051885312754878,3.0,0.3278688524590164,3.1632918506297856e-11,0.9999999999673671,1,1.0322737519746367e-21,0.8423087544881317,0.5,1e-06,0.07552869980368371,Katashi,1e-06,0.9207401270369098,2.0,0
2006-08-14,0.5249168705690446,3.0,0.3278688524590164,0.5337045775519375,0.7745623365331856,2,0.120317112944852,0.8423087544881317,1.0,1e-06,0.41019336676179663,Katashi,1e-06,0.9207401270369098,2.0,0
2006-08-15,0.5772476315954578,3.0,0.3278688524590164,4.6263659568828626e-11,0.9999999999527364,1,2.186588832889218e-21,0.8423087544881317,0.5,1e-06,0.8043837141121137,Katashi,1e-06,0.9207401270369098,2.0,0
2006-08-16,0.5897044984001505,3.0,0.3278688524590164,3.1669444843806834e-11,0.9999999999673306,1,1.0346224809930193e-21,0.8423087544881317,0.5,1e-06,1.0,Katashi,1e-06,0.9207401270369098,2.0,0
2006-08-17,0.599568668046929,3.0,0.3278688524590164,0.0,0.0,0,0.0,0.8423087544881317,0.0,1e-06,1.0,Katashi,1e-06,0.9207401270369098,2.0,0
2006-08-18,0.5532875337223163,3.0,0.3278688524590164,0.0,0.0,0,0.0,0.8423087544881317,0.0,1e-06,1.0,Katashi,1e-06,0.9207401270369098,2.0,0
2006-08-21,0.5267049375745027,3.0,0.3278688524590164,5.297096094945954e-11,0.9999999999460291,1,2.8588924931269762e-21,0.8423087544881317,0.5,1e-06,0.6808661729415678,Katashi,1e-06,0.9207401270369098,2.0,0
2006-08-22,0.5110295501599851,3.0,0.3278688524590164,0.0,0.0,0,0.0,0.8423087544881317,0.0,1e-06,1.0,Katashi,1e-06,0.9207401270369098,2.0,0
2006-08-23,0.5325161553422424,3.5,0.28169014084507044,0.0,0.0,0,0.0,0.9803921568627451,0.0,1e-06,0.010190487869546572,Katashi,1e-06,0.9207401270369098,2.0,0
2006-08-24,0.5372843340234645,3.5,0.28169014084507044,0.0,0.0,0,0.0,0.9803921568627451,0.0,1e-06,1.0,Katashi,1e-06,0.9207401270369098,2.0,0
2006-08-25,0.5329035698600917,3.5,0.28169014084507044,0.0,0.0,0,0.0,0.9803921568627451,0.0,1e-06,1.0,Katashi,1e-06,0.9207401270369098,2.0,0
2006-08-28,0.5413074847857456,3.5,0.28169014084507044,0.0,0.0,0,0.0,0.9803921568627451,0.0,1e-06,1.0,Katashi,1e-06,0.9207401270369098,2.0,0
2006-08-29,0.5042944977727587,3.5,0.28169014084507044,0.0,0.0,0,0.0,0.9803921568627451,0.0,1e-06,1.0,Katashi,1e-06,0.9207401270369098,2.0,0
2006-08-30,0.504354100006274,3.5,0.28169014084507044,0.0,0.0,0,0.0,0.9803921568627451,0.0,1e-06,1.0,Katashi,1e-06,0.9207401270369098,2.0,0
2006-08-31,0.5020296128991782,3.0,0.3278688524590164,0.0,0.0,0,0.0,0.8423087544881317,0.0,1e-06,0.013780305207015897,Katashi,1e-06,0.9207401270369098,2.0,0
2006-09-01,0.46430139908400775,3.0,0.3278688524590164,0.0,0.0,0,0.0,0.8423087544881317,0.0,1e-06,1.0,Katashi,1e-06,0.9207401270369098,2.0,0
2006-09-05,0.460665662839576,3.0,0.3278688524590164,0.0,0.0,0,0.0,0.8423087544881317,0.0,1e-06,1.0,Katashi,1e-06,0.9207401270369098,2.0,0
2006-09-06,0.511774578078926,3.0,0.3278688524590164,0.0,0.0,0,0.0,0.8423087544881317,0.0,1e-06,1.0,Katashi,1e-06,0.9207401270369098,2.0,0
2006-09-07,0.5329929732103644,3.0,0.3278688524590164,0.0,0.0,0,0.0,0.8423087544881317,0.0,1e-06,1.0,Katashi,1e-06,0.9207401270369098,2.0,0
2006-09-08,0.5138010540184453,3.0,0.3278688524590164,0.0,0.0,0,0.0,0.8423087544881317,0.0,1e-06,1.0,Katashi,1e-06,0.9207401270369098,2.0,0
2006-09-11,0.530161867118389,2.5,0.3921568627450981,0.0,0.0,0,0.0,0.7042253521133802,0.0,1e-06,0.02731572574003016,Utsuroi,1e-06,0.9207401270369098,2.0,0
2006-09-12,0.5721516406299014,3.0,0.3278688524590164,0.0,0.0,0,0.0,0.8423087544881317,0.0,1e-06,0.019173896990426154,Katashi,1e-06,0.9207401270369098,2.0,0
2006-09-13,0.5230692013300708,2.5,0.3921568627450981,0.0,0.0,0,0.0,0.7042253521133802,0.0,1e-06,0.02731572574003016,Utsuroi,1e-06,0.9207401270369098,2.0,0
2006-09-14,0.5357048748353096,2.5,0.3921568627450981,0.0,0.0,0,0.0,0.7042253521133802,0.0,1e-06,1.0,Utsuroi,1e-06,0.9207401270369098,2.0,0
2006-09-15,0.4932084823389171,2.0,0.48780487804878053,3.8312808473944565e-10,0.9999999996158719,1,1.4717024895366897e-19,0.5661419497384907,0.5,1e-06,0.9735731642833151,Utsuroi,1e-06,0.9207401270369098,2.0,0
2006-09-18,0.43193738628521244,3.0,0.3278688524590164,0.0,0.0,0,0.0,0.8423087544881317,0.0,1e-06,0.3178232330226517,Katashi,1e-06,0.9207401270369098,2.0,0
2006-09-19,0.43593073593073606,3.0,0.3278688524590164,0.0,0.0,0,0.0,0.8423087544881317,0.0,1e-06,1.0,Katashi,1e-06,0.9207401270369098,2.0,0
2006-09-20,0.46918878223226046,3.0,0.3278688524590164,3.0112246029517246e-11,0.9999999999688878,1,9.368589408515744e-22,0.8423087544881317,0.5,1e-06,0.6808661729415678,Katashi,1e-06,0.9207401270369098,2.0,0
2006-09-21,0.4589968003011482,3.0,0.3278688524590164,2.4152124744287228e-11,0.9999999999748479,1,6.074767201289823e-22,0.8423087544881317,0.5,1e-06,1.0,Katashi,1e-06,0.9207401270369098,2.0,0
2006-09-22,0.4292850868937826,3.0,0.3278688524590164,1.9440560272490396e-11,0.9999999999795595,1,3.973755139262405e-22,0.8423087544881317,0.5,1e-06,1.0,Katashi,1e-06,0.9207401270369098,2.0,0
2006-09-25,0.42275864232385973,3.0,0.3278688524590164,1.8788193223233776e-11,0.9999999999802118,1,3.7178398219331833e-22,0.8423087544881317,0.5,1e-06,1.0,Katashi,1e-06,0.9207401270369098,2.0,0
2006-09-26,0.421834807704373,2.0,0.48780487804878053,2.997679882051718e-11,0.9999999999690232,1,9.28584603222291e-22,0.5661419497384907,0.5,1e-06,0.1511281419935363,Utsuroi,1e-06,0.9207401270369098,2.0,0
2006-09-27,0.41462293744902445,3.0,0.3278688524590164,0.0,0.0,0,0.0,0.8423087544881317,0.0,1e-06,0.3178232330226517,Katashi,1e-06,0.9207401270369098,2.0,0
2006-09-28,0.40335811531463706,3.0,0.3278688524590164,1.5251022666841765e-11,0.999999999983749,1,2.478443776745143e-22,0.8423087544881317,0.5,1e-06,0.6808661729415678,Katashi,1e-06,0.9207401270369098,2.0,0
2006-09-29,0.4341724700420353,3.0,0.3278688524590164,1.713651442953025e-11,0.9999999999818635,1,3.1079626213666247e-22,0.8423087544881317,0.5,1e-06,1.0,Katashi,1e-06,0.9207401270369098,2.0,0
2006-10-02,0.4321757952192735,3.0,0.3278688524590164,0.0,0.0,0,0.0,0.8423087544881317,0.0,1e-06,1.0,Katashi,1e-06,0.9207401270369098,2.0,0
2006-10-03,0.4305069326808457,3.0,0.3278688524590164,0.0,0.0,0,0.0,0.8423087544881317,0.0,1e-06,1.0,Katashi,1e-06,0.9207401270369098,2.0,0
2006-10-04,0.44162274923144484,3.0,0.3278688524590164,0.0,0.0,0,0.0,0.8423087544881317,0.0,1e-06,1.0,Katashi,1e-06,0.9207401270369098,2.0,0
2006-10-05,0.43968567664219843,3.0,0.3278688524590164,0.0,0.0,0,0.0,0.8423087544881317,0.0,1e-06,1.0,Katashi,1e-06,0.9207401270369098,2.0,0
2006-10-06,0.41760304912478824,3.0,0.3278688524590164,8.389311467377734e-11,0.9999999999151069,1,7.121945948783588e-21,0.8423087544881317,0.5,1e-06,0.6808661729415678,Katashi,1e-06,0.9207401270369098,2.0,0
2006-10-09,0.3796364263755569,3.0,0.3278688524590164,2.6133983865493783e-11,0.999999999972866,1,7.09118518428314e-22,0.8423087544881317,0.5,1e-06,1.0,Katashi,1e-06,0.9207401270369098,2.0,0
2006-10-10,0.38216952129995607,3.0,0.3278688524590164,1.8941737067536385e-11,0.9999999999800583,1,3.7773072118316907e-22,0.8423087544881317,0.5,1e-06,1.0,Katashi,1e-06,0.9207401270369098,2.0,0
2006-10-11,0.3851794340924777,2.0,0.48780487804878053,1.5871437496318957e-10,0.9999999998402856,1,2.5348963685908364e-20,0.5661419497384907,0.5,1e-06,0.1511281419935363,Utsuroi,1e-06,0.9207401270369098,2.0,0
2006-10-12,0.3978151075977163,2.0,0.48780487804878053,3.1891567159759483e-10,0.9999999996800844,1,1.0202611422349903e-19,0.5661419497384907,0.5,1e-06,1.0,Utsuroi,1e-06,0.9207401270369098,2.0,0
2006-10-13,0.374182822008909,3.0,0.3278688524590164,0.0,0.0,0,0.0,0.8423087544881317,0.0,1e-06,0.3178232330226517,Katashi,1e-06,0.9207401270369098,2.0,0
2006-10-16,0.3700404667795973,2.0,0.48780487804878053,4.966382860387914e-11,0.9999999999493362,1,2.516158601613761e-21,0.5661419497384907,0.5,1e-06,0.7226449239319699,Utsuroi,1e-06,0.9207401270369098,2.0,0
2006-10-17,0.3917952820126734,2.0,0.48780487804878053,4.5266401727785e-10,0.999999999546336,1,2.0535736658827423e-19,0.5661419497384907,0.5,1e-06,1.0,Utsuroi,1e-06,0.9207401270369098,2.0,0
2006-10-18,0.3897688060731539,3.0,0.3278688524590164,6.366029925221896e-11,0.9999999999353397,1,4.1162925919920146e-21,0.8423087544881317,0.5,1e-06,0.07552869980368371,Katashi,1e-06,0.9207401270369098,2.0,0
2006-10-19,0.38991781165694206,2.0,0.48780487804878053,0.32690990719511004,0.8991667754925754,2,0.03296338006590587,0.5661419497384907,1.0,1e-06,0.9401453776078773,Utsuroi,1e-06,0.9207401270369098,2.0,0
2006-10-20,0.33573938139155535,3.0,0.3278688524590164,1.0533462990670088e-11,0.9999999999884666,1,1.2148707254886164e-22,0.8423087544881317,0.5,1e-06,0.5943381561544636,Katashi,1e-06,0.9207401270369098,2.0,0
2006-10-23,0.35579553296944605,3.0,0.3278688524590164,2.385203146073855e-11,0.999999999975148,1,5.927709086241898e-22,0.8423087544881317,0.5,1e-06,1.0,Katashi,1e-06,0.9207401270369098,2.0,0
2006-10-24,0.3478982370286718,3.0,0.3278688524590164,1.9491852576227028e-11,0.9999999999795082,1,3.9942373824037066e-22,0.8423087544881317,0.5,1e-06,1.0,Katashi,1e-06,0.9207401270369098,2.0,0
2006-10-25,0.3677755819060168,3.0,0.3278688524590164,2.629096940117151e-11,0.999999999972709,1,7.175054598628188e-22,0.8423087544881317,0.5,1e-06,1.0,Katashi,1e-06,0.9207401270369098,2.0,0
2006-10-26,0.40285149632975714,2.5,0.3921568627450981,1.7803758467317642e-11,0.9999999999811963,1,3.34777180183279e-22,0.7042253521133802,0.5,1e-06,0.09722863946469085,Utsuroi,1e-06,0.9207401270369098,2.0,0
2006-10-27,0.408066691762344,3.0,0.3278688524590164,1.867717092077345e-11,0.9999999999803229,1,3.6751347135701753e-22,0.8423087544881317,0.5,1e-06,0.07046162699944047,Katashi,1e-06,0.9207401270369098,2.0,0
2006-10-30,0.41015276993537864,3.0,0.3278688524590164,3.7928549189512004e-11,0.9999999999610715,1,1.4765025537947141e-21,0.8423087544881317,0.5,1e-06,1.0,Katashi,1e-06,0.9207401270369098,2.0,0
2006-10-31,0.40952694648346827,3.0,0.3278688524590164,0.0,0.0,0,0.0,0.8423087544881317,0.0,1e-06,1.0,Katashi,1e-06,0.9207401270369098,2.0,0
2006-11-01,0.3968912729782295,3.0,0.3278688524590164,1.8492984920991744e-11,0.999999999980507,1,3.6048306711588735e-22,0.8423087544881317,0.5,1e-06,0.6808661729415678,Katashi,1e-06,0.9207401270369098,2.0,0
2006-11-02,0.40162965054269406,2.0,0.48780487804878053,0.0,0.0,0,0.0,0.5661419497384907,0.0,1e-06,0.3380362030924259,Utsuroi,1e-06,0.9207401270369098,2.0,0
2006-11-03,0.37948742079176867,3.0,0.3278688524590164,0.0,0.0,0,0.0,0.8423087544881317,0.0,1e-06,0.024520547991189856,Katashi,1e-06,0.9207401270369098,2.0,0
2006-11-06,0.4140269151138717,2.0,0.48780487804878053,0.0,0.0,0,0.0,0.5661419497384907,0.0,1e-06,0.05342410777452744,Utsuroi,1e-06,0.9207401270369098,2.0,0
2006-11-07,0.3864310809962984,2.0,0.48780487804878053,0.0,0.0,0,0.0,0.5661419497384907,0.0,1e-06,1.0,Utsuroi,1e-06,0.9207401270369098,2.0,0
2006-11-08,0.3817225045485916,3.0,0.3278688524590164,0.0,0.0,0,0.0,0.8423087544881317,0.0,1e-06,0.024520547991189856,Katashi,1e-06,0.9207401270369098,2.0,0
2006-11-09,0.36747757073844034,3.0,0.3278688524590164,4.548461607248567e-11,0.9999999999535154,1,2.11433390918508e-21,0.8423087544881317,0.5,1e-06,0.6808661729415678,Katashi,1e-06,0.9207401270369098,2.0,0
2006-11-10,0.3488816738816739,3.0,0.3278688524590164,4.634326255969048e-11,0.9999999999526568,1,2.1940402220953295e-21,0.8423087544881317,0.5,1e-06,1.0,Katashi,1e-06,0.9207401270369098,2.0,0
2006-11-13,0.30498462889767236,2.0,0.48780487804878053,0.0,0.0,0,0.0,0.5661419497384907,0.0,1e-06,0.3380362030924259,Utsuroi,1e-06,0.9207401270369098,2.0,0
2006-11-14,0.33374270656879346,2.0,0.48780487804878053,7.151035319189767e-11,0.9999999999274897,1,5.185239385077783e-21,0.5661419497384907,0.5,1e-06,0.5575265728273981,Utsuroi,1e-06,0.9207401270369098,2.0,0
2006-11-15,0.351176359872012,2.0,0.48780487804878053,8.889078361869072e-11,0.9999999999101092,1,7.990460229905639e-21,0.5661419497384907,0.5,1e-06,1.0,Utsuroi,1e-06,0.9207401270369098,2.0,0
2006-11-16,0.32980895915678526,2.5,0.3921568627450981,0.6226036609428569,0.6855645824462362,2,0.1957686420990692,0.7042253521133802,1.0,1e-06,0.16581738904811671,Utsuroi,1e-06,0.9207401270369098,2.0,0
2006-11-17,0.3262924273793839,3.0,0.3278688524590164,2.259326059544904e-11,0.9999999999764068,1,5.330481851338087e-22,0.8423087544881317,0.5,1e-06,0.9434904685908009,Katashi,1e-06,0.9207401270369098,2.0,0
2006-11-20,0.3121964991530209,3.0,0.3278688524590164,2.6641466810036045e-11,0.9999999999723586,1,7.364086312553802e-22,0.8423087544881317,0.5,1e-06,1.0,Katashi,1e-06,0.9207401270369098,2.0,0
2006-11-21,0.33272946859903385,2.0,0.48780487804878053,3.9248715388041516e-11,0.9999999999597513,1,1.5797095067822025e-21,0.5661419497384907,0.5,1e-06,0.1511281419935363,Utsuroi,1e-06,0.9207401270369098,2.0,0
2006-11-22,0.33940491875274487,2.0,0.48780487804878053,0.2999351964668867,0.9111215762467789,2,0.026657767490089575,0.5661419497384907,1.0,1e-06,0.3005750567761325,Utsuroi,1e-06,0.9207401270369098,2.0,0
2006-11-24,0.3424148315452664,2.0,0.48780487804878053,0.7667563682955706,0.6719691755303543,3,0.2515197236593473,0.5661419497384907,1.5,1e-06,0.19371827593219326,Utsuroi,1e-06,0.9207401270369098,2.0,0
2006-11-27,0.321256038647343,2.0,0.48780487804878053,0.8730397836441756,0.49466325529320293,3,0.4411790822662741,0.5661419497384907,1.5,1e-06,0.20613104822694872,Utsuroi,1e-06,0.9207401270369098,2.0,0
2006-11-28,0.2987859966120836,1.0,0.9523809523809523,0.9999908928108436,0.44433211808022666,3,0.5556628213472646,0.2899751449882974,1.5,1e-06,0.3950029370071635,Utsuroi,1e-06,0.9207401270369098,2.0,0
2006-11-29,0.29506085701737883,1.0,0.9523809523809523,0.6475767287386353,0.6497896952235136,2,0.2267880435377175,0.2899751449882974,1.0,1e-06,0.15093565350249738,Utsuroi,1e-06,0.9207401270369098,2.0,0
2006-11-30,0.3073677544688066,2.0,0.48780487804878053,3.7384428885164256e-11,0.9999999999616156,1,1.4349791249747167e-21,0.5661419497384907,0.5,1e-06,0.8778917474720411,Utsuroi,1e-06,0.9207401270369098,2.0,0
2006-12-01,0.32787212645850006,2.5,0.3921568627450981,0.5835503263974205,0.7297067184767264,2,0.15772973265593618,0.7042253521133802,1.0,1e-06,0.17595307941682414,Utsuroi,1e-06,0.9207401270369098,2.0,0
2006-12-04,0.3503436920080204,2.5,0.3921568627450981,1.5243595273761493e-10,0.9999999998465641,1,2.3389152269410792e-20,0.7042253521133802,0.5,1e-06,0.8104089152062695,Utsuroi,1e-06,0.9207401270369098,2.0,0
2006-12-05,0.3500466319847064,3.0,0.3278688524590164,1.5254131291310667e-11,0.9999999999837459,1,2.4794231529823817e-22,0.8423087544881317,0.5,1e-06,0.07046162699944047,Katashi,1e-06,0.9207401270369098,2.0,0
2006-12-06,0.39327539502702297,2.0,0.48780487804878053,1.0471068456686872e-11,0.999999999988529,1,1.2011411144394756e-22,0.5661419497384907,0.5,1e-06,0.1511281419935363,Utsuroi,1e-06,0.9207401270369098,2.0,0
2006-12-07,0.3676593108358231,3.0,0.3278688524590164,1.0908718372988992e-11,0.9999999999880913,1,1.2990861359532992e-22,0.8423087544881317,0.5,1e-06,0.07552869980368371,Katashi,1e-06,0.9207401270369098,2.0,0
2006-12-08,0.38674817607416095,3.0,0.3278688524590164,2.6939672714442074e-11,0.9999999999720603,1,7.526850427342983e-22,0.8423087544881317,0.5,1e-06,1.0,Katashi,1e-06,0.9207401270369098,2.0,0
2006-12-11,0.39238126051782346,3.0,0.3278688524590164,1.1430523194556464e-11,0.9999999999875695,1,1.4208713083389223e-22,0.8423087544881317,0.5,1e-06,1.0,Katashi,1e-06,0.9207401270369098,2.0,0
2006-12-12,0.3915758138963988,3.0,0.3278688524590164,0.0,0.0,0,0.0,0.8423087544881317,0.0,1e-06,1.0,Katashi,1e-06,0.9207401270369098,2.0,0
2006-12-13,0.3936320657010582,3.0,0.3278688524590164,0.0,0.0,0,0.0,0.8423087544881317,0.0,1e-06,1.0,Katashi,1e-06,0.9207401270369098,2.0,0
2006-12-14,0.37643666140498944,3.0,0.3278688524590164,0.0,0.0,0,0.0,0.8423087544881317,0.0,1e-06,1.0,Katashi,1e-06,0.9207401270369098,2.0,0
2006-12-15,0.3989829528023592,3.0,0.3278688524590164,0.0,0.0,0,0.0,0.8423087544881317,0.0,1e-06,1.0,Katashi,1e-06,0.9207401270369098,2.0,0
2006-12-18,0.39349846149939766,3.0,0.3278688524590164,0.0,0.0,0,0.0,0.8423087544881317,0.0,1e-06,1.0,Katashi,1e-06,0.9207401270369098,2.0,0
2006-12-19,0.3781761716544326,2.0,0.48780487804878053,0.0,0.0,0,0.0,0.5661419497384907,0.0,1e-06,0.05342410777452744,Utsuroi,1e-06,0.9207401270369098,2.0,0
2006-12-20,0.3850900307422047,3.0,0.3278688524590164,0.0,0.0,0,0.0,0.8423087544881317,0.0,1e-06,0.024520547991189856,Katashi,1e-06,0.9207401270369098,2.0,0
2006-12-21,0.3775503482025222,3.0,0.3278688524590164,0.0,0.0,0,0.0,0.8423087544881317,0.0,1e-06,1.0,Katashi,1e-06,0.9207401270369098,2.0,0
2006-12-22,0.37358679967375624,3.0,0.3278688524590164,0.0,0.0,0,0.0,0.8423087544881317,0.0,1e-06,1.0,Katashi,1e-06,0.9207401270369098,2.0,0
2006-12-26,0.3688484221092917,3.0,0.3278688524590164,0.0,0.0,0,0.0,0.8423087544881317,0.0,1e-06,1.0,Katashi,1e-06,0.9207401270369098,2.0,0
2006-12-27,0.385566848610327,2.5,0.3921568627450981,0.0,0.0,0,0.0,0.7042253521133802,0.0,1e-06,0.02731572574003016,Utsuroi,1e-06,0.9207401270369098,2.0,0
2006-12-28,0.378474182822009,3.0,0.3278688524590164,0.0,0.0,0,0.0,0.8423087544881317,0.0,1e-06,0.019173896990426154,Katashi,1e-06,0.9207401270369098,2.0,0
2006-12-29,0.35342935754750643,3.0,0.3278688524590164,0.0,0.0,0,0.0,0.8423087544881317,0.0,1e-06,1.0,Katashi,1e-06,0.9207401270369098,2.0,0
2007-01-03,0.3583168332850236,3.0,0.3278688524590164,0.0,0.0,0,0.0,0.8423087544881317,0.0,1e-06,1.0,Katashi,1e-06,0.9207401270369098,2.0,0
2007-01-04,0.33937511763598727,2.0,0.48780487804878053,4.386291330048977e-11,0.9999999999551371,1,1.9678171062277996e-21,0.5661419497384907,0.5,1e-06,0.7226449239319699,Utsuroi,1e-06,0.9207401270369098,2.0,0
2007-01-05,0.40151044607566344,2.0,0.48780487804878053,3.668088055448605e-11,0.9999999999623191,1,1.3821670673888076e-21,0.5661419497384907,0.5,1e-06,1.0,Utsuroi,1e-06,0.9207401270369098,2.0,0
2007-01-08,0.3746000376435159,2.0,0.48780487804878053,3.785771696054368e-11,0.9999999999611423,1,1.4710636129759232e-21,0.5661419497384907,0.5,1e-06,1.0,Utsuroi,1e-06,0.9207401270369098,2.0,0
2007-01-09,0.36107033063554805,3.0,0.3278688524590164,0.0,0.0,0,0.0,0.8423087544881317,0.0,1e-06,0.3178232330226517,Katashi,1e-06,0.9207401270369098,2.0,0
2007-01-10,0.34405389296693645,3.0,0.3278688524590164,1.0707901231781199e-10,0.999999999891921,1,1.1572991523129346e-20,0.8423087544881317,0.5,1e-06,0.6808661729415678,Katashi,1e-06,0.9207401270369098,2.0,0
2007-01-11,0.3675669740887132,3.0,0.3278688524590164,0.0,0.0,0,0.0,0.8423087544881317,0.0,1e-06,1.0,Katashi,1e-06,0.9207401270369098,2.0,0
2007-01-12,0.37731634567632377,3.0,0.3278688524590164,0.0,0.0,0,0.0,0.8423087544881317,0.0,1e-06,1.0,Katashi,1e-06,0.9207401270369098,2.0,0
2007-01-16,0.36488735244824616,3.0,0.3278688524590164,0.555574787073679,0.7560638033494301,2,0.13552480051370344,0.8423087544881317,1.0,1e-06,0.36030894436185434,Katashi,1e-06,0.9207401270369098,2.0,0
2007-01-17,0.36506796197675456,3.0,0.3278688524590164,0.0,0.0,0,0.0,0.8423087544881317,0.0,1e-06,1.0,Katashi,1e-06,0.9207401270369098,2.0,0
2007-01-18,0.37625885363099987,3.0,0.3278688524590164,2.9970248500630127e-10,0.9999999996992975,1,9.012127538757374e-20,0.8423087544881317,0.5,1e-06,0.6808661729415678,Katashi,1e-06,0.9207401270369098,2.0,0
2007-01-19,0.4128738815264723,3.0,0.3278688524590164,2.1077406484582294e-10,0.999999999788226,1,4.4636475818518446e-20,0.8423087544881317,0.5,1e-06,1.0,Katashi,1e-06,0.9207401270369098,2.0,0
2007-01-22,0.41744889166302074,3.0,0.3278688524590164,0.0,0.0,0,0.0,0.8423087544881317,0.0,1e-06,1.0,Katashi,1e-06,0.9207401270369098,2.0,0
2007-01-23,0.4261229568494266,3.0,0.3278688524590164,0.0,0.0,0,0.0,0.8423087544881317,0.0,1e-06,1.0,Katashi,1e-06,0.9207401270369098,2.0,0
2007-01-24,0.43960954044401807,3.0,0.3278688524590164,0.0,0.0,0,0.0,0.8423087544881317,0.0,1e-06,1.0,Katashi,1e-06,0.9207401270369098,2.0,0
2007-01-25,0.4958351215091864,3.0,0.3278688524590164,1.4720713535932644e-10,0.9999999998517929,1,2.1817144581199987e-20,0.8423087544881317,0.5,1e-06,0.6808661729415678,Katashi,1e-06,0.9207401270369098,2.0,0
2007-01-26,0.49681800281709193,3.0,0.3278688524590164,5.999567509276649e-11,0.9999999999390043,1,3.6594753778336106e-21,0.8423087544881317,0.5,1e-06,1.0,Katashi,1e-06,0.9207401270369098,2.0,0
2007-01-29,0.46880300450909496,3.0,0.3278688524590164,1.834676854865145e-11,0.9999999999806533,1,3.5495027886778296e-22,0.8423087544881317,0.5,1e-06,1.0,Katashi,1e-06,0.9207401270369098,2.0,0
2007-01-30,0.4715440506017571,3.0,0.3278688524590164,0.0,0.0,0,0.0,0.8423087544881317,0.0,1e-06,1.0,Katashi,1e-06,0.9207401270369098,2.0,0
2007-01-31,0.5005024056204116,2.5,0.3921568627450981,2.9938251873070046e-10,0.9999999996996175,1,8.992926843091907e-20,0.7042253521133802,0.5,1e-06,0.9389048049303697,Utsuroi,1e-06,0.9207401270369098,2.0,0
2007-02-01,0.5001454066753479,2.0,0.48780487804878053,9.872780370514682e-11,0.9999999999002722,1,9.845904844609213e-21,0.5661419497384907,0.5,1e-06,0.15880616864133812,Utsuroi,1e-06,0.9207401270369098,2.0,0
2007-02-02,0.4969415804023582,3.0,0.3278688524590164,8.093592462563244e-11,0.9999999999180641,1,6.6315580294614566e-21,0.8423087544881317,0.5,1e-06,0.07552869980368371,Katashi,1e-06,0.9207401270369098,2.0,0
2007-02-05,0.5120064194890053,3.0,0.3278688524590164,0.0,0.0,0,0.0,0.8423087544881317,0.0,1e-06,1.0,Katashi,1e-06,0.9207401270369098,2.0,0
2007-02-06,0.5208423958958069,2.0,0.48780487804878053,2.177907853822458e-10,0.9999999997812092,1,4.765061217010355e-20,0.5661419497384907,0.5,1e-06,0.7226449239319699,Utsuroi,1e-06,0.9207401270369098,2.0,0
2007-02-07,0.462294823523743,1.5,0.6451612903225806,8.643608051146215e-11,0.9999999999125639,1,7.557630182911008e-21,0.42805854736346316,0.5,1e-06,0.2967257878416204,Utsuroi,1e-06,0.9207401270369098,2.0,0
2007-02-08,0.4491970433216291,2.0,0.48780487804878053,0.0,0.0,0,0.0,0.5661419497384907,0.0,1e-06,0.5969404947437207,Utsuroi,1e-06,0.9207401270369098,2.0,0
2007-02-09,0.4772717406883489,3.0,0.3278688524590164,0.0,0.0,0,0.0,0.8423087544881317,0.0,1e-06,0.024520547991189856,Katashi,1e-06,0.9207401270369098,2.0,0
2007-02-12,0.49338408647738,3.0,0.3278688524590164,0.0,0.0,0,0.0,0.8423087544881317,0.0,1e-06,1.0,Katashi,1e-06,0.9207401270369098,2.0,0
2007-02-13,0.5071251319488381,3.0,0.3278688524590164,1.5590828626889373e-10,0.9999999998430917,1,2.446329856653191e-20,0.8423087544881317,0.5,1e-06,0.6808661729415678,Katashi,1e-06,0.9207401270369098,2.0,0
2007-02-14,0.5376162591805618,3.0,0.3278688524590164,0.0,0.0,0,0.0,0.8423087544881317,0.0,1e-06,1.0,Katashi,1e-06,0.9207401270369098,2.0,0
2007-02-15,0.5388269700417633,3.0,0.3278688524590164,0.0,0.0,0,0.0,0.8423087544881317,0.0,1e-06,1.0,Katashi,1e-06,0.9207401270369098,2.0,0
2007-02-16,0.5444068009285401,2.0,0.48780487804878053,5.994382767751966e-11,0.9999999999390562,1,3.653204978360403e-21,0.5661419497384907,0.5,1e-06,0.7226449239319699,Utsuroi,1e-06,0.9207401270369098,2.0,0
2007-02-20,0.5230095990965556,2.0,0.48780487804878053,0.0,0.0,0,0.0,0.5661419497384907,0.0,1e-06,1.0,Utsuroi,1e-06,0.9207401270369098,2.0,0
2007-02-21,0.5069765982809461,2.0,0.48780487804878053,4.612654702529389e-11,0.9999999999528735,1,2.1737838671545772e-21,0.5661419497384907,0.5,1e-06,0.5575265728273981,Utsuroi,1e-06,0.9207401270369098,2.0,0
2007-02-22,0.4878442813225422,2.5,0.3921568627450981,6.106748440067366e-11,0.9999999999379325,1,3.790303784626993e-21,0.7042253521133802,0.5,1e-06,0.10947915293949706,Utsuroi,1e-06,0.9207401270369098,2.0,0
2007-02-23,0.4652550348202522,1.0,0.9523809523809523,0.6480422013254331,0.649034617371461,2,0.22744037914762136,0.2899751449882974,1.0,1e-06,0.34243378815887604,Utsuroi,1e-06,0.9207401270369098,2.0,0
2007-02-26,0.4465697346132129,1.0,0.9523809523809523,1.1191048087584189e-10,0.9999999998870895,1,1.2635863735798983e-20,0.2899751449882974,0.5,1e-06,0.7658679067470702,Utsuroi,1e-06,0.9207401270369098,2.0,0
2007-02-27,0.4000799924712969,2.0,0.48780487804878053,1.1191048087584189e-10,0.9999999998870895,1,1.2635863735798983e-20,0.5661419497384907,0.5,1e-06,0.24272688780630247,Utsuroi,1e-06,0.9207401270369098,2.0,0
2007-02-28,0.4148613463830856,2.0,0.48780487804878053,0.0,0.0,0,0.0,0.5661419497384907,0.0,1e-06,1.0,Utsuroi,1e-06,0.9207401270369098,2.0,0
2007-03-01,0.46391398456615845,1.0,0.9523809523809523,0.0,0.0,0,0.0,0.2899751449882974,0.0,1e-06,0.4739595708973481,Utsuroi,1e-06,0.9207401270369098,2.0,0
2007-03-02,0.49076479076479074,2.0,0.48780487804878053,8.077716273312405e-11,0.9999999999182229,1,6.605725395287e-21,0.5661419497384907,0.5,1e-06,0.14745597028820212,Utsuroi,1e-06,0.9207401270369098,2.0,0
2007-03-05,0.496099190664408,2.0,0.48780487804878053,7.600720053050322e-11,0.9999999999229928,1,5.853100051829941e-21,0.5661419497384907,0.5,1e-06,1.0,Utsuroi,1e-06,0.9207401270369098,2.0,0
2007-03-06,0.5138010540184453,2.0,0.48780487804878053,0.0,0.0,0,0.0,0.5661419497384907,0.0,1e-06,1.0,Utsuroi,1e-06,0.9207401270369098,2.0,0
2007-03-07,0.5236652236652237,3.0,0.3278688524590164,3.1425306800699704e-11,0.9999999999675747,1,1.0189745191534656e-21,0.8423087544881317,0.5,1e-06,0.12537627121086836,Katashi,1e-06,0.9207401270369098,2.0,0
2007-03-08,0.5251254783863479,3.0,0.3278688524590164,3.855871177826452e-11,0.9999999999604413,1,1.52533211282266e-21,0.8423087544881317,0.5,1e-06,1.0,Katashi,1e-06,0.9207401270369098,2.0,0
2007-03-09,0.5137820648032109,2.0,0.48780487804878053,0.0,0.0,0,0.0,0.5661419497384907,0.0,1e-06,0.3380362030924259,Utsuroi,1e-06,0.9207401270369098,2.0,0
2007-03-12,0.5106827234087988,2.0,0.48780487804878053,7.56279483453204e-11,0.9999999999233721,1,5.795212846469463e-21,0.5661419497384907,0.5,1e-06,0.5575265728273981,Utsuroi,1e-06,0.9207401270369098,2.0,0
2007-03-13,0.5298760819429205,3.0,0.3278688524590164,0.0,0.0,0,0.0,0.8423087544881317,0.0,1e-06,0.3178232330226517,Katashi,1e-06,0.9207401270369098,2.0,0
2007-03-14,0.5152933021105209,3.0,0.3278688524590164,1.1391654285880857e-10,0.9999999998850835,1,1.3090892760483824e-20,0.8423087544881317,0.5,1e-06,0.6808661729415678,Katashi,1e-06,0.9207401270369098,2.0,0
2007-03-15,0.49812045425008944,3.0,0.3278688524590164,0.0,0.0,0,0.0,0.8423087544881317,0.0,1e-06,1.0,Katashi,1e-06,0.9207401270369098,2.0,0
2007-03-16,0.4829951122888998,2.0,0.48780487804878053,0.0,0.0,0,0.0,0.5661419497384907,0.0,1e-06,0.05342410777452744,Utsuroi,1e-06,0.9207401270369098,2.0,0
2007-03-19,0.44700887917368715,2.0,0.48780487804878053,1.3140455389593653e-10,0.9999999998675955,1,1.739855843274302e-20,0.5661419497384907,0.5,1e-06,0.5575265728273981,Utsuroi,1e-06,0.9207401270369098,2.0,0
2007-03-20,0.45773805558937625,2.5,0.3921568627450981,7.73200392570205e-11,0.99999999992168,1,6.0557067997490465e-21,0.7042253521133802,0.5,1e-06,0.10947915293949706,Utsuroi,1e-06,0.9207401270369098,2.0,0
2007-03-21,0.4834337160424116,3.0,0.3278688524590164,5.703426618241951e-10,0.9999999994286574,1,3.258610820346605e-19,0.8423087544881317,0.5,1e-06,0.07046162699944047,Katashi,1e-06,0.9207401270369098,2.0,0
2007-03-22,0.5181520170650604,2.0,0.48780487804878053,0.0,0.0,0,0.0,0.5661419497384907,0.0,1e-06,0.3380362030924259,Utsuroi,1e-06,0.9207401270369098,2.0,0
2007-03-23,0.5283141978794152,3.0,0.3278688524590164,0.0,0.0,0,0.0,0.8423087544881317,0.0,1e-06,0.024520547991189856,Katashi,1e-06,0.9207401270369098,2.0,0
2007-03-26,0.508556057469101,3.0,0.3278688524590164,0.0,0.0,0,0.0,0.8423087544881317,0.0,1e-06,1.0,Katashi,1e-06,0.9207401270369098,2.0,0
2007-03-27,0.5343936256979736,3.0,0.3278688524590164,0.0,0.0,0,0.0,0.8423087544881317,0.0,1e-06,1.0,Katashi,1e-06,0.9207401270369098,2.0,0
2007-03-28,0.5371353284396764,3.0,0.3278688524590164,0.0,0.0,0,0.0,0.8423087544881317,0.0,1e-06,1.0,Katashi,1e-06,0.9207401270369098,2.0,0
2007-03-29,0.5281353911788695,3.0,0.3278688524590164,0.0,0.0,0,0.0,0.8423087544881317,0.0,1e-06,1.0,Katashi,1e-06,0.9207401270369098,2.0,0
2007-03-30,0.523814229249012,3.0,0.3278688524590164,0.0,0.0,0,0.0,0.8423087544881317,0.0,1e-06,1.0,Katashi,1e-06,0.9207401270369098,2.0,0
2007-04-02,0.506738189346885,3.0,0.3278688524590164,0.0,0.0,0,0.0,0.8423087544881317,0.0,1e-06,1.0,Katashi,1e-06,0.9207401270369098,2.0,0
2007-04-03,0.5039070832549094,3.0,0.3278688524590164,0.0,0.0,0,0.0,0.8423087544881317,0.0,1e-06,1.0,Katashi,1e-06,0.9207401270369098,2.0,0
2007-04-04,0.4798873831482528,2.0,0.48780487804878053,0.0,0.0,0,0.0,0.5661419497384907,0.0,1e-06,0.05342410777452744,Utsuroi,1e-06,0.9207401270369098,2.0,0
2007-04-05,0.449281636238158,2.0,0.48780487804878053,5.4911075684885405e-11,0.999999999944089,1,3.0701360939144507e-21,0.5661419497384907,0.5,1e-06,0.5575265728273981,Utsuroi,1e-06,0.9207401270369098,2.0,0
2007-04-09,0.4819436602045299,2.0,0.48780487804878053,6.610267888393093e-11,0.9999999999328973,1,4.435665372359848e-21,0.5661419497384907,0.5,1e-06,1.0,Utsuroi,1e-06,0.9207401270369098,2.0,0
2007-04-10,0.4604272539055148,2.0,0.48780487804878053,6.210187919265219e-11,0.9999999999368981,1,3.918743904774637e-21,0.5661419497384907,0.5,1e-06,1.0,Utsuroi,1e-06,0.9207401270369098,2.0,0
2007-04-11,0.4865628333019636,2.0,0.48780487804878053,0.0,0.0,0,0.0,0.5661419497384907,0.0,1e-06,1.0,Utsuroi,1e-06,0.9207401270369098,2.0,0
2007-04-12,0.4977978543195935,2.0,0.48780487804878053,3.8005931734325366e-11,0.9999999999609941,1,1.4824559380008337e-21,0.5661419497384907,0.5,1e-06,0.5575265728273981,Utsuroi,1e-06,0.9207401270369098,2.0,0
2007-04-13,0.4840297383775645,2.0,0.48780487804878053,0.0,0.0,0,0.0,0.5661419497384907,0.0,1e-06,1.0,Utsuroi,1e-06,0.9207401270369098,2.0,0
2007-04-16,0.5152911098563273,3.0,0.3278688524590164,2.4909740936272093e-11,0.9999999999740903,1,6.454043834104932e-22,0.8423087544881317,0.5,1e-06,0.12537627121086836,Katashi,1e-06,0.9207401270369098,2.0,0
2007-04-17,0.5055163435598218,2.5,0.3921568627450981,0.42084450455252687,0.8510723301326307,2,0.06267539143949531,0.7042253521133802,1.0,1e-06,0.7011663059828597,Utsuroi,1e-06,0.9207401270369098,2.0,0
2007-04-18,0.5036388732040905,3.0,0.3278688524590164,2.2193247239685955e-11,0.9999999999768068,1,5.147329793346682e-22,0.8423087544881317,0.5,1e-06,0.8967568360800027,Katashi,1e-06,0.9207401270369098,2.0,0
2007-04-19,0.5303704749356923,3.0,0.3278688524590164,2.8310798149814893e-11,0.9999999999706892,1,8.298114637579713e-22,0.8423087544881317,0.5,1e-06,1.0,Katashi,1e-06,0.9207401270369098,2.0,0
2007-04-20,0.5224433778781605,2.5,0.3921568627450981,0.0,0.0,0,0.0,0.7042253521133802,0.0,1e-06,0.5736553021610853,Utsuroi,1e-06,0.9207401270369098,2.0,0
2007-04-23,0.48948334274421246,2.5,0.3921568627450981,0.0,0.0,0,0.0,0.7042253521133802,0.0,1e-06,1.0,Utsuroi,1e-06,0.9207401270369098,2.0,0
2007-04-24,0.46671528954137653,3.0,0.3278688524590164,0.0,0.0,0,0.0,0.8423087544881317,0.0,1e-06,0.019173896990426154,Katashi,1e-06,0.9207401270369098,2.0,0
2007-04-25,0.4588477947173599,3.0,0.3278688524590164,0.0,0.0,0,0.0,0.8423087544881317,0.0,1e-06,1.0,Katashi,1e-06,0.9207401270369098,2.0,0
2007-04-26,0.4821224669050756,3.0,0.3278688524590164,0.0,0.0,0,0.0,0.8423087544881317,0.0,1e-06,1.0,Katashi,1e-06,0.9207401270369098,2.0,0
2007-04-27,0.4681755442625009,2.5,0.3921568627450981,0.0,0.0,0,0.0,0.7042253521133802,0.0,1e-06,0.02731572574003016,Utsuroi,1e-06,0.9207401270369098,2.0,0
2007-04-30,0.4516359244620115,3.0,0.3278688524590164,0.0,0.0,0,0.0,0.8423087544881317,0.0,1e-06,0.019173896990426154,Katashi,1e-06,0.9207401270369098,2.0,0
2007-05-01,0.46734111299328684,2.5,0.3921568627450981,0.0,0.0,0,0.0,0.7042253521133802,0.0,1e-06,0.02731572574003016,Utsuroi,1e-06,0.9207401270369098,2.0,0
2007-05-02,0.4549140473053516,1.0,0.9523809523809523,0.0,0.0,0,0.0,0.2899751449882974,0.0,1e-06,0.41766483149644373,Utsuroi,1e-06,0.9207401270369098,2.0,0
2007-05-03,0.4251648710204846,3.0,0.3278688524590164,0.0,0.0,0,0.0,0.8423087544881317,0.0,1e-06,0.058589972001791724,Katashi,1e-06,0.9207401270369098,2.0,0
2007-05-04,0.4359384755521197,3.0,0.3278688524590164,0.0,0.0,0,0.0,0.8423087544881317,0.0,1e-06,1.0,Katashi,1e-06,0.9207401270369098,2.0,0
2007-05-07,0.45167402073573965,3.0,0.3278688524590164,0.0,0.0,0,0.0,0.8423087544881317,0.0,1e-06,1.0,Katashi,1e-06,0.9207401270369098,2.0,0
2007-05-08,0.47842146154417364,3.0,0.3278688524590164,0.0,0.0,0,0.0,0.8423087544881317,0.0,1e-06,1.0,Katashi,1e-06,0.9207401270369098,2.0,0
2007-05-09,0.4738769722085599,3.0,0.3278688524590164,0.0,0.0,0,0.0,0.8423087544881317,0.0,1e-06,1.0,Katashi,1e-06,0.9207401270369098,2.0,0
2007-05-10,0.49807659008693606,3.0,0.3278688524590164,0.0,0.0,0,0.0,0.8423087544881317,0.0,1e-06,1.0,Katashi,1e-06,0.9207401270369098,2.0,0
2007-05-11,0.4985538793185864,2.0,0.48780487804878053,0.0,0.0,0,0.0,0.5661419497384907,0.0,1e-06,0.05342410777452744,Utsuroi,1e-06,0.9207401270369098,2.0,0
2007-05-14,0.5016831312534322,2.0,0.48780487804878053,0.0,0.0,0,0.0,0.5661419497384907,0.0,1e-06,1.0,Utsuroi,1e-06,0.9207401270369098,2.0,0
2007-05-15,0.4985984000237969,2.5,0.3921568627450981,3.3014257993490444e-11,0.9999999999659858,1,1.1229547585411446e-21,0.7042253521133802,0.5,1e-06,0.2733443582817551,Utsuroi,1e-06,0.9207401270369098,2.0,0
2007-05-16,0.446919787260031,2.0,0.48780487804878053,4.321321078650807e-11,0.9999999999557868,1,1.9105938413573456e-21,0.5661419497384907,0.5,1e-06,0.15880616864133812,Utsuroi,1e-06,0.9207401270369098,2.0,0
2007-05-17,0.46456282276349214,2.0,0.48780487804878053,1.0370333228517334,0.4186218687772626,3,0.6029084952552465,0.5661419497384907,1.5,1e-06,0.04687907474227582,Utsuroi,1e-06,0.9207401270369098,2.0,0
2007-05-18,0.47471126880248005,3.0,0.3278688524590164,0.6071860126399367,0.7042893567789328,2,0.17955136635259072,0.8423087544881317,1.0,1e-06,0.5909714726188846,Katashi,1e-06,0.9207401270369098,2.0,0
2007-05-21,0.4597811281542554,2.0,0.48780487804878053,0.6907836967290953,0.5343629250223954,2,0.3216544999871527,0.5661419497384907,1.0,1e-06,0.5834938077110952,Utsuroi,1e-06,0.9207401270369098,2.0,0
2007-05-22,0.4436722399163877,2.0,0.48780487804878053,0.0,0.0,0,0.0,0.5661419497384907,0.0,1e-06,1.0,Utsuroi,1e-06,0.9207401270369098,2.0,0
2007-05-23,0.4375031646485866,3.0,0.3278688524590164,0.0,0.0,0,0.0,0.8423087544881317,0.0,1e-06,0.024520547991189856,Katashi,1e-06,0.9207401270369098,2.0,0
2007-05-24,0.4675594048065281,3.0,0.3278688524590164,1.581794695100105e-10,0.9999999998408206,1,2.51789205467803e-20,0.8423087544881317,0.5,1e-06,0.6808661729415678,Katashi,1e-06,0.9207401270369098,2.0,0
2007-05-25,0.47068864832416807,3.0,0.3278688524590164,0.0,0.0,0,0.0,0.8423087544881317,0.0,1e-06,1.0,Katashi,1e-06,0.9207401270369098,2.0,0
2007-05-29,0.45131648308950084,3.0,0.3278688524590164,0.0,0.0,0,0.0,0.8423087544881317,0.0,1e-06,1.0,Katashi,1e-06,0.9207401270369098,2.0,0
2007-05-30,0.4647725500691753,2.0,0.48780487804878053,0.0,0.0,0,0.0,0.5661419497384907,0.0,1e-06,0.05342410777452744,Utsuroi,1e-06,0.9207401270369098,2.0,0
2007-05-31,0.4555994729907775,1.0,0.9523809523809523,0.0,0.0,0,0.0,0.2899751449882974,0.0,1e-06,0.4739595708973481,Utsuroi,1e-06,0.9207401270369098,2.0,0
2007-06-01,0.4480895915678526,2.0,0.48780487804878053,0.0,0.0,0,0.0,0.5661419497384907,0.0,1e-06,0.15556574873795448,Utsuroi,1e-06,0.9207401270369098,2.0,0
2007-06-04,0.45318558253340846,2.0,0.48780487804878053,0.0,0.0,0,0.0,0.5661419497384907,0.0,1e-06,1.0,Utsuroi,1e-06,0.9207401270369098,2.0,0
2007-06-05,0.4963077984817117,2.0,0.48780487804878053,0.0,0.0,0,0.0,0.5661419497384907,0.0,1e-06,1.0,Utsuroi,1e-06,0.9207401270369098,2.0,0
2007-06-06,0.48373172720998814,2.0,0.48780487804878053,0.0,0.0,0,0.0,0.5661419497384907,0.0,1e-06,1.0,Utsuroi,1e-06,0.9207401270369098,2.0,0
2007-06-07,0.5368969195056151,2.0,0.48780487804878053,0.0,0.0,0,0.0,0.5661419497384907,0.0,1e-06,1.0,Utsuroi,1e-06,0.9207401270369098,2.0,0
2007-06-08,0.5117447769621682,2.0,0.48780487804878053,0.0,0.0,0,0.0,0.5661419497384907,0.0,1e-06,1.0,Utsuroi,1e-06,0.9207401270369098,2.0,0
2007-06-11,0.5052183323922453,2.0,0.48780487804878053,0.0,0.0,0,0.0,0.5661419497384907,0.0,1e-06,1.0,Utsuroi,1e-06,0.9207401270369098,2.0,0
2007-06-12,0.5408008658008658,2.0,0.48780487804878053,0.0,0.0,0,0.0,0.5661419497384907,0.0,1e-06,1.0,Utsuroi,1e-06,0.9207401270369098,2.0,0
2007-06-13,0.5694397390049564,2.0,0.48780487804878053,0.0,0.0,0,0.0,0.5661419497384907,0.0,1e-06,1.0,Utsuroi,1e-06,0.9207401270369098,2.0,0
2007-06-14,0.5584133258046303,3.0,0.3278688524590164,0.0,0.0,0,0.0,0.8423087544881317,0.0,1e-06,0.024520547991189856,Katashi,1e-06,0.9207401270369098,2.0,0
2007-06-15,0.586545580023841,3.0,0.3278688524590164,0.0,0.0,0,0.0,0.8423087544881317,0.0,1e-06,1.0,Katashi,1e-06,0.9207401270369098,2.0,0
2007-06-18,0.6034726143421796,3.0,0.3278688524590164,0.0,0.0,0,0.0,0.8423087544881317,0.0,1e-06,1.0,Katashi,1e-06,0.9207401270369098,2.0,0
2007-06-19,0.5792741075349771,3.0,0.3278688524590164,0.0,0.0,0,0.0,0.8423087544881317,0.0,1e-06,1.0,Katashi,1e-06,0.9207401270369098,2.0,0
2007-06-20,0.6275519166823514,3.5,0.28169014084507044,0.0,0.0,0,0.0,0.9803921568627451,0.0,1e-06,0.010190487869546572,Katashi,1e-06,0.9207401270369098,2.0,0
2007-06-21,0.6179857582031496,3.5,0.28169014084507044,1.0894196655292993e-10,0.9999999998900581,1,1.1977291633647287e-20,0.9803921568627451,0.5,1e-06,0.7216176666547438,Katashi,1e-06,0.9207401270369098,2.0,0
2007-06-22,0.6059759081498212,3.0,0.3278688524590164,0.9374510228170616,0.5886709576389461,3,0.3856008314757325,0.8423087544881317,1.5,1e-06,0.20611144263029635,Katashi,1e-06,0.9207401270369098,2.0,0
2007-06-25,0.6105652801304975,2.5,0.3921568627450981,5.516598289132506e-11,0.999999999943834,1,3.0984504309778467e-21,0.7042253521133802,0.5,1e-06,0.7433092045475993,Utsuroi,1e-06,0.9207401270369098,2.0,0
2007-06-26,0.6083132693738761,2.5,0.3921568627450981,5.118830913381319e-10,0.9999999994871169,1,2.625361710328109e-19,0.7042253521133802,0.5,1e-06,1.0,Utsuroi,1e-06,0.9207401270369098,2.0,0
2007-06-27,0.612961688052481,2.5,0.3921568627450981,0.0,0.0,0,0.0,0.7042253521133802,0.0,1e-06,1.0,Utsuroi,1e-06,0.9207401270369098,2.0,0
2007-06-28,0.6068069704332805,2.5,0.3921568627450981,0.0,0.0,0,0.0,0.7042253521133802,0.0,1e-06,1.0,Utsuroi,1e-06,0.9207401270369098,2.0,0
2007-06-29,0.6146597204172267,3.0,0.3278688524590164,0.0,0.0,0,0.0,0.8423087544881317,0.0,1e-06,0.019173896990426154,Katashi,1e-06,0.9207401270369098,2.0,0
2007-07-02,0.6421381092637946,3.0,0.3278688524590164,0.0,0.0,0,0.0,0.8423087544881317,0.0,1e-06,1.0,Katashi,1e-06,0.9207401270369098,2.0,0
2007-07-03,0.6485297796404419,3.0,0.3278688524590164,4.923883523007407e-11,0.9999999999497612,1,2.473700640858839e-21,0.8423087544881317,0.5,1e-06,0.6808661729415678,Katashi,1e-06,0.9207401270369098,2.0,0
2007-07-05,0.6560715854194117,2.0,0.48780487804878053,2.1168511387980177e-11,0.9999999999778315,1,4.692739174923333e-22,0.5661419497384907,0.5,1e-06,0.1511281419935363,Utsuroi,1e-06,0.9207401270369098,2.0,0
2007-07-06,0.6336909467344252,3.0,0.3278688524590164,0.6855393611282152,0.561597511366812,2,0.3005421619746153,0.8423087544881317,1.0,1e-06,0.10073775266585283,Katashi,1e-06,0.9207401270369098,2.0,0
2007-07-09,0.6203698475437607,2.0,0.48780487804878053,0.0,0.0,0,0.0,0.5661419497384907,0.0,1e-06,0.7634337815937124,Utsuroi,1e-06,0.9207401270369098,2.0,0
2007-07-10,0.5479233327059414,2.0,0.48780487804878053,0.0,0.0,0,0.0,0.5661419497384907,0.0,1e-06,1.0,Utsuroi,1e-06,0.9207401270369098,2.0,0
2007-07-11,0.5588603425559948,2.0,0.48780487804878053,0.0,0.0,0,0.0,0.5661419497384907,0.0,1e-06,1.0,Utsuroi,1e-06,0.9207401270369098,2.0,0
2007-07-12,0.5847277119016251,2.5,0.3921568627450981,0.0,0.0,0,0.0,0.7042253521133802,0.0,1e-06,0.04051495018318063,Utsuroi,1e-06,0.9207401270369098,2.0,0
2007-07-13,0.5340360122968818,3.0,0.3278688524590164,0.0,0.0,0,0.0,0.8423087544881317,0.0,1e-06,0.019173896990426154,Katashi,1e-06,0.9207401270369098,2.0,0
2007-07-16,0.48602641320032625,3.0,0.3278688524590164,0.0,0.0,0,0.0,0.8423087544881317,0.0,1e-06,1.0,Katashi,1e-06,0.9207401270369098,2.0,0
2007-07-17,0.4899005583788193,3.0,0.3278688524590164,0.0,0.0,0,0.0,0.8423087544881317,0.0,1e-06,1.0,Katashi,1e-06,0.9207401270369098,2.0,0
2007-07-18,0.4359605370474936,3.0,0.3278688524590164,0.0,0.0,0,0.0,0.8423087544881317,0.0,1e-06,1.0,Katashi,1e-06,0.9207401270369098,2.0,0
2007-07-19,0.4502650730911601,2.0,0.48780487804878053,0.0,0.0,0,0.0,0.5661419497384907,0.0,1e-06,0.05342410777452744,Utsuroi,1e-06,0.9207401270369098,2.0,0
2007-07-20,0.44388763410502546,2.0,0.48780487804878053,0.0,0.0,0,0.0,0.5661419497384907,0.0,1e-06,1.0,Utsuroi,1e-06,0.9207401270369098,2.0,0
2007-07-23,0.38795093795093805,2.0,0.48780487804878053,0.0,0.0,0,0.0,0.5661419497384907,0.0,1e-06,1.0,Utsuroi,1e-06,0.9207401270369098,2.0,0
2007-07-24,0.40794748729531344,2.0,0.48780487804878053,0.0,0.0,0,0.0,0.5661419497384907,0.0,1e-06,1.0,Utsuroi,1e-06,0.9207401270369098,2.0,0
2007-07-25,0.404520358868185,3.5,0.28169014084507044,0.0,0.0,0,0.0,0.9803921568627451,0.0,1e-06,0.016172920475686747,Katashi,1e-06,0.9207401270369098,2.0,0
2007-07-26,0.43211619298575826,3.0,0.3278688524590164,0.0,0.0,0,0.0,0.8423087544881317,0.0,1e-06,0.013780305207015897,Katashi,1e-06,0.9207401270369098,2.0,0
2007-07-27,0.43873204090595386,2.0,0.48780487804878053,0.0,0.0,0,0.0,0.5661419497384907,0.0,1e-06,0.05342410777452744,Utsuroi,1e-06,0.9207401270369098,2.0,0
2007-07-30,0.44218897044983996,3.0,0.3278688524590164,0.0,0.0,0,0.0,0.8423087544881317,0.0,1e-06,0.024520547991189856,Katashi,1e-06,0.9207401270369098,2.0,0
2007-07-31,0.4305367337976034,3.0,0.3278688524590164,0.0,0.0,0,0.0,0.8423087544881317,0.0,1e-06,1.0,Katashi,1e-06,0.9207401270369098,2.0,0
2007-08-01,0.4210599786686744,2.5,0.3921568627450981,0.0,0.0,0,0.0,0.7042253521133802,0.0,1e-06,0.02731572574003016,Utsuroi,1e-06,0.9207401270369098,2.0,0
2007-08-02,0.3680139908400778,2.5,0.3921568627450981,0.0,0.0,0,0.0,0.7042253521133802,0.0,1e-06,1.0,Utsuroi,1e-06,0.9207401270369098,2.0,0
2007-08-03,0.36405044231131195,3.0,0.3278688524590164,0.0,0.0,0,0.0,0.8423087544881317,0.0,1e-06,0.019173896990426154,Katashi,1e-06,0.9207401270369098,2.0,0
2007-08-06,0.34539494322103015,3.0,0.3278688524590164,0.0,0.0,0,0.0,0.8423087544881317,0.0,1e-06,1.0,Katashi,1e-06,0.9207401270369098,2.0,0
2007-08-07,0.33085199824330264,3.0,0.3278688524590164,0.0,0.0,0,0.0,0.8423087544881317,0.0,1e-06,1.0,Katashi,1e-06,0.9207401270369098,2.0,0
2007-08-08,0.345573749921576,3.0,0.3278688524590164,0.0,0.0,0,0.0,0.8423087544881317,0.0,1e-06,1.0,Katashi,1e-06,0.9207401270369098,2.0,0
2007-08-09,0.3657193048497397,2.0,0.48780487804878053,0.0,0.0,0,0.0,0.5661419497384907,0.0,1e-06,0.05342410777452744,Utsuroi,1e-06,0.9207401270369098,2.0,0
2007-08-10,0.3656299014994668,2.0,0.48780487804878053,0.0,0.0,0,0.0,0.5661419497384907,0.0,1e-06,1.0,Utsuroi,1e-06,0.9207401270369098,2.0,0
2007-08-13,0.3439644896166636,1.0,0.9523809523809523,0.0,0.0,0,0.0,0.2899751449882974,0.0,1e-06,0.4739595708973481,Utsuroi,1e-06,0.9207401270369098,2.0,0
2007-08-14,0.3536796536796537,1.0,0.9523809523809523,0.0,0.0,0,0.0,0.2899751449882974,0.0,1e-06,1.0,Utsuroi,1e-06,0.9207401270369098,2.0,0
2007-08-15,0.38416619612271785,2.0,0.48780487804878053,3.708078288794088e-11,0.9999999999619192,1,1.412064422206717e-21,0.5661419497384907,0.5,1e-06,0.14745597028820212,Utsuroi,1e-06,0.9207401270369098,2.0,0
2007-08-16,0.3757026789635486,2.0,0.48780487804878053,5.911715559770703e-10,0.9999999994078285,1,3.5007496717824767e-19,0.5661419497384907,0.5,1e-06,1.0,Utsuroi,1e-06,0.9207401270369098,2.0,0
2007-08-17,0.38246753246753257,2.0,0.48780487804878053,5.225242460796066e-11,0.9999999999467476,1,2.7825671461791236e-21,0.5661419497384907,0.5,1e-06,1.0,Utsuroi,1e-06,0.9207401270369098,2.0,0
2007-08-20,0.38076886881234706,2.0,0.48780487804878053,2.8589142160632447e-10,0.9999999997131086,1,8.201979005704672e-20,0.5661419497384907,0.5,1e-06,1.0,Utsuroi,1e-06,0.9207401270369098,2.0,0
2007-08-21,0.3900370161239727,2.0,0.48780487804878053,0.0,0.0,0,0.0,0.5661419497384907,0.0,1e-06,1.0,Utsuroi,1e-06,0.9207401270369098,2.0,0
2007-08-22,0.40991436100131756,2.0,0.48780487804878053,0.0,0.0,0,0.0,0.5661419497384907,0.0,1e-06,1.0,Utsuroi,1e-06,0.9207401270369098,2.0,0
2007-08-23,0.4091693330823765,1.0,0.9523809523809523,0.0,0.0,0,0.0,0.2899751449882974,0.0,1e-06,0.4739595708973481,Utsuroi,1e-06,0.9207401270369098,2.0,0
2007-08-24,0.4503842775581907,1.0,0.9523809523809523,0.0,0.0,0,0.0,0.2899751449882974,0.0,1e-06,1.0,Utsuroi,1e-06,0.9207401270369098,2.0,0
2007-08-27,0.4401028922768053,2.0,0.48780487804878053,0.0,0.0,0,0.0,0.5661419497384907,0.0,1e-06,0.15556574873795448,Utsuroi,1e-06,0.9207401270369098,2.0,0
2007-08-28,0.4615596963423051,1.0,0.9523809523809523,0.0,0.0,0,0.0,0.2899751449882974,0.0,1e-06,0.4739595708973481,Utsuroi,1e-06,0.9207401270369098,2.0,0
2007-08-29,0.4657914549218898,1.0,0.9523809523809523,0.0,0.0,0,0.0,0.2899751449882974,0.0,1e-06,1.0,Utsuroi,1e-06,0.9207401270369098,2.0,0
2007-08-30,0.4740463642637557,3.0,0.3278688524590164,0.0,0.0,0,0.0,0.8423087544881317,0.0,1e-06,0.058589972001791724,Katashi,1e-06,0.9207401270369098,2.0,0
2007-08-31,0.480364201016375,2.0,0.48780487804878053,0.0,0.0,0,0.0,0.5661419497384907,0.0,1e-06,0.05342410777452744,Utsuroi,1e-06,0.9207401270369098,2.0,0
2007-09-04,0.4790827529957965,1.0,0.9523809523809523,0.0,0.0,0,0.0,0.2899751449882974,0.0,1e-06,0.4739595708973481,Utsuroi,1e-06,0.9207401270369098,2.0,0
2007-09-05,0.49785745655310865,2.0,0.48780487804878053,0.0,0.0,0,0.0,0.5661419497384907,0.0,1e-06,0.15556574873795448,Utsuroi,1e-06,0.9207401270369098,2.0,0
2007-09-06,0.5132348328000502,3.0,0.3278688524590164,0.0,0.0,0,0.0,0.8423087544881317,0.0,1e-06,0.024520547991189856,Katashi,1e-06,0.9207401270369098,2.0,0
2007-09-07,0.4974104398017443,1.0,0.9523809523809523,3.787847813110336e-11,0.9999999999611215,1,1.4726567457510954e-21,0.2899751449882974,0.5,1e-06,0.8385850100581349,Utsuroi,1e-06,0.9207401270369098,2.0,0
2007-09-10,0.5023574251835122,2.0,0.48780487804878053,5.6181503891892136e-11,0.9999999999428185,1,3.2125416407068993e-21,0.5661419497384907,0.5,1e-06,0.24272688780630247,Utsuroi,1e-06,0.9207401270369098,2.0,0
2007-09-11,0.5093308865047996,3.0,0.3278688524590164,4.761048221196668e-10,0.9999999995228952,1,2.2715189598964897e-19,0.8423087544881317,0.5,1e-06,0.07552869980368371,Katashi,1e-06,0.9207401270369098,2.0,0
2007-09-12,0.5155295187903883,2.0,0.48780487804878053,1.513805747305676e-10,0.9999999998476194,1,2.3067455633446267e-20,0.5661419497384907,0.5,1e-06,0.1511281419935363,Utsuroi,1e-06,0.9207401270369098,2.0,0
2007-09-13,0.5181520170650606,2.0,0.48780487804878053,0.0,0.0,0,0.0,0.5661419497384907,0.0,1e-06,1.0,Utsuroi,1e-06,0.9207401270369098,2.0,0
2007-09-14,0.510612334525378,2.0,0.48780487804878053,0.5713869094255501,0.741590321608274,2,0.1476519075018987,0.5661419497384907,1.0,1e-06,0.2171551830364773,Utsuroi,1e-06,0.9207401270369098,2.0,0
2007-09-17,0.4461227178618484,2.0,0.48780487804878053,5.971956262655901e-11,0.9999999999392805,1,3.626144401944672e-21,0.5661419497384907,0.5,1e-06,0.7635654857262012,Utsuroi,1e-06,0.9207401270369098,2.0,0
2007-09-18,0.45968222598657377,2.0,0.48780487804878053,0.0,0.0,0,0.0,0.5661419497384907,0.0,1e-06,1.0,Utsuroi,1e-06,0.9207401270369098,2.0,0
2007-09-19,0.45831137461572236,2.0,0.48780487804878053,0.0,0.0,0,0.0,0.5661419497384907,0.0,1e-06,1.0,Utsuroi,1e-06,0.9207401270369098,2.0,0
2007-09-20,0.4533047870004392,2.0,0.48780487804878053,0.0,0.0,0,0.0,0.5661419497384907,0.0,1e-06,1.0,Utsuroi,1e-06,0.9207401270369098,2.0,0
2007-09-21,0.4625431331953071,2.0,0.48780487804878053,4.236222483817014e-11,0.9999999999566378,1,1.836919380992373e-21,0.5661419497384907,0.5,1e-06,0.5575265728273981,Utsuroi,1e-06,0.9207401270369098,2.0,0
2007-09-24,0.45160612334525385,2.0,0.48780487804878053,7.278111446579065e-11,0.9999999999262189,1,5.36987012750293e-21,0.5661419497384907,0.5,1e-06,1.0,Utsuroi,1e-06,0.9207401270369098,2.0,0
2007-09-25,0.45846038019951063,2.0,0.48780487804878053,9.973888381357161e-11,0.9999999998992611,1,1.0047581622301075e-20,0.5661419497384907,0.5,1e-06,1.0,Utsuroi,1e-06,0.9207401270369098,2.0,0
2007-09-26,0.41897390049563965,3.0,0.3278688524590164,0.0,0.0,0,0.0,0.8423087544881317,0.0,1e-06,0.3178232330226517,Katashi,1e-06,0.9207401270369098,2.0,0
2007-09-27,0.4458545078110297,3.0,0.3278688524590164,0.0,0.0,0,0.0,0.8423087544881317,0.0,1e-06,1.0,Katashi,1e-06,0.9207401270369098,2.0,0
2007-09-28,0.4001693958215698,2.0,0.48780487804878053,0.0,0.0,0,0.0,0.5661419497384907,0.0,1e-06,0.05342410777452744,Utsuroi,1e-06,0.9207401270369098,2.0,0
2007-10-01,0.41071899115377375,1.5,0.6451612903225806,0.6788846022106482,0.5842455970971182,2,0.28224926243204845,0.42805854736346316,1.0,1e-06,0.13864895605474448,Utsuroi,1e-06,0.9207401270369098,2.0,0
2007-10-02,0.4103017755191668,1.0,0.9523809523809523,8.559275510203027e-11,0.9999999999134073,1,7.411710587920042e-21,0.2899751449882974,0.5,1e-06,0.7514089260561687,Utsuroi,1e-06,0.9207401270369098,2.0,0
2007-10-03,0.4141759206976598,1.0,0.9523809523809523,0.0,0.0,0,0.0,0.2899751449882974,0.0,1e-06,1.0,Utsuroi,1e-06,0.9207401270369098,2.0,0
2007-10-04,0.40440115440115443,2.0,0.48780487804878053,0.6878969990721985,0.5511907555356491,2,0.3087345324228877,0.5661419497384907,1.0,1e-06,0.042895909095047036,Utsuroi,1e-06,0.9207401270369098,2.0,0
2007-10-05,0.40675544262500785,2.5,0.3921568627450981,0.9375257151529252,0.5527764930855514,3,0.41928353815316755,0.7042253521133802,1.5,1e-06,0.01846992291525784,Utsuroi,1e-06,0.9207401270369098,2.0,0
2007-10-08,0.4415035447644142,3.0,0.3278688524590164,0.6684839990741358,0.6105887590331481,2,0.2603151836459431,0.8423087544881317,1.0,1e-06,0.4227524945042954,Katashi,1e-06,0.9207401270369098,2.0,0
2007-10-09,0.4699338101512015,3.0,0.3278688524590164,4.882549919802681e-11,0.9999999999501745,1,2.4327537910910975e-21,0.8423087544881317,0.5,1e-06,0.8922843282639179,Katashi,1e-06,0.9207401270369098,2.0,0
2007-10-10,0.48245027918940964,2.0,0.48780487804878053,0.34215430119121076,0.8920753009316267,2,0.03692689999101099,0.5661419497384907,1.0,1e-06,0.9331042010365747,Utsuroi,1e-06,0.9207401270369098,2.0,0
2007-10-11,0.4400730911600477,2.0,0.48780487804878053,9.75143299393518e-11,0.9999999999014857,1,9.606556716748543e-21,0.5661419497384907,0.5,1e-06,0.5885545767188569,Utsuroi,1e-06,0.9207401270369098,2.0,0
2007-10-12,0.4327122153209109,3.0,0.3278688524590164,0.0,0.0,0,0.0,0.8423087544881317,0.0,1e-06,0.3178232330226517,Katashi,1e-06,0.9207401270369098,2.0,0
2007-10-15,0.44159294811468736,3.0,0.3278688524590164,0.0,0.0,0,0.0,0.8423087544881317,0.0,1e-06,1.0,Katashi,1e-06,0.9207401270369098,2.0,0
2007-10-16,0.4562252964426878,3.0,0.3278688524590164,0.0,0.0,0,0.0,0.8423087544881317,0.0,1e-06,1.0,Katashi,1e-06,0.9207401270369098,2.0,0
2007-10-17,0.48346351715916946,2.0,0.48780487804878053,0.0,0.0,0,0.0,0.5661419497384907,0.0,1e-06,0.05342410777452744,Utsuroi,1e-06,0.9207401270369098,2.0,0
2007-10-18,0.4660894660894661,3.0,0.3278688524590164,0.0,0.0,0,0.0,0.8423087544881317,0.0,1e-06,0.024520547991189856,Katashi,1e-06,0.9207401270369098,2.0,0
2007-10-19,0.4810198255850431,3.0,0.3278688524590164,0.0,0.0,0,0.0,0.8423087544881317,0.0,1e-06,1.0,Katashi,1e-06,0.9207401270369098,2.0,0
2007-10-22,0.49338728903946305,3.0,0.3278688524590164,0.0,0.0,0,0.0,0.8423087544881317,0.0,1e-06,1.0,Katashi,1e-06,0.9207401270369098,2.0,0
2007-10-23,0.4936853002070393,3.0,0.3278688524590164,0.0,0.0,0,0.0,0.8423087544881317,0.0,1e-06,1.0,Katashi,1e-06,0.9207401270369098,2.0,0
2007-10-24,0.48161584792019585,3.0,0.3278688524590164,0.0,0.0,0,0.0,0.8423087544881317,0.0,1e-06,1.0,Katashi,1e-06,0.9207401270369098,2.0,0
2007-10-25,0.4779503105590062,3.0,0.3278688524590164,0.0,0.0,0,0.0,0.8423087544881317,0.0,1e-06,1.0,Katashi,1e-06,0.9207401270369098,2.0,0
2007-10-26,0.4949369471108602,3.0,0.3278688524590164,0.0,0.0,0,0.0,0.8423087544881317,0.0,1e-06,1.0,Katashi,1e-06,0.9207401270369098,2.0,0
2007-10-29,0.48522178304787,3.0,0.3278688524590164,0.0,0.0,0,0.0,0.8423087544881317,0.0,1e-06,1.0,Katashi,1e-06,0.9207401270369098,2.0,0
2007-10-30,0.4993475123909908,3.0,0.3278688524590164,0.0,0.0,0,0.0,0.8423087544881317,0.0,1e-06,1.0,Katashi,1e-06,0.9207401270369098,2.0,0
2007-10-31,0.4761622435535479,3.0,0.3278688524590164,0.0,0.0,0,0.0,0.8423087544881317,0.0,1e-06,1.0,Katashi,1e-06,0.9207401270369098,2.0,0
2007-11-01,0.4806324110671937,3.0,0.3278688524590164,0.0,0.0,0,0.0,0.8423087544881317,0.0,1e-06,1.0,Katashi,1e-06,0.9207401270369098,2.0,0
2007-11-02,0.46570205157161687,3.5,0.28169014084507044,0.0,0.0,0,0.0,0.9803921568627451,0.0,1e-06,0.010190487869546572,Katashi,1e-06,0.9207401270369098,2.0,0
2007-11-05,0.48456615847920187,3.5,0.28169014084507044,0.0,0.0,0,0.0,0.9803921568627451,0.0,1e-06,1.0,Katashi,1e-06,0.9207401270369098,2.0,0
2007-11-06,0.4938895205566791,3.5,0.28169014084507044,0.0,0.0,0,0.0,0.9803921568627451,0.0,1e-06,1.0,Katashi,1e-06,0.9207401270369098,2.0,0
2007-11-07,0.4708522304039094,3.5,0.28169014084507044,0.0,0.0,0,0.0,0.9803921568627451,0.0,1e-06,1.0,Katashi,1e-06,0.9207401270369098,2.0,0
2007-11-08,0.4573517184738772,3.0,0.3278688524590164,0.0,0.0,0,0.0,0.8423087544881317,0.0,1e-06,0.013780305207015897,Katashi,1e-06,0.9207401270369098,2.0,0
2007-11-09,0.4549826854099533,3.0,0.3278688524590164,0.0,0.0,0,0.0,0.8423087544881317,0.0,1e-06,1.0,Katashi,1e-06,0.9207401270369098,2.0,0
2007-11-12,0.47156739828565175,3.0,0.3278688524590164,2.6659341400732015e-11,0.9999999999723407,1,7.373792355812113e-22,0.8423087544881317,0.5,1e-06,0.6808661729415678,Katashi,1e-06,0.9207401270369098,2.0,0
2007-11-13,0.47788608517606307,3.0,0.3278688524590164,6.630551663051631e-11,0.9999999999326945,1,4.462725585628261e-21,0.8423087544881317,0.5,1e-06,1.0,Katashi,1e-06,0.9207401270369098,2.0,0
2007-11-14,0.47258152847923274,2.5,0.3921568627450981,0.0,0.0,0,0.0,0.7042253521133802,0.0,1e-06,0.5736553021610853,Utsuroi,1e-06,0.9207401270369098,2.0,0
2007-11-15,0.46842420956249814,2.0,0.48780487804878053,0.0,0.0,0,0.0,0.5661419497384907,0.0,1e-06,0.0619858651895302,Utsuroi,1e-06,0.9207401270369098,2.0,0
2007-11-16,0.4599895760446475,3.0,0.3278688524590164,0.0,0.0,0,0.0,0.8423087544881317,0.0,1e-06,0.024520547991189856,Katashi,1e-06,0.9207401270369098,2.0,0
2007-11-19,0.458678352158929,2.0,0.48780487804878053,0.0,0.0,0,0.0,0.5661419497384907,0.0,1e-06,0.05342410777452744,Utsuroi,1e-06,0.9207401270369098,2.0,0
2007-11-20,0.4676043968752668,2.0,0.48780487804878053,0.0,0.0,0,0.0,0.5661419497384907,0.0,1e-06,1.0,Utsuroi,1e-06,0.9207401270369098,2.0,0
2007-11-21,0.4707782116013523,2.5,0.3921568627450981,0.0,0.0,0,0.0,0.7042253521133802,0.0,1e-06,0.04051495018318063,Utsuroi,1e-06,0.9207401270369098,2.0,0
2007-11-23,0.4853815500299462,3.0,0.3278688524590164,0.0,0.0,0,0.0,0.8423087544881317,0.0,1e-06,0.019173896990426154,Katashi,1e-06,0.9207401270369098,2.0,0
2007-11-26,0.4681855986154964,3.0,0.3278688524590164,0.0,0.0,0,0.0,0.8423087544881317,0.0,1e-06,1.0,Katashi,1e-06,0.9207401270369098,2.0,0
2007-11-27,0.44414974799539064,3.0,0.3278688524590164,0.0,0.0,0,0.0,0.8423087544881317,0.0,1e-06,1.0,Katashi,1e-06,0.9207401270369098,2.0,0
2007-11-28,0.4236307574237147,3.0,0.3278688524590164,0.0,0.0,0,0.0,0.8423087544881317,0.0,1e-06,1.0,Katashi,1e-06,0.9207401270369098,2.0,0
2007-11-29,0.420412034800949,3.0,0.3278688524590164,0.0,0.0,0,0.0,0.8423087544881317,0.0,1e-06,1.0,Katashi,1e-06,0.9207401270369098,2.0,0
2007-11-30,0.4181026039705404,2.5,0.3921568627450981,0.0,0.0,0,0.0,0.7042253521133802,0.0,1e-06,0.02731572574003016,Utsuroi,1e-06,0.9207401270369098,2.0,0
2007-12-03,0.4234225367978807,2.5,0.3921568627450981,0.0,0.0,0,0.0,0.7042253521133802,0.0,1e-06,1.0,Utsuroi,1e-06,0.9207401270369098,2.0,0
2007-12-04,0.42656654199000293,2.5,0.3921568627450981,0.0,0.0,0,0.0,0.7042253521133802,0.0,1e-06,1.0,Utsuroi,1e-06,0.9207401270369098,2.0,0
2007-12-05,0.40964615095049883,3.0,0.3278688524590164,0.0,0.0,0,0.0,0.8423087544881317,0.0,1e-06,0.019173896990426154,Katashi,1e-06,0.9207401270369098,2.0,0
2007-12-06,0.4120898425246252,2.0,0.48780487804878053,0.0,0.0,0,0.0,0.5661419497384907,0.0,1e-06,0.05342410777452744,Utsuroi,1e-06,0.9207401270369098,2.0,0
2007-12-07,0.4159341865863605,3.0,0.3278688524590164,0.0,0.0,0,0.0,0.8423087544881317,0.0,1e-06,0.024520547991189856,Katashi,1e-06,0.9207401270369098,2.0,0
2007-12-10,0.42573875399962346,3.0,0.3278688524590164,1.5540557728342223e-10,0.9999999998435944,1,2.4306295592139197e-20,0.8423087544881317,0.5,1e-06,0.6808661729415678,Katashi,1e-06,0.9207401270369098,2.0,0
2007-12-11,0.43721218395131434,3.0,0.3278688524590164,0.0,0.0,0,0.0,0.8423087544881317,0.0,1e-06,1.0,Katashi,1e-06,0.9207401270369098,2.0,0
2007-12-12,0.44963924963924967,3.0,0.3278688524590164,2.4286450625378995e-10,0.9999999997561355,1,5.922602753879178e-20,0.8423087544881317,0.5,1e-06,0.6808661729415678,Katashi,1e-06,0.9207401270369098,2.0,0
2007-12-13,0.4788443440617354,3.0,0.3278688524590164,0.0,0.0,0,0.0,0.8423087544881317,0.0,1e-06,1.0,Katashi,1e-06,0.9207401270369098,2.0,0
2007-12-14,0.46841395319656204,3.0,0.3278688524590164,0.0,0.0,0,0.0,0.8423087544881317,0.0,1e-06,1.0,Katashi,1e-06,0.9207401270369098,2.0,0
2007-12-17,0.4594140159357551,3.0,0.3278688524590164,0.0,0.0,0,0.0,0.8423087544881317,0.0,1e-06,1.0,Katashi,1e-06,0.9207401270369098,2.0,0
2007-12-18,0.46749011857707523,3.0,0.3278688524590164,0.0,0.0,0,0.0,0.8423087544881317,0.0,1e-06,1.0,Katashi,1e-06,0.9207401270369098,2.0,0
2007-12-19,0.4719900872074786,3.0,0.3278688524590164,0.0,0.0,0,0.0,0.8423087544881317,0.0,1e-06,1.0,Katashi,1e-06,0.9207401270369098,2.0,0
2007-12-20,0.47708607817303467,3.0,0.3278688524590164,0.0,0.0,0,0.0,0.8423087544881317,0.0,1e-06,1.0,Katashi,1e-06,0.9207401270369098,2.0,0
2007-12-21,0.4614106907585168,3.0,0.3278688524590164,2.485320837708007e-10,0.9999999997504679,1,6.201672325700737e-20,0.8423087544881317,0.5,1e-06,0.6808661729415678,Katashi,1e-06,0.9207401270369098,2.0,0
2007-12-24,0.46200671309366964,3.0,0.3278688524590164,0.6303222505396224,0.6753536696042733,2,0.20463180560446426,0.8423087544881317,1.0,1e-06,0.32718444819379855,Katashi,1e-06,0.9207401270369098,2.0,0
2007-12-26,0.4407883179622311,2.0,0.48780487804878053,0.6228363237286749,0.6852658261557664,2,0.19602787578892414,0.5661419497384907,1.0,1e-06,0.40448303250247897,Utsuroi,1e-06,0.9207401270369098,2.0,0
2007-12-27,0.4483578016186713,2.0,0.48780487804878053,0.5405000769674316,0.7689848293496356,2,0.1248637175171663,0.5661419497384907,1.0,1e-06,0.5747835444229015,Utsuroi,1e-06,0.9207401270369098,2.0,0
2007-12-28,0.46439080243428077,3.0,0.3278688524590164,0.0,0.0,0,0.0,0.8423087544881317,0.0,1e-06,0.6325778568730178,Katashi,1e-06,0.9207401270369098,2.0,0
2007-12-31,0.47660926030491246,3.0,0.3278688524590164,0.0,0.0,0,0.0,0.8423087544881317,0.0,1e-06,1.0,Katashi,1e-06,0.9207401270369098,2.0,0
2008-01-02,0.4584007779659954,3.0,0.3278688524590164,0.0,0.0,0,0.0,0.8423087544881317,0.0,1e-06,1.0,Katashi,1e-06,0.9207401270369098,2.0,0
2008-01-03,0.4690695777652301,3.0,0.3278688524590164,1.6468237883109114e-10,0.9999999998343176,1,2.728496463550085e-20,0.8423087544881317,0.5,1e-06,0.6808661729415678,Katashi,1e-06,0.9207401270369098,2.0,0
2008-01-04,0.48081121776773955,3.0,0.3278688524590164,0.0,0.0,0,0.0,0.8423087544881317,0.0,1e-06,1.0,Katashi,1e-06,0.9207401270369098,2.0,0
2008-01-07,0.4727947173599346,3.0,0.3278688524590164,0.0,0.0,0,0.0,0.8423087544881317,0.0,1e-06,1.0,Katashi,1e-06,0.9207401270369098,2.0,0
2008-01-08,0.4893939393939395,3.0,0.3278688524590164,1.244641056806897e-10,0.9999999998745359,1,1.561577495619402e-20,0.8423087544881317,0.5,1e-06,0.6808661729415678,Katashi,1e-06,0.9207401270369098,2.0,0
2008-01-09,0.48638402660141783,3.0,0.3278688524590164,1.5932133389065503e-10,0.9999999998396787,1,2.5542605244173714e-20,0.8423087544881317,0.5,1e-06,1.0,Katashi,1e-06,0.9207401270369098,2.0,0
2008-01-10,0.47780130497521817,3.0,0.3278688524590164,1.5749401781471578e-10,0.999999999841506,1,2.496185618317622e-20,0.8423087544881317,0.5,1e-06,1.0,Katashi,1e-06,0.9207401270369098,2.0,0
2008-01-11,0.4839701361440494,3.0,0.3278688524590164,2.9152191767407975e-10,0.9999999997074781,1,8.527654396555321e-20,0.8423087544881317,0.5,1e-06,1.0,Katashi,1e-06,0.9207401270369098,2.0,0
2008-01-14,0.492314448836188,3.0,0.3278688524590164,0.0,0.0,0,0.0,0.8423087544881317,0.0,1e-06,1.0,Katashi,1e-06,0.9207401270369098,2.0,0
2008-01-15,0.5034898676203025,3.0,0.3278688524590164,5.800487866113879e-10,0.9999999994189512,1,3.3703663090219494e-19,0.8423087544881317,0.5,1e-06,0.6808661729415678,Katashi,1e-06,0.9207401270369098,2.0,0
2008-01-16,0.5072746094485225,3.0,0.3278688524590164,0.0,0.0,0,0.0,0.8423087544881317,0.0,1e-06,1.0,Katashi,1e-06,0.9207401270369098,2.0,0
2008-01-17,0.4921058410188846,3.0,0.3278688524590164,0.0,0.0,0,0.0,0.8423087544881317,0.0,1e-06,1.0,Katashi,1e-06,0.9207401270369098,2.0,0
2008-01-18,0.4716026726896293,3.0,0.3278688524590164,0.689757309976284,0.5411463148017696,2,0.3164976835750361,0.8423087544881317,1.0,1e-06,0.20166968164299748,Katashi,1e-06,0.9207401270369098,2.0,0
2008-01-22,0.44546709329318024,3.0,0.3278688524590164,0.5173285829030931,0.7874401554903857,2,0.10996328314226059,0.8423087544881317,1.0,1e-06,0.6874404565135808,Katashi,1e-06,0.9207401270369098,2.0,0
2008-01-23,0.42740761653805137,3.0,0.3278688524590164,1.8575252447114862e-11,0.9999999999804248,1,3.6361484500817536e-22,0.8423087544881317,0.5,1e-06,0.7934783895136095,Katashi,1e-06,0.9207401270369098,2.0,0
2008-01-24,0.4440664408055712,3.0,0.3278688524590164,6.395638461223017e-10,0.9999999993594362,1,4.0968146309583433e-19,0.8423087544881317,0.5,1e-06,1.0,Katashi,1e-06,0.9207401270369098,2.0,0
2008-01-25,0.4403115000941088,3.0,0.3278688524590164,6.886154977190616e-10,0.9999999993103845,1,4.748799041269727e-19,0.8423087544881317,0.5,1e-06,1.0,Katashi,1e-06,0.9207401270369098,2.0,0
2008-01-28,0.4474041658824268,3.0,0.3278688524590164,0.0,0.0,0,0.0,0.8423087544881317,0.0,1e-06,1.0,Katashi,1e-06,0.9207401270369098,2.0,0
2008-01-29,0.4339042599912166,2.5,0.3921568627450981,0.0,0.0,0,0.0,0.7042253521133802,0.0,1e-06,0.02731572574003016,Utsuroi,1e-06,0.9207401270369098,2.0,0
2008-01-30,0.4429936006022963,2.5,0.3921568627450981,8.323386424181067e-11,0.9999999999157662,1,7.011108179884974e-21,0.7042253521133802,0.5,1e-06,0.6277281442749849,Utsuroi,1e-06,0.9207401270369098,2.0,0
2008-01-31,0.4132222849614155,2.5,0.3921568627450981,0.0,0.0,0,0.0,0.7042253521133802,0.0,1e-06,1.0,Utsuroi,1e-06,0.9207401270369098,2.0,0
2008-02-01,0.39662306292741073,2.5,0.3921568627450981,2.1873547415369222e-10,0.9999999997802645,1,4.806393829386988e-20,0.7042253521133802,0.5,1e-06,0.6277281442749849,Utsuroi,1e-06,0.9207401270369098,2.0,0
2008-02-04,0.40311970638057604,3.0,0.3278688524590164,0.0,0.0,0,0.0,0.8423087544881317,0.0,1e-06,0.5700865948117793,Katashi,1e-06,0.9207401270369098,2.0,0
2008-02-05,0.4187056904448209,3.0,0.3278688524590164,2.0511614626891042e-10,0.9999999997938839,1,4.2277745073312946e-20,0.8423087544881317,0.5,1e-06,0.6808661729415678,Katashi,1e-06,0.9207401270369098,2.0,0
2008-02-06,0.3924211054645837,1.0,0.9523809523809523,0.0,0.0,0,0.0,0.2899751449882974,0.0,1e-06,0.44520293800307187,Utsuroi,1e-06,0.9207401270369098,2.0,0
2008-02-07,0.40031840140535796,1.5,0.6451612903225806,0.0,0.0,0,0.0,0.42805854736346316,0.0,1e-06,0.30855884115498056,Utsuroi,1e-06,0.9207401270369098,2.0,0
2008-02-08,0.4021958717610892,1.5,0.6451612903225806,0.0,0.0,0,0.0,0.42805854736346316,0.0,1e-06,1.0,Utsuroi,1e-06,0.9207401270369098,2.0,0
2008-02-11,0.40487797226927663,1.5,0.6451612903225806,0.0,0.0,0,0.0,0.42805854736346316,0.0,1e-06,1.0,Utsuroi,1e-06,0.9207401270369098,2.0,0
2008-02-12,0.39036482840830666,2.0,0.48780487804878053,0.0,0.0,0,0.0,0.5661419497384907,0.0,1e-06,0.10058566977542016,Utsuroi,1e-06,0.9207401270369098,2.0,0
2008-02-13,0.3839277871886568,2.0,0.48780487804878053,0.0,0.0,0,0.0,0.5661419497384907,0.0,1e-06,1.0,Utsuroi,1e-06,0.9207401270369098,2.0,0
2008-02-14,0.38193111236589494,2.0,0.48780487804878053,0.0,0.0,0,0.0,0.5661419497384907,0.0,1e-06,1.0,Utsuroi,1e-06,0.9207401270369098,2.0,0
2008-02-15,0.36366302779346266,2.0,0.48780487804878053,0.0,0.0,0,0.0,0.5661419497384907,0.0,1e-06,1.0,Utsuroi,1e-06,0.9207401270369098,2.0,0
2008-02-19,0.33824267519919704,2.0,0.48780487804878053,0.0,0.0,0,0.0,0.5661419497384907,0.0,1e-06,1.0,Utsuroi,1e-06,0.9207401270369098,2.0,0
2008-02-20,0.3369016249451031,1.0,0.9523809523809523,0.0,0.0,0,0.0,0.2899751449882974,0.0,1e-06,0.4739595708973481,Utsuroi,1e-06,0.9207401270369098,2.0,0
2008-02-21,0.34232542819499345,1.0,0.9523809523809523,0.0,0.0,0,0.0,0.2899751449882974,0.0,1e-06,1.0,Utsuroi,1e-06,0.9207401270369098,2.0,0
2008-02-22,0.34456051195181636,1.0,0.9523809523809523,0.0,0.0,0,0.0,0.2899751449882974,0.0,1e-06,1.0,Utsuroi,1e-06,0.9207401270369098,2.0,0
2008-02-25,0.3570173787565092,2.0,0.48780487804878053,3.091760181155496e-11,0.9999999999680824,1,9.8681501965462e-22,0.5661419497384907,0.5,1e-06,0.14745597028820212,Utsuroi,1e-06,0.9207401270369098,2.0,0
2008-02-26,0.35934186586360506,2.0,0.48780487804878053,1.1730394433503948e-11,0.9999999999872696,1,1.4933228850352644e-22,0.5661419497384907,0.5,1e-06,1.0,Utsuroi,1e-06,0.9207401270369098,2.0,0
2008-02-27,0.3539180626137148,1.0,0.9523809523809523,0.3885496544078047,0.8688591611016748,2,0.05095472763269384,0.2899751449882974,1.0,1e-06,0.5740567102704061,Utsuroi,1e-06,0.9207401270369098,2.0,0
2008-02-28,0.3219712654495263,2.0,0.48780487804878053,0.2018757325565386,0.9488540384814017,2,0.010325128448875563,0.5661419497384907,1.0,1e-06,0.46095800746979587,Utsuroi,1e-06,0.9207401270369098,2.0,0
2008-02-29,0.3384214818997428,1.0,0.9523809523809523,3.057520903077143e-11,0.9999999999684248,1,9.654179399451475e-22,0.2899751449882974,0.5,1e-06,0.2761927540688216,Utsuroi,1e-06,0.9207401270369098,2.0,0
2008-03-03,0.3347857456553109,2.0,0.48780487804878053,5.421618709381113e-11,0.9999999999447838,1,2.9936099308122476e-21,0.5661419497384907,0.5,1e-06,0.24272688780630247,Utsuroi,1e-06,0.9207401270369098,2.0,0
2008-03-04,0.36425905012861537,3.0,0.3278688524590164,0.0,0.0,0,0.0,0.8423087544881317,0.0,1e-06,0.3178232330226517,Katashi,1e-06,0.9207401270369098,2.0,0
2008-03-05,0.3911396574440053,2.0,0.48780487804878053,0.0,0.0,0,0.0,0.5661419497384907,0.0,1e-06,0.05342410777452744,Utsuroi,1e-06,0.9207401270369098,2.0,0
2008-03-06,0.392570111048372,3.0,0.3278688524590164,0.0,0.0,0,0.0,0.8423087544881317,0.0,1e-06,0.024520547991189856,Katashi,1e-06,0.9207401270369098,2.0,0
2008-03-07,0.3794278185582533,3.0,0.3278688524590164,0.0,0.0,0,0.0,0.8423087544881317,0.0,1e-06,1.0,Katashi,1e-06,0.9207401270369098,2.0,0
2008-03-10,0.3929575255662212,3.0,0.3278688524590164,8.061640243917145e-11,0.9999999999183836,1,6.5796189615685905e-21,0.8423087544881317,0.5,1e-06,0.6808661729415678,Katashi,1e-06,0.9207401270369098,2.0,0
2008-03-11,0.4048183700357614,3.0,0.3278688524590164,9.402456590638526e-11,0.9999999999049755,1,8.934641480229895e-21,0.8423087544881317,0.5,1e-06,1.0,Katashi,1e-06,0.9207401270369098,2.0,0
2008-03-12,0.4101825710521363,1.0,0.9523809523809523,4.285249932582324e-11,0.9999999999561475,1,1.8791882498656898e-21,0.2899751449882974,0.5,1e-06,0.5119069683569215,Utsuroi,1e-06,0.9207401270369098,2.0,0
2008-03-13,0.41208984252462516,2.0,0.48780487804878053,2.3492652267676254e-11,0.9999999999755074,1,5.753968431467869e-22,0.5661419497384907,0.5,1e-06,0.24272688780630247,Utsuroi,1e-06,0.9207401270369098,2.0,0
2008-03-14,0.42871886567538736,2.0,0.48780487804878053,2.510192054182971e-11,0.9999999999738981,1,6.552077801410398e-22,0.5661419497384907,0.5,1e-06,1.0,Utsuroi,1e-06,0.9207401270369098,2.0,0
2008-03-17,0.4274970198883242,2.5,0.3921568627450981,4.0578429504580666e-11,0.9999999999584216,1,1.6871864729331978e-21,0.7042253521133802,0.5,1e-06,0.10947915293949706,Utsuroi,1e-06,0.9207401270369098,2.0,0
2008-03-18,0.3943581780538303,3.5,0.28169014084507044,4.253963847749754e-11,0.9999999999564604,1,1.85215953926401e-21,0.9803921568627451,0.5,1e-06,0.05147393721521076,Katashi,1e-06,0.9207401270369098,2.0,0
2008-03-19,0.42025534851621804,3.0,0.3278688524590164,0.0,0.0,0,0.0,0.8423087544881317,0.0,1e-06,0.5686844269649618,Katashi,1e-06,0.9207401270369098,2.0,0
2008-03-20,0.40496737561954954,3.5,0.28169014084507044,0.0,0.0,0,0.0,0.9803921568627451,0.0,1e-06,0.010190487869546572,Katashi,1e-06,0.9207401270369098,2.0,0
2008-03-24,0.40124223602484477,3.5,0.28169014084507044,0.0,0.0,0,0.0,0.9803921568627451,0.0,1e-06,1.0,Katashi,1e-06,0.9207401270369098,2.0,0
2008-03-25,0.4089905263818307,3.0,0.3278688524590164,0.0,0.0,0,0.0,0.8423087544881317,0.0,1e-06,0.013780305207015897,Katashi,1e-06,0.9207401270369098,2.0,0
2008-03-26,0.41092759897107733,3.0,0.3278688524590164,4.814482146166281e-11,0.9999999999508552,1,2.366067590048901e-21,0.8423087544881317,0.5,1e-06,0.6808661729415678,Katashi,1e-06,0.9207401270369098,2.0,0
2008-03-27,0.425381140598532,3.0,0.3278688524590164,1.2699041817290408e-10,0.9999999998720096,1,1.6253553917695547e-20,0.8423087544881317,0.5,1e-06,1.0,Katashi,1e-06,0.9207401270369098,2.0,0
2008-03-28,0.41295407491059666,3.0,0.3278688524590164,0.0,0.0,0,0.0,0.8423087544881317,0.0,1e-06,1.0,Katashi,1e-06,0.9207401270369098,2.0,0
2008-03-31,0.40481837003576143,3.0,0.3278688524590164,4.9823700719417046e-11,0.9999999999491763,1,2.532223751975817e-21,0.8423087544881317,0.5,1e-06,0.6808661729415678,Katashi,1e-06,0.9207401270369098,2.0,0
2008-04-01,0.38455361064056715,3.5,0.28169014084507044,3.9313108323467184e-11,0.9999999999596869,1,1.5848327247344777e-21,0.9803921568627451,0.5,1e-06,0.04931732008052436,Katashi,1e-06,0.9207401270369098,2.0,0
2008-04-02,0.38774233013363457,3.5,0.28169014084507044,2.6710189615258442e-11,0.9999999999722898,1,7.401438280332206e-22,0.9803921568627451,0.5,1e-06,1.0,Katashi,1e-06,0.9207401270369098,2.0,0
2008-04-03,0.38812974465148387,3.0,0.3278688524590164,4.427513910951451e-11,0.9999999999547249,1,2.0045621028794965e-21,0.8423087544881317,0.5,1e-06,0.06535006796201615,Katashi,1e-06,0.9207401270369098,2.0,0
2008-04-04,0.3658981115502855,2.0,0.48780487804878053,3.581768215287214e-11,0.9999999999631823,1,1.3187232446325658e-21,0.5661419497384907,0.5,1e-06,0.1511281419935363,Utsuroi,1e-06,0.9207401270369098,2.0,0
2008-04-07,0.356540560888387,2.0,0.48780487804878053,0.0,0.0,0,0.0,0.5661419497384907,0.0,1e-06,1.0,Utsuroi,1e-06,0.9207401270369098,2.0,0
2008-04-08,0.3494776962168266,3.0,0.3278688524590164,1.9053070230809983e-10,0.9999999998084693,1,3.6492475012953603e-20,0.8423087544881317,0.5,1e-06,0.12537627121086836,Katashi,1e-06,0.9207401270369098,2.0,0
2008-04-09,0.3198553861597341,1.0,0.9523809523809523,0.0,0.0,0,0.0,0.2899751449882974,0.0,1e-06,0.44520293800307187,Utsuroi,1e-06,0.9207401270369098,2.0,0
2008-04-10,0.308232950624255,1.0,0.9523809523809523,0.0,0.0,0,0.0,0.2899751449882974,0.0,1e-06,1.0,Utsuroi,1e-06,0.9207401270369098,2.0,0
2008-04-11,0.3206600163121902,1.5,0.6451612903225806,0.0,0.0,0,0.0,0.42805854736346316,0.0,1e-06,0.30855884115498056,Utsuroi,1e-06,0.9207401270369098,2.0,0
2008-04-14,0.3220904699165569,2.0,0.48780487804878053,0.0,0.0,0,0.0,0.5661419497384907,0.0,1e-06,0.10058566977542016,Utsuroi,1e-06,0.9207401270369098,2.0,0
2008-04-15,0.3271268586485978,3.0,0.3278688524590164,0.0,0.0,0,0.0,0.8423087544881317,0.0,1e-06,0.024520547991189856,Katashi,1e-06,0.9207401270369098,2.0,0
2008-04-16,0.3425638371290545,2.0,0.48780487804878053,0.0,0.0,0,0.0,0.5661419497384907,0.0,1e-06,0.05342410777452744,Utsuroi,1e-06,0.9207401270369098,2.0,0
2008-04-17,0.3530538302277433,3.0,0.3278688524590164,0.0,0.0,0,0.0,0.8423087544881317,0.0,1e-06,0.024520547991189856,Katashi,1e-06,0.9207401270369098,2.0,0
2008-04-18,0.35981868373172726,2.0,0.48780487804878053,0.0,0.0,0,0.0,0.5661419497384907,0.0,1e-06,0.05342410777452744,Utsuroi,1e-06,0.9207401270369098,2.0,0
2008-04-21,0.3303751803751804,2.0,0.48780487804878053,0.0,0.0,0,0.0,0.5661419497384907,0.0,1e-06,1.0,Utsuroi,1e-06,0.9207401270369098,2.0,0
2008-04-22,0.35698757763975153,3.0,0.3278688524590164,0.0,0.0,0,0.0,0.8423087544881317,0.0,1e-06,0.024520547991189856,Katashi,1e-06,0.9207401270369098,2.0,0
2008-04-23,0.32876592007026795,2.0,0.48780487804878053,9.004763601024547e-11,0.9999999999089524,1,8.198622395408489e-21,0.5661419497384907,0.5,1e-06,0.7226449239319699,Utsuroi,1e-06,0.9207401270369098,2.0,0
2008-04-24,0.30555085011606753,2.0,0.48780487804878053,1.0779188652184651e-10,0.9999999998912081,1,1.1726880302556376e-20,0.5661419497384907,0.5,1e-06,1.0,Utsuroi,1e-06,0.9207401270369098,2.0,0
2008-04-25,0.3321930484973963,2.0,0.48780487804878053,0.0,0.0,0,0.0,0.5661419497384907,0.0,1e-06,1.0,Utsuroi,1e-06,0.9207401270369098,2.0,0
2008-04-28,0.3183653303218521,2.0,0.48780487804878053,0.0,0.0,0,0.0,0.5661419497384907,0.0,1e-06,1.0,Utsuroi,1e-06,0.9207401270369098,2.0,0
2008-04-29,0.3355009724574942,2.0,0.48780487804878053,0.0,0.0,0,0.0,0.5661419497384907,0.0,1e-06,1.0,Utsuroi,1e-06,0.9207401270369098,2.0,0
2008-04-30,0.33952412321977543,2.0,0.48780487804878053,0.0,0.0,0,0.0,0.5661419497384907,0.0,1e-06,1.0,Utsuroi,1e-06,0.9207401270369098,2.0,0
2008-05-01,0.3453353409875149,2.5,0.3921568627450981,0.0,0.0,0,0.0,0.7042253521133802,0.0,1e-06,0.04051495018318063,Utsuroi,1e-06,0.9207401270369098,2.0,0
2008-05-02,0.34497772758642326,2.0,0.48780487804878053,0.0,0.0,0,0.0,0.5661419497384907,0.0,1e-06,0.0619858651895302,Utsuroi,1e-06,0.9207401270369098,2.0,0
2008-05-05,0.3296897546897547,2.0,0.48780487804878053,0.0,0.0,0,0.0,0.5661419497384907,0.0,1e-06,1.0,Utsuroi,1e-06,0.9207401270369098,2.0,0
2008-05-06,0.32784208545078114,2.0,0.48780487804878053,7.247424882180687e-11,0.9999999999265258,1,5.32498938804752e-21,0.5661419497384907,0.5,1e-06,0.5575265728273981,Utsuroi,1e-06,0.9207401270369098,2.0,0
2008-05-07,0.34971610515088775,2.0,0.48780487804878053,3.9797942718301325e-11,0.9999999999592021,1,1.623673306961646e-21,0.5661419497384907,0.5,1e-06,1.0,Utsuroi,1e-06,0.9207401270369098,2.0,0
2008-05-08,0.35001411631846413,3.0,0.3278688524590164,2.3111290656323188e-10,0.9999999997678871,1,5.3644283380279e-20,0.8423087544881317,0.5,1e-06,0.07552869980368371,Katashi,1e-06,0.9207401270369098,2.0,0
2008-05-09,0.3602955015998494,3.5,0.28169014084507044,4.4425352284739485e-11,0.9999999999545747,1,2.0180362951885502e-21,0.9803921568627451,0.5,1e-06,0.04931732008052436,Katashi,1e-06,0.9207401270369098,2.0,0
2008-05-12,0.37349739632348333,3.0,0.3278688524590164,4.067790548758294e-11,0.9999999999583221,1,1.695369000514382e-21,0.8423087544881317,0.5,1e-06,0.06535006796201615,Katashi,1e-06,0.9207401270369098,2.0,0
2008-05-13,0.3797556308425874,2.0,0.48780487804878053,4.954048282584953e-11,0.9999999999494595,1,2.5037988255866926e-21,0.5661419497384907,0.5,1e-06,0.1511281419935363,Utsuroi,1e-06,0.9207401270369098,2.0,0
2008-05-14,0.38056026099504364,2.0,0.48780487804878053,0.0,0.0,0,0.0,0.5661419497384907,0.0,1e-06,1.0,Utsuroi,1e-06,0.9207401270369098,2.0,0
2008-05-15,0.44290419725202335,2.5,0.3921568627450981,0.0,0.0,0,0.0,0.7042253521133802,0.0,1e-06,0.04051495018318063,Utsuroi,1e-06,0.9207401270369098,2.0,0
2008-05-16,0.4233248635422549,3.0,0.3278688524590164,0.0,0.0,0,0.0,0.8423087544881317,0.0,1e-06,0.019173896990426154,Katashi,1e-06,0.9207401270369098,2.0,0
2008-05-19,0.4046991655687308,3.0,0.3278688524590164,0.0,0.0,0,0.0,0.8423087544881317,0.0,1e-06,1.0,Katashi,1e-06,0.9207401270369098,2.0,0
2008-05-20,0.40732166384340296,3.0,0.3278688524590164,0.0,0.0,0,0.0,0.8423087544881317,0.0,1e-06,1.0,Katashi,1e-06,0.9207401270369098,2.0,0
2008-05-21,0.40997396323483287,2.0,0.48780487804878053,0.0,0.0,0,0.0,0.5661419497384907,0.0,1e-06,0.05342410777452744,Utsuroi,1e-06,0.9207401270369098,2.0,0
2008-05-22,0.39543101825710525,3.0,0.3278688524590164,0.0,0.0,0,0.0,0.8423087544881317,0.0,1e-06,0.024520547991189856,Katashi,1e-06,0.9207401270369098,2.0,0
2008-05-23,0.4218348077043729,2.0,0.48780487804878053,0.0,0.0,0,0.0,0.5661419497384907,0.0,1e-06,0.05342410777452744,Utsuroi,1e-06,0.9207401270369098,2.0,0
2008-05-27,0.41465273856578205,2.0,0.48780487804878053,0.0,0.0,0,0.0,0.5661419497384907,0.0,1e-06,1.0,Utsuroi,1e-06,0.9207401270369098,2.0,0
2008-05-28,0.4098547587678023,3.0,0.3278688524590164,0.0,0.0,0,0.0,0.8423087544881317,0.0,1e-06,0.024520547991189856,Katashi,1e-06,0.9207401270369098,2.0,0
2008-05-29,0.41810966810966815,3.0,0.3278688524590164,0.0,0.0,0,0.0,0.8423087544881317,0.0,1e-06,1.0,Katashi,1e-06,0.9207401270369098,2.0,0
2008-05-30,0.4207023652675827,3.0,0.3278688524590164,0.0,0.0,0,0.0,0.8423087544881317,0.0,1e-06,1.0,Katashi,1e-06,0.9207401270369098,2.0,0
2008-06-02,0.4201659451659452,2.5,0.3921568627450981,0.0,0.0,0,0.0,0.7042253521133802,0.0,1e-06,0.02731572574003016,Utsuroi,1e-06,0.9207401270369098,2.0,0
2008-06-03,0.4330996298387603,2.5,0.3921568627450981,0.0,0.0,0,0.0,0.7042253521133802,0.0,1e-06,1.0,Utsuroi,1e-06,0.9207401270369098,2.0,0
2008-06-04,0.4485962105527323,2.5,0.3921568627450981,0.0,0.0,0,0.0,0.7042253521133802,0.0,1e-06,1.0,Utsuroi,1e-06,0.9207401270369098,2.0,0
2008-06-05,0.4579239600978732,2.5,0.3921568627450981,0.0,0.0,0,0.0,0.7042253521133802,0.0,1e-06,1.0,Utsuroi,1e-06,0.9207401270369098,2.0,0
2008-06-06,0.42123878536922016,2.5,0.3921568627450981,0.0,0.0,0,0.0,0.7042253521133802,0.0,1e-06,1.0,Utsuroi,1e-06,0.9207401270369098,2.0,0
2008-06-09,0.3968316707447143,3.0,0.3278688524590164,0.0,0.0,0,0.0,0.8423087544881317,0.0,1e-06,0.019173896990426154,Katashi,1e-06,0.9207401270369098,2.0,0
2008-06-10,0.4169474245561202,3.0,0.3278688524590164,0.0,0.0,0,0.0,0.8423087544881317,0.0,1e-06,1.0,Katashi,1e-06,0.9207401270369098,2.0,0
2008-06-11,0.4223712278060105,2.0,0.48780487804878053,0.0,0.0,0,0.0,0.5661419497384907,0.0,1e-06,0.05342410777452744,Utsuroi,1e-06,0.9207401270369098,2.0,0
2008-06-12,0.3961462450592885,3.0,0.3278688524590164,0.0,0.0,0,0.0,0.8423087544881317,0.0,1e-06,0.024520547991189856,Katashi,1e-06,0.9207401270369098,2.0,0
2008-06-13,0.404192546583851,3.0,0.3278688524590164,0.0,0.0,0,0.0,0.8423087544881317,0.0,1e-06,1.0,Katashi,1e-06,0.9207401270369098,2.0,0
2008-06-16,0.41366930171277994,3.0,0.3278688524590164,0.0,0.0,0,0.0,0.8423087544881317,0.0,1e-06,1.0,Katashi,1e-06,0.9207401270369098,2.0,0
2008-06-17,0.36154714850367026,3.0,0.3278688524590164,0.0,0.0,0,0.0,0.8423087544881317,0.0,1e-06,1.0,Katashi,1e-06,0.9207401270369098,2.0,0
2008-06-18,0.3335340987514901,3.0,0.3278688524590164,0.0,0.0,0,0.0,0.8423087544881317,0.0,1e-06,1.0,Katashi,1e-06,0.9207401270369098,2.0,0
2008-06-19,0.33758705063052896,3.0,0.3278688524590164,0.0,0.0,0,0.0,0.8423087544881317,0.0,1e-06,1.0,Katashi,1e-06,0.9207401270369098,2.0,0
2008-06-20,0.3437260806826024,2.0,0.48780487804878053,0.0,0.0,0,0.0,0.5661419497384907,0.0,1e-06,0.05342410777452744,Utsuroi,1e-06,0.9207401270369098,2.0,0
2008-06-23,0.351265763222285,2.0,0.48780487804878053,0.0,0.0,0,0.0,0.5661419497384907,0.0,1e-06,1.0,Utsuroi,1e-06,0.9207401270369098,2.0,0
2008-06-24,0.3594908714473932,2.0,0.48780487804878053,0.0,0.0,0,0.0,0.5661419497384907,0.0,1e-06,1.0,Utsuroi,1e-06,0.9207401270369098,2.0,0
2008-06-25,0.3771927348014305,2.0,0.48780487804878053,0.0,0.0,0,0.0,0.5661419497384907,0.0,1e-06,1.0,Utsuroi,1e-06,0.9207401270369098,2.0,0
2008-06-26,0.3615471485036703,2.0,0.48780487804878053,0.0,0.0,0,0.0,0.5661419497384907,0.0,1e-06,1.0,Utsuroi,1e-06,0.9207401270369098,2.0,0
2008-06-27,0.34879227053140105,3.0,0.3278688524590164,0.0,0.0,0,0.0,0.8423087544881317,0.0,1e-06,0.024520547991189856,Katashi,1e-06,0.9207401270369098,2.0,0
2008-06-30,0.3393751176359873,3.0,0.3278688524590164,2.923175034932931e-10,0.9999999997066825,1,8.574183389805334e-20,0.8423087544881317,0.5,1e-06,0.6808661729415678,Katashi,1e-06,0.9207401270369098,2.0,0
2008-07-01,0.3243255536733798,2.0,0.48780487804878053,0.0,0.0,0,0.0,0.5661419497384907,0.0,1e-06,0.3380362030924259,Utsuroi,1e-06,0.9207401270369098,2.0,0
2008-07-02,0.29917341112993284,2.0,0.48780487804878053,0.0,0.0,0,0.0,0.5661419497384907,0.0,1e-06,1.0,Utsuroi,1e-06,0.9207401270369098,2.0,0
2008-07-03,0.30331576635924473,2.0,0.48780487804878053,3.541889004244139e-11,0.9999999999635811,1,1.2899158783776936e-21,0.5661419497384907,0.5,1e-06,0.5575265728273981,Utsuroi,1e-06,0.9207401270369098,2.0,0
2008-07-07,0.2902032749858837,2.5,0.3921568627450981,1.0646150627668234e-11,0.9999999999883539,1,1.2398643830422108e-22,0.7042253521133802,0.5,1e-06,0.10947915293949706,Utsuroi,1e-06,0.9207401270369098,2.0,0
2008-07-08,0.3023025283894849,3.0,0.3278688524590164,9.75142189213284e-12,0.9999999999892486,1,1.0484143509283331e-22,0.8423087544881317,0.5,1e-06,0.07046162699944047,Katashi,1e-06,0.9207401270369098,2.0,0
2008-07-09,0.3119580902189598,3.0,0.3278688524590164,1.2063239296282278e-11,0.9999999999869368,1,1.5758471475707099e-22,0.8423087544881317,0.5,1e-06,1.0,Katashi,1e-06,0.9207401270369098,2.0,0
2008-07-10,0.32778248321726583,1.0,0.9523809523809523,1.3112844143748638e-11,0.9999999999858872,1,1.8505923560462276e-22,0.2899751449882974,0.5,1e-06,0.5119069683569215,Utsuroi,1e-06,0.9207401270369098,2.0,0
2008-07-11,0.2984879854445073,2.0,0.48780487804878053,0.20316409980547512,0.9484122163826747,2,0.01048078561957353,0.5661419497384907,1.0,1e-06,0.08032825272329713,Utsuroi,1e-06,0.9207401270369098,2.0,0
2008-07-14,0.2857331074722379,1.5,0.6451612903225806,0.2597314863024213,0.9276281247252011,2,0.018797254731616985,0.42805854736346316,1.0,1e-06,0.50617525683807,Utsuroi,1e-06,0.9207401270369098,2.0,0
2008-07-15,0.3142825773260556,3.0,0.3278688524590164,0.0,0.0,0,0.0,0.8423087544881317,0.0,1e-06,0.42835411531081424,Katashi,1e-06,0.9207401270369098,2.0,0
2008-07-16,0.30519323671497584,3.0,0.3278688524590164,0.0,0.0,0,0.0,0.8423087544881317,0.0,1e-06,1.0,Katashi,1e-06,0.9207401270369098,2.0,0
2008-07-17,0.2928853754940712,3.0,0.3278688524590164,0.0,0.0,0,0.0,0.8423087544881317,0.0,1e-06,1.0,Katashi,1e-06,0.9207401270369098,2.0,0
2008-07-18,0.2827231946797164,1.0,0.9523809523809523,0.0,0.0,0,0.0,0.2899751449882974,0.0,1e-06,0.3799749127762275,Utsuroi,1e-06,0.9207401270369098,2.0,0
2008-07-21,0.2823059790451095,3.0,0.3278688524590164,7.380218658146255e-11,0.9999999999251978,1,5.520563298361597e-21,0.8423087544881317,0.5,1e-06,0.05919209212165932,Katashi,1e-06,0.9207401270369098,2.0,0
2008-07-22,0.2810841332580463,3.0,0.3278688524590164,4.438105438605895e-11,0.999999999954619,1,2.0140580610647953e-21,0.8423087544881317,0.5,1e-06,1.0,Katashi,1e-06,0.9207401270369098,2.0,0
2008-07-23,0.2720245937637242,3.0,0.3278688524590164,4.0278003154129545e-11,0.999999999958722,1,1.6625946502537804e-21,0.8423087544881317,0.5,1e-06,1.0,Katashi,1e-06,0.9207401270369098,2.0,0
2008-07-24,0.26770343183386663,3.0,0.3278688524590164,0.0,0.0,0,0.0,0.8423087544881317,0.0,1e-06,1.0,Katashi,1e-06,0.9207401270369098,2.0,0
2008-07-25,0.26469351904134514,3.0,0.3278688524590164,0.0,0.0,0,0.0,0.8423087544881317,0.0,1e-06,1.0,Katashi,1e-06,0.9207401270369098,2.0,0
2008-07-28,0.25685582533408624,3.0,0.3278688524590164,0.0,0.0,0,0.0,0.8423087544881317,0.0,1e-06,1.0,Katashi,1e-06,0.9207401270369098,2.0,0
2008-07-29,0.25685582533408624,2.0,0.48780487804878053,6.652400852174782e-11,0.999999999932476,1,4.4919662468494514e-21,0.5661419497384907,0.5,1e-06,0.7226449239319699,Utsuroi,1e-06,0.9207401270369098,2.0,0
2008-07-30,0.24326651609260308,2.0,0.48780487804878053,0.5099790193511972,0.7929818730790917,2,0.10557490135504646,0.5661419497384907,1.0,1e-06,0.29104721342904694,Utsuroi,1e-06,0.9207401270369098,2.0,0
2008-07-31,0.24991216512955652,1.0,0.9523809523809523,1.706168539767187e-11,0.9999999999819383,1,3.081624165757466e-22,0.2899751449882974,0.5,1e-06,0.4287054406114339,Utsuroi,1e-06,0.9207401270369098,2.0,0
2008-08-01,0.2547697471610515,2.0,0.48780487804878053,3.852735907337073e-10,0.9999999996137264,1,1.48821004813406e-19,0.5661419497384907,0.5,1e-06,0.24272688780630247,Utsuroi,1e-06,0.9207401270369098,2.0,0
2008-08-04,0.2898754627015496,3.0,0.3278688524590164,0.0,0.0,0,0.0,0.8423087544881317,0.0,1e-06,0.3178232330226517,Katashi,1e-06,0.9207401270369098,2.0,0
2008-08-05,0.28573310747223796,3.0,0.3278688524590164,0.0,0.0,0,0.0,0.8423087544881317,0.0,1e-06,1.0,Katashi,1e-06,0.9207401270369098,2.0,0
2008-08-06,0.28048811092289355,3.0,0.3278688524590164,3.0928704041800853e-11,0.9999999999680713,1,9.875127535667243e-22,0.8423087544881317,0.5,1e-06,0.6808661729415678,Katashi,1e-06,0.9207401270369098,2.0,0
2008-08-07,0.28093512767425816,3.0,0.3278688524590164,0.0,0.0,0,0.0,0.8423087544881317,0.0,1e-06,1.0,Katashi,1e-06,0.9207401270369098,2.0,0
2008-08-08,0.2777460588677418,3.0,0.3278688524590164,0.0,0.0,0,0.0,0.8423087544881317,0.0,1e-06,1.0,Katashi,1e-06,0.9207401270369098,2.0,0
2008-08-11,0.2775986946390966,3.0,0.3278688524590164,0.0,0.0,0,0.0,0.8423087544881317,0.0,1e-06,1.0,Katashi,1e-06,0.9207401270369098,2.0,0
2008-08-12,0.2598355792791952,1.0,0.9523809523809523,0.0,0.0,0,0.0,0.2899751449882974,0.0,1e-06,0.3799749127762275,Utsuroi,1e-06,0.9207401270369098,2.0,0
2008-08-13,0.2550677583286279,3.0,0.3278688524590164,4.759226346233387e-11,0.9999999999514078,1,2.312614752163965e-21,0.8423087544881317,0.5,1e-06,0.05919209212165932,Katashi,1e-06,0.9207401270369098,2.0,0
2008-08-14,0.23960097873141362,1.0,0.9523809523809523,0.0,0.0,0,0.0,0.2899751449882974,0.0,1e-06,0.44520293800307187,Utsuroi,1e-06,0.9207401270369098,2.0,0
2008-08-15,0.2356672313194052,2.0,0.48780487804878053,0.0,0.0,0,0.0,0.5661419497384907,0.0,1e-06,0.15556574873795448,Utsuroi,1e-06,0.9207401270369098,2.0,0
2008-08-18,0.2197236338540687,2.0,0.48780487804878053,0.0,0.0,0,0.0,0.5661419497384907,0.0,1e-06,1.0,Utsuroi,1e-06,0.9207401270369098,2.0,0
2008-08-19,0.21659451659451665,2.0,0.48780487804878053,0.0,0.0,0,0.0,0.5661419497384907,0.0,1e-06,1.0,Utsuroi,1e-06,0.9207401270369098,2.0,0
2008-08-20,0.21090250329380764,2.0,0.48780487804878053,0.0,0.0,0,0.0,0.5661419497384907,0.0,1e-06,1.0,Utsuroi,1e-06,0.9207401270369098,2.0,0
2008-08-21,0.23069044482087964,2.0,0.48780487804878053,5.492239995973595e-11,0.9999999999440776,1,3.0713912024048315e-21,0.5661419497384907,0.5,1e-06,0.5575265728273981,Utsuroi,1e-06,0.9207401270369098,2.0,0
2008-08-22,0.232061296191731,2.0,0.48780487804878053,0.17325982219544672,0.9583159136562985,2,0.007222177388289365,0.5661419497384907,1.0,1e-06,0.297861581138709,Utsuroi,1e-06,0.9207401270369098,2.0,0
2008-08-25,0.23304473304473308,2.0,0.48780487804878053,2.4534152487051064e-11,0.9999999999744659,1,6.26458248015256e-22,0.5661419497384907,0.5,1e-06,0.5588451606590605,Utsuroi,1e-06,0.9207401270369098,2.0,0
2008-08-26,0.23793211619298577,2.0,0.48780487804878053,0.0,0.0,0,0.0,0.5661419497384907,0.0,1e-06,1.0,Utsuroi,1e-06,0.9207401270369098,2.0,0
2008-08-27,0.2639484911224042,2.0,0.48780487804878053,4.3035797147180794e-11,0.9999999999559642,1,1.8951146812563204e-21,0.5661419497384907,0.5,1e-06,0.5575265728273981,Utsuroi,1e-06,0.9207401270369098,2.0,0
2008-08-28,0.28573310747223796,2.0,0.48780487804878053,0.0,0.0,0,0.0,0.5661419497384907,0.0,1e-06,1.0,Utsuroi,1e-06,0.9207401270369098,2.0,0
2008-08-29,0.29920321224669055,3.0,0.3278688524590164,4.496936156678095e-11,0.9999999999540307,1,2.0672118465385177e-21,0.8423087544881317,0.5,1e-06,0.12537627121086836,Katashi,1e-06,0.9207401270369098,2.0,0
2008-09-02,0.30695150260367654,2.0,0.48780487804878053,1.915057001846419e-11,0.9999999999798495,1,3.8589447841089203e-22,0.5661419497384907,0.5,1e-06,0.1511281419935363,Utsuroi,1e-06,0.9207401270369098,2.0,0
2008-09-03,0.3030773574251835,2.0,0.48780487804878053,5.685696358003523e-11,0.9999999999421431,1,3.2895700134427862e-21,0.5661419497384907,0.5,1e-06,1.0,Utsuroi,1e-06,0.9207401270369098,2.0,0
2008-09-04,0.3134481460568418,2.0,0.48780487804878053,0.0,0.0,0,0.0,0.5661419497384907,0.0,1e-06,1.0,Utsuroi,1e-06,0.9207401270369098,2.0,0
2008-09-05,0.3085309617918314,2.0,0.48780487804878053,0.0,0.0,0,0.0,0.5661419497384907,0.0,1e-06,1.0,Utsuroi,1e-06,0.9207401270369098,2.0,0
2008-09-08,0.33651421042725393,2.0,0.48780487804878053,0.0,0.0,0,0.0,0.5661419497384907,0.0,1e-06,1.0,Utsuroi,1e-06,0.9207401270369098,2.0,0
2008-09-09,0.3547226927661711,2.0,0.48780487804878053,0.0,0.0,0,0.0,0.5661419497384907,0.0,1e-06,1.0,Utsuroi,1e-06,0.9207401270369098,2.0,0
2008-09-10,0.3579114122592384,1.5,0.6451612903225806,0.0,0.0,0,0.0,0.42805854736346316,0.0,1e-06,0.16935094787376892,Utsuroi,1e-06,0.9207401270369098,2.0,0
2008-09-11,0.3678053830227743,2.0,0.48780487804878053,0.0,0.0,0,0.0,0.5661419497384907,0.0,1e-06,0.10058566977542016,Utsuroi,1e-06,0.9207401270369098,2.0,0
2008-09-12,0.3867886943973901,3.0,0.3278688524590164,0.0,0.0,0,0.0,0.8423087544881317,0.0,1e-06,0.024520547991189856,Katashi,1e-06,0.9207401270369098,2.0,0
2008-09-15,0.3718583349018132,3.0,0.3278688524590164,0.0,0.0,0,0.0,0.8423087544881317,0.0,1e-06,1.0,Katashi,1e-06,0.9207401270369098,2.0,0
2008-09-16,0.36306700545830983,1.5,0.6451612903225806,0.0,0.0,0,0.0,0.42805854736346316,0.0,1e-06,0.1265235643799717,Utsuroi,1e-06,0.9207401270369098,2.0,0
2008-09-17,0.35245780789259057,1.5,0.6451612903225806,0.0,0.0,0,0.0,0.42805854736346316,0.0,1e-06,1.0,Utsuroi,1e-06,0.9207401270369098,2.0,0
2008-09-18,0.3422062237279629,1.0,0.9523809523809523,0.0,0.0,0,0.0,0.2899751449882974,0.0,1e-06,0.5649738449583114,Utsuroi,1e-06,0.9207401270369098,2.0,0
2008-09-19,0.35898425246251336,1.5,0.6451612903225806,0.0,0.0,0,0.0,0.42805854736346316,0.0,1e-06,0.30855884115498056,Utsuroi,1e-06,0.9207401270369098,2.0,0
2008-09-22,0.3622921764226112,2.0,0.48780487804878053,0.0,0.0,0,0.0,0.5661419497384907,0.0,1e-06,0.10058566977542016,Utsuroi,1e-06,0.9207401270369098,2.0,0
2008-09-23,0.374510634293243,2.0,0.48780487804878053,0.0,0.0,0,0.0,0.5661419497384907,0.0,1e-06,1.0,Utsuroi,1e-06,0.9207401270369098,2.0,0
2008-09-24,0.3722159483029049,2.0,0.48780487804878053,0.0,0.0,0,0.0,0.5661419497384907,0.0,1e-06,1.0,Utsuroi,1e-06,0.9207401270369098,2.0,0
2008-09-25,0.3779675638371291,2.0,0.48780487804878053,0.0,0.0,0,0.0,0.5661419497384907,0.0,1e-06,1.0,Utsuroi,1e-06,0.9207401270369098,2.0,0
2008-09-26,0.36560010038270907,2.0,0.48780487804878053,8.492906377796658e-11,0.999999999914071,1,7.29787305951641e-21,0.5661419497384907,0.5,1e-06,0.5575265728273981,Utsuroi,1e-06,0.9207401270369098,2.0,0
2008-09-29,0.3395837254532907,2.0,0.48780487804878053,3.4367286793554186e-11,0.9999999999646327,1,1.2154769281019353e-21,0.5661419497384907,0.5,1e-06,1.0,Utsuroi,1e-06,0.9207401270369098,2.0,0
2008-09-30,0.3148189974276931,1.0,0.9523809523809523,2.5542123971081997e-11,0.9999999999734579,1,6.7794165589847e-22,0.2899751449882974,0.5,1e-06,0.5858930983628514,Utsuroi,1e-06,0.9207401270369098,2.0,0
2008-10-01,0.3255175983436853,1.0,0.9523809523809523,0.0,0.0,0,0.0,0.2899751449882974,0.0,1e-06,1.0,Utsuroi,1e-06,0.9207401270369098,2.0,0
2008-10-02,0.34706380575945794,1.0,0.9523809523809523,0.0,0.0,0,0.0,0.2899751449882974,0.0,1e-06,1.0,Utsuroi,1e-06,0.9207401270369098,2.0,0
2008-10-03,0.3507293431206476,2.0,0.48780487804878053,0.0,0.0,0,0.0,0.5661419497384907,0.0,1e-06,0.15556574873795448,Utsuroi,1e-06,0.9207401270369098,2.0,0
2008-10-06,0.33538176799046365,2.0,0.48780487804878053,0.0,0.0,0,0.0,0.5661419497384907,0.0,1e-06,1.0,Utsuroi,1e-06,0.9207401270369098,2.0,0
2008-10-07,0.34366647844908726,2.0,0.48780487804878053,4.4999237659260045e-10,0.9999999995490076,1,2.0294312145920662e-19,0.5661419497384907,0.5,1e-06,0.5575265728273981,Utsuroi,1e-06,0.9207401270369098,2.0,0
2008-10-08,0.34232542819499345,2.0,0.48780487804878053,0.0,0.0,0,0.0,0.5661419497384907,0.0,1e-06,1.0,Utsuroi,1e-06,0.9207401270369098,2.0,0
2008-10-09,0.35180218332392255,2.0,0.48780487804878053,0.0,0.0,0,0.0,0.5661419497384907,0.0,1e-06,1.0,Utsuroi,1e-06,0.9207401270369098,2.0,0
2008-10-10,0.36661333835246884,3.0,0.3278688524590164,0.0,0.0,0,0.0,0.8423087544881317,0.0,1e-06,0.024520547991189856,Katashi,1e-06,0.9207401270369098,2.0,0
2008-10-13,0.36163655185394317,3.0,0.3278688524590164,0.0,0.0,0,0.0,0.8423087544881317,0.0,1e-06,1.0,Katashi,1e-06,0.9207401270369098,2.0,0
2008-10-14,0.35290482464395506,3.0,0.3278688524590164,0.0,0.0,0,0.0,0.8423087544881317,0.0,1e-06,1.0,Katashi,1e-06,0.9207401270369098,2.0,0
2008-10-15,0.3550207039337474,2.0,0.48780487804878053,0.0,0.0,0,0.0,0.5661419497384907,0.0,1e-06,0.05342410777452744,Utsuroi,1e-06,0.9207401270369098,2.0,0
2008-10-16,0.35418627266453356,2.0,0.48780487804878053,0.0,0.0,0,0.0,0.5661419497384907,0.0,1e-06,1.0,Utsuroi,1e-06,0.9207401270369098,2.0,0
2008-10-17,0.36470606687998,1.0,0.9523809523809523,0.0,0.0,0,0.0,0.2899751449882974,0.0,1e-06,0.4739595708973481,Utsuroi,1e-06,0.9207401270369098,2.0,0
2008-10-20,0.39826212434908087,1.0,0.9523809523809523,0.0,0.0,0,0.0,0.2899751449882974,0.0,1e-06,1.0,Utsuroi,1e-06,0.9207401270369098,2.0,0
2008-10-21,0.39864953886693016,1.0,0.9523809523809523,0.0,0.0,0,0.0,0.2899751449882974,0.0,1e-06,1.0,Utsuroi,1e-06,0.9207401270369098,2.0,0
2008-10-22,0.40887132191480013,1.0,0.9523809523809523,0.0,0.0,0,0.0,0.2899751449882974,0.0,1e-06,1.0,Utsuroi,1e-06,0.9207401270369098,2.0,0
2008-10-23,0.4120302402911098,3.0,0.3278688524590164,0.0,0.0,0,0.0,0.8423087544881317,0.0,1e-06,0.058589972001791724,Katashi,1e-06,0.9207401270369098,2.0,0
2008-10-24,0.40818589622937457,3.0,0.3278688524590164,5.05003927436454e-10,0.9999999994939961,1,2.555339595467746e-19,0.8423087544881317,0.5,1e-06,0.6808661729415678,Katashi,1e-06,0.9207401270369098,2.0,0
2008-10-27,0.3968614718614719,3.0,0.3278688524590164,0.0,0.0,0,0.0,0.8423087544881317,0.0,1e-06,1.0,Katashi,1e-06,0.9207401270369098,2.0,0
2008-10-28,0.4013018382583601,2.0,0.48780487804878053,0.0,0.0,0,0.0,0.5661419497384907,0.0,1e-06,0.05342410777452744,Utsuroi,1e-06,0.9207401270369098,2.0,0
2008-10-29,0.4212387853692201,2.0,0.48780487804878053,0.0,0.0,0,0.0,0.5661419497384907,0.0,1e-06,1.0,Utsuroi,1e-06,0.9207401270369098,2.0,0
2008-10-30,0.42949369471108606,3.0,0.3278688524590164,4.721812939525056e-10,0.9999999995268187,1,2.234273452600132e-19,0.8423087544881317,0.5,1e-06,0.12537627121086836,Katashi,1e-06,0.9207401270369098,2.0,0
2008-10-31,0.409795156534287,3.0,0.3278688524590164,0.0,0.0,0,0.0,0.8423087544881317,0.0,1e-06,1.0,Katashi,1e-06,0.9207401270369098,2.0,0
2008-11-03,0.40785808394504053,2.5,0.3921568627450981,0.0,0.0,0,0.0,0.7042253521133802,0.0,1e-06,0.02731572574003016,Utsuroi,1e-06,0.9207401270369098,2.0,0
2008-11-04,0.4579239600978732,3.0,0.3278688524590164,1.5932954954103596e-10,0.9999999998396705,1,2.5545231383894513e-20,0.8423087544881317,0.5,1e-06,0.3057230047891961,Katashi,1e-06,0.9207401270369098,2.0,0
2008-11-05,0.470142417968505,3.0,0.3278688524590164,5.286437953910127e-11,0.9999999999461356,1,2.847505834218905e-21,0.8423087544881317,0.5,1e-06,1.0,Katashi,1e-06,0.9207401270369098,2.0,0
2008-11-06,0.4850131752305667,3.0,0.3278688524590164,2.4476820567364864e-10,0.9999999997542318,1,6.01562373070696e-20,0.8423087544881317,0.5,1e-06,1.0,Katashi,1e-06,0.9207401270369098,2.0,0
2008-11-07,0.4977978543195935,3.0,0.3278688524590164,1.1555500999836075e-10,0.999999999883445,1,1.3468512790228878e-20,0.8423087544881317,0.5,1e-06,1.0,Katashi,1e-06,0.9207401270369098,2.0,0
2008-11-10,0.5033706631532718,2.0,0.48780487804878053,0.0,0.0,0,0.0,0.5661419497384907,0.0,1e-06,0.3380362030924259,Utsuroi,1e-06,0.9207401270369098,2.0,0
2008-11-11,0.5002117447769623,1.0,0.9523809523809523,0.0,0.0,0,0.0,0.2899751449882974,0.0,1e-06,0.4739595708973481,Utsuroi,1e-06,0.9207401270369098,2.0,0
2008-11-12,0.5184500282326369,1.0,0.9523809523809523,6.222677928291462e-11,0.9999999999367732,1,3.93439746276844e-21,0.2899751449882974,0.5,1e-06,0.3833213252045574,Utsuroi,1e-06,0.9207401270369098,2.0,0
2008-11-13,0.5182116192985758,1.0,0.9523809523809523,1.437109320329914e-10,0.9999999998552891,1,2.079653974019572e-20,0.2899751449882974,0.5,1e-06,1.0,Utsuroi,1e-06,0.9207401270369098,2.0,0
2008-11-14,0.5160957400087836,1.0,0.9523809523809523,5.575107042526948e-11,0.999999999943249,1,3.163931690768801e-21,0.2899751449882974,0.5,1e-06,1.0,Utsuroi,1e-06,0.9207401270369098,2.0,0
2008-11-17,0.5289698224480833,1.0,0.9523809523809523,1.0992029508212158e-10,0.9999999998890797,1,1.2192389135072936e-20,0.2899751449882974,0.5,1e-06,1.0,Utsuroi,1e-06,0.9207401270369098,2.0,0
2008-11-18,0.5367777150385845,1.0,0.9523809523809523,1.1096590312659702e-10,0.9999999998880341,1,1.2424395105766758e-20,0.2899751449882974,0.5,1e-06,1.0,Utsuroi,1e-06,0.9207401270369098,2.0,0
2008-11-19,0.4962481962481963,1.0,0.9523809523809523,6.715106248601358e-11,0.999999999931849,1,4.576414770145413e-21,0.2899751449882974,0.5,1e-06,1.0,Utsuroi,1e-06,0.9207401270369098,2.0,0
2008-11-20,0.47836752619361317,2.0,0.48780487804878053,0.0,0.0,0,0.0,0.5661419497384907,0.0,1e-06,0.39131995075039905,Utsuroi,1e-06,0.9207401270369098,2.0,0
2008-11-21,0.47952976974716116,2.0,0.48780487804878053,4.799962648414161e-10,0.9999999995190038,1,2.308763999637344e-19,0.5661419497384907,0.5,1e-06,0.5575265728273981,Utsuroi,1e-06,0.9207401270369098,2.0,0
2008-11-24,0.48143704121965,1.0,0.9523809523809523,4.741470548389749e-10,0.999999999524853,1,2.25289566231887e-19,0.2899751449882974,0.5,1e-06,0.5858930983628514,Utsuroi,1e-06,0.9207401270369098,2.0,0
2008-11-25,0.4947581404103144,2.0,0.48780487804878053,9.042477877167623e-11,0.9999999999085752,1,8.267063394704478e-21,0.5661419497384907,0.5,1e-06,0.24272688780630247,Utsuroi,1e-06,0.9207401270369098,2.0,0
2008-11-26,0.4960991906644081,3.0,0.3278688524590164,0.0,0.0,0,0.0,0.8423087544881317,0.0,1e-06,0.3178232330226517,Katashi,1e-06,0.9207401270369098,2.0,0
2008-11-28,0.4952647593951942,2.0,0.48780487804878053,4.2184145065027975e-11,0.9999999999568159,1,1.8216853067858143e-21,0.5661419497384907,0.5,1e-06,0.7226449239319699,Utsuroi,1e-06,0.9207401270369098,2.0,0
2008-12-01,0.506827592697158,3.0,0.3278688524590164,0.0,0.0,0,0.0,0.8423087544881317,0.0,1e-06,0.3178232330226517,Katashi,1e-06,0.9207401270369098,2.0,0
2008-12-02,0.5308770939205724,3.0,0.3278688524590164,0.0,0.0,0,0.0,0.8423087544881317,0.0,1e-06,1.0,Katashi,1e-06,0.9207401270369098,2.0,0
2008-12-03,0.5323969508752118,3.0,0.3278688524590164,0.0,0.0,0,0.0,0.8423087544881317,0.0,1e-06,1.0,Katashi,1e-06,0.9207401270369098,2.0,0
2008-12-04,0.5307876905702994,3.0,0.3278688524590164,0.0,0.0,0,0.0,0.8423087544881317,0.0,1e-06,1.0,Katashi,1e-06,0.9207401270369098,2.0,0
2008-12-05,0.49833427442123096,2.0,0.48780487804878053,0.0,0.0,0,0.0,0.5661419497384907,0.0,1e-06,0.05342410777452744,Utsuroi,1e-06,0.9207401270369098,2.0,0
2008-12-08,0.4980660643704123,3.0,0.3278688524590164,0.0,0.0,0,0.0,0.8423087544881317,0.0,1e-06,0.024520547991189856,Katashi,1e-06,0.9207401270369098,2.0,0
2008-12-09,0.4745529832486354,3.0,0.3278688524590164,0.0,0.0,0,0.0,0.8423087544881317,0.0,1e-06,1.0,Katashi,1e-06,0.9207401270369098,2.0,0
2008-12-10,0.4761920446703056,3.0,0.3278688524590164,0.0,0.0,0,0.0,0.8423087544881317,0.0,1e-06,1.0,Katashi,1e-06,0.9207401270369098,2.0,0
2008-12-11,0.47750329380764156,2.0,0.48780487804878053,1.1302825341690766e-10,0.9999999998859718,1,1.2888411824248984e-20,0.5661419497384907,0.5,1e-06,0.7226449239319699,Utsuroi,1e-06,0.9207401270369098,2.0,0
2008-12-12,0.4600100382709078,3.0,0.3278688524590164,7.932177137026088e-11,0.9999999999196783,1,6.37126343020801e-21,0.8423087544881317,0.5,1e-06,0.07552869980368371,Katashi,1e-06,0.9207401270369098,2.0,0
2008-12-15,0.4431128050693268,2.0,0.48780487804878053,7.226352849174847e-11,0.9999999999267365,1,5.294279480169842e-21,0.5661419497384907,0.5,1e-06,0.1511281419935363,Utsuroi,1e-06,0.9207401270369098,2.0,0
2008-12-16,0.47386755756320986,3.0,0.3278688524590164,4.1957326501106827e-11,0.9999999999570427,1,1.8023736454920458e-21,0.8423087544881317,0.5,1e-06,0.07552869980368371,Katashi,1e-06,0.9207401270369098,2.0,0
2008-12-17,0.46963579898362506,3.0,0.3278688524590164,7.630684972482642e-11,0.9999999999226932,1,5.899040476841276e-21,0.8423087544881317,0.5,1e-06,1.0,Katashi,1e-06,0.9207401270369098,2.0,0
2008-12-18,0.4764304536043665,3.0,0.3278688524590164,2.6359137094881632e-11,0.9999999999726409,1,7.21162662382045e-22,0.8423087544881317,0.5,1e-06,1.0,Katashi,1e-06,0.9207401270369098,2.0,0
2008-12-19,0.49204623878536924,3.0,0.3278688524590164,2.812883259608415e-11,0.9999999999708712,1,8.193594335683676e-22,0.8423087544881317,0.5,1e-06,1.0,Katashi,1e-06,0.9207401270369098,2.0,0
2008-12-22,0.49675481523307613,3.0,0.3278688524590164,3.6199931940236435e-11,0.9999999999628001,1,1.346634203638253e-21,0.8423087544881317,0.5,1e-06,1.0,Katashi,1e-06,0.9207401270369098,2.0,0
2008-12-23,0.5093606876215573,3.0,0.3278688524590164,6.685896280825455e-11,0.9999999999321411,1,4.536978391722461e-21,0.8423087544881317,0.5,1e-06,1.0,Katashi,1e-06,0.9207401270369098,2.0,0
2008-12-24,0.5010314775013323,3.0,0.3278688524590164,0.0,0.0,0,0.0,0.8423087544881317,0.0,1e-06,1.0,Katashi,1e-06,0.9207401270369098,2.0,0
2008-12-26,0.4868431409822038,3.0,0.3278688524590164,0.0,0.0,0,0.0,0.8423087544881317,0.0,1e-06,1.0,Katashi,1e-06,0.9207401270369098,2.0,0
2008-12-29,0.4803618652423428,3.0,0.3278688524590164,0.0,0.0,0,0.0,0.8423087544881317,0.0,1e-06,1.0,Katashi,1e-06,0.9207401270369098,2.0,0
2008-12-30,0.49585793250675736,2.0,0.48780487804878053,0.0,0.0,0,0.0,0.5661419497384907,0.0,1e-06,0.05342410777452744,Utsuroi,1e-06,0.9207401270369098,2.0,0
2008-12-31,0.5074953569812766,3.0,0.3278688524590164,0.0,0.0,0,0.0,0.8423087544881317,0.0,1e-06,0.024520547991189856,Katashi,1e-06,0.9207401270369098,2.0,0
2009-01-02,0.4941852317224567,3.0,0.3278688524590164,0.0,0.0,0,0.0,0.8423087544881317,0.0,1e-06,1.0,Katashi,1e-06,0.9207401270369098,2.0,0
2009-01-05,0.45298354224127557,3.5,0.28169014084507044,0.0,0.0,0,0.0,0.9803921568627451,0.0,1e-06,0.010190487869546572,Katashi,1e-06,0.9207401270369098,2.0,0
2009-01-06,0.4601665793585405,3.0,0.3278688524590164,0.0,0.0,0,0.0,0.8423087544881317,0.0,1e-06,0.013780305207015897,Katashi,1e-06,0.9207401270369098,2.0,0
2009-01-07,0.45876672650548833,3.5,0.28169014084507044,0.0,0.0,0,0.0,0.9803921568627451,0.0,1e-06,0.010190487869546572,Katashi,1e-06,0.9207401270369098,2.0,0
2009-01-08,0.4610194169523745,3.0,0.3278688524590164,0.0,0.0,0,0.0,0.8423087544881317,0.0,1e-06,0.013780305207015897,Katashi,1e-06,0.9207401270369098,2.0,0
2009-01-09,0.45705543072890387,3.0,0.3278688524590164,0.0,0.0,0,0.0,0.8423087544881317,0.0,1e-06,1.0,Katashi,1e-06,0.9207401270369098,2.0,0
2009-01-12,0.47252465131581783,3.0,0.3278688524590164,0.0,0.0,0,0.0,0.8423087544881317,0.0,1e-06,1.0,Katashi,1e-06,0.9207401270369098,2.0,0
2009-01-13,0.4529879444399411,3.0,0.3278688524590164,0.0,0.0,0,0.0,0.8423087544881317,0.0,1e-06,1.0,Katashi,1e-06,0.9207401270369098,2.0,0
2009-01-14,0.4793943684726434,3.0,0.3278688524590164,0.0,0.0,0,0.0,0.8423087544881317,0.0,1e-06,1.0,Katashi,1e-06,0.9207401270369098,2.0,0
2009-01-15,0.4801174077167498,3.0,0.3278688524590164,0.0,0.0,0,0.0,0.8423087544881317,0.0,1e-06,1.0,Katashi,1e-06,0.9207401270369098,2.0,0
2009-01-16,0.4809667732928091,2.0,0.48780487804878053,0.0,0.0,0,0.0,0.5661419497384907,0.0,1e-06,0.05342410777452744,Utsuroi,1e-06,0.9207401270369098,2.0,0
2009-01-20,0.41209665926732053,2.0,0.48780487804878053,0.0,0.0,0,0.0,0.5661419497384907,0.0,1e-06,1.0,Utsuroi,1e-06,0.9207401270369098,2.0,0
2009-01-21,0.4082507957917552,2.0,0.48780487804878053,0.0,0.0,0,0.0,0.5661419497384907,0.0,1e-06,1.0,Utsuroi,1e-06,0.9207401270369098,2.0,0
2009-01-22,0.41946955677240844,2.0,0.48780487804878053,0.0,0.0,0,0.0,0.5661419497384907,0.0,1e-06,1.0,Utsuroi,1e-06,0.9207401270369098,2.0,0
2009-01-23,0.4076804625578965,2.0,0.48780487804878053,0.0,0.0,0,0.0,0.5661419497384907,0.0,1e-06,1.0,Utsuroi,1e-06,0.9207401270369098,2.0,0
2009-01-26,0.4047944735895097,3.0,0.3278688524590164,0.0,0.0,0,0.0,0.8423087544881317,0.0,1e-06,0.024520547991189856,Katashi,1e-06,0.9207401270369098,2.0,0
2009-01-27,0.39980203319268065,2.0,0.48780487804878053,0.0,0.0,0,0.0,0.5661419497384907,0.0,1e-06,0.05342410777452744,Utsuroi,1e-06,0.9207401270369098,2.0,0
2009-01-28,0.39549563293730516,3.5,0.28169014084507044,0.0,0.0,0,0.0,0.9803921568627451,0.0,1e-06,0.016172920475686747,Katashi,1e-06,0.9207401270369098,2.0,0
2009-01-29,0.40021988853493307,3.0,0.3278688524590164,0.0,0.0,0,0.0,0.8423087544881317,0.0,1e-06,0.013780305207015897,Katashi,1e-06,0.9207401270369098,2.0,0
2009-01-30,0.4030066591002273,3.0,0.3278688524590164,0.0,0.0,0,0.0,0.8423087544881317,0.0,1e-06,1.0,Katashi,1e-06,0.9207401270369098,2.0,0
2009-02-02,0.39789533409019046,1.0,0.9523809523809523,0.0,0.0,0,0.0,0.2899751449882974,0.0,1e-06,0.3799749127762275,Utsuroi,1e-06,0.9207401270369098,2.0,0
2009-02-03,0.39447738252086084,1.0,0.9523809523809523,0.0,0.0,0,0.0,0.2899751449882974,0.0,1e-06,1.0,Utsuroi,1e-06,0.9207401270369098,2.0,0
2009-02-04,0.3989773511512642,3.0,0.3278688524590164,1.9155899088982287e-11,0.9999999999798441,1,3.8610394523869785e-22,0.8423087544881317,0.5,1e-06,0.05919209212165932,Katashi,1e-06,0.9207401270369098,2.0,0
2009-02-05,0.4100633665851057,4.0,0.2469135802469136,4.104305784036686e-11,0.999999999957957,1,1.725574746821282e-21,1.1184755592372204,0.5,0.11773640220031058,0.03759964715432862,Katashi,1e-06,0.9207401270369098,2.0,0
2009-02-06,0.4094971453667106,3.0,0.3278688524590164,9.673284395239484e-11,0.9999999999022672,1,9.453973803635798e-21,0.8423087544881317,0.5,0.11420431013430125,0.0639093890416993,Katashi,1e-06,0.9207401270369098,2.0,0
2009-02-09,0.4098249576510447,2.0,0.48780487804878053,2.565048173828253e-11,0.9999999999733495,1,6.835971277205664e-22,0.5661419497384907,0.5,0.11077818083027222,0.1511281419935363,Katashi,1e-06,0.9207401270369098,2.0,0
2009-02-10,0.39537141602358994,2.0,0.48780487804878053,5.523526080805778e-11,0.9999999999437648,1,3.1061680755305514e-21,0.5661419497384907,0.5,0.10745483540536405,1.0,Katashi,1e-06,0.9207401270369098,2.0,0
2009-02-11,0.398828345567476,2.0,0.48780487804878053,0.0,0.0,0,0.0,0.5661419497384907,0.0,0.10423119034320312,1.0,Katashi,1e-06,0.9207401270369098,2.0,0
2009-02-12,0.3869376999811783,1.5,0.6451612903225806,4.427513910951451e-11,0.9999999999547249,1,2.0045621028794965e-21,0.42805854736346316,0.5,0.10110425463290702,0.8394470991249154,Katashi,1e-06,0.9207401270369098,2.0,0
2009-02-13,0.4077984817115252,1.5,0.6451612903225806,0.6422763207281388,0.6581173768800228,2,0.21958311329838387,0.42805854736346316,1.0,0.09807112699391982,0.15147117247599517,Katashi,1e-06,0.9207401270369098,2.0,0
2009-02-17,0.3744510320597277,1.5,0.6451612903225806,6.070366431552651e-11,0.9999999999382964,1,3.74563718289371e-21,0.42805854736346316,0.5,0.09512899318410221,0.79182505290219,Katashi,1e-06,0.9207401270369098,2.0,0
2009-02-18,0.373765606374302,1.5,0.6451612903225806,1.3636736183764405e-10,0.9999999998626327,1,1.873242172100251e-20,0.42805854736346316,0.5,0.09227512338857914,1.0,Katashi,1e-06,0.9207401270369098,2.0,0
2009-02-19,0.3777291549030679,3.0,0.3278688524590164,1.386110115477983e-10,0.999999999860389,1,1.9351620468888447e-20,0.8423087544881317,0.5,0.08950686968692176,0.08510029588819845,Katashi,1e-06,0.9207401270369098,2.0,0
2009-02-20,0.3723053516531778,3.0,0.3278688524590164,0.0,0.0,0,0.0,0.8423087544881317,0.0,0.0868216635963141,1.0,Katashi,1e-06,0.9207401270369098,2.0,0
2009-02-23,0.38625227429575254,2.0,0.48780487804878053,0.0,0.0,0,0.0,0.5661419497384907,0.0,0.08421701368842467,0.05342410777452744,Katashi,1e-06,0.9207401270369098,2.0,0
2009-02-24,0.3666729405859841,2.0,0.48780487804878053,0.0,0.0,0,0.0,0.5661419497384907,0.0,0.08169050327777193,1.0,Katashi,1e-06,0.9207401270369098,2.0,0
2009-02-25,0.39572902942468163,2.0,0.48780487804878053,0.0,0.0,0,0.0,0.5661419497384907,0.0,0.07923978817943877,1.0,Katashi,1e-06,0.9207401270369098,2.0,0
2009-02-26,0.3873847167325428,1.0,0.9523809523809523,0.0,0.0,0,0.0,0.2899751449882974,0.0,0.07686259453405561,0.4739595708973481,Katashi,1e-06,0.9207401270369098,2.0,0
2009-02-27,0.37015967124662785,2.0,0.48780487804878053,0.6782114140198561,0.5862010966008653,2,0.280643139394193,0.5661419497384907,1.0,0.07455671669803395,0.04764317940464202,Katashi,1e-06,0.9207401270369098,2.0,0
2009-03-02,0.39298732668297887,2.0,0.48780487804878053,1.4139578396906966e-11,0.9999999999848604,1,2.1406694284900257e-22,0.5661419497384907,0.5,0.07232001519709293,0.8603567252857859,Katashi,1e-06,0.9207401270369098,2.0,0
2009-03-03,0.38649068322981367,1.0,0.9523809523809523,0.0,0.0,0,0.0,0.2899751449882974,0.0,0.07015041474118014,0.6208226823877119,Katashi,1e-06,0.9207401270369098,2.0,0
2009-03-04,0.3995137712529017,3.0,0.3278688524590164,2.8567426198277003e-10,0.9999999997133258,1,8.189545191351555e-20,0.8423087544881317,0.5,0.06804590229894474,0.05919209212165932,Katashi,1e-06,0.9207401270369098,2.0,0
2009-03-05,0.38365957713783805,3.0,0.3278688524590164,0.36347234445499893,0.8817257749898461,2,0.04298940985303872,0.8423087544881317,1.0,0.0660045252299764,0.4433914445498828,Katashi,1e-06,0.9207401270369098,2.0,0
2009-03-06,0.3923913043478261,2.0,0.48780487804878053,3.244449153727203e-11,0.9999999999665555,1,1.0850888049395562e-21,0.5661419497384907,0.5,0.0640243894730771,0.13571313232922833,Katashi,1e-06,0.9207401270369098,2.0,0
2009-03-09,0.40773887947800996,1.0,0.9523809523809523,5.2002735449735724e-11,0.9999999999469973,1,2.7562860793879964e-21,0.2899751449882974,0.5,0.06210365778888479,0.5858930983628514,Katashi,1e-06,0.9207401270369098,2.0,0
2009-03-10,0.36813319530710836,1.0,0.9523809523809523,1.125162185580088e-10,0.9999999998864838,1,1.2772413168824197e-20,0.2899751449882974,0.5,0.060240548055218245,1.0,Katashi,1e-06,0.9207401270369098,2.0,0
2009-03-11,0.3750768555116381,1.0,0.9523809523809523,6.37141450689098e-11,0.9999999999352859,1,4.123205017597891e-21,0.2899751449882974,0.5,0.05843333161356169,1.0,Katashi,1e-06,0.9207401270369098,2.0,0
2009-03-12,0.3945667858711338,1.0,0.9523809523809523,0.6262086515877126,0.6808743343220762,2,0.19983925279120382,0.2899751449882974,1.0,0.05668033166515484,0.1281791104380745,Katashi,1e-06,0.9207401270369098,2.0,0
2009-03-13,0.42049375745027917,1.0,0.9523809523809523,0.4816932372462866,0.8131022738194071,2,0.09002737075789982,0.2899751449882974,1.0,0.05497992171520019,0.6234188565377101,Katashi,1e-06,0.9207401270369098,2.0,0
2009-03-16,0.3909012485099442,1.0,0.9523809523809523,0.44597145413477635,0.8361670644869661,2,0.07306481248591677,0.2899751449882974,1.0,0.05333052406374419,0.6866957693445084,Katashi,1e-06,0.9207401270369098,2.0,0
2009-03-17,0.4026726896292114,1.0,0.9523809523809523,0.23408143906227002,0.9373929568928255,2,0.014655146745960973,0.2899751449882974,1.0,0.05173060834183186,0.9339710325938675,Katashi,1e-06,0.9207401270369098,2.0,0
2009-03-18,0.44636112679590945,2.0,0.48780487804878053,0.1473928003715511,0.9662953937546837,2,0.004967816299917648,0.5661419497384907,1.0,0.050178690091576904,0.4038732585824488,Katashi,1e-06,0.9207401270369098,2.0,0
2009-03-19,0.4627517410126106,2.0,0.48780487804878053,2.1750601319778073e-11,0.9999999999772494,1,4.948387779366129e-22,0.5661419497384907,0.5,0.048673329388829595,0.5581519284610807,Katashi,1e-06,0.9207401270369098,2.0,0
2009-03-20,0.464361001317523,2.0,0.48780487804878053,2.5758395416273216e-11,0.9999999999732416,1,6.892527600265528e-22,0.5661419497384907,0.5,0.047213129507164706,1.0,Katashi,1e-06,0.9207401270369098,2.0,0
2009-03-23,0.449609448522492,2.0,0.48780487804878053,1.1044432034968637e-10,0.9999999998885557,1,1.2308389775321286e-20,0.5661419497384907,0.5,0.04579673562194976,1.0,Katashi,1e-06,0.9207401270369098,2.0,0
2009-03-24,0.4621557186774578,2.0,0.48780487804878053,0.0,0.0,0,0.0,0.5661419497384907,0.0,0.04442283355329127,1.0,Katashi,1e-06,0.9207401270369098,2.0,0
2009-03-25,0.47255630842587376,3.0,0.3278688524590164,0.0,0.0,0,0.0,0.8423087544881317,0.0,0.043090148546692526,0.024520547991189856,Katashi,1e-06,0.9207401270369098,2.0,0
2009-03-26,0.4936554990902817,3.0,0.3278688524590164,6.77070621767078e-11,0.999999999931293,1,4.651951833140382e-21,0.8423087544881317,0.5,0.04179744409029175,0.6808661729415678,Katashi,1e-06,0.9207401270369098,2.0,0
2009-03-27,0.4720794905577514,2.0,0.48780487804878053,0.0,0.0,0,0.0,0.5661419497384907,0.0,0.040543520767583,0.3380362030924259,Katashi,1e-06,0.9207401270369098,2.0,0
2009-03-30,0.46987420791768625,1.5,0.6451612903225806,0.0,0.0,0,0.0,0.42805854736346316,0.0,0.039327215144555505,0.16935094787376892,Katashi,1e-06,0.9207401270369098,2.0,0
2009-03-31,0.4764304536043666,2.5,0.3921568627450981,4.288277509942824e-10,0.9999999995701723,1,1.843220583270142e-19,0.7042253521133802,0.5,0.03814739869021884,0.11864291392472803,Katashi,1e-06,0.9207401270369098,2.0,0
2009-04-01,0.4792019574628271,3.0,0.3278688524590164,0.6928361296826575,0.5124703374418732,2,0.3377781645122646,0.8423087544881317,1.0,0.03700297672951227,0.1430408422341426,Katashi,1e-06,0.9207401270369098,2.0,0
2009-04-02,0.4411161302465651,2.0,0.48780487804878053,1.840072538764719e-11,0.9999999999805993,1,3.5698701312700764e-22,0.5661419497384907,0.5,0.0358928874276269,0.6718983827962987,Katashi,1e-06,0.9207401270369098,2.0,0
2009-04-03,0.4495796474057343,2.0,0.48780487804878053,4.27162749607077e-11,0.9999999999562837,1,1.867395476562808e-21,0.5661419497384907,0.5,0.03481610080479809,1.0,Katashi,1e-06,0.9207401270369098,2.0,0
2009-04-06,0.4944601292427379,2.5,0.3921568627450981,4.236222483817014e-11,0.9999999999566378,1,1.836919380992373e-21,0.7042253521133802,0.5,0.03377161778065415,0.10947915293949706,Katashi,1e-06,0.9207401270369098,2.0,0
2009-04-07,0.4842085450781103,3.0,0.3278688524590164,0.0,0.0,0,0.0,0.8423087544881317,0.0,0.03275846924723452,0.5700865948117793,Katashi,1e-06,0.9207401270369098,2.0,0
2009-04-08,0.4718112805069327,3.0,0.3278688524590164,0.0,0.0,0,0.0,0.8423087544881317,0.0,0.03177571516981749,1.0,Katashi,1e-06,0.9207401270369098,2.0,0
2009-04-09,0.4960991906644081,3.0,0.3278688524590164,0.0,0.0,0,0.0,0.8423087544881317,0.0,0.030822443714722963,1.0,Katashi,1e-06,0.9207401270369098,2.0,0
2009-04-13,0.5037580776711211,3.0,0.3278688524590164,0.0,0.0,0,0.0,0.8423087544881317,0.0,0.029897770403281274,1.0,Katashi,1e-06,0.9207401270369098,2.0,0
2009-04-14,0.48888732040905963,2.0,0.48780487804878053,0.0,0.0,0,0.0,0.5661419497384907,0.0,0.029000837291182833,0.05342410777452744,Katashi,1e-06,0.9207401270369098,2.0,0
2009-04-15,0.4873376623376624,3.0,0.3278688524590164,0.0,0.0,0,0.0,0.8423087544881317,0.0,0.028130812172447346,0.024520547991189856,Katashi,1e-06,0.9207401270369098,2.0,0
2009-04-16,0.4710960537047493,3.0,0.3278688524590164,0.0,0.0,0,0.0,0.8423087544881317,0.0,0.027286887807273924,1.0,Katashi,1e-06,0.9207401270369098,2.0,0
2009-04-17,0.500301148127235,2.0,0.48780487804878053,0.0,0.0,0,0.0,0.5661419497384907,0.0,0.026468281173055705,0.05342410777452744,Katashi,1e-06,0.9207401270369098,2.0,0
2009-04-20,0.4300301148127235,3.0,0.3278688524590164,0.0,0.0,0,0.0,0.8423087544881317,0.0,0.025674232737864032,0.024520547991189856,Katashi,1e-06,0.9207401270369098,2.0,0
2009-04-21,0.4228182445573751,3.0,0.3278688524590164,0.0,0.0,0,0.0,0.8423087544881317,0.0,0.024904005755728112,1.0,Katashi,1e-06,0.9207401270369098,2.0,0
2009-04-22,0.4173944413074848,3.0,0.3278688524590164,0.0,0.0,0,0.0,0.8423087544881317,0.0,0.02415688558305627,1.0,Katashi,1e-06,0.9207401270369098,2.0,0
2009-04-23,0.4327718175544263,3.0,0.3278688524590164,0.0,0.0,0,0.0,0.8423087544881317,0.0,0.023432179015564582,1.0,Katashi,1e-06,0.9207401270369098,2.0,0
2009-04-24,0.41781165694209177,3.0,0.3278688524590164,0.0,0.0,0,0.0,0.8423087544881317,0.0,0.022729213645097644,1.0,Katashi,1e-06,0.9207401270369098,2.0,0
2009-04-27,0.44583264832859637,2.0,0.48780487804878053,0.0,0.0,0,0.0,0.5661419497384907,0.0,0.022047337235744712,0.05342410777452744,Katashi,1e-06,0.9207401270369098,2.0,0
2009-04-28,0.4637738549265453,3.0,0.3278688524590164,4.6798120932857766e-11,0.9999999999522019,1,2.23686120857774e-21,0.8423087544881317,0.5,0.02138591711867237,0.12537627121086836,Katashi,1e-06,0.9207401270369098,2.0,0
2009-04-29,0.46293943207453736,3.0,0.3278688524590164,6.798350770982044e-11,0.9999999999310165,1,4.689739324490628e-21,0.8423087544881317,0.5,0.0207443396051122,1.0,Katashi,1e-06,0.9207401270369098,2.0,0
2009-04-30,0.457857731419935,3.0,0.3278688524590164,6.09075012628351e-11,0.9999999999380925,1,3.770629864083082e-21,0.8423087544881317,0.5,0.020122009416958835,1.0,Katashi,1e-06,0.9207401270369098,2.0,0
2009-05-01,0.43309104218537176,3.0,0.3278688524590164,0.0,0.0,0,0.0,0.8423087544881317,0.0,0.01951834913445007,1.0,Katashi,1e-06,0.9207401270369098,2.0,0
2009-05-04,0.4525809052072204,2.0,0.48780487804878053,0.0,0.0,0,0.0,0.5661419497384907,0.0,0.018932798660416566,0.05342410777452744,Katashi,1e-06,0.9207401270369098,2.0,0
2009-05-05,0.4832174801331879,3.0,0.3278688524590164,0.0,0.0,0,0.0,0.8423087544881317,0.0,0.018364814700604068,0.024520547991189856,Katashi,1e-06,0.9207401270369098,2.0,0
2009-05-06,0.5010837925391701,3.0,0.3278688524590164,0.0,0.0,0,0.0,0.8423087544881317,0.0,0.017813870259585945,1.0,Katashi,1e-06,0.9207401270369098,2.0,0
2009-05-07,0.5037061224697252,3.0,0.3278688524590164,0.0,0.0,0,0.0,0.8423087544881317,0.0,0.017279454151798365,1.0,Katashi,1e-06,0.9207401270369098,2.0,0
2009-05-08,0.5518071955491956,2.0,0.48780487804878053,0.0,0.0,0,0.0,0.5661419497384907,0.0,0.016761070527244414,0.05342410777452744,Katashi,1e-06,0.9207401270369098,2.0,0
2009-05-11,0.5348704435660958,3.0,0.3278688524590164,0.0,0.0,0,0.0,0.8423087544881317,0.0,0.01625823841142708,0.024520547991189856,Katashi,1e-06,0.9207401270369098,2.0,0
2009-05-12,0.543602170776084,3.0,0.3278688524590164,0.0,0.0,0,0.0,0.8423087544881317,0.0,0.01577049125908427,1.0,Katashi,1e-06,0.9207401270369098,2.0,0
2009-05-13,0.5251254783863479,3.0,0.3278688524590164,0.0,0.0,0,0.0,0.8423087544881317,0.0,0.01529737652131174,1.0,Katashi,1e-06,0.9207401270369098,2.0,0
2009-05-14,0.5402644456992284,3.0,0.3278688524590164,1.6189305450448116e-10,0.999999999837107,1,2.637125057209031e-20,0.8423087544881317,0.5,0.014838455225672387,0.6808661729415678,Katashi,1e-06,0.9207401270369098,2.0,0
2009-05-15,0.5332313821444257,3.0,0.3278688524590164,0.0,0.0,0,0.0,0.8423087544881317,0.0,0.014393301568902216,1.0,Katashi,1e-06,0.9207401270369098,2.0,0
2009-05-18,0.5074832172658259,2.0,0.48780487804878053,0.0,0.0,0,0.0,0.5661419497384907,0.0,0.013961502521835149,0.05342410777452744,Katashi,1e-06,0.9207401270369098,2.0,0
2009-05-19,0.5005693581780539,2.0,0.48780487804878053,0.0,0.0,0,0.0,0.5661419497384907,0.0,0.013542657446180094,1.0,Katashi,1e-06,0.9207401270369098,2.0,0
2009-05-20,0.5301022648848736,2.5,0.3921568627450981,0.0,0.0,0,0.0,0.7042253521133802,0.0,0.013136377722794692,0.04051495018318063,Katashi,1e-06,0.9207401270369098,2.0,0
2009-05-21,0.5338274044795784,3.0,0.3278688524590164,0.0,0.0,0,0.0,0.8423087544881317,0.0,0.01274228639111085,0.019173896990426154,Katashi,1e-06,0.9207401270369098,2.0,0
2009-05-22,0.5372247317899492,2.0,0.48780487804878053,0.0,0.0,0,0.0,0.5661419497384907,0.0,0.012360017799377525,0.05342410777452744,Katashi,1e-06,0.9207401270369098,2.0,0
2009-05-26,0.5100759144237406,2.5,0.3921568627450981,0.0,0.0,0,0.0,0.7042253521133802,0.0,0.0119892172653962,0.04051495018318063,Katashi,1e-06,0.9207401270369098,2.0,0
2009-05-27,0.5294168391994479,3.0,0.3278688524590164,0.0,0.0,0,0.0,0.8423087544881317,0.0,0.011629540747434313,0.019173896990426154,Katashi,1e-06,0.9207401270369098,2.0,0
2009-05-28,0.5519762845849802,3.0,0.3278688524590164,1.5672441121416732e-10,0.9999999998422756,1,2.4719262016577355e-20,0.8423087544881317,0.5,0.011280654525011284,0.6808661729415678,Katashi,1e-06,0.9207401270369098,2.0,0
2009-05-29,0.5358538804190979,3.0,0.3278688524590164,0.0,0.0,0,0.0,0.8423087544881317,0.0,0.010942234889260945,1.0,Katashi,1e-06,0.9207401270369098,2.0,0
2009-06-01,0.5019700106656629,2.0,0.48780487804878053,0.0,0.0,0,0.0,0.5661419497384907,0.0,0.010613967842583116,0.05342410777452744,Katashi,1e-06,0.9207401270369098,2.0,0
2009-06-02,0.4947581404103144,2.0,0.48780487804878053,3.051681129967799e-11,0.9999999999684832,1,9.617919081306146e-22,0.5661419497384907,0.5,0.010295548807305623,0.5575265728273981,Katashi,1e-06,0.9207401270369098,2.0,0
2009-06-03,0.5201188907710648,2.0,0.48780487804878053,2.1280754935767283e-11,0.9999999999777193,1,4.741508148103178e-22,0.5661419497384907,0.5,0.009986682343086454,1.0,Katashi,1e-06,0.9207401270369098,2.0,0
2009-06-04,0.4930594767551288,2.0,0.48780487804878053,0.0,0.0,0,0.0,0.5661419497384907,0.0,0.00968708187279386,1.0,Katashi,1e-06,0.9207401270369098,2.0,0
2009-06-05,0.49487734487734486,2.0,0.48780487804878053,3.298050721354299e-11,0.9999999999660195,1,1.1206936337095784e-21,0.5661419497384907,0.5,0.009396469416610044,0.5575265728273981,Katashi,1e-06,0.9207401270369098,2.0,0
2009-06-08,0.4910628019323672,2.0,0.48780487804878053,1.0066469879371282e-10,0.9999999998983353,1,1.0234044055666518e-20,0.5661419497384907,0.5,0.009114575334111743,1.0,Katashi,1e-06,0.9207401270369098,2.0,0
2009-06-09,0.4659106593889204,2.0,0.48780487804878053,0.0,0.0,0,0.0,0.5661419497384907,0.0,0.00884113807408839,1.0,Katashi,1e-06,0.9207401270369098,2.0,0
2009-06-10,0.43983468222598654,2.0,0.48780487804878053,2.9384494836897835e-11,0.9999999999696155,1,8.92832381634552e-22,0.5661419497384907,0.5,0.008575903931865738,0.5575265728273981,Katashi,1e-06,0.9207401270369098,2.0,0
2009-06-11,0.43318903318903323,2.0,0.48780487804878053,2.2836621482441104e-11,0.9999999999761634,1,5.443473970358589e-22,0.5661419497384907,0.5,0.008318626813909767,1.0,Katashi,1e-06,0.9207401270369098,2.0,0
2009-06-12,0.4432916117698727,1.0,0.9523809523809523,1.4369172518395944e-11,0.9999999999846308,1,2.2084197351269825e-22,0.2899751449882974,0.5,0.008069068009492473,0.5858930983628514,Katashi,1e-06,0.9207401270369098,2.0,0
2009-06-15,0.46555304598782876,2.0,0.48780487804878053,1.4369172518395944e-11,0.9999999999846308,1,2.2084197351269825e-22,0.5661419497384907,0.5,0.007826995969207698,0.24272688780630247,Katashi,1e-06,0.9207401270369098,2.0,0
2009-06-16,0.4556590752242926,2.0,0.48780487804878053,2.0090595853394925e-11,0.9999999999789094,1,4.23722193163764e-22,0.5661419497384907,0.5,0.007592186090131467,1.0,Katashi,1e-06,0.9207401270369098,2.0,0
2009-06-17,0.452827969132317,2.0,0.48780487804878053,2.35957919866614e-11,0.9999999999754042,1,5.803566694920748e-22,0.5661419497384907,0.5,0.007364420507427523,1.0,Katashi,1e-06,0.9207401270369098,2.0,0
2009-06-18,0.4652252337034947,2.0,0.48780487804878053,4.40086855836165e-11,0.9999999999549913,1,1.98077211887796e-21,0.5661419497384907,0.5,0.007143487892204697,1.0,Katashi,1e-06,0.9207401270369098,2.0,0
2009-06-19,0.4772052826400653,2.5,0.3921568627450981,1.6354362308695705e-11,0.9999999999826457,1,2.838191670486113e-22,0.7042253521133802,0.5,0.006929183255438556,0.10947915293949706,Katashi,1e-06,0.9207401270369098,2.0,0
2009-06-22,0.5053971390927914,3.0,0.3278688524590164,5.410605296977439e-11,0.999999999944894,1,2.98156982410097e-21,0.8423087544881317,0.5,0.006721307757775399,0.07046162699944047,Katashi,1e-06,0.9207401270369098,2.0,0
2009-06-23,0.5224731789949182,2.5,0.3921568627450981,6.949574249155689e-11,0.9999999999295043,1,4.8991524297516285e-21,0.7042253521133802,0.5,0.006519668525042137,0.09722863946469085,Katashi,1e-06,0.9207401270369098,2.0,0
2009-06-24,0.5183308237656065,3.0,0.3278688524590164,3.50034445866417e-11,0.9999999999639966,1,1.2602438032030023e-21,0.8423087544881317,0.5,0.006324078469290872,0.07046162699944047,Katashi,1e-06,0.9207401270369098,2.0,0
2009-06-25,0.5584133258046303,3.0,0.3278688524590164,3.843070306353029e-11,0.9999999999605693,1,1.5153487908973659e-21,0.8423087544881317,0.5,0.006134356115212146,1.0,Katashi,1e-06,0.9207401270369098,2.0,0
2009-06-26,0.5395194177802873,3.0,0.3278688524590164,1.8458234940321655e-11,0.9999999999805418,1,3.591642637280106e-22,0.8423087544881317,0.5,0.0059503254317557815,1.0,Katashi,1e-06,0.9207401270369098,2.0,0
2009-06-29,0.5092414831545268,2.0,0.48780487804878053,2.417910316378494e-11,0.9999999999748209,1,6.088075980930394e-22,0.5661419497384907,0.5,0.005771815668803108,0.1511281419935363,Katashi,1e-06,0.9207401270369098,2.0,0
2009-06-30,0.5014931927975407,2.0,0.48780487804878053,8.375100612663737e-11,0.999999999915249,1,7.097980180935108e-21,0.5661419497384907,0.5,0.005598661198739014,1.0,Katashi,1e-06,0.9207401270369098,2.0,0
2009-07-01,0.5208341175732482,3.0,0.3278688524590164,2.026256939990572e-11,0.9999999999787375,1,4.308338398475824e-22,0.8423087544881317,0.5,0.005430701362776844,0.07552869980368371,Katashi,1e-06,0.9207401270369098,2.0,0
2009-07-02,0.5514100633665852,3.0,0.3278688524590164,3.232583089570174e-10,0.9999999996757417,1,1.0481918548467179e-19,0.8423087544881317,0.5,0.005267780321893538,1.0,Katashi,1e-06,0.9207401270369098,2.0,0
2009-07-06,0.5420227115879289,3.0,0.3278688524590164,0.0,0.0,0,0.0,0.8423087544881317,0.0,0.005109746912236732,1.0,Katashi,1e-06,0.9207401270369098,2.0,0
2009-07-07,0.5588305414392372,3.0,0.3278688524590164,0.0,0.0,0,0.0,0.8423087544881317,0.0,0.00495645450486963,1.0,Katashi,1e-06,0.9207401270369098,2.0,0
2009-07-08,0.5401750423489555,3.0,0.3278688524590164,0.0,0.0,0,0.0,0.8423087544881317,0.0,0.004807760869723541,1.0,Katashi,1e-06,0.9207401270369098,2.0,0
2009-07-09,0.5350790513833993,2.0,0.48780487804878053,4.393507779708716e-11,0.9999999999550649,1,1.974225166958028e-21,0.5661419497384907,0.5,0.004663528043631834,0.7226449239319699,Katashi,1e-06,0.9207401270369098,2.0,0
2009-07-10,0.54226112052199,3.0,0.3278688524590164,1.7766110803132957e-10,0.9999999998213389,1,3.174112648761714e-20,0.8423087544881317,0.5,0.0045236222023228795,0.07552869980368371,Katashi,1e-06,0.9207401270369098,2.0,0
2009-07-13,0.5467908902691511,3.0,0.3278688524590164,0.0,0.0,0,0.0,0.8423087544881317,0.0,0.004387913536253193,1.0,Katashi,1e-06,0.9207401270369098,2.0,0
2009-07-14,0.5264963297571993,2.5,0.3921568627450981,0.0,0.0,0,0.0,0.7042253521133802,0.0,0.004256276130165597,0.02731572574003016,Katashi,1e-06,0.9207401270369098,2.0,0
2009-07-15,0.5351982558504297,2.0,0.48780487804878053,0.0,0.0,0,0.0,0.5661419497384907,0.0,0.004128587846260629,0.0619858651895302,Katashi,1e-06,0.9207401270369098,2.0,0
2009-07-16,0.5153507120898425,1.0,0.9523809523809523,0.0,0.0,0,0.0,0.2899751449882974,0.0,0.004004730210872809,0.4739595708973481,Katashi,1e-06,0.9207401270369098,2.0,0
2009-07-17,0.516632160110421,2.0,0.48780487804878053,6.949574249155689e-11,0.9999999999295043,1,4.8991524297516285e-21,0.5661419497384907,0.5,0.003884588304546625,0.14745597028820212,Katashi,1e-06,0.9207401270369098,2.0,0
2009-07-20,0.5324267519919694,2.0,0.48780487804878053,1.3773027162248573e-10,0.9999999998612698,1,1.9107354947320978e-20,0.5661419497384907,0.5,0.003768050655410226,1.0,Katashi,1e-06,0.9207401270369098,2.0,0
2009-07-21,0.5261983185896228,4.0,0.2469135802469136,1.7258139360535428e-10,0.9999999998264186,1,2.9956914997174177e-20,1.1184755592372204,0.5,0.12139044133605849,0.0418471851258293,Katashi,1e-06,0.9207401270369098,2.0,0
2009-07-22,0.5264367275236841,2.0,0.48780487804878053,0.0,0.0,0,0.0,0.5661419497384907,0.0,0.11774872809597672,0.14891362946573883,Katashi,1e-06,0.9207401270369098,2.0,0
2009-07-23,0.4922846477194304,2.0,0.48780487804878053,0.0,0.0,0,0.0,0.5661419497384907,0.0,0.11421626625309741,1.0,Katashi,1e-06,0.9207401270369098,2.0,0
2009-07-24,0.4830165004078047,4.0,0.2469135802469136,2.2706170274730684e-10,0.9999999997719383,1,5.178407354016306e-20,1.1184755592372204,0.5,0.22852521046581506,0.03499641092003214,Katashi,1e-06,0.9207401270369098,2.0,0
2009-07-27,0.48283769370725893,4.0,0.2469135802469136,3.09174907892525e-11,0.9999999999680825,1,9.868080435604203e-22,1.1184755592372204,0.5,0.33940488635215116,1.0,Katashi,1e-06,0.9207401270369098,2.0,0
2009-07-28,0.45947361816927035,3.0,0.3278688524590164,0.0,0.0,0,0.0,0.8423087544881317,0.0,0.3292227397615866,0.3115599352263462,Katashi,1e-06,0.9207401270369098,2.0,0
2009-07-29,0.46862256101386546,4.0,0.2469135802469136,3.115484536531169e-10,0.9999999996874516,1,9.737398055053066e-20,1.1184755592372204,0.5,0.4370814897690496,0.15250176681990613,Katashi,1e-06,0.9207401270369098,2.0,0
2009-07-30,0.5005097559445386,4.0,0.2469135802469136,0.0,0.0,0,0.0,1.1184755592372204,0.0,0.5417044772762887,1.0,Katashi,1e-06,0.9207401270369098,2.0,0
2009-07-31,0.5022084195997241,2.0,0.48780487804878053,0.0,0.0,0,0.0,0.5661419497384907,0.0,0.525453342958,0.04345330359797295,Katashi,1e-06,0.9207401270369098,2.0,0
2009-08-03,0.5061719681284897,3.0,0.3278688524590164,0.0,0.0,0,0.0,0.8423087544881317,0.0,0.5096897426692599,0.024520547991189856,Katashi,1e-06,0.9207401270369098,2.0,0
2009-08-04,0.46900997553171464,3.0,0.3278688524590164,0.0,0.0,0,0.0,0.8423087544881317,0.0,0.49439905038918214,1.0,Katashi,1e-06,0.9207401270369098,2.0,0
2009-08-05,0.46558284710458625,2.0,0.48780487804878053,0.0,0.0,0,0.0,0.5661419497384907,0.0,0.47956707887750666,0.05342410777452744,Katashi,1e-06,0.9207401270369098,2.0,0
2009-08-06,0.4636457745153398,2.0,0.48780487804878053,0.0,0.0,0,0.0,0.5661419497384907,0.0,0.46518006651118143,1.0,Katashi,1e-06,0.9207401270369098,2.0,0
2009-08-07,0.44549689440993784,2.0,0.48780487804878053,0.0,0.0,0,0.0,0.5661419497384907,0.0,0.451224664515846,1.0,Katashi,1e-06,0.9207401270369098,2.0,0
2009-08-10,0.4491922328878851,3.0,0.3278688524590164,1.409187211264593e-10,0.9999999998580813,1,1.9999001569097803e-20,0.8423087544881317,0.5,0.4376879245803706,0.12537627121086836,Katashi,1e-06,0.9207401270369098,2.0,0
2009-08-11,0.4487154150197628,3.0,0.3278688524590164,3.454926344414261e-10,0.9999999996535074,1,1.197106454655662e-19,0.8423087544881317,0.5,0.42455728684295946,1.0,Katashi,1e-06,0.9207401270369098,2.0,0
2009-08-12,0.4330698287220027,3.0,0.3278688524590164,5.458211660270731e-11,0.9999999999444179,1,3.033788362068222e-21,0.8423087544881317,0.5,0.41182056823767066,1.0,Katashi,1e-06,0.9207401270369098,2.0,0
2009-08-13,0.46871196436413826,2.5,0.3921568627450981,4.82053286165019e-11,0.9999999999507947,1,2.3719579693149835e-21,0.7042253521133802,0.5,0.3994659511905405,0.09722863946469085,Katashi,1e-06,0.9207401270369098,2.0,0
2009-08-14,0.4832251082251083,2.5,0.3921568627450981,1.7491508240270856e-10,0.9999999998240849,1,3.077019726763292e-20,0.7042253521133802,0.5,0.3874819726548243,1.0,Katashi,1e-06,0.9207401270369098,2.0,0
2009-08-17,0.5042646966560009,3.0,0.3278688524590164,0.0,0.0,0,0.0,0.8423087544881317,0.0,0.3758575134751796,0.5700865948117793,Katashi,1e-06,0.9207401270369098,2.0,0
2009-08-18,0.520595708639187,3.0,0.3278688524590164,9.570455538708699e-11,0.9999999999032955,1,9.255064360525155e-21,0.8423087544881317,0.5,0.3645817880709242,0.6808661729415678,Katashi,1e-06,0.9207401270369098,2.0,0
2009-08-19,0.5091222786874962,3.0,0.3278688524590164,6.634826021696151e-11,0.9999999999326518,1,4.4684384264473934e-21,0.8423087544881317,0.5,0.35364433442879645,1.0,Katashi,1e-06,0.9207401270369098,2.0,0
2009-08-20,0.5073044105652802,3.0,0.3278688524590164,0.0,0.0,0,0.0,0.8423087544881317,0.0,0.34303500439593254,1.0,Katashi,1e-06,0.9207401270369098,2.0,0
2009-08-21,0.5001819436602044,3.0,0.3278688524590164,8.268796758064831e-11,0.999999999916312,1,6.919986121288436e-21,0.8423087544881317,0.5,0.33274395426405456,0.6808661729415678,Katashi,1e-06,0.9207401270369098,2.0,0
2009-08-24,0.5174188026951403,2.0,0.48780487804878053,0.674340876281093,0.5966646598938755,2,0.27198550668229665,0.5661419497384907,1.0,0.3227616356361329,0.3458919286436588,Katashi,1e-06,0.9207401270369098,2.0,0
2009-08-25,0.5160473116166433,1.0,0.9523809523809523,0.6867617548985983,0.5564438784447469,2,0.3046173804353016,0.2899751449882974,1.0,0.3130787865670489,0.9000195017603374,Katashi,1e-06,0.9207401270369098,2.0,0
2009-08-26,0.5236914622004919,1.0,0.9523809523809523,0.0,0.0,0,0.0,0.2899751449882974,0.0,0.30368642297003745,1.0,Katashi,1e-06,0.9207401270369098,2.0,0
2009-08-27,0.5232894038490427,1.0,0.9523809523809523,0.0,0.0,0,0.0,0.2899751449882974,0.0,0.2945758302809363,1.0,Katashi,1e-06,0.9207401270369098,2.0,0
2009-08-28,0.5056355480268524,2.0,0.48780487804878053,0.0,0.0,0,0.0,0.5661419497384907,0.0,0.2857385553725082,0.15556574873795448,Katashi,1e-06,0.9207401270369098,2.0,0
2009-08-31,0.5049799234581843,3.0,0.3278688524590164,0.0,0.0,0,0.0,0.8423087544881317,0.0,0.2771663987113329,0.024520547991189856,Katashi,1e-06,0.9207401270369098,2.0,0
2009-09-01,0.4960097873141351,3.0,0.3278688524590164,0.0,0.0,0,0.0,0.8423087544881317,0.0,0.2688514067499929,1.0,Katashi,1e-06,0.9207401270369098,2.0,0
2009-09-02,0.473271535228057,3.0,0.3278688524590164,4.314681944963841e-11,0.9999999999558532,1,1.9047938936294936e-21,0.8423087544881317,0.5,0.26078586454749314,0.6808661729415678,Katashi,1e-06,0.9207401270369098,2.0,0
2009-09-03,0.48182445573749927,3.0,0.3278688524590164,6.553751983395502e-10,0.9999999993436248,1,4.3017201144009434e-19,0.8423087544881317,0.5,0.25296228861106834,1.0,Katashi,1e-06,0.9207401270369098,2.0,0
2009-09-04,0.474016563146998,2.0,0.48780487804878053,0.0,0.0,0,0.0,0.5661419497384907,0.0,0.2453734199527363,0.3380362030924259,Katashi,1e-06,0.9207401270369098,2.0,0
2009-09-08,0.4474637681159421,2.0,0.48780487804878053,0.0,0.0,0,0.0,0.5661419497384907,0.0,0.2380122173541542,1.0,Katashi,1e-06,0.9207401270369098,2.0,0
2009-09-09,0.4493710395884309,2.0,0.48780487804878053,0.0,0.0,0,0.0,0.5661419497384907,0.0,0.23087185083352957,1.0,Katashi,1e-06,0.9207401270369098,2.0,0
2009-09-10,0.45205314009661834,3.0,0.3278688524590164,0.0,0.0,0,0.0,0.8423087544881317,0.0,0.22394569530852368,0.024520547991189856,Katashi,1e-06,0.9207401270369098,2.0,0
2009-09-11,0.4407287157287158,3.0,0.3278688524590164,0.0,0.0,0,0.0,0.8423087544881317,0.0,0.21722732444926796,1.0,Katashi,1e-06,0.9207401270369098,2.0,0
2009-09-14,0.46096367400715227,2.0,0.48780487804878053,0.0,0.0,0,0.0,0.5661419497384907,0.0,0.21071050471578992,0.05342410777452744,Katashi,1e-06,0.9207401270369098,2.0,0
2009-09-15,0.4318181818181819,2.0,0.48780487804878053,0.0,0.0,0,0.0,0.5661419497384907,0.0,0.2043891895743162,1.0,Katashi,1e-06,0.9207401270369098,2.0,0
2009-09-16,0.4253513394817743,3.0,0.3278688524590164,0.0,0.0,0,0.0,0.8423087544881317,0.0,0.1982575138870867,0.024520547991189856,Katashi,1e-06,0.9207401270369098,2.0,0
2009-09-17,0.41340611744173283,2.0,0.48780487804878053,0.0,0.0,0,0.0,0.5661419497384907,0.0,0.19230978847047409,0.05342410777452744,Katashi,1e-06,0.9207401270369098,2.0,0
2009-09-18,0.4388297570202661,3.5,0.28169014084507044,0.0,0.0,0,0.0,0.9803921568627451,0.0,0.18654049481635987,0.016172920475686747,Katashi,1e-06,0.9207401270369098,2.0,0
2009-09-21,0.45520720042865737,3.5,0.28169014084507044,0.0,0.0,0,0.0,0.9803921568627451,0.0,0.18094427997186907,1.0,Katashi,1e-06,0.9207401270369098,2.0,0
2009-09-22,0.45265925967435927,3.0,0.3278688524590164,0.0,0.0,0,0.0,0.8423087544881317,0.0,0.175515951572713,0.013780305207015897,Katashi,1e-06,0.9207401270369098,2.0,0
2009-09-23,0.4639247720172498,2.0,0.48780487804878053,1.639821611695758e-10,0.9999999998350179,1,2.705412771767848e-20,0.5661419497384907,0.5,0.1702504730255316,0.7226449239319699,Katashi,1e-06,0.9207401270369098,2.0,0
2009-09-24,0.4905960384172406,3.0,0.3278688524590164,8.279310570107151e-11,0.9999999999162069,1,6.937489626094574e-21,0.8423087544881317,0.5,0.16514295883476562,0.07552869980368371,Katashi,1e-06,0.9207401270369098,2.0,0
2009-09-25,0.48535129438407204,3.0,0.3278688524590164,2.5498569918901314e-10,0.9999999997440143,1,6.527268685773094e-20,0.8423087544881317,0.5,0.16018867006972265,1.0,Katashi,1e-06,0.9207401270369098,2.0,0
2009-09-28,0.5016382065223406,3.0,0.3278688524590164,6.907796556741982e-11,0.9999999999299221,1,4.840841764547221e-21,0.8423087544881317,0.5,0.15538300996763096,1.0,Katashi,1e-06,0.9207401270369098,2.0,0
2009-09-29,0.5023231692614439,3.0,0.3278688524590164,0.0,0.0,0,0.0,0.8423087544881317,0.0,0.15072151966860203,1.0,Katashi,1e-06,0.9207401270369098,2.0,0
2009-09-30,0.4931889291708899,3.0,0.3278688524590164,0.0,0.0,0,0.0,0.8423087544881317,0.0,0.14619987407854396,1.0,Katashi,1e-06,0.9207401270369098,2.0,0
2009-10-01,0.49529010570664117,3.0,0.3278688524590164,0.0,0.0,0,0.0,0.8423087544881317,0.0,0.14181387785618763,1.0,Katashi,1e-06,0.9207401270369098,2.0,0
2009-10-02,0.494291663080187,2.0,0.48780487804878053,0.0,0.0,0,0.0,0.5661419497384907,0.0,0.137559461520502,0.05342410777452744,Katashi,1e-06,0.9207401270369098,2.0,0
2009-10-05,0.5250615812744335,2.5,0.3921568627450981,0.0,0.0,0,0.0,0.7042253521133802,0.0,0.13343267767488692,0.04051495018318063,Katashi,1e-06,0.9207401270369098,2.0,0
2009-10-06,0.5250168333046648,2.0,0.48780487804878053,0.0,0.0,0,0.0,0.5661419497384907,0.0,0.1294296973446403,0.0619858651895302,Katashi,1e-06,0.9207401270369098,2.0,0
2009-10-07,0.5332723150165292,3.0,0.3278688524590164,0.0,0.0,0,0.0,0.8423087544881317,0.0,0.12554680642430108,0.024520547991189856,Katashi,1e-06,0.9207401270369098,2.0,0
2009-10-08,0.5420043536631342,2.0,0.48780487804878053,0.0,0.0,0,0.0,0.5661419497384907,0.0,0.12178040223157204,0.05342410777452744,Katashi,1e-06,0.9207401270369098,2.0,0
2009-10-09,0.5578155758388657,2.0,0.48780487804878053,0.0,0.0,0,0.0,0.5661419497384907,0.0,0.11812699016462487,1.0,Katashi,1e-06,0.9207401270369098,2.0,0
2009-10-12,0.5390103893711211,3.5,0.28169014084507044,0.0,0.0,0,0.0,0.9803921568627451,0.0,0.11458318045968612,0.016172920475686747,Katashi,1e-06,0.9207401270369098,2.0,0
2009-10-13,0.5443152322529508,2.5,0.3921568627450981,0.0,0.0,0,0.0,0.7042253521133802,0.0,0.11114568504589553,0.023954851229423757,Katashi,1e-06,0.9207401270369098,2.0,0
2009-10-14,0.5366287094547966,3.0,0.3278688524590164,1.5407553010012842e-10,0.9999999998449245,1,2.3893341099172514e-20,0.8423087544881317,0.5,0.10781131449451867,0.3057230047891961,Katashi,1e-06,0.9207401270369098,2.0,0
2009-10-15,0.517883807014242,3.0,0.3278688524590164,0.0,0.0,0,0.0,0.8423087544881317,0.0,0.10457697505968311,1.0,Katashi,1e-06,0.9207401270369098,2.0,0
2009-10-16,0.49037737624694144,2.5,0.3921568627450981,2.409458188230988e-10,0.9999999997580542,1,5.829582810407278e-20,0.7042253521133802,0.5,0.10143966580789261,0.9389048049303697,Katashi,1e-06,0.9207401270369098,2.0,0
2009-10-19,0.5193142606186085,2.5,0.3921568627450981,0.0,0.0,0,0.0,0.7042253521133802,0.0,0.09839647583365584,1.0,Katashi,1e-06,0.9207401270369098,2.0,0
2009-10-20,0.5250360750360753,2.5,0.3921568627450981,0.0,0.0,0,0.0,0.7042253521133802,0.0,0.09544458155864616,1.0,Katashi,1e-06,0.9207401270369098,2.0,0
2009-10-21,0.5179136081309994,2.0,0.48780487804878053,0.0,0.0,0,0.0,0.5661419497384907,0.0,0.09258124411188677,0.0619858651895302,Katashi,1e-06,0.9207401270369098,2.0,0
2009-10-22,0.5094798920885878,3.0,0.3278688524590164,0.0,0.0,0,0.0,0.8423087544881317,0.0,0.08980380678853017,0.024520547991189856,Katashi,1e-06,0.9207401270369098,2.0,0
2009-10-23,0.5250360750360751,3.0,0.3278688524590164,0.0,0.0,0,0.0,0.8423087544881317,0.0,0.08710969258487426,1.0,Katashi,1e-06,0.9207401270369098,2.0,0
2009-10-26,0.545658447832361,3.0,0.3278688524590164,0.0,0.0,0,0.0,0.8423087544881317,0.0,0.08449640180732804,1.0,Katashi,1e-06,0.9207401270369098,2.0,0
2009-10-27,0.5436319718928416,2.0,0.48780487804878053,0.0,0.0,0,0.0,0.5661419497384907,0.0,0.08196150975310819,0.05342410777452744,Katashi,1e-06,0.9207401270369098,2.0,0
2009-10-28,0.5450326243804505,3.0,0.3278688524590164,0.0,0.0,0,0.0,0.8423087544881317,0.0,0.07950266446051495,0.024520547991189856,Katashi,1e-06,0.9207401270369098,2.0,0
2009-10-29,0.5526319091536483,3.0,0.3278688524590164,0.0,0.0,0,0.0,0.8423087544881317,0.0,0.07711758452669949,1.0,Katashi,1e-06,0.9207401270369098,2.0,0
2009-10-30,0.5450326243804505,3.0,0.3278688524590164,0.0,0.0,0,0.0,0.8423087544881317,0.0,0.07480405699089851,1.0,Katashi,1e-06,0.9207401270369098,2.0,0
2009-11-02,0.5581153146370537,3.0,0.3278688524590164,0.0,0.0,0,0.0,0.8423087544881317,0.0,0.07255993528117155,1.0,Katashi,1e-06,0.9207401270369098,2.0,0
2009-11-03,0.5467610891523935,3.0,0.3278688524590164,0.0,0.0,0,0.0,0.8423087544881317,0.0,0.0703831372227364,1.0,Katashi,1e-06,0.9207401270369098,2.0,0
2009-11-04,0.5235460191981931,4.0,0.2469135802469136,0.0,0.0,0,0.0,1.1184755592372204,0.0,0.18600707530636487,0.006972431416798819,Katashi,1e-06,0.9207401270369098,2.0,0
2009-11-05,0.5204467030553988,2.5,0.3921568627450981,0.0,0.0,0,0.0,0.7042253521133802,0.0,0.18042686304717392,0.02156202492304593,Katashi,1e-06,0.9207401270369098,2.0,0
2009-11-06,0.5175261936131501,2.0,0.48780487804878053,0.0,0.0,0,0.0,0.5661419497384907,0.0,0.1750140571557587,0.0619858651895302,Katashi,1e-06,0.9207401270369098,2.0,0
2009-11-09,0.5427379383901125,2.5,0.3921568627450981,0.0,0.0,0,0.0,0.7042253521133802,0.0,0.16976363544108594,0.04051495018318063,Katashi,1e-06,0.9207401270369098,2.0,0
2009-11-10,0.5357942781855826,2.0,0.48780487804878053,0.0,0.0,0,0.0,0.5661419497384907,0.0,0.16467072637785335,0.0619858651895302,Katashi,1e-06,0.9207401270369098,2.0,0
2009-11-11,0.5241420415333459,3.0,0.3278688524590164,0.0,0.0,0,0.0,0.8423087544881317,0.0,0.15973060458651775,0.024520547991189856,Katashi,1e-06,0.9207401270369098,2.0,0
2009-11-12,0.5379399585921326,2.5,0.3921568627450981,0.0,0.0,0,0.0,0.7042253521133802,0.0,0.15493868644892222,0.02731572574003016,Katashi,1e-06,0.9207401270369098,2.0,0
2009-11-13,0.5615424430641822,3.0,0.3278688524590164,0.0,0.0,0,0.0,0.8423087544881317,0.0,0.15029052585545455,0.019173896990426154,Katashi,1e-06,0.9207401270369098,2.0,0
2009-11-16,0.5925654056088839,3.0,0.3278688524590164,0.0,0.0,0,0.0,0.8423087544881317,0.0,0.1457818100797909,1.0,Katashi,1e-06,0.9207401270369098,2.0,0
2009-11-17,0.6071977539368845,3.0,0.3278688524590164,0.0,0.0,0,0.0,0.8423087544881317,0.0,0.1414083557773972,1.0,Katashi,1e-06,0.9207401270369098,2.0,0
2009-11-18,0.5913137587050632,3.0,0.3278688524590164,0.0,0.0,0,0.0,0.8423087544881317,0.0,0.13716610510407526,1.0,Katashi,1e-06,0.9207401270369098,2.0,0
2009-11-19,0.5987044356609573,2.5,0.3921568627450981,0.0,0.0,0,0.0,0.7042253521133802,0.0,0.133051121950953,0.02731572574003016,Katashi,1e-06,0.9207401270369098,2.0,0
2009-11-20,0.597571993224167,2.5,0.3921568627450981,0.0,0.0,0,0.0,0.7042253521133802,0.0,0.12905958829242442,1.0,Katashi,1e-06,0.9207401270369098,2.0,0
2009-11-23,0.6095818432774955,2.5,0.3921568627450981,0.0,0.0,0,0.0,0.7042253521133802,0.0,0.12518780064365168,1.0,Katashi,1e-06,0.9207401270369098,2.0,0
2009-11-24,0.5922971955580651,3.0,0.3278688524590164,0.0,0.0,0,0.0,0.8423087544881317,0.0,0.12143216662434213,0.019173896990426154,Katashi,1e-06,0.9207401270369098,2.0,0
2009-11-25,0.5684563021519544,3.0,0.3278688524590164,0.0,0.0,0,0.0,0.8423087544881317,0.0,0.11778920162561186,1.0,Katashi,1e-06,0.9207401270369098,2.0,0
2009-11-27,0.5860091599222035,2.0,0.48780487804878053,0.0,0.0,0,0.0,0.5661419497384907,0.0,0.1142555255768435,0.05342410777452744,Katashi,1e-06,0.9207401270369098,2.0,0
2009-11-30,0.5776648472300646,3.0,0.3278688524590164,0.0,0.0,0,0.0,0.8423087544881317,0.0,0.11082785980953819,0.024520547991189856,Katashi,1e-06,0.9207401270369098,2.0,0
2009-12-01,0.5766516092603049,3.0,0.3278688524590164,0.0,0.0,0,0.0,0.8423087544881317,0.0,0.10750302401525204,1.0,Katashi,1e-06,0.9207401270369098,2.0,0
2009-12-02,0.5708105903758078,3.0,0.3278688524590164,0.0,0.0,0,0.0,0.8423087544881317,0.0,0.10427793329479447,1.0,Katashi,1e-06,0.9207401270369098,2.0,0
2009-12-03,0.5963799485538616,3.0,0.3278688524590164,0.0,0.0,0,0.0,0.8423087544881317,0.0,0.10114959529595063,1.0,Katashi,1e-06,0.9207401270369098,2.0,0
2009-12-04,0.6040686366773325,2.5,0.3921568627450981,0.0,0.0,0,0.0,0.7042253521133802,0.0,0.09811510743707211,0.02731572574003016,Katashi,1e-06,0.9207401270369098,2.0,0
2009-12-07,0.609879854445072,2.0,0.48780487804878053,0.0,0.0,0,0.0,0.5661419497384907,0.0,0.09517165421395994,0.0619858651895302,Katashi,1e-06,0.9207401270369098,2.0,0
2009-12-08,0.6296081937386284,2.0,0.48780487804878053,0.0,0.0,0,0.0,0.5661419497384907,0.0,0.09231650458754113,1.0,Katashi,1e-06,0.9207401270369098,2.0,0
2009-12-09,0.6180155593199073,3.0,0.3278688524590164,0.0,0.0,0,0.0,0.8423087544881317,0.0,0.0895470094499149,0.024520547991189856,Katashi,1e-06,0.9207401270369098,2.0,0
2009-12-10,0.5951581027667986,3.0,0.3278688524590164,0.0,0.0,0,0.0,0.8423087544881317,0.0,0.08686059916641745,1.0,Katashi,1e-06,0.9207401270369098,2.0,0
2009-12-11,0.5826714348453479,3.0,0.3278688524590164,0.0,0.0,0,0.0,0.8423087544881317,0.0,0.08425478119142492,1.0,Katashi,1e-06,0.9207401270369098,2.0,0
2009-12-14,0.5888104648974214,3.5,0.28169014084507044,0.0,0.0,0,0.0,0.9803921568627451,0.0,0.08172713775568217,0.010190487869546572,Katashi,1e-06,0.9207401270369098,2.0,0
2009-12-15,0.5878270280444194,3.5,0.28169014084507044,0.0,0.0,0,0.0,0.9803921568627451,0.0,0.0792753236230117,1.0,Katashi,1e-06,0.9207401270369098,2.0,0
2009-12-16,0.5570722755505364,3.0,0.3278688524590164,0.0,0.0,0,0.0,0.8423087544881317,0.0,0.07689706391432136,0.013780305207015897,Katashi,1e-06,0.9207401270369098,2.0,0
2009-12-17,0.5077812284334023,3.0,0.3278688524590164,0.0,0.0,0,0.0,0.8423087544881317,0.0,0.07459015199689172,1.0,Katashi,1e-06,0.9207401270369098,2.0,0
2009-12-18,0.5068573938139155,2.0,0.48780487804878053,0.0,0.0,0,0.0,0.5661419497384907,0.0,0.07235244743698496,0.05342410777452744,Katashi,1e-06,0.9207401270369098,2.0,0
2009-12-21,0.4869800489365706,3.0,0.3278688524590164,0.0,0.0,0,0.0,0.8423087544881317,0.0,0.0701818740138754,0.024520547991189856,Katashi,1e-06,0.9207401270369098,2.0,0
2009-12-22,0.47589403350272913,3.0,0.3278688524590164,0.0,0.0,0,0.0,0.8423087544881317,0.0,0.06807641779345915,1.0,Katashi,1e-06,0.9207401270369098,2.0,0
2009-12-23,0.4744635798983626,3.0,0.3278688524590164,0.0,0.0,0,0.0,0.8423087544881317,0.0,0.06603412525965537,1.0,Katashi,1e-06,0.9207401270369098,2.0,0
2009-12-24,0.4453776899429072,3.0,0.3278688524590164,6.143294759891399e-10,0.9999999993846705,1,3.780150210713572e-19,0.8423087544881317,0.5,0.0640531015018657,0.6808661729415678,Katashi,1e-06,0.9207401270369098,2.0,0
2009-12-28,0.44499027542505804,3.0,0.3278688524590164,0.0,0.0,0,0.0,0.8423087544881317,0.0,0.06213150845680973,1.0,Katashi,1e-06,0.9207401270369098,2.0,0
2009-12-29,0.41152362130623,2.0,0.48780487804878053,0.0,0.0,0,0.0,0.5661419497384907,0.0,0.06026756320310544,0.05342410777452744,Katashi,1e-06,0.9207401270369098,2.0,0
2009-12-30,0.39185488424618853,2.0,0.48780487804878053,0.0,0.0,0,0.0,0.5661419497384907,0.0,0.058459536307012276,1.0,Katashi,1e-06,0.9207401270369098,2.0,0
