date,mean_corr,curv,eta,entropy,dominance,h1_count,v_raw,Oh,Xi,phi,DEF,regime,phi_c,Oh_pre,Xi_c,sps
2012-02-03,0.10648488408496988,2.0,0.48780487804878053,0.9616072664034517,0.5823003544321665,3,0.401663014352175,0.397980974569239,1.2500000000000118,1e-06,1.0,Utsuroi,1e-06,0.9803921568627451,2.3999999999999773,0
2012-02-06,0.09780201992945664,2.0,0.48780487804878053,1.0905993258872861,0.3674838249756416,3,0.68982171409437,0.397980974569239,1.2500000000000118,1e-06,0.17341895044951328,Utsuroi,1e-06,0.9803921568627451,2.3999999999999773,0
2012-02-07,0.10727876158712608,2.0,0.48780487804878053,0.665762402304861,0.6164771972561984,2,0.25533506249340665,0.397980974569239,0.8333333333333413,1e-06,0.32730795908568555,Utsuroi,1e-06,0.9803921568627451,2.3999999999999773,0
2012-02-08,0.10419300094076536,2.0,0.48780487804878053,1.0218714763192436e-11,0.9999999999887813,1,1.1464062011976944e-22,0.397980974569239,0.4166666666666706,1e-06,0.8405261117401419,Utsuroi,1e-06,0.9803921568627451,2.3999999999999773,0
2012-02-09,0.13383554110293913,2.0,0.48780487804878053,1.2930767567712665e-11,0.9999999999860693,1,1.8013523140834955e-22,0.397980974569239,0.4166666666666706,1e-06,1.0,Utsuroi,1e-06,0.9803921568627451,2.3999999999999773,0
2012-02-10,0.12184666668108682,2.0,0.48780487804878053,2.8470670265356218e-11,0.9999999999705294,1,8.39049105816145e-22,0.397980974569239,0.4166666666666706,1e-06,1.0,Utsuroi,1e-06,0.9803921568627451,2.3999999999999773,0
2012-02-13,0.13248795933440016,2.0,0.48780487804878053,0.07769007735434649,0.9850459687439959,2,0.001161779845038277,0.397980974569239,0.8333333333333413,1e-06,0.37288642147646966,Utsuroi,1e-06,0.9803921568627451,2.3999999999999773,0
2012-02-14,0.11816886834458737,2.0,0.48780487804878053,0.6778942173639518,0.5871069832643531,2,0.2798977884350524,0.397980974569239,0.8333333333333413,1e-06,0.4115552324562597,Utsuroi,1e-06,0.9803921568627451,2.3999999999999773,0
2012-02-15,0.1296161959960455,2.0,0.48780487804878053,0.36963596155507417,0.8786349512538497,2,0.044860886492461706,0.397980974569239,0.8333333333333413,1e-06,0.8841384689204934,Utsuroi,1e-06,0.9803921568627451,2.3999999999999773,0
2012-02-16,0.10956913830969955,3.5,0.28169014084507044,2.272426691235171e-11,0.9999999999762758,1,5.391160709226655e-22,0.6891865657164289,0.4166666666666706,1e-06,0.8139108080395797,Utsuroi,1e-06,0.9803921568627451,2.3999999999999773,0
2012-02-17,0.12291382949236959,4.0,0.2469135802469136,0.0,0.0,0,0.0,0.7862550960986313,0.0,1e-06,0.713523028342031,Utsuroi,1e-06,0.9803921568627451,2.3999999999999773,0
2012-02-21,0.11843048743303775,3.0,0.3278688524590164,0.6376941379396875,0.6649548261552533,2,0.2136563433057785,0.5921180353341292,0.8333333333333413,1e-06,0.43617073964891206,Utsuroi,1e-06,0.9803921568627451,2.3999999999999773,0
2012-02-22,0.12474234434290715,4.0,0.2469135802469136,0.3389779120845706,0.8935736471025207,2,0.03607618289596321,0.7862550960986313,0.8333333333333413,1e-06,0.7680182412403497,Utsuroi,1e-06,0.9803921568627451,2.3999999999999773,0
2012-02-23,0.13211087029349092,3.0,0.3278688524590164,0.692298616702649,0.5205951913438043,2,0.3318912858732824,0.5921180353341292,0.8333333333333413,1e-06,0.5039208986795916,Utsuroi,1e-06,0.9803921568627451,2.3999999999999773,0
2012-02-24,0.15041641720546559,5.0,0.19801980198019803,0.6402638266915288,0.6611588481374348,2,0.21694773253209146,0.9803921568627451,0.8333333333333413,1e-06,0.6019328973183394,Katashi,1e-06,0.9803921568627451,2.3999999999999773,0
2012-02-27,0.09787594261288456,5.0,0.19801980198019803,0.6143303288325199,0.6958613098164974,2,0.18684162155112305,0.9803921568627451,0.8333333333333413,1e-06,0.6624783588774676,Katashi,1e-06,0.9803921568627451,2.3999999999999773,0
2012-02-28,0.08550402921843615,4.0,0.2469135802469136,0.4408527252410749,0.8392855370069141,2,0.07085140899615779,0.7862550960986313,0.8333333333333413,1e-06,0.44279978694765376,Utsuroi,1e-06,0.9803921568627451,2.3999999999999773,0
2012-02-29,0.09765290775114421,4.0,0.2469135802469136,4.754407978306748e-11,0.9999999999514559,1,2.3079825505009224e-21,0.7862550960986313,0.4166666666666706,1e-06,0.7402294840400372,Utsuroi,1e-06,0.9803921568627451,2.3999999999999773,0
2012-03-01,0.08744351997264822,4.0,0.2469135802469136,1.1371192875539365e-10,0.9999999998852881,1,1.3044112155271753e-20,0.7862550960986313,0.4166666666666706,1e-06,1.0,Utsuroi,1e-06,0.9803921568627451,2.3999999999999773,0
2012-03-02,0.05970300443877365,5.0,0.19801980198019803,6.006328767496204e-11,0.9999999999389367,1,3.667660485408918e-21,0.9803921568627451,0.4166666666666706,1e-06,0.13694452215812025,Katashi,1e-06,0.9803921568627451,2.3999999999999773,0
2012-03-05,0.0758212635892299,4.0,0.2469135802469136,1.4660161973145682e-11,0.9999999999843399,1,2.2958018674580263e-22,0.7862550960986313,0.4166666666666706,1e-06,0.20185477956415077,Utsuroi,1e-06,0.9803921568627451,2.3999999999999773,0
2012-03-06,0.07508975832167802,4.0,0.2469135802469136,0.0,0.0,0,0.0,0.7862550960986313,0.0,1e-06,1.0,Utsuroi,1e-06,0.9803921568627451,2.3999999999999773,0
2012-03-07,0.08858274559633122,4.0,0.2469135802469136,0.0,0.0,0,0.0,0.7862550960986313,0.0,1e-06,1.0,Utsuroi,1e-06,0.9803921568627451,2.3999999999999773,0
2012-03-08,0.09094257830714213,3.0,0.3278688524590164,0.0,0.0,0,0.0,0.5921180353341292,0.0,1e-06,0.4119477187304471,Utsuroi,1e-06,0.9803921568627451,2.3999999999999773,0
2012-03-09,0.09463877460591999,3.0,0.3278688524590164,0.0,0.0,0,0.0,0.5921180353341292,0.0,1e-06,1.0,Utsuroi,1e-06,0.9803921568627451,2.3999999999999773,0
2012-03-12,0.08702040625927986,3.0,0.3278688524590164,1.9782864233674642e-10,0.9999999998011714,1,3.933399599873749e-20,0.5921180353341292,0.4166666666666706,1e-06,0.6433772853583279,Utsuroi,1e-06,0.9803921568627451,2.3999999999999773,0
2012-03-13,0.04485823486743618,3.0,0.3278688524590164,4.094358185736463e-11,0.9999999999580564,1,1.7173195714616187e-21,0.5921180353341292,0.4166666666666706,1e-06,1.0,Utsuroi,1e-06,0.9803921568627451,2.3999999999999773,0
2012-03-14,0.1180683824455558,3.0,0.3278688524590164,1.3274958909009092e-10,0.9999999998662504,1,1.775520005721613e-20,0.5921180353341292,0.4166666666666706,1e-06,1.0,Utsuroi,1e-06,0.9803921568627451,2.3999999999999773,0
2012-03-15,0.10446760273108241,3.0,0.3278688524590164,1.643640779021408e-11,0.9999999999825636,1,2.8659154523730154e-22,0.5921180353341292,0.4166666666666706,1e-06,1.0,Utsuroi,1e-06,0.9803921568627451,2.3999999999999773,0
2012-03-16,0.10341025708763775,3.0,0.3278688524590164,1.4643841694683948e-11,0.9999999999843562,1,2.290856173284651e-22,0.5921180353341292,0.4166666666666706,1e-06,1.0,Utsuroi,1e-06,0.9803921568627451,2.3999999999999773,0
2012-03-19,0.11125481008656019,3.0,0.3278688524590164,0.6805621956724186,0.5791583908376653,2,0.28640888956183236,0.5921180353341292,0.8333333333333413,1e-06,0.27014042151673867,Utsuroi,1e-06,0.9803921568627451,2.3999999999999773,0
2012-03-20,0.11716371165624057,2.0,0.48780487804878053,0.6690037610619796,0.6094268780726716,2,0.2612948875391018,0.397980974569239,0.8333333333333413,1e-06,0.9187387779540748,Utsuroi,1e-06,0.9803921568627451,2.3999999999999773,0
2012-03-21,0.10504523748936373,2.0,0.48780487804878053,0.6804380698141963,0.57954614482666,2,0.2860928096600851,0.397980974569239,0.8333333333333413,1e-06,0.4031382742072043,Utsuroi,1e-06,0.9803921568627451,2.3999999999999773,0
2012-03-22,0.10043373813788753,2.0,0.48780487804878053,0.690223955077091,0.5382124060650053,2,0.3187368594913457,0.397980974569239,0.8333333333333413,1e-06,0.3618876690498508,Utsuroi,1e-06,0.9803921568627451,2.3999999999999773,0
2012-03-23,0.09735987501781977,2.0,0.48780487804878053,0.6909473479495971,0.5331528207616072,2,0.3225668203925177,0.397980974569239,0.8333333333333413,1e-06,0.3573754428187471,Utsuroi,1e-06,0.9803921568627451,2.3999999999999773,0
2012-03-26,0.11580694378885449,2.0,0.48780487804878053,0.8705950680093448,0.6163667692625322,3,0.33398919860453047,0.397980974569239,1.2500000000000118,1e-06,0.32044513094035376,Utsuroi,1e-06,0.9803921568627451,2.3999999999999773,0
2012-03-27,0.11319682565829248,2.0,0.48780487804878053,0.5539562694413864,0.7588440763039546,3,0.13358983584435297,0.397980974569239,1.2500000000000118,1e-06,0.7264334532526713,Utsuroi,1e-06,0.9803921568627451,2.3999999999999773,0
2012-03-28,0.1359664437214273,3.0,0.3278688524590164,0.6770509640040548,0.7323723757460019,3,0.1811975409952844,0.5921180353341292,1.2500000000000118,1e-06,0.6845537501419562,Utsuroi,1e-06,0.9803921568627451,2.3999999999999773,0
2012-03-29,0.14597192322552957,4.0,0.2469135802469136,0.641183442164682,0.6597767577106819,2,0.2181455095954936,0.7862550960986313,0.8333333333333413,1e-06,0.9165189891571104,Utsuroi,1e-06,0.9803921568627451,2.3999999999999773,0
2012-03-30,0.1353891838586582,4.0,0.2469135802469136,0.6039339170486322,0.7079986827545797,2,0.17634949930738703,0.7862550960986313,0.8333333333333413,1e-06,0.6361592489845431,Utsuroi,1e-06,0.9803921568627451,2.3999999999999773,0
2012-04-02,0.1777154537836127,3.0,0.3278688524590164,0.6411847140867324,0.7203244369091809,3,0.17932369595743272,0.5921180353341292,1.2500000000000118,1e-06,0.6732443535294614,Utsuroi,1e-06,0.9803921568627451,2.3999999999999773,0
2012-04-03,0.23396844631931832,2.0,0.48780487804878053,0.796296139206457,0.5250942875930825,3,0.3781655852767204,0.397980974569239,1.2500000000000118,1e-06,0.4470124887645256,Utsuroi,1e-06,0.9803921568627451,2.3999999999999773,0
2012-04-04,0.2176911926411119,4.0,0.2469135802469136,0.6661789167335803,0.6155961693419998,2,0.25608172749598523,0.7862550960986313,0.8333333333333413,1e-06,0.9329458488216328,Utsuroi,1e-06,0.9803921568627451,2.3999999999999773,0
2012-04-05,0.20614028483593705,4.0,0.2469135802469136,0.5532506581194954,0.7581083015609057,2,0.13382674135507144,0.7862550960986313,0.8333333333333413,1e-06,0.7157979766573962,Utsuroi,1e-06,0.9803921568627451,2.3999999999999773,0
2012-04-09,0.183753685927599,4.0,0.2469135802469136,9.935940958823542e-12,0.9999999999890641,1,1.0865864389653495e-22,0.7862550960986313,0.4166666666666706,1e-06,0.7983131484802909,Utsuroi,1e-06,0.9803921568627451,2.3999999999999773,0
2012-04-10,0.18716293368467285,4.0,0.2469135802469136,0.0,0.0,0,0.0,0.7862550960986313,0.0,1e-06,1.0,Utsuroi,1e-06,0.9803921568627451,2.3999999999999773,0
2012-04-11,0.18406361754187842,4.5,0.21978021978021978,0.0,0.0,0,0.0,0.8833236264807367,0.0,1e-06,0.1437489972699032,Utsuroi,1e-06,0.9803921568627451,2.3999999999999773,0
2012-04-12,0.19684233640755378,4.5,0.21978021978021978,0.0,0.0,0,0.0,0.8833236264807367,0.0,1e-06,1.0,Utsuroi,1e-06,0.9803921568627451,2.3999999999999773,0
2012-04-13,0.1961747913921827,3.0,0.3278688524590164,1.723768905242538e-10,0.9999999998266231,1,2.98861654666522e-20,0.5921180353341292,0.4166666666666706,1e-06,0.7840643138334198,Utsuroi,1e-06,0.9803921568627451,2.3999999999999773,0
2012-04-16,0.14026789635485287,3.5,0.28169014084507044,3.233024958804192e-11,0.9999999999666698,1,1.0775745728303353e-21,0.6891865657164289,0.4166666666666706,1e-06,0.39209031182003395,Utsuroi,1e-06,0.9803921568627451,2.3999999999999773,0
2012-04-17,0.15680810788503316,4.5,0.21978021978021978,0.0,0.0,0,0.0,0.8833236264807367,0.0,1e-06,0.48465517159379345,Utsuroi,1e-06,0.9803921568627451,2.3999999999999773,0
2012-04-18,0.16676222968390658,4.5,0.21978021978021978,0.0,0.0,0,0.0,0.8833236264807367,0.0,1e-06,1.0,Utsuroi,1e-06,0.9803921568627451,2.3999999999999773,0
2012-04-19,0.15511470414167164,2.0,0.48780487804878053,0.0,0.0,0,0.0,0.397980974569239,0.0,1e-06,0.8684996405041561,Utsuroi,1e-06,0.9803921568627451,2.3999999999999773,0
2012-04-20,0.13982712300877428,2.0,0.48780487804878053,1.076169153731846e-10,0.9999999998913831,1,1.1689015009775837e-20,0.397980974569239,0.4166666666666706,1e-06,0.626569176061171,Utsuroi,1e-06,0.9803921568627451,2.3999999999999773,0
2012-04-23,0.15091154725125755,2.0,0.48780487804878053,3.2044589203815344e-11,0.9999999999669554,1,1.05889957758114e-21,0.397980974569239,0.4166666666666706,1e-06,1.0,Utsuroi,1e-06,0.9803921568627451,2.3999999999999773,0
2012-04-24,0.14363869932579595,2.0,0.48780487804878053,0.0,0.0,0,0.0,0.397980974569239,0.0,1e-06,1.0,Utsuroi,1e-06,0.9803921568627451,2.3999999999999773,0
2012-04-25,0.14986659334314698,2.0,0.48780487804878053,0.0,0.0,0,0.0,0.397980974569239,0.0,1e-06,1.0,Utsuroi,1e-06,0.9803921568627451,2.3999999999999773,0
2012-04-26,0.1538188417182404,4.5,0.21978021978021978,0.0,0.0,0,0.0,0.8833236264807367,0.0,1e-06,0.2914714289942837,Utsuroi,1e-06,0.9803921568627451,2.3999999999999773,0
2012-04-27,0.1511482840859253,3.5,0.28169014084507044,0.0,0.0,0,0.0,0.6891865657164289,0.0,1e-06,0.25537528127567666,Utsuroi,1e-06,0.9803921568627451,2.3999999999999773,0
2012-04-30,0.1169705375429041,4.5,0.21978021978021978,0.0,0.0,0,0.0,0.8833236264807367,0.0,1e-06,0.16384340091593608,Utsuroi,1e-06,0.9803921568627451,2.3999999999999773,0
2012-05-01,0.12078808210136877,4.5,0.21978021978021978,0.0,0.0,0,0.0,0.8833236264807367,0.0,1e-06,1.0,Utsuroi,1e-06,0.9803921568627451,2.3999999999999773,0
2012-05-02,0.11006757025901079,4.5,0.21978021978021978,0.0,0.0,0,0.0,0.8833236264807367,0.0,1e-06,1.0,Utsuroi,1e-06,0.9803921568627451,2.3999999999999773,0
2012-05-03,0.07802729648461586,4.5,0.21978021978021978,0.0,0.0,0,0.0,0.8833236264807367,0.0,1e-06,1.0,Utsuroi,1e-06,0.9803921568627451,2.3999999999999773,0
2012-05-04,0.017647785414539784,4.5,0.21978021978021978,0.0,0.0,0,0.0,0.8833236264807367,0.0,1e-06,1.0,Utsuroi,1e-06,0.9803921568627451,2.3999999999999773,0
2012-05-07,0.023033668827685063,4.5,0.21978021978021978,0.0,0.0,0,0.0,0.8833236264807367,0.0,1e-06,1.0,Utsuroi,1e-06,0.9803921568627451,2.3999999999999773,0
2012-05-08,0.02716727433075846,4.5,0.21978021978021978,0.0,0.0,0,0.0,0.8833236264807367,0.0,1e-06,1.0,Utsuroi,1e-06,0.9803921568627451,2.3999999999999773,0
2012-05-09,0.06694671630336464,2.0,0.48780487804878053,0.0,0.0,0,0.0,0.397980974569239,0.0,1e-06,0.8684996405041561,Utsuroi,1e-06,0.9803921568627451,2.3999999999999773,0
2012-05-10,0.06931431052840568,2.0,0.48780487804878053,0.0,0.0,0,0.0,0.397980974569239,0.0,1e-06,1.0,Utsuroi,1e-06,0.9803921568627451,2.3999999999999773,0
2012-05-11,0.07425984536867249,4.5,0.21978021978021978,0.0,0.0,0,0.0,0.8833236264807367,0.0,1e-06,0.2914714289942837,Utsuroi,1e-06,0.9803921568627451,2.3999999999999773,0
2012-05-14,0.07992441674775373,4.5,0.21978021978021978,0.0,0.0,0,0.0,0.8833236264807367,0.0,1e-06,1.0,Utsuroi,1e-06,0.9803921568627451,2.3999999999999773,0
2012-05-15,0.1222420568040928,4.5,0.21978021978021978,0.0,0.0,0,0.0,0.8833236264807367,0.0,1e-06,1.0,Utsuroi,1e-06,0.9803921568627451,2.3999999999999773,0
2012-05-16,0.14603736897765798,4.5,0.21978021978021978,0.0,0.0,0,0.0,0.8833236264807367,0.0,1e-06,1.0,Utsuroi,1e-06,0.9803921568627451,2.3999999999999773,0
2012-05-17,0.15429967802639868,3.0,0.3278688524590164,2.3339552512584187e-11,0.9999999999756605,1,5.6807374769611215e-22,0.5921180353341292,0.4166666666666706,1e-06,0.7840643138334198,Utsuroi,1e-06,0.9803921568627451,2.3999999999999773,0
2012-05-18,0.16183910435539747,2.5,0.3921568627450981,2.1439405805982673e-11,0.9999999999775606,1,4.810870528484384e-22,0.49504950495173267,0.4166666666666706,1e-06,0.7564299560576777,Utsuroi,1e-06,0.9803921568627451,2.3999999999999773,0
2012-05-21,0.16054415818333592,2.5,0.3921568627450981,2.739930504662394e-11,0.9999999999716007,1,7.781206159758536e-22,0.49504950495173267,0.4166666666666706,1e-06,1.0,Utsuroi,1e-06,0.9803921568627451,2.3999999999999773,0
2012-05-22,0.1527383280427701,2.5,0.3921568627450981,5.804678959545646e-11,0.9999999999409532,1,3.4274752879409775e-21,0.49504950495173267,0.4166666666666706,1e-06,1.0,Utsuroi,1e-06,0.9803921568627451,2.3999999999999773,0
2012-05-23,0.14896541670103688,3.0,0.3278688524590164,0.0,0.0,0,0.0,0.5921180353341292,0.0,1e-06,0.8269360525166104,Utsuroi,1e-06,0.9803921568627451,2.3999999999999773,0
2012-05-24,0.1606021978661269,2.5,0.3921568627450981,0.0,0.0,0,0.0,0.49504950495173267,0.0,1e-06,0.7371380855470016,Utsuroi,1e-06,0.9803921568627451,2.3999999999999773,0
2012-05-25,0.15112229673603667,3.0,0.3278688524590164,0.0,0.0,0,0.0,0.5921180353341292,0.0,1e-06,0.5800764981404318,Utsuroi,1e-06,0.9803921568627451,2.3999999999999773,0
2012-05-29,0.11373403627570612,3.0,0.3278688524590164,0.0,0.0,0,0.0,0.5921180353341292,0.0,1e-06,1.0,Utsuroi,1e-06,0.9803921568627451,2.3999999999999773,0
2012-05-30,0.10331636077829995,2.0,0.48780487804878053,1.734723475960026e-11,0.9999999999816528,1,3.182734048165226e-22,0.397980974569239,0.4166666666666706,1e-06,0.6972185946430931,Utsuroi,1e-06,0.9803921568627451,2.3999999999999773,0
2012-05-31,0.12096128960002073,2.5,0.3921568627450981,0.0,0.0,0,0.0,0.49504950495173267,0.0,1e-06,0.9665018362456594,Utsuroi,1e-06,0.9803921568627451,2.3999999999999773,0
2012-06-01,0.11390415610675948,2.5,0.3921568627450981,2.8265834117318893e-11,0.9999999999707342,1,8.272225871883267e-22,0.49504950495173267,0.4166666666666706,1e-06,0.6239721127866351,Utsuroi,1e-06,0.9803921568627451,2.3999999999999773,0
2012-06-04,0.09771451880245147,2.0,0.48780487804878053,0.5834847507658589,0.8237672254423205,3,0.10282913653956342,0.397980974569239,1.2500000000000118,1e-06,0.2249187990952608,Utsuroi,1e-06,0.9803921568627451,2.3999999999999773,0
2012-06-05,0.09690864768576606,2.5,0.3921568627450981,7.208456054253027e-12,0.9999999999917916,1,5.917013527714205e-23,0.49504950495173267,0.4166666666666706,1e-06,0.6798291981000936,Utsuroi,1e-06,0.9803921568627451,2.3999999999999773,0
2012-06-06,0.08766818372190341,2.5,0.3921568627450981,1.2037260077506387e-11,0.9999999999869628,1,1.5693262396715396e-22,0.49504950495173267,0.4166666666666706,1e-06,1.0,Utsuroi,1e-06,0.9803921568627451,2.3999999999999773,0
2012-06-07,0.09276929992398966,2.0,0.48780487804878053,1.3920753438756636e-11,0.9999999999850793,1,2.0770782179194251e-22,0.397980974569239,0.4166666666666706,1e-06,0.8656910562154441,Utsuroi,1e-06,0.9803921568627451,2.3999999999999773,0
2012-06-08,0.10005284436926203,2.0,0.48780487804878053,1.4834133921101708e-11,0.9999999999841659,1,2.3488533495557535e-22,0.397980974569239,0.4166666666666706,1e-06,1.0,Utsuroi,1e-06,0.9803921568627451,2.3999999999999773,0
2012-06-11,0.09215249024220266,2.5,0.3921568627450981,2.473965476890391e-11,0.9999999999742604,1,6.367896255779182e-22,0.49504950495173267,0.4166666666666706,1e-06,0.93417372673189,Utsuroi,1e-06,0.9803921568627451,2.3999999999999773,0
2012-06-12,0.08773689842224641,2.0,0.48780487804878053,3.5322522683907433e-11,0.9999999999636775,1,1.283002350067385e-21,0.397980974569239,0.4166666666666706,1e-06,0.8656910562154441,Utsuroi,1e-06,0.9803921568627451,2.3999999999999773,0
2012-06-13,0.08688973528768447,2.0,0.48780487804878053,2.6140090092129057e-11,0.9999999999728599,1,7.094438218626098e-22,0.397980974569239,0.4166666666666706,1e-06,1.0,Utsuroi,1e-06,0.9803921568627451,2.3999999999999773,0
2012-06-14,0.08758181477422468,2.5,0.3921568627450981,5.402933654564076e-10,0.9999999994587067,1,2.9245720224860125e-19,0.49504950495173267,0.4166666666666706,1e-06,0.93417372673189,Utsuroi,1e-06,0.9803921568627451,2.3999999999999773,0
2012-06-15,0.10233988669507643,2.5,0.3921568627450981,0.0,0.0,0,0.0,0.49504950495173267,0.0,1e-06,1.0,Utsuroi,1e-06,0.9803921568627451,2.3999999999999773,0
2012-06-18,0.08892751553443787,2.0,0.48780487804878053,0.0,0.0,0,0.0,0.397980974569239,0.0,1e-06,0.8552171818594425,Utsuroi,1e-06,0.9803921568627451,2.3999999999999773,0
2012-06-19,0.05608289712488265,3.5,0.28169014084507044,0.0,0.0,0,0.0,0.6891865657164289,0.0,1e-06,0.5002297994530941,Utsuroi,1e-06,0.9803921568627451,2.3999999999999773,0
2012-06-20,0.04441574602593695,4.5,0.21978021978021978,0.0,0.0,0,0.0,0.8833236264807367,0.0,1e-06,0.16384340091593608,Utsuroi,1e-06,0.9803921568627451,2.3999999999999773,0
2012-06-21,0.04459228008090024,4.5,0.21978021978021978,0.0,0.0,0,0.0,0.8833236264807367,0.0,1e-06,1.0,Utsuroi,1e-06,0.9803921568627451,2.3999999999999773,0
2012-06-22,0.04388806803406932,4.5,0.21978021978021978,0.0,0.0,0,0.0,0.8833236264807367,0.0,1e-06,1.0,Utsuroi,1e-06,0.9803921568627451,2.3999999999999773,0
2012-06-25,0.04446594964841826,4.5,0.21978021978021978,0.0,0.0,0,0.0,0.8833236264807367,0.0,1e-06,1.0,Utsuroi,1e-06,0.9803921568627451,2.3999999999999773,0
2012-06-26,0.04179318052980857,4.5,0.21978021978021978,0.0,0.0,0,0.0,0.8833236264807367,0.0,1e-06,1.0,Utsuroi,1e-06,0.9803921568627451,2.3999999999999773,0
2012-06-27,0.04675149847421425,4.5,0.21978021978021978,0.0,0.0,0,0.0,0.8833236264807367,0.0,1e-06,1.0,Utsuroi,1e-06,0.9803921568627451,2.3999999999999773,0
2012-06-28,0.0475255006114152,4.5,0.21978021978021978,6.459643930652193e-11,0.9999999999344036,1,4.237294981542285e-21,0.8833236264807367,0.4166666666666706,1e-06,0.7245251908070922,Utsuroi,1e-06,0.9803921568627451,2.3999999999999773,0
2012-06-29,0.0566186754316501,4.5,0.21978021978021978,4.3377945670427245e-10,0.9999999995652206,1,1.8859838696040942e-19,0.8833236264807367,0.4166666666666706,1e-06,1.0,Utsuroi,1e-06,0.9803921568627451,2.3999999999999773,0
2012-07-02,0.07783703522737494,4.0,0.2469135802469136,0.0,0.0,0,0.0,0.7862550960986313,0.0,1e-06,0.7035513731509567,Utsuroi,1e-06,0.9803921568627451,2.3999999999999773,0
2012-07-03,0.08718634997370842,4.5,0.21978021978021978,0.0,0.0,0,0.0,0.8833236264807367,0.0,1e-06,0.1437489972699032,Utsuroi,1e-06,0.9803921568627451,2.3999999999999773,0
2012-07-05,0.07935286909076456,4.5,0.21978021978021978,0.0,0.0,0,0.0,0.8833236264807367,0.0,1e-06,1.0,Utsuroi,1e-06,0.9803921568627451,2.3999999999999773,0
2012-07-06,0.08579094397758837,3.5,0.28169014084507044,1.2497791689642163e-10,0.9999999998740221,1,1.5744454864930457e-20,0.6891865657164289,0.4166666666666706,1e-06,0.8259697506364915,Utsuroi,1e-06,0.9803921568627451,2.3999999999999773,0
2012-07-09,0.10420445977983966,4.5,0.21978021978021978,0.0,0.0,0,0.0,0.8833236264807367,0.0,1e-06,0.48465517159379345,Utsuroi,1e-06,0.9803921568627451,2.3999999999999773,0
2012-07-10,0.12426745809419248,3.5,0.28169014084507044,5.947675685108821e-11,0.9999999999395233,1,3.596960046755124e-21,0.6891865657164289,0.4166666666666706,1e-06,0.8259697506364915,Utsuroi,1e-06,0.9803921568627451,2.3999999999999773,0
2012-07-11,0.12043695122850503,2.0,0.48780487804878053,8.603207035283629e-11,0.999999999912968,1,7.487547296696613e-21,0.397980974569239,0.4166666666666706,1e-06,0.9832376278863587,Utsuroi,1e-06,0.9803921568627451,2.3999999999999773,0
2012-07-12,0.10593116311803487,2.0,0.48780487804878053,2.3952839711372008e-11,0.9999999999750472,1,5.976908400794807e-22,0.397980974569239,0.4166666666666706,1e-06,1.0,Utsuroi,1e-06,0.9803921568627451,2.3999999999999773,0
2012-07-13,0.12468474795529515,2.0,0.48780487804878053,0.0,0.0,0,0.0,0.397980974569239,0.0,1e-06,1.0,Utsuroi,1e-06,0.9803921568627451,2.3999999999999773,0
2012-07-16,0.12811368888258326,3.0,0.3278688524590164,0.0,0.0,0,0.0,0.5921180353341292,0.0,1e-06,0.6780783736894441,Utsuroi,1e-06,0.9803921568627451,2.3999999999999773,0
2012-07-17,0.13311557007812577,2.0,0.48780487804878053,8.002232209874283e-11,0.9999999999189777,1,6.4835925862048935e-21,0.397980974569239,0.4166666666666706,1e-06,0.6972185946430931,Utsuroi,1e-06,0.9803921568627451,2.3999999999999773,0
2012-07-18,0.08667234002500544,3.5,0.28169014084507044,0.0,0.0,0,0.0,0.6891865657164289,0.0,1e-06,0.5944856153193392,Utsuroi,1e-06,0.9803921568627451,2.3999999999999773,0
2012-07-19,0.08522583266165129,2.0,0.48780487804878053,0.0,0.0,0,0.0,0.397980974569239,0.0,1e-06,0.9819304403344378,Utsuroi,1e-06,0.9803921568627451,2.3999999999999773,0
2012-07-20,0.09018201119269488,2.0,0.48780487804878053,0.0,0.0,0,0.0,0.397980974569239,0.0,1e-06,1.0,Utsuroi,1e-06,0.9803921568627451,2.3999999999999773,0
2012-07-23,0.11700913686952037,3.5,0.28169014084507044,0.0,0.0,0,0.0,0.6891865657164289,0.0,1e-06,0.5002297994530941,Utsuroi,1e-06,0.9803921568627451,2.3999999999999773,0
2012-07-24,0.11199492307130253,3.0,0.3278688524590164,8.637013326380518e-11,0.9999999999126299,1,7.546168142944968e-21,0.5921180353341292,0.4166666666666706,1e-06,0.8662231907172312,Utsuroi,1e-06,0.9803921568627451,2.3999999999999773,0
2012-07-25,0.11344595715409628,3.5,0.28169014084507044,3.309608143040253e-11,0.9999999999659039,1,1.1284459553552085e-21,0.6891865657164289,0.4166666666666706,1e-06,0.39209031182003395,Utsuroi,1e-06,0.9803921568627451,2.3999999999999773,0
2012-07-26,0.11251436182615383,4.5,0.21978021978021978,0.0,0.0,0,0.0,0.8833236264807367,0.0,1e-06,0.48465517159379345,Utsuroi,1e-06,0.9803921568627451,2.3999999999999773,0
2012-07-27,0.09611751101434625,3.5,0.28169014084507044,0.0,0.0,0,0.0,0.6891865657164289,0.0,1e-06,0.25537528127567666,Utsuroi,1e-06,0.9803921568627451,2.3999999999999773,0
2012-07-30,0.11468960091937033,3.5,0.28169014084507044,0.0,0.0,0,0.0,0.6891865657164289,0.0,1e-06,1.0,Utsuroi,1e-06,0.9803921568627451,2.3999999999999773,0
2012-07-31,0.11672677559963703,4.5,0.21978021978021978,1.4589107699570787e-11,0.9999999999844109,1,2.2743084843485446e-22,0.8833236264807367,0.4166666666666706,1e-06,0.28766072066938286,Utsuroi,1e-06,0.9803921568627451,2.3999999999999773,0
2012-08-01,0.12941495612645015,2.0,0.48780487804878053,2.927732500447679e-10,0.9999999997062268,1,8.600894272780648e-20,0.397980974569239,0.4166666666666706,1e-06,0.8780126356289737,Utsuroi,1e-06,0.9803921568627451,2.3999999999999773,0
2012-08-02,0.08262567177563698,2.0,0.48780487804878053,3.2392433174927385e-10,0.9999999996750757,1,1.0525088988229862e-19,0.397980974569239,0.4166666666666706,1e-06,1.0,Utsuroi,1e-06,0.9803921568627451,2.3999999999999773,0
2012-08-03,0.07633837550593207,2.0,0.48780487804878053,0.0,0.0,0,0.0,0.397980974569239,0.0,1e-06,1.0,Utsuroi,1e-06,0.9803921568627451,2.3999999999999773,0
2012-08-06,0.07735529010926344,2.0,0.48780487804878053,0.0,0.0,0,0.0,0.397980974569239,0.0,1e-06,1.0,Utsuroi,1e-06,0.9803921568627451,2.3999999999999773,0
2012-08-07,0.1166029061121864,2.0,0.48780487804878053,0.0,0.0,0,0.0,0.397980974569239,0.0,1e-06,1.0,Utsuroi,1e-06,0.9803921568627451,2.3999999999999773,0
2012-08-08,0.12730684753869892,2.0,0.48780487804878053,0.0,0.0,0,0.0,0.397980974569239,0.0,1e-06,1.0,Utsuroi,1e-06,0.9803921568627451,2.3999999999999773,0
2012-08-09,0.11418098734550934,2.0,0.48780487804878053,0.0,0.0,0,0.0,0.397980974569239,0.0,1e-06,1.0,Utsuroi,1e-06,0.9803921568627451,2.3999999999999773,0
2012-08-10,0.11934423165934872,2.0,0.48780487804878053,0.0,0.0,0,0.0,0.397980974569239,0.0,1e-06,1.0,Utsuroi,1e-06,0.9803921568627451,2.3999999999999773,0
2012-08-13,0.12513686814863803,2.0,0.48780487804878053,0.0,0.0,0,0.0,0.397980974569239,0.0,1e-06,1.0,Utsuroi,1e-06,0.9803921568627451,2.3999999999999773,0
2012-08-14,0.11955484119826593,2.0,0.48780487804878053,0.0,0.0,0,0.0,0.397980974569239,0.0,1e-06,1.0,Utsuroi,1e-06,0.9803921568627451,2.3999999999999773,0
2012-08-15,0.1414915881534573,2.0,0.48780487804878053,9.67526059264437e-12,0.9999999999893248,1,1.0328571409536101e-22,0.397980974569239,0.4166666666666706,1e-06,0.626569176061171,Utsuroi,1e-06,0.9803921568627451,2.3999999999999773,0
2012-08-16,0.13301636669122086,2.0,0.48780487804878053,2.9637292619597274e-11,0.9999999999693627,1,9.080057508252344e-22,0.397980974569239,0.4166666666666706,1e-06,1.0,Utsuroi,1e-06,0.9803921568627451,2.3999999999999773,0
2012-08-17,0.12475831117474298,2.0,0.48780487804878053,2.8798963213728147e-11,0.9999999999702011,1,8.581786083295631e-22,0.397980974569239,0.4166666666666706,1e-06,1.0,Utsuroi,1e-06,0.9803921568627451,2.3999999999999773,0
2012-08-20,0.12339704809965472,2.0,0.48780487804878053,0.6653848579548738,0.6172698597646463,2,0.25466283999554973,0.397980974569239,0.8333333333333413,1e-06,0.27723752755687425,Utsuroi,1e-06,0.9803921568627451,2.3999999999999773,0
2012-08-21,0.12325651379920446,2.0,0.48780487804878053,0.47409572796906785,0.8182107942562599,2,0.08618548583399713,0.397980974569239,0.8333333333333413,1e-06,0.7813245561642035,Utsuroi,1e-06,0.9803921568627451,2.3999999999999773,0
2012-08-22,0.12570790818297436,4.0,0.2469135802469136,0.6551983503136118,0.6368691106733443,2,0.23792275963473958,0.7862550960986313,0.8333333333333413,1e-06,0.35036015594584025,Utsuroi,1e-06,0.9803921568627451,2.3999999999999773,0
2012-08-23,0.11969212382525159,3.0,0.3278688524590164,2.4442448065219362e-11,0.9999999999745576,1,6.218751747850687e-22,0.5921180353341292,0.4166666666666706,1e-06,0.6596290345921803,Utsuroi,1e-06,0.9803921568627451,2.3999999999999773,0
2012-08-24,0.1264493867199707,4.0,0.2469135802469136,1.2588352581749386e-10,0.9999999998731165,1,1.5972542814314275e-20,0.7862550960986313,0.4166666666666706,1e-06,0.2917098654484427,Utsuroi,1e-06,0.9803921568627451,2.3999999999999773,0
2012-08-27,0.10267765263221956,4.0,0.2469135802469136,1.0316303367055887e-11,0.9999999999886837,1,1.1674219031446415e-22,0.7862550960986313,0.4166666666666706,1e-06,1.0,Utsuroi,1e-06,0.9803921568627451,2.3999999999999773,0
2012-08-28,0.11582883666531897,3.5,0.28169014084507044,0.990526481008716,0.4464336021017406,3,0.5483221761148336,0.6891865657164289,1.2500000000000118,1e-06,0.15712762165365124,Utsuroi,1e-06,0.9803921568627451,2.3999999999999773,0
2012-08-29,0.09784383641299867,3.5,0.28169014084507044,0.8699290228504786,0.606790256884668,3,0.3420645676036084,0.6891865657164289,1.2500000000000118,1e-06,0.4357106529742999,Utsuroi,1e-06,0.9803921568627451,2.3999999999999773,0
2012-08-30,0.1033650594302524,3.5,0.28169014084507044,6.98485713709533e-12,0.9999999999920152,1,5.577293184589141e-23,0.6891865657164289,0.4166666666666706,1e-06,0.8102537009829787,Utsuroi,1e-06,0.9803921568627451,2.3999999999999773,0
2012-08-31,0.15890158910221233,5.0,0.19801980198019803,0.2823886939171886,0.9185119722550008,2,0.02301129772479795,0.9803921568627451,0.8333333333333413,1e-06,0.1118155902945176,Katashi,1e-06,0.9803921568627451,2.3999999999999773,0
2012-09-04,0.15382817344788022,5.0,0.19801980198019803,0.5965223560761543,0.7161829310415495,2,0.16930322666972325,0.9803921568627451,0.8333333333333413,1e-06,0.690995274729574,Katashi,1e-06,0.9803921568627451,2.3999999999999773,0
2012-09-05,0.17247087572202294,3.0,0.3278688524590164,2.5847213258240847e-11,0.9999999999731528,1,6.939250746997067e-22,0.5921180353341292,0.4166666666666706,1e-06,0.4396034289179459,Utsuroi,1e-06,0.9803921568627451,2.3999999999999773,0
2012-09-06,0.14570598308073118,5.0,0.19801980198019803,0.6871800251133984,0.5545677422524189,2,0.3060921500653005,0.9803921568627451,0.8333333333333413,1e-06,0.13923704301816975,Katashi,1e-06,0.9803921568627451,2.3999999999999773,0
2012-09-07,0.13769933806953355,5.0,0.19801980198019803,8.293254971604775e-12,0.9999999999907068,1,7.707114953494068e-23,0.9803921568627451,0.4166666666666706,1e-06,0.907409531161722,Katashi,1e-06,0.9803921568627451,2.3999999999999773,0
2012-09-10,0.1393974690451136,5.0,0.19801980198019803,1.2562395568147102e-11,0.9999999999864376,1,1.703759000780993e-22,0.9803921568627451,0.4166666666666706,1e-06,1.0,Katashi,1e-06,0.9803921568627451,2.3999999999999773,0
2012-09-11,0.14077270570994,4.0,0.2469135802469136,4.866784752853787e-11,0.9999999999503322,1,2.417226154033051e-21,0.7862550960986313,0.4166666666666706,1e-06,0.20185477956415077,Utsuroi,1e-06,0.9803921568627451,2.3999999999999773,0
2012-09-12,0.13017423256416627,5.0,0.19801980198019803,7.781908450655031e-11,0.9999999999211809,1,6.133627276693845e-21,0.9803921568627451,0.4166666666666706,1e-06,0.13694452215812025,Katashi,1e-06,0.9803921568627451,2.3999999999999773,0
2012-09-13,0.16499247556534619,5.0,0.19801980198019803,0.0,0.0,0,0.0,0.9803921568627451,0.0,1e-06,1.0,Katashi,1e-06,0.9803921568627451,2.3999999999999773,0
2012-09-14,0.14387881805822583,3.0,0.3278688524590164,3.4880098808610283e-11,0.9999999999641199,1,1.2515006201216775e-21,0.5921180353341292,0.4166666666666706,1e-06,0.6810630754262063,Utsuroi,1e-06,0.9803921568627451,2.3999999999999773,0
2012-09-17,0.11886398678360324,2.5,0.3921568627450981,0.0,0.0,0,0.0,0.49504950495173267,0.0,1e-06,0.8916661716793111,Utsuroi,1e-06,0.9803921568627451,2.3999999999999773,0
2012-09-18,0.13230078384707247,2.0,0.48780487804878053,0.0,0.0,0,0.0,0.397980974569239,0.0,1e-06,0.8552171818594425,Utsuroi,1e-06,0.9803921568627451,2.3999999999999773,0
2012-09-19,0.12911690828899355,1.5,0.6451612903225806,1.2652611172979505e-09,0.9999999987337389,1,1.6021509290879738e-18,0.3009124441866482,0.4166666666666706,1e-06,0.4059958295501467,Utsuroi,1e-06,0.9803921568627451,2.3999999999999773,0
2012-09-20,0.14055127671449277,1.0,0.9523809523809523,1.5809797915126372e-11,0.9999999999831902,1,2.6575915829456164e-22,0.2038439138039604,0.4166666666666706,1e-06,0.14593231920543848,Utsuroi,1e-06,0.9803921568627451,2.3999999999999773,0
2012-09-21,0.13919994508151332,1.0,0.9523809523809523,1.510191971463702e-11,0.9999999999838981,1,2.4316956470348826e-22,0.2038439138039604,0.4166666666666706,1e-06,1.0,Utsuroi,1e-06,0.9803921568627451,2.3999999999999773,0
2012-09-24,0.12222996567580881,2.0,0.48780487804878053,1.1430412172254005e-11,0.9999999999875696,1,1.4208448174036493e-22,0.397980974569239,0.4166666666666706,1e-06,0.5275534116505773,Utsuroi,1e-06,0.9803921568627451,2.3999999999999773,0
2012-09-25,0.12265272353600687,2.0,0.48780487804878053,7.440048577187906e-12,0.99999999999156,1,6.279420682169265e-23,0.397980974569239,0.4166666666666706,1e-06,1.0,Utsuroi,1e-06,0.9803921568627451,2.3999999999999773,0
2012-09-26,0.12008030070535683,2.0,0.48780487804878053,1.612454614260226e-11,0.9999999999828755,1,2.7612517774717104e-22,0.397980974569239,0.4166666666666706,1e-06,1.0,Utsuroi,1e-06,0.9803921568627451,2.3999999999999773,0
2012-09-27,0.1155494645594567,4.0,0.2469135802469136,7.380483998997902e-10,0.9999999992609516,1,5.454534728691982e-19,0.7862550960986313,0.4166666666666706,1e-06,0.4061828898836165,Utsuroi,1e-06,0.9803921568627451,2.3999999999999773,0
2012-09-28,0.1102725695265146,5.0,0.19801980198019803,0.0,0.0,0,0.0,0.9803921568627451,0.0,1e-06,0.45689163407771816,Katashi,1e-06,0.9803921568627451,2.3999999999999773,0
2012-10-01,0.10596508551543163,4.0,0.2469135802469136,0.0,0.0,0,0.0,0.7862550960986313,0.0,1e-06,0.16295987926782451,Utsuroi,1e-06,0.9803921568627451,2.3999999999999773,0
2012-10-02,0.09459390461641545,4.0,0.2469135802469136,1.1328382676292215e-11,0.9999999999876716,1,1.3966038613435402e-22,0.7862550960986313,0.4166666666666706,1e-06,0.6987108106400262,Utsuroi,1e-06,0.9803921568627451,2.3999999999999773,0
2012-10-03,0.05769145518543455,4.0,0.2469135802469136,7.230549492442886e-12,0.9999999999917695,1,5.951123550315806e-23,0.7862550960986313,0.4166666666666706,1e-06,1.0,Utsuroi,1e-06,0.9803921568627451,2.3999999999999773,0
2012-10-04,0.059214029638137114,4.0,0.2469135802469136,1.3699041900742276e-11,0.999999999985301,1,2.0136248785413703e-22,0.7862550960986313,0.4166666666666706,1e-06,1.0,Utsuroi,1e-06,0.9803921568627451,2.3999999999999773,0
2012-10-05,0.06639645440027123,4.0,0.2469135802469136,1.0945244710498725e-11,0.9999999999880548,1,1.307433843563343e-22,0.7862550960986313,0.4166666666666706,1e-06,1.0,Utsuroi,1e-06,0.9803921568627451,2.3999999999999773,0
2012-10-08,0.0653904017877156,5.0,0.19801980198019803,0.0,0.0,0,0.0,0.9803921568627451,0.0,1e-06,0.45689163407771816,Katashi,1e-06,0.9803921568627451,2.3999999999999773,0
2012-10-09,0.07553225239637766,5.0,0.19801980198019803,0.0,0.0,0,0.0,0.9803921568627451,0.0,1e-06,1.0,Katashi,1e-06,0.9803921568627451,2.3999999999999773,0
2012-10-10,0.0632890568792763,5.0,0.19801980198019803,2.610989202586007e-11,0.9999999999728901,1,7.078357760417892e-22,0.9803921568627451,0.4166666666666706,1e-06,0.7473979475128744,Katashi,1e-06,0.9803921568627451,2.3999999999999773,0
2012-10-11,0.07490598741224581,4.0,0.2469135802469136,1.865974041928718e-11,0.9999999999803403,1,3.6684524015250844e-22,0.7862550960986313,0.4166666666666706,1e-06,0.20185477956415077,Utsuroi,1e-06,0.9803921568627451,2.3999999999999773,0
2012-10-12,0.0721058641764652,4.0,0.2469135802469136,1.2074352628102574e-10,0.9999999998782565,1,1.4699739994898023e-20,0.7862550960986313,0.4166666666666706,1e-06,1.0,Utsuroi,1e-06,0.9803921568627451,2.3999999999999773,0
2012-10-15,0.048845388739027426,3.0,0.3278688524590164,1.3651524355289018e-11,0.9999999999853485,1,2.0001533958459564e-22,0.5921180353341292,0.4166666666666706,1e-06,0.45061304470716634,Utsuroi,1e-06,0.9803921568627451,2.3999999999999773,0
2012-10-16,0.046537160590599695,2.0,0.48780487804878053,0.0,0.0,0,0.0,0.397980974569239,0.0,1e-06,0.9607694763874296,Utsuroi,1e-06,0.9803921568627451,2.3999999999999773,0
2012-10-17,0.053359593834102687,3.0,0.3278688524590164,0.0,0.0,0,0.0,0.5921180353341292,0.0,1e-06,0.6780783736894441,Utsuroi,1e-06,0.9803921568627451,2.3999999999999773,0
2012-10-18,0.04961129729036117,4.5,0.21978021978021978,0.0,0.0,0,0.0,0.8833236264807367,0.0,1e-06,0.1915050606168205,Utsuroi,1e-06,0.9803921568627451,2.3999999999999773,0
2012-10-19,0.052747572999785046,4.5,0.21978021978021978,0.0,0.0,0,0.0,0.8833236264807367,0.0,1e-06,1.0,Utsuroi,1e-06,0.9803921568627451,2.3999999999999773,0
2012-10-22,0.05928422411050493,4.5,0.21978021978021978,0.0,0.0,0,0.0,0.8833236264807367,0.0,1e-06,1.0,Utsuroi,1e-06,0.9803921568627451,2.3999999999999773,0
2012-10-23,0.04697271026219993,4.5,0.21978021978021978,0.0,0.0,0,0.0,0.8833236264807367,0.0,1e-06,1.0,Utsuroi,1e-06,0.9803921568627451,2.3999999999999773,0
2012-10-24,0.07891481000193144,4.5,0.21978021978021978,0.0,0.0,0,0.0,0.8833236264807367,0.0,1e-06,1.0,Utsuroi,1e-06,0.9803921568627451,2.3999999999999773,0
2012-10-25,0.07128627972576286,4.0,0.2469135802469136,3.11977110806589e-11,0.9999999999678023,1,1.0044941976220489e-21,0.7862550960986313,0.4166666666666706,1e-06,0.9983370754654075,Utsuroi,1e-06,0.9803921568627451,2.3999999999999773,0
2012-10-26,0.06418214490422441,4.5,0.21978021978021978,1.0585321507645509e-10,0.9999999998931468,1,1.1310754016047758e-20,0.8833236264807367,0.4166666666666706,1e-06,0.17687881227498004,Utsuroi,1e-06,0.9803921568627451,2.3999999999999773,0
2012-10-31,0.07388393877556877,2.0,0.48780487804878053,0.0,0.0,0,0.0,0.397980974569239,0.0,1e-06,0.8808069381245709,Utsuroi,1e-06,0.9803921568627451,2.3999999999999773,0
2012-11-01,0.06992120441550234,3.0,0.3278688524590164,0.0,0.0,0,0.0,0.5921180353341292,0.0,1e-06,0.6780783736894441,Utsuroi,1e-06,0.9803921568627451,2.3999999999999773,0
2012-11-02,0.07980545354485434,2.0,0.48780487804878053,0.0,0.0,0,0.0,0.397980974569239,0.0,1e-06,0.94402056715107,Utsuroi,1e-06,0.9803921568627451,2.3999999999999773,0
2012-11-05,0.06240028646709143,3.0,0.3278688524590164,1.7840839916339428e-11,0.9999999999811592,1,3.361360141698799e-22,0.5921180353341292,0.4166666666666706,1e-06,0.5348315650596168,Utsuroi,1e-06,0.9803921568627451,2.3999999999999773,0
2012-11-06,0.049640864237572045,2.0,0.48780487804878053,1.3592460490379822e-11,0.9999999999854076,1,1.9834714198574994e-22,0.397980974569239,0.4166666666666706,1e-06,0.94807022962974,Utsuroi,1e-06,0.9803921568627451,2.3999999999999773,0
2012-11-07,0.03968080526639367,4.0,0.2469135802469136,1.4309442519672029e-11,0.9999999999846906,1,2.1906927119565706e-22,0.7862550960986313,0.4166666666666706,1e-06,0.4061828898836165,Utsuroi,1e-06,0.9803921568627451,2.3999999999999773,0
2012-11-08,0.034712233516231074,4.0,0.2469135802469136,1.2953749184322085e-11,0.9999999999860463,1,1.807530805566878e-22,0.7862550960986313,0.4166666666666706,1e-06,1.0,Utsuroi,1e-06,0.9803921568627451,2.3999999999999773,0
2012-11-09,0.037686216786741104,4.0,0.2469135802469136,1.2566248041331904e-10,0.9999999998733375,1,1.5916718685178847e-20,0.7862550960986313,0.4166666666666706,1e-06,1.0,Utsuroi,1e-06,0.9803921568627451,2.3999999999999773,0
2012-11-12,0.02900691521942707,4.0,0.2469135802469136,0.0,0.0,0,0.0,0.7862550960986313,0.0,1e-06,1.0,Utsuroi,1e-06,0.9803921568627451,2.3999999999999773,0
2012-11-13,0.028617108504630707,4.0,0.2469135802469136,0.0,0.0,0,0.0,0.7862550960986313,0.0,1e-06,1.0,Utsuroi,1e-06,0.9803921568627451,2.3999999999999773,0
2012-11-14,0.009858002469376327,4.0,0.2469135802469136,0.0,0.0,0,0.0,0.7862550960986313,0.0,1e-06,1.0,Utsuroi,1e-06,0.9803921568627451,2.3999999999999773,0
2012-11-15,0.010031296878724545,4.0,0.2469135802469136,0.0,0.0,0,0.0,0.7862550960986313,0.0,1e-06,1.0,Utsuroi,1e-06,0.9803921568627451,2.3999999999999773,0
2012-11-16,-0.0037972314548231404,4.0,0.2469135802469136,1.9103318924894878e-10,0.9999999998079668,1,3.668470836141313e-20,0.7862550960986313,0.4166666666666706,1e-06,0.6987108106400262,Utsuroi,1e-06,0.9803921568627451,2.3999999999999773,0
2012-11-19,0.01821133277504361,4.0,0.2469135802469136,2.1224244583815122e-11,0.9999999999777758,1,4.716923332258531e-22,0.7862550960986313,0.4166666666666706,1e-06,1.0,Utsuroi,1e-06,0.9803921568627451,2.3999999999999773,0
2012-11-20,0.025793952278450997,3.0,0.3278688524590164,9.171441384074725e-12,0.9999999999898286,1,9.328657555800369e-23,0.5921180353341292,0.4166666666666706,1e-06,0.45061304470716634,Utsuroi,1e-06,0.9803921568627451,2.3999999999999773,0
2012-11-21,0.025546178559974094,3.0,0.3278688524590164,1.8798851364269967e-11,0.9999999999802012,1,3.721952481209314e-22,0.5921180353341292,0.4166666666666706,1e-06,1.0,Utsuroi,1e-06,0.9803921568627451,2.3999999999999773,0
2012-11-23,0.05257485334189849,3.0,0.3278688524590164,1.975342112082332e-11,0.9999999999792466,1,4.0995063012200274e-22,0.5921180353341292,0.4166666666666706,1e-06,1.0,Utsuroi,1e-06,0.9803921568627451,2.3999999999999773,0
2012-11-26,0.05562336308685378,2.0,0.48780487804878053,9.09845532206409e-11,0.9999999999080155,1,8.369171465630328e-21,0.397980974569239,0.4166666666666706,1e-06,0.94807022962974,Utsuroi,1e-06,0.9803921568627451,2.3999999999999773,0
2012-11-27,0.0637907568043035,2.0,0.48780487804878053,2.7381097389020606e-11,0.9999999999716189,1,7.771049859100924e-22,0.397980974569239,0.4166666666666706,1e-06,1.0,Utsuroi,1e-06,0.9803921568627451,2.3999999999999773,0
2012-11-28,0.06345775652152998,2.0,0.48780487804878053,5.5798254903813375e-11,0.9999999999432018,1,3.169242270951344e-21,0.397980974569239,0.4166666666666706,1e-06,1.0,Utsuroi,1e-06,0.9803921568627451,2.3999999999999773,0
2012-11-29,0.09004990795404386,3.0,0.3278688524590164,0.0,0.0,0,0.0,0.5921180353341292,0.0,1e-06,0.7743965360196619,Utsuroi,1e-06,0.9803921568627451,2.3999999999999773,0
2012-11-30,0.09566995167502292,2.0,0.48780487804878053,0.0,0.0,0,0.0,0.397980974569239,0.0,1e-06,0.94402056715107,Utsuroi,1e-06,0.9803921568627451,2.3999999999999773,0
2012-12-03,0.07205850277336463,2.0,0.48780487804878053,0.0,0.0,0,0.0,0.397980974569239,0.0,1e-06,1.0,Utsuroi,1e-06,0.9803921568627451,2.3999999999999773,0
2012-12-04,0.06970356270617485,2.0,0.48780487804878053,0.0,0.0,0,0.0,0.397980974569239,0.0,1e-06,1.0,Utsuroi,1e-06,0.9803921568627451,2.3999999999999773,0
2012-12-05,0.06964987000729092,2.0,0.48780487804878053,0.5341911413364054,0.774167758724431,2,0.12063758271755469,0.397980974569239,0.8333333333333413,1e-06,0.3309511323252272,Utsuroi,1e-06,0.9803921568627451,2.3999999999999773,0
2012-12-06,0.08609783832575565,2.0,0.48780487804878053,0.5923821613009663,0.7206037848248324,2,0.1655093338047756,0.397980974569239,0.8333333333333413,1e-06,0.6046957199269941,Utsuroi,1e-06,0.9803921568627451,2.3999999999999773,0
2012-12-07,0.09949233365252018,2.0,0.48780487804878053,0.7895255849213874,0.6835988366913393,3,0.24980681353107778,0.397980974569239,1.2500000000000118,1e-06,0.17362105451944576,Utsuroi,1e-06,0.9803921568627451,2.3999999999999773,0
2012-12-10,0.12452173323670403,1.5,0.6451612903225806,0.6802631077076549,0.5800894623167752,2,0.28564964732358283,0.3009124441866482,0.8333333333333413,1e-06,0.9857349279434704,Utsuroi,1e-06,0.9803921568627451,2.3999999999999773,0
2012-12-11,0.1292865224435451,1.0,0.9523809523809523,0.49686153607896333,0.8025396249367516,2,0.09811046526865384,0.2038439138039604,0.8333333333333413,1e-06,0.6469597194458852,Utsuroi,1e-06,0.9803921568627451,2.3999999999999773,0
2012-12-12,0.13998981715430384,2.0,0.48780487804878053,1.8011925284430927e-11,0.9999999999809881,1,3.4244097928482927e-22,0.397980974569239,0.4166666666666706,1e-06,0.4459282496697917,Utsuroi,1e-06,0.9803921568627451,2.3999999999999773,0
2012-12-13,0.1663529596964064,2.0,0.48780487804878053,0.638998400953513,0.6630400601898083,2,0.21531686272410447,0.397980974569239,0.8333333333333413,1e-06,0.30639657360677197,Utsuroi,1e-06,0.9803921568627451,2.3999999999999773,0
2012-12-14,0.16674231440024215,2.0,0.48780487804878053,0.0,0.0,0,0.0,0.397980974569239,0.0,1e-06,1.0,Utsuroi,1e-06,0.9803921568627451,2.3999999999999773,0
2012-12-17,0.15869843227862648,2.0,0.48780487804878053,0.0,0.0,0,0.0,0.397980974569239,0.0,1e-06,1.0,Utsuroi,1e-06,0.9803921568627451,2.3999999999999773,0
2012-12-18,0.1277048341380056,4.0,0.2469135802469136,0.0,0.0,0,0.0,0.7862550960986313,0.0,1e-06,0.37724522703622543,Utsuroi,1e-06,0.9803921568627451,2.3999999999999773,0
2012-12-19,0.11869126074072008,4.0,0.2469135802469136,0.0,0.0,0,0.0,0.7862550960986313,0.0,1e-06,1.0,Utsuroi,1e-06,0.9803921568627451,2.3999999999999773,0
2012-12-20,0.12090601896746947,5.0,0.19801980198019803,0.0,0.0,0,0.0,0.9803921568627451,0.0,1e-06,0.10801776800488538,Katashi,1e-06,0.9803921568627451,2.3999999999999773,0
2012-12-21,0.10428127248802846,5.0,0.19801980198019803,0.0,0.0,0,0.0,0.9803921568627451,0.0,1e-06,1.0,Katashi,1e-06,0.9803921568627451,2.3999999999999773,0
2012-12-24,0.10742577205176282,5.0,0.19801980198019803,0.0,0.0,0,0.0,0.9803921568627451,0.0,1e-06,1.0,Katashi,1e-06,0.9803921568627451,2.3999999999999773,0
2012-12-26,0.09228918223320194,5.0,0.19801980198019803,0.0,0.0,0,0.0,0.9803921568627451,0.0,1e-06,1.0,Katashi,1e-06,0.9803921568627451,2.3999999999999773,0
2012-12-27,0.10938461673040817,5.0,0.19801980198019803,0.0,0.0,0,0.0,0.9803921568627451,0.0,1e-06,1.0,Katashi,1e-06,0.9803921568627451,2.3999999999999773,0
2012-12-28,0.10846525332596264,5.0,0.19801980198019803,0.0,0.0,0,0.0,0.9803921568627451,0.0,1e-06,1.0,Katashi,1e-06,0.9803921568627451,2.3999999999999773,0
2012-12-31,0.08810540950405849,5.0,0.19801980198019803,0.0,0.0,0,0.0,0.9803921568627451,0.0,1e-06,1.0,Katashi,1e-06,0.9803921568627451,2.3999999999999773,0
2013-01-02,0.07596516290231686,5.0,0.19801980198019803,0.0,0.0,0,0.0,0.9803921568627451,0.0,1e-06,1.0,Katashi,1e-06,0.9803921568627451,2.3999999999999773,0
2013-01-03,0.09949999584455589,5.0,0.19801980198019803,0.0,0.0,0,0.0,0.9803921568627451,0.0,1e-06,1.0,Katashi,1e-06,0.9803921568627451,2.3999999999999773,0
2013-01-04,0.10117290399352073,5.0,0.19801980198019803,0.0,0.0,0,0.0,0.9803921568627451,0.0,1e-06,1.0,Katashi,1e-06,0.9803921568627451,2.3999999999999773,0
2013-01-07,0.10283782977802129,5.0,0.19801980198019803,0.0,0.0,0,0.0,0.9803921568627451,0.0,1e-06,1.0,Katashi,1e-06,0.9803921568627451,2.3999999999999773,0
2013-01-08,0.08126966621088137,4.0,0.2469135802469136,0.0,0.0,0,0.0,0.7862550960986313,0.0,1e-06,0.16295987926782451,Utsuroi,1e-06,0.9803921568627451,2.3999999999999773,0
2013-01-09,0.0727382040330246,5.0,0.19801980198019803,0.0,0.0,0,0.0,0.9803921568627451,0.0,1e-06,0.10801776800488538,Katashi,1e-06,0.9803921568627451,2.3999999999999773,0
2013-01-10,0.06845410948212316,5.0,0.19801980198019803,0.0,0.0,0,0.0,0.9803921568627451,0.0,1e-06,1.0,Katashi,1e-06,0.9803921568627451,2.3999999999999773,0
2013-01-11,0.05441441514133043,4.0,0.2469135802469136,0.0,0.0,0,0.0,0.7862550960986313,0.0,1e-06,0.16295987926782451,Utsuroi,1e-06,0.9803921568627451,2.3999999999999773,0
2013-01-14,0.057604945699599674,4.0,0.2469135802469136,1.9842016918186565e-11,0.999999999979158,1,4.135472133645432e-22,0.7862550960986313,0.4166666666666706,1e-06,0.6987108106400262,Utsuroi,1e-06,0.9803921568627451,2.3999999999999773,0
2013-01-15,0.06293034551565059,4.0,0.2469135802469136,8.533063144921551e-12,0.999999999990467,1,8.134604101448883e-23,0.7862550960986313,0.4166666666666706,1e-06,1.0,Utsuroi,1e-06,0.9803921568627451,2.3999999999999773,0
2013-01-16,0.04432392554370541,4.0,0.2469135802469136,1.287758788483386e-11,0.9999999999861224,1,1.7870957274329224e-22,0.7862550960986313,0.4166666666666706,1e-06,1.0,Utsuroi,1e-06,0.9803921568627451,2.3999999999999773,0
2013-01-17,0.04332901837658054,4.0,0.2469135802469136,1.543531968892653e-11,0.9999999999835647,1,2.536840721345443e-22,0.7862550960986313,0.4166666666666706,1e-06,1.0,Utsuroi,1e-06,0.9803921568627451,2.3999999999999773,0
2013-01-18,0.07493185934852131,4.0,0.2469135802469136,1.01563202292092e-11,0.9999999999888437,1,1.1330693615280661e-22,0.7862550960986313,0.4166666666666706,1e-06,1.0,Utsuroi,1e-06,0.9803921568627451,2.3999999999999773,0
2013-01-22,0.08143817957967389,4.0,0.2469135802469136,1.1367462526758537e-11,0.9999999999876326,1,1.405864153570573e-22,0.7862550960986313,0.4166666666666706,1e-06,1.0,Utsuroi,1e-06,0.9803921568627451,2.3999999999999773,0
2013-01-23,0.09046047992515367,3.0,0.3278688524590164,0.5966108521388631,0.7160872979349032,2,0.16938539911210454,0.5921180353341292,0.8333333333333413,1e-06,0.600822258787973,Utsuroi,1e-06,0.9803921568627451,2.3999999999999773,0
2013-01-24,0.08112844430342349,3.0,0.3278688524590164,0.6856361729944231,0.5612053248046303,2,0.30085350183128423,0.5921180353341292,0.8333333333333413,1e-06,0.3964565474853964,Utsuroi,1e-06,0.9803921568627451,2.3999999999999773,0
2013-01-25,0.0963190945384614,4.0,0.2469135802469136,9.357625785302455e-12,0.9999999999896424,1,9.692257911677847e-23,0.7862550960986313,0.4166666666666706,1e-06,0.9028725616129324,Utsuroi,1e-06,0.9803921568627451,2.3999999999999773,0
2013-01-28,0.11028986013913311,4.0,0.2469135802469136,0.2990730495840728,0.9114916448520468,2,0.026470463687768533,0.7862550960986313,0.8333333333333413,1e-06,0.46655527366769844,Utsuroi,1e-06,0.9803921568627451,2.3999999999999773,0
2013-01-29,0.11967926058083707,4.0,0.2469135802469136,0.5099688886799327,0.7929894163020949,2,0.10556895731340489,0.7862550960986313,0.8333333333333413,1e-06,0.7723076052102336,Utsuroi,1e-06,0.9803921568627451,2.3999999999999773,0
2013-01-30,0.11657190383656466,2.0,0.48780487804878053,0.6467997204157402,0.6510411859933369,2,0.22570646333611796,0.397980974569239,0.8333333333333413,1e-06,0.7987558370874343,Utsuroi,1e-06,0.9803921568627451,2.3999999999999773,0
2013-01-31,0.12238932227199682,2.0,0.48780487804878053,1.4570566975059835e-11,0.9999999999844295,1,2.2687166662551847e-22,0.397980974569239,0.4166666666666706,1e-06,0.8240254072410453,Utsuroi,1e-06,0.9803921568627451,2.3999999999999773,0
2013-02-01,0.12685269738068541,2.0,0.48780487804878053,4.6767811844286953e-11,0.9999999999522322,1,2.2339950020158027e-21,0.397980974569239,0.4166666666666706,1e-06,1.0,Utsuroi,1e-06,0.9803921568627451,2.3999999999999773,0
2013-02-04,0.09983330460550338,2.5,0.3921568627450981,2.0187296278837734e-11,0.9999999999788127,1,4.277137807552162e-22,0.49504950495173267,0.4166666666666706,1e-06,0.93417372673189,Utsuroi,1e-06,0.9803921568627451,2.3999999999999773,0
2013-02-05,0.062323920200257274,2.0,0.48780487804878053,3.8167580206704475e-11,0.9999999999608324,1,1.4949309147386538e-21,0.397980974569239,0.4166666666666706,1e-06,0.8656910562154441,Utsuroi,1e-06,0.9803921568627451,2.3999999999999773,0
2013-02-06,0.06709999144972927,4.0,0.2469135802469136,0.0,0.0,0,0.0,0.7862550960986313,0.0,1e-06,0.45759762402336657,Utsuroi,1e-06,0.9803921568627451,2.3999999999999773,0
2013-02-07,0.07587335890179706,4.5,0.21978021978021978,0.0,0.0,0,0.0,0.8833236264807367,0.0,1e-06,0.1437489972699032,Utsuroi,1e-06,0.9803921568627451,2.3999999999999773,0
2013-02-08,0.10284041120706122,4.5,0.21978021978021978,0.0,0.0,0,0.0,0.8833236264807367,0.0,1e-06,1.0,Utsuroi,1e-06,0.9803921568627451,2.3999999999999773,0
2013-02-11,0.10588326996355038,4.5,0.21978021978021978,0.0,0.0,0,0.0,0.8833236264807367,0.0,1e-06,1.0,Utsuroi,1e-06,0.9803921568627451,2.3999999999999773,0
2013-02-12,0.10917529311845643,4.5,0.21978021978021978,0.0,0.0,0,0.0,0.8833236264807367,0.0,1e-06,1.0,Utsuroi,1e-06,0.9803921568627451,2.3999999999999773,0
2013-02-13,0.12376415511336399,4.0,0.2469135802469136,0.0,0.0,0,0.0,0.7862550960986313,0.0,1e-06,0.1780593149015668,Utsuroi,1e-06,0.9803921568627451,2.3999999999999773,0
2013-02-14,0.11530610565121861,4.0,0.2469135802469136,0.0,0.0,0,0.0,0.7862550960986313,0.0,1e-06,1.0,Utsuroi,1e-06,0.9803921568627451,2.3999999999999773,0
2013-02-15,0.10993029803928342,4.0,0.2469135802469136,0.0,0.0,0,0.0,0.7862550960986313,0.0,1e-06,1.0,Utsuroi,1e-06,0.9803921568627451,2.3999999999999773,0
2013-02-19,0.11231709060097753,4.0,0.2469135802469136,0.0,0.0,0,0.0,0.7862550960986313,0.0,1e-06,1.0,Utsuroi,1e-06,0.9803921568627451,2.3999999999999773,0
2013-02-20,0.1202828016249255,4.5,0.21978021978021978,0.0,0.0,0,0.0,0.8833236264807367,0.0,1e-06,0.1437489972699032,Utsuroi,1e-06,0.9803921568627451,2.3999999999999773,0
2013-02-21,0.0739077627881485,4.5,0.21978021978021978,0.0,0.0,0,0.0,0.8833236264807367,0.0,1e-06,1.0,Utsuroi,1e-06,0.9803921568627451,2.3999999999999773,0
2013-02-22,0.08767223202880835,4.5,0.21978021978021978,0.0,0.0,0,0.0,0.8833236264807367,0.0,1e-06,1.0,Utsuroi,1e-06,0.9803921568627451,2.3999999999999773,0
2013-02-25,0.07086756289482331,4.0,0.2469135802469136,0.0,0.0,0,0.0,0.7862550960986313,0.0,1e-06,0.1780593149015668,Utsuroi,1e-06,0.9803921568627451,2.3999999999999773,0
2013-02-26,0.07897000191005256,4.5,0.21978021978021978,0.0,0.0,0,0.0,0.8833236264807367,0.0,1e-06,0.1437489972699032,Utsuroi,1e-06,0.9803921568627451,2.3999999999999773,0
2013-02-27,0.07731352483451,4.5,0.21978021978021978,0.0,0.0,0,0.0,0.8833236264807367,0.0,1e-06,1.0,Utsuroi,1e-06,0.9803921568627451,2.3999999999999773,0
2013-02-28,0.05012349266233921,4.5,0.21978021978021978,0.0,0.0,0,0.0,0.8833236264807367,0.0,1e-06,1.0,Utsuroi,1e-06,0.9803921568627451,2.3999999999999773,0
2013-03-01,0.06292202592988737,4.5,0.21978021978021978,0.0,0.0,0,0.0,0.8833236264807367,0.0,1e-06,1.0,Utsuroi,1e-06,0.9803921568627451,2.3999999999999773,0
2013-03-04,0.04044201782600428,4.5,0.21978021978021978,0.0,0.0,0,0.0,0.8833236264807367,0.0,1e-06,1.0,Utsuroi,1e-06,0.9803921568627451,2.3999999999999773,0
2013-03-05,0.04088466001838326,4.5,0.21978021978021978,0.0,0.0,0,0.0,0.8833236264807367,0.0,1e-06,1.0,Utsuroi,1e-06,0.9803921568627451,2.3999999999999773,0
2013-03-06,0.06747362845190427,4.5,0.21978021978021978,0.0,0.0,0,0.0,0.8833236264807367,0.0,1e-06,1.0,Utsuroi,1e-06,0.9803921568627451,2.3999999999999773,0
2013-03-07,0.11258940213345858,4.5,0.21978021978021978,0.0,0.0,0,0.0,0.8833236264807367,0.0,1e-06,1.0,Utsuroi,1e-06,0.9803921568627451,2.3999999999999773,0
2013-03-08,0.11580427833100801,4.0,0.2469135802469136,0.0,0.0,0,0.0,0.7862550960986313,0.0,1e-06,0.1780593149015668,Utsuroi,1e-06,0.9803921568627451,2.3999999999999773,0
2013-03-11,0.11652887512675708,4.5,0.21978021978021978,0.0,0.0,0,0.0,0.8833236264807367,0.0,1e-06,0.1437489972699032,Utsuroi,1e-06,0.9803921568627451,2.3999999999999773,0
2013-03-12,0.10585881097140444,4.0,0.2469135802469136,0.0,0.0,0,0.0,0.7862550960986313,0.0,1e-06,0.1780593149015668,Utsuroi,1e-06,0.9803921568627451,2.3999999999999773,0
2013-03-13,0.0838543241582829,4.0,0.2469135802469136,0.0,0.0,0,0.0,0.7862550960986313,0.0,1e-06,1.0,Utsuroi,1e-06,0.9803921568627451,2.3999999999999773,0
2013-03-14,0.08920544486283813,4.0,0.2469135802469136,0.0,0.0,0,0.0,0.7862550960986313,0.0,1e-06,1.0,Utsuroi,1e-06,0.9803921568627451,2.3999999999999773,0
2013-03-15,0.09261071298706042,4.0,0.2469135802469136,0.0,0.0,0,0.0,0.7862550960986313,0.0,1e-06,1.0,Utsuroi,1e-06,0.9803921568627451,2.3999999999999773,0
2013-03-18,0.05889370152002217,4.5,0.21978021978021978,0.0,0.0,0,0.0,0.8833236264807367,0.0,1e-06,0.1437489972699032,Utsuroi,1e-06,0.9803921568627451,2.3999999999999773,0
2013-03-19,0.05660453209515882,4.5,0.21978021978021978,0.0,0.0,0,0.0,0.8833236264807367,0.0,1e-06,1.0,Utsuroi,1e-06,0.9803921568627451,2.3999999999999773,0
2013-03-20,0.05408038483415974,4.5,0.21978021978021978,0.0,0.0,0,0.0,0.8833236264807367,0.0,1e-06,1.0,Utsuroi,1e-06,0.9803921568627451,2.3999999999999773,0
2013-03-21,0.047475225548786956,4.5,0.21978021978021978,0.0,0.0,0,0.0,0.8833236264807367,0.0,1e-06,1.0,Utsuroi,1e-06,0.9803921568627451,2.3999999999999773,0
2013-03-22,0.04671158768740211,4.5,0.21978021978021978,0.0,0.0,0,0.0,0.8833236264807367,0.0,1e-06,1.0,Utsuroi,1e-06,0.9803921568627451,2.3999999999999773,0
2013-03-25,0.05861147784489293,4.0,0.2469135802469136,0.0,0.0,0,0.0,0.7862550960986313,0.0,1e-06,0.1780593149015668,Utsuroi,1e-06,0.9803921568627451,2.3999999999999773,0
2013-03-26,0.07650469448746831,4.0,0.2469135802469136,0.0,0.0,0,0.0,0.7862550960986313,0.0,1e-06,1.0,Utsuroi,1e-06,0.9803921568627451,2.3999999999999773,0
2013-03-27,0.10284385997510738,4.5,0.21978021978021978,0.0,0.0,0,0.0,0.8833236264807367,0.0,1e-06,0.1437489972699032,Utsuroi,1e-06,0.9803921568627451,2.3999999999999773,0
2013-03-28,0.09869035760187202,4.5,0.21978021978021978,0.0,0.0,0,0.0,0.8833236264807367,0.0,1e-06,1.0,Utsuroi,1e-06,0.9803921568627451,2.3999999999999773,0
2013-04-01,0.08178300110772628,4.5,0.21978021978021978,0.0,0.0,0,0.0,0.8833236264807367,0.0,1e-06,1.0,Utsuroi,1e-06,0.9803921568627451,2.3999999999999773,0
2013-04-02,0.08299494517725726,4.5,0.21978021978021978,0.0,0.0,0,0.0,0.8833236264807367,0.0,1e-06,1.0,Utsuroi,1e-06,0.9803921568627451,2.3999999999999773,0
2013-04-03,0.06808363474433544,4.0,0.2469135802469136,0.0,0.0,0,0.0,0.7862550960986313,0.0,1e-06,0.1780593149015668,Utsuroi,1e-06,0.9803921568627451,2.3999999999999773,0
2013-04-04,0.11869120264950059,4.0,0.2469135802469136,0.0,0.0,0,0.0,0.7862550960986313,0.0,1e-06,1.0,Utsuroi,1e-06,0.9803921568627451,2.3999999999999773,0
2013-04-05,0.12729183417646114,4.0,0.2469135802469136,0.0,0.0,0,0.0,0.7862550960986313,0.0,1e-06,1.0,Utsuroi,1e-06,0.9803921568627451,2.3999999999999773,0
2013-04-08,0.11372479620681346,4.0,0.2469135802469136,0.0,0.0,0,0.0,0.7862550960986313,0.0,1e-06,1.0,Utsuroi,1e-06,0.9803921568627451,2.3999999999999773,0
2013-04-09,0.08254508895220923,4.0,0.2469135802469136,0.0,0.0,0,0.0,0.7862550960986313,0.0,1e-06,1.0,Utsuroi,1e-06,0.9803921568627451,2.3999999999999773,0
2013-04-10,0.07808847240510058,4.0,0.2469135802469136,0.0,0.0,0,0.0,0.7862550960986313,0.0,1e-06,1.0,Utsuroi,1e-06,0.9803921568627451,2.3999999999999773,0
2013-04-11,0.06940816937030815,3.0,0.3278688524590164,6.714051536728035e-11,0.9999999999318595,1,4.574987834043437e-21,0.5921180353341292,0.4166666666666706,1e-06,0.9311897541014452,Utsuroi,1e-06,0.9803921568627451,2.3999999999999773,0
2013-04-12,0.07926817657378986,3.0,0.3278688524590164,1.1037171176936584e-11,0.9999999999879629,1,1.3285607460551867e-22,0.5921180353341292,0.4166666666666706,1e-06,1.0,Utsuroi,1e-06,0.9803921568627451,2.3999999999999773,0
2013-04-15,0.08734631121909066,3.0,0.3278688524590164,1.0349610057794264e-11,0.9999999999886504,1,1.174638094556748e-22,0.5921180353341292,0.4166666666666706,1e-06,1.0,Utsuroi,1e-06,0.9803921568627451,2.3999999999999773,0
2013-04-16,0.0782361485770413,3.0,0.3278688524590164,5.858868945528854e-12,0.9999999999931412,1,4.018508465828708e-23,0.5921180353341292,0.4166666666666706,1e-06,1.0,Utsuroi,1e-06,0.9803921568627451,2.3999999999999773,0
2013-04-17,0.09798620736451859,3.5,0.28169014084507044,6.147748976534297e-12,0.9999999999928523,1,4.3942430456384524e-23,0.6891865657164289,0.4166666666666706,1e-06,0.39209031182003395,Utsuroi,1e-06,0.9803921568627451,2.3999999999999773,0
2013-04-18,0.10351650421576129,3.0,0.3278688524590164,5.35216315709328e-12,0.9999999999936479,1,3.399769521828988e-23,0.5921180353341292,0.4166666666666706,1e-06,0.4895914385435791,Utsuroi,1e-06,0.9803921568627451,2.3999999999999773,0
2013-04-19,0.10348672437383502,3.0,0.3278688524590164,7.521649969497164e-12,0.9999999999914784,1,6.409670184156771e-23,0.5921180353341292,0.4166666666666706,1e-06,1.0,Utsuroi,1e-06,0.9803921568627451,2.3999999999999773,0
2013-04-22,0.10556543245021228,3.0,0.3278688524590164,1.0334844091566919e-11,0.9999999999886652,1,1.171436178646928e-22,0.5921180353341292,0.4166666666666706,1e-06,1.0,Utsuroi,1e-06,0.9803921568627451,2.3999999999999773,0
2013-04-23,0.09415995152733776,3.0,0.3278688524590164,6.642131289396223e-12,0.9999999999923579,1,5.07598924197938e-23,0.5921180353341292,0.4166666666666706,1e-06,1.0,Utsuroi,1e-06,0.9803921568627451,2.3999999999999773,0
2013-04-24,0.09274488860836683,3.0,0.3278688524590164,7.871703289158432e-12,0.9999999999911283,1,6.98352418263949e-23,0.5921180353341292,0.4166666666666706,1e-06,1.0,Utsuroi,1e-06,0.9803921568627451,2.3999999999999773,0
2013-04-25,0.07969030515933694,3.0,0.3278688524590164,7.508327293201775e-12,0.9999999999914917,1,6.388313993819353e-23,0.5921180353341292,0.4166666666666706,1e-06,1.0,Utsuroi,1e-06,0.9803921568627451,2.3999999999999773,0
2013-04-26,0.07275365177680296,3.0,0.3278688524590164,1.0696443730683168e-11,0.9999999999883036,1,1.2511011559134621e-22,0.5921180353341292,0.4166666666666706,1e-06,1.0,Utsuroi,1e-06,0.9803921568627451,2.3999999999999773,0
2013-04-29,0.07857628600759227,3.0,0.3278688524590164,8.900213899161522e-12,0.9999999999900998,1,8.81138244623803e-23,0.5921180353341292,0.4166666666666706,1e-06,1.0,Utsuroi,1e-06,0.9803921568627451,2.3999999999999773,0
2013-04-30,0.07209984219604162,3.0,0.3278688524590164,1.1903256158435869e-11,0.9999999999870968,1,1.53590500012261e-22,0.5921180353341292,0.4166666666666706,1e-06,1.0,Utsuroi,1e-06,0.9803921568627451,2.3999999999999773,0
2013-05-01,0.07386160668339087,3.0,0.3278688524590164,1.0803136163348391e-11,0.9999999999881969,1,1.2751064814398667e-22,0.5921180353341292,0.4166666666666706,1e-06,1.0,Utsuroi,1e-06,0.9803921568627451,2.3999999999999773,0
2013-05-02,0.05786054014742133,3.0,0.3278688524590164,8.723466393642932e-12,0.9999999999902766,1,8.482213933698652e-23,0.5921180353341292,0.4166666666666706,1e-06,1.0,Utsuroi,1e-06,0.9803921568627451,2.3999999999999773,0
2013-05-03,0.07716113092463688,3.0,0.3278688524590164,2.7882252062322052e-11,0.9999999999711178,1,8.053016153374234e-22,0.5921180353341292,0.4166666666666706,1e-06,1.0,Utsuroi,1e-06,0.9803921568627451,2.3999999999999773,0
2013-05-06,0.05714529315385075,3.0,0.3278688524590164,0.0,0.0,0,0.0,0.5921180353341292,0.0,1e-06,1.0,Utsuroi,1e-06,0.9803921568627451,2.3999999999999773,0
2013-05-07,0.05279241701014706,2.0,0.48780487804878053,7.058209572107543e-11,0.9999999999284179,1,5.0524127708835594e-21,0.397980974569239,0.4166666666666706,1e-06,0.6972185946430931,Utsuroi,1e-06,0.9803921568627451,2.3999999999999773,0
2013-05-08,0.05946067389621472,4.0,0.2469135802469136,0.0,0.0,0,0.0,0.7862550960986313,0.0,1e-06,0.45759762402336657,Utsuroi,1e-06,0.9803921568627451,2.3999999999999773,0
2013-05-09,0.08914800913693617,3.0,0.3278688524590164,3.924838232113414e-11,0.9999999999597516,1,1.5796830289370904e-21,0.5921180353341292,0.4166666666666706,1e-06,0.9311897541014452,Utsuroi,1e-06,0.9803921568627451,2.3999999999999773,0
2013-05-10,0.13124808851540432,4.0,0.2469135802469136,0.0,0.0,0,0.0,0.7862550960986313,0.0,1e-06,0.5323439409616413,Utsuroi,1e-06,0.9803921568627451,2.3999999999999773,0
2013-05-13,0.169199589842323,4.0,0.2469135802469136,0.0,0.0,0,0.0,0.7862550960986313,0.0,1e-06,1.0,Utsuroi,1e-06,0.9803921568627451,2.3999999999999773,0
2013-05-14,0.16415149489332653,4.0,0.2469135802469136,0.0,0.0,0,0.0,0.7862550960986313,0.0,1e-06,1.0,Utsuroi,1e-06,0.9803921568627451,2.3999999999999773,0
2013-05-15,0.17524737712421576,4.0,0.2469135802469136,1.4131362746524864e-11,0.9999999999848687,1,2.138264632119547e-22,0.7862550960986313,0.4166666666666706,1e-06,0.6987108106400262,Utsuroi,1e-06,0.9803921568627451,2.3999999999999773,0
2013-05-16,0.1699574462490992,4.0,0.2469135802469136,0.0,0.0,0,0.0,0.7862550960986313,0.0,1e-06,1.0,Utsuroi,1e-06,0.9803921568627451,2.3999999999999773,0
2013-05-17,0.17163237271571388,4.0,0.2469135802469136,9.439327097282816e-11,0.9999999999046068,1,9.004480788210506e-21,0.7862550960986313,0.4166666666666706,1e-06,0.6987108106400262,Utsuroi,1e-06,0.9803921568627451,2.3999999999999773,0
2013-05-20,0.18227610567154381,4.0,0.2469135802469136,0.0,0.0,0,0.0,0.7862550960986313,0.0,1e-06,1.0,Utsuroi,1e-06,0.9803921568627451,2.3999999999999773,0
2013-05-21,0.16845921196202468,4.0,0.2469135802469136,0.0,0.0,0,0.0,0.7862550960986313,0.0,1e-06,1.0,Utsuroi,1e-06,0.9803921568627451,2.3999999999999773,0
2013-05-22,0.24014853862448196,4.0,0.2469135802469136,3.833433570499663e-11,0.9999999999606657,1,1.5078547816565663e-21,0.7862550960986313,0.4166666666666706,1e-06,0.6987108106400262,Utsuroi,1e-06,0.9803921568627451,2.3999999999999773,0
2013-05-23,0.22324394956602553,3.0,0.3278688524590164,1.1074723354449904e-09,0.9999999988915277,1,1.2276024222926143e-18,0.5921180353341292,0.4166666666666706,1e-06,0.45061304470716634,Utsuroi,1e-06,0.9803921568627451,2.3999999999999773,0
2013-05-24,0.23338707695191002,3.0,0.3278688524590164,3.2151281636478293e-11,0.9999999999668487,1,1.065855481280622e-21,0.5921180353341292,0.4166666666666706,1e-06,1.0,Utsuroi,1e-06,0.9803921568627451,2.3999999999999773,0
2013-05-28,0.2650001219349153,4.0,0.2469135802469136,5.788147738709952e-11,0.9999999999411185,1,3.408145621562879e-21,0.7862550960986313,0.4166666666666706,1e-06,0.2917098654484427,Utsuroi,1e-06,0.9803921568627451,2.3999999999999773,0
2013-05-29,0.2702180243925135,3.0,0.3278688524590164,1.0415213135830474e-10,0.9999999998948479,1,1.0951816294387322e-20,0.5921180353341292,0.4166666666666706,1e-06,0.45061304470716634,Utsuroi,1e-06,0.9803921568627451,2.3999999999999773,0
2013-05-30,0.2405116191304472,3.0,0.3278688524590164,4.859890267871208e-11,0.9999999999504011,1,2.4104511692220706e-21,0.5921180353341292,0.4166666666666706,1e-06,1.0,Utsuroi,1e-06,0.9803921568627451,2.3999999999999773,0
2013-05-31,0.26977441549834696,3.0,0.3278688524590164,0.0,0.0,0,0.0,0.5921180353341292,0.0,1e-06,1.0,Utsuroi,1e-06,0.9803921568627451,2.3999999999999773,0
2013-06-03,0.3034671376534336,3.0,0.3278688524590164,0.0,0.0,0,0.0,0.5921180353341292,0.0,1e-06,1.0,Utsuroi,1e-06,0.9803921568627451,2.3999999999999773,0
2013-06-04,0.28758370168527086,3.0,0.3278688524590164,0.0,0.0,0,0.0,0.5921180353341292,0.0,1e-06,1.0,Utsuroi,1e-06,0.9803921568627451,2.3999999999999773,0
2013-06-05,0.29135639879147457,3.0,0.3278688524590164,0.0,0.0,0,0.0,0.5921180353341292,0.0,1e-06,1.0,Utsuroi,1e-06,0.9803921568627451,2.3999999999999773,0
2013-06-06,0.3228231588622532,3.0,0.3278688524590164,0.0,0.0,0,0.0,0.5921180353341292,0.0,1e-06,1.0,Utsuroi,1e-06,0.9803921568627451,2.3999999999999773,0
2013-06-07,0.31269857806736245,3.0,0.3278688524590164,0.0,0.0,0,0.0,0.5921180353341292,0.0,1e-06,1.0,Utsuroi,1e-06,0.9803921568627451,2.3999999999999773,0
2013-06-10,0.3148018033627859,3.0,0.3278688524590164,1.7037149468828095e-11,0.9999999999819629,1,3.0730123460372825e-22,0.5921180353341292,0.4166666666666706,1e-06,0.6433772853583279,Utsuroi,1e-06,0.9803921568627451,2.3999999999999773,0
2013-06-11,0.301302390791228,3.0,0.3278688524590164,0.0,0.0,0,0.0,0.5921180353341292,0.0,1e-06,1.0,Utsuroi,1e-06,0.9803921568627451,2.3999999999999773,0
2013-06-12,0.2996968341564831,2.0,0.48780487804878053,1.7976786724247965e-10,0.9999999998192322,1,3.2496249986314874e-20,0.397980974569239,0.4166666666666706,1e-06,0.6972185946430931,Utsuroi,1e-06,0.9803921568627451,2.3999999999999773,0
2013-06-13,0.38518014089165126,2.0,0.48780487804878053,0.0,0.0,0,0.0,0.397980974569239,0.0,1e-06,1.0,Utsuroi,1e-06,0.9803921568627451,2.3999999999999773,0
2013-06-14,0.3843815821327142,2.0,0.48780487804878053,0.0,0.0,0,0.0,0.397980974569239,0.0,1e-06,1.0,Utsuroi,1e-06,0.9803921568627451,2.3999999999999773,0
2013-06-17,0.36550040764799974,2.0,0.48780487804878053,0.0,0.0,0,0.0,0.397980974569239,0.0,1e-06,1.0,Utsuroi,1e-06,0.9803921568627451,2.3999999999999773,0
2013-06-18,0.3530672206847195,2.0,0.48780487804878053,0.0,0.0,0,0.0,0.397980974569239,0.0,1e-06,1.0,Utsuroi,1e-06,0.9803921568627451,2.3999999999999773,0
2013-06-19,0.43480398627458594,1.5,0.6451612903225806,2.4827584432451957e-11,0.9999999999741724,1,6.41235983962377e-22,0.3009124441866482,0.4166666666666706,1e-06,0.4059958295501467,Utsuroi,1e-06,0.9803921568627451,2.3999999999999773,0
2013-06-20,0.4758635167600657,2.0,0.48780487804878053,0.0,0.0,0,0.0,0.397980974569239,0.0,1e-06,0.7792323013457826,Utsuroi,1e-06,0.9803921568627451,2.3999999999999773,0
2013-06-21,0.43104706085149397,1.0,0.9523809523809523,0.0,0.0,0,0.0,0.2038439138039604,0.0,1e-06,0.1624271537361539,Utsuroi,1e-06,0.9803921568627451,2.3999999999999773,0
2013-06-24,0.42267694699575836,1.0,0.9523809523809523,7.494581619153654e-10,0.9999999992495419,1,5.624369782552122e-19,0.2038439138039604,0.4166666666666706,1e-06,0.7524072943040547,Utsuroi,1e-06,0.9803921568627451,2.3999999999999773,0
2013-06-25,0.44018147231247196,2.0,0.48780487804878053,4.2053360792732773e-11,0.9999999999569467,1,1.810537584502763e-21,0.397980974569239,0.4166666666666706,1e-06,0.5275534116505773,Utsuroi,1e-06,0.9803921568627451,2.3999999999999773,0
2013-06-26,0.49195095510297565,2.0,0.48780487804878053,5.3158033529098766e-11,0.999999999945842,1,2.8789333863406793e-21,0.397980974569239,0.4166666666666706,1e-06,1.0,Utsuroi,1e-06,0.9803921568627451,2.3999999999999773,0
2013-06-27,0.522384372665556,2.0,0.48780487804878053,2.9547830844346877e-10,0.9999999997035217,1,8.760290254555473e-20,0.397980974569239,0.4166666666666706,1e-06,1.0,Utsuroi,1e-06,0.9803921568627451,2.3999999999999773,0
2013-06-28,0.5311144375959947,2.0,0.48780487804878053,1.93215554648033e-10,0.9999999998057845,1,3.752546184197855e-20,0.397980974569239,0.4166666666666706,1e-06,1.0,Utsuroi,1e-06,0.9803921568627451,2.3999999999999773,0
2013-07-01,0.5257738886876104,2.0,0.48780487804878053,5.058653495959794e-11,0.9999999999484135,1,2.6095829351843383e-21,0.397980974569239,0.4166666666666706,1e-06,1.0,Utsuroi,1e-06,0.9803921568627451,2.3999999999999773,0
2013-07-02,0.5055304080980423,1.0,0.9523809523809523,1.6311174633038536e-11,0.9999999999826888,1,2.8236523171371415e-22,0.2038439138039604,0.4166666666666706,1e-06,0.18850564829223693,Utsuroi,1e-06,0.9803921568627451,2.3999999999999773,0
2013-07-03,0.5031425160797782,1.0,0.9523809523809523,1.7564394383212934e-11,0.9999999999814356,1,3.2607195588065623e-22,0.2038439138039604,0.4166666666666706,1e-06,1.0,Utsuroi,1e-06,0.9803921568627451,2.3999999999999773,0
2013-07-05,0.4978694611723458,3.0,0.3278688524590164,1.9991674981902905e-11,0.9999999999790083,1,4.196583013181014e-22,0.5921180353341292,0.4166666666666706,1e-06,0.9954077827316501,Utsuroi,1e-06,0.9803921568627451,2.3999999999999773,0
2013-07-08,0.5314634617213152,1.0,0.9523809523809523,4.1516012848837184e-11,0.999999999957484,1,1.7650944173455363e-21,0.2038439138039604,0.4166666666666706,1e-06,0.2802789814332739,Utsuroi,1e-06,0.9803921568627451,2.3999999999999773,0
2013-07-09,0.5276852491195628,2.0,0.48780487804878053,4.1515779694246006e-10,0.9999999995838422,1,1.7277114501100458e-19,0.397980974569239,0.4166666666666706,1e-06,0.5275534116505773,Utsuroi,1e-06,0.9803921568627451,2.3999999999999773,0
2013-07-10,0.5410463542204007,1.0,0.9523809523809523,0.0,0.0,0,0.0,0.2038439138039604,0.0,1e-06,0.24993104244099673,Utsuroi,1e-06,0.9803921568627451,2.3999999999999773,0
2013-07-11,0.582109326488282,1.0,0.9523809523809523,0.0,0.0,0,0.0,0.2038439138039604,0.0,1e-06,1.0,Utsuroi,1e-06,0.9803921568627451,2.3999999999999773,0
2013-07-12,0.5980866625947542,1.5,0.6451612903225806,0.0,0.0,0,0.0,0.3009124441866482,0.0,1e-06,0.2403742207487779,Utsuroi,1e-06,0.9803921568627451,2.3999999999999773,0
2013-07-15,0.6144210457460719,2.0,0.48780487804878053,0.0,0.0,0,0.0,0.397980974569239,0.0,1e-06,0.6269675307325506,Utsuroi,1e-06,0.9803921568627451,2.3999999999999773,0
2013-07-16,0.5670199288163676,2.5,0.3921568627450981,2.8326041508331906e-10,0.9999999997157396,1,8.051971691349406e-20,0.49504950495173267,0.4166666666666706,1e-06,0.6373620017660713,Utsuroi,1e-06,0.9803921568627451,2.3999999999999773,0
2013-07-17,0.5819318952281454,2.0,0.48780487804878053,7.882035021550241e-10,0.9999999992107965,1,6.220529471206456e-19,0.397980974569239,0.4166666666666706,1e-06,0.8656910562154441,Utsuroi,1e-06,0.9803921568627451,2.3999999999999773,0
2013-07-18,0.573346149016957,2.0,0.48780487804878053,3.5643155093407475e-11,0.9999999999633569,1,1.3060768716421172e-21,0.397980974569239,0.4166666666666706,1e-06,1.0,Utsuroi,1e-06,0.9803921568627451,2.3999999999999773,0
2013-07-19,0.5743152017065061,1.0,0.9523809523809523,2.2370105767504622e-11,0.9999999999766299,1,5.22791242957727e-22,0.2038439138039604,0.4166666666666706,1e-06,0.18850564829223693,Utsuroi,1e-06,0.9803921568627451,2.3999999999999773,0
2013-07-22,0.5247442218967822,1.0,0.9523809523809523,1.544853134291935e-11,0.9999999999835515,1,2.5410531025007637e-22,0.2038439138039604,0.4166666666666706,1e-06,1.0,Utsuroi,1e-06,0.9803921568627451,2.3999999999999773,0
2013-07-23,0.4759186176360072,1.0,0.9523809523809523,2.6279090014808346e-11,0.9999999999727209,1,7.168690806922983e-22,0.2038439138039604,0.4166666666666706,1e-06,1.0,Utsuroi,1e-06,0.9803921568627451,2.3999999999999773,0
2013-07-24,0.5378958448594793,1.5,0.6451612903225806,0.0,0.0,0,0.0,0.3009124441866482,0.0,1e-06,0.39938241087731174,Utsuroi,1e-06,0.9803921568627451,2.3999999999999773,0
2013-07-25,0.5165797226030102,1.5,0.6451612903225806,0.0,0.0,0,0.0,0.3009124441866482,0.0,1e-06,1.0,Utsuroi,1e-06,0.9803921568627451,2.3999999999999773,0
2013-07-26,0.5399599238237501,1.0,0.9523809523809523,7.529088463506997e-11,0.9999999999237091,1,5.744006528421678e-21,0.2038439138039604,0.4166666666666706,1e-06,0.17312450861970796,Utsuroi,1e-06,0.9803921568627451,2.3999999999999773,0
2013-07-29,0.5177035710728539,1.0,0.9523809523809523,2.2690072043194067e-11,0.99999999997631,1,5.375289394314635e-22,0.2038439138039604,0.4166666666666706,1e-06,1.0,Utsuroi,1e-06,0.9803921568627451,2.3999999999999773,0
2013-07-30,0.49142610441312135,1.0,0.9523809523809523,1.523459136607758e-11,0.9999999999837654,1,2.473270284440768e-22,0.2038439138039604,0.4166666666666706,1e-06,1.0,Utsuroi,1e-06,0.9803921568627451,2.3999999999999773,0
2013-07-31,0.5007980869950323,1.0,0.9523809523809523,1.737709975896213e-11,0.9999999999816229,1,3.1934031138347204e-22,0.2038439138039604,0.4166666666666706,1e-06,1.0,Utsuroi,1e-06,0.9803921568627451,2.3999999999999773,0
2013-08-01,0.48348656304271476,1.5,0.6451612903225806,1.3025469591711868e-11,0.9999999999859746,1,1.8268803953180426e-22,0.3009124441866482,0.4166666666666706,1e-06,0.28346877544225335,Utsuroi,1e-06,0.9803921568627451,2.3999999999999773,0
2013-08-02,0.4961615222544601,4.0,0.2469135802469136,0.0,0.0,0,0.0,0.7862550960986313,0.0,1e-06,0.5252597624182451,Utsuroi,1e-06,0.9803921568627451,2.3999999999999773,0
2013-08-05,0.504861222432071,1.5,0.6451612903225806,0.0,0.0,0,0.0,0.3009124441866482,0.0,1e-06,0.7081335829020576,Utsuroi,1e-06,0.9803921568627451,2.3999999999999773,0
2013-08-06,0.49647694951354077,2.0,0.48780487804878053,3.058053810128946e-11,0.9999999999684195,1,9.65749172186835e-22,0.397980974569239,0.4166666666666706,1e-06,0.9037852105281343,Utsuroi,1e-06,0.9803921568627451,2.3999999999999773,0
2013-08-07,0.4419149553867572,2.0,0.48780487804878053,0.5781482552472398,0.7350723326604027,2,0.15316746863910932,0.397980974569239,0.8333333333333413,1e-06,0.3488859369696644,Utsuroi,1e-06,0.9803921568627451,2.3999999999999773,0
2013-08-08,0.44709986056222484,1.0,0.9523809523809523,0.6902734578893415,0.5378877872995017,2,0.3189837949936678,0.2038439138039604,0.8333333333333413,1e-06,0.18147400468480313,Utsuroi,1e-06,0.9803921568627451,2.3999999999999773,0
2013-08-09,0.4441719837959402,2.0,0.48780487804878053,0.2428026149010885,0.9341374825979061,2,0.015991591449196853,0.397980974569239,0.8333333333333413,1e-06,0.7197969588089963,Utsuroi,1e-06,0.9803921568627451,2.3999999999999773,0
2013-08-12,0.3705420653544856,2.0,0.48780487804878053,0.595853731696018,0.7169039130499055,2,0.16868385983775416,0.397980974569239,0.8333333333333413,1e-06,0.5983272637158565,Utsuroi,1e-06,0.9803921568627451,2.3999999999999773,0
2013-08-13,0.35873933538358777,2.0,0.48780487804878053,1.0654145463692952,0.4331871684290405,3,0.6038906358244696,0.397980974569239,1.2500000000000118,1e-06,0.11304403898580606,Utsuroi,1e-06,0.9803921568627451,2.3999999999999773,0
2013-08-14,0.30739501167382954,2.0,0.48780487804878053,0.9439717437059694,0.5145389497778097,3,0.45826151407957216,0.397980974569239,1.2500000000000118,1e-06,0.3016612501311473,Utsuroi,1e-06,0.9803921568627451,2.3999999999999773,0
2013-08-15,0.3756250107926507,2.0,0.48780487804878053,0.7430477777784277,0.7447746130609888,3,0.1896446565976716,0.397980974569239,1.2500000000000118,1e-06,0.6256070072099666,Utsuroi,1e-06,0.9803921568627451,2.3999999999999773,0
2013-08-16,0.37348397663706023,2.5,0.3921568627450981,0.7826838850411271,0.68594255939989,3,0.24580769773496708,0.49504950495173267,1.2500000000000118,1e-06,0.664578002584768,Utsuroi,1e-06,0.9803921568627451,2.3999999999999773,0
2013-08-19,0.45566501078593435,2.0,0.48780487804878053,0.629575485965172,0.7769527681434786,3,0.14042506938925586,0.397980974569239,1.2500000000000118,1e-06,0.8018442835566213,Utsuroi,1e-06,0.9803921568627451,2.3999999999999773,0
2013-08-20,0.46690947440845476,2.0,0.48780487804878053,0.7806182801543239,0.5339356409811246,3,0.3638183583785419,0.397980974569239,1.2500000000000118,1e-06,0.3876365378492813,Utsuroi,1e-06,0.9803921568627451,2.3999999999999773,0
2013-08-21,0.47834746120955274,1.0,0.9523809523809523,0.5764499839631771,0.7367295502035847,2,0.15176224656312207,0.2038439138039604,0.8333333333333413,1e-06,0.8173353237873663,Utsuroi,1e-06,0.9803921568627451,2.3999999999999773,0
2013-08-22,0.48655674356804895,1.0,0.9523809523809523,0.3753920463351353,0.8757070346791521,2,0.04665859059685509,0.2038439138039604,0.8333333333333413,1e-06,0.9122954905239564,Utsuroi,1e-06,0.9803921568627451,2.3999999999999773,0
2013-08-23,0.48219019045825556,1.0,0.9523809523809523,0.6563098094403026,0.634875440057974,2,0.23963483035752542,0.2038439138039604,0.8333333333333413,1e-06,0.5879796656301397,Utsuroi,1e-06,0.9803921568627451,2.3999999999999773,0
2013-08-26,0.47071659990094655,2.0,0.48780487804878053,9.136247314194467e-12,0.9999999999898638,1,9.26070601912788e-23,0.397980974569239,0.4166666666666706,1e-06,0.5585736141516257,Utsuroi,1e-06,0.9803921568627451,2.3999999999999773,0
2013-08-27,0.42101656288036404,1.0,0.9523809523809523,5.096145727616312e-12,0.9999999999939039,1,3.1066734269300965e-23,0.2038439138039604,0.4166666666666706,1e-06,0.18850564829223693,Utsuroi,1e-06,0.9803921568627451,2.3999999999999773,0
2013-08-28,0.39742279441081174,1.0,0.9523809523809523,6.0019766934020455e-12,0.999999999992998,1,4.2025568147638934e-23,0.2038439138039604,0.4166666666666706,1e-06,1.0,Utsuroi,1e-06,0.9803921568627451,2.3999999999999773,0
2013-08-29,0.41036315902873954,1.0,0.9523809523809523,0.19632504690684177,0.9507418648486953,2,0.009670605694123452,0.2038439138039604,0.8333333333333413,1e-06,0.544970993112915,Utsuroi,1e-06,0.9803921568627451,2.3999999999999773,0
2013-08-30,0.41387008445184637,2.0,0.48780487804878053,6.0543792201639845e-12,0.9999999999929456,1,4.270975302858244e-23,0.397980974569239,0.4166666666666706,1e-06,0.4111067532774356,Utsuroi,1e-06,0.9803921568627451,2.3999999999999773,0
2013-09-03,0.4575565284979476,1.0,0.9523809523809523,5.13992182135813e-11,0.9999999999476008,1,2.693277714212346e-21,0.2038439138039604,0.4166666666666706,1e-06,0.18850564829223693,Utsuroi,1e-06,0.9803921568627451,2.3999999999999773,0
2013-09-04,0.44112234821589885,1.0,0.9523809523809523,1.2962741990821424e-11,0.9999999999860373,1,1.8099513515453317e-22,0.2038439138039604,0.4166666666666706,1e-06,1.0,Utsuroi,1e-06,0.9803921568627451,2.3999999999999773,0
2013-09-05,0.4180064222955774,2.0,0.48780487804878053,2.2366886120733287e-11,0.9999999999766331,1,5.226439860706849e-22,0.397980974569239,0.4166666666666706,1e-06,0.5275534116505773,Utsuroi,1e-06,0.9803921568627451,2.3999999999999773,0
2013-09-06,0.4469853778527328,2.0,0.48780487804878053,0.6539209893487992,0.6391232296742234,2,0.2359848946844312,0.397980974569239,0.8333333333333413,1e-06,0.29106122362642817,Utsuroi,1e-06,0.9803921568627451,2.3999999999999773,0
2013-09-09,0.47356500022864,2.0,0.48780487804878053,0.6511154151714069,0.6439435480046136,2,0.23183384456543413,0.397980974569239,0.8333333333333413,1e-06,0.483733622090738,Utsuroi,1e-06,0.9803921568627451,2.3999999999999773,0
2013-09-10,0.44722059310139783,2.0,0.48780487804878053,1.6205814468003428e-11,0.9999999999827942,1,2.7883387854125135e-22,0.397980974569239,0.4166666666666706,1e-06,0.827675479920652,Utsuroi,1e-06,0.9803921568627451,2.3999999999999773,0
2013-09-11,0.44685605459448186,3.0,0.3278688524590164,2.104427743152737e-11,0.9999999999779557,1,4.639054245161067e-22,0.5921180353341292,0.4166666666666706,1e-06,0.6992452070080409,Utsuroi,1e-06,0.9803921568627451,2.3999999999999773,0
2013-09-12,0.4429231702015152,4.0,0.2469135802469136,0.0,0.0,0,0.0,0.7862550960986313,0.0,1e-06,0.5323439409616413,Utsuroi,1e-06,0.9803921568627451,2.3999999999999773,0
2013-09-13,0.44579681716390523,4.0,0.2469135802469136,0.0,0.0,0,0.0,0.7862550960986313,0.0,1e-06,1.0,Utsuroi,1e-06,0.9803921568627451,2.3999999999999773,0
2013-09-16,0.45387169596000154,4.0,0.2469135802469136,0.0,0.0,0,0.0,0.7862550960986313,0.0,1e-06,1.0,Utsuroi,1e-06,0.9803921568627451,2.3999999999999773,0
2013-09-17,0.42402214227388924,3.0,0.3278688524590164,0.0,0.0,0,0.0,0.5921180353341292,0.0,1e-06,0.4119477187304471,Utsuroi,1e-06,0.9803921568627451,2.3999999999999773,0
2013-09-18,0.46941336941128325,3.0,0.3278688524590164,0.0,0.0,0,0.0,0.5921180353341292,0.0,1e-06,1.0,Utsuroi,1e-06,0.9803921568627451,2.3999999999999773,0
2013-09-19,0.44721660766180726,4.0,0.2469135802469136,0.0,0.0,0,0.0,0.7862550960986313,0.0,1e-06,0.2571937480065435,Utsuroi,1e-06,0.9803921568627451,2.3999999999999773,0
2013-09-20,0.45174446258546935,4.0,0.2469135802469136,0.0,0.0,0,0.0,0.7862550960986313,0.0,1e-06,1.0,Utsuroi,1e-06,0.9803921568627451,2.3999999999999773,0
2013-09-23,0.3945637788158398,3.0,0.3278688524590164,8.352265542355964e-10,0.9999999991637735,1,6.984386052698812e-19,0.5921180353341292,0.4166666666666706,1e-06,0.9311897541014452,Utsuroi,1e-06,0.9803921568627451,2.3999999999999773,0
2013-09-24,0.3749251934759475,3.0,0.3278688524590164,0.0,0.0,0,0.0,0.5921180353341292,0.0,1e-06,1.0,Utsuroi,1e-06,0.9803921568627451,2.3999999999999773,0
2013-09-25,0.3328301661563692,3.0,0.3278688524590164,0.0,0.0,0,0.0,0.5921180353341292,0.0,1e-06,1.0,Utsuroi,1e-06,0.9803921568627451,2.3999999999999773,0
2013-09-26,0.3358816860383516,3.0,0.3278688524590164,0.0,0.0,0,0.0,0.5921180353341292,0.0,1e-06,1.0,Utsuroi,1e-06,0.9803921568627451,2.3999999999999773,0
2013-09-27,0.3623083770188513,4.0,0.2469135802469136,0.0,0.0,0,0.0,0.7862550960986313,0.0,1e-06,0.2571937480065435,Utsuroi,1e-06,0.9803921568627451,2.3999999999999773,0
2013-09-30,0.38048758010777417,1.0,0.9523809523809523,1.24164234441776e-10,0.9999999998748358,1,1.554091860320017e-20,0.2038439138039604,0.4166666666666706,1e-06,0.32826813154921475,Utsuroi,1e-06,0.9803921568627451,2.3999999999999773,0
2013-10-01,0.3737391527806721,3.0,0.3278688524590164,2.0975654544396895e-10,0.9999999997892435,1,4.4207560266514604e-20,0.5921180353341292,0.4166666666666706,1e-06,0.9954077827316501,Utsuroi,1e-06,0.9803921568627451,2.3999999999999773,0
2013-10-02,0.37311928955211315,3.0,0.3278688524590164,9.853495796578864e-11,0.9999999999004651,1,9.807670720010815e-21,0.5921180353341292,0.4166666666666706,1e-06,1.0,Utsuroi,1e-06,0.9803921568627451,2.3999999999999773,0
2013-10-03,0.35670522219794243,3.0,0.3278688524590164,5.235467614852319e-11,0.9999999999466453,1,2.7933656326642665e-21,0.5921180353341292,0.4166666666666706,1e-06,1.0,Utsuroi,1e-06,0.9803921568627451,2.3999999999999773,0
2013-10-04,0.36910736822057505,3.0,0.3278688524590164,0.0,0.0,0,0.0,0.5921180353341292,0.0,1e-06,1.0,Utsuroi,1e-06,0.9803921568627451,2.3999999999999773,0
2013-10-07,0.35270309337603495,4.0,0.2469135802469136,0.0,0.0,0,0.0,0.7862550960986313,0.0,1e-06,0.2571937480065435,Utsuroi,1e-06,0.9803921568627451,2.3999999999999773,0
2013-10-08,0.31150810470501156,3.0,0.3278688524590164,9.286638124720568e-11,0.9999999999061336,1,8.717029093243536e-21,0.5921180353341292,0.4166666666666706,1e-06,0.9311897541014452,Utsuroi,1e-06,0.9803921568627451,2.3999999999999773,0
2013-10-09,0.28107778637327585,3.0,0.3278688524590164,1.940980709470891e-11,0.9999999999795902,1,3.9614998917423396e-22,0.5921180353341292,0.4166666666666706,1e-06,1.0,Utsuroi,1e-06,0.9803921568627451,2.3999999999999773,0
2013-10-10,0.30324298353039114,2.0,0.48780487804878053,0.0,0.0,0,0.0,0.397980974569239,0.0,1e-06,0.9607694763874296,Utsuroi,1e-06,0.9803921568627451,2.3999999999999773,0
2013-10-11,0.2903575463908139,3.0,0.3278688524590164,0.0,0.0,0,0.0,0.5921180353341292,0.0,1e-06,0.6780783736894441,Utsuroi,1e-06,0.9803921568627451,2.3999999999999773,0
2013-10-14,0.29231763573172376,3.5,0.28169014084507044,0.0,0.0,0,0.0,0.6891865657164289,0.0,1e-06,0.35618570543619965,Utsuroi,1e-06,0.9803921568627451,2.3999999999999773,0
2013-10-15,0.2967584981734746,2.0,0.48780487804878053,0.0,0.0,0,0.0,0.397980974569239,0.0,1e-06,0.9819304403344378,Utsuroi,1e-06,0.9803921568627451,2.3999999999999773,0
2013-10-16,0.3469776106706239,2.0,0.48780487804878053,0.0,0.0,0,0.0,0.397980974569239,0.0,1e-06,1.0,Utsuroi,1e-06,0.9803921568627451,2.3999999999999773,0
2013-10-17,0.37609810897166174,3.0,0.3278688524590164,0.0,0.0,0,0.0,0.5921180353341292,0.0,1e-06,0.6780783736894441,Utsuroi,1e-06,0.9803921568627451,2.3999999999999773,0
2013-10-18,0.28744738295149375,2.0,0.48780487804878053,0.0,0.0,0,0.0,0.397980974569239,0.0,1e-06,0.94402056715107,Utsuroi,1e-06,0.9803921568627451,2.3999999999999773,0
2013-10-21,0.2708749991466849,2.0,0.48780487804878053,0.0,0.0,0,0.0,0.397980974569239,0.0,1e-06,1.0,Utsuroi,1e-06,0.9803921568627451,2.3999999999999773,0
2013-10-22,0.33113120750993125,2.0,0.48780487804878053,0.0,0.0,0,0.0,0.397980974569239,0.0,1e-06,1.0,Utsuroi,1e-06,0.9803921568627451,2.3999999999999773,0
2013-10-23,0.3298745021685441,2.0,0.48780487804878053,1.8031354187361496e-11,0.9999999999809687,1,3.431606891361261e-22,0.397980974569239,0.4166666666666706,1e-06,0.626569176061171,Utsuroi,1e-06,0.9803921568627451,2.3999999999999773,0
2013-10-24,0.34414073508817156,2.0,0.48780487804878053,1.7976509169946057e-11,0.9999999999810235,1,3.4113099343902383e-22,0.397980974569239,0.4166666666666706,1e-06,1.0,Utsuroi,1e-06,0.9803921568627451,2.3999999999999773,0
2013-10-25,0.37413020220385107,3.0,0.3278688524590164,0.4739915902074813,0.8182800115335881,2,0.08613374630567974,0.5921180353341292,0.8333333333333413,1e-06,0.3707508639514593,Utsuroi,1e-06,0.9803921568627451,2.3999999999999773,0
2013-10-28,0.3670270084748919,2.0,0.48780487804878053,0.0,0.0,0,0.0,0.397980974569239,0.0,1e-06,0.976497481149747,Utsuroi,1e-06,0.9803921568627451,2.3999999999999773,0
2013-10-29,0.379876900711367,2.0,0.48780487804878053,0.0,0.0,0,0.0,0.397980974569239,0.0,1e-06,1.0,Utsuroi,1e-06,0.9803921568627451,2.3999999999999773,0
2013-10-30,0.4102312633773932,1.5,0.6451612903225806,0.0,0.0,0,0.0,0.3009124441866482,0.0,1e-06,0.41537396066669907,Utsuroi,1e-06,0.9803921568627451,2.3999999999999773,0
2013-10-31,0.4139979820867675,1.0,0.9523809523809523,1.0366474345054543e-10,0.9999999998953353,1,1.0850041485443262e-20,0.2038439138039604,0.4166666666666706,1e-06,0.17312450861970796,Utsuroi,1e-06,0.9803921568627451,2.3999999999999773,0
2013-11-01,0.41992344000919485,2.0,0.48780487804878053,1.5171719435158261e-10,0.9999999998472828,1,2.3169820901791302e-20,0.397980974569239,0.4166666666666706,1e-06,0.5275534116505773,Utsuroi,1e-06,0.9803921568627451,2.3999999999999773,0
2013-11-04,0.43438665563416545,2.0,0.48780487804878053,6.168887622751761e-11,0.9999999999373111,1,3.8672049618986346e-21,0.397980974569239,0.4166666666666706,1e-06,1.0,Utsuroi,1e-06,0.9803921568627451,2.3999999999999773,0
2013-11-05,0.49447684468971903,2.0,0.48780487804878053,6.17408346650668e-11,0.9999999999372592,1,3.873670134112204e-21,0.397980974569239,0.4166666666666706,1e-06,1.0,Utsuroi,1e-06,0.9803921568627451,2.3999999999999773,0
2013-11-06,0.5240293444335229,3.0,0.3278688524590164,8.389133831693808e-11,0.9999999999151087,1,7.121646127405437e-21,0.5921180353341292,0.4166666666666706,1e-06,0.6992452070080409,Utsuroi,1e-06,0.9803921568627451,2.3999999999999773,0
2013-11-07,0.5097112257888815,2.0,0.48780487804878053,0.0,0.0,0,0.0,0.397980974569239,0.0,1e-06,0.9607694763874296,Utsuroi,1e-06,0.9803921568627451,2.3999999999999773,0
2013-11-08,0.5279687848233939,3.0,0.3278688524590164,0.0,0.0,0,0.0,0.5921180353341292,0.0,1e-06,0.6780783736894441,Utsuroi,1e-06,0.9803921568627451,2.3999999999999773,0
2013-11-11,0.5254149823144979,1.0,0.9523809523809523,0.0,0.0,0,0.0,0.2038439138039604,0.0,1e-06,0.25714975000351514,Utsuroi,1e-06,0.9803921568627451,2.3999999999999773,0
2013-11-12,0.5058948135339432,3.0,0.3278688524590164,0.0,0.0,0,0.0,0.5921180353341292,0.0,1e-06,0.9950845868932232,Utsuroi,1e-06,0.9803921568627451,2.3999999999999773,0
2013-11-13,0.5418946992862104,3.0,0.3278688524590164,2.6220026149899897e-11,0.99999999997278,1,7.137092174289546e-22,0.5921180353341292,0.4166666666666706,1e-06,0.6433772853583279,Utsuroi,1e-06,0.9803921568627451,2.3999999999999773,0
2013-11-14,0.5923997921213423,2.0,0.48780487804878053,1.0229926390031971,0.5081601611171245,3,0.5031485347457001,0.397980974569239,1.2500000000000118,1e-06,0.12791043583864214,Utsuroi,1e-06,0.9803921568627451,2.3999999999999773,0
2013-11-15,0.5370667034513216,1.0,0.9523809523809523,4.007083553774302e-11,0.9999999999589292,1,1.645741809828559e-21,0.2038439138039604,0.4166666666666706,1e-06,0.7744875725938655,Utsuroi,1e-06,0.9803921568627451,2.3999999999999773,0
2013-11-18,0.4613667194779799,1.0,0.9523809523809523,1.4141243731443878e-11,0.9999999999848588,1,2.141157051765226e-22,0.2038439138039604,0.4166666666666706,1e-06,1.0,Utsuroi,1e-06,0.9803921568627451,2.3999999999999773,0
2013-11-19,0.4865718250612655,3.0,0.3278688524590164,0.08972594022714926,0.9821059367175394,2,0.0016055616525028835,0.5921180353341292,0.8333333333333413,1e-06,0.7996706353766995,Utsuroi,1e-06,0.9803921568627451,2.3999999999999773,0
2013-11-20,0.4916298535637702,2.0,0.48780487804878053,0.4789817492534556,0.8149388854676219,2,0.08864089635751253,0.397980974569239,0.8333333333333413,1e-06,0.8327827587781277,Utsuroi,1e-06,0.9803921568627451,2.3999999999999773,0
2013-11-21,0.45264560699831224,1.0,0.9523809523809523,0.4787158006451866,0.8151182143441751,2,0.08850583204494,0.2038439138039604,0.8333333333333413,1e-06,0.26447253886651867,Utsuroi,1e-06,0.9803921568627451,2.3999999999999773,0
2013-11-22,0.46969602884258704,2.0,0.48780487804878053,8.089640068890392e-12,0.9999999999909104,1,7.353173755666399e-23,0.397980974569239,0.4166666666666706,1e-06,0.4398513437082777,Utsuroi,1e-06,0.9803921568627451,2.3999999999999773,0
2013-11-25,0.44547868966214466,1.5,0.6451612903225806,2.739397597610589e-11,0.999999999971606,1,7.77823289764732e-22,0.3009124441866482,0.4166666666666706,1e-06,0.44854055336990273,Utsuroi,1e-06,0.9803921568627451,2.3999999999999773,0
2013-11-26,0.4301417752305493,3.0,0.3278688524590164,0.6223966558768584,0.6858299464810527,2,0.19553839068684647,0.5921180353341292,0.8333333333333413,1e-06,0.4168901060949822,Utsuroi,1e-06,0.9803921568627451,2.3999999999999773,0
2013-11-27,0.4206393600167941,3.5,0.28169014084507044,8.803402451415163e-12,0.9999999999901966,1,8.630310242701115e-23,0.6891865657164289,0.4166666666666706,1e-06,0.9604873993675999,Utsuroi,1e-06,0.9803921568627451,2.3999999999999773,0
2013-11-29,0.42592122685819406,3.0,0.3278688524590164,4.6290860032930656e-11,0.9999999999527092,1,2.1891335586395973e-21,0.5921180353341292,0.4166666666666706,1e-06,0.4895914385435791,Utsuroi,1e-06,0.9803921568627451,2.3999999999999773,0
2013-12-02,0.42980708833957443,3.5,0.28169014084507044,8.265832462896787e-12,0.9999999999907342,1,7.658963591349354e-23,0.6891865657164289,0.4166666666666706,1e-06,0.39209031182003395,Utsuroi,1e-06,0.9803921568627451,2.3999999999999773,0
2013-12-03,0.4187784409910153,2.0,0.48780487804878053,6.51922960057115e-12,0.9999999999924808,1,4.901943996914263e-23,0.397980974569239,0.4166666666666706,1e-06,0.9832376278863587,Utsuroi,1e-06,0.9803921568627451,2.3999999999999773,0
2013-12-04,0.4302370447978507,1.0,0.9523809523809523,8.902545367513212e-12,0.9999999999900975,1,8.815766244895922e-23,0.2038439138039604,0.4166666666666706,1e-06,0.18850564829223693,Utsuroi,1e-06,0.9803921568627451,2.3999999999999773,0
2013-12-05,0.4133132934249832,2.0,0.48780487804878053,8.659628569727604e-12,0.9999999999903404,1,8.364860396989026e-23,0.397980974569239,0.4166666666666706,1e-06,0.5275534116505773,Utsuroi,1e-06,0.9803921568627451,2.3999999999999773,0
2013-12-06,0.394200314387639,3.0,0.3278688524590164,1.4341305920478283e-11,0.9999999999846587,1,2.2001404417254843e-22,0.5921180353341292,0.4166666666666706,1e-06,0.6992452070080409,Utsuroi,1e-06,0.9803921568627451,2.3999999999999773,0
2013-12-09,0.3837897129596378,2.0,0.48780487804878053,9.40125755016977e-12,0.9999999999895988,1,9.778469310330939e-23,0.397980974569239,0.4166666666666706,1e-06,0.94807022962974,Utsuroi,1e-06,0.9803921568627451,2.3999999999999773,0
2013-12-10,0.38501094802585867,2.0,0.48780487804878053,0.6914808950107971,0.5288561938020367,2,0.3257869407885612,0.397980974569239,0.8333333333333413,1e-06,0.22772109105430016,Utsuroi,1e-06,0.9803921568627451,2.3999999999999773,0
2013-12-11,0.4323278758669488,4.0,0.2469135802469136,0.0,0.0,0,0.0,0.7862550960986313,0.0,1e-06,0.7094990182848446,Utsuroi,1e-06,0.9803921568627451,2.3999999999999773,0
2013-12-12,0.44869694350725786,2.0,0.48780487804878053,2.989308800446304e-11,0.9999999999691069,1,9.234891371747583e-22,0.397980974569239,0.4166666666666706,1e-06,0.8809996568374953,Utsuroi,1e-06,0.9803921568627451,2.3999999999999773,0
2013-12-13,0.44374489515879917,2.0,0.48780487804878053,4.334477221492032e-11,0.9999999999556552,1,1.9221130917599252e-21,0.397980974569239,0.4166666666666706,1e-06,1.0,Utsuroi,1e-06,0.9803921568627451,2.3999999999999773,0
2013-12-16,0.43237120841893284,4.0,0.2469135802469136,0.0,0.0,0,0.0,0.7862550960986313,0.0,1e-06,0.45759762402336657,Utsuroi,1e-06,0.9803921568627451,2.3999999999999773,0
2013-12-17,0.36197027359092665,4.0,0.2469135802469136,0.0,0.0,0,0.0,0.7862550960986313,0.0,1e-06,1.0,Utsuroi,1e-06,0.9803921568627451,2.3999999999999773,0
2013-12-18,0.3467259476112491,4.0,0.2469135802469136,0.0,0.0,0,0.0,0.7862550960986313,0.0,1e-06,1.0,Utsuroi,1e-06,0.9803921568627451,2.3999999999999773,0
2013-12-19,0.4057532310351027,5.0,0.19801980198019803,1.3803491682040056e-10,0.9999999998609651,1,1.9191670126199593e-20,0.9803921568627451,0.4166666666666706,1e-06,0.2741244165064556,Katashi,1e-06,0.9803921568627451,2.3999999999999773,0
2013-12-20,0.37412319813213857,4.0,0.2469135802469136,0.0,0.0,0,0.0,0.7862550960986313,0.0,1e-06,0.4903446774209609,Utsuroi,1e-06,0.9803921568627451,2.3999999999999773,0
2013-12-23,0.33035997046981536,4.0,0.2469135802469136,0.0,0.0,0,0.0,0.7862550960986313,0.0,1e-06,1.0,Utsuroi,1e-06,0.9803921568627451,2.3999999999999773,0
2013-12-24,0.3237432073061208,4.0,0.2469135802469136,0.0,0.0,0,0.0,0.7862550960986313,0.0,1e-06,1.0,Utsuroi,1e-06,0.9803921568627451,2.3999999999999773,0
2013-12-26,0.3265506926411271,3.0,0.3278688524590164,1.31925581561324e-10,0.9999999998670744,1,1.7536281734599526e-20,0.5921180353341292,0.4166666666666706,1e-06,0.9311897541014452,Utsuroi,1e-06,0.9803921568627451,2.3999999999999773,0
2013-12-27,0.3295768269663055,3.0,0.3278688524590164,0.3510766532418331,0.8878066415078397,2,0.03938846881538883,0.5921180353341292,0.8333333333333413,1e-06,0.39536576008608026,Utsuroi,1e-06,0.9803921568627451,2.3999999999999773,0
2013-12-30,0.3375973349744079,3.0,0.3278688524590164,2.079225680494298e-11,0.9999999999782078,1,4.531097398920817e-22,0.5921180353341292,0.4166666666666706,1e-06,0.6610025161882559,Utsuroi,1e-06,0.9803921568627451,2.3999999999999773,0
2013-12-31,0.3396184944447562,3.0,0.3278688524590164,0.6109423984513781,0.6999078049855572,2,0.18333904537866239,0.5921180353341292,0.8333333333333413,1e-06,0.34724530078688054,Utsuroi,1e-06,0.9803921568627451,2.3999999999999773,0
2014-01-02,0.31673558573588706,3.0,0.3278688524590164,2.153421885228353e-11,0.9999999999774658,1,4.85256324061821e-22,0.5921180353341292,0.4166666666666706,1e-06,0.8040255500631392,Utsuroi,1e-06,0.9803921568627451,2.3999999999999773,0
2014-01-03,0.2780950589291119,2.0,0.48780487804878053,3.133859838247929e-11,0.9999999999676614,1,1.0134456537134814e-21,0.397980974569239,0.4166666666666706,1e-06,0.94807022962974,Utsuroi,1e-06,0.9803921568627451,2.3999999999999773,0
2014-01-06,0.2807405886733286,2.5,0.3921568627450981,1.6436629834819e-11,0.9999999999825634,1,2.8659906655764656e-22,0.49504950495173267,0.4166666666666706,1e-06,0.93417372673189,Utsuroi,1e-06,0.9803921568627451,2.3999999999999773,0
2014-01-07,0.2836857170166626,3.0,0.3278688524590164,1.0990541809902888e-11,0.9999999999880095,1,1.3178230795622103e-22,0.5921180353341292,0.4166666666666706,1e-06,0.6076871028465857,Utsuroi,1e-06,0.9803921568627451,2.3999999999999773,0
2014-01-08,0.3220740762261058,3.0,0.3278688524590164,0.0,0.0,0,0.0,0.5921180353341292,0.0,1e-06,1.0,Utsuroi,1e-06,0.9803921568627451,2.3999999999999773,0
2014-01-09,0.2910225816730466,2.0,0.48780487804878053,0.0,0.0,0,0.0,0.397980974569239,0.0,1e-06,0.94402056715107,Utsuroi,1e-06,0.9803921568627451,2.3999999999999773,0
2014-01-10,0.3618106711737146,3.0,0.3278688524590164,0.0,0.0,0,0.0,0.5921180353341292,0.0,1e-06,0.6780783736894441,Utsuroi,1e-06,0.9803921568627451,2.3999999999999773,0
2014-01-13,0.3637346448911626,3.0,0.3278688524590164,4.506047756127073e-10,0.9999999995483952,1,2.034952586583878e-19,0.5921180353341292,0.4166666666666706,1e-06,0.6433772853583279,Utsuroi,1e-06,0.9803921568627451,2.3999999999999773,0
2014-01-14,0.28206839269703526,2.0,0.48780487804878053,6.195599588895297e-12,0.9999999999928044,1,4.458091679765208e-23,0.397980974569239,0.4166666666666706,1e-06,0.94807022962974,Utsuroi,1e-06,0.9803921568627451,2.3999999999999773,0
2014-01-15,0.2607337655628578,2.0,0.48780487804878053,1.4870771280913756e-11,0.9999999999841293,1,2.3601028080498826e-22,0.397980974569239,0.4166666666666706,1e-06,1.0,Utsuroi,1e-06,0.9803921568627451,2.3999999999999773,0
2014-01-16,0.2539355022607331,1.5,0.6451612903225806,0.65921099699614,0.6295193466747643,2,0.24422492084630998,0.3009124441866482,0.8333333333333413,1e-06,0.233486408766866,Utsuroi,1e-06,0.9803921568627451,2.3999999999999773,0
2014-01-17,0.25063176790928937,1.5,0.6451612903225806,0.7154033538663591,0.6822206422581597,3,0.2273404183180101,0.3009124441866482,1.2500000000000118,1e-06,0.40336226733694536,Utsuroi,1e-06,0.9803921568627451,2.3999999999999773,0
2014-01-21,0.24976395298255988,1.5,0.6451612903225806,0.8483137999209357,0.664558691833704,3,0.2845594907810002,0.3009124441866482,1.2500000000000118,1e-06,0.5040570409036164,Utsuroi,1e-06,0.9803921568627451,2.3999999999999773,0
2014-01-22,0.2592629555969535,2.0,0.48780487804878053,0.6769833270543946,0.7618460483324594,3,0.1612262545510431,0.397980974569239,1.2500000000000118,1e-06,0.6050339087843806,Utsuroi,1e-06,0.9803921568627451,2.3999999999999773,0
2014-01-23,0.1923296305167979,2.0,0.48780487804878053,0.8180157975183828,0.4898648610095272,3,0.4172986025634427,0.397980974569239,1.2500000000000118,1e-06,0.33582393397394406,Utsuroi,1e-06,0.9803921568627451,2.3999999999999773,0
2014-01-24,0.17070758393253754,4.0,0.2469135802469136,0.0,0.0,0,0.0,0.7862550960986313,0.0,1e-06,0.775206740978345,Utsuroi,1e-06,0.9803921568627451,2.3999999999999773,0
2014-01-27,0.19660035706722565,4.0,0.2469135802469136,0.0,0.0,0,0.0,0.7862550960986313,0.0,1e-06,1.0,Utsuroi,1e-06,0.9803921568627451,2.3999999999999773,0
2014-01-28,0.22473863359632237,4.0,0.2469135802469136,0.0,0.0,0,0.0,0.7862550960986313,0.0,1e-06,1.0,Utsuroi,1e-06,0.9803921568627451,2.3999999999999773,0
2014-01-29,0.21222303974170514,3.0,0.3278688524590164,0.0,0.0,0,0.0,0.5921180353341292,0.0,1e-06,0.4119477187304471,Utsuroi,1e-06,0.9803921568627451,2.3999999999999773,0
2014-01-30,0.2101863802441858,4.0,0.2469135802469136,0.0,0.0,0,0.0,0.7862550960986313,0.0,1e-06,0.2571937480065435,Utsuroi,1e-06,0.9803921568627451,2.3999999999999773,0
2014-01-31,0.20573123596871273,4.0,0.2469135802469136,0.0,0.0,0,0.0,0.7862550960986313,0.0,1e-06,1.0,Utsuroi,1e-06,0.9803921568627451,2.3999999999999773,0
2014-02-03,0.18226174651081756,4.5,0.21978021978021978,0.0,0.0,0,0.0,0.8833236264807367,0.0,1e-06,0.1437489972699032,Utsuroi,1e-06,0.9803921568627451,2.3999999999999773,0
2014-02-04,0.17216345871661493,2.0,0.48780487804878053,0.0,0.0,0,0.0,0.397980974569239,0.0,1e-06,0.8684996405041561,Utsuroi,1e-06,0.9803921568627451,2.3999999999999773,0
2014-02-05,0.18131889649881375,3.0,0.3278688524590164,0.0,0.0,0,0.0,0.5921180353341292,0.0,1e-06,0.6780783736894441,Utsuroi,1e-06,0.9803921568627451,2.3999999999999773,0
2014-02-06,0.18291685658340298,4.5,0.21978021978021978,0.0,0.0,0,0.0,0.8833236264807367,0.0,1e-06,0.1915050606168205,Utsuroi,1e-06,0.9803921568627451,2.3999999999999773,0
2014-02-07,0.2024170971913903,4.5,0.21978021978021978,0.0,0.0,0,0.0,0.8833236264807367,0.0,1e-06,1.0,Utsuroi,1e-06,0.9803921568627451,2.3999999999999773,0
2014-02-10,0.16291013758429473,4.5,0.21978021978021978,0.0,0.0,0,0.0,0.8833236264807367,0.0,1e-06,1.0,Utsuroi,1e-06,0.9803921568627451,2.3999999999999773,0
2014-02-11,0.15261063595109076,4.5,0.21978021978021978,0.0,0.0,0,0.0,0.8833236264807367,0.0,1e-06,1.0,Utsuroi,1e-06,0.9803921568627451,2.3999999999999773,0
2014-02-12,0.10183792158319843,4.5,0.21978021978021978,0.0,0.0,0,0.0,0.8833236264807367,0.0,1e-06,1.0,Utsuroi,1e-06,0.9803921568627451,2.3999999999999773,0
2014-02-13,0.1341336944120614,4.5,0.21978021978021978,0.0,0.0,0,0.0,0.8833236264807367,0.0,1e-06,1.0,Utsuroi,1e-06,0.9803921568627451,2.3999999999999773,0
2014-02-14,0.14291120147923525,3.5,0.28169014084507044,0.0,0.0,0,0.0,0.6891865657164289,0.0,1e-06,0.25537528127567666,Utsuroi,1e-06,0.9803921568627451,2.3999999999999773,0
2014-02-18,0.14562968362246814,2.0,0.48780487804878053,0.0,0.0,0,0.0,0.397980974569239,0.0,1e-06,0.9819304403344378,Utsuroi,1e-06,0.9803921568627451,2.3999999999999773,0
2014-02-19,0.18085406424690711,2.0,0.48780487804878053,0.0,0.0,0,0.0,0.397980974569239,0.0,1e-06,1.0,Utsuroi,1e-06,0.9803921568627451,2.3999999999999773,0
2014-02-20,0.18148091921147058,2.0,0.48780487804878053,0.0,0.0,0,0.0,0.397980974569239,0.0,1e-06,1.0,Utsuroi,1e-06,0.9803921568627451,2.3999999999999773,0
2014-02-21,0.18330401326554646,3.5,0.28169014084507044,0.0,0.0,0,0.0,0.6891865657164289,0.0,1e-06,0.5002297994530941,Utsuroi,1e-06,0.9803921568627451,2.3999999999999773,0
2014-02-24,0.17982963812345187,4.5,0.21978021978021978,0.0,0.0,0,0.0,0.8833236264807367,0.0,1e-06,0.16384340091593608,Utsuroi,1e-06,0.9803921568627451,2.3999999999999773,0
2014-02-25,0.19385968518826202,2.0,0.48780487804878053,0.0,0.0,0,0.0,0.397980974569239,0.0,1e-06,0.8684996405041561,Utsuroi,1e-06,0.9803921568627451,2.3999999999999773,0
2014-02-26,0.19988222740810013,2.0,0.48780487804878053,0.0,0.0,0,0.0,0.397980974569239,0.0,1e-06,1.0,Utsuroi,1e-06,0.9803921568627451,2.3999999999999773,0
2014-02-27,0.15540843869550205,3.5,0.28169014084507044,8.242001522310866e-10,0.9999999991747999,1,6.801300731378736e-19,0.6891865657164289,0.4166666666666706,1e-06,0.42463855465543165,Utsuroi,1e-06,0.9803921568627451,2.3999999999999773,0
2014-02-28,0.1387233545406192,2.0,0.48780487804878053,0.0,0.0,0,0.0,0.397980974569239,0.0,1e-06,0.9853383287734795,Utsuroi,1e-06,0.9803921568627451,2.3999999999999773,0
2014-03-03,0.14269567941325537,2.0,0.48780487804878053,0.0,0.0,0,0.0,0.397980974569239,0.0,1e-06,1.0,Utsuroi,1e-06,0.9803921568627451,2.3999999999999773,0
2014-03-04,0.12249171783211261,2.0,0.48780487804878053,0.0,0.0,0,0.0,0.397980974569239,0.0,1e-06,1.0,Utsuroi,1e-06,0.9803921568627451,2.3999999999999773,0
2014-03-05,0.1279328022695301,2.0,0.48780487804878053,0.0,0.0,0,0.0,0.397980974569239,0.0,1e-06,1.0,Utsuroi,1e-06,0.9803921568627451,2.3999999999999773,0
2014-03-06,0.18120540001098293,2.0,0.48780487804878053,0.0,0.0,0,0.0,0.397980974569239,0.0,1e-06,1.0,Utsuroi,1e-06,0.9803921568627451,2.3999999999999773,0
2014-03-07,0.25236574857354915,2.0,0.48780487804878053,0.0,0.0,0,0.0,0.397980974569239,0.0,1e-06,1.0,Utsuroi,1e-06,0.9803921568627451,2.3999999999999773,0
2014-03-10,0.23679609209136473,2.0,0.48780487804878053,8.245781834766276e-11,0.9999999999165422,1,6.881747801182158e-21,0.397980974569239,0.4166666666666706,1e-06,0.626569176061171,Utsuroi,1e-06,0.9803921568627451,2.3999999999999773,0
2014-03-11,0.23329121988311655,2.0,0.48780487804878053,8.219103175486756e-11,0.999999999916809,1,6.837554914761884e-21,0.397980974569239,0.4166666666666706,1e-06,1.0,Utsuroi,1e-06,0.9803921568627451,2.3999999999999773,0
2014-03-12,0.21721407588244415,2.0,0.48780487804878053,2.094788786655687e-10,0.9999999997895211,1,4.409087485625649e-20,0.397980974569239,0.4166666666666706,1e-06,1.0,Utsuroi,1e-06,0.9803921568627451,2.3999999999999773,0
2014-03-13,0.19174367731203684,2.0,0.48780487804878053,0.0,0.0,0,0.0,0.397980974569239,0.0,1e-06,1.0,Utsuroi,1e-06,0.9803921568627451,2.3999999999999773,0
2014-03-14,0.20866909950105497,2.0,0.48780487804878053,0.0,0.0,0,0.0,0.397980974569239,0.0,1e-06,1.0,Utsuroi,1e-06,0.9803921568627451,2.3999999999999773,0
2014-03-17,0.1843211831909256,3.0,0.3278688524590164,0.0,0.0,0,0.0,0.5921180353341292,0.0,1e-06,0.6780783736894441,Utsuroi,1e-06,0.9803921568627451,2.3999999999999773,0
2014-03-18,0.1736962358681563,3.0,0.3278688524590164,0.0,0.0,0,0.0,0.5921180353341292,0.0,1e-06,1.0,Utsuroi,1e-06,0.9803921568627451,2.3999999999999773,0
2014-03-19,0.25246657933075045,4.0,0.2469135802469136,0.0,0.0,0,0.0,0.7862550960986313,0.0,1e-06,0.2571937480065435,Utsuroi,1e-06,0.9803921568627451,2.3999999999999773,0
2014-03-20,0.2499140934529735,3.0,0.3278688524590164,0.0,0.0,0,0.0,0.5921180353341292,0.0,1e-06,0.4119477187304471,Utsuroi,1e-06,0.9803921568627451,2.3999999999999773,0
2014-03-21,0.213928314522862,2.0,0.48780487804878053,0.0,0.0,0,0.0,0.397980974569239,0.0,1e-06,0.94402056715107,Utsuroi,1e-06,0.9803921568627451,2.3999999999999773,0
2014-03-24,0.21426173642906185,2.5,0.3921568627450981,0.0,0.0,0,0.0,0.49504950495173267,0.0,1e-06,0.9289599823833057,Utsuroi,1e-06,0.9803921568627451,2.3999999999999773,0
2014-03-25,0.21199604247512968,3.0,0.3278688524590164,0.0,0.0,0,0.0,0.5921180353341292,0.0,1e-06,0.5800764981404318,Utsuroi,1e-06,0.9803921568627451,2.3999999999999773,0
2014-03-26,0.19998632266114097,2.5,0.3921568627450981,0.0,0.0,0,0.0,0.49504950495173267,0.0,1e-06,0.7371380855470016,Utsuroi,1e-06,0.9803921568627451,2.3999999999999773,0
2014-03-27,0.19992748470991792,3.0,0.3278688524590164,2.015928535009825e-10,0.9999999997974072,1,4.084126698072586e-20,0.5921180353341292,0.4166666666666706,1e-06,0.5133877145881712,Utsuroi,1e-06,0.9803921568627451,2.3999999999999773,0
2014-03-28,0.20045713097460716,2.0,0.48780487804878053,1.1964029759717733e-09,0.999999998802597,1,1.4325764582812804e-18,0.397980974569239,0.4166666666666706,1e-06,0.94807022962974,Utsuroi,1e-06,0.9803921568627451,2.3999999999999773,0
2014-03-31,0.2044236461332349,3.5,0.28169014084507044,6.027345289351072e-11,0.9999999999387266,1,3.693161243360427e-21,0.6891865657164289,0.4166666666666706,1e-06,0.5281012718396526,Utsuroi,1e-06,0.9803921568627451,2.3999999999999773,0
2014-04-01,0.1936117219568228,4.0,0.2469135802469136,0.0,0.0,0,0.0,0.7862550960986313,0.0,1e-06,0.713523028342031,Utsuroi,1e-06,0.9803921568627451,2.3999999999999773,0
2014-04-02,0.23048508099495282,5.0,0.19801980198019803,1.4755174858611893e-10,0.9999999998514483,1,2.1919066996936868e-20,0.9803921568627451,0.4166666666666706,1e-06,0.2741244165064556,Katashi,1e-06,0.9803921568627451,2.3999999999999773,0
2014-04-03,0.25183716997135386,5.0,0.19801980198019803,1.2162382212380004e-11,0.9999999999868376,1,1.6008565424062966e-22,0.9803921568627451,0.4166666666666706,1e-06,1.0,Katashi,1e-06,0.9803921568627451,2.3999999999999773,0
2014-04-04,0.26000539977076353,4.0,0.2469135802469136,0.6783373160136693,0.5858388262790515,2,0.28094097897893927,0.7862550960986313,0.8333333333333413,1e-06,0.5381810097622071,Utsuroi,1e-06,0.9803921568627451,2.3999999999999773,0
2014-04-07,0.23250238723064467,4.0,0.2469135802469136,9.480083384917333e-12,0.9999999999895199,1,9.935185465466752e-23,0.7862550960986313,0.4166666666666706,1e-06,0.8811607539889659,Utsuroi,1e-06,0.9803921568627451,2.3999999999999773,0
2014-04-08,0.2156091917625964,3.0,0.3278688524590164,0.6713604114816175,0.6039905820169836,2,0.2658650458076737,0.5921180353341292,0.8333333333333413,1e-06,0.4455867803940704,Utsuroi,1e-06,0.9803921568627451,2.3999999999999773,0
2014-04-09,0.1940796798742931,4.0,0.2469135802469136,0.5966938228705445,0.7159975915713299,2,0.1694624827897449,0.7862550960986313,0.8333333333333413,1e-06,0.8282954542755888,Utsuroi,1e-06,0.9803921568627451,2.3999999999999773,0
2014-04-10,0.1745272601794341,3.0,0.3278688524590164,0.6096054668477535,0.7014795484470666,2,0.18197969923252813,0.5921180353341292,0.8333333333333413,1e-06,0.6313581767412593,Utsuroi,1e-06,0.9803921568627451,2.3999999999999773,0
2014-04-11,0.1719047619047619,3.5,0.28169014084507044,0.5673794101741322,0.7453563849733448,2,0.14447954409843242,0.6891865657164289,0.8333333333333413,1e-06,0.7946800017812637,Utsuroi,1e-06,0.9803921568627451,2.3999999999999773,0
2014-04-14,0.1824424367902629,2.0,0.48780487804878053,0.8079259353081267,0.6989729306509841,3,0.243207576556868,0.397980974569239,1.2500000000000118,1e-06,0.44840293512385465,Utsuroi,1e-06,0.9803921568627451,2.3999999999999773,0
2014-04-15,0.16458665641317397,2.0,0.48780487804878053,6.970868326766498e-11,0.9999999999292913,1,4.929007664277545e-21,0.397980974569239,0.4166666666666706,1e-06,0.7370518959325649,Utsuroi,1e-06,0.9803921568627451,2.3999999999999773,0
2014-04-16,0.16450234126372532,2.0,0.48780487804878053,4.0126457711274454e-11,0.9999999999588736,1,1.6502581785336192e-21,0.397980974569239,0.4166666666666706,1e-06,1.0,Utsuroi,1e-06,0.9803921568627451,2.3999999999999773,0
2014-04-17,0.1796778611340658,2.0,0.48780487804878053,3.010081073236396e-11,0.9999999999688992,1,9.361589516107936e-22,0.397980974569239,0.4166666666666706,1e-06,1.0,Utsuroi,1e-06,0.9803921568627451,2.3999999999999773,0
2014-04-21,0.10434869124538769,2.0,0.48780487804878053,1.7738810420378292e-11,0.9999999999812612,1,3.3240381314060594e-22,0.397980974569239,0.4166666666666706,1e-06,1.0,Utsuroi,1e-06,0.9803921568627451,2.3999999999999773,0
2014-04-22,0.10506559014696444,2.0,0.48780487804878053,0.5891407078119334,0.7239947781239324,2,0.16260591177585618,0.397980974569239,0.8333333333333413,1e-06,0.3431318362823148,Utsuroi,1e-06,0.9803921568627451,2.3999999999999773,0
2014-04-23,0.09628701719795514,2.0,0.48780487804878053,2.0636159447684072e-11,0.9999999999783639,1,4.464867796954008e-22,0.397980974569239,0.4166666666666706,1e-06,0.7775553091570983,Utsuroi,1e-06,0.9803921568627451,2.3999999999999773,0
2014-04-24,0.10478038941447793,2.0,0.48780487804878053,0.5393859758493597,0.7699092472120347,2,0.12410772522645044,0.397980974569239,0.8333333333333413,1e-06,0.36384244711139946,Utsuroi,1e-06,0.9803921568627451,2.3999999999999773,0
2014-04-25,0.1025607860559997,1.0,0.9523809523809523,0.9427693748828896,0.5039299129233424,3,0.46767968589136105,0.2038439138039604,1.2500000000000118,1e-06,0.09305037403924166,Utsuroi,1e-06,0.9803921568627451,2.3999999999999773,0
2014-04-28,0.1136614290631056,2.0,0.48780487804878053,2.199274096144328e-11,0.9999999999770073,1,5.056729094471306e-22,0.397980974569239,0.4166666666666706,1e-06,0.6467194268824662,Utsuroi,1e-06,0.9803921568627451,2.3999999999999773,0
2014-04-29,0.11589714316014942,2.0,0.48780487804878053,0.6875217637593111,0.5529851886063224,2,0.307332411555917,0.397980974569239,0.8333333333333413,1e-06,0.2399122776238225,Utsuroi,1e-06,0.9803921568627451,2.3999999999999773,0
2014-04-30,0.11892157218850388,2.0,0.48780487804878053,0.6930295498250122,0.5076689673948984,2,0.34119995389119695,0.397980974569239,0.8333333333333413,1e-06,0.33634770946937154,Utsuroi,1e-06,0.9803921568627451,2.3999999999999773,0
2014-05-01,0.10615717403743007,2.0,0.48780487804878053,0.6109092216479408,0.6999469769819033,2,0.1833051587450971,0.397980974569239,0.8333333333333413,1e-06,0.56974348584491,Utsuroi,1e-06,0.9803921568627451,2.3999999999999773,0
2014-05-02,0.11018787621442105,2.0,0.48780487804878053,7.624900710786418e-12,0.9999999999913751,1,6.576384288449795e-23,0.397980974569239,0.4166666666666706,1e-06,0.7947625320789804,Utsuroi,1e-06,0.9803921568627451,2.3999999999999773,0
2014-05-05,0.08485606394757518,1.0,0.9523809523809523,0.7362791298918674,0.6277992913737279,3,0.27404361389248805,0.2038439138039604,1.2500000000000118,1e-06,0.10012136521990311,Utsuroi,1e-06,0.9803921568627451,2.3999999999999773,0
2014-05-06,0.08569543060693416,3.0,0.3278688524590164,0.5448884576050046,0.7653041246245272,2,0.12788307353959774,0.5921180353341292,0.8333333333333413,1e-06,0.7170954749858811,Utsuroi,1e-06,0.9803921568627451,2.3999999999999773,0
2014-05-07,0.0844048939189778,1.0,0.9523809523809523,0.6640213067681657,0.62008743483733,2,0.25227003797696207,0.2038439138039604,0.8333333333333413,1e-06,0.29368980365219444,Utsuroi,1e-06,0.9803921568627451,2.3999999999999773,0
2014-05-08,0.09429503503551591,1.5,0.6451612903225806,0.6931079979323824,0.5044261786554766,2,0.3434861791398028,0.3009124441866482,0.8333333333333413,1e-06,0.9059417552674607,Utsuroi,1e-06,0.9803921568627451,2.3999999999999773,0
2014-05-09,0.05193707613774424,1.0,0.9523809523809523,0.8138174348537344,0.5076465474366696,3,0.40068582380646933,0.2038439138039604,1.2500000000000118,1e-06,0.10699072449352198,Utsuroi,1e-06,0.9803921568627451,2.3999999999999773,0
2014-05-12,0.053270763762543555,1.0,0.9523809523809523,0.32772766563691963,0.8987926762474573,2,0.03316843995878079,0.2038439138039604,0.8333333333333413,1e-06,0.799038599196164,Utsuroi,1e-06,0.9803921568627451,2.3999999999999773,0
2014-05-13,0.06698515678827932,3.0,0.3278688524590164,0.9494026992056357,0.5714695560520081,4,0.4068479601760129,0.5921180353341292,1.6666666666666825,1e-06,0.32822559509539984,Utsuroi,1e-06,0.9803921568627451,2.3999999999999773,0
2014-05-14,0.08146156841462383,0.5,1.8181818181818181,1.018176854866233,0.4487138626831023,3,0.5613067854246732,0.1067753834211755,1.2500000000000118,1e-06,0.22604954717457004,Utsuroi,1e-06,0.9803921568627451,2.3999999999999773,0
2014-05-15,0.08828143936536931,1.0,0.9523809523809523,0.5640690713412427,0.748415627317334,2,0.14191096346308052,0.2038439138039604,0.8333333333333413,1e-06,0.1635841864458406,Utsuroi,1e-06,0.9803921568627451,2.3999999999999773,0
2014-05-16,0.0833031050212965,1.0,0.9523809523809523,0.5580781456183619,0.7538389910403217,2,0.13737707940376223,0.2038439138039604,0.8333333333333413,1e-06,0.7490664928295978,Utsuroi,1e-06,0.9803921568627451,2.3999999999999773,0
2014-05-19,0.08682138421063468,2.0,0.48780487804878053,0.3964514111508935,0.8646393951826452,2,0.05366390279407874,0.397980974569239,0.8333333333333413,1e-06,0.5835188312816101,Utsuroi,1e-06,0.9803921568627451,2.3999999999999773,0
2014-05-20,0.06673279524711055,3.0,0.3278688524590164,6.25466345380493e-12,0.9999999999927454,1,4.537534001041503e-23,0.5921180353341292,0.4166666666666706,1e-06,0.9584159825033827,Utsuroi,1e-06,0.9803921568627451,2.3999999999999773,0
2014-05-21,0.07042880710152664,2.0,0.48780487804878053,6.765477067431127e-12,0.9999999999922345,1,5.2537007353578043e-23,0.397980974569239,0.4166666666666706,1e-06,0.94807022962974,Utsuroi,1e-06,0.9803921568627451,2.3999999999999773,0
2014-05-22,0.06326430551293227,3.0,0.3278688524590164,0.5006289751995516,0.7998365172746419,2,0.10020763922916918,0.5921180353341292,0.8333333333333413,1e-06,0.364694398327985,Utsuroi,1e-06,0.9803921568627451,2.3999999999999773,0
2014-05-23,0.06669657937788487,1.0,0.9523809523809523,0.25317040596768653,0.9301810379727005,2,0.017676094960693913,0.2038439138039604,0.8333333333333413,1e-06,0.3639585764384782,Utsuroi,1e-06,0.9803921568627451,2.3999999999999773,0
2014-05-27,0.07894123159268158,1.0,0.9523809523809523,0.4439585455880624,0.8373985889851387,2,0.07218828594472455,0.2038439138039604,0.8333333333333413,1e-06,0.8650286766420502,Utsuroi,1e-06,0.9803921568627451,2.3999999999999773,0
2014-05-28,0.08224426263113115,1.0,0.9523809523809523,0.48073964258046376,0.8137499079376334,2,0.08953780268864062,0.2038439138039604,0.8333333333333413,1e-06,0.8334051286775958,Utsuroi,1e-06,0.9803921568627451,2.3999999999999773,0
2014-05-29,0.07904448208796036,0.5,1.8181818181818181,0.7685725288966676,0.5246539895653722,3,0.3653378853406836,0.1067753834211755,1.2500000000000118,1e-06,0.03296829699437398,Utsuroi,1e-06,0.9803921568627451,2.3999999999999773,0
2014-05-30,0.08037957211870256,1.0,0.9523809523809523,2.103484053581826e-11,0.9999999999779652,1,4.634988915813622e-22,0.2038439138039604,0.4166666666666706,1e-06,0.2601762815756913,Utsuroi,1e-06,0.9803921568627451,2.3999999999999773,0
2014-06-02,0.1027900119204467,1.0,0.9523809523809523,0.45877037031677914,0.8281736288286619,2,0.07882884793246314,0.2038439138039604,0.8333333333333413,1e-06,0.5427085385085464,Utsuroi,1e-06,0.9803921568627451,2.3999999999999773,0
2014-06-03,0.1272746094485225,2.0,0.48780487804878053,7.2492012392564346e-12,0.9999999999917508,1,5.979995948193557e-23,0.397980974569239,0.4166666666666706,1e-06,0.43418580970726195,Utsuroi,1e-06,0.9803921568627451,2.3999999999999773,0
2014-06-04,0.13421230942970075,1.0,0.9523809523809523,1.572852958972517e-11,0.9999999999832715,1,2.631148247046488e-22,0.2038439138039604,0.4166666666666706,1e-06,0.18850564829223693,Utsuroi,1e-06,0.9803921568627451,2.3999999999999773,0
2014-06-05,0.17571930484973963,1.0,0.9523809523809523,6.900702231829412e-12,0.9999999999920993,1,5.452024086901336e-23,0.2038439138039604,0.4166666666666706,1e-06,1.0,Utsuroi,1e-06,0.9803921568627451,2.3999999999999773,0
2014-06-06,0.17619612271786186,0.5,1.8181818181818181,0.21939123526913673,0.9427291302413664,2,0.012564726861284473,0.1067753834211755,0.8333333333333413,1e-06,0.012271003711357031,Utsuroi,1e-06,0.9803921568627451,2.3999999999999773,0
2014-06-09,0.16279754062362758,1.0,0.9523809523809523,0.6898918800240434,0.5403222436887805,2,0.31712795150678136,0.2038439138039604,0.8333333333333413,1e-06,0.709059319496502,Utsuroi,1e-06,0.9803921568627451,2.3999999999999773,0
2014-06-10,0.2027787188656754,1.0,0.9523809523809523,0.6502654331176295,0.6453705649143716,2,0.2306032632022164,0.2038439138039604,0.8333333333333413,1e-06,0.600995577278606,Utsuroi,1e-06,0.9803921568627451,2.3999999999999773,0
2014-06-11,0.19739067695589432,1.0,0.9523809523809523,0.27871923092437256,0.9200205286023931,2,0.022291816757678835,0.2038439138039604,0.8333333333333413,1e-06,0.9579729735122373,Utsuroi,1e-06,0.9803921568627451,2.3999999999999773,0
2014-06-12,0.19829663090532662,1.0,0.9523809523809523,0.5772387577213156,0.7359615586744213,2,0.15241322186144957,0.2038439138039604,0.8333333333333413,1e-06,0.7236033145688574,Utsuroi,1e-06,0.9803921568627451,2.3999999999999773,0
2014-06-13,0.1866145931363323,2.0,0.48780487804878053,1.3848144852947231e-11,0.9999999999851519,1,2.0561895437789108e-22,0.397980974569239,0.4166666666666706,1e-06,0.48639564207795494,Utsuroi,1e-06,0.9803921568627451,2.3999999999999773,0
2014-06-16,0.15938829286655376,2.0,0.48780487804878053,2.4832136346852804e-11,0.9999999999741679,1,6.414665825742434e-22,0.397980974569239,0.4166666666666706,1e-06,1.0,Utsuroi,1e-06,0.9803921568627451,2.3999999999999773,0
2014-06-17,0.19002384089340615,2.0,0.48780487804878053,9.495626507261922e-12,0.9999999999895044,1,9.966233921360347e-23,0.397980974569239,0.4166666666666706,1e-06,1.0,Utsuroi,1e-06,0.9803921568627451,2.3999999999999773,0
2014-06-18,0.2776152832674572,2.0,0.48780487804878053,9.101719378128973e-12,0.9999999999898983,1,9.194281367110857e-23,0.397980974569239,0.4166666666666706,1e-06,1.0,Utsuroi,1e-06,0.9803921568627451,2.3999999999999773,0
2014-06-19,0.2776868059476755,1.5,0.6451612903225806,0.2890180901971735,0.9157543930466288,2,0.02434850442916508,0.3009124441866482,0.8333333333333413,1e-06,0.2546877177482899,Utsuroi,1e-06,0.9803921568627451,2.3999999999999773,0
2014-06-20,0.2877867659361281,1.0,0.9523809523809523,1.4359957667291698e-11,0.9999999999846401,1,2.2056802420842363e-22,0.2038439138039604,0.4166666666666706,1e-06,0.4802506316486641,Utsuroi,1e-06,0.9803921568627451,2.3999999999999773,0
2014-06-23,0.28628423074907394,2.0,0.48780487804878053,1.482702849374422e-11,0.999999999984173,1,2.3466747445052224e-22,0.397980974569239,0.4166666666666706,1e-06,0.5275534116505773,Utsuroi,1e-06,0.9803921568627451,2.3999999999999773,0
2014-06-24,0.2628602061886886,1.5,0.6451612903225806,9.229728092866952e-12,0.9999999999897703,1,9.441740458414103e-23,0.3009124441866482,0.4166666666666706,1e-06,0.44854055336990273,Utsuroi,1e-06,0.9803921568627451,2.3999999999999773,0
2014-06-25,0.27746503951304335,2.0,0.48780487804878053,3.2757574430205806e-11,0.9999999999662424,1,1.1058155323454342e-21,0.397980974569239,0.4166666666666706,1e-06,0.653953434612548,Utsuroi,1e-06,0.9803921568627451,2.3999999999999773,0
2014-06-26,0.2530623397128929,1.0,0.9523809523809523,2.5152546711751295e-11,0.9999999999738475,1,6.578025963895725e-22,0.2038439138039604,0.4166666666666706,1e-06,0.18850564829223693,Utsuroi,1e-06,0.9803921568627451,2.3999999999999773,0
2014-06-27,0.25071738950750433,1.0,0.9523809523809523,5.4649396117995854e-11,0.9999999999443506,1,3.041204683325564e-21,0.2038439138039604,0.4166666666666706,1e-06,1.0,Utsuroi,1e-06,0.9803921568627451,2.3999999999999773,0
2014-06-30,0.251527303110481,1.0,0.9523809523809523,2.3273349911189974e-10,0.9999999997662665,1,5.439760996587237e-20,0.2038439138039604,0.4166666666666706,1e-06,1.0,Utsuroi,1e-06,0.9803921568627451,2.3999999999999773,0
2014-07-01,0.24064250097395784,2.0,0.48780487804878053,8.952727448225772e-12,0.9999999999900473,1,8.910385816114891e-23,0.397980974569239,0.4166666666666706,1e-06,0.5275534116505773,Utsuroi,1e-06,0.9803921568627451,2.3999999999999773,0
2014-07-02,0.24753068373721004,2.0,0.48780487804878053,9.014566870696774e-12,0.9999999999899855,1,9.027678331968282e-23,0.397980974569239,0.4166666666666706,1e-06,1.0,Utsuroi,1e-06,0.9803921568627451,2.3999999999999773,0
2014-07-03,0.2571891750186922,4.0,0.2469135802469136,5.6579185780730585e-12,0.9999999999933421,1,3.766983605140864e-23,0.7862550960986313,0.4166666666666706,1e-06,0.4061828898836165,Utsuroi,1e-06,0.9803921568627451,2.3999999999999773,0
2014-07-07,0.24456886200098885,4.0,0.2469135802469136,9.101830400431436e-12,0.9999999999898982,1,9.194494569096445e-23,0.7862550960986313,0.4166666666666706,1e-06,1.0,Utsuroi,1e-06,0.9803921568627451,2.3999999999999773,0
2014-07-08,0.19049460141733876,3.0,0.3278688524590164,1.0051959264895594e-11,0.9999999999889481,1,1.1109362196199532e-22,0.5921180353341292,0.4166666666666706,1e-06,0.45061304470716634,Utsuroi,1e-06,0.9803921568627451,2.3999999999999773,0
2014-07-09,0.1906274602735779,2.5,0.3921568627450981,0.6691467362749014,0.7712154945855179,3,0.15309040510836824,0.49504950495173267,1.2500000000000118,1e-06,0.25704896733628746,Utsuroi,1e-06,0.9803921568627451,2.3999999999999773,0
2014-07-10,0.17858425366622652,2.5,0.3921568627450981,0.4376072618255158,0.841240409302209,2,0.06947434977379995,0.49504950495173267,0.8333333333333413,1e-06,0.38868473880427645,Utsuroi,1e-06,0.9803921568627451,2.3999999999999773,0
2014-07-11,0.17686677670411646,2.5,0.3921568627450981,0.6819019579223016,0.5748431938512402,2,0.28991525853683175,0.49504950495173267,0.8333333333333413,1e-06,0.39616980500223875,Utsuroi,1e-06,0.9803921568627451,2.3999999999999773,0
2014-07-14,0.1753685006470022,3.0,0.3278688524590164,0.1092435285399998,0.9770671710912618,2,0.002505263149394669,0.5921180353341292,0.8333333333333413,1e-06,0.943958680287389,Utsuroi,1e-06,0.9803921568627451,2.3999999999999773,0
2014-07-15,0.19526724455221697,3.0,0.3278688524590164,8.909539772568283e-12,0.9999999999900905,1,8.82892416376321e-23,0.5921180353341292,0.4166666666666706,1e-06,0.6434542198350162,Utsuroi,1e-06,0.9803921568627451,2.3999999999999773,0
2014-07-16,0.1956737349044233,3.0,0.3278688524590164,0.5584135762220525,0.7535390669648014,2,0.13762713101520901,0.5921180353341292,0.8333333333333413,1e-06,0.3760059967142071,Utsuroi,1e-06,0.9803921568627451,2.3999999999999773,0
2014-07-17,0.17145360136330837,2.0,0.48780487804878053,4.1678882567324466e-12,0.9999999999948321,1,2.1539088576536737e-23,0.397980974569239,0.4166666666666706,1e-06,0.8216396414407606,Utsuroi,1e-06,0.9803921568627451,2.3999999999999773,0
2014-07-18,0.16247263985091984,2.0,0.48780487804878053,7.862599460356586e-12,0.9999999999911374,1,6.968289580043643e-23,0.397980974569239,0.4166666666666706,1e-06,1.0,Utsuroi,1e-06,0.9803921568627451,2.3999999999999773,0
2014-07-21,0.06213206845596504,2.0,0.48780487804878053,5.596301200206771e-12,0.9999999999934037,1,3.6914764523952603e-23,0.397980974569239,0.4166666666666706,1e-06,1.0,Utsuroi,1e-06,0.9803921568627451,2.3999999999999773,0
2014-07-22,0.07063898945943195,2.0,0.48780487804878053,5.66424684931338e-12,0.9999999999933358,1,3.774781391650938e-23,0.397980974569239,0.4166666666666706,1e-06,1.0,Utsuroi,1e-06,0.9803921568627451,2.3999999999999773,0
2014-07-23,0.07178823632426194,2.0,0.48780487804878053,4.48596715328586e-12,0.999999999994514,1,2.4609769216400923e-23,0.397980974569239,0.4166666666666706,1e-06,1.0,Utsuroi,1e-06,0.9803921568627451,2.3999999999999773,0
2014-07-24,0.06333333333333334,2.0,0.48780487804878053,1.0679679363011523e-11,0.9999999999883203,1,1.2473499440759098e-22,0.397980974569239,0.4166666666666706,1e-06,1.0,Utsuroi,1e-06,0.9803921568627451,2.3999999999999773,0
2014-07-25,0.0559664972708451,2.0,0.48780487804878053,0.5757524281355846,0.7374062734444129,2,0.15118897567755102,0.397980974569239,0.8333333333333413,1e-06,0.35004395006240685,Utsuroi,1e-06,0.9803921568627451,2.3999999999999773,0
2014-07-28,0.04576259489302968,2.0,0.48780487804878053,8.460121492204372e-12,0.9999999999905399,1,8.003359000299718e-23,0.397980974569239,0.4166666666666706,1e-06,0.7671448664154888,Utsuroi,1e-06,0.9803921568627451,2.3999999999999773,0
2014-07-29,0.05198506807202461,2.0,0.48780487804878053,9.092504527024678e-12,0.9999999999899075,1,9.176594195960712e-23,0.397980974569239,0.4166666666666706,1e-06,1.0,Utsuroi,1e-06,0.9803921568627451,2.3999999999999773,0
2014-07-30,0.09587615283267457,2.0,0.48780487804878053,5.234146449576368e-12,0.9999999999937659,1,3.263031971696553e-23,0.397980974569239,0.4166666666666706,1e-06,1.0,Utsuroi,1e-06,0.9803921568627451,2.3999999999999773,0
2014-07-31,0.13986260116694896,2.0,0.48780487804878053,8.418821195688705e-12,0.9999999999905812,1,7.929518528222908e-23,0.397980974569239,0.4166666666666706,1e-06,1.0,Utsuroi,1e-06,0.9803921568627451,2.3999999999999773,0
2014-08-01,0.13971955580651232,3.0,0.3278688524590164,0.0,0.0,0,0.0,0.5921180353341292,0.0,1e-06,0.7743965360196619,Utsuroi,1e-06,0.9803921568627451,2.3999999999999773,0
2014-08-04,0.1442129245059188,3.0,0.3278688524590164,0.0,0.0,0,0.0,0.5921180353341292,0.0,1e-06,1.0,Utsuroi,1e-06,0.9803921568627451,2.3999999999999773,0
2014-08-05,0.15707180216645547,2.0,0.48780487804878053,3.8094416509384533e-11,0.9999999999609056,1,1.4892781430149255e-21,0.397980974569239,0.4166666666666706,1e-06,0.6972185946430931,Utsuroi,1e-06,0.9803921568627451,2.3999999999999773,0
2014-08-06,0.15723922780719934,3.5,0.28169014084507044,0.0,0.0,0,0.0,0.6891865657164289,0.0,1e-06,0.5944856153193392,Utsuroi,1e-06,0.9803921568627451,2.3999999999999773,0
2014-08-07,0.14424283942618757,4.5,0.21978021978021978,0.0,0.0,0,0.0,0.8833236264807367,0.0,1e-06,0.16384340091593608,Utsuroi,1e-06,0.9803921568627451,2.3999999999999773,0
2014-08-08,0.1393441561223567,4.5,0.21978021978021978,0.0,0.0,0,0.0,0.8833236264807367,0.0,1e-06,1.0,Utsuroi,1e-06,0.9803921568627451,2.3999999999999773,0
2014-08-11,0.1505531159085978,3.5,0.28169014084507044,0.0,0.0,0,0.0,0.6891865657164289,0.0,1e-06,0.25537528127567666,Utsuroi,1e-06,0.9803921568627451,2.3999999999999773,0
2014-08-12,0.14661539773214857,3.5,0.28169014084507044,0.0,0.0,0,0.0,0.6891865657164289,0.0,1e-06,1.0,Utsuroi,1e-06,0.9803921568627451,2.3999999999999773,0
2014-08-13,0.18304778608968794,2.0,0.48780487804878053,0.0,0.0,0,0.0,0.397980974569239,0.0,1e-06,0.9819304403344378,Utsuroi,1e-06,0.9803921568627451,2.3999999999999773,0
2014-08-14,0.20186061356538537,3.5,0.28169014084507044,0.0,0.0,0,0.0,0.6891865657164289,0.0,1e-06,0.5002297994530941,Utsuroi,1e-06,0.9803921568627451,2.3999999999999773,0
2014-08-15,0.20083752677511563,4.5,0.21978021978021978,0.0,0.0,0,0.0,0.8833236264807367,0.0,1e-06,0.16384340091593608,Utsuroi,1e-06,0.9803921568627451,2.3999999999999773,0
2014-08-18,0.21288031074716318,4.5,0.21978021978021978,0.0,0.0,0,0.0,0.8833236264807367,0.0,1e-06,1.0,Utsuroi,1e-06,0.9803921568627451,2.3999999999999773,0
2014-08-19,0.22309081010980422,2.0,0.48780487804878053,0.0,0.0,0,0.0,0.397980974569239,0.0,1e-06,0.8684996405041561,Utsuroi,1e-06,0.9803921568627451,2.3999999999999773,0
2014-08-20,0.23162088209306794,3.0,0.3278688524590164,0.0,0.0,0,0.0,0.5921180353341292,0.0,1e-06,0.6780783736894441,Utsuroi,1e-06,0.9803921568627451,2.3999999999999773,0
2014-08-21,0.23167784580085873,3.0,0.3278688524590164,0.0,0.0,0,0.0,0.5921180353341292,0.0,1e-06,1.0,Utsuroi,1e-06,0.9803921568627451,2.3999999999999773,0
2014-08-22,0.23026947407274864,3.5,0.28169014084507044,0.0,0.0,0,0.0,0.6891865657164289,0.0,1e-06,0.35618570543619965,Utsuroi,1e-06,0.9803921568627451,2.3999999999999773,0
2014-08-25,0.22224571455000644,2.0,0.48780487804878053,3.046098928182617e-10,0.9999999996943901,1,9.309178997130108e-20,0.397980974569239,0.4166666666666706,1e-06,0.795334837425427,Utsuroi,1e-06,0.9803921568627451,2.3999999999999773,0
2014-08-26,0.23015180824749548,2.0,0.48780487804878053,1.188593223136671e-09,0.9999999988104068,1,1.4139424178568377e-18,0.397980974569239,0.4166666666666706,1e-06,1.0,Utsuroi,1e-06,0.9803921568627451,2.3999999999999773,0
2014-08-27,0.24833958840879472,4.0,0.2469135802469136,0.0,0.0,0,0.0,0.7862550960986313,0.0,1e-06,0.45759762402336657,Utsuroi,1e-06,0.9803921568627451,2.3999999999999773,0
2014-08-28,0.2332104005359901,5.0,0.19801980198019803,0.0,0.0,0,0.0,0.9803921568627451,0.0,1e-06,0.10801776800488538,Katashi,1e-06,0.9803921568627451,2.3999999999999773,0
2014-08-29,0.17453467995585628,4.0,0.2469135802469136,0.0,0.0,0,0.0,0.7862550960986313,0.0,1e-06,0.16295987926782451,Utsuroi,1e-06,0.9803921568627451,2.3999999999999773,0
2014-09-02,0.17077102949986758,5.0,0.19801980198019803,0.0,0.0,0,0.0,0.9803921568627451,0.0,1e-06,0.10801776800488538,Katashi,1e-06,0.9803921568627451,2.3999999999999773,0
2014-09-03,0.18621716366315166,3.0,0.3278688524590164,3.4624525468350704e-11,0.9999999999643755,1,1.2334815234447092e-21,0.5921180353341292,0.4166666666666706,1e-06,0.6810630754262063,Utsuroi,1e-06,0.9803921568627451,2.3999999999999773,0
2014-09-04,0.23748521688121518,4.0,0.2469135802469136,2.6079471914986164e-11,0.9999999999729206,1,7.062177503663087e-22,0.7862550960986313,0.4166666666666706,1e-06,0.2917098654484427,Utsuroi,1e-06,0.9803921568627451,2.3999999999999773,0
2014-09-05,0.2193785828547558,2.0,0.48780487804878053,0.39510786417909494,0.8653627181024127,2,0.05319624888943443,0.397980974569239,0.8333333333333413,1e-06,0.7250991881888311,Utsuroi,1e-06,0.9803921568627451,2.3999999999999773,0
2014-09-08,0.26634629498525453,3.0,0.3278688524590164,0.685908995239837,0.5600862073080822,2,0.30174082753745923,0.5921180353341292,0.8333333333333413,1e-06,0.3664726238800674,Utsuroi,1e-06,0.9803921568627451,2.3999999999999773,0
2014-09-09,0.34761737565179196,1.0,0.9523809523809523,0.3867413298015534,0.869813369200364,2,0.050348550717835096,0.2038439138039604,0.8333333333333413,1e-06,0.5190432130336776,Utsuroi,1e-06,0.9803921568627451,2.3999999999999773,0
2014-09-10,0.35859064040482375,2.0,0.48780487804878053,1.8794299449869095e-11,0.9999999999802057,1,3.7201957550265906e-22,0.397980974569239,0.4166666666666706,1e-06,0.4206469832255796,Utsuroi,1e-06,0.9803921568627451,2.3999999999999773,0
2014-09-11,0.3558399650747139,1.0,0.9523809523809523,0.6160120384155908,0.6938175332706186,2,0.18861208545708008,0.2038439138039604,0.8333333333333413,1e-06,0.13540447357521357,Utsuroi,1e-06,0.9803921568627451,2.3999999999999773,0
2014-09-12,0.4048496831772851,2.5,0.3921568627450981,0.12037614207100084,0.9740480144766085,2,0.003123999896388333,0.49504950495173267,0.8333333333333413,1e-06,0.8400669504234722,Utsuroi,1e-06,0.9803921568627451,2.3999999999999773,0
2014-09-15,0.35825126586501865,2.0,0.48780487804878053,1.330189291958289e-10,0.9999999998659811,1,1.7827051512187768e-20,0.397980974569239,0.4166666666666706,1e-06,0.7340932178536532,Utsuroi,1e-06,0.9803921568627451,2.3999999999999773,0
2014-09-16,0.3453237459855474,4.0,0.2469135802469136,1.8260615241942203e-11,0.9999999999807394,1,3.517102803033524e-22,0.7862550960986313,0.4166666666666706,1e-06,0.4061828898836165,Utsuroi,1e-06,0.9803921568627451,2.3999999999999773,0
2014-09-17,0.34039200259583036,2.0,0.48780487804878053,0.43235841966894883,0.8443661130541763,2,0.06728962140683217,0.397980974569239,0.8333333333333413,1e-06,0.7131522820674876,Utsuroi,1e-06,0.9803921568627451,2.3999999999999773,0
2014-09-18,0.3448392303771559,3.0,0.3278688524590164,0.4553813941081909,0.8303181454240801,2,0.07726995949164571,0.5921180353341292,0.8333333333333413,1e-06,0.7336919533816397,Utsuroi,1e-06,0.9803921568627451,2.3999999999999773,0
2014-09-19,0.34517130967634957,1.0,0.9523809523809523,0.3249255459976889,0.9000716353114692,2,0.03246927845707706,0.2038439138039604,0.8333333333333413,1e-06,0.35277477198001717,Utsuroi,1e-06,0.9803921568627451,2.3999999999999773,0
2014-09-22,0.3277171629852598,4.0,0.2469135802469136,0.6036025400918907,0.7083724492759045,2,0.17602713037784076,0.7862550960986313,0.8333333333333413,1e-06,0.6332040868586606,Utsuroi,1e-06,0.9803921568627451,2.3999999999999773,0
2014-09-23,0.31071596889657493,4.0,0.2469135802469136,0.6772356819128873,0.5889576471137485,2,0.2783725481519982,0.7862550960986313,0.8333333333333413,1e-06,0.47515657892177077,Utsuroi,1e-06,0.9803921568627451,2.3999999999999773,0
2014-09-24,0.30372957663570616,4.0,0.2469135802469136,0.8551422570940674,0.6745924348908372,3,0.27826975970293416,0.7862550960986313,1.2500000000000118,1e-06,0.39233208295374444,Utsuroi,1e-06,0.9803921568627451,2.3999999999999773,0
2014-09-25,0.27343877169993674,4.0,0.2469135802469136,7.639955334737545e-11,0.9999999999226005,1,5.913289615165111e-21,0.7862550960986313,0.4166666666666706,1e-06,0.8026702912442237,Utsuroi,1e-06,0.9803921568627451,2.3999999999999773,0
2014-09-26,0.27274602499408346,4.0,0.2469135802469136,5.870848251809376e-11,0.9999999999402915,1,3.505393103467417e-21,0.7862550960986313,0.4166666666666706,1e-06,1.0,Utsuroi,1e-06,0.9803921568627451,2.3999999999999773,0
2014-09-29,0.2329282299639002,2.0,0.48780487804878053,0.3871576922337985,0.8695940396469454,2,0.05048767066382085,0.397980974569239,0.8333333333333413,1e-06,0.7271174984107814,Utsuroi,1e-06,0.9803921568627451,2.3999999999999773,0
2014-09-30,0.2316283286606361,2.0,0.48780487804878053,0.6670215256004265,0.6137922080597696,2,0.2576089105787446,0.397980974569239,0.8333333333333413,1e-06,0.4434794762265697,Utsuroi,1e-06,0.9803921568627451,2.3999999999999773,0
2014-10-01,0.2202684191540111,4.0,0.2469135802469136,6.079015068913948e-11,0.9999999999382099,1,3.7562312268307436e-21,0.7862550960986313,0.4166666666666706,1e-06,0.7453520478793115,Utsuroi,1e-06,0.9803921568627451,2.3999999999999773,0
2014-10-02,0.21360384527102885,4.0,0.2469135802469136,0.0,0.0,0,0.0,0.7862550960986313,0.0,1e-06,1.0,Utsuroi,1e-06,0.9803921568627451,2.3999999999999773,0
2014-10-03,0.21958162465179235,5.0,0.19801980198019803,0.0,0.0,0,0.0,0.9803921568627451,0.0,1e-06,0.10801776800488538,Katashi,1e-06,0.9803921568627451,2.3999999999999773,0
2014-10-06,0.22590202696875827,5.0,0.19801980198019803,0.0,0.0,0,0.0,0.9803921568627451,0.0,1e-06,1.0,Katashi,1e-06,0.9803921568627451,2.3999999999999773,0
2014-10-07,0.20644641692372837,5.0,0.19801980198019803,0.0,0.0,0,0.0,0.9803921568627451,0.0,1e-06,1.0,Katashi,1e-06,0.9803921568627451,2.3999999999999773,0
2014-10-08,0.2575649218855973,5.0,0.19801980198019803,0.6461113204604729,0.65214079573635,2,0.22475576980111628,0.9803921568627451,0.8333333333333413,1e-06,0.4190706952024441,Katashi,1e-06,0.9803921568627451,2.3999999999999773,0
2014-10-09,0.2516150062441297,5.0,0.19801980198019803,1.9686918761649652e-11,0.9999999999793131,1,4.0726125358513848e-22,0.9803921568627451,0.4166666666666706,1e-06,0.8805733057079504,Katashi,1e-06,0.9803921568627451,2.3999999999999773,0
2014-10-10,0.23155467720685116,4.0,0.2469135802469136,0.5203149748402952,0.7851477515000306,2,0.11179084227264244,0.7862550960986313,0.8333333333333413,1e-06,0.8631290634238922,Utsuroi,1e-06,0.9803921568627451,2.3999999999999773,0
2014-10-13,0.2225666603927474,2.0,0.48780487804878053,1.2469802967894616e-11,0.9999999999865302,1,1.6796551317364176e-22,0.397980974569239,0.4166666666666706,1e-06,0.774348349069254,Utsuroi,1e-06,0.9803921568627451,2.3999999999999773,0
2014-10-14,0.20718928414580592,2.0,0.48780487804878053,1.5192291868840044e-11,0.9999999999838077,1,2.4599768801921873e-22,0.397980974569239,0.4166666666666706,1e-06,1.0,Utsuroi,1e-06,0.9803921568627451,2.3999999999999773,0
2014-10-15,0.1959840642449338,3.5,0.28169014084507044,0.19517363760220716,0.9511302868730782,2,0.009538079679557658,0.6891865657164289,0.8333333333333413,1e-06,0.33286585365605126,Utsuroi,1e-06,0.9803921568627451,2.3999999999999773,0
2014-10-16,0.18191793713532847,2.0,0.48780487804878053,0.32710493771465887,0.8990776190599888,2,0.03301220913139743,0.397980974569239,0.8333333333333413,1e-06,0.9979887561496192,Utsuroi,1e-06,0.9803921568627451,2.3999999999999773,0
2014-10-17,0.16232072275550538,2.0,0.48780487804878053,3.143818538778494e-11,0.9999999999675618,1,1.0197969904143058e-21,0.397980974569239,0.4166666666666706,1e-06,0.6398216072870739,Utsuroi,1e-06,0.9803921568627451,2.3999999999999773,0
2014-10-20,0.18477884434406178,2.0,0.48780487804878053,0.0,0.0,0,0.0,0.397980974569239,0.0,1e-06,1.0,Utsuroi,1e-06,0.9803921568627451,2.3999999999999773,0
2014-10-21,0.16027040592257985,4.0,0.2469135802469136,1.2392553649151146e-10,0.9999999998750745,1,1.5481461390721368e-20,0.7862550960986313,0.4166666666666706,1e-06,0.33476866852371223,Utsuroi,1e-06,0.9803921568627451,2.3999999999999773,0
2014-10-22,0.16632599284773197,3.0,0.3278688524590164,2.8055557876461017e-11,0.9999999999709445,1,8.151692650105443e-22,0.5921180353341292,0.4166666666666706,1e-06,0.45061304470716634,Utsuroi,1e-06,0.9803921568627451,2.3999999999999773,0
2014-10-23,0.168686241294937,3.0,0.3278688524590164,1.7667223238347213e-10,0.9999999998223278,1,3.1389746022237825e-20,0.5921180353341292,0.4166666666666706,1e-06,1.0,Utsuroi,1e-06,0.9803921568627451,2.3999999999999773,0
2014-10-24,0.17586235021017632,3.0,0.3278688524590164,0.0,0.0,0,0.0,0.5921180353341292,0.0,1e-06,1.0,Utsuroi,1e-06,0.9803921568627451,2.3999999999999773,0
2014-10-27,0.1900806098956662,4.0,0.2469135802469136,0.0,0.0,0,0.0,0.7862550960986313,0.0,1e-06,0.2571937480065435,Utsuroi,1e-06,0.9803921568627451,2.3999999999999773,0
2014-10-28,0.17951792244170323,3.0,0.3278688524590164,0.0,0.0,0,0.0,0.5921180353341292,0.0,1e-06,0.4119477187304471,Utsuroi,1e-06,0.9803921568627451,2.3999999999999773,0
2014-10-29,0.21600897873098468,4.0,0.2469135802469136,0.0,0.0,0,0.0,0.7862550960986313,0.0,1e-06,0.2571937480065435,Utsuroi,1e-06,0.9803921568627451,2.3999999999999773,0
2014-10-30,0.22303090632267059,4.5,0.21978021978021978,0.0,0.0,0,0.0,0.8833236264807367,0.0,1e-06,0.1437489972699032,Utsuroi,1e-06,0.9803921568627451,2.3999999999999773,0
2014-10-31,0.2334491477931416,2.0,0.48780487804878053,6.04715166810917e-11,0.9999999999385285,1,3.717274508772898e-21,0.397980974569239,0.4166666666666706,1e-06,0.9528325051433435,Utsuroi,1e-06,0.9803921568627451,2.3999999999999773,0
2014-11-03,0.22032475280748934,4.5,0.21978021978021978,9.480045632885869e-10,0.9999999990509955,1,8.99660636034672e-19,0.8833236264807367,0.4166666666666706,1e-06,0.3188856105933563,Utsuroi,1e-06,0.9803921568627451,2.3999999999999773,0
2014-11-04,0.22327186061978407,4.5,0.21978021978021978,3.818934057798627e-11,0.9999999999608107,1,1.4966142295748176e-21,0.8833236264807367,0.4166666666666706,1e-06,1.0,Utsuroi,1e-06,0.9803921568627451,2.3999999999999773,0
2014-11-05,0.21844400226675276,4.5,0.21978021978021978,0.0,0.0,0,0.0,0.8833236264807367,0.0,1e-06,1.0,Utsuroi,1e-06,0.9803921568627451,2.3999999999999773,0
2014-11-06,0.26425737984523395,2.0,0.48780487804878053,2.1294410678969868e-11,0.9999999999777056,1,4.747458657798841e-22,0.397980974569239,0.4166666666666706,1e-06,0.9528325051433435,Utsuroi,1e-06,0.9803921568627451,2.3999999999999773,0
2014-11-07,0.2271349674747484,3.0,0.3278688524590164,1.1849854430952087e-11,0.9999999999871502,1,1.5226864232751608e-22,0.5921180353341292,0.4166666666666706,1e-06,0.6992452070080409,Utsuroi,1e-06,0.9803921568627451,2.3999999999999773,0
2014-11-10,0.20001317523056658,2.0,0.48780487804878053,4.409916876011938e-11,0.9999999999549009,1,1.9888348785889647e-21,0.397980974569239,0.4166666666666706,1e-06,0.94807022962974,Utsuroi,1e-06,0.9803921568627451,2.3999999999999773,0
2014-11-11,0.22239977413890455,2.0,0.48780487804878053,0.46406439330985905,0.824781943312232,2,0.08131246117374155,0.397980974569239,0.8333333333333413,1e-06,0.3756434374651625,Utsuroi,1e-06,0.9803921568627451,2.3999999999999773,0
2014-11-12,0.24688437166698038,4.0,0.2469135802469136,6.20991036350908e-11,0.9999999999369009,1,3.91839640230144e-21,0.7862550960986313,0.4166666666666706,1e-06,0.6495654448547215,Utsuroi,1e-06,0.9803921568627451,2.3999999999999773,0
2014-11-13,0.19057218144174665,4.0,0.2469135802469136,2.7793989331866895e-11,0.999999999971206,1,8.002992174724526e-22,0.7862550960986313,0.4166666666666706,1e-06,1.0,Utsuroi,1e-06,0.9803921568627451,2.3999999999999773,0
2014-11-14,0.19386222473178993,3.0,0.3278688524590164,1.0783158055572122,0.4083169080393524,3,0.6380212299421277,0.5921180353341292,1.2500000000000118,1e-06,0.13465987463748685,Utsuroi,1e-06,0.9803921568627451,2.3999999999999773,0
2014-11-17,0.18117886943973896,3.0,0.3278688524590164,9.084399898573627e-11,0.999999999908156,1,8.343474141463773e-21,0.5921180353341292,0.4166666666666706,1e-06,0.8739006138717174,Utsuroi,1e-06,0.9803921568627451,2.3999999999999773,0
2014-11-18,0.200752242926156,3.0,0.3278688524590164,1.0546398479630845,0.47104236859507215,3,0.5578597959638063,0.5921180353341292,1.2500000000000118,1e-06,0.10937199919603424,Utsuroi,1e-06,0.9803921568627451,2.3999999999999773,0
2014-11-19,0.14193675889328067,4.0,0.2469135802469136,9.041434267892435e-12,0.9999999999899586,1,9.078876787688497e-23,0.7862550960986313,0.4166666666666706,1e-06,0.9943924998594739,Utsuroi,1e-06,0.9803921568627451,2.3999999999999773,0
2014-11-20,0.15724261246000376,4.0,0.2469135802469136,0.0,0.0,0,0.0,0.7862550960986313,0.0,1e-06,1.0,Utsuroi,1e-06,0.9803921568627451,2.3999999999999773,0
2014-11-21,0.21300646213689692,4.0,0.2469135802469136,0.0,0.0,0,0.0,0.7862550960986313,0.0,1e-06,1.0,Utsuroi,1e-06,0.9803921568627451,2.3999999999999773,0
2014-11-24,0.22461697722567292,2.0,0.48780487804878053,4.0633163499692405e-11,0.9999999999583669,1,1.6916862406521519e-21,0.397980974569239,0.4166666666666706,1e-06,0.8809996568374953,Utsuroi,1e-06,0.9803921568627451,2.3999999999999773,0
2014-11-25,0.20821444256226868,2.0,0.48780487804878053,7.963374404015543e-11,0.9999999999193663,1,6.421165172516591e-21,0.397980974569239,0.4166666666666706,1e-06,1.0,Utsuroi,1e-06,0.9803921568627451,2.3999999999999773,0
2014-11-26,0.24171089779785437,2.0,0.48780487804878053,0.0,0.0,0,0.0,0.397980974569239,0.0,1e-06,1.0,Utsuroi,1e-06,0.9803921568627451,2.3999999999999773,0
2014-11-28,0.23243679026287722,2.0,0.48780487804878053,1.0497380742370186e-11,0.9999999999885026,1,1.2069215097322438e-22,0.397980974569239,0.4166666666666706,1e-06,0.626569176061171,Utsuroi,1e-06,0.9803921568627451,2.3999999999999773,0
2014-12-01,0.25150950498776586,2.0,0.48780487804878053,1.5671908215470235e-11,0.9999999999833281,1,2.6128026864219654e-22,0.397980974569239,0.4166666666666706,1e-06,1.0,Utsuroi,1e-06,0.9803921568627451,2.3999999999999773,0
2014-12-02,0.21052700922266143,2.5,0.3921568627450981,1.4112599977408982e-11,0.9999999999848874,1,2.132777659063906e-22,0.49504950495173267,0.4166666666666706,1e-06,0.93417372673189,Utsuroi,1e-06,0.9803921568627451,2.3999999999999773,0
2014-12-03,0.2134117573248008,2.0,0.48780487804878053,1.263962268102006e-10,0.9999999998726038,1,1.6102399583589543e-20,0.397980974569239,0.4166666666666706,1e-06,0.8656910562154441,Utsuroi,1e-06,0.9803921568627451,2.3999999999999773,0
2014-12-04,0.22871761089152393,2.0,0.48780487804878053,6.474720759325613e-11,0.9999999999342528,1,4.2569466665377635e-21,0.397980974569239,0.4166666666666706,1e-06,1.0,Utsuroi,1e-06,0.9803921568627451,2.3999999999999773,0
2014-12-05,0.2487678022460631,2.0,0.48780487804878053,9.991174553848831e-11,0.9999999998990883,1,1.0082266432375115e-20,0.397980974569239,0.4166666666666706,1e-06,1.0,Utsuroi,1e-06,0.9803921568627451,2.3999999999999773,0
2014-12-08,0.2219706380575946,1.5,0.6451612903225806,0.7633652674293994,0.7269659723570294,3,0.20842469352900225,0.3009124441866482,1.2500000000000118,1e-06,0.16929090531912272,Utsuroi,1e-06,0.9803921568627451,2.3999999999999773,0
2014-12-09,0.21102766798418976,2.0,0.48780487804878053,0.5921507641263353,0.7208478579899624,2,0.165300154198747,0.397980974569239,0.8333333333333413,1e-06,0.2925704004645009,Utsuroi,1e-06,0.9803921568627451,2.3999999999999773,0
2014-12-10,0.16775644645209867,1.0,0.9523809523809523,0.6162453220662714,0.693532120780356,2,0.18885939693267667,0.2038439138039604,0.8333333333333413,1e-06,0.26832087336470734,Utsuroi,1e-06,0.9803921568627451,2.3999999999999773,0
2014-12-11,0.18010602923646404,1.0,0.9523809523809523,0.28383237833441527,0.9179149939680783,2,0.02329838248763516,0.2038439138039604,0.8333333333333413,1e-06,0.9560788650423808,Utsuroi,1e-06,0.9803921568627451,2.3999999999999773,0
2014-12-12,0.15786247568856265,2.0,0.48780487804878053,5.059497265458465e-11,0.999999999948405,1,2.6104451113922463e-21,0.397980974569239,0.4166666666666706,1e-06,0.4128978135325031,Utsuroi,1e-06,0.9803921568627451,2.3999999999999773,0
2014-12-15,0.1876635924462012,3.0,0.3278688524590164,0.0,0.0,0,0.0,0.5921180353341292,0.0,1e-06,0.7743965360196619,Utsuroi,1e-06,0.9803921568627451,2.3999999999999773,0
2014-12-16,0.17395507873768748,4.0,0.2469135802469136,0.0,0.0,0,0.0,0.7862550960986313,0.0,1e-06,0.2571937480065435,Utsuroi,1e-06,0.9803921568627451,2.3999999999999773,0
2014-12-17,0.16644519731476257,4.0,0.2469135802469136,0.0,0.0,0,0.0,0.7862550960986313,0.0,1e-06,1.0,Utsuroi,1e-06,0.9803921568627451,2.3999999999999773,0
2014-12-18,0.1530466152205283,4.0,0.2469135802469136,0.0,0.0,0,0.0,0.7862550960986313,0.0,1e-06,1.0,Utsuroi,1e-06,0.9803921568627451,2.3999999999999773,0
2014-12-19,0.14942279942279937,4.0,0.2469135802469136,0.0,0.0,0,0.0,0.7862550960986313,0.0,1e-06,1.0,Utsuroi,1e-06,0.9803921568627451,2.3999999999999773,0
2014-12-22,0.14598971077231948,3.0,0.3278688524590164,0.0,0.0,0,0.0,0.5921180353341292,0.0,1e-06,0.4119477187304471,Utsuroi,1e-06,0.9803921568627451,2.3999999999999773,0
2014-12-23,0.16229688186209928,4.0,0.2469135802469136,0.0,0.0,0,0.0,0.7862550960986313,0.0,1e-06,0.2571937480065435,Utsuroi,1e-06,0.9803921568627451,2.3999999999999773,0
2014-12-24,0.13676328502415463,4.0,0.2469135802469136,0.0,0.0,0,0.0,0.7862550960986313,0.0,1e-06,1.0,Utsuroi,1e-06,0.9803921568627451,2.3999999999999773,0
2014-12-26,0.13554739946044295,4.5,0.21978021978021978,0.0,0.0,0,0.0,0.8833236264807367,0.0,1e-06,0.1437489972699032,Utsuroi,1e-06,0.9803921568627451,2.3999999999999773,0
2014-12-29,0.14081623690319342,4.0,0.2469135802469136,0.0,0.0,0,0.0,0.7862550960986313,0.0,1e-06,0.1780593149015668,Utsuroi,1e-06,0.9803921568627451,2.3999999999999773,0
2014-12-30,0.12615408745843532,2.0,0.48780487804878053,0.0,0.0,0,0.0,0.397980974569239,0.0,1e-06,0.9201970374411016,Utsuroi,1e-06,0.9803921568627451,2.3999999999999773,0
2014-12-31,0.14637116506681724,4.0,0.2469135802469136,0.0,0.0,0,0.0,0.7862550960986313,0.0,1e-06,0.37724522703622543,Utsuroi,1e-06,0.9803921568627451,2.3999999999999773,0
2015-01-02,0.1306838572055964,4.5,0.21978021978021978,0.0,0.0,0,0.0,0.8833236264807367,0.0,1e-06,0.1437489972699032,Utsuroi,1e-06,0.9803921568627451,2.3999999999999773,0
2015-01-05,0.12400840705188534,4.0,0.2469135802469136,0.0,0.0,0,0.0,0.7862550960986313,0.0,1e-06,0.1780593149015668,Utsuroi,1e-06,0.9803921568627451,2.3999999999999773,0
2015-01-06,0.12381767990463645,4.0,0.2469135802469136,0.0,0.0,0,0.0,0.7862550960986313,0.0,1e-06,1.0,Utsuroi,1e-06,0.9803921568627451,2.3999999999999773,0
2015-01-07,0.1292772444946358,4.0,0.2469135802469136,0.0,0.0,0,0.0,0.7862550960986313,0.0,1e-06,1.0,Utsuroi,1e-06,0.9803921568627451,2.3999999999999773,0
2015-01-08,0.10386285212372172,4.5,0.21978021978021978,0.0,0.0,0,0.0,0.8833236264807367,0.0,1e-06,0.1437489972699032,Utsuroi,1e-06,0.9803921568627451,2.3999999999999773,0
2015-01-09,0.11096743835874272,4.5,0.21978021978021978,0.0,0.0,0,0.0,0.8833236264807367,0.0,1e-06,1.0,Utsuroi,1e-06,0.9803921568627451,2.3999999999999773,0
2015-01-12,0.10703369094673446,4.5,0.21978021978021978,0.0,0.0,0,0.0,0.8833236264807367,0.0,1e-06,1.0,Utsuroi,1e-06,0.9803921568627451,2.3999999999999773,0
2015-01-13,0.09684788387784192,4.5,0.21978021978021978,0.0,0.0,0,0.0,0.8833236264807367,0.0,1e-06,1.0,Utsuroi,1e-06,0.9803921568627451,2.3999999999999773,0
2015-01-14,0.09207854698909325,4.5,0.21978021978021978,0.0,0.0,0,0.0,0.8833236264807367,0.0,1e-06,1.0,Utsuroi,1e-06,0.9803921568627451,2.3999999999999773,0
2015-01-15,0.09940652081283301,4.0,0.2469135802469136,0.0,0.0,0,0.0,0.7862550960986313,0.0,1e-06,0.1780593149015668,Utsuroi,1e-06,0.9803921568627451,2.3999999999999773,0
2015-01-16,0.06562421053813813,4.0,0.2469135802469136,0.0,0.0,0,0.0,0.7862550960986313,0.0,1e-06,1.0,Utsuroi,1e-06,0.9803921568627451,2.3999999999999773,0
2015-01-20,0.06087928691279412,4.5,0.21978021978021978,0.0,0.0,0,0.0,0.8833236264807367,0.0,1e-06,0.1437489972699032,Utsuroi,1e-06,0.9803921568627451,2.3999999999999773,0
2015-01-21,0.061168791174981675,4.0,0.2469135802469136,0.0,0.0,0,0.0,0.7862550960986313,0.0,1e-06,0.1780593149015668,Utsuroi,1e-06,0.9803921568627451,2.3999999999999773,0
2015-01-22,0.056246293248802155,4.0,0.2469135802469136,1.634365975753649e-10,0.9999999998355634,1,2.6874954411297994e-20,0.7862550960986313,0.4166666666666706,1e-06,0.6987108106400262,Utsuroi,1e-06,0.9803921568627451,2.3999999999999773,0
2015-01-23,0.058557295326950067,3.0,0.3278688524590164,0.5286709527074578,0.7786025759537355,2,0.11704638709751568,0.5921180353341292,0.8333333333333413,1e-06,0.6942027487204555,Utsuroi,1e-06,0.9803921568627451,2.3999999999999773,0
2015-01-26,0.061582302792376906,2.0,0.48780487804878053,0.6102967707453719,0.7006685566792169,2,0.18268101324122524,0.397980974569239,0.8333333333333413,1e-06,0.7576155718528801,Utsuroi,1e-06,0.9803921568627451,2.3999999999999773,0
2015-01-27,0.03193961808723081,2.0,0.48780487804878053,0.0,0.0,0,0.0,0.397980974569239,0.0,1e-06,1.0,Utsuroi,1e-06,0.9803921568627451,2.3999999999999773,0
2015-01-28,0.02697904033844752,4.0,0.2469135802469136,0.0,0.0,0,0.0,0.7862550960986313,0.0,1e-06,0.37724522703622543,Utsuroi,1e-06,0.9803921568627451,2.3999999999999773,0
2015-01-29,0.02230699301353039,4.5,0.21978021978021978,0.0,0.0,0,0.0,0.8833236264807367,0.0,1e-06,0.1437489972699032,Utsuroi,1e-06,0.9803921568627451,2.3999999999999773,0
2015-01-30,0.011229592619674817,4.0,0.2469135802469136,1.0635015090222408e-10,0.9999999998926499,1,1.1416702395792522e-20,0.7862550960986313,0.4166666666666706,1e-06,0.9983370754654075,Utsuroi,1e-06,0.9803921568627451,2.3999999999999773,0
2015-02-02,0.009702379994291046,4.0,0.2469135802469136,5.2174597973938574e-11,0.9999999999468254,1,2.7743621175979367e-21,0.7862550960986313,0.4166666666666706,1e-06,1.0,Utsuroi,1e-06,0.9803921568627451,2.3999999999999773,0
2015-02-03,-0.024208765527577194,4.5,0.21978021978021978,0.0,0.0,0,0.0,0.8833236264807367,0.0,1e-06,0.6911767009476417,Utsuroi,1e-06,0.9803921568627451,2.3999999999999773,0
2015-02-04,-0.012266574744134466,4.0,0.2469135802469136,0.0,0.0,0,0.0,0.7862550960986313,0.0,1e-06,0.1780593149015668,Utsuroi,1e-06,0.9803921568627451,2.3999999999999773,0
2015-02-05,-0.01817978892645081,4.0,0.2469135802469136,0.0,0.0,0,0.0,0.7862550960986313,0.0,1e-06,1.0,Utsuroi,1e-06,0.9803921568627451,2.3999999999999773,0
2015-02-06,0.05447654243943351,4.0,0.2469135802469136,0.0,0.0,0,0.0,0.7862550960986313,0.0,1e-06,1.0,Utsuroi,1e-06,0.9803921568627451,2.3999999999999773,0
2015-02-09,0.03292274522925462,4.0,0.2469135802469136,0.0,0.0,0,0.0,0.7862550960986313,0.0,1e-06,1.0,Utsuroi,1e-06,0.9803921568627451,2.3999999999999773,0
2015-02-10,0.02674696397366261,5.0,0.19801980198019803,0.0,0.0,0,0.0,0.9803921568627451,0.0,1e-06,0.10801776800488538,Katashi,1e-06,0.9803921568627451,2.3999999999999773,0
2015-02-11,0.03127560918212063,5.0,0.19801980198019803,0.0,0.0,0,0.0,0.9803921568627451,0.0,1e-06,1.0,Katashi,1e-06,0.9803921568627451,2.3999999999999773,0
2015-02-12,0.04749878160939215,5.0,0.19801980198019803,0.0,0.0,0,0.0,0.9803921568627451,0.0,1e-06,1.0,Katashi,1e-06,0.9803921568627451,2.3999999999999773,0
2015-02-13,0.05116640896291589,5.0,0.19801980198019803,0.0,0.0,0,0.0,0.9803921568627451,0.0,1e-06,1.0,Katashi,1e-06,0.9803921568627451,2.3999999999999773,0
2015-02-17,0.07821490922996963,5.0,0.19801980198019803,0.0,0.0,0,0.0,0.9803921568627451,0.0,1e-06,1.0,Katashi,1e-06,0.9803921568627451,2.3999999999999773,0
2015-02-18,0.09705038669585306,5.0,0.19801980198019803,0.0,0.0,0,0.0,0.9803921568627451,0.0,1e-06,1.0,Katashi,1e-06,0.9803921568627451,2.3999999999999773,0
2015-02-19,0.13019221158810432,5.0,0.19801980198019803,0.0,0.0,0,0.0,0.9803921568627451,0.0,1e-06,1.0,Katashi,1e-06,0.9803921568627451,2.3999999999999773,0
2015-02-20,0.1472623720720559,4.0,0.2469135802469136,2.034850066200988e-11,0.9999999999786515,1,4.3440952971461665e-22,0.7862550960986313,0.4166666666666706,1e-06,0.753028755633758,Utsuroi,1e-06,0.9803921568627451,2.3999999999999773,0
2015-02-23,0.15051948051948053,4.0,0.2469135802469136,2.6775581751407048e-11,0.9999999999722244,1,7.437067675660786e-22,0.7862550960986313,0.4166666666666706,1e-06,1.0,Utsuroi,1e-06,0.9803921568627451,2.3999999999999773,0
2015-02-24,0.175576259489303,4.0,0.2469135802469136,0.0,0.0,0,0.0,0.7862550960986313,0.0,1e-06,1.0,Utsuroi,1e-06,0.9803921568627451,2.3999999999999773,0
2015-02-25,0.18455165049509017,4.0,0.2469135802469136,0.0,0.0,0,0.0,0.7862550960986313,0.0,1e-06,1.0,Utsuroi,1e-06,0.9803921568627451,2.3999999999999773,0
2015-02-26,0.2179312715488159,4.0,0.2469135802469136,4.5049297624550285e-11,0.9999999999539507,1,2.07448751756965e-21,0.7862550960986313,0.4166666666666706,1e-06,0.6987108106400262,Utsuroi,1e-06,0.9803921568627451,2.3999999999999773,0
2015-02-27,0.23181941011028517,4.0,0.2469135802469136,0.0,0.0,0,0.0,0.7862550960986313,0.0,1e-06,1.0,Utsuroi,1e-06,0.9803921568627451,2.3999999999999773,0
2015-03-02,0.26662948476837744,4.5,0.21978021978021978,1.5107437522042262e-10,0.9999999998479256,1,2.2974537883183263e-20,0.8833236264807367,0.4166666666666706,1e-06,0.44619194707956755,Utsuroi,1e-06,0.9803921568627451,2.3999999999999773,0
2015-03-03,0.26626083641063936,4.5,0.21978021978021978,0.0,0.0,0,0.0,0.8833236264807367,0.0,1e-06,1.0,Utsuroi,1e-06,0.9803921568627451,2.3999999999999773,0
2015-03-04,0.299126972564783,4.0,0.2469135802469136,0.0,0.0,0,0.0,0.7862550960986313,0.0,1e-06,0.1780593149015668,Utsuroi,1e-06,0.9803921568627451,2.3999999999999773,0
2015-03-05,0.30742569093716315,4.0,0.2469135802469136,0.0,0.0,0,0.0,0.7862550960986313,0.0,1e-06,1.0,Utsuroi,1e-06,0.9803921568627451,2.3999999999999773,0
2015-03-06,0.4157654510729843,2.0,0.48780487804878053,3.365582256761134e-10,0.9999999996624418,1,1.1360799006985743e-19,0.397980974569239,0.4166666666666706,1e-06,0.8809996568374953,Utsuroi,1e-06,0.9803921568627451,2.3999999999999773,0
2015-03-09,0.4250410131011343,2.0,0.48780487804878053,1.409772298887923e-11,0.9999999999849023,1,2.128432045957705e-22,0.397980974569239,0.4166666666666706,1e-06,1.0,Utsuroi,1e-06,0.9803921568627451,2.3999999999999773,0
2015-03-10,0.4159532225913634,2.0,0.48780487804878053,5.282552173449723e-12,0.9999999999937175,1,3.318779277962901e-23,0.397980974569239,0.4166666666666706,1e-06,1.0,Utsuroi,1e-06,0.9803921568627451,2.3999999999999773,0
2015-03-11,0.3801383777543485,2.0,0.48780487804878053,6.8998140534097194e-12,0.9999999999921002,1,5.450709538949645e-23,0.397980974569239,0.4166666666666706,1e-06,1.0,Utsuroi,1e-06,0.9803921568627451,2.3999999999999773,0
2015-03-12,0.37807484202394187,2.0,0.48780487804878053,0.35100945866376354,0.8878391231699384,2,0.03936952865937298,0.397980974569239,0.8333333333333413,1e-06,0.3753437701730161,Utsuroi,1e-06,0.9803921568627451,2.3999999999999773,0
2015-03-13,0.42143019806583615,3.5,0.28169014084507044,0.3870307780064755,0.8696609186565734,2,0.05044523605699571,0.6891865657164289,0.8333333333333413,1e-06,0.5860320461387544,Utsuroi,1e-06,0.9803921568627451,2.3999999999999773,0
2015-03-16,0.41866428344479073,3.5,0.28169014084507044,0.5056458515591703,0.796185012975831,2,0.10305820267435718,0.6891865657164289,0.8333333333333413,1e-06,0.7625442884335045,Utsuroi,1e-06,0.9803921568627451,2.3999999999999773,0
2015-03-17,0.4023375192446193,2.0,0.48780487804878053,0.14922027133206067,0.9657494721938102,2,0.005110873052505924,0.397980974569239,0.8333333333333413,1e-06,0.981142313107397,Utsuroi,1e-06,0.9803921568627451,2.3999999999999773,0
2015-03-18,0.4943658940575852,1.0,0.9523809523809523,0.44050582140532957,0.8394953114099869,2,0.07070324968675035,0.2038439138039604,0.8333333333333413,1e-06,0.2518456243523751,Utsuroi,1e-06,0.9803921568627451,2.3999999999999773,0
2015-03-19,0.5289862395928525,2.0,0.48780487804878053,0.823528533085274,0.675949199879516,3,0.26686508006833154,0.397980974569239,1.2500000000000118,1e-06,0.6737981979847539,Utsuroi,1e-06,0.9803921568627451,2.3999999999999773,0
2015-03-20,0.5482281310221081,2.0,0.48780487804878053,0.5340788711419796,0.7742588681515249,2,0.12056356886794636,0.397980974569239,0.8333333333333413,1e-06,0.38856298271184875,Utsuroi,1e-06,0.9803921568627451,2.3999999999999773,0
2015-03-23,0.525170955619764,2.0,0.48780487804878053,0.6278259839464225,0.7806426645155338,3,0.1377182349864005,0.397980974569239,1.2500000000000118,1e-06,0.22863698734270888,Utsuroi,1e-06,0.9803921568627451,2.3999999999999773,0
2015-03-24,0.5104506253681393,1.0,0.9523809523809523,0.5652013517828706,0.7473743709578863,2,0.1427843470296007,0.2038439138039604,0.8333333333333413,1e-06,0.5458728884790782,Utsuroi,1e-06,0.9803921568627451,2.3999999999999773,0
2015-03-25,0.5203330057793124,1.0,0.9523809523809523,0.6659496756333044,0.6160819277763022,2,0.2556701156671351,0.2038439138039604,0.8333333333333413,1e-06,0.5654806454252952,Utsuroi,1e-06,0.9803921568627451,2.3999999999999773,0
2015-03-26,0.5274970258323691,2.0,0.48780487804878053,0.6884096184622712,0.5486316556357026,2,0.310726309729773,0.397980974569239,0.8333333333333413,1e-06,0.8381244432873769,Utsuroi,1e-06,0.9803921568627451,2.3999999999999773,0
2015-03-27,0.5468727997818777,1.0,0.9523809523809523,0.6315454962081319,0.673674944141182,2,0.2060891193275036,0.2038439138039604,0.8333333333333413,1e-06,0.5052183938341643,Utsuroi,1e-06,0.9803921568627451,2.3999999999999773,0
2015-03-30,0.5379539218952925,1.0,0.9523809523809523,0.607685555440251,0.7037127999469297,2,0.1800494517340868,0.2038439138039604,0.8333333333333413,1e-06,0.6783098447935962,Utsuroi,1e-06,0.9803921568627451,2.3999999999999773,0
2015-03-31,0.519665236211871,2.0,0.48780487804878053,0.6510549674350692,0.6440455274710895,2,0.23174592752067708,0.397980974569239,0.8333333333333413,1e-06,0.7752145385449931,Utsuroi,1e-06,0.9803921568627451,2.3999999999999773,0
2015-04-01,0.5320627229972834,2.0,0.48780487804878053,0.0,0.0,0,0.0,0.397980974569239,0.0,1e-06,1.0,Utsuroi,1e-06,0.9803921568627451,2.3999999999999773,0
2015-04-02,0.5138823482333046,2.0,0.48780487804878053,2.4083290916762197e-11,0.9999999999749167,1,6.040876595419057e-22,0.397980974569239,0.4166666666666706,1e-06,0.626569176061171,Utsuroi,1e-06,0.9803921568627451,2.3999999999999773,0
2015-04-06,0.4950442311311876,1.5,0.6451612903225806,0.0,0.0,0,0.0,0.3009124441866482,0.0,1e-06,0.6540072087279694,Utsuroi,1e-06,0.9803921568627451,2.3999999999999773,0
2015-04-07,0.48166948993035946,1.0,0.9523809523809523,9.598544181643588e-12,0.9999999999894015,1,1.0173038225283391e-22,0.2038439138039604,0.4166666666666706,1e-06,0.17312450861970796,Utsuroi,1e-06,0.9803921568627451,2.3999999999999773,0
2015-04-08,0.40878763637282545,2.0,0.48780487804878053,6.230793658775662e-12,0.9999999999927692,1,4.505344544130097e-23,0.397980974569239,0.4166666666666706,1e-06,0.5275534116505773,Utsuroi,1e-06,0.9803921568627451,2.3999999999999773,0
2015-04-09,0.42153139858327204,2.0,0.48780487804878053,6.0361715625602596e-12,0.9999999999929639,1,4.2471405164869917e-23,0.397980974569239,0.4166666666666706,1e-06,1.0,Utsuroi,1e-06,0.9803921568627451,2.3999999999999773,0
2015-04-10,0.43942449748379214,1.0,0.9523809523809523,0.9718632146292214,0.4761921356201599,3,0.5090695949242586,0.2038439138039604,1.2500000000000118,1e-06,0.07871703077385561,Utsuroi,1e-06,0.9803921568627451,2.3999999999999773,0
2015-04-13,0.44347637869377005,2.0,0.48780487804878053,0.6209210894507788,0.6877095014166713,2,0.19390775660548737,0.397980974569239,0.8333333333333413,1e-06,0.28935333526284923,Utsuroi,1e-06,0.9803921568627451,2.3999999999999773,0
2015-04-14,0.4544670305539872,2.0,0.48780487804878053,2.0494272945140037e-11,0.9999999999785057,1,4.405090431311927e-22,0.397980974569239,0.4166666666666706,1e-06,0.8027906574475061,Utsuroi,1e-06,0.9803921568627451,2.3999999999999773,0
2015-04-15,0.42718061291816994,1.0,0.9523809523809523,0.7411274524468359,0.5324985414380543,3,0.3464781649991948,0.2038439138039604,1.2500000000000118,1e-06,0.0951623598234399,Utsuroi,1e-06,0.9803921568627451,2.3999999999999773,0
2015-04-16,0.433283369864018,1.0,0.9523809523809523,0.5832765089621994,0.7299822348197265,2,0.15749501943212488,0.2038439138039604,0.8333333333333413,1e-06,0.5251868437620617,Utsuroi,1e-06,0.9803921568627451,2.3999999999999773,0
2015-04-17,0.4319254220695143,2.0,0.48780487804878053,1.5832668509433262e-11,0.9999999999831674,1,2.665057103954065e-22,0.397980974569239,0.4166666666666706,1e-06,0.49052919598671674,Utsuroi,1e-06,0.9803921568627451,2.3999999999999773,0
2015-04-20,0.33889400025958655,2.0,0.48780487804878053,2.0273005496336974e-11,0.999999999978727,1,4.312673088816696e-22,0.397980974569239,0.4166666666666706,1e-06,1.0,Utsuroi,1e-06,0.9803921568627451,2.3999999999999773,0
2015-04-21,0.2964655245124213,1.0,0.9523809523809523,1.1607714789284423e-11,0.9999999999873923,1,1.4634650063695565e-22,0.2038439138039604,0.4166666666666706,1e-06,0.18850564829223693,Utsuroi,1e-06,0.9803921568627451,2.3999999999999773,0
2015-04-22,0.22350849857373198,3.0,0.3278688524590164,0.310621491840362,0.9064736400071274,2,0.02905129746738484,0.5921180353341292,0.8333333333333413,1e-06,0.7951502483017673,Utsuroi,1e-06,0.9803921568627451,2.3999999999999773,0
2015-04-23,0.2351433730557951,2.0,0.48780487804878053,0.6625101990213167,0.6231316464568647,2,0.24967912791069852,0.397980974569239,0.8333333333333413,1e-06,0.50295930878092,Utsuroi,1e-06,0.9803921568627451,2.3999999999999773,0
2015-04-24,0.2501515353087646,2.0,0.48780487804878053,1.0708887816405486,0.41837807576291447,3,0.6228523938216839,0.397980974569239,1.2500000000000118,1e-06,0.0976620719154706,Utsuroi,1e-06,0.9803921568627451,2.3999999999999773,0
2015-04-27,0.22532018253376837,2.0,0.48780487804878053,0.9654736640693129,0.4760000041073919,3,0.5059081960067412,0.397980974569239,1.2500000000000118,1e-06,0.2671534914272655,Utsuroi,1e-06,0.9803921568627451,2.3999999999999773,0
2015-04-28,0.18775557423889583,2.0,0.48780487804878053,0.45974287140370546,0.8275544241119003,2,0.07928062421966056,0.397980974569239,0.8333333333333413,1e-06,0.6386483270959246,Utsuroi,1e-06,0.9803921568627451,2.3999999999999773,0
2015-04-29,0.22880630521405448,2.0,0.48780487804878053,0.8233756405617263,0.6960980146116637,3,0.2502254918871018,0.397980974569239,1.2500000000000118,1e-06,0.22395103387681903,Utsuroi,1e-06,0.9803921568627451,2.3999999999999773,0
2015-04-30,0.23371957354756925,2.0,0.48780487804878053,0.5756567873407312,0.7374988795350785,2,0.15111055168017898,0.397980974569239,0.8333333333333413,1e-06,0.31687786765250736,Utsuroi,1e-06,0.9803921568627451,2.3999999999999773,0
2015-05-01,0.2200857365942193,1.0,0.9523809523809523,0.48133586855895083,0.8133452008346652,2,0.08984364987694295,0.2038439138039604,0.8333333333333413,1e-06,0.3279701658843306,Utsuroi,1e-06,0.9803921568627451,2.3999999999999773,0
2015-05-04,0.20357882280134712,3.0,0.3278688524590164,0.47046507492986656,0.820611432623688,2,0.08439605579225806,0.5921180353341292,0.8333333333333413,1e-06,0.9993920225709658,Utsuroi,1e-06,0.9803921568627451,2.3999999999999773,0
2015-05-05,0.23787014473817297,2.0,0.48780487804878053,0.5948543385321557,0.7179764536842348,2,0.1677629300941573,0.397980974569239,0.8333333333333413,1e-06,0.7372140719909985,Utsuroi,1e-06,0.9803921568627451,2.3999999999999773,0
2015-05-06,0.22467476502453632,2.0,0.48780487804878053,0.5054459140870929,0.79633169460874,2,0.10294331278905462,0.397980974569239,0.8333333333333413,1e-06,0.7414300638276079,Utsuroi,1e-06,0.9803921568627451,2.3999999999999773,0
2015-05-07,0.2388792158553853,2.5,0.3921568627450981,0.7937150754886189,0.6557796852368923,3,0.2732128531169161,0.49504950495173267,1.2500000000000118,1e-06,0.22698483926107726,Utsuroi,1e-06,0.9803921568627451,2.3999999999999773,0
2015-05-08,0.3024475341080085,3.0,0.3278688524590164,1.8848256288864805e-11,0.9999999999801518,1,3.7410460446744934e-22,0.5921180353341292,0.4166666666666706,1e-06,0.8246627317248516,Utsuroi,1e-06,0.9803921568627451,2.3999999999999773,0
2015-05-11,0.3746459780171223,2.0,0.48780487804878053,0.663746106892471,0.6206477990785187,2,0.2517935465027237,0.397980974569239,0.8333333333333413,1e-06,0.32235642890843197,Utsuroi,1e-06,0.9803921568627451,2.3999999999999773,0
2015-05-12,0.3732421946862211,2.0,0.48780487804878053,1.0522812615713866e-09,0.9999999989467188,1,1.1083481120212693e-18,0.397980974569239,0.4166666666666706,1e-06,0.8386992111478111,Utsuroi,1e-06,0.9803921568627451,2.3999999999999773,0
2015-05-13,0.3767595415945443,3.0,0.3278688524590164,8.019973573806355e-11,0.9999999999188003,1,6.5121955743015376e-21,0.5921180353341292,0.4166666666666706,1e-06,0.6992452070080409,Utsuroi,1e-06,0.9803921568627451,2.3999999999999773,0
2015-05-14,0.4136102569378328,3.0,0.3278688524590164,2.000566379021187e-10,0.9999999997989434,1,4.022271058504802e-20,0.5921180353341292,0.4166666666666706,1e-06,1.0,Utsuroi,1e-06,0.9803921568627451,2.3999999999999773,0
2015-05-15,0.44019205816458207,3.0,0.3278688524590164,0.0,0.0,0,0.0,0.5921180353341292,0.0,1e-06,1.0,Utsuroi,1e-06,0.9803921568627451,2.3999999999999773,0
2015-05-18,0.46232005849305324,3.0,0.3278688524590164,0.0,0.0,0,0.0,0.5921180353341292,0.0,1e-06,1.0,Utsuroi,1e-06,0.9803921568627451,2.3999999999999773,0
2015-05-19,0.49016919957707206,3.0,0.3278688524590164,0.0,0.0,0,0.0,0.5921180353341292,0.0,1e-06,1.0,Utsuroi,1e-06,0.9803921568627451,2.3999999999999773,0
2015-05-20,0.5067264103097159,3.0,0.3278688524590164,0.0,0.0,0,0.0,0.5921180353341292,0.0,1e-06,1.0,Utsuroi,1e-06,0.9803921568627451,2.3999999999999773,0
2015-05-21,0.5014338599150884,3.0,0.3278688524590164,0.0,0.0,0,0.0,0.5921180353341292,0.0,1e-06,1.0,Utsuroi,1e-06,0.9803921568627451,2.3999999999999773,0
2015-05-22,0.529447636913855,3.0,0.3278688524590164,0.0,0.0,0,0.0,0.5921180353341292,0.0,1e-06,1.0,Utsuroi,1e-06,0.9803921568627451,2.3999999999999773,0
2015-05-26,0.47196438779549377,3.0,0.3278688524590164,0.0,0.0,0,0.0,0.5921180353341292,0.0,1e-06,1.0,Utsuroi,1e-06,0.9803921568627451,2.3999999999999773,0
2015-05-27,0.4540114610803412,3.0,0.3278688524590164,0.0,0.0,0,0.0,0.5921180353341292,0.0,1e-06,1.0,Utsuroi,1e-06,0.9803921568627451,2.3999999999999773,0
2015-05-28,0.45184051222227106,3.0,0.3278688524590164,0.0,0.0,0,0.0,0.5921180353341292,0.0,1e-06,1.0,Utsuroi,1e-06,0.9803921568627451,2.3999999999999773,0
2015-05-29,0.4617821311037958,3.0,0.3278688524590164,0.0,0.0,0,0.0,0.5921180353341292,0.0,1e-06,1.0,Utsuroi,1e-06,0.9803921568627451,2.3999999999999773,0
2015-06-01,0.4276906837990547,3.0,0.3278688524590164,7.503353493798145e-11,0.9999999999239665,1,5.705063240573256e-21,0.5921180353341292,0.4166666666666706,1e-06,0.6433772853583279,Utsuroi,1e-06,0.9803921568627451,2.3999999999999773,0
2015-06-02,0.4283819350325382,2.0,0.48780487804878053,2.7209345887115954e-11,0.9999999999717907,1,7.6755724758510795e-22,0.397980974569239,0.4166666666666706,1e-06,0.94807022962974,Utsuroi,1e-06,0.9803921568627451,2.3999999999999773,0
2015-06-03,0.4641690553593409,2.0,0.48780487804878053,0.5724776659444,0.7405530337936058,2,0.14852759365019216,0.397980974569239,0.8333333333333413,1e-06,0.35157317847807656,Utsuroi,1e-06,0.9803921568627451,2.3999999999999773,0
2015-06-04,0.43730158730158736,3.0,0.3278688524590164,6.755673797918388e-11,0.9999999999314433,1,4.631468090054765e-21,0.5921180353341292,0.4166666666666706,1e-06,0.9672246632503506,Utsuroi,1e-06,0.9803921568627451,2.3999999999999773,0
2015-06-05,0.45735177865612653,2.0,0.48780487804878053,5.68499691749805e-11,0.99999999994215,1,3.2887677068472053e-21,0.397980974569239,0.4166666666666706,1e-06,0.94807022962974,Utsuroi,1e-06,0.9803921568627451,2.3999999999999773,0
2015-06-08,0.44376246941464337,1.5,0.6451612903225806,1.0301548502581237e-10,0.9999999998959845,1,1.071520336180668e-20,0.3009124441866482,0.4166666666666706,1e-06,0.44854055336990273,Utsuroi,1e-06,0.9803921568627451,2.3999999999999773,0
2015-06-09,0.4519875776397516,2.5,0.3921568627450981,7.100975363013035e-11,0.9999999999279903,1,5.113393293568116e-21,0.49504950495173267,0.4166666666666706,1e-06,0.9387920310588851,Utsuroi,1e-06,0.9803921568627451,2.3999999999999773,0
2015-06-10,0.386234393625698,4.0,0.2469135802469136,2.461997272685239e-11,0.99999999997438,1,6.307624851697297e-22,0.7862550960986313,0.4166666666666706,1e-06,0.33801183125514944,Utsuroi,1e-06,0.9803921568627451,2.3999999999999773,0
2015-06-11,0.3694742455612021,4.0,0.2469135802469136,0.0,0.0,0,0.0,0.7862550960986313,0.0,1e-06,1.0,Utsuroi,1e-06,0.9803921568627451,2.3999999999999773,0
2015-06-12,0.3754057864429878,3.0,0.3278688524590164,0.0,0.0,0,0.0,0.5921180353341292,0.0,1e-06,0.4119477187304471,Utsuroi,1e-06,0.9803921568627451,2.3999999999999773,0
2015-06-15,0.3698491142343095,4.0,0.2469135802469136,5.995892671065364e-11,0.9999999999390411,1,3.655030492720966e-21,0.7862550960986313,0.4166666666666706,1e-06,0.31999231935882566,Utsuroi,1e-06,0.9803921568627451,2.3999999999999773,0
2015-06-16,0.3445034971676205,4.0,0.2469135802469136,6.022293774589336e-11,0.9999999999387771,1,3.687023836369503e-21,0.7862550960986313,0.4166666666666706,1e-06,1.0,Utsuroi,1e-06,0.9803921568627451,2.3999999999999773,0
2015-06-17,0.3144191986754543,5.0,0.19801980198019803,6.861911039137428e-11,0.9999999999303809,1,4.777199903488488e-21,0.9803921568627451,0.4166666666666706,1e-06,0.13694452215812025,Katashi,1e-06,0.9803921568627451,2.3999999999999773,0
2015-06-18,0.324778629129761,5.0,0.19801980198019803,0.5920942017686799,0.720907471400275,2,0.16524906794085664,0.9803921568627451,0.8333333333333413,1e-06,0.49574395040850416,Katashi,1e-06,0.9803921568627451,2.3999999999999773,0
2015-06-19,0.30472754218451825,5.0,0.19801980198019803,0.6925857127128918,0.5167535482569233,2,0.33468958819645483,0.9803921568627451,0.8333333333333413,1e-06,0.4595776537612005,Katashi,1e-06,0.9803921568627451,2.3999999999999773,0
2015-06-22,0.28377086491313636,4.0,0.2469135802469136,2.4859669877862794e-11,0.9999999999741404,1,6.428623063838219e-22,0.7862550960986313,0.4166666666666706,1e-06,0.7001893449506531,Utsuroi,1e-06,0.9803921568627451,2.3999999999999773,0
2015-06-23,0.26454306654022597,3.0,0.3278688524590164,1.674083094356094e-11,0.9999999999822592,1,2.969958812910978e-22,0.5921180353341292,0.4166666666666706,1e-06,0.45061304470716634,Utsuroi,1e-06,0.9803921568627451,2.3999999999999773,0
2015-06-24,0.2526228083825818,3.0,0.3278688524590164,1.2560286144400344e-11,0.9999999999864397,1,1.7032079631962939e-22,0.5921180353341292,0.4166666666666706,1e-06,1.0,Utsuroi,1e-06,0.9803921568627451,2.3999999999999773,0
2015-06-25,0.2692526564195185,3.0,0.3278688524590164,1.4571122086572137e-11,0.9999999999844289,1,2.26888398611837e-22,0.5921180353341292,0.4166666666666706,1e-06,1.0,Utsuroi,1e-06,0.9803921568627451,2.3999999999999773,0
2015-06-26,0.25152689493507535,3.0,0.3278688524590164,1.5961010291077762e-11,0.999999999983039,1,2.707145067202533e-22,0.5921180353341292,0.4166666666666706,1e-06,1.0,Utsuroi,1e-06,0.9803921568627451,2.3999999999999773,0
2015-06-29,0.22525212273319353,3.0,0.3278688524590164,0.0,0.0,0,0.0,0.5921180353341292,0.0,1e-06,1.0,Utsuroi,1e-06,0.9803921568627451,2.3999999999999773,0
2015-06-30,0.24501688327579896,3.0,0.3278688524590164,0.0,0.0,0,0.0,0.5921180353341292,0.0,1e-06,1.0,Utsuroi,1e-06,0.9803921568627451,2.3999999999999773,0
2015-07-01,0.24360854672107798,4.0,0.2469135802469136,5.052303020259265e-11,0.999999999948477,1,2.6030984934653826e-21,0.7862550960986313,0.4166666666666706,1e-06,0.31999231935882566,Utsuroi,1e-06,0.9803921568627451,2.3999999999999773,0
2015-07-02,0.2475912351338953,2.0,0.48780487804878053,3.681244198289916e-11,0.9999999999621876,1,1.3919675123989759e-21,0.397980974569239,0.4166666666666706,1e-06,0.9259701410027903,Utsuroi,1e-06,0.9803921568627451,2.3999999999999773,0
2015-07-06,0.19406629483377016,2.0,0.48780487804878053,8.105316417702325e-11,0.9999999999179469,1,6.650666794521909e-21,0.397980974569239,0.4166666666666706,1e-06,1.0,Utsuroi,1e-06,0.9803921568627451,2.3999999999999773,0
2015-07-07,0.20832292687638967,4.5,0.21978021978021978,0.0,0.0,0,0.0,0.8833236264807367,0.0,1e-06,0.3577835822793878,Utsuroi,1e-06,0.9803921568627451,2.3999999999999773,0
2015-07-08,0.1471172661796244,3.5,0.28169014084507044,0.0,0.0,0,0.0,0.6891865657164289,0.0,1e-06,0.25537528127567666,Utsuroi,1e-06,0.9803921568627451,2.3999999999999773,0
2015-07-09,0.14351846295035753,4.5,0.21978021978021978,0.0,0.0,0,0.0,0.8833236264807367,0.0,1e-06,0.16384340091593608,Utsuroi,1e-06,0.9803921568627451,2.3999999999999773,0
2015-07-10,0.10743131469345403,4.5,0.21978021978021978,0.0,0.0,0,0.0,0.8833236264807367,0.0,1e-06,1.0,Utsuroi,1e-06,0.9803921568627451,2.3999999999999773,0
2015-07-13,0.11204027856201774,4.5,0.21978021978021978,0.0,0.0,0,0.0,0.8833236264807367,0.0,1e-06,1.0,Utsuroi,1e-06,0.9803921568627451,2.3999999999999773,0
2015-07-14,0.08376497898237029,4.5,0.21978021978021978,0.0,0.0,0,0.0,0.8833236264807367,0.0,1e-06,1.0,Utsuroi,1e-06,0.9803921568627451,2.3999999999999773,0
2015-07-15,0.07399021268586489,4.5,0.21978021978021978,0.0,0.0,0,0.0,0.8833236264807367,0.0,1e-06,1.0,Utsuroi,1e-06,0.9803921568627451,2.3999999999999773,0
2015-07-16,0.08128552606813479,4.5,0.21978021978021978,0.0,0.0,0,0.0,0.8833236264807367,0.0,1e-06,1.0,Utsuroi,1e-06,0.9803921568627451,2.3999999999999773,0
2015-07-17,0.07506305288913985,4.5,0.21978021978021978,0.0,0.0,0,0.0,0.8833236264807367,0.0,1e-06,1.0,Utsuroi,1e-06,0.9803921568627451,2.3999999999999773,0
2015-07-20,0.08200075287031809,4.5,0.21978021978021978,0.0,0.0,0,0.0,0.8833236264807367,0.0,1e-06,1.0,Utsuroi,1e-06,0.9803921568627451,2.3999999999999773,0
2015-07-21,0.05939958592132505,4.0,0.2469135802469136,0.0,0.0,0,0.0,0.7862550960986313,0.0,1e-06,0.1780593149015668,Utsuroi,1e-06,0.9803921568627451,2.3999999999999773,0
2015-07-22,0.06412008281573502,4.0,0.2469135802469136,0.0,0.0,0,0.0,0.7862550960986313,0.0,1e-06,1.0,Utsuroi,1e-06,0.9803921568627451,2.3999999999999773,0
2015-07-23,0.05682475259905336,4.5,0.21978021978021978,0.0,0.0,0,0.0,0.8833236264807367,0.0,1e-06,0.1437489972699032,Utsuroi,1e-06,0.9803921568627451,2.3999999999999773,0
2015-07-24,0.054749450132724586,4.5,0.21978021978021978,0.0,0.0,0,0.0,0.8833236264807367,0.0,1e-06,1.0,Utsuroi,1e-06,0.9803921568627451,2.3999999999999773,0
2015-07-27,0.05677548837753921,4.5,0.21978021978021978,0.0,0.0,0,0.0,0.8833236264807367,0.0,1e-06,1.0,Utsuroi,1e-06,0.9803921568627451,2.3999999999999773,0
2015-07-28,0.03480480885410547,4.5,0.21978021978021978,0.0,0.0,0,0.0,0.8833236264807367,0.0,1e-06,1.0,Utsuroi,1e-06,0.9803921568627451,2.3999999999999773,0
2015-07-29,0.03235562570790539,4.5,0.21978021978021978,0.0,0.0,0,0.0,0.8833236264807367,0.0,1e-06,1.0,Utsuroi,1e-06,0.9803921568627451,2.3999999999999773,0
2015-07-30,0.03999967025981803,4.5,0.21978021978021978,0.0,0.0,0,0.0,0.8833236264807367,0.0,1e-06,1.0,Utsuroi,1e-06,0.9803921568627451,2.3999999999999773,0
2015-07-31,0.06943617763828881,4.5,0.21978021978021978,2.38941089133708e-11,0.9999999999751059,1,5.948220211059986e-22,0.8833236264807367,0.4166666666666706,1e-06,0.7245251908070922,Utsuroi,1e-06,0.9803921568627451,2.3999999999999773,0
2015-08-03,0.0798207258136886,3.0,0.3278688524590164,1.914512992564364e-11,0.9999999999798549,1,3.856807062760885e-22,0.5921180353341292,0.4166666666666706,1e-06,0.41997018127136343,Utsuroi,1e-06,0.9803921568627451,2.3999999999999773,0
2015-08-04,0.08104907749025758,2.0,0.48780487804878053,0.0,0.0,0,0.0,0.397980974569239,0.0,1e-06,0.9607694763874296,Utsuroi,1e-06,0.9803921568627451,2.3999999999999773,0
2015-08-05,0.09427960115891024,2.5,0.3921568627450981,0.0,0.0,0,0.0,0.49504950495173267,0.0,1e-06,0.9289599823833057,Utsuroi,1e-06,0.9803921568627451,2.3999999999999773,0
2015-08-06,0.07895144264795605,2.0,0.48780487804878053,0.0,0.0,0,0.0,0.397980974569239,0.0,1e-06,0.8552171818594425,Utsuroi,1e-06,0.9803921568627451,2.3999999999999773,0
2015-08-07,0.08525693454686346,3.5,0.28169014084507044,2.1339063846970197e-10,0.9999999997856094,1,4.5748950509312734e-20,0.6891865657164289,0.4166666666666706,1e-06,0.42463855465543165,Utsuroi,1e-06,0.9803921568627451,2.3999999999999773,0
2015-08-10,0.07612316425140911,2.0,0.48780487804878053,6.924461004340436e-11,0.9999999999297554,1,4.8640590984674595e-21,0.397980974569239,0.4166666666666706,1e-06,0.9832376278863587,Utsuroi,1e-06,0.9803921568627451,2.3999999999999773,0
2015-08-11,0.08701138919373382,2.0,0.48780487804878053,9.938838640473269e-11,0.9999999998996116,1,9.977437540399879e-21,0.397980974569239,0.4166666666666706,1e-06,1.0,Utsuroi,1e-06,0.9803921568627451,2.3999999999999773,0
2015-08-12,0.07727256118089476,3.5,0.28169014084507044,3.747402388324806e-11,0.999999999961526,1,1.4417756609233427e-21,0.6891865657164289,0.4166666666666706,1e-06,0.5281012718396526,Utsuroi,1e-06,0.9803921568627451,2.3999999999999773,0
2015-08-13,0.08507197045764632,3.5,0.28169014084507044,0.0,0.0,0,0.0,0.6891865657164289,0.0,1e-06,1.0,Utsuroi,1e-06,0.9803921568627451,2.3999999999999773,0
2015-08-14,0.08619975719176726,3.5,0.28169014084507044,0.0,0.0,0,0.0,0.6891865657164289,0.0,1e-06,1.0,Utsuroi,1e-06,0.9803921568627451,2.3999999999999773,0
2015-08-17,0.07772682773879641,2.0,0.48780487804878053,9.428591240635715e-11,0.9999999999047141,1,8.984117105367026e-21,0.397980974569239,0.4166666666666706,1e-06,0.795334837425427,Utsuroi,1e-06,0.9803921568627451,2.3999999999999773,0
2015-08-18,0.09173914959111353,2.0,0.48780487804878053,5.121991719511371e-11,0.9999999999477801,1,2.674698701666557e-21,0.397980974569239,0.4166666666666706,1e-06,1.0,Utsuroi,1e-06,0.9803921568627451,2.3999999999999773,0
2015-08-19,0.06489869269768225,4.0,0.2469135802469136,3.4623748306838877e-10,0.9999999996527625,1,1.2022662452610591e-19,0.7862550960986313,0.4166666666666706,1e-06,0.4061828898836165,Utsuroi,1e-06,0.9803921568627451,2.3999999999999773,0
2015-08-20,0.0897431722646326,4.0,0.2469135802469136,0.0,0.0,0,0.0,0.7862550960986313,0.0,1e-06,1.0,Utsuroi,1e-06,0.9803921568627451,2.3999999999999773,0
2015-08-21,0.10142033272133419,3.0,0.3278688524590164,0.0,0.0,0,0.0,0.5921180353341292,0.0,1e-06,0.4119477187304471,Utsuroi,1e-06,0.9803921568627451,2.3999999999999773,0
2015-08-24,0.147896436578654,3.0,0.3278688524590164,0.0,0.0,0,0.0,0.5921180353341292,0.0,1e-06,1.0,Utsuroi,1e-06,0.9803921568627451,2.3999999999999773,0
2015-08-25,0.13705039297452543,4.0,0.2469135802469136,0.0,0.0,0,0.0,0.7862550960986313,0.0,1e-06,0.2571937480065435,Utsuroi,1e-06,0.9803921568627451,2.3999999999999773,0
2015-08-26,0.12822662165954243,3.0,0.3278688524590164,0.0,0.0,0,0.0,0.5921180353341292,0.0,1e-06,0.4119477187304471,Utsuroi,1e-06,0.9803921568627451,2.3999999999999773,0
2015-08-27,0.1616896262154007,3.0,0.3278688524590164,0.0,0.0,0,0.0,0.5921180353341292,0.0,1e-06,1.0,Utsuroi,1e-06,0.9803921568627451,2.3999999999999773,0
2015-08-28,0.14995874796109374,2.0,0.48780487804878053,0.0,0.0,0,0.0,0.397980974569239,0.0,1e-06,0.94402056715107,Utsuroi,1e-06,0.9803921568627451,2.3999999999999773,0
2015-08-31,0.15465892047731408,3.0,0.3278688524590164,0.0,0.0,0,0.0,0.5921180353341292,0.0,1e-06,0.6780783736894441,Utsuroi,1e-06,0.9803921568627451,2.3999999999999773,0
2015-09-01,0.1188313156182549,2.0,0.48780487804878053,0.0,0.0,0,0.0,0.397980974569239,0.0,1e-06,0.94402056715107,Utsuroi,1e-06,0.9803921568627451,2.3999999999999773,0
2015-09-02,0.12068004250644115,2.0,0.48780487804878053,1.2726009127267288e-09,0.9999999987263991,1,1.6207856568656252e-18,0.397980974569239,0.4166666666666706,1e-06,0.626569176061171,Utsuroi,1e-06,0.9803921568627451,2.3999999999999773,0
2015-09-03,0.13660882341466918,1.0,0.9523809523809523,1.2486456313263768e-11,0.9999999999865136,1,1.6839777135554582e-22,0.2038439138039604,0.4166666666666706,1e-06,0.18850564829223693,Utsuroi,1e-06,0.9803921568627451,2.3999999999999773,0
2015-09-04,0.13559971687920336,1.0,0.9523809523809523,1.2418621686460084e-11,0.9999999999865814,1,1.6664051155771538e-22,0.2038439138039604,0.4166666666666706,1e-06,1.0,Utsuroi,1e-06,0.9803921568627451,2.3999999999999773,0
2015-09-08,0.1256697992825899,3.0,0.3278688524590164,0.0,0.0,0,0.0,0.5921180353341292,0.0,1e-06,0.99534976828842,Utsuroi,1e-06,0.9803921568627451,2.3999999999999773,0
2015-09-09,0.12377322095455834,3.0,0.3278688524590164,0.0,0.0,0,0.0,0.5921180353341292,0.0,1e-06,1.0,Utsuroi,1e-06,0.9803921568627451,2.3999999999999773,0
2015-09-10,0.1282645048234631,3.0,0.3278688524590164,0.0,0.0,0,0.0,0.5921180353341292,0.0,1e-06,1.0,Utsuroi,1e-06,0.9803921568627451,2.3999999999999773,0
2015-09-11,0.1401130382879482,3.0,0.3278688524590164,0.0,0.0,0,0.0,0.5921180353341292,0.0,1e-06,1.0,Utsuroi,1e-06,0.9803921568627451,2.3999999999999773,0
2015-09-14,0.14348641696467787,3.0,0.3278688524590164,0.0,0.0,0,0.0,0.5921180353341292,0.0,1e-06,1.0,Utsuroi,1e-06,0.9803921568627451,2.3999999999999773,0
2015-09-15,0.1227209988079553,3.0,0.3278688524590164,0.0,0.0,0,0.0,0.5921180353341292,0.0,1e-06,1.0,Utsuroi,1e-06,0.9803921568627451,2.3999999999999773,0
2015-09-16,0.12715540498149194,3.0,0.3278688524590164,0.0,0.0,0,0.0,0.5921180353341292,0.0,1e-06,1.0,Utsuroi,1e-06,0.9803921568627451,2.3999999999999773,0
2015-09-17,0.15988895162808206,3.0,0.3278688524590164,0.0,0.0,0,0.0,0.5921180353341292,0.0,1e-06,1.0,Utsuroi,1e-06,0.9803921568627451,2.3999999999999773,0
2015-09-18,0.14691950561515782,3.0,0.3278688524590164,0.0,0.0,0,0.0,0.5921180353341292,0.0,1e-06,1.0,Utsuroi,1e-06,0.9803921568627451,2.3999999999999773,0
2015-09-21,0.15104398017441495,4.0,0.2469135802469136,0.0,0.0,0,0.0,0.7862550960986313,0.0,1e-06,0.2571937480065435,Utsuroi,1e-06,0.9803921568627451,2.3999999999999773,0
2015-09-22,0.13657255787690573,4.0,0.2469135802469136,0.0,0.0,0,0.0,0.7862550960986313,0.0,1e-06,1.0,Utsuroi,1e-06,0.9803921568627451,2.3999999999999773,0
2015-09-23,0.14024405546144678,4.0,0.2469135802469136,0.0,0.0,0,0.0,0.7862550960986313,0.0,1e-06,1.0,Utsuroi,1e-06,0.9803921568627451,2.3999999999999773,0
2015-09-24,0.11056214317083884,4.0,0.2469135802469136,0.0,0.0,0,0.0,0.7862550960986313,0.0,1e-06,1.0,Utsuroi,1e-06,0.9803921568627451,2.3999999999999773,0
2015-09-25,0.11573561703996488,5.0,0.19801980198019803,0.0,0.0,0,0.0,0.9803921568627451,0.0,1e-06,0.10801776800488538,Katashi,1e-06,0.9803921568627451,2.3999999999999773,0
2015-09-28,0.11778593387289041,4.0,0.2469135802469136,0.0,0.0,0,0.0,0.7862550960986313,0.0,1e-06,0.16295987926782451,Utsuroi,1e-06,0.9803921568627451,2.3999999999999773,0
2015-09-29,0.09287220026350462,5.0,0.19801980198019803,0.0,0.0,0,0.0,0.9803921568627451,0.0,1e-06,0.10801776800488538,Katashi,1e-06,0.9803921568627451,2.3999999999999773,0
2015-09-30,0.11029989334337162,4.0,0.2469135802469136,0.0,0.0,0,0.0,0.7862550960986313,0.0,1e-06,0.16295987926782451,Utsuroi,1e-06,0.9803921568627451,2.3999999999999773,0
2015-10-01,0.08657820440429137,4.0,0.2469135802469136,0.0,0.0,0,0.0,0.7862550960986313,0.0,1e-06,1.0,Utsuroi,1e-06,0.9803921568627451,2.3999999999999773,0
2015-10-02,0.15311813790074658,3.0,0.3278688524590164,2.959987810366855e-11,0.9999999999694001,1,9.057520070693295e-22,0.5921180353341292,0.4166666666666706,1e-06,0.9311897541014452,Utsuroi,1e-06,0.9803921568627451,2.3999999999999773,0
2015-10-05,0.15502540937323547,4.5,0.21978021978021978,0.0,0.0,0,0.0,0.8833236264807367,0.0,1e-06,0.3799818069994483,Utsuroi,1e-06,0.9803921568627451,2.3999999999999773,0
2015-10-06,0.1425566221218395,4.0,0.2469135802469136,0.0,0.0,0,0.0,0.7862550960986313,0.0,1e-06,0.1780593149015668,Utsuroi,1e-06,0.9803921568627451,2.3999999999999773,0
2015-10-07,0.14711023276240665,4.0,0.2469135802469136,0.0,0.0,0,0.0,0.7862550960986313,0.0,1e-06,1.0,Utsuroi,1e-06,0.9803921568627451,2.3999999999999773,0
2015-10-08,0.15926908839952322,4.0,0.2469135802469136,0.0,0.0,0,0.0,0.7862550960986313,0.0,1e-06,1.0,Utsuroi,1e-06,0.9803921568627451,2.3999999999999773,0
2015-10-09,0.156432022084196,4.0,0.2469135802469136,1.588763565024565e-10,0.9999999998401237,1,2.5400569499410215e-20,0.7862550960986313,0.4166666666666706,1e-06,0.6987108106400262,Utsuroi,1e-06,0.9803921568627451,2.3999999999999773,0
2015-10-12,0.1593882928665538,4.0,0.2469135802469136,2.5641710976388227e-11,0.9999999999733583,1,6.831384855433502e-22,0.7862550960986313,0.4166666666666706,1e-06,1.0,Utsuroi,1e-06,0.9803921568627451,2.3999999999999773,0
2015-10-13,0.15936445197314766,4.0,0.2469135802469136,0.0,0.0,0,0.0,0.7862550960986313,0.0,1e-06,1.0,Utsuroi,1e-06,0.9803921568627451,2.3999999999999773,0
2015-10-14,0.16286906330384593,4.0,0.2469135802469136,5.78485037632701e-11,0.9999999999411515,1,3.404296611804075e-21,0.7862550960986313,0.4166666666666706,1e-06,0.6987108106400262,Utsuroi,1e-06,0.9803921568627451,2.3999999999999773,0
2015-10-15,0.154930045799611,4.0,0.2469135802469136,3.900613165717066e-11,0.9999999999599939,1,1.560483575662169e-21,0.7862550960986313,0.4166666666666706,1e-06,1.0,Utsuroi,1e-06,0.9803921568627451,2.3999999999999773,0
2015-10-16,0.14660957400087835,4.0,0.2469135802469136,1.9045576225395197e-10,0.9999999998085443,1,3.6463848928269274e-20,0.7862550960986313,0.4166666666666706,1e-06,1.0,Utsuroi,1e-06,0.9803921568627451,2.3999999999999773,0
2015-10-19,0.10810653115000943,4.0,0.2469135802469136,8.442713194857656e-11,0.9999999999145729,1,7.212365873645572e-21,0.7862550960986313,0.4166666666666706,1e-06,1.0,Utsuroi,1e-06,0.9803921568627451,2.3999999999999773,0
2015-10-20,0.1353805132066002,4.0,0.2469135802469136,6.56928955655692e-11,0.9999999999333071,1,4.3812479702605676e-21,0.7862550960986313,0.4166666666666706,1e-06,1.0,Utsuroi,1e-06,0.9803921568627451,2.3999999999999773,0
2015-10-21,0.11425748164878598,3.0,0.3278688524590164,2.710820456957545e-11,0.9999999999718918,1,7.6196235988610735e-22,0.5921180353341292,0.4166666666666706,1e-06,0.45061304470716634,Utsuroi,1e-06,0.9803921568627451,2.3999999999999773,0
2015-10-22,0.1456082564778217,3.0,0.3278688524590164,2.3752777522339524e-11,0.9999999999752472,1,5.879466921030656e-22,0.5921180353341292,0.4166666666666706,1e-06,1.0,Utsuroi,1e-06,0.9803921568627451,2.3999999999999773,0
2015-10-23,0.14501223414266895,3.0,0.3278688524590164,2.9673041800989105e-11,0.999999999969327,1,9.101617951194538e-22,0.5921180353341292,0.4166666666666706,1e-06,1.0,Utsuroi,1e-06,0.9803921568627451,2.3999999999999773,0
2015-10-26,0.14889114009279708,2.0,0.48780487804878053,5.886657827679093e-11,0.9999999999401334,1,3.524139314169836e-21,0.397980974569239,0.4166666666666706,1e-06,0.94807022962974,Utsuroi,1e-06,0.9803921568627451,2.3999999999999773,0
2015-10-27,0.12530949998886687,2.0,0.48780487804878053,2.7050017777563815e-10,0.9999999997284998,1,7.344084038046772e-20,0.397980974569239,0.4166666666666706,1e-06,1.0,Utsuroi,1e-06,0.9803921568627451,2.3999999999999773,0
2015-10-28,0.16072993148345605,2.0,0.48780487804878053,0.6619847191738728,0.6241720403107072,2,0.2487923663526061,0.397980974569239,0.8333333333333413,1e-06,0.28156539729250085,Utsuroi,1e-06,0.9803921568627451,2.3999999999999773,0
2015-10-29,0.20568467327602405,2.0,0.48780487804878053,0.625014225060369,0.682443046548816,2,0.1984776131738234,0.397980974569239,0.8333333333333413,1e-06,0.5413909740129705,Utsuroi,1e-06,0.9803921568627451,2.3999999999999773,0
2015-10-30,0.1773459199320066,2.0,0.48780487804878053,3.7429503939962305e-11,0.9999999999615705,1,1.4383964411542252e-21,0.397980974569239,0.4166666666666706,1e-06,0.8060965959323179,Utsuroi,1e-06,0.9803921568627451,2.3999999999999773,0
2015-11-02,0.1722438338963736,2.0,0.48780487804878053,1.3873902027118152e-11,0.9999999999851261,1,2.0635875257214143e-22,0.397980974569239,0.4166666666666706,1e-06,1.0,Utsuroi,1e-06,0.9803921568627451,2.3999999999999773,0
2015-11-03,0.10935630368816025,2.0,0.48780487804878053,1.545785721632605e-11,0.9999999999835422,1,2.544028649843441e-22,0.397980974569239,0.4166666666666706,1e-06,1.0,Utsuroi,1e-06,0.9803921568627451,2.3999999999999773,0
2015-11-04,0.12443650482103344,2.0,0.48780487804878053,3.210265386800132e-11,0.9999999999668974,1,1.0626823290883503e-21,0.397980974569239,0.4166666666666706,1e-06,1.0,Utsuroi,1e-06,0.9803921568627451,2.3999999999999773,0
2015-11-05,0.13149122001475466,2.0,0.48780487804878053,1.5388734729748361e-10,0.9999999998451127,1,2.3835199603146804e-20,0.397980974569239,0.4166666666666706,1e-06,1.0,Utsuroi,1e-06,0.9803921568627451,2.3999999999999773,0
2015-11-06,0.20411953442866584,2.0,0.48780487804878053,1.4284351479315883e-11,0.9999999999847157,1,2.1832673267118554e-22,0.397980974569239,0.4166666666666706,1e-06,1.0,Utsuroi,1e-06,0.9803921568627451,2.3999999999999773,0
2015-11-09,0.24239789023680905,4.0,0.2469135802469136,2.3465562825876063e-11,0.9999999999755345,1,5.740976824694105e-22,0.7862550960986313,0.4166666666666706,1e-06,0.4061828898836165,Utsuroi,1e-06,0.9803921568627451,2.3999999999999773,0
2015-11-10,0.2561390478117134,3.0,0.3278688524590164,8.848866083920756e-11,0.9999999999105114,1,7.918729800788398e-21,0.5921180353341292,0.4166666666666706,1e-06,0.45061304470716634,Utsuroi,1e-06,0.9803921568627451,2.3999999999999773,0
2015-11-11,0.24278963081826938,4.0,0.2469135802469136,3.735018960080846e-10,0.9999999996254981,1,1.3987715998132968e-19,0.7862550960986313,0.4166666666666706,1e-06,0.2917098654484427,Utsuroi,1e-06,0.9803921568627451,2.3999999999999773,0
2015-11-12,0.23106090912823005,2.0,0.48780487804878053,0.6799737149644167,0.5809799865801584,2,0.28492259516952945,0.397980974569239,0.8333333333333413,1e-06,0.415785126189962,Utsuroi,1e-06,0.9803921568627451,2.3999999999999773,0
2015-11-13,0.2148386914448833,4.0,0.2469135802469136,0.0,0.0,0,0.0,0.7862550960986313,0.0,1e-06,0.6905291176157247,Utsuroi,1e-06,0.9803921568627451,2.3999999999999773,0
2015-11-16,0.23866886224548042,4.0,0.2469135802469136,4.0599612552472156e-10,0.9999999995930039,1,1.6523884111890309e-19,0.7862550960986313,0.4166666666666706,1e-06,0.6987108106400262,Utsuroi,1e-06,0.9803921568627451,2.3999999999999773,0
2015-11-17,0.22342730880117811,4.0,0.2469135802469136,1.0492384738264025e-10,0.9999999998940762,1,1.1113935276450799e-20,0.7862550960986313,0.4166666666666706,1e-06,1.0,Utsuroi,1e-06,0.9803921568627451,2.3999999999999773,0
2015-11-18,0.2462468865724327,4.0,0.2469135802469136,4.7880810426419887e-11,0.9999999999511192,1,2.340451758368469e-21,0.7862550960986313,0.4166666666666706,1e-06,1.0,Utsuroi,1e-06,0.9803921568627451,2.3999999999999773,0
2015-11-19,0.23703834314832659,4.0,0.2469135802469136,0.0,0.0,0,0.0,0.7862550960986313,0.0,1e-06,1.0,Utsuroi,1e-06,0.9803921568627451,2.3999999999999773,0
2015-11-20,0.26212691852258785,4.0,0.2469135802469136,0.0,0.0,0,0.0,0.7862550960986313,0.0,1e-06,1.0,Utsuroi,1e-06,0.9803921568627451,2.3999999999999773,0
2015-11-23,0.2212678628406615,4.0,0.2469135802469136,0.0,0.0,0,0.0,0.7862550960986313,0.0,1e-06,1.0,Utsuroi,1e-06,0.9803921568627451,2.3999999999999773,0
2015-11-24,0.2252859770462501,4.0,0.2469135802469136,0.0,0.0,0,0.0,0.7862550960986313,0.0,1e-06,1.0,Utsuroi,1e-06,0.9803921568627451,2.3999999999999773,0
2015-11-25,0.22915132393965115,4.0,0.2469135802469136,0.0,0.0,0,0.0,0.7862550960986313,0.0,1e-06,1.0,Utsuroi,1e-06,0.9803921568627451,2.3999999999999773,0
2015-11-27,0.23441967280572784,4.0,0.2469135802469136,0.0,0.0,0,0.0,0.7862550960986313,0.0,1e-06,1.0,Utsuroi,1e-06,0.9803921568627451,2.3999999999999773,0
2015-11-30,0.22064338345646942,3.0,0.3278688524590164,0.38915130202011755,0.8685407469517408,2,0.051157539486322186,0.5921180353341292,0.8333333333333413,1e-06,0.5988596334758547,Utsuroi,1e-06,0.9803921568627451,2.3999999999999773,0
2015-12-01,0.27246476971885697,2.5,0.3921568627450981,0.9913815964856559,0.5129786814634357,3,0.48282397229332824,0.49504950495173267,1.2500000000000118,1e-06,0.18397912569316732,Utsuroi,1e-06,0.9803921568627451,2.3999999999999773,0
2015-12-02,0.32173204230039687,3.0,0.3278688524590164,0.0,0.0,0,0.0,0.5921180353341292,0.0,1e-06,0.9621884519253244,Utsuroi,1e-06,0.9803921568627451,2.3999999999999773,0
2015-12-03,0.3759874686604421,3.0,0.3278688524590164,0.6297862303594515,0.6760837774295236,2,0.2039979767649334,0.5921180353341292,0.8333333333333413,1e-06,0.2929231910597092,Utsuroi,1e-06,0.9803921568627451,2.3999999999999773,0
2015-12-04,0.42242895917004825,1.0,0.9523809523809523,0.0,0.0,0,0.0,0.2038439138039604,0.0,1e-06,0.44706402871102147,Utsuroi,1e-06,0.9803921568627451,2.3999999999999773,0
2015-12-07,0.3948024684446727,2.0,0.48780487804878053,1.352710166009767e-10,0.999999999863729,1,1.843351595769103e-20,0.397980974569239,0.4166666666666706,1e-06,0.7430909284659724,Utsuroi,1e-06,0.9803921568627451,2.3999999999999773,0
2015-12-08,0.4063031943150158,1.0,0.9523809523809523,0.0,0.0,0,0.0,0.2038439138039604,0.0,1e-06,0.24993104244099673,Utsuroi,1e-06,0.9803921568627451,2.3999999999999773,0
2015-12-09,0.35069092381382866,1.0,0.9523809523809523,1.4614442988031217e-10,0.9999999998528556,1,2.1504335583537665e-20,0.2038439138039604,0.4166666666666706,1e-06,0.7524072943040547,Utsuroi,1e-06,0.9803921568627451,2.3999999999999773,0
2015-12-10,0.32818580655694946,3.0,0.3278688524590164,0.6923255944648383,0.520265254452578,2,0.3321326428965569,0.5921180353341292,0.8333333333333413,1e-06,0.4583605386233176,Utsuroi,1e-06,0.9803921568627451,2.3999999999999773,0
2015-12-11,0.27956763764632553,2.5,0.3921568627450981,1.014732047888594,0.4918269905574678,3,0.5156594385533305,0.49504950495173267,1.2500000000000118,1e-06,0.14970208443764343,Utsuroi,1e-06,0.9803921568627451,2.3999999999999773,0
2015-12-14,0.25643277805115855,2.0,0.48780487804878053,1.0424323531875053,0.46145787523553305,3,0.5613937344088223,0.397980974569239,1.2500000000000118,1e-06,0.5079657192831821,Utsuroi,1e-06,0.9803921568627451,2.3999999999999773,0
2015-12-15,0.2555688380277888,2.0,0.48780487804878053,0.6864066684440489,0.5579885921696377,2,0.30339957786310273,0.397980974569239,0.8333333333333413,1e-06,0.23042007321992863,Utsuroi,1e-06,0.9803921568627451,2.3999999999999773,0
2015-12-16,0.2540546269533924,2.0,0.48780487804878053,0.5012560469715175,0.7993833843584465,2,0.10056029171328942,0.397980974569239,0.8333333333333413,1e-06,0.7470283768439188,Utsuroi,1e-06,0.9803921568627451,2.3999999999999773,0
2015-12-17,0.23085830624780515,3.5,0.28169014084507044,4.8872350609663655e-11,0.9999999999501277,1,2.4373779236438478e-21,0.6891865657164289,0.4166666666666706,1e-06,0.8288139624303481,Utsuroi,1e-06,0.9803921568627451,2.3999999999999773,0
2015-12-18,0.22547213668618873,3.0,0.3278688524590164,5.562461602277184e-11,0.9999999999433754,1,3.1497212932805386e-21,0.5921180353341292,0.4166666666666706,1e-06,0.4895914385435791,Utsuroi,1e-06,0.9803921568627451,2.3999999999999773,0
2015-12-21,0.21416252242272982,3.0,0.3278688524590164,2.4262480912932186e-11,0.9999999999747375,1,6.129299242432486e-22,0.5921180353341292,0.4166666666666706,1e-06,1.0,Utsuroi,1e-06,0.9803921568627451,2.3999999999999773,0
2015-12-22,0.20369125615778816,4.5,0.21978021978021978,0.0,0.0,0,0.0,0.8833236264807367,0.0,1e-06,0.3799818069994483,Utsuroi,1e-06,0.9803921568627451,2.3999999999999773,0
2015-12-23,0.20323272617547491,4.5,0.21978021978021978,0.0,0.0,0,0.0,0.8833236264807367,0.0,1e-06,1.0,Utsuroi,1e-06,0.9803921568627451,2.3999999999999773,0
2015-12-24,0.2184840869968095,4.5,0.21978021978021978,0.0,0.0,0,0.0,0.8833236264807367,0.0,1e-06,1.0,Utsuroi,1e-06,0.9803921568627451,2.3999999999999773,0
2015-12-28,0.2199769020854297,3.0,0.3278688524590164,0.0,0.0,0,0.0,0.5921180353341292,0.0,1e-06,0.3791482400124815,Utsuroi,1e-06,0.9803921568627451,2.3999999999999773,0
2015-12-29,0.21552811659918614,3.0,0.3278688524590164,0.0,0.0,0,0.0,0.5921180353341292,0.0,1e-06,1.0,Utsuroi,1e-06,0.9803921568627451,2.3999999999999773,0
2015-12-30,0.21100239690769998,2.0,0.48780487804878053,0.0,0.0,0,0.0,0.397980974569239,0.0,1e-06,0.94402056715107,Utsuroi,1e-06,0.9803921568627451,2.3999999999999773,0
