date,mean_corr,curv,eta,entropy,dominance,h1_count,v_raw,Oh,Xi,phi,DEF,regime,phi_c,Oh_pre,Xi_c,sps
2021-02-04,0.2309758770463297,4.0,0.2469135802469136,1.1315948178416567e-11,0.9999999999876841,1,1.3936638102763984e-22,0.8726567550101324,1.0,1e-06,1.0,Utsuroi,1e-06,0.9803921568627451,1.0,0
2021-02-05,0.22684803493034664,1.0,0.9523809523809523,1.430955354197449e-11,0.9999999999846905,1,2.1907255956234043e-22,0.22624434389219458,1.0,1e-06,0.6188753969676994,Utsuroi,1e-06,0.9803921568627451,1.0,0
2021-02-08,0.1921385578468786,1.0,0.9523809523809523,0.0,0.0,0,0.0,0.22624434389219458,0.0,1e-06,1.0,Utsuroi,1e-06,0.9803921568627451,1.0,0
2021-02-09,0.20985812518797087,2.0,0.48780487804878053,5.866640506546298e-11,0.9999999999403336,1,3.50041219067305e-21,0.4417151475986048,1.0,1e-06,0.08317685049963397,Utsuroi,1e-06,0.9803921568627451,1.0,0
2021-02-10,0.21935416084234322,3.0,0.3278688524590164,2.4323765223889947e-11,0.9999999999746763,1,6.159687818150685e-22,0.6571859513045841,1.0,1e-06,0.19097689824037123,Utsuroi,1e-06,0.9803921568627451,1.0,0
2021-02-11,0.2067724037770366,1.0,0.9523809523809523,2.1753820966549412e-11,0.9999999999772462,1,4.949820663849157e-22,0.22624434389219458,1.0,1e-06,0.6362371108219085,Utsuroi,1e-06,0.9803921568627451,1.0,0
2021-02-12,0.2029402603498979,2.0,0.48780487804878053,4.135558562178566e-11,0.9999999999576444,1,1.751639132923015e-21,0.4417151475986048,1.0,1e-06,0.37484291620776367,Utsuroi,1e-06,0.9803921568627451,1.0,0
2021-02-16,0.2335164904933584,4.0,0.2469135802469136,0.0,0.0,0,0.0,0.8726567550101324,0.0,1e-06,0.3166956524798188,Utsuroi,1e-06,0.9803921568627451,1.0,0
2021-02-17,0.20027110885744526,4.0,0.2469135802469136,0.0,0.0,0,0.0,0.8726567550101324,0.0,1e-06,1.0,Utsuroi,1e-06,0.9803921568627451,1.0,0
2021-02-18,0.2329923807746152,4.5,0.21978021978021978,0.0,0.0,0,0.0,0.9803921568627451,0.0,1e-06,0.0024613580478344277,Katashi,1e-06,0.9803921568627451,1.0,0
2021-02-19,0.2120140941769932,2.0,0.48780487804878053,0.49604745282363794,0.8031194257409979,2,0.09766210737163307,0.4417151475986048,2.0,1e-06,0.33032893690172627,Utsuroi,1e-06,0.9803921568627451,1.0,0
2021-02-22,0.21478358643054873,1.0,0.9523809523809523,4.933797814616812e-11,0.999999999949662,1,2.483572974319471e-21,0.22624434389219458,1.0,1e-06,0.4150388884261943,Utsuroi,1e-06,0.9803921568627451,1.0,0
2021-02-23,0.22373547444658787,1.0,0.9523809523809523,4.222422410819223e-10,0.9999999995767578,1,1.7871074309206019e-19,0.22624434389219458,1.0,1e-06,1.0,Utsuroi,1e-06,0.9803921568627451,1.0,0
2021-02-24,0.2310845414521231,4.0,0.2469135802469136,0.0,0.0,0,0.0,0.8726567550101324,0.0,1e-06,0.19561140625140216,Utsuroi,1e-06,0.9803921568627451,1.0,0
2021-02-25,0.2561583102108181,3.0,0.3278688524590164,6.546918562612213e-11,0.9999999999335308,1,4.351682004027352e-21,0.6571859513045841,1.0,1e-06,0.835666320376512,Utsuroi,1e-06,0.9803921568627451,1.0,0
2021-02-26,0.24372073708360054,2.5,0.3921568627450981,1.760236401065441e-11,0.9999999999813977,1,3.2744519338270267e-22,0.5494505494516483,1.0,1e-06,0.24260405564362997,Utsuroi,1e-06,0.9803921568627451,1.0,0
2021-03-01,0.2527128348025409,2.0,0.48780487804878053,2.827393874539842e-11,0.9999999999707261,1,8.276889254678814e-22,0.4417151475986048,1.0,1e-06,0.32865112690528486,Utsuroi,1e-06,0.9803921568627451,1.0,0
2021-03-02,0.2403049577341235,2.5,0.3921568627450981,4.428779565199467e-11,0.9999999999547122,1,2.005695659688007e-21,0.5494505494516483,1.0,1e-06,0.24955014812997478,Utsuroi,1e-06,0.9803921568627451,1.0,0
2021-03-03,0.2893632909596912,2.5,0.3921568627450981,4.522837659841406e-11,0.9999999999537716,1,2.090833425845199e-21,0.5494505494516483,1.0,1e-06,1.0,Utsuroi,1e-06,0.9803921568627451,1.0,0
2021-03-04,0.2575253059751437,1.5,0.6451612903225806,0.0,0.0,0,0.0,0.3339797457454536,0.0,1e-06,0.6100145641899639,Utsuroi,1e-06,0.9803921568627451,1.0,0
2021-03-05,0.28734126233400453,1.0,0.9523809523809523,0.0,0.0,0,0.0,0.22624434389219458,0.0,1e-06,0.42133075600354586,Utsuroi,1e-06,0.9803921568627451,1.0,0
2021-03-08,0.31250913125705554,1.0,0.9523809523809523,0.0,0.0,0,0.0,0.22624434389219458,0.0,1e-06,1.0,Utsuroi,1e-06,0.9803921568627451,1.0,0
2021-03-09,0.328182564479044,2.0,0.48780487804878053,0.0,0.0,0,0.0,0.4417151475986048,0.0,1e-06,0.10812756396502188,Utsuroi,1e-06,0.9803921568627451,1.0,0
2021-03-10,0.3399892789650567,2.0,0.48780487804878053,1.2814649340829762e-10,0.9999999998708535,1,1.6549667432498904e-20,0.4417151475986048,1.0,1e-06,0.28678859195813555,Utsuroi,1e-06,0.9803921568627451,1.0,0
2021-03-11,0.3240703349868596,1.0,0.9523809523809523,1.045177610578082e-09,0.9999999989538224,1,1.0934413927151267e-18,0.22624434389219458,1.0,1e-06,0.6719670546074137,Utsuroi,1e-06,0.9803921568627451,1.0,0
2021-03-12,0.32730342123274725,1.0,0.9523809523809523,0.0,0.0,0,0.0,0.22624434389219458,0.0,1e-06,1.0,Utsuroi,1e-06,0.9803921568627451,1.0,0
2021-03-15,0.3427827718446538,3.0,0.3278688524590164,0.0,0.0,0,0.0,0.6571859513045841,0.0,1e-06,0.040059476124518545,Utsuroi,1e-06,0.9803921568627451,1.0,0
2021-03-16,0.34071773964082747,1.0,0.9523809523809523,0.0,0.0,0,0.0,0.22624434389219458,0.0,1e-06,0.2794179652244647,Utsuroi,1e-06,0.9803921568627451,1.0,0
2021-03-17,0.3422745598792441,2.0,0.48780487804878053,0.0,0.0,0,0.0,0.4417151475986048,0.0,1e-06,0.10812756396502188,Utsuroi,1e-06,0.9803921568627451,1.0,0
2021-03-18,0.35222736247617215,3.0,0.3278688524590164,0.0,0.0,0,0.0,0.6571859513045841,0.0,1e-06,0.016603793746111206,Utsuroi,1e-06,0.9803921568627451,1.0,0
2021-03-19,0.35795878547121895,1.0,0.9523809523809523,0.0,0.0,0,0.0,0.22624434389219458,0.0,1e-06,0.2794179652244647,Utsuroi,1e-06,0.9803921568627451,1.0,0
2021-03-22,0.34827051369092293,3.0,0.3278688524590164,7.286093950125532e-11,0.9999999999261391,1,5.38157583289624e-21,0.6571859513045841,1.0,1e-06,0.04228163555204678,Utsuroi,1e-06,0.9803921568627451,1.0,0
2021-03-23,0.3425064230698717,3.0,0.3278688524590164,0.0,0.0,0,0.0,0.6571859513045841,0.0,1e-06,1.0,Utsuroi,1e-06,0.9803921568627451,1.0,0
2021-03-24,0.3113546948054278,2.0,0.48780487804878053,1.2098544388464896e-11,0.9999999999869015,1,1.584730530685393e-22,0.4417151475986048,1.0,1e-06,0.6463386545792871,Utsuroi,1e-06,0.9803921568627451,1.0,0
2021-03-25,0.3098133340281007,2.0,0.48780487804878053,1.70635727768137e-11,0.9999999999819364,1,3.082287112136253e-22,0.4417151475986048,1.0,1e-06,1.0,Utsuroi,1e-06,0.9803921568627451,1.0,0
2021-03-26,0.31156024533875787,2.0,0.48780487804878053,2.126454567960812e-11,0.9999999999777355,1,4.734449782366803e-22,0.4417151475986048,1.0,1e-06,1.0,Utsuroi,1e-06,0.9803921568627451,1.0,0
2021-03-29,0.2756238063322962,3.0,0.3278688524590164,9.271894362954928e-11,0.9999999999062811,1,8.689519400713705e-21,0.6571859513045841,1.0,1e-06,0.19097689824037123,Utsuroi,1e-06,0.9803921568627451,1.0,0
2021-03-30,0.2806734655007024,2.5,0.3921568627450981,0.0,0.0,0,0.0,0.5494505494516483,0.0,1e-06,0.7731972136605868,Utsuroi,1e-06,0.9803921568627451,1.0,0
2021-03-31,0.2881585998119796,3.0,0.3278688524590164,0.0,0.0,0,0.0,0.6571859513045841,0.0,1e-06,0.012968748795475271,Utsuroi,1e-06,0.9803921568627451,1.0,0
2021-04-01,0.3024251233212235,3.0,0.3278688524590164,0.0,0.0,0,0.0,0.6571859513045841,0.0,1e-06,1.0,Utsuroi,1e-06,0.9803921568627451,1.0,0
2021-04-05,0.24670342595272135,3.0,0.3278688524590164,0.0,0.0,0,0.0,0.6571859513045841,0.0,1e-06,1.0,Utsuroi,1e-06,0.9803921568627451,1.0,0
2021-04-06,0.2187708749169359,4.0,0.2469135802469136,0.0,0.0,0,0.0,0.8726567550101324,0.0,1e-06,0.0047065761979746545,Utsuroi,1e-06,0.9803921568627451,1.0,0
2021-04-07,0.21982531125437774,3.0,0.3278688524590164,0.0,0.0,0,0.0,0.6571859513045841,0.0,1e-06,0.00828333882742971,Utsuroi,1e-06,0.9803921568627451,1.0,0
2021-04-08,0.18500440439202592,4.0,0.2469135802469136,0.0,0.0,0,0.0,0.8726567550101324,0.0,1e-06,0.0047065761979746545,Utsuroi,1e-06,0.9803921568627451,1.0,0
2021-04-09,0.16757162623240515,3.0,0.3278688524590164,0.0,0.0,0,0.0,0.6571859513045841,0.0,1e-06,0.00828333882742971,Utsuroi,1e-06,0.9803921568627451,1.0,0
2021-04-12,0.17568907037956563,3.0,0.3278688524590164,0.0,0.0,0,0.0,0.6571859513045841,0.0,1e-06,1.0,Utsuroi,1e-06,0.9803921568627451,1.0,0
2021-04-13,0.19353855113889865,2.0,0.48780487804878053,0.0,0.0,0,0.0,0.4417151475986048,0.0,1e-06,0.03635978925900907,Utsuroi,1e-06,0.9803921568627451,1.0,0
2021-04-14,0.19087286832430833,3.0,0.3278688524590164,0.0,0.0,0,0.0,0.6571859513045841,0.0,1e-06,0.016603793746111206,Utsuroi,1e-06,0.9803921568627451,1.0,0
2021-04-15,0.22032638604003596,2.0,0.48780487804878053,0.0,0.0,0,0.0,0.4417151475986048,0.0,1e-06,0.03635978925900907,Utsuroi,1e-06,0.9803921568627451,1.0,0
2021-04-16,0.22843682996650475,2.0,0.48780487804878053,0.0,0.0,0,0.0,0.4417151475986048,0.0,1e-06,1.0,Utsuroi,1e-06,0.9803921568627451,1.0,0
2021-04-19,0.25924577374398894,2.0,0.48780487804878053,0.0,0.0,0,0.0,0.4417151475986048,0.0,1e-06,1.0,Utsuroi,1e-06,0.9803921568627451,1.0,0
2021-04-20,0.2180281690605952,3.0,0.3278688524590164,0.0,0.0,0,0.0,0.6571859513045841,0.0,1e-06,0.016603793746111206,Utsuroi,1e-06,0.9803921568627451,1.0,0
2021-04-21,0.23538637489667527,2.5,0.3921568627450981,0.0,0.0,0,0.0,0.5494505494516483,0.0,1e-06,0.0185006706527876,Utsuroi,1e-06,0.9803921568627451,1.0,0
2021-04-22,0.2251347249723184,4.5,0.21978021978021978,0.0,0.0,0,0.0,0.9803921568627451,0.0,1e-06,0.004226668832762015,Katashi,1e-06,0.9803921568627451,1.0,0
2021-04-23,0.22072945298102364,4.5,0.21978021978021978,0.0,0.0,0,0.0,0.9803921568627451,0.0,1e-06,1.0,Katashi,1e-06,0.9803921568627451,1.0,0
2021-04-26,0.23198296749598196,4.5,0.21978021978021978,0.0,0.0,0,0.0,0.9803921568627451,0.0,1e-06,1.0,Katashi,1e-06,0.9803921568627451,1.0,0
2021-04-27,0.24687169463941805,4.5,0.21978021978021978,0.0,0.0,0,0.0,0.9803921568627451,0.0,1e-06,1.0,Katashi,1e-06,0.9803921568627451,1.0,0
2021-04-28,0.2536886159877244,4.5,0.21978021978021978,0.0,0.0,0,0.0,0.9803921568627451,0.0,1e-06,1.0,Katashi,1e-06,0.9803921568627451,1.0,0
2021-04-29,0.24754099166396296,4.0,0.2469135802469136,0.0,0.0,0,0.0,0.8726567550101324,0.0,1e-06,0.003105607044987857,Utsuroi,1e-06,0.9803921568627451,1.0,0
2021-04-30,0.2495475784129072,4.0,0.2469135802469136,0.0,0.0,0,0.0,0.8726567550101324,0.0,1e-06,1.0,Utsuroi,1e-06,0.9803921568627451,1.0,0
2021-05-03,0.2702705368512184,3.5,0.28169014084507044,0.0,0.0,0,0.0,0.7649213531574122,0.0,1e-06,0.005180117667926587,Utsuroi,1e-06,0.9803921568627451,1.0,0
2021-05-04,0.2378815739741694,4.0,0.2469135802469136,0.0,0.0,0,0.0,0.8726567550101324,0.0,1e-06,0.003982439672760463,Utsuroi,1e-06,0.9803921568627451,1.0,0
2021-05-05,0.2710542936953416,3.0,0.3278688524590164,0.0,0.0,0,0.0,0.6571859513045841,0.0,1e-06,0.00828333882742971,Utsuroi,1e-06,0.9803921568627451,1.0,0
2021-05-06,0.2804337497888575,3.0,0.3278688524590164,1.2558176720653584e-11,0.9999999999864418,1,1.702657014604965e-22,0.6571859513045841,1.0,1e-06,0.4314992682107164,Utsuroi,1e-06,0.9803921568627451,1.0,0
2021-05-07,0.28127545083914113,3.0,0.3278688524590164,9.912071163794362e-12,0.999999999989088,1,1.0816100664843914e-22,0.6571859513045841,1.0,1e-06,1.0,Utsuroi,1e-06,0.9803921568627451,1.0,0
2021-05-10,0.2865095442320608,3.0,0.3278688524590164,1.424460549503491e-11,0.9999999999847554,1,2.1715307609068576e-22,0.6571859513045841,1.0,1e-06,1.0,Utsuroi,1e-06,0.9803921568627451,1.0,0
2021-05-11,0.3072882509966644,3.5,0.28169014084507044,1.952593642308232e-11,0.9999999999794741,1,4.00787697678138e-22,0.7649213531574122,1.0,1e-06,0.14631910708200668,Utsuroi,1e-06,0.9803921568627451,1.0,0
2021-05-12,0.3384147332263121,3.5,0.28169014084507044,2.7102542432150022e-11,0.9999999999718975,1,7.616497491744727e-22,0.7649213531574122,1.0,1e-06,1.0,Utsuroi,1e-06,0.9803921568627451,1.0,0
2021-05-13,0.3355824153712832,3.5,0.28169014084507044,4.164013578298499e-11,0.9999999999573599,1,1.7755401226948165e-21,0.7649213531574122,1.0,1e-06,1.0,Utsuroi,1e-06,0.9803921568627451,1.0,0
2021-05-14,0.3516781107589583,4.0,0.2469135802469136,6.624238932959414e-10,0.9999999993365761,1,4.394678237944691e-19,0.8726567550101324,1.0,1e-06,0.11680880196248178,Utsuroi,1e-06,0.9803921568627451,1.0,0
2021-05-17,0.2988713667103072,3.5,0.28169014084507044,1.396993631786858e-10,0.9999999998593007,1,1.965560834670152e-20,0.7649213531574122,1.0,1e-06,0.1448559311167369,Utsuroi,1e-06,0.9803921568627451,1.0,0
2021-05-18,0.32393278523850466,3.0,0.3278688524590164,0.0,0.0,0,0.0,0.6571859513045841,0.0,1e-06,0.7714774711151091,Utsuroi,1e-06,0.9803921568627451,1.0,0
2021-05-19,0.2989539453991492,2.0,0.48780487804878053,1.481440525696683e-10,0.999999999850856,1,2.2094801088780626e-20,0.4417151475986048,1.0,1e-06,0.6463386545792871,Utsuroi,1e-06,0.9803921568627451,1.0,0
2021-05-20,0.34052967658187183,2.0,0.48780487804878053,0.0,0.0,0,0.0,0.4417151475986048,0.0,1e-06,1.0,Utsuroi,1e-06,0.9803921568627451,1.0,0
2021-05-21,0.3133553509769467,2.5,0.3921568627450981,0.0,0.0,0,0.0,0.5494505494516483,0.0,1e-06,0.027502019508338527,Utsuroi,1e-06,0.9803921568627451,1.0,0
2021-05-24,0.33406818887994355,3.0,0.3278688524590164,0.0,0.0,0,0.0,0.6571859513045841,0.0,1e-06,0.012968748795475271,Utsuroi,1e-06,0.9803921568627451,1.0,0
2021-05-25,0.3437102282941409,1.0,0.9523809523809523,0.0,0.0,0,0.0,0.22624434389219458,0.0,1e-06,0.2794179652244647,Utsuroi,1e-06,0.9803921568627451,1.0,0
2021-05-26,0.3430846380937875,2.0,0.48780487804878053,0.0,0.0,0,0.0,0.4417151475986048,0.0,1e-06,0.10812756396502188,Utsuroi,1e-06,0.9803921568627451,1.0,0
2021-05-27,0.3379571887379596,2.0,0.48780487804878053,0.0,0.0,0,0.0,0.4417151475986048,0.0,1e-06,1.0,Utsuroi,1e-06,0.9803921568627451,1.0,0
2021-05-28,0.35146434674417887,2.0,0.48780487804878053,0.0,0.0,0,0.0,0.4417151475986048,0.0,1e-06,1.0,Utsuroi,1e-06,0.9803921568627451,1.0,0
2021-06-01,0.35705734174559806,2.0,0.48780487804878053,0.0,0.0,0,0.0,0.4417151475986048,0.0,1e-06,1.0,Utsuroi,1e-06,0.9803921568627451,1.0,0
2021-06-02,0.3748678756953558,1.0,0.9523809523809523,0.0,0.0,0,0.0,0.22624434389219458,0.0,1e-06,0.3501958162953853,Utsuroi,1e-06,0.9803921568627451,1.0,0
2021-06-03,0.3963742583510793,1.0,0.9523809523809523,0.0,0.0,0,0.0,0.22624434389219458,0.0,1e-06,1.0,Utsuroi,1e-06,0.9803921568627451,1.0,0
2021-06-04,0.43248493730355264,2.0,0.48780487804878053,0.0,0.0,0,0.0,0.4417151475986048,0.0,1e-06,0.10812756396502188,Utsuroi,1e-06,0.9803921568627451,1.0,0
2021-06-07,0.43436572981568716,1.5,0.6451612903225806,0.0,0.0,0,0.0,0.3339797457454536,0.0,1e-06,0.11753140594415401,Utsuroi,1e-06,0.9803921568627451,1.0,0
2021-06-08,0.42618284561393727,0.5,1.8181818181818181,1.1837264501222456e-10,0.9999999998806274,1,1.413045311443917e-20,0.11850894203882782,1.0,1e-06,0.2088889499044455,Utsuroi,1e-06,0.9803921568627451,1.0,0
2021-06-09,0.41777238670924033,0.0,20.0,2.2799873100326884e-11,0.9999999999762001,1,5.426335821253708e-22,0.010773540185353371,1.0,1e-06,0.012655712640668337,Utsuroi,1e-06,0.9803921568627451,1.0,0
2021-06-10,0.4203254494738843,0.0,20.0,2.0772716879710004e-11,0.9999999999782273,1,4.522780239209832e-22,0.010773540185353371,1.0,1e-06,1.0,Utsuroi,1e-06,0.9803921568627451,1.0,0
2021-06-11,0.4016159959595274,0.0,20.0,0.6747491371842443,0.5956162491130681,2,0.2728575870022857,0.010773540185353371,2.0,1e-06,0.4633051784177118,Utsuroi,1e-06,0.9803921568627451,1.0,0
2021-06-14,0.3704309043147066,2.0,0.48780487804878053,1.102362645603632e-11,0.9999999999879764,1,1.3254372283747235e-22,0.4417151475986048,1.0,1e-06,0.8971393601469517,Utsuroi,1e-06,0.9803921568627451,1.0,0
2021-06-15,0.3607835070914068,2.0,0.48780487804878053,1.0483836021469914e-11,0.9999999999885162,1,1.2039442182673981e-22,0.4417151475986048,1.0,1e-06,1.0,Utsuroi,1e-06,0.9803921568627451,1.0,0
2021-06-16,0.3546628029068119,0.5,1.8181818181818181,0.49170644386035267,0.8061858871784554,2,0.09529964818543088,0.11850894203882782,2.0,1e-06,0.17081667777478327,Utsuroi,1e-06,0.9803921568627451,1.0,0
2021-06-17,0.35955896369081525,1.0,0.9523809523809523,0.6218063883011643,0.6865843334861268,2,0.19488386363199367,0.22624434389219458,2.0,1e-06,0.22857953639330497,Utsuroi,1e-06,0.9803921568627451,1.0,0
2021-06-18,0.3089978590087407,1.0,0.9523809523809523,0.0,0.0,0,0.0,0.22624434389219458,0.0,1e-06,1.0,Utsuroi,1e-06,0.9803921568627451,1.0,0
2021-06-21,0.27540808577704723,2.0,0.48780487804878053,5.041858040900214e-10,0.9999999994948142,1,2.5470749976087127e-19,0.4417151475986048,1.0,1e-06,0.08317685049963397,Utsuroi,1e-06,0.9803921568627451,1.0,0
2021-06-22,0.2465214215674024,2.0,0.48780487804878053,0.0,0.0,0,0.0,0.4417151475986048,0.0,1e-06,1.0,Utsuroi,1e-06,0.9803921568627451,1.0,0
2021-06-23,0.2606609496514701,2.0,0.48780487804878053,0.0,0.0,0,0.0,0.4417151475986048,0.0,1e-06,1.0,Utsuroi,1e-06,0.9803921568627451,1.0,0
2021-06-24,0.2601010233967729,2.0,0.48780487804878053,0.0,0.0,0,0.0,0.4417151475986048,0.0,1e-06,1.0,Utsuroi,1e-06,0.9803921568627451,1.0,0
2021-06-25,0.2598768475167849,2.0,0.48780487804878053,0.0,0.0,0,0.0,0.4417151475986048,0.0,1e-06,1.0,Utsuroi,1e-06,0.9803921568627451,1.0,0
2021-06-28,0.26910792745215434,3.0,0.3278688524590164,2.5556867729909435e-10,0.9999999997434313,1,6.557091184850057e-20,0.6571859513045841,1.0,1e-06,0.1389685341269563,Utsuroi,1e-06,0.9803921568627451,1.0,0
2021-06-29,0.2640250645861895,1.0,0.9523809523809523,0.0,0.0,0,0.0,0.22624434389219458,0.0,1e-06,0.49889247549108307,Utsuroi,1e-06,0.9803921568627451,1.0,0
2021-06-30,0.2624514986657663,1.0,0.9523809523809523,0.0,0.0,0,0.0,0.22624434389219458,0.0,1e-06,1.0,Utsuroi,1e-06,0.9803921568627451,1.0,0
2021-07-01,0.25293795866449525,2.0,0.48780487804878053,0.0,0.0,0,0.0,0.4417151475986048,0.0,1e-06,0.10812756396502188,Utsuroi,1e-06,0.9803921568627451,1.0,0
2021-07-02,0.27036646652988966,2.0,0.48780487804878053,0.0,0.0,0,0.0,0.4417151475986048,0.0,1e-06,1.0,Utsuroi,1e-06,0.9803921568627451,1.0,0
2021-07-06,0.23782483217265826,3.0,0.3278688524590164,0.0,0.0,0,0.0,0.6571859513045841,0.0,1e-06,0.016603793746111206,Utsuroi,1e-06,0.9803921568627451,1.0,0
2021-07-07,0.20251646903820816,2.0,0.48780487804878053,0.0,0.0,0,0.0,0.4417151475986048,0.0,1e-06,0.03635978925900907,Utsuroi,1e-06,0.9803921568627451,1.0,0
2021-07-08,0.19691385908777218,0.5,1.8181818181818181,1.40671918557025e-11,0.9999999999849328,1,2.119527673719538e-22,0.11850894203882782,1.0,1e-06,0.3084707235909372,Utsuroi,1e-06,0.9803921568627451,1.0,0
2021-07-09,0.18191793713532847,2.0,0.48780487804878053,8.846590127072657e-12,0.9999999999901534,1,8.710855130212568e-23,0.4417151475986048,1.0,1e-06,0.4670817003587966,Utsuroi,1e-06,0.9803921568627451,1.0,0
2021-07-12,0.1916927034318339,1.5,0.6451612903225806,7.112199718018812e-12,0.9999999999918878,1,5.769542721314453e-23,0.3339797457454536,1.0,1e-06,0.464869306513769,Utsuroi,1e-06,0.9803921568627451,1.0,0
2021-07-13,0.17843716669803628,2.0,0.48780487804878053,1.3169021428793876e-11,0.999999999985831,1,1.865918555007352e-22,0.4417151475986048,1.0,1e-06,0.3474081867077873,Utsuroi,1e-06,0.9803921568627451,1.0,0
2021-07-14,0.182037141602359,1.5,0.6451612903225806,2.2132518040240364e-11,0.9999999999768675,1,5.119803832383465e-22,0.3339797457454536,1.0,1e-06,0.464869306513769,Utsuroi,1e-06,0.9803921568627451,1.0,0
2021-07-15,0.17577649471181736,1.5,0.6451612903225806,1.0508260928011386e-11,0.9999999999884918,1,1.209315761990655e-22,0.3339797457454536,1.0,1e-06,1.0,Utsuroi,1e-06,0.9803921568627451,1.0,0
2021-07-16,0.19436099298864415,1.5,0.6451612903225806,1.1993184223429342e-11,0.9999999999870068,1,1.5582938673168543e-22,0.3339797457454536,1.0,1e-06,1.0,Utsuroi,1e-06,0.9803921568627451,1.0,0
2021-07-19,0.13870905679530218,2.0,0.48780487804878053,2.292734890564582e-10,0.9999999997697265,1,5.279560120733296e-20,0.4417151475986048,1.0,1e-06,0.3474081867077873,Utsuroi,1e-06,0.9803921568627451,1.0,0
2021-07-20,0.11932337352825935,2.0,0.48780487804878053,0.0,0.0,0,0.0,0.4417151475986048,0.0,1e-06,1.0,Utsuroi,1e-06,0.9803921568627451,1.0,0
2021-07-21,0.12408068559695228,2.0,0.48780487804878053,0.0,0.0,0,0.0,0.4417151475986048,0.0,1e-06,1.0,Utsuroi,1e-06,0.9803921568627451,1.0,0
2021-07-22,0.14643077235041835,3.5,0.28169014084507044,0.0,0.0,0,0.0,0.7649213531574122,0.0,1e-06,0.010937155234759577,Utsuroi,1e-06,0.9803921568627451,1.0,0
2021-07-23,0.14028099352669765,3.5,0.28169014084507044,0.0,0.0,0,0.0,0.7649213531574122,0.0,1e-06,1.0,Utsuroi,1e-06,0.9803921568627451,1.0,0
2021-07-26,0.1406065929277296,2.0,0.48780487804878053,0.0,0.0,0,0.0,0.4417151475986048,0.0,1e-06,0.0323946066336549,Utsuroi,1e-06,0.9803921568627451,1.0,0
2021-07-27,0.13068980480302023,2.0,0.48780487804878053,1.8198531568916018e-10,0.9999999998170147,1,3.33006364193909e-20,0.4417151475986048,1.0,1e-06,0.28678859195813555,Utsuroi,1e-06,0.9803921568627451,1.0,0
2021-07-28,0.1302481523368322,2.0,0.48780487804878053,4.69220218224e-11,0.999999999952078,1,2.248597115782203e-21,0.4417151475986048,1.0,1e-06,1.0,Utsuroi,1e-06,0.9803921568627451,1.0,0
2021-07-29,0.111985926981281,4.0,0.2469135802469136,0.0,0.0,0,0.0,0.8726567550101324,0.0,1e-06,0.3166956524798188,Utsuroi,1e-06,0.9803921568627451,1.0,0
2021-07-30,0.1150491619301435,4.5,0.21978021978021978,0.0,0.0,0,0.0,0.9803921568627451,0.0,1e-06,0.0024613580478344277,Katashi,1e-06,0.9803921568627451,1.0,0
2021-08-02,0.10809971994702647,4.5,0.21978021978021978,0.0,0.0,0,0.0,0.9803921568627451,0.0,1e-06,1.0,Katashi,1e-06,0.9803921568627451,1.0,0
2021-08-03,0.11324306695388459,4.5,0.21978021978021978,0.0,0.0,0,0.0,0.9803921568627451,0.0,1e-06,1.0,Katashi,1e-06,0.9803921568627451,1.0,0
2021-08-04,0.10046253670550787,4.5,0.21978021978021978,4.031630584847753e-11,0.9999999999586837,1,1.6657199312848171e-21,0.9803921568627451,1.0,1e-06,0.5789389902950428,Katashi,1e-06,0.9803921568627451,1.0,0
2021-08-05,0.06679835349549328,4.5,0.21978021978021978,1.6975088001752667e-11,0.9999999999820249,1,3.0512832515358807e-22,0.9803921568627451,1.0,1e-06,1.0,Katashi,1e-06,0.9803921568627451,1.0,0
2021-08-06,0.06373488959863136,2.5,0.3921568627450981,2.185163161501666e-11,0.9999999999771484,1,4.993449524634279e-22,0.5494505494516483,1.0,1e-06,0.2386566423772245,Utsuroi,1e-06,0.9803921568627451,1.0,0
2021-08-09,0.07752985306000008,4.5,0.21978021978021978,0.0,0.0,0,0.0,0.9803921568627451,0.0,1e-06,0.31491743978747855,Katashi,1e-06,0.9803921568627451,1.0,0
2021-08-10,0.09683095182700675,2.0,0.48780487804878053,3.2634450696779025e-11,0.9999999999663656,1,1.0976411010655383e-21,0.4417151475986048,1.0,1e-06,0.9384977806442324,Utsuroi,1e-06,0.9803921568627451,1.0,0
2021-08-11,0.09636675808399761,1.0,0.9523809523809523,6.407214756693361e-10,0.9999999993582785,1,4.111647168176262e-19,0.22624434389219458,1.0,1e-06,0.6719670546074137,Utsuroi,1e-06,0.9803921568627451,1.0,0
2021-08-12,0.09986409514357147,4.5,0.21978021978021978,0.0,0.0,0,0.0,0.9803921568627451,0.0,1e-06,0.15480372221058603,Katashi,1e-06,0.9803921568627451,1.0,0
2021-08-13,0.10260078158709393,4.5,0.21978021978021978,0.0,0.0,0,0.0,0.9803921568627451,0.0,1e-06,1.0,Katashi,1e-06,0.9803921568627451,1.0,0
2021-08-16,0.1160016021369678,4.5,0.21978021978021978,0.0,0.0,0,0.0,0.9803921568627451,0.0,1e-06,1.0,Katashi,1e-06,0.9803921568627451,1.0,0
2021-08-17,0.10901541128862569,3.5,0.28169014084507044,0.0,0.0,0,0.0,0.7649213531574122,0.0,1e-06,0.004662954512815953,Utsuroi,1e-06,0.9803921568627451,1.0,0
2021-08-18,0.14150355631448072,1.0,0.9523809523809523,1.6325385487753493e-11,0.9999999999826746,1,2.8284323566833923e-22,0.22624434389219458,1.0,1e-06,0.7355057584610065,Utsuroi,1e-06,0.9803921568627451,1.0,0
2021-08-19,0.15119507864243875,1.0,0.9523809523809523,0.6929374845023755,0.5102391747989564,2,0.33937363422261874,0.22624434389219458,2.0,1e-06,0.024863393468374073,Utsuroi,1e-06,0.9803921568627451,1.0,0
2021-08-20,0.17390645553757966,1.0,0.9523809523809523,4.2081116368347207e-11,0.9999999999569189,1,1.8129005403070773e-21,0.22624434389219458,1.0,1e-06,0.8204095593427085,Utsuroi,1e-06,0.9803921568627451,1.0,0
2021-08-23,0.15524276470448137,1.0,0.9523809523809523,0.0,0.0,0,0.0,0.22624434389219458,0.0,1e-06,1.0,Utsuroi,1e-06,0.9803921568627451,1.0,0
2021-08-24,0.16815537155275387,1.0,0.9523809523809523,4.0558945083096675e-10,0.9999999995934106,1,1.6490838313738466e-19,0.22624434389219458,1.0,1e-06,0.13677428433422056,Utsuroi,1e-06,0.9803921568627451,1.0,0
2021-08-25,0.16428411672157497,2.5,0.3921568627450981,0.0,0.0,0,0.0,0.5494505494516483,0.0,1e-06,0.44590219024318933,Utsuroi,1e-06,0.9803921568627451,1.0,0
2021-08-26,0.18729185894371084,2.0,0.48780487804878053,9.507061804415442e-12,0.999999999989493,1,9.989107564535005e-23,0.4417151475986048,1.0,1e-06,0.46208105752858664,Utsuroi,1e-06,0.9803921568627451,1.0,0
2021-08-27,0.2342171842443799,2.0,0.48780487804878053,7.548628388995325e-12,0.9999999999914514,1,6.453025195576901e-23,0.4417151475986048,1.0,1e-06,1.0,Utsuroi,1e-06,0.9803921568627451,1.0,0
2021-08-30,0.24429356558981144,2.0,0.48780487804878053,1.0797807092830254e-11,0.9999999999882022,1,1.273902062414852e-22,0.4417151475986048,1.0,1e-06,1.0,Utsuroi,1e-06,0.9803921568627451,1.0,0
2021-08-31,0.2634999614665581,1.5,0.6451612903225806,1.6968315641302576e-11,0.9999999999820317,1,3.0489167597857737e-22,0.3339797457454536,1.0,1e-06,0.464869306513769,Utsuroi,1e-06,0.9803921568627451,1.0,0
2021-09-01,0.2930060693612541,2.0,0.48780487804878053,8.12279132810849e-11,0.9999999999177721,1,6.679200012653936e-21,0.4417151475986048,1.0,1e-06,0.3474081867077873,Utsuroi,1e-06,0.9803921568627451,1.0,0
2021-09-02,0.2783491237598637,1.0,0.9523809523809523,9.011713597158068e-11,0.9999999999088829,1,8.211213338519927e-21,0.22624434389219458,1.0,1e-06,0.6719670546074137,Utsuroi,1e-06,0.9803921568627451,1.0,0
2021-09-03,0.2813775875717278,2.0,0.48780487804878053,0.0,0.0,0,0.0,0.4417151475986048,0.0,1e-06,0.6033616229497174,Utsuroi,1e-06,0.9803921568627451,1.0,0
2021-09-07,0.31100692162433136,2.0,0.48780487804878053,0.0,0.0,0,0.0,0.4417151475986048,0.0,1e-06,1.0,Utsuroi,1e-06,0.9803921568627451,1.0,0
2021-09-08,0.2827081955904386,2.0,0.48780487804878053,0.0,0.0,0,0.0,0.4417151475986048,0.0,1e-06,1.0,Utsuroi,1e-06,0.9803921568627451,1.0,0
2021-09-09,0.25115506474348354,1.0,0.9523809523809523,0.0,0.0,0,0.0,0.22624434389219458,0.0,1e-06,0.3501958162953853,Utsuroi,1e-06,0.9803921568627451,1.0,0
2021-09-10,0.2719004814655535,1.0,0.9523809523809523,0.0,0.0,0,0.0,0.22624434389219458,0.0,1e-06,1.0,Utsuroi,1e-06,0.9803921568627451,1.0,0
2021-09-13,0.28583229810441524,3.0,0.3278688524590164,0.0,0.0,0,0.0,0.6571859513045841,0.0,1e-06,0.040059476124518545,Utsuroi,1e-06,0.9803921568627451,1.0,0
2021-09-14,0.27036453859080406,3.0,0.3278688524590164,0.0,0.0,0,0.0,0.6571859513045841,0.0,1e-06,1.0,Utsuroi,1e-06,0.9803921568627451,1.0,0
2021-09-15,0.24605071439249693,4.0,0.2469135802469136,0.0,0.0,0,0.0,0.8726567550101324,0.0,1e-06,0.0047065761979746545,Utsuroi,1e-06,0.9803921568627451,1.0,0
2021-09-16,0.2429876256733859,3.0,0.3278688524590164,0.0,0.0,0,0.0,0.6571859513045841,0.0,1e-06,0.00828333882742971,Utsuroi,1e-06,0.9803921568627451,1.0,0
2021-09-17,0.2545664330962245,3.0,0.3278688524590164,0.0,0.0,0,0.0,0.6571859513045841,0.0,1e-06,1.0,Utsuroi,1e-06,0.9803921568627451,1.0,0
2021-09-20,0.2152988593940649,2.5,0.3921568627450981,0.0,0.0,0,0.0,0.5494505494516483,0.0,1e-06,0.0185006706527876,Utsuroi,1e-06,0.9803921568627451,1.0,0
2021-09-21,0.2114957286266239,3.0,0.3278688524590164,0.0,0.0,0,0.0,0.6571859513045841,0.0,1e-06,0.012968748795475271,Utsuroi,1e-06,0.9803921568627451,1.0,0
2021-09-22,0.20562258284093404,2.0,0.48780487804878053,0.0,0.0,0,0.0,0.4417151475986048,0.0,1e-06,0.03635978925900907,Utsuroi,1e-06,0.9803921568627451,1.0,0
2021-09-23,0.18168118511243364,3.0,0.3278688524590164,0.0,0.0,0,0.0,0.6571859513045841,0.0,1e-06,0.016603793746111206,Utsuroi,1e-06,0.9803921568627451,1.0,0
2021-09-24,0.17303606294874246,4.0,0.2469135802469136,0.0,0.0,0,0.0,0.8726567550101324,0.0,1e-06,0.0047065761979746545,Utsuroi,1e-06,0.9803921568627451,1.0,0
2021-09-27,0.17919179886021727,2.0,0.48780487804878053,0.0,0.0,0,0.0,0.4417151475986048,0.0,1e-06,0.029550082253962273,Utsuroi,1e-06,0.9803921568627451,1.0,0
2021-09-28,0.20370600926573168,3.0,0.3278688524590164,0.0,0.0,0,0.0,0.6571859513045841,0.0,1e-06,0.016603793746111206,Utsuroi,1e-06,0.9803921568627451,1.0,0
2021-09-29,0.17803982689648806,4.0,0.2469135802469136,0.0,0.0,0,0.0,0.8726567550101324,0.0,1e-06,0.0047065761979746545,Utsuroi,1e-06,0.9803921568627451,1.0,0
2021-09-30,0.15945915964031368,3.0,0.3278688524590164,0.0,0.0,0,0.0,0.6571859513045841,0.0,1e-06,0.00828333882742971,Utsuroi,1e-06,0.9803921568627451,1.0,0
2021-10-01,0.19344161664972562,4.0,0.2469135802469136,0.0,0.0,0,0.0,0.8726567550101324,0.0,1e-06,0.0047065761979746545,Utsuroi,1e-06,0.9803921568627451,1.0,0
2021-10-04,0.21442523491627064,3.0,0.3278688524590164,0.0,0.0,0,0.0,0.6571859513045841,0.0,1e-06,0.00828333882742971,Utsuroi,1e-06,0.9803921568627451,1.0,0
2021-10-05,0.20201249424887077,2.5,0.3921568627450981,1.5075474201168158e-10,0.9999999998482453,1,2.287774364780197e-20,0.5494505494516483,1.0,1e-06,0.5562109667974527,Utsuroi,1e-06,0.9803921568627451,1.0,0
2021-10-06,0.21554111922270242,2.5,0.3921568627450981,0.0,0.0,0,0.0,0.5494505494516483,0.0,1e-06,1.0,Utsuroi,1e-06,0.9803921568627451,1.0,0
2021-10-07,0.20151208646644186,2.5,0.3921568627450981,4.8680726115622885e-11,0.9999999999503193,1,2.4184927444185647e-21,0.5494505494516483,1.0,1e-06,0.36397979193741614,Utsuroi,1e-06,0.9803921568627451,1.0,0
2021-10-08,0.21469750810993735,3.0,0.3278688524590164,0.0,0.0,0,0.0,0.6571859513045841,0.0,1e-06,0.7719189088736801,Utsuroi,1e-06,0.9803921568627451,1.0,0
2021-10-11,0.22384086109014148,3.0,0.3278688524590164,0.0,0.0,0,0.0,0.6571859513045841,0.0,1e-06,1.0,Utsuroi,1e-06,0.9803921568627451,1.0,0
2021-10-12,0.21040784764213274,3.0,0.3278688524590164,0.0,0.0,0,0.0,0.6571859513045841,0.0,1e-06,1.0,Utsuroi,1e-06,0.9803921568627451,1.0,0
2021-10-13,0.1988449714536671,3.0,0.3278688524590164,0.0,0.0,0,0.0,0.6571859513045841,0.0,1e-06,1.0,Utsuroi,1e-06,0.9803921568627451,1.0,0
2021-10-14,0.23441330671991606,3.0,0.3278688524590164,0.0,0.0,0,0.0,0.6571859513045841,0.0,1e-06,1.0,Utsuroi,1e-06,0.9803921568627451,1.0,0
2021-10-15,0.2329612899178117,3.0,0.3278688524590164,0.0,0.0,0,0.0,0.6571859513045841,0.0,1e-06,1.0,Utsuroi,1e-06,0.9803921568627451,1.0,0
2021-10-18,0.23017190538929677,4.0,0.2469135802469136,0.0,0.0,0,0.0,0.8726567550101324,0.0,1e-06,0.0047065761979746545,Utsuroi,1e-06,0.9803921568627451,1.0,0
2021-10-19,0.21329255285777024,2.0,0.48780487804878053,0.0,0.0,0,0.0,0.4417151475986048,0.0,1e-06,0.029550082253962273,Utsuroi,1e-06,0.9803921568627451,1.0,0
2021-10-20,0.228717610891524,2.0,0.48780487804878053,0.0,0.0,0,0.0,0.4417151475986048,0.0,1e-06,1.0,Utsuroi,1e-06,0.9803921568627451,1.0,0
2021-10-21,0.2213030930422235,2.0,0.48780487804878053,0.0,0.0,0,0.0,0.4417151475986048,0.0,1e-06,1.0,Utsuroi,1e-06,0.9803921568627451,1.0,0
2021-10-22,0.1959602233515277,2.0,0.48780487804878053,2.2204460492234407e-11,0.9999999999767956,1,5.152420350485395e-22,0.4417151475986048,1.0,1e-06,0.28678859195813555,Utsuroi,1e-06,0.9803921568627451,1.0,0
2021-10-25,0.23365267582658894,1.0,0.9523809523809523,0.0,0.0,0,0.0,0.22624434389219458,0.0,1e-06,0.711015537187233,Utsuroi,1e-06,0.9803921568627451,1.0,0
2021-10-26,0.23479703871008223,1.0,0.9523809523809523,0.0,0.0,0,0.0,0.22624434389219458,0.0,1e-06,1.0,Utsuroi,1e-06,0.9803921568627451,1.0,0
2021-10-27,0.217332804857081,1.0,0.9523809523809523,0.0,0.0,0,0.0,0.22624434389219458,0.0,1e-06,1.0,Utsuroi,1e-06,0.9803921568627451,1.0,0
2021-10-28,0.1822414945224562,2.0,0.48780487804878053,0.47497643839522397,0.8176245541140523,2,0.08662403973764833,0.4417151475986048,2.0,1e-06,0.02655745912008567,Utsuroi,1e-06,0.9803921568627451,1.0,0
2021-10-29,0.1788318023369128,1.0,0.9523809523809523,0.6447960501832068,0.65421847990572,2,0.2229585583831369,0.22624434389219458,2.0,1e-06,0.22418457985034768,Utsuroi,1e-06,0.9803921568627451,1.0,0
2021-11-01,0.1899202957961599,2.0,0.48780487804878053,0.6912720780447363,0.5306098858135513,2,0.32447627964732245,0.4417151475986048,2.0,1e-06,0.09699953683280838,Utsuroi,1e-06,0.9803921568627451,1.0,0
2021-11-02,0.17129937963716682,3.0,0.3278688524590164,1.1529222021444411e-11,0.9999999999874708,1,1.4445192739587955e-22,0.6571859513045841,1.0,1e-06,0.9603850451780891,Utsuroi,1e-06,0.9803921568627451,1.0,0
2021-11-03,0.13986346140562575,3.0,0.3278688524590164,2.6261659513322206e-11,0.9999999999727384,1,7.159358389636529e-22,0.6571859513045841,1.0,1e-06,1.0,Utsuroi,1e-06,0.9803921568627451,1.0,0
2021-11-04,0.2196390905986978,3.0,0.3278688524590164,5.5587201506844095e-11,0.9999999999434128,1,3.1455229432737907e-21,0.6571859513045841,1.0,1e-06,1.0,Utsuroi,1e-06,0.9803921568627451,1.0,0
2021-11-05,0.22053357863054343,3.0,0.3278688524590164,2.175792879174043e-11,0.9999999999772421,1,4.951649127810001e-22,0.6571859513045841,1.0,1e-06,1.0,Utsuroi,1e-06,0.9803921568627451,1.0,0
2021-11-08,0.24337452146782942,3.0,0.3278688524590164,1.795552595478104e-11,0.9999999999810445,1,3.4035604106369358e-22,0.6571859513045841,1.0,1e-06,1.0,Utsuroi,1e-06,0.9803921568627451,1.0,0
2021-11-09,0.20373809707105017,3.0,0.3278688524590164,4.530864572309074e-11,0.9999999999536914,1,2.0981810207270194e-21,0.6571859513045841,1.0,1e-06,1.0,Utsuroi,1e-06,0.9803921568627451,1.0,0
2021-11-10,0.20148306865780702,3.0,0.3278688524590164,3.242817125881059e-11,0.9999999999665719,1,1.0840137451007332e-21,0.6571859513045841,1.0,1e-06,1.0,Utsuroi,1e-06,0.9803921568627451,1.0,0
2021-11-11,0.21666871086282938,3.0,0.3278688524590164,2.5997426433468585e-11,0.9999999999730026,1,7.018630324987495e-22,0.6571859513045841,1.0,1e-06,1.0,Utsuroi,1e-06,0.9803921568627451,1.0,0
2021-11-12,0.21737720554216014,2.0,0.48780487804878053,0.0,0.0,0,0.0,0.4417151475986048,0.0,1e-06,0.5858268721994265,Utsuroi,1e-06,0.9803921568627451,1.0,0
2021-11-15,0.20343770183029955,2.0,0.48780487804878053,0.0,0.0,0,0.0,0.4417151475986048,0.0,1e-06,1.0,Utsuroi,1e-06,0.9803921568627451,1.0,0
2021-11-16,0.20467000606494679,1.0,0.9523809523809523,0.0,0.0,0,0.0,0.22624434389219458,0.0,1e-06,0.3501958162953853,Utsuroi,1e-06,0.9803921568627451,1.0,0
2021-11-17,0.20184502517355757,2.0,0.48780487804878053,0.0,0.0,0,0.0,0.4417151475986048,0.0,1e-06,0.10812756396502188,Utsuroi,1e-06,0.9803921568627451,1.0,0
2021-11-18,0.21369458890404008,2.0,0.48780487804878053,0.0,0.0,0,0.0,0.4417151475986048,0.0,1e-06,1.0,Utsuroi,1e-06,0.9803921568627451,1.0,0
2021-11-19,0.2025604741899756,2.0,0.48780487804878053,0.0,0.0,0,0.0,0.4417151475986048,0.0,1e-06,1.0,Utsuroi,1e-06,0.9803921568627451,1.0,0
2021-11-22,0.2552637352875291,2.0,0.48780487804878053,0.0,0.0,0,0.0,0.4417151475986048,0.0,1e-06,1.0,Utsuroi,1e-06,0.9803921568627451,1.0,0
2021-11-23,0.29269358777935917,2.0,0.48780487804878053,0.0,0.0,0,0.0,0.4417151475986048,0.0,1e-06,1.0,Utsuroi,1e-06,0.9803921568627451,1.0,0
2021-11-24,0.2874343981377292,2.0,0.48780487804878053,0.0,0.0,0,0.0,0.4417151475986048,0.0,1e-06,1.0,Utsuroi,1e-06,0.9803921568627451,1.0,0
2021-11-26,0.24665081609405656,1.0,0.9523809523809523,0.0,0.0,0,0.0,0.22624434389219458,0.0,1e-06,0.3501958162953853,Utsuroi,1e-06,0.9803921568627451,1.0,0
2021-11-29,0.2651531338248412,1.0,0.9523809523809523,0.0,0.0,0,0.0,0.22624434389219458,0.0,1e-06,1.0,Utsuroi,1e-06,0.9803921568627451,1.0,0
2021-11-30,0.25944343850013596,3.0,0.3278688524590164,0.0,0.0,0,0.0,0.6571859513045841,0.0,1e-06,0.040059476124518545,Utsuroi,1e-06,0.9803921568627451,1.0,0
2021-12-01,0.24737929326146907,3.0,0.3278688524590164,0.0,0.0,0,0.0,0.6571859513045841,0.0,1e-06,1.0,Utsuroi,1e-06,0.9803921568627451,1.0,0
2021-12-02,0.22738536082627706,3.0,0.3278688524590164,4.589706392611466e-11,0.999999999953103,1,2.152436525692416e-21,0.6571859513045841,1.0,1e-06,0.4314992682107164,Utsuroi,1e-06,0.9803921568627451,1.0,0
2021-12-03,0.1926710739689846,4.0,0.2469135802469136,3.3459235381744975e-11,0.9999999999655408,1,1.1529789275567679e-21,0.8726567550101324,1.0,1e-06,0.11745091012474818,Utsuroi,1e-06,0.9803921568627451,1.0,0
2021-12-06,0.18002301202039694,5.0,0.19801980198019803,0.0,0.0,0,0.0,1.08812755871525,0.0,0.027736371852504892,0.5728654981628832,Katashi,1e-06,0.9803921568627451,1.0,0
2021-12-07,0.11706478640834198,5.0,0.19801980198019803,0.0,0.0,0,0.0,1.08812755871525,0.0,0.05463968254943464,1.0,Katashi,1e-06,0.9803921568627451,1.0,0
2021-12-08,0.10506277294460602,5.0,0.19801980198019803,0.0,0.0,0,0.0,1.08812755871525,0.0,0.08073589392545649,1.0,Katashi,1e-06,0.9803921568627451,1.0,0
2021-12-09,0.09442669743017687,4.0,0.2469135802469136,0.0,0.0,0,0.0,0.8726567550101324,0.0,0.07831381710769279,0.0028230827990333163,Katashi,1e-06,0.9803921568627451,1.0,0
2021-12-10,0.10870740604796664,3.0,0.3278688524590164,1.2354662840679744e-09,0.9999999987635337,1,1.5276123789665773e-18,0.6571859513045841,1.0,0.07596440259446201,0.835666320376512,Katashi,1e-06,0.9803921568627451,1.0,0
2021-12-13,0.08547617454261541,4.0,0.2469135802469136,0.266966315664833,0.9247682450963329,2,0.02008434442763173,0.8726567550101324,2.0,0.07368547051662815,0.06159564267741735,Katashi,1e-06,0.9803921568627451,1.0,0
2021-12-14,0.1030373864409149,4.5,0.21978021978021978,0.6874815120560213,0.5531740559832442,2,0.3071845756184984,0.9803921568627451,2.0,0.0714749064011293,0.15396923931490347,Katashi,1e-06,0.9803921568627451,1.0,0
2021-12-15,0.10564797102071705,4.5,0.21978021978021978,0.6124396923643962,0.6981308833122977,2,0.18487662895852844,0.9803921568627451,2.0,0.06933065920909542,0.34307496561723494,Katashi,1e-06,0.9803921568627451,1.0,0
2021-12-16,0.08801659329673499,5.0,0.19801980198019803,0.6179418205940033,0.6914422565906807,2,0.19067073372073207,1.08812755871525,2.0,0.09498614128532745,0.2391429084321507,Katashi,1e-06,0.9803921568627451,1.0,0
2021-12-17,0.08659587894516457,3.0,0.3278688524590164,0.2843478863765834,0.91770135020125,2,0.023401447121921198,0.6571859513045841,2.0,0.09213655704676763,0.661069061578551,Katashi,1e-06,0.9803921568627451,1.0,0
2021-12-20,0.09488329298558568,2.0,0.48780487804878053,0.6402071295320224,0.6612436413655282,2,0.21687423597209554,0.4417151475986048,2.0,0.0893724603353646,0.2534641327072712,Katashi,1e-06,0.9803921568627451,1.0,0
2021-12-21,0.08619250613201294,2.0,0.48780487804878053,0.6924489323078411,0.5186826888051073,2,0.33328765823818435,0.4417151475986048,2.0,0.08669128652530365,0.09940734485140312,Katashi,1e-06,0.9803921568627451,1.0,0
2021-12-22,0.08601217091157792,2.5,0.3921568627450981,0.6925049844903051,0.5179172903406638,2,0.33384467937568285,0.5494505494516483,2.0,0.08409054792954454,0.7436161082234558,Katashi,1e-06,0.9803921568627451,1.0,0
2021-12-23,0.06579665904517958,2.0,0.48780487804878053,0.6657529664541315,0.6164970762541646,2,0.2553182091276225,0.4417151475986048,2.0,0.08156783149165821,0.12532582628105438,Katashi,1e-06,0.9803921568627451,1.0,0
2021-12-27,0.05274187766325146,2.0,0.48780487804878053,1.3230083695147394e-11,0.9999999999857699,1,1.882649056048765e-22,0.4417151475986048,1.0,0.07912079654690846,0.8059635740417872,Katashi,1e-06,0.9803921568627451,1.0,0
2021-12-28,0.04725739144960283,2.0,0.48780487804878053,0.6479850504923275,0.6491275451864662,2,0.2273601053487146,0.4417151475986048,2.0,0.0767471726505012,0.06507141369277258,Katashi,1e-06,0.9803921568627451,1.0,0
2021-12-29,0.08209330345106894,3.0,0.3278688524590164,1.7475798585849488e-11,0.9999999999815242,1,3.228789482072772e-22,0.6571859513045841,1.0,0.07444475747098615,0.9450697632888859,Katashi,1e-06,0.9803921568627451,1.0,0
2021-12-30,0.0824129601250309,2.0,0.48780487804878053,1.6894041720956485e-11,0.999999999982106,1,3.023023136678084e-22,0.4417151475986048,1.0,0.07221141474685656,0.3245373669692069,Katashi,1e-06,0.9803921568627451,1.0,0
2021-12-31,0.08737222576391143,3.0,0.3278688524590164,0.0,0.0,0,0.0,0.6571859513045841,0.0,0.07004507230445087,0.5773357337400848,Katashi,1e-06,0.9803921568627451,1.0,0
2022-01-03,0.10132196659636929,1.5,0.6451612903225806,0.0,0.0,0,0.0,0.3339797457454536,0.0,0.06794372013531734,0.08745345229459689,Katashi,1e-06,0.9803921568627451,1.0,0
2022-01-04,0.09749568168178549,2.0,0.48780487804878053,1.5572765299372856e-11,0.9999999999834273,1,2.580834398744995e-22,0.4417151475986048,1.0,0.06590540853125781,0.15329357672582788,Katashi,1e-06,0.9803921568627451,1.0,0
2022-01-05,0.1724456195573295,2.0,0.48780487804878053,1.0428768959449136e-11,0.9999999999885713,1,1.1918776026738671e-22,0.4417151475986048,1.0,0.06392824627532008,1.0,Katashi,1e-06,0.9803921568627451,1.0,0
2022-01-06,0.1736500930735721,2.0,0.48780487804878053,1.6134982239033558e-11,0.999999999982865,1,2.764722771617613e-22,0.4417151475986048,1.0,0.062010398887060475,1.0,Katashi,1e-06,0.9803921568627451,1.0,0
2022-01-07,0.19854286784083872,1.0,0.9523809523809523,3.366185108373206e-11,0.9999999999653382,1,1.1667813248292416e-21,0.22624434389219458,1.0,0.06015008692044866,0.6719670546074137,Katashi,1e-06,0.9803921568627451,1.0,0
2022-01-10,0.20104548153824675,2.0,0.48780487804878053,2.695932366197739e-11,0.9999999999720407,1,7.537638595971425e-22,0.4417151475986048,1.0,0.0583455843128352,0.37484291620776367,Katashi,1e-06,0.9803921568627451,1.0,0
2022-01-11,0.23680878790670215,3.0,0.3278688524590164,0.0,0.0,0,0.0,0.6571859513045841,0.0,0.05659521678345014,0.5773357337400848,Katashi,1e-06,0.9803921568627451,1.0,0
2022-01-12,0.22698506714185823,3.0,0.3278688524590164,0.0,0.0,0,0.0,0.6571859513045841,0.0,0.054897360279946635,1.0,Katashi,1e-06,0.9803921568627451,1.0,0
2022-01-13,0.21589754334472633,2.0,0.48780487804878053,0.0,0.0,0,0.0,0.4417151475986048,0.0,0.053250439471548235,0.03635978925900907,Katashi,1e-06,0.9803921568627451,1.0,0
2022-01-14,0.20228396898266168,1.0,0.9523809523809523,3.3622327144056775e-11,0.9999999999653777,1,1.1640824659624577e-21,0.22624434389219458,1.0,0.051652926287401785,0.3727218663321955,Katashi,1e-06,0.9803921568627451,1.0,0
2022-01-18,0.23352967856683493,1.0,0.9523809523809523,0.0,0.0,0,0.0,0.22624434389219458,0.0,0.05010333849877973,1.0,Katashi,1e-06,0.9803921568627451,1.0,0
2022-01-19,0.23425763723436638,1.0,0.9523809523809523,0.0,0.0,0,0.0,0.22624434389219458,0.0,0.048600238343816334,1.0,Katashi,1e-06,0.9803921568627451,1.0,0
2022-01-20,0.23012176409516955,1.0,0.9523809523809523,0.0,0.0,0,0.0,0.22624434389219458,0.0,0.04714223119350184,1.0,Katashi,1e-06,0.9803921568627451,1.0,0
2022-01-21,0.19297778010997801,1.0,0.9523809523809523,0.0,0.0,0,0.0,0.22624434389219458,0.0,0.04572796425769678,1.0,Katashi,1e-06,0.9803921568627451,1.0,0
2022-01-24,0.19341992414098835,0.5,1.8181818181818181,4.5214609832909345e-11,0.9999999999537854,1,2.0895745519984495e-21,0.11850894203882782,1.0,0.04435612532996588,0.12889654936922235,Katashi,1e-06,0.9803921568627451,1.0,0
2022-01-25,0.18518382136182182,2.0,0.48780487804878053,2.580313740416441e-11,0.9999999999731969,1,6.916044665018247e-22,0.4417151475986048,1.0,0.0430254415700669,0.4670817003587966,Katashi,1e-06,0.9803921568627451,1.0,0
2022-01-26,0.18344375431331958,4.0,0.2469135802469136,0.0,0.0,0,0.0,0.8726567550101324,0.0,0.041734678322964895,0.3166956524798188,Katashi,1e-06,0.9803921568627451,1.0,0
2022-01-27,0.15400025095677272,3.0,0.3278688524590164,4.849578515360672e-10,0.9999999995140422,1,2.356690649471748e-19,0.6571859513045841,1.0,0.04048263797327595,0.835666320376512,Katashi,1e-06,0.9803921568627451,1.0,0
2022-01-28,0.17221469351904134,2.5,0.3921568627450981,4.9248383148085364e-11,0.9999999999497516,1,2.4746505364519046e-21,0.5494505494516483,1.0,0.039268158834077665,0.24260405564362997,Katashi,1e-06,0.9803921568627451,1.0,0
2022-01-31,0.18167952820126732,1.0,0.9523809523809523,1.9548918039691588e-11,0.9999999999794511,1,4.0170868211069486e-22,0.22624434389219458,1.0,0.03809011406905533,0.6504217587030448,Katashi,1e-06,0.9803921568627451,1.0,0
2022-02-01,0.1761722818244558,2.0,0.48780487804878053,3.2872704557855545e-11,0.9999999999661273,1,1.1134866823239843e-21,0.4417151475986048,1.0,0.03694741064698367,0.37484291620776367,Katashi,1e-06,0.9803921568627451,1.0,0
2022-02-02,0.18632850241545892,3.0,0.3278688524590164,0.0,0.0,0,0.0,0.6571859513045841,0.0,0.03583898832757416,0.5773357337400848,Katashi,1e-06,0.9803921568627451,1.0,0
2022-02-03,0.25520484346571315,1.0,0.9523809523809523,0.35697732983758734,0.8849341717494654,2,0.04107589212442626,0.22624434389219458,2.0,0.03476381867774693,0.20955199827982762,Katashi,1e-06,0.9803921568627451,1.0,0
2022-02-04,0.24626450843842151,3.0,0.3278688524590164,0.4156424547395988,0.8540368066660914,2,0.060668499978936426,0.6571859513045841,2.0,0.03372090411741452,0.40006591998140273,Katashi,1e-06,0.9803921568627451,1.0,0
2022-02-07,0.20537737624694144,3.0,0.3278688524590164,1.2601319986675364e-10,0.9999999998729868,1,1.6005336953912793e-20,0.6571859513045841,1.0,0.03270927699389208,0.5647952496993797,Katashi,1e-06,0.9803921568627451,1.0,0
2022-02-08,0.2065217391304348,3.0,0.3278688524590164,3.2016611583595715e-11,0.9999999999669834,1,1.0570793206333449e-21,0.6571859513045841,1.0,0.03172799868407532,1.0,Katashi,1e-06,0.9803921568627451,1.0,0
2022-02-09,0.208715101323797,3.0,0.3278688524590164,2.4916957385931972e-11,0.9999999999740831,1,6.457711715606799e-22,0.6571859513045841,1.0,0.030776158723553056,1.0,Katashi,1e-06,0.9803921568627451,1.0,0
2022-02-10,0.2585902503293808,3.0,0.3278688524590164,0.0,0.0,0,0.0,0.6571859513045841,0.0,0.029852873961846462,1.0,Katashi,1e-06,0.9803921568627451,1.0,0
2022-02-11,0.21193362193362197,2.5,0.3921568627450981,0.0,0.0,0,0.0,0.5494505494516483,0.0,0.028957287742991066,0.0185006706527876,Katashi,1e-06,0.9803921568627451,1.0,0
2022-02-14,0.20931112365894977,2.5,0.3921568627450981,0.0,0.0,0,0.0,0.5494505494516483,0.0,0.028088569110701334,1.0,Katashi,1e-06,0.9803921568627451,1.0,0
2022-02-15,0.22130309304222348,3.0,0.3278688524590164,0.0,0.0,0,0.0,0.6571859513045841,0.0,0.027245912037380294,0.012968748795475271,Katashi,1e-06,0.9803921568627451,1.0,0
2022-02-16,0.22421168203776903,2.0,0.48780487804878053,0.0,0.0,0,0.0,0.4417151475986048,0.0,0.026428534676258886,0.03635978925900907,Katashi,1e-06,0.9803921568627451,1.0,0
2022-02-17,0.17347826086956525,3.0,0.3278688524590164,0.0,0.0,0,0.0,0.6571859513045841,0.0,0.025635678635971118,0.016603793746111206,Katashi,1e-06,0.9803921568627451,1.0,0
2022-02-18,0.17736432649476128,3.0,0.3278688524590164,0.0,0.0,0,0.0,0.6571859513045841,0.0,0.024866608276891983,1.0,Katashi,1e-06,0.9803921568627451,1.0,0
2022-02-22,0.18260932304410565,3.0,0.3278688524590164,0.0,0.0,0,0.0,0.6571859513045841,0.0,0.02412061002858522,1.0,Katashi,1e-06,0.9803921568627451,1.0,0
2022-02-23,0.21663027793462575,4.0,0.2469135802469136,0.0,0.0,0,0.0,0.8726567550101324,0.0,0.023396991727727665,0.0047065761979746545,Katashi,1e-06,0.9803921568627451,1.0,0
2022-02-24,0.23927912667043102,3.0,0.3278688524590164,0.0,0.0,0,0.0,0.6571859513045841,0.0,0.022695081975895835,0.00828333882742971,Katashi,1e-06,0.9803921568627451,1.0,0
2022-02-25,0.22777133347688108,4.0,0.2469135802469136,0.0,0.0,0,0.0,0.8726567550101324,0.0,0.02201422951661896,0.0047065761979746545,Katashi,1e-06,0.9803921568627451,1.0,0
2022-02-28,0.2319796181532353,3.0,0.3278688524590164,0.0,0.0,0,0.0,0.6571859513045841,0.0,0.02135380263112039,0.00828333882742971,Katashi,1e-06,0.9803921568627451,1.0,0
2022-03-01,0.23948967465404208,4.0,0.2469135802469136,0.0,0.0,0,0.0,0.8726567550101324,0.0,0.02071318855218678,0.0047065761979746545,Katashi,1e-06,0.9803921568627451,1.0,0
2022-03-02,0.21794846116638814,4.0,0.2469135802469136,0.0,0.0,0,0.0,0.8726567550101324,0.0,0.020091792895621175,1.0,Katashi,1e-06,0.9803921568627451,1.0,0
2022-03-03,0.21539702767593535,4.0,0.2469135802469136,0.0,0.0,0,0.0,0.8726567550101324,0.0,0.019489039108752538,1.0,Katashi,1e-06,0.9803921568627451,1.0,0
2022-03-04,0.21527771546866986,4.0,0.2469135802469136,0.0,0.0,0,0.0,0.8726567550101324,0.0,0.01890436793548996,1.0,Katashi,1e-06,0.9803921568627451,1.0,0
2022-03-07,0.23556783085432514,4.0,0.2469135802469136,0.0,0.0,0,0.0,0.8726567550101324,0.0,0.018337236897425262,1.0,Katashi,1e-06,0.9803921568627451,1.0,0
2022-03-08,0.18466609587416455,4.0,0.2469135802469136,0.0,0.0,0,0.0,0.8726567550101324,0.0,0.017787119790502504,1.0,Katashi,1e-06,0.9803921568627451,1.0,0
2022-03-09,0.17082557176186058,4.0,0.2469135802469136,0.0,0.0,0,0.0,0.8726567550101324,0.0,0.01725350619678743,1.0,Katashi,1e-06,0.9803921568627451,1.0,0
2022-03-10,0.17624980260580855,4.0,0.2469135802469136,0.0,0.0,0,0.0,0.8726567550101324,0.0,0.016735901010883805,1.0,Katashi,1e-06,0.9803921568627451,1.0,0
2022-03-11,0.18734879232052698,4.0,0.2469135802469136,0.0,0.0,0,0.0,0.8726567550101324,0.0,0.01623382398055729,1.0,Katashi,1e-06,0.9803921568627451,1.0,0
2022-03-14,0.2269148659631979,4.0,0.2469135802469136,0.0,0.0,0,0.0,0.8726567550101324,0.0,0.01574680926114057,1.0,Katashi,1e-06,0.9803921568627451,1.0,0
2022-03-15,0.17988610785335668,4.0,0.2469135802469136,0.0,0.0,0,0.0,0.8726567550101324,0.0,0.015274404983306353,1.0,Katashi,1e-06,0.9803921568627451,1.0,0
2022-03-16,0.2007814489468158,4.0,0.2469135802469136,0.0,0.0,0,0.0,0.8726567550101324,0.0,0.014816172833807163,1.0,Katashi,1e-06,0.9803921568627451,1.0,0
2022-03-17,0.19640630495167766,4.0,0.2469135802469136,0.0,0.0,0,0.0,0.8726567550101324,0.0,0.014371687648792947,1.0,Katashi,1e-06,0.9803921568627451,1.0,0
2022-03-18,0.20545445259982478,4.0,0.2469135802469136,0.0,0.0,0,0.0,0.8726567550101324,0.0,0.01394053701932916,1.0,Katashi,1e-06,0.9803921568627451,1.0,0
2022-03-21,0.20198575411894118,4.0,0.2469135802469136,0.0,0.0,0,0.0,0.8726567550101324,0.0,0.013522320908749283,1.0,Katashi,1e-06,0.9803921568627451,1.0,0
2022-03-22,0.2093656250661885,4.0,0.2469135802469136,8.465339540097582e-11,0.9999999999143466,1,7.250848875946695e-21,0.8726567550101324,1.0,0.013116651281486804,0.5376979581464392,Katashi,1e-06,0.9803921568627451,1.0,0
2022-03-23,0.2044658871434103,4.0,0.2469135802469136,5.817391013176853e-11,0.9999999999408261,1,3.4423764433457114e-21,0.8726567550101324,1.0,0.0127231517430422,1.0,Katashi,1e-06,0.9803921568627451,1.0,0
2022-03-24,0.20780417785649968,4.0,0.2469135802469136,2.8125834993917748e-11,0.9999999999708742,1,8.1918780691907165e-22,0.8726567550101324,1.0,0.012341457190750933,1.0,Katashi,1e-06,0.9803921568627451,1.0,0
2022-03-25,0.2054562976513496,4.0,0.2469135802469136,3.580247209743534e-11,0.9999999999631976,1,1.3176186883970317e-21,0.8726567550101324,1.0,0.011971213475028403,1.0,Katashi,1e-06,0.9803921568627451,1.0,0
2022-03-28,0.17558149667502757,4.0,0.2469135802469136,3.3307023805074094e-11,0.999999999965693,1,1.1426641217677719e-21,0.8726567550101324,1.0,0.01161207707077755,1.0,Katashi,1e-06,0.9803921568627451,1.0,0
2022-03-29,0.1796053704749357,4.0,0.2469135802469136,4.1061598564877327e-11,0.9999999999579384,1,1.727115566951124e-21,0.8726567550101324,1.0,0.011263714758654224,1.0,Katashi,1e-06,0.9803921568627451,1.0,0
2022-03-30,0.16050881485664095,4.0,0.2469135802469136,0.0,0.0,0,0.0,0.8726567550101324,0.0,0.010925803315894596,1.0,Katashi,1e-06,0.9803921568627451,1.0,0
2022-03-31,0.1668060277721721,3.0,0.3278688524590164,0.0,0.0,0,0.0,0.6571859513045841,0.0,0.010598029216417759,0.00828333882742971,Katashi,1e-06,0.9803921568627451,1.0,0
2022-04-01,0.17627034395451704,3.0,0.3278688524590164,0.0,0.0,0,0.0,0.6571859513045841,0.0,0.010280088339925227,1.0,Katashi,1e-06,0.9803921568627451,1.0,0
2022-04-04,0.19765292678336155,3.0,0.3278688524590164,0.0,0.0,0,0.0,0.6571859513045841,0.0,0.009971685689727469,1.0,Katashi,1e-06,0.9803921568627451,1.0,0
2022-04-05,0.2335811531463706,3.0,0.3278688524590164,0.0,0.0,0,0.0,0.6571859513045841,0.0,0.009672535119035644,1.0,Katashi,1e-06,0.9803921568627451,1.0,0
2022-04-06,0.2343917435221783,3.0,0.3278688524590164,0.0,0.0,0,0.0,0.6571859513045841,0.0,0.009382359065464575,1.0,Katashi,1e-06,0.9803921568627451,1.0,0
2022-04-07,0.23329506242549722,3.0,0.3278688524590164,0.0,0.0,0,0.0,0.6571859513045841,0.0,0.009100888293500637,1.0,Katashi,1e-06,0.9803921568627451,1.0,0
2022-04-08,0.2611412259238347,3.0,0.3278688524590164,0.0,0.0,0,0.0,0.6571859513045841,0.0,0.008827861644695617,1.0,Katashi,1e-06,0.9803921568627451,1.0,0
2022-04-11,0.25570550222724137,3.0,0.3278688524590164,0.0,0.0,0,0.0,0.6571859513045841,0.0,0.00856302579535475,1.0,Katashi,1e-06,0.9803921568627451,1.0,0
2022-04-12,0.26621933621933624,3.0,0.3278688524590164,0.0,0.0,0,0.0,0.6571859513045841,0.0,0.008306135021494106,1.0,Katashi,1e-06,0.9803921568627451,1.0,0
2022-04-13,0.2122435535479014,3.0,0.3278688524590164,0.0,0.0,0,0.0,0.6571859513045841,0.0,0.008056950970849283,1.0,Katashi,1e-06,0.9803921568627451,1.0,0
2022-04-14,0.2484578706317837,3.0,0.3278688524590164,0.0,0.0,0,0.0,0.6571859513045841,0.0,0.007815242441723805,1.0,Katashi,1e-06,0.9803921568627451,1.0,0
2022-04-18,0.24862576526712635,2.0,0.48780487804878053,0.0,0.0,0,0.0,0.4417151475986048,0.0,0.007580785168472091,0.03635978925900907,Katashi,1e-06,0.9803921568627451,1.0,0
2022-04-19,0.23323593997295378,2.5,0.3921568627450981,0.0,0.0,0,0.0,0.5494505494516483,0.0,0.007353361613417928,0.027502019508338527,Katashi,1e-06,0.9803921568627451,1.0,0
2022-04-20,0.22358030407206728,2.5,0.3921568627450981,2.5632163058376702e-11,0.9999999999733679,1,6.82639379091128e-22,0.5494505494516483,1.0,0.00713276076501539,0.36397979193741614,Katashi,1e-06,0.9803921568627451,1.0,0
2022-04-21,0.2540028732267313,2.5,0.3921568627450981,0.0,0.0,0,0.0,0.5494505494516483,0.0,0.006918777942064928,1.0,Katashi,1e-06,0.9803921568627451,1.0,0
2022-04-22,0.2650657211436357,1.0,0.9523809523809523,0.0,0.0,0,0.0,0.22624434389219458,0.0,0.00671121460380298,0.3075164951648277,Katashi,1e-06,0.9803921568627451,1.0,0
2022-04-25,0.29198429847395274,3.0,0.3278688524590164,0.0,0.0,0,0.0,0.6571859513045841,0.0,0.006509878165688891,0.040059476124518545,Katashi,1e-06,0.9803921568627451,1.0,0
2022-04-26,0.27189738621783616,1.0,0.9523809523809523,0.0,0.0,0,0.0,0.22624434389219458,0.0,0.006314581820718224,0.2794179652244647,Katashi,1e-06,0.9803921568627451,1.0,0
2022-04-27,0.26179967362358625,1.0,0.9523809523809523,0.0,0.0,0,0.0,0.22624434389219458,0.0,0.006125144366096677,1.0,Katashi,1e-06,0.9803921568627451,1.0,0
2022-04-28,0.2847815272179025,1.0,0.9523809523809523,0.0,0.0,0,0.0,0.22624434389219458,0.0,0.005941390035113777,1.0,Katashi,1e-06,0.9803921568627451,1.0,0
2022-04-29,0.32892569210219214,1.0,0.9523809523809523,0.0,0.0,0,0.0,0.22624434389219458,0.0,0.005763148334060364,1.0,Katashi,1e-06,0.9803921568627451,1.0,0
2022-05-02,0.31420372831033105,3.0,0.3278688524590164,0.0,0.0,0,0.0,0.6571859513045841,0.0,0.005590253884038552,0.040059476124518545,Katashi,1e-06,0.9803921568627451,1.0,0
2022-05-03,0.3161421670117322,3.0,0.3278688524590164,0.0,0.0,0,0.0,0.6571859513045841,0.0,0.005422546267517396,1.0,Katashi,1e-06,0.9803921568627451,1.0,0
2022-05-04,0.3546213689691951,3.0,0.3278688524590164,0.0,0.0,0,0.0,0.6571859513045841,0.0,0.005259869879491874,1.0,Katashi,1e-06,0.9803921568627451,1.0,0
2022-05-05,0.35454984628897673,3.0,0.3278688524590164,0.0,0.0,0,0.0,0.6571859513045841,0.0,0.005102073783107118,1.0,Katashi,1e-06,0.9803921568627451,1.0,0
2022-05-06,0.3498770311813791,3.0,0.3278688524590164,0.0,0.0,0,0.0,0.6571859513045841,0.0,0.004949011569613904,1.0,Katashi,1e-06,0.9803921568627451,1.0,0
2022-05-09,0.31442562268649227,1.0,0.9523809523809523,0.0,0.0,0,0.0,0.22624434389219458,0.0,0.004800541222525487,0.2794179652244647,Katashi,1e-06,0.9803921568627451,1.0,0
2022-05-10,0.30245749419662465,1.0,0.9523809523809523,0.0,0.0,0,0.0,0.22624434389219458,0.0,0.004656524985849723,1.0,Katashi,1e-06,0.9803921568627451,1.0,0
2022-05-11,0.2783305100696406,1.0,0.9523809523809523,0.0,0.0,0,0.0,0.22624434389219458,0.0,0.004516829236274231,1.0,Katashi,1e-06,0.9803921568627451,1.0,0
2022-05-12,0.27644707949055775,1.0,0.9523809523809523,0.0,0.0,0,0.0,0.22624434389219458,0.0,0.004381324359186004,1.0,Katashi,1e-06,0.9803921568627451,1.0,0
2022-05-13,0.2543704121964992,1.0,0.9523809523809523,0.0,0.0,0,0.0,0.22624434389219458,0.0,0.004249884628410423,1.0,Katashi,1e-06,0.9803921568627451,1.0,0
2022-05-16,0.24812409812409814,1.0,0.9523809523809523,0.0,0.0,0,0.0,0.22624434389219458,0.0,0.00412238808955811,1.0,Katashi,1e-06,0.9803921568627451,1.0,0
2022-05-17,0.21221971265449527,2.0,0.48780487804878053,0.0,0.0,0,0.0,0.4417151475986048,0.0,0.0039987164468713665,0.10812756396502188,Katashi,1e-06,0.9803921568627451,1.0,0
2022-05-18,0.18773511512641952,3.0,0.3278688524590164,0.0,0.0,0,0.0,0.6571859513045841,0.0,0.0038787549534652255,0.016603793746111206,Katashi,1e-06,0.9803921568627451,1.0,0
2022-05-19,0.19939345846162734,1.0,0.9523809523809523,0.0,0.0,0,0.0,0.22624434389219458,0.0,0.0037623923048612684,0.2794179652244647,Katashi,1e-06,0.9803921568627451,1.0,0
2022-05-20,0.2029460545985489,1.0,0.9523809523809523,0.0,0.0,0,0.0,0.22624434389219458,0.0,0.00364952053571543,1.0,Katashi,1e-06,0.9803921568627451,1.0,0
2022-05-23,0.17458472949322185,3.0,0.3278688524590164,0.0,0.0,0,0.0,0.6571859513045841,0.0,0.0035400349196439674,0.040059476124518545,Katashi,1e-06,0.9803921568627451,1.0,0
2022-05-24,0.16684916426781923,3.0,0.3278688524590164,0.0,0.0,0,0.0,0.6571859513045841,0.0,0.0034338338720546484,1.0,Katashi,1e-06,0.9803921568627451,1.0,0
2022-05-25,0.16428569248978142,3.0,0.3278688524590164,0.0,0.0,0,0.0,0.6571859513045841,0.0,0.003330818855893009,1.0,Katashi,1e-06,0.9803921568627451,1.0,0
2022-05-26,0.17186785077456984,3.0,0.3278688524590164,0.0,0.0,0,0.0,0.6571859513045841,0.0,0.0032308942902162185,1.0,Katashi,1e-06,0.9803921568627451,1.0,0
2022-05-27,0.18843810667863825,4.0,0.2469135802469136,0.0,0.0,0,0.0,0.8726567550101324,0.0,0.003133967461509732,0.0047065761979746545,Katashi,1e-06,0.9803921568627451,1.0,0
2022-05-31,0.20098190470036145,4.0,0.2469135802469136,0.0,0.0,0,0.0,0.8726567550101324,0.0,0.00303994843766444,1.0,Katashi,1e-06,0.9803921568627451,1.0,0
2022-06-01,0.15357097178320075,4.0,0.2469135802469136,0.0,0.0,0,0.0,0.8726567550101324,0.0,0.002948749984534507,1.0,Katashi,1e-06,0.9803921568627451,1.0,0
2022-06-02,0.16038995212840607,3.0,0.3278688524590164,1.4407974812171843e-10,0.9999999998549203,1,2.0903050381163915e-20,0.6571859513045841,1.0,0.0028602874849984715,0.835666320376512,Katashi,1e-06,0.9803921568627451,1.0,0
2022-06-03,0.181312258582087,2.0,0.48780487804878053,4.049371948780528e-11,0.9999999999585063,1,1.6802341416889768e-21,0.4417151475986048,1.0,0.0027744788604485175,0.3245373669692069,Katashi,1e-06,0.9803921568627451,1.0,0
2022-06-06,0.14776515870322596,3.0,0.3278688524590164,0.0,0.0,0,0.0,0.6571859513045841,0.0,0.002691244494635062,0.5773357337400848,Katashi,1e-06,0.9803921568627451,1.0,0
2022-06-07,0.11241771111579267,3.0,0.3278688524590164,2.517352992691616e-11,0.9999999999738265,1,6.588795820350862e-22,0.6571859513045841,1.0,0.00261050715979601,0.4314992682107164,Katashi,1e-06,0.9803921568627451,1.0,0
2022-06-08,0.12242051803241694,3.0,0.3278688524590164,2.801873177520255e-10,0.9999999997188127,1,7.878511415967764e-20,0.6571859513045841,1.0,0.0025321919450021295,1.0,Katashi,1e-06,0.9803921568627451,1.0,0
2022-06-09,0.15411049278347758,4.0,0.2469135802469136,0.0,0.0,0,0.0,0.8726567550101324,0.0,0.0024562261866520655,0.5737634755976899,Katashi,1e-06,0.9803921568627451,1.0,0
2022-06-10,0.16827463656999486,4.0,0.2469135802469136,0.0,0.0,0,0.0,0.8726567550101324,0.0,0.0023825394010525036,1.0,Katashi,1e-06,0.9803921568627451,1.0,0
2022-06-13,0.23059788333544293,3.0,0.3278688524590164,0.0,0.0,0,0.0,0.6571859513045841,0.0,0.0023110632190209285,0.00828333882742971,Katashi,1e-06,0.9803921568627451,1.0,0
2022-06-14,0.23019574628270284,3.0,0.3278688524590164,0.0,0.0,0,0.0,0.6571859513045841,0.0,0.0022417313224503007,1.0,Katashi,1e-06,0.9803921568627451,1.0,0
2022-06-15,0.2655041094171529,3.0,0.3278688524590164,0.0,0.0,0,0.0,0.6571859513045841,0.0,0.0021744793827767916,1.0,Katashi,1e-06,0.9803921568627451,1.0,0
2022-06-16,0.25248698161741645,3.0,0.3278688524590164,0.0,0.0,0,0.0,0.6571859513045841,0.0,0.002109245001293488,1.0,Katashi,1e-06,0.9803921568627451,1.0,0
2022-06-17,0.2743252399774139,2.0,0.48780487804878053,0.0,0.0,0,0.0,0.4417151475986048,0.0,0.002045967651254683,0.03635978925900907,Katashi,1e-06,0.9803921568627451,1.0,0
2022-06-21,0.2890589121023904,1.0,0.9523809523809523,0.0,0.0,0,0.0,0.22624434389219458,0.0,0.0019845886217170427,0.3501958162953853,Katashi,1e-06,0.9803921568627451,1.0,0
2022-06-22,0.2920390237781542,2.0,0.48780487804878053,0.0,0.0,0,0.0,0.4417151475986048,0.0,0.0019250509630655314,0.10812756396502188,Katashi,1e-06,0.9803921568627451,1.0,0
2022-06-23,0.2939462952506432,2.0,0.48780487804878053,0.0,0.0,0,0.0,0.4417151475986048,0.0,0.0018672994341735654,1.0,Katashi,1e-06,0.9803921568627451,1.0,0
2022-06-24,0.29165756948365645,2.0,0.48780487804878053,0.0,0.0,0,0.0,0.4417151475986048,0.0,0.0018112804511483584,1.0,Katashi,1e-06,0.9803921568627451,1.0,0
2022-06-27,0.3201474371039588,2.0,0.48780487804878053,0.0,0.0,0,0.0,0.4417151475986048,0.0,0.0017569420376139077,1.0,Katashi,1e-06,0.9803921568627451,1.0,0
2022-06-28,0.3036256979735241,2.0,0.48780487804878053,0.0,0.0,0,0.0,0.4417151475986048,0.0,0.0017042337764854904,1.0,Katashi,1e-06,0.9803921568627451,1.0,0
2022-06-29,0.3200997553171466,3.0,0.3278688524590164,0.0,0.0,0,0.0,0.6571859513045841,0.0,0.0016531067631909257,0.016603793746111206,Katashi,1e-06,0.9803921568627451,1.0,0
2022-06-30,0.3020045172219086,2.0,0.48780487804878053,0.0,0.0,0,0.0,0.4417151475986048,0.0,0.0016035135602951978,0.03635978925900907,Katashi,1e-06,0.9803921568627451,1.0,0
2022-07-01,0.31056339795470234,3.0,0.3278688524590164,0.0,0.0,0,0.0,0.6571859513045841,0.0,0.0015554081534863418,0.016603793746111206,Katashi,1e-06,0.9803921568627451,1.0,0
2022-07-05,0.31678587113369727,2.5,0.3921568627450981,0.0,0.0,0,0.0,0.5494505494516483,0.0,0.0015087459088817515,0.0185006706527876,Katashi,1e-06,0.9803921568627451,1.0,0
2022-07-06,0.31535541752933055,2.0,0.48780487804878053,0.0,0.0,0,0.0,0.4417151475986048,0.0,0.0014634835316152989,0.04222863277142208,Katashi,1e-06,0.9803921568627451,1.0,0
2022-07-07,0.2914906832298137,2.0,0.48780487804878053,0.0,0.0,0,0.0,0.4417151475986048,0.0,0.00141957902566684,1.0,Katashi,1e-06,0.9803921568627451,1.0,0
2022-07-08,0.2859119141727837,2.0,0.48780487804878053,0.0,0.0,0,0.0,0.4417151475986048,0.0,0.0013769916548968348,1.0,Katashi,1e-06,0.9803921568627451,1.0,0
2022-07-11,0.2699146746972834,2.5,0.3921568627450981,0.0,0.0,0,0.0,0.5494505494516483,0.0,0.0013356819052499297,0.027502019508338527,Katashi,1e-06,0.9803921568627451,1.0,0
2022-07-12,0.2611412259238346,2.5,0.3921568627450981,0.0,0.0,0,0.0,0.5494505494516483,0.0,0.0012956114480924318,1.0,Katashi,1e-06,0.9803921568627451,1.0,0
2022-07-13,0.24669364451973153,2.0,0.48780487804878053,0.0,0.0,0,0.0,0.4417151475986048,0.0,0.0012567431046496588,0.04222863277142208,Katashi,1e-06,0.9803921568627451,1.0,0
2022-07-14,0.24025660330008158,2.5,0.3921568627450981,2.592381864693792e-11,0.9999999999730762,1,6.979676184161867e-22,0.5494505494516483,1.0,0.001219040811510169,0.2071717366394743,Katashi,1e-06,0.9803921568627451,1.0,0
2022-07-15,0.1833722316331012,2.5,0.3921568627450981,2.4926505303943497e-11,0.9999999999740735,1,6.46256620562658e-22,0.5494505494516483,1.0,0.0011824695871648638,1.0,Katashi,1e-06,0.9803921568627451,1.0,0
2022-07-18,0.19653240479327438,3.0,0.3278688524590164,3.4939828807332965e-11,0.9999999999640602,1,1.2557306929865014e-21,0.6571859513045841,1.0,0.001146995499549918,0.18798640944013278,Katashi,1e-06,0.9803921568627451,1.0,0
2022-07-19,0.14343873517786562,3.0,0.3278688524590164,0.0,0.0,0,0.0,0.6571859513045841,0.0,0.0011125856345634204,1.0,Katashi,1e-06,0.9803921568627451,1.0,0
2022-07-20,0.15266516092603047,3.0,0.3278688524590164,0.0,0.0,0,0.0,0.6571859513045841,0.0,0.0010792080655265177,1.0,Katashi,1e-06,0.9803921568627451,1.0,0
2022-07-21,0.18258548215069956,3.0,0.3278688524590164,0.0,0.0,0,0.0,0.6571859513045841,0.0,0.0010468318235607222,1.0,Katashi,1e-06,0.9803921568627451,1.0,0
2022-07-22,0.18392057218144175,1.0,0.9523809523809523,0.0,0.0,0,0.0,0.22624434389219458,0.0,0.0010154268688539005,0.2794179652244647,Katashi,1e-06,0.9803921568627451,1.0,0
2022-07-25,0.1899761591065939,1.0,0.9523809523809523,0.0,0.0,0,0.0,0.22624434389219458,0.0,0.0009849640627882835,1.0,Katashi,1e-06,0.9803921568627451,1.0,0
2022-07-26,0.18151264194742459,3.0,0.3278688524590164,0.0,0.0,0,0.0,0.6571859513045841,0.0,0.000955415140904635,0.040059476124518545,Katashi,1e-06,0.9803921568627451,1.0,0
2022-07-27,0.20325553673379762,2.5,0.3921568627450981,0.0,0.0,0,0.0,0.5494505494516483,0.0,0.0009267526866774959,0.0185006706527876,Katashi,1e-06,0.9803921568627451,1.0,0
2022-07-28,0.21746470920383965,2.5,0.3921568627450981,0.0,0.0,0,0.0,0.5494505494516483,0.0,0.000898950106077171,1.0,Katashi,1e-06,0.9803921568627451,1.0,0
2022-07-29,0.20861973775017253,4.0,0.2469135802469136,0.0,0.0,0,0.0,0.8726567550101324,0.0,0.0008719816028948558,0.005813860538211424,Katashi,1e-06,0.9803921568627451,1.0,0
2022-08-01,0.20442374051069703,4.0,0.2469135802469136,0.0,0.0,0,0.0,0.8726567550101324,0.0,0.00084582215480801,1.0,Katashi,1e-06,0.9803921568627451,1.0,0
2022-08-02,0.2415440115440116,3.0,0.3278688524590164,0.0,0.0,0,0.0,0.6571859513045841,0.0,0.0008204474901637697,0.00828333882742971,Katashi,1e-06,0.9803921568627451,1.0,0
2022-08-03,0.25515716167890085,2.5,0.3921568627450981,0.0,0.0,0,0.0,0.5494505494516483,0.0,0.0007958340654588566,0.0185006706527876,Katashi,1e-06,0.9803921568627451,1.0,0
2022-08-04,0.25267770876466533,4.0,0.2469135802469136,0.0,0.0,0,0.0,0.8726567550101324,0.0,0.0007719590434950909,0.005813860538211424,Katashi,1e-06,0.9803921568627451,1.0,0
2022-08-05,0.26123658949745904,4.0,0.2469135802469136,0.0,0.0,0,0.0,0.8726567550101324,0.0,0.0007488002721902381,1.0,Katashi,1e-06,0.9803921568627451,1.0,0
2022-08-08,0.26996235648409567,4.0,0.2469135802469136,0.0,0.0,0,0.0,0.8726567550101324,0.0,0.0007263362640245309,1.0,Katashi,1e-06,0.9803921568627451,1.0,0
2022-08-09,0.2698908338038773,4.0,0.2469135802469136,0.0,0.0,0,0.0,0.8726567550101324,0.0,0.000704546176103795,1.0,Katashi,1e-06,0.9803921568627451,1.0,0
2022-08-10,0.28184470859805255,4.0,0.2469135802469136,0.0,0.0,0,0.0,0.8726567550101324,0.0,0.0006834097908206811,1.0,Katashi,1e-06,0.9803921568627451,1.0,0
2022-08-11,0.3039586220273342,4.0,0.2469135802469136,0.0,0.0,0,0.0,0.8726567550101324,0.0,0.0006629074970960607,1.0,Katashi,1e-06,0.9803921568627451,1.0,0
2022-08-12,0.33644338469215634,3.0,0.3278688524590164,0.0,0.0,0,0.0,0.6571859513045841,0.0,0.0006430202721831789,0.00828333882742971,Katashi,1e-06,0.9803921568627451,1.0,0
2022-08-15,0.3281812188772363,4.0,0.2469135802469136,0.0,0.0,0,0.0,0.8726567550101324,0.0,0.0006237296640176835,0.0047065761979746545,Katashi,1e-06,0.9803921568627451,1.0,0
2022-08-16,0.3406267578065188,2.5,0.3921568627450981,0.0,0.0,0,0.0,0.5494505494516483,0.0,0.0006050177740971529,0.014594215802242738,Katashi,1e-06,0.9803921568627451,1.0,0
2022-08-17,0.33403473394531735,2.5,0.3921568627450981,0.0,0.0,0,0.0,0.5494505494516483,0.0,0.0005868672408742383,1.0,Katashi,1e-06,0.9803921568627451,1.0,0
2022-08-18,0.3709914317370161,3.0,0.3278688524590164,0.0,0.0,0,0.0,0.6571859513045841,0.0,0.0005692612236480112,0.012968748795475271,Katashi,1e-06,0.9803921568627451,1.0,0
2022-08-19,0.3954888015330282,1.0,0.9523809523809523,0.0,0.0,0,0.0,0.22624434389219458,0.0,0.0005521833869385708,0.2794179652244647,Katashi,1e-06,0.9803921568627451,1.0,0
2022-08-22,0.391268714250853,2.5,0.3921568627450981,0.0,0.0,0,0.0,0.5494505494516483,0.0,0.0005356178853304137,0.06240611991481837,Katashi,1e-06,0.9803921568627451,1.0,0
2022-08-23,0.42824827654007797,2.0,0.48780487804878053,0.0,0.0,0,0.0,0.4417151475986048,0.0,0.0005195493487705013,0.04222863277142208,Katashi,1e-06,0.9803921568627451,1.0,0
2022-08-24,0.41229725089068764,2.0,0.48780487804878053,0.0,0.0,0,0.0,0.4417151475986048,0.0,0.0005039628683073862,1.0,Katashi,1e-06,0.9803921568627451,1.0,0
2022-08-25,0.4247059611781578,2.0,0.48780487804878053,0.0,0.0,0,0.0,0.4417151475986048,0.0,0.0004888439822581647,1.0,Katashi,1e-06,0.9803921568627451,1.0,0
2022-08-26,0.42725633746755437,1.0,0.9523809523809523,0.0,0.0,0,0.0,0.22624434389219458,0.0,0.0004741786627904197,0.3501958162953853,Katashi,1e-06,0.9803921568627451,1.0,0
2022-08-29,0.4187798864300963,1.0,0.9523809523809523,0.0,0.0,0,0.0,0.22624434389219458,0.0,0.0004599533029067071,1.0,Katashi,1e-06,0.9803921568627451,1.0,0
2022-08-30,0.4093621678984485,1.0,0.9523809523809523,0.0,0.0,0,0.0,0.22624434389219458,0.0,0.00044615470381950586,1.0,Katashi,1e-06,0.9803921568627451,1.0,0
2022-08-31,0.4160245831674005,1.0,0.9523809523809523,0.0,0.0,0,0.0,0.22624434389219458,0.0,0.00043277006270492065,1.0,Katashi,1e-06,0.9803921568627451,1.0,0
2022-09-01,0.4023864339315786,1.5,0.6451612903225806,0.0,0.0,0,0.0,0.3339797457454536,0.0,0.00041978696082377304,0.21969895053697608,Katashi,1e-06,0.9803921568627451,1.0,0
2022-09-02,0.3480385282798261,1.0,0.9523809523809523,0.0,0.0,0,0.0,0.22624434389219458,0.0,0.0004071933519990598,0.42133075600354586,Katashi,1e-06,0.9803921568627451,1.0,0
2022-09-06,0.3384776970500949,2.0,0.48780487804878053,0.0,0.0,0,0.0,0.4417151475986048,0.0,0.000394977551439088,0.10812756396502188,Katashi,1e-06,0.9803921568627451,1.0,0
2022-09-07,0.37010462524700183,3.0,0.3278688524590164,0.0,0.0,0,0.0,0.6571859513045841,0.0,0.00038312822489591536,0.016603793746111206,Katashi,1e-06,0.9803921568627451,1.0,0
2022-09-08,0.36792458748980483,2.0,0.48780487804878053,0.0,0.0,0,0.0,0.4417151475986048,0.0,0.0003716343781490379,0.03635978925900907,Katashi,1e-06,0.9803921568627451,1.0,0
2022-09-09,0.3694027228809838,1.0,0.9523809523809523,0.0,0.0,0,0.0,0.22624434389219458,0.0,0.00036048534680456674,0.3501958162953853,Katashi,1e-06,0.9803921568627451,1.0,0
2022-09-12,0.3704755630842588,1.0,0.9523809523809523,0.0,0.0,0,0.0,0.22624434389219458,0.0,0.00034967078640042975,1.0,Katashi,1e-06,0.9803921568627451,1.0,0
2022-09-13,0.36902126858648593,2.0,0.48780487804878053,0.0,0.0,0,0.0,0.4417151475986048,0.0,0.00033918066280841684,0.10812756396502188,Katashi,1e-06,0.9803921568627451,1.0,0
2022-09-14,0.3190030742204656,2.0,0.48780487804878053,0.0,0.0,0,0.0,0.4417151475986048,0.0,0.00032900524292416434,1.0,Katashi,1e-06,0.9803921568627451,1.0,0
2022-09-15,0.3207434594391116,0.0,20.0,0.0,0.0,0,0.0,0.010773540185353371,0.0,0.0003191350856364394,0.01157523853718001,Katashi,1e-06,0.9803921568627451,1.0,0
2022-09-16,0.31537925842273673,1.0,0.9523809523809523,3.4855229812859565e-11,0.9999999999641448,1,1.2497415040848627e-21,0.22624434389219458,1.0,0.0003095610330673462,0.9080258291523684,Katashi,1e-06,0.9803921568627451,1.0,0
2022-09-19,0.31349582784365393,1.0,0.9523809523809523,2.757638561904661e-11,0.9999999999714236,1,7.880328194035684e-22,0.22624434389219458,1.0,0.0003002742020753258,1.0,Katashi,1e-06,0.9803921568627451,1.0,0
2022-09-20,0.29170525127046865,1.0,0.9523809523809523,4.118805296737681e-11,0.999999999957812,1,1.7376428490968673e-21,0.22624434389219458,1.0,0.000291265976013066,1.0,Katashi,1e-06,0.9803921568627451,1.0,0
2022-09-21,0.27022460631156286,4.0,0.2469135802469136,1.9077517343445324e-11,0.9999999999799225,1,3.8302876330923877e-22,0.8726567550101324,1.0,0.000282527996732674,0.13118125520736845,Katashi,1e-06,0.9803921568627451,1.0,0
2022-09-22,0.2687226300269779,3.0,0.3278688524590164,1.759326018185265e-11,0.9999999999814068,1,3.2711567481806914e-22,0.6571859513045841,1.0,0.0002740521568306938,0.1841318034519691,Katashi,1e-06,0.9803921568627451,1.0,0
2022-09-23,0.25730284208545084,4.0,0.2469135802469136,4.4281467380754585e-11,0.9999999999547186,1,2.0051288412367346e-21,0.8726567550101324,1.0,0.00026583059212577294,0.11745091012474818,Katashi,1e-06,0.9803921568627451,1.0,0
2022-09-26,0.256897546897547,4.0,0.2469135802469136,1.505529034760351e-11,0.9999999999839447,1,2.4171672475126043e-22,0.8726567550101324,1.0,0.00025785567436199976,1.0,Katashi,1e-06,0.9803921568627451,1.0,0
2022-09-27,0.2090488738314825,3.0,0.3278688524590164,2.3073987165100276e-11,0.999999999975926,1,5.554823604307011e-22,0.6571859513045841,1.0,0.00025012000413113976,0.1841318034519691,Katashi,1e-06,0.9803921568627451,1.0,0
2022-09-28,0.264240542066629,3.0,0.3278688524590164,5.7101212645438605e-11,0.9999999999418988,1,3.3176484351443426e-21,0.6571859513045841,1.0,0.00024261640400720556,1.0,Katashi,1e-06,0.9803921568627451,1.0,0
2022-09-29,0.2888681849551415,3.0,0.3278688524590164,1.4378720436407575e-11,0.9999999999846213,1,2.2112600374443635e-22,0.6571859513045841,1.0,0.00023533791188698938,1.0,Katashi,1e-06,0.9803921568627451,1.0,0
2022-09-30,0.30376325531526377,2.0,0.48780487804878053,9.519851573251165e-11,0.9999999999038015,1,9.1579538078913e-21,0.4417151475986048,1.0,0.0002282777745303797,0.3245373669692069,Katashi,1e-06,0.9803921568627451,1.0,0
2022-10-03,0.3450880535842359,3.0,0.3278688524590164,4.38463709774236e-11,0.9999999999551537,1,1.9663496489542006e-21,0.6571859513045841,1.0,0.00022142944129446832,0.19097689824037123,Katashi,1e-06,0.9803921568627451,1.0,0
2022-10-04,0.3603799295391435,3.0,0.3278688524590164,1.1555756351732618e-11,0.9999999999874443,1,1.4509100558003864e-22,0.6571859513045841,1.0,0.00021478655805563427,1.0,Katashi,1e-06,0.9803921568627451,1.0,0
2022-10-05,0.3675316857948604,1.0,0.9523809523809523,1.565481078089129e-11,0.9999999999833452,1,2.607275650572222e-22,0.22624434389219458,1.0,0.00020834296131396523,0.6362371108219085,Katashi,1e-06,0.9803921568627451,1.0,0
2022-10-06,0.3644206815202447,3.0,0.3278688524590164,2.5826785154588293e-11,0.9999999999731732,1,6.928490452522182e-22,0.6571859513045841,1.0,0.00020209267247454628,0.21027348367662668,Katashi,1e-06,0.9803921568627451,1.0,0
2022-10-07,0.3516322273145078,2.0,0.48780487804878053,1.9361956482348538e-11,0.9999999999796381,1,3.9424688699092893e-22,0.4417151475986048,1.0,0.00019602989230030988,0.3245373669692069,Katashi,1e-06,0.9803921568627451,1.0,0
2022-10-10,0.34711467093281373,1.0,0.9523809523809523,0.0,0.0,0,0.0,0.22624434389219458,0.0,0.00019014899553130058,0.711015537187233,Katashi,1e-06,0.9803921568627451,1.0,0
2022-10-11,0.3302848385058597,1.0,0.9523809523809523,1.0566481022919631e-10,0.9999999998933352,1,1.1270714594114948e-20,0.22624434389219458,1.0,0.00018444452566536155,0.13677428433422056,Katashi,1e-06,0.9803921568627451,1.0,0
2022-10-12,0.3395993541449193,0.0,20.0,2.996636272408603e-11,0.9999999999690337,1,9.279485947424421e-22,0.010773540185353371,1.0,0.0001789111898954007,0.014884567552823524,Katashi,1e-06,0.9803921568627451,1.0,0
2022-10-13,0.31865054450280295,1.0,0.9523809523809523,2.4067525749812917e-11,0.9999999999749325,1,6.033127890602018e-22,0.22624434389219458,1.0,0.00017354385419853866,0.7673144246475679,Katashi,1e-06,0.9803921568627451,1.0,0
2022-10-14,0.3131478559453057,1.0,0.9523809523809523,1.272155714022692e-10,0.9999999998717845,1,1.631101436542646e-20,0.22624434389219458,1.0,0.00016833753857258248,1.0,Katashi,1e-06,0.9803921568627451,1.0,0
2022-10-17,0.33557105223963823,1.0,0.9523809523809523,0.0,0.0,0,0.0,0.22624434389219458,0.0,0.000163287412415405,1.0,Katashi,1e-06,0.9803921568627451,1.0,0
2022-10-18,0.3515747563175166,1.0,0.9523809523809523,0.0,0.0,0,0.0,0.22624434389219458,0.0,0.00015838879004294283,1.0,Katashi,1e-06,0.9803921568627451,1.0,0
2022-10-19,0.33936916162064434,1.0,0.9523809523809523,4.0495362610502226e-10,0.9999999995940464,1,1.6439238399680805e-19,0.22624434389219458,1.0,0.00015363712634165454,0.13677428433422056,Katashi,1e-06,0.9803921568627451,1.0,0
2022-10-20,0.3388559999417673,1.0,0.9523809523809523,1.9318102672876736e-11,0.9999999999796819,1,3.9250676620700125e-22,0.22624434389219458,1.0,0.0001490280125514049,1.0,Katashi,1e-06,0.9803921568627451,1.0,0
2022-10-21,0.34994969018367555,1.0,0.9523809523809523,2.214339822588144e-11,0.9999999999768566,1,5.124729933717117e-22,0.22624434389219458,1.0,0.00014455717217486274,1.0,Katashi,1e-06,0.9803921568627451,1.0,0
2022-10-24,0.35909256843156634,1.0,0.9523809523809523,2.0861423699375618e-11,0.9999999999781386,1,4.560599609786445e-22,0.22624434389219458,1.0,0.00014022045700961685,1.0,Katashi,1e-06,0.9803921568627451,1.0,0
2022-10-25,0.38778228576659246,1.0,0.9523809523809523,8.340650392212532e-11,0.9999999999155935,1,7.040049555635367e-21,0.22624434389219458,1.0,0.00013601384329932833,1.0,Katashi,1e-06,0.9803921568627451,1.0,0
2022-10-26,0.3711791135379959,1.0,0.9523809523809523,2.210797100696704e-10,0.9999999997779203,1,4.909731302934737e-20,0.22624434389219458,1.0,0.00013193342800034847,1.0,Katashi,1e-06,0.9803921568627451,1.0,0
2022-10-27,0.3773696063857545,1.0,0.9523809523809523,0.0,0.0,0,0.0,0.22624434389219458,0.0,0.00012797542516033801,1.0,Katashi,1e-06,0.9803921568627451,1.0,0
2022-10-28,0.34291086420997785,1.0,0.9523809523809523,0.0,0.0,0,0.0,0.22624434389219458,0.0,0.00012413616240552786,1.0,Katashi,1e-06,0.9803921568627451,1.0,0
2022-10-31,0.33638870652288133,1.0,0.9523809523809523,3.53471141182796e-10,0.9999999996455289,1,1.2529531099306786e-19,0.22624434389219458,1.0,0.00012041207753336203,0.13677428433422056,Katashi,1e-06,0.9803921568627451,1.0,0
2022-11-01,0.31909843779409,1.0,0.9523809523809523,0.0,0.0,0,0.0,0.22624434389219458,0.0,0.00011679971520736117,1.0,Katashi,1e-06,0.9803921568627451,1.0,0
2022-11-02,0.2914191605495954,1.0,0.9523809523809523,0.0,0.0,0,0.0,0.22624434389219458,0.0,0.00011329572375114032,1.0,Katashi,1e-06,0.9803921568627451,1.0,0
2022-11-03,0.28457682414204155,1.0,0.9523809523809523,0.0,0.0,0,0.0,0.22624434389219458,0.0,0.00010989685203860611,1.0,Katashi,1e-06,0.9803921568627451,1.0,0
2022-11-04,0.2811914172783738,1.0,0.9523809523809523,0.0,0.0,0,0.0,0.22624434389219458,0.0,0.00010659994647744793,1.0,Katashi,1e-06,0.9803921568627451,1.0,0
2022-11-07,0.27909341865863607,1.0,0.9523809523809523,0.0,0.0,0,0.0,0.22624434389219458,0.0,0.0001034019480831245,1.0,Katashi,1e-06,0.9803921568627451,1.0,0
2022-11-08,0.25773197816676074,1.0,0.9523809523809523,0.0,0.0,0,0.0,0.22624434389219458,0.0,0.00010029988964063076,1.0,Katashi,1e-06,0.9803921568627451,1.0,0
2022-11-09,0.2318884497145367,3.0,0.3278688524590164,6.280609365712725e-11,0.9999999999361939,1,4.0074101048739575e-21,0.6571859513045841,1.0,9.729089295141184e-05,0.04228163555204678,Katashi,1e-06,0.9803921568627451,1.0,0
2022-11-10,0.2760417843026539,3.0,0.3278688524590164,0.0,0.0,0,0.0,0.6571859513045841,0.0,9.437216616286949e-05,1.0,Katashi,1e-06,0.9803921568627451,1.0,0
2022-11-11,0.28297948428383213,3.0,0.3278688524590164,4.6450843170771554e-11,0.9999999999525492,1,2.204130646926105e-21,0.6571859513045841,1.0,9.15410011779834e-05,0.4314992682107164,Katashi,1e-06,0.9803921568627451,1.0,0
2022-11-14,0.29981115502854633,3.0,0.3278688524590164,7.532208190205956e-11,0.9999999999236779,1,5.748736437927953e-21,0.6571859513045841,1.0,8.879477114264389e-05,1.0,Katashi,1e-06,0.9803921568627451,1.0,0
2022-11-15,0.2923489553924337,3.0,0.3278688524590164,3.892242084111726e-11,0.9999999999600776,1,1.5538764039742542e-21,0.6571859513045841,1.0,8.613092800836456e-05,1.0,Katashi,1e-06,0.9803921568627451,1.0,0
2022-11-16,0.2754457619675011,2.0,0.48780487804878053,0.0,0.0,0,0.0,0.4417151475986048,0.0,8.354700016811362e-05,0.5858268721994265,Katashi,1e-06,0.9803921568627451,1.0,0
2022-11-17,0.27420603551038325,3.0,0.3278688524590164,0.0,0.0,0,0.0,0.6571859513045841,0.0,8.104059016307021e-05,0.016603793746111206,Katashi,1e-06,0.9803921568627451,1.0,0
2022-11-18,0.2619518162996425,3.0,0.3278688524590164,0.0,0.0,0,0.0,0.6571859513045841,0.0,7.86093724581781e-05,1.0,Katashi,1e-06,0.9803921568627451,1.0,0
2022-11-21,0.2550141163184641,3.0,0.3278688524590164,2.2206347871376228e-11,0.9999999999767937,1,5.153277424193075e-22,0.6571859513045841,1.0,7.625109128443276e-05,0.4314992682107164,Katashi,1e-06,0.9803921568627451,1.0,0
2022-11-22,0.2729186272664534,3.0,0.3278688524590164,3.8869463202844756e-11,0.9999999999601306,1,1.5497037730516345e-21,0.6571859513045841,1.0,7.396355854589977e-05,1.0,Katashi,1e-06,0.9803921568627451,1.0,0
2022-11-23,0.2843384152079805,4.0,0.2469135802469136,8.389311467377734e-11,0.9999999999151069,1,7.121945948783588e-21,0.8726567550101324,1.0,7.174465178952277e-05,0.11745091012474818,Katashi,1e-06,0.9803921568627451,1.0,0
2022-11-25,0.260354476441433,2.5,0.3921568627450981,4.609956860579676e-11,0.9999999999529005,1,2.171268774495715e-21,0.5494505494516483,1.0,6.959231223583709e-05,0.2395895522485214,Katashi,1e-06,0.9803921568627451,1.0,0
2022-11-28,0.2674829035698601,3.0,0.3278688524590164,2.715594415963299e-11,0.9999999999718441,1,7.646006466352921e-22,0.6571859513045841,1.0,6.750454286876197e-05,0.18798640944013278,Katashi,1e-06,0.9803921568627451,1.0,0
2022-11-29,0.2594723633854069,4.0,0.2469135802469136,1.7541190721998698e-11,0.9999999999814588,1,3.252341746292265e-22,0.8726567550101324,1.0,6.547940658269911e-05,0.11745091012474818,Katashi,1e-06,0.9803921568627451,1.0,0
2022-11-30,0.3261791831357049,4.0,0.2469135802469136,0.0,0.0,0,0.0,0.8726567550101324,0.0,6.351502438521813e-05,1.0,Katashi,1e-06,0.9803921568627451,1.0,0
2022-12-01,0.3211249137336094,4.0,0.2469135802469136,0.0,0.0,0,0.0,0.8726567550101324,0.0,6.160957365366159e-05,1.0,Katashi,1e-06,0.9803921568627451,1.0,0
2022-12-02,0.3307566346696782,4.0,0.2469135802469136,0.0,0.0,0,0.0,0.8726567550101324,0.0,5.976128644405174e-05,1.0,Katashi,1e-06,0.9803921568627451,1.0,0
2022-12-05,0.3454903067946547,4.0,0.2469135802469136,3.8494363245091615e-10,0.9999999996140564,1,1.485665353100106e-19,0.8726567550101324,1.0,5.7968447850730186e-05,0.5376979581464392,Katashi,1e-06,0.9803921568627451,1.0,0
2022-12-06,0.31306669176234403,4.0,0.2469135802469136,0.0,0.0,0,0.0,0.8726567550101324,0.0,5.622939441520828e-05,1.0,Katashi,1e-06,0.9803921568627451,1.0,0
2022-12-07,0.3337129054520359,3.0,0.3278688524590164,0.0,0.0,0,0.0,0.6571859513045841,0.0,5.454251258275203e-05,0.00828333882742971,Katashi,1e-06,0.9803921568627451,1.0,0
2022-12-08,0.3316864295125165,2.0,0.48780487804878053,0.0,0.0,0,0.0,0.4417151475986048,0.0,5.290623720526946e-05,0.03635978925900907,Katashi,1e-06,0.9803921568627451,1.0,0
2022-12-09,0.3279672501411632,3.0,0.3278688524590164,0.0,0.0,0,0.0,0.6571859513045841,0.0,5.1319050089111374e-05,0.016603793746111206,Katashi,1e-06,0.9803921568627451,1.0,0
2022-12-12,0.3228891398456616,1.0,0.9523809523809523,1.3354928273462115e-10,0.9999999998654507,1,1.7968957248535332e-20,0.22624434389219458,1.0,4.977947858643803e-05,0.6326515566505744,Katashi,1e-06,0.9803921568627451,1.0,0
2022-12-13,0.29647342995169085,3.0,0.3278688524590164,3.657296687649654e-11,0.999999999962427,1,1.3741540639946698e-21,0.6571859513045841,1.0,4.8286094228844886e-05,0.21027348367662668,Katashi,1e-06,0.9803921568627451,1.0,0
2022-12-14,0.30686805947675516,4.0,0.2469135802469136,4.511169215853134e-11,0.9999999999538883,1,2.080175463664339e-21,0.8726567550101324,1.0,4.683751140197954e-05,0.11745091012474818,Katashi,1e-06,0.9803921568627451,1.0,0
2022-12-15,0.3048177426438296,2.0,0.48780487804878053,0.0,0.0,0,0.0,0.4417151475986048,0.0,4.543238605992015e-05,0.33175981850926006,Katashi,1e-06,0.9803921568627451,1.0,0
2022-12-16,0.2778775330949244,3.0,0.3278688524590164,5.6789128953234555e-11,0.9999999999422109,1,3.2817930400419185e-21,0.6571859513045841,1.0,4.406941447812255e-05,0.1389685341269563,Katashi,1e-06,0.9803921568627451,1.0,0
2022-12-19,0.314592508940335,1.0,0.9523809523809523,6.63391563881602e-11,0.9999999999326609,1,4.4672213592950614e-21,0.22624434389219458,1.0,4.274733204377887e-05,0.6362371108219085,Katashi,1e-06,0.9803921568627451,1.0,0
2022-12-20,0.2973555430077169,1.5,0.6451612903225806,1.4900636280275698e-11,0.9999999999840994,1,2.3692926821151487e-22,0.3339797457454536,1.0,4.14649120824655e-05,0.5268239067771778,Katashi,1e-06,0.9803921568627451,1.0,0
2022-12-21,0.3154269402095489,1.5,0.6451612903225806,1.5781598250301365e-11,0.9999999999832184,1,2.6484009247033124e-22,0.3339797457454536,1.0,4.022096471999153e-05,1.0,Katashi,1e-06,0.9803921568627451,1.0,0
2022-12-22,0.3207434594391116,1.0,0.9523809523809523,1.4351742016909598e-11,0.9999999999846483,1,2.2032392345330184e-22,0.22624434389219458,1.0,3.901433577839179e-05,0.7078772632178882,Katashi,1e-06,0.9803921568627451,1.0,0
2022-12-23,0.2988336783988958,3.0,0.3278688524590164,6.338596314465979e-12,0.9999999999926614,1,4.651625933174155e-23,0.6571859513045841,1.0,3.7843905705040036e-05,0.21027348367662668,Katashi,1e-06,0.9803921568627451,1.0,0
2022-12-27,0.29380324989020645,4.0,0.2469135802469136,4.7444048688553605e-11,0.999999999951556,1,2.2983807551620796e-21,0.8726567550101324,1.0,3.6708588533888834e-05,0.11745091012474818,Katashi,1e-06,0.9803921568627451,1.0,0
2022-12-28,0.29198918045335226,4.0,0.2469135802469136,1.544964156594396e-11,0.9999999999835504,1,2.541407243115231e-22,0.8726567550101324,1.0,3.5607330877872166e-05,1.0,Katashi,1e-06,0.9803921568627451,1.0,0
2022-12-29,0.3175249186284681,2.0,0.48780487804878053,0.0,0.0,0,0.0,0.4417151475986048,0.0,3.4539110951536e-05,0.33175981850926006,Katashi,1e-06,0.9803921568627451,1.0,0
2022-12-30,0.3179179263794933,4.0,0.2469135802469136,9.385014986923319e-11,0.9999999999051499,1,8.901698704642133e-21,0.8726567550101324,1.0,3.3502937622989916e-05,0.05885904058448077,Katashi,1e-06,0.9803921568627451,1.0,0
2023-01-03,0.3039095261499373,4.0,0.2469135802469136,0.0,0.0,0,0.0,0.8726567550101324,0.0,3.249784949430022e-05,1.0,Katashi,1e-06,0.9803921568627451,1.0,0
2023-01-04,0.31003658861895494,4.0,0.2469135802469136,0.0,0.0,0,0.0,0.8726567550101324,0.0,3.152291400947121e-05,1.0,Katashi,1e-06,0.9803921568627451,1.0,0
2023-01-05,0.30947499953416835,3.0,0.3278688524590164,3.045319552036897e-11,0.9999999999685468,1,9.578496392601699e-22,0.6571859513045841,1.0,3.057722658918707e-05,0.835666320376512,Katashi,1e-06,0.9803921568627451,1.0,0
2023-01-06,0.32294665373103437,3.0,0.3278688524590164,3.581668295215002e-11,0.9999999999631833,1,1.3186506683446042e-21,0.6571859513045841,1.0,2.965990979151146e-05,1.0,Katashi,1e-06,0.9803921568627451,1.0,0
2023-01-09,0.3490569185991055,4.0,0.2469135802469136,6.394540452492422e-11,0.9999999999350546,1,4.152958749933608e-21,0.8726567550101324,1.0,2.8770112497766115e-05,0.11745091012474818,Katashi,1e-06,0.9803921568627451,1.0,0
2023-01-10,0.33368779134140913,3.5,0.28169014084507044,2.7634894372442682e-11,0.9999999999713651,1,7.913216700284239e-22,0.7649213531574122,1.0,2.790700912283313e-05,0.1448559311167369,Katashi,1e-06,0.9803921568627451,1.0,0
2023-01-11,0.36373134553138353,1.0,0.9523809523809523,9.659895105563811e-11,0.9999999999024011,1,9.427954159630277e-21,0.22624434389219458,1.0,2.7069798849148135e-05,0.6262551045284662,Katashi,1e-06,0.9803921568627451,1.0,0
2023-01-12,0.3767275561304419,3.0,0.3278688524590164,0.0,0.0,0,0.0,0.6571859513045841,0.0,2.625770488367369e-05,0.3324376734636749,Katashi,1e-06,0.9803921568627451,1.0,0
2023-01-13,0.3718509279937727,4.0,0.2469135802469136,0.0,0.0,0,0.0,0.8726567550101324,0.0,2.5469973737163478e-05,0.0047065761979746545,Katashi,1e-06,0.9803921568627451,1.0,0
2023-01-17,0.34726790846696065,3.5,0.28169014084507044,0.0,0.0,0,0.0,0.7649213531574122,0.0,2.4705874525048574e-05,0.005180117667926587,Katashi,1e-06,0.9803921568627451,1.0,0
2023-01-18,0.3179918518425201,4.5,0.21978021978021978,0.0,0.0,0,0.0,0.9803921568627451,0.0,2.3964698289297116e-05,0.0028412109626527737,Katashi,1e-06,0.9803921568627451,1.0,0
2023-01-19,0.3133079375334867,3.5,0.28169014084507044,0.0,0.0,0,0.0,0.7649213531574122,0.0,2.3245757340618202e-05,0.004662954512815953,Katashi,1e-06,0.9803921568627451,1.0,0
2023-01-20,0.29919578217880566,4.0,0.2469135802469136,0.0,0.0,0,0.0,0.8726567550101324,0.0,2.2548384620399655e-05,0.003982439672760463,Katashi,1e-06,0.9803921568627451,1.0,0
2023-01-23,0.26586315724157117,4.0,0.2469135802469136,0.0,0.0,0,0.0,0.8726567550101324,0.0,2.1871933081787665e-05,1.0,Katashi,1e-06,0.9803921568627451,1.0,0
2023-01-24,0.26256203458234534,4.0,0.2469135802469136,0.0,0.0,0,0.0,0.8726567550101324,0.0,2.1215775089334033e-05,1.0,Katashi,1e-06,0.9803921568627451,1.0,0
2023-01-25,0.24632235248797352,4.0,0.2469135802469136,0.0,0.0,0,0.0,0.8726567550101324,0.0,2.0579301836654013e-05,1.0,Katashi,1e-06,0.9803921568627451,1.0,0
2023-01-26,0.23254321169565084,1.0,0.9523809523809523,0.0,0.0,0,0.0,0.22624434389219458,0.0,1.9961922781554393e-05,0.24502594924800358,Katashi,1e-06,0.9803921568627451,1.0,0
2023-01-27,0.23534090710068054,1.0,0.9523809523809523,0.0,0.0,0,0.0,0.22624434389219458,0.0,1.936306509810776e-05,1.0,Katashi,1e-06,0.9803921568627451,1.0,0
2023-01-30,0.2306568787479697,1.0,0.9523809523809523,0.0,0.0,0,0.0,0.22624434389219458,0.0,1.8782173145164524e-05,1.0,Katashi,1e-06,0.9803921568627451,1.0,0
2023-01-31,0.2315440328080812,1.0,0.9523809523809523,0.0,0.0,0,0.0,0.22624434389219458,0.0,1.821870795080959e-05,1.0,Katashi,1e-06,0.9803921568627451,1.0,0
2023-02-01,0.2336653134187559,1.0,0.9523809523809523,0.0,0.0,0,0.0,0.22624434389219458,0.0,1.76721467122853e-05,1.0,Katashi,1e-06,0.9803921568627451,1.0,0
2023-02-02,0.22622756744863604,1.0,0.9523809523809523,0.0,0.0,0,0.0,0.22624434389219458,0.0,1.7141982310916742e-05,1.0,Katashi,1e-06,0.9803921568627451,1.0,0
2023-02-03,0.26254340781715435,1.0,0.9523809523809523,0.0,0.0,0,0.0,0.22624434389219458,0.0,1.662772284158924e-05,1.0,Katashi,1e-06,0.9803921568627451,1.0,0
2023-02-06,0.2785875344952336,1.0,0.9523809523809523,0.0,0.0,0,0.0,0.22624434389219458,0.0,1.6128891156341563e-05,1.0,Katashi,1e-06,0.9803921568627451,1.0,0
2023-02-07,0.26440395369741687,3.0,0.3278688524590164,0.0,0.0,0,0.0,0.6571859513045841,0.0,1.5645024421651316e-05,0.040059476124518545,Katashi,1e-06,0.9803921568627451,1.0,0
2023-02-08,0.214484671599012,3.0,0.3278688524590164,0.0,0.0,0,0.0,0.6571859513045841,0.0,1.5175673689001777e-05,1.0,Katashi,1e-06,0.9803921568627451,1.0,0
2023-02-09,0.24567168464102065,3.0,0.3278688524590164,0.0,0.0,0,0.0,0.6571859513045841,0.0,1.4720403478331723e-05,1.0,Katashi,1e-06,0.9803921568627451,1.0,0
2023-02-10,0.25391921966895026,3.0,0.3278688524590164,0.0,0.0,0,0.0,0.6571859513045841,0.0,1.4278791373981772e-05,1.0,Katashi,1e-06,0.9803921568627451,1.0,0
2023-02-13,0.2355122655122656,1.0,0.9523809523809523,0.0,0.0,0,0.0,0.22624434389219458,0.0,1.3850427632762318e-05,0.2794179652244647,Katashi,1e-06,0.9803921568627451,1.0,0
2023-02-14,0.225499090281699,1.0,0.9523809523809523,0.0,0.0,0,0.0,0.22624434389219458,0.0,1.343491480377945e-05,1.0,Katashi,1e-06,0.9803921568627451,1.0,0
2023-02-15,0.2309348139782923,1.0,0.9523809523809523,0.0,0.0,0,0.0,0.22624434389219458,0.0,1.3031867359666066e-05,1.0,Katashi,1e-06,0.9803921568627451,1.0,0
2023-02-16,0.24686053077357428,1.0,0.9523809523809523,0.0,0.0,0,0.0,0.22624434389219458,0.0,1.2640911338876083e-05,1.0,Katashi,1e-06,0.9803921568627451,1.0,0
2023-02-17,0.27868812347073213,1.0,0.9523809523809523,0.0,0.0,0,0.0,0.22624434389219458,0.0,1.22616839987098e-05,1.0,Katashi,1e-06,0.9803921568627451,1.0,0
2023-02-21,0.315212372168894,1.0,0.9523809523809523,0.0,0.0,0,0.0,0.22624434389219458,0.0,1.1893833478748507e-05,1.0,Katashi,1e-06,0.9803921568627451,1.0,0
2023-02-22,0.33919631093544134,3.0,0.3278688524590164,0.0,0.0,0,0.0,0.6571859513045841,0.0,1.1537018474386051e-05,0.040059476124518545,Katashi,1e-06,0.9803921568627451,1.0,0
2023-02-23,0.3620120459250894,3.0,0.3278688524590164,0.0,0.0,0,0.0,0.6571859513045841,0.0,1.119090792015447e-05,1.0,Katashi,1e-06,0.9803921568627451,1.0,0
2023-02-24,0.37567287784679093,3.0,0.3278688524590164,0.0,0.0,0,0.0,0.6571859513045841,0.0,1.0855180682549836e-05,1.0,Katashi,1e-06,0.9803921568627451,1.0,0
2023-02-27,0.3794158981115503,2.0,0.48780487804878053,0.0,0.0,0,0.0,0.4417151475986048,0.0,1.052952526207334e-05,0.03635978925900907,Katashi,1e-06,0.9803921568627451,1.0,0
2023-02-28,0.3941257293431207,2.0,0.48780487804878053,0.0,0.0,0,0.0,0.4417151475986048,0.0,1.0213639504211139e-05,1.0,Katashi,1e-06,0.9803921568627451,1.0,0
2023-03-01,0.4009442248572684,2.0,0.48780487804878053,0.0,0.0,0,0.0,0.4417151475986048,0.0,9.907230319084805e-06,1.0,Katashi,1e-06,0.9803921568627451,1.0,0
2023-03-02,0.4020170650605434,2.0,0.48780487804878053,0.0,0.0,0,0.0,0.4417151475986048,0.0,9.610013409512261e-06,1.0,Katashi,1e-06,0.9803921568627451,1.0,0
2023-03-03,0.4090262877219399,2.0,0.48780487804878053,0.0,0.0,0,0.0,0.4417151475986048,0.0,9.321713007226893e-06,1.0,Katashi,1e-06,0.9803921568627451,1.0,0
2023-03-06,0.3884039149256541,2.0,0.48780487804878053,0.0,0.0,0,0.0,0.4417151475986048,0.0,9.042061617010086e-06,1.0,Katashi,1e-06,0.9803921568627451,1.0,0
2023-03-07,0.3794158981115503,1.0,0.9523809523809523,1.3251955088732198e-11,0.9999999999857481,1,1.8886597560780506e-22,0.22624434389219458,1.0,8.770799768499782e-06,0.3727218663321955,Katashi,1e-06,0.9803921568627451,1.0,0
2023-03-08,0.36096304661522055,2.0,0.48780487804878053,1.630040546969986e-11,0.9999999999826996,1,2.8200326335574454e-22,0.4417151475986048,1.0,8.507675775444789e-06,0.37484291620776367,Katashi,1e-06,0.9803921568627451,1.0,0
2023-03-09,0.3391724700420353,2.0,0.48780487804878053,0.0,0.0,0,0.0,0.4417151475986048,0.0,8.252445502181446e-06,1.0,Katashi,1e-06,0.9803921568627451,1.0,0
2023-03-10,0.31907459690068385,1.0,0.9523809523809523,0.0,0.0,0,0.0,0.22624434389219458,0.0,8.004872137116001e-06,0.3501958162953853,Katashi,1e-06,0.9803921568627451,1.0,0
2023-03-13,0.32951690821256036,4.0,0.2469135802469136,0.0,0.0,0,0.0,0.8726567550101324,0.0,7.76472597300252e-06,0.020190952448587707,Katashi,1e-06,0.9803921568627451,1.0,0
2023-03-14,0.2649557688688124,4.0,0.2469135802469136,0.0,0.0,0,0.0,0.8726567550101324,0.0,7.5317841938124445e-06,1.0,Katashi,1e-06,0.9803921568627451,1.0,0
2023-03-15,0.2709875149005584,3.0,0.3278688524590164,0.0,0.0,0,0.0,0.6571859513045841,0.0,7.305830667998071e-06,0.00828333882742971,Katashi,1e-06,0.9803921568627451,1.0,0
2023-03-16,0.2470512579208231,2.5,0.3921568627450981,0.0,0.0,0,0.0,0.5494505494516483,0.0,7.086655747958128e-06,0.0185006706527876,Katashi,1e-06,0.9803921568627451,1.0,0
2023-03-17,0.24304598782859657,4.5,0.21978021978021978,0.0,0.0,0,0.0,0.9803921568627451,0.0,6.874056075519384e-06,0.004226668832762015,Katashi,1e-06,0.9803921568627451,1.0,0
2023-03-20,0.24657444005270096,2.5,0.3921568627450981,0.0,0.0,0,0.0,0.5494505494516483,0.0,6.667834393253802e-06,0.013385270309674402,Katashi,1e-06,0.9803921568627451,1.0,0
2023-03-21,0.19743835874270663,4.5,0.21978021978021978,0.0,0.0,0,0.0,0.9803921568627451,0.0,6.467799361456188e-06,0.004226668832762015,Katashi,1e-06,0.9803921568627451,1.0,0
2023-03-22,0.18876027354288227,4.5,0.21978021978021978,0.0,0.0,0,0.0,0.9803921568627451,0.0,6.273765380612502e-06,1.0,Katashi,1e-06,0.9803921568627451,1.0,0
2023-03-23,0.14455925716795284,4.0,0.2469135802469136,0.0,0.0,0,0.0,0.8726567550101324,0.0,6.085552419194127e-06,0.003105607044987857,Katashi,1e-06,0.9803921568627451,1.0,0
2023-03-24,0.13979107848673067,2.0,0.48780487804878053,2.3269042245855437e-10,0.9999999997663096,1,5.437751798524029e-20,0.4417151475986048,1.0,5.902985846618303e-06,0.9512150490150644,Katashi,1e-06,0.9803921568627451,1.0,0
2023-03-27,0.15192609323044107,2.0,0.48780487804878053,5.7587601352498504e-11,0.9999999999414124,1,3.3739181570487925e-21,0.4417151475986048,1.0,5.7258962712197545e-06,1.0,Katashi,1e-06,0.9803921568627451,1.0,0
2023-03-28,0.12465211117385032,5.0,0.19801980198019803,0.0,0.0,0,0.0,1.08812755871525,0.0,0.027740955971887978,0.18541398295744782,Katashi,1e-06,0.9803921568627451,1.0,0
2023-03-29,0.12760838195620808,5.0,0.19801980198019803,0.0,0.0,0,0.0,1.08812755871525,0.0,0.054644129145236225,1.0,Katashi,1e-06,0.9803921568627451,1.0,0
2023-03-30,0.13595269464834683,5.0,0.19801980198019803,0.0,0.0,0,0.0,1.08812755871525,0.0,0.08074020712338403,1.0,Katashi,1e-06,0.9803921568627451,1.0,0
2023-03-31,0.1343076730033252,5.0,0.19801980198019803,0.0,0.0,0,0.0,1.08812755871525,0.0,0.1060534027621874,1.0,Katashi,1e-06,0.9803921568627451,1.0,0
2023-04-03,0.1330679465462074,5.0,0.19801980198019803,0.0,0.0,0,0.0,1.08812755871525,0.0,0.13060720253182667,1.0,Katashi,1e-06,0.9803921568627451,1.0,0
2023-04-04,0.09356358617228185,5.0,0.19801980198019803,0.0,0.0,0,0.0,1.08812755871525,0.0,0.15442438830837676,1.0,Katashi,1e-06,0.9803921568627451,1.0,0
2023-04-05,0.08028420854507813,4.0,0.2469135802469136,1.3191070457279598e-10,0.9999999998670893,1,1.753234176853762e-20,0.8726567550101324,1.0,0.14979165665912544,0.9605298614360964,Katashi,1e-06,0.9803921568627451,1.0,0
2023-04-06,0.06967501097935884,5.0,0.19801980198019803,0.0,0.0,0,0.0,1.08812755871525,0.0,0.17303330881185658,0.5728654981628832,Katashi,1e-06,0.9803921568627451,1.0,0
2023-04-10,0.0784723006462137,5.0,0.19801980198019803,0.0,0.0,0,0.0,1.08812755871525,0.0,0.19557771140000577,1.0,Katashi,1e-06,0.9803921568627451,1.0,0
2023-04-11,0.08099943534726142,5.0,0.19801980198019803,0.0,0.0,0,0.0,1.08812755871525,0.0,0.21744578191051048,1.0,Katashi,1e-06,0.9803921568627451,1.0,0
2023-04-12,0.10751050881485665,5.0,0.19801980198019803,0.0,0.0,0,0.0,1.08812755871525,0.0,0.23865781030570005,1.0,Katashi,1e-06,0.9803921568627451,1.0,0
2023-04-13,0.11542568542568543,5.0,0.19801980198019803,0.0,0.0,0,0.0,1.08812755871525,0.0,0.25923347784903394,1.0,Katashi,1e-06,0.9803921568627451,1.0,0
2023-04-14,0.14315264445699227,3.0,0.3278688524590164,0.0,0.0,0,0.0,0.6571859513045841,0.0,0.25145647351356293,0.006936927974643847,Katashi,1e-06,0.9803921568627451,1.0,0
2023-04-17,0.1411976911976912,5.0,0.19801980198019803,0.0,0.0,0,0.0,1.08812755871525,0.0,0.2716481811606609,0.0025366377180395805,Katashi,1e-06,0.9803921568627451,1.0,0
2023-04-18,0.14837380011293058,4.0,0.2469135802469136,0.0,0.0,0,0.0,0.8726567550101324,0.0,0.2634987357258411,0.0028230827990333163,Katashi,1e-06,0.9803921568627451,1.0,0
2023-04-19,0.17710207666729408,4.0,0.2469135802469136,0.0,0.0,0,0.0,0.8726567550101324,0.0,0.2555937736540659,1.0,Katashi,1e-06,0.9803921568627451,1.0,0
2023-04-20,0.14885061798105276,3.0,0.3278688524590164,0.0,0.0,0,0.0,0.6571859513045841,0.0,0.2479259604444439,0.00828333882742971,Katashi,1e-06,0.9803921568627451,1.0,0
2023-04-21,0.16665976535541754,3.0,0.3278688524590164,0.0,0.0,0,0.0,0.6571859513045841,0.0,0.24048818163111058,1.0,Katashi,1e-06,0.9803921568627451,1.0,0
2023-04-24,0.1925986573812661,4.0,0.2469135802469136,0.0,0.0,0,0.0,0.8726567550101324,0.0,0.23327353618217725,0.0047065761979746545,Katashi,1e-06,0.9803921568627451,1.0,0
2023-04-25,0.16131940523244875,2.5,0.3921568627450981,3.91884302778068e-11,0.9999999999598116,1,1.574920631032472e-21,0.5494505494516483,1.0,0.2262753300967119,0.9224925874308453,Katashi,1e-06,0.9803921568627451,1.0,0
2023-04-26,0.1634889265324048,2.5,0.3921568627450981,2.5911051082155074e-11,0.999999999973089,1,6.972930460765542e-22,0.5494505494516483,1.0,0.21948707019381056,1.0,Katashi,1e-06,0.9803921568627451,1.0,0
2023-04-27,0.1138521864608821,3.0,0.3278688524590164,2.398448106757303e-11,0.9999999999750155,1,5.992392825778386e-22,0.6571859513045841,1.0,0.21290245808799624,0.18798640944013278,Katashi,1e-06,0.9803921568627451,1.0,0
2023-04-28,0.14525064307673002,2.0,0.48780487804878053,8.023726127629284e-11,0.9999999999187628,1,6.5182535836748596e-21,0.4417151475986048,1.0,0.20651538434535635,0.3245373669692069,Katashi,1e-06,0.9803921568627451,1.0,0
2023-05-01,0.151043980174415,3.0,0.3278688524590164,0.0,0.0,0,0.0,0.6571859513045841,0.0,0.20031992281499567,0.5773357337400848,Katashi,1e-06,0.9803921568627451,1.0,0
2023-05-02,0.11697534349708263,4.0,0.2469135802469136,0.0,0.0,0,0.0,0.8726567550101324,0.0,0.1943103251305458,0.0047065761979746545,Katashi,1e-06,0.9803921568627451,1.0,0
2023-05-03,0.07253591818809212,4.0,0.2469135802469136,1.8899215525694088e-11,0.9999999999801008,1,3.760791449329066e-22,0.8726567550101324,1.0,0.18848101537662942,0.5376979581464392,Katashi,1e-06,0.9803921568627451,1.0,0
2023-05-04,0.06359558316080056,4.0,0.2469135802469136,6.107458982803082e-11,0.9999999999379254,1,3.7911787615328916e-21,0.8726567550101324,1.0,0.18282658491533055,1.0,Katashi,1e-06,0.9803921568627451,1.0,0
2023-05-05,0.059781040215822825,4.0,0.2469135802469136,0.0,0.0,0,0.0,0.8726567550101324,0.0,0.17734178736787062,1.0,Katashi,1e-06,0.9803921568627451,1.0,0
2023-05-08,0.07286969069577767,3.0,0.3278688524590164,0.0,0.0,0,0.0,0.6571859513045841,0.0,0.1720215337468345,0.00828333882742971,Katashi,1e-06,0.9803921568627451,1.0,0
2023-05-09,0.05408306669176236,3.0,0.3278688524590164,0.0,0.0,0,0.0,0.6571859513045841,0.0,0.16686088773442945,1.0,Katashi,1e-06,0.9803921568627451,1.0,0
2023-05-10,0.08533847794717359,3.0,0.3278688524590164,0.0,0.0,0,0.0,0.6571859513045841,0.0,0.16185506110239656,1.0,Katashi,1e-06,0.9803921568627451,1.0,0
2023-05-11,0.09008281573498965,3.0,0.3278688524590164,1.7861789823378013e-10,0.9999999998203821,1,3.208296751923291e-20,0.6571859513045841,1.0,0.15699940926932465,0.4314992682107164,Katashi,1e-06,0.9803921568627451,1.0,0
2023-05-12,0.09737812911725957,3.0,0.3278688524590164,0.0,0.0,0,0.0,0.6571859513045841,0.0,0.1522894269912449,1.0,Katashi,1e-06,0.9803921568627451,1.0,0
2023-05-15,0.0893199071459941,3.0,0.3278688524590164,4.763569537684388e-10,0.9999999995226431,1,2.2739229387375314e-19,0.6571859513045841,1.0,0.14772074418150755,0.4314992682107164,Katashi,1e-06,0.9803921568627451,1.0,0
2023-05-16,0.08645899993726083,3.0,0.3278688524590164,3.403799464446196e-11,0.999999999964962,1,1.1926223211027684e-21,0.6571859513045841,1.0,0.14328912185606232,1.0,Katashi,1e-06,0.9803921568627451,1.0,0
2023-05-17,0.08743647656691135,3.0,0.3278688524590164,1.818178940719533e-11,0.9999999999808182,1,3.4875885324567486e-22,0.6571859513045841,1.0,0.13899044820038045,1.0,Katashi,1e-06,0.9803921568627451,1.0,0
2023-05-18,0.07167764602547215,3.0,0.3278688524590164,1.2183698494452526e-11,0.9999999999868163,1,1.6062593797486186e-22,0.6571859513045841,1.0,0.13482073475436904,1.0,Katashi,1e-06,0.9803921568627451,1.0,0
2023-05-19,0.07174916870569045,3.0,0.3278688524590164,9.554801394473821e-12,0.9999999999894452,1,1.0084881971419787e-22,0.6571859513045841,1.0,0.13077611271173797,1.0,Katashi,1e-06,0.9803921568627451,1.0,0
2023-05-22,0.08715038584603799,3.0,0.3278688524590164,1.5859202839721358e-11,0.9999999999831408,1,2.673731667205467e-22,0.6571859513045841,1.0,0.12685282933038583,1.0,Katashi,1e-06,0.9803921568627451,1.0,0
2023-05-23,0.08068950373298199,3.0,0.3278688524590164,1.0214940004908753e-11,0.9999999999887851,1,1.1455971333738741e-22,0.6571859513045841,1.0,0.12304724445047426,1.0,Katashi,1e-06,0.9803921568627451,1.0,0
2023-05-24,0.08529079616036137,3.0,0.3278688524590164,1.0945466755103647e-11,0.9999999999880546,1,1.307484671104061e-22,0.6571859513045841,1.0,0.11935582711696002,1.0,Katashi,1e-06,0.9803921568627451,1.0,0
2023-05-25,0.08824706694271911,2.0,0.48780487804878053,1.988798015140509e-11,0.999999999979112,1,4.154192947020859e-22,0.4417151475986048,1.0,0.11577515230345121,0.3245373669692069,Katashi,1e-06,0.9803921568627451,1.0,0
2023-05-26,0.11063366585105716,3.0,0.3278688524590164,0.0,0.0,0,0.0,0.6571859513045841,0.0,0.11230189773434768,0.5773357337400848,Katashi,1e-06,0.9803921568627451,1.0,0
2023-05-30,0.1462042788129745,3.0,0.3278688524590164,0.0,0.0,0,0.0,0.6571859513045841,0.0,0.10893284080231724,1.0,Katashi,1e-06,0.9803921568627451,1.0,0
2023-05-31,0.11533032185206099,3.0,0.3278688524590164,0.0,0.0,0,0.0,0.6571859513045841,0.0,0.10566485557824773,1.0,Katashi,1e-06,0.9803921568627451,1.0,0
2023-06-01,0.12138590877721314,3.0,0.3278688524590164,0.0,0.0,0,0.0,0.6571859513045841,0.0,0.1024949099109003,1.0,Katashi,1e-06,0.9803921568627451,1.0,0
2023-06-02,0.1314229249011858,3.0,0.3278688524590164,0.0,0.0,0,0.0,0.6571859513045841,0.0,0.09942006261357328,1.0,Katashi,1e-06,0.9803921568627451,1.0,0
2023-06-05,0.1435817805383023,3.0,0.3278688524590164,0.0,0.0,0,0.0,0.6571859513045841,0.0,0.09643746073516608,1.0,Katashi,1e-06,0.9803921568627451,1.0,0
2023-06-06,0.1568849990589121,3.0,0.3278688524590164,0.0,0.0,0,0.0,0.6571859513045841,0.0,0.09354433691311109,1.0,Katashi,1e-06,0.9803921568627451,1.0,0
2023-06-07,0.22552293117510508,3.0,0.3278688524590164,0.0,0.0,0,0.0,0.6571859513045841,0.0,0.09073800680571775,1.0,Katashi,1e-06,0.9803921568627451,1.0,0
2023-06-08,0.24521550912855264,2.5,0.3921568627450981,0.0,0.0,0,0.0,0.5494505494516483,0.0,0.08801586660154621,0.0185006706527876,Katashi,1e-06,0.9803921568627451,1.0,0
2023-06-09,0.24900621118012425,2.5,0.3921568627450981,0.0,0.0,0,0.0,0.5494505494516483,0.0,0.08537539060349983,1.0,Katashi,1e-06,0.9803921568627451,1.0,0
2023-06-12,0.24001819436602048,2.5,0.3921568627450981,0.0,0.0,0,0.0,0.5494505494516483,0.0,0.08281412888539483,1.0,Katashi,1e-06,0.9803921568627451,1.0,0
2023-06-13,0.24404730535165323,2.5,0.3921568627450981,0.0,0.0,0,0.0,0.5494505494516483,0.0,0.08032970501883298,1.0,Katashi,1e-06,0.9803921568627451,1.0,0
2023-06-14,0.23367651671999495,2.5,0.3921568627450981,0.0,0.0,0,0.0,0.5494505494516483,0.0,0.07791981386826799,1.0,Katashi,1e-06,0.9803921568627451,1.0,0
2023-06-15,0.26152268021833236,4.5,0.21978021978021978,0.0,0.0,0,0.0,0.9803921568627451,0.0,0.07558221945221995,0.004226668832762015,Katashi,1e-06,0.9803921568627451,1.0,0
2023-06-16,0.2632392245435724,3.0,0.3278688524590164,0.0,0.0,0,0.0,0.6571859513045841,0.0,0.07331475286865335,0.007521653379073179,Katashi,1e-06,0.9803921568627451,1.0,0
2023-06-20,0.25892402283706634,3.0,0.3278688524590164,0.0,0.0,0,0.0,0.6571859513045841,0.0,0.07111531028259375,1.0,Katashi,1e-06,0.9803921568627451,1.0,0
2023-06-21,0.2927304096869314,2.0,0.48780487804878053,7.148193148246932e-11,0.9999999999275181,1,5.181146878831359e-21,0.4417151475986048,1.0,0.06898185097411594,0.6463386545792871,Katashi,1e-06,0.9803921568627451,1.0,0
2023-06-22,0.28595959595959597,3.0,0.3278688524590164,0.0,0.0,0,0.0,0.6571859513045841,0.0,0.06691239544489246,0.5773357337400848,Katashi,1e-06,0.9803921568627451,1.0,0
2023-06-23,0.2784020327498589,1.0,0.9523809523809523,0.0,0.0,0,0.0,0.22624434389219458,0.0,0.06490502358154568,0.2794179652244647,Katashi,1e-06,0.9803921568627451,1.0,0
2023-06-26,0.2750643076730033,2.0,0.48780487804878053,0.0,0.0,0,0.0,0.4417151475986048,0.0,0.0629578728740993,0.10812756396502188,Katashi,1e-06,0.9803921568627451,1.0,0
2023-06-27,0.24709893970763536,2.0,0.48780487804878053,0.0,0.0,0,0.0,0.4417151475986048,0.0,0.06106913668787632,1.0,Katashi,1e-06,0.9803921568627451,1.0,0
2023-06-28,0.274539808018069,2.0,0.48780487804878053,0.0,0.0,0,0.0,0.4417151475986048,0.0,0.05923706258724003,1.0,Katashi,1e-06,0.9803921568627451,1.0,0
2023-06-29,0.2564445699228308,1.0,0.9523809523809523,0.0,0.0,0,0.0,0.22624434389219458,0.0,0.05745995070962283,0.3501958162953853,Katashi,1e-06,0.9803921568627451,1.0,0
2023-06-30,0.2632630654369785,2.0,0.48780487804878053,0.0,0.0,0,0.0,0.4417151475986048,0.0,0.055736152188334144,0.10812756396502188,Katashi,1e-06,0.9803921568627451,1.0,0
2023-07-03,0.28073844030365774,2.5,0.3921568627450981,0.0,0.0,0,0.0,0.5494505494516483,0.0,0.05406406762268412,0.027502019508338527,Katashi,1e-06,0.9803921568627451,1.0,0
2023-07-05,0.27020076541815674,2.5,0.3921568627450981,0.0,0.0,0,0.0,0.5494505494516483,0.0,0.05244214559400359,1.0,Katashi,1e-06,0.9803921568627451,1.0,0
2023-07-06,0.32365204843465717,3.0,0.3278688524590164,0.0,0.0,0,0.0,0.6571859513045841,0.0,0.05086888122618348,0.012968748795475271,Katashi,1e-06,0.9803921568627451,1.0,0
2023-07-07,0.3181686429512517,2.0,0.48780487804878053,0.0,0.0,0,0.0,0.4417151475986048,0.0,0.049342814789397976,0.03635978925900907,Katashi,1e-06,0.9803921568627451,1.0,0
2023-07-10,0.3172865298952256,1.0,0.9523809523809523,0.0,0.0,0,0.0,0.22624434389219458,0.0,0.04786253034571603,0.3501958162953853,Katashi,1e-06,0.9803921568627451,1.0,0
2023-07-11,0.28598343685300215,1.0,0.9523809523809523,0.0,0.0,0,0.0,0.22624434389219458,0.0,0.04642665443534455,1.0,Katashi,1e-06,0.9803921568627451,1.0,0
2023-07-12,0.2875807767112115,1.0,0.9523809523809523,0.0,0.0,0,0.0,0.22624434389219458,0.0,0.04503385480228421,1.0,Katashi,1e-06,0.9803921568627451,1.0,0
2023-07-13,0.31220841959972395,1.0,0.9523809523809523,0.0,0.0,0,0.0,0.22624434389219458,0.0,0.043682839158215685,1.0,Katashi,1e-06,0.9803921568627451,1.0,0
2023-07-14,0.3127090783612522,1.0,0.9523809523809523,0.0,0.0,0,0.0,0.22624434389219458,0.0,0.04237235398346921,1.0,Katashi,1e-06,0.9803921568627451,1.0,0
2023-07-17,0.3276811594202899,1.0,0.9523809523809523,0.0,0.0,0,0.0,0.22624434389219458,0.0,0.041101183363965135,1.0,Katashi,1e-06,0.9803921568627451,1.0,0
2023-07-18,0.3346410505230009,1.0,0.9523809523809523,0.0,0.0,0,0.0,0.22624434389219458,0.0,0.03986814786304618,1.0,Katashi,1e-06,0.9803921568627451,1.0,0
2023-07-19,0.3151607780652728,1.0,0.9523809523809523,0.0,0.0,0,0.0,0.22624434389219458,0.0,0.0386721034271548,1.0,Katashi,1e-06,0.9803921568627451,1.0,0
2023-07-20,0.32708189141103244,2.0,0.48780487804878053,0.0,0.0,0,0.0,0.4417151475986048,0.0,0.03751194032434015,0.10812756396502188,Katashi,1e-06,0.9803921568627451,1.0,0
2023-07-21,0.34385464339934735,2.0,0.48780487804878053,0.0,0.0,0,0.0,0.4417151475986048,0.0,0.03638658211460995,1.0,Katashi,1e-06,0.9803921568627451,1.0,0
2023-07-24,0.32977915804002766,3.0,0.3278688524590164,0.0,0.0,0,0.0,0.6571859513045841,0.0,0.035294984651171646,0.016603793746111206,Katashi,1e-06,0.9803921568627451,1.0,0
2023-07-25,0.3350479954827781,2.0,0.48780487804878053,0.0,0.0,0,0.0,0.4417151475986048,0.0,0.03423613511163649,0.03635978925900907,Katashi,1e-06,0.9803921568627451,1.0,0
2023-07-26,0.34162808206286466,2.0,0.48780487804878053,0.0,0.0,0,0.0,0.4417151475986048,0.0,0.0332090510582874,1.0,Katashi,1e-06,0.9803921568627451,1.0,0
2023-07-27,0.3758874458874459,2.0,0.48780487804878053,0.0,0.0,0,0.0,0.4417151475986048,0.0,0.032212779526538775,1.0,Katashi,1e-06,0.9803921568627451,1.0,0
2023-07-28,0.4230924148315453,2.0,0.48780487804878053,0.0,0.0,0,0.0,0.4417151475986048,0.0,0.03124639614074261,1.0,Katashi,1e-06,0.9803921568627451,1.0,0
2023-07-31,0.422591756070017,3.0,0.3278688524590164,0.0,0.0,0,0.0,0.6571859513045841,0.0,0.030309004256520333,0.016603793746111206,Katashi,1e-06,0.9803921568627451,1.0,0
2023-08-01,0.43384465775770137,3.0,0.3278688524590164,0.0,0.0,0,0.0,0.6571859513045841,0.0,0.029399734128824722,1.0,Katashi,1e-06,0.9803921568627451,1.0,0
2023-08-02,0.4250712089842526,3.0,0.3278688524590164,0.0,0.0,0,0.0,0.6571859513045841,0.0,0.02851774210495998,1.0,Katashi,1e-06,0.9803921568627451,1.0,0
2023-08-03,0.4249520045172221,4.0,0.2469135802469136,0.0,0.0,0,0.0,0.8726567550101324,0.0,0.02766220984181118,0.0047065761979746545,Katashi,1e-06,0.9803921568627451,1.0,0
2023-08-04,0.381490055837882,2.0,0.48780487804878053,0.0,0.0,0,0.0,0.4417151475986048,0.0,0.026832343546556843,0.029550082253962273,Katashi,1e-06,0.9803921568627451,1.0,0
2023-08-07,0.3409843779408997,1.0,0.9523809523809523,0.0,0.0,0,0.0,0.22624434389219458,0.0,0.026027373240160138,0.3501958162953853,Katashi,1e-06,0.9803921568627451,1.0,0
2023-08-08,0.31552230378317336,1.0,0.9523809523809523,0.0,0.0,0,0.0,0.22624434389219458,0.0,0.025246552042955332,1.0,Katashi,1e-06,0.9803921568627451,1.0,0
2023-08-09,0.3146401907271473,3.0,0.3278688524590164,0.0,0.0,0,0.0,0.6571859513045841,0.0,0.02448915548166667,0.040059476124518545,Katashi,1e-06,0.9803921568627451,1.0,0
2023-08-10,0.3127329192546584,2.0,0.48780487804878053,0.0,0.0,0,0.0,0.4417151475986048,0.0,0.02375448081721667,0.03635978925900907,Katashi,1e-06,0.9803921568627451,1.0,0
2023-08-11,0.29475688562645086,3.0,0.3278688524590164,0.0,0.0,0,0.0,0.6571859513045841,0.0,0.02304184639270017,0.016603793746111206,Katashi,1e-06,0.9803921568627451,1.0,0
2023-08-14,0.2691040843214756,1.0,0.9523809523809523,0.0,0.0,0,0.0,0.22624434389219458,0.0,0.022350591000919164,0.2794179652244647,Katashi,1e-06,0.9803921568627451,1.0,0
2023-08-15,0.27043917435221787,1.0,0.9523809523809523,0.0,0.0,0,0.0,0.22624434389219458,0.0,0.021680073270891588,1.0,Katashi,1e-06,0.9803921568627451,1.0,0
2023-08-16,0.2818112805069327,1.0,0.9523809523809523,0.0,0.0,0,0.0,0.22624434389219458,0.0,0.02102967107276484,1.0,Katashi,1e-06,0.9803921568627451,1.0,0
2023-08-17,0.2610935441370224,1.0,0.9523809523809523,3.447087060174805e-11,0.9999999999645292,1,1.2227110281109222e-21,0.22624434389219458,1.0,0.020398780940581892,0.13677428433422056,Katashi,1e-06,0.9803921568627451,1.0,0
2023-08-18,0.25184327749545143,1.0,0.9523809523809523,4.894518124007543e-11,0.9999999999500548,1,2.4445748651733293e-21,0.22624434389219458,1.0,0.019786817512364434,1.0,Katashi,1e-06,0.9803921568627451,1.0,0
2023-08-21,0.20788067005458308,3.0,0.3278688524590164,0.0,0.0,0,0.0,0.6571859513045841,0.0,0.019193212986993502,0.3324376734636749,Katashi,1e-06,0.9803921568627451,1.0,0
2023-08-22,0.21481837003576132,1.0,0.9523809523809523,0.0,0.0,0,0.0,0.22624434389219458,0.0,0.018617416597383696,0.2794179652244647,Katashi,1e-06,0.9803921568627451,1.0,0
2023-08-23,0.26042599912165126,2.0,0.48780487804878053,0.0,0.0,0,0.0,0.4417151475986048,0.0,0.018058894099462184,0.10812756396502188,Katashi,1e-06,0.9803921568627451,1.0,0
2023-08-24,0.2639067695589435,2.0,0.48780487804878053,0.0,0.0,0,0.0,0.4417151475986048,0.0,0.017517127276478316,1.0,Katashi,1e-06,0.9803921568627451,1.0,0
2023-08-25,0.2726563774389862,2.0,0.48780487804878053,0.0,0.0,0,0.0,0.4417151475986048,0.0,0.016991613458183966,1.0,Katashi,1e-06,0.9803921568627451,1.0,0
2023-08-28,0.27628019323671504,2.0,0.48780487804878053,0.0,0.0,0,0.0,0.4417151475986048,0.0,0.016481865054438445,1.0,Katashi,1e-06,0.9803921568627451,1.0,0
2023-08-29,0.2840523244871071,2.0,0.48780487804878053,0.0,0.0,0,0.0,0.4417151475986048,0.0,0.01598740910280529,1.0,Katashi,1e-06,0.9803921568627451,1.0,0
2023-08-30,0.2740629901499467,2.0,0.48780487804878053,0.0,0.0,0,0.0,0.4417151475986048,0.0,0.015507786829721131,1.0,Katashi,1e-06,0.9803921568627451,1.0,0
2023-08-31,0.28443377878160486,2.5,0.3921568627450981,0.0,0.0,0,0.0,0.5494505494516483,0.0,0.015042553224829497,0.027502019508338527,Katashi,1e-06,0.9803921568627451,1.0,0
2023-09-01,0.2619756571930485,3.0,0.3278688524590164,0.0,0.0,0,0.0,0.6571859513045841,0.0,0.014591276628084612,0.012968748795475271,Katashi,1e-06,0.9803921568627451,1.0,0
2023-09-05,0.2572790011920447,3.0,0.3278688524590164,0.0,0.0,0,0.0,0.6571859513045841,0.0,0.014153538329242073,1.0,Katashi,1e-06,0.9803921568627451,1.0,0
2023-09-06,0.2862456866804693,3.0,0.3278688524590164,0.0,0.0,0,0.0,0.6571859513045841,0.0,0.01372893217936481,1.0,Katashi,1e-06,0.9803921568627451,1.0,0
2023-09-07,0.29163372859025033,4.0,0.2469135802469136,0.0,0.0,0,0.0,0.8726567550101324,0.0,0.013317064213983865,0.0047065761979746545,Katashi,1e-06,0.9803921568627451,1.0,0
2023-09-08,0.30229060794278184,2.0,0.48780487804878053,5.658495893901777e-11,0.9999999999424151,1,3.25844128540651e-21,0.4417151475986048,1.0,0.01291755228756435,0.9512150490150644,Katashi,1e-06,0.9803921568627451,1.0,0
2023-09-11,0.31003889829976794,2.5,0.3921568627450981,0.0,0.0,0,0.0,0.5494505494516483,0.0,0.012530025718937418,0.7742878819044889,Katashi,1e-06,0.9803921568627451,1.0,0
2023-09-12,0.3108494886755756,2.5,0.3921568627450981,4.356137672701506e-11,0.9999999999554386,1,1.9411539554705887e-21,0.5494505494516483,1.0,0.012154124947369296,0.36397979193741614,Katashi,1e-06,0.9803921568627451,1.0,0
2023-09-13,0.30341112993286906,2.5,0.3921568627450981,1.2331979880935145e-10,0.9999999998756802,1,1.5331089850095115e-20,0.5494505494516483,1.0,0.011789501198948216,1.0,Katashi,1e-06,0.9803921568627451,1.0,0
2023-09-14,0.3062243553547902,4.0,0.2469135802469136,0.0,0.0,0,0.0,0.8726567550101324,0.0,0.01143581616297977,0.42372686278782157,Katashi,1e-06,0.9803921568627451,1.0,0
2023-09-15,0.29668799799234574,4.0,0.2469135802469136,0.0,0.0,0,0.0,0.8726567550101324,0.0,0.011092741678090377,1.0,Katashi,1e-06,0.9803921568627451,1.0,0
2023-09-18,0.2712020829412134,4.0,0.2469135802469136,0.0,0.0,0,0.0,0.8726567550101324,0.0,0.010759959427747665,1.0,Katashi,1e-06,0.9803921568627451,1.0,0
2023-09-19,0.28610264132003266,3.0,0.3278688524590164,6.4390381913165e-11,0.9999999999346096,1,4.2105102405480346e-21,0.6571859513045841,1.0,0.010437160644915235,0.835666320376512,Katashi,1e-06,0.9803921568627451,1.0,0
2023-09-20,0.29289729594077424,3.0,0.3278688524590164,0.0,0.0,0,0.0,0.6571859513045841,0.0,0.010124045825567777,1.0,Katashi,1e-06,0.9803921568627451,1.0,0
2023-09-21,0.3529286655373612,2.0,0.48780487804878053,0.0,0.0,0,0.0,0.4417151475986048,0.0,0.009820324450800744,0.03635978925900907,Katashi,1e-06,0.9803921568627451,1.0,0
2023-09-22,0.3636809084635172,2.0,0.48780487804878053,0.0,0.0,0,0.0,0.4417151475986048,0.0,0.009525714717276722,1.0,Katashi,1e-06,0.9803921568627451,1.0,0
2023-09-25,0.31788255223037837,1.0,0.9523809523809523,0.0,0.0,0,0.0,0.22624434389219458,0.0,0.00923994327575842,0.3501958162953853,Katashi,1e-06,0.9803921568627451,1.0,0
2023-09-26,0.3162852123721689,3.0,0.3278688524590164,0.0,0.0,0,0.0,0.6571859513045841,0.0,0.008962744977485667,0.040059476124518545,Katashi,1e-06,0.9803921568627451,1.0,0
2023-09-27,0.3166428257732606,3.0,0.3278688524590164,0.0,0.0,0,0.0,0.6571859513045841,0.0,0.008693862628161096,1.0,Katashi,1e-06,0.9803921568627451,1.0,0
2023-09-28,0.3056283330196374,2.0,0.48780487804878053,0.0,0.0,0,0.0,0.4417151475986048,0.0,0.008433046749316263,0.03635978925900907,Katashi,1e-06,0.9803921568627451,1.0,0
2023-09-29,0.25811343246125856,2.0,0.48780487804878053,0.0,0.0,0,0.0,0.4417151475986048,0.0,0.008180055346836775,1.0,Katashi,1e-06,0.9803921568627451,1.0,0
2023-10-02,0.23882614969571492,3.0,0.3278688524590164,0.0,0.0,0,0.0,0.6571859513045841,0.0,0.007934653686431672,0.016603793746111206,Katashi,1e-06,0.9803921568627451,1.0,0
2023-10-03,0.26052136269527576,3.0,0.3278688524590164,0.0,0.0,0,0.0,0.6571859513045841,0.0,0.007696614075838722,1.0,Katashi,1e-06,0.9803921568627451,1.0,0
2023-10-04,0.30324424367902636,3.0,0.3278688524590164,0.0,0.0,0,0.0,0.6571859513045841,0.0,0.0074657156535635595,1.0,Katashi,1e-06,0.9803921568627451,1.0,0
2023-10-05,0.3046031746031746,2.0,0.48780487804878053,0.0,0.0,0,0.0,0.4417151475986048,0.0,0.0072417441839566525,0.03635978925900907,Katashi,1e-06,0.9803921568627451,1.0,0
2023-10-06,0.26683919944789514,2.0,0.48780487804878053,0.0,0.0,0,0.0,0.4417151475986048,0.0,0.0070244918584379526,1.0,Katashi,1e-06,0.9803921568627451,1.0,0
2023-10-09,0.2964734299516908,1.0,0.9523809523809523,0.0,0.0,0,0.0,0.22624434389219458,0.0,0.006813757102684814,0.3501958162953853,Katashi,1e-06,0.9803921568627451,1.0,0
2023-10-10,0.2907754564276303,1.0,0.9523809523809523,0.0,0.0,0,0.0,0.22624434389219458,0.0,0.0066093443896042695,1.0,Katashi,1e-06,0.9803921568627451,1.0,0
2023-10-11,0.30989585293933114,1.0,0.9523809523809523,0.0,0.0,0,0.0,0.22624434389219458,0.0,0.006411064057916141,1.0,Katashi,1e-06,0.9803921568627451,1.0,0
2023-10-12,0.3290639312378443,1.0,0.9523809523809523,0.0,0.0,0,0.0,0.22624434389219458,0.0,0.006218732136178656,1.0,Katashi,1e-06,0.9803921568627451,1.0,0
2023-10-13,0.30808394504046677,1.0,0.9523809523809523,0.0,0.0,0,0.0,0.22624434389219458,0.0,0.006032170172093296,1.0,Katashi,1e-06,0.9803921568627451,1.0,0
2023-10-16,0.2908469791078487,1.0,0.9523809523809523,0.0,0.0,0,0.0,0.22624434389219458,0.0,0.005851205066930497,1.0,Katashi,1e-06,0.9803921568627451,1.0,0
2023-10-17,0.29282577326055587,1.0,0.9523809523809523,0.0,0.0,0,0.0,0.22624434389219458,0.0,0.005675668914922581,1.0,Katashi,1e-06,0.9803921568627451,1.0,0
2023-10-18,0.27771064684108165,1.0,0.9523809523809523,0.0,0.0,0,0.0,0.22624434389219458,0.0,0.0055053988474749035,1.0,Katashi,1e-06,0.9803921568627451,1.0,0
2023-10-19,0.276709329318025,1.0,0.9523809523809523,0.0,0.0,0,0.0,0.22624434389219458,0.0,0.005340236882050656,1.0,Katashi,1e-06,0.9803921568627451,1.0,0
2023-10-20,0.2690087207478512,1.0,0.9523809523809523,0.0,0.0,0,0.0,0.22624434389219458,0.0,0.005180029775589136,1.0,Katashi,1e-06,0.9803921568627451,1.0,0
2023-10-23,0.24264069264069268,2.0,0.48780487804878053,0.0,0.0,0,0.0,0.4417151475986048,0.0,0.005024628882321462,0.10812756396502188,Katashi,1e-06,0.9803921568627451,1.0,0
2023-10-24,0.25775581906016687,2.0,0.48780487804878053,0.0,0.0,0,0.0,0.4417151475986048,0.0,0.004873890015851818,1.0,Katashi,1e-06,0.9803921568627451,1.0,0
2023-10-25,0.2724418093983312,2.0,0.48780487804878053,0.0,0.0,0,0.0,0.4417151475986048,0.0,0.004727673315376263,1.0,Katashi,1e-06,0.9803921568627451,1.0,0
2023-10-26,0.2484340297383776,2.0,0.48780487804878053,0.0,0.0,0,0.0,0.4417151475986048,0.0,0.004585843115914976,1.0,Katashi,1e-06,0.9803921568627451,1.0,0
2023-10-27,0.2427598971077232,2.0,0.48780487804878053,0.0,0.0,0,0.0,0.4417151475986048,0.0,0.004448267822437527,1.0,Katashi,1e-06,0.9803921568627451,1.0,0
2023-10-30,0.2360129242737938,3.0,0.3278688524590164,0.0,0.0,0,0.0,0.6571859513045841,0.0,0.004314819787764401,0.016603793746111206,Katashi,1e-06,0.9803921568627451,1.0,0
2023-10-31,0.2363466967814794,2.0,0.48780487804878053,0.0,0.0,0,0.0,0.4417151475986048,0.0,0.004185375194131469,0.03635978925900907,Katashi,1e-06,0.9803921568627451,1.0,0
2023-11-01,0.26958090218959785,2.0,0.48780487804878053,0.0,0.0,0,0.0,0.4417151475986048,0.0,0.004059813938307524,1.0,Katashi,1e-06,0.9803921568627451,1.0,0
2023-11-02,0.2513664596273293,3.0,0.3278688524590164,0.0,0.0,0,0.0,0.6571859513045841,0.0,0.0039380195201582984,0.016603793746111206,Katashi,1e-06,0.9803921568627451,1.0,0
2023-11-03,0.24287910157475376,2.0,0.48780487804878053,0.0,0.0,0,0.0,0.4417151475986048,0.0,0.003819878934553549,0.03635978925900907,Katashi,1e-06,0.9803921568627451,1.0,0
2023-11-06,0.2502220967438359,3.0,0.3278688524590164,0.0,0.0,0,0.0,0.6571859513045841,0.0,0.0037052825665169426,0.016603793746111206,Katashi,1e-06,0.9803921568627451,1.0,0
2023-11-07,0.270701424179685,3.0,0.3278688524590164,0.0,0.0,0,0.0,0.6571859513045841,0.0,0.0035941240895214343,1.0,Katashi,1e-06,0.9803921568627451,1.0,0
2023-11-08,0.24392810088462263,2.0,0.48780487804878053,0.0,0.0,0,0.0,0.4417151475986048,0.0,0.0034863003668357912,0.03635978925900907,Katashi,1e-06,0.9803921568627451,1.0,0
2023-11-09,0.23834933182759274,1.0,0.9523809523809523,0.0,0.0,0,0.0,0.22624434389219458,0.0,0.0033817113558307172,0.3501958162953853,Katashi,1e-06,0.9803921568627451,1.0,0
2023-11-10,0.22595206725641506,1.0,0.9523809523809523,0.0,0.0,0,0.0,0.22624434389219458,0.0,0.0032802600151557956,1.0,Katashi,1e-06,0.9803921568627451,1.0,0
2023-11-13,0.21901436727523682,2.0,0.48780487804878053,0.0,0.0,0,0.0,0.4417151475986048,0.0,0.0031818522147011217,0.10812756396502188,Katashi,1e-06,0.9803921568627451,1.0,0
2023-11-14,0.26812660769182506,1.0,0.9523809523809523,0.0,0.0,0,0.0,0.22624434389219458,0.0,0.003086396648260088,0.3501958162953853,Katashi,1e-06,0.9803921568627451,1.0,0
2023-11-15,0.27051069703243613,1.0,0.9523809523809523,2.3833157669320395e-11,0.9999999999751669,1,5.918520349368992e-22,0.22624434389219458,1.0,0.0029938047488122853,0.13677428433422056,Katashi,1e-06,0.9803921568627451,1.0,0
2023-11-16,0.26657694962042794,1.0,0.9523809523809523,3.108691082280487e-11,0.9999999999679131,1,9.974822476478744e-22,0.22624434389219458,1.0,0.0029039906063479167,1.0,Katashi,1e-06,0.9803921568627451,1.0,0
2023-11-17,0.2767331702114311,2.0,0.48780487804878053,2.721189940007252e-11,0.9999999999717881,1,7.676987663965327e-22,0.4417151475986048,1.0,0.002816870888157479,0.37484291620776367,Katashi,1e-06,0.9803921568627451,1.0,0
2023-11-20,0.2799516908212561,2.0,0.48780487804878053,4.732914060551046e-11,0.9999999999516709,1,2.2873756441149372e-21,0.4417151475986048,1.0,0.0027323647615127545,1.0,Katashi,1e-06,0.9803921568627451,1.0,0
2023-11-21,0.28522052826400657,2.0,0.48780487804878053,5.701694671787445e-11,0.9999999999419831,1,3.3079478985298005e-21,0.4417151475986048,1.0,0.0026503938186673718,1.0,Katashi,1e-06,0.9803921568627451,1.0,0
2023-11-22,0.2939701361440492,2.0,0.48780487804878053,0.0,0.0,0,0.0,0.4417151475986048,0.0,0.0025708820041073503,1.0,Katashi,1e-06,0.9803921568627451,1.0,0
2023-11-24,0.2969025660330008,2.0,0.48780487804878053,0.0,0.0,0,0.0,0.4417151475986048,0.0,0.0024937555439841297,1.0,Katashi,1e-06,0.9803921568627451,1.0,0
2023-11-27,0.27167890080933565,2.0,0.48780487804878053,0.0,0.0,0,0.0,0.4417151475986048,0.0,0.002418942877664606,1.0,Katashi,1e-06,0.9803921568627451,1.0,0
2023-11-28,0.2956151577890708,3.0,0.3278688524590164,0.6931464692817662,0.5005963579250508,2,0.34615987125070596,0.6571859513045841,2.0,0.0023463745913346675,0.01661133991689656,Katashi,1e-06,0.9803921568627451,1.0,0
2023-11-29,0.29458999937260805,1.0,0.9523809523809523,2.979871904737281e-11,0.9999999999692013,1,9.177617167268272e-22,0.22624434389219458,1.0,0.002275983353594627,0.7566234002202992,Katashi,1e-06,0.9803921568627451,1.0,0
2023-11-30,0.2996919505615158,2.0,0.48780487804878053,1.4849865780368064e-10,0.9999999998505014,1,2.2200346743911962e-20,0.4417151475986048,1.0,0.0022077038529867885,0.37484291620776367,Katashi,1e-06,0.9803921568627451,1.0,0
2023-12-01,0.31757262061609887,3.0,0.3278688524590164,1.439256491659228e-10,0.9999999998550744,1,2.0858514954626682e-20,0.6571859513045841,1.0,0.0021414727373971847,0.19097689824037123,Katashi,1e-06,0.9803921568627451,1.0,0
2023-12-04,0.3212917999874522,2.0,0.48780487804878053,4.469782321044005e-10,0.9999999995520218,1,2.0023650836420293e-19,0.4417151475986048,1.0,0.0020772285552752693,0.3245373669692069,Katashi,1e-06,0.9803921568627451,1.0,0
2023-12-05,0.30872810032419057,1.0,0.9523809523809523,4.004396814054819e-11,0.999999999958956,1,1.6435624667740401e-21,0.22624434389219458,1.0,0.0020149116986170113,0.6719670546074137,Katashi,1e-06,0.9803921568627451,1.0,0
2023-12-06,0.29987353493952046,2.0,0.48780487804878053,0.0,0.0,0,0.0,0.4417151475986048,0.0,0.001954464347658501,0.6033616229497174,Katashi,1e-06,0.9803921568627451,1.0,0
2023-12-07,0.30023071064590734,2.0,0.48780487804878053,0.0,0.0,0,0.0,0.4417151475986048,0.0,0.0018958304172287457,1.0,Katashi,1e-06,0.9803921568627451,1.0,0
2023-12-08,0.2807863308366999,1.0,0.9523809523809523,0.0,0.0,0,0.0,0.22624434389219458,0.0,0.0018389555047118834,0.3501958162953853,Katashi,1e-06,0.9803921568627451,1.0,0
2023-12-11,0.2808569713937439,1.0,0.9523809523809523,0.0,0.0,0,0.0,0.22624434389219458,0.0,0.001783786839570527,1.0,Katashi,1e-06,0.9803921568627451,1.0,0
2023-12-12,0.2629910533339156,1.0,0.9523809523809523,0.0,0.0,0,0.0,0.22624434389219458,0.0,0.001730273234383411,1.0,Katashi,1e-06,0.9803921568627451,1.0,0
2023-12-13,0.2998918945484697,1.0,0.9523809523809523,0.0,0.0,0,0.0,0.22624434389219458,0.0,0.0016783650373519085,1.0,Katashi,1e-06,0.9803921568627451,1.0,0
2023-12-14,0.2855030096865312,2.0,0.48780487804878053,0.0,0.0,0,0.0,0.4417151475986048,0.0,0.0016280140862313512,0.10812756396502188,Katashi,1e-06,0.9803921568627451,1.0,0
2023-12-15,0.24600167277295093,2.0,0.48780487804878053,0.0,0.0,0,0.0,0.4417151475986048,0.0,0.0015791736636444106,1.0,Katashi,1e-06,0.9803921568627451,1.0,0
2023-12-18,0.23844469540121718,2.0,0.48780487804878053,0.0,0.0,0,0.0,0.4417151475986048,0.0,0.0015317984537350782,1.0,Katashi,1e-06,0.9803921568627451,1.0,0
2023-12-19,0.23937449024405544,1.0,0.9523809523809523,0.0,0.0,0,0.0,0.22624434389219458,0.0,0.0014858445001230257,0.3501958162953853,Katashi,1e-06,0.9803921568627451,1.0,0
2023-12-20,0.2279547023025284,1.0,0.9523809523809523,4.071620818193091e-11,0.9999999999582838,1,1.6985249162191143e-21,0.22624434389219458,1.0,0.0014412691651193349,0.13677428433422056,Katashi,1e-06,0.9803921568627451,1.0,0
2023-12-21,0.22104084321475628,1.0,0.9523809523809523,0.0,0.0,0,0.0,0.22624434389219458,0.0,0.0013980310901657547,1.0,Katashi,1e-06,0.9803921568627451,1.0,0
2023-12-22,0.22278122843340237,2.0,0.48780487804878053,0.0,0.0,0,0.0,0.4417151475986048,0.0,0.0013560901574607822,0.10812756396502188,Katashi,1e-06,0.9803921568627451,1.0,0
2023-12-26,0.2256898174289479,2.5,0.3921568627450981,0.0,0.0,0,0.0,0.5494505494516483,0.0,0.0013154074527369586,0.027502019508338527,Katashi,1e-06,0.9803921568627451,1.0,0
2023-12-27,0.18802120584729284,2.0,0.48780487804878053,0.0,0.0,0,0.0,0.4417151475986048,0.0,0.0012759452291548497,0.04222863277142208,Katashi,1e-06,0.9803921568627451,1.0,0
2023-12-28,0.21198130372043417,2.5,0.3921568627450981,0.0,0.0,0,0.0,0.5494505494516483,0.0,0.0012376668722802041,0.027502019508338527,Katashi,1e-06,0.9803921568627451,1.0,0
2023-12-29,0.23300897170462392,2.0,0.48780487804878053,0.0,0.0,0,0.0,0.4417151475986048,0.0,0.001200536866111798,0.04222863277142208,Katashi,1e-06,0.9803921568627451,1.0,0
