date,mean_corr,curv,eta,entropy,dominance,h1_count,v_raw,Oh,Xi,phi,DEF,regime,phi_c,Oh_pre,Xi_c,sps
2022-02-18,0.5278236256497126,2.0,0.48780487804878053,0.0,0.0,0,0.0,0.6589521054329958,0.0,1e-06,1.0,Utsuroi,1e-06,0.9803921568627451,3.0,0
2022-02-22,0.5474648539865931,1.0,0.9523809523809523,0.0,0.0,0,0.0,0.33751205400260365,0.0,1e-06,0.012023883662104495,Utsuroi,1e-06,0.9803921568627451,3.0,0
2022-02-23,0.5546171220084263,1.0,0.9523809523809523,0.0,0.0,0,0.0,0.33751205400260365,0.0,1e-06,1.0,Utsuroi,1e-06,0.9803921568627451,3.0,0
2022-02-24,0.5531591596808987,3.0,0.3278688524590164,0.4429579932202598,0.8380082212547432,2,0.0717555532311793,0.9803921568627451,0.6666666666666666,1e-06,0.014306900000796485,Katashi,1e-06,0.9803921568627451,3.0,0
2022-02-25,0.5330090199655416,2.0,0.48780487804878053,0.6221375731601941,0.6861614812112722,2,0.19525073444340912,0.6589521054329958,0.6666666666666666,1e-06,0.2921636544797198,Utsuroi,1e-06,0.9803921568627451,3.0,0
2022-02-28,0.5331603179429266,2.0,0.48780487804878053,0.0,0.0,0,0.0,0.6589521054329958,0.0,1e-06,1.0,Utsuroi,1e-06,0.9803921568627451,3.0,0
2022-03-01,0.5163662424531988,2.0,0.48780487804878053,6.602496327221239e-11,0.9999999999329751,1,4.425319277931719e-21,0.6589521054329958,0.3333333333333333,1e-06,0.7271692523647787,Utsuroi,1e-06,0.9803921568627451,3.0,0
2022-03-02,0.515816067989981,2.0,0.48780487804878053,0.0,0.0,0,0.0,0.6589521054329958,0.0,1e-06,1.0,Utsuroi,1e-06,0.9803921568627451,3.0,0
2022-03-03,0.4843873517786562,2.0,0.48780487804878053,0.28861716644221425,0.9159223472844118,2,0.024266253887885607,0.6589521054329958,0.6666666666666666,1e-06,0.50592414017732,Utsuroi,1e-06,0.9803921568627451,3.0,0
2022-03-04,0.44921744921744927,2.0,0.48780487804878053,2.225120088157004e-11,0.9999999999767488,1,5.173666493247187e-22,0.6589521054329958,0.3333333333333333,1e-06,0.7292706729765784,Utsuroi,1e-06,0.9803921568627451,3.0,0
2022-03-07,0.4461777353081703,2.0,0.48780487804878053,0.0,0.0,0,0.0,0.6589521054329958,0.0,1e-06,1.0,Utsuroi,1e-06,0.9803921568627451,3.0,0
2022-03-08,0.436480910393954,2.0,0.48780487804878053,0.5524610699424093,0.7587983689590021,2,0.13325451115676393,0.6589521054329958,0.6666666666666666,1e-06,0.4857741410227616,Utsuroi,1e-06,0.9803921568627451,3.0,0
2022-03-09,0.46584647236821153,2.0,0.48780487804878053,0.0,0.0,0,0.0,0.6589521054329958,0.0,1e-06,1.0,Utsuroi,1e-06,0.9803921568627451,3.0,0
2022-03-10,0.4595194660412052,1.0,0.9523809523809523,1.46405665357968e-10,0.9999999998525944,1,2.1581021277112634e-20,0.33751205400260365,0.3333333333333333,1e-06,0.49406506545803974,Utsuroi,1e-06,0.9803921568627451,3.0,0
2022-03-11,0.45840536275318894,2.0,0.48780487804878053,7.039435700762475e-11,0.9999999999286057,1,5.0257582984596586e-21,0.6589521054329958,0.3333333333333333,1e-06,0.0409889995224022,Utsuroi,1e-06,0.9803921568627451,3.0,0
2022-03-14,0.4157255787690571,2.0,0.48780487804878053,4.757069181878307e-10,0.9999999995232931,1,2.267727684605479e-19,0.6589521054329958,0.3333333333333333,1e-06,1.0,Utsuroi,1e-06,0.9803921568627451,3.0,0
2022-03-15,0.439947009512227,1.0,0.9523809523809523,0.6508320075351262,0.6444210163330643,2,0.23142218377725163,0.33751205400260365,0.6666666666666666,1e-06,0.9518361684932778,Utsuroi,1e-06,0.9803921568627451,3.0,0
2022-03-16,0.43561438561438565,1.0,0.9523809523809523,0.534105523787244,0.7742372424847899,2,0.12058113585431386,0.33751205400260365,0.6666666666666666,1e-06,0.7761438625418567,Utsuroi,1e-06,0.9803921568627451,3.0,0
2022-03-17,0.42539489496011246,1.0,0.9523809523809523,2.717338576002659e-10,0.9999999997272662,1,7.411101722280767e-20,0.33751205400260365,0.3333333333333333,1e-06,0.589924228510087,Utsuroi,1e-06,0.9803921568627451,3.0,0
2022-03-18,0.4230153904066948,1.0,0.9523809523809523,0.0,0.0,0,0.0,0.33751205400260365,0.0,1e-06,1.0,Utsuroi,1e-06,0.9803921568627451,3.0,0
2022-03-21,0.42082844691540355,1.0,0.9523809523809523,0.0,0.0,0,0.0,0.33751205400260365,0.0,1e-06,1.0,Utsuroi,1e-06,0.9803921568627451,3.0,0
2022-03-22,0.44198265502613326,1.0,0.9523809523809523,0.0,0.0,0,0.0,0.33751205400260365,0.0,1e-06,1.0,Utsuroi,1e-06,0.9803921568627451,3.0,0
2022-03-23,0.4506066397370746,1.0,0.9523809523809523,8.222977853842375e-11,0.9999999999167702,1,6.843964438237262e-21,0.33751205400260365,0.3333333333333333,1e-06,0.5174317239301822,Utsuroi,1e-06,0.9803921568627451,3.0,0
2022-03-24,0.4586942043463783,1.0,0.9523809523809523,1.6690759885151234e-11,0.9999999999823093,1,2.952718562032095e-22,0.33751205400260365,0.3333333333333333,1e-06,1.0,Utsuroi,1e-06,0.9803921568627451,3.0,0
2022-03-25,0.4429592146983451,1.0,0.9523809523809523,1.3105516671786214e-11,0.9999999999858945,1,1.84859793990978e-22,0.33751205400260365,0.3333333333333333,1e-06,1.0,Utsuroi,1e-06,0.9803921568627451,3.0,0
2022-03-28,0.45174825174825173,1.0,0.9523809523809523,1.538791316577581e-11,0.9999999999836121,1,2.521754443581827e-22,0.33751205400260365,0.3333333333333333,1e-06,1.0,Utsuroi,1e-06,0.9803921568627451,3.0,0
2022-03-29,0.46751075011944593,1.0,0.9523809523809523,0.671721233285555,0.6031321499553194,2,0.26658456168339956,0.33751205400260365,0.6666666666666666,1e-06,0.24514717607080283,Utsuroi,1e-06,0.9803921568627451,3.0,0
2022-03-30,0.48601036644514906,2.0,0.48780487804878053,0.5770905808133808,0.7361060573633311,2,0.15229070862932825,0.6589521054329958,0.6666666666666666,1e-06,0.25567604708924285,Utsuroi,1e-06,0.9803921568627451,3.0,0
2022-03-31,0.5120336185553578,2.0,0.48780487804878053,0.21974013727596112,0.9426045149787697,2,0.012612091757585509,0.6589521054329958,0.6666666666666666,1e-06,0.9839970956569603,Utsuroi,1e-06,0.9803921568627451,3.0,0
2022-04-01,0.48746832877267665,2.0,0.48780487804878053,0.0,0.0,0,0.0,0.6589521054329958,0.0,1e-06,1.0,Utsuroi,1e-06,0.9803921568627451,3.0,0
2022-04-04,0.4977565912348523,1.0,0.9523809523809523,0.0,0.0,0,0.0,0.33751205400260365,0.0,1e-06,0.012023883662104495,Utsuroi,1e-06,0.9803921568627451,3.0,0
2022-04-05,0.52866264170612,1.0,0.9523809523809523,0.0,0.0,0,0.0,0.33751205400260365,0.0,1e-06,1.0,Utsuroi,1e-06,0.9803921568627451,3.0,0
2022-04-06,0.4831081961516745,1.0,0.9523809523809523,2.2827184586732014e-11,0.9999999999761728,1,5.439070357733475e-22,0.33751205400260365,0.3333333333333333,1e-06,0.5174317239301822,Utsuroi,1e-06,0.9803921568627451,3.0,0
2022-04-07,0.5021717413021762,1.0,0.9523809523809523,0.0,0.0,0,0.0,0.33751205400260365,0.0,1e-06,1.0,Utsuroi,1e-06,0.9803921568627451,3.0,0
2022-04-08,0.47283368805107945,1.0,0.9523809523809523,5.554661173918168e-10,0.9999999994435339,1,3.090980614858665e-19,0.33751205400260365,0.3333333333333333,1e-06,0.5174317239301822,Utsuroi,1e-06,0.9803921568627451,3.0,0
2022-04-11,0.49731645166427796,2.0,0.48780487804878053,0.6924534895652039,0.5186216359042134,2,0.3333321280193167,0.6589521054329958,0.6666666666666666,1e-06,0.0496072878092777,Utsuroi,1e-06,0.9803921568627451,3.0,0
2022-04-12,0.4938641069075852,2.0,0.48780487804878053,7.690745815002512e-10,0.9999999992299254,1,5.922447697060701e-19,0.6589521054329958,0.3333333333333333,1e-06,0.8625606564212823,Utsuroi,1e-06,0.9803921568627451,3.0,0
2022-04-13,0.4896140091792266,2.0,0.48780487804878053,0.0,0.0,0,0.0,0.6589521054329958,0.0,1e-06,1.0,Utsuroi,1e-06,0.9803921568627451,3.0,0
2022-04-14,0.476162243553548,2.0,0.48780487804878053,1.4158418880732497e-10,0.9999999998574158,1,2.018766357838892e-20,0.6589521054329958,0.3333333333333333,1e-06,0.7271692523647787,Utsuroi,1e-06,0.9803921568627451,3.0,0
2022-04-18,0.47639606770041554,1.5,0.6451612903225806,2.717338576002659e-10,0.9999999997272662,1,7.411101722280767e-20,0.49823207971788014,0.3333333333333333,1e-06,0.06682103219523672,Utsuroi,1e-06,0.9803921568627451,3.0,0
2022-04-19,0.5154722089504699,3.0,0.3278688524590164,4.819067367257757e-11,0.9999999999508093,1,2.370530636687123e-21,0.9803921568627451,0.3333333333333333,1e-06,0.01833887059354411,Katashi,1e-06,0.9803921568627451,3.0,0
2022-04-20,0.5103968495272841,2.0,0.48780487804878053,1.502797886119817e-11,0.999999999983972,1,2.4086779507099766e-22,0.6589521054329958,0.3333333333333333,1e-06,0.03891798185895612,Utsuroi,1e-06,0.9803921568627451,3.0,0
2022-04-21,0.5410003040437823,3.0,0.3278688524590164,1.5651591134119933e-11,0.9999999999833484,1,2.606235499258252e-22,0.9803921568627451,0.3333333333333333,1e-06,0.018147668532818573,Katashi,1e-06,0.9803921568627451,3.0,0
2022-04-22,0.5453879453879454,3.0,0.3278688524590164,8.245348847786707e-11,0.9999999999165465,1,6.881029426921711e-21,0.9803921568627451,0.3333333333333333,1e-06,1.0,Katashi,1e-06,0.9803921568627451,3.0,0
2022-04-25,0.5208089012436838,3.0,0.3278688524590164,3.0323665795952156e-10,0.9999999996957634,1,9.225570069433654e-20,0.9803921568627451,0.3333333333333333,1e-06,1.0,Katashi,1e-06,0.9803921568627451,3.0,0
2022-04-26,0.5384832558745603,3.0,0.3278688524590164,2.801482379015697e-10,0.9999999997188518,1,7.876317725096706e-20,0.9803921568627451,0.3333333333333333,1e-06,1.0,Katashi,1e-06,0.9803921568627451,3.0,0
2022-04-27,0.5259667868363521,2.0,0.48780487804878053,9.228329211472711e-11,0.9999999999067167,1,8.608487254583089e-21,0.6589521054329958,0.3333333333333333,1e-06,0.03891798185895612,Utsuroi,1e-06,0.9803921568627451,3.0,0
2022-04-28,0.5500919370484587,2.0,0.48780487804878053,0.5753473229684991,0.7377982310330009,2,0.1508570858527678,0.6589521054329958,0.6666666666666666,1e-06,0.5019250295819412,Utsuroi,1e-06,0.9803921568627451,3.0,0
2022-04-29,0.5673399064703414,1.0,0.9523809523809523,0.29193069899483426,0.9145296345830056,2,0.024951423519527078,0.33751205400260365,0.6666666666666666,1e-06,0.36255370385601493,Utsuroi,1e-06,0.9803921568627451,3.0,0
2022-05-02,0.54245826637131,2.0,0.48780487804878053,0.2918787166891595,0.9145515645385442,2,0.024940579685586172,0.6589521054329958,0.6666666666666666,1e-06,0.13336260233359687,Utsuroi,1e-06,0.9803921568627451,3.0,0
2022-05-03,0.5534067381893469,1.0,0.9523809523809523,6.23974205617887e-11,0.9999999999366026,1,3.95583413311361e-21,0.33751205400260365,0.3333333333333333,1e-06,0.011411772873555992,Utsuroi,1e-06,0.9803921568627451,3.0,0
2022-05-04,0.6055220142176664,1.0,0.9523809523809523,2.4722113245115285e-11,0.9999999999742779,1,6.359044496619159e-22,0.33751205400260365,0.3333333333333333,1e-06,1.0,Utsuroi,1e-06,0.9803921568627451,3.0,0
2022-05-05,0.647211484168006,1.5,0.6451612903225806,0.5763722742129898,0.7368050527342727,2,0.15169827031691518,0.49823207971788014,0.6666666666666666,1e-06,0.06835601954952097,Utsuroi,1e-06,0.9803921568627451,3.0,0
2022-05-06,0.644639418552462,2.0,0.48780487804878053,0.30691643635830007,0.9275471230319029,3,0.022236978802954718,0.6589521054329958,1.0,1e-06,0.1303578380355187,Utsuroi,1e-06,0.9803921568627451,3.0,0
2022-05-09,0.6883232709319667,2.0,0.48780487804878053,0.5401162693927364,0.7693037426300027,2,0.12460280189354953,0.6589521054329958,0.6666666666666666,1e-06,0.6416116236413987,Utsuroi,1e-06,0.9803921568627451,3.0,0
2022-05-10,0.6637304724261246,1.0,0.9523809523809523,0.6678958066215044,0.6118885682365395,2,0.2592179977766834,0.33751205400260365,0.6666666666666666,1e-06,0.6128738361129484,Utsuroi,1e-06,0.9803921568627451,3.0,0
2022-05-11,0.6683932010018967,1.0,0.9523809523809523,1.0085865904370144,0.4934574947309123,3,0.5108919783007726,0.33751205400260365,1.0,1e-06,0.10683017223322977,Utsuroi,1e-06,0.9803921568627451,3.0,0
2022-05-12,0.6448457339761688,1.0,0.9523809523809523,1.0819005270682684,0.5003766233310738,4,0.5405427945537393,0.33751205400260365,1.3333333333333333,1e-06,0.1587246882105351,Utsuroi,1e-06,0.9803921568627451,3.0,0
2022-05-13,0.6682419030245117,1.0,0.9523809523809523,0.9782967902755932,0.4631736019449002,3,0.525175542152512,0.33751205400260365,1.0,1e-06,0.27626512029364503,Utsuroi,1e-06,0.9803921568627451,3.0,0
2022-05-16,0.6586276042797783,2.0,0.48780487804878053,2.3111457189776843e-10,0.9999999997678855,1,5.364505480896045e-20,0.6589521054329958,0.3333333333333333,1e-06,0.7072586035818189,Utsuroi,1e-06,0.9803921568627451,3.0,0
2022-05-17,0.676343221995396,2.0,0.48780487804878053,0.0,0.0,0,0.0,0.6589521054329958,0.0,1e-06,1.0,Utsuroi,1e-06,0.9803921568627451,3.0,0
2022-05-18,0.6760818891253675,1.0,0.9523809523809523,0.0,0.0,0,0.0,0.33751205400260365,0.0,1e-06,0.012023883662104495,Utsuroi,1e-06,0.9803921568627451,3.0,0
2022-05-19,0.6449557688688125,2.0,0.48780487804878053,0.0,0.0,0,0.0,0.6589521054329958,0.0,1e-06,0.0031713619521303027,Utsuroi,1e-06,0.9803921568627451,3.0,0
2022-05-20,0.6301973388929912,2.0,0.48780487804878053,0.0,0.0,0,0.0,0.6589521054329958,0.0,1e-06,1.0,Utsuroi,1e-06,0.9803921568627451,3.0,0
2022-05-23,0.6231963688485428,2.0,0.48780487804878053,0.0,0.0,0,0.0,0.6589521054329958,0.0,1e-06,1.0,Utsuroi,1e-06,0.9803921568627451,3.0,0
2022-05-24,0.6053019444323794,2.0,0.48780487804878053,0.0,0.0,0,0.0,0.6589521054329958,0.0,1e-06,1.0,Utsuroi,1e-06,0.9803921568627451,3.0,0
2022-05-25,0.6245855593681682,2.0,0.48780487804878053,0.0,0.0,0,0.0,0.6589521054329958,0.0,1e-06,1.0,Utsuroi,1e-06,0.9803921568627451,3.0,0
2022-05-26,0.6027986506247377,2.0,0.48780487804878053,0.0,0.0,0,0.0,0.6589521054329958,0.0,1e-06,1.0,Utsuroi,1e-06,0.9803921568627451,3.0,0
2022-05-27,0.6196890066455284,2.0,0.48780487804878053,0.0,0.0,0,0.0,0.6589521054329958,0.0,1e-06,1.0,Utsuroi,1e-06,0.9803921568627451,3.0,0
2022-05-31,0.6026335982857723,2.0,0.48780487804878053,0.0,0.0,0,0.0,0.6589521054329958,0.0,1e-06,1.0,Utsuroi,1e-06,0.9803921568627451,3.0,0
2022-06-01,0.5711361102665451,2.0,0.48780487804878053,0.0,0.0,0,0.0,0.6589521054329958,0.0,1e-06,1.0,Utsuroi,1e-06,0.9803921568627451,3.0,0
2022-06-02,0.5943947356990835,2.0,0.48780487804878053,0.0,0.0,0,0.0,0.6589521054329958,0.0,1e-06,1.0,Utsuroi,1e-06,0.9803921568627451,3.0,0
2022-06-03,0.5918089157219592,2.0,0.48780487804878053,0.0,0.0,0,0.0,0.6589521054329958,0.0,1e-06,1.0,Utsuroi,1e-06,0.9803921568627451,3.0,0
2022-06-06,0.5648228583011191,1.0,0.9523809523809523,0.0,0.0,0,0.0,0.33751205400260365,0.0,1e-06,0.012023883662104495,Utsuroi,1e-06,0.9803921568627451,3.0,0
2022-06-07,0.5284975893671545,2.0,0.48780487804878053,0.0,0.0,0,0.0,0.6589521054329958,0.0,1e-06,0.0031713619521303027,Utsuroi,1e-06,0.9803921568627451,3.0,0
2022-06-08,0.5509309531048662,2.0,0.48780487804878053,0.0,0.0,0,0.0,0.6589521054329958,0.0,1e-06,1.0,Utsuroi,1e-06,0.9803921568627451,3.0,0
2022-06-09,0.5227345118649466,2.0,0.48780487804878053,0.0,0.0,0,0.0,0.6589521054329958,0.0,1e-06,1.0,Utsuroi,1e-06,0.9803921568627451,3.0,0
2022-06-10,0.5631723349114655,2.0,0.48780487804878053,0.0,0.0,0,0.0,0.6589521054329958,0.0,1e-06,1.0,Utsuroi,1e-06,0.9803921568627451,3.0,0
2022-06-13,0.6156177156177156,2.0,0.48780487804878053,0.0,0.0,0,0.0,0.6589521054329958,0.0,1e-06,1.0,Utsuroi,1e-06,0.9803921568627451,3.0,0
2022-06-14,0.6321917213221563,2.0,0.48780487804878053,0.0,0.0,0,0.0,0.6589521054329958,0.0,1e-06,1.0,Utsuroi,1e-06,0.9803921568627451,3.0,0
2022-06-15,0.6187674644196384,2.0,0.48780487804878053,0.0,0.0,0,0.0,0.6589521054329958,0.0,1e-06,1.0,Utsuroi,1e-06,0.9803921568627451,3.0,0
2022-06-16,0.6562893628111021,2.0,0.48780487804878053,3.4481950622182887e-10,0.9999999996541805,1,1.192453037699056e-19,0.6589521054329958,0.3333333333333333,1e-06,0.7271692523647787,Utsuroi,1e-06,0.9803921568627451,3.0,0
2022-06-17,0.6419023005979527,2.0,0.48780487804878053,0.0,0.0,0,0.0,0.6589521054329958,0.0,1e-06,1.0,Utsuroi,1e-06,0.9803921568627451,3.0,0
2022-06-21,0.6364693277736756,3.0,0.3278688524590164,0.0,0.0,0,0.0,0.9803921568627451,0.0,1e-06,0.0004603356777101997,Katashi,1e-06,0.9803921568627451,3.0,0
2022-06-22,0.6468676251284947,1.5,0.6451612903225806,0.0,0.0,0,0.0,0.49823207971788014,0.0,1e-06,0.0025332075784280095,Utsuroi,1e-06,0.9803921568627451,3.0,0
2022-06-23,0.647115203636943,3.0,0.3278688524590164,9.88958914710583e-11,0.9999999999001041,1,9.879291054072566e-21,0.9803921568627451,0.3333333333333333,1e-06,0.017002335106505062,Katashi,1e-06,0.9803921568627451,3.0,0
2022-06-24,0.6653534870926177,2.0,0.48780487804878053,3.895472833113257e-11,0.9999999999600453,1,1.556424725968951e-21,0.6589521054329958,0.3333333333333333,1e-06,0.03891798185895612,Utsuroi,1e-06,0.9803921568627451,3.0,0
2022-06-27,0.6727808423460597,2.5,0.3921568627450981,2.0024681910619873e-10,0.9999999997987532,1,4.029903095550771e-20,0.8196721311479507,0.3333333333333333,1e-06,0.025774574352528945,Utsuroi,1e-06,0.9803921568627451,3.0,0
2022-06-28,0.6906890211238038,3.0,0.3278688524590164,2.930866660431824e-11,0.9999999999696914,1,8.883059563827247e-22,0.9803921568627451,0.3333333333333333,1e-06,0.01804785961124189,Katashi,1e-06,0.9803921568627451,3.0,0
2022-06-29,0.7116919312571487,2.0,0.48780487804878053,0.0,0.0,0,0.0,0.6589521054329958,0.0,1e-06,0.13640325200583236,Utsuroi,1e-06,0.9803921568627451,3.0,0
2022-06-30,0.6839356295878035,1.5,0.6451612903225806,2.3706203663928723e-10,0.999999999761938,1,5.643546601470347e-20,0.49823207971788014,0.3333333333333333,1e-06,0.6574603316008941,Utsuroi,1e-06,0.9803921568627451,3.0,0
2022-07-01,0.6465237660889834,3.0,0.3278688524590164,0.35056011609777565,0.8880562024408826,2,0.0392430306687501,0.9803921568627451,0.6666666666666666,1e-06,0.0012637119507785677,Katashi,1e-06,0.9803921568627451,3.0,0
2022-07-05,0.6467575902358511,1.0,0.9523809523809523,0.9661559181278706,0.5851221352902748,3,0.40083670428955503,0.33751205400260365,1.0,1e-06,0.9604416424388609,Utsuroi,1e-06,0.9803921568627451,3.0,0
2022-07-06,0.6344749453445107,2.0,0.48780487804878053,0.5520049635324021,0.7591959549342653,2,0.13292502811496582,0.6589521054329958,0.6666666666666666,1e-06,0.6876293339680513,Utsuroi,1e-06,0.9803921568627451,3.0,0
2022-07-07,0.6477479042696435,2.0,0.48780487804878053,0.6915498668373125,0.5282529916378068,2,0.3262365808137752,0.6589521054329958,0.6666666666666666,1e-06,0.6174852834415344,Utsuroi,1e-06,0.9803921568627451,3.0,0
2022-07-08,0.6503749873315092,1.0,0.9523809523809523,0.6199798085168654,0.688897686152048,2,0.19287715296860702,0.33751205400260365,0.6666666666666666,1e-06,0.2934012850595217,Utsuroi,1e-06,0.9803921568627451,3.0,0
2022-07-11,0.6300597952771866,2.0,0.48780487804878053,1.6119217072084152e-11,0.9999999999828808,1,2.7594801950659865e-22,0.6589521054329958,0.3333333333333333,1e-06,0.3803904537571128,Utsuroi,1e-06,0.9803921568627451,3.0,0
2022-07-12,0.6170756779452432,3.0,0.3278688524590164,3.783340307630533e-11,0.9999999999611666,1,1.469198954499049e-21,0.9803921568627451,0.3333333333333333,1e-06,0.018147668532818573,Katashi,1e-06,0.9803921568627451,3.0,0
2022-07-13,0.6098546381155077,3.0,0.3278688524590164,9.048650717552425e-12,0.9999999999899514,1,9.092653035454812e-23,0.9803921568627451,0.3333333333333333,1e-06,1.0,Katashi,1e-06,0.9803921568627451,3.0,0
2022-07-14,0.5731304926957101,3.0,0.3278688524590164,9.56379420097319e-12,0.9999999999894362,1,1.0102974215249183e-22,0.9803921568627451,0.3333333333333333,1e-06,1.0,Katashi,1e-06,0.9803921568627451,3.0,0
2022-07-15,0.5183331161592031,3.0,0.3278688524590164,0.4395575609164521,0.8400677237422434,2,0.07029944126367571,0.9803921568627451,0.6666666666666666,1e-06,0.6437626066529765,Katashi,1e-06,0.9803921568627451,3.0,0
2022-07-18,0.5202724811420464,3.0,0.3278688524590164,0.5256335679806581,0.7810045694550151,2,0.11511134952882082,0.9803921568627451,0.6666666666666666,1e-06,0.8950829238133959,Katashi,1e-06,0.9803921568627451,3.0,0
2022-07-19,0.5289239745761487,2.0,0.48780487804878053,2.0775270392666587e-11,0.9999999999782248,1,4.523866707012734e-22,0.6589521054329958,0.3333333333333333,1e-06,0.07225413527775582,Utsuroi,1e-06,0.9803921568627451,3.0,0
2022-07-20,0.4850750698576786,2.0,0.48780487804878053,1.805466887087818e-11,0.9999999999809454,1,3.4402533751087275e-22,0.6589521054329958,0.3333333333333333,1e-06,1.0,Utsuroi,1e-06,0.9803921568627451,3.0,0
2022-07-21,0.4915121110773285,2.0,0.48780487804878053,1.7688850384271094e-11,0.9999999999813112,1,3.3058388699668155e-22,0.6589521054329958,0.3333333333333333,1e-06,1.0,Utsuroi,1e-06,0.9803921568627451,3.0,0
2022-07-22,0.4562046649003169,2.0,0.48780487804878053,0.6857583583685438,0.5607066963166493,2,0.3012490547761888,0.6589521054329958,0.6666666666666666,1e-06,0.45010358262779626,Utsuroi,1e-06,0.9803921568627451,3.0,0
2022-07-25,0.4605097800749975,2.0,0.48780487804878053,0.6388951827483353,0.663192476458765,2,0.21518470430389158,0.6589521054329958,0.6666666666666666,1e-06,0.7365722149983287,Utsuroi,1e-06,0.9803921568627451,3.0,0
2022-07-26,0.46693306693306696,1.0,0.9523809523809523,1.0504454683801097,0.4648023284085811,3,0.562195968810792,0.33751205400260365,1.0,1e-06,0.5824373045508897,Utsuroi,1e-06,0.9803921568627451,3.0,0
2022-07-27,0.4499601847427934,2.0,0.48780487804878053,1.0320078125339571e-11,0.9999999999886799,1,1.1682386234122803e-22,0.6589521054329958,0.3333333333333333,1e-06,0.7176141731394867,Utsuroi,1e-06,0.9803921568627451,3.0,0
2022-07-28,0.48305317870535264,3.0,0.3278688524590164,1.8448687022310062e-11,0.9999999999805513,1,3.5880233175625077e-22,0.9803921568627451,0.3333333333333333,1e-06,0.018147668532818573,Katashi,1e-06,0.9803921568627451,3.0,0
2022-07-29,0.44184511141032884,2.0,0.48780487804878053,1.5404233444237536e-11,0.9999999999835958,1,2.526943006827277e-22,0.6589521054329958,0.3333333333333333,1e-06,0.03891798185895612,Utsuroi,1e-06,0.9803921568627451,3.0,0
2022-08-01,0.41018257105213635,2.0,0.48780487804878053,1.7627788117917854e-11,0.9999999999813722,1,3.283663120941781e-22,0.6589521054329958,0.3333333333333333,1e-06,1.0,Utsuroi,1e-06,0.9803921568627451,3.0,0
2022-08-02,0.41231449709710577,2.0,0.48780487804878053,0.4564494563578261,0.8296444997148973,2,0.07775867549270062,0.6589521054329958,0.6666666666666666,1e-06,0.5076816977965639,Utsuroi,1e-06,0.9803921568627451,3.0,0
2022-08-03,0.4494100102795754,1.0,0.9523809523809523,5.951161785405932e-11,0.9999999999394884,1,3.601142961071224e-21,0.33751205400260365,0.3333333333333333,1e-06,0.028767386796126115,Utsuroi,1e-06,0.9803921568627451,3.0,0
2022-08-04,0.4320932690497908,1.5,0.6451612903225806,0.0,0.0,0,0.0,0.49823207971788014,0.0,1e-06,0.3516134103547376,Utsuroi,1e-06,0.9803921568627451,3.0,0
2022-08-05,0.4188890819325603,1.0,0.9523809523809523,0.8947223470752214,0.6417126002287494,3,0.32056774325081144,0.33751205400260365,1.0,1e-06,0.25588443766288904,Utsuroi,1e-06,0.9803921568627451,3.0,0
2022-08-08,0.3731833384007297,2.0,0.48780487804878053,0.45298476359784956,0.8318223999429832,2,0.07618189040428143,0.6589521054329958,0.6666666666666666,1e-06,0.6288500941058917,Utsuroi,1e-06,0.9803921568627451,3.0,0
2022-08-09,0.39675831414961854,1.0,0.9523809523809523,0.31472744635115546,0.9252020741682585,3,0.023540960189387127,0.33751205400260365,1.0,1e-06,0.9829221181613297,Utsuroi,1e-06,0.9803921568627451,3.0,0
2022-08-10,0.4346790890269152,2.0,0.48780487804878053,0.20764402863839937,0.9468651951932021,2,0.0110331249309985,0.6589521054329958,0.6666666666666666,1e-06,0.4987338371330656,Utsuroi,1e-06,0.9803921568627451,3.0,0
2022-08-11,0.431391796609188,1.0,0.9523809523809523,7.75390862624674e-12,0.9999999999912461,1,6.787683608092708e-23,0.33751205400260365,0.3333333333333333,1e-06,0.009763750927012538,Utsuroi,1e-06,0.9803921568627451,3.0,0
2022-08-12,0.45763511850468375,2.0,0.48780487804878053,9.073852780211163e-12,0.9999999999899262,1,9.140845632838127e-23,0.6589521054329958,0.3333333333333333,1e-06,0.0409889995224022,Utsuroi,1e-06,0.9803921568627451,3.0,0
2022-08-15,0.4674694870347045,1.0,0.9523809523809523,1.1748491068805107e-11,0.9999999999872515,1,1.4977527356671603e-22,0.33751205400260365,0.3333333333333333,1e-06,0.13467286345347418,Utsuroi,1e-06,0.9803921568627451,3.0,0
2022-08-16,0.4749656140960488,2.0,0.48780487804878053,6.618150472064503e-12,0.9999999999923819,1,5.041791973826838e-23,0.6589521054329958,0.3333333333333333,1e-06,0.0409889995224022,Utsuroi,1e-06,0.9803921568627451,3.0,0
2022-08-17,0.4944417900939641,2.0,0.48780487804878053,0.4081535057917607,0.8582355965940592,2,0.05786163824661214,0.6589521054329958,0.6666666666666666,1e-06,0.5075313159686967,Utsuroi,1e-06,0.9803921568627451,3.0,0
2022-08-18,0.457703890312586,2.0,0.48780487804878053,1.0768497204980495e-11,0.9999999999882315,1,1.2672879104171224e-22,0.6589521054329958,0.3333333333333333,1e-06,0.7385083422571881,Utsuroi,1e-06,0.9803921568627451,3.0,0
2022-08-19,0.5059129276520581,2.0,0.48780487804878053,1.2462253451327266e-11,0.9999999999865378,1,1.6776973885108574e-22,0.6589521054329958,0.3333333333333333,1e-06,1.0,Utsuroi,1e-06,0.9803921568627451,3.0,0
2022-08-22,0.5505045678958723,2.0,0.48780487804878053,1.6508905353720836e-11,0.9999999999824911,1,2.890524961289718e-22,0.6589521054329958,0.3333333333333333,1e-06,1.0,Utsuroi,1e-06,0.9803921568627451,3.0,0
2022-08-23,0.5471209949470821,1.0,0.9523809523809523,1.2738476939850249e-11,0.9999999999862615,1,1.7500698989112096e-22,0.33751205400260365,0.3333333333333333,1e-06,0.13467286345347418,Utsuroi,1e-06,0.9803921568627451,3.0,0
2022-08-24,0.5574230117708379,1.0,0.9523809523809523,2.3998469877682958e-11,0.9999999999750016,1,5.999244954677919e-22,0.33751205400260365,0.3333333333333333,1e-06,1.0,Utsuroi,1e-06,0.9803921568627451,3.0,0
2022-08-25,0.5903509533944317,0.5,1.8181818181818181,2.5038526807125264e-11,0.9999999999739615,1,6.519657975914491e-22,0.1767920282871665,0.3333333333333333,1e-06,0.395239339966015,Utsuroi,1e-06,0.9803921568627451,3.0,0
2022-08-26,0.6335534031186204,2.0,0.48780487804878053,9.742706640962486e-11,0.999999999901573,1,9.589458180812665e-21,0.6589521054329958,0.3333333333333333,1e-06,0.04572235741305053,Utsuroi,1e-06,0.9803921568627451,3.0,0
2022-08-29,0.6300460409156061,1.0,0.9523809523809523,0.0,0.0,0,0.0,0.33751205400260365,0.0,1e-06,0.14565328596653948,Utsuroi,1e-06,0.9803921568627451,3.0,0
2022-08-30,0.6488069901113378,1.0,0.9523809523809523,0.0,0.0,0,0.0,0.33751205400260365,0.0,1e-06,1.0,Utsuroi,1e-06,0.9803921568627451,3.0,0
2022-08-31,0.647885447885448,2.0,0.48780487804878053,0.0,0.0,0,0.0,0.6589521054329958,0.0,1e-06,0.0031713619521303027,Utsuroi,1e-06,0.9803921568627451,3.0,0
2022-09-01,0.651103968495273,2.0,0.48780487804878053,1.7296175601352476e-10,0.9999999998260383,1,3.008872697570109e-20,0.6589521054329958,0.3333333333333333,1e-06,0.7271692523647787,Utsuroi,1e-06,0.9803921568627451,3.0,0
2022-09-02,0.6232788950180255,2.0,0.48780487804878053,0.0,0.0,0,0.0,0.6589521054329958,0.0,1e-06,1.0,Utsuroi,1e-06,0.9803921568627451,3.0,0
2022-09-06,0.6038302277432713,1.0,0.9523809523809523,1.0005551942016275e-10,0.9999999998989445,1,1.0111160272969376e-20,0.33751205400260365,0.3333333333333333,1e-06,0.49406506545803974,Utsuroi,1e-06,0.9803921568627451,3.0,0
2022-09-07,0.6433602629254804,2.0,0.48780487804878053,3.740807663558786e-11,0.999999999961592,1,1.4367714467061736e-21,0.6589521054329958,0.3333333333333333,1e-06,0.0409889995224022,Utsuroi,1e-06,0.9803921568627451,3.0,0
2022-09-08,0.6724644920297095,1.5,0.6451612903225806,7.272749069370521e-11,0.9999999999262725,1,5.362013784637117e-21,0.49823207971788014,0.3333333333333333,1e-06,0.06682103219523672,Utsuroi,1e-06,0.9803921568627451,3.0,0
2022-09-09,0.6955580651232826,2.0,0.48780487804878053,4.0658698629257724e-11,0.9999999999583413,1,1.69378757344897e-21,0.6589521054329958,0.3333333333333333,1e-06,0.03982783604026041,Utsuroi,1e-06,0.9803921568627451,3.0,0
2022-09-12,0.6700024613068092,2.0,0.48780487804878053,6.84517997815749e-11,0.9999999999305482,1,4.754099179011893e-21,0.6589521054329958,0.3333333333333333,1e-06,1.0,Utsuroi,1e-06,0.9803921568627451,3.0,0
2022-09-13,0.7200683374596419,1.0,0.9523809523809523,3.903244394285322e-11,0.9999999999599676,1,1.5625632606612888e-21,0.33751205400260365,0.3333333333333333,1e-06,0.13467286345347418,Utsuroi,1e-06,0.9803921568627451,3.0,0
2022-09-14,0.6896161809205289,1.0,0.9523809523809523,2.2175927760502203e-11,0.9999999999768241,1,5.139472092357916e-22,0.33751205400260365,0.3333333333333333,1e-06,1.0,Utsuroi,1e-06,0.9803921568627451,3.0,0
2022-09-15,0.6929447364229974,2.0,0.48780487804878053,2.4868773706664485e-11,0.9999999999741312,1,6.433241292482081e-22,0.6589521054329958,0.3333333333333333,1e-06,0.0409889995224022,Utsuroi,1e-06,0.9803921568627451,3.0,0
2022-09-16,0.6884883232709321,1.0,0.9523809523809523,2.749633853897342e-11,0.9999999999715037,1,7.835443633336532e-22,0.33751205400260365,0.3333333333333333,1e-06,0.13467286345347418,Utsuroi,1e-06,0.9803921568627451,3.0,0
2022-09-19,0.6716942477812045,2.0,0.48780487804878053,0.0,0.0,0,0.0,0.6589521054329958,0.0,1e-06,0.13799811828712172,Utsuroi,1e-06,0.9803921568627451,3.0,0
2022-09-20,0.6829590699155917,2.0,0.48780487804878053,0.0,0.0,0,0.0,0.6589521054329958,0.0,1e-06,1.0,Utsuroi,1e-06,0.9803921568627451,3.0,0
2022-09-21,0.6736748758487889,1.0,0.9523809523809523,0.6522473873872338,0.6420195027143719,2,0.23349184409013365,0.33751205400260365,0.6666666666666666,1e-06,0.7251990259833281,Utsuroi,1e-06,0.9803921568627451,3.0,0
2022-09-22,0.6637854898724463,1.5,0.6451612903225806,0.6674878803949024,0.6127809182836422,2,0.25846404410331214,0.49823207971788014,0.6666666666666666,1e-06,0.21527172121740978,Utsuroi,1e-06,0.9803921568627451,3.0,0
2022-09-23,0.6782000608087566,1.0,0.9523809523809523,0.6187760842926,0.6904051849149229,2,0.1915698673956356,0.33751205400260365,0.6666666666666666,1e-06,0.29525220320666556,Utsuroi,1e-06,0.9803921568627451,3.0,0
2022-09-26,0.6632353154092285,1.0,0.9523809523809523,0.1442384635521905,0.967231306103998,2,0.004726506060171373,0.33751205400260365,0.6666666666666666,1e-06,0.9909972341440422,Utsuroi,1e-06,0.9803921568627451,3.0,0
2022-09-27,0.610446075663467,1.0,0.9523809523809523,2.1151858042611168e-11,0.9999999999778482,1,4.685524887870813e-22,0.33751205400260365,0.3333333333333333,1e-06,0.5175743178930321,Utsuroi,1e-06,0.9803921568627451,3.0,0
2022-09-28,0.5890855521290305,2.0,0.48780487804878053,3.383660018780199e-11,0.9999999999651634,1,1.1787513639536794e-21,0.6589521054329958,0.3333333333333333,1e-06,0.0409889995224022,Utsuroi,1e-06,0.9803921568627451,3.0,0
2022-09-29,0.6107349172566564,2.0,0.48780487804878053,6.30772767152005e-10,0.9999999993682273,1,3.9850504271985285e-19,0.6589521054329958,0.3333333333333333,1e-06,1.0,Utsuroi,1e-06,0.9803921568627451,3.0,0
2022-09-30,0.6010518467040208,2.0,0.48780487804878053,0.6642124631697927,0.6196965938329803,2,0.2526022621620583,0.6589521054329958,0.6666666666666666,1e-06,0.4715689120500005,Utsuroi,1e-06,0.9803921568627451,3.0,0
2022-10-03,0.6595766552288291,1.0,0.9523809523809523,1.2344458788416116e-11,0.9999999999866556,1,1.6472984848775056e-22,0.33751205400260365,0.3333333333333333,1e-06,0.17040380102832253,Utsuroi,1e-06,0.9803921568627451,3.0,0
2022-10-04,0.6981713938235677,2.0,0.48780487804878053,0.0,0.0,0,0.0,0.6589521054329958,0.0,1e-06,0.13799811828712172,Utsuroi,1e-06,0.9803921568627451,3.0,0
2022-10-05,0.7022701935745415,1.0,0.9523809523809523,2.5498569918901314e-10,0.9999999997440143,1,6.527268685773094e-20,0.33751205400260365,0.3333333333333333,1e-06,0.49406506545803974,Utsuroi,1e-06,0.9803921568627451,3.0,0
2022-10-06,0.704924785359568,1.5,0.6451612903225806,5.197942076621983e-11,0.9999999999470206,1,2.7538384541566693e-21,0.49823207971788014,0.3333333333333333,1e-06,0.06998640707927961,Utsuroi,1e-06,0.9803921568627451,3.0,0
2022-10-07,0.7099451273364317,1.0,0.9523809523809523,1.012087080757237e-10,0.9999999998977913,1,1.0344409060050663e-20,0.33751205400260365,0.3333333333333333,1e-06,0.13709102644810545,Utsuroi,1e-06,0.9803921568627451,3.0,0
2022-10-10,0.6833992094861661,2.0,0.48780487804878053,0.0,0.0,0,0.0,0.6589521054329958,0.0,1e-06,0.13799811828712172,Utsuroi,1e-06,0.9803921568627451,3.0,0
2022-10-11,0.6370195022368935,1.0,0.9523809523809523,5.670703904832791e-10,0.9999999994319296,1,3.221358857002671e-19,0.33751205400260365,0.3333333333333333,1e-06,0.49406506545803974,Utsuroi,1e-06,0.9803921568627451,3.0,0
2022-10-12,0.6002678480939351,2.0,0.48780487804878053,9.570455538708699e-11,0.9999999999032955,1,9.255064360525155e-21,0.6589521054329958,0.3333333333333333,1e-06,0.0409889995224022,Utsuroi,1e-06,0.9803921568627451,3.0,0
2022-10-13,0.6107899347029783,1.5,0.6451612903225806,3.986033725228271e-11,0.9999999999591397,1,1.6287059413720297e-21,0.49823207971788014,0.3333333333333333,1e-06,0.06682103219523672,Utsuroi,1e-06,0.9803921568627451,3.0,0
2022-10-14,0.6083279039800779,1.0,0.9523809523809523,4.055300539731781e-11,0.999999999958447,1,1.6850983550849597e-21,0.33751205400260365,0.3333333333333333,1e-06,0.13709102644810545,Utsuroi,1e-06,0.9803921568627451,3.0,0
2022-10-17,0.6473902908685518,1.0,0.9523809523809523,6.781641914462587e-11,0.9999999999311836,1,4.666881624688905e-21,0.33751205400260365,0.3333333333333333,1e-06,1.0,Utsuroi,1e-06,0.9803921568627451,3.0,0
2022-10-18,0.659824233737277,2.0,0.48780487804878053,3.8196334983041135e-11,0.9999999999608037,1,1.4971554961804234e-21,0.6589521054329958,0.3333333333333333,1e-06,0.0409889995224022,Utsuroi,1e-06,0.9803921568627451,3.0,0
2022-10-19,0.6492333753203319,1.0,0.9523809523809523,0.4055197671814576,0.8596933424219305,2,0.05689712311506723,0.33751205400260365,0.6666666666666666,1e-06,0.8167444526271392,Utsuroi,1e-06,0.9803921568627451,3.0,0
2022-10-20,0.636359292881032,1.0,0.9523809523809523,2.5477620013352987e-11,0.9999999999735224,1,6.745861779582963e-22,0.33751205400260365,0.3333333333333333,1e-06,0.5368641316012734,Utsuroi,1e-06,0.9803921568627451,3.0,0
2022-10-21,0.6621899839291143,2.5,0.3921568627450981,1.8644308319245193e-11,0.9999999999803557,1,3.6625412858173825e-22,0.8196721311479507,0.3333333333333333,1e-06,0.026770352306844547,Utsuroi,1e-06,0.9803921568627451,3.0,0
2022-10-24,0.6503199698851874,3.0,0.3278688524590164,1.6346146658313625e-11,0.9999999999826539,1,2.8354229563098082e-22,0.9803921568627451,0.3333333333333333,1e-06,0.01804785961124189,Katashi,1e-06,0.9803921568627451,3.0,0
2022-10-25,0.6477754129928043,2.5,0.3921568627450981,2.3843038654239313e-11,0.999999999975157,1,5.923330034801071e-22,0.8196721311479507,0.3333333333333333,1e-06,0.025527721722769292,Utsuroi,1e-06,0.9803921568627451,3.0,0
2022-10-26,0.6362079949036471,2.0,0.48780487804878053,2.8579028032556434e-11,0.999999999970421,1,8.453392391134313e-22,0.6589521054329958,0.3333333333333333,1e-06,0.03907848690652671,Utsuroi,1e-06,0.9803921568627451,3.0,0
2022-10-27,0.6360979600110035,2.0,0.48780487804878053,0.3858634393284892,0.8702750886606079,2,0.050056100456001174,0.6589521054329958,0.6666666666666666,1e-06,0.5073886702180559,Utsuroi,1e-06,0.9803921568627451,3.0,0
2022-10-28,0.6451345755693583,1.5,0.6451612903225806,1.0891386606416522,0.5408560809823896,4,0.5000713930005994,0.49823207971788014,1.3333333333333333,1e-06,0.3267116822656412,Utsuroi,1e-06,0.9803921568627451,3.0,0
2022-10-31,0.6201841636624246,1.0,0.9523809523809523,1.1788927784150198,0.44195365957420635,4,0.6578768007488978,0.33751205400260365,1.3333333333333333,1e-06,0.8162325879254285,Utsuroi,1e-06,0.9803921568627451,3.0,0
2022-11-01,0.617378273900013,2.0,0.48780487804878053,1.480045790295489,0.331530776506725,5,0.989365060173316,0.6589521054329958,1.6666666666666667,1e-06,0.05427838749308733,Utsuroi,1e-06,0.9803921568627451,3.0,0
2022-11-02,0.5873800112930548,1.0,0.9523809523809523,1.0367501676955035,0.4598632135850446,4,0.5599869038942153,0.33751205400260365,1.3333333333333333,1e-06,0.1389504565494687,Utsuroi,1e-06,0.9803921568627451,3.0,0
2022-11-03,0.5371215740780959,1.0,0.9523809523809523,0.6356695105209464,0.6678804648881461,2,0.21111826231899644,0.33751205400260365,0.6666666666666666,1e-06,0.23946028037878886,Utsuroi,1e-06,0.9803921568627451,3.0,0
2022-11-04,0.5362412949369472,1.0,0.9523809523809523,0.5620274575434063,0.7502798786577961,2,0.14034956489538977,0.33751205400260365,0.6666666666666666,1e-06,0.741729840100888,Utsuroi,1e-06,0.9803921568627451,3.0,0
2022-11-07,0.532431336779163,1.0,0.9523809523809523,0.9394797764324463,0.5805712099376534,3,0.3940448659171048,0.33751205400260365,1.0,1e-06,0.15219380129128912,Utsuroi,1e-06,0.9803921568627451,3.0,0
2022-11-08,0.47342512559903865,1.0,0.9523809523809523,0.6927221961151233,0.5145760803882682,2,0.33626392364024993,0.33751205400260365,0.6666666666666666,1e-06,0.24858909147551678,Utsuroi,1e-06,0.9803921568627451,3.0,0
2022-11-09,0.46176142697881845,2.0,0.48780487804878053,0.26968585065405526,0.9236809485986657,2,0.020582168298279416,0.6589521054329958,0.6666666666666666,1e-06,0.38735699421087255,Utsuroi,1e-06,0.9803921568627451,3.0,0
2022-11-10,0.5055965773357078,2.0,0.48780487804878053,1.7030821197587848e-11,0.9999999999819692,1,3.0707931511349536e-22,0.6589521054329958,0.3333333333333333,1e-06,0.7286859423231622,Utsuroi,1e-06,0.9803921568627451,3.0,0
2022-11-11,0.4891188521623304,2.5,0.3921568627450981,0.6927853557557844,0.5134495569302332,2,0.3370750217952229,0.8196721311479507,0.6666666666666666,1e-06,0.2136689045021214,Utsuroi,1e-06,0.9803921568627451,3.0,0
2022-11-14,0.4912645325688804,2.0,0.48780487804878053,1.8963497438818605e-11,0.9999999999800365,1,3.7857731304948486e-22,0.6589521054329958,0.3333333333333333,1e-06,0.49548244763175564,Utsuroi,1e-06,0.9803921568627451,3.0,0
2022-11-15,0.44434840521797053,1.0,0.9523809523809523,1.1251000131476793e-11,0.999999999987749,1,1.378357551993303e-22,0.33751205400260365,0.3333333333333333,1e-06,0.13467286345347418,Utsuroi,1e-06,0.9803921568627451,3.0,0
2022-11-16,0.46923004531700185,2.0,0.48780487804878053,4.543443399177494e-11,0.9999999999535656,1,2.1097212211058558e-21,0.6589521054329958,0.3333333333333333,1e-06,0.0409889995224022,Utsuroi,1e-06,0.9803921568627451,3.0,0
2022-11-17,0.4619539880409445,1.0,0.9523809523809523,0.0,0.0,0,0.0,0.33751205400260365,0.0,1e-06,0.14565328596653948,Utsuroi,1e-06,0.9803921568627451,3.0,0
2022-11-18,0.47210470688731565,0.5,1.8181818181818181,4.269007369732769e-11,0.99999999995631,1,1.865131521643457e-21,0.1767920282871665,0.3333333333333333,1e-06,0.8693697577660106,Utsuroi,1e-06,0.9803921568627451,3.0,0
2022-11-21,0.49118200639939774,2.0,0.48780487804878053,0.0,0.0,0,0.0,0.6589521054329958,0.0,1e-06,0.07456335338044506,Utsuroi,1e-06,0.9803921568627451,3.0,0
2022-11-22,0.4706742532829489,1.0,0.9523809523809523,6.67498278849413e-11,0.9999999999322502,1,4.522287874086377e-21,0.33751205400260365,0.3333333333333333,1e-06,0.49406506545803974,Utsuroi,1e-06,0.9803921568627451,3.0,0
2022-11-23,0.48442861486339756,1.5,0.6451612903225806,2.883179250482461e-10,0.9999999997106821,1,8.341553746315251e-20,0.49823207971788014,0.3333333333333333,1e-06,0.06998640707927961,Utsuroi,1e-06,0.9803921568627451,3.0,0
2022-11-25,0.4757221039829736,1.0,0.9523809523809523,0.0,0.0,0,0.0,0.33751205400260365,0.0,1e-06,0.35681705593497814,Utsuroi,1e-06,0.9803921568627451,3.0,0
2022-11-28,0.5014290057768318,1.0,0.9523809523809523,2.4088619987280265e-11,0.9999999999749114,1,6.0434970000473815e-22,0.33751205400260365,0.3333333333333333,1e-06,0.5174317239301822,Utsuroi,1e-06,0.9803921568627451,3.0,0
2022-11-29,0.5166138209616472,2.0,0.48780487804878053,2.8618996061441754e-11,0.999999999970381,1,8.476652985373785e-22,0.6589521054329958,0.3333333333333333,1e-06,0.0409889995224022,Utsuroi,1e-06,0.9803921568627451,3.0,0
2022-11-30,0.5168889081932561,1.0,0.9523809523809523,2.783073771398093e-11,0.9999999999711693,1,8.023800837661437e-22,0.33751205400260365,0.3333333333333333,1e-06,0.13467286345347418,Utsuroi,1e-06,0.9803921568627451,3.0,0
2022-12-01,0.5186219577523925,1.0,0.9523809523809523,8.759970526346935e-11,0.9999999999114003,1,7.761306129997787e-21,0.33751205400260365,0.3333333333333333,1e-06,1.0,Utsuroi,1e-06,0.9803921568627451,3.0,0
2022-12-02,0.5451541212410779,2.0,0.48780487804878053,0.3109902389104445,0.9063112222029897,2,0.0291362953903198,0.6589521054329958,0.6666666666666666,1e-06,0.003157800995942428,Utsuroi,1e-06,0.9803921568627451,3.0,0
2022-12-05,0.5673536608319217,1.0,0.9523809523809523,3.546962723466491e-11,0.9999999999635304,1,1.2935632987751512e-21,0.33751205400260365,0.3333333333333333,1e-06,0.012156456747150601,Utsuroi,1e-06,0.9803921568627451,3.0,0
2022-12-06,0.5725390551477509,2.0,0.48780487804878053,3.058164832431405e-11,0.9999999999684184,1,9.65818186052905e-22,0.6589521054329958,0.3333333333333333,1e-06,0.0409889995224022,Utsuroi,1e-06,0.9803921568627451,3.0,0
2022-12-07,0.5700082526169484,2.0,0.48780487804878053,5.653499890291251e-11,0.999999999942465,1,3.252739849297353e-21,0.6589521054329958,0.3333333333333333,1e-06,1.0,Utsuroi,1e-06,0.9803921568627451,3.0,0
2022-12-08,0.5582070103809235,2.0,0.48780487804878053,5.1523896259240156e-11,0.9999999999474761,1,2.7062346422660147e-21,0.6589521054329958,0.3333333333333333,1e-06,1.0,Utsuroi,1e-06,0.9803921568627451,3.0,0
2022-12-09,0.5569416091155222,3.0,0.3278688524590164,2.741185056680185e-11,0.9999999999715882,1,7.788207956772406e-22,0.9803921568627451,0.3333333333333333,1e-06,0.018147668532818573,Katashi,1e-06,0.9803921568627451,3.0,0
2022-12-12,0.5630072825725001,2.0,0.48780487804878053,2.360156514638931e-11,0.9999999999753985,1,5.806349204055598e-22,0.6589521054329958,0.3333333333333333,1e-06,0.03891798185895612,Utsuroi,1e-06,0.9803921568627451,3.0,0
2022-12-13,0.5087050630528892,2.0,0.48780487804878053,7.11338765642745e-11,0.9999999999278661,1,5.131160698207036e-21,0.6589521054329958,0.3333333333333333,1e-06,1.0,Utsuroi,1e-06,0.9803921568627451,3.0,0
2022-12-14,0.5132302480128568,2.0,0.48780487804878053,4.511124806932151e-11,0.9999999999538888,1,2.0801349525507177e-21,0.6589521054329958,0.3333333333333333,1e-06,1.0,Utsuroi,1e-06,0.9803921568627451,3.0,0
2022-12-15,0.5366401714227803,1.0,0.9523809523809523,4.824962651518226e-11,0.9999999999507504,1,2.3762750180635193e-21,0.33751205400260365,0.3333333333333333,1e-06,0.13467286345347418,Utsuroi,1e-06,0.9803921568627451,3.0,0
2022-12-16,0.5319086710391059,2.0,0.48780487804878053,0.5579561518204081,0.7539479640198906,2,0.13728624714303844,0.6589521054329958,0.6666666666666666,1e-06,0.01640328550868042,Utsuroi,1e-06,0.9803921568627451,3.0,0
2022-12-19,0.5083336952902171,2.0,0.48780487804878053,0.5519089227534457,0.7592795773380553,2,0.13285574915610804,0.6589521054329958,0.6666666666666666,1e-06,0.8337500911830812,Utsuroi,1e-06,0.9803921568627451,3.0,0
2022-12-20,0.5157748049052397,2.0,0.48780487804878053,1.0553772638002212,0.43489442508965837,3,0.5963995754071273,0.6589521054329958,1.0,1e-06,0.2816805959848794,Utsuroi,1e-06,0.9803921568627451,3.0,0
2022-12-21,0.538414484066658,2.0,0.48780487804878053,1.0382526886363213,0.5018468011119631,3,0.5172088980982884,0.6589521054329958,1.0,1e-06,0.5017132482842697,Utsuroi,1e-06,0.9803921568627451,3.0,0
2022-12-22,0.5645065079847688,0.0,20.0,6.114186934331893e-11,0.9999999999378582,1,3.7994687036935035e-21,0.016072002571568628,0.3333333333333333,1e-06,0.4902614935399161,Utsuroi,1e-06,0.9803921568627451,3.0,0
2022-12-23,0.559664972708451,1.5,0.6451612903225806,0.0,0.0,0,0.0,0.49823207971788014,0.0,1e-06,0.4876966326846417,Utsuroi,1e-06,0.9803921568627451,3.0,0
2022-12-27,0.5249352097178185,1.0,0.9523809523809523,8.839657890639058e-10,0.9999999991150342,1,7.822794628157386e-19,0.33751205400260365,0.3333333333333333,1e-06,0.8022083928092834,Utsuroi,1e-06,0.9803921568627451,3.0,0
2022-12-28,0.5437786850830328,1.0,0.9523809523809523,0.0,0.0,0,0.0,0.33751205400260365,0.0,1e-06,1.0,Utsuroi,1e-06,0.9803921568627451,3.0,0
2022-12-29,0.56485036702428,1.0,0.9523809523809523,2.3252511027455688e-11,0.9999999999757475,1,5.639312657306897e-22,0.33751205400260365,0.3333333333333333,1e-06,0.5174317239301822,Utsuroi,1e-06,0.9803921568627451,3.0,0
2022-12-30,0.5471760123934037,1.0,0.9523809523809523,0.8323724321389785,0.6910056376958376,3,0.2571983888683484,0.33751205400260365,1.0,1e-06,0.13757503445314367,Utsuroi,1e-06,0.9803921568627451,3.0,0
2023-01-03,0.4876196267500615,1.0,0.9523809523809523,1.0207063300867545,0.5640966161591557,4,0.44492934319258604,0.33751205400260365,1.3333333333333333,1e-06,0.09807738366472907,Utsuroi,1e-06,0.9803921568627451,3.0,0
2023-01-04,0.5220467937859242,1.0,0.9523809523809523,0.9333245362922331,0.4911750752038121,3,0.47489878698933247,0.33751205400260365,1.0,1e-06,0.39331240378369214,Utsuroi,1e-06,0.9803921568627451,3.0,0
2023-01-05,0.5361175056827232,1.0,0.9523809523809523,1.337268073962348e-10,0.9999999998652732,1,1.8016582866732498e-20,0.33751205400260365,0.3333333333333333,1e-06,0.6943196955799329,Utsuroi,1e-06,0.9803921568627451,3.0,0
2023-01-06,0.5805991110338936,1.0,0.9523809523809523,0.0,0.0,0,0.0,0.33751205400260365,0.0,1e-06,1.0,Utsuroi,1e-06,0.9803921568627451,3.0,0
2023-01-09,0.5966504509982773,1.0,0.9523809523809523,4.500111394528377e-11,0.9999999999539989,1,2.07010037480724e-21,0.33751205400260365,0.3333333333333333,1e-06,0.5174317239301822,Utsuroi,1e-06,0.9803921568627451,3.0,0
2023-01-10,0.5919602136993443,2.0,0.48780487804878053,5.1767479190830094e-11,0.9999999999472325,1,2.731638235850216e-21,0.6589521054329958,0.3333333333333333,1e-06,0.0409889995224022,Utsuroi,1e-06,0.9803921568627451,3.0,0
2023-01-11,0.5891680782985131,2.0,0.48780487804878053,0.6093303767306024,0.7018012455252023,2,0.1817015594047249,0.6589521054329958,0.6666666666666666,1e-06,0.495373092923898,Utsuroi,1e-06,0.9803921568627451,3.0,0
2023-01-12,0.5888517279821628,2.0,0.48780487804878053,0.0,0.0,0,0.0,0.6589521054329958,0.0,1e-06,1.0,Utsuroi,1e-06,0.9803921568627451,3.0,0
2023-01-13,0.5582620278272453,2.0,0.48780487804878053,3.911493351357956e-11,0.9999999999598851,1,1.5690920920271698e-21,0.6589521054329958,0.3333333333333333,1e-06,0.7271692523647787,Utsuroi,1e-06,0.9803921568627451,3.0,0
2023-01-17,0.5292540792540793,1.0,0.9523809523809523,1.546862637966474e-11,0.9999999999835314,1,2.5474668626279104e-22,0.33751205400260365,0.3333333333333333,1e-06,0.13467286345347418,Utsuroi,1e-06,0.9803921568627451,3.0,0
2023-01-18,0.5337517554908858,2.0,0.48780487804878053,0.0,0.0,0,0.0,0.6589521054329958,0.0,1e-06,0.13799811828712172,Utsuroi,1e-06,0.9803921568627451,3.0,0
2023-01-19,0.5202037093341441,1.0,0.9523809523809523,3.150679717070455e-11,0.9999999999674932,1,1.0241843681587025e-21,0.33751205400260365,0.3333333333333333,1e-06,0.49406506545803974,Utsuroi,1e-06,0.9803921568627451,3.0,0
2023-01-20,0.552210108731848,1.0,0.9523809523809523,4.827560573395721e-11,0.9999999999507244,1,2.3788086468335854e-21,0.33751205400260365,0.3333333333333333,1e-06,1.0,Utsuroi,1e-06,0.9803921568627451,3.0,0
2023-01-23,0.5625121255556038,2.0,0.48780487804878053,0.0,0.0,0,0.0,0.6589521054329958,0.0,1e-06,0.13799811828712172,Utsuroi,1e-06,0.9803921568627451,3.0,0
2023-01-24,0.5626359148098279,1.0,0.9523809523809523,0.0,0.0,0,0.0,0.33751205400260365,0.0,1e-06,0.012023883662104495,Utsuroi,1e-06,0.9803921568627451,3.0,0
2023-01-25,0.5472035211165647,1.0,0.9523809523809523,2.0024681910619873e-10,0.9999999997987532,1,4.029903095550771e-20,0.33751205400260365,0.3333333333333333,1e-06,0.5174317239301822,Utsuroi,1e-06,0.9803921568627451,3.0,0
2023-01-26,0.5309596200900549,1.0,0.9523809523809523,4.2773007357263554e-11,0.999999999956227,1,1.872302219570245e-21,0.33751205400260365,0.3333333333333333,1e-06,1.0,Utsuroi,1e-06,0.9803921568627451,3.0,0
2023-01-27,0.5164762773458426,1.0,0.9523809523809523,0.6360258289445163,0.6673695869795115,2,0.211561534173513,0.33751205400260365,0.6666666666666666,1e-06,0.26005191366092784,Utsuroi,1e-06,0.9803921568627451,3.0,0
2023-01-30,0.5405326557500472,1.0,0.9523809523809523,0.0,0.0,0,0.0,0.33751205400260365,0.0,1e-06,1.0,Utsuroi,1e-06,0.9803921568627451,3.0,0
2023-01-31,0.5373691525865439,1.0,0.9523809523809523,0.0,0.0,0,0.0,0.33751205400260365,0.0,1e-06,1.0,Utsuroi,1e-06,0.9803921568627451,3.0,0
2023-02-01,0.5232296688818429,1.0,0.9523809523809523,0.3503084039733371,0.8881777056832791,2,0.03917228945072725,0.33751205400260365,0.6666666666666666,1e-06,0.25778624829459795,Utsuroi,1e-06,0.9803921568627451,3.0,0
2023-02-02,0.5271634162938511,1.0,0.9523809523809523,0.8504085169682769,0.531262798957558,3,0.39861810798636416,0.33751205400260365,1.0,1e-06,0.20460375121576768,Utsuroi,1e-06,0.9803921568627451,3.0,0
2023-02-03,0.557945677510895,1.0,0.9523809523809523,0.5405418471803246,0.7689500929307582,2,0.1248921435580503,0.33751205400260365,0.6666666666666666,1e-06,0.39418049058382465,Utsuroi,1e-06,0.9803921568627451,3.0,0
2023-02-06,0.5597750076010946,1.0,0.9523809523809523,3.618050303730622e-11,0.9999999999628195,1,1.3452085027198584e-21,0.33751205400260365,0.3333333333333333,1e-06,0.5940091622959616,Utsuroi,1e-06,0.9803921568627451,3.0,0
2023-02-07,0.5350309111178678,1.0,0.9523809523809523,5.934053248597494e-11,0.9999999999396595,1,3.580638015598369e-21,0.33751205400260365,0.3333333333333333,1e-06,1.0,Utsuroi,1e-06,0.9803921568627451,3.0,0
2023-02-08,0.4987469052686444,2.0,0.48780487804878053,2.51687559679104e-11,0.9999999999738313,1,6.586344761725656e-22,0.6589521054329958,0.3333333333333333,1e-06,0.0409889995224022,Utsuroi,1e-06,0.9803921568627451,3.0,0
2023-02-09,0.5069857678553331,2.0,0.48780487804878053,0.0,0.0,0,0.0,0.6589521054329958,0.0,1e-06,1.0,Utsuroi,1e-06,0.9803921568627451,3.0,0
2023-02-10,0.49275000361956894,2.0,0.48780487804878053,0.0,0.0,0,0.0,0.6589521054329958,0.0,1e-06,1.0,Utsuroi,1e-06,0.9803921568627451,3.0,0
2023-02-13,0.5097916576177445,2.0,0.48780487804878053,0.0,0.0,0,0.0,0.6589521054329958,0.0,1e-06,1.0,Utsuroi,1e-06,0.9803921568627451,3.0,0
2023-02-14,0.5051151746803919,1.0,0.9523809523809523,3.7857494915938766e-11,0.9999999999611425,1,1.4710465787819227e-21,0.33751205400260365,0.3333333333333333,1e-06,0.49406506545803974,Utsuroi,1e-06,0.9803921568627451,3.0,0
2023-02-15,0.5013739883305102,2.0,0.48780487804878053,0.6846245020565245,0.5651860369901389,2,0.2976842929128502,0.6589521054329958,0.6666666666666666,1e-06,0.04483778813374972,Utsuroi,1e-06,0.9803921568627451,3.0,0
2023-02-16,0.5091452026234635,1.0,0.9523809523809523,0.0,0.0,0,0.0,0.33751205400260365,0.0,1e-06,0.44246903514153246,Utsuroi,1e-06,0.9803921568627451,3.0,0
2023-02-17,0.5041111062850194,1.0,0.9523809523809523,0.41626997752967965,0.8536813089285159,2,0.06090807824449882,0.33751205400260365,0.6666666666666666,1e-06,0.25543369936589644,Utsuroi,1e-06,0.9803921568627451,3.0,0
2023-02-21,0.5331328092197658,2.0,0.48780487804878053,2.2949309119437863e-11,0.9999999999760507,1,5.496195905073285e-22,0.6589521054329958,0.3333333333333333,1e-06,0.3161352942167174,Utsuroi,1e-06,0.9803921568627451,3.0,0
2023-02-22,0.5173015390406694,2.0,0.48780487804878053,1.560940265918488e-11,0.9999999999833906,1,2.592625087310612e-22,0.6589521054329958,0.3333333333333333,1e-06,1.0,Utsuroi,1e-06,0.9803921568627451,3.0,0
2023-02-23,0.5266957680001159,1.0,0.9523809523809523,1.1461609439245584e-11,0.9999999999875384,1,1.428298468274171e-22,0.33751205400260365,0.3333333333333333,1e-06,0.13467286345347418,Utsuroi,1e-06,0.9803921568627451,3.0,0
2023-02-24,0.5258017344973867,1.0,0.9523809523809523,1.8952617253177495e-11,0.9999999999800474,1,3.7815389873788737e-22,0.33751205400260365,0.3333333333333333,1e-06,1.0,Utsuroi,1e-06,0.9803921568627451,3.0,0
2023-02-27,0.5170814692553822,2.0,0.48780487804878053,2.1906920721641725e-11,0.9999999999770931,1,5.01819611612905e-22,0.6589521054329958,0.3333333333333333,1e-06,0.0409889995224022,Utsuroi,1e-06,0.9803921568627451,3.0,0
2023-02-28,0.4938641069075852,1.0,0.9523809523809523,1.598132737242806e-11,0.9999999999830187,1,2.713837984249913e-22,0.33751205400260365,0.3333333333333333,1e-06,0.13467286345347418,Utsuroi,1e-06,0.9803921568627451,3.0,0
2023-03-01,0.5068482242395286,1.0,0.9523809523809523,0.1574902420745291,0.9632450937612008,2,0.005788539080975103,0.33751205400260365,0.6666666666666666,1e-06,0.2595175857079425,Utsuroi,1e-06,0.9803921568627451,3.0,0
2023-03-02,0.4832594941290594,1.0,0.9523809523809523,0.598744696900653,0.797003813267343,3,0.12154289029723306,0.33751205400260365,1.0,1e-06,0.1864649738042432,Utsuroi,1e-06,0.9803921568627451,3.0,0
2023-03-03,0.45183077791773446,1.0,0.9523809523809523,0.5839556647278611,0.7939983251844533,3,0.12029584495196523,0.33751205400260365,1.0,1e-06,0.8261873632711261,Utsuroi,1e-06,0.9803921568627451,3.0,0
2023-03-06,0.4087521174477697,2.0,0.48780487804878053,0.46992457773262397,0.8209666250309513,2,0.08413218313237673,0.6589521054329958,0.6666666666666666,1e-06,0.512848393028786,Utsuroi,1e-06,0.9803921568627451,3.0,0
2023-03-07,0.38396675787980133,2.0,0.48780487804878053,0.4477612257688133,0.8350663241978677,2,0.07385090484771879,0.6589521054329958,0.6666666666666666,1e-06,0.9066908500058246,Utsuroi,1e-06,0.9803921568627451,3.0,0
2023-03-08,0.3932922150313454,2.0,0.48780487804878053,0.6765721286055486,0.5907834513979685,2,0.2768645113482924,0.6589521054329958,0.6666666666666666,1e-06,0.6685187828828576,Utsuroi,1e-06,0.9803921568627451,3.0,0
2023-03-09,0.42296037296037287,1.0,0.9523809523809523,0.6920484952889729,0.5234337667118533,2,0.3298069446525956,0.33751205400260365,0.6666666666666666,1e-06,0.52780562608751,Utsuroi,1e-06,0.9803921568627451,3.0,0
2023-03-10,0.4438394938394939,2.0,0.48780487804878053,1.0350418173235412,0.44672046076357547,3,0.5726674597792003,0.6589521054329958,1.0,1e-06,0.012903827759973452,Utsuroi,1e-06,0.9803921568627451,3.0,0
2023-03-13,0.44696173391825567,1.0,0.9523809523809523,0.9695046012109232,0.5786002372469243,3,0.40854900893829826,0.33751205400260365,1.0,1e-06,0.37980133170572483,Utsuroi,1e-06,0.9803921568627451,3.0,0
2023-03-14,0.48618917314569504,0.0,20.0,0.7190878131205967,0.6323901062656685,3,0.26434379456691537,0.016072002571568628,1.0,1e-06,0.3720930800706843,Utsuroi,1e-06,0.9803921568627451,3.0,0
2023-03-15,0.49752276708798465,1.0,0.9523809523809523,0.6445353135170416,0.768344437855001,3,0.1493101903750935,0.33751205400260365,1.0,1e-06,0.8680736806344515,Utsuroi,1e-06,0.9803921568627451,3.0,0
2023-03-16,0.5044824740476914,1.0,0.9523809523809523,0.07982602482038544,0.9845338144196505,2,0.0012346041140136675,0.33751205400260365,0.6666666666666666,1e-06,0.4095002554368583,Utsuroi,1e-06,0.9803921568627451,3.0,0
2023-03-17,0.503395879482836,1.0,0.9523809523809523,1.0831251861377111,0.415024659264801,3,0.6336015248197834,0.33751205400260365,1.0,1e-06,0.1650646560160547,Utsuroi,1e-06,0.9803921568627451,3.0,0
2023-03-20,0.5257742257742257,1.0,0.9523809523809523,0.6842204782627805,0.5667087269758497,2,0.2964667620556731,0.33751205400260365,0.6666666666666666,1e-06,0.2519283153104246,Utsuroi,1e-06,0.9803921568627451,3.0,0
2023-03-21,0.5108920065441807,2.0,0.48780487804878053,0.5384776409580894,0.7706599872001494,2,0.12349446906976158,0.6589521054329958,0.6666666666666666,1e-06,0.3100818113022814,Utsuroi,1e-06,0.9803921568627451,3.0,0
2023-03-22,0.5097779032561641,1.0,0.9523809523809523,0.6867717020431147,0.5563999913407734,2,0.30465193297323745,0.33751205400260365,0.6666666666666666,1e-06,0.7338841320552838,Utsuroi,1e-06,0.9803921568627451,3.0,0
2023-03-23,0.47290245985898166,1.0,0.9523809523809523,0.5504259375198934,0.7988551793989637,3,0.1107153264565962,0.33751205400260365,1.0,1e-06,0.5153886903539964,Utsuroi,1e-06,0.9803921568627451,3.0,0
2023-03-24,0.4641821946169772,1.0,0.9523809523809523,0.6816845993508123,0.5755602967468402,2,0.2893340090607079,0.33751205400260365,0.6666666666666666,1e-06,0.8490372174603694,Utsuroi,1e-06,0.9803921568627451,3.0,0
2023-03-27,0.4201682375595419,1.0,0.9523809523809523,0.6086043355399124,0.7026475331450143,2,0.18097000051143242,0.33751205400260365,0.6666666666666666,1e-06,0.6741046194485554,Utsuroi,1e-06,0.9803921568627451,3.0,0
2023-03-28,0.4214611475481041,2.0,0.48780487804878053,4.414113519044831e-11,0.9999999999548589,1,1.992579974658996e-21,0.6589521054329958,0.3333333333333333,1e-06,0.37288182351301513,Utsuroi,1e-06,0.9803921568627451,3.0,0
2023-03-29,0.44974011495750627,2.0,0.48780487804878053,3.714235585067625e-10,0.9999999996275765,1,1.3832687518156307e-19,0.6589521054329958,0.3333333333333333,1e-06,1.0,Utsuroi,1e-06,0.9803921568627451,3.0,0
2023-03-30,0.4624078819730995,2.0,0.48780487804878053,7.214973063173271e-11,0.9999999999268503,1,5.2777317649801715e-21,0.6589521054329958,0.3333333333333333,1e-06,1.0,Utsuroi,1e-06,0.9803921568627451,3.0,0
2023-03-31,0.481251357338314,1.0,0.9523809523809523,0.6885095387791531,0.5481168790463884,2,0.31112583918985537,0.33751205400260365,0.6666666666666666,1e-06,0.8161871926520938,Utsuroi,1e-06,0.9803921568627451,3.0,0
2023-04-03,0.4750068771807902,2.0,0.48780487804878053,0.0,0.0,0,0.0,0.6589521054329958,0.0,1e-06,0.44390437073786815,Utsuroi,1e-06,0.9803921568627451,3.0,0
2023-04-04,0.488830010569141,1.0,0.9523809523809523,1.0076957812059277,0.5099380840614003,3,0.4938333252210209,0.33751205400260365,1.0,1e-06,0.3345199476647174,Utsuroi,1e-06,0.9803921568627451,3.0,0
2023-04-05,0.4876333811116419,1.0,0.9523809523809523,0.6671696159856213,0.6134720858305839,2,0.25787968006413253,0.33751205400260365,0.6666666666666666,1e-06,0.23708719732217043,Utsuroi,1e-06,0.9803921568627451,3.0,0
2023-04-06,0.48627169931517766,0.5,1.8181818181818181,0.6464099089595371,0.7762101839474895,3,0.14465995462057485,0.1767920282871665,1.0,1e-06,0.6158119928667765,Utsuroi,1e-06,0.9803921568627451,3.0,0
2023-04-10,0.47712504886417934,1.0,0.9523809523809523,0.7023475670609596,0.7040202375118927,3,0.20788066608280284,0.33751205400260365,1.0,1e-06,0.4545696125256615,Utsuroi,1e-06,0.9803921568627451,3.0,0
2023-04-11,0.459175607001694,1.0,0.9523809523809523,0.9069851130247477,0.7116584500430871,4,0.26152149327740154,0.33751205400260365,1.3333333333333333,1e-06,0.0827547651135998,Utsuroi,1e-06,0.9803921568627451,3.0,0
2023-04-12,0.4186827665088535,1.0,0.9523809523809523,1.0879335131490002,0.603737664560677,4,0.43110707472313026,0.33751205400260365,1.3333333333333333,1e-06,0.5492834481047213,Utsuroi,1e-06,0.9803921568627451,3.0,0
2023-04-13,0.43073158725332644,1.0,0.9523809523809523,0.8861368627376929,0.6252403821085173,4,0.33208831207913503,0.33751205400260365,1.3333333333333333,1e-06,0.6375125076994905,Utsuroi,1e-06,0.9803921568627451,3.0,0
2023-04-14,0.3926870231218058,1.0,0.9523809523809523,0.5350935548537955,0.7734340291905262,2,0.12123399072934261,0.33751205400260365,0.6666666666666666,1e-06,0.25846955067048194,Utsuroi,1e-06,0.9803921568627451,3.0,0
2023-04-17,0.372729444468575,0.0,20.0,0.7348924913604375,0.7252371638525267,3,0.20192114518967635,0.016072002571568628,1.0,1e-06,0.1654106247646664,Utsuroi,1e-06,0.9803921568627451,3.0,0
2023-04-18,0.34057174709348625,1.0,0.9523809523809523,0.6109825105374467,0.6998604329528568,2,0.18338002618608584,0.33751205400260365,0.6666666666666666,1e-06,0.9731503379141427,Utsuroi,1e-06,0.9803921568627451,3.0,0
2023-04-19,0.32533191446234927,2.0,0.48780487804878053,0.8063780884083689,0.6305058916310396,3,0.2979519527847169,0.6589521054329958,1.0,1e-06,0.01692042775415692,Utsuroi,1e-06,0.9803921568627451,3.0,0
2023-04-20,0.283188550579855,1.0,0.9523809523809523,1.6261286346139525,0.2466811377549184,6,1.2249933728915308,0.33751205400260365,2.0,1e-06,0.141313322967494,Utsuroi,1e-06,0.9803921568627451,3.0,0
2023-04-21,0.2887315582967757,1.0,0.9523809523809523,1.2684343138964245,0.4214362580530132,4,0.7338701030618742,0.33751205400260365,1.3333333333333333,1e-06,0.06028855358938179,Utsuroi,1e-06,0.9803921568627451,3.0,0
2023-04-24,0.2743307417220461,0.0,20.0,1.0794118975477678,0.4211410437589412,3,0.6248272443686816,0.016072002571568628,1.0,1e-06,0.6179670187426014,Utsuroi,1e-06,0.9803921568627451,3.0,0
2023-04-25,0.32505682723074036,1.0,0.9523809523809523,0.8709820858862977,0.6978854107736032,4,0.26313639510108905,0.33751205400260365,1.3333333333333333,1e-06,0.816089072350541,Utsuroi,1e-06,0.9803921568627451,3.0,0
2023-04-26,0.3135856896726462,0.0,20.0,1.3294624700098279,0.3751593854076546,4,0.8307021468383984,0.016072002571568628,1.3333333333333333,1e-06,0.24166398882767914,Utsuroi,1e-06,0.9803921568627451,3.0,0
2023-04-27,0.36963471311297397,0.0,20.0,1.2671456801525178,0.46909465546886236,4,0.6727344138925151,0.016072002571568628,1.3333333333333333,1e-06,0.47352234322203957,Utsuroi,1e-06,0.9803921568627451,3.0,0
2023-04-28,0.3787125917560701,-1.0,0.9523809523809523,1.1047399978528911,0.6312102498640861,5,0.40741678777331775,0.33751205400260365,1.6666666666666667,1e-06,0.8202642868420602,Utsuroi,1e-06,0.9803921568627451,3.0,0
2023-05-01,0.34402409185017885,0.0,20.0,0.8497085503122852,0.6656381498881393,3,0.28411012293828275,0.016072002571568628,1.0,1e-06,0.6856524721165982,Utsuroi,1e-06,0.9803921568627451,3.0,0
2023-05-02,0.32999464303812126,0.0,20.0,0.5103774857138398,0.792684973211075,2,0.10580892212322889,0.016072002571568628,0.6666666666666666,1e-06,0.583245968140905,Utsuroi,1e-06,0.9803921568627451,3.0,0
2023-05-03,0.29365561974257626,0.0,20.0,0.7974122114694456,0.7019120665964624,3,0.23769895818767173,0.016072002571568628,1.0,1e-06,0.3752444217342896,Utsuroi,1e-06,0.9803921568627451,3.0,0
2023-05-04,0.29917111873633623,0.0,20.0,0.5523150780768512,0.758925711436783,2,0.13314896451011454,0.016072002571568628,0.6666666666666666,1e-06,0.5301020415904283,Utsuroi,1e-06,0.9803921568627451,3.0,0
2023-05-05,0.3281928216710826,2.0,0.48780487804878053,1.3684053889910056e-11,0.999999999985316,1,2.0093708203853077e-22,0.6589521054329958,0.3333333333333333,1e-06,0.4431275861349583,Utsuroi,1e-06,0.9803921568627451,3.0,0
2023-05-08,0.31698301698301706,1.0,0.9523809523809523,0.6430253657177807,0.7980076747652283,3,0.129886188806274,0.33751205400260365,1.0,1e-06,0.6543389098185257,Utsuroi,1e-06,0.9803921568627451,3.0,0
2023-05-09,0.3298295906991559,1.0,0.9523809523809523,0.7880076670329754,0.7265817663432981,4,0.21545566442809463,0.33751205400260365,1.3333333333333333,1e-06,0.09329662206275635,Utsuroi,1e-06,0.9803921568627451,3.0,0
2023-05-10,0.3412182020877673,2.0,0.48780487804878053,0.5523197917685911,0.7589216010925287,2,0.1331523710844799,0.6589521054329958,0.6666666666666666,1e-06,0.8396223555233535,Utsuroi,1e-06,0.9803921568627451,3.0,0
2023-05-11,0.34167209601992216,2.0,0.48780487804878053,0.6814952451483509,0.5761794222343044,2,0.28883170854334844,0.6589521054329958,0.6666666666666666,1e-06,0.6558566158319281,Utsuroi,1e-06,0.9803921568627451,3.0,0
2023-05-12,0.33673428021254115,0.0,20.0,0.6891153038548589,0.5448690043802467,2,0.31363773434027076,0.016072002571568628,0.6666666666666666,1e-06,0.3842752276065817,Utsuroi,1e-06,0.9803921568627451,3.0,0
2023-05-15,0.3540785301654867,0.5,1.8181818181818181,0.48323420596341615,0.8120517402561973,2,0.09082302805950239,0.1767920282871665,0.6666666666666666,1e-06,0.8879730390483201,Utsuroi,1e-06,0.9803921568627451,3.0,0
2023-05-16,0.3458259132172176,-0.5,1.8181818181818181,0.6928295545396945,0.5126014362979844,2,0.3376841297729544,0.1767920282871665,0.6666666666666666,1e-06,0.3872613076234166,Utsuroi,1e-06,0.9803921568627451,3.0,0
2023-05-17,0.40959113350417703,1.0,0.9523809523809523,1.137444830921465,0.5289863757715797,4,0.535752012172202,0.33751205400260365,1.3333333333333333,1e-06,0.013269150960006137,Utsuroi,1e-06,0.9803921568627451,3.0,0
2023-05-18,0.4152716848369023,0.5,1.8181818181818181,0.8476375491214991,0.535176516986316,3,0.3940018379158379,0.1767920282871665,1.0,1e-06,0.08221625240436192,Utsuroi,1e-06,0.9803921568627451,3.0,0
2023-05-19,0.4008846226237531,1.0,0.9523809523809523,0.7691392627985917,0.539172165071611,3,0.35444078123389217,0.33751205400260365,1.0,1e-06,0.6765822324500809,Utsuroi,1e-06,0.9803921568627451,3.0,0
2023-05-22,0.42743226729644934,2.0,0.48780487804878053,0.6697897810302625,0.6076451789803056,2,0.262795249656949,0.6589521054329958,0.6666666666666666,1e-06,0.6094615857583136,Utsuroi,1e-06,0.9803921568627451,3.0,0
2023-05-23,0.44543572431028156,1.0,0.9523809523809523,1.074795807902517e-11,0.9999999999882521,1,1.2626632318492342e-22,0.33751205400260365,0.3333333333333333,1e-06,0.18042042925290358,Utsuroi,1e-06,0.9803921568627451,3.0,0
2023-05-24,0.4661502862281961,2.0,0.48780487804878053,1.5170198430650366e-11,0.9999999999838298,1,2.4530478326704903e-22,0.6589521054329958,0.3333333333333333,1e-06,0.0409889995224022,Utsuroi,1e-06,0.9803921568627451,3.0,0
2023-05-25,0.4563943802996591,1.0,0.9523809523809523,1.2707945806673476e-11,0.9999999999862921,1,1.741995513115906e-22,0.33751205400260365,0.3333333333333333,1e-06,0.13467286345347418,Utsuroi,1e-06,0.9803921568627451,3.0,0
2023-05-26,0.4938830796131981,1.0,0.9523809523809523,2.8103297466518513e-11,0.9999999999708967,1,8.17898004276751e-22,0.33751205400260365,0.3333333333333333,1e-06,1.0,Utsuroi,1e-06,0.9803921568627451,3.0,0
2023-05-30,0.4596889752908113,2.0,0.48780487804878053,7.473688334833766e-12,0.9999999999915263,1,6.332954033048702e-23,0.6589521054329958,0.3333333333333333,1e-06,0.0409889995224022,Utsuroi,1e-06,0.9803921568627451,3.0,0
2023-05-31,0.4399844790273086,2.0,0.48780487804878053,0.6265836712051115,0.6803787044307744,2,0.2002694847730994,0.6589521054329958,0.6666666666666666,1e-06,0.4902279976369528,Utsuroi,1e-06,0.9803921568627451,3.0,0
2023-06-01,0.447790586198997,2.0,0.48780487804878053,0.6598226977353556,0.6283601005854784,2,0.24521644101778584,0.6589521054329958,0.6666666666666666,1e-06,0.7028702233307673,Utsuroi,1e-06,0.9803921568627451,3.0,0
2023-06-02,0.43097462629818,2.0,0.48780487804878053,0.6785860356261132,0.5851185375499213,2,0.28153276685876305,0.6589521054329958,0.6666666666666666,1e-06,0.6635576224243156,Utsuroi,1e-06,0.9803921568627451,3.0,0
2023-06-05,0.4422587921424413,1.0,0.9523809523809523,0.0,0.0,0,0.0,0.33751205400260365,0.0,1e-06,0.4349043207199784,Utsuroi,1e-06,0.9803921568627451,3.0,0
2023-06-06,0.4400507450977737,2.0,0.48780487804878053,0.6850490509222948,0.5635462273528504,2,0.29899224272338487,0.6589521054329958,0.6666666666666666,1e-06,0.06238399738525113,Utsuroi,1e-06,0.9803921568627451,3.0,0
2023-06-07,0.40170145222101344,2.0,0.48780487804878053,1.0140324396352811,0.5202518996545343,3,0.4864801366037042,0.6589521054329958,1.0,1e-06,0.259584449359163,Utsuroi,1e-06,0.9803921568627451,3.0,0
2023-06-08,0.41530302792107165,1.0,0.9523809523809523,3.5605851599781434e-11,0.9999999999633942,1,1.3033817321065938e-21,0.33751205400260365,0.3333333333333333,1e-06,0.3249744921238844,Utsuroi,1e-06,0.9803921568627451,3.0,0
2023-06-09,0.404492061820584,2.0,0.48780487804878053,1.0354809210250322,0.43705309259155195,3,0.5829207821714933,0.6589521054329958,1.0,1e-06,0.04492010740756891,Utsuroi,1e-06,0.9803921568627451,3.0,0
2023-06-12,0.3959289759433538,1.0,0.9523809523809523,1.0542897456003752,0.45936191244482166,4,0.5699891917904224,0.33751205400260365,1.3333333333333333,1e-06,0.9318269360716867,Utsuroi,1e-06,0.9803921568627451,3.0,0
2023-06-13,0.3735131007798326,1.0,0.9523809523809523,1.9892865132713337e-11,0.9999999999791072,1,4.1561850826097224e-22,0.33751205400260365,0.3333333333333333,1e-06,0.654901224962402,Utsuroi,1e-06,0.9803921568627451,3.0,0
2023-06-14,0.360222139821273,2.0,0.48780487804878053,0.0,0.0,0,0.0,0.6589521054329958,0.0,1e-06,0.13799811828712172,Utsuroi,1e-06,0.9803921568627451,3.0,0
2023-06-15,0.3426335787953633,1.0,0.9523809523809523,0.45058212061749703,0.8333203397457679,2,0.07510287478115583,0.33751205400260365,0.6666666666666666,1e-06,0.8541043578597503,Utsuroi,1e-06,0.9803921568627451,3.0,0
2023-06-16,0.37003701263106403,2.0,0.48780487804878053,0.4117234194246293,0.85624407915855,2,0.05918767929137811,0.6589521054329958,0.6666666666666666,1e-06,0.13989642687643056,Utsuroi,1e-06,0.9803921568627451,3.0,0
2023-06-20,0.3428078778212228,1.0,0.9523809523809523,0.689431588347746,0.5430754457865494,2,0.315018221166465,0.33751205400260365,0.6666666666666666,1e-06,0.8601423113966473,Utsuroi,1e-06,0.9803921568627451,3.0,0
2023-06-21,0.3433489121702286,2.0,0.48780487804878053,1.3546008758204457e-10,0.9999999998635399,1,1.8484892419968244e-20,0.6589521054329958,0.3333333333333333,1e-06,0.4630768216580996,Utsuroi,1e-06,0.9803921568627451,3.0,0
2023-06-22,0.3443188452353939,2.0,0.48780487804878053,0.0,0.0,0,0.0,0.6589521054329958,0.0,1e-06,1.0,Utsuroi,1e-06,0.9803921568627451,3.0,0
2023-06-23,0.37010236140670927,2.0,0.48780487804878053,0.0,0.0,0,0.0,0.6589521054329958,0.0,1e-06,1.0,Utsuroi,1e-06,0.9803921568627451,3.0,0
2023-06-26,0.36231739275217545,1.5,0.6451612903225806,2.473643512213258e-11,0.9999999999742636,1,6.366271104692922e-22,0.49823207971788014,0.3333333333333333,1e-06,0.6574603316008941,Utsuroi,1e-06,0.9803921568627451,3.0,0
2023-06-27,0.36795668100015927,1.0,0.9523809523809523,1.2180589869983616e-11,0.9999999999868194,1,1.6054708999618305e-22,0.33751205400260365,0.3333333333333333,1e-06,0.13709102644810545,Utsuroi,1e-06,0.9803921568627451,3.0,0
2023-06-28,0.3383022774327123,1.0,0.9523809523809523,0.6858871928446202,0.5601764135411718,2,0.3016693650630988,0.33751205400260365,0.6666666666666666,1e-06,0.23341050043440736,Utsuroi,1e-06,0.9803921568627451,3.0,0
2023-06-29,0.2836424445120097,1.0,0.9523809523809523,0.6622937881526689,0.6235612234833735,2,0.2493130633067525,0.33751205400260365,0.6666666666666666,1e-06,0.5710199503178452,Utsuroi,1e-06,0.9803921568627451,3.0,0
2023-06-30,0.3130630239325891,1.0,0.9523809523809523,3.99102972883888e-11,0.9999999999590897,1,1.6327412440849149e-21,0.33751205400260365,0.3333333333333333,1e-06,0.7032824404215412,Utsuroi,1e-06,0.9803921568627451,3.0,0
2023-07-03,0.3189636450506016,1.0,0.9523809523809523,2.8912205962236533e-11,0.9999999999700878,1,8.648272199902139e-22,0.33751205400260365,0.3333333333333333,1e-06,1.0,Utsuroi,1e-06,0.9803921568627451,3.0,0
2023-07-05,0.30344872518785565,1.0,0.9523809523809523,1.0411635061339393,0.4651394007819191,3,0.5568773367747967,0.33751205400260365,1.0,1e-06,0.10193238291608109,Utsuroi,1e-06,0.9803921568627451,3.0,0
2023-07-06,0.3407643081556125,1.0,0.9523809523809523,0.8843138801310851,0.6055176443860889,3,0.3488462225361883,0.33751205400260365,1.0,1e-06,0.5443813390894128,Utsuroi,1e-06,0.9803921568627451,3.0,0
2023-07-07,0.33000839739970184,1.0,0.9523809523809523,1.0636169509189095,0.450131016099692,3,0.5848499720609245,0.33751205400260365,1.0,1e-06,0.348791177315495,Utsuroi,1e-06,0.9803921568627451,3.0,0
2023-07-10,0.34893439893439887,2.0,0.48780487804878053,0.6698629417604383,0.6074777912787276,2,0.2629360814403363,0.6589521054329958,0.6666666666666666,1e-06,0.8362598602776183,Utsuroi,1e-06,0.9803921568627451,3.0,0
2023-07-11,0.3496908888213236,1.0,0.9523809523809523,1.5931256314018312e-11,0.9999999999830688,1,2.697358316324488e-22,0.33751205400260365,0.3333333333333333,1e-06,0.18055901759004245,Utsuroi,1e-06,0.9803921568627451,3.0,0
2023-07-12,0.34933327542023196,2.0,0.48780487804878053,0.6087030611338218,0.7025326908585586,2,0.18106926166163625,0.6589521054329958,0.6666666666666666,1e-06,0.02447901266040009,Utsuroi,1e-06,0.9803921568627451,3.0,0
2023-07-13,0.3716153411805586,0.0,20.0,0.0,0.0,0,0.0,0.016072002571568628,0.0,1e-06,0.3320206930793598,Utsuroi,1e-06,0.9803921568627451,3.0,0
2023-07-14,0.37384354775659123,0.0,20.0,0.903908694709989,0.5162177335565412,3,0.43729499698474694,0.016072002571568628,1.0,1e-06,0.30720779275115895,Utsuroi,1e-06,0.9803921568627451,3.0,0
2023-07-17,0.36951092385875,1.0,0.9523809523809523,1.6715628880902398e-11,0.9999999999822844,1,2.9612750798911167e-22,0.33751205400260365,0.3333333333333333,1e-06,0.9607043772310186,Utsuroi,1e-06,0.9803921568627451,3.0,0
2023-07-18,0.359456485543442,2.0,0.48780487804878053,3.135014470193502e-11,0.9999999999676499,1,1.0141810240314612e-21,0.6589521054329958,0.3333333333333333,1e-06,0.0409889995224022,Utsuroi,1e-06,0.9803921568627451,3.0,0
2023-07-19,0.3428412167542603,1.0,0.9523809523809523,2.3296475859229778e-11,0.9999999999757035,1,5.660217479676513e-22,0.33751205400260365,0.3333333333333333,1e-06,0.13467286345347418,Utsuroi,1e-06,0.9803921568627451,3.0,0
2023-07-20,0.3320577972751886,1.0,0.9523809523809523,7.389555633782655e-11,0.9999999999251045,1,5.534447168325124e-21,0.33751205400260365,0.3333333333333333,1e-06,1.0,Utsuroi,1e-06,0.9803921568627451,3.0,0
2023-07-21,0.3136544614805485,1.0,0.9523809523809523,0.6881250032428647,0.5500687740107373,2,0.3096089263429275,0.33751205400260365,0.6666666666666666,1e-06,0.23060866195296725,Utsuroi,1e-06,0.9803921568627451,3.0,0
2023-07-24,0.27728792946184255,1.5,0.6451612903225806,8.701657168799325e-10,0.9999999991288343,1,7.580585216306812e-19,0.49823207971788014,0.3333333333333333,1e-06,0.7822050063663037,Utsuroi,1e-06,0.9803921568627451,3.0,0
2023-07-25,0.27620133489698706,1.0,0.9523809523809523,0.5237567424195397,0.7824756232167088,2,0.11392985898085714,0.33751205400260365,0.6666666666666666,1e-06,0.798977452110686,Utsuroi,1e-06,0.9803921568627451,3.0,0
2023-07-26,0.2725976921629095,2.0,0.48780487804878053,0.6496854699098804,0.6463357854502675,2,0.22977050142005173,0.6589521054329958,0.6666666666666666,1e-06,0.1218187648419694,Utsuroi,1e-06,0.9803921568627451,3.0,0
2023-07-27,0.2697642936773372,1.0,0.9523809523809523,0.8650430923942257,0.633644042143071,3,0.31691369070160647,0.33751205400260365,1.0,1e-06,0.9184906847079792,Utsuroi,1e-06,0.9803921568627451,3.0,0
2023-07-28,0.2313208530599835,0.0,20.0,1.2317598314012372,0.39278023075759544,4,0.7479489205855225,0.016072002571568628,1.3333333333333333,1e-06,0.16805127126770936,Utsuroi,1e-06,0.9803921568627451,3.0,0
2023-07-31,0.2269744748005617,0.0,20.0,1.226322542583103,0.3972717002672684,4,0.7391393010150341,0.016072002571568628,1.3333333333333333,1e-06,0.43747906396562364,Utsuroi,1e-06,0.9803921568627451,3.0,0
2023-08-01,0.23389291867552736,0.0,20.0,1.234784552803697,0.41798342215688317,4,0.718665079796351,0.016072002571568628,1.3333333333333333,1e-06,0.44827115254013894,Utsuroi,1e-06,0.9803921568627451,3.0,0
2023-08-02,0.24434623347666828,1.0,0.9523809523809523,1.077546632480325,0.42138098465304247,4,0.6234889714761954,0.33751205400260365,1.3333333333333333,1e-06,0.962402907356645,Utsuroi,1e-06,0.9803921568627451,3.0,0
2023-08-03,0.23795045534175968,0.0,20.0,0.8641667755503621,0.5135411412982501,4,0.42038158336220044,0.016072002571568628,1.3333333333333333,1e-06,0.522425810415698,Utsuroi,1e-06,0.9803921568627451,3.0,0
2023-08-04,0.2377578942796334,0.5,1.8181818181818181,0.3724648721571121,0.8772010420021051,2,0.04573829819171249,0.1767920282871665,0.6666666666666666,1e-06,0.525924211799869,Utsuroi,1e-06,0.9803921568627451,3.0,0
2023-08-07,0.22901012031446813,1.0,0.9523809523809523,0.9750410928899015,0.5570917490507755,3,0.43185374505548657,0.33751205400260365,1.0,1e-06,0.0995654453810757,Utsuroi,1e-06,0.9803921568627451,3.0,0
2023-08-08,0.2310732745515355,2.0,0.48780487804878053,0.890518287831191,0.6472546650937229,3,0.31412617168117796,0.6589521054329958,1.0,1e-06,0.4331393407894659,Utsuroi,1e-06,0.9803921568627451,3.0,0
2023-08-09,0.22614921310573485,0.0,20.0,0.43188331327622986,0.8848311585292838,3,0.04973950084055776,0.016072002571568628,1.0,1e-06,0.45678876013870884,Utsuroi,1e-06,0.9803921568627451,3.0,0
2023-08-10,0.22645180906050472,1.0,0.9523809523809523,1.0529768682492047,0.4311313921233624,3,0.5990054851672267,0.33751205400260365,1.0,1e-06,0.5211337963628618,Utsuroi,1e-06,0.9803921568627451,3.0,0
2023-08-11,0.23543340717253755,0.0,20.0,1.0866333558797294,0.40745439974779146,3,0.643879814113826,0.016072002571568628,1.0,1e-06,0.3787279404044589,Utsuroi,1e-06,0.9803921568627451,3.0,0
2023-08-14,0.22980787328613417,0.0,20.0,1.2438494678600606e-11,0.9999999999865615,1,1.6715436938839514e-22,0.016072002571568628,0.3333333333333333,1e-06,0.8717197839694524,Utsuroi,1e-06,0.9803921568627451,3.0,0
2023-08-15,0.2546620046620047,1.0,0.9523809523809523,0.5024825349895623,0.837275816568221,3,0.08176606019490683,0.33751205400260365,1.0,1e-06,0.46846191448104846,Utsuroi,1e-06,0.9803921568627451,3.0,0
2023-08-16,0.27518351214003384,1.0,0.9523809523809523,1.0319748160848659,0.6052807644684064,4,0.40734031049287517,0.33751205400260365,1.3333333333333333,1e-06,0.20896704740841632,Utsuroi,1e-06,0.9803921568627451,3.0,0
2023-08-17,0.2936281110194154,2.0,0.48780487804878053,0.6603644251045444,0.6828129860364014,3,0.2094590201266989,0.6589521054329958,1.0,1e-06,0.8160456960206639,Utsuroi,1e-06,0.9803921568627451,3.0,0
2023-08-18,0.304163951990039,1.0,0.9523809523809523,0.6178144438656703,0.6916000493817848,2,0.19053394397939283,0.33751205400260365,0.6666666666666666,1e-06,0.09511182391398076,Utsuroi,1e-06,0.9803921568627451,3.0,0
2023-08-21,0.3145622493448581,2.0,0.48780487804878053,1.2942109131259851,0.38518524503958723,5,0.7956999654206447,0.6589521054329958,1.6666666666666667,1e-06,0.013476603922630725,Utsuroi,1e-06,0.9803921568627451,3.0,0
2023-08-22,0.31768448942361993,1.0,0.9523809523809523,0.5787892692046575,0.7344432076553372,2,0.15370142177350035,0.33751205400260365,0.6666666666666666,1e-06,0.1307488326857147,Utsuroi,1e-06,0.9803921568627451,3.0,0
2023-08-23,0.36631991197208597,2.0,0.48780487804878053,0.46550050793389863,0.8238529472987571,2,0.08199654250348777,0.6589521054329958,0.6666666666666666,1e-06,0.17839930757341194,Utsuroi,1e-06,0.9803921568627451,3.0,0
2023-08-24,0.376319332841072,1.5,0.6451612903225806,0.6637666776554787,0.6206060064180134,2,0.2518290906423592,0.49823207971788014,0.6666666666666666,1e-06,0.7365476237554693,Utsuroi,1e-06,0.9803921568627451,3.0,0
2023-08-25,0.36475191475191476,1.0,0.9523809523809523,0.0,0.0,0,0.0,0.33751205400260365,0.0,1e-06,0.6649224328769767,Utsuroi,1e-06,0.9803921568627451,3.0,0
2023-08-28,0.40235633931286113,2.0,0.48780487804878053,0.0,0.0,0,0.0,0.6589521054329958,0.0,1e-06,0.0031713619521303027,Utsuroi,1e-06,0.9803921568627451,3.0,0
2023-08-29,0.4278019082366909,1.0,0.9523809523809523,0.0,0.0,0,0.0,0.33751205400260365,0.0,1e-06,0.012023883662104495,Utsuroi,1e-06,0.9803921568627451,3.0,0
2023-08-30,0.4248584748584749,2.0,0.48780487804878053,5.349887198476058e-10,0.9999999994640113,1,2.8674790732600353e-19,0.6589521054329958,0.3333333333333333,1e-06,0.03368171943802223,Utsuroi,1e-06,0.9803921568627451,3.0,0
2023-08-31,0.4077342946908165,1.5,0.6451612903225806,4.659839181073723e-11,0.9999999999524016,1,2.2180074803739017e-21,0.49823207971788014,0.3333333333333333,1e-06,0.06682103219523672,Utsuroi,1e-06,0.9803921568627451,3.0,0
2023-09-01,0.37850627633236333,2.0,0.48780487804878053,0.0,0.0,0,0.0,0.6589521054329958,0.0,1e-06,0.34911588942835603,Utsuroi,1e-06,0.9803921568627451,3.0,0
2023-09-05,0.3758791932704976,1.0,0.9523809523809523,0.0,0.0,0,0.0,0.33751205400260365,0.0,1e-06,0.012023883662104495,Utsuroi,1e-06,0.9803921568627451,3.0,0
2023-09-06,0.3782174347391739,2.0,0.48780487804878053,0.6493358110516418,0.6469144634594859,2,0.22927108324013884,0.6589521054329958,0.6666666666666666,1e-06,0.06234329929091009,Utsuroi,1e-06,0.9803921568627451,3.0,0
2023-09-07,0.33908627604279784,0.0,20.0,0.6326876704880551,0.6720913512144702,2,0.2074637591330027,0.016072002571568628,0.6666666666666666,1e-06,0.3765473552915374,Utsuroi,1e-06,0.9803921568627451,3.0,0
2023-09-08,0.3320440429136082,1.0,0.9523809523809523,0.44217631285264974,0.8384833393965044,2,0.07141884144992651,0.33751205400260365,0.6666666666666666,1e-06,0.8095331966523109,Utsuroi,1e-06,0.9803921568627451,3.0,0
2023-09-11,0.33454733672124976,1.0,0.9523809523809523,0.8417331452699593,0.4914486262112423,3,0.42806454739056976,0.33751205400260365,1.0,1e-06,0.1862539995580268,Utsuroi,1e-06,0.9803921568627451,3.0,0
2023-09-12,0.35615543876413447,2.0,0.48780487804878053,1.3195815964730122,0.38348144967453474,4,0.8135465328937046,0.6589521054329958,1.3333333333333333,1e-06,0.03661982934265351,Utsuroi,1e-06,0.9803921568627451,3.0,0
2023-09-13,0.34530324747716057,2.0,0.48780487804878053,1.6174284134104617e-11,0.9999999999828257,1,2.777813935842434e-22,0.6589521054329958,0.3333333333333333,1e-06,0.8410517195023154,Utsuroi,1e-06,0.9803921568627451,3.0,0
2023-09-14,0.3351937917155309,2.0,0.48780487804878053,1.3080314609127578e-11,0.9999999999859197,1,1.8417465552511515e-22,0.6589521054329958,0.3333333333333333,1e-06,1.0,Utsuroi,1e-06,0.9803921568627451,3.0,0
2023-09-15,0.3519603584820976,1.0,0.9523809523809523,1.3628986827889456e-11,0.999999999985371,1,1.9937796728749314e-22,0.33751205400260365,0.3333333333333333,1e-06,0.13467286345347418,Utsuroi,1e-06,0.9803921568627451,3.0,0
2023-09-18,0.31943129334433684,2.0,0.48780487804878053,1.3677503574064865e-11,0.9999999999853225,1,2.007513050241824e-22,0.6589521054329958,0.3333333333333333,1e-06,0.0409889995224022,Utsuroi,1e-06,0.9803921568627451,3.0,0
2023-09-19,0.32365388234953457,1.5,0.6451612903225806,0.5381360918201674,0.7709415986006939,2,0.12326459292759775,0.49823207971788014,0.6666666666666666,1e-06,0.976930286021787,Utsuroi,1e-06,0.9803921568627451,3.0,0
2023-09-20,0.3503923612619266,2.0,0.48780487804878053,0.6566045942958252,0.6343414469674257,2,0.24009308586475195,0.6589521054329958,0.6666666666666666,1e-06,0.152326872874884,Utsuroi,1e-06,0.9803921568627451,3.0,0
2023-09-21,0.35026857200770245,1.5,0.6451612903225806,0.4404075833373192,0.8395546805858682,2,0.07066133538096203,0.49823207971788014,0.6666666666666666,1e-06,0.366016989965224,Utsuroi,1e-06,0.9803921568627451,3.0,0
2023-09-22,0.34579840449405674,1.0,0.9523809523809523,0.8430901099835946,0.6811347845983994,3,0.26883210952287806,0.33751205400260365,1.0,1e-06,0.5436747941641337,Utsuroi,1e-06,0.9803921568627451,3.0,0
2023-09-25,0.2940407418668289,1.0,0.9523809523809523,0.47328709247224016,0.818747708855775,2,0.08578436987958223,0.33751205400260365,0.6666666666666666,1e-06,0.35738478225984127,Utsuroi,1e-06,0.9803921568627451,3.0,0
2023-09-26,0.33212656908309085,0.0,20.0,1.1521588376475247,0.4391489265143192,4,0.6461895209206285,0.016072002571568628,1.3333333333333333,1e-06,0.0892076921466669,Utsuroi,1e-06,0.9803921568627451,3.0,0
2023-09-27,0.3421397443136574,1.0,0.9523809523809523,6.819744768665092e-11,0.9999999999308026,1,4.71908781017853e-21,0.33751205400260365,0.3333333333333333,1e-06,0.9533848603755994,Utsuroi,1e-06,0.9803921568627451,3.0,0
2023-09-28,0.35999290564507946,1.0,0.9523809523809523,0.3125891782527227,0.9056053688865339,2,0.02950674017122727,0.33751205400260365,0.6666666666666666,1e-06,0.26059158172612673,Utsuroi,1e-06,0.9803921568627451,3.0,0
2023-09-29,0.3288530310269441,0.0,20.0,0.5692492415128649,0.7436078957824851,2,0.14595101085570777,0.016072002571568628,0.6666666666666666,1e-06,0.19605146701847465,Utsuroi,1e-06,0.9803921568627451,3.0,0
2023-10-02,0.30580072101811234,0.0,20.0,0.8886672583429156,0.6359684573440731,3,0.32350291296238465,0.016072002571568628,1.0,1e-06,0.3577643298711304,Utsuroi,1e-06,0.9803921568627451,3.0,0
2023-10-03,0.36473816039033424,0.0,20.0,1.0245361793167214,0.5195162719632949,3,0.4922729629465805,0.016072002571568628,1.0,1e-06,0.5425508633446883,Utsuroi,1e-06,0.9803921568627451,3.0,0
2023-10-04,0.3981337503076634,1.0,0.9523809523809523,3.456179786746161e-11,0.9999999999644382,1,1.2290789051541532e-21,0.33751205400260365,0.3333333333333333,1e-06,0.9616945055157324,Utsuroi,1e-06,0.9803921568627451,3.0,0
2023-10-05,0.400114378375248,0.0,20.0,0.6748769768428191,0.5952855259340039,2,0.273132480742191,0.016072002571568628,0.6666666666666666,1e-06,0.10428375876840112,Utsuroi,1e-06,0.9803921568627451,3.0,0
2023-10-06,0.41796753970667017,2.0,0.48780487804878053,0.0,0.0,0,0.0,0.6589521054329958,0.0,1e-06,0.413154999964097,Utsuroi,1e-06,0.9803921568627451,3.0,0
2023-10-09,0.43195572543398636,1.0,0.9523809523809523,0.0,0.0,0,0.0,0.33751205400260365,0.0,1e-06,0.012023883662104495,Utsuroi,1e-06,0.9803921568627451,3.0,0
2023-10-10,0.467428223949963,2.0,0.48780487804878053,0.0,0.0,0,0.0,0.6589521054329958,0.0,1e-06,0.0031713619521303027,Utsuroi,1e-06,0.9803921568627451,3.0,0
2023-10-11,0.4856802617672181,2.0,0.48780487804878053,0.0,0.0,0,0.0,0.6589521054329958,0.0,1e-06,1.0,Utsuroi,1e-06,0.9803921568627451,3.0,0
2023-10-12,0.4473881191272497,1.0,0.9523809523809523,0.6734232101493739,0.5989796619851673,2,0.2700564033611357,0.33751205400260365,0.6666666666666666,1e-06,0.6861892631361439,Utsuroi,1e-06,0.9803921568627451,3.0,0
2023-10-13,0.4713619713619714,2.0,0.48780487804878053,2.93264301727117e-11,0.9999999999696736,1,8.893652881100374e-22,0.6589521054329958,0.3333333333333333,1e-06,0.43225567291891676,Utsuroi,1e-06,0.9803921568627451,3.0,0
2023-10-16,0.49127828693046094,2.0,0.48780487804878053,1.0332890098563141e-10,0.9999999998956711,1,1.0780188394633314e-20,0.6589521054329958,0.3333333333333333,1e-06,1.0,Utsuroi,1e-06,0.9803921568627451,3.0,0
2023-10-17,0.4685973446843013,1.0,0.9523809523809523,1.0192586018227385,0.5861667976820181,4,0.42180305118245276,0.33751205400260365,1.3333333333333333,1e-06,0.3191262575463596,Utsuroi,1e-06,0.9803921568627451,3.0,0
2023-10-18,0.48955899173290474,1.0,0.9523809523809523,0.3098467476256201,0.9068144369557909,2,0.02887324363491037,0.33751205400260365,0.6666666666666666,1e-06,0.4409136478924195,Utsuroi,1e-06,0.9803921568627451,3.0,0
2023-10-19,0.4778815387511041,2.0,0.48780487804878053,1.0437919013414803,0.4677283498463633,3,0.5555808377440316,0.6589521054329958,1.0,1e-06,0.08190159024581145,Utsuroi,1e-06,0.9803921568627451,3.0,0
2023-10-20,0.4756945952598126,2.0,0.48780487804878053,1.0221222396821745,0.45692303011252833,3,0.5550910487811914,0.6589521054329958,1.0,1e-06,0.47502211457126653,Utsuroi,1e-06,0.9803921568627451,3.0,0
2023-10-23,0.4663691381082686,2.0,0.48780487804878053,1.2477212001486224,0.4221256528919187,4,0.7210260739087968,0.6589521054329958,1.3333333333333333,1e-06,0.1608864323757655,Utsuroi,1e-06,0.9803921568627451,3.0,0
2023-10-24,0.49438677264764225,1.0,0.9523809523809523,1.0024275635850644,0.535193898584897,3,0.46593444778101406,0.33751205400260365,1.0,1e-06,0.0884183577960862,Utsuroi,1e-06,0.9803921568627451,3.0,0
2023-10-25,0.5162286988373946,1.5,0.6451612903225806,0.6333913533819957,0.6711077692606962,2,0.20831749514479128,0.49823207971788014,0.6666666666666666,1e-06,0.8265404791179474,Utsuroi,1e-06,0.9803921568627451,3.0,0
2023-10-26,0.4579239600978733,1.0,0.9523809523809523,1.114803079375783,0.5574416379274144,4,0.49336542484202117,0.33751205400260365,1.3333333333333333,1e-06,0.2356302299086963,Utsuroi,1e-06,0.9803921568627451,3.0,0
2023-10-27,0.46401714227801194,1.0,0.9523809523809523,0.9515799928437125,0.560408281273234,3,0.4183066845601712,0.33751205400260365,1.0,1e-06,0.1313169326615906,Utsuroi,1e-06,0.9803921568627451,3.0,0
2023-10-30,0.45440284353327837,1.0,0.9523809523809523,0.6910771271531937,0.5321607263580934,2,0.32331302119788563,0.33751205400260365,0.6666666666666666,1e-06,0.2032434095295962,Utsuroi,1e-06,0.9803921568627451,3.0,0
2023-10-31,0.4591893613632746,0.5,1.8181818181818181,0.8864166096771424,0.6494566614705944,3,0.31072743768414246,0.1767920282871665,1.0,1e-06,0.5459392681411644,Utsuroi,1e-06,0.9803921568627451,3.0,0
2023-11-01,0.512652564826478,0.5,1.8181818181818181,0.0,0.0,0,0.0,0.1767920282871665,0.0,1e-06,1.0,Utsuroi,1e-06,0.9803921568627451,3.0,0
2023-11-02,0.4915808828852308,1.0,0.9523809523809523,0.8300934387720951,0.6222387312671521,3,0.3135771505973592,0.33751205400260365,1.0,1e-06,0.03325752972566176,Utsuroi,1e-06,0.9803921568627451,3.0,0
2023-11-03,0.5056378404204491,-1.0,0.9523809523809523,0.7189021571954668,0.7954792889337581,4,0.1470303803766721,0.33751205400260365,1.3333333333333333,1e-06,0.42891928865912754,Utsuroi,1e-06,0.9803921568627451,3.0,0
2023-11-06,0.4928325297890517,1.0,0.9523809523809523,1.1262221662050094,0.6244267423086391,5,0.4229789278458366,0.33751205400260365,1.6666666666666667,1e-06,0.1894399765536039,Utsuroi,1e-06,0.9803921568627451,3.0,0
2023-11-07,0.49915953611605784,1.0,0.9523809523809523,1.0407745012880614,0.49699304236489444,3,0.5235168154771019,0.33751205400260365,1.0,1e-06,0.4955882364498806,Utsuroi,1e-06,0.9803921568627451,3.0,0
2023-11-08,0.4959685242293939,1.0,0.9523809523809523,1.0491234644858316,0.5360300805924344,4,0.4867617292660773,0.33751205400260365,1.3333333333333333,1e-06,0.31467958466873047,Utsuroi,1e-06,0.9803921568627451,3.0,0
2023-11-09,0.48980657024135293,0.5,1.8181818181818181,1.217440071358648,0.4924931656550347,4,0.6178591566199362,0.1767920282871665,1.3333333333333333,1e-06,0.7585153241003977,Utsuroi,1e-06,0.9803921568627451,3.0,0
2023-11-10,0.4953633323198541,1.0,0.9523809523809523,1.440940384413034,0.3803502783201407,5,0.892878308158806,0.33751205400260365,1.6666666666666667,1e-06,0.045824523412585805,Utsuroi,1e-06,0.9803921568627451,3.0,0
2023-11-13,0.5366676801459411,2.0,0.48780487804878053,0.46070218544827535,0.8269419327937699,2,0.0797282297713647,0.6589521054329958,0.6666666666666666,1e-06,0.9247941178525645,Utsuroi,1e-06,0.9803921568627451,3.0,0
2023-11-14,0.5374654331176071,2.5,0.3921568627450981,0.4931205859220514,0.805191578977571,2,0.09606404271712987,0.8196721311479507,0.6666666666666666,1e-06,0.08996104927168447,Utsuroi,1e-06,0.9803921568627451,3.0,0
2023-11-15,0.5320187059317495,2.0,0.48780487804878053,1.9477197632302277e-11,0.9999999999795228,1,3.988379943750227e-22,0.6589521054329958,0.3333333333333333,1e-06,0.21959070140072967,Utsuroi,1e-06,0.9803921568627451,3.0,0
2023-11-16,0.5367364519538433,2.0,0.48780487804878053,0.4487072080700931,0.8344823303149581,2,0.07426897145064304,0.6589521054329958,0.6666666666666666,1e-06,0.5076863284218189,Utsuroi,1e-06,0.9803921568627451,3.0,0
2023-11-17,0.49834802878281126,1.5,0.6451612903225806,0.6442943348875223,0.6550031834060485,2,0.22227949448571252,0.49823207971788014,0.6666666666666666,1e-06,0.6501666117058899,Utsuroi,1e-06,0.9803921568627451,3.0,0
2023-11-20,0.5026118808727505,2.0,0.48780487804878053,1.2546426446452799,0.38564428843653203,4,0.7707968747089221,0.6589521054329958,1.3333333333333333,1e-06,0.061936353303393754,Utsuroi,1e-06,0.9803921568627451,3.0,0
2023-11-21,0.4823792149879107,2.0,0.48780487804878053,1.3114189947317891,0.3661936598025867,4,0.831185673516326,0.6589521054329958,1.3333333333333333,1e-06,0.3744022569450468,Utsuroi,1e-06,0.9803921568627451,3.0,0
2023-11-22,0.48803225759747504,1.0,0.9523809523809523,1.3626334380887022,0.3707725315096325,5,0.85740638872888,0.33751205400260365,1.6666666666666667,1e-06,0.8181861309319854,Utsuroi,1e-06,0.9803921568627451,3.0,0
2023-11-24,0.4701103244581506,1.0,0.9523809523809523,1.2033359339835215,0.3715411453908179,4,0.7562471227813542,0.33751205400260365,1.3333333333333333,1e-06,0.08920729067127797,Utsuroi,1e-06,0.9803921568627451,3.0,0
2023-11-27,0.4144464231420754,1.0,0.9523809523809523,1.0526393072413105,0.45711291582072955,3,0.5714642842007223,0.33751205400260365,1.0,1e-06,0.08213947671609168,Utsuroi,1e-06,0.9803921568627451,3.0,0
2023-11-28,0.4521196195109239,2.0,0.48780487804878053,0.6929121447395019,0.5108401432255798,2,0.3389448054780311,0.6589521054329958,0.6666666666666666,1e-06,0.8081487217154069,Utsuroi,1e-06,0.9803921568627451,3.0,0
2023-11-29,0.46077111294502604,1.0,0.9523809523809523,1.0587334627604077,0.4513743889796719,3,0.5808482929145964,0.33751205400260365,1.0,1e-06,0.6643292994544132,Utsuroi,1e-06,0.9803921568627451,3.0,0
2023-11-30,0.4625866886736452,1.0,0.9523809523809523,0.6679107370763403,0.6118557676492818,2,0.25924570032129846,0.33751205400260365,0.6666666666666666,1e-06,0.277606203603711,Utsuroi,1e-06,0.9803921568627451,3.0,0
2023-12-01,0.44961632570328236,1.0,0.9523809523809523,0.6217819265756551,0.6866155238761465,2,0.194856803323192,0.33751205400260365,0.6666666666666666,1e-06,0.6520292891590735,Utsuroi,1e-06,0.9803921568627451,3.0,0
2023-12-04,0.4098524663742056,1.0,0.9523809523809523,1.0064935826233778,0.541228051613779,3,0.461751021938355,0.33751205400260365,1.0,1e-06,0.1295973140163289,Utsuroi,1e-06,0.9803921568627451,3.0,0
2023-12-05,0.37625056103316973,1.0,0.9523809523809523,1.2572620178862914,0.47509407666769243,5,0.659944280369244,0.33751205400260365,1.6666666666666667,1e-06,0.04973366229752674,Utsuroi,1e-06,0.9803921568627451,3.0,0
2023-12-06,0.3586724869333565,1.0,0.9523809523809523,1.3528264858649655,0.32384590565450555,4,0.9147191673566236,0.33751205400260365,1.3333333333333333,1e-06,0.7957335871714192,Utsuroi,1e-06,0.9803921568627451,3.0,0
2023-12-07,0.3876391724217812,1.0,0.9523809523809523,0.9553538981157814,0.5616229925394862,3,0.41880518292173285,0.33751205400260365,1.0,1e-06,0.24654260557032104,Utsuroi,1e-06,0.9803921568627451,3.0,0
2023-12-08,0.38239876065963024,0.0,20.0,1.597810606051251,0.3879861501608857,6,0.9778822203231945,0.016072002571568628,2.0,1e-06,0.082694944886744,Utsuroi,1e-06,0.9803921568627451,3.0,0
2023-12-11,0.371257727779467,0.5,1.8181818181818181,1.1439477057571756,0.4834344534957499,4,0.5909239717967384,0.1767920282871665,1.3333333333333333,1e-06,0.3868541543000843,Utsuroi,1e-06,0.9803921568627451,3.0,0
2023-12-12,0.3750264228525098,2.0,0.48780487804878053,1.303562573168564,0.38926783803274995,4,0.7961275885708288,0.6589521054329958,1.3333333333333333,1e-06,0.28847514433903654,Utsuroi,1e-06,0.9803921568627451,3.0,0
2023-12-13,0.35616919312571493,1.5,0.6451612903225806,0.8191606164390364,0.48492736800897646,3,0.4219272147326437,0.49823207971788014,1.0,1e-06,0.11124892029123401,Utsuroi,1e-06,0.9803921568627451,3.0,0
2023-12-14,0.32275984884680536,1.5,0.6451612903225806,1.2369175045877885,0.3915448532741666,4,0.7526088217417146,0.49823207971788014,1.3333333333333333,1e-06,0.13096118628359465,Utsuroi,1e-06,0.9803921568627451,3.0,0
2023-12-15,0.24768854334071727,1.0,0.9523809523809523,0.6808139883305402,0.5783658270235308,2,0.28705444292055887,0.33751205400260365,0.6666666666666666,1e-06,0.08895536290310013,Utsuroi,1e-06,0.9803921568627451,3.0,0
2023-12-18,0.22719454458584898,2.0,0.48780487804878053,0.6886518161534125,0.5473741715362139,2,0.31170159880952925,0.6589521054329958,0.6666666666666666,1e-06,0.16887761483462604,Utsuroi,1e-06,0.9803921568627451,3.0,0
2023-12-19,0.2231507622811971,1.5,0.6451612903225806,0.6916371366344247,0.5274707453028626,2,0.32681878069472686,0.49823207971788014,0.6666666666666666,1e-06,0.33140090189515725,Utsuroi,1e-06,0.9803921568627451,3.0,0
2023-12-20,0.3038476016736886,2.0,0.48780487804878053,3.21771498329512e-11,0.9999999999668229,1,1.0675454094089326e-21,0.6589521054329958,0.3333333333333333,1e-06,0.7411390888806442,Utsuroi,1e-06,0.9803921568627451,3.0,0
2023-12-21,0.33490495012234145,0.0,20.0,1.0572708984749042,0.4641078836208477,3,0.5665831393698043,0.016072002571568628,1.0,1e-06,0.184813208919277,Utsuroi,1e-06,0.9803921568627451,3.0,0
2023-12-22,0.3195413282369804,0.0,20.0,0.38878356534491043,0.8687354226772597,2,0.05103351037502766,0.016072002571568628,0.6666666666666666,1e-06,0.7834929987404372,Utsuroi,1e-06,0.9803921568627451,3.0,0
2023-12-26,0.33464361725231295,0.0,20.0,0.6914354360295217,0.5292469452907852,2,0.32549534364509525,0.016072002571568628,0.6666666666666666,1e-06,0.6433104240565903,Utsuroi,1e-06,0.9803921568627451,3.0,0
2023-12-27,0.328206576032663,1.0,0.9523809523809523,0.5226686798789184,0.8170147576561072,3,0.0956406550532064,0.33751205400260365,1.0,1e-06,0.6882756596512091,Utsuroi,1e-06,0.9803921568627451,3.0,0
2023-12-28,0.33681680638202377,1.0,0.9523809523809523,1.0593795747558958,0.4138531791002829,3,0.6209519698692626,0.33751205400260365,1.0,1e-06,0.3265280333273751,Utsuroi,1e-06,0.9803921568627451,3.0,0
2023-12-29,0.35468372207502646,1.0,0.9523809523809523,0.10830067895979038,0.9773180887665655,2,0.002456466386686658,0.33751205400260365,0.6666666666666666,1e-06,0.7735104185926364,Utsuroi,1e-06,0.9803921568627451,3.0,0
2024-01-02,0.3745312658356137,1.0,0.9523809523809523,9.757494811649036e-11,0.9999999999014251,1,9.618443290000603e-21,0.33751205400260365,0.3333333333333333,1e-06,0.5174702524980005,Utsuroi,1e-06,0.9803921568627451,3.0,0
2024-01-03,0.3983675744545311,1.0,0.9523809523809523,3.710343143764237e-11,0.9999999999618966,1,1.4137672351206609e-21,0.33751205400260365,0.3333333333333333,1e-06,1.0,Utsuroi,1e-06,0.9803921568627451,3.0,0
2024-01-04,0.41407505537940326,2.0,0.48780487804878053,0.6728728400966327,0.6003417890031273,2,0.26891915550140505,0.6589521054329958,0.6666666666666666,1e-06,0.040384032174106466,Utsuroi,1e-06,0.9803921568627451,3.0,0
2024-01-05,0.40715661150443755,2.0,0.48780487804878053,0.44530435726707795,0.8365759564472549,2,0.07277343867624211,0.6589521054329958,0.6666666666666666,1e-06,0.9080406102401014,Utsuroi,1e-06,0.9803921568627451,3.0,0
2024-01-08,0.4692988171249041,1.0,0.9523809523809523,0.0,0.0,0,0.0,0.33751205400260365,0.0,1e-06,0.36178829276490376,Utsuroi,1e-06,0.9803921568627451,3.0,0
2024-01-09,0.43913550217898045,1.0,0.9523809523809523,0.0,0.0,0,0.0,0.33751205400260365,0.0,1e-06,1.0,Utsuroi,1e-06,0.9803921568627451,3.0,0
2024-01-10,0.433014811275681,1.0,0.9523809523809523,3.467959253037015e-11,0.9999999999643204,1,1.237352963452692e-21,0.33751205400260365,0.3333333333333333,1e-06,0.5174317239301822,Utsuroi,1e-06,0.9803921568627451,3.0,0
2024-01-11,0.4294936947110861,2.0,0.48780487804878053,2.487378080972124e-10,0.9999999997502622,1,6.211922949035135e-20,0.6589521054329958,0.3333333333333333,1e-06,0.0409889995224022,Utsuroi,1e-06,0.9803921568627451,3.0,0
2024-01-12,0.43498168498168494,1.0,0.9523809523809523,1.1021294987138025e-10,0.9999999998887871,1,1.2257104831804246e-20,0.33751205400260365,0.3333333333333333,1e-06,0.13467286345347418,Utsuroi,1e-06,0.9803921568627451,3.0,0
2024-01-16,0.4339501078631513,1.0,0.9523809523809523,0.0,0.0,0,0.0,0.33751205400260365,0.0,1e-06,1.0,Utsuroi,1e-06,0.9803921568627451,3.0,0
2024-01-17,0.3986289073245595,1.0,0.9523809523809523,0.0,0.0,0,0.0,0.33751205400260365,0.0,1e-06,1.0,Utsuroi,1e-06,0.9803921568627451,3.0,0
2024-01-18,0.3970334013812275,2.0,0.48780487804878053,2.3138380100526984e-11,0.9999999999758616,1,5.585225019229507e-22,0.6589521054329958,0.3333333333333333,1e-06,0.03368171943802223,Utsuroi,1e-06,0.9803921568627451,3.0,0
2024-01-19,0.4653925784360567,1.0,0.9523809523809523,2.3999913167614935e-11,0.9999999999750001,1,5.999952143087976e-22,0.33751205400260365,0.3333333333333333,1e-06,0.13467286345347418,Utsuroi,1e-06,0.9803921568627451,3.0,0
2024-01-22,0.46126626996192205,1.0,0.9523809523809523,0.07734376541718865,0.9851286105545028,2,0.001150209256700187,0.33751205400260365,0.6666666666666666,1e-06,0.25947442492023987,Utsuroi,1e-06,0.9803921568627451,3.0,0
2024-01-23,0.4583916083916084,1.0,0.9523809523809523,0.6878249134810104,0.5515403637058504,2,0.3084617105337489,0.33751205400260365,0.6666666666666666,1e-06,0.4934104333072272,Utsuroi,1e-06,0.9803921568627451,3.0,0
2024-01-24,0.390610114523158,1.0,0.9523809523809523,0.9791899622000522,0.6397822719775799,4,0.35272158348606225,0.33751205400260365,1.3333333333333333,1e-06,0.12056227047484669,Utsuroi,1e-06,0.9803921568627451,3.0,0
2024-01-25,0.3391275391275392,0.0,20.0,1.2141911753636554,0.3428572138444933,4,0.797896971903902,0.016072002571568628,1.3333333333333333,1e-06,0.2698417993942208,Utsuroi,1e-06,0.9803921568627451,3.0,0
2024-01-26,0.3408605886866757,1.0,0.9523809523809523,0.9477233268967862,0.6254097353008223,4,0.35500793188385243,0.33751205400260365,1.3333333333333333,1e-06,0.9216168545531479,Utsuroi,1e-06,0.9803921568627451,3.0,0
2024-01-29,0.32379142596533905,1.0,0.9523809523809523,1.0659736518535472,0.44203046747363817,3,0.5947808202101426,0.33751205400260365,1.0,1e-06,0.8952140410756803,Utsuroi,1e-06,0.9803921568627451,3.0,0
2024-01-30,0.3155663177402308,1.0,0.9523809523809523,1.287249661549378,0.4440915408553679,4,0.715592975886364,0.33751205400260365,1.3333333333333333,1e-06,0.06815617081246517,Utsuroi,1e-06,0.9803921568627451,3.0,0
2024-01-31,0.3285504350721742,0.0,20.0,0.5998007386641611,0.7126071586194683,2,0.17237843854683496,0.016072002571568628,0.6666666666666666,1e-06,0.6707170515065777,Utsuroi,1e-06,0.9803921568627451,3.0,0
2024-02-01,0.3448355991834253,0.0,20.0,0.7488634722683154,0.6266181246569098,3,0.27961204765148184,0.016072002571568628,1.0,1e-06,0.35235323945858943,Utsuroi,1e-06,0.9803921568627451,3.0,0
2024-02-02,0.31593768550290297,1.0,0.9523809523809523,0.42383369026111206,0.8493507131039121,2,0.06385024320037394,0.33751205400260365,0.6666666666666666,1e-06,0.9958474393622028,Utsuroi,1e-06,0.9803921568627451,3.0,0
2024-02-05,0.2810153614501441,0.0,20.0,0.24209226583853394,0.9344051114612419,2,0.01588001519377402,0.016072002571568628,0.6666666666666666,1e-06,0.20342441686221424,Utsuroi,1e-06,0.9803921568627451,3.0,0
2024-02-06,0.26598184424271387,1.5,0.6451612903225806,0.10078141007944516,0.9792921218290622,2,0.002086969161820471,0.49823207971788014,0.6666666666666666,1e-06,0.5804908324771486,Utsuroi,1e-06,0.9803921568627451,3.0,0
2024-02-07,0.2887865757430975,2.0,0.48780487804878053,0.5890998563384655,0.724037134501126,2,0.162569684420138,0.6589521054329958,0.6666666666666666,1e-06,0.24666466371253182,Utsuroi,1e-06,0.9803921568627451,3.0,0
2024-02-08,0.22489756620191406,1.0,0.9523809523809523,0.3061661339365588,0.9084252609756883,2,0.028037083813322827,0.33751205400260365,0.6666666666666666,1e-06,0.3649438623843204,Utsuroi,1e-06,0.9803921568627451,3.0,0
2024-02-09,0.21400411183019882,1.0,0.9523809523809523,1.082503407296316,0.4168264130220616,3,0.6312873949488328,0.33751205400260365,1.0,1e-06,0.16070306245838417,Utsuroi,1e-06,0.9803921568627451,3.0,0
2024-02-12,0.24034371425675785,2.0,0.48780487804878053,1.184085904699856,0.4652549258672582,4,0.633184104888259,0.6589521054329958,1.3333333333333333,1e-06,0.18952005244503545,Utsuroi,1e-06,0.9803921568627451,3.0,0
2024-02-13,0.27354674311196053,2.0,0.48780487804878053,0.29201562589045615,0.9144938006072239,2,0.02496914633319567,0.6589521054329958,0.6666666666666666,1e-06,0.7077449475719277,Utsuroi,1e-06,0.9803921568627451,3.0,0
2024-02-14,0.2916199742286699,2.0,0.48780487804878053,2.0038193326633723e-11,0.9999999999789618,1,4.2156694184730197e-22,0.6589521054329958,0.3333333333333333,1e-06,0.7293926692213504,Utsuroi,1e-06,0.9803921568627451,3.0,0
2024-02-15,0.28325732238775725,3.0,0.3278688524590164,0.6299454297105338,0.6758672791875441,2,0.20418592609544703,0.9803921568627451,0.6666666666666666,1e-06,0.05666247690079729,Katashi,1e-06,0.9803921568627451,3.0,0
2024-02-16,0.2760225281964412,2.0,0.48780487804878053,0.6593272021549996,0.629299961297088,2,0.24441261935674105,0.6589521054329958,0.6666666666666666,1e-06,0.21139626990640947,Utsuroi,1e-06,0.9803921568627451,3.0,0
2024-02-20,0.3171068062372411,2.0,0.48780487804878053,1.5032974864808903e-11,0.999999999983967,1,2.4102297559744725e-22,0.6589521054329958,0.3333333333333333,1e-06,0.8301758846559965,Utsuroi,1e-06,0.9803921568627451,3.0,0
2024-02-21,0.26783868305607433,2.0,0.48780487804878053,0.37531019209783234,0.8757489556838024,2,0.0466326833106684,0.6589521054329958,0.6666666666666666,1e-06,0.5073188858966193,Utsuroi,1e-06,0.9803921568627451,3.0,0
2024-02-22,0.33640417553461033,2.0,0.48780487804878053,1.799127513617329e-11,0.9999999999810087,1,3.416768581669428e-22,0.6589521054329958,0.3333333333333333,1e-06,0.734696905420108,Utsuroi,1e-06,0.9803921568627451,3.0,0
2024-02-23,0.3342584951280604,1.0,0.9523809523809523,0.5806808560166006,0.7325749768033981,2,0.15528859139006204,0.33751205400260365,0.6666666666666666,1e-06,0.9256289858328974,Utsuroi,1e-06,0.9803921568627451,3.0,0
2024-02-26,0.3408605886866756,1.5,0.6451612903225806,0.5612329684294871,0.7510008105859725,2,0.1397465542113708,0.49823207971788014,0.6666666666666666,1e-06,0.24593170596293878,Utsuroi,1e-06,0.9803921568627451,3.0,0
2024-02-27,0.34911320563494475,2.0,0.48780487804878053,1.0266787420158166e-11,0.9999999999887332,1,1.1567348423252477e-22,0.6589521054329958,0.3333333333333333,1e-06,0.6317716765498258,Utsuroi,1e-06,0.9803921568627451,3.0,0
2024-02-28,0.33663799968147795,2.5,0.3921568627450981,0.6532215098642685,0.6403414045677533,2,0.23493673074391427,0.8196721311479507,0.6666666666666666,1e-06,0.18678036363861672,Utsuroi,1e-06,0.9803921568627451,3.0,0
2024-02-29,0.3395676786981135,3.0,0.3278688524590164,0.5927614080700326,0.7202030861422538,2,0.16585281263196724,0.9803921568627451,0.6666666666666666,1e-06,0.2040045105367051,Katashi,1e-06,0.9803921568627451,3.0,0
2024-03-01,0.36923583662714105,2.0,0.48780487804878053,1.8200552176311135e-11,0.9999999999807995,1,3.494602490747597e-22,0.6589521054329958,0.3333333333333333,1e-06,0.11039166252774335,Utsuroi,1e-06,0.9803921568627451,3.0,0
2024-03-04,0.3428274623926798,2.0,0.48780487804878053,0.0,0.0,0,0.0,0.6589521054329958,0.0,1e-06,1.0,Utsuroi,1e-06,0.9803921568627451,3.0,0
2024-03-05,0.34589468502511994,2.0,0.48780487804878053,5.549827264257665e-11,0.9999999999435017,1,3.1355553113236427e-21,0.6589521054329958,0.3333333333333333,1e-06,0.7271692523647787,Utsuroi,1e-06,0.9803921568627451,3.0,0
2024-03-06,0.36029550159984947,2.0,0.48780487804878053,0.5004403470276421,0.7999726422868766,2,0.10010176030897777,0.6589521054329958,0.6666666666666666,1e-06,0.5071941280020559,Utsuroi,1e-06,0.9803921568627451,3.0,0
2024-03-07,0.3666775253731776,2.0,0.48780487804878053,7.395062339984384e-11,0.9999999999250494,1,5.542643688918056e-21,0.6589521054329958,0.3333333333333333,1e-06,0.7574427210274851,Utsuroi,1e-06,0.9803921568627451,3.0,0
2024-03-08,0.4132910567693176,2.0,0.48780487804878053,0.0,0.0,0,0.0,0.6589521054329958,0.0,1e-06,1.0,Utsuroi,1e-06,0.9803921568627451,3.0,0
2024-03-11,0.4537426341774169,2.0,0.48780487804878053,0.0,0.0,0,0.0,0.6589521054329958,0.0,1e-06,1.0,Utsuroi,1e-06,0.9803921568627451,3.0,0
2024-03-12,0.4559433320302887,2.0,0.48780487804878053,0.0,0.0,0,0.0,0.6589521054329958,0.0,1e-06,1.0,Utsuroi,1e-06,0.9803921568627451,3.0,0
2024-03-13,0.4822416713721063,3.0,0.3278688524590164,0.0,0.0,0,0.0,0.9803921568627451,0.0,1e-06,0.0004603356777101997,Katashi,1e-06,0.9803921568627451,3.0,0
2024-03-14,0.47379649336171087,1.5,0.6451612903225806,0.0,0.0,0,0.0,0.49823207971788014,0.0,1e-06,0.0025332075784280095,Utsuroi,1e-06,0.9803921568627451,3.0,0
2024-03-15,0.4752957187739797,3.0,0.3278688524590164,0.0,0.0,0,0.0,0.9803921568627451,0.0,1e-06,0.0006549821000594314,Katashi,1e-06,0.9803921568627451,3.0,0
2024-03-18,0.4635632483458571,2.0,0.48780487804878053,0.0,0.0,0,0.0,0.6589521054329958,0.0,1e-06,0.0010186757829435678,Utsuroi,1e-06,0.9803921568627451,3.0,0
2024-03-19,0.46943636074070855,2.5,0.3921568627450981,3.6630365406867504e-11,0.9999999999623697,1,1.3784132249467284e-21,0.8196721311479507,0.3333333333333333,1e-06,0.19622244265986755,Utsuroi,1e-06,0.9803921568627451,3.0,0
2024-03-20,0.4766436462088636,2.0,0.48780487804878053,3.04265501677788e-11,0.9999999999685735,1,9.562008322075217e-22,0.6589521054329958,0.3333333333333333,1e-06,0.03907848690652671,Utsuroi,1e-06,0.9803921568627451,3.0,0
2024-03-21,0.4610049370918938,3.0,0.3278688524590164,0.21195355624151452,0.9453612645739714,2,0.011580874282085983,0.9803921568627451,0.6666666666666666,1e-06,0.013706191817314917,Katashi,1e-06,0.9803921568627451,3.0,0
2024-03-22,0.46304058260579994,2.0,0.48780487804878053,0.0,0.0,0,0.0,0.6589521054329958,0.0,1e-06,0.3488421411385818,Utsuroi,1e-06,0.9803921568627451,3.0,0
2024-03-25,0.4200582026668984,2.0,0.48780487804878053,0.0,0.0,0,0.0,0.6589521054329958,0.0,1e-06,1.0,Utsuroi,1e-06,0.9803921568627451,3.0,0
2024-03-26,0.42342802125410817,2.0,0.48780487804878053,3.8332870203991834e-10,0.9999999996156713,1,1.4732421405806842e-19,0.6589521054329958,0.3333333333333333,1e-06,0.7271692523647787,Utsuroi,1e-06,0.9803921568627451,3.0,0
2024-03-27,0.4164958230175622,2.0,0.48780487804878053,0.0,0.0,0,0.0,0.6589521054329958,0.0,1e-06,1.0,Utsuroi,1e-06,0.9803921568627451,3.0,0
2024-03-28,0.4241845111410329,2.0,0.48780487804878053,2.134882270735456e-10,0.9999999997855118,1,4.5790706608263185e-20,0.6589521054329958,0.3333333333333333,1e-06,0.7271692523647787,Utsuroi,1e-06,0.9803921568627451,3.0,0
2024-04-01,0.4308828852307113,2.0,0.48780487804878053,0.42497909265961653,0.848687453402952,2,0.0643046687608294,0.6589521054329958,0.6666666666666666,1e-06,0.5076214768673966,Utsuroi,1e-06,0.9803921568627451,3.0,0
2024-04-02,0.4364671560323734,1.0,0.9523809523809523,0.5946067101554051,0.71824126846852,2,0.16753563241349334,0.33751205400260365,0.6666666666666666,1e-06,0.48517958099226854,Utsuroi,1e-06,0.9803921568627451,3.0,0
2024-04-03,0.4115855159333421,2.0,0.48780487804878053,0.6188223929772612,0.6903474347069019,2,0.1916199414462226,0.6589521054329958,0.6666666666666666,1e-06,0.14269376057496475,Utsuroi,1e-06,0.9803921568627451,3.0,0
2024-04-04,0.43458280849585207,2.0,0.48780487804878053,0.0,0.0,0,0.0,0.6589521054329958,0.0,1e-06,1.0,Utsuroi,1e-06,0.9803921568627451,3.0,0
2024-04-05,0.4560258581997712,3.0,0.3278688524590164,0.0,0.0,0,0.0,0.9803921568627451,0.0,1e-06,0.0004603356777101997,Katashi,1e-06,0.9803921568627451,3.0,0
2024-04-08,0.43067656980700475,1.5,0.6451612903225806,0.0,0.0,0,0.0,0.49823207971788014,0.0,1e-06,0.0025332075784280095,Utsuroi,1e-06,0.9803921568627451,3.0,0
2024-04-09,0.4002244132678916,2.0,0.48780487804878053,5.528200119739186e-11,0.999999999943718,1,3.1113804347403988e-21,0.6589521054329958,0.3333333333333333,1e-06,0.16698242575154454,Utsuroi,1e-06,0.9803921568627451,3.0,0
2024-04-10,0.3719454458584894,2.0,0.48780487804878053,2.6096902416472308e-11,0.9999999999729031,1,7.071446408525469e-22,0.6589521054329958,0.3333333333333333,1e-06,1.0,Utsuroi,1e-06,0.9803921568627451,3.0,0
2024-04-11,0.3431713214321911,2.0,0.48780487804878053,6.589373491071048e-11,0.9999999999331063,1,4.40787657785833e-21,0.6589521054329958,0.3333333333333333,1e-06,1.0,Utsuroi,1e-06,0.9803921568627451,3.0,0
2024-04-12,0.37707582272799667,2.0,0.48780487804878053,0.0,0.0,0,0.0,0.6589521054329958,0.0,1e-06,1.0,Utsuroi,1e-06,0.9803921568627451,3.0,0
2024-04-15,0.3881893468849992,2.0,0.48780487804878053,6.518241501888047e-11,0.9999999999338176,1,4.313928200908033e-21,0.6589521054329958,0.3333333333333333,1e-06,0.7271692523647787,Utsuroi,1e-06,0.9803921568627451,3.0,0
2024-04-16,0.3852184047836222,2.0,0.48780487804878053,2.2018908915951349e-10,0.9999999997788109,1,4.870341920848051e-20,0.6589521054329958,0.3333333333333333,1e-06,1.0,Utsuroi,1e-06,0.9803921568627451,3.0,0
2024-04-17,0.38429686255773216,2.0,0.48780487804878053,4.5895398591577793e-11,0.9999999999531046,1,2.1522819952366593e-21,0.6589521054329958,0.3333333333333333,1e-06,1.0,Utsuroi,1e-06,0.9803921568627451,3.0,0
2024-04-18,0.39708841882754936,2.0,0.48780487804878053,1.082797185188136e-10,0.9999999998907203,1,1.1832774766345179e-20,0.6589521054329958,0.3333333333333333,1e-06,1.0,Utsuroi,1e-06,0.9803921568627451,3.0,0
2024-04-19,0.4211035341470125,2.0,0.48780487804878053,0.0,0.0,0,0.0,0.6589521054329958,0.0,1e-06,1.0,Utsuroi,1e-06,0.9803921568627451,3.0,0
2024-04-22,0.42644022644022644,2.0,0.48780487804878053,0.0,0.0,0,0.0,0.6589521054329958,0.0,1e-06,1.0,Utsuroi,1e-06,0.9803921568627451,3.0,0
2024-04-23,0.47764771460423633,2.0,0.48780487804878053,0.0,0.0,0,0.0,0.6589521054329958,0.0,1e-06,1.0,Utsuroi,1e-06,0.9803921568627451,3.0,0
2024-04-24,0.4849375262418741,2.0,0.48780487804878053,0.0,0.0,0,0.0,0.6589521054329958,0.0,1e-06,1.0,Utsuroi,1e-06,0.9803921568627451,3.0,0
2024-04-25,0.49243365330321853,3.0,0.3278688524590164,0.0,0.0,0,0.0,0.9803921568627451,0.0,1e-06,0.0004603356777101997,Katashi,1e-06,0.9803921568627451,3.0,0
2024-04-26,0.5067932067932068,3.0,0.3278688524590164,0.0,0.0,0,0.0,0.9803921568627451,0.0,1e-06,1.0,Katashi,1e-06,0.9803921568627451,3.0,0
2024-04-29,0.5171502410632846,2.0,0.48780487804878053,3.284661431677774e-11,0.9999999999661534,1,1.1117459597871152e-21,0.6589521054329958,0.3333333333333333,1e-06,0.30631065062946383,Utsuroi,1e-06,0.9803921568627451,3.0,0
2024-04-30,0.5418255657386093,2.0,0.48780487804878053,3.1896263407730315e-11,0.9999999999671038,1,1.0492671772000768e-21,0.6589521054329958,0.3333333333333333,1e-06,1.0,Utsuroi,1e-06,0.9803921568627451,3.0,0
2024-05-01,0.567697519871433,1.0,0.9523809523809523,0.0,0.0,0,0.0,0.33751205400260365,0.0,1e-06,0.14565328596653948,Utsuroi,1e-06,0.9803921568627451,3.0,0
2024-05-02,0.5772843098930055,2.0,0.48780487804878053,0.6836378160484939,0.5688446926274662,2,0.29475407270987614,0.6589521054329958,0.6666666666666666,1e-06,0.06240407509415269,Utsuroi,1e-06,0.9803921568627451,3.0,0
2024-05-03,0.5924141076314989,2.0,0.48780487804878053,2.6576296718492348e-11,0.9999999999724237,1,7.328752560845333e-22,0.6589521054329958,0.3333333333333333,1e-06,0.8497967026314547,Utsuroi,1e-06,0.9803921568627451,3.0,0
2024-05-06,0.5662395575439054,1.5,0.6451612903225806,6.10711481366547e-11,0.9999999999379289,1,3.790754931984649e-21,0.49823207971788014,0.3333333333333333,1e-06,0.06682103219523672,Utsuroi,1e-06,0.9803921568627451,3.0,0
2024-05-07,0.5514948819296646,2.0,0.48780487804878053,0.0,0.0,0,0.0,0.6589521054329958,0.0,1e-06,0.34911588942835603,Utsuroi,1e-06,0.9803921568627451,3.0,0
2024-05-08,0.5389509041682954,2.0,0.48780487804878053,0.0,0.0,0,0.0,0.6589521054329958,0.0,1e-06,1.0,Utsuroi,1e-06,0.9803921568627451,3.0,0
2024-05-09,0.5550710159405812,2.0,0.48780487804878053,2.0516477405632062e-11,0.9999999999784835,1,4.414418686864108e-22,0.6589521054329958,0.3333333333333333,1e-06,0.7271692523647787,Utsuroi,1e-06,0.9803921568627451,3.0,0
2024-05-10,0.542582055625534,1.0,0.9523809523809523,3.3538727350305396e-11,0.9999999999654613,1,1.1583842177140767e-21,0.33751205400260365,0.3333333333333333,1e-06,0.13467286345347418,Utsuroi,1e-06,0.9803921568627451,3.0,0
2024-05-13,0.5333253702818921,2.0,0.48780487804878053,5.537884593802378e-10,0.9999999994452116,1,3.072354340365893e-19,0.6589521054329958,0.3333333333333333,1e-06,0.0409889995224022,Utsuroi,1e-06,0.9803921568627451,3.0,0
2024-05-14,0.4995033951555691,1.0,0.9523809523809523,0.0,0.0,0,0.0,0.33751205400260365,0.0,1e-06,0.14565328596653948,Utsuroi,1e-06,0.9803921568627451,3.0,0
2024-05-15,0.5066281544542415,1.0,0.9523809523809523,0.0,0.0,0,0.0,0.33751205400260365,0.0,1e-06,1.0,Utsuroi,1e-06,0.9803921568627451,3.0,0
2024-05-16,0.5258705063052889,2.0,0.48780487804878053,0.0,0.0,0,0.0,0.6589521054329958,0.0,1e-06,0.0031713619521303027,Utsuroi,1e-06,0.9803921568627451,3.0,0
2024-05-17,0.5085675194370847,2.0,0.48780487804878053,0.5358914151222463,0.7727832185684689,2,0.12176352254086534,0.6589521054329958,0.6666666666666666,1e-06,0.48908130173659514,Utsuroi,1e-06,0.9803921568627451,3.0,0
2024-05-20,0.46942260637912825,3.0,0.3278688524590164,0.2509346612715129,0.9310422218839808,2,0.01730389669357943,0.9803921568627451,0.6666666666666666,1e-06,0.11340893395244078,Katashi,1e-06,0.9803921568627451,3.0,0
2024-05-21,0.4384065210152167,3.0,0.3278688524590164,0.6967083925117615,0.7710456733812069,3,0.15951440085719215,0.9803921568627451,1.0,1e-06,0.5234642919698127,Katashi,1e-06,0.9803921568627451,3.0,0
2024-05-22,0.44676917285612944,2.0,0.48780487804878053,1.1841638780569966e-11,0.9999999999871584,1,1.520657858336201e-22,0.6589521054329958,0.3333333333333333,1e-06,0.20414333163142795,Utsuroi,1e-06,0.9803921568627451,3.0,0
2024-05-23,0.4201957462827028,2.0,0.48780487804878053,1.0052625398710363e-11,0.9999999999889474,1,1.1110768042475047e-22,0.6589521054329958,0.3333333333333333,1e-06,1.0,Utsuroi,1e-06,0.9803921568627451,3.0,0
2024-05-24,0.4353255440211963,2.0,0.48780487804878053,1.676869754147854e-11,0.9999999999822313,1,2.979575438292719e-22,0.6589521054329958,0.3333333333333333,1e-06,1.0,Utsuroi,1e-06,0.9803921568627451,3.0,0
2024-05-28,0.44814460901417436,1.0,0.9523809523809523,0.5760580503003183,0.7371100608436334,2,0.15143986579398586,0.33751205400260365,0.6666666666666666,1e-06,0.9200295429198335,Utsuroi,1e-06,0.9803921568627451,3.0,0
2024-05-29,0.47268239007369445,1.0,0.9523809523809523,0.6879450777492961,0.5509562357043799,2,0.308917447341187,0.33751205400260365,0.6666666666666666,1e-06,0.49285436860220544,Utsuroi,1e-06,0.9803921568627451,3.0,0
2024-05-30,0.4681159420289855,1.0,0.9523809523809523,1.5612543126548193,0.32234627315173014,5,1.0579898035284723,0.33751205400260365,1.6666666666666667,1e-06,0.03208047739608144,Utsuroi,1e-06,0.9803921568627451,3.0,0
2024-05-31,0.436852278156626,0.0,20.0,1.141415582454106,0.5038485451967322,4,0.5663150017697239,0.016072002571568628,1.3333333333333333,1e-06,0.9036405191934055,Utsuroi,1e-06,0.9803921568627451,3.0,0
2024-06-03,0.39516280820628646,1.0,0.9523809523809523,1.4959554345153785,0.32026026347646985,5,1.0168603529084264,0.33751205400260365,1.6666666666666667,1e-06,0.45557374493675973,Utsuroi,1e-06,0.9803921568627451,3.0,0
2024-06-04,0.3677503655764526,1.0,0.9523809523809523,1.5256389226929095,0.326771625959677,5,1.0271034112971775,0.33751205400260365,1.6666666666666667,1e-06,0.2952517207834151,Utsuroi,1e-06,0.9803921568627451,3.0,0
2024-06-05,0.36297760210803687,1.0,0.9523809523809523,1.3147438115779746,0.3168730013449897,4,0.8981369940035102,0.33751205400260365,1.3333333333333333,1e-06,0.0764880461169215,Utsuroi,1e-06,0.9803921568627451,3.0,0
2024-06-06,0.3611070089330959,1.0,0.9523809523809523,1.2776189654696481,0.32895067618042323,4,0.8573453428774745,0.33751205400260365,1.3333333333333333,1e-06,0.2914418881466935,Utsuroi,1e-06,0.9803921568627451,3.0,0
2024-06-07,0.3673377347290391,1.0,0.9523809523809523,1.3222057548388262,0.373712302011866,4,0.8280811984646715,0.33751205400260365,1.3333333333333333,1e-06,0.30379988653250656,Utsuroi,1e-06,0.9803921568627451,3.0,0
2024-06-10,0.41659210354862525,1.0,0.9523809523809523,0.997110175055191,0.5841999814891818,4,0.4145984292452735,0.33751205400260365,1.3333333333333333,1e-06,0.5631972951593679,Utsuroi,1e-06,0.9803921568627451,3.0,0
2024-06-11,0.42968625577321234,1.5,0.6451612903225806,0.6539495218655402,0.6390732998588808,2,0.23602784298579207,0.49823207971788014,0.6666666666666666,1e-06,0.6624117333342192,Utsuroi,1e-06,0.9803921568627451,3.0,0
2024-06-12,0.43950686994165256,2.0,0.48780487804878053,2.0473178707672612e-11,0.9999999999785268,1,4.396237722067523e-22,0.6589521054329958,0.3333333333333333,1e-06,0.6914520820737218,Utsuroi,1e-06,0.9803921568627451,3.0,0
2024-06-13,0.43456905413427155,1.5,0.6451612903225806,5.3702597923945546e-12,0.9999999999936298,1,3.420983123092633e-23,0.49823207971788014,0.3333333333333333,1e-06,0.06682103219523672,Utsuroi,1e-06,0.9803921568627451,3.0,0
2024-06-14,0.4302501845980108,1.0,0.9523809523809523,0.6184230011449316,0.6908448663890373,2,0.1911886455470539,0.33751205400260365,0.6666666666666666,1e-06,0.6985691944148468,Utsuroi,1e-06,0.9803921568627451,3.0,0
2024-06-17,0.3607218868088433,1.0,0.9523809523809523,0.9945866758086723,0.5333857650213524,3,0.46408830085241987,0.33751205400260365,1.0,1e-06,0.13127669179915724,Utsuroi,1e-06,0.9803921568627451,3.0,0
2024-06-18,0.35125888604149474,2.0,0.48780487804878053,1.0877684167892263,0.4033700399685369,3,0.6489952270324439,0.6589521054329958,1.0,1e-06,0.17813041717020006,Utsuroi,1e-06,0.9803921568627451,3.0,0
2024-06-20,0.3614096048878657,2.0,0.48780487804878053,1.0210476130578903,0.5231438324108564,3,0.4868928516888284,0.6589521054329958,1.0,1e-06,0.5241497220011588,Utsuroi,1e-06,0.9803921568627451,3.0,0
2024-06-21,0.37150530628791506,1.0,0.9523809523809523,0.660620296978397,0.626831892036762,2,0.24652242630554078,0.33751205400260365,0.6666666666666666,1e-06,0.04829261016541608,Utsuroi,1e-06,0.9803921568627451,3.0,0
2024-06-24,0.4196593261810654,1.0,0.9523809523809523,0.6868596326342418,0.5560105306447356,2,0.30495844381482884,0.33751205400260365,0.6666666666666666,1e-06,0.49770607489739027,Utsuroi,1e-06,0.9803921568627451,3.0,0
2024-06-25,0.4191229060794278,1.0,0.9523809523809523,7.02905511548297e-11,0.9999999999287095,1,5.011050578035246e-21,0.33751205400260365,0.3333333333333333,1e-06,0.7406186718301179,Utsuroi,1e-06,0.9803921568627451,3.0,0
2024-06-26,0.42181876094919585,1.0,0.9523809523809523,0.4456157857305648,0.8363851619083531,2,0.07290935463338838,0.33751205400260365,0.6666666666666666,1e-06,0.26492322867942564,Utsuroi,1e-06,0.9803921568627451,3.0,0
2024-06-27,0.40579492970797315,2.0,0.48780487804878053,2.6102675576200203e-11,0.9999999999728973,1,7.074517703860492e-22,0.6589521054329958,0.3333333333333333,1e-06,0.3196844487936168,Utsuroi,1e-06,0.9803921568627451,3.0,0
2024-06-28,0.39259074259074267,2.0,0.48780487804878053,0.0,0.0,0,0.0,0.6589521054329958,0.0,1e-06,1.0,Utsuroi,1e-06,0.9803921568627451,3.0,0
2024-07-01,0.37601673688630216,0.5,1.8181818181818181,7.823297565285203e-12,0.9999999999911767,1,6.902710929578403e-23,0.1767920282871665,0.3333333333333333,1e-06,0.6588809174701842,Utsuroi,1e-06,0.9803921568627451,3.0,0
2024-07-02,0.3918892701501398,0.5,1.8181818181818181,0.3437912617407894,0.8912987883107827,2,0.03737052671938867,0.1767920282871665,0.6666666666666666,1e-06,0.11049784688021858,Utsuroi,1e-06,0.9803921568627451,3.0,0
2024-07-03,0.3810645875863267,0.0,20.0,7.862488438054125e-12,0.9999999999911375,1,6.968103894512507e-23,0.016072002571568628,0.3333333333333333,1e-06,0.16371839407440136,Utsuroi,1e-06,0.9803921568627451,3.0,0
2024-07-05,0.3680942246159638,1.0,0.9523809523809523,0.15595031426746409,0.9637156299065517,2,0.00565855891907024,0.33751205400260365,0.6666666666666666,1e-06,0.6122515623979048,Utsuroi,1e-06,0.9803921568627451,3.0,0
2024-07-08,0.393704845878759,1.0,0.9523809523809523,0.5519294124025235,0.7592617398669246,2,0.13287052645805417,0.33751205400260365,0.6666666666666666,1e-06,0.7546423381656783,Utsuroi,1e-06,0.9803921568627451,3.0,0
2024-07-09,0.35908511778076996,0.0,20.0,1.2991257779488115,0.4380142490716895,4,0.7300901758708883,0.016072002571568628,1.3333333333333333,1e-06,0.08416923697741585,Utsuroi,1e-06,0.9803921568627451,3.0,0
2024-07-10,0.35678813939683507,1.0,0.9523809523809523,1.2583640486767589,0.45130117642447964,4,0.6904628731386664,0.33751205400260365,1.3333333333333333,1e-06,0.9270450745373605,Utsuroi,1e-06,0.9803921568627451,3.0,0
2024-07-11,0.3417546221894048,1.0,0.9523809523809523,0.6619314213338912,0.6242770568778773,2,0.24870282176857944,0.33751205400260365,0.6666666666666666,1e-06,0.2364859337704598,Utsuroi,1e-06,0.9803921568627451,3.0,0
2024-07-12,0.3115775528819007,0.0,20.0,0.8446537862329198,0.533817545281704,4,0.3937627754531654,0.016072002571568628,1.3333333333333333,1e-06,0.1306121139373737,Utsuroi,1e-06,0.9803921568627451,3.0,0
2024-07-15,0.3282203303942434,0.0,20.0,1.3086900825904544,0.35351127770459717,4,0.846053379374568,0.016072002571568628,1.3333333333333333,1e-06,0.38556346923190055,Utsuroi,1e-06,0.9803921568627451,3.0,0
2024-07-16,0.3162952989039946,0.0,20.0,0.9236968912809477,0.5946959403922495,3,0.37437809988322707,0.016072002571568628,1.0,1e-06,0.44691115890628486,Utsuroi,1e-06,0.9803921568627451,3.0,0
2024-07-17,0.4070190678886331,1.0,0.9523809523809523,0.9853141628989459,0.5065370986483484,3,0.48621598556698775,0.33751205400260365,1.0,1e-06,0.7836671246406223,Utsuroi,1e-06,0.9803921568627451,3.0,0
2024-07-18,0.4129884608145478,0.0,20.0,0.6689021749819923,0.6096549651295591,2,0.26110264281825957,0.016072002571568628,0.6666666666666666,1e-06,0.4614263786705681,Utsuroi,1e-06,0.9803921568627451,3.0,0
2024-07-19,0.4456825782912739,2.0,0.48780487804878053,1.9817592011645322e-11,0.9999999999791824,1,4.125541067567341e-22,0.6589521054329958,0.3333333333333333,1e-06,0.45604095789558874,Utsuroi,1e-06,0.9803921568627451,3.0,0
2024-07-22,0.4497401149575063,1.0,0.9523809523809523,0.6669015852586321,0.6140507969392504,2,0.25739013535051963,0.33751205400260365,0.6666666666666666,1e-06,0.9074424261852836,Utsuroi,1e-06,0.9803921568627451,3.0,0
2024-07-23,0.4424778120430295,1.0,0.9523809523809523,0.9617560360588187,0.4566758471906491,3,0.5225452835009371,0.33751205400260365,1.0,1e-06,0.10784203647923185,Utsuroi,1e-06,0.9803921568627451,3.0,0
2024-07-24,0.4950332276419232,1.0,0.9523809523809523,0.32172075020159635,0.9015243120217712,2,0.0316816722129741,0.33751205400260365,0.6666666666666666,1e-06,0.6718383669260091,Utsuroi,1e-06,0.9803921568627451,3.0,0
2024-07-25,0.4913057956536218,0.0,20.0,1.204017308061487,0.4879857145409779,5,0.6164740616673977,0.016072002571568628,1.6666666666666667,1e-06,0.07052296502686795,Utsuroi,1e-06,0.9803921568627451,3.0,0
2024-07-26,0.5060367169062822,1.0,0.9523809523809523,1.0842150158778692,0.4029484606395216,3,0.6473322442276273,0.33751205400260365,1.0,1e-06,0.8613454686493454,Utsuroi,1e-06,0.9803921568627451,3.0,0
2024-07-29,0.5036021949065427,0.5,1.8181818181818181,1.0871299511792925,0.3708028428475972,3,0.6840190747372413,0.1767920282871665,1.0,1e-06,0.9790212236603903,Utsuroi,1e-06,0.9803921568627451,3.0,0
2024-07-30,0.5545208414773634,0.0,20.0,1.4712699961397757,0.37025578383050245,5,0.9265237704927427,0.016072002571568628,1.6666666666666667,1e-06,0.13807405021327013,Utsuroi,1e-06,0.9803921568627451,3.0,0
2024-07-31,0.6192213583517931,1.0,0.9523809523809523,1.0282540828512934,0.5049533363210968,3,0.5090337531297433,0.33751205400260365,1.0,1e-06,0.5822451637052907,Utsuroi,1e-06,0.9803921568627451,3.0,0
2024-08-01,0.6226599487469053,1.0,0.9523809523809523,0.5895288484230581,0.7235918737072435,2,0.16295056438814393,0.33751205400260365,0.6666666666666666,1e-06,0.395196400873315,Utsuroi,1e-06,0.9803921568627451,3.0,0
2024-08-02,0.648160535117057,0.0,20.0,1.0343384423394293,0.4931279190919935,3,0.5242772786317326,0.016072002571568628,1.0,1e-06,0.13503476514894452,Utsuroi,1e-06,0.9803921568627451,3.0,0
2024-08-05,0.6325493347232477,0.0,20.0,0.6729941082324122,0.6000432956390008,2,0.2691685055830052,0.016072002571568628,0.6666666666666666,1e-06,0.49696082344275094,Utsuroi,1e-06,0.9803921568627451,3.0,0
2024-08-06,0.6471977298064255,0.0,20.0,0.9545480397449084,0.5725940171548103,3,0.4079795431001218,0.016072002571568628,1.0,1e-06,0.3158879251505393,Utsuroi,1e-06,0.9803921568627451,3.0,0
2024-08-07,0.6337322098191664,1.0,0.9523809523809523,0.8554114474287113,0.6734438297347083,3,0.2793398862734099,0.33751205400260365,1.0,1e-06,0.9069367602013535,Utsuroi,1e-06,0.9803921568627451,3.0,0
2024-08-08,0.6770722031591598,1.0,0.9523809523809523,0.0,0.0,0,0.0,0.33751205400260365,0.0,1e-06,1.0,Utsuroi,1e-06,0.9803921568627451,3.0,0
2024-08-09,0.6576785533307273,2.0,0.48780487804878053,0.6319191528115251,0.6731586154340031,2,0.20653733083869064,0.6589521054329958,0.6666666666666666,1e-06,0.062182826876444386,Utsuroi,1e-06,0.9803921568627451,3.0,0
2024-08-12,0.6674166413296848,1.0,0.9523809523809523,0.8010051484864051,0.6121308817595821,3,0.310685160649457,0.33751205400260365,1.0,1e-06,0.9032505178596262,Utsuroi,1e-06,0.9803921568627451,3.0,0
2024-08-13,0.6868790629660194,2.0,0.48780487804878053,4.713018863950723e-11,0.9999999999518698,1,2.2683838272887662e-21,0.6589521054329958,0.3333333333333333,1e-06,0.6416527657713258,Utsuroi,1e-06,0.9803921568627451,3.0,0
2024-08-14,0.6865489582880887,2.0,0.48780487804878053,0.0,0.0,0,0.0,0.6589521054329958,0.0,1e-06,1.0,Utsuroi,1e-06,0.9803921568627451,3.0,0
2024-08-15,0.6886396212483169,2.0,0.48780487804878053,0.47750980745256144,0.8159296142684368,2,0.08789541444839746,0.6589521054329958,0.6666666666666666,1e-06,0.49731553671009143,Utsuroi,1e-06,0.9803921568627451,3.0,0
2024-08-16,0.6587513935340024,1.0,0.9523809523809523,1.9405366202610496e-11,0.9999999999795947,1,3.959731743839785e-22,0.33751205400260365,0.3333333333333333,1e-06,0.03395750250872165,Utsuroi,1e-06,0.9803921568627451,3.0,0
2024-08-19,0.6663988185727316,2.0,0.48780487804878053,2.6734392477194598e-11,0.9999999999722656,1,7.414615422013943e-22,0.6589521054329958,0.3333333333333333,1e-06,0.0409889995224022,Utsuroi,1e-06,0.9803921568627451,3.0,0
2024-08-20,0.6740049805267199,1.0,0.9523809523809523,0.16742194506641356,0.9601642046043575,2,0.006669386348406153,0.33751205400260365,0.6666666666666666,1e-06,0.7980238154914591,Utsuroi,1e-06,0.9803921568627451,3.0,0
2024-08-21,0.6614059853190288,1.0,0.9523809523809523,1.0403879717064268,0.43479125655976414,3,0.5880363781785252,0.33751205400260365,1.0,1e-06,0.17504560870718766,Utsuroi,1e-06,0.9803921568627451,3.0,0
2024-08-22,0.660030549160984,1.0,0.9523809523809523,1.0711916543336049,0.5431853520078472,4,0.4893360385065375,0.33751205400260365,1.3333333333333333,1e-06,0.5206478513534906,Utsuroi,1e-06,0.9803921568627451,3.0,0
2024-08-23,0.6359604163951992,1.0,0.9523809523809523,0.8770838048204944,0.6393703464997753,3,0.3163024286230736,0.33751205400260365,1.0,1e-06,0.140411091218283,Utsuroi,1e-06,0.9803921568627451,3.0,0
2024-08-26,0.6340485601355166,1.5,0.6451612903225806,0.37883032384558435,0.873938645875051,2,0.047755863607567325,0.49823207971788014,0.6666666666666666,1e-06,0.991300663006783,Utsuroi,1e-06,0.9803921568627451,3.0,0
2024-08-27,0.6328931937627591,1.0,0.9523809523809523,8.101552761649154e-11,0.9999999999179845,1,6.6445294506646035e-21,0.33751205400260365,0.3333333333333333,1e-06,0.08679665815690574,Utsuroi,1e-06,0.9803921568627451,3.0,0
2024-08-28,0.6391926913666045,1.0,0.9523809523809523,3.062851083396052e-10,0.9999999996927149,1,9.411684593785005e-20,0.33751205400260365,0.3333333333333333,1e-06,1.0,Utsuroi,1e-06,0.9803921568627451,3.0,0
2024-08-29,0.6194826912218218,1.0,0.9523809523809523,0.956572633491234,0.5546584621243933,3,0.42600152768870525,0.33751205400260365,1.0,1e-06,0.11942505925070956,Utsuroi,1e-06,0.9803921568627451,3.0,0
2024-08-30,0.5843265430221951,2.0,0.48780487804878053,0.9417067591108458,0.6062284386855368,3,0.37081734083546086,0.6589521054329958,1.0,1e-06,0.36934991950130347,Utsuroi,1e-06,0.9803921568627451,3.0,0
2024-09-03,0.6222060548147506,2.0,0.48780487804878053,0.32258197773840364,0.901134984015494,2,0.03189207238542084,0.6589521054329958,0.6666666666666666,1e-06,0.7196753262408997,Utsuroi,1e-06,0.9803921568627451,3.0,0
2024-09-04,0.5808741982655027,2.0,0.48780487804878053,8.589640109923889e-11,0.9999999999131036,1,7.46408622304868e-21,0.6589521054329958,0.3333333333333333,1e-06,0.7307688314059964,Utsuroi,1e-06,0.9803921568627451,3.0,0
2024-09-05,0.583982683982684,1.5,0.6451612903225806,4.861078206507498e-11,0.9999999999503892,1,2.4116178397489713e-21,0.49823207971788014,0.3333333333333333,1e-06,0.06682103219523672,Utsuroi,1e-06,0.9803921568627451,3.0,0
2024-09-06,0.6166768014594102,1.0,0.9523809523809523,8.357892155783505e-11,0.9999999999154211,1,7.06901320171797e-21,0.33751205400260365,0.3333333333333333,1e-06,0.13709102644810545,Utsuroi,1e-06,0.9803921568627451,3.0,0
2024-09-09,0.6192488670749541,1.5,0.6451612903225806,2.892353023708737e-11,0.9999999999700765,1,8.654934917874888e-22,0.49823207971788014,0.3333333333333333,1e-06,0.06998640707927961,Utsuroi,1e-06,0.9803921568627451,3.0,0
2024-09-10,0.572662844401975,1.5,0.6451612903225806,0.689556853603706,0.5423439965050806,2,0.3155798338028033,0.49823207971788014,0.6666666666666666,1e-06,0.3444669603384294,Utsuroi,1e-06,0.9803921568627451,3.0,0
2024-09-11,0.6084104301495606,1.0,0.9523809523809523,5.349887198476058e-10,0.9999999994640113,1,2.8674790732600353e-19,0.33751205400260365,0.3333333333333333,1e-06,0.4139752457161816,Utsuroi,1e-06,0.9803921568627451,3.0,0
2024-09-12,0.6054394880481837,1.0,0.9523809523809523,3.8999359296720716e-11,0.9999999999600007,1,1.5599485221497048e-21,0.33751205400260365,0.3333333333333333,1e-06,1.0,Utsuroi,1e-06,0.9803921568627451,3.0,0
2024-09-13,0.5860320838581708,2.0,0.48780487804878053,1.1867962167849674e-10,0.9999999998803204,1,1.420352959888211e-20,0.6589521054329958,0.3333333333333333,1e-06,0.0409889995224022,Utsuroi,1e-06,0.9803921568627451,3.0,0
2024-09-16,0.5851655590786026,1.0,0.9523809523809523,0.68210903428608,0.5741534643674387,2,0.29047376917439915,0.33751205400260365,0.6666666666666666,1e-06,0.8509375849208272,Utsuroi,1e-06,0.9803921568627451,3.0,0
2024-09-17,0.5825797391014783,1.0,0.9523809523809523,1.0824943429950773,0.49710304560492863,4,0.5443831082421182,0.33751205400260365,1.3333333333333333,1e-06,0.06314552306451371,Utsuroi,1e-06,0.9803921568627451,3.0,0
2024-09-18,0.5876138354399225,1.0,0.9523809523809523,1.3370944331684076,0.37648319844857847,4,0.8337008443413765,0.33751205400260365,1.3333333333333333,1e-06,0.30137721998414735,Utsuroi,1e-06,0.9803921568627451,3.0,0
2024-09-19,0.6036376666811452,1.0,0.9523809523809523,0.6844101297575904,0.5659983926100159,2,0.2970350964287818,0.33751205400260365,0.6666666666666666,1e-06,0.22309612471678308,Utsuroi,1e-06,0.9803921568627451,3.0,0
2024-09-20,0.5728416511025207,1.0,0.9523809523809523,0.0,0.0,0,0.0,0.33751205400260365,0.0,1e-06,1.0,Utsuroi,1e-06,0.9803921568627451,3.0,0
2024-09-23,0.5786459916894698,1.0,0.9523809523809523,2.6335489344457762e-11,0.9999999999726645,1,7.198929057800077e-22,0.33751205400260365,0.3333333333333333,1e-06,0.5174317239301822,Utsuroi,1e-06,0.9803921568627451,3.0,0
2024-09-24,0.5547134025394894,0.0,20.0,0.6246949648136626,0.6828598442284793,2,0.19811585845068957,0.016072002571568628,0.6666666666666666,1e-06,0.1092515124686192,Utsuroi,1e-06,0.9803921568627451,3.0,0
2024-09-25,0.5398036745862834,0.0,20.0,0.819875671061056,0.6925834838750519,3,0.2520433224531938,0.016072002571568628,1.0,1e-06,0.3640609370901827,Utsuroi,1e-06,0.9803921568627451,3.0,0
2024-09-26,0.46221532091097306,3.0,0.3278688524590164,0.7809156813923468,0.6790282694930678,3,0.25065185763650166,0.9803921568627451,1.0,1e-06,0.32540205650173826,Katashi,1e-06,0.9803921568627451,3.0,0
2024-09-27,0.46260044303522574,1.0,0.9523809523809523,0.5609197758841395,0.7512843157941984,2,0.13950954584358866,0.33751205400260365,0.6666666666666666,1e-06,0.1522698472124192,Utsuroi,1e-06,0.9803921568627451,3.0,0
2024-09-30,0.43857157335418195,0.0,20.0,0.7061793174636397,0.7519999257053596,3,0.1751325231963211,0.016072002571568628,1.0,1e-06,0.17030684496724935,Utsuroi,1e-06,0.9803921568627451,3.0,0
2024-10-01,0.45111555111555107,0.0,20.0,1.8326229422696283e-11,0.9999999999806738,1,3.541765088716903e-22,0.016072002571568628,0.3333333333333333,1e-06,0.7737172468531754,Utsuroi,1e-06,0.9803921568627451,3.0,0
2024-10-02,0.44672790977138804,0.0,20.0,0.3706468404369359,0.8781236761654883,2,0.0451730743533306,0.016072002571568628,0.6666666666666666,1e-06,0.5444624200438547,Utsuroi,1e-06,0.9803921568627451,3.0,0
2024-10-03,0.3891383978340501,1.0,0.9523809523809523,0.16850766608405326,0.9598225556221331,2,0.006770207381336211,0.33751205400260365,0.6666666666666666,1e-06,0.7826335478316891,Utsuroi,1e-06,0.9803921568627451,3.0,0
2024-10-04,0.38255005863701524,1.5,0.6451612903225806,0.6746452169124948,0.5958842308568127,2,0.2726347707313652,0.49823207971788014,0.6666666666666666,1e-06,0.2814479265762081,Utsuroi,1e-06,0.9803921568627451,3.0,0
2024-10-07,0.3678604004690962,1.5,0.6451612903225806,4.995518442098688e-10,0.9999999994994482,1,2.500515859093264e-19,0.49823207971788014,0.3333333333333333,1e-06,0.7962617454003242,Utsuroi,1e-06,0.9803921568627451,3.0,0
2024-10-08,0.28622826448913413,1.0,0.9523809523809523,0.23980510959348256,0.9352638321483956,2,0.015524063826316077,0.33751205400260365,0.6666666666666666,1e-06,0.8697923694654212,Utsuroi,1e-06,0.9803921568627451,3.0,0
2024-10-09,0.2665870361522536,1.0,0.9523809523809523,0.0,0.0,0,0.0,0.33751205400260365,0.0,1e-06,1.0,Utsuroi,1e-06,0.9803921568627451,3.0,0
2024-10-10,0.2706583271800663,1.5,0.6451612903225806,0.6931436220146375,0.5013338936151754,2,0.3456472311555139,0.49823207971788014,0.6666666666666666,1e-06,0.11097318421717062,Utsuroi,1e-06,0.9803921568627451,3.0,0
2024-10-11,0.21624607276781185,1.0,0.9523809523809523,0.7060146822077312,0.71292124167542,3,0.2026818183271184,0.33751205400260365,1.0,1e-06,0.874814156950194,Utsuroi,1e-06,0.9803921568627451,3.0,0
2024-10-14,0.2364099668447494,2.0,0.48780487804878053,0.6731442973898929,0.5996723416495582,2,0.26947828030604926,0.6589521054329958,0.6666666666666666,1e-06,0.476869841819225,Utsuroi,1e-06,0.9803921568627451,3.0,0
2024-10-15,0.234401830054004,1.5,0.6451612903225806,1.1484790895405915e-10,0.9999999998841521,1,1.3304887560211234e-20,0.49823207971788014,0.3333333333333333,1e-06,0.3970881256654414,Utsuroi,1e-06,0.9803921568627451,3.0,0
2024-10-16,0.22888633106024414,3.0,0.3278688524590164,3.214905008354784e-10,0.9999999996775095,1,1.0367762553307672e-19,0.9803921568627451,0.3333333333333333,1e-06,0.01833887059354411,Katashi,1e-06,0.9803921568627451,3.0,0
2024-10-17,0.2083648235822149,1.0,0.9523809523809523,7.340350549577404e-12,0.9999999999916597,1,6.122093435932988e-23,0.33751205400260365,0.3333333333333333,1e-06,0.13246581977362681,Utsuroi,1e-06,0.9803921568627451,3.0,0
2024-10-18,0.17847659586790024,2.0,0.48780487804878053,0.7000190790989578,0.6594795442834107,3,0.23837081582508426,0.6589521054329958,1.0,1e-06,0.02735507426618833,Utsuroi,1e-06,0.9803921568627451,3.0,0
2024-10-21,0.14915229697838392,1.5,0.6451612903225806,0.8953780889775846,0.4703029733548849,3,0.4742791114546119,0.49823207971788014,1.0,1e-06,0.9036134360181662,Utsuroi,1e-06,0.9803921568627451,3.0,0
2024-10-22,0.17118678423026248,1.0,0.9523809523809523,0.5191579294817699,0.7860387699495699,2,0.11107966918235393,0.33751205400260365,0.6666666666666666,1e-06,0.27024630353520585,Utsuroi,1e-06,0.9803921568627451,3.0,0
2024-10-23,0.1685321924452359,2.0,0.48780487804878053,0.9027596303941499,0.6080659880264675,3,0.3538222037881225,0.6589521054329958,1.0,1e-06,0.031378897356310276,Utsuroi,1e-06,0.9803921568627451,3.0,0
2024-10-24,0.15818891253673867,1.0,0.9523809523809523,1.0109009091945715,0.5373153041802478,3,0.4677283796746013,0.33751205400260365,1.0,1e-06,0.7831103283419562,Utsuroi,1e-06,0.9803921568627451,3.0,0
2024-10-25,0.15975690975690973,0.5,1.8181818181818181,0.2461174670073878,0.9435184100007807,3,0.013901105863157652,0.1767920282871665,1.0,1e-06,0.8834683879387473,Utsuroi,1e-06,0.9803921568627451,3.0,0
2024-10-28,0.1718057305013827,1.0,0.9523809523809523,0.5931659209775311,0.719774761265568,2,0.16622006181505783,0.33751205400260365,0.6666666666666666,1e-06,0.9563342661241999,Utsuroi,1e-06,0.9803921568627451,3.0,0
2024-10-29,0.1590829460394678,0.0,20.0,7.2043482290619474e-12,0.9999999999917957,1,5.910682226231365e-23,0.016072002571568628,0.3333333333333333,1e-06,0.22940822790555893,Utsuroi,1e-06,0.9803921568627451,3.0,0
2024-10-30,0.17378635856896732,0.0,20.0,8.26749779743371e-12,0.9999999999907325,1,7.661883473708347e-23,0.016072002571568628,0.3333333333333333,1e-06,1.0,Utsuroi,1e-06,0.9803921568627451,3.0,0
2024-10-31,0.19509186465708206,0.0,20.0,8.04600830402302e-12,0.999999999990954,1,7.27840799412118e-23,0.016072002571568628,0.3333333333333333,1e-06,1.0,Utsuroi,1e-06,0.9803921568627451,3.0,0
2024-11-01,0.17939813809379027,1.0,0.9523809523809523,0.6412818744993238,0.6596280612725618,2,0.21827435489410058,0.33751205400260365,0.6666666666666666,1e-06,0.555244136272744,Utsuroi,1e-06,0.9803921568627451,3.0,0
2024-11-04,0.19163951990038947,0.0,20.0,0.8259301761975311,0.7154964874096246,4,0.23498003628258526,0.016072002571568628,1.3333333333333333,1e-06,0.1383071383543305,Utsuroi,1e-06,0.9803921568627451,3.0,0
2024-11-05,0.24474510996250126,0.0,20.0,0.8869756426304878,0.6161016294715765,4,0.34050850390424553,0.016072002571568628,1.3333333333333333,1e-06,0.7009114711676723,Utsuroi,1e-06,0.9803921568627451,3.0,0
2024-11-06,0.22663061576105056,1.0,0.9523809523809523,1.3693495724906866,0.3085343028859986,4,0.9468582567350324,0.33751205400260365,1.3333333333333333,1e-06,0.4784873031336341,Utsuroi,1e-06,0.9803921568627451,3.0,0
2024-11-07,0.28118041378910946,0.0,20.0,1.116215161786255,0.5004082560553592,5,0.5576518792942445,0.016072002571568628,1.6666666666666667,1e-06,0.5810568709146754,Utsuroi,1e-06,0.9803921568627451,3.0,0
2024-11-08,0.2891716978673501,0.0,20.0,1.4832558037885786,0.40767570150505644,6,0.8785684534676234,0.016072002571568628,2.0,1e-06,0.17613093443146055,Utsuroi,1e-06,0.9803921568627451,3.0,0
2024-11-11,0.2931604627256802,1.0,0.9523809523809523,1.2056514087162475,0.34839882569639385,4,0.7856038737203038,0.33751205400260365,1.3333333333333333,1e-06,0.7250946064361923,Utsuroi,1e-06,0.9803921568627451,3.0,0
2024-11-12,0.30021645021645027,1.0,0.9523809523809523,1.0843523015450565,0.39577073513280914,3,0.655197394019616,0.33751205400260365,1.0,1e-06,0.10168042184362691,Utsuroi,1e-06,0.9803921568627451,3.0,0
2024-11-13,0.29412326803631156,0.0,20.0,1.0630330541319526,0.46191669569017796,3,0.572000338357883,0.016072002571568628,1.0,1e-06,0.44544253567082215,Utsuroi,1e-06,0.9803921568627451,3.0,0
2024-11-14,0.26917285612937786,0.0,20.0,0.6903957206965514,0.5370738143765944,2,0.31960225755277666,0.016072002571568628,0.6666666666666666,1e-06,0.4613449031627018,Utsuroi,1e-06,0.9803921568627451,3.0,0
2024-11-15,0.27855333072724375,1.0,0.9523809523809523,0.8793230674133236,0.49071315599109816,3,0.44782766986715833,0.33751205400260365,1.0,1e-06,0.61265476962334,Utsuroi,1e-06,0.9803921568627451,3.0,0
2024-11-18,0.3336120401337793,1.0,0.9523809523809523,2.3357760170187593e-11,0.9999999999756423,1,5.689422036312738e-22,0.33751205400260365,0.3333333333333333,1e-06,0.6836501785210848,Utsuroi,1e-06,0.9803921568627451,3.0,0
2024-11-19,0.3493882928665538,3.0,0.3278688524590164,4.919242790764707e-11,0.9999999999498076,1,2.469086303197519e-21,0.9803921568627451,0.3333333333333333,1e-06,0.018808802769168076,Katashi,1e-06,0.9803921568627451,3.0,0
2024-11-20,0.35091502700198357,3.0,0.3278688524590164,2.1298296459555972e-11,0.9999999999777017,1,4.749152573890213e-22,0.9803921568627451,0.3333333333333333,1e-06,1.0,Katashi,1e-06,0.9803921568627451,3.0,0
2024-11-21,0.3920543224891051,3.0,0.3278688524590164,1.0189566963273538,0.5055684384215209,3,0.5038043505459816,0.9803921568627451,1.0,1e-06,0.4091395984022246,Katashi,1e-06,0.9803921568627451,3.0,0
2024-11-22,0.3953828779915737,3.0,0.3278688524590164,0.6506371792255576,0.644748283371045,2,0.23113997482250045,0.9803921568627451,0.6666666666666666,1e-06,0.6289106877223185,Katashi,1e-06,0.9803921568627451,3.0,0
2024-11-25,0.39608435043217655,1.0,0.9523809523809523,0.6859643755501379,0.5598564570746887,2,0.3019227905751865,0.33751205400260365,0.6666666666666666,1e-06,0.4786468335285262,Utsuroi,1e-06,0.9803921568627451,3.0,0
2024-11-26,0.3848607913825306,2.0,0.48780487804878053,0.5292272203875127,0.778159778452086,2,0.11740388381995255,0.6589521054329958,0.6666666666666666,1e-06,0.32010635201577897,Utsuroi,1e-06,0.9803921568627451,3.0,0
2024-11-27,0.40082960517743127,2.0,0.48780487804878053,0.39069990016388245,0.8677190025823915,2,0.05168217248463842,0.6589521054329958,0.6666666666666666,1e-06,0.9345550684023405,Utsuroi,1e-06,0.9803921568627451,3.0,0
2024-11-29,0.41685343641865386,2.0,0.48780487804878053,2.7036484162186677e-11,0.9999999999719635,1,7.580073619314344e-22,0.6589521054329958,0.3333333333333333,1e-06,0.73632972272411,Utsuroi,1e-06,0.9803921568627451,3.0,0
2024-12-02,0.3846269672356629,2.0,0.48780487804878053,1.2922884984237937e-11,0.9999999999860771,1,1.7992355542488155e-22,0.6589521054329958,0.3333333333333333,1e-06,1.0,Utsuroi,1e-06,0.9803921568627451,3.0,0
2024-12-03,0.3490444338270425,2.0,0.48780487804878053,0.6008583714131981,0.7114388006764052,2,0.17338441227861442,0.6589521054329958,0.6666666666666666,1e-06,0.4973914220197124,Utsuroi,1e-06,0.9803921568627451,3.0,0
2024-12-04,0.3730457947849252,2.0,0.48780487804878053,1.1944667477253852e-11,0.9999999999870554,1,1.5461948438382367e-22,0.6589521054329958,0.3333333333333333,1e-06,0.7963959804968443,Utsuroi,1e-06,0.9803921568627451,3.0,0
2024-12-05,0.3615609028652507,2.0,0.48780487804878053,5.033307104422909e-12,0.9999999999939667,1,3.036737616653508e-23,0.6589521054329958,0.3333333333333333,1e-06,1.0,Utsuroi,1e-06,0.9803921568627451,3.0,0
2024-12-06,0.3197476436606871,0.0,20.0,0.6281124776759992,0.6783425665551575,2,0.20203704748394286,0.016072002571568628,0.6666666666666666,1e-06,0.2655803845242941,Utsuroi,1e-06,0.9803921568627451,3.0,0
2024-12-09,0.3513689209341383,1.0,0.9523809523809523,0.7207375266403468,0.5723036886107057,3,0.3082567816239196,0.33751205400260365,1.0,1e-06,0.6160454920430574,Utsuroi,1e-06,0.9803921568627451,3.0,0
2024-12-10,0.3377658573310748,1.0,0.9523809523809523,0.7275531324394481,0.6528347179802176,3,0.25258118840771704,0.33751205400260365,1.0,1e-06,0.6525049985661666,Utsuroi,1e-06,0.9803921568627451,3.0,0
2024-12-11,0.3682317682317683,1.0,0.9523809523809523,0.7362644515826795,0.7221792782338525,3,0.20454952134945675,0.33751205400260365,1.0,1e-06,0.7125493507776514,Utsuroi,1e-06,0.9803921568627451,3.0,0
2024-12-12,0.37252312904486823,1.0,0.9523809523809523,1.0437277829007172,0.4085548043267391,3,0.6173077827873334,0.33751205400260365,1.0,1e-06,0.3286964161476935,Utsuroi,1e-06,0.9803921568627451,3.0,0
2024-12-13,0.34340514557905866,1.5,0.6451612903225806,0.6534517488179867,0.6399416692706769,2,0.23528074589156125,0.49823207971788014,0.6666666666666666,1e-06,0.7505557296568707,Utsuroi,1e-06,0.9803921568627451,3.0,0
2024-12-16,0.31983016983016993,1.0,0.9523809523809523,0.5221553140917634,0.7837230152010113,2,0.11293017692853549,0.33751205400260365,0.6666666666666666,1e-06,0.3532489766522767,Utsuroi,1e-06,0.9803921568627451,3.0,0
2024-12-17,0.33053106313975883,1.5,0.6451612903225806,0.6254076950227794,0.6819279214142964,2,0.19892472551938925,0.49823207971788014,0.6666666666666666,1e-06,0.19012760681210805,Utsuroi,1e-06,0.9803921568627451,3.0,0
2024-12-18,0.38578233360842057,1.0,0.9523809523809523,0.6663995052351871,0.6151267380288534,2,0.2564793513558246,0.33751205400260365,0.6666666666666666,1e-06,0.580012330559354,Utsuroi,1e-06,0.9803921568627451,3.0,0
2024-12-19,0.35806729502381673,1.0,0.9523809523809523,0.7922613801877016,0.6075722995197697,3,0.31090531160635326,0.33751205400260365,1.0,1e-06,0.1384937319529509,Utsuroi,1e-06,0.9803921568627451,3.0,0
2024-12-20,0.36845183801705556,1.0,0.9523809523809523,0.6318086461670736,0.6733114910223318,2,0.20640462457552042,0.33751205400260365,0.6666666666666666,1e-06,0.21972565420642243,Utsuroi,1e-06,0.9803921568627451,3.0,0
2024-12-23,0.377667260275956,1.0,0.9523809523809523,0.6901612416844674,0.538619721299008,2,0.3184267860370022,0.33751205400260365,0.6666666666666666,1e-06,0.4813954969997126,Utsuroi,1e-06,0.9803921568627451,3.0,0
2024-12-24,0.3556602817472383,1.0,0.9523809523809523,0.6558473205000275,0.6357087710258014,2,0.23891942640439015,0.33751205400260365,0.6666666666666666,1e-06,0.5857804006993039,Utsuroi,1e-06,0.9803921568627451,3.0,0
2024-12-26,0.3588925567186436,0.5,1.8181818181818181,0.6630394128657695,0.6220745125689681,2,0.25057949329328116,0.1767920282871665,0.6666666666666666,1e-06,0.7023092043915501,Utsuroi,1e-06,0.9803921568627451,3.0,0
2024-12-27,0.38766668114494207,1.0,0.9523809523809523,0.6310343014673098,0.6743786283149851,2,0.20547825482408064,0.33751205400260365,0.6666666666666666,1e-06,0.5147643513496356,Utsuroi,1e-06,0.9803921568627451,3.0,0
2024-12-30,0.4168671907802343,2.0,0.48780487804878053,0.64986491457475,0.6460378628078375,2,0.23002757404908064,0.6589521054329958,0.6666666666666666,1e-06,0.1493968349994813,Utsuroi,1e-06,0.9803921568627451,3.0,0
2024-12-31,0.41389624867885744,2.0,0.48780487804878053,0.6744921088191813,0.5962776610826089,2,0.27230753175380334,0.6589521054329958,0.6666666666666666,1e-06,0.6733883572246193,Utsuroi,1e-06,0.9803921568627451,3.0,0
2025-01-02,0.41374495070147244,2.0,0.48780487804878053,0.6931433112710241,0.5013909140406206,2,0.3456075528717029,0.6589521054329958,0.6666666666666666,1e-06,0.598349847571398,Utsuroi,1e-06,0.9803921568627451,3.0,0
2025-01-03,0.4920760399021269,1.0,0.9523809523809523,1.1847300917995481e-11,0.9999999999871527,1,1.5220557787782876e-22,0.33751205400260365,0.3333333333333333,1e-06,0.26106877706339693,Utsuroi,1e-06,0.9803921568627451,3.0,0
2025-01-06,0.4849237718802937,0.0,20.0,1.207730943340805,0.42365672110413605,4,0.6960676119090345,0.016072002571568628,1.3333333333333333,1e-06,0.04987627145585327,Utsuroi,1e-06,0.9803921568627451,3.0,0
2025-01-07,0.4935064935064935,1.0,0.9523809523809523,0.9748659593025755,0.4597213016441881,3,0.5266993115633853,0.33751205400260365,1.0,1e-06,0.8454926376228766,Utsuroi,1e-06,0.9803921568627451,3.0,0
2025-01-08,0.4957759631672677,1.0,0.9523809523809523,0.4487175167194785,0.8344759579552482,2,0.07427353710369158,0.33751205400260365,0.6666666666666666,1e-06,0.581850953396076,Utsuroi,1e-06,0.9803921568627451,3.0,0
2025-01-10,0.47786778438952354,1.0,0.9523809523809523,4.1291192678687796e-10,0.9999999995860881,1,1.7090916211068732e-19,0.33751205400260365,0.3333333333333333,1e-06,0.5492180985091051,Utsuroi,1e-06,0.9803921568627451,3.0,0
2025-01-13,0.479174448739666,1.0,0.9523809523809523,9.904155273187455e-11,0.9999999998999585,1,9.908268529798621e-21,0.33751205400260365,0.3333333333333333,1e-06,1.0,Utsuroi,1e-06,0.9803921568627451,3.0,0
2025-01-14,0.4566723131940523,2.0,0.48780487804878053,0.0,0.0,0,0.0,0.6589521054329958,0.0,1e-06,0.13799811828712172,Utsuroi,1e-06,0.9803921568627451,3.0,0
2025-01-15,0.4465903661555836,1.0,0.9523809523809523,0.6626807733507111,0.6227919508180726,2,0.2499685217459927,0.33751205400260365,0.6666666666666666,1e-06,0.7077903592135016,Utsuroi,1e-06,0.9803921568627451,3.0,0
2025-01-16,0.46748324139628494,1.0,0.9523809523809523,1.0552814177487951e-10,0.9999999998934719,1,1.124171451436866e-20,0.33751205400260365,0.3333333333333333,1e-06,0.7037670504569766,Utsuroi,1e-06,0.9803921568627451,3.0,0
2025-01-17,0.4621190403799101,-0.5,1.8181818181818181,0.0,0.0,0,0.0,0.1767920282871665,0.0,1e-06,0.43917740396639127,Utsuroi,1e-06,0.9803921568627451,3.0,0
2025-01-21,0.4918697244784201,-1.0,0.9523809523809523,0.0,0.0,0,0.0,0.33751205400260365,0.0,1e-06,0.04365798932536913,Utsuroi,1e-06,0.9803921568627451,3.0,0
2025-01-22,0.48385093167701865,1.0,0.9523809523809523,0.6813528627137567,0.7701548449161414,3,0.15660565439727445,0.33751205400260365,1.0,1e-06,0.13658267791766487,Utsuroi,1e-06,0.9803921568627451,3.0,0
2025-01-23,0.40783057522187954,0.5,1.8181818181818181,0.754313593283757,0.5029420314292162,3,0.37493758234295266,0.1767920282871665,1.0,1e-06,0.7323428817629052,Utsuroi,1e-06,0.9803921568627451,3.0,0
2025-01-24,0.4172523129044868,0.0,20.0,0.5867247099830148,0.7264839466183156,2,0.16047862709606758,0.016072002571568628,0.6666666666666666,1e-06,0.3828051365626187,Utsuroi,1e-06,0.9803921568627451,3.0,0
2025-01-27,0.48482749134923053,1.0,0.9523809523809523,1.0249075145267195,0.4595331059608814,3,0.5539285810536089,0.33751205400260365,1.0,1e-06,0.4707495483077919,Utsuroi,1e-06,0.9803921568627451,3.0,0
2025-01-28,0.45001520218911534,0.5,1.8181818181818181,0.6570863390688063,0.7852242378404872,3,0.14112621927810692,0.1767920282871665,1.0,1e-06,0.6924002984925426,Utsuroi,1e-06,0.9803921568627451,3.0,0
2025-01-29,0.4402633598285773,0.0,20.0,0.4755142208437837,0.8172658252683024,2,0.08689269871907503,0.016072002571568628,0.6666666666666666,1e-06,0.30396910881387595,Utsuroi,1e-06,0.9803921568627451,3.0,0
2025-01-30,0.48199409286365796,0.0,20.0,0.6419282449710528,0.6586479032807678,2,0.21912355236416578,0.016072002571568628,0.6666666666666666,1e-06,0.7510613024528591,Utsuroi,1e-06,0.9803921568627451,3.0,0
2025-01-31,0.4493274841100928,1.0,0.9523809523809523,0.634750487351132,0.669190418938073,2,0.209981542799482,0.33751205400260365,0.6666666666666666,1e-06,0.8016277853917342,Utsuroi,1e-06,0.9803921568627451,3.0,0
2025-02-03,0.43641213858605166,0.5,1.8181818181818181,0.6594639792711802,0.6290412372979798,2,0.2446339417969877,0.1767920282871665,0.6666666666666666,1e-06,0.7698699030037284,Utsuroi,1e-06,0.9803921568627451,3.0,0
2025-02-04,0.4258762976154281,1.0,0.9523809523809523,0.6164104208305445,0.6933298456257323,2,0.1890346789140104,0.33751205400260365,0.6666666666666666,1e-06,0.5303088624931855,Utsuroi,1e-06,0.9803921568627451,3.0,0
2025-02-05,0.45119807728503386,0.0,20.0,1.0470766600596997,0.4657682377339834,3,0.5593816093313082,0.016072002571568628,1.0,1e-06,0.1342242362088395,Utsuroi,1e-06,0.9803921568627451,3.0,0
2025-02-06,0.4254774211295951,1.0,0.9523809523809523,0.6897739991537257,0.5410450174488193,2,0.31657521374585634,0.33751205400260365,0.6666666666666666,1e-06,0.8831300292369801,Utsuroi,1e-06,0.9803921568627451,3.0,0
2025-02-07,0.44238153151196624,0.0,20.0,1.0856912205565077,0.40709631184247536,3,0.643710328868198,0.016072002571568628,1.0,1e-06,0.14858613734278314,Utsuroi,1e-06,0.9803921568627451,3.0,0
2025-02-10,0.42282282934456844,0.0,20.0,0.7207901843698443,0.6320353920340941,3,0.2652252776173228,0.016072002571568628,1.0,1e-06,0.7329064387662667,Utsuroi,1e-06,0.9803921568627451,3.0,0
2025-02-11,0.42286409242930983,1.0,0.9523809523809523,1.0299214085586628,0.4442477213921576,3,0.5723811695934754,0.33751205400260365,1.0,1e-06,0.6483696961089072,Utsuroi,1e-06,0.9803921568627451,3.0,0
2025-02-12,0.4289297658862877,0.0,20.0,0.930855006183321,0.5665039347829954,3,0.40352198246802007,0.016072002571568628,1.0,1e-06,0.438791693469315,Utsuroi,1e-06,0.9803921568627451,3.0,0
2025-02-13,0.3905550970768362,-1.0,0.9523809523809523,1.259448619962249,0.4091154633713915,4,0.744188714213934,0.33751205400260365,1.3333333333333333,1e-06,0.5066327923202523,Utsuroi,1e-06,0.9803921568627451,3.0,0
2025-02-14,0.3855897725462943,0.0,20.0,1.3361099441200803,0.43853540776806693,5,0.7501784249524117,0.016072002571568628,1.6666666666666667,1e-06,0.37781609940116345,Utsuroi,1e-06,0.9803921568627451,3.0,0
2025-02-18,0.38351286394764655,-1.0,0.9523809523809523,0.7355990224191594,0.5295542470389712,3,0.3460594359793781,0.33751205400260365,1.0,1e-06,0.6300378722444777,Utsuroi,1e-06,0.9803921568627451,3.0,0
2025-02-19,0.3720967438358743,0.0,20.0,1.3835545568403358,0.36266753593931345,5,0.8817842348734424,0.016072002571568628,1.6666666666666667,1e-06,0.11256928932828458,Utsuroi,1e-06,0.9803921568627451,3.0,0
2025-02-20,0.3922468835512314,0.0,20.0,1.1539258183552648,0.3831848895770344,4,0.7117588810687135,0.016072002571568628,1.3333333333333333,1e-06,0.18858402157450482,Utsuroi,1e-06,0.9803921568627451,3.0,0
2025-02-21,0.43631585805498846,0.0,20.0,1.4045000494617526,0.35162837650902395,5,0.9106379772626726,0.016072002571568628,1.6666666666666667,1e-06,0.13193682808338203,Utsuroi,1e-06,0.9803921568627451,3.0,0
2025-02-24,0.49248867074954045,0.0,20.0,0.8542973555585682,0.6760578842128276,3,0.2767428928710289,0.016072002571568628,1.0,1e-06,0.45712301915585474,Utsuroi,1e-06,0.9803921568627451,3.0,0
2025-02-25,0.5360899969595622,-0.5,1.8181818181818181,0.6162255462434143,0.7831987869135322,3,0.13359844596044348,0.1767920282871665,1.0,1e-06,0.9211126596076786,Utsuroi,1e-06,0.9803921568627451,3.0,0
2025-02-26,0.5515086362912449,0.5,1.8181818181818181,1.030482130115097,0.50854972853875,3,0.5064307225810316,0.1767920282871665,1.0,1e-06,0.36451570042436154,Utsuroi,1e-06,0.9803921568627451,3.0,0
2025-02-27,0.5359524533437576,0.0,20.0,1.4105907930177637,0.40555750787732214,5,0.838515106366784,0.016072002571568628,1.6666666666666667,1e-06,0.09775898507469227,Utsuroi,1e-06,0.9803921568627451,3.0,0
2025-02-28,0.5428571428571429,-1.0,0.9523809523809523,1.1702256567084763,0.5152187814233464,4,0.5673034198687998,0.33751205400260365,1.3333333333333333,1e-06,0.7583655965928046,Utsuroi,1e-06,0.9803921568627451,3.0,0
2025-03-03,0.5716312672834414,0.0,20.0,0.304398318422447,0.9091941471450131,2,0.027641148911974167,0.016072002571568628,0.6666666666666666,1e-06,0.5746564870523919,Utsuroi,1e-06,0.9803921568627451,3.0,0
2025-03-04,0.5350309111178677,-1.0,0.9523809523809523,0.7682976222936293,0.588038257272195,3,0.31650922741371235,0.33751205400260365,1.0,1e-06,0.5466423611787239,Utsuroi,1e-06,0.9803921568627451,3.0,0
2025-03-05,0.5471072405855016,-1.0,0.9523809523809523,1.1500253070058875,0.42380240907047484,4,0.66264181140478,0.33751205400260365,1.3333333333333333,1e-06,0.11316243194482156,Utsuroi,1e-06,0.9803921568627451,3.0,0
2025-03-06,0.5949174014391406,0.0,20.0,0.6927130767994458,0.5147316146931997,2,0.3361517562593726,0.016072002571568628,0.6666666666666666,1e-06,0.6746324791443741,Utsuroi,1e-06,0.9803921568627451,3.0,0
2025-03-07,0.578095817226252,0.0,20.0,0.6882806954306735,0.5492878573631212,2,0.3102164669731598,0.016072002571568628,0.6666666666666666,1e-06,0.6580535096502358,Utsuroi,1e-06,0.9803921568627451,3.0,0
2025-03-10,0.5910524258350346,0.5,1.8181818181818181,0.3845682827281568,0.8709544592875774,2,0.04962682198550279,0.1767920282871665,0.6666666666666666,1e-06,0.9101759294329294,Utsuroi,1e-06,0.9803921568627451,3.0,0
2025-03-11,0.5900346030780814,2.0,0.48780487804878053,0.22463660333990537,0.9408448242339535,2,0.01328841775405976,0.6589521054329958,0.6666666666666666,1e-06,0.14077716392096573,Utsuroi,1e-06,0.9803921568627451,3.0,0
2025-03-12,0.6116151963978051,1.5,0.6451612903225806,1.025727495947284,0.42473714090627745,3,0.5900629319696793,0.49823207971788014,1.0,1e-06,0.4053117326717146,Utsuroi,1e-06,0.9803921568627451,3.0,0
2025-03-13,0.6243242264981397,1.0,0.9523809523809523,5.988654016945249e-11,0.9999999999391135,1,3.646282908954593e-21,0.33751205400260365,0.3333333333333333,1e-06,0.5426040947833767,Utsuroi,1e-06,0.9803921568627451,3.0,0
2025-03-14,0.6398253919993052,1.0,0.9523809523809523,0.0,0.0,0,0.0,0.33751205400260365,0.0,1e-06,1.0,Utsuroi,1e-06,0.9803921568627451,3.0,0
2025-03-17,0.6378035008469792,1.0,0.9523809523809523,4.6401549268480537e-11,0.9999999999525985,1,2.199504297353728e-21,0.33751205400260365,0.3333333333333333,1e-06,0.5174317239301822,Utsuroi,1e-06,0.9803921568627451,3.0,0
2025-03-18,0.6675541849454895,1.0,0.9523809523809523,5.953537662678487e-11,0.9999999999394646,1,3.603995129804022e-21,0.33751205400260365,0.3333333333333333,1e-06,1.0,Utsuroi,1e-06,0.9803921568627451,3.0,0
2025-03-19,0.6846921194747281,1.0,0.9523809523809523,1.1680056920954177e-10,0.9999999998821995,1,1.3759170953863355e-20,0.33751205400260365,0.3333333333333333,1e-06,1.0,Utsuroi,1e-06,0.9803921568627451,3.0,0
2025-03-20,0.7042645760037065,1.0,0.9523809523809523,0.4898047874200988,0.8075160157574486,2,0.09427957698369654,0.33751205400260365,0.6666666666666666,1e-06,0.2670623268908975,Utsuroi,1e-06,0.9803921568627451,3.0,0
2025-03-21,0.6964383442644312,-1.0,0.9523809523809523,1.8798296252757664e-11,0.9999999999802017,1,3.7217382241222685e-22,0.33751205400260365,0.3333333333333333,1e-06,0.5658075354314915,Utsuroi,1e-06,0.9803921568627451,3.0,0
2025-03-24,0.7002207936990548,0.0,20.0,3.321865005231697e-11,0.9999999999657814,1,1.1366966265163671e-21,0.016072002571568628,0.3333333333333333,1e-06,0.12999913613928193,Utsuroi,1e-06,0.9803921568627451,3.0,0
2025-03-25,0.687442991790818,0.0,20.0,1.1456084751175262,0.42177144450674947,4,0.6624235337280325,0.016072002571568628,1.3333333333333333,1e-06,0.20546014933163237,Utsuroi,1e-06,0.9803921568627451,3.0,0
2025-03-26,0.6896849527284312,0.0,20.0,1.156580464469931,0.45755070342700566,4,0.627386259381781,0.016072002571568628,1.3333333333333333,1e-06,0.49989943147552807,Utsuroi,1e-06,0.9803921568627451,3.0,0
2025-03-27,0.686493940841767,0.0,20.0,0.9829121249668613,0.4559162420668217,3,0.5347865226700557,0.016072002571568628,1.0,1e-06,0.3099417194995939,Utsuroi,1e-06,0.9803921568627451,3.0,0
2025-03-28,0.6918581418581419,-1.0,0.9523809523809523,0.3815876849863192,0.8725097966534744,2,0.04864869155343579,0.33751205400260365,0.6666666666666666,1e-06,0.9840483806259701,Utsuroi,1e-06,0.9803921568627451,3.0,0
2025-03-31,0.6746789442441616,0.0,20.0,0.40279240017705387,0.8611927366470624,2,0.05591051076793814,0.016072002571568628,0.6666666666666666,1e-06,0.20186774098544624,Utsuroi,1e-06,0.9803921568627451,3.0,0
2025-04-01,0.6967959576655229,0.0,20.0,0.6731853570015717,0.5995706808457837,2,0.2695631541687274,0.016072002571568628,0.6666666666666666,1e-06,0.6985166591615375,Utsuroi,1e-06,0.9803921568627451,3.0,0
2025-04-02,0.689781233259494,0.0,20.0,1.1813003105819049,0.49662216811393917,4,0.5946403891470496,0.016072002571568628,1.3333333333333333,1e-06,0.2103753203695753,Utsuroi,1e-06,0.9803921568627451,3.0,0
2025-04-03,0.7360096425313818,1.5,0.6451612903225806,1.3130737122219034,0.3934320789763326,4,0.7964683917732693,0.49823207971788014,1.3333333333333333,1e-06,0.6404005000766961,Utsuroi,1e-06,0.9803921568627451,3.0,0
2025-04-04,0.7617027899636596,0.0,20.0,0.9409296714171433,0.6834849364290674,4,0.2978184147643739,0.016072002571568628,1.3333333333333333,1e-06,0.6516723244688066,Utsuroi,1e-06,0.9803921568627451,3.0,0
2025-04-07,0.7213199843634627,0.0,20.0,0.9185048331767631,0.6268814726982179,3,0.34271117067448287,0.016072002571568628,1.0,1e-06,0.5168734895580658,Utsuroi,1e-06,0.9803921568627451,3.0,0
2025-04-08,0.7300677583286278,2.0,0.48780487804878053,0.6931459187570537,0.5007942938232302,2,0.3460223978566609,0.6589521054329958,0.6666666666666666,1e-06,0.5769614065685571,Utsuroi,1e-06,0.9803921568627451,3.0,0
2025-04-09,0.7448261883044491,2.0,0.48780487804878053,0.6842862590199619,0.5664632171916111,2,0.2966632632555022,0.6589521054329958,0.6666666666666666,1e-06,0.6476702259097443,Utsuroi,1e-06,0.9803921568627451,3.0,0
2025-04-10,0.778056725882813,1.0,0.9523809523809523,0.6511299610843185,0.6439189966236488,2,0.23185500987130864,0.33751205400260365,0.6666666666666666,1e-06,0.32692428374061167,Utsuroi,1e-06,0.9803921568627451,3.0,0
2025-04-11,0.7672457976805804,2.0,0.48780487804878053,0.5431579306238654,0.7667631917076011,2,0.1266844221374146,0.6589521054329958,0.6666666666666666,1e-06,0.23087161382467603,Utsuroi,1e-06,0.9803921568627451,3.0,0
2025-04-14,0.7559809755461929,2.0,0.48780487804878053,0.35754055051513745,0.8846579008061101,2,0.041239477643355,0.6589521054329958,0.6666666666666666,1e-06,0.9477379369610018,Utsuroi,1e-06,0.9803921568627451,3.0,0
2025-04-15,0.7447986795812884,2.0,0.48780487804878053,0.4534264569033848,0.8315459287591868,2,0.07638153267367231,0.6589521054329958,0.6666666666666666,1e-06,0.9035227244351108,Utsuroi,1e-06,0.9803921568627451,3.0,0
2025-04-16,0.7502316524055654,2.0,0.48780487804878053,0.6503238067205114,0.6452730379699274,2,0.23068738829379912,0.6589521054329958,0.6666666666666666,1e-06,0.7190453793676126,Utsuroi,1e-06,0.9803921568627451,3.0,0
2025-04-17,0.7366560975256629,1.0,0.9523809523809523,0.4474237277423034,0.8352743067255611,2,0.07370218373978471,0.33751205400260365,0.6666666666666666,1e-06,0.345690366009621,Utsuroi,1e-06,0.9803921568627451,3.0,0
2025-04-21,0.7409887214235044,1.0,0.9523809523809523,1.0685625272973047,0.5122905710164021,4,0.5211480200214388,0.33751205400260365,1.3333333333333333,1e-06,0.0969185576416075,Utsuroi,1e-06,0.9803921568627451,3.0,0
2025-04-22,0.7580578841448408,1.0,0.9523809523809523,1.1213953085070514,0.4642205513888144,4,0.6008205600670783,0.33751205400260365,1.3333333333333333,1e-06,0.42452098035264607,Utsuroi,1e-06,0.9803921568627451,3.0,0
2025-04-23,0.793021471282341,1.0,0.9523809523809523,0.6924953271824978,0.5180514782005831,2,0.3337470992886084,0.33751205400260365,0.6666666666666666,1e-06,0.18112019274137547,Utsuroi,1e-06,0.9803921568627451,3.0,0
2025-04-24,0.7994447581404103,1.0,0.9523809523809523,1.0244168425985498,0.4315731921391712,3,0.5823059957571628,0.33751205400260365,1.0,1e-06,0.08758143804503249,Utsuroi,1e-06,0.9803921568627451,3.0,0
2025-04-25,0.7978905152818196,1.0,0.9523809523809523,0.8572521255717144,0.6739010419498547,3,0.2795490249352084,0.33751205400260365,1.0,1e-06,0.6205224363853727,Utsuroi,1e-06,0.9803921568627451,3.0,0
2025-04-28,0.7890051977008501,1.0,0.9523809523809523,0.8137630130909441,0.7023077681433879,3,0.24225092756940458,0.33751205400260365,1.0,1e-06,0.6650930178080656,Utsuroi,1e-06,0.9803921568627451,3.0,0
2025-04-29,0.7805462653288741,1.0,0.9523809523809523,3.89978049844863e-11,0.9999999999600022,1,1.5598257359251588e-21,0.33751205400260365,0.3333333333333333,1e-06,0.5904388172923944,Utsuroi,1e-06,0.9803921568627451,3.0,0
2025-04-30,0.7493788819875777,1.0,0.9523809523809523,0.6787675709475368,0.5845888643317633,2,0.2819676075020867,0.33751205400260365,0.6666666666666666,1e-06,0.24015255641385314,Utsuroi,1e-06,0.9803921568627451,3.0,0
2025-05-01,0.7351843808365549,0.0,20.0,0.8454450185084057,0.6367691710826707,3,0.30709169487683496,0.016072002571568628,1.0,1e-06,0.1946950515269158,Utsuroi,1e-06,0.9803921568627451,3.0,0
2025-05-02,0.7460228177619483,1.0,0.9523809523809523,0.3512498912503877,0.8877228751510152,2,0.039437327893112106,0.33751205400260365,0.6666666666666666,1e-06,0.9888021263105219,Utsuroi,1e-06,0.9803921568627451,3.0,0
2025-05-05,0.7517033690946734,1.0,0.9523809523809523,0.6713508385616047,0.6040132576338251,2,0.26584603154680964,0.33751205400260365,0.6666666666666666,1e-06,0.5482329493692017,Utsuroi,1e-06,0.9803921568627451,3.0,0
2025-05-06,0.7085971999015478,1.0,0.9523809523809523,0.9418413170829343,0.5241013559937393,3,0.44822100566883905,0.33751205400260365,1.0,1e-06,0.10270926593174734,Utsuroi,1e-06,0.9803921568627451,3.0,0
2025-05-07,0.6497285323372279,1.0,0.9523809523809523,0.2080112453364474,0.9467376476721313,2,0.011079168237268594,0.33751205400260365,0.6666666666666666,1e-06,0.6799053028131044,Utsuroi,1e-06,0.9803921568627451,3.0,0
2025-05-08,0.6693422519509478,3.0,0.3278688524590164,0.41442222927944367,0.854726437441433,2,0.06020459365088807,0.9803921568627451,0.6666666666666666,1e-06,0.06657376125403636,Katashi,1e-06,0.9803921568627451,3.0,0
2025-05-09,0.6566057131274523,3.0,0.3278688524590164,0.6487402488252235,0.6478945706618274,2,0.22842496384155822,0.9803921568627451,0.6666666666666666,1e-06,0.7950911677154298,Katashi,1e-06,0.9803921568627451,3.0,0
2025-05-12,0.6077502207936991,2.0,0.48780487804878053,3.804800918695702e-11,0.999999999960952,1,1.4856981706193e-21,0.6589521054329958,0.3333333333333333,1e-06,0.16656741372018335,Utsuroi,1e-06,0.9803921568627451,3.0,0
2025-05-13,0.5525677221329395,2.0,0.48780487804878053,0.7523214166527932,0.7375233403677749,3,0.1974668124128086,0.6589521054329958,1.0,1e-06,0.33863209001632566,Utsuroi,1e-06,0.9803921568627451,3.0,0
2025-05-14,0.5380018532192445,1.0,0.9523809523809523,0.9358316841520435,0.599629300588337,3,0.37467958591554823,0.33751205400260365,1.0,1e-06,0.8293493153972503,Utsuroi,1e-06,0.9803921568627451,3.0,0
2025-05-15,0.5464470312296399,1.0,0.9523809523809523,1.0428323393376104,0.5883934767836037,4,0.4292365934923751,0.33751205400260365,1.3333333333333333,1e-06,0.0952812186913401,Utsuroi,1e-06,0.9803921568627451,3.0,0
2025-05-16,0.5300243235025845,1.0,0.9523809523809523,0.5370394806365552,0.7718432753771791,2,0.12252916889517726,0.33751205400260365,0.6666666666666666,1e-06,0.29305715254002807,Utsuroi,1e-06,0.9803921568627451,3.0,0
2025-05-19,0.5017866191779236,1.0,0.9523809523809523,1.1177585751201127,0.5565862074757775,4,0.49562956892048027,0.33751205400260365,1.3333333333333333,1e-06,0.08416009769699251,Utsuroi,1e-06,0.9803921568627451,3.0,0
2025-05-20,0.5199973939104375,2.0,0.48780487804878053,0.6292596791095498,0.6767977811429376,2,0.20337812452548956,0.6589521054329958,0.6666666666666666,1e-06,0.9623025242115819,Utsuroi,1e-06,0.9803921568627451,3.0,0
2025-05-21,0.5008375682288726,2.0,0.48780487804878053,0.5444134714363945,0.7657056002644128,2,0.1275530274981573,0.6589521054329958,0.6666666666666666,1e-06,0.8402128389044095,Utsuroi,1e-06,0.9803921568627451,3.0,0
2025-05-22,0.46405840536275333,1.5,0.6451612903225806,0.6705428319983029,0.6059091812549064,2,0.2642547736658649,0.49823207971788014,0.6666666666666666,1e-06,0.6672413522283034,Utsuroi,1e-06,0.9803921568627451,3.0,0
2025-05-23,0.40787183830662105,2.0,0.48780487804878053,0.3379670682754027,0.8940481607025684,2,0.03580823250573955,0.6589521054329958,0.6666666666666666,1e-06,0.5243845727446262,Utsuroi,1e-06,0.9803921568627451,3.0,0
2025-05-27,0.40246637420550463,2.0,0.48780487804878053,0.28326279605955884,0.9181507564796981,2,0.023184845574920437,0.6589521054329958,0.6666666666666666,1e-06,0.9705907723193093,Utsuroi,1e-06,0.9803921568627451,3.0,0
2025-05-28,0.38061069365417194,2.0,0.48780487804878053,1.0722422631073827,0.4369020771657985,3,0.6037773911308105,0.6589521054329958,1.0,1e-06,0.3008489544295071,Utsuroi,1e-06,0.9803921568627451,3.0,0
2025-05-29,0.3789601702645181,1.0,0.9523809523809523,1.358232097437303,0.30906104562810727,4,0.9384554651976728,0.33751205400260365,1.3333333333333333,1e-06,0.4630983300447814,Utsuroi,1e-06,0.9803921568627451,3.0,0
2025-05-30,0.39942666029622553,2.0,0.48780487804878053,0.9874792387637821,0.5573418959930365,3,0.43711568757741537,0.6589521054329958,1.0,1e-06,0.8361791140511244,Utsuroi,1e-06,0.9803921568627451,3.0,0
2025-06-02,0.4197556067121286,1.0,0.9523809523809523,3.133859838247929e-11,0.9999999999676614,1,1.0134456537134814e-21,0.33751205400260365,0.3333333333333333,1e-06,0.29190727743853584,Utsuroi,1e-06,0.9803921568627451,3.0,0
2025-06-03,0.43762252240513105,1.5,0.6451612903225806,0.5396824544194044,0.769663636119437,2,0.12430849420110329,0.49823207971788014,0.6666666666666666,1e-06,0.05776079188851524,Utsuroi,1e-06,0.9803921568627451,3.0,0
2025-06-04,0.3896610635741071,1.5,0.6451612903225806,0.5939675894316249,0.7189230411039987,2,0.16695060372022977,0.49823207971788014,0.6666666666666666,1e-06,0.7505711550248864,Utsuroi,1e-06,0.9803921568627451,3.0,0
2025-06-05,0.39279705801444936,1.0,0.9523809523809523,0.0,0.0,0,0.0,0.33751205400260365,0.0,1e-06,0.6373020778219258,Utsuroi,1e-06,0.9803921568627451,3.0,0
2025-06-06,0.41140670923279615,1.0,0.9523809523809523,2.413114152912234e-11,0.9999999999748689,1,6.064425992129043e-22,0.33751205400260365,0.3333333333333333,1e-06,0.5174317239301822,Utsuroi,1e-06,0.9803921568627451,3.0,0
2025-06-09,0.41379996814779435,1.0,0.9523809523809523,0.6362880216065687,0.6669925825078938,2,0.2118886308563649,0.33751205400260365,0.6666666666666666,1e-06,0.25998087294668726,Utsuroi,1e-06,0.9803921568627451,3.0,0
2025-06-10,0.40107718368587936,1.0,0.9523809523809523,7.162781478789448e-11,0.9999999999273722,1,5.202170081735213e-21,0.33751205400260365,0.3333333333333333,1e-06,0.6737785698998546,Utsuroi,1e-06,0.9803921568627451,3.0,0
2025-06-11,0.40124223602484477,1.0,0.9523809523809523,1.4728107622251676e-11,0.9999999999842719,1,2.316449359456192e-22,0.33751205400260365,0.3333333333333333,1e-06,1.0,Utsuroi,1e-06,0.9803921568627451,3.0,0
2025-06-12,0.36857562727127946,1.0,0.9523809523809523,9.299894188022543e-12,0.9999999999897001,1,9.578772036727027e-23,0.33751205400260365,0.3333333333333333,1e-06,1.0,Utsuroi,1e-06,0.9803921568627451,3.0,0
2025-06-13,0.3801567997220171,1.0,0.9523809523809523,4.7882364738654284e-11,0.9999999999511177,1,2.340602158521089e-21,0.33751205400260365,0.3333333333333333,1e-06,1.0,Utsuroi,1e-06,0.9803921568627451,3.0,0
2025-06-16,0.4171972954581651,1.0,0.9523809523809523,0.0,0.0,0,0.0,0.33751205400260365,0.0,1e-06,1.0,Utsuroi,1e-06,0.9803921568627451,3.0,0
2025-06-17,0.4264402264402264,1.0,0.9523809523809523,1.330189291958289e-10,0.9999999998659811,1,1.7827051512187768e-20,0.33751205400260365,0.3333333333333333,1e-06,0.5174317239301822,Utsuroi,1e-06,0.9803921568627451,3.0,0
2025-06-18,0.43825522303783176,1.0,0.9523809523809523,0.0,0.0,0,0.0,0.33751205400260365,0.0,1e-06,1.0,Utsuroi,1e-06,0.9803921568627451,3.0,0
2025-06-20,0.4305252718296197,1.0,0.9523809523809523,2.4735102854503063e-11,0.9999999999742649,1,6.365598689025048e-22,0.33751205400260365,0.3333333333333333,1e-06,0.5174317239301822,Utsuroi,1e-06,0.9803921568627451,3.0,0
2025-06-23,0.407170365866018,1.0,0.9523809523809523,0.9831288136236637,0.56723845056752,3,0.42546034867549254,0.33751205400260365,1.0,1e-06,0.11949513815687873,Utsuroi,1e-06,0.9803921568627451,3.0,0
2025-06-24,0.3897848528283311,1.0,0.9523809523809523,0.6819057889390305,0.57483049210185,2,0.2899255487161074,0.33751205400260365,0.6666666666666666,1e-06,0.1917533231940376,Utsuroi,1e-06,0.9803921568627451,3.0,0
2025-06-25,0.38239876065963024,1.0,0.9523809523809523,1.1556644530152309e-11,0.9999999999874434,1,1.45112421674501e-22,0.33751205400260365,0.3333333333333333,1e-06,0.7312682708232324,Utsuroi,1e-06,0.9803921568627451,3.0,0
2025-06-26,0.3581910842780408,1.0,0.9523809523809523,0.38866048966162975,0.8688005383284464,2,0.05099204701660825,0.33751205400260365,0.6666666666666666,1e-06,0.26253321623343695,Utsuroi,1e-06,0.9803921568627451,3.0,0
2025-06-27,0.2930779365561975,1.0,0.9523809523809523,0.0,0.0,0,0.0,0.33751205400260365,0.0,1e-06,1.0,Utsuroi,1e-06,0.9803921568627451,3.0,0
2025-06-30,0.28258335867031525,1.0,0.9523809523809523,3.1680769118657636e-11,0.9999999999673193,1,1.0353512002521435e-21,0.33751205400260365,0.3333333333333333,1e-06,0.5174317239301822,Utsuroi,1e-06,0.9803921568627451,3.0,0
2025-07-01,0.3189361363274408,1.0,0.9523809523809523,4.810539743164672e-10,0.999999999517946,1,2.3189396959413587e-19,0.33751205400260365,0.3333333333333333,1e-06,1.0,Utsuroi,1e-06,0.9803921568627451,3.0,0
2025-07-02,0.30001013479274347,1.0,0.9523809523809523,1.4021339643901478e-10,0.9999999998587866,1,1.980000683703977e-20,0.33751205400260365,0.3333333333333333,1e-06,1.0,Utsuroi,1e-06,0.9803921568627451,3.0,0
2025-07-03,0.2933805325109673,0.0,20.0,0.6620696117632892,0.6240045787066587,2,0.24893514260045682,0.016072002571568628,0.6666666666666666,1e-06,0.1060061926629503,Utsuroi,1e-06,0.9803921568627451,3.0,0
2025-07-07,0.29309169091777787,0.0,20.0,0.5915215301572364,0.7215099884551991,2,0.16473283776248707,0.016072002571568628,0.6666666666666666,1e-06,0.8102791140709185,Utsuroi,1e-06,0.9803921568627451,3.0,0
2025-07-08,0.2988685227815663,0.0,20.0,0.5880975674376205,0.7250734437192712,2,0.1616836389726987,0.016072002571568628,0.6666666666666666,1e-06,0.8136678056247213,Utsuroi,1e-06,0.9803921568627451,3.0,0
2025-07-09,0.2966678249286945,0.0,20.0,0.34644774531186673,0.8900323264551157,2,0.0380980525568166,0.016072002571568628,0.6666666666666666,1e-06,0.9553558408906772,Utsuroi,1e-06,0.9803921568627451,3.0,0
2025-07-10,0.29375190027363945,0.0,20.0,1.906785840313128e-11,0.9999999999799322,1,3.8265066067499846e-22,0.016072002571568628,0.3333333333333333,1e-06,0.7564504380554427,Utsuroi,1e-06,0.9803921568627451,3.0,0
2025-07-11,0.2989235402278881,0.5,1.8181818181818181,2.0077495221704626e-11,0.9999999999789225,1,4.231828654549965e-22,0.1767920282871665,0.3333333333333333,1e-06,0.9141481838631078,Utsuroi,1e-06,0.9803921568627451,3.0,0
2025-07-14,0.30390261912001043,2.0,0.48780487804878053,0.5223278792331559,0.7835889423983795,2,0.11303752875965878,0.6589521054329958,0.6666666666666666,1e-06,0.018957197617263888,Utsuroi,1e-06,0.9803921568627451,3.0,0
2025-07-15,0.30591075591075595,0.0,20.0,0.6897977388500836,0.5409004917416614,2,0.3166858027037872,0.016072002571568628,0.6666666666666666,1e-06,0.335973010607578,Utsuroi,1e-06,0.9803921568627451,3.0,0
2025-07-16,0.29717673630717106,1.0,0.9523809523809523,0.6855514913816296,0.5615485097874914,2,0.30058107301368325,0.33751205400260365,0.6666666666666666,1e-06,0.8206790226075221,Utsuroi,1e-06,0.9803921568627451,3.0,0
2025-07-17,0.256450071667463,1.0,0.9523809523809523,0.6389356004933564,0.6631328122404829,2,0.21523643889763527,0.33751205400260365,0.6666666666666666,1e-06,0.6206577278545131,Utsuroi,1e-06,0.9803921568627451,3.0,0
2025-07-18,0.20532510967293574,1.0,0.9523809523809523,0.47442000811105517,0.8179951175593455,2,0.08634675780374694,0.33751205400260365,0.6666666666666666,1e-06,0.8377057386411784,Utsuroi,1e-06,0.9803921568627451,3.0,0
2025-07-21,0.19770519335736728,1.0,0.9523809523809523,0.6608365493807226,0.6264142201993975,2,0.24687913762113659,0.33751205400260365,0.6666666666666666,1e-06,0.5744464071855795,Utsuroi,1e-06,0.9803921568627451,3.0,0
2025-07-22,0.20660426529991746,1.0,0.9523809523809523,0.5537963812657188,0.757630030298973,2,0.13422361214791065,0.33751205400260365,0.6666666666666666,1e-06,0.7522963217981644,Utsuroi,1e-06,0.9803921568627451,3.0,0
2025-07-23,0.21436172523129046,1.0,0.9523809523809523,0.0,0.0,0,0.0,0.33751205400260365,0.0,1e-06,1.0,Utsuroi,1e-06,0.9803921568627451,3.0,0
2025-07-24,0.22372844546757592,1.0,0.9523809523809523,0.0,0.0,0,0.0,0.33751205400260365,0.0,1e-06,1.0,Utsuroi,1e-06,0.9803921568627451,3.0,0
2025-07-25,0.16827085957520746,1.0,0.9523809523809523,0.0,0.0,0,0.0,0.33751205400260365,0.0,1e-06,1.0,Utsuroi,1e-06,0.9803921568627451,3.0,0
2025-07-28,0.16895857765422984,1.0,0.9523809523809523,0.0,0.0,0,0.0,0.33751205400260365,0.0,1e-06,1.0,Utsuroi,1e-06,0.9803921568627451,3.0,0
2025-07-29,0.1720258002866699,2.0,0.48780487804878053,0.0,0.0,0,0.0,0.6589521054329958,0.0,1e-06,0.0031713619521303027,Utsuroi,1e-06,0.9803921568627451,3.0,0
2025-07-30,0.1831530788052527,1.0,0.9523809523809523,4.958136122655175e-10,0.9999999995031864,1,2.463269408129856e-19,0.33751205400260365,0.3333333333333333,1e-06,0.49406506545803974,Utsuroi,1e-06,0.9803921568627451,3.0,0
2025-07-31,0.21891441891441885,1.0,0.9523809523809523,3.060305342001369e-10,0.9999999996929695,1,9.396071164152371e-20,0.33751205400260365,0.3333333333333333,1e-06,1.0,Utsuroi,1e-06,0.9803921568627451,3.0,0
2025-08-01,0.2036058144753797,1.0,0.9523809523809523,0.0,0.0,0,0.0,0.33751205400260365,0.0,1e-06,1.0,Utsuroi,1e-06,0.9803921568627451,3.0,0
2025-08-04,0.24412616369138115,1.5,0.6451612903225806,0.0,0.0,0,0.0,0.49823207971788014,0.0,1e-06,0.006813946340139987,Utsuroi,1e-06,0.9803921568627451,3.0,0
2025-08-05,0.26444135574570354,1.0,0.9523809523809523,0.0,0.0,0,0.0,0.33751205400260365,0.0,1e-06,0.01478479012534395,Utsuroi,1e-06,0.9803921568627451,3.0,0
2025-08-06,0.2434521999739392,1.0,0.9523809523809523,0.8021573489443444,0.5495599702037803,3,0.3613237801597471,0.33751205400260365,1.0,1e-06,0.11070992413515746,Utsuroi,1e-06,0.9803921568627451,3.0,0
2025-08-07,0.2676598763555285,1.0,0.9523809523809523,0.2303845971510095,0.938753143898909,2,0.014110332269615708,0.33751205400260365,0.6666666666666666,1e-06,0.6149428055067678,Utsuroi,1e-06,0.9803921568627451,3.0,0
2025-08-08,0.24794987621074574,0.0,20.0,0.6759739017124158,0.5923979010785642,2,0.27552838115409306,0.016072002571568628,0.6666666666666666,1e-06,0.18146688502240993,Utsuroi,1e-06,0.9803921568627451,3.0,0
2025-08-11,0.2511133793742489,0.0,20.0,1.0027325896412942,0.6453162469067077,4,0.3556529582429303,0.016072002571568628,1.3333333333333333,1e-06,0.2710080127992939,Utsuroi,1e-06,0.9803921568627451,3.0,0
2025-08-12,0.28602194906542733,0.0,20.0,0.9414888260785885,0.5955027725289384,3,0.3808296198437736,0.016072002571568628,1.0,1e-06,0.485981322421594,Utsuroi,1e-06,0.9803921568627451,3.0,0
2025-08-13,0.28598068598068604,-1.0,0.9523809523809523,1.2121347901889035,0.39498154642139904,4,0.7333639162889123,0.33751205400260365,1.3333333333333333,1e-06,0.5011056949968253,Utsuroi,1e-06,0.9803921568627451,3.0,0
2025-08-14,0.29857968118837697,0.0,20.0,1.308492416979032,0.41663687310108366,4,0.7633262278924088,0.016072002571568628,1.3333333333333333,1e-06,0.46552907008117517,Utsuroi,1e-06,0.9803921568627451,3.0,0
2025-08-15,0.31252660383095165,1.0,0.9523809523809523,0.8863163306476918,0.5815325001665067,3,0.37089457894773536,0.33751205400260365,1.0,1e-06,0.7621143736136162,Utsuroi,1e-06,0.9803921568627451,3.0,0
2025-08-18,0.31963760876804354,0.0,20.0,2.0950130519041226e-11,0.9999999999780499,1,4.598576358360165e-22,0.016072002571568628,0.3333333333333333,1e-06,0.3793759068032595,Utsuroi,1e-06,0.9803921568627451,3.0,0
2025-08-19,0.3455783347087695,1.0,0.9523809523809523,1.0600346140094918,0.40215923287794597,3,0.6337319068153651,0.33751205400260365,1.0,1e-06,0.29018256617329485,Utsuroi,1e-06,0.9803921568627451,3.0,0
2025-08-20,0.3651507912377478,1.0,0.9523809523809523,1.3339746458355495,0.4231377397214506,5,0.7695196293509724,0.33751205400260365,1.6666666666666667,1e-06,0.09123652900118995,Utsuroi,1e-06,0.9803921568627451,3.0,0
2025-08-21,0.3783687327165588,1.0,0.9523809523809523,0.46867353703168596,0.8217866015857513,2,0.08352390378124297,0.33751205400260365,0.6666666666666666,1e-06,0.4066184378564367,Utsuroi,1e-06,0.9803921568627451,3.0,0
2025-08-22,0.39340224992398914,1.0,0.9523809523809523,0.9653528047036164,0.631821355918303,4,0.3554222866962407,0.33751205400260365,1.3333333333333333,1e-06,0.09081278665802983,Utsuroi,1e-06,0.9803921568627451,3.0,0
2025-08-25,0.39370484587875887,-1.0,0.9523809523809523,1.406807385906405,0.36530286166155423,5,0.8928966220281848,0.33751205400260365,1.6666666666666667,1e-06,0.1434151684998508,Utsuroi,1e-06,0.9803921568627451,3.0,0
2025-08-26,0.43020892151326945,0.0,20.0,1.4678242820039868,0.3270611036320707,5,0.987756052393811,0.016072002571568628,1.6666666666666667,1e-06,0.49773616441277035,Utsuroi,1e-06,0.9803921568627451,3.0,0
2025-08-27,0.43782883782883775,2.0,0.48780487804878053,0.5953476857350701,0.7174477585518522,2,0.16821682304541158,0.6589521054329958,0.6666666666666666,1e-06,0.9301045199825013,Utsuroi,1e-06,0.9803921568627451,3.0,0
2025-08-28,0.43540807019067884,1.0,0.9523809523809523,1.1538504528985984,0.43821100034468086,4,0.6482204916857406,0.33751205400260365,1.3333333333333333,1e-06,0.3404101400011261,Utsuroi,1e-06,0.9803921568627451,3.0,0
2025-08-29,0.4745667376102159,1.0,0.9523809523809523,0.9700102447822401,0.5794125009314198,3,0.4079741829238636,0.33751205400260365,1.0,1e-06,0.13895615176517007,Utsuroi,1e-06,0.9803921568627451,3.0,0
2025-09-02,0.4756808408982322,1.0,0.9523809523809523,0.354148806257369,0.8863160841419712,2,0.040261023091784094,0.33751205400260365,0.6666666666666666,1e-06,0.5873302987387232,Utsuroi,1e-06,0.9803921568627451,3.0,0
2025-09-03,0.4491074143248056,2.0,0.48780487804878053,1.2849227832522914,0.3887684024032654,4,0.7853854055957408,0.6589521054329958,1.3333333333333333,1e-06,0.05123577410784208,Utsuroi,1e-06,0.9803921568627451,3.0,0
2025-09-04,0.43829648612257305,2.0,0.48780487804878053,0.5042515889724403,0.7972058761392996,2,0.10225925919103204,0.6589521054329958,0.6666666666666666,1e-06,0.6461666430953907,Utsuroi,1e-06,0.9803921568627451,3.0,0
2025-09-05,0.414308879526271,0.0,20.0,1.199237230856905,0.36677990472222094,4,0.7593811135838694,0.016072002571568628,1.3333333333333333,1e-06,0.1881935860806534,Utsuroi,1e-06,0.9803921568627451,3.0,0
2025-09-08,0.4090959764872809,1.0,0.9523809523809523,0.6254887288726043,0.7857441631831507,3,0.13401461102410722,0.33751205400260365,1.0,1e-06,0.85201348084882,Utsuroi,1e-06,0.9803921568627451,3.0,0
2025-09-09,0.38732282210543073,2.0,0.48780487804878053,0.3423249998017497,0.8919944661617755,2,0.03697299434975808,0.6589521054329958,0.6666666666666666,1e-06,0.5249754193458886,Utsuroi,1e-06,0.9803921568627451,3.0,0
2025-09-10,0.41487280835106927,1.5,0.6451612903225806,4.9280579615797885e-11,0.9999999999497194,1,2.4778550167758713e-21,0.49823207971788014,0.3333333333333333,1e-06,0.13431890689432902,Utsuroi,1e-06,0.9803921568627451,3.0,0
2025-09-11,0.39344351300873054,2.0,0.48780487804878053,1.0312573017214617e-10,0.9999999998958743,1,1.0738039672950909e-20,0.6589521054329958,0.3333333333333333,1e-06,0.03982783604026041,Utsuroi,1e-06,0.9803921568627451,3.0,0
2025-09-12,0.35555024685459474,1.0,0.9523809523809523,0.6931011085011192,0.5047995495306973,2,0.34322398115052727,0.33751205400260365,0.6666666666666666,1e-06,0.7635914978144573,Utsuroi,1e-06,0.9803921568627451,3.0,0
2025-09-15,0.38455819542776065,0.0,20.0,0.6013018181544715,0.7109467295050549,2,0.17380825709210673,0.016072002571568628,0.6666666666666666,1e-06,0.27557301205502394,Utsuroi,1e-06,0.9803921568627451,3.0,0
2025-09-16,0.37234432234432246,0.0,20.0,0.6649465159833161,0.6181832437543229,2,0.25388772180961405,0.016072002571568628,0.6666666666666666,1e-06,0.714579788383723,Utsuroi,1e-06,0.9803921568627451,3.0,0
2025-09-17,0.3470775601210384,0.5,1.8181818181818181,0.7590439430702594,0.531929335086547,3,0.35528620313142545,0.1767920282871665,1.0,1e-06,0.7487969960974967,Utsuroi,1e-06,0.9803921568627451,3.0,0
2025-09-18,0.37151906064949547,2.5,0.3921568627450981,1.3273382393107158e-11,0.9999999999857266,1,1.8945576891804933e-22,0.8196721311479507,0.3333333333333333,1e-06,0.33825190659813464,Utsuroi,1e-06,0.9803921568627451,3.0,0
2025-09-19,0.34402409185017885,1.0,0.9523809523809523,0.6316259285721515,0.6735639419013926,2,0.2061854783159657,0.33751205400260365,0.6666666666666666,1e-06,0.8243237771289995,Utsuroi,1e-06,0.9803921568627451,3.0,0
2025-09-22,0.3385498559411603,1.0,0.9523809523809523,0.4147941361702422,0.8545164768681033,2,0.06034571230449855,0.33751205400260365,0.6666666666666666,1e-06,0.8858043948277065,Utsuroi,1e-06,0.9803921568627451,3.0,0
2025-09-23,0.30765755983147286,0.0,20.0,0.5778613177817482,0.735353304082995,2,0.1529290884491861,0.016072002571568628,0.6666666666666666,1e-06,0.19814479837584664,Utsuroi,1e-06,0.9803921568627451,3.0,0
2025-09-24,0.3198576785533308,1.0,0.9523809523809523,5.2855497756161915e-12,0.9999999999937145,1,3.322246928078151e-23,0.33751205400260365,0.3333333333333333,1e-06,0.8408889310500685,Utsuroi,1e-06,0.9803921568627451,3.0,0
2025-09-25,0.32512559903864247,-1.0,0.9523809523809523,6.331934976318277e-12,0.9999999999926681,1,4.642519544751467e-23,0.33751205400260365,0.3333333333333333,1e-06,1.0,Utsuroi,1e-06,0.9803921568627451,3.0,0
2025-09-26,0.316983016983017,-1.0,0.9523809523809523,8.74722516636968e-12,0.9999999999902528,1,8.526097977428493e-23,0.33751205400260365,0.3333333333333333,1e-06,1.0,Utsuroi,1e-06,0.9803921568627451,3.0,0
2025-09-29,0.3090467503510982,0.5,1.8181818181818181,0.16698631226372052,0.9603010184202754,2,0.006629186534623585,0.1767920282871665,0.6666666666666666,1e-06,0.5812413029571684,Utsuroi,1e-06,0.9803921568627451,3.0,0
2025-09-30,0.3139020399889966,-0.5,1.8181818181818181,1.8796741940523218e-11,0.9999999999802033,1,3.7211383370655734e-22,0.1767920282871665,0.3333333333333333,1e-06,0.2968505783288353,Utsuroi,1e-06,0.9803921568627451,3.0,0
2025-10-01,0.2543181456224935,0.0,20.0,2.057620740435561e-11,0.9999999999784238,1,4.43956063375092e-22,0.016072002571568628,0.3333333333333333,1e-06,0.06379414536081374,Utsuroi,1e-06,0.9803921568627451,3.0,0
2025-10-02,0.22504886417929895,0.0,20.0,1.6615375741780517e-11,0.9999999999823846,1,2.926857192242067e-22,0.016072002571568628,0.3333333333333333,1e-06,1.0,Utsuroi,1e-06,0.9803921568627451,3.0,0
2025-10-03,0.23200857113900597,0.0,20.0,0.6921786468891502,0.5220025106339866,2,0.3308596554057781,0.016072002571568628,0.6666666666666666,1e-06,0.47270055418106727,Utsuroi,1e-06,0.9803921568627451,3.0,0
2025-10-06,0.22154150197628455,0.0,20.0,1.2049604679557306,0.4922313343867982,4,0.6118411689305405,0.016072002571568628,1.3333333333333333,1e-06,0.20712638574670572,Utsuroi,1e-06,0.9803921568627451,3.0,0
2025-10-07,0.2507282572499964,1.0,0.9523809523809523,6.90402179845852e-11,0.9999999999299598,1,4.835590390224557e-21,0.33751205400260365,0.3333333333333333,1e-06,0.9526436138866496,Utsuroi,1e-06,0.9803921568627451,3.0,0
2025-10-08,0.2631071826724001,0.0,20.0,0.9755751437558777,0.5737320537219037,3,0.4158564129687765,0.016072002571568628,1.0,1e-06,0.0773991368416993,Utsuroi,1e-06,0.9803921568627451,3.0,0
2025-10-09,0.2710296949427385,1.0,0.9523809523809523,0.28635041604898104,0.9168690519388175,2,0.023804581563865838,0.33751205400260365,0.6666666666666666,1e-06,0.9867926823326011,Utsuroi,1e-06,0.9803921568627451,3.0,0
2025-10-10,0.3435564435564436,1.0,0.9523809523809523,0.45439971121426354,0.830935526220258,2,0.0768228480621062,0.33751205400260365,0.6666666666666666,1e-06,0.8552085406558974,Utsuroi,1e-06,0.9803921568627451,3.0,0
2025-10-13,0.40126974474800564,1.0,0.9523809523809523,0.0,0.0,0,0.0,0.33751205400260365,0.0,1e-06,1.0,Utsuroi,1e-06,0.9803921568627451,3.0,0
2025-10-14,0.4037592841940668,1.0,0.9523809523809523,9.63716884025195e-11,0.9999999999026283,1,9.383871882504127e-21,0.33751205400260365,0.3333333333333333,1e-06,0.5174317239301822,Utsuroi,1e-06,0.9803921568627451,3.0,0
2025-10-15,0.4224514615818964,1.0,0.9523809523809523,0.6200401696196693,0.6888217405302938,2,0.19294302078355013,0.33751205400260365,0.6666666666666666,1e-06,0.26367045987473625,Utsuroi,1e-06,0.9803921568627451,3.0,0
2025-10-16,0.4231254252993385,1.5,0.6451612903225806,4.673572639887681e-11,0.9999999999522643,1,2.230962814608114e-21,0.49823207971788014,0.3333333333333333,1e-06,0.7272071514365943,Utsuroi,1e-06,0.9803921568627451,3.0,0
2025-10-17,0.4289297658862877,1.0,0.9523809523809523,2.4474866577537593e-11,0.9999999999745252,1,6.234934191475854e-22,0.33751205400260365,0.3333333333333333,1e-06,0.13709102644810545,Utsuroi,1e-06,0.9803921568627451,3.0,0
2025-10-20,0.40711534841969627,1.0,0.9523809523809523,0.3187373085835598,0.9217268972877471,3,0.02494855809298801,0.33751205400260365,1.0,1e-06,0.14438455774333891,Utsuroi,1e-06,0.9803921568627451,3.0,0
2025-10-21,0.4223826897739942,0.0,20.0,0.46705125128132363,0.8454385646193885,3,0.07218811179435206,0.016072002571568628,1.0,1e-06,0.2867348704993107,Utsuroi,1e-06,0.9803921568627451,3.0,0
2025-10-22,0.4020674977196717,0.0,20.0,0.6084963287511673,0.7401132153010666,3,0.15814015438024606,0.016072002571568628,1.0,1e-06,0.8369535812726699,Utsuroi,1e-06,0.9803921568627451,3.0,0
2025-10-23,0.42806324110671934,1.0,0.9523809523809523,0.6321687284079969,0.6728128088868277,2,0.20683751055739838,0.33751205400260365,0.6666666666666666,1e-06,0.9444906491271507,Utsuroi,1e-06,0.9803921568627451,3.0,0
2025-10-24,0.44480229915012504,2.0,0.48780487804878053,1.2277845406939493e-11,0.9999999999867222,1,1.6302306163766107e-22,0.6589521054329958,0.3333333333333333,1e-06,0.38943272836355614,Utsuroi,1e-06,0.9803921568627451,3.0,0
2025-10-27,0.44770446944359976,2.0,0.48780487804878053,1.4008794124608094e-11,0.9999999999849912,1,2.102547970532103e-22,0.6589521054329958,0.3333333333333333,1e-06,1.0,Utsuroi,1e-06,0.9803921568627451,3.0,0
2025-10-28,0.4462189983929113,2.0,0.48780487804878053,7.942979607338732e-12,0.999999999991057,1,7.103372893787953e-23,0.6589521054329958,0.3333333333333333,1e-06,1.0,Utsuroi,1e-06,0.9803921568627451,3.0,0
2025-10-29,0.43532554402119616,1.0,0.9523809523809523,1.2646217406505162e-11,0.9999999999863538,1,1.725727523441884e-22,0.33751205400260365,0.3333333333333333,1e-06,0.13467286345347418,Utsuroi,1e-06,0.9803921568627451,3.0,0
2025-10-30,0.4226990400903446,1.0,0.9523809523809523,1.5167977984601148e-11,0.999999999983832,1,2.452351985861574e-22,0.33751205400260365,0.3333333333333333,1e-06,1.0,Utsuroi,1e-06,0.9803921568627451,3.0,0
2025-10-31,0.4128371628371629,1.0,0.9523809523809523,0.2503336712227455,0.9312729628772061,2,0.017204691515210924,0.33751205400260365,0.6666666666666666,1e-06,0.2598643537808447,Utsuroi,1e-06,0.9803921568627451,3.0,0
2025-11-03,0.4013935340022297,1.0,0.9523809523809523,0.6836768632074686,0.5687036525643003,2,0.29486733392767767,0.33751205400260365,0.6666666666666666,1e-06,0.5102896378471382,Utsuroi,1e-06,0.9803921568627451,3.0,0
2025-11-04,0.45467793076488744,1.5,0.6451612903225806,0.6931365432559506,0.5023062162601135,2,0.34496974886143955,0.49823207971788014,0.6666666666666666,1e-06,0.19325610376829938,Utsuroi,1e-06,0.9803921568627451,3.0,0
2025-11-05,0.4345002823263694,1.0,0.9523809523809523,1.256450499189386e-11,0.9999999999864355,1,1.7043101273590634e-22,0.33751205400260365,0.3333333333333333,1e-06,0.44560110534069197,Utsuroi,1e-06,0.9803921568627451,3.0,0
2025-11-06,0.4461639809465896,1.0,0.9523809523809523,1.994482357026471e-11,0.9999999999790552,1,4.1774036960981124e-22,0.33751205400260365,0.3333333333333333,1e-06,1.0,Utsuroi,1e-06,0.9803921568627451,3.0,0
2025-11-07,0.4436744415005283,2.0,0.48780487804878053,0.6892710972590768,0.5439947309304377,2,0.3143112521674977,0.6589521054329958,0.6666666666666666,1e-06,0.04717024790809343,Utsuroi,1e-06,0.9803921568627451,3.0,0
2025-11-10,0.4455450346754695,1.0,0.9523809523809523,0.6913744062877671,0.5297634545046529,2,0.3251095124566562,0.33751205400260365,0.6666666666666666,1e-06,0.45279786351110407,Utsuroi,1e-06,0.9803921568627451,3.0,0
2025-11-11,0.4071153484196964,2.0,0.48780487804878053,0.9514824650449857,0.47700763991190315,3,0.49761805997631714,0.6589521054329958,1.0,1e-06,0.018091877286067426,Utsuroi,1e-06,0.9803921568627451,3.0,0
2025-11-12,0.35570154483197963,1.0,0.9523809523809523,1.0666985040840307,0.41588220760137196,3,0.6230775753604829,0.33751205400260365,1.0,1e-06,0.8833825072013781,Utsuroi,1e-06,0.9803921568627451,3.0,0
2025-11-13,0.4229053555140512,2.0,0.48780487804878053,1.4570858402039675,0.41790744276336944,5,0.8481588228376119,0.6589521054329958,1.6666666666666667,1e-06,0.025513082372902174,Utsuroi,1e-06,0.9803921568627451,3.0,0
2025-11-14,0.3740773719034589,1.0,0.9523809523809523,0.6369421140884548,0.7275793142516976,3,0.1735162075019503,0.33751205400260365,1.0,1e-06,0.22755539767912702,Utsuroi,1e-06,0.9803921568627451,3.0,0
2025-11-17,0.36827303131650957,2.0,0.48780487804878053,0.5902080411001775,0.8210187751909988,3,0.10563615808823112,0.6589521054329958,1.0,1e-06,0.2841590730994199,Utsuroi,1e-06,0.9803921568627451,3.0,0
2025-11-18,0.36135458744154403,1.5,0.6451612903225806,0.846030089669671,0.6801154623164827,3,0.2706319441003274,0.49823207971788014,1.0,1e-06,0.7846931419861984,Utsuroi,1e-06,0.9803921568627451,3.0,0
2025-11-19,0.3699235547061635,1.0,0.9523809523809523,1.254181632305973,0.4365979839363809,4,0.7066084601511458,0.33751205400260365,1.3333333333333333,1e-06,0.28483832733609915,Utsuroi,1e-06,0.9803921568627451,3.0,0
2025-11-20,0.4096048878657575,2.0,0.48780487804878053,0.9123067710883083,0.46411575543496475,3,0.4888908248362246,0.6589521054329958,1.0,1e-06,0.9804418597158766,Utsuroi,1e-06,0.9803921568627451,3.0,0
2025-11-21,0.4093848180804702,1.0,0.9523809523809523,2.7567947924059698e-11,0.9999999999714321,1,7.8755909082853455e-22,0.33751205400260365,0.3333333333333333,1e-06,0.3265566597021643,Utsuroi,1e-06,0.9803921568627451,3.0,0
2025-11-24,0.4534537925842274,2.0,0.48780487804878053,5.642680765484107e-10,0.999999999434732,1,3.189627178957605e-19,0.6589521054329958,0.3333333333333333,1e-06,0.0409889995224022,Utsuroi,1e-06,0.9803921568627451,3.0,0
2025-11-25,0.42619264793177847,1.0,0.9523809523809523,5.288103288446975e-11,0.999999999946119,1,2.8492835020701664e-21,0.33751205400260365,0.3333333333333333,1e-06,0.13467286345347418,Utsuroi,1e-06,0.9803921568627451,3.0,0
2025-11-26,0.44326181065311515,1.0,0.9523809523809523,0.0,0.0,0,0.0,0.33751205400260365,0.0,1e-06,1.0,Utsuroi,1e-06,0.9803921568627451,3.0,0
2025-11-28,0.4740028087854176,1.0,0.9523809523809523,1.3027323663399265e-10,0.9999999998687268,1,1.7101386538984568e-20,0.33751205400260365,0.3333333333333333,1e-06,0.5174317239301822,Utsuroi,1e-06,0.9803921568627451,3.0,0
2025-12-01,0.481155076807251,1.0,0.9523809523809523,0.695189961328215,0.7383768396392497,3,0.18187779473375537,0.33751205400260365,1.0,1e-06,0.14196168799692865,Utsuroi,1e-06,0.9803921568627451,3.0,0
2025-12-02,0.5024605828953655,2.0,0.48780487804878053,0.190451653419959,0.9527118293349094,2,0.00900611029037171,0.6589521054329958,0.6666666666666666,1e-06,0.5463036980235538,Utsuroi,1e-06,0.9803921568627451,3.0,0
2025-12-03,0.5109195152673414,1.0,0.9523809523809523,0.857415697840517,0.6616947369701209,3,0.2900682431838834,0.33751205400260365,1.0,1e-06,0.7792445189099143,Utsuroi,1e-06,0.9803921568627451,3.0,0
2025-12-04,0.5101080079340949,2.0,0.48780487804878053,1.1867501826076052,0.4247963762049392,4,0.6826230055753447,0.6589521054329958,1.3333333333333333,1e-06,0.053205807054840015,Utsuroi,1e-06,0.9803921568627451,3.0,0
2025-12-05,0.45960199221068787,1.0,0.9523809523809523,0.6325479040838207,0.6722859846100868,2,0.20729481357378254,0.33751205400260365,0.6666666666666666,1e-06,0.07195100158902334,Utsuroi,1e-06,0.9803921568627451,3.0,0
2025-12-08,0.4648974214191605,0.5,1.8181818181818181,1.4303003226129301e-11,0.999999999984697,1,2.1887858810742785e-22,0.1767920282871665,0.3333333333333333,1e-06,0.2763186323277418,Utsuroi,1e-06,0.9803921568627451,3.0,0
2025-12-09,0.4556957535218406,1.0,0.9523809523809523,0.6636909111321514,0.6207598633362451,2,0.2516982318402491,0.33751205400260365,0.6666666666666666,1e-06,0.06497514421832884,Utsuroi,1e-06,0.9803921568627451,3.0,0
2025-12-10,0.46619033140772276,0.5,1.8181818181818181,3.270661519337723e-11,0.9999999999662934,1,1.1024285690930073e-21,0.1767920282871665,0.3333333333333333,1e-06,0.33539521437651354,Utsuroi,1e-06,0.9803921568627451,3.0,0
2025-12-11,0.4516519712171885,1.5,0.6451612903225806,3.940925363739584e-11,0.9999999999595908,1,1.59249765412567e-21,0.49823207971788014,0.3333333333333333,1e-06,0.07865471547770253,Utsuroi,1e-06,0.9803921568627451,3.0,0
2025-12-12,0.46312310877528273,1.0,0.9523809523809523,0.2438403338155565,0.9337457243891204,2,0.016155464681664764,0.33751205400260365,0.6666666666666666,1e-06,0.8696686742854367,Utsuroi,1e-06,0.9803921568627451,3.0,0
2025-12-15,0.44942376464115597,1.0,0.9523809523809523,1.0864591877169538,0.5365938320454332,4,0.5034718888189449,0.33751205400260365,1.3333333333333333,1e-06,0.11374919870639344,Utsuroi,1e-06,0.9803921568627451,3.0,0
2025-12-16,0.382481286829113,2.0,0.48780487804878053,1.1565169845397572,0.5198214082942633,4,0.5553346969200659,0.6589521054329958,1.3333333333333333,1e-06,0.3534896295276754,Utsuroi,1e-06,0.9803921568627451,3.0,0
2025-12-17,0.4465628574324227,1.0,0.9523809523809523,1.4518497515205722e-11,0.9999999999844815,1,2.253049464418428e-22,0.33751205400260365,0.3333333333333333,1e-06,0.34518586390501604,Utsuroi,1e-06,0.9803921568627451,3.0,0
2025-12-18,0.43349621393099663,1.0,0.9523809523809523,0.6912625055614114,0.5306878697672781,2,0.3244178790350348,0.33751205400260365,0.6666666666666666,1e-06,0.22528644396918107,Utsuroi,1e-06,0.9803921568627451,3.0,0
2025-12-19,0.4444584401106141,2.0,0.48780487804878053,0.42269476613077833,0.8500082563022475,2,0.06340072502386913,0.6589521054329958,0.6666666666666666,1e-06,0.36778203483632577,Utsuroi,1e-06,0.9803921568627451,3.0,0
2025-12-22,0.4503315525054655,1.0,0.9523809523809523,0.6761013601823815,0.5920563540903602,2,0.2758112538772673,0.33751205400260365,0.6666666666666666,1e-06,0.7529436771985893,Utsuroi,1e-06,0.9803921568627451,3.0,0
2025-12-23,0.39224688355123133,1.0,0.9523809523809523,0.7805864776836775,0.6048999467940656,3,0.30840975886465394,0.33751205400260365,1.0,1e-06,0.16304166973027479,Utsuroi,1e-06,0.9803921568627451,3.0,0
2025-12-24,0.3998805542283804,0.0,20.0,1.3027466565408985,0.5107272298421826,5,0.6373984654596002,0.016072002571568628,1.6666666666666667,1e-06,0.13852056774186194,Utsuroi,1e-06,0.9803921568627451,3.0,0
2025-12-26,0.3384948384948385,0.0,20.0,1.2961145068827118,0.4259592451850684,4,0.7440225498575347,0.016072002571568628,1.3333333333333333,1e-06,0.7540203516197101,Utsuroi,1e-06,0.9803921568627451,3.0,0
2025-12-29,0.3474764366068714,1.0,0.9523809523809523,0.6187663215822797,0.6904173572242086,2,0.19155931309609736,0.33751205400260365,0.6666666666666666,1e-06,0.7158864699560812,Utsuroi,1e-06,0.9803921568627451,3.0,0
2025-12-30,0.3055944055944057,0.0,20.0,0.5150183423109816,0.7891972286633224,2,0.1085672938483766,0.016072002571568628,0.6666666666666666,1e-06,0.22449679354081042,Utsuroi,1e-06,0.9803921568627451,3.0,0
2025-12-31,0.3193350128132737,0.0,20.0,0.0449351914231699,0.9923426621253649,2,0.000344083943188616,0.016072002571568628,0.6666666666666666,1e-06,0.9995963922748641,Utsuroi,1e-06,0.9803921568627451,3.0,0
2026-01-02,0.3209855362029276,0.0,20.0,3.8625880271251684e-11,0.9999999999603741,1,1.5305836525597148e-21,0.016072002571568628,0.3333333333333333,1e-06,0.751817046522438,Utsuroi,1e-06,0.9803921568627451,3.0,0
2026-01-05,0.31416337285902507,0.0,20.0,0.5569206561732991,0.7548706442280675,2,0.13651760166384275,0.016072002571568628,0.6666666666666666,1e-06,0.5406389485820225,Utsuroi,1e-06,0.9803921568627451,3.0,0
2026-01-06,0.32409402192010894,1.0,0.9523809523809523,2.7093882692558188e-11,0.9999999999719061,1,7.61171762698051e-22,0.33751205400260365,0.3333333333333333,1e-06,0.8403421903298947,Utsuroi,1e-06,0.9803921568627451,3.0,0
2026-01-07,0.3893309588961763,0.0,20.0,0.7277183473628611,0.6231944080275722,3,0.27420834266725974,0.016072002571568628,1.0,1e-06,0.08537289899830491,Utsuroi,1e-06,0.9803921568627451,3.0,0
2026-01-08,0.41754115449767626,1.0,0.9523809523809523,1.3462786441105487e-11,0.9999999999855372,1,1.9470910738132683e-22,0.33751205400260365,0.3333333333333333,1e-06,0.9581370052774737,Utsuroi,1e-06,0.9803921568627451,3.0,0
2026-01-09,0.4779365561974258,1.0,0.9523809523809523,0.8484356729258175,0.4945446741697233,3,0.42884632950474916,0.33751205400260365,1.0,1e-06,0.1190560038643389,Utsuroi,1e-06,0.9803921568627451,3.0,0
2026-01-12,0.4694501151022891,1.0,0.9523809523809523,7.983502747737186e-12,0.9999999999910165,1,7.171964226236917e-23,0.33751205400260365,0.3333333333333333,1e-06,0.6758894740958519,Utsuroi,1e-06,0.9803921568627451,3.0,0
2026-01-13,0.4653100522665741,0.0,20.0,1.1509238429169049,0.5601661047402324,4,0.5062153169774831,0.016072002571568628,1.3333333333333333,1e-06,0.058021762321599835,Utsuroi,1e-06,0.9803921568627451,3.0,0
2026-01-14,0.49992978036456304,0.0,20.0,1.7358415249829673,0.29576078287436863,7,1.2224476766081669,0.016072002571568628,2.3333333333333335,1e-06,0.08745792387830553,Utsuroi,1e-06,0.9803921568627451,3.0,0
2026-01-15,0.45458165023382435,0.0,20.0,0.9300721195876728,0.4869746095859243,3,0.4771506122647127,0.016072002571568628,1.0,1e-06,0.29751448658052726,Utsuroi,1e-06,0.9803921568627451,3.0,0
2026-01-16,0.45264228525098105,0.0,20.0,0.5278448329660904,0.779258515313919,2,0.11651725211281123,0.016072002571568628,0.6666666666666666,1e-06,0.6664238012806867,Utsuroi,1e-06,0.9803921568627451,3.0,0
2026-01-20,0.507535942318551,1.0,0.9523809523809523,0.6757669423840098,0.5929497485162206,2,0.27507110384183586,0.33751205400260365,0.6666666666666666,1e-06,0.7197297752782174,Utsuroi,1e-06,0.9803921568627451,3.0,0
2026-01-21,0.4420376724724551,1.0,0.9523809523809523,0.7094932630771833,0.5958719197320375,3,0.2867261503704346,0.33751205400260365,1.0,1e-06,0.18955026207542458,Utsuroi,1e-06,0.9803921568627451,3.0,0
2026-01-22,0.4408823060996974,0.0,20.0,0.6908410266610775,0.6261513305072687,3,0.25826999864823635,0.016072002571568628,1.0,1e-06,0.3222736437113085,Utsuroi,1e-06,0.9803921568627451,3.0,0
2026-01-23,0.4350091937048459,-1.0,0.9523809523809523,0.40939194914838584,0.8886849838371421,3,0.04557147143639646,0.33751205400260365,1.0,1e-06,0.8551659199500901,Utsuroi,1e-06,0.9803921568627451,3.0,0
2026-01-26,0.4181738551303769,0.0,20.0,0.7795542112497245,0.5760908926535743,3,0.3304601298190177,0.016072002571568628,1.0,1e-06,0.2563009384716891,Utsuroi,1e-06,0.9803921568627451,3.0,0
2026-01-27,0.43712736538823493,0.0,20.0,0.0,0.0,0,0.0,0.016072002571568628,0.0,1e-06,1.0,Utsuroi,1e-06,0.9803921568627451,3.0,0
2026-01-28,0.4330835830835832,0.0,20.0,1.1734147599649438,0.4163977449114812,4,0.6848075000696943,0.016072002571568628,1.3333333333333333,1e-06,0.19318920408097706,Utsuroi,1e-06,0.9803921568627451,3.0,0
2026-01-29,0.41736234779713044,-1.0,0.9523809523809523,0.3296545153638047,0.8979084080389105,2,0.033654954270652265,0.33751205400260365,0.6666666666666666,1e-06,0.8584864062526942,Utsuroi,1e-06,0.9803921568627451,3.0,0
2026-01-30,0.4482821526299787,0.0,20.0,1.148292572072476e-10,0.9999999998841708,1,1.3300585028525026e-20,0.016072002571568628,0.3333333333333333,1e-06,0.21437453593538147,Utsuroi,1e-06,0.9803921568627451,3.0,0
2026-02-02,0.44103360407708236,1.0,0.9523809523809523,6.747624680990407e-11,0.9999999999315238,1,4.62051863782851e-21,0.33751205400260365,0.3333333333333333,1e-06,0.7155401895725845,Utsuroi,1e-06,0.9803921568627451,3.0,0
2026-02-03,0.4552281052281052,1.0,0.9523809523809523,0.0,0.0,0,0.0,0.33751205400260365,0.0,1e-06,1.0,Utsuroi,1e-06,0.9803921568627451,3.0,0
2026-02-04,0.42208009381922434,0.5,1.8181818181818181,0.6184179807559818,0.7891103205302822,3,0.1304179697399391,0.1767920282871665,1.0,1e-06,0.15916814523988032,Utsuroi,1e-06,0.9803921568627451,3.0,0
2026-02-05,0.42415700241787196,0.0,20.0,0.1772480788545378,0.9570373017680579,2,0.007615055724018985,0.016072002571568628,0.6666666666666666,1e-06,0.30212591737946637,Utsuroi,1e-06,0.9803921568627451,3.0,0
2026-02-06,0.48332826593696165,0.0,20.0,0.4947327982231442,0.829495541946113,3,0.08435414764252025,0.016072002571568628,1.0,1e-06,0.40312224458811596,Utsuroi,1e-06,0.9803921568627451,3.0,0
2026-02-09,0.4659427528992748,0.0,20.0,1.3277842809983378,0.37837466414351734,4,0.8253843496205502,0.016072002571568628,1.3333333333333333,1e-06,0.27023676410462305,Utsuroi,1e-06,0.9803921568627451,3.0,0
2026-02-10,0.4444034226642923,0.0,20.0,1.0495744303767016,0.4849277256271602,3,0.5406066889777055,0.016072002571568628,1.0,1e-06,0.2946220779923847,Utsuroi,1e-06,0.9803921568627451,3.0,0
2026-02-11,0.4055335968379447,-0.5,1.8181818181818181,1.4774024834365347,0.3116881581726793,5,1.0169136244944588,0.1767920282871665,1.6666666666666667,1e-06,0.366028441393373,Utsuroi,1e-06,0.9803921568627451,3.0,0
2026-02-12,0.4006507984768854,2.0,0.48780487804878053,0.655657532934121,0.6360491837249794,2,0.23862709430823953,0.6589521054329958,0.6666666666666666,1e-06,0.9225582168133213,Utsuroi,1e-06,0.9803921568627451,3.0,0
2026-02-13,0.4074179443744661,2.0,0.48780487804878053,0.4619785135822791,0.8261244312051298,2,0.08032677682012745,0.6589521054329958,0.6666666666666666,1e-06,0.8985895006033083,Utsuroi,1e-06,0.9803921568627451,3.0,0
2026-02-17,0.3851221242525592,1.0,0.9523809523809523,0.832884160046108,0.6631435855645872,3,0.28056237179318244,0.33751205400260365,1.0,1e-06,0.8353998819905438,Utsuroi,1e-06,0.9803921568627451,3.0,0
2026-02-18,0.35836989097858657,1.0,0.9523809523809523,1.0637321054427558,0.4324628607238506,3,0.603707476079177,0.33751205400260365,1.0,1e-06,0.33694339972161313,Utsuroi,1e-06,0.9803921568627451,3.0,0
2026-02-19,0.3682455225933487,1.0,0.9523809523809523,1.048410718204739,0.42757445600771526,3,0.6001370756956897,0.33751205400260365,1.0,1e-06,0.33914936906586435,Utsuroi,1e-06,0.9803921568627451,3.0,0
2026-02-20,0.3080014188709841,1.0,0.9523809523809523,7.356559805736797e-12,0.9999999999916435,1,6.147536924161511e-23,0.33751205400260365,0.3333333333333333,1e-06,0.7376341546670176,Utsuroi,1e-06,0.9803921568627451,3.0,0
2026-02-23,0.30439777613690655,1.0,0.9523809523809523,0.38361592728016336,0.8714526461585453,2,0.0493128123433009,0.33751205400260365,0.6666666666666666,1e-06,0.26235954115432825,Utsuroi,1e-06,0.9803921568627451,3.0,0
2026-02-24,0.3188261014347971,1.5,0.6451612903225806,0.7825409273036195,0.6274903975693591,3,0.29150400971557633,0.49823207971788014,1.0,1e-06,0.08065608335273788,Utsuroi,1e-06,0.9803921568627451,3.0,0
2026-02-25,0.3431988301553519,1.0,0.9523809523809523,0.6799174397887839,0.5811520025152405,2,0.2847820581104967,0.33751205400260365,0.6666666666666666,1e-06,0.11480275000654272,Utsuroi,1e-06,0.9803921568627451,3.0,0
2026-02-26,0.3870064717890806,1.0,0.9523809523809523,1.0734934232495,0.38958789725154247,3,0.655273377772367,0.33751205400260365,1.0,1e-06,0.09971999033668766,Utsuroi,1e-06,0.9803921568627451,3.0,0
2026-02-27,0.35856245204071296,0.0,20.0,0.9757760565066129,0.5214153203560593,3,0.4669914714074451,0.016072002571568628,1.0,1e-06,0.47820102882862203,Utsuroi,1e-06,0.9803921568627451,3.0,0
2026-03-02,0.3578059621537883,0.0,20.0,0.6788784191607014,0.5842637683836142,2,0.2822343557075592,0.016072002571568628,0.6666666666666666,1e-06,0.46969410473942697,Utsuroi,1e-06,0.9803921568627451,3.0,0
2026-03-03,0.39818876775398515,2.0,0.48780487804878053,0.645749293129465,0.7956225679403607,3,0.13197658228412737,0.6589521054329958,1.0,1e-06,0.4242422955626707,Utsuroi,1e-06,0.9803921568627451,3.0,0
2026-03-04,0.3835678813939683,1.0,0.9523809523809523,0.8247199647210441,0.6827786379406279,3,0.26161879052636694,0.33751205400260365,1.0,1e-06,0.6842181304525715,Utsuroi,1e-06,0.9803921568627451,3.0,0
2026-03-05,0.3924256902517772,2.0,0.48780487804878053,7.95297161456027e-12,0.999999999991047,1,7.120255318346421e-23,0.6589521054329958,0.3333333333333333,1e-06,0.6267884768573209,Utsuroi,1e-06,0.9803921568627451,3.0,0
2026-03-06,0.3747650899824813,2.0,0.48780487804878053,0.4993598280224246,0.8007508017847346,2,0.09949704535438095,0.6589521054329958,0.6666666666666666,1e-06,0.5072195278014826,Utsuroi,1e-06,0.9803921568627451,3.0,0
2026-03-09,0.4184764510851467,1.0,0.9523809523809523,0.6392100025737764,0.7253861038639181,3,0.17553594925593966,0.33751205400260365,1.0,1e-06,0.9638445063043022,Utsuroi,1e-06,0.9803921568627451,3.0,0
2026-03-10,0.42305665349143623,1.0,0.9523809523809523,0.0,0.0,0,0.0,0.33751205400260365,0.0,1e-06,1.0,Utsuroi,1e-06,0.9803921568627451,3.0,0
2026-03-11,0.33982901156814205,1.0,0.9523809523809523,0.5680958712997479,0.7446881928755208,2,0.1450415835214942,0.33751205400260365,0.6666666666666666,1e-06,0.23815489760971542,Utsuroi,1e-06,0.9803921568627451,3.0,0
2026-03-12,0.3535008469791078,1.0,0.9523809523809523,0.5325499956534627,0.7754957620109615,2,0.11955973096524643,0.33751205400260365,0.6666666666666666,1e-06,0.777946199612947,Utsuroi,1e-06,0.9803921568627451,3.0,0
2026-03-13,0.3584936802328107,1.5,0.6451612903225806,0.33211052647449013,0.8967755819805048,2,0.03428191581347741,0.49823207971788014,0.6666666666666666,1e-06,0.31671982638278473,Utsuroi,1e-06,0.9803921568627451,3.0,0
