date,mean_corr,curv,eta,entropy,dominance,h1_count,v_raw,Oh,Xi,phi,DEF,regime,phi_c,Oh_pre,Xi_c
2006-05-11,0.37474308300395254,5.0,0.19801980198019803,0.0,0.0,0,0.0,0.9803921568627451,0.0,1e-06,1.0,Katashi,1e-06,0.9803921568627451,1.0
2006-05-12,0.384505928853755,5.0,0.19801980198019803,0.0,0.0,0,0.0,0.9803921568627451,0.0,1e-06,1.0,Katashi,1e-06,0.9803921568627451,1.0
2006-05-15,0.3971654432523998,5.0,0.19801980198019803,0.0,0.0,0,0.0,0.9803921568627451,0.0,1e-06,1.0,Katashi,1e-06,0.9803921568627451,1.0
2006-05-16,0.419373235460192,5.0,0.19801980198019803,0.0,0.0,0,0.0,0.9803921568627451,0.0,1e-06,1.0,Katashi,1e-06,0.9803921568627451,1.0
2006-05-17,0.39212309429700737,5.0,0.19801980198019803,0.0,0.0,0,0.0,0.9803921568627451,0.0,1e-06,1.0,Katashi,1e-06,0.9803921568627451,1.0
2006-05-18,0.37592320722755507,5.0,0.19801980198019803,0.0,0.0,0,0.0,0.9803921568627451,0.0,1e-06,1.0,Katashi,1e-06,0.9803921568627451,1.0
2006-05-19,0.37442123094297014,5.0,0.19801980198019803,0.0,0.0,0,0.0,0.9803921568627451,0.0,1e-06,1.0,Katashi,1e-06,0.9803921568627451,1.0
2006-05-22,0.36326369282891025,5.0,0.19801980198019803,0.0,0.0,0,0.0,0.9803921568627451,0.0,1e-06,1.0,Katashi,1e-06,0.9803921568627451,1.0
2006-05-23,0.3680914737436477,5.0,0.19801980198019803,0.0,0.0,0,0.0,0.9803921568627451,0.0,1e-06,1.0,Katashi,1e-06,0.9803921568627451,1.0
2006-05-24,0.3982382834556748,5.0,0.19801980198019803,0.0,0.0,0,0.0,0.9803921568627451,0.0,1e-06,1.0,Katashi,1e-06,0.9803921568627451,1.0
2006-05-25,0.40510446075663464,5.0,0.19801980198019803,0.0,0.0,0,0.0,0.9803921568627451,0.0,1e-06,1.0,Katashi,1e-06,0.9803921568627451,1.0
2006-05-26,0.3901919819311123,5.0,0.19801980198019803,0.0,0.0,0,0.0,0.9803921568627451,0.0,1e-06,1.0,Katashi,1e-06,0.9803921568627451,1.0
2006-05-30,0.39287408243929983,5.0,0.19801980198019803,0.0,0.0,0,0.0,0.9803921568627451,0.0,1e-06,1.0,Katashi,1e-06,0.9803921568627451,1.0
2006-05-31,0.3802145680406551,5.0,0.19801980198019803,0.0,0.0,0,0.0,0.9803921568627451,0.0,1e-06,1.0,Katashi,1e-06,0.9803921568627451,1.0
2006-06-01,0.37324110671936767,5.0,0.19801980198019803,0.0,0.0,0,0.0,0.9803921568627451,0.0,1e-06,1.0,Katashi,1e-06,0.9803921568627451,1.0
2006-06-02,0.32153020892151335,5.0,0.19801980198019803,0.0,0.0,0,0.0,0.9803921568627451,0.0,1e-06,1.0,Katashi,1e-06,0.9803921568627451,1.0
2006-06-05,0.32979107848673067,5.0,0.19801980198019803,0.0,0.0,0,0.0,0.9803921568627451,0.0,1e-06,1.0,Katashi,1e-06,0.9803921568627451,1.0
2006-06-06,0.35993788819875777,5.0,0.19801980198019803,0.0,0.0,0,0.0,0.9803921568627451,0.0,1e-06,1.0,Katashi,1e-06,0.9803921568627451,1.0
2006-06-07,0.33300959909655564,5.0,0.19801980198019803,0.0,0.0,0,0.0,0.9803921568627451,0.0,1e-06,1.0,Katashi,1e-06,0.9803921568627451,1.0
2006-06-08,0.3676623376623377,5.0,0.19801980198019803,0.0,0.0,0,0.0,0.9803921568627451,0.0,1e-06,1.0,Katashi,1e-06,0.9803921568627451,1.0
2006-06-09,0.4116487859966121,5.0,0.19801980198019803,0.0,0.0,0,0.0,0.9803921568627451,0.0,1e-06,1.0,Katashi,1e-06,0.9803921568627451,1.0
2006-06-12,0.41003952569169966,5.0,0.19801980198019803,0.0,0.0,0,0.0,0.9803921568627451,0.0,1e-06,1.0,Katashi,1e-06,0.9803921568627451,1.0
2006-06-13,0.3500677583286279,5.0,0.19801980198019803,0.0,0.0,0,0.0,0.9803921568627451,0.0,1e-06,1.0,Katashi,1e-06,0.9803921568627451,1.0
2006-06-14,0.3231394692264258,5.0,0.19801980198019803,0.0,0.0,0,0.0,0.9803921568627451,0.0,1e-06,1.0,Katashi,1e-06,0.9803921568627451,1.0
2006-06-15,0.31273291925465835,5.0,0.19801980198019803,0.0,0.0,0,0.0,0.9803921568627451,0.0,1e-06,1.0,Katashi,1e-06,0.9803921568627451,1.0
2006-06-16,0.31680971202710334,5.0,0.19801980198019803,0.0,0.0,0,0.0,0.9803921568627451,0.0,1e-06,1.0,Katashi,1e-06,0.9803921568627451,1.0
2006-06-19,0.32367588932806324,5.0,0.19801980198019803,0.0,0.0,0,0.0,0.9803921568627451,0.0,1e-06,1.0,Katashi,1e-06,0.9803921568627451,1.0
2006-06-20,0.3327950310559007,5.0,0.19801980198019803,0.0,0.0,0,0.0,0.9803921568627451,0.0,1e-06,1.0,Katashi,1e-06,0.9803921568627451,1.0
2006-06-21,0.341270468661773,5.0,0.19801980198019803,0.0,0.0,0,0.0,0.9803921568627451,0.0,1e-06,1.0,Katashi,1e-06,0.9803921568627451,1.0
2006-06-22,0.3692715979672502,5.0,0.19801980198019803,0.0,0.0,0,0.0,0.9803921568627451,0.0,1e-06,1.0,Katashi,1e-06,0.9803921568627451,1.0
2006-06-23,0.35629023150762285,5.0,0.19801980198019803,0.0,0.0,0,0.0,0.9803921568627451,0.0,1e-06,1.0,Katashi,1e-06,0.9803921568627451,1.0
2006-06-26,0.3541445511010729,5.0,0.19801980198019803,0.0,0.0,0,0.0,0.9803921568627451,0.0,1e-06,1.0,Katashi,1e-06,0.9803921568627451,1.0
2006-06-27,0.3930886504799549,5.0,0.19801980198019803,0.0,0.0,0,0.0,0.9803921568627451,0.0,1e-06,1.0,Katashi,1e-06,0.9803921568627451,1.0
2006-06-28,0.4011349520045172,5.0,0.19801980198019803,0.0,0.0,0,0.0,0.9803921568627451,0.0,1e-06,1.0,Katashi,1e-06,0.9803921568627451,1.0
2006-06-29,0.40488989271597964,5.0,0.19801980198019803,0.0,0.0,0,0.0,0.9803921568627451,0.0,1e-06,1.0,Katashi,1e-06,0.9803921568627451,1.0
2006-06-30,0.3784980237154151,5.0,0.19801980198019803,0.0,0.0,0,0.0,0.9803921568627451,0.0,1e-06,1.0,Katashi,1e-06,0.9803921568627451,1.0
2006-07-03,0.39877470355731226,5.0,0.19801980198019803,0.0,0.0,0,0.0,0.9803921568627451,0.0,1e-06,1.0,Katashi,1e-06,0.9803921568627451,1.0
2006-07-05,0.4033879164313946,5.0,0.19801980198019803,0.0,0.0,0,0.0,0.9803921568627451,0.0,1e-06,1.0,Katashi,1e-06,0.9803921568627451,1.0
2006-07-06,0.3944833427442124,5.0,0.19801980198019803,0.0,0.0,0,0.0,0.9803921568627451,0.0,1e-06,1.0,Katashi,1e-06,0.9803921568627451,1.0
2006-07-07,0.3367645398080181,5.0,0.19801980198019803,0.0,0.0,0,0.0,0.9803921568627451,0.0,1e-06,1.0,Katashi,1e-06,0.9803921568627451,1.0
2006-07-10,0.422591756070017,5.0,0.19801980198019803,0.0,0.0,0,0.0,0.9803921568627451,0.0,1e-06,1.0,Katashi,1e-06,0.9803921568627451,1.0
2006-07-11,0.4066064370412197,5.0,0.19801980198019803,0.0,0.0,0,0.0,0.9803921568627451,0.0,1e-06,1.0,Katashi,1e-06,0.9803921568627451,1.0
2006-07-12,0.3715245623941278,5.0,0.19801980198019803,0.0,0.0,0,0.0,0.9803921568627451,0.0,1e-06,1.0,Katashi,1e-06,0.9803921568627451,1.0
2006-07-13,0.4320327498588369,5.0,0.19801980198019803,0.0,0.0,0,0.0,0.9803921568627451,0.0,1e-06,1.0,Katashi,1e-06,0.9803921568627451,1.0
2006-07-14,0.4469452286843592,5.0,0.19801980198019803,0.0,0.0,0,0.0,0.9803921568627451,0.0,1e-06,1.0,Katashi,1e-06,0.9803921568627451,1.0
2006-07-17,0.5052004517221909,5.0,0.19801980198019803,0.0,0.0,0,0.0,0.9803921568627451,0.0,1e-06,1.0,Katashi,1e-06,0.9803921568627451,1.0
2006-07-18,0.5158215697346132,5.0,0.19801980198019803,0.0,0.0,0,0.0,0.9803921568627451,0.0,1e-06,1.0,Katashi,1e-06,0.9803921568627451,1.0
2006-07-19,0.5311631846414456,5.0,0.19801980198019803,0.0,0.0,0,0.0,0.9803921568627451,0.0,1e-06,1.0,Katashi,1e-06,0.9803921568627451,1.0
2006-07-20,0.5147487295313382,5.0,0.19801980198019803,0.0,0.0,0,0.0,0.9803921568627451,0.0,1e-06,1.0,Katashi,1e-06,0.9803921568627451,1.0
2006-07-21,0.5109937888198759,5.0,0.19801980198019803,0.0,0.0,0,0.0,0.9803921568627451,0.0,1e-06,1.0,Katashi,1e-06,0.9803921568627451,1.0
2006-07-24,0.5274082439299832,5.0,0.19801980198019803,0.0,0.0,0,0.0,0.9803921568627451,0.0,1e-06,1.0,Katashi,1e-06,0.9803921568627451,1.0
2006-07-25,0.47913043478260875,5.0,0.19801980198019803,0.0,0.0,0,0.0,0.9803921568627451,0.0,1e-06,1.0,Katashi,1e-06,0.9803921568627451,1.0
2006-07-26,0.4886787125917561,5.0,0.19801980198019803,0.0,0.0,0,0.0,0.9803921568627451,0.0,1e-06,1.0,Katashi,1e-06,0.9803921568627451,1.0
2006-07-27,0.4771993224167138,5.0,0.19801980198019803,0.0,0.0,0,0.0,0.9803921568627451,0.0,1e-06,1.0,Katashi,1e-06,0.9803921568627451,1.0
2006-07-28,0.4350367024280068,5.0,0.19801980198019803,0.0,0.0,0,0.0,0.9803921568627451,0.0,1e-06,1.0,Katashi,1e-06,0.9803921568627451,1.0
2006-07-31,0.4185149632975721,5.0,0.19801980198019803,0.0,0.0,0,0.0,0.9803921568627451,0.0,1e-06,1.0,Katashi,1e-06,0.9803921568627451,1.0
2006-08-01,0.41368718238283453,5.0,0.19801980198019803,0.0,0.0,0,0.0,0.9803921568627451,0.0,1e-06,1.0,Katashi,1e-06,0.9803921568627451,1.0
2006-08-02,0.4513438735177866,5.0,0.19801980198019803,0.0,0.0,0,0.0,0.9803921568627451,0.0,1e-06,1.0,Katashi,1e-06,0.9803921568627451,1.0
2006-08-03,0.4851383399209486,5.0,0.19801980198019803,0.0,0.0,0,0.0,0.9803921568627451,0.0,1e-06,1.0,Katashi,1e-06,0.9803921568627451,1.0
2006-08-04,0.503054771315641,5.0,0.19801980198019803,0.0,0.0,0,0.0,0.9803921568627451,0.0,1e-06,1.0,Katashi,1e-06,0.9803921568627451,1.0
2006-08-07,0.5407114624505929,5.0,0.19801980198019803,0.0,0.0,0,0.0,0.9803921568627451,0.0,1e-06,1.0,Katashi,1e-06,0.9803921568627451,1.0
2006-08-08,0.5451101072840204,5.0,0.19801980198019803,0.0,0.0,0,0.0,0.9803921568627451,0.0,1e-06,1.0,Katashi,1e-06,0.9803921568627451,1.0
2006-08-09,0.5283738001129307,5.0,0.19801980198019803,0.0,0.0,0,0.0,0.9803921568627451,0.0,1e-06,1.0,Katashi,1e-06,0.9803921568627451,1.0
2006-08-10,0.5023037831733485,5.0,0.19801980198019803,0.0,0.0,0,0.0,0.9803921568627451,0.0,1e-06,1.0,Katashi,1e-06,0.9803921568627451,1.0
2006-08-11,0.4927555053642011,5.0,0.19801980198019803,0.0,0.0,0,0.0,0.9803921568627451,0.0,1e-06,1.0,Katashi,1e-06,0.9803921568627451,1.0
2006-08-14,0.4312817617165444,5.0,0.19801980198019803,0.0,0.0,0,0.0,0.9803921568627451,0.0,1e-06,1.0,Katashi,1e-06,0.9803921568627451,1.0
2006-08-15,0.4177639751552795,5.0,0.19801980198019803,0.0,0.0,0,0.0,0.9803921568627451,0.0,1e-06,1.0,Katashi,1e-06,0.9803921568627451,1.0
2006-08-16,0.3553246753246754,5.0,0.19801980198019803,0.0,0.0,0,0.0,0.9803921568627451,0.0,1e-06,1.0,Katashi,1e-06,0.9803921568627451,1.0
2006-08-17,0.3621908526256353,5.0,0.19801980198019803,0.0,0.0,0,0.0,0.9803921568627451,0.0,1e-06,1.0,Katashi,1e-06,0.9803921568627451,1.0
2006-08-18,0.34684923771880294,5.0,0.19801980198019803,0.0,0.0,0,0.0,0.9803921568627451,0.0,1e-06,1.0,Katashi,1e-06,0.9803921568627451,1.0
2006-08-21,0.39405420666290225,5.0,0.19801980198019803,0.0,0.0,0,0.0,0.9803921568627451,0.0,1e-06,1.0,Katashi,1e-06,0.9803921568627451,1.0
2006-08-22,0.3879390175042349,5.0,0.19801980198019803,0.0,0.0,0,0.0,0.9803921568627451,0.0,1e-06,1.0,Katashi,1e-06,0.9803921568627451,1.0
2006-08-23,0.39223037831733476,5.0,0.19801980198019803,0.0,0.0,0,0.0,0.9803921568627451,0.0,1e-06,1.0,Katashi,1e-06,0.9803921568627451,1.0
2006-08-24,0.40349520045172216,5.0,0.19801980198019803,0.0,0.0,0,0.0,0.9803921568627451,0.0,1e-06,1.0,Katashi,1e-06,0.9803921568627451,1.0
2006-08-25,0.4366459627329193,5.0,0.19801980198019803,0.0,0.0,0,0.0,0.9803921568627451,0.0,1e-06,1.0,Katashi,1e-06,0.9803921568627451,1.0
2006-08-28,0.4500564652738567,5.0,0.19801980198019803,0.0,0.0,0,0.0,0.9803921568627451,0.0,1e-06,1.0,Katashi,1e-06,0.9803921568627451,1.0
2006-08-29,0.4745172219085263,5.0,0.19801980198019803,0.0,0.0,0,0.0,0.9803921568627451,0.0,1e-06,1.0,Katashi,1e-06,0.9803921568627451,1.0
2006-08-30,0.48406549971767376,5.0,0.19801980198019803,0.0,0.0,0,0.0,0.9803921568627451,0.0,1e-06,1.0,Katashi,1e-06,0.9803921568627451,1.0
2006-08-31,0.4678656126482214,5.0,0.19801980198019803,0.0,0.0,0,0.0,0.9803921568627451,0.0,1e-06,1.0,Katashi,1e-06,0.9803921568627451,1.0
2006-09-01,0.39158667419536997,5.0,0.19801980198019803,0.0,0.0,0,0.0,0.9803921568627451,0.0,1e-06,1.0,Katashi,1e-06,0.9803921568627451,1.0
2006-09-05,0.3830039525691701,5.0,0.19801980198019803,0.0,0.0,0,0.0,0.9803921568627451,0.0,1e-06,1.0,Katashi,1e-06,0.9803921568627451,1.0
2006-09-06,0.3924449463579898,5.0,0.19801980198019803,0.0,0.0,0,0.0,0.9803921568627451,0.0,1e-06,1.0,Katashi,1e-06,0.9803921568627451,1.0
2006-09-07,0.30168266516092607,5.0,0.19801980198019803,0.0,0.0,0,0.0,0.9803921568627451,0.0,1e-06,1.0,Katashi,1e-06,0.9803921568627451,1.0
2006-09-08,0.3160587238848109,5.0,0.19801980198019803,0.0,0.0,0,0.0,0.9803921568627451,0.0,1e-06,1.0,Katashi,1e-06,0.9803921568627451,1.0
2006-09-11,0.32249576510446076,5.0,0.19801980198019803,0.0,0.0,0,0.0,0.9803921568627451,0.0,1e-06,1.0,Katashi,1e-06,0.9803921568627451,1.0
2006-09-12,0.31927724449463585,5.0,0.19801980198019803,0.0,0.0,0,0.0,0.9803921568627451,0.0,1e-06,1.0,Katashi,1e-06,0.9803921568627451,1.0
2006-09-13,0.31069452286843596,5.0,0.19801980198019803,0.0,0.0,0,0.0,0.9803921568627451,0.0,1e-06,1.0,Katashi,1e-06,0.9803921568627451,1.0
2006-09-14,0.302111801242236,5.0,0.19801980198019803,0.0,0.0,0,0.0,0.9803921568627451,0.0,1e-06,1.0,Katashi,1e-06,0.9803921568627451,1.0
2006-09-15,0.29460191981931116,5.0,0.19801980198019803,0.0,0.0,0,0.0,0.9803921568627451,0.0,1e-06,1.0,Katashi,1e-06,0.9803921568627451,1.0
2006-09-18,0.3179898362507058,5.0,0.19801980198019803,0.0,0.0,0,0.0,0.9803921568627451,0.0,1e-06,1.0,Katashi,1e-06,0.9803921568627451,1.0
2006-09-19,0.2904178430265388,5.0,0.19801980198019803,0.0,0.0,0,0.0,0.9803921568627451,0.0,1e-06,1.0,Katashi,1e-06,0.9803921568627451,1.0
2006-09-20,0.29245623941276117,5.0,0.19801980198019803,0.0,0.0,0,0.0,0.9803921568627451,0.0,1e-06,1.0,Katashi,1e-06,0.9803921568627451,1.0
2006-09-21,0.19343308865047998,5.0,0.19801980198019803,0.0,0.0,0,0.0,0.9803921568627451,0.0,1e-06,1.0,Katashi,1e-06,0.9803921568627451,1.0
2006-09-22,0.1709034443817053,5.0,0.19801980198019803,0.0,0.0,0,0.0,0.9803921568627451,0.0,1e-06,1.0,Katashi,1e-06,0.9803921568627451,1.0
2006-09-25,0.15405985319028798,5.0,0.19801980198019803,0.0,0.0,0,0.0,0.9803921568627451,0.0,1e-06,1.0,Katashi,1e-06,0.9803921568627451,1.0
2006-09-26,0.16693393562958786,5.0,0.19801980198019803,0.0,0.0,0,0.0,0.9803921568627451,0.0,1e-06,1.0,Katashi,1e-06,0.9803921568627451,1.0
2006-09-27,0.1350705815923207,5.0,0.19801980198019803,0.0,0.0,0,0.0,0.9803921568627451,0.0,1e-06,1.0,Katashi,1e-06,0.9803921568627451,1.0
2006-09-28,0.09258610954263129,5.0,0.19801980198019803,0.0,0.0,0,0.0,0.9803921568627451,0.0,1e-06,1.0,Katashi,1e-06,0.9803921568627451,1.0
2006-09-29,0.08732919254658389,5.0,0.19801980198019803,0.0,0.0,0,0.0,0.9803921568627451,0.0,1e-06,1.0,Katashi,1e-06,0.9803921568627451,1.0
2006-10-02,0.06040090344438176,5.0,0.19801980198019803,0.0,0.0,0,0.0,0.9803921568627451,0.0,1e-06,1.0,Katashi,1e-06,0.9803921568627451,1.0
2006-10-03,0.07627893845285152,5.0,0.19801980198019803,0.0,0.0,0,0.0,0.9803921568627451,0.0,1e-06,1.0,Katashi,1e-06,0.9803921568627451,1.0
2006-10-04,0.07027103331451161,5.0,0.19801980198019803,0.0,0.0,0,0.0,0.9803921568627451,0.0,1e-06,1.0,Katashi,1e-06,0.9803921568627451,1.0
2006-10-05,0.09301524562394131,5.0,0.19801980198019803,0.0,0.0,0,0.0,0.9803921568627451,0.0,1e-06,1.0,Katashi,1e-06,0.9803921568627451,1.0
2006-10-06,0.09548277809147376,5.0,0.19801980198019803,0.0,0.0,0,0.0,0.9803921568627451,0.0,1e-06,1.0,Katashi,1e-06,0.9803921568627451,1.0
2006-10-09,0.13635798983625075,5.0,0.19801980198019803,0.0,0.0,0,0.0,0.9803921568627451,0.0,1e-06,1.0,Katashi,1e-06,0.9803921568627451,1.0
2006-10-10,0.14622811970638055,5.0,0.19801980198019803,0.0,0.0,0,0.0,0.9803921568627451,0.0,1e-06,1.0,Katashi,1e-06,0.9803921568627451,1.0
2006-10-11,0.13871823828345567,5.0,0.19801980198019803,0.0,0.0,0,0.0,0.9803921568627451,0.0,1e-06,1.0,Katashi,1e-06,0.9803921568627451,1.0
2006-10-12,0.12176736307171092,5.0,0.19801980198019803,0.0,0.0,0,0.0,0.9803921568627451,0.0,1e-06,1.0,Katashi,1e-06,0.9803921568627451,1.0
2006-10-13,0.14322416713721062,5.0,0.19801980198019803,0.0,0.0,0,0.0,0.9803921568627451,0.0,1e-06,1.0,Katashi,1e-06,0.9803921568627451,1.0
2006-10-16,0.1362507058159232,5.0,0.19801980198019803,0.0,0.0,0,0.0,0.9803921568627451,0.0,1e-06,1.0,Katashi,1e-06,0.9803921568627451,1.0
2006-10-17,0.13979107848673067,5.0,0.19801980198019803,0.0,0.0,0,0.0,0.9803921568627451,0.0,1e-06,1.0,Katashi,1e-06,0.9803921568627451,1.0
2006-10-18,0.13678712591756076,5.0,0.19801980198019803,0.0,0.0,0,0.0,0.9803921568627451,0.0,1e-06,1.0,Katashi,1e-06,0.9803921568627451,1.0
2006-10-19,0.14322416713721062,5.0,0.19801980198019803,0.0,0.0,0,0.0,0.9803921568627451,0.0,1e-06,1.0,Katashi,1e-06,0.9803921568627451,1.0
2006-10-20,0.1328176171654432,5.0,0.19801980198019803,0.0,0.0,0,0.0,0.9803921568627451,0.0,1e-06,1.0,Katashi,1e-06,0.9803921568627451,1.0
2006-10-23,0.1370016939582157,5.0,0.19801980198019803,0.0,0.0,0,0.0,0.9803921568627451,0.0,1e-06,1.0,Katashi,1e-06,0.9803921568627451,1.0
2006-10-24,0.14032749858836818,5.0,0.19801980198019803,0.0,0.0,0,0.0,0.9803921568627451,0.0,1e-06,1.0,Katashi,1e-06,0.9803921568627451,1.0
2006-10-25,0.21403162055335967,5.0,0.19801980198019803,0.0,0.0,0,0.0,0.9803921568627451,0.0,1e-06,1.0,Katashi,1e-06,0.9803921568627451,1.0
2006-10-26,0.20276679841897235,5.0,0.19801980198019803,0.0,0.0,0,0.0,0.9803921568627451,0.0,1e-06,1.0,Katashi,1e-06,0.9803921568627451,1.0
2006-10-27,0.1735855448898927,5.0,0.19801980198019803,0.0,0.0,0,0.0,0.9803921568627451,0.0,1e-06,1.0,Katashi,1e-06,0.9803921568627451,1.0
2006-10-30,0.1817391304347826,5.0,0.19801980198019803,0.0,0.0,0,0.0,0.9803921568627451,0.0,1e-06,1.0,Katashi,1e-06,0.9803921568627451,1.0
2006-10-31,0.1741219649915302,5.0,0.19801980198019803,0.0,0.0,0,0.0,0.9803921568627451,0.0,1e-06,1.0,Katashi,1e-06,0.9803921568627451,1.0
2006-11-01,0.17658949745906272,5.0,0.19801980198019803,0.0,0.0,0,0.0,0.9803921568627451,0.0,1e-06,1.0,Katashi,1e-06,0.9803921568627451,1.0
2006-11-02,0.17927159796725015,5.0,0.19801980198019803,0.0,0.0,0,0.0,0.9803921568627451,0.0,1e-06,1.0,Katashi,1e-06,0.9803921568627451,1.0
2006-11-03,0.20223037831733484,5.0,0.19801980198019803,0.0,0.0,0,0.0,0.9803921568627451,0.0,1e-06,1.0,Katashi,1e-06,0.9803921568627451,1.0
2006-11-06,0.2064144551101073,5.0,0.19801980198019803,0.0,0.0,0,0.0,0.9803921568627451,0.0,1e-06,1.0,Katashi,1e-06,0.9803921568627451,1.0
2006-11-07,0.19021456804065498,5.0,0.19801980198019803,0.0,0.0,0,0.0,0.9803921568627451,0.0,1e-06,1.0,Katashi,1e-06,0.9803921568627451,1.0
2006-11-08,0.17272727272727273,5.0,0.19801980198019803,0.0,0.0,0,0.0,0.9803921568627451,0.0,1e-06,1.0,Katashi,1e-06,0.9803921568627451,1.0
2006-11-09,0.223794466403162,5.0,0.19801980198019803,0.0,0.0,0,0.0,0.9803921568627451,0.0,1e-06,1.0,Katashi,1e-06,0.9803921568627451,1.0
2006-11-10,0.2381705251270469,5.0,0.19801980198019803,0.0,0.0,0,0.0,0.9803921568627451,0.0,1e-06,1.0,Katashi,1e-06,0.9803921568627451,1.0
2006-11-13,0.24653867871259177,5.0,0.19801980198019803,0.0,0.0,0,0.0,0.9803921568627451,0.0,1e-06,1.0,Katashi,1e-06,0.9803921568627451,1.0
2006-11-14,0.24535855448898936,5.0,0.19801980198019803,0.0,0.0,0,0.0,0.9803921568627451,0.0,1e-06,1.0,Katashi,1e-06,0.9803921568627451,1.0
2006-11-15,0.270248447204969,5.0,0.19801980198019803,0.0,0.0,0,0.0,0.9803921568627451,0.0,1e-06,1.0,Katashi,1e-06,0.9803921568627451,1.0
2006-11-16,0.26348955392433654,5.0,0.19801980198019803,0.0,0.0,0,0.0,0.9803921568627451,0.0,1e-06,1.0,Katashi,1e-06,0.9803921568627451,1.0
2006-11-17,0.28129870129870127,5.0,0.19801980198019803,0.0,0.0,0,0.0,0.9803921568627451,0.0,1e-06,1.0,Katashi,1e-06,0.9803921568627451,1.0
2006-11-20,0.2861264822134388,5.0,0.19801980198019803,0.0,0.0,0,0.0,0.9803921568627451,0.0,1e-06,1.0,Katashi,1e-06,0.9803921568627451,1.0
2006-11-21,0.3346188594014681,5.0,0.19801980198019803,0.0,0.0,0,0.0,0.9803921568627451,0.0,1e-06,1.0,Katashi,1e-06,0.9803921568627451,1.0
2006-11-22,0.3150931677018634,5.0,0.19801980198019803,0.0,0.0,0,0.0,0.9803921568627451,0.0,1e-06,1.0,Katashi,1e-06,0.9803921568627451,1.0
2006-11-24,0.29224167137210616,5.0,0.19801980198019803,0.0,0.0,0,0.0,0.9803921568627451,0.0,1e-06,1.0,Katashi,1e-06,0.9803921568627451,1.0
2006-11-27,0.2411744776962169,5.0,0.19801980198019803,0.0,0.0,0,0.0,0.9803921568627451,0.0,1e-06,1.0,Katashi,1e-06,0.9803921568627451,1.0
2006-11-28,0.2939582156973461,5.0,0.19801980198019803,0.0,0.0,0,0.0,0.9803921568627451,0.0,1e-06,1.0,Katashi,1e-06,0.9803921568627451,1.0
2006-11-29,0.31251835121400345,5.0,0.19801980198019803,0.0,0.0,0,0.0,0.9803921568627451,0.0,1e-06,1.0,Katashi,1e-06,0.9803921568627451,1.0
2006-11-30,0.3465273856578205,5.0,0.19801980198019803,0.0,0.0,0,0.0,0.9803921568627451,0.0,1e-06,1.0,Katashi,1e-06,0.9803921568627451,1.0
2006-12-01,0.3686278938452852,5.0,0.19801980198019803,0.0,0.0,0,0.0,0.9803921568627451,0.0,1e-06,1.0,Katashi,1e-06,0.9803921568627451,1.0
2006-12-04,0.3397684923771881,5.0,0.19801980198019803,0.0,0.0,0,0.0,0.9803921568627451,0.0,1e-06,1.0,Katashi,1e-06,0.9803921568627451,1.0
2006-12-05,0.3167024280067759,5.0,0.19801980198019803,0.0,0.0,0,0.0,0.9803921568627451,0.0,1e-06,1.0,Katashi,1e-06,0.9803921568627451,1.0
2006-12-06,0.2937436476566912,5.0,0.19801980198019803,0.0,0.0,0,0.0,0.9803921568627451,0.0,1e-06,1.0,Katashi,1e-06,0.9803921568627451,1.0
2006-12-07,0.2980350084697911,5.0,0.19801980198019803,0.0,0.0,0,0.0,0.9803921568627451,0.0,1e-06,1.0,Katashi,1e-06,0.9803921568627451,1.0
2006-12-08,0.3129474872953134,5.0,0.19801980198019803,0.0,0.0,0,0.0,0.9803921568627451,0.0,1e-06,1.0,Katashi,1e-06,0.9803921568627451,1.0
2006-12-11,0.3379446640316206,5.0,0.19801980198019803,0.0,0.0,0,0.0,0.9803921568627451,0.0,1e-06,1.0,Katashi,1e-06,0.9803921568627451,1.0
2006-12-12,0.2884867306606437,5.0,0.19801980198019803,0.0,0.0,0,0.0,0.9803921568627451,0.0,1e-06,1.0,Katashi,1e-06,0.9803921568627451,1.0
2006-12-13,0.28022586109542635,5.0,0.19801980198019803,0.0,0.0,0,0.0,0.9803921568627451,0.0,1e-06,1.0,Katashi,1e-06,0.9803921568627451,1.0
2006-12-14,0.31916996047430835,5.0,0.19801980198019803,0.0,0.0,0,0.0,0.9803921568627451,0.0,1e-06,1.0,Katashi,1e-06,0.9803921568627451,1.0
2006-12-15,0.32185206098249575,5.0,0.19801980198019803,0.0,0.0,0,0.0,0.9803921568627451,0.0,1e-06,1.0,Katashi,1e-06,0.9803921568627451,1.0
2006-12-18,0.3480293619424054,5.0,0.19801980198019803,0.0,0.0,0,0.0,0.9803921568627451,0.0,1e-06,1.0,Katashi,1e-06,0.9803921568627451,1.0
2006-12-19,0.3647656691134952,5.0,0.19801980198019803,0.0,0.0,0,0.0,0.9803921568627451,0.0,1e-06,1.0,Katashi,1e-06,0.9803921568627451,1.0
2006-12-20,0.33300959909655564,5.0,0.19801980198019803,0.0,0.0,0,0.0,0.9803921568627451,0.0,1e-06,1.0,Katashi,1e-06,0.9803921568627451,1.0
2006-12-21,0.32968379446640317,5.0,0.19801980198019803,0.0,0.0,0,0.0,0.9803921568627451,0.0,1e-06,1.0,Katashi,1e-06,0.9803921568627451,1.0
2006-12-22,0.31187464709203844,5.0,0.19801980198019803,0.0,0.0,0,0.0,0.9803921568627451,0.0,1e-06,1.0,Katashi,1e-06,0.9803921568627451,1.0
2006-12-26,0.2997515527950311,5.0,0.19801980198019803,0.0,0.0,0,0.0,0.9803921568627451,0.0,1e-06,1.0,Katashi,1e-06,0.9803921568627451,1.0
2006-12-27,0.3554319593450029,5.0,0.19801980198019803,0.0,0.0,0,0.0,0.9803921568627451,0.0,1e-06,1.0,Katashi,1e-06,0.9803921568627451,1.0
2006-12-28,0.3289328063241107,5.0,0.19801980198019803,0.0,0.0,0,0.0,0.9803921568627451,0.0,1e-06,1.0,Katashi,1e-06,0.9803921568627451,1.0
2006-12-29,0.2994297007340486,5.0,0.19801980198019803,0.0,0.0,0,0.0,0.9803921568627451,0.0,1e-06,1.0,Katashi,1e-06,0.9803921568627451,1.0
2007-01-03,0.20630717108977978,5.0,0.19801980198019803,0.0,0.0,0,0.0,0.9803921568627451,0.0,1e-06,1.0,Katashi,1e-06,0.9803921568627451,1.0
2007-01-04,0.19053642010163754,5.0,0.19801980198019803,0.0,0.0,0,0.0,0.9803921568627451,0.0,1e-06,1.0,Katashi,1e-06,0.9803921568627451,1.0
2007-01-05,0.20566346696781485,5.0,0.19801980198019803,0.0,0.0,0,0.0,0.9803921568627451,0.0,1e-06,1.0,Katashi,1e-06,0.9803921568627451,1.0
2007-01-08,0.2360248447204969,5.0,0.19801980198019803,0.0,0.0,0,0.0,0.9803921568627451,0.0,1e-06,1.0,Katashi,1e-06,0.9803921568627451,1.0
2007-01-09,0.22754940711462446,5.0,0.19801980198019803,0.0,0.0,0,0.0,0.9803921568627451,0.0,1e-06,1.0,Katashi,1e-06,0.9803921568627451,1.0
2007-01-10,0.21767927724449465,5.0,0.19801980198019803,0.0,0.0,0,0.0,0.9803921568627451,0.0,1e-06,1.0,Katashi,1e-06,0.9803921568627451,1.0
2007-01-11,0.21832298136645964,5.0,0.19801980198019803,0.0,0.0,0,0.0,0.9803921568627451,0.0,1e-06,1.0,Katashi,1e-06,0.9803921568627451,1.0
2007-01-12,0.19085827216262002,5.0,0.19801980198019803,0.0,0.0,0,0.0,0.9803921568627451,0.0,1e-06,1.0,Katashi,1e-06,0.9803921568627451,1.0
2007-01-16,0.18034443817052512,5.0,0.19801980198019803,0.0,0.0,0,0.0,0.9803921568627451,0.0,1e-06,1.0,Katashi,1e-06,0.9803921568627451,1.0
2007-01-17,0.17669678147939014,5.0,0.19801980198019803,0.0,0.0,0,0.0,0.9803921568627451,0.0,1e-06,1.0,Katashi,1e-06,0.9803921568627451,1.0
2007-01-18,0.1819536984754376,5.0,0.19801980198019803,0.0,0.0,0,0.0,0.9803921568627451,0.0,1e-06,1.0,Katashi,1e-06,0.9803921568627451,1.0
2007-01-19,0.13571428571428573,5.0,0.19801980198019803,0.0,0.0,0,0.0,0.9803921568627451,0.0,1e-06,1.0,Katashi,1e-06,0.9803921568627451,1.0
2007-01-22,0.1475155279503106,5.0,0.19801980198019803,0.0,0.0,0,0.0,0.9803921568627451,0.0,1e-06,1.0,Katashi,1e-06,0.9803921568627451,1.0
2007-01-23,0.13560700169395826,5.0,0.19801980198019803,0.0,0.0,0,0.0,0.9803921568627451,0.0,1e-06,1.0,Katashi,1e-06,0.9803921568627451,1.0
2007-01-24,0.11254093732354606,5.0,0.19801980198019803,0.0,0.0,0,0.0,0.9803921568627451,0.0,1e-06,1.0,Katashi,1e-06,0.9803921568627451,1.0
2007-01-25,0.10406549971767362,5.0,0.19801980198019803,0.0,0.0,0,0.0,0.9803921568627451,0.0,1e-06,1.0,Katashi,1e-06,0.9803921568627451,1.0
2007-01-26,0.11769057029926597,5.0,0.19801980198019803,0.0,0.0,0,0.0,0.9803921568627451,0.0,1e-06,1.0,Katashi,1e-06,0.9803921568627451,1.0
2007-01-29,0.12284020327498588,5.0,0.19801980198019803,0.0,0.0,0,0.0,0.9803921568627451,0.0,1e-06,1.0,Katashi,1e-06,0.9803921568627451,1.0
2007-01-30,0.1669339356295878,5.0,0.19801980198019803,0.0,0.0,0,0.0,0.9803921568627451,0.0,1e-06,1.0,Katashi,1e-06,0.9803921568627451,1.0
2007-01-31,0.18538678712591755,5.0,0.19801980198019803,0.0,0.0,0,0.0,0.9803921568627451,0.0,1e-06,1.0,Katashi,1e-06,0.9803921568627451,1.0
2007-02-01,0.18517221908526257,5.0,0.19801980198019803,0.0,0.0,0,0.0,0.9803921568627451,0.0,1e-06,1.0,Katashi,1e-06,0.9803921568627451,1.0
2007-02-02,0.18721061547148504,5.0,0.19801980198019803,0.0,0.0,0,0.0,0.9803921568627451,0.0,1e-06,1.0,Katashi,1e-06,0.9803921568627451,1.0
2007-02-05,0.2196103896103896,5.0,0.19801980198019803,0.0,0.0,0,0.0,0.9803921568627451,0.0,1e-06,1.0,Katashi,1e-06,0.9803921568627451,1.0
2007-02-06,0.2041614906832298,5.0,0.19801980198019803,0.0,0.0,0,0.0,0.9803921568627451,0.0,1e-06,1.0,Katashi,1e-06,0.9803921568627451,1.0
2007-02-07,0.19128740824393003,5.0,0.19801980198019803,0.0,0.0,0,0.0,0.9803921568627451,0.0,1e-06,1.0,Katashi,1e-06,0.9803921568627451,1.0
2007-02-08,0.18281197063805762,5.0,0.19801980198019803,0.0,0.0,0,0.0,0.9803921568627451,0.0,1e-06,1.0,Katashi,1e-06,0.9803921568627451,1.0
2007-02-09,0.19386222473178996,5.0,0.19801980198019803,0.0,0.0,0,0.0,0.9803921568627451,0.0,1e-06,1.0,Katashi,1e-06,0.9803921568627451,1.0
2007-02-12,0.25415584415584414,5.0,0.19801980198019803,0.0,0.0,0,0.0,0.9803921568627451,0.0,1e-06,1.0,Katashi,1e-06,0.9803921568627451,1.0
2007-02-13,0.227227555053642,5.0,0.19801980198019803,0.0,0.0,0,0.0,0.9803921568627451,0.0,1e-06,1.0,Katashi,1e-06,0.9803921568627451,1.0
2007-02-14,0.22197063805759462,5.0,0.19801980198019803,0.0,0.0,0,0.0,0.9803921568627451,0.0,1e-06,1.0,Katashi,1e-06,0.9803921568627451,1.0
2007-02-15,0.22068322981366456,5.0,0.19801980198019803,0.0,0.0,0,0.0,0.9803921568627451,0.0,1e-06,1.0,Katashi,1e-06,0.9803921568627451,1.0
2007-02-16,0.2412817617165443,5.0,0.19801980198019803,0.0,0.0,0,0.0,0.9803921568627451,0.0,1e-06,1.0,Katashi,1e-06,0.9803921568627451,1.0
2007-02-20,0.2626312817617166,5.0,0.19801980198019803,0.0,0.0,0,0.0,0.9803921568627451,0.0,1e-06,1.0,Katashi,1e-06,0.9803921568627451,1.0
2007-02-21,0.29824957651044615,5.0,0.19801980198019803,0.0,0.0,0,0.0,0.9803921568627451,0.0,1e-06,1.0,Katashi,1e-06,0.9803921568627451,1.0
2007-02-22,0.30769057029926594,5.0,0.19801980198019803,0.0,0.0,0,0.0,0.9803921568627451,0.0,1e-06,1.0,Katashi,1e-06,0.9803921568627451,1.0
2007-02-23,0.34105590062111807,5.0,0.19801980198019803,0.0,0.0,0,0.0,0.9803921568627451,0.0,1e-06,1.0,Katashi,1e-06,0.9803921568627451,1.0
2007-02-26,0.35650479954827785,5.0,0.19801980198019803,0.0,0.0,0,0.0,0.9803921568627451,0.0,1e-06,1.0,Katashi,1e-06,0.9803921568627451,1.0
2007-02-27,0.34556182947487296,5.0,0.19801980198019803,0.0,0.0,0,0.0,0.9803921568627451,0.0,1e-06,1.0,Katashi,1e-06,0.9803921568627451,1.0
2007-02-28,0.34706380575945794,5.0,0.19801980198019803,0.0,0.0,0,0.0,0.9803921568627451,0.0,1e-06,1.0,Katashi,1e-06,0.9803921568627451,1.0
2007-03-01,0.3286109542631282,5.0,0.19801980198019803,0.0,0.0,0,0.0,0.9803921568627451,0.0,1e-06,1.0,Katashi,1e-06,0.9803921568627451,1.0
2007-03-02,0.3527498588368153,5.0,0.19801980198019803,0.0,0.0,0,0.0,0.9803921568627451,0.0,1e-06,1.0,Katashi,1e-06,0.9803921568627451,1.0
2007-03-05,0.32249576510446076,5.0,0.19801980198019803,0.0,0.0,0,0.0,0.9803921568627451,0.0,1e-06,1.0,Katashi,1e-06,0.9803921568627451,1.0
2007-03-06,0.3145567476002259,5.0,0.19801980198019803,0.0,0.0,0,0.0,0.9803921568627451,0.0,1e-06,1.0,Katashi,1e-06,0.9803921568627451,1.0
2007-03-07,0.3536081309994354,5.0,0.19801980198019803,0.0,0.0,0,0.0,0.9803921568627451,0.0,1e-06,1.0,Katashi,1e-06,0.9803921568627451,1.0
2007-03-08,0.3361208356860531,5.0,0.19801980198019803,0.0,0.0,0,0.0,0.9803921568627451,0.0,1e-06,1.0,Katashi,1e-06,0.9803921568627451,1.0
2007-03-09,0.3367645398080181,5.0,0.19801980198019803,0.0,0.0,0,0.0,0.9803921568627451,0.0,1e-06,1.0,Katashi,1e-06,0.9803921568627451,1.0
2007-03-12,0.32431959345002825,5.0,0.19801980198019803,0.0,0.0,0,0.0,0.9803921568627451,0.0,1e-06,1.0,Katashi,1e-06,0.9803921568627451,1.0
2007-03-13,0.3514624505928854,5.0,0.19801980198019803,0.0,0.0,0,0.0,0.9803921568627451,0.0,1e-06,1.0,Katashi,1e-06,0.9803921568627451,1.0
2007-03-14,0.32925465838509316,5.0,0.19801980198019803,0.0,0.0,0,0.0,0.9803921568627451,0.0,1e-06,1.0,Katashi,1e-06,0.9803921568627451,1.0
2007-03-15,0.27614906832298136,5.0,0.19801980198019803,0.0,0.0,0,0.0,0.9803921568627451,0.0,1e-06,1.0,Katashi,1e-06,0.9803921568627451,1.0
2007-03-16,0.2893450028232637,5.0,0.19801980198019803,0.0,0.0,0,0.0,0.9803921568627451,0.0,1e-06,1.0,Katashi,1e-06,0.9803921568627451,1.0
2007-03-19,0.2990005646527386,5.0,0.19801980198019803,0.0,0.0,0,0.0,0.9803921568627451,0.0,1e-06,1.0,Katashi,1e-06,0.9803921568627451,1.0
2007-03-20,0.2697120271033315,5.0,0.19801980198019803,0.0,0.0,0,0.0,0.9803921568627451,0.0,1e-06,1.0,Katashi,1e-06,0.9803921568627451,1.0
2007-03-21,0.26241671372106157,5.0,0.19801980198019803,0.0,0.0,0,0.0,0.9803921568627451,0.0,1e-06,1.0,Katashi,1e-06,0.9803921568627451,1.0
2007-03-22,0.2771146245059289,5.0,0.19801980198019803,0.0,0.0,0,0.0,0.9803921568627451,0.0,1e-06,1.0,Katashi,1e-06,0.9803921568627451,1.0
2007-03-23,0.25909090909090915,5.0,0.19801980198019803,0.0,0.0,0,0.0,0.9803921568627451,0.0,1e-06,1.0,Katashi,1e-06,0.9803921568627451,1.0
2007-03-26,0.27850931677018637,5.0,0.19801980198019803,0.0,0.0,0,0.0,0.9803921568627451,0.0,1e-06,1.0,Katashi,1e-06,0.9803921568627451,1.0
2007-03-27,0.26531338226990403,5.0,0.19801980198019803,0.0,0.0,0,0.0,0.9803921568627451,0.0,1e-06,1.0,Katashi,1e-06,0.9803921568627451,1.0
2007-03-28,0.3496386222473179,5.0,0.19801980198019803,0.0,0.0,0,0.0,0.9803921568627451,0.0,1e-06,1.0,Katashi,1e-06,0.9803921568627451,1.0
2007-03-29,0.3984528514963298,5.0,0.19801980198019803,0.0,0.0,0,0.0,0.9803921568627451,0.0,1e-06,1.0,Katashi,1e-06,0.9803921568627451,1.0
2007-03-30,0.40081309994353476,5.0,0.19801980198019803,0.0,0.0,0,0.0,0.9803921568627451,0.0,1e-06,1.0,Katashi,1e-06,0.9803921568627451,1.0
2007-04-02,0.39759457933370984,5.0,0.19801980198019803,0.0,0.0,0,0.0,0.9803921568627451,0.0,1e-06,1.0,Katashi,1e-06,0.9803921568627451,1.0
2007-04-03,0.40328063241106715,5.0,0.19801980198019803,0.0,0.0,0,0.0,0.9803921568627451,0.0,1e-06,1.0,Katashi,1e-06,0.9803921568627451,1.0
2007-04-04,0.41036137775268217,5.0,0.19801980198019803,0.0,0.0,0,0.0,0.9803921568627451,0.0,1e-06,1.0,Katashi,1e-06,0.9803921568627451,1.0
2007-04-05,0.41422360248447215,5.0,0.19801980198019803,0.0,0.0,0,0.0,0.9803921568627451,0.0,1e-06,1.0,Katashi,1e-06,0.9803921568627451,1.0
2007-04-09,0.3590796160361378,5.0,0.19801980198019803,0.0,0.0,0,0.0,0.9803921568627451,0.0,1e-06,1.0,Katashi,1e-06,0.9803921568627451,1.0
2007-04-10,0.37088085827216266,5.0,0.19801980198019803,0.0,0.0,0,0.0,0.9803921568627451,0.0,1e-06,1.0,Katashi,1e-06,0.9803921568627451,1.0
2007-04-11,0.3665894974590627,5.0,0.19801980198019803,0.0,0.0,0,0.0,0.9803921568627451,0.0,1e-06,1.0,Katashi,1e-06,0.9803921568627451,1.0
2007-04-12,0.38461321287408257,5.0,0.19801980198019803,0.0,0.0,0,0.0,0.9803921568627451,0.0,1e-06,1.0,Katashi,1e-06,0.9803921568627451,1.0
2007-04-13,0.37474308300395254,5.0,0.19801980198019803,0.0,0.0,0,0.0,0.9803921568627451,0.0,1e-06,1.0,Katashi,1e-06,0.9803921568627451,1.0
2007-04-16,0.35156973461321284,5.0,0.19801980198019803,0.0,0.0,0,0.0,0.9803921568627451,0.0,1e-06,1.0,Katashi,1e-06,0.9803921568627451,1.0
2007-04-17,0.34384528514963303,5.0,0.19801980198019803,0.0,0.0,0,0.0,0.9803921568627451,0.0,1e-06,1.0,Katashi,1e-06,0.9803921568627451,1.0
2007-04-18,0.34684923771880294,5.0,0.19801980198019803,0.0,0.0,0,0.0,0.9803921568627451,0.0,1e-06,1.0,Katashi,1e-06,0.9803921568627451,1.0
2007-04-19,0.3690570299265951,5.0,0.19801980198019803,0.0,0.0,0,0.0,0.9803921568627451,0.0,1e-06,1.0,Katashi,1e-06,0.9803921568627451,1.0
2007-04-20,0.36165443252399776,5.0,0.19801980198019803,0.0,0.0,0,0.0,0.9803921568627451,0.0,1e-06,1.0,Katashi,1e-06,0.9803921568627451,1.0
2007-04-23,0.4046753246753248,5.0,0.19801980198019803,0.0,0.0,0,0.0,0.9803921568627451,0.0,1e-06,1.0,Katashi,1e-06,0.9803921568627451,1.0
2007-04-24,0.36476566911349523,5.0,0.19801980198019803,0.0,0.0,0,0.0,0.9803921568627451,0.0,1e-06,1.0,Katashi,1e-06,0.9803921568627451,1.0
2007-04-25,0.3385883681535856,5.0,0.19801980198019803,0.0,0.0,0,0.0,0.9803921568627451,0.0,1e-06,1.0,Katashi,1e-06,0.9803921568627451,1.0
2007-04-26,0.2949237718802936,5.0,0.19801980198019803,0.0,0.0,0,0.0,0.9803921568627451,0.0,1e-06,1.0,Katashi,1e-06,0.9803921568627451,1.0
2007-04-27,0.3006098249576511,5.0,0.19801980198019803,0.0,0.0,0,0.0,0.9803921568627451,0.0,1e-06,1.0,Katashi,1e-06,0.9803921568627451,1.0
2007-04-30,0.2153190287972897,5.0,0.19801980198019803,0.0,0.0,0,0.0,0.9803921568627451,0.0,1e-06,1.0,Katashi,1e-06,0.9803921568627451,1.0
2007-05-01,0.17508752117447773,5.0,0.19801980198019803,0.0,0.0,0,0.0,0.9803921568627451,0.0,1e-06,1.0,Katashi,1e-06,0.9803921568627451,1.0
2007-05-02,0.1750875211744777,5.0,0.19801980198019803,0.0,0.0,0,0.0,0.9803921568627451,0.0,1e-06,1.0,Katashi,1e-06,0.9803921568627451,1.0
2007-05-03,0.19536420101637497,5.0,0.19801980198019803,0.0,0.0,0,0.0,0.9803921568627451,0.0,1e-06,1.0,Katashi,1e-06,0.9803921568627451,1.0
2007-05-04,0.17208356860530777,5.0,0.19801980198019803,0.0,0.0,0,0.0,0.9803921568627451,0.0,1e-06,1.0,Katashi,1e-06,0.9803921568627451,1.0
2007-05-07,0.17658949745906272,5.0,0.19801980198019803,0.0,0.0,0,0.0,0.9803921568627451,0.0,1e-06,1.0,Katashi,1e-06,0.9803921568627451,1.0
2007-05-08,0.1999774138904574,5.0,0.19801980198019803,0.0,0.0,0,0.0,0.9803921568627451,0.0,1e-06,1.0,Katashi,1e-06,0.9803921568627451,1.0
2007-05-09,0.1903218520609825,5.0,0.19801980198019803,0.0,0.0,0,0.0,0.9803921568627451,0.0,1e-06,1.0,Katashi,1e-06,0.9803921568627451,1.0
2007-05-10,0.193218520609825,5.0,0.19801980198019803,0.0,0.0,0,0.0,0.9803921568627451,0.0,1e-06,1.0,Katashi,1e-06,0.9803921568627451,1.0
2007-05-11,0.1871033314511575,5.0,0.19801980198019803,0.0,0.0,0,0.0,0.9803921568627451,0.0,1e-06,1.0,Katashi,1e-06,0.9803921568627451,1.0
2007-05-14,0.17980801806888766,5.0,0.19801980198019803,0.0,0.0,0,0.0,0.9803921568627451,0.0,1e-06,1.0,Katashi,1e-06,0.9803921568627451,1.0
2007-05-15,0.18635234330886502,5.0,0.19801980198019803,0.0,0.0,0,0.0,0.9803921568627451,0.0,1e-06,1.0,Katashi,1e-06,0.9803921568627451,1.0
2007-05-16,0.19246753246753248,5.0,0.19801980198019803,0.0,0.0,0,0.0,0.9803921568627451,0.0,1e-06,1.0,Katashi,1e-06,0.9803921568627451,1.0
2007-05-17,0.2260474308300396,5.0,0.19801980198019803,0.0,0.0,0,0.0,0.9803921568627451,0.0,1e-06,1.0,Katashi,1e-06,0.9803921568627451,1.0
2007-05-18,0.21746470920383962,5.0,0.19801980198019803,0.0,0.0,0,0.0,0.9803921568627451,0.0,1e-06,1.0,Katashi,1e-06,0.9803921568627451,1.0
2007-05-21,0.18785431959345006,5.0,0.19801980198019803,0.0,0.0,0,0.0,0.9803921568627451,0.0,1e-06,1.0,Katashi,1e-06,0.9803921568627451,1.0
2007-05-22,0.19665160926030492,5.0,0.19801980198019803,0.0,0.0,0,0.0,0.9803921568627451,0.0,1e-06,1.0,Katashi,1e-06,0.9803921568627451,1.0
2007-05-23,0.12530773574251836,5.0,0.19801980198019803,0.0,0.0,0,0.0,0.9803921568627451,0.0,1e-06,1.0,Katashi,1e-06,0.9803921568627451,1.0
2007-05-24,0.13260304912478826,5.0,0.19801980198019803,0.0,0.0,0,0.0,0.9803921568627451,0.0,1e-06,1.0,Katashi,1e-06,0.9803921568627451,1.0
2007-05-25,0.1407566346696782,5.0,0.19801980198019803,0.0,0.0,0,0.0,0.9803921568627451,0.0,1e-06,1.0,Katashi,1e-06,0.9803921568627451,1.0
2007-05-29,0.152987012987013,5.0,0.19801980198019803,0.0,0.0,0,0.0,0.9803921568627451,0.0,1e-06,1.0,Katashi,1e-06,0.9803921568627451,1.0
2007-05-30,0.15116318464144554,5.0,0.19801980198019803,0.0,0.0,0,0.0,0.9803921568627451,0.0,1e-06,1.0,Katashi,1e-06,0.9803921568627451,1.0
2007-05-31,0.15781479390175046,5.0,0.19801980198019803,0.0,0.0,0,0.0,0.9803921568627451,0.0,1e-06,1.0,Katashi,1e-06,0.9803921568627451,1.0
2007-06-01,0.1569565217391304,5.0,0.19801980198019803,0.0,0.0,0,0.0,0.9803921568627451,0.0,1e-06,1.0,Katashi,1e-06,0.9803921568627451,1.0
2007-06-04,0.2354884246188594,5.0,0.19801980198019803,0.0,0.0,0,0.0,0.9803921568627451,0.0,1e-06,1.0,Katashi,1e-06,0.9803921568627451,1.0
2007-06-05,0.19847543760587236,5.0,0.19801980198019803,0.0,0.0,0,0.0,0.9803921568627451,0.0,1e-06,1.0,Katashi,1e-06,0.9803921568627451,1.0
2007-06-06,0.20062111801242238,5.0,0.19801980198019803,0.0,0.0,0,0.0,0.9803921568627451,0.0,1e-06,1.0,Katashi,1e-06,0.9803921568627451,1.0
2007-06-07,0.19783173348390737,5.0,0.19801980198019803,0.0,0.0,0,0.0,0.9803921568627451,0.0,1e-06,1.0,Katashi,1e-06,0.9803921568627451,1.0
2007-06-08,0.22304347826086962,5.0,0.19801980198019803,0.0,0.0,0,0.0,0.9803921568627451,0.0,1e-06,1.0,Katashi,1e-06,0.9803921568627451,1.0
2007-06-11,0.22422360248447207,5.0,0.19801980198019803,0.0,0.0,0,0.0,0.9803921568627451,0.0,1e-06,1.0,Katashi,1e-06,0.9803921568627451,1.0
2007-06-12,0.2129587803500847,5.0,0.19801980198019803,0.0,0.0,0,0.0,0.9803921568627451,0.0,1e-06,1.0,Katashi,1e-06,0.9803921568627451,1.0
2007-06-13,0.20727272727272733,5.0,0.19801980198019803,0.0,0.0,0,0.0,0.9803921568627451,0.0,1e-06,1.0,Katashi,1e-06,0.9803921568627451,1.0
2007-06-14,0.2884867306606437,5.0,0.19801980198019803,0.0,0.0,0,0.0,0.9803921568627451,0.0,1e-06,1.0,Katashi,1e-06,0.9803921568627451,1.0
2007-06-15,0.2961038961038961,5.0,0.19801980198019803,0.0,0.0,0,0.0,0.9803921568627451,0.0,1e-06,1.0,Katashi,1e-06,0.9803921568627451,1.0
2007-06-18,0.2959966120835687,5.0,0.19801980198019803,0.0,0.0,0,0.0,0.9803921568627451,0.0,1e-06,1.0,Katashi,1e-06,0.9803921568627451,1.0
2007-06-19,0.2789384528514964,5.0,0.19801980198019803,0.0,0.0,0,0.0,0.9803921568627451,0.0,1e-06,1.0,Katashi,1e-06,0.9803921568627451,1.0
2007-06-20,0.2838735177865613,5.0,0.19801980198019803,0.0,0.0,0,0.0,0.9803921568627451,0.0,1e-06,1.0,Katashi,1e-06,0.9803921568627451,1.0
2007-06-21,0.2927780914737437,5.0,0.19801980198019803,0.0,0.0,0,0.0,0.9803921568627451,0.0,1e-06,1.0,Katashi,1e-06,0.9803921568627451,1.0
2007-06-22,0.2904178430265387,5.0,0.19801980198019803,0.0,0.0,0,0.0,0.9803921568627451,0.0,1e-06,1.0,Katashi,1e-06,0.9803921568627451,1.0
2007-06-25,0.2757199322416714,5.0,0.19801980198019803,0.0,0.0,0,0.0,0.9803921568627451,0.0,1e-06,1.0,Katashi,1e-06,0.9803921568627451,1.0
2007-06-26,0.25404856013551663,5.0,0.19801980198019803,0.0,0.0,0,0.0,0.9803921568627451,0.0,1e-06,1.0,Katashi,1e-06,0.9803921568627451,1.0
2007-06-27,0.24439299830604183,5.0,0.19801980198019803,0.0,0.0,0,0.0,0.9803921568627451,0.0,1e-06,1.0,Katashi,1e-06,0.9803921568627451,1.0
2007-06-28,0.26070016939582163,5.0,0.19801980198019803,0.0,0.0,0,0.0,0.9803921568627451,0.0,1e-06,1.0,Katashi,1e-06,0.9803921568627451,1.0
2007-06-29,0.24643139469226427,5.0,0.19801980198019803,0.0,0.0,0,0.0,0.9803921568627451,0.0,1e-06,1.0,Katashi,1e-06,0.9803921568627451,1.0
2007-07-02,0.2770073404856014,5.0,0.19801980198019803,0.0,0.0,0,0.0,0.9803921568627451,0.0,1e-06,1.0,Katashi,1e-06,0.9803921568627451,1.0
2007-07-03,0.25329757199322417,5.0,0.19801980198019803,0.0,0.0,0,0.0,0.9803921568627451,0.0,1e-06,1.0,Katashi,1e-06,0.9803921568627451,1.0
2007-07-05,0.23302089215132704,5.0,0.19801980198019803,0.0,0.0,0,0.0,0.9803921568627451,0.0,1e-06,1.0,Katashi,1e-06,0.9803921568627451,1.0
2007-07-06,0.2303387916431395,5.0,0.19801980198019803,0.0,0.0,0,0.0,0.9803921568627451,0.0,1e-06,1.0,Katashi,1e-06,0.9803921568627451,1.0
2007-07-09,0.22293619424054212,5.0,0.19801980198019803,0.0,0.0,0,0.0,0.9803921568627451,0.0,1e-06,1.0,Katashi,1e-06,0.9803921568627451,1.0
2007-07-10,0.22229249011857707,5.0,0.19801980198019803,0.0,0.0,0,0.0,0.9803921568627451,0.0,1e-06,1.0,Katashi,1e-06,0.9803921568627451,1.0
2007-07-11,0.1961589451616168,5.0,0.19801980198019803,0.0,0.0,0,0.0,0.9803921568627451,0.0,1e-06,1.0,Katashi,1e-06,0.9803921568627451,1.0
2007-07-12,0.20270517942388352,5.0,0.19801980198019803,0.0,0.0,0,0.0,0.9803921568627451,0.0,1e-06,1.0,Katashi,1e-06,0.9803921568627451,1.0
2007-07-13,0.17137403351844097,5.0,0.19801980198019803,9.520284560230727e-11,0.9999999999037972,1,9.158782550768862e-21,0.9803921568627451,1.0,1e-06,0.02669353880610814,Katashi,1e-06,0.9803921568627451,1.0
2007-07-16,0.17105215115551736,5.0,0.19801980198019803,8.30879809363872e-11,0.999999999915912,1,6.986698719266477e-21,0.9803921568627451,1.0,1e-06,1.0,Katashi,1e-06,0.9803921568627451,1.0
2007-07-17,0.07808022973079502,5.0,0.19801980198019803,1.036948304993483e-11,0.9999999999886305,1,1.1789543238268374e-22,0.9803921568627451,1.0,1e-06,1.0,Katashi,1e-06,0.9803921568627451,1.0
2007-07-18,0.05790795522482077,5.0,0.19801980198019803,7.880140984145509e-12,0.9999999999911199,1,6.997658859218864e-23,0.9803921568627451,1.0,1e-06,1.0,Katashi,1e-06,0.9803921568627451,1.0
2007-07-19,0.07722241209729157,5.0,0.19801980198019803,7.640221788526114e-12,0.9999999999913598,1,6.601304175182857e-23,0.9803921568627451,1.0,1e-06,1.0,Katashi,1e-06,0.9803921568627451,1.0
2007-07-20,0.0813522256901077,5.0,0.19801980198019803,6.460276757963996e-12,0.9999999999925397,1,4.819530963519599e-23,0.9803921568627451,1.0,1e-06,1.0,Katashi,1e-06,0.9803921568627451,1.0
2007-07-23,0.09202815233742619,5.0,0.19801980198019803,7.000511281742421e-12,0.9999999999919995,1,5.600751462441459e-23,0.9803921568627451,1.0,1e-06,1.0,Katashi,1e-06,0.9803921568627451,1.0
2007-07-24,0.12158939977590552,5.0,0.19801980198019803,5.816347403686001e-12,0.9999999999931837,1,3.964611585657371e-23,0.9803921568627451,1.0,1e-06,1.0,Katashi,1e-06,0.9803921568627451,1.0
2007-07-25,0.12958371074609412,5.0,0.19801980198019803,7.232769938492118e-12,0.9999999999917673,1,5.95455709205766e-23,0.9803921568627451,1.0,1e-06,1.0,Katashi,1e-06,0.9803921568627451,1.0
2007-07-26,0.12444946357989836,5.0,0.19801980198019803,2.352829042676585e-11,0.9999999999754717,1,5.771082203538176e-22,0.9803921568627451,1.0,1e-06,1.0,Katashi,1e-06,0.9803921568627451,1.0
2007-07-27,0.12314588167597558,5.0,0.19801980198019803,4.674427511616602e-11,0.9999999999522557,1,2.231770497241466e-21,0.9803921568627451,1.0,1e-06,1.0,Katashi,1e-06,0.9803921568627451,1.0
2007-07-30,0.14106540386866015,5.0,0.19801980198019803,0.0,0.0,0,0.0,0.9803921568627451,0.0,1e-06,1.0,Katashi,1e-06,0.9803921568627451,1.0
2007-07-31,0.11520786413579698,5.0,0.19801980198019803,0.0,0.0,0,0.0,0.9803921568627451,0.0,1e-06,1.0,Katashi,1e-06,0.9803921568627451,1.0
2007-08-01,0.10104470684580662,5.0,0.19801980198019803,1.7264967233477045e-11,0.999999999981735,1,3.153436788786112e-22,0.9803921568627451,1.0,1e-06,0.02669353880610814,Katashi,1e-06,0.9803921568627451,1.0
2007-08-02,0.10845018293280859,5.0,0.19801980198019803,1.2949308292223647e-11,0.9999999999860507,1,1.8063360707955532e-22,0.9803921568627451,1.0,1e-06,1.0,Katashi,1e-06,0.9803921568627451,1.0
2007-08-03,0.16628278480666703,5.0,0.19801980198019803,0.0,0.0,0,0.0,0.9803921568627451,0.0,1e-06,1.0,Katashi,1e-06,0.9803921568627451,1.0
2007-08-06,0.153032768918075,5.0,0.19801980198019803,0.0,0.0,0,0.0,0.9803921568627451,0.0,1e-06,1.0,Katashi,1e-06,0.9803921568627451,1.0
2007-08-07,0.17722748209071457,5.0,0.19801980198019803,0.0,0.0,0,0.0,0.9803921568627451,0.0,1e-06,1.0,Katashi,1e-06,0.9803921568627451,1.0
2007-08-08,0.18382585841706064,5.0,0.19801980198019803,0.0,0.0,0,0.0,0.9803921568627451,0.0,1e-06,1.0,Katashi,1e-06,0.9803921568627451,1.0
2007-08-09,0.22674179979752482,5.0,0.19801980198019803,0.0,0.0,0,0.0,0.9803921568627451,0.0,1e-06,1.0,Katashi,1e-06,0.9803921568627451,1.0
2007-08-10,0.24546583850931686,5.0,0.19801980198019803,0.0,0.0,0,0.0,0.9803921568627451,0.0,1e-06,1.0,Katashi,1e-06,0.9803921568627451,1.0
2007-08-13,0.26692264257481646,5.0,0.19801980198019803,0.0,0.0,0,0.0,0.9803921568627451,0.0,1e-06,1.0,Katashi,1e-06,0.9803921568627451,1.0
2007-08-14,0.2782947487295314,5.0,0.19801980198019803,0.0,0.0,0,0.0,0.9803921568627451,0.0,1e-06,1.0,Katashi,1e-06,0.9803921568627451,1.0
2007-08-15,0.2823715415019763,5.0,0.19801980198019803,0.0,0.0,0,0.0,0.9803921568627451,0.0,1e-06,1.0,Katashi,1e-06,0.9803921568627451,1.0
2007-08-16,0.26402597402597405,5.0,0.19801980198019803,0.0,0.0,0,0.0,0.9803921568627451,0.0,1e-06,1.0,Katashi,1e-06,0.9803921568627451,1.0
2007-08-17,0.2558723884810842,5.0,0.19801980198019803,0.0,0.0,0,0.0,0.9803921568627451,0.0,1e-06,1.0,Katashi,1e-06,0.9803921568627451,1.0
2007-08-20,0.29041784302653867,5.0,0.19801980198019803,0.0,0.0,0,0.0,0.9803921568627451,0.0,1e-06,1.0,Katashi,1e-06,0.9803921568627451,1.0
2007-08-21,0.2794748729531339,5.0,0.19801980198019803,0.0,0.0,0,0.0,0.9803921568627451,0.0,1e-06,1.0,Katashi,1e-06,0.9803921568627451,1.0
2007-08-22,0.306403162055336,5.0,0.19801980198019803,0.0,0.0,0,0.0,0.9803921568627451,0.0,1e-06,1.0,Katashi,1e-06,0.9803921568627451,1.0
2007-08-23,0.30811970638057595,5.0,0.19801980198019803,0.0,0.0,0,0.0,0.9803921568627451,0.0,1e-06,1.0,Katashi,1e-06,0.9803921568627451,1.0
2007-08-24,0.3188481084133258,5.0,0.19801980198019803,0.0,0.0,0,0.0,0.9803921568627451,0.0,1e-06,1.0,Katashi,1e-06,0.9803921568627451,1.0
2007-08-27,0.33848108413325806,5.0,0.19801980198019803,0.0,0.0,0,0.0,0.9803921568627451,0.0,1e-06,1.0,Katashi,1e-06,0.9803921568627451,1.0
2007-08-28,0.3530717108977979,5.0,0.19801980198019803,0.0,0.0,0,0.0,0.9803921568627451,0.0,1e-06,1.0,Katashi,1e-06,0.9803921568627451,1.0
2007-08-29,0.41068322981366456,5.0,0.19801980198019803,0.0,0.0,0,0.0,0.9803921568627451,0.0,1e-06,1.0,Katashi,1e-06,0.9803921568627451,1.0
2007-08-30,0.382789384528515,5.0,0.19801980198019803,0.0,0.0,0,0.0,0.9803921568627451,0.0,1e-06,1.0,Katashi,1e-06,0.9803921568627451,1.0
2007-08-31,0.419158667419537,5.0,0.19801980198019803,0.0,0.0,0,0.0,0.9803921568627451,0.0,1e-06,1.0,Katashi,1e-06,0.9803921568627451,1.0
2007-09-04,0.41036137775268217,5.0,0.19801980198019803,0.0,0.0,0,0.0,0.9803921568627451,0.0,1e-06,1.0,Katashi,1e-06,0.9803921568627451,1.0
2007-09-05,0.41100508187464707,5.0,0.19801980198019803,0.0,0.0,0,0.0,0.9803921568627451,0.0,1e-06,1.0,Katashi,1e-06,0.9803921568627451,1.0
2007-09-06,0.45456239412761157,5.0,0.19801980198019803,0.0,0.0,0,0.0,0.9803921568627451,0.0,1e-06,1.0,Katashi,1e-06,0.9803921568627451,1.0
2007-09-07,0.4431902879728967,5.0,0.19801980198019803,0.0,0.0,0,0.0,0.9803921568627451,0.0,1e-06,1.0,Katashi,1e-06,0.9803921568627451,1.0
2007-09-10,0.42699040090344437,5.0,0.19801980198019803,0.0,0.0,0,0.0,0.9803921568627451,0.0,1e-06,1.0,Katashi,1e-06,0.9803921568627451,1.0
2007-09-11,0.36358554488989275,5.0,0.19801980198019803,0.0,0.0,0,0.0,0.9803921568627451,0.0,1e-06,1.0,Katashi,1e-06,0.9803921568627451,1.0
2007-09-12,0.3393393562958781,5.0,0.19801980198019803,0.0,0.0,0,0.0,0.9803921568627451,0.0,1e-06,1.0,Katashi,1e-06,0.9803921568627451,1.0
2007-09-13,0.32861095426312825,5.0,0.19801980198019803,0.0,0.0,0,0.0,0.9803921568627451,0.0,1e-06,1.0,Katashi,1e-06,0.9803921568627451,1.0
2007-09-14,0.3111236589497459,5.0,0.19801980198019803,0.0,0.0,0,0.0,0.9803921568627451,0.0,1e-06,1.0,Katashi,1e-06,0.9803921568627451,1.0
2007-09-17,0.3069395821569735,5.0,0.19801980198019803,2.8413160712682328e-11,0.9999999999705869,1,8.357202338616842e-22,0.9803921568627451,1.0,1e-06,0.02669353880610814,Katashi,1e-06,0.9803921568627451,1.0
2007-09-18,0.35993788819875777,5.0,0.19801980198019803,8.555600672321227e-12,0.9999999999904444,1,8.175371427232744e-23,0.9803921568627451,1.0,1e-06,1.0,Katashi,1e-06,0.9803921568627451,1.0
2007-09-19,0.3586504799548278,5.0,0.19801980198019803,1.0656031612076304e-10,0.9999999998924397,1,1.1461658931196582e-20,0.9803921568627451,1.0,1e-06,1.0,Katashi,1e-06,0.9803921568627451,1.0
2007-09-20,0.28033314511575386,5.0,0.19801980198019803,0.0,0.0,0,0.0,0.9803921568627451,0.0,1e-06,1.0,Katashi,1e-06,0.9803921568627451,1.0
2007-09-21,0.2731451157538115,5.0,0.19801980198019803,0.0,0.0,0,0.0,0.9803921568627451,0.0,1e-06,1.0,Katashi,1e-06,0.9803921568627451,1.0
2007-09-24,0.29267080745341617,5.0,0.19801980198019803,0.0,0.0,0,0.0,0.9803921568627451,0.0,1e-06,1.0,Katashi,1e-06,0.9803921568627451,1.0
2007-09-25,0.2770073404856013,5.0,0.19801980198019803,0.0,0.0,0,0.0,0.9803921568627451,0.0,1e-06,1.0,Katashi,1e-06,0.9803921568627451,1.0
2007-09-26,0.22808582721626197,5.0,0.19801980198019803,0.0,0.0,0,0.0,0.9803921568627451,0.0,1e-06,1.0,Katashi,1e-06,0.9803921568627451,1.0
2007-09-27,0.26080745341614914,5.0,0.19801980198019803,0.0,0.0,0,0.0,0.9803921568627451,0.0,1e-06,1.0,Katashi,1e-06,0.9803921568627451,1.0
2007-09-28,0.2643478260869565,5.0,0.19801980198019803,0.0,0.0,0,0.0,0.9803921568627451,0.0,1e-06,1.0,Katashi,1e-06,0.9803921568627451,1.0
2007-10-01,0.302111801242236,5.0,0.19801980198019803,0.0,0.0,0,0.0,0.9803921568627451,0.0,1e-06,1.0,Katashi,1e-06,0.9803921568627451,1.0
2007-10-02,0.3502823263692829,5.0,0.19801980198019803,0.0,0.0,0,0.0,0.9803921568627451,0.0,1e-06,1.0,Katashi,1e-06,0.9803921568627451,1.0
2007-10-03,0.340841332580463,5.0,0.19801980198019803,0.0,0.0,0,0.0,0.9803921568627451,0.0,1e-06,1.0,Katashi,1e-06,0.9803921568627451,1.0
2007-10-04,0.3145567476002259,5.0,0.19801980198019803,0.0,0.0,0,0.0,0.9803921568627451,0.0,1e-06,1.0,Katashi,1e-06,0.9803921568627451,1.0
2007-10-05,0.2807622811970638,5.0,0.19801980198019803,0.0,0.0,0,0.0,0.9803921568627451,0.0,1e-06,1.0,Katashi,1e-06,0.9803921568627451,1.0
2007-10-08,0.27003387916431393,5.0,0.19801980198019803,0.0,0.0,0,0.0,0.9803921568627451,0.0,1e-06,1.0,Katashi,1e-06,0.9803921568627451,1.0
2007-10-09,0.2634895539243366,5.0,0.19801980198019803,0.0,0.0,0,0.0,0.9803921568627451,0.0,1e-06,1.0,Katashi,1e-06,0.9803921568627451,1.0
2007-10-10,0.262953133822699,5.0,0.19801980198019803,0.0,0.0,0,0.0,0.9803921568627451,0.0,1e-06,1.0,Katashi,1e-06,0.9803921568627451,1.0
2007-10-11,0.31305477131564097,5.0,0.19801980198019803,0.0,0.0,0,0.0,0.9803921568627451,0.0,1e-06,1.0,Katashi,1e-06,0.9803921568627451,1.0
2007-10-12,0.29417278373800115,5.0,0.19801980198019803,0.0,0.0,0,0.0,0.9803921568627451,0.0,1e-06,1.0,Katashi,1e-06,0.9803921568627451,1.0
2007-10-15,0.3622981366459627,5.0,0.19801980198019803,0.0,0.0,0,0.0,0.9803921568627451,0.0,1e-06,1.0,Katashi,1e-06,0.9803921568627451,1.0
2007-10-16,0.42012422360248447,5.0,0.19801980198019803,0.0,0.0,0,0.0,0.9803921568627451,0.0,1e-06,1.0,Katashi,1e-06,0.9803921568627451,1.0
2007-10-17,0.4118633540372671,5.0,0.19801980198019803,0.0,0.0,0,0.0,0.9803921568627451,0.0,1e-06,1.0,Katashi,1e-06,0.9803921568627451,1.0
2007-10-18,0.3655166572557877,5.0,0.19801980198019803,0.0,0.0,0,0.0,0.9803921568627451,0.0,1e-06,1.0,Katashi,1e-06,0.9803921568627451,1.0
2007-10-19,0.3501750423489554,5.0,0.19801980198019803,0.0,0.0,0,0.0,0.9803921568627451,0.0,1e-06,1.0,Katashi,1e-06,0.9803921568627451,1.0
2007-10-22,0.38085827216262,5.0,0.19801980198019803,0.0,0.0,0,0.0,0.9803921568627451,0.0,1e-06,1.0,Katashi,1e-06,0.9803921568627451,1.0
2007-10-23,0.3981309994353473,5.0,0.19801980198019803,0.0,0.0,0,0.0,0.9803921568627451,0.0,1e-06,1.0,Katashi,1e-06,0.9803921568627451,1.0
2007-10-24,0.3693788819875776,5.0,0.19801980198019803,0.0,0.0,0,0.0,0.9803921568627451,0.0,1e-06,1.0,Katashi,1e-06,0.9803921568627451,1.0
2007-10-25,0.4105759457933371,5.0,0.19801980198019803,0.0,0.0,0,0.0,0.9803921568627451,0.0,1e-06,1.0,Katashi,1e-06,0.9803921568627451,1.0
2007-10-26,0.416583850931677,5.0,0.19801980198019803,0.0,0.0,0,0.0,0.9803921568627451,0.0,1e-06,1.0,Katashi,1e-06,0.9803921568627451,1.0
2007-10-29,0.4287069452286844,5.0,0.19801980198019803,0.0,0.0,0,0.0,0.9803921568627451,0.0,1e-06,1.0,Katashi,1e-06,0.9803921568627451,1.0
2007-10-30,0.44104460756634667,5.0,0.19801980198019803,0.0,0.0,0,0.0,0.9803921568627451,0.0,1e-06,1.0,Katashi,1e-06,0.9803921568627451,1.0
2007-10-31,0.4062845849802372,5.0,0.19801980198019803,0.0,0.0,0,0.0,0.9803921568627451,0.0,1e-06,1.0,Katashi,1e-06,0.9803921568627451,1.0
2007-11-01,0.36015245623941283,5.0,0.19801980198019803,0.0,0.0,0,0.0,0.9803921568627451,0.0,1e-06,1.0,Katashi,1e-06,0.9803921568627451,1.0
2007-11-02,0.33515527950310564,5.0,0.19801980198019803,0.0,0.0,0,0.0,0.9803921568627451,0.0,1e-06,1.0,Katashi,1e-06,0.9803921568627451,1.0
2007-11-05,0.37549407114624506,5.0,0.19801980198019803,0.0,0.0,0,0.0,0.9803921568627451,0.0,1e-06,1.0,Katashi,1e-06,0.9803921568627451,1.0
2007-11-06,0.4027442123094297,5.0,0.19801980198019803,0.0,0.0,0,0.0,0.9803921568627451,0.0,1e-06,1.0,Katashi,1e-06,0.9803921568627451,1.0
2007-11-07,0.34545454545454546,5.0,0.19801980198019803,0.0,0.0,0,0.0,0.9803921568627451,0.0,1e-06,1.0,Katashi,1e-06,0.9803921568627451,1.0
2007-11-08,0.380214568040655,5.0,0.19801980198019803,0.0,0.0,0,0.0,0.9803921568627451,0.0,1e-06,1.0,Katashi,1e-06,0.9803921568627451,1.0
2007-11-09,0.37206098249576514,5.0,0.19801980198019803,0.0,0.0,0,0.0,0.9803921568627451,0.0,1e-06,1.0,Katashi,1e-06,0.9803921568627451,1.0
2007-11-12,0.3824675324675325,5.0,0.19801980198019803,0.0,0.0,0,0.0,0.9803921568627451,0.0,1e-06,1.0,Katashi,1e-06,0.9803921568627451,1.0
2007-11-13,0.384935064935065,5.0,0.19801980198019803,0.0,0.0,0,0.0,0.9803921568627451,0.0,1e-06,1.0,Katashi,1e-06,0.9803921568627451,1.0
2007-11-14,0.32410502540937325,5.0,0.19801980198019803,0.0,0.0,0,0.0,0.9803921568627451,0.0,1e-06,1.0,Katashi,1e-06,0.9803921568627451,1.0
2007-11-15,0.27990400903444385,5.0,0.19801980198019803,0.0,0.0,0,0.0,0.9803921568627451,0.0,1e-06,1.0,Katashi,1e-06,0.9803921568627451,1.0
2007-11-16,0.28494635798983625,5.0,0.19801980198019803,0.0,0.0,0,0.0,0.9803921568627451,0.0,1e-06,1.0,Katashi,1e-06,0.9803921568627451,1.0
2007-11-19,0.2915979672501412,5.0,0.19801980198019803,0.0,0.0,0,0.0,0.9803921568627451,0.0,1e-06,1.0,Katashi,1e-06,0.9803921568627451,1.0
2007-11-20,0.33762281197063815,5.0,0.19801980198019803,0.0,0.0,0,0.0,0.9803921568627451,0.0,1e-06,1.0,Katashi,1e-06,0.9803921568627451,1.0
2007-11-21,0.304257481648786,5.0,0.19801980198019803,0.0,0.0,0,0.0,0.9803921568627451,0.0,1e-06,1.0,Katashi,1e-06,0.9803921568627451,1.0
2007-11-23,0.31058723884810846,5.0,0.19801980198019803,0.0,0.0,0,0.0,0.9803921568627451,0.0,1e-06,1.0,Katashi,1e-06,0.9803921568627451,1.0
2007-11-26,0.31520045172219086,5.0,0.19801980198019803,0.0,0.0,0,0.0,0.9803921568627451,0.0,1e-06,1.0,Katashi,1e-06,0.9803921568627451,1.0
2007-11-27,0.2634895539243366,5.0,0.19801980198019803,0.0,0.0,0,0.0,0.9803921568627451,0.0,1e-06,1.0,Katashi,1e-06,0.9803921568627451,1.0
2007-11-28,0.24964991530208924,5.0,0.19801980198019803,0.0,0.0,0,0.0,0.9803921568627451,0.0,1e-06,1.0,Katashi,1e-06,0.9803921568627451,1.0
2007-11-29,0.24160361377752687,5.0,0.19801980198019803,0.0,0.0,0,0.0,0.9803921568627451,0.0,1e-06,1.0,Katashi,1e-06,0.9803921568627451,1.0
2007-11-30,0.24975719932241672,5.0,0.19801980198019803,0.0,0.0,0,0.0,0.9803921568627451,0.0,1e-06,1.0,Katashi,1e-06,0.9803921568627451,1.0
2007-12-03,0.22840767927724448,5.0,0.19801980198019803,0.0,0.0,0,0.0,0.9803921568627451,0.0,1e-06,1.0,Katashi,1e-06,0.9803921568627451,1.0
2007-12-04,0.2436420101637493,5.0,0.19801980198019803,0.0,0.0,0,0.0,0.9803921568627451,0.0,1e-06,1.0,Katashi,1e-06,0.9803921568627451,1.0
2007-12-05,0.2547995482778092,5.0,0.19801980198019803,0.0,0.0,0,0.0,0.9803921568627451,0.0,1e-06,1.0,Katashi,1e-06,0.9803921568627451,1.0
2007-12-06,0.2314116318464145,5.0,0.19801980198019803,0.0,0.0,0,0.0,0.9803921568627451,0.0,1e-06,1.0,Katashi,1e-06,0.9803921568627451,1.0
2007-12-07,0.17991530208921513,5.0,0.19801980198019803,0.0,0.0,0,0.0,0.9803921568627451,0.0,1e-06,1.0,Katashi,1e-06,0.9803921568627451,1.0
2007-12-10,0.17927159796725017,5.0,0.19801980198019803,0.0,0.0,0,0.0,0.9803921568627451,0.0,1e-06,1.0,Katashi,1e-06,0.9803921568627451,1.0
2007-12-11,0.2008356860530774,5.0,0.19801980198019803,0.0,0.0,0,0.0,0.9803921568627451,0.0,1e-06,1.0,Katashi,1e-06,0.9803921568627451,1.0
2007-12-12,0.2885940146809712,5.0,0.19801980198019803,0.0,0.0,0,0.0,0.9803921568627451,0.0,1e-06,1.0,Katashi,1e-06,0.9803921568627451,1.0
2007-12-13,0.2485770750988142,5.0,0.19801980198019803,0.0,0.0,0,0.0,0.9803921568627451,0.0,1e-06,1.0,Katashi,1e-06,0.9803921568627451,1.0
2007-12-14,0.29342179559570863,5.0,0.19801980198019803,0.0,0.0,0,0.0,0.9803921568627451,0.0,1e-06,1.0,Katashi,1e-06,0.9803921568627451,1.0
2007-12-17,0.3092998306041784,5.0,0.19801980198019803,0.0,0.0,0,0.0,0.9803921568627451,0.0,1e-06,1.0,Katashi,1e-06,0.9803921568627451,1.0
2007-12-18,0.30254093732354603,5.0,0.19801980198019803,0.0,0.0,0,0.0,0.9803921568627451,0.0,1e-06,1.0,Katashi,1e-06,0.9803921568627451,1.0
2007-12-19,0.26027103331451157,5.0,0.19801980198019803,0.0,0.0,0,0.0,0.9803921568627451,0.0,1e-06,1.0,Katashi,1e-06,0.9803921568627451,1.0
2007-12-20,0.2639186900056466,5.0,0.19801980198019803,0.0,0.0,0,0.0,0.9803921568627451,0.0,1e-06,1.0,Katashi,1e-06,0.9803921568627451,1.0
2007-12-21,0.265313382269904,5.0,0.19801980198019803,0.0,0.0,0,0.0,0.9803921568627451,0.0,1e-06,1.0,Katashi,1e-06,0.9803921568627451,1.0
2007-12-24,0.24889892715979672,5.0,0.19801980198019803,0.0,0.0,0,0.0,0.9803921568627451,0.0,1e-06,1.0,Katashi,1e-06,0.9803921568627451,1.0
2007-12-26,0.3422360248447205,5.0,0.19801980198019803,0.0,0.0,0,0.0,0.9803921568627451,0.0,1e-06,1.0,Katashi,1e-06,0.9803921568627451,1.0
2007-12-27,0.3672332015810277,5.0,0.19801980198019803,0.0,0.0,0,0.0,0.9803921568627451,0.0,1e-06,1.0,Katashi,1e-06,0.9803921568627451,1.0
2007-12-28,0.3731338226990401,5.0,0.19801980198019803,0.0,0.0,0,0.0,0.9803921568627451,0.0,1e-06,1.0,Katashi,1e-06,0.9803921568627451,1.0
2007-12-31,0.3764596273291926,5.0,0.19801980198019803,0.0,0.0,0,0.0,0.9803921568627451,0.0,1e-06,1.0,Katashi,1e-06,0.9803921568627451,1.0
2008-01-02,0.422377188029362,5.0,0.19801980198019803,0.0,0.0,0,0.0,0.9803921568627451,0.0,1e-06,1.0,Katashi,1e-06,0.9803921568627451,1.0
2008-01-03,0.417442123094297,5.0,0.19801980198019803,0.0,0.0,0,0.0,0.9803921568627451,0.0,1e-06,1.0,Katashi,1e-06,0.9803921568627451,1.0
2008-01-04,0.4534895539243366,5.0,0.19801980198019803,0.0,0.0,0,0.0,0.9803921568627451,0.0,1e-06,1.0,Katashi,1e-06,0.9803921568627451,1.0
2008-01-07,0.4460869565217391,5.0,0.19801980198019803,0.0,0.0,0,0.0,0.9803921568627451,0.0,1e-06,1.0,Katashi,1e-06,0.9803921568627451,1.0
2008-01-08,0.45688211373073384,5.0,0.19801980198019803,0.0,0.0,0,0.0,0.9803921568627451,0.0,1e-06,1.0,Katashi,1e-06,0.9803921568627451,1.0
2008-01-09,0.46310549596796174,5.0,0.19801980198019803,0.0,0.0,0,0.0,0.9803921568627451,0.0,1e-06,1.0,Katashi,1e-06,0.9803921568627451,1.0
2008-01-10,0.5270535597179574,5.0,0.19801980198019803,0.0,0.0,0,0.0,0.9803921568627451,0.0,1e-06,1.0,Katashi,1e-06,0.9803921568627451,1.0
2008-01-11,0.5497469632487162,5.0,0.19801980198019803,0.0,0.0,0,0.0,0.9803921568627451,0.0,1e-06,1.0,Katashi,1e-06,0.9803921568627451,1.0
2008-01-14,0.5304338093597128,5.0,0.19801980198019803,0.0,0.0,0,0.0,0.9803921568627451,0.0,1e-06,1.0,Katashi,1e-06,0.9803921568627451,1.0
2008-01-15,0.45565099891681377,5.0,0.19801980198019803,0.0,0.0,0,0.0,0.9803921568627451,0.0,1e-06,1.0,Katashi,1e-06,0.9803921568627451,1.0
2008-01-16,0.49239966967841353,5.0,0.19801980198019803,0.0,0.0,0,0.0,0.9803921568627451,0.0,1e-06,1.0,Katashi,1e-06,0.9803921568627451,1.0
2008-01-17,0.46423459929930555,5.0,0.19801980198019803,0.0,0.0,0,0.0,0.9803921568627451,0.0,1e-06,1.0,Katashi,1e-06,0.9803921568627451,1.0
2008-01-18,0.4507698638603531,5.0,0.19801980198019803,0.0,0.0,0,0.0,0.9803921568627451,0.0,1e-06,1.0,Katashi,1e-06,0.9803921568627451,1.0
2008-01-22,0.43671505115862885,5.0,0.19801980198019803,0.0,0.0,0,0.0,0.9803921568627451,0.0,1e-06,1.0,Katashi,1e-06,0.9803921568627451,1.0
2008-01-23,0.4647172107301033,5.0,0.19801980198019803,0.0,0.0,0,0.0,0.9803921568627451,0.0,1e-06,1.0,Katashi,1e-06,0.9803921568627451,1.0
2008-01-24,0.4807396950875213,5.0,0.19801980198019803,0.0,0.0,0,0.0,0.9803921568627451,0.0,1e-06,1.0,Katashi,1e-06,0.9803921568627451,1.0
2008-01-25,0.4731225296442688,5.0,0.19801980198019803,0.0,0.0,0,0.0,0.9803921568627451,0.0,1e-06,1.0,Katashi,1e-06,0.9803921568627451,1.0
2008-01-28,0.4823489553924337,5.0,0.19801980198019803,0.0,0.0,0,0.0,0.9803921568627451,0.0,1e-06,1.0,Katashi,1e-06,0.9803921568627451,1.0
2008-01-29,0.40328063241106726,5.0,0.19801980198019803,0.0,0.0,0,0.0,0.9803921568627451,0.0,1e-06,1.0,Katashi,1e-06,0.9803921568627451,1.0
2008-01-30,0.4018859401468098,5.0,0.19801980198019803,0.0,0.0,0,0.0,0.9803921568627451,0.0,1e-06,1.0,Katashi,1e-06,0.9803921568627451,1.0
2008-01-31,0.39244494635798993,5.0,0.19801980198019803,0.0,0.0,0,0.0,0.9803921568627451,0.0,1e-06,1.0,Katashi,1e-06,0.9803921568627451,1.0
2008-02-01,0.37002258610954264,5.0,0.19801980198019803,0.0,0.0,0,0.0,0.9803921568627451,0.0,1e-06,1.0,Katashi,1e-06,0.9803921568627451,1.0
2008-02-04,0.2969621682665161,5.0,0.19801980198019803,0.0,0.0,0,0.0,0.9803921568627451,0.0,1e-06,1.0,Katashi,1e-06,0.9803921568627451,1.0
2008-02-05,0.2513664596273292,5.0,0.19801980198019803,0.0,0.0,0,0.0,0.9803921568627451,0.0,1e-06,1.0,Katashi,1e-06,0.9803921568627451,1.0
2008-02-06,0.24299830604178427,5.0,0.19801980198019803,0.0,0.0,0,0.0,0.9803921568627451,0.0,1e-06,1.0,Katashi,1e-06,0.9803921568627451,1.0
2008-02-07,0.24181818181818185,5.0,0.19801980198019803,0.0,0.0,0,0.0,0.9803921568627451,0.0,1e-06,1.0,Katashi,1e-06,0.9803921568627451,1.0
2008-02-08,0.32796725014116324,5.0,0.19801980198019803,0.0,0.0,0,0.0,0.9803921568627451,0.0,1e-06,1.0,Katashi,1e-06,0.9803921568627451,1.0
2008-02-11,0.34255787690570305,5.0,0.19801980198019803,0.0,0.0,0,0.0,0.9803921568627451,0.0,1e-06,1.0,Katashi,1e-06,0.9803921568627451,1.0
2008-02-12,0.30769057029926594,5.0,0.19801980198019803,0.0,0.0,0,0.0,0.9803921568627451,0.0,1e-06,1.0,Katashi,1e-06,0.9803921568627451,1.0
2008-02-13,0.29846414455110104,5.0,0.19801980198019803,0.0,0.0,0,0.0,0.9803921568627451,0.0,1e-06,1.0,Katashi,1e-06,0.9803921568627451,1.0
2008-02-14,0.3409486166007905,5.0,0.19801980198019803,0.0,0.0,0,0.0,0.9803921568627451,0.0,1e-06,1.0,Katashi,1e-06,0.9803921568627451,1.0
2008-02-15,0.385793337097685,5.0,0.19801980198019803,0.0,0.0,0,0.0,0.9803921568627451,0.0,1e-06,1.0,Katashi,1e-06,0.9803921568627451,1.0
2008-02-19,0.41261434217955967,5.0,0.19801980198019803,0.0,0.0,0,0.0,0.9803921568627451,0.0,1e-06,1.0,Katashi,1e-06,0.9803921568627451,1.0
2008-02-20,0.4118633540372672,5.0,0.19801980198019803,0.0,0.0,0,0.0,0.9803921568627451,0.0,1e-06,1.0,Katashi,1e-06,0.9803921568627451,1.0
2008-02-21,0.3820383963862225,5.0,0.19801980198019803,0.0,0.0,0,0.0,0.9803921568627451,0.0,1e-06,1.0,Katashi,1e-06,0.9803921568627451,1.0
2008-02-22,0.40199322416713723,5.0,0.19801980198019803,0.0,0.0,0,0.0,0.9803921568627451,0.0,1e-06,1.0,Katashi,1e-06,0.9803921568627451,1.0
2008-02-25,0.4064991530208921,5.0,0.19801980198019803,0.0,0.0,0,0.0,0.9803921568627451,0.0,1e-06,1.0,Katashi,1e-06,0.9803921568627451,1.0
2008-02-26,0.423235460191982,5.0,0.19801980198019803,0.0,0.0,0,0.0,0.9803921568627451,0.0,1e-06,1.0,Katashi,1e-06,0.9803921568627451,1.0
2008-02-27,0.39029926595144,5.0,0.19801980198019803,0.0,0.0,0,0.0,0.9803921568627451,0.0,1e-06,1.0,Katashi,1e-06,0.9803921568627451,1.0
2008-02-28,0.37914172783738004,5.0,0.19801980198019803,0.0,0.0,0,0.0,0.9803921568627451,0.0,1e-06,1.0,Katashi,1e-06,0.9803921568627451,1.0
2008-02-29,0.37914172783738004,5.0,0.19801980198019803,0.0,0.0,0,0.0,0.9803921568627451,0.0,1e-06,1.0,Katashi,1e-06,0.9803921568627451,1.0
2008-03-03,0.3751722190852626,5.0,0.19801980198019803,0.0,0.0,0,0.0,0.9803921568627451,0.0,1e-06,1.0,Katashi,1e-06,0.9803921568627451,1.0
2008-03-04,0.3576849237718803,5.0,0.19801980198019803,0.0,0.0,0,0.0,0.9803921568627451,0.0,1e-06,1.0,Katashi,1e-06,0.9803921568627451,1.0
2008-03-05,0.3641219649915302,5.0,0.19801980198019803,0.0,0.0,0,0.0,0.9803921568627451,0.0,1e-06,1.0,Katashi,1e-06,0.9803921568627451,1.0
2008-03-06,0.3613325804630153,5.0,0.19801980198019803,0.0,0.0,0,0.0,0.9803921568627451,0.0,1e-06,1.0,Katashi,1e-06,0.9803921568627451,1.0
2008-03-07,0.3698080180688877,5.0,0.19801980198019803,0.0,0.0,0,0.0,0.9803921568627451,0.0,1e-06,1.0,Katashi,1e-06,0.9803921568627451,1.0
2008-03-10,0.3365499717673631,5.0,0.19801980198019803,0.0,0.0,0,0.0,0.9803921568627451,0.0,1e-06,1.0,Katashi,1e-06,0.9803921568627451,1.0
2008-03-11,0.33762281197063804,5.0,0.19801980198019803,0.0,0.0,0,0.0,0.9803921568627451,0.0,1e-06,1.0,Katashi,1e-06,0.9803921568627451,1.0
2008-03-12,0.24997176736307175,5.0,0.19801980198019803,0.0,0.0,0,0.0,0.9803921568627451,0.0,1e-06,1.0,Katashi,1e-06,0.9803921568627451,1.0
2008-03-13,0.24106719367588933,5.0,0.19801980198019803,9.440226378333708e-12,0.9999999999895598,1,9.85578916189852e-23,0.9803921568627451,1.0,1e-06,0.02669353880610814,Katashi,1e-06,0.9803921568627451,1.0
2008-03-14,0.26381140598531905,5.0,0.19801980198019803,9.633072117709066e-12,0.999999999989367,1,1.0242893744310733e-22,0.9803921568627451,1.0,1e-06,1.0,Katashi,1e-06,0.9803921568627451,1.0
2008-03-17,0.2551214003387917,5.0,0.19801980198019803,0.0,0.0,0,0.0,0.9803921568627451,0.0,1e-06,1.0,Katashi,1e-06,0.9803921568627451,1.0
2008-03-18,0.20437605872388484,5.0,0.19801980198019803,0.0,0.0,0,0.0,0.9803921568627451,0.0,1e-06,1.0,Katashi,1e-06,0.9803921568627451,1.0
2008-03-19,0.22583286278938455,5.0,0.19801980198019803,0.0,0.0,0,0.0,0.9803921568627451,0.0,1e-06,1.0,Katashi,1e-06,0.9803921568627451,1.0
2008-03-20,0.18667419536984753,5.0,0.19801980198019803,0.0,0.0,0,0.0,0.9803921568627451,0.0,1e-06,1.0,Katashi,1e-06,0.9803921568627451,1.0
2008-03-24,0.19032185206098245,5.0,0.19801980198019803,0.0,0.0,0,0.0,0.9803921568627451,0.0,1e-06,1.0,Katashi,1e-06,0.9803921568627451,1.0
2008-03-25,0.1850649350649351,5.0,0.19801980198019803,0.0,0.0,0,0.0,0.9803921568627451,0.0,1e-06,1.0,Katashi,1e-06,0.9803921568627451,1.0
2008-03-26,0.2483625070581593,5.0,0.19801980198019803,0.0,0.0,0,0.0,0.9803921568627451,0.0,1e-06,1.0,Katashi,1e-06,0.9803921568627451,1.0
2008-03-27,0.224867306606437,5.0,0.19801980198019803,0.0,0.0,0,0.0,0.9803921568627451,0.0,1e-06,1.0,Katashi,1e-06,0.9803921568627451,1.0
2008-03-28,0.22658385093167704,5.0,0.19801980198019803,0.0,0.0,0,0.0,0.9803921568627451,0.0,1e-06,1.0,Katashi,1e-06,0.9803921568627451,1.0
2008-03-31,0.23538114059853193,5.0,0.19801980198019803,0.0,0.0,0,0.0,0.9803921568627451,0.0,1e-06,1.0,Katashi,1e-06,0.9803921568627451,1.0
2008-04-01,0.3037210615471485,5.0,0.19801980198019803,0.0,0.0,0,0.0,0.9803921568627451,0.0,1e-06,1.0,Katashi,1e-06,0.9803921568627451,1.0
2008-04-02,0.3331168831168832,5.0,0.19801980198019803,0.0,0.0,0,0.0,0.9803921568627451,0.0,1e-06,1.0,Katashi,1e-06,0.9803921568627451,1.0
2008-04-03,0.30736871823828343,5.0,0.19801980198019803,0.0,0.0,0,0.0,0.9803921568627451,0.0,1e-06,1.0,Katashi,1e-06,0.9803921568627451,1.0
2008-04-04,0.29921513269339356,5.0,0.19801980198019803,0.0,0.0,0,0.0,0.9803921568627451,0.0,1e-06,1.0,Katashi,1e-06,0.9803921568627451,1.0
2008-04-07,0.3182044042913609,5.0,0.19801980198019803,0.0,0.0,0,0.0,0.9803921568627451,0.0,1e-06,1.0,Katashi,1e-06,0.9803921568627451,1.0
2008-04-08,0.3352625635234331,5.0,0.19801980198019803,0.0,0.0,0,0.0,0.9803921568627451,0.0,1e-06,1.0,Katashi,1e-06,0.9803921568627451,1.0
2008-04-09,0.3512478825522304,5.0,0.19801980198019803,0.0,0.0,0,0.0,0.9803921568627451,0.0,1e-06,1.0,Katashi,1e-06,0.9803921568627451,1.0
2008-04-10,0.3540372670807454,5.0,0.19801980198019803,0.0,0.0,0,0.0,0.9803921568627451,0.0,1e-06,1.0,Katashi,1e-06,0.9803921568627451,1.0
2008-04-11,0.3331168831168832,5.0,0.19801980198019803,0.0,0.0,0,0.0,0.9803921568627451,0.0,1e-06,1.0,Katashi,1e-06,0.9803921568627451,1.0
2008-04-14,0.3426651609260305,5.0,0.19801980198019803,0.0,0.0,0,0.0,0.9803921568627451,0.0,1e-06,1.0,Katashi,1e-06,0.9803921568627451,1.0
2008-04-15,0.3728119706380576,5.0,0.19801980198019803,0.0,0.0,0,0.0,0.9803921568627451,0.0,1e-06,1.0,Katashi,1e-06,0.9803921568627451,1.0
2008-04-16,0.37045172219085265,5.0,0.19801980198019803,0.0,0.0,0,0.0,0.9803921568627451,0.0,1e-06,1.0,Katashi,1e-06,0.9803921568627451,1.0
2008-04-17,0.3752795031055901,5.0,0.19801980198019803,0.0,0.0,0,0.0,0.9803921568627451,0.0,1e-06,1.0,Katashi,1e-06,0.9803921568627451,1.0
2008-04-18,0.37195369847543763,5.0,0.19801980198019803,0.0,0.0,0,0.0,0.9803921568627451,0.0,1e-06,1.0,Katashi,1e-06,0.9803921568627451,1.0
2008-04-21,0.3600451722190853,5.0,0.19801980198019803,0.0,0.0,0,0.0,0.9803921568627451,0.0,1e-06,1.0,Katashi,1e-06,0.9803921568627451,1.0
2008-04-22,0.3322586109542632,5.0,0.19801980198019803,0.0,0.0,0,0.0,0.9803921568627451,0.0,1e-06,1.0,Katashi,1e-06,0.9803921568627451,1.0
2008-04-23,0.32195934500282325,5.0,0.19801980198019803,0.0,0.0,0,0.0,0.9803921568627451,0.0,1e-06,1.0,Katashi,1e-06,0.9803921568627451,1.0
2008-04-24,0.3230321852060982,5.0,0.19801980198019803,0.0,0.0,0,0.0,0.9803921568627451,0.0,1e-06,1.0,Katashi,1e-06,0.9803921568627451,1.0
2008-04-25,0.29449463579898366,5.0,0.19801980198019803,0.0,0.0,0,0.0,0.9803921568627451,0.0,1e-06,1.0,Katashi,1e-06,0.9803921568627451,1.0
2008-04-28,0.3023263692828911,5.0,0.19801980198019803,0.0,0.0,0,0.0,0.9803921568627451,0.0,1e-06,1.0,Katashi,1e-06,0.9803921568627451,1.0
2008-04-29,0.2804404291360813,5.0,0.19801980198019803,0.0,0.0,0,0.0,0.9803921568627451,0.0,1e-06,1.0,Katashi,1e-06,0.9803921568627451,1.0
2008-04-30,0.29685488424618856,5.0,0.19801980198019803,0.0,0.0,0,0.0,0.9803921568627451,0.0,1e-06,1.0,Katashi,1e-06,0.9803921568627451,1.0
2008-05-01,0.2973913043478261,5.0,0.19801980198019803,0.0,0.0,0,0.0,0.9803921568627451,0.0,1e-06,1.0,Katashi,1e-06,0.9803921568627451,1.0
2008-05-02,0.30307735742518355,5.0,0.19801980198019803,0.0,0.0,0,0.0,0.9803921568627451,0.0,1e-06,1.0,Katashi,1e-06,0.9803921568627451,1.0
2008-05-05,0.35092603049124793,5.0,0.19801980198019803,0.0,0.0,0,0.0,0.9803921568627451,0.0,1e-06,1.0,Katashi,1e-06,0.9803921568627451,1.0
2008-05-06,0.3680914737436477,5.0,0.19801980198019803,0.0,0.0,0,0.0,0.9803921568627451,0.0,1e-06,1.0,Katashi,1e-06,0.9803921568627451,1.0
2008-05-07,0.3568266516092603,5.0,0.19801980198019803,0.0,0.0,0,0.0,0.9803921568627451,0.0,1e-06,1.0,Katashi,1e-06,0.9803921568627451,1.0
2008-05-08,0.3516770186335404,5.0,0.19801980198019803,0.0,0.0,0,0.0,0.9803921568627451,0.0,1e-06,1.0,Katashi,1e-06,0.9803921568627451,1.0
2008-05-09,0.35811405985319034,5.0,0.19801980198019803,0.0,0.0,0,0.0,0.9803921568627451,0.0,1e-06,1.0,Katashi,1e-06,0.9803921568627451,1.0
2008-05-12,0.39566346696781485,5.0,0.19801980198019803,0.0,0.0,0,0.0,0.9803921568627451,0.0,1e-06,1.0,Katashi,1e-06,0.9803921568627451,1.0
2008-05-13,0.3538226990400904,5.0,0.19801980198019803,0.0,0.0,0,0.0,0.9803921568627451,0.0,1e-06,1.0,Katashi,1e-06,0.9803921568627451,1.0
2008-05-14,0.3626199887069453,5.0,0.19801980198019803,0.0,0.0,0,0.0,0.9803921568627451,0.0,1e-06,1.0,Katashi,1e-06,0.9803921568627451,1.0
2008-05-15,0.33601355166572566,5.0,0.19801980198019803,0.0,0.0,0,0.0,0.9803921568627451,0.0,1e-06,1.0,Katashi,1e-06,0.9803921568627451,1.0
2008-05-16,0.3373009599096556,5.0,0.19801980198019803,0.0,0.0,0,0.0,0.9803921568627451,0.0,1e-06,1.0,Katashi,1e-06,0.9803921568627451,1.0
2008-05-19,0.3592941840767928,5.0,0.19801980198019803,0.0,0.0,0,0.0,0.9803921568627451,0.0,1e-06,1.0,Katashi,1e-06,0.9803921568627451,1.0
2008-05-20,0.4064991530208921,5.0,0.19801980198019803,0.0,0.0,0,0.0,0.9803921568627451,0.0,1e-06,1.0,Katashi,1e-06,0.9803921568627451,1.0
2008-05-21,0.4167984189723321,5.0,0.19801980198019803,0.0,0.0,0,0.0,0.9803921568627451,0.0,1e-06,1.0,Katashi,1e-06,0.9803921568627451,1.0
2008-05-22,0.3809655561829476,5.0,0.19801980198019803,0.0,0.0,0,0.0,0.9803921568627451,0.0,1e-06,1.0,Katashi,1e-06,0.9803921568627451,1.0
2008-05-23,0.40789384528514966,5.0,0.19801980198019803,0.0,0.0,0,0.0,0.9803921568627451,0.0,1e-06,1.0,Katashi,1e-06,0.9803921568627451,1.0
2008-05-27,0.4588537549407115,5.0,0.19801980198019803,0.0,0.0,0,0.0,0.9803921568627451,0.0,1e-06,1.0,Katashi,1e-06,0.9803921568627451,1.0
2008-05-28,0.44243929983060426,5.0,0.19801980198019803,0.0,0.0,0,0.0,0.9803921568627451,0.0,1e-06,1.0,Katashi,1e-06,0.9803921568627451,1.0
2008-05-29,0.4198023715415021,5.0,0.19801980198019803,0.0,0.0,0,0.0,0.9803921568627451,0.0,1e-06,1.0,Katashi,1e-06,0.9803921568627451,1.0
2008-05-30,0.457673630717109,5.0,0.19801980198019803,0.0,0.0,0,0.0,0.9803921568627451,0.0,1e-06,1.0,Katashi,1e-06,0.9803921568627451,1.0
2008-06-02,0.45863918690005645,5.0,0.19801980198019803,0.0,0.0,0,0.0,0.9803921568627451,0.0,1e-06,1.0,Katashi,1e-06,0.9803921568627451,1.0
2008-06-03,0.41454545454545455,5.0,0.19801980198019803,0.0,0.0,0,0.0,0.9803921568627451,0.0,1e-06,1.0,Katashi,1e-06,0.9803921568627451,1.0
2008-06-04,0.4049971767363072,5.0,0.19801980198019803,0.0,0.0,0,0.0,0.9803921568627451,0.0,1e-06,1.0,Katashi,1e-06,0.9803921568627451,1.0
2008-06-05,0.3839695087521175,5.0,0.19801980198019803,0.0,0.0,0,0.0,0.9803921568627451,0.0,1e-06,1.0,Katashi,1e-06,0.9803921568627451,1.0
2008-06-06,0.4456578204404291,5.0,0.19801980198019803,0.0,0.0,0,0.0,0.9803921568627451,0.0,1e-06,1.0,Katashi,1e-06,0.9803921568627451,1.0
2008-06-09,0.38944099378881997,5.0,0.19801980198019803,0.0,0.0,0,0.0,0.9803921568627451,0.0,1e-06,1.0,Katashi,1e-06,0.9803921568627451,1.0
2008-06-10,0.37227555053642014,5.0,0.19801980198019803,0.0,0.0,0,0.0,0.9803921568627451,0.0,1e-06,1.0,Katashi,1e-06,0.9803921568627451,1.0
2008-06-11,0.3192772444946359,5.0,0.19801980198019803,3.8335667972626125e-11,0.9999999999606644,1,1.50795825885878e-21,0.9803921568627451,1.0,1e-06,0.02669353880610814,Katashi,1e-06,0.9803921568627451,1.0
2008-06-12,0.3203500846979108,5.0,0.19801980198019803,0.0,0.0,0,0.0,0.9803921568627451,0.0,1e-06,1.0,Katashi,1e-06,0.9803921568627451,1.0
2008-06-13,0.3092998306041784,5.0,0.19801980198019803,0.0,0.0,0,0.0,0.9803921568627451,0.0,1e-06,1.0,Katashi,1e-06,0.9803921568627451,1.0
2008-06-16,0.3132693393562959,5.0,0.19801980198019803,0.0,0.0,0,0.0,0.9803921568627451,0.0,1e-06,1.0,Katashi,1e-06,0.9803921568627451,1.0
2008-06-17,0.3420214568040655,5.0,0.19801980198019803,0.0,0.0,0,0.0,0.9803921568627451,0.0,1e-06,1.0,Katashi,1e-06,0.9803921568627451,1.0
2008-06-18,0.3213156408808583,5.0,0.19801980198019803,0.0,0.0,0,0.0,0.9803921568627451,0.0,1e-06,1.0,Katashi,1e-06,0.9803921568627451,1.0
2008-06-19,0.30050254093732354,5.0,0.19801980198019803,0.0,0.0,0,0.0,0.9803921568627451,0.0,1e-06,1.0,Katashi,1e-06,0.9803921568627451,1.0
2008-06-20,0.2556578204404292,5.0,0.19801980198019803,0.0,0.0,0,0.0,0.9803921568627451,0.0,1e-06,1.0,Katashi,1e-06,0.9803921568627451,1.0
2008-06-23,0.20684359119141732,5.0,0.19801980198019803,0.0,0.0,0,0.0,0.9803921568627451,0.0,1e-06,1.0,Katashi,1e-06,0.9803921568627451,1.0
2008-06-24,0.21252964426877474,5.0,0.19801980198019803,0.0,0.0,0,0.0,0.9803921568627451,0.0,1e-06,1.0,Katashi,1e-06,0.9803921568627451,1.0
2008-06-25,0.20287408243929983,5.0,0.19801980198019803,0.0,0.0,0,0.0,0.9803921568627451,0.0,1e-06,1.0,Katashi,1e-06,0.9803921568627451,1.0
2008-06-26,0.19922642574816493,5.0,0.19801980198019803,0.0,0.0,0,0.0,0.9803921568627451,0.0,1e-06,1.0,Katashi,1e-06,0.9803921568627451,1.0
2008-06-27,0.23688311688311692,5.0,0.19801980198019803,0.0,0.0,0,0.0,0.9803921568627451,0.0,1e-06,1.0,Katashi,1e-06,0.9803921568627451,1.0
2008-06-30,0.25072275550536427,5.0,0.19801980198019803,0.0,0.0,0,0.0,0.9803921568627451,0.0,1e-06,1.0,Katashi,1e-06,0.9803921568627451,1.0
2008-07-01,0.24095990965556183,5.0,0.19801980198019803,0.0,0.0,0,0.0,0.9803921568627451,0.0,1e-06,1.0,Katashi,1e-06,0.9803921568627451,1.0
2008-07-02,0.2319480519480519,5.0,0.19801980198019803,0.0,0.0,0,0.0,0.9803921568627451,0.0,1e-06,1.0,Katashi,1e-06,0.9803921568627451,1.0
2008-07-03,0.2260474308300396,5.0,0.19801980198019803,0.0,0.0,0,0.0,0.9803921568627451,0.0,1e-06,1.0,Katashi,1e-06,0.9803921568627451,1.0
2008-07-07,0.23012422360248452,5.0,0.19801980198019803,0.0,0.0,0,0.0,0.9803921568627451,0.0,1e-06,1.0,Katashi,1e-06,0.9803921568627451,1.0
2008-07-08,0.24621682665160924,5.0,0.19801980198019803,0.0,0.0,0,0.0,0.9803921568627451,0.0,1e-06,1.0,Katashi,1e-06,0.9803921568627451,1.0
2008-07-09,0.13603613777526827,5.0,0.19801980198019803,0.0,0.0,0,0.0,0.9803921568627451,0.0,1e-06,1.0,Katashi,1e-06,0.9803921568627451,1.0
2008-07-10,0.1260587238848109,5.0,0.19801980198019803,0.0,0.0,0,0.0,0.9803921568627451,0.0,1e-06,1.0,Katashi,1e-06,0.9803921568627451,1.0
2008-07-11,0.19514963297572,5.0,0.19801980198019803,0.0,0.0,0,0.0,0.9803921568627451,0.0,1e-06,1.0,Katashi,1e-06,0.9803921568627451,1.0
2008-07-14,0.21188594014680975,5.0,0.19801980198019803,0.0,0.0,0,0.0,0.9803921568627451,0.0,1e-06,1.0,Katashi,1e-06,0.9803921568627451,1.0
2008-07-15,0.1852795031055901,5.0,0.19801980198019803,0.0,0.0,0,0.0,0.9803921568627451,0.0,1e-06,1.0,Katashi,1e-06,0.9803921568627451,1.0
2008-07-16,0.2517955957086392,5.0,0.19801980198019803,0.0,0.0,0,0.0,0.9803921568627451,0.0,1e-06,1.0,Katashi,1e-06,0.9803921568627451,1.0
2008-07-17,0.28322981366459626,5.0,0.19801980198019803,0.0,0.0,0,0.0,0.9803921568627451,0.0,1e-06,1.0,Katashi,1e-06,0.9803921568627451,1.0
2008-07-18,0.3124110671936759,5.0,0.19801980198019803,0.0,0.0,0,0.0,0.9803921568627451,0.0,1e-06,1.0,Katashi,1e-06,0.9803921568627451,1.0
2008-07-21,0.31305477131564097,5.0,0.19801980198019803,0.0,0.0,0,0.0,0.9803921568627451,0.0,1e-06,1.0,Katashi,1e-06,0.9803921568627451,1.0
2008-07-22,0.31627329192546594,5.0,0.19801980198019803,0.0,0.0,0,0.0,0.9803921568627451,0.0,1e-06,1.0,Katashi,1e-06,0.9803921568627451,1.0
2008-07-23,0.3114455110107285,5.0,0.19801980198019803,0.0,0.0,0,0.0,0.9803921568627451,0.0,1e-06,1.0,Katashi,1e-06,0.9803921568627451,1.0
2008-07-24,0.31638057594579333,5.0,0.19801980198019803,0.0,0.0,0,0.0,0.9803921568627451,0.0,1e-06,1.0,Katashi,1e-06,0.9803921568627451,1.0
2008-07-25,0.30554488989271594,5.0,0.19801980198019803,0.0,0.0,0,0.0,0.9803921568627451,0.0,1e-06,1.0,Katashi,1e-06,0.9803921568627451,1.0
2008-07-28,0.32496329757199327,5.0,0.19801980198019803,0.0,0.0,0,0.0,0.9803921568627451,0.0,1e-06,1.0,Katashi,1e-06,0.9803921568627451,1.0
2008-07-29,0.29234895539243366,5.0,0.19801980198019803,0.0,0.0,0,0.0,0.9803921568627451,0.0,1e-06,1.0,Katashi,1e-06,0.9803921568627451,1.0
2008-07-30,0.28634105025409373,5.0,0.19801980198019803,0.0,0.0,0,0.0,0.9803921568627451,0.0,1e-06,1.0,Katashi,1e-06,0.9803921568627451,1.0
2008-07-31,0.2688537549407115,5.0,0.19801980198019803,0.0,0.0,0,0.0,0.9803921568627451,0.0,1e-06,1.0,Katashi,1e-06,0.9803921568627451,1.0
2008-08-01,0.23859966120835688,5.0,0.19801980198019803,0.0,0.0,0,0.0,0.9803921568627451,0.0,1e-06,1.0,Katashi,1e-06,0.9803921568627451,1.0
2008-08-04,0.19933370976849243,5.0,0.19801980198019803,0.0,0.0,0,0.0,0.9803921568627451,0.0,1e-06,1.0,Katashi,1e-06,0.9803921568627451,1.0
2008-08-05,0.21059853190287975,5.0,0.19801980198019803,0.0,0.0,0,0.0,0.9803921568627451,0.0,1e-06,1.0,Katashi,1e-06,0.9803921568627451,1.0
2008-08-06,0.21660643704121965,5.0,0.19801980198019803,0.0,0.0,0,0.0,0.9803921568627451,0.0,1e-06,1.0,Katashi,1e-06,0.9803921568627451,1.0
2008-08-07,0.20888198757763982,5.0,0.19801980198019803,0.0,0.0,0,0.0,0.9803921568627451,0.0,1e-06,1.0,Katashi,1e-06,0.9803921568627451,1.0
2008-08-08,0.21993224167137213,5.0,0.19801980198019803,0.0,0.0,0,0.0,0.9803921568627451,0.0,1e-06,1.0,Katashi,1e-06,0.9803921568627451,1.0
2008-08-11,0.21338791643139476,5.0,0.19801980198019803,0.0,0.0,0,0.0,0.9803921568627451,0.0,1e-06,1.0,Katashi,1e-06,0.9803921568627451,1.0
2008-08-12,0.15395256916996053,5.0,0.19801980198019803,0.0,0.0,0,0.0,0.9803921568627451,0.0,1e-06,1.0,Katashi,1e-06,0.9803921568627451,1.0
2008-08-13,0.19128740824393006,5.0,0.19801980198019803,0.0,0.0,0,0.0,0.9803921568627451,0.0,1e-06,1.0,Katashi,1e-06,0.9803921568627451,1.0
2008-08-14,0.2197176736307171,5.0,0.19801980198019803,0.0,0.0,0,0.0,0.9803921568627451,0.0,1e-06,1.0,Katashi,1e-06,0.9803921568627451,1.0
2008-08-15,0.17036702428006778,5.0,0.19801980198019803,0.0,0.0,0,0.0,0.9803921568627451,0.0,1e-06,1.0,Katashi,1e-06,0.9803921568627451,1.0
2008-08-18,0.15352343308865052,5.0,0.19801980198019803,0.0,0.0,0,0.0,0.9803921568627451,0.0,1e-06,1.0,Katashi,1e-06,0.9803921568627451,1.0
2008-08-19,0.12348390739695085,5.0,0.19801980198019803,0.0,0.0,0,0.0,0.9803921568627451,0.0,1e-06,1.0,Katashi,1e-06,0.9803921568627451,1.0
2008-08-20,0.15019762845849804,5.0,0.19801980198019803,0.0,0.0,0,0.0,0.9803921568627451,0.0,1e-06,1.0,Katashi,1e-06,0.9803921568627451,1.0
2008-08-21,0.21961038961038967,5.0,0.19801980198019803,0.0,0.0,0,0.0,0.9803921568627451,0.0,1e-06,1.0,Katashi,1e-06,0.9803921568627451,1.0
2008-08-22,0.2147826086956522,5.0,0.19801980198019803,0.0,0.0,0,0.0,0.9803921568627451,0.0,1e-06,1.0,Katashi,1e-06,0.9803921568627451,1.0
2008-08-25,0.2408526256352344,5.0,0.19801980198019803,0.0,0.0,0,0.0,0.9803921568627451,0.0,1e-06,1.0,Katashi,1e-06,0.9803921568627451,1.0
2008-08-26,0.270033879164314,5.0,0.19801980198019803,0.0,0.0,0,0.0,0.9803921568627451,0.0,1e-06,1.0,Katashi,1e-06,0.9803921568627451,1.0
2008-08-27,0.30704686617730104,5.0,0.19801980198019803,0.0,0.0,0,0.0,0.9803921568627451,0.0,1e-06,1.0,Katashi,1e-06,0.9803921568627451,1.0
2008-08-28,0.32077922077922083,5.0,0.19801980198019803,0.0,0.0,0,0.0,0.9803921568627451,0.0,1e-06,1.0,Katashi,1e-06,0.9803921568627451,1.0
2008-08-29,0.3249632975719932,5.0,0.19801980198019803,0.0,0.0,0,0.0,0.9803921568627451,0.0,1e-06,1.0,Katashi,1e-06,0.9803921568627451,1.0
2008-09-02,0.33966120835686053,5.0,0.19801980198019803,0.0,0.0,0,0.0,0.9803921568627451,0.0,1e-06,1.0,Katashi,1e-06,0.9803921568627451,1.0
2008-09-03,0.35457368718238286,5.0,0.19801980198019803,0.0,0.0,0,0.0,0.9803921568627451,0.0,1e-06,1.0,Katashi,1e-06,0.9803921568627451,1.0
2008-09-04,0.37313382269904005,5.0,0.19801980198019803,0.0,0.0,0,0.0,0.9803921568627451,0.0,1e-06,1.0,Katashi,1e-06,0.9803921568627451,1.0
2008-09-05,0.36272727272727273,5.0,0.19801980198019803,0.0,0.0,0,0.0,0.9803921568627451,0.0,1e-06,1.0,Katashi,1e-06,0.9803921568627451,1.0
2008-09-08,0.37324110671936767,5.0,0.19801980198019803,0.0,0.0,0,0.0,0.9803921568627451,0.0,1e-06,1.0,Katashi,1e-06,0.9803921568627451,1.0
2008-09-09,0.35274985883681537,5.0,0.19801980198019803,0.0,0.0,0,0.0,0.9803921568627451,0.0,1e-06,1.0,Katashi,1e-06,0.9803921568627451,1.0
2008-09-10,0.3175607001693958,5.0,0.19801980198019803,0.0,0.0,0,0.0,0.9803921568627451,0.0,1e-06,1.0,Katashi,1e-06,0.9803921568627451,1.0
2008-09-11,0.31863354037267083,5.0,0.19801980198019803,0.0,0.0,0,0.0,0.9803921568627451,0.0,1e-06,1.0,Katashi,1e-06,0.9803921568627451,1.0
2008-09-12,0.3250705815923208,5.0,0.19801980198019803,0.0,0.0,0,0.0,0.9803921568627451,0.0,1e-06,1.0,Katashi,1e-06,0.9803921568627451,1.0
2008-09-15,0.3597233201581027,5.0,0.19801980198019803,0.0,0.0,0,0.0,0.9803921568627451,0.0,1e-06,1.0,Katashi,1e-06,0.9803921568627451,1.0
2008-09-16,0.35242800677583286,5.0,0.19801980198019803,0.0,0.0,0,0.0,0.9803921568627451,0.0,1e-06,1.0,Katashi,1e-06,0.9803921568627451,1.0
2008-09-17,0.3794635798983625,5.0,0.19801980198019803,7.696110415318723e-11,0.9999999999220389,1,5.9999709543527584e-21,0.9803921568627451,1.0,1e-06,0.02669353880610814,Katashi,1e-06,0.9803921568627451,1.0
2008-09-18,0.3864370412196499,5.0,0.19801980198019803,6.818238193928803e-10,0.9999999993171762,1,4.655655295867215e-19,0.9803921568627451,1.0,1e-06,1.0,Katashi,1e-06,0.9803921568627451,1.0
2008-09-19,0.39780914737436474,5.0,0.19801980198019803,0.0,0.0,0,0.0,0.9803921568627451,0.0,1e-06,1.0,Katashi,1e-06,0.9803921568627451,1.0
2008-09-22,0.43299830604178446,5.0,0.19801980198019803,0.0,0.0,0,0.0,0.9803921568627451,0.0,1e-06,1.0,Katashi,1e-06,0.9803921568627451,1.0
2008-09-23,0.3758159232072276,5.0,0.19801980198019803,0.0,0.0,0,0.0,0.9803921568627451,0.0,1e-06,1.0,Katashi,1e-06,0.9803921568627451,1.0
2008-09-24,0.3735629587803501,5.0,0.19801980198019803,0.0,0.0,0,0.0,0.9803921568627451,0.0,1e-06,1.0,Katashi,1e-06,0.9803921568627451,1.0
2008-09-25,0.3521061547148504,5.0,0.19801980198019803,0.0,0.0,0,0.0,0.9803921568627451,0.0,1e-06,1.0,Katashi,1e-06,0.9803921568627451,1.0
2008-09-26,0.3218520609824958,5.0,0.19801980198019803,0.0,0.0,0,0.0,0.9803921568627451,0.0,1e-06,1.0,Katashi,1e-06,0.9803921568627451,1.0
2008-09-29,0.270248447204969,5.0,0.19801980198019803,0.0,0.0,0,0.0,0.9803921568627451,0.0,1e-06,1.0,Katashi,1e-06,0.9803921568627451,1.0
2008-09-30,0.26670807453416157,5.0,0.19801980198019803,0.0,0.0,0,0.0,0.9803921568627451,0.0,1e-06,1.0,Katashi,1e-06,0.9803921568627451,1.0
2008-10-01,0.2525465838509317,5.0,0.19801980198019803,0.0,0.0,0,0.0,0.9803921568627451,0.0,1e-06,1.0,Katashi,1e-06,0.9803921568627451,1.0
2008-10-02,0.2700338791643139,5.0,0.19801980198019803,0.0,0.0,0,0.0,0.9803921568627451,0.0,1e-06,1.0,Katashi,1e-06,0.9803921568627451,1.0
2008-10-03,0.2599491812535291,5.0,0.19801980198019803,0.0,0.0,0,0.0,0.9803921568627451,0.0,1e-06,1.0,Katashi,1e-06,0.9803921568627451,1.0
2008-10-06,0.2594127611518916,5.0,0.19801980198019803,0.0,0.0,0,0.0,0.9803921568627451,0.0,1e-06,1.0,Katashi,1e-06,0.9803921568627451,1.0
2008-10-07,0.2535121400338792,5.0,0.19801980198019803,0.0,0.0,0,0.0,0.9803921568627451,0.0,1e-06,1.0,Katashi,1e-06,0.9803921568627451,1.0
2008-10-08,0.24986448334274422,5.0,0.19801980198019803,0.0,0.0,0,0.0,0.9803921568627451,0.0,1e-06,1.0,Katashi,1e-06,0.9803921568627451,1.0
2008-10-09,0.2563015245623942,5.0,0.19801980198019803,0.0,0.0,0,0.0,0.9803921568627451,0.0,1e-06,1.0,Katashi,1e-06,0.9803921568627451,1.0
2008-10-10,0.24879164313946922,5.0,0.19801980198019803,0.0,0.0,0,0.0,0.9803921568627451,0.0,1e-06,1.0,Katashi,1e-06,0.9803921568627451,1.0
2008-10-13,0.2421400338791643,5.0,0.19801980198019803,0.0,0.0,0,0.0,0.9803921568627451,0.0,1e-06,1.0,Katashi,1e-06,0.9803921568627451,1.0
2008-10-14,0.23151891586674195,5.0,0.19801980198019803,0.0,0.0,0,0.0,0.9803921568627451,0.0,1e-06,1.0,Katashi,1e-06,0.9803921568627451,1.0
2008-10-15,0.23377188029361942,5.0,0.19801980198019803,0.0,0.0,0,0.0,0.9803921568627451,0.0,1e-06,1.0,Katashi,1e-06,0.9803921568627451,1.0
2008-10-16,0.2193958215697346,5.0,0.19801980198019803,0.0,0.0,0,0.0,0.9803921568627451,0.0,1e-06,1.0,Katashi,1e-06,0.9803921568627451,1.0
2008-10-17,0.19354037267080745,5.0,0.19801980198019803,0.0,0.0,0,0.0,0.9803921568627451,0.0,1e-06,1.0,Katashi,1e-06,0.9803921568627451,1.0
2008-10-20,0.19193111236589502,5.0,0.19801980198019803,0.0,0.0,0,0.0,0.9803921568627451,0.0,1e-06,1.0,Katashi,1e-06,0.9803921568627451,1.0
2008-10-21,0.1843139469226426,5.0,0.19801980198019803,0.0,0.0,0,0.0,0.9803921568627451,0.0,1e-06,1.0,Katashi,1e-06,0.9803921568627451,1.0
2008-10-22,0.1427950310559006,5.0,0.19801980198019803,0.0,0.0,0,0.0,0.9803921568627451,0.0,1e-06,1.0,Katashi,1e-06,0.9803921568627451,1.0
2008-10-23,0.17219085262563524,5.0,0.19801980198019803,0.0,0.0,0,0.0,0.9803921568627451,0.0,1e-06,1.0,Katashi,1e-06,0.9803921568627451,1.0
2008-10-24,0.2375268210050819,5.0,0.19801980198019803,0.0,0.0,0,0.0,0.9803921568627451,0.0,1e-06,1.0,Katashi,1e-06,0.9803921568627451,1.0
2008-10-27,0.25651609260304914,5.0,0.19801980198019803,0.0,0.0,0,0.0,0.9803921568627451,0.0,1e-06,1.0,Katashi,1e-06,0.9803921568627451,1.0
2008-10-28,0.2535121400338792,5.0,0.19801980198019803,0.0,0.0,0,0.0,0.9803921568627451,0.0,1e-06,1.0,Katashi,1e-06,0.9803921568627451,1.0
2008-10-29,0.32603613777526824,5.0,0.19801980198019803,0.0,0.0,0,0.0,0.9803921568627451,0.0,1e-06,1.0,Katashi,1e-06,0.9803921568627451,1.0
2008-10-30,0.36058159232072284,5.0,0.19801980198019803,0.0,0.0,0,0.0,0.9803921568627451,0.0,1e-06,1.0,Katashi,1e-06,0.9803921568627451,1.0
2008-10-31,0.3415923207227555,5.0,0.19801980198019803,0.0,0.0,0,0.0,0.9803921568627451,0.0,1e-06,1.0,Katashi,1e-06,0.9803921568627451,1.0
2008-11-03,0.3202428006775834,5.0,0.19801980198019803,0.0,0.0,0,0.0,0.9803921568627451,0.0,1e-06,1.0,Katashi,1e-06,0.9803921568627451,1.0
2008-11-04,0.3625127046866177,5.0,0.19801980198019803,0.0,0.0,0,0.0,0.9803921568627451,0.0,1e-06,1.0,Katashi,1e-06,0.9803921568627451,1.0
2008-11-05,0.3537154150197629,5.0,0.19801980198019803,0.0,0.0,0,0.0,0.9803921568627451,0.0,1e-06,1.0,Katashi,1e-06,0.9803921568627451,1.0
2008-11-06,0.3621908526256352,5.0,0.19801980198019803,0.0,0.0,0,0.0,0.9803921568627451,0.0,1e-06,1.0,Katashi,1e-06,0.9803921568627451,1.0
2008-11-07,0.3566120835686054,5.0,0.19801980198019803,0.0,0.0,0,0.0,0.9803921568627451,0.0,1e-06,1.0,Katashi,1e-06,0.9803921568627451,1.0
2008-11-10,0.38418407679277244,5.0,0.19801980198019803,0.0,0.0,0,0.0,0.9803921568627451,0.0,1e-06,1.0,Katashi,1e-06,0.9803921568627451,1.0
2008-11-11,0.4451214003387918,5.0,0.19801980198019803,0.0,0.0,0,0.0,0.9803921568627451,0.0,1e-06,1.0,Katashi,1e-06,0.9803921568627451,1.0
2008-11-12,0.4804178430265388,5.0,0.19801980198019803,0.0,0.0,0,0.0,0.9803921568627451,0.0,1e-06,1.0,Katashi,1e-06,0.9803921568627451,1.0
2008-11-13,0.4891078486730662,5.0,0.19801980198019803,0.0,0.0,0,0.0,0.9803921568627451,0.0,1e-06,1.0,Katashi,1e-06,0.9803921568627451,1.0
2008-11-14,0.46507622811970634,5.0,0.19801980198019803,0.0,0.0,0,0.0,0.9803921568627451,0.0,1e-06,1.0,Katashi,1e-06,0.9803921568627451,1.0
2008-11-17,0.4880350084697911,5.0,0.19801980198019803,0.0,0.0,0,0.0,0.9803921568627451,0.0,1e-06,1.0,Katashi,1e-06,0.9803921568627451,1.0
2008-11-18,0.502196499153021,5.0,0.19801980198019803,0.0,0.0,0,0.0,0.9803921568627451,0.0,1e-06,1.0,Katashi,1e-06,0.9803921568627451,1.0
2008-11-19,0.49865612648221347,5.0,0.19801980198019803,0.0,0.0,0,0.0,0.9803921568627451,0.0,1e-06,1.0,Katashi,1e-06,0.9803921568627451,1.0
2008-11-20,0.48878599661208366,5.0,0.19801980198019803,0.0,0.0,0,0.0,0.9803921568627451,0.0,1e-06,1.0,Katashi,1e-06,0.9803921568627451,1.0
2008-11-21,0.4625014116318463,5.0,0.19801980198019803,0.0,0.0,0,0.0,0.9803921568627451,0.0,1e-06,1.0,Katashi,1e-06,0.9803921568627451,1.0
2008-11-24,0.4855674760022587,5.0,0.19801980198019803,0.0,0.0,0,0.0,0.9803921568627451,0.0,1e-06,1.0,Katashi,1e-06,0.9803921568627451,1.0
2008-11-25,0.39834556747600225,5.0,0.19801980198019803,0.0,0.0,0,0.0,0.9803921568627451,0.0,1e-06,1.0,Katashi,1e-06,0.9803921568627451,1.0
2008-11-26,0.40982495765104465,5.0,0.19801980198019803,0.0,0.0,0,0.0,0.9803921568627451,0.0,1e-06,1.0,Katashi,1e-06,0.9803921568627451,1.0
2008-11-28,0.39630717108977975,5.0,0.19801980198019803,0.0,0.0,0,0.0,0.9803921568627451,0.0,1e-06,1.0,Katashi,1e-06,0.9803921568627451,1.0
2008-12-01,0.31648785996612083,5.0,0.19801980198019803,0.0,0.0,0,0.0,0.9803921568627451,0.0,1e-06,1.0,Katashi,1e-06,0.9803921568627451,1.0
2008-12-02,0.32281761716544327,5.0,0.19801980198019803,0.0,0.0,0,0.0,0.9803921568627451,0.0,1e-06,1.0,Katashi,1e-06,0.9803921568627451,1.0
2008-12-03,0.3219593450028233,5.0,0.19801980198019803,0.0,0.0,0,0.0,0.9803921568627451,0.0,1e-06,1.0,Katashi,1e-06,0.9803921568627451,1.0
2008-12-04,0.3331168831168832,5.0,0.19801980198019803,4.758227145511273e-11,0.9999999999514178,1,2.3116537757375854e-21,0.9803921568627451,1.0,1e-06,0.02669353880610814,Katashi,1e-06,0.9803921568627451,1.0
2008-12-05,0.2769000564652739,5.0,0.19801980198019803,0.0,0.0,0,0.0,0.9803921568627451,0.0,1e-06,1.0,Katashi,1e-06,0.9803921568627451,1.0
2008-12-08,0.31058723884810846,5.0,0.19801980198019803,0.0,0.0,0,0.0,0.9803921568627451,0.0,1e-06,1.0,Katashi,1e-06,0.9803921568627451,1.0
2008-12-09,0.2908469791078486,5.0,0.19801980198019803,0.0,0.0,0,0.0,0.9803921568627451,0.0,1e-06,1.0,Katashi,1e-06,0.9803921568627451,1.0
2008-12-10,0.3524280067758329,5.0,0.19801980198019803,0.0,0.0,0,0.0,0.9803921568627451,0.0,1e-06,1.0,Katashi,1e-06,0.9803921568627451,1.0
2008-12-11,0.3377300959909656,5.0,0.19801980198019803,0.0,0.0,0,0.0,0.9803921568627451,0.0,1e-06,1.0,Katashi,1e-06,0.9803921568627451,1.0
2008-12-12,0.30307735742518355,5.0,0.19801980198019803,0.0,0.0,0,0.0,0.9803921568627451,0.0,1e-06,1.0,Katashi,1e-06,0.9803921568627451,1.0
2008-12-15,0.27711462450592894,5.0,0.19801980198019803,0.0,0.0,0,0.0,0.9803921568627451,0.0,1e-06,1.0,Katashi,1e-06,0.9803921568627451,1.0
2008-12-16,0.24761151891586675,5.0,0.19801980198019803,0.0,0.0,0,0.0,0.9803921568627451,0.0,1e-06,1.0,Katashi,1e-06,0.9803921568627451,1.0
2008-12-17,0.2564088085827217,5.0,0.19801980198019803,0.0,0.0,0,0.0,0.9803921568627451,0.0,1e-06,1.0,Katashi,1e-06,0.9803921568627451,1.0
2008-12-18,0.28677018633540374,5.0,0.19801980198019803,0.0,0.0,0,0.0,0.9803921568627451,0.0,1e-06,1.0,Katashi,1e-06,0.9803921568627451,1.0
2008-12-19,0.2715358554488989,5.0,0.19801980198019803,0.0,0.0,0,0.0,0.9803921568627451,0.0,1e-06,1.0,Katashi,1e-06,0.9803921568627451,1.0
2008-12-22,0.2537267080745341,5.0,0.19801980198019803,0.0,0.0,0,0.0,0.9803921568627451,0.0,1e-06,1.0,Katashi,1e-06,0.9803921568627451,1.0
2008-12-23,0.24793337097684928,5.0,0.19801980198019803,0.0,0.0,0,0.0,0.9803921568627451,0.0,1e-06,1.0,Katashi,1e-06,0.9803921568627451,1.0
2008-12-24,0.25544325239977417,5.0,0.19801980198019803,0.0,0.0,0,0.0,0.9803921568627451,0.0,1e-06,1.0,Katashi,1e-06,0.9803921568627451,1.0
2008-12-26,0.2158554488989272,5.0,0.19801980198019803,0.0,0.0,0,0.0,0.9803921568627451,0.0,1e-06,1.0,Katashi,1e-06,0.9803921568627451,1.0
2008-12-29,0.2928853754940711,5.0,0.19801980198019803,0.0,0.0,0,0.0,0.9803921568627451,0.0,1e-06,1.0,Katashi,1e-06,0.9803921568627451,1.0
2008-12-30,0.24943534726143418,5.0,0.19801980198019803,0.0,0.0,0,0.0,0.9803921568627451,0.0,1e-06,1.0,Katashi,1e-06,0.9803921568627451,1.0
2008-12-31,0.3002879728966686,5.0,0.19801980198019803,0.0,0.0,0,0.0,0.9803921568627451,0.0,1e-06,1.0,Katashi,1e-06,0.9803921568627451,1.0
2009-01-02,0.306403162055336,5.0,0.19801980198019803,0.0,0.0,0,0.0,0.9803921568627451,0.0,1e-06,1.0,Katashi,1e-06,0.9803921568627451,1.0
2009-01-05,0.3289328063241107,5.0,0.19801980198019803,0.0,0.0,0,0.0,0.9803921568627451,0.0,1e-06,1.0,Katashi,1e-06,0.9803921568627451,1.0
2009-01-06,0.341055900621118,5.0,0.19801980198019803,0.0,0.0,0,0.0,0.9803921568627451,0.0,1e-06,1.0,Katashi,1e-06,0.9803921568627451,1.0
2009-01-07,0.35285714285714287,5.0,0.19801980198019803,0.0,0.0,0,0.0,0.9803921568627451,0.0,1e-06,1.0,Katashi,1e-06,0.9803921568627451,1.0
2009-01-08,0.37356295878035006,5.0,0.19801980198019803,0.0,0.0,0,0.0,0.9803921568627451,0.0,1e-06,1.0,Katashi,1e-06,0.9803921568627451,1.0
2009-01-09,0.3650875211744777,5.0,0.19801980198019803,0.0,0.0,0,0.0,0.9803921568627451,0.0,1e-06,1.0,Katashi,1e-06,0.9803921568627451,1.0
2009-01-12,0.3694861660079052,5.0,0.19801980198019803,0.0,0.0,0,0.0,0.9803921568627451,0.0,1e-06,1.0,Katashi,1e-06,0.9803921568627451,1.0
2009-01-13,0.35907961603613775,5.0,0.19801980198019803,0.0,0.0,0,0.0,0.9803921568627451,0.0,1e-06,1.0,Katashi,1e-06,0.9803921568627451,1.0
2009-01-14,0.3651948051948053,5.0,0.19801980198019803,0.0,0.0,0,0.0,0.9803921568627451,0.0,1e-06,1.0,Katashi,1e-06,0.9803921568627451,1.0
2009-01-15,0.347492941840768,5.0,0.19801980198019803,0.0,0.0,0,0.0,0.9803921568627451,0.0,1e-06,1.0,Katashi,1e-06,0.9803921568627451,1.0
2009-01-16,0.35725578769057037,5.0,0.19801980198019803,0.0,0.0,0,0.0,0.9803921568627451,0.0,1e-06,1.0,Katashi,1e-06,0.9803921568627451,1.0
2009-01-20,0.36133258046301525,5.0,0.19801980198019803,0.0,0.0,0,0.0,0.9803921568627451,0.0,1e-06,1.0,Katashi,1e-06,0.9803921568627451,1.0
2009-01-21,0.3634782608695653,5.0,0.19801980198019803,0.0,0.0,0,0.0,0.9803921568627451,0.0,1e-06,1.0,Katashi,1e-06,0.9803921568627451,1.0
2009-01-22,0.34802936194240547,5.0,0.19801980198019803,0.0,0.0,0,0.0,0.9803921568627451,0.0,1e-06,1.0,Katashi,1e-06,0.9803921568627451,1.0
2009-01-23,0.36004517221908533,5.0,0.19801980198019803,0.0,0.0,0,0.0,0.9803921568627451,0.0,1e-06,1.0,Katashi,1e-06,0.9803921568627451,1.0
2009-01-26,0.3481366459627329,5.0,0.19801980198019803,0.0,0.0,0,0.0,0.9803921568627451,0.0,1e-06,1.0,Katashi,1e-06,0.9803921568627451,1.0
2009-01-27,0.3311857707509881,5.0,0.19801980198019803,0.0,0.0,0,0.0,0.9803921568627451,0.0,1e-06,1.0,Katashi,1e-06,0.9803921568627451,1.0
2009-01-28,0.27743647656691134,5.0,0.19801980198019803,0.0,0.0,0,0.0,0.9803921568627451,0.0,1e-06,1.0,Katashi,1e-06,0.9803921568627451,1.0
2009-01-29,0.30254093732354603,5.0,0.19801980198019803,0.0,0.0,0,0.0,0.9803921568627451,0.0,1e-06,1.0,Katashi,1e-06,0.9803921568627451,1.0
2009-01-30,0.26992659514398637,5.0,0.19801980198019803,0.0,0.0,0,0.0,0.9803921568627451,0.0,1e-06,1.0,Katashi,1e-06,0.9803921568627451,1.0
2009-02-02,0.27346696781479396,5.0,0.19801980198019803,0.0,0.0,0,0.0,0.9803921568627451,0.0,1e-06,1.0,Katashi,1e-06,0.9803921568627451,1.0
2009-02-03,0.2504009034443818,5.0,0.19801980198019803,0.0,0.0,0,0.0,0.9803921568627451,0.0,1e-06,1.0,Katashi,1e-06,0.9803921568627451,1.0
2009-02-04,0.2617730095990966,5.0,0.19801980198019803,0.0,0.0,0,0.0,0.9803921568627451,0.0,1e-06,1.0,Katashi,1e-06,0.9803921568627451,1.0
2009-02-05,0.231304347826087,5.0,0.19801980198019803,0.0,0.0,0,0.0,0.9803921568627451,0.0,1e-06,1.0,Katashi,1e-06,0.9803921568627451,1.0
2009-02-06,0.2350592885375494,5.0,0.19801980198019803,0.0,0.0,0,0.0,0.9803921568627451,0.0,1e-06,1.0,Katashi,1e-06,0.9803921568627451,1.0
2009-02-09,0.2174647092038397,5.0,0.19801980198019803,0.0,0.0,0,0.0,0.9803921568627451,0.0,1e-06,1.0,Katashi,1e-06,0.9803921568627451,1.0
2009-02-10,0.19514963297571997,5.0,0.19801980198019803,0.0,0.0,0,0.0,0.9803921568627451,0.0,1e-06,1.0,Katashi,1e-06,0.9803921568627451,1.0
2009-02-11,0.21360248447204971,5.0,0.19801980198019803,0.0,0.0,0,0.0,0.9803921568627451,0.0,1e-06,1.0,Katashi,1e-06,0.9803921568627451,1.0
2009-02-12,0.17583850931677023,5.0,0.19801980198019803,0.0,0.0,0,0.0,0.9803921568627451,0.0,1e-06,1.0,Katashi,1e-06,0.9803921568627451,1.0
2009-02-13,0.1456916996047431,5.0,0.19801980198019803,0.0,0.0,0,0.0,0.9803921568627451,0.0,1e-06,1.0,Katashi,1e-06,0.9803921568627451,1.0
2009-02-17,0.1845285149632976,5.0,0.19801980198019803,0.0,0.0,0,0.0,0.9803921568627451,0.0,1e-06,1.0,Katashi,1e-06,0.9803921568627451,1.0
2009-02-18,0.18892715979672497,5.0,0.19801980198019803,0.0,0.0,0,0.0,0.9803921568627451,0.0,1e-06,1.0,Katashi,1e-06,0.9803921568627451,1.0
2009-02-19,0.23001693958215702,5.0,0.19801980198019803,0.0,0.0,0,0.0,0.9803921568627451,0.0,1e-06,1.0,Katashi,1e-06,0.9803921568627451,1.0
2009-02-20,0.21156408808582725,5.0,0.19801980198019803,0.0,0.0,0,0.0,0.9803921568627451,0.0,1e-06,1.0,Katashi,1e-06,0.9803921568627451,1.0
2009-02-23,0.19761716544325242,5.0,0.19801980198019803,0.0,0.0,0,0.0,0.9803921568627451,0.0,1e-06,1.0,Katashi,1e-06,0.9803921568627451,1.0
2009-02-24,0.190214568040655,5.0,0.19801980198019803,0.0,0.0,0,0.0,0.9803921568627451,0.0,1e-06,1.0,Katashi,1e-06,0.9803921568627451,1.0
2009-02-25,0.25404856013551663,5.0,0.19801980198019803,0.0,0.0,0,0.0,0.9803921568627451,0.0,1e-06,1.0,Katashi,1e-06,0.9803921568627451,1.0
2009-02-26,0.29867871259175605,5.0,0.19801980198019803,0.0,0.0,0,0.0,0.9803921568627451,0.0,1e-06,1.0,Katashi,1e-06,0.9803921568627451,1.0
2009-02-27,0.2994297007340486,5.0,0.19801980198019803,0.0,0.0,0,0.0,0.9803921568627451,0.0,1e-06,1.0,Katashi,1e-06,0.9803921568627451,1.0
2009-03-02,0.3253924336533032,5.0,0.19801980198019803,0.0,0.0,0,0.0,0.9803921568627451,0.0,1e-06,1.0,Katashi,1e-06,0.9803921568627451,1.0
2009-03-03,0.33966120835686053,5.0,0.19801980198019803,0.0,0.0,0,0.0,0.9803921568627451,0.0,1e-06,1.0,Katashi,1e-06,0.9803921568627451,1.0
2009-03-04,0.42484472049689437,5.0,0.19801980198019803,0.0,0.0,0,0.0,0.9803921568627451,0.0,1e-06,1.0,Katashi,1e-06,0.9803921568627451,1.0
2009-03-05,0.421518915866742,5.0,0.19801980198019803,0.0,0.0,0,0.0,0.9803921568627451,0.0,1e-06,1.0,Katashi,1e-06,0.9803921568627451,1.0
2009-03-06,0.4356804065499717,5.0,0.19801980198019803,0.0,0.0,0,0.0,0.9803921568627451,0.0,1e-06,1.0,Katashi,1e-06,0.9803921568627451,1.0
2009-03-09,0.4678656126482214,5.0,0.19801980198019803,0.0,0.0,0,0.0,0.9803921568627451,0.0,1e-06,1.0,Katashi,1e-06,0.9803921568627451,1.0
2009-03-10,0.4619649915302089,5.0,0.19801980198019803,0.0,0.0,0,0.0,0.9803921568627451,0.0,1e-06,1.0,Katashi,1e-06,0.9803921568627451,1.0
2009-03-11,0.47333709768492377,5.0,0.19801980198019803,0.0,0.0,0,0.0,0.9803921568627451,0.0,1e-06,1.0,Katashi,1e-06,0.9803921568627451,1.0
2009-03-12,0.4872840203274986,5.0,0.19801980198019803,0.0,0.0,0,0.0,0.9803921568627451,0.0,1e-06,1.0,Katashi,1e-06,0.9803921568627451,1.0
2009-03-13,0.4767701863354038,5.0,0.19801980198019803,0.0,0.0,0,0.0,0.9803921568627451,0.0,1e-06,1.0,Katashi,1e-06,0.9803921568627451,1.0
2009-03-16,0.4378260869565217,5.0,0.19801980198019803,0.0,0.0,0,0.0,0.9803921568627451,0.0,1e-06,1.0,Katashi,1e-06,0.9803921568627451,1.0
2009-03-17,0.44619424054206663,5.0,0.19801980198019803,0.0,0.0,0,0.0,0.9803921568627451,0.0,1e-06,1.0,Katashi,1e-06,0.9803921568627451,1.0
2009-03-18,0.4500564652738567,5.0,0.19801980198019803,0.0,0.0,0,0.0,0.9803921568627451,0.0,1e-06,1.0,Katashi,1e-06,0.9803921568627451,1.0
2009-03-19,0.46314511575381145,5.0,0.19801980198019803,0.0,0.0,0,0.0,0.9803921568627451,0.0,1e-06,1.0,Katashi,1e-06,0.9803921568627451,1.0
2009-03-20,0.4778430265386787,5.0,0.19801980198019803,0.0,0.0,0,0.0,0.9803921568627451,0.0,1e-06,1.0,Katashi,1e-06,0.9803921568627451,1.0
2009-03-23,0.4808469791078488,5.0,0.19801980198019803,0.0,0.0,0,0.0,0.9803921568627451,0.0,1e-06,1.0,Katashi,1e-06,0.9803921568627451,1.0
2009-03-24,0.4847092038396387,5.0,0.19801980198019803,0.0,0.0,0,0.0,0.9803921568627451,0.0,1e-06,1.0,Katashi,1e-06,0.9803921568627451,1.0
2009-03-25,0.493613777526821,5.0,0.19801980198019803,0.0,0.0,0,0.0,0.9803921568627451,0.0,1e-06,1.0,Katashi,1e-06,0.9803921568627451,1.0
2009-03-26,0.5088481084133258,5.0,0.19801980198019803,0.0,0.0,0,0.0,0.9803921568627451,0.0,1e-06,1.0,Katashi,1e-06,0.9803921568627451,1.0
2009-03-27,0.4898588368153586,5.0,0.19801980198019803,0.0,0.0,0,0.0,0.9803921568627451,0.0,1e-06,1.0,Katashi,1e-06,0.9803921568627451,1.0
2009-03-30,0.4480180688876342,5.0,0.19801980198019803,0.0,0.0,0,0.0,0.9803921568627451,0.0,1e-06,1.0,Katashi,1e-06,0.9803921568627451,1.0
2009-03-31,0.43364201016374937,5.0,0.19801980198019803,0.0,0.0,0,0.0,0.9803921568627451,0.0,1e-06,1.0,Katashi,1e-06,0.9803921568627451,1.0
2009-04-01,0.4273122529644269,5.0,0.19801980198019803,0.0,0.0,0,0.0,0.9803921568627451,0.0,1e-06,1.0,Katashi,1e-06,0.9803921568627451,1.0
2009-04-02,0.4874985883681536,5.0,0.19801980198019803,0.0,0.0,0,0.0,0.9803921568627451,0.0,1e-06,1.0,Katashi,1e-06,0.9803921568627451,1.0
2009-04-03,0.4303162055335969,5.0,0.19801980198019803,0.0,0.0,0,0.0,0.9803921568627451,0.0,1e-06,1.0,Katashi,1e-06,0.9803921568627451,1.0
2009-04-06,0.4082156973461323,5.0,0.19801980198019803,0.0,0.0,0,0.0,0.9803921568627451,0.0,1e-06,1.0,Katashi,1e-06,0.9803921568627451,1.0
2009-04-07,0.4391134952004519,5.0,0.19801980198019803,0.0,0.0,0,0.0,0.9803921568627451,0.0,1e-06,1.0,Katashi,1e-06,0.9803921568627451,1.0
2009-04-08,0.3887972896668549,5.0,0.19801980198019803,0.0,0.0,0,0.0,0.9803921568627451,0.0,1e-06,1.0,Katashi,1e-06,0.9803921568627451,1.0
2009-04-09,0.3851496329757199,5.0,0.19801980198019803,0.0,0.0,0,0.0,0.9803921568627451,0.0,1e-06,1.0,Katashi,1e-06,0.9803921568627451,1.0
2009-04-13,0.37485036702428015,5.0,0.19801980198019803,0.0,0.0,0,0.0,0.9803921568627451,0.0,1e-06,1.0,Katashi,1e-06,0.9803921568627451,1.0
2009-04-14,0.3972727272727273,5.0,0.19801980198019803,0.0,0.0,0,0.0,0.9803921568627451,0.0,1e-06,1.0,Katashi,1e-06,0.9803921568627451,1.0
2009-04-15,0.38879728966685495,5.0,0.19801980198019803,0.0,0.0,0,0.0,0.9803921568627451,0.0,1e-06,1.0,Katashi,1e-06,0.9803921568627451,1.0
2009-04-16,0.4149745906267646,5.0,0.19801980198019803,0.0,0.0,0,0.0,0.9803921568627451,0.0,1e-06,1.0,Katashi,1e-06,0.9803921568627451,1.0
2009-04-17,0.3937323546019199,5.0,0.19801980198019803,0.0,0.0,0,0.0,0.9803921568627451,0.0,1e-06,1.0,Katashi,1e-06,0.9803921568627451,1.0
2009-04-20,0.3712027103331451,5.0,0.19801980198019803,0.0,0.0,0,0.0,0.9803921568627451,0.0,1e-06,1.0,Katashi,1e-06,0.9803921568627451,1.0
2009-04-21,0.3465273856578205,5.0,0.19801980198019803,0.0,0.0,0,0.0,0.9803921568627451,0.0,1e-06,1.0,Katashi,1e-06,0.9803921568627451,1.0
2009-04-22,0.3644438170525127,5.0,0.19801980198019803,0.0,0.0,0,0.0,0.9803921568627451,0.0,1e-06,1.0,Katashi,1e-06,0.9803921568627451,1.0
2009-04-23,0.3592941840767928,5.0,0.19801980198019803,0.0,0.0,0,0.0,0.9803921568627451,0.0,1e-06,1.0,Katashi,1e-06,0.9803921568627451,1.0
2009-04-24,0.39684359119141727,5.0,0.19801980198019803,0.0,0.0,0,0.0,0.9803921568627451,0.0,1e-06,1.0,Katashi,1e-06,0.9803921568627451,1.0
2009-04-27,0.40102766798418965,5.0,0.19801980198019803,0.0,0.0,0,0.0,0.9803921568627451,0.0,1e-06,1.0,Katashi,1e-06,0.9803921568627451,1.0
2009-04-28,0.38944099378882,5.0,0.19801980198019803,0.0,0.0,0,0.0,0.9803921568627451,0.0,1e-06,1.0,Katashi,1e-06,0.9803921568627451,1.0
2009-04-29,0.4102540937323546,5.0,0.19801980198019803,0.0,0.0,0,0.0,0.9803921568627451,0.0,1e-06,1.0,Katashi,1e-06,0.9803921568627451,1.0
2009-04-30,0.4270976849237719,5.0,0.19801980198019803,0.0,0.0,0,0.0,0.9803921568627451,0.0,1e-06,1.0,Katashi,1e-06,0.9803921568627451,1.0
2009-05-01,0.4720496894409938,5.0,0.19801980198019803,0.0,0.0,0,0.0,0.9803921568627451,0.0,1e-06,1.0,Katashi,1e-06,0.9803921568627451,1.0
2009-05-04,0.4850310559006211,5.0,0.19801980198019803,0.0,0.0,0,0.0,0.9803921568627451,0.0,1e-06,1.0,Katashi,1e-06,0.9803921568627451,1.0
2009-05-05,0.44694522868435904,5.0,0.19801980198019803,0.0,0.0,0,0.0,0.9803921568627451,0.0,1e-06,1.0,Katashi,1e-06,0.9803921568627451,1.0
2009-05-06,0.46368153585544886,5.0,0.19801980198019803,0.0,0.0,0,0.0,0.9803921568627451,0.0,1e-06,1.0,Katashi,1e-06,0.9803921568627451,1.0
2009-05-07,0.45145115753811405,5.0,0.19801980198019803,0.0,0.0,0,0.0,0.9803921568627451,0.0,1e-06,1.0,Katashi,1e-06,0.9803921568627451,1.0
2009-05-08,0.39512704686617733,5.0,0.19801980198019803,0.0,0.0,0,0.0,0.9803921568627451,0.0,1e-06,1.0,Katashi,1e-06,0.9803921568627451,1.0
2009-05-11,0.4312817617165443,5.0,0.19801980198019803,0.0,0.0,0,0.0,0.9803921568627451,0.0,1e-06,1.0,Katashi,1e-06,0.9803921568627451,1.0
2009-05-12,0.46228684359119143,5.0,0.19801980198019803,0.0,0.0,0,0.0,0.9803921568627451,0.0,1e-06,1.0,Katashi,1e-06,0.9803921568627451,1.0
2009-05-13,0.45316770186335403,5.0,0.19801980198019803,0.0,0.0,0,0.0,0.9803921568627451,0.0,1e-06,1.0,Katashi,1e-06,0.9803921568627451,1.0
2009-05-14,0.45756634669678153,5.0,0.19801980198019803,0.0,0.0,0,0.0,0.9803921568627451,0.0,1e-06,1.0,Katashi,1e-06,0.9803921568627451,1.0
2009-05-15,0.4829926595143987,5.0,0.19801980198019803,0.0,0.0,0,0.0,0.9803921568627451,0.0,1e-06,1.0,Katashi,1e-06,0.9803921568627451,1.0
2009-05-18,0.45863918690005645,5.0,0.19801980198019803,0.0,0.0,0,0.0,0.9803921568627451,0.0,1e-06,1.0,Katashi,1e-06,0.9803921568627451,1.0
2009-05-19,0.44673066064370415,5.0,0.19801980198019803,0.0,0.0,0,0.0,0.9803921568627451,0.0,1e-06,1.0,Katashi,1e-06,0.9803921568627451,1.0
2009-05-20,0.5129249011857708,5.0,0.19801980198019803,0.0,0.0,0,0.0,0.9803921568627451,0.0,1e-06,1.0,Katashi,1e-06,0.9803921568627451,1.0
2009-05-21,0.5371710897797854,5.0,0.19801980198019803,0.0,0.0,0,0.0,0.9803921568627451,0.0,1e-06,1.0,Katashi,1e-06,0.9803921568627451,1.0
2009-05-22,0.5628119706380577,5.0,0.19801980198019803,0.0,0.0,0,0.0,0.9803921568627451,0.0,1e-06,1.0,Katashi,1e-06,0.9803921568627451,1.0
2009-05-26,0.5294466403162056,5.0,0.19801980198019803,3.162270445447164e-11,0.9999999999673773,1,1.031617441937526e-21,0.9803921568627451,1.0,1e-06,0.02669353880610814,Katashi,1e-06,0.9803921568627451,1.0
2009-05-27,0.5047713156408808,5.0,0.19801980198019803,3.1256885967869516e-11,0.9999999999677431,1,1.0082491149364305e-21,0.9803921568627451,1.0,1e-06,1.0,Katashi,1e-06,0.9803921568627451,1.0
2009-05-28,0.5144268774703558,5.0,0.19801980198019803,3.239108980978935e-11,0.9999999999666089,1,1.081573072347047e-21,0.9803921568627451,1.0,1e-06,1.0,Katashi,1e-06,0.9803921568627451,1.0
2009-05-29,0.501552795031056,5.0,0.19801980198019803,0.0,0.0,0,0.0,0.9803921568627451,0.0,1e-06,1.0,Katashi,1e-06,0.9803921568627451,1.0
2009-06-01,0.47129870129870133,5.0,0.19801980198019803,0.0,0.0,0,0.0,0.9803921568627451,0.0,1e-06,1.0,Katashi,1e-06,0.9803921568627451,1.0
2009-06-02,0.47440993788819885,5.0,0.19801980198019803,0.0,0.0,0,0.0,0.9803921568627451,0.0,1e-06,1.0,Katashi,1e-06,0.9803921568627451,1.0
2009-06-03,0.420446075663467,5.0,0.19801980198019803,0.0,0.0,0,0.0,0.9803921568627451,0.0,1e-06,1.0,Katashi,1e-06,0.9803921568627451,1.0
2009-06-04,0.38150197628458493,5.0,0.19801980198019803,0.0,0.0,0,0.0,0.9803921568627451,0.0,1e-06,1.0,Katashi,1e-06,0.9803921568627451,1.0
2009-06-05,0.37903444381705254,5.0,0.19801980198019803,0.0,0.0,0,0.0,0.9803921568627451,0.0,1e-06,1.0,Katashi,1e-06,0.9803921568627451,1.0
2009-06-08,0.36508752117447774,5.0,0.19801980198019803,0.0,0.0,0,0.0,0.9803921568627451,0.0,1e-06,1.0,Katashi,1e-06,0.9803921568627451,1.0
2009-06-09,0.3752795031055901,5.0,0.19801980198019803,0.0,0.0,0,0.0,0.9803921568627451,0.0,1e-06,1.0,Katashi,1e-06,0.9803921568627451,1.0
2009-06-10,0.43020892151326934,5.0,0.19801980198019803,0.0,0.0,0,0.0,0.9803921568627451,0.0,1e-06,1.0,Katashi,1e-06,0.9803921568627451,1.0
2009-06-11,0.4240937323546019,5.0,0.19801980198019803,0.0,0.0,0,0.0,0.9803921568627451,0.0,1e-06,1.0,Katashi,1e-06,0.9803921568627451,1.0
2009-06-12,0.415511010728402,5.0,0.19801980198019803,0.0,0.0,0,0.0,0.9803921568627451,0.0,1e-06,1.0,Katashi,1e-06,0.9803921568627451,1.0
2009-06-15,0.4248447204968945,5.0,0.19801980198019803,0.0,0.0,0,0.0,0.9803921568627451,0.0,1e-06,1.0,Katashi,1e-06,0.9803921568627451,1.0
2009-06-16,0.3965217391304348,5.0,0.19801980198019803,0.0,0.0,0,0.0,0.9803921568627451,0.0,1e-06,1.0,Katashi,1e-06,0.9803921568627451,1.0
2009-06-17,0.39426877470355737,5.0,0.19801980198019803,0.0,0.0,0,0.0,0.9803921568627451,0.0,1e-06,1.0,Katashi,1e-06,0.9803921568627451,1.0
2009-06-18,0.41872953133822693,5.0,0.19801980198019803,0.0,0.0,0,0.0,0.9803921568627451,0.0,1e-06,1.0,Katashi,1e-06,0.9803921568627451,1.0
2009-06-19,0.4061773009599097,5.0,0.19801980198019803,0.0,0.0,0,0.0,0.9803921568627451,0.0,1e-06,1.0,Katashi,1e-06,0.9803921568627451,1.0
2009-06-22,0.3811801242236026,5.0,0.19801980198019803,0.0,0.0,0,0.0,0.9803921568627451,0.0,1e-06,1.0,Katashi,1e-06,0.9803921568627451,1.0
2009-06-23,0.3152004517221909,5.0,0.19801980198019803,0.0,0.0,0,0.0,0.9803921568627451,0.0,1e-06,1.0,Katashi,1e-06,0.9803921568627451,1.0
2009-06-24,0.306832298136646,5.0,0.19801980198019803,0.0,0.0,0,0.0,0.9803921568627451,0.0,1e-06,1.0,Katashi,1e-06,0.9803921568627451,1.0
2009-06-25,0.3143421795595709,5.0,0.19801980198019803,0.0,0.0,0,0.0,0.9803921568627451,0.0,1e-06,1.0,Katashi,1e-06,0.9803921568627451,1.0
2009-06-26,0.3144494635798984,5.0,0.19801980198019803,0.0,0.0,0,0.0,0.9803921568627451,0.0,1e-06,1.0,Katashi,1e-06,0.9803921568627451,1.0
2009-06-29,0.3001806888763411,5.0,0.19801980198019803,0.0,0.0,0,0.0,0.9803921568627451,0.0,1e-06,1.0,Katashi,1e-06,0.9803921568627451,1.0
2009-06-30,0.264884246188594,5.0,0.19801980198019803,0.0,0.0,0,0.0,0.9803921568627451,0.0,1e-06,1.0,Katashi,1e-06,0.9803921568627451,1.0
2009-07-01,0.2560869565217392,5.0,0.19801980198019803,0.0,0.0,0,0.0,0.9803921568627451,0.0,1e-06,1.0,Katashi,1e-06,0.9803921568627451,1.0
2009-07-02,0.31498588368153585,5.0,0.19801980198019803,0.0,0.0,0,0.0,0.9803921568627451,0.0,1e-06,1.0,Katashi,1e-06,0.9803921568627451,1.0
2009-07-06,0.342772444946358,5.0,0.19801980198019803,0.0,0.0,0,0.0,0.9803921568627451,0.0,1e-06,1.0,Katashi,1e-06,0.9803921568627451,1.0
2009-07-07,0.3828966685488425,5.0,0.19801980198019803,0.0,0.0,0,0.0,0.9803921568627451,0.0,1e-06,1.0,Katashi,1e-06,0.9803921568627451,1.0
2009-07-08,0.40210050818746473,5.0,0.19801980198019803,0.0,0.0,0,0.0,0.9803921568627451,0.0,1e-06,1.0,Katashi,1e-06,0.9803921568627451,1.0
2009-07-09,0.39716544325239983,5.0,0.19801980198019803,0.0,0.0,0,0.0,0.9803921568627451,0.0,1e-06,1.0,Katashi,1e-06,0.9803921568627451,1.0
2009-07-10,0.418300395256917,5.0,0.19801980198019803,0.0,0.0,0,0.0,0.9803921568627451,0.0,1e-06,1.0,Katashi,1e-06,0.9803921568627451,1.0
2009-07-13,0.35425183512140035,5.0,0.19801980198019803,0.0,0.0,0,0.0,0.9803921568627451,0.0,1e-06,1.0,Katashi,1e-06,0.9803921568627451,1.0
2009-07-14,0.3392320722755505,5.0,0.19801980198019803,0.0,0.0,0,0.0,0.9803921568627451,0.0,1e-06,1.0,Katashi,1e-06,0.9803921568627451,1.0
2009-07-15,0.3896555618294749,5.0,0.19801980198019803,0.0,0.0,0,0.0,0.9803921568627451,0.0,1e-06,1.0,Katashi,1e-06,0.9803921568627451,1.0
2009-07-16,0.3683060417843027,5.0,0.19801980198019803,0.0,0.0,0,0.0,0.9803921568627451,0.0,1e-06,1.0,Katashi,1e-06,0.9803921568627451,1.0
2009-07-17,0.420016939582157,5.0,0.19801980198019803,0.0,0.0,0,0.0,0.9803921568627451,0.0,1e-06,1.0,Katashi,1e-06,0.9803921568627451,1.0
2009-07-20,0.422591756070017,5.0,0.19801980198019803,0.0,0.0,0,0.0,0.9803921568627451,0.0,1e-06,1.0,Katashi,1e-06,0.9803921568627451,1.0
2009-07-21,0.4616431394692265,5.0,0.19801980198019803,0.0,0.0,0,0.0,0.9803921568627451,0.0,1e-06,1.0,Katashi,1e-06,0.9803921568627451,1.0
2009-07-22,0.4726933935629588,5.0,0.19801980198019803,0.0,0.0,0,0.0,0.9803921568627451,0.0,1e-06,1.0,Katashi,1e-06,0.9803921568627451,1.0
2009-07-23,0.4226990400903444,5.0,0.19801980198019803,0.0,0.0,0,0.0,0.9803921568627451,0.0,1e-06,1.0,Katashi,1e-06,0.9803921568627451,1.0
2009-07-24,0.4205533596837946,5.0,0.19801980198019803,0.0,0.0,0,0.0,0.9803921568627451,0.0,1e-06,1.0,Katashi,1e-06,0.9803921568627451,1.0
2009-07-27,0.4534895539243366,5.0,0.19801980198019803,0.0,0.0,0,0.0,0.9803921568627451,0.0,1e-06,1.0,Katashi,1e-06,0.9803921568627451,1.0
2009-07-28,0.4823489553924338,5.0,0.19801980198019803,0.0,0.0,0,0.0,0.9803921568627451,0.0,1e-06,1.0,Katashi,1e-06,0.9803921568627451,1.0
2009-07-29,0.4534895539243366,5.0,0.19801980198019803,0.0,0.0,0,0.0,0.9803921568627451,0.0,1e-06,1.0,Katashi,1e-06,0.9803921568627451,1.0
2009-07-30,0.40049124788255225,5.0,0.19801980198019803,0.0,0.0,0,0.0,0.9803921568627451,0.0,1e-06,1.0,Katashi,1e-06,0.9803921568627451,1.0
2009-07-31,0.3998475437605872,5.0,0.19801980198019803,0.0,0.0,0,0.0,0.9803921568627451,0.0,1e-06,1.0,Katashi,1e-06,0.9803921568627451,1.0
2009-08-03,0.40596273291925467,5.0,0.19801980198019803,0.0,0.0,0,0.0,0.9803921568627451,0.0,1e-06,1.0,Katashi,1e-06,0.9803921568627451,1.0
2009-08-04,0.37635234330886513,5.0,0.19801980198019803,0.0,0.0,0,0.0,0.9803921568627451,0.0,1e-06,1.0,Katashi,1e-06,0.9803921568627451,1.0
2009-08-05,0.3737775268210051,5.0,0.19801980198019803,0.0,0.0,0,0.0,0.9803921568627451,0.0,1e-06,1.0,Katashi,1e-06,0.9803921568627451,1.0
2009-08-06,0.37409937888198763,5.0,0.19801980198019803,0.0,0.0,0,0.0,0.9803921568627451,0.0,1e-06,1.0,Katashi,1e-06,0.9803921568627451,1.0
2009-08-07,0.38611518915866744,5.0,0.19801980198019803,0.0,0.0,0,0.0,0.9803921568627451,0.0,1e-06,1.0,Katashi,1e-06,0.9803921568627451,1.0
2009-08-10,0.426239412761152,5.0,0.19801980198019803,0.0,0.0,0,0.0,0.9803921568627451,0.0,1e-06,1.0,Katashi,1e-06,0.9803921568627451,1.0
2009-08-11,0.36841332580463027,5.0,0.19801980198019803,0.0,0.0,0,0.0,0.9803921568627451,0.0,1e-06,1.0,Katashi,1e-06,0.9803921568627451,1.0
2009-08-12,0.37495765104460765,5.0,0.19801980198019803,0.0,0.0,0,0.0,0.9803921568627451,0.0,1e-06,1.0,Katashi,1e-06,0.9803921568627451,1.0
2009-08-13,0.38815358554488993,5.0,0.19801980198019803,0.0,0.0,0,0.0,0.9803921568627451,0.0,1e-06,1.0,Katashi,1e-06,0.9803921568627451,1.0
2009-08-14,0.35350084697910794,5.0,0.19801980198019803,0.0,0.0,0,0.0,0.9803921568627451,0.0,1e-06,1.0,Katashi,1e-06,0.9803921568627451,1.0
2009-08-17,0.3756013551665726,5.0,0.19801980198019803,0.0,0.0,0,0.0,0.9803921568627451,0.0,1e-06,1.0,Katashi,1e-06,0.9803921568627451,1.0
2009-08-18,0.3573630717108979,5.0,0.19801980198019803,0.0,0.0,0,0.0,0.9803921568627451,0.0,1e-06,1.0,Katashi,1e-06,0.9803921568627451,1.0
2009-08-19,0.40285149632975725,5.0,0.19801980198019803,0.0,0.0,0,0.0,0.9803921568627451,0.0,1e-06,1.0,Katashi,1e-06,0.9803921568627451,1.0
2009-08-20,0.36294184076792774,5.0,0.19801980198019803,0.0,0.0,0,0.0,0.9803921568627451,0.0,1e-06,1.0,Katashi,1e-06,0.9803921568627451,1.0
2009-08-21,0.3721682665160926,5.0,0.19801980198019803,0.0,0.0,0,0.0,0.9803921568627451,0.0,1e-06,1.0,Katashi,1e-06,0.9803921568627451,1.0
2009-08-24,0.3695934500282327,5.0,0.19801980198019803,0.0,0.0,0,0.0,0.9803921568627451,0.0,1e-06,1.0,Katashi,1e-06,0.9803921568627451,1.0
2009-08-25,0.3649802371541503,5.0,0.19801980198019803,0.0,0.0,0,0.0,0.9803921568627451,0.0,1e-06,1.0,Katashi,1e-06,0.9803921568627451,1.0
2009-08-26,0.3672332015810277,5.0,0.19801980198019803,0.0,0.0,0,0.0,0.9803921568627451,0.0,1e-06,1.0,Katashi,1e-06,0.9803921568627451,1.0
2009-08-27,0.34363071710897797,5.0,0.19801980198019803,0.0,0.0,0,0.0,0.9803921568627451,0.0,1e-06,1.0,Katashi,1e-06,0.9803921568627451,1.0
2009-08-28,0.35382269904009034,5.0,0.19801980198019803,0.0,0.0,0,0.0,0.9803921568627451,0.0,1e-06,1.0,Katashi,1e-06,0.9803921568627451,1.0
2009-08-31,0.37088085827216266,5.0,0.19801980198019803,3.801181591635565e-11,0.9999999999609882,1,1.4829091243174179e-21,0.9803921568627451,1.0,1e-06,0.02669353880610814,Katashi,1e-06,0.9803921568627451,1.0
2009-09-01,0.3493167701863355,5.0,0.19801980198019803,2.1110446723793564e-11,0.9999999999778896,1,4.667609406076756e-22,0.9803921568627451,1.0,1e-06,1.0,Katashi,1e-06,0.9803921568627451,1.0
2009-09-02,0.3274308300395257,5.0,0.19801980198019803,9.389156119201481e-12,0.9999999999896109,1,9.754520104615827e-23,0.9803921568627451,1.0,1e-06,1.0,Katashi,1e-06,0.9803921568627451,1.0
2009-09-03,0.30854884246188596,5.0,0.19801980198019803,1.6344259279171794e-11,0.9999999999826558,1,2.834787091032859e-22,0.9803921568627451,1.0,1e-06,1.0,Katashi,1e-06,0.9803921568627451,1.0
2009-09-04,0.29406549971767365,5.0,0.19801980198019803,1.1814216271862077e-11,0.9999999999871858,1,1.51389661040371e-22,0.9803921568627451,1.0,1e-06,1.0,Katashi,1e-06,0.9803921568627451,1.0
2009-09-08,0.3640146809712027,5.0,0.19801980198019803,1.09598996544236e-11,0.9999999999880401,1,1.3107905763840381e-22,0.9803921568627451,1.0,1e-06,1.0,Katashi,1e-06,0.9803921568627451,1.0
2009-09-09,0.3572557876905703,5.0,0.19801980198019803,1.0314971099426353e-11,0.999999999988685,1,1.1671337169717869e-22,0.9803921568627451,1.0,1e-06,1.0,Katashi,1e-06,0.9803921568627451,1.0
2009-09-10,0.3459909655561829,5.0,0.19801980198019803,1.5010548359711834e-11,0.9999999999839895,1,2.403267783617262e-22,0.9803921568627451,1.0,1e-06,1.0,Katashi,1e-06,0.9803921568627451,1.0
2009-09-11,0.3208865047995483,5.0,0.19801980198019803,2.1576962438730634e-11,0.9999999999774231,1,4.871417932070874e-22,0.9803921568627451,1.0,1e-06,1.0,Katashi,1e-06,0.9803921568627451,1.0
2009-09-14,0.3512478825522304,5.0,0.19801980198019803,6.333822355460125e-12,0.9999999999926662,1,4.645098787110829e-23,0.9803921568627451,1.0,1e-06,1.0,Katashi,1e-06,0.9803921568627451,1.0
2009-09-15,0.3756013551665726,5.0,0.19801980198019803,6.275979735877578e-12,0.999999999992724,1,4.566376254571935e-23,0.9803921568627451,1.0,1e-06,1.0,Katashi,1e-06,0.9803921568627451,1.0
2009-09-16,0.3926595143986449,5.0,0.19801980198019803,6.696976306812285e-12,0.999999999992303,1,5.1546319812376905e-23,0.9803921568627451,1.0,1e-06,1.0,Katashi,1e-06,0.9803921568627451,1.0
2009-09-17,0.3512478825522304,5.0,0.19801980198019803,1.1008638445204062e-11,0.9999999999879914,1,1.3219851533319861e-22,0.9803921568627451,1.0,1e-06,1.0,Katashi,1e-06,0.9803921568627451,1.0
2009-09-18,0.34180688876341053,5.0,0.19801980198019803,8.004485962902413e-12,0.9999999999909955,1,7.20761044205265e-23,0.9803921568627451,1.0,1e-06,1.0,Katashi,1e-06,0.9803921568627451,1.0
2009-09-21,0.2708921513269339,5.0,0.19801980198019803,5.970446359502911e-12,0.9999999999930296,1,4.1616544014803165e-23,0.9803921568627451,1.0,1e-06,1.0,Katashi,1e-06,0.9803921568627451,1.0
2009-09-22,0.3109090909090909,5.0,0.19801980198019803,6.48159304003664e-12,0.9999999999925184,1,4.849249799287903e-23,0.9803921568627451,1.0,1e-06,1.0,Katashi,1e-06,0.9803921568627451,1.0
2009-09-23,0.27861660079051387,5.0,0.19801980198019803,1.0682899009782899e-11,0.9999999999883171,1,1.2480699393962507e-22,0.9803921568627451,1.0,1e-06,1.0,Katashi,1e-06,0.9803921568627451,1.0
2009-09-24,0.29567476002258614,5.0,0.19801980198019803,2.1028956353787877e-11,0.9999999999779711,1,4.632454964917084e-22,0.9803921568627451,1.0,1e-06,1.0,Katashi,1e-06,0.9803921568627451,1.0
2009-09-25,0.3197063805759458,5.0,0.19801980198019803,2.809219523627258e-11,0.9999999999709078,1,8.172630069933218e-22,0.9803921568627451,1.0,1e-06,1.0,Katashi,1e-06,0.9803921568627451,1.0
2009-09-28,0.31369847543760593,5.0,0.19801980198019803,3.319067243209737e-11,0.9999999999658093,1,1.1348106747115028e-21,0.9803921568627451,1.0,1e-06,1.0,Katashi,1e-06,0.9803921568627451,1.0
2009-09-29,0.3234613212874083,5.0,0.19801980198019803,0.0,0.0,0,0.0,0.9803921568627451,0.0,1e-06,1.0,Katashi,1e-06,0.9803921568627451,1.0
2009-09-30,0.3661603613777527,5.0,0.19801980198019803,0.0,0.0,0,0.0,0.9803921568627451,0.0,1e-06,1.0,Katashi,1e-06,0.9803921568627451,1.0
2009-10-01,0.3554319593450029,5.0,0.19801980198019803,1.247973946326403e-10,0.9999999998742026,1,1.569918434198196e-20,0.9803921568627451,1.0,1e-06,0.02669353880610814,Katashi,1e-06,0.9803921568627451,1.0
2009-10-02,0.39351778656126496,5.0,0.19801980198019803,0.0,0.0,0,0.0,0.9803921568627451,0.0,1e-06,1.0,Katashi,1e-06,0.9803921568627451,1.0
2009-10-05,0.3759232072275551,5.0,0.19801980198019803,1.69606551024328e-11,0.9999999999820394,1,3.046241014099744e-22,0.9803921568627451,1.0,1e-06,0.02669353880610814,Katashi,1e-06,0.9803921568627451,1.0
2009-10-06,0.38643704121964995,5.0,0.19801980198019803,1.8968271397824396e-11,0.9999999999800318,1,3.7876317161232855e-22,0.9803921568627451,1.0,1e-06,1.0,Katashi,1e-06,0.9803921568627451,1.0
2009-10-07,0.384935064935065,5.0,0.19801980198019803,1.7649437466897638e-11,0.9999999999813506,1,3.291516899319722e-22,0.9803921568627451,1.0,1e-06,1.0,Katashi,1e-06,0.9803921568627451,1.0
2009-10-08,0.3170242800677584,5.0,0.19801980198019803,0.0,0.0,0,0.0,0.9803921568627451,0.0,1e-06,1.0,Katashi,1e-06,0.9803921568627451,1.0
2009-10-09,0.3191699604743083,5.0,0.19801980198019803,0.0,0.0,0,0.0,0.9803921568627451,0.0,1e-06,1.0,Katashi,1e-06,0.9803921568627451,1.0
2009-10-12,0.3259288537549407,5.0,0.19801980198019803,0.0,0.0,0,0.0,0.9803921568627451,0.0,1e-06,1.0,Katashi,1e-06,0.9803921568627451,1.0
2009-10-13,0.3618690005646529,5.0,0.19801980198019803,0.0,0.0,0,0.0,0.9803921568627451,0.0,1e-06,1.0,Katashi,1e-06,0.9803921568627451,1.0
2009-10-14,0.31112365894974586,5.0,0.19801980198019803,0.0,0.0,0,0.0,0.9803921568627451,0.0,1e-06,1.0,Katashi,1e-06,0.9803921568627451,1.0
2009-10-15,0.32271033314511577,5.0,0.19801980198019803,0.0,0.0,0,0.0,0.9803921568627451,0.0,1e-06,1.0,Katashi,1e-06,0.9803921568627451,1.0
2009-10-16,0.3073687182382835,5.0,0.19801980198019803,0.0,0.0,0,0.0,0.9803921568627451,0.0,1e-06,1.0,Katashi,1e-06,0.9803921568627451,1.0
2009-10-19,0.31520045172219086,5.0,0.19801980198019803,0.0,0.0,0,0.0,0.9803921568627451,0.0,1e-06,1.0,Katashi,1e-06,0.9803921568627451,1.0
2009-10-20,0.2816205533596838,5.0,0.19801980198019803,0.0,0.0,0,0.0,0.9803921568627451,0.0,1e-06,1.0,Katashi,1e-06,0.9803921568627451,1.0
2009-10-21,0.268102766798419,5.0,0.19801980198019803,0.0,0.0,0,0.0,0.9803921568627451,0.0,1e-06,1.0,Katashi,1e-06,0.9803921568627451,1.0
2009-10-22,0.26209486166007906,5.0,0.19801980198019803,0.0,0.0,0,0.0,0.9803921568627451,0.0,1e-06,1.0,Katashi,1e-06,0.9803921568627451,1.0
2009-10-23,0.2805477131564088,5.0,0.19801980198019803,0.0,0.0,0,0.0,0.9803921568627451,0.0,1e-06,1.0,Katashi,1e-06,0.9803921568627451,1.0
2009-10-26,0.2542631281761717,5.0,0.19801980198019803,0.0,0.0,0,0.0,0.9803921568627451,0.0,1e-06,1.0,Katashi,1e-06,0.9803921568627451,1.0
2009-10-27,0.19236024844720503,5.0,0.19801980198019803,0.0,0.0,0,0.0,0.9803921568627451,0.0,1e-06,1.0,Katashi,1e-06,0.9803921568627451,1.0
2009-10-28,0.21027667984189727,5.0,0.19801980198019803,0.0,0.0,0,0.0,0.9803921568627451,0.0,1e-06,1.0,Katashi,1e-06,0.9803921568627451,1.0
2009-10-29,0.18216826651609266,5.0,0.19801980198019803,0.0,0.0,0,0.0,0.9803921568627451,0.0,1e-06,1.0,Katashi,1e-06,0.9803921568627451,1.0
2009-10-30,0.1454771315640881,5.0,0.19801980198019803,0.0,0.0,0,0.0,0.9803921568627451,0.0,1e-06,1.0,Katashi,1e-06,0.9803921568627451,1.0
2009-11-02,0.14000564652738565,5.0,0.19801980198019803,0.0,0.0,0,0.0,0.9803921568627451,0.0,1e-06,1.0,Katashi,1e-06,0.9803921568627451,1.0
2009-11-03,0.08003387916431398,5.0,0.19801980198019803,0.0,0.0,0,0.0,0.9803921568627451,0.0,1e-06,1.0,Katashi,1e-06,0.9803921568627451,1.0
2009-11-04,0.11018068887634105,5.0,0.19801980198019803,0.0,0.0,0,0.0,0.9803921568627451,0.0,1e-06,1.0,Katashi,1e-06,0.9803921568627451,1.0
2009-11-05,0.16307171089779787,5.0,0.19801980198019803,0.0,0.0,0,0.0,0.9803921568627451,0.0,1e-06,1.0,Katashi,1e-06,0.9803921568627451,1.0
2009-11-06,0.15448898927159802,5.0,0.19801980198019803,0.0,0.0,0,0.0,0.9803921568627451,0.0,1e-06,1.0,Katashi,1e-06,0.9803921568627451,1.0
2009-11-09,0.1638226990400904,5.0,0.19801980198019803,0.0,0.0,0,0.0,0.9803921568627451,0.0,1e-06,1.0,Katashi,1e-06,0.9803921568627451,1.0
2009-11-10,0.17465838509316772,5.0,0.19801980198019803,0.0,0.0,0,0.0,0.9803921568627451,0.0,1e-06,1.0,Katashi,1e-06,0.9803921568627451,1.0
2009-11-11,0.1688650479954828,5.0,0.19801980198019803,0.0,0.0,0,0.0,0.9803921568627451,0.0,1e-06,1.0,Katashi,1e-06,0.9803921568627451,1.0
2009-11-12,0.1592094861660079,5.0,0.19801980198019803,0.0,0.0,0,0.0,0.9803921568627451,0.0,1e-06,1.0,Katashi,1e-06,0.9803921568627451,1.0
2009-11-13,0.19010728402032753,5.0,0.19801980198019803,0.0,0.0,0,0.0,0.9803921568627451,0.0,1e-06,1.0,Katashi,1e-06,0.9803921568627451,1.0
2009-11-16,0.18774703557312256,5.0,0.19801980198019803,0.0,0.0,0,0.0,0.9803921568627451,0.0,1e-06,1.0,Katashi,1e-06,0.9803921568627451,1.0
2009-11-17,0.1837775268210051,5.0,0.19801980198019803,0.0,0.0,0,0.0,0.9803921568627451,0.0,1e-06,1.0,Katashi,1e-06,0.9803921568627451,1.0
2009-11-18,0.2132806324110672,5.0,0.19801980198019803,0.0,0.0,0,0.0,0.9803921568627451,0.0,1e-06,1.0,Katashi,1e-06,0.9803921568627451,1.0
2009-11-19,0.2385996612083569,5.0,0.19801980198019803,0.0,0.0,0,0.0,0.9803921568627451,0.0,1e-06,1.0,Katashi,1e-06,0.9803921568627451,1.0
2009-11-20,0.2652060982495765,5.0,0.19801980198019803,0.0,0.0,0,0.0,0.9803921568627451,0.0,1e-06,1.0,Katashi,1e-06,0.9803921568627451,1.0
2009-11-23,0.308334274421231,5.0,0.19801980198019803,0.0,0.0,0,0.0,0.9803921568627451,0.0,1e-06,1.0,Katashi,1e-06,0.9803921568627451,1.0
2009-11-24,0.3088706945228684,5.0,0.19801980198019803,0.0,0.0,0,0.0,0.9803921568627451,0.0,1e-06,1.0,Katashi,1e-06,0.9803921568627451,1.0
2009-11-25,0.3090852625635235,5.0,0.19801980198019803,0.0,0.0,0,0.0,0.9803921568627451,0.0,1e-06,1.0,Katashi,1e-06,0.9803921568627451,1.0
2009-11-27,0.3672332015810276,5.0,0.19801980198019803,0.0,0.0,0,0.0,0.9803921568627451,0.0,1e-06,1.0,Katashi,1e-06,0.9803921568627451,1.0
2009-11-30,0.4203387916431396,5.0,0.19801980198019803,0.0,0.0,0,0.0,0.9803921568627451,0.0,1e-06,1.0,Katashi,1e-06,0.9803921568627451,1.0
2009-12-01,0.41583286278938464,5.0,0.19801980198019803,0.0,0.0,0,0.0,0.9803921568627451,0.0,1e-06,1.0,Katashi,1e-06,0.9803921568627451,1.0
2009-12-02,0.4226990400903444,5.0,0.19801980198019803,0.0,0.0,0,0.0,0.9803921568627451,0.0,1e-06,1.0,Katashi,1e-06,0.9803921568627451,1.0
2009-12-03,0.4482326369282891,5.0,0.19801980198019803,3.7968184151489584e-11,0.9999999999610318,1,1.4795503520201797e-21,0.9803921568627451,1.0,1e-06,0.02669353880610814,Katashi,1e-06,0.9803921568627451,1.0
2009-12-04,0.43707509881422923,5.0,0.19801980198019803,0.0,0.0,0,0.0,0.9803921568627451,0.0,1e-06,1.0,Katashi,1e-06,0.9803921568627451,1.0
2009-12-07,0.42548842461885944,5.0,0.19801980198019803,0.0,0.0,0,0.0,0.9803921568627451,0.0,1e-06,1.0,Katashi,1e-06,0.9803921568627451,1.0
2009-12-08,0.4162619988706945,5.0,0.19801980198019803,0.0,0.0,0,0.0,0.9803921568627451,0.0,1e-06,1.0,Katashi,1e-06,0.9803921568627451,1.0
2009-12-09,0.41261434217955967,5.0,0.19801980198019803,0.0,0.0,0,0.0,0.9803921568627451,0.0,1e-06,1.0,Katashi,1e-06,0.9803921568627451,1.0
2009-12-10,0.43385657820440426,5.0,0.19801980198019803,0.0,0.0,0,0.0,0.9803921568627451,0.0,1e-06,1.0,Katashi,1e-06,0.9803921568627451,1.0
2009-12-11,0.4296725014116318,5.0,0.19801980198019803,0.0,0.0,0,0.0,0.9803921568627451,0.0,1e-06,1.0,Katashi,1e-06,0.9803921568627451,1.0
2009-12-14,0.40993224167137204,5.0,0.19801980198019803,0.0,0.0,0,0.0,0.9803921568627451,0.0,1e-06,1.0,Katashi,1e-06,0.9803921568627451,1.0
2009-12-15,0.45670807453416157,5.0,0.19801980198019803,0.0,0.0,0,0.0,0.9803921568627451,0.0,1e-06,1.0,Katashi,1e-06,0.9803921568627451,1.0
2009-12-16,0.4846019198193111,5.0,0.19801980198019803,0.0,0.0,0,0.0,0.9803921568627451,0.0,1e-06,1.0,Katashi,1e-06,0.9803921568627451,1.0
2009-12-17,0.4469452286843591,5.0,0.19801980198019803,0.0,0.0,0,0.0,0.9803921568627451,0.0,1e-06,1.0,Katashi,1e-06,0.9803921568627451,1.0
2009-12-18,0.501981931112366,5.0,0.19801980198019803,0.0,0.0,0,0.0,0.9803921568627451,0.0,1e-06,1.0,Katashi,1e-06,0.9803921568627451,1.0
2009-12-21,0.4750536420101638,5.0,0.19801980198019803,0.0,0.0,0,0.0,0.9803921568627451,0.0,1e-06,1.0,Katashi,1e-06,0.9803921568627451,1.0
2009-12-22,0.47440993788819874,5.0,0.19801980198019803,0.0,0.0,0,0.0,0.9803921568627451,0.0,1e-06,1.0,Katashi,1e-06,0.9803921568627451,1.0
2009-12-23,0.5142123094297009,5.0,0.19801980198019803,0.0,0.0,0,0.0,0.9803921568627451,0.0,1e-06,1.0,Katashi,1e-06,0.9803921568627451,1.0
2009-12-24,0.47440993788819885,5.0,0.19801980198019803,0.0,0.0,0,0.0,0.9803921568627451,0.0,1e-06,1.0,Katashi,1e-06,0.9803921568627451,1.0
2009-12-28,0.5222586109542633,5.0,0.19801980198019803,0.0,0.0,0,0.0,0.9803921568627451,0.0,1e-06,1.0,Katashi,1e-06,0.9803921568627451,1.0
2009-12-29,0.5450028232636928,5.0,0.19801980198019803,5.584099849025901e-11,0.999999999943159,1,3.1740568756706086e-21,0.9803921568627451,1.0,1e-06,0.02669353880610814,Katashi,1e-06,0.9803921568627451,1.0
2009-12-30,0.539424054206663,5.0,0.19801980198019803,0.0,0.0,0,0.0,0.9803921568627451,0.0,1e-06,1.0,Katashi,1e-06,0.9803921568627451,1.0
2009-12-31,0.4780575945793338,5.0,0.19801980198019803,0.0,0.0,0,0.0,0.9803921568627451,0.0,1e-06,1.0,Katashi,1e-06,0.9803921568627451,1.0
2010-01-04,0.5421061547148505,5.0,0.19801980198019803,0.0,0.0,0,0.0,0.9803921568627451,0.0,1e-06,1.0,Katashi,1e-06,0.9803921568627451,1.0
2010-01-05,0.5546583850931678,5.0,0.19801980198019803,0.0,0.0,0,0.0,0.9803921568627451,0.0,1e-06,1.0,Katashi,1e-06,0.9803921568627451,1.0
2010-01-06,0.5547656691134952,5.0,0.19801980198019803,0.0,0.0,0,0.0,0.9803921568627451,0.0,1e-06,1.0,Katashi,1e-06,0.9803921568627451,1.0
2010-01-07,0.5502597402597403,5.0,0.19801980198019803,0.0,0.0,0,0.0,0.9803921568627451,0.0,1e-06,1.0,Katashi,1e-06,0.9803921568627451,1.0
2010-01-08,0.528910220214568,5.0,0.19801980198019803,0.0,0.0,0,0.0,0.9803921568627451,0.0,1e-06,1.0,Katashi,1e-06,0.9803921568627451,1.0
2010-01-11,0.4944720496894409,5.0,0.19801980198019803,0.0,0.0,0,0.0,0.9803921568627451,0.0,1e-06,1.0,Katashi,1e-06,0.9803921568627451,1.0
2010-01-12,0.5040203274985884,5.0,0.19801980198019803,0.0,0.0,0,0.0,0.9803921568627451,0.0,1e-06,1.0,Katashi,1e-06,0.9803921568627451,1.0
2010-01-13,0.4778430265386787,5.0,0.19801980198019803,0.0,0.0,0,0.0,0.9803921568627451,0.0,1e-06,1.0,Katashi,1e-06,0.9803921568627451,1.0
2010-01-14,0.4736589497459063,5.0,0.19801980198019803,0.0,0.0,0,0.0,0.9803921568627451,0.0,1e-06,1.0,Katashi,1e-06,0.9803921568627451,1.0
2010-01-15,0.46121400338791646,5.0,0.19801980198019803,0.0,0.0,0,0.0,0.9803921568627451,0.0,1e-06,1.0,Katashi,1e-06,0.9803921568627451,1.0
2010-01-19,0.4428684359119142,5.0,0.19801980198019803,0.0,0.0,0,0.0,0.9803921568627451,0.0,1e-06,1.0,Katashi,1e-06,0.9803921568627451,1.0
2010-01-20,0.4164765669113496,5.0,0.19801980198019803,0.0,0.0,0,0.0,0.9803921568627451,0.0,1e-06,1.0,Katashi,1e-06,0.9803921568627451,1.0
2010-01-21,0.4185149632975721,5.0,0.19801980198019803,0.0,0.0,0,0.0,0.9803921568627451,0.0,1e-06,1.0,Katashi,1e-06,0.9803921568627451,1.0
2010-01-22,0.4027442123094298,5.0,0.19801980198019803,0.0,0.0,0,0.0,0.9803921568627451,0.0,1e-06,1.0,Katashi,1e-06,0.9803921568627451,1.0
2010-01-25,0.382789384528515,5.0,0.19801980198019803,0.0,0.0,0,0.0,0.9803921568627451,0.0,1e-06,1.0,Katashi,1e-06,0.9803921568627451,1.0
2010-01-26,0.3933032185206099,5.0,0.19801980198019803,1.2824907801575972e-10,0.9999999998707509,1,1.6576072253889132e-20,0.9803921568627451,1.0,1e-06,0.02669353880610814,Katashi,1e-06,0.9803921568627451,1.0
2010-01-27,0.3521061547148504,5.0,0.19801980198019803,2.1988189047042422e-11,0.9999999999770118,1,5.054681602047536e-22,0.9803921568627451,1.0,1e-06,1.0,Katashi,1e-06,0.9803921568627451,1.0
2010-01-28,0.3535008469791079,5.0,0.19801980198019803,9.109490939301272e-12,0.9999999999898905,1,9.209211459536517e-23,0.9803921568627451,1.0,1e-06,1.0,Katashi,1e-06,0.9803921568627451,1.0
2010-01-29,0.2437492941840768,5.0,0.19801980198019803,7.7424733290932e-12,0.9999999999912575,1,6.768819530427674e-23,0.9803921568627451,1.0,1e-06,1.0,Katashi,1e-06,0.9803921568627451,1.0
2010-02-01,0.2365612648221344,5.0,0.19801980198019803,4.6324721835180114e-11,0.9999999999526753,1,2.1923035502113143e-21,0.9803921568627451,1.0,1e-06,1.0,Katashi,1e-06,0.9803921568627451,1.0
2010-02-02,0.28945228684359126,5.0,0.19801980198019803,1.4330647779442044e-11,0.9999999999846694,1,2.196977965409668e-22,0.9803921568627451,1.0,1e-06,1.0,Katashi,1e-06,0.9803921568627451,1.0
2010-02-03,0.3131620553359684,5.0,0.19801980198019803,2.4695578914827426e-11,0.9999999999743044,1,6.345666505527518e-22,0.9803921568627451,1.0,1e-06,1.0,Katashi,1e-06,0.9803921568627451,1.0
2010-02-04,0.2610220214568041,5.0,0.19801980198019803,3.165501194448718e-11,0.999999999967345,1,1.0336940929036603e-21,0.9803921568627451,1.0,1e-06,1.0,Katashi,1e-06,0.9803921568627451,1.0
2010-02-05,0.2673517786561265,5.0,0.19801980198019803,4.077971293893681e-11,0.9999999999582203,1,1.703763798239202e-21,0.9803921568627451,1.0,1e-06,1.0,Katashi,1e-06,0.9803921568627451,1.0
2010-02-08,0.2146753246753247,5.0,0.19801980198019803,1.286908357572009e-10,0.9999999998703092,1,1.6690019197863613e-20,0.9803921568627451,1.0,1e-06,1.0,Katashi,1e-06,0.9803921568627451,1.0
2010-02-09,0.2525465838509317,5.0,0.19801980198019803,0.0,0.0,0,0.0,0.9803921568627451,0.0,1e-06,1.0,Katashi,1e-06,0.9803921568627451,1.0
2010-02-10,0.2359175607001694,5.0,0.19801980198019803,4.1437853147906895e-11,0.9999999999575622,1,1.7585326100161078e-21,0.9803921568627451,1.0,1e-06,0.02669353880610814,Katashi,1e-06,0.9803921568627451,1.0
2010-02-11,0.2583399209486166,5.0,0.19801980198019803,1.206686972491751e-10,0.9999999998783313,1,1.4681600524556195e-20,0.9803921568627451,1.0,1e-06,1.0,Katashi,1e-06,0.9803921568627451,1.0
2010-02-12,0.2556578204404291,5.0,0.19801980198019803,0.0,0.0,0,0.0,0.9803921568627451,0.0,1e-06,1.0,Katashi,1e-06,0.9803921568627451,1.0
2010-02-16,0.31273291925465846,5.0,0.19801980198019803,0.0,0.0,0,0.0,0.9803921568627451,0.0,1e-06,1.0,Katashi,1e-06,0.9803921568627451,1.0
2010-02-17,0.3170242800677584,5.0,0.19801980198019803,0.0,0.0,0,0.0,0.9803921568627451,0.0,1e-06,1.0,Katashi,1e-06,0.9803921568627451,1.0
2010-02-18,0.3904065499717674,5.0,0.19801980198019803,0.0,0.0,0,0.0,0.9803921568627451,0.0,1e-06,1.0,Katashi,1e-06,0.9803921568627451,1.0
2010-02-19,0.4044607566346697,5.0,0.19801980198019803,0.0,0.0,0,0.0,0.9803921568627451,0.0,1e-06,1.0,Katashi,1e-06,0.9803921568627451,1.0
2010-02-22,0.42366459627329195,5.0,0.19801980198019803,0.0,0.0,0,0.0,0.9803921568627451,0.0,1e-06,1.0,Katashi,1e-06,0.9803921568627451,1.0
2010-02-23,0.4480180688876342,5.0,0.19801980198019803,0.0,0.0,0,0.0,0.9803921568627451,0.0,1e-06,1.0,Katashi,1e-06,0.9803921568627451,1.0
2010-02-24,0.45327498588368165,5.0,0.19801980198019803,0.0,0.0,0,0.0,0.9803921568627451,0.0,1e-06,1.0,Katashi,1e-06,0.9803921568627451,1.0
2010-02-25,0.44050818746470927,5.0,0.19801980198019803,0.0,0.0,0,0.0,0.9803921568627451,0.0,1e-06,1.0,Katashi,1e-06,0.9803921568627451,1.0
2010-02-26,0.42108977978543205,5.0,0.19801980198019803,0.0,0.0,0,0.0,0.9803921568627451,0.0,1e-06,1.0,Katashi,1e-06,0.9803921568627451,1.0
2010-03-01,0.4292433653303219,5.0,0.19801980198019803,0.0,0.0,0,0.0,0.9803921568627451,0.0,1e-06,1.0,Katashi,1e-06,0.9803921568627451,1.0
2010-03-02,0.41422360248447215,5.0,0.19801980198019803,0.0,0.0,0,0.0,0.9803921568627451,0.0,1e-06,1.0,Katashi,1e-06,0.9803921568627451,1.0
2010-03-03,0.41722755505364206,5.0,0.19801980198019803,0.0,0.0,0,0.0,0.9803921568627451,0.0,1e-06,1.0,Katashi,1e-06,0.9803921568627451,1.0
2010-03-04,0.44619424054206663,5.0,0.19801980198019803,0.0,0.0,0,0.0,0.9803921568627451,0.0,1e-06,1.0,Katashi,1e-06,0.9803921568627451,1.0
2010-03-05,0.3988819875776398,5.0,0.19801980198019803,0.0,0.0,0,0.0,0.9803921568627451,0.0,1e-06,1.0,Katashi,1e-06,0.9803921568627451,1.0
2010-03-08,0.3988819875776397,5.0,0.19801980198019803,0.0,0.0,0,0.0,0.9803921568627451,0.0,1e-06,1.0,Katashi,1e-06,0.9803921568627451,1.0
2010-03-09,0.40649915302089223,5.0,0.19801980198019803,0.0,0.0,0,0.0,0.9803921568627451,0.0,1e-06,1.0,Katashi,1e-06,0.9803921568627451,1.0
2010-03-10,0.41830039525691715,5.0,0.19801980198019803,0.0,0.0,0,0.0,0.9803921568627451,0.0,1e-06,1.0,Katashi,1e-06,0.9803921568627451,1.0
2010-03-11,0.43031620553359684,5.0,0.19801980198019803,0.0,0.0,0,0.0,0.9803921568627451,0.0,1e-06,1.0,Katashi,1e-06,0.9803921568627451,1.0
2010-03-12,0.3907284020327499,5.0,0.19801980198019803,0.0,0.0,0,0.0,0.9803921568627451,0.0,1e-06,1.0,Katashi,1e-06,0.9803921568627451,1.0
2010-03-15,0.463252399774139,5.0,0.19801980198019803,0.0,0.0,0,0.0,0.9803921568627451,0.0,1e-06,1.0,Katashi,1e-06,0.9803921568627451,1.0
2010-03-16,0.4479107848673066,5.0,0.19801980198019803,0.0,0.0,0,0.0,0.9803921568627451,0.0,1e-06,1.0,Katashi,1e-06,0.9803921568627451,1.0
2010-03-17,0.4438339920948617,5.0,0.19801980198019803,0.0,0.0,0,0.0,0.9803921568627451,0.0,1e-06,1.0,Katashi,1e-06,0.9803921568627451,1.0
2010-03-18,0.41894409937888194,5.0,0.19801980198019803,0.0,0.0,0,0.0,0.9803921568627451,0.0,1e-06,1.0,Katashi,1e-06,0.9803921568627451,1.0
2010-03-19,0.40231507622811974,5.0,0.19801980198019803,0.0,0.0,0,0.0,0.9803921568627451,0.0,1e-06,1.0,Katashi,1e-06,0.9803921568627451,1.0
2010-03-22,0.36015245623941283,5.0,0.19801980198019803,0.0,0.0,0,0.0,0.9803921568627451,0.0,1e-06,1.0,Katashi,1e-06,0.9803921568627451,1.0
2010-03-23,0.3214229249011858,5.0,0.19801980198019803,0.0,0.0,0,0.0,0.9803921568627451,0.0,1e-06,1.0,Katashi,1e-06,0.9803921568627451,1.0
2010-03-24,0.31745341614906836,5.0,0.19801980198019803,0.0,0.0,0,0.0,0.9803921568627451,0.0,1e-06,1.0,Katashi,1e-06,0.9803921568627451,1.0
2010-03-25,0.2973913043478261,5.0,0.19801980198019803,0.0,0.0,0,0.0,0.9803921568627451,0.0,1e-06,1.0,Katashi,1e-06,0.9803921568627451,1.0
2010-03-26,0.3136984754376059,5.0,0.19801980198019803,0.0,0.0,0,0.0,0.9803921568627451,0.0,1e-06,1.0,Katashi,1e-06,0.9803921568627451,1.0
2010-03-29,0.33515527950310564,5.0,0.19801980198019803,0.0,0.0,0,0.0,0.9803921568627451,0.0,1e-06,1.0,Katashi,1e-06,0.9803921568627451,1.0
2010-03-30,0.33504799548277814,5.0,0.19801980198019803,0.0,0.0,0,0.0,0.9803921568627451,0.0,1e-06,1.0,Katashi,1e-06,0.9803921568627451,1.0
2010-03-31,0.3803218520609825,5.0,0.19801980198019803,0.0,0.0,0,0.0,0.9803921568627451,0.0,1e-06,1.0,Katashi,1e-06,0.9803921568627451,1.0
2010-04-01,0.3764596273291926,5.0,0.19801980198019803,0.0,0.0,0,0.0,0.9803921568627451,0.0,1e-06,1.0,Katashi,1e-06,0.9803921568627451,1.0
2010-04-05,0.3663749294184077,5.0,0.19801980198019803,0.0,0.0,0,0.0,0.9803921568627451,0.0,1e-06,1.0,Katashi,1e-06,0.9803921568627451,1.0
2010-04-06,0.35822134387351784,5.0,0.19801980198019803,0.0,0.0,0,0.0,0.9803921568627451,0.0,1e-06,1.0,Katashi,1e-06,0.9803921568627451,1.0
2010-04-07,0.3501750423489554,5.0,0.19801980198019803,0.0,0.0,0,0.0,0.9803921568627451,0.0,1e-06,1.0,Katashi,1e-06,0.9803921568627451,1.0
2010-04-08,0.37592320722755507,5.0,0.19801980198019803,0.0,0.0,0,0.0,0.9803921568627451,0.0,1e-06,1.0,Katashi,1e-06,0.9803921568627451,1.0
2010-04-09,0.36390739695087526,5.0,0.19801980198019803,0.0,0.0,0,0.0,0.9803921568627451,0.0,1e-06,1.0,Katashi,1e-06,0.9803921568627451,1.0
2010-04-12,0.36283455674760023,5.0,0.19801980198019803,0.0,0.0,0,0.0,0.9803921568627451,0.0,1e-06,1.0,Katashi,1e-06,0.9803921568627451,1.0
2010-04-13,0.35618294748729534,5.0,0.19801980198019803,0.0,0.0,0,0.0,0.9803921568627451,0.0,1e-06,1.0,Katashi,1e-06,0.9803921568627451,1.0
2010-04-14,0.387509881422925,5.0,0.19801980198019803,0.0,0.0,0,0.0,0.9803921568627451,0.0,1e-06,1.0,Katashi,1e-06,0.9803921568627451,1.0
2010-04-15,0.3365499717673631,5.0,0.19801980198019803,0.0,0.0,0,0.0,0.9803921568627451,0.0,1e-06,1.0,Katashi,1e-06,0.9803921568627451,1.0
2010-04-16,0.30672501411631853,5.0,0.19801980198019803,0.0,0.0,0,0.0,0.9803921568627451,0.0,1e-06,1.0,Katashi,1e-06,0.9803921568627451,1.0
2010-04-19,0.34813664596273297,5.0,0.19801980198019803,0.0,0.0,0,0.0,0.9803921568627451,0.0,1e-06,1.0,Katashi,1e-06,0.9803921568627451,1.0
2010-04-20,0.3226030491247883,5.0,0.19801980198019803,0.0,0.0,0,0.0,0.9803921568627451,0.0,1e-06,1.0,Katashi,1e-06,0.9803921568627451,1.0
2010-04-21,0.3441671372106155,5.0,0.19801980198019803,0.0,0.0,0,0.0,0.9803921568627451,0.0,1e-06,1.0,Katashi,1e-06,0.9803921568627451,1.0
2010-04-22,0.37206098249576514,5.0,0.19801980198019803,0.0,0.0,0,0.0,0.9803921568627451,0.0,1e-06,1.0,Katashi,1e-06,0.9803921568627451,1.0
2010-04-23,0.40596273291925467,5.0,0.19801980198019803,0.0,0.0,0,0.0,0.9803921568627451,0.0,1e-06,1.0,Katashi,1e-06,0.9803921568627451,1.0
2010-04-26,0.3813946922642576,5.0,0.19801980198019803,0.0,0.0,0,0.0,0.9803921568627451,0.0,1e-06,1.0,Katashi,1e-06,0.9803921568627451,1.0
2010-04-27,0.3714172783738002,5.0,0.19801980198019803,0.0,0.0,0,0.0,0.9803921568627451,0.0,1e-06,1.0,Katashi,1e-06,0.9803921568627451,1.0
2010-04-28,0.35156973461321284,5.0,0.19801980198019803,0.0,0.0,0,0.0,0.9803921568627451,0.0,1e-06,1.0,Katashi,1e-06,0.9803921568627451,1.0
2010-04-29,0.3693788819875777,5.0,0.19801980198019803,0.0,0.0,0,0.0,0.9803921568627451,0.0,1e-06,1.0,Katashi,1e-06,0.9803921568627451,1.0
2010-04-30,0.3824675324675325,5.0,0.19801980198019803,0.0,0.0,0,0.0,0.9803921568627451,0.0,1e-06,1.0,Katashi,1e-06,0.9803921568627451,1.0
2010-05-03,0.3732411067193676,5.0,0.19801980198019803,0.0,0.0,0,0.0,0.9803921568627451,0.0,1e-06,1.0,Katashi,1e-06,0.9803921568627451,1.0
2010-05-04,0.3562902315076228,5.0,0.19801980198019803,0.0,0.0,0,0.0,0.9803921568627451,0.0,1e-06,1.0,Katashi,1e-06,0.9803921568627451,1.0
2010-05-05,0.33783738001129315,5.0,0.19801980198019803,0.0,0.0,0,0.0,0.9803921568627451,0.0,1e-06,1.0,Katashi,1e-06,0.9803921568627451,1.0
2010-05-06,0.34738565782044045,5.0,0.19801980198019803,0.0,0.0,0,0.0,0.9803921568627451,0.0,1e-06,1.0,Katashi,1e-06,0.9803921568627451,1.0
2010-05-07,0.34845849802371537,5.0,0.19801980198019803,0.0,0.0,0,0.0,0.9803921568627451,0.0,1e-06,1.0,Katashi,1e-06,0.9803921568627451,1.0
2010-05-10,0.34405985319028803,5.0,0.19801980198019803,0.0,0.0,0,0.0,0.9803921568627451,0.0,1e-06,1.0,Katashi,1e-06,0.9803921568627451,1.0
2010-05-11,0.35403726708074534,5.0,0.19801980198019803,0.0,0.0,0,0.0,0.9803921568627451,0.0,1e-06,1.0,Katashi,1e-06,0.9803921568627451,1.0
2010-05-12,0.3428797289666855,5.0,0.19801980198019803,0.0,0.0,0,0.0,0.9803921568627451,0.0,1e-06,1.0,Katashi,1e-06,0.9803921568627451,1.0
2010-05-13,0.33783738001129315,5.0,0.19801980198019803,0.0,0.0,0,0.0,0.9803921568627451,0.0,1e-06,1.0,Katashi,1e-06,0.9803921568627451,1.0
2010-05-14,0.30028797289666864,5.0,0.19801980198019803,0.0,0.0,0,0.0,0.9803921568627451,0.0,1e-06,1.0,Katashi,1e-06,0.9803921568627451,1.0
2010-05-17,0.3253924336533033,5.0,0.19801980198019803,0.0,0.0,0,0.0,0.9803921568627451,0.0,1e-06,1.0,Katashi,1e-06,0.9803921568627451,1.0
2010-05-18,0.33129305477131565,5.0,0.19801980198019803,0.0,0.0,0,0.0,0.9803921568627451,0.0,1e-06,1.0,Katashi,1e-06,0.9803921568627451,1.0
2010-05-19,0.28859401468097123,5.0,0.19801980198019803,0.0,0.0,0,0.0,0.9803921568627451,0.0,1e-06,1.0,Katashi,1e-06,0.9803921568627451,1.0
2010-05-20,0.2908469791078487,5.0,0.19801980198019803,0.0,0.0,0,0.0,0.9803921568627451,0.0,1e-06,1.0,Katashi,1e-06,0.9803921568627451,1.0
2010-05-21,0.26563523433088654,5.0,0.19801980198019803,0.0,0.0,0,0.0,0.9803921568627451,0.0,1e-06,1.0,Katashi,1e-06,0.9803921568627451,1.0
2010-05-24,0.2491134952004518,5.0,0.19801980198019803,0.0,0.0,0,0.0,0.9803921568627451,0.0,1e-06,1.0,Katashi,1e-06,0.9803921568627451,1.0
2010-05-25,0.18774703557312253,5.0,0.19801980198019803,0.0,0.0,0,0.0,0.9803921568627451,0.0,1e-06,1.0,Katashi,1e-06,0.9803921568627451,1.0
2010-05-26,0.230231507622812,5.0,0.19801980198019803,0.0,0.0,0,0.0,0.9803921568627451,0.0,1e-06,1.0,Katashi,1e-06,0.9803921568627451,1.0
2010-05-27,0.29363636363636364,5.0,0.19801980198019803,0.0,0.0,0,0.0,0.9803921568627451,0.0,1e-06,1.0,Katashi,1e-06,0.9803921568627451,1.0
2010-05-28,0.2998588368153586,5.0,0.19801980198019803,0.0,0.0,0,0.0,0.9803921568627451,0.0,1e-06,1.0,Katashi,1e-06,0.9803921568627451,1.0
2010-06-01,0.25458498023715415,5.0,0.19801980198019803,0.0,0.0,0,0.0,0.9803921568627451,0.0,1e-06,1.0,Katashi,1e-06,0.9803921568627451,1.0
2010-06-02,0.20394692264257483,5.0,0.19801980198019803,0.0,0.0,0,0.0,0.9803921568627451,0.0,1e-06,1.0,Katashi,1e-06,0.9803921568627451,1.0
2010-06-03,0.24846979107848682,5.0,0.19801980198019803,0.0,0.0,0,0.0,0.9803921568627451,0.0,1e-06,1.0,Katashi,1e-06,0.9803921568627451,1.0
2010-06-04,0.27099943534726145,5.0,0.19801980198019803,0.0,0.0,0,0.0,0.9803921568627451,0.0,1e-06,1.0,Katashi,1e-06,0.9803921568627451,1.0
2010-06-07,0.2753980801806889,5.0,0.19801980198019803,0.0,0.0,0,0.0,0.9803921568627451,0.0,1e-06,1.0,Katashi,1e-06,0.9803921568627451,1.0
2010-06-08,0.3156295878035008,5.0,0.19801980198019803,0.0,0.0,0,0.0,0.9803921568627451,0.0,1e-06,1.0,Katashi,1e-06,0.9803921568627451,1.0
2010-06-09,0.3826821005081876,5.0,0.19801980198019803,0.0,0.0,0,0.0,0.9803921568627451,0.0,1e-06,1.0,Katashi,1e-06,0.9803921568627451,1.0
2010-06-10,0.38708074534161496,5.0,0.19801980198019803,0.0,0.0,0,0.0,0.9803921568627451,0.0,1e-06,1.0,Katashi,1e-06,0.9803921568627451,1.0
2010-06-11,0.40070581592320725,5.0,0.19801980198019803,0.0,0.0,0,0.0,0.9803921568627451,0.0,1e-06,1.0,Katashi,1e-06,0.9803921568627451,1.0
2010-06-14,0.40596273291925467,5.0,0.19801980198019803,0.0,0.0,0,0.0,0.9803921568627451,0.0,1e-06,1.0,Katashi,1e-06,0.9803921568627451,1.0
2010-06-15,0.43964991530208924,5.0,0.19801980198019803,0.0,0.0,0,0.0,0.9803921568627451,0.0,1e-06,1.0,Katashi,1e-06,0.9803921568627451,1.0
2010-06-16,0.47215697346132135,5.0,0.19801980198019803,0.0,0.0,0,0.0,0.9803921568627451,0.0,1e-06,1.0,Katashi,1e-06,0.9803921568627451,1.0
2010-06-17,0.4453359683794466,5.0,0.19801980198019803,0.0,0.0,0,0.0,0.9803921568627451,0.0,1e-06,1.0,Katashi,1e-06,0.9803921568627451,1.0
2010-06-18,0.44619424054206674,5.0,0.19801980198019803,0.0,0.0,0,0.0,0.9803921568627451,0.0,1e-06,1.0,Katashi,1e-06,0.9803921568627451,1.0
2010-06-21,0.4679728966685489,5.0,0.19801980198019803,0.0,0.0,0,0.0,0.9803921568627451,0.0,1e-06,1.0,Katashi,1e-06,0.9803921568627451,1.0
2010-06-22,0.47752117447769615,5.0,0.19801980198019803,0.0,0.0,0,0.0,0.9803921568627451,0.0,1e-06,1.0,Katashi,1e-06,0.9803921568627451,1.0
2010-06-23,0.4460869565217391,5.0,0.19801980198019803,0.0,0.0,0,0.0,0.9803921568627451,0.0,1e-06,1.0,Katashi,1e-06,0.9803921568627451,1.0
2010-06-24,0.46496894409937894,5.0,0.19801980198019803,0.0,0.0,0,0.0,0.9803921568627451,0.0,1e-06,1.0,Katashi,1e-06,0.9803921568627451,1.0
2010-06-25,0.5279446640316208,5.0,0.19801980198019803,0.0,0.0,0,0.0,0.9803921568627451,0.0,1e-06,1.0,Katashi,1e-06,0.9803921568627451,1.0
2010-06-28,0.4907171089779786,5.0,0.19801980198019803,0.0,0.0,0,0.0,0.9803921568627451,0.0,1e-06,1.0,Katashi,1e-06,0.9803921568627451,1.0
2010-06-29,0.4187295313382271,5.0,0.19801980198019803,0.0,0.0,0,0.0,0.9803921568627451,0.0,1e-06,1.0,Katashi,1e-06,0.9803921568627451,1.0
2010-06-30,0.4340711462450593,5.0,0.19801980198019803,0.0,0.0,0,0.0,0.9803921568627451,0.0,1e-06,1.0,Katashi,1e-06,0.9803921568627451,1.0
2010-07-01,0.44544325239977417,5.0,0.19801980198019803,0.0,0.0,0,0.0,0.9803921568627451,0.0,1e-06,1.0,Katashi,1e-06,0.9803921568627451,1.0
2010-07-02,0.4804178430265386,5.0,0.19801980198019803,0.0,0.0,0,0.0,0.9803921568627451,0.0,1e-06,1.0,Katashi,1e-06,0.9803921568627451,1.0
2010-07-06,0.4774138904573686,5.0,0.19801980198019803,0.0,0.0,0,0.0,0.9803921568627451,0.0,1e-06,1.0,Katashi,1e-06,0.9803921568627451,1.0
2010-07-07,0.4841727837380012,5.0,0.19801980198019803,0.0,0.0,0,0.0,0.9803921568627451,0.0,1e-06,1.0,Katashi,1e-06,0.9803921568627451,1.0
2010-07-08,0.4497346132128741,5.0,0.19801980198019803,0.0,0.0,0,0.0,0.9803921568627451,0.0,1e-06,1.0,Katashi,1e-06,0.9803921568627451,1.0
2010-07-09,0.44083003952569166,5.0,0.19801980198019803,0.0,0.0,0,0.0,0.9803921568627451,0.0,1e-06,1.0,Katashi,1e-06,0.9803921568627451,1.0
2010-07-12,0.3852569169960475,5.0,0.19801980198019803,0.0,0.0,0,0.0,0.9803921568627451,0.0,1e-06,1.0,Katashi,1e-06,0.9803921568627451,1.0
2010-07-13,0.40349520045172227,5.0,0.19801980198019803,0.0,0.0,0,0.0,0.9803921568627451,0.0,1e-06,1.0,Katashi,1e-06,0.9803921568627451,1.0
2010-07-14,0.38332580463015253,5.0,0.19801980198019803,0.0,0.0,0,0.0,0.9803921568627451,0.0,1e-06,1.0,Katashi,1e-06,0.9803921568627451,1.0
2010-07-15,0.37699604743083004,5.0,0.19801980198019803,0.0,0.0,0,0.0,0.9803921568627451,0.0,1e-06,1.0,Katashi,1e-06,0.9803921568627451,1.0
2010-07-16,0.3771033314511575,5.0,0.19801980198019803,0.0,0.0,0,0.0,0.9803921568627451,0.0,1e-06,1.0,Katashi,1e-06,0.9803921568627451,1.0
2010-07-19,0.3640146809712027,5.0,0.19801980198019803,0.0,0.0,0,0.0,0.9803921568627451,0.0,1e-06,1.0,Katashi,1e-06,0.9803921568627451,1.0
2010-07-20,0.3714172783738001,5.0,0.19801980198019803,0.0,0.0,0,0.0,0.9803921568627451,0.0,1e-06,1.0,Katashi,1e-06,0.9803921568627451,1.0
2010-07-21,0.34942405420666295,5.0,0.19801980198019803,0.0,0.0,0,0.0,0.9803921568627451,0.0,1e-06,1.0,Katashi,1e-06,0.9803921568627451,1.0
2010-07-22,0.3388029361942405,5.0,0.19801980198019803,0.0,0.0,0,0.0,0.9803921568627451,0.0,1e-06,1.0,Katashi,1e-06,0.9803921568627451,1.0
2010-07-23,0.3165951439864484,5.0,0.19801980198019803,0.0,0.0,0,0.0,0.9803921568627451,0.0,1e-06,1.0,Katashi,1e-06,0.9803921568627451,1.0
2010-07-26,0.32775268210050823,5.0,0.19801980198019803,0.0,0.0,0,0.0,0.9803921568627451,0.0,1e-06,1.0,Katashi,1e-06,0.9803921568627451,1.0
2010-07-27,0.2997515527950311,5.0,0.19801980198019803,0.0,0.0,0,0.0,0.9803921568627451,0.0,1e-06,1.0,Katashi,1e-06,0.9803921568627451,1.0
2010-07-28,0.2632749858836816,5.0,0.19801980198019803,0.0,0.0,0,0.0,0.9803921568627451,0.0,1e-06,1.0,Katashi,1e-06,0.9803921568627451,1.0
2010-07-29,0.29728402032749857,5.0,0.19801980198019803,0.0,0.0,0,0.0,0.9803921568627451,0.0,1e-06,1.0,Katashi,1e-06,0.9803921568627451,1.0
2010-07-30,0.308548842461886,5.0,0.19801980198019803,0.0,0.0,0,0.0,0.9803921568627451,0.0,1e-06,1.0,Katashi,1e-06,0.9803921568627451,1.0
2010-08-02,0.39276679841897244,5.0,0.19801980198019803,0.0,0.0,0,0.0,0.9803921568627451,0.0,1e-06,1.0,Katashi,1e-06,0.9803921568627451,1.0
2010-08-03,0.40821569734613217,5.0,0.19801980198019803,0.0,0.0,0,0.0,0.9803921568627451,0.0,1e-06,1.0,Katashi,1e-06,0.9803921568627451,1.0
2010-08-04,0.3557538114059854,5.0,0.19801980198019803,0.0,0.0,0,0.0,0.9803921568627451,0.0,1e-06,1.0,Katashi,1e-06,0.9803921568627451,1.0
2010-08-05,0.40199322416713723,5.0,0.19801980198019803,0.0,0.0,0,0.0,0.9803921568627451,0.0,1e-06,1.0,Katashi,1e-06,0.9803921568627451,1.0
2010-08-06,0.3654093732354602,5.0,0.19801980198019803,0.0,0.0,0,0.0,0.9803921568627451,0.0,1e-06,1.0,Katashi,1e-06,0.9803921568627451,1.0
2010-08-09,0.3487803500846979,5.0,0.19801980198019803,0.0,0.0,0,0.0,0.9803921568627451,0.0,1e-06,1.0,Katashi,1e-06,0.9803921568627451,1.0
2010-08-10,0.33032749858836813,5.0,0.19801980198019803,0.0,0.0,0,0.0,0.9803921568627451,0.0,1e-06,1.0,Katashi,1e-06,0.9803921568627451,1.0
2010-08-11,0.34255787690570305,5.0,0.19801980198019803,0.0,0.0,0,0.0,0.9803921568627451,0.0,1e-06,1.0,Katashi,1e-06,0.9803921568627451,1.0
2010-08-12,0.3653020892151327,5.0,0.19801980198019803,0.0,0.0,0,0.0,0.9803921568627451,0.0,1e-06,1.0,Katashi,1e-06,0.9803921568627451,1.0
2010-08-13,0.3822529644268775,5.0,0.19801980198019803,0.0,0.0,0,0.0,0.9803921568627451,0.0,1e-06,1.0,Katashi,1e-06,0.9803921568627451,1.0
2010-08-16,0.4030660643704122,5.0,0.19801980198019803,0.0,0.0,0,0.0,0.9803921568627451,0.0,1e-06,1.0,Katashi,1e-06,0.9803921568627451,1.0
2010-08-17,0.412507058159232,5.0,0.19801980198019803,0.0,0.0,0,0.0,0.9803921568627451,0.0,1e-06,1.0,Katashi,1e-06,0.9803921568627451,1.0
2010-08-18,0.37517221908526255,5.0,0.19801980198019803,0.0,0.0,0,0.0,0.9803921568627451,0.0,1e-06,1.0,Katashi,1e-06,0.9803921568627451,1.0
2010-08-19,0.36272727272727273,5.0,0.19801980198019803,0.0,0.0,0,0.0,0.9803921568627451,0.0,1e-06,1.0,Katashi,1e-06,0.9803921568627451,1.0
2010-08-20,0.38611518915866744,5.0,0.19801980198019803,0.0,0.0,0,0.0,0.9803921568627451,0.0,1e-06,1.0,Katashi,1e-06,0.9803921568627451,1.0
2010-08-23,0.348351214003388,5.0,0.19801980198019803,0.0,0.0,0,0.0,0.9803921568627451,0.0,1e-06,1.0,Katashi,1e-06,0.9803921568627451,1.0
2010-08-24,0.34062676453980806,5.0,0.19801980198019803,0.0,0.0,0,0.0,0.9803921568627451,0.0,1e-06,1.0,Katashi,1e-06,0.9803921568627451,1.0
2010-08-25,0.3443817052512705,5.0,0.19801980198019803,3.185773866877709e-11,0.9999999999671423,1,1.046772547026075e-21,0.9803921568627451,1.0,1e-06,0.02669353880610814,Katashi,1e-06,0.9803921568627451,1.0
2010-08-26,0.37377752682100507,5.0,0.19801980198019803,0.0,0.0,0,0.0,0.9803921568627451,0.0,1e-06,1.0,Katashi,1e-06,0.9803921568627451,1.0
2010-08-27,0.3679841897233202,5.0,0.19801980198019803,1.4789947044722324e-11,0.9999999999842101,1,2.3353215345318014e-22,0.9803921568627451,1.0,1e-06,0.02669353880610814,Katashi,1e-06,0.9803921568627451,1.0
2010-08-30,0.3253924336533032,5.0,0.19801980198019803,3.149791538650783e-11,0.9999999999675021,1,1.0236158923106631e-21,0.9803921568627451,1.0,1e-06,1.0,Katashi,1e-06,0.9803921568627451,1.0
2010-08-31,0.2993224167137211,5.0,0.19801980198019803,8.580469668072593e-12,0.9999999999904196,1,8.220473957842736e-23,0.9803921568627451,1.0,1e-06,1.0,Katashi,1e-06,0.9803921568627451,1.0
2010-09-01,0.2090965556182948,5.0,0.19801980198019803,7.924882972037503e-12,0.9999999999910751,1,7.072847778079604e-23,0.9803921568627451,1.0,1e-06,1.0,Katashi,1e-06,0.9803921568627451,1.0
2010-09-02,0.19482778091473746,5.0,0.19801980198019803,8.003375739877799e-12,0.9999999999909966,1,7.205722192542454e-23,0.9803921568627451,1.0,1e-06,1.0,Katashi,1e-06,0.9803921568627451,1.0
2010-09-03,0.19611518915866744,5.0,0.19801980198019803,1.1376233288652968e-11,0.9999999999876238,1,1.407946654655256e-22,0.9803921568627451,1.0,1e-06,1.0,Katashi,1e-06,0.9803921568627451,1.0
2010-09-07,0.19128740824393003,5.0,0.19801980198019803,1.1085465878507197e-11,0.9999999999879146,1,1.3397277439328497e-22,0.9803921568627451,1.0,1e-06,1.0,Katashi,1e-06,0.9803921568627451,1.0
2010-09-08,0.20094297007340484,5.0,0.19801980198019803,1.0964784635731893e-11,0.9999999999880352,1,1.3119104418459653e-22,0.9803921568627451,1.0,1e-06,1.0,Katashi,1e-06,0.9803921568627451,1.0
2010-09-09,0.2221852060982496,5.0,0.19801980198019803,0.0,0.0,0,0.0,0.9803921568627451,0.0,1e-06,1.0,Katashi,1e-06,0.9803921568627451,1.0
2010-09-10,0.22540372670807457,5.0,0.19801980198019803,3.0433933146724317e-10,0.9999999996946607,1,9.292676129107319e-20,0.9803921568627451,1.0,1e-06,0.02669353880610814,Katashi,1e-06,0.9803921568627451,1.0
2010-09-13,0.22551101072840204,5.0,0.19801980198019803,0.0,0.0,0,0.0,0.9803921568627451,0.0,1e-06,1.0,Katashi,1e-06,0.9803921568627451,1.0
2010-09-14,0.18699604743083006,5.0,0.19801980198019803,0.0,0.0,0,0.0,0.9803921568627451,0.0,1e-06,1.0,Katashi,1e-06,0.9803921568627451,1.0
2010-09-15,0.1783060417843027,5.0,0.19801980198019803,0.0,0.0,0,0.0,0.9803921568627451,0.0,1e-06,1.0,Katashi,1e-06,0.9803921568627451,1.0
2010-09-16,0.193647656691135,5.0,0.19801980198019803,0.0,0.0,0,0.0,0.9803921568627451,0.0,1e-06,1.0,Katashi,1e-06,0.9803921568627451,1.0
2010-09-17,0.18613777526821002,5.0,0.19801980198019803,0.0,0.0,0,0.0,0.9803921568627451,0.0,1e-06,1.0,Katashi,1e-06,0.9803921568627451,1.0
2010-09-20,0.18023715415019764,5.0,0.19801980198019803,0.0,0.0,0,0.0,0.9803921568627451,0.0,1e-06,1.0,Katashi,1e-06,0.9803921568627451,1.0
2010-09-21,0.16736307171089781,5.0,0.19801980198019803,0.0,0.0,0,0.0,0.9803921568627451,0.0,1e-06,1.0,Katashi,1e-06,0.9803921568627451,1.0
2010-09-22,0.1483738001129305,5.0,0.19801980198019803,0.0,0.0,0,0.0,0.9803921568627451,0.0,1e-06,1.0,Katashi,1e-06,0.9803921568627451,1.0
2010-09-23,0.16736307171089781,5.0,0.19801980198019803,0.0,0.0,0,0.0,0.9803921568627451,0.0,1e-06,1.0,Katashi,1e-06,0.9803921568627451,1.0
2010-09-24,0.17819875776397515,5.0,0.19801980198019803,0.0,0.0,0,0.0,0.9803921568627451,0.0,1e-06,1.0,Katashi,1e-06,0.9803921568627451,1.0
2010-09-27,0.18914172783737998,5.0,0.19801980198019803,0.0,0.0,0,0.0,0.9803921568627451,0.0,1e-06,1.0,Katashi,1e-06,0.9803921568627451,1.0
2010-09-28,0.1909655561829475,5.0,0.19801980198019803,0.0,0.0,0,0.0,0.9803921568627451,0.0,1e-06,1.0,Katashi,1e-06,0.9803921568627451,1.0
2010-09-29,0.21403162055335972,5.0,0.19801980198019803,0.0,0.0,0,0.0,0.9803921568627451,0.0,1e-06,1.0,Katashi,1e-06,0.9803921568627451,1.0
2010-09-30,0.3022190852625636,5.0,0.19801980198019803,0.0,0.0,0,0.0,0.9803921568627451,0.0,1e-06,1.0,Katashi,1e-06,0.9803921568627451,1.0
2010-10-01,0.36058159232072284,5.0,0.19801980198019803,0.0,0.0,0,0.0,0.9803921568627451,0.0,1e-06,1.0,Katashi,1e-06,0.9803921568627451,1.0
2010-10-04,0.3895482778091474,5.0,0.19801980198019803,0.0,0.0,0,0.0,0.9803921568627451,0.0,1e-06,1.0,Katashi,1e-06,0.9803921568627451,1.0
2010-10-05,0.40607001693958217,5.0,0.19801980198019803,0.0,0.0,0,0.0,0.9803921568627451,0.0,1e-06,1.0,Katashi,1e-06,0.9803921568627451,1.0
2010-10-06,0.41518915866741957,5.0,0.19801980198019803,0.0,0.0,0,0.0,0.9803921568627451,0.0,1e-06,1.0,Katashi,1e-06,0.9803921568627451,1.0
2010-10-07,0.3694861660079052,5.0,0.19801980198019803,0.0,0.0,0,0.0,0.9803921568627451,0.0,1e-06,1.0,Katashi,1e-06,0.9803921568627451,1.0
2010-10-08,0.35661208356860535,5.0,0.19801980198019803,0.0,0.0,0,0.0,0.9803921568627451,0.0,1e-06,1.0,Katashi,1e-06,0.9803921568627451,1.0
2010-10-11,0.3530717108977979,5.0,0.19801980198019803,0.0,0.0,0,0.0,0.9803921568627451,0.0,1e-06,1.0,Katashi,1e-06,0.9803921568627451,1.0
2010-10-12,0.3459909655561829,5.0,0.19801980198019803,0.0,0.0,0,0.0,0.9803921568627451,0.0,1e-06,1.0,Katashi,1e-06,0.9803921568627451,1.0
2010-10-13,0.3250705815923208,5.0,0.19801980198019803,0.0,0.0,0,0.0,0.9803921568627451,0.0,1e-06,1.0,Katashi,1e-06,0.9803921568627451,1.0
2010-10-14,0.3216374929418408,5.0,0.19801980198019803,0.0,0.0,0,0.0,0.9803921568627451,0.0,1e-06,1.0,Katashi,1e-06,0.9803921568627451,1.0
2010-10-15,0.3154150197628459,5.0,0.19801980198019803,0.0,0.0,0,0.0,0.9803921568627451,0.0,1e-06,1.0,Katashi,1e-06,0.9803921568627451,1.0
2010-10-18,0.28129870129870127,5.0,0.19801980198019803,3.309630347500745e-11,0.9999999999659037,1,1.1284608750568569e-21,0.9803921568627451,1.0,1e-06,0.02669353880610814,Katashi,1e-06,0.9803921568627451,1.0
2010-10-19,0.28162055335968383,5.0,0.19801980198019803,0.0,0.0,0,0.0,0.9803921568627451,0.0,1e-06,1.0,Katashi,1e-06,0.9803921568627451,1.0
2010-10-20,0.26778091473743654,5.0,0.19801980198019803,0.0,0.0,0,0.0,0.9803921568627451,0.0,1e-06,1.0,Katashi,1e-06,0.9803921568627451,1.0
2010-10-21,0.28269339356295886,5.0,0.19801980198019803,0.0,0.0,0,0.0,0.9803921568627451,0.0,1e-06,1.0,Katashi,1e-06,0.9803921568627451,1.0
2010-10-22,0.2825861095426313,5.0,0.19801980198019803,0.0,0.0,0,0.0,0.9803921568627451,0.0,1e-06,1.0,Katashi,1e-06,0.9803921568627451,1.0
2010-10-25,0.28151326933935633,5.0,0.19801980198019803,0.0,0.0,0,0.0,0.9803921568627451,0.0,1e-06,1.0,Katashi,1e-06,0.9803921568627451,1.0
2010-10-26,0.24214003387916433,5.0,0.19801980198019803,0.0,0.0,0,0.0,0.9803921568627451,0.0,1e-06,1.0,Katashi,1e-06,0.9803921568627451,1.0
2010-10-27,0.227227555053642,5.0,0.19801980198019803,0.0,0.0,0,0.0,0.9803921568627451,0.0,1e-06,1.0,Katashi,1e-06,0.9803921568627451,1.0
2010-10-28,0.21939582156973464,5.0,0.19801980198019803,0.0,0.0,0,0.0,0.9803921568627451,0.0,1e-06,1.0,Katashi,1e-06,0.9803921568627451,1.0
2010-10-29,0.2215415019762846,5.0,0.19801980198019803,0.0,0.0,0,0.0,0.9803921568627451,0.0,1e-06,1.0,Katashi,1e-06,0.9803921568627451,1.0
2010-11-01,0.20341050254093734,5.0,0.19801980198019803,0.0,0.0,0,0.0,0.9803921568627451,0.0,1e-06,1.0,Katashi,1e-06,0.9803921568627451,1.0
2010-11-02,0.16060417843026542,5.0,0.19801980198019803,0.0,0.0,0,0.0,0.9803921568627451,0.0,1e-06,1.0,Katashi,1e-06,0.9803921568627451,1.0
2010-11-03,0.17487295313382273,5.0,0.19801980198019803,0.0,0.0,0,0.0,0.9803921568627451,0.0,1e-06,1.0,Katashi,1e-06,0.9803921568627451,1.0
2010-11-04,0.18731789949181255,5.0,0.19801980198019803,0.0,0.0,0,0.0,0.9803921568627451,0.0,1e-06,1.0,Katashi,1e-06,0.9803921568627451,1.0
2010-11-05,0.190214568040655,5.0,0.19801980198019803,0.0,0.0,0,0.0,0.9803921568627451,0.0,1e-06,1.0,Katashi,1e-06,0.9803921568627451,1.0
2010-11-08,0.2021230942970073,5.0,0.19801980198019803,0.0,0.0,0,0.0,0.9803921568627451,0.0,1e-06,1.0,Katashi,1e-06,0.9803921568627451,1.0
2010-11-09,0.20984754376058726,5.0,0.19801980198019803,0.0,0.0,0,0.0,0.9803921568627451,0.0,1e-06,1.0,Katashi,1e-06,0.9803921568627451,1.0
2010-11-10,0.21263692828910222,5.0,0.19801980198019803,0.0,0.0,0,0.0,0.9803921568627451,0.0,1e-06,1.0,Katashi,1e-06,0.9803921568627451,1.0
2010-11-11,0.21864483342744218,5.0,0.19801980198019803,0.0,0.0,0,0.0,0.9803921568627451,0.0,1e-06,1.0,Katashi,1e-06,0.9803921568627451,1.0
2010-11-12,0.2189666854884246,5.0,0.19801980198019803,0.0,0.0,0,0.0,0.9803921568627451,0.0,1e-06,1.0,Katashi,1e-06,0.9803921568627451,1.0
2010-11-15,0.2476115189158668,5.0,0.19801980198019803,0.0,0.0,0,0.0,0.9803921568627451,0.0,1e-06,1.0,Katashi,1e-06,0.9803921568627451,1.0
2010-11-16,0.24235460191981933,5.0,0.19801980198019803,0.0,0.0,0,0.0,0.9803921568627451,0.0,1e-06,1.0,Katashi,1e-06,0.9803921568627451,1.0
2010-11-17,0.2567306606437042,5.0,0.19801980198019803,0.0,0.0,0,0.0,0.9803921568627451,0.0,1e-06,1.0,Katashi,1e-06,0.9803921568627451,1.0
2010-11-18,0.24407114624505938,5.0,0.19801980198019803,0.0,0.0,0,0.0,0.9803921568627451,0.0,1e-06,1.0,Katashi,1e-06,0.9803921568627451,1.0
2010-11-19,0.29041784302653867,5.0,0.19801980198019803,0.0,0.0,0,0.0,0.9803921568627451,0.0,1e-06,1.0,Katashi,1e-06,0.9803921568627451,1.0
2010-11-22,0.3071541501976285,5.0,0.19801980198019803,0.0,0.0,0,0.0,0.9803921568627451,0.0,1e-06,1.0,Katashi,1e-06,0.9803921568627451,1.0
2010-11-23,0.30382834556747607,5.0,0.19801980198019803,0.0,0.0,0,0.0,0.9803921568627451,0.0,1e-06,1.0,Katashi,1e-06,0.9803921568627451,1.0
2010-11-24,0.29706945228684367,5.0,0.19801980198019803,0.0,0.0,0,0.0,0.9803921568627451,0.0,1e-06,1.0,Katashi,1e-06,0.9803921568627451,1.0
2010-11-26,0.27679277244494627,5.0,0.19801980198019803,4.699773903267581e-11,0.9999999999520023,1,2.255784173599459e-21,0.9803921568627451,1.0,1e-06,0.02669353880610814,Katashi,1e-06,0.9803921568627451,1.0
2010-11-29,0.3308639186900057,5.0,0.19801980198019803,9.16444697901966e-12,0.9999999999898356,1,9.315133267741991e-23,0.9803921568627451,1.0,1e-06,1.0,Katashi,1e-06,0.9803921568627451,1.0
2010-11-30,0.3327950310559006,5.0,0.19801980198019803,1.1189160709005928e-11,0.9999999999878109,1,1.36386230558312e-22,0.9803921568627451,1.0,1e-06,1.0,Katashi,1e-06,0.9803921568627451,1.0
2010-12-01,0.33311688311688314,5.0,0.19801980198019803,1.3320122782443208e-11,0.9999999999856799,1,1.907454990591367e-22,0.9803921568627451,1.0,1e-06,1.0,Katashi,1e-06,0.9803921568627451,1.0
2010-12-02,0.3148785996612084,5.0,0.19801980198019803,1.183586562084199e-11,0.9999999999871642,1,1.5192331878673378e-22,0.9803921568627451,1.0,1e-06,1.0,Katashi,1e-06,0.9803921568627451,1.0
2010-12-03,0.3300056465273857,5.0,0.19801980198019803,1.18695053784877e-11,0.9999999999871305,1,1.5275440073553716e-22,0.9803921568627451,1.0,1e-06,1.0,Katashi,1e-06,0.9803921568627451,1.0
2010-12-06,0.29717673630717106,5.0,0.19801980198019803,1.1068146399323253e-11,0.9999999999879319,1,1.335717662705391e-22,0.9803921568627451,1.0,1e-06,1.0,Katashi,1e-06,0.9803921568627451,1.0
2010-12-07,0.2660643704121965,5.0,0.19801980198019803,6.124878382227182e-12,0.9999999999928751,1,4.363887808660809e-23,0.9803921568627451,1.0,1e-06,1.0,Katashi,1e-06,0.9803921568627451,1.0
2010-12-08,0.2629531338226991,5.0,0.19801980198019803,9.891421015536557e-12,0.9999999999891086,1,1.0773141190746924e-22,0.9803921568627451,1.0,1e-06,1.0,Katashi,1e-06,0.9803921568627451,1.0
2010-12-09,0.25780350084697917,5.0,0.19801980198019803,1.1886602813066708e-11,0.9999999999871134,1,1.5317766629755246e-22,0.9803921568627451,1.0,1e-06,1.0,Katashi,1e-06,0.9803921568627451,1.0
2010-12-10,0.2829079616036138,5.0,0.19801980198019803,0.0,0.0,0,0.0,0.9803921568627451,0.0,1e-06,1.0,Katashi,1e-06,0.9803921568627451,1.0
2010-12-13,0.30318464144551105,5.0,0.19801980198019803,0.0,0.0,0,0.0,0.9803921568627451,0.0,1e-06,1.0,Katashi,1e-06,0.9803921568627451,1.0
2010-12-14,0.3190626764539808,5.0,0.19801980198019803,0.0,0.0,0,0.0,0.9803921568627451,0.0,1e-06,1.0,Katashi,1e-06,0.9803921568627451,1.0
2010-12-15,0.32346132128740823,5.0,0.19801980198019803,0.0,0.0,0,0.0,0.9803921568627451,0.0,1e-06,1.0,Katashi,1e-06,0.9803921568627451,1.0
2010-12-16,0.3069395821569735,5.0,0.19801980198019803,0.0,0.0,0,0.0,0.9803921568627451,0.0,1e-06,1.0,Katashi,1e-06,0.9803921568627451,1.0
2010-12-17,0.3111236589497459,5.0,0.19801980198019803,0.0,0.0,0,0.0,0.9803921568627451,0.0,1e-06,1.0,Katashi,1e-06,0.9803921568627451,1.0
2010-12-20,0.3136984754376059,5.0,0.19801980198019803,0.0,0.0,0,0.0,0.9803921568627451,0.0,1e-06,1.0,Katashi,1e-06,0.9803921568627451,1.0
2010-12-21,0.34438170525127054,5.0,0.19801980198019803,0.0,0.0,0,0.0,0.9803921568627451,0.0,1e-06,1.0,Katashi,1e-06,0.9803921568627451,1.0
2010-12-22,0.32206662902315075,5.0,0.19801980198019803,0.0,0.0,0,0.0,0.9803921568627451,0.0,1e-06,1.0,Katashi,1e-06,0.9803921568627451,1.0
2010-12-23,0.3191699604743083,5.0,0.19801980198019803,0.0,0.0,0,0.0,0.9803921568627451,0.0,1e-06,1.0,Katashi,1e-06,0.9803921568627451,1.0
2010-12-27,0.3424291163856901,5.0,0.19801980198019803,0.0,0.0,0,0.0,0.9803921568627451,0.0,1e-06,1.0,Katashi,1e-06,0.9803921568627451,1.0
2010-12-28,0.34505616584345267,5.0,0.19801980198019803,0.0,0.0,0,0.0,0.9803921568627451,0.0,1e-06,1.0,Katashi,1e-06,0.9803921568627451,1.0
2010-12-29,0.4056253435390425,5.0,0.19801980198019803,0.0,0.0,0,0.0,0.9803921568627451,0.0,1e-06,1.0,Katashi,1e-06,0.9803921568627451,1.0
2010-12-30,0.35627975461255695,5.0,0.19801980198019803,0.0,0.0,0,0.0,0.9803921568627451,0.0,1e-06,1.0,Katashi,1e-06,0.9803921568627451,1.0
2010-12-31,0.32350577423500293,5.0,0.19801980198019803,0.0,0.0,0,0.0,0.9803921568627451,0.0,1e-06,1.0,Katashi,1e-06,0.9803921568627451,1.0
2011-01-03,0.26631896731704546,5.0,0.19801980198019803,0.0,0.0,0,0.0,0.9803921568627451,0.0,1e-06,1.0,Katashi,1e-06,0.9803921568627451,1.0
2011-01-04,0.2510844849208352,5.0,0.19801980198019803,0.0,0.0,0,0.0,0.9803921568627451,0.0,1e-06,1.0,Katashi,1e-06,0.9803921568627451,1.0
2011-01-05,0.17259917884996406,5.0,0.19801980198019803,0.0,0.0,0,0.0,0.9803921568627451,0.0,1e-06,1.0,Katashi,1e-06,0.9803921568627451,1.0
2011-01-06,0.17431793521690436,5.0,0.19801980198019803,0.0,0.0,0,0.0,0.9803921568627451,0.0,1e-06,1.0,Katashi,1e-06,0.9803921568627451,1.0
2011-01-07,0.22963143829603197,5.0,0.19801980198019803,0.0,0.0,0,0.0,0.9803921568627451,0.0,1e-06,1.0,Katashi,1e-06,0.9803921568627451,1.0
2011-01-10,0.24545736154236358,5.0,0.19801980198019803,0.0,0.0,0,0.0,0.9803921568627451,0.0,1e-06,1.0,Katashi,1e-06,0.9803921568627451,1.0
2011-01-11,0.26659413166334683,5.0,0.19801980198019803,0.0,0.0,0,0.0,0.9803921568627451,0.0,1e-06,1.0,Katashi,1e-06,0.9803921568627451,1.0
2011-01-12,0.25629332031291086,5.0,0.19801980198019803,0.0,0.0,0,0.0,0.9803921568627451,0.0,1e-06,1.0,Katashi,1e-06,0.9803921568627451,1.0
2011-01-13,0.26407330565797327,5.0,0.19801980198019803,0.0,0.0,0,0.0,0.9803921568627451,0.0,1e-06,1.0,Katashi,1e-06,0.9803921568627451,1.0
2011-01-14,0.23467630231253572,5.0,0.19801980198019803,0.0,0.0,0,0.0,0.9803921568627451,0.0,1e-06,1.0,Katashi,1e-06,0.9803921568627451,1.0
2011-01-18,0.25007354400667386,5.0,0.19801980198019803,0.0,0.0,0,0.0,0.9803921568627451,0.0,1e-06,1.0,Katashi,1e-06,0.9803921568627451,1.0
2011-01-19,0.25018104014058906,5.0,0.19801980198019803,0.0,0.0,0,0.0,0.9803921568627451,0.0,1e-06,1.0,Katashi,1e-06,0.9803921568627451,1.0
2011-01-20,0.25040090344438176,5.0,0.19801980198019803,0.0,0.0,0,0.0,0.9803921568627451,0.0,1e-06,1.0,Katashi,1e-06,0.9803921568627451,1.0
2011-01-21,0.2682100508187465,5.0,0.19801980198019803,0.0,0.0,0,0.0,0.9803921568627451,0.0,1e-06,1.0,Katashi,1e-06,0.9803921568627451,1.0
2011-01-24,0.2635968379446641,5.0,0.19801980198019803,0.0,0.0,0,0.0,0.9803921568627451,0.0,1e-06,1.0,Katashi,1e-06,0.9803921568627451,1.0
2011-01-25,0.25630152456239413,5.0,0.19801980198019803,0.0,0.0,0,0.0,0.9803921568627451,0.0,1e-06,1.0,Katashi,1e-06,0.9803921568627451,1.0
2011-01-26,0.24686053077357428,5.0,0.19801980198019803,0.0,0.0,0,0.0,0.9803921568627451,0.0,1e-06,1.0,Katashi,1e-06,0.9803921568627451,1.0
2011-01-27,0.24224731789949186,5.0,0.19801980198019803,0.0,0.0,0,0.0,0.9803921568627451,0.0,1e-06,1.0,Katashi,1e-06,0.9803921568627451,1.0
2011-01-28,0.2604856013551666,5.0,0.19801980198019803,0.0,0.0,0,0.0,0.9803921568627451,0.0,1e-06,1.0,Katashi,1e-06,0.9803921568627451,1.0
2011-01-31,0.2940654997176736,5.0,0.19801980198019803,0.0,0.0,0,0.0,0.9803921568627451,0.0,1e-06,1.0,Katashi,1e-06,0.9803921568627451,1.0
2011-02-01,0.2740033879164315,5.0,0.19801980198019803,0.0,0.0,0,0.0,0.9803921568627451,0.0,1e-06,1.0,Katashi,1e-06,0.9803921568627451,1.0
2011-02-02,0.2845172219085263,5.0,0.19801980198019803,0.0,0.0,0,0.0,0.9803921568627451,0.0,1e-06,1.0,Katashi,1e-06,0.9803921568627451,1.0
2011-02-03,0.2954601919819312,5.0,0.19801980198019803,0.0,0.0,0,0.0,0.9803921568627451,0.0,1e-06,1.0,Katashi,1e-06,0.9803921568627451,1.0
2011-02-04,0.28548277809147377,5.0,0.19801980198019803,0.0,0.0,0,0.0,0.9803921568627451,0.0,1e-06,1.0,Katashi,1e-06,0.9803921568627451,1.0
2011-02-07,0.33837380011293056,5.0,0.19801980198019803,0.0,0.0,0,0.0,0.9803921568627451,0.0,1e-06,1.0,Katashi,1e-06,0.9803921568627451,1.0
2011-02-08,0.33418972332015817,5.0,0.19801980198019803,0.0,0.0,0,0.0,0.9803921568627451,0.0,1e-06,1.0,Katashi,1e-06,0.9803921568627451,1.0
2011-02-09,0.31123094297007337,5.0,0.19801980198019803,0.0,0.0,0,0.0,0.9803921568627451,0.0,1e-06,1.0,Katashi,1e-06,0.9803921568627451,1.0
2011-02-10,0.2942800677583287,5.0,0.19801980198019803,0.0,0.0,0,0.0,0.9803921568627451,0.0,1e-06,1.0,Katashi,1e-06,0.9803921568627451,1.0
2011-02-11,0.26670807453416157,5.0,0.19801980198019803,0.0,0.0,0,0.0,0.9803921568627451,0.0,1e-06,1.0,Katashi,1e-06,0.9803921568627451,1.0
2011-02-14,0.23001693958215697,5.0,0.19801980198019803,0.0,0.0,0,0.0,0.9803921568627451,0.0,1e-06,1.0,Katashi,1e-06,0.9803921568627451,1.0
2011-02-15,0.2493280632411067,5.0,0.19801980198019803,0.0,0.0,0,0.0,0.9803921568627451,0.0,1e-06,1.0,Katashi,1e-06,0.9803921568627451,1.0
2011-02-16,0.2563015245623942,5.0,0.19801980198019803,0.0,0.0,0,0.0,0.9803921568627451,0.0,1e-06,1.0,Katashi,1e-06,0.9803921568627451,1.0
2011-02-17,0.25136645962732923,5.0,0.19801980198019803,0.0,0.0,0,0.0,0.9803921568627451,0.0,1e-06,1.0,Katashi,1e-06,0.9803921568627451,1.0
2011-02-18,0.28655561829474874,5.0,0.19801980198019803,0.0,0.0,0,0.0,0.9803921568627451,0.0,1e-06,1.0,Katashi,1e-06,0.9803921568627451,1.0
2011-02-22,0.37624505928853763,5.0,0.19801980198019803,0.0,0.0,0,0.0,0.9803921568627451,0.0,1e-06,1.0,Katashi,1e-06,0.9803921568627451,1.0
2011-02-23,0.4072501411631847,5.0,0.19801980198019803,0.0,0.0,0,0.0,0.9803921568627451,0.0,1e-06,1.0,Katashi,1e-06,0.9803921568627451,1.0
2011-02-24,0.38000000000000006,5.0,0.19801980198019803,0.0,0.0,0,0.0,0.9803921568627451,0.0,1e-06,1.0,Katashi,1e-06,0.9803921568627451,1.0
2011-02-25,0.32850367024280075,5.0,0.19801980198019803,0.0,0.0,0,0.0,0.9803921568627451,0.0,1e-06,1.0,Katashi,1e-06,0.9803921568627451,1.0
2011-02-28,0.32110107284020334,5.0,0.19801980198019803,0.0,0.0,0,0.0,0.9803921568627451,0.0,1e-06,1.0,Katashi,1e-06,0.9803921568627451,1.0
2011-03-01,0.3525352907961604,5.0,0.19801980198019803,0.0,0.0,0,0.0,0.9803921568627451,0.0,1e-06,1.0,Katashi,1e-06,0.9803921568627451,1.0
2011-03-02,0.3869734613212875,5.0,0.19801980198019803,0.0,0.0,0,0.0,0.9803921568627451,0.0,1e-06,1.0,Katashi,1e-06,0.9803921568627451,1.0
2011-03-03,0.3488876341050255,5.0,0.19801980198019803,0.0,0.0,0,0.0,0.9803921568627451,0.0,1e-06,1.0,Katashi,1e-06,0.9803921568627451,1.0
2011-03-04,0.4337492941840768,5.0,0.19801980198019803,0.0,0.0,0,0.0,0.9803921568627451,0.0,1e-06,1.0,Katashi,1e-06,0.9803921568627451,1.0
2011-03-07,0.4371823828345568,5.0,0.19801980198019803,0.0,0.0,0,0.0,0.9803921568627451,0.0,1e-06,1.0,Katashi,1e-06,0.9803921568627451,1.0
2011-03-08,0.45338226990400904,5.0,0.19801980198019803,0.0,0.0,0,0.0,0.9803921568627451,0.0,1e-06,1.0,Katashi,1e-06,0.9803921568627451,1.0
2011-03-09,0.49597402597402607,5.0,0.19801980198019803,0.0,0.0,0,0.0,0.9803921568627451,0.0,1e-06,1.0,Katashi,1e-06,0.9803921568627451,1.0
2011-03-10,0.4146527385657821,5.0,0.19801980198019803,0.0,0.0,0,0.0,0.9803921568627451,0.0,1e-06,1.0,Katashi,1e-06,0.9803921568627451,1.0
2011-03-11,0.46722190852625645,5.0,0.19801980198019803,0.0,0.0,0,0.0,0.9803921568627451,0.0,1e-06,1.0,Katashi,1e-06,0.9803921568627451,1.0
2011-03-14,0.4663636363636364,5.0,0.19801980198019803,0.0,0.0,0,0.0,0.9803921568627451,0.0,1e-06,1.0,Katashi,1e-06,0.9803921568627451,1.0
2011-03-15,0.45660079051383395,5.0,0.19801980198019803,0.0,0.0,0,0.0,0.9803921568627451,0.0,1e-06,1.0,Katashi,1e-06,0.9803921568627451,1.0
2011-03-16,0.4675437605872389,5.0,0.19801980198019803,0.0,0.0,0,0.0,0.9803921568627451,0.0,1e-06,1.0,Katashi,1e-06,0.9803921568627451,1.0
2011-03-17,0.45252399774138913,5.0,0.19801980198019803,0.0,0.0,0,0.0,0.9803921568627451,0.0,1e-06,1.0,Katashi,1e-06,0.9803921568627451,1.0
2011-03-18,0.4175494071146245,5.0,0.19801980198019803,0.0,0.0,0,0.0,0.9803921568627451,0.0,1e-06,1.0,Katashi,1e-06,0.9803921568627451,1.0
2011-03-21,0.431603613777527,5.0,0.19801980198019803,0.0,0.0,0,0.0,0.9803921568627451,0.0,1e-06,1.0,Katashi,1e-06,0.9803921568627451,1.0
2011-03-22,0.4257029926595144,5.0,0.19801980198019803,0.0,0.0,0,0.0,0.9803921568627451,0.0,1e-06,1.0,Katashi,1e-06,0.9803921568627451,1.0
2011-03-23,0.417442123094297,5.0,0.19801980198019803,0.0,0.0,0,0.0,0.9803921568627451,0.0,1e-06,1.0,Katashi,1e-06,0.9803921568627451,1.0
2011-03-24,0.3396612083568606,5.0,0.19801980198019803,0.0,0.0,0,0.0,0.9803921568627451,0.0,1e-06,1.0,Katashi,1e-06,0.9803921568627451,1.0
2011-03-25,0.34234330886504805,5.0,0.19801980198019803,0.0,0.0,0,0.0,0.9803921568627451,0.0,1e-06,1.0,Katashi,1e-06,0.9803921568627451,1.0
2011-03-28,0.38386222473178994,5.0,0.19801980198019803,0.0,0.0,0,0.0,0.9803921568627451,0.0,1e-06,1.0,Katashi,1e-06,0.9803921568627451,1.0
2011-03-29,0.39298136645962733,5.0,0.19801980198019803,0.0,0.0,0,0.0,0.9803921568627451,0.0,1e-06,1.0,Katashi,1e-06,0.9803921568627451,1.0
2011-03-30,0.39469791078486727,5.0,0.19801980198019803,0.0,0.0,0,0.0,0.9803921568627451,0.0,1e-06,1.0,Katashi,1e-06,0.9803921568627451,1.0
2011-03-31,0.4402936194240542,5.0,0.19801980198019803,0.0,0.0,0,0.0,0.9803921568627451,0.0,1e-06,1.0,Katashi,1e-06,0.9803921568627451,1.0
2011-04-01,0.4278486730660644,5.0,0.19801980198019803,0.0,0.0,0,0.0,0.9803921568627451,0.0,1e-06,1.0,Katashi,1e-06,0.9803921568627451,1.0
2011-04-04,0.425595708639187,5.0,0.19801980198019803,0.0,0.0,0,0.0,0.9803921568627451,0.0,1e-06,1.0,Katashi,1e-06,0.9803921568627451,1.0
2011-04-05,0.37291925465838516,5.0,0.19801980198019803,0.0,0.0,0,0.0,0.9803921568627451,0.0,1e-06,1.0,Katashi,1e-06,0.9803921568627451,1.0
2011-04-06,0.3887972896668549,5.0,0.19801980198019803,0.0,0.0,0,0.0,0.9803921568627451,0.0,1e-06,1.0,Katashi,1e-06,0.9803921568627451,1.0
2011-04-07,0.36304912478825535,5.0,0.19801980198019803,0.0,0.0,0,0.0,0.9803921568627451,0.0,1e-06,1.0,Katashi,1e-06,0.9803921568627451,1.0
2011-04-08,0.4144381705251271,5.0,0.19801980198019803,0.0,0.0,0,0.0,0.9803921568627451,0.0,1e-06,1.0,Katashi,1e-06,0.9803921568627451,1.0
2011-04-11,0.4036024844720497,5.0,0.19801980198019803,0.0,0.0,0,0.0,0.9803921568627451,0.0,1e-06,1.0,Katashi,1e-06,0.9803921568627451,1.0
2011-04-12,0.3749576510446076,5.0,0.19801980198019803,0.0,0.0,0,0.0,0.9803921568627451,0.0,1e-06,1.0,Katashi,1e-06,0.9803921568627451,1.0
2011-04-13,0.36487295313382273,5.0,0.19801980198019803,0.0,0.0,0,0.0,0.9803921568627451,0.0,1e-06,1.0,Katashi,1e-06,0.9803921568627451,1.0
2011-04-14,0.3710954263128176,5.0,0.19801980198019803,0.0,0.0,0,0.0,0.9803921568627451,0.0,1e-06,1.0,Katashi,1e-06,0.9803921568627451,1.0
2011-04-15,0.3933032185206099,5.0,0.19801980198019803,0.0,0.0,0,0.0,0.9803921568627451,0.0,1e-06,1.0,Katashi,1e-06,0.9803921568627451,1.0
2011-04-18,0.4203387916431395,5.0,0.19801980198019803,0.0,0.0,0,0.0,0.9803921568627451,0.0,1e-06,1.0,Katashi,1e-06,0.9803921568627451,1.0
2011-04-19,0.43299830604178435,5.0,0.19801980198019803,0.0,0.0,0,0.0,0.9803921568627451,0.0,1e-06,1.0,Katashi,1e-06,0.9803921568627451,1.0
2011-04-20,0.5105646527385658,5.0,0.19801980198019803,0.0,0.0,0,0.0,0.9803921568627451,0.0,1e-06,1.0,Katashi,1e-06,0.9803921568627451,1.0
2011-04-21,0.49865612648221347,5.0,0.19801980198019803,0.0,0.0,0,0.0,0.9803921568627451,0.0,1e-06,1.0,Katashi,1e-06,0.9803921568627451,1.0
2011-04-25,0.5093845285149634,5.0,0.19801980198019803,0.0,0.0,0,0.0,0.9803921568627451,0.0,1e-06,1.0,Katashi,1e-06,0.9803921568627451,1.0
2011-04-26,0.504985883681536,5.0,0.19801980198019803,0.0,0.0,0,0.0,0.9803921568627451,0.0,1e-06,1.0,Katashi,1e-06,0.9803921568627451,1.0
2011-04-27,0.4942574816487861,5.0,0.19801980198019803,0.0,0.0,0,0.0,0.9803921568627451,0.0,1e-06,1.0,Katashi,1e-06,0.9803921568627451,1.0
2011-04-28,0.4679728966685489,5.0,0.19801980198019803,0.0,0.0,0,0.0,0.9803921568627451,0.0,1e-06,1.0,Katashi,1e-06,0.9803921568627451,1.0
2011-04-29,0.458531902879729,5.0,0.19801980198019803,0.0,0.0,0,0.0,0.9803921568627451,0.0,1e-06,1.0,Katashi,1e-06,0.9803921568627451,1.0
2011-05-02,0.4458723884810841,5.0,0.19801980198019803,0.0,0.0,0,0.0,0.9803921568627451,0.0,1e-06,1.0,Katashi,1e-06,0.9803921568627451,1.0
2011-05-03,0.3768887634105026,5.0,0.19801980198019803,0.0,0.0,0,0.0,0.9803921568627451,0.0,1e-06,1.0,Katashi,1e-06,0.9803921568627451,1.0
2011-05-04,0.38772444946358,5.0,0.19801980198019803,0.0,0.0,0,0.0,0.9803921568627451,0.0,1e-06,1.0,Katashi,1e-06,0.9803921568627451,1.0
2011-05-05,0.37903444381705254,5.0,0.19801980198019803,0.0,0.0,0,0.0,0.9803921568627451,0.0,1e-06,1.0,Katashi,1e-06,0.9803921568627451,1.0
2011-05-06,0.41143421795595714,5.0,0.19801980198019803,0.0,0.0,0,0.0,0.9803921568627451,0.0,1e-06,1.0,Katashi,1e-06,0.9803921568627451,1.0
2011-05-09,0.384076792772445,5.0,0.19801980198019803,0.0,0.0,0,0.0,0.9803921568627451,0.0,1e-06,1.0,Katashi,1e-06,0.9803921568627451,1.0
2011-05-10,0.375923207227555,5.0,0.19801980198019803,0.0,0.0,0,0.0,0.9803921568627451,0.0,1e-06,1.0,Katashi,1e-06,0.9803921568627451,1.0
2011-05-11,0.28033314511575386,5.0,0.19801980198019803,0.0,0.0,0,0.0,0.9803921568627451,0.0,1e-06,1.0,Katashi,1e-06,0.9803921568627451,1.0
2011-05-12,0.3024336533032186,5.0,0.19801980198019803,0.0,0.0,0,0.0,0.9803921568627451,0.0,1e-06,1.0,Katashi,1e-06,0.9803921568627451,1.0
2011-05-13,0.28194240542066634,5.0,0.19801980198019803,0.0,0.0,0,0.0,0.9803921568627451,0.0,1e-06,1.0,Katashi,1e-06,0.9803921568627451,1.0
2011-05-16,0.2955674760022586,5.0,0.19801980198019803,0.0,0.0,0,0.0,0.9803921568627451,0.0,1e-06,1.0,Katashi,1e-06,0.9803921568627451,1.0
2011-05-17,0.29438735177865616,5.0,0.19801980198019803,0.0,0.0,0,0.0,0.9803921568627451,0.0,1e-06,1.0,Katashi,1e-06,0.9803921568627451,1.0
2011-05-18,0.2908469791078486,5.0,0.19801980198019803,0.0,0.0,0,0.0,0.9803921568627451,0.0,1e-06,1.0,Katashi,1e-06,0.9803921568627451,1.0
2011-05-19,0.28022586109542635,5.0,0.19801980198019803,0.0,0.0,0,0.0,0.9803921568627451,0.0,1e-06,1.0,Katashi,1e-06,0.9803921568627451,1.0
2011-05-20,0.2662789384528515,5.0,0.19801980198019803,0.0,0.0,0,0.0,0.9803921568627451,0.0,1e-06,1.0,Katashi,1e-06,0.9803921568627451,1.0
2011-05-23,0.21210050818746468,5.0,0.19801980198019803,0.0,0.0,0,0.0,0.9803921568627451,0.0,1e-06,1.0,Katashi,1e-06,0.9803921568627451,1.0
2011-05-24,0.23666854884246188,5.0,0.19801980198019803,0.0,0.0,0,0.0,0.9803921568627451,0.0,1e-06,1.0,Katashi,1e-06,0.9803921568627451,1.0
2011-05-25,0.24353472614342184,5.0,0.19801980198019803,0.0,0.0,0,0.0,0.9803921568627451,0.0,1e-06,1.0,Katashi,1e-06,0.9803921568627451,1.0
2011-05-26,0.2334500282326369,5.0,0.19801980198019803,0.0,0.0,0,0.0,0.9803921568627451,0.0,1e-06,1.0,Katashi,1e-06,0.9803921568627451,1.0
2011-05-27,0.22315076228119707,5.0,0.19801980198019803,0.0,0.0,0,0.0,0.9803921568627451,0.0,1e-06,1.0,Katashi,1e-06,0.9803921568627451,1.0
2011-05-31,0.27947487295313383,5.0,0.19801980198019803,0.0,0.0,0,0.0,0.9803921568627451,0.0,1e-06,1.0,Katashi,1e-06,0.9803921568627451,1.0
2011-06-01,0.270248447204969,5.0,0.19801980198019803,0.0,0.0,0,0.0,0.9803921568627451,0.0,1e-06,1.0,Katashi,1e-06,0.9803921568627451,1.0
2011-06-02,0.24975719932241672,5.0,0.19801980198019803,0.0,0.0,0,0.0,0.9803921568627451,0.0,1e-06,1.0,Katashi,1e-06,0.9803921568627451,1.0
2011-06-03,0.25909090909090915,5.0,0.19801980198019803,0.0,0.0,0,0.0,0.9803921568627451,0.0,1e-06,1.0,Katashi,1e-06,0.9803921568627451,1.0
2011-06-06,0.2511518915866742,5.0,0.19801980198019803,0.0,0.0,0,0.0,0.9803921568627451,0.0,1e-06,1.0,Katashi,1e-06,0.9803921568627451,1.0
2011-06-07,0.25233201581027676,5.0,0.19801980198019803,0.0,0.0,0,0.0,0.9803921568627451,0.0,1e-06,1.0,Katashi,1e-06,0.9803921568627451,1.0
2011-06-08,0.266171654432524,5.0,0.19801980198019803,0.0,0.0,0,0.0,0.9803921568627451,0.0,1e-06,1.0,Katashi,1e-06,0.9803921568627451,1.0
2011-06-09,0.28859401468097123,5.0,0.19801980198019803,0.0,0.0,0,0.0,0.9803921568627451,0.0,1e-06,1.0,Katashi,1e-06,0.9803921568627451,1.0
2011-06-10,0.27679277244494643,5.0,0.19801980198019803,0.0,0.0,0,0.0,0.9803921568627451,0.0,1e-06,1.0,Katashi,1e-06,0.9803921568627451,1.0
2011-06-13,0.3116600790513834,5.0,0.19801980198019803,0.0,0.0,0,0.0,0.9803921568627451,0.0,1e-06,1.0,Katashi,1e-06,0.9803921568627451,1.0
2011-06-14,0.307476002258611,5.0,0.19801980198019803,0.0,0.0,0,0.0,0.9803921568627451,0.0,1e-06,1.0,Katashi,1e-06,0.9803921568627451,1.0
2011-06-15,0.27775832862789385,5.0,0.19801980198019803,0.0,0.0,0,0.0,0.9803921568627451,0.0,1e-06,1.0,Katashi,1e-06,0.9803921568627451,1.0
2011-06-16,0.30307735742518355,5.0,0.19801980198019803,0.0,0.0,0,0.0,0.9803921568627451,0.0,1e-06,1.0,Katashi,1e-06,0.9803921568627451,1.0
2011-06-17,0.31123094297007337,5.0,0.19801980198019803,0.0,0.0,0,0.0,0.9803921568627451,0.0,1e-06,1.0,Katashi,1e-06,0.9803921568627451,1.0
2011-06-20,0.29792772444946364,5.0,0.19801980198019803,0.0,0.0,0,0.0,0.9803921568627451,0.0,1e-06,1.0,Katashi,1e-06,0.9803921568627451,1.0
2011-06-21,0.33290231507622814,5.0,0.19801980198019803,0.0,0.0,0,0.0,0.9803921568627451,0.0,1e-06,1.0,Katashi,1e-06,0.9803921568627451,1.0
2011-06-22,0.3625127046866178,5.0,0.19801980198019803,0.0,0.0,0,0.0,0.9803921568627451,0.0,1e-06,1.0,Katashi,1e-06,0.9803921568627451,1.0
2011-06-23,0.3281818181818182,5.0,0.19801980198019803,0.0,0.0,0,0.0,0.9803921568627451,0.0,1e-06,1.0,Katashi,1e-06,0.9803921568627451,1.0
2011-06-24,0.3160587238848109,5.0,0.19801980198019803,0.0,0.0,0,0.0,0.9803921568627451,0.0,1e-06,1.0,Katashi,1e-06,0.9803921568627451,1.0
2011-06-27,0.2922416713721062,5.0,0.19801980198019803,0.0,0.0,0,0.0,0.9803921568627451,0.0,1e-06,1.0,Katashi,1e-06,0.9803921568627451,1.0
2011-06-28,0.3649802371541503,5.0,0.19801980198019803,0.0,0.0,0,0.0,0.9803921568627451,0.0,1e-06,1.0,Katashi,1e-06,0.9803921568627451,1.0
2011-06-29,0.4259175607001695,5.0,0.19801980198019803,0.0,0.0,0,0.0,0.9803921568627451,0.0,1e-06,1.0,Katashi,1e-06,0.9803921568627451,1.0
2011-06-30,0.3668040654997177,5.0,0.19801980198019803,0.0,0.0,0,0.0,0.9803921568627451,0.0,1e-06,1.0,Katashi,1e-06,0.9803921568627451,1.0
2011-07-01,0.3719536984754377,5.0,0.19801980198019803,0.0,0.0,0,0.0,0.9803921568627451,0.0,1e-06,1.0,Katashi,1e-06,0.9803921568627451,1.0
2011-07-05,0.40134952004517216,5.0,0.19801980198019803,0.0,0.0,0,0.0,0.9803921568627451,0.0,1e-06,1.0,Katashi,1e-06,0.9803921568627451,1.0
2011-07-06,0.40531902879728976,5.0,0.19801980198019803,0.0,0.0,0,0.0,0.9803921568627451,0.0,1e-06,1.0,Katashi,1e-06,0.9803921568627451,1.0
2011-07-07,0.4617504234895541,5.0,0.19801980198019803,0.0,0.0,0,0.0,0.9803921568627451,0.0,1e-06,1.0,Katashi,1e-06,0.9803921568627451,1.0
2011-07-08,0.4711914172783739,5.0,0.19801980198019803,0.0,0.0,0,0.0,0.9803921568627451,0.0,1e-06,1.0,Katashi,1e-06,0.9803921568627451,1.0
2011-07-11,0.4385770750988144,5.0,0.19801980198019803,0.0,0.0,0,0.0,0.9803921568627451,0.0,1e-06,1.0,Katashi,1e-06,0.9803921568627451,1.0
2011-07-12,0.4598193111236589,5.0,0.19801980198019803,0.0,0.0,0,0.0,0.9803921568627451,0.0,1e-06,1.0,Katashi,1e-06,0.9803921568627451,1.0
2011-07-13,0.4767701863354038,5.0,0.19801980198019803,0.0,0.0,0,0.0,0.9803921568627451,0.0,1e-06,1.0,Katashi,1e-06,0.9803921568627451,1.0
2011-07-14,0.45123658949745915,5.0,0.19801980198019803,0.0,0.0,0,0.0,0.9803921568627451,0.0,1e-06,1.0,Katashi,1e-06,0.9803921568627451,1.0
2011-07-15,0.43374929418407693,5.0,0.19801980198019803,0.0,0.0,0,0.0,0.9803921568627451,0.0,1e-06,1.0,Katashi,1e-06,0.9803921568627451,1.0
2011-07-18,0.4820271033314511,5.0,0.19801980198019803,0.0,0.0,0,0.0,0.9803921568627451,0.0,1e-06,1.0,Katashi,1e-06,0.9803921568627451,1.0
2011-07-19,0.48159796725014126,5.0,0.19801980198019803,0.0,0.0,0,0.0,0.9803921568627451,0.0,1e-06,1.0,Katashi,1e-06,0.9803921568627451,1.0
2011-07-20,0.4905025409373237,5.0,0.19801980198019803,0.0,0.0,0,0.0,0.9803921568627451,0.0,1e-06,1.0,Katashi,1e-06,0.9803921568627451,1.0
2011-07-21,0.49822699040090346,5.0,0.19801980198019803,0.0,0.0,0,0.0,0.9803921568627451,0.0,1e-06,1.0,Katashi,1e-06,0.9803921568627451,1.0
2011-07-22,0.496403162055336,5.0,0.19801980198019803,0.0,0.0,0,0.0,0.9803921568627451,0.0,1e-06,1.0,Katashi,1e-06,0.9803921568627451,1.0
2011-07-25,0.49618859401468096,5.0,0.19801980198019803,0.0,0.0,0,0.0,0.9803921568627451,0.0,1e-06,1.0,Katashi,1e-06,0.9803921568627451,1.0
2011-07-26,0.5229023150762282,5.0,0.19801980198019803,0.0,0.0,0,0.0,0.9803921568627451,0.0,1e-06,1.0,Katashi,1e-06,0.9803921568627451,1.0
2011-07-27,0.4954376058723885,5.0,0.19801980198019803,0.0,0.0,0,0.0,0.9803921568627451,0.0,1e-06,1.0,Katashi,1e-06,0.9803921568627451,1.0
2011-07-28,0.4980124223602485,5.0,0.19801980198019803,0.0,0.0,0,0.0,0.9803921568627451,0.0,1e-06,1.0,Katashi,1e-06,0.9803921568627451,1.0
2011-07-29,0.43825522303783176,5.0,0.19801980198019803,0.0,0.0,0,0.0,0.9803921568627451,0.0,1e-06,1.0,Katashi,1e-06,0.9803921568627451,1.0
2011-08-01,0.35961603613777526,5.0,0.19801980198019803,0.0,0.0,0,0.0,0.9803921568627451,0.0,1e-06,1.0,Katashi,1e-06,0.9803921568627451,1.0
2011-08-02,0.39856013551665737,5.0,0.19801980198019803,0.0,0.0,0,0.0,0.9803921568627451,0.0,1e-06,1.0,Katashi,1e-06,0.9803921568627451,1.0
2011-08-03,0.3961998870694524,5.0,0.19801980198019803,0.0,0.0,0,0.0,0.9803921568627451,0.0,1e-06,1.0,Katashi,1e-06,0.9803921568627451,1.0
2011-08-04,0.37281197063805765,5.0,0.19801980198019803,0.0,0.0,0,0.0,0.9803921568627451,0.0,1e-06,1.0,Katashi,1e-06,0.9803921568627451,1.0
2011-08-05,0.37206098249576514,5.0,0.19801980198019803,0.0,0.0,0,0.0,0.9803921568627451,0.0,1e-06,1.0,Katashi,1e-06,0.9803921568627451,1.0
2011-08-08,0.3348334274421231,5.0,0.19801980198019803,0.0,0.0,0,0.0,0.9803921568627451,0.0,1e-06,1.0,Katashi,1e-06,0.9803921568627451,1.0
2011-08-09,0.28719932241671375,5.0,0.19801980198019803,0.0,0.0,0,0.0,0.9803921568627451,0.0,1e-06,1.0,Katashi,1e-06,0.9803921568627451,1.0
2011-08-10,0.2707848673066065,5.0,0.19801980198019803,0.0,0.0,0,0.0,0.9803921568627451,0.0,1e-06,1.0,Katashi,1e-06,0.9803921568627451,1.0
2011-08-11,0.2790457368718239,5.0,0.19801980198019803,0.0,0.0,0,0.0,0.9803921568627451,0.0,1e-06,1.0,Katashi,1e-06,0.9803921568627451,1.0
2011-08-12,0.2345228684359119,5.0,0.19801980198019803,0.0,0.0,0,0.0,0.9803921568627451,0.0,1e-06,1.0,Katashi,1e-06,0.9803921568627451,1.0
2011-08-15,0.2600564652738566,5.0,0.19801980198019803,0.0,0.0,0,0.0,0.9803921568627451,0.0,1e-06,1.0,Katashi,1e-06,0.9803921568627451,1.0
2011-08-16,0.26306041784302653,5.0,0.19801980198019803,0.0,0.0,0,0.0,0.9803921568627451,0.0,1e-06,1.0,Katashi,1e-06,0.9803921568627451,1.0
2011-08-17,0.25555053642010167,5.0,0.19801980198019803,0.0,0.0,0,0.0,0.9803921568627451,0.0,1e-06,1.0,Katashi,1e-06,0.9803921568627451,1.0
2011-08-18,0.2446075663466968,5.0,0.19801980198019803,0.0,0.0,0,0.0,0.9803921568627451,0.0,1e-06,1.0,Katashi,1e-06,0.9803921568627451,1.0
2011-08-19,0.23259175607001695,5.0,0.19801980198019803,0.0,0.0,0,0.0,0.9803921568627451,0.0,1e-06,1.0,Katashi,1e-06,0.9803921568627451,1.0
2011-08-22,0.22433088650479963,5.0,0.19801980198019803,0.0,0.0,0,0.0,0.9803921568627451,0.0,1e-06,1.0,Katashi,1e-06,0.9803921568627451,1.0
2011-08-23,0.2529757199322417,5.0,0.19801980198019803,0.0,0.0,0,0.0,0.9803921568627451,0.0,1e-06,1.0,Katashi,1e-06,0.9803921568627451,1.0
2011-08-24,0.2379559570863919,5.0,0.19801980198019803,0.0,0.0,0,0.0,0.9803921568627451,0.0,1e-06,1.0,Katashi,1e-06,0.9803921568627451,1.0
2011-08-25,0.22025409373235458,5.0,0.19801980198019803,0.0,0.0,0,0.0,0.9803921568627451,0.0,1e-06,1.0,Katashi,1e-06,0.9803921568627451,1.0
2011-08-26,0.21971767363071715,5.0,0.19801980198019803,0.0,0.0,0,0.0,0.9803921568627451,0.0,1e-06,1.0,Katashi,1e-06,0.9803921568627451,1.0
2011-08-29,0.20941840767927727,5.0,0.19801980198019803,0.0,0.0,0,0.0,0.9803921568627451,0.0,1e-06,1.0,Katashi,1e-06,0.9803921568627451,1.0
2011-08-30,0.22787125917560705,5.0,0.19801980198019803,0.0,0.0,0,0.0,0.9803921568627451,0.0,1e-06,1.0,Katashi,1e-06,0.9803921568627451,1.0
2011-08-31,0.2299096555618295,5.0,0.19801980198019803,0.0,0.0,0,0.0,0.9803921568627451,0.0,1e-06,1.0,Katashi,1e-06,0.9803921568627451,1.0
2011-09-01,0.19085827216262002,5.0,0.19801980198019803,0.0,0.0,0,0.0,0.9803921568627451,0.0,1e-06,1.0,Katashi,1e-06,0.9803921568627451,1.0
2011-09-02,0.19472049689440998,5.0,0.19801980198019803,0.0,0.0,0,0.0,0.9803921568627451,0.0,1e-06,1.0,Katashi,1e-06,0.9803921568627451,1.0
2011-09-06,0.22282891022021456,5.0,0.19801980198019803,0.0,0.0,0,0.0,0.9803921568627451,0.0,1e-06,1.0,Katashi,1e-06,0.9803921568627451,1.0
2011-09-07,0.25694522868435915,5.0,0.19801980198019803,0.0,0.0,0,0.0,0.9803921568627451,0.0,1e-06,1.0,Katashi,1e-06,0.9803921568627451,1.0
2011-09-08,0.2588763410502542,5.0,0.19801980198019803,0.0,0.0,0,0.0,0.9803921568627451,0.0,1e-06,1.0,Katashi,1e-06,0.9803921568627451,1.0
2011-09-09,0.2752907961603614,5.0,0.19801980198019803,0.0,0.0,0,0.0,0.9803921568627451,0.0,1e-06,1.0,Katashi,1e-06,0.9803921568627451,1.0
2011-09-12,0.27722190852625633,5.0,0.19801980198019803,0.0,0.0,0,0.0,0.9803921568627451,0.0,1e-06,1.0,Katashi,1e-06,0.9803921568627451,1.0
2011-09-13,0.27389610389610386,5.0,0.19801980198019803,0.0,0.0,0,0.0,0.9803921568627451,0.0,1e-06,1.0,Katashi,1e-06,0.9803921568627451,1.0
2011-09-14,0.2990005646527386,5.0,0.19801980198019803,0.0,0.0,0,0.0,0.9803921568627451,0.0,1e-06,1.0,Katashi,1e-06,0.9803921568627451,1.0
2011-09-15,0.3097289666854885,5.0,0.19801980198019803,0.0,0.0,0,0.0,0.9803921568627451,0.0,1e-06,1.0,Katashi,1e-06,0.9803921568627451,1.0
2011-09-16,0.32485601355166577,5.0,0.19801980198019803,0.0,0.0,0,0.0,0.9803921568627451,0.0,1e-06,1.0,Katashi,1e-06,0.9803921568627451,1.0
2011-09-19,0.36980801806888763,5.0,0.19801980198019803,0.0,0.0,0,0.0,0.9803921568627451,0.0,1e-06,1.0,Katashi,1e-06,0.9803921568627451,1.0
2011-09-20,0.3877244494635799,5.0,0.19801980198019803,0.0,0.0,0,0.0,0.9803921568627451,0.0,1e-06,1.0,Katashi,1e-06,0.9803921568627451,1.0
2011-09-21,0.37216826651609264,5.0,0.19801980198019803,0.0,0.0,0,0.0,0.9803921568627451,0.0,1e-06,1.0,Katashi,1e-06,0.9803921568627451,1.0
2011-09-22,0.35146245059288544,5.0,0.19801980198019803,0.0,0.0,0,0.0,0.9803921568627451,0.0,1e-06,1.0,Katashi,1e-06,0.9803921568627451,1.0
2011-09-23,0.344918125352908,5.0,0.19801980198019803,0.0,0.0,0,0.0,0.9803921568627451,0.0,1e-06,1.0,Katashi,1e-06,0.9803921568627451,1.0
2011-09-26,0.3483512140033879,5.0,0.19801980198019803,0.0,0.0,0,0.0,0.9803921568627451,0.0,1e-06,1.0,Katashi,1e-06,0.9803921568627451,1.0
2011-09-27,0.40456804065499724,5.0,0.19801980198019803,0.0,0.0,0,0.0,0.9803921568627451,0.0,1e-06,1.0,Katashi,1e-06,0.9803921568627451,1.0
2011-09-28,0.3963071710897798,5.0,0.19801980198019803,0.0,0.0,0,0.0,0.9803921568627451,0.0,1e-06,1.0,Katashi,1e-06,0.9803921568627451,1.0
2011-09-29,0.3995256916996047,5.0,0.19801980198019803,0.0,0.0,0,0.0,0.9803921568627451,0.0,1e-06,1.0,Katashi,1e-06,0.9803921568627451,1.0
2011-09-30,0.39909655561829477,5.0,0.19801980198019803,0.0,0.0,0,0.0,0.9803921568627451,0.0,1e-06,1.0,Katashi,1e-06,0.9803921568627451,1.0
2011-10-03,0.4024223602484473,5.0,0.19801980198019803,0.0,0.0,0,0.0,0.9803921568627451,0.0,1e-06,1.0,Katashi,1e-06,0.9803921568627451,1.0
2011-10-04,0.40145680406549983,5.0,0.19801980198019803,0.0,0.0,0,0.0,0.9803921568627451,0.0,1e-06,1.0,Katashi,1e-06,0.9803921568627451,1.0
2011-10-05,0.43364201016374926,5.0,0.19801980198019803,0.0,0.0,0,0.0,0.9803921568627451,0.0,1e-06,1.0,Katashi,1e-06,0.9803921568627451,1.0
2011-10-06,0.40639186900056473,5.0,0.19801980198019803,0.0,0.0,0,0.0,0.9803921568627451,0.0,1e-06,1.0,Katashi,1e-06,0.9803921568627451,1.0
2011-10-07,0.348780350084698,5.0,0.19801980198019803,0.0,0.0,0,0.0,0.9803921568627451,0.0,1e-06,1.0,Katashi,1e-06,0.9803921568627451,1.0
2011-10-10,0.3383738001129305,5.0,0.19801980198019803,0.0,0.0,0,0.0,0.9803921568627451,0.0,1e-06,1.0,Katashi,1e-06,0.9803921568627451,1.0
2011-10-11,0.34051948051948056,5.0,0.19801980198019803,0.0,0.0,0,0.0,0.9803921568627451,0.0,1e-06,1.0,Katashi,1e-06,0.9803921568627451,1.0
2011-10-12,0.34652738565782043,5.0,0.19801980198019803,0.0,0.0,0,0.0,0.9803921568627451,0.0,1e-06,1.0,Katashi,1e-06,0.9803921568627451,1.0
2011-10-13,0.32775268210050823,5.0,0.19801980198019803,0.0,0.0,0,0.0,0.9803921568627451,0.0,1e-06,1.0,Katashi,1e-06,0.9803921568627451,1.0
2011-10-14,0.3339751552795032,5.0,0.19801980198019803,0.0,0.0,0,0.0,0.9803921568627451,0.0,1e-06,1.0,Katashi,1e-06,0.9803921568627451,1.0
2011-10-17,0.3462055335968379,5.0,0.19801980198019803,0.0,0.0,0,0.0,0.9803921568627451,0.0,1e-06,1.0,Katashi,1e-06,0.9803921568627451,1.0
2011-10-18,0.3610107284020327,5.0,0.19801980198019803,0.0,0.0,0,0.0,0.9803921568627451,0.0,1e-06,1.0,Katashi,1e-06,0.9803921568627451,1.0
2011-10-19,0.32389045736871824,5.0,0.19801980198019803,0.0,0.0,0,0.0,0.9803921568627451,0.0,1e-06,1.0,Katashi,1e-06,0.9803921568627451,1.0
2011-10-20,0.31852625635234333,5.0,0.19801980198019803,0.0,0.0,0,0.0,0.9803921568627451,0.0,1e-06,1.0,Katashi,1e-06,0.9803921568627451,1.0
2011-10-21,0.33097120271033315,5.0,0.19801980198019803,0.0,0.0,0,0.0,0.9803921568627451,0.0,1e-06,1.0,Katashi,1e-06,0.9803921568627451,1.0
2011-10-24,0.3735629587803501,5.0,0.19801980198019803,0.0,0.0,0,0.0,0.9803921568627451,0.0,1e-06,1.0,Katashi,1e-06,0.9803921568627451,1.0
2011-10-25,0.39223037831733487,5.0,0.19801980198019803,0.0,0.0,0,0.0,0.9803921568627451,0.0,1e-06,1.0,Katashi,1e-06,0.9803921568627451,1.0
2011-10-26,0.4081084133258047,5.0,0.19801980198019803,0.0,0.0,0,0.0,0.9803921568627451,0.0,1e-06,1.0,Katashi,1e-06,0.9803921568627451,1.0
2011-10-27,0.34706380575945794,5.0,0.19801980198019803,0.0,0.0,0,0.0,0.9803921568627451,0.0,1e-06,1.0,Katashi,1e-06,0.9803921568627451,1.0
2011-10-28,0.3886900056465274,5.0,0.19801980198019803,0.0,0.0,0,0.0,0.9803921568627451,0.0,1e-06,1.0,Katashi,1e-06,0.9803921568627451,1.0
2011-10-31,0.3951270468661773,5.0,0.19801980198019803,0.0,0.0,0,0.0,0.9803921568627451,0.0,1e-06,1.0,Katashi,1e-06,0.9803921568627451,1.0
2011-11-01,0.37946357989836255,5.0,0.19801980198019803,0.0,0.0,0,0.0,0.9803921568627451,0.0,1e-06,1.0,Katashi,1e-06,0.9803921568627451,1.0
2011-11-02,0.3495313382269904,5.0,0.19801980198019803,0.0,0.0,0,0.0,0.9803921568627451,0.0,1e-06,1.0,Katashi,1e-06,0.9803921568627451,1.0
2011-11-03,0.3647656691134952,5.0,0.19801980198019803,0.0,0.0,0,0.0,0.9803921568627451,0.0,1e-06,1.0,Katashi,1e-06,0.9803921568627451,1.0
2011-11-04,0.36487295313382273,5.0,0.19801980198019803,0.0,0.0,0,0.0,0.9803921568627451,0.0,1e-06,1.0,Katashi,1e-06,0.9803921568627451,1.0
2011-11-07,0.39866741953698487,5.0,0.19801980198019803,0.0,0.0,0,0.0,0.9803921568627451,0.0,1e-06,1.0,Katashi,1e-06,0.9803921568627451,1.0
2011-11-08,0.3945906267645398,5.0,0.19801980198019803,0.0,0.0,0,0.0,0.9803921568627451,0.0,1e-06,1.0,Katashi,1e-06,0.9803921568627451,1.0
2011-11-09,0.37935629587803504,5.0,0.19801980198019803,0.0,0.0,0,0.0,0.9803921568627451,0.0,1e-06,1.0,Katashi,1e-06,0.9803921568627451,1.0
2011-11-10,0.3656239412761152,5.0,0.19801980198019803,0.0,0.0,0,0.0,0.9803921568627451,0.0,1e-06,1.0,Katashi,1e-06,0.9803921568627451,1.0
2011-11-11,0.35274985883681537,5.0,0.19801980198019803,0.0,0.0,0,0.0,0.9803921568627451,0.0,1e-06,1.0,Katashi,1e-06,0.9803921568627451,1.0
2011-11-14,0.3538226990400904,5.0,0.19801980198019803,0.0,0.0,0,0.0,0.9803921568627451,0.0,1e-06,1.0,Katashi,1e-06,0.9803921568627451,1.0
2011-11-15,0.3476002258610955,5.0,0.19801980198019803,0.0,0.0,0,0.0,0.9803921568627451,0.0,1e-06,1.0,Katashi,1e-06,0.9803921568627451,1.0
2011-11-16,0.3862224731789949,5.0,0.19801980198019803,0.0,0.0,0,0.0,0.9803921568627451,0.0,1e-06,1.0,Katashi,1e-06,0.9803921568627451,1.0
2011-11-17,0.40928853754940714,5.0,0.19801980198019803,0.0,0.0,0,0.0,0.9803921568627451,0.0,1e-06,1.0,Katashi,1e-06,0.9803921568627451,1.0
2011-11-18,0.46539808018068884,5.0,0.19801980198019803,0.0,0.0,0,0.0,0.9803921568627451,0.0,1e-06,1.0,Katashi,1e-06,0.9803921568627451,1.0
2011-11-21,0.4725861095426314,5.0,0.19801980198019803,0.0,0.0,0,0.0,0.9803921568627451,0.0,1e-06,1.0,Katashi,1e-06,0.9803921568627451,1.0
2011-11-22,0.47247882552230386,5.0,0.19801980198019803,0.0,0.0,0,0.0,0.9803921568627451,0.0,1e-06,1.0,Katashi,1e-06,0.9803921568627451,1.0
2011-11-23,0.46185770750988153,5.0,0.19801980198019803,0.0,0.0,0,0.0,0.9803921568627451,0.0,1e-06,1.0,Katashi,1e-06,0.9803921568627451,1.0
2011-11-25,0.4460869565217391,5.0,0.19801980198019803,0.0,0.0,0,0.0,0.9803921568627451,0.0,1e-06,1.0,Katashi,1e-06,0.9803921568627451,1.0
2011-11-28,0.4851383399209487,5.0,0.19801980198019803,0.0,0.0,0,0.0,0.9803921568627451,0.0,1e-06,1.0,Katashi,1e-06,0.9803921568627451,1.0
2011-11-29,0.505629587803501,5.0,0.19801980198019803,0.0,0.0,0,0.0,0.9803921568627451,0.0,1e-06,1.0,Katashi,1e-06,0.9803921568627451,1.0
2011-11-30,0.49972896668548844,5.0,0.19801980198019803,0.0,0.0,0,0.0,0.9803921568627451,0.0,1e-06,1.0,Katashi,1e-06,0.9803921568627451,1.0
2011-12-01,0.5247261434217955,5.0,0.19801980198019803,0.0,0.0,0,0.0,0.9803921568627451,0.0,1e-06,1.0,Katashi,1e-06,0.9803921568627451,1.0
2011-12-02,0.5414624505928854,5.0,0.19801980198019803,0.0,0.0,0,0.0,0.9803921568627451,0.0,1e-06,1.0,Katashi,1e-06,0.9803921568627451,1.0
2011-12-05,0.5555166572557877,5.0,0.19801980198019803,0.0,0.0,0,0.0,0.9803921568627451,0.0,1e-06,1.0,Katashi,1e-06,0.9803921568627451,1.0
2011-12-06,0.5578769057029926,5.0,0.19801980198019803,0.0,0.0,0,0.0,0.9803921568627451,0.0,1e-06,1.0,Katashi,1e-06,0.9803921568627451,1.0
2011-12-07,0.5532636928289102,5.0,0.19801980198019803,0.0,0.0,0,0.0,0.9803921568627451,0.0,1e-06,1.0,Katashi,1e-06,0.9803921568627451,1.0
2011-12-08,0.5154997176736308,5.0,0.19801980198019803,0.0,0.0,0,0.0,0.9803921568627451,0.0,1e-06,1.0,Katashi,1e-06,0.9803921568627451,1.0
2011-12-09,0.498334274421231,5.0,0.19801980198019803,0.0,0.0,0,0.0,0.9803921568627451,0.0,1e-06,1.0,Katashi,1e-06,0.9803921568627451,1.0
2011-12-12,0.5139977413890457,5.0,0.19801980198019803,0.0,0.0,0,0.0,0.9803921568627451,0.0,1e-06,1.0,Katashi,1e-06,0.9803921568627451,1.0
2011-12-13,0.5522981366459628,5.0,0.19801980198019803,0.0,0.0,0,0.0,0.9803921568627451,0.0,1e-06,1.0,Katashi,1e-06,0.9803921568627451,1.0
2011-12-14,0.5603444381705251,5.0,0.19801980198019803,0.0,0.0,0,0.0,0.9803921568627451,0.0,1e-06,1.0,Katashi,1e-06,0.9803921568627451,1.0
2011-12-15,0.5679616036137777,5.0,0.19801980198019803,0.0,0.0,0,0.0,0.9803921568627451,0.0,1e-06,1.0,Katashi,1e-06,0.9803921568627451,1.0
2011-12-16,0.5290175042348955,5.0,0.19801980198019803,0.0,0.0,0,0.0,0.9803921568627451,0.0,1e-06,1.0,Katashi,1e-06,0.9803921568627451,1.0
2011-12-19,0.46110671936758896,5.0,0.19801980198019803,0.0,0.0,0,0.0,0.9803921568627451,0.0,1e-06,1.0,Katashi,1e-06,0.9803921568627451,1.0
2011-12-20,0.5171089779785433,5.0,0.19801980198019803,0.0,0.0,0,0.0,0.9803921568627451,0.0,1e-06,1.0,Katashi,1e-06,0.9803921568627451,1.0
2011-12-21,0.5196837944664032,5.0,0.19801980198019803,0.0,0.0,0,0.0,0.9803921568627451,0.0,1e-06,1.0,Katashi,1e-06,0.9803921568627451,1.0
2011-12-22,0.5002653867871261,5.0,0.19801980198019803,0.0,0.0,0,0.0,0.9803921568627451,0.0,1e-06,1.0,Katashi,1e-06,0.9803921568627451,1.0
2011-12-23,0.49811970638057596,5.0,0.19801980198019803,0.0,0.0,0,0.0,0.9803921568627451,0.0,1e-06,1.0,Katashi,1e-06,0.9803921568627451,1.0
2011-12-27,0.5071315640880859,5.0,0.19801980198019803,0.0,0.0,0,0.0,0.9803921568627451,0.0,1e-06,1.0,Katashi,1e-06,0.9803921568627451,1.0
2011-12-28,0.49415019762845847,5.0,0.19801980198019803,0.0,0.0,0,0.0,0.9803921568627451,0.0,1e-06,1.0,Katashi,1e-06,0.9803921568627451,1.0
2011-12-29,0.4372896668548843,5.0,0.19801980198019803,0.0,0.0,0,0.0,0.9803921568627451,0.0,1e-06,1.0,Katashi,1e-06,0.9803921568627451,1.0
2011-12-30,0.4229136081309995,5.0,0.19801980198019803,0.0,0.0,0,0.0,0.9803921568627451,0.0,1e-06,1.0,Katashi,1e-06,0.9803921568627451,1.0
